,source,idColName,iden,text,startByte,endByte,pdncID,paraID,chapID,mID,mention_type
0,exp,exp_name,the general,The General,268,279,16,5,1,M_0,PROPN
1,booknlp,COREF,150,his,373,376,16,5,1,M_1,Other
2,exp,exp_name,the general,the General,503,514,16,5,1,M_2,PROPN
3,exp,exp_name,polina alexandrovna,Polina Alexandrovna,897,916,12,5,1,M_3,PROPN
4,booknlp,COREF,47,she,1007,1010,12,5,1,M_4,Other
5,exp,exp_name,the general,the General,1245,1256,16,6,1,M_5,PROPN
6,exp,exp_name,the general,the General,1376,1387,16,6,1,M_6,PROPN
7,booknlp,COREF,150,he,1456,1458,16,6,1,M_7,Other
8,booknlp,COREF,150,him,1535,1538,16,6,1,M_8,Other
9,exp,exp_name,the general,the General,1760,1771,16,6,1,M_9,PROPN
10,booknlp,COREF,150,He,1773,1775,16,6,1,M_10,Other
11,booknlp,COREF,150,he,1858,1860,16,6,1,M_11,Other
12,booknlp,COREF,150,he,1886,1888,16,6,1,M_12,Other
13,booknlp,COREF,150,He,1920,1922,16,6,1,M_13,Other
14,booknlp,COREF,150,he,2014,2016,16,6,1,M_14,Other
15,booknlp,COREF,150,he,2144,2146,16,6,1,M_15,Other
16,booknlp,COREF,150,his,2265,2268,16,6,1,M_16,Other
17,booknlp,COREF,150,he,2289,2291,16,6,1,M_17,Other
18,booknlp,COREF,150,I,2309,2310,16,7,1,M_18,Other
19,pdnc,qID,Q0-0,you,2319,2322,4,7,1,M_19,Other
20,booknlp,COREF,150,my,2392,2394,16,7,1,M_20,Other
21,booknlp,COREF,150,I,2420,2421,16,7,1,M_21,Other
22,pdnc,qID,Q0-0,you,2440,2443,4,7,1,M_22,Other
23,booknlp,COREF,150,I,2468,2469,16,7,1,M_23,Other
24,pdnc,qID,Q0-0,your,2477,2481,4,7,1,M_24,Other
25,booknlp,COREF,150,I,2515,2516,16,7,1,M_25,Other
26,pdnc,qID,Q0-0,you,2546,2549,4,7,1,M_26,Other
27,booknlp,COREF,150,me,2582,2584,16,7,1,M_27,Other
28,pdnc,qID,Q2-0,you,2645,2648,4,9,1,M_28,Other
29,exp,exp_name,the general,the General,2692,2703,16,9,1,M_29,PROPN
30,booknlp,COREF,150,he,2727,2729,16,9,1,M_30,Other
31,booknlp,COREF,150,his,2741,2744,16,9,1,M_31,Other
32,booknlp,COREF,150,himself,2770,2777,16,9,1,M_32,Other
33,booknlp,COREF,150,he,2808,2810,16,9,1,M_33,Other
34,booknlp,COREF,150,he,2820,2822,16,9,1,M_34,Other
35,booknlp,COREF,150,his,2850,2853,16,9,1,M_35,Other
36,booknlp,COREF,150,he,2884,2886,16,10,1,M_36,Other
37,booknlp,COREF,150,my,3007,3009,16,10,1,M_37,Other
38,pdnc,qID,Q4-0,You,3050,3053,4,12,1,M_38,Other
39,booknlp,COREF,150,I,3083,3084,16,12,1,M_39,Other
40,booknlp,COREF,150,he,3091,3093,16,12,1,M_40,Other
41,pdnc,qID,Q4-1,You,3106,3109,4,12,1,M_41,Other
42,booknlp,COREF,150,I,3150,3151,16,12,1,M_42,Other
43,booknlp,COREF,150,I,3162,3163,16,12,1,M_43,Other
44,booknlp,COREF,150,my,3220,3222,16,12,1,M_44,Other
45,exp,exp_name,mlle. blanche,Mlle. Blanche,3396,3409,7,13,1,M_45,PROPN
46,exp,exp_name,polina alexandrovna,Polina Alexandrovna,3433,3452,12,13,1,M_46,PROPN
47,exp,exp_name,the frenchman,the Frenchman,3473,3486,8,13,1,M_47,PROPN
48,exp,exp_name,the general,the General,3508,3519,16,13,1,M_48,PROPN
49,exp,exp_name,the general,the General,3617,3628,16,13,1,M_49,PROPN
50,exp,exp_name,mlle. blanche,Mlle. Blanche,3892,3905,7,13,1,M_50,PROPN
51,booknlp,COREF,50,her,3917,3920,7,13,1,M_51,Other
52,exp,exp_name,the frenchman,the Frenchman,3932,3945,8,13,1,M_52,PROPN
53,exp,exp_name,monsieur le comte,Monsieur le Comte,4027,4044,8,13,1,M_53,PROPN
54,exp,exp_name,mlle. blanche,Mlle. Blanche,4051,4064,7,13,1,M_54,PROPN
55,exp,exp_name,madame,Madame,4086,4092,5,13,1,M_55,PROPN
56,exp,exp_name,monsieur le comte,Monsieur le Comte,4176,4193,8,14,1,M_56,PROPN
57,exp,exp_name,the general,the General,4258,4269,16,14,1,M_57,PROPN
58,booknlp,COREF,150,he,4523,4525,16,14,1,M_58,Other
59,exp,exp_name,the general,the General,4582,4593,16,14,1,M_59,PROPN
60,exp,exp_name,the general,the General,4744,4755,16,14,1,M_60,PROPN
61,exp,exp_name,mr. astley,Mr. Astley,4915,4925,10,14,1,M_61,PROPN
62,exp,exp_name,the general,the General,5773,5784,16,15,1,M_62,PROPN
63,exp,exp_name,polina,Polina,5856,5862,12,15,1,M_63,PROPN
64,exp,exp_name,the frenchman,the Frenchman,5994,6007,8,16,1,M_64,PROPN
65,booknlp,COREF,180,he,6030,6032,8,16,1,M_65,Other
66,booknlp,COREF,180,he,6103,6105,8,16,1,M_66,Other
67,booknlp,COREF,180,he,6151,6153,8,16,1,M_67,Other
68,exp,exp_name,the general,the General,6220,6231,16,16,1,M_68,PROPN
69,booknlp,COREF,180,him,6258,6261,8,16,1,M_69,Other
70,booknlp,COREF,180,he,6263,6265,8,16,1,M_70,Other
71,booknlp,COREF,180,his,6331,6334,8,16,1,M_71,Other
72,pdnc,qID,Q5-0,General,6530,6537,16,17,1,M_72,Other
73,pdnc,qID,Q5-0,him,6562,6565,16,17,1,M_73,Other
74,pdnc,qID,Q5-0,his,6570,6573,16,17,1,M_74,Other
75,exp,exp_name,polina alexandrovna,Polina Alexandrovna,6629,6648,12,17,1,M_75,PROPN
76,booknlp,COREF,47,she,6654,6657,12,17,1,M_76,Other
77,exp,exp_name,the general,the general,6843,6854,16,18,1,M_77,PROPN
78,exp,exp_name,the frenchman,the Frenchman,6918,6931,8,18,1,M_78,PROPN
79,exp,exp_name,the general,the General,6972,6983,16,18,1,M_79,PROPN
80,booknlp,COREF,150,him,7073,7076,16,18,1,M_80,Other
81,exp,exp_name,the general,The General,7173,7184,16,18,1,M_81,PROPN
82,exp,exp_name,a man,a man,7236,7241,2,19,1,M_82,PROPN
83,exp,exp_name,the general,The General,7595,7606,16,20,1,M_83,PROPN
84,booknlp,COREF,150,he,7631,7633,16,20,1,M_84,Other
85,exp,exp_name,the frenchman,the Frenchman,7792,7805,8,21,1,M_85,PROPN
86,exp,exp_name,monsignor,Monsignor,8102,8111,25,22,1,M_86,PROPN
87,exp,exp_name,the general,the General,8143,8154,16,23,1,M_87,PROPN
88,booknlp,COREF,150,his,8190,8193,16,23,1,M_88,Other
89,exp,exp_name,the frenchman,the Frenchman,8236,8249,8,23,1,M_89,PROPN
90,pdnc,qID,Q10-1,You,8302,8305,16,24,1,M_90,Other
91,booknlp,COREF,150,I,8359,8360,16,24,1,M_91,Other
92,booknlp,COREF,150,I,8397,8398,16,24,1,M_92,Other
93,booknlp,COREF,150,I,8442,8443,16,24,1,M_93,Other
94,booknlp,COREF,150,my,8502,8504,16,24,1,M_94,Other
95,booknlp,COREF,150,I,8528,8529,16,24,1,M_95,Other
96,exp,exp_name,a man,a man,8574,8579,2,24,1,M_96,PROPN
97,booknlp,COREF,150,my,8655,8657,16,24,1,M_97,Other
98,booknlp,COREF,150,myself,8669,8675,16,24,1,M_98,Other
99,booknlp,COREF,150,me,8698,8700,16,24,1,M_99,Other
100,booknlp,COREF,150,I,8719,8720,16,24,1,M_100,Other
101,booknlp,COREF,150,I,8767,8768,16,24,1,M_101,Other
102,booknlp,COREF,150,I,8927,8928,16,24,1,M_102,Other
103,booknlp,COREF,150,I,8946,8947,16,24,1,M_103,Other
104,exp,exp_name,monsignor,Monsignor,8999,9008,25,24,1,M_104,PROPN
105,booknlp,COREF,150,I,9022,9023,16,24,1,M_105,Other
106,booknlp,COREF,150,I,9125,9126,16,24,1,M_106,Other
107,booknlp,COREF,150,my,9162,9164,16,24,1,M_107,Other
108,booknlp,COREF,150,me,9265,9267,16,24,1,M_108,Other
109,booknlp,COREF,150,myself,9316,9322,16,24,1,M_109,Other
110,booknlp,COREF,150,me,9462,9464,16,24,1,M_110,Other
111,booknlp,COREF,150,I,9477,9478,16,24,1,M_111,Other
112,exp,exp_name,monsignor,Monsignor,9536,9545,25,24,1,M_112,PROPN
113,booknlp,COREF,57,his,9569,9572,25,24,1,M_113,Other
114,booknlp,COREF,150,my,9612,9614,16,24,1,M_114,Other
115,exp,exp_name,monsignor,Monsignor,9804,9813,25,24,1,M_115,PROPN
116,booknlp,COREF,150,me,9911,9913,16,24,1,M_116,Other
117,booknlp,COREF,150,me,9925,9927,16,24,1,M_117,Other
118,exp,exp_name,monsignor,Monsignor,9977,9986,25,24,1,M_118,PROPN
119,booknlp,COREF,57,his,10009,10012,25,24,1,M_119,Other
120,exp,exp_name,monsignor,Monsignor,10208,10217,25,24,1,M_120,PROPN
121,booknlp,COREF,57,he,10243,10245,25,25,1,M_121,Other
122,exp,exp_name,the general,the General,10966,10977,16,27,1,M_122,PROPN
123,pdnc,qID,Q12-0,you,11005,11008,4,28,1,M_123,Other
124,pdnc,qID,Q12-0,you,11027,11030,4,28,1,M_124,Other
125,exp,exp_name,the frenchman,the Frenchman,11088,11101,8,28,1,M_125,PROPN
126,booknlp,COREF,150,my,11340,11342,16,29,1,M_126,Other
127,booknlp,COREF,150,I,11358,11359,16,29,1,M_127,Other
128,booknlp,COREF,150,I,11411,11412,16,29,1,M_128,Other
129,booknlp,COREF,150,I,11642,11643,16,29,1,M_129,Other
130,booknlp,COREF,150,I,11673,11674,16,29,1,M_130,Other
131,exp,exp_name,a man,a man,11691,11696,2,29,1,M_131,PROPN
132,exp,exp_name,the frenchman,the Frenchman,11873,11886,8,30,1,M_132,PROPN
133,booknlp,COREF,180,his,12084,12087,8,31,1,M_133,Other
134,exp,exp_name,the frenchman,The Frenchman,12097,12110,8,32,1,M_134,PROPN
135,exp,exp_name,the general,the General,12146,12157,16,32,1,M_135,PROPN
136,booknlp,COREF,180,him,12168,12171,8,32,1,M_136,Other
137,exp,exp_name,general,General,12253,12260,16,32,1,M_137,PROPN
138,exp,exp_name,the general,The General,12399,12410,16,32,1,M_138,PROPN
139,exp,exp_name,the frenchman,the Frenchman,12471,12484,8,32,1,M_139,PROPN
140,exp,exp_name,mr. astley,Mr. Astley,12505,12515,10,32,1,M_140,PROPN
141,exp,exp_name,polina alexandrovna,Polina Alexandrovna,12730,12749,12,32,1,M_141,PROPN
142,exp,exp_name,polina,Polina,12846,12852,12,32,1,M_142,PROPN
143,booknlp,COREF,47,herself,12860,12867,12,32,1,M_143,Other
144,exp,exp_name,polina,Polina,13064,13070,12,32,1,M_144,PROPN
145,exp,exp_name,polina,Polina,13170,13176,12,33,1,M_145,PROPN
146,booknlp,COREF,47,her,13206,13209,12,33,1,M_146,Other
147,booknlp,COREF,47,she,13231,13234,12,33,1,M_147,Other
148,booknlp,COREF,47,her,13305,13308,12,33,1,M_148,Other
149,booknlp,COREF,47,I,13372,13373,12,34,1,M_149,Other
150,booknlp,COREF,47,she,13394,13397,12,34,1,M_150,Other
151,booknlp,COREF,47,I,13424,13425,12,34,1,M_151,Other
152,booknlp,COREF,47,I,13441,13442,12,34,1,M_152,Other
153,booknlp,COREF,47,her,13470,13473,12,35,1,M_153,Other
154,pdnc,qID,Q17-0,us,13566,13568,12,36,1,M_154,Other
155,booknlp,COREF,47,my,13610,13612,12,36,1,M_155,Other
156,exp,exp_name,grandmother,grandmother,13613,13624,5,36,1,M_156,PROPN
157,pdnc,qID,Q17-0,We,13683,13685,12,36,1,M_157,Other
158,pdnc,qID,Q17-0,we,13770,13772,12,36,1,M_158,Other
159,pdnc,qID,Q18-0,you,13825,13828,12,37,1,M_159,Other
160,pdnc,qID,Q19-0,us,13894,13896,12,38,1,M_160,Other
161,pdnc,qID,Q19-0,we,13953,13955,12,38,1,M_161,Other
162,booknlp,COREF,47,I,14027,14028,12,40,1,M_162,Other
163,booknlp,COREF,47,you,14056,14059,12,40,1,M_163,Other
164,booknlp,COREF,47,I,14065,14066,12,40,1,M_164,Other
165,pdnc,qID,Q21-0,the General,14077,14088,16,40,1,M_165,Other
166,booknlp,COREF,47,I,14110,14111,12,40,1,M_166,Other
167,booknlp,COREF,47,me,14156,14158,12,40,1,M_167,Other
168,pdnc,qID,Q22-0,you,14195,14198,12,41,1,M_168,Other
169,pdnc,qID,Q23-0,you,14303,14306,4,42,1,M_169,Other
170,pdnc,qID,Q24-0,That Marquis,14366,14378,8,43,1,M_170,Other
171,pdnc,qID,Q24-0,yours,14382,14387,12,43,1,M_171,Other
172,pdnc,qID,Q24-1,he,14404,14406,8,43,1,M_172,Other
173,pdnc,qID,Q24-1,your ,14427,14432,12,43,1,M_173,Other
174,pdnc,qID,Q25-0,you,14463,14466,4,44,1,M_174,Other
175,pdnc,qID,Q26-0,the General,14585,14596,16,45,1,M_175,Other
176,pdnc,qID,Q26-0,the Marquis,14633,14644,8,45,1,M_176,Other
177,pdnc,qID,Q28-0,the Marquis,14684,14695,8,47,1,M_177,Other
178,pdnc,qID,Q28-0,he,14725,14727,8,47,1,M_178,Other
179,pdnc,qID,Q28-0,your,14767,14771,12,47,1,M_179,Other
180,exp,exp_name,grandmother,grandmother,14772,14783,5,47,1,M_180,PROPN
181,pdnc,qID,Q28-0,you,14789,14792,12,47,1,M_181,Other
182,exp,exp_name,grandmother,Grandmother,14961,14972,5,48,1,M_182,PROPN
183,pdnc,qID,Q30-0,he,15011,15013,8,49,1,M_183,Other
184,pdnc,qID,Q30-0,he,15069,15071,8,49,1,M_184,Other
185,pdnc,qID,Q30-0,his,15088,15091,8,49,1,M_185,Other
186,pdnc,qID,Q30-0,you,15113,15116,4,49,1,M_186,Other
187,pdnc,qID,Q31-0,he,15145,15147,8,50,1,M_187,Other
188,pdnc,qID,Q31-0,his,15168,15171,8,50,1,M_188,Other
189,pdnc,qID,Q31-0,he,15197,15199,8,50,1,M_189,Other
190,pdnc,qID,Q32-0,You,15235,15238,4,51,1,M_190,Other
191,pdnc,qID,Q32-0,he,15246,15248,8,51,1,M_191,Other
192,exp,exp_name,polina,Polina,15268,15274,12,51,1,M_192,PROPN
193,pdnc,qID,Q32-1,you,15308,15311,4,51,1,M_193,Other
194,pdnc,qID,Q32-1,this Englishman,15320,15335,10,51,1,M_194,Other
195,booknlp,COREF,47,She,15338,15341,12,51,1,M_195,Other
196,booknlp,COREF,47,I,15369,15370,12,52,1,M_196,Other
197,pdnc,qID,Q33-0,you,15378,15381,12,52,1,M_197,Other
198,pdnc,qID,Q33-0,him,15398,15401,10,52,1,M_198,Other
199,booknlp,COREF,47,her,15421,15424,12,52,1,M_199,Other
200,exp,exp_name,astley,Astley,15456,15462,10,52,1,M_200,PROPN
201,pdnc,qID,Q34-0,He,15483,15485,10,53,1,M_201,Other
202,pdnc,qID,Q34-1,he,15532,15534,10,53,1,M_202,Other
203,pdnc,qID,Q34-1,you,15551,15554,12,53,1,M_203,Other
204,pdnc,qID,Q35-0,he,15564,15566,10,54,1,M_204,Other
205,booknlp,COREF,47,me,15585,15587,12,54,1,M_205,Other
206,booknlp,COREF,47,she,15590,15593,12,54,1,M_206,Other
207,pdnc,qID,Q36-0,he,15609,15611,10,55,1,M_207,Other
208,pdnc,qID,Q36-0,the Frenchman,15637,15650,8,55,1,M_208,Other
209,pdnc,qID,Q36-0,the Frenchman,15671,15684,8,55,1,M_209,Other
210,booknlp,COREF,47,me,15697,15699,12,55,1,M_210,Other
211,pdnc,qID,Q36-0,he,15732,15734,8,55,1,M_211,Other
212,pdnc,qID,Q37-0,He,15801,15803,8,56,1,M_212,Other
213,pdnc,qID,Q37-0,the General,15851,15862,16,56,1,M_213,Other
214,pdnc,qID,Q37-0,you,15899,15902,4,56,1,M_214,Other
215,pdnc,qID,Q38-0,your,15934,15938,12,57,1,M_215,Other
216,booknlp,COREF,47,I,15945,15946,12,57,1,M_216,Other
217,pdnc,qID,Q38-0,the Englishman,15960,15974,10,57,1,M_217,Other
218,exp,exp_name,polina,Polina,15995,16001,12,58,1,M_218,PROPN
219,pdnc,qID,Q40-0,the Frenchman,16021,16034,8,59,1,M_219,Other
220,pdnc,qID,Q40-0,he,16064,16066,8,59,1,M_220,Other
221,pdnc,qID,Q40-0,the Englishman,16094,16108,10,59,1,M_221,Other
222,exp,exp_name,a man,a man,16121,16126,2,59,1,M_222,PROPN
223,pdnc,qID,Q41-0,the Frenchman,16196,16209,8,60,1,M_223,Other
224,exp,exp_name,polina,Polina,16263,16269,12,60,1,M_224,PROPN
225,exp,exp_name,polina,Polina,16333,16339,12,63,1,M_225,PROPN
226,booknlp,COREF,47,she,16397,16400,12,63,1,M_226,Other
227,booknlp,COREF,47,her,16411,16414,12,63,1,M_227,Other
228,booknlp,COREF,47,her,16458,16461,12,63,1,M_228,Other
229,booknlp,COREF,47,me,16513,16515,12,64,1,M_229,Other
230,pdnc,qID,Q44-0,you,16523,16526,4,64,1,M_230,Other
231,booknlp,COREF,47,she,16540,16543,12,64,1,M_231,Other
232,booknlp,COREF,47,I,16577,16578,12,64,1,M_232,Other
233,pdnc,qID,Q44-1,you,16585,16588,4,64,1,M_233,Other
234,pdnc,qID,Q44-1,you,16636,16639,4,64,1,M_234,Other
235,booknlp,COREF,47,me,16653,16655,12,64,1,M_235,Other
236,pdnc,qID,Q45-0,you,16753,16756,12,65,1,M_236,Other
237,exp,exp_name,polina,Polina,16871,16877,12,66,1,M_237,PROPN
238,pdnc,qID,Q46-0,you,16899,16902,4,67,1,M_238,Other
239,pdnc,qID,Q46-0,you,16959,16962,4,67,1,M_239,Other
240,pdnc,qID,Q46-0,you,17045,17048,4,67,1,M_240,Other
241,pdnc,qID,Q46-0,you,17084,17087,4,67,1,M_241,Other
242,pdnc,qID,Q46-0,your,17107,17111,4,67,1,M_242,Other
243,pdnc,qID,Q46-0,you,17123,17126,4,67,1,M_243,Other
244,pdnc,qID,Q46-0,you,17173,17176,4,67,1,M_244,Other
245,pdnc,qID,Q46-0,you,17200,17203,4,67,1,M_245,Other
246,pdnc,qID,Q46-0,you,17243,17246,4,67,1,M_246,Other
247,pdnc,qID,Q46-0,you,17270,17273,4,67,1,M_247,Other
248,pdnc,qID,Q46-0,you,17324,17327,4,67,1,M_248,Other
249,pdnc,qID,Q46-0,you,17344,17347,4,67,1,M_249,Other
250,pdnc,qID,Q47-0,you,17541,17544,12,69,1,M_250,Other
251,exp,exp_name,mlle. blanche,Mlle. Blanche,17557,17570,7,69,1,M_251,PROPN
252,exp,exp_name,polina,Polina,17606,17612,12,69,1,M_252,PROPN
253,pdnc,qID,Q48-0,You,17650,17653,4,70,1,M_253,Other
254,booknlp,COREF,50,she,17665,17668,7,70,1,M_254,Other
255,exp,exp_name,mlle. blanche,Mlle. Blanche,17677,17690,7,70,1,M_255,PROPN
256,booknlp,COREF,50,she,17733,17736,7,70,1,M_256,Other
257,exp,exp_name,madame,Madame,17750,17756,5,70,1,M_257,PROPN
258,exp,exp_name,general,General,17757,17764,16,70,1,M_258,PROPN
259,exp,exp_name,grandmamma,Grandmamma,17801,17811,24,70,1,M_259,PROPN
260,booknlp,COREF,66,her,17823,17826,24,70,1,M_260,Other
261,exp,exp_name,mlle. blanche,Mlle. Blanche,17850,17863,7,70,1,M_261,PROPN
262,booknlp,COREF,50,her,17870,17873,7,70,1,M_262,Other
263,booknlp,COREF,50,her,17885,17888,7,70,1,M_263,Other
264,pdnc,qID,Q48-0,we,17952,17954,12,70,1,M_264,Other
265,pdnc,qID,Q49-0,the General,17977,17988,16,71,1,M_265,Other
266,pdnc,qID,Q50-0,you,18137,18140,4,72,1,M_266,Other
267,exp,exp_name,a man,a man,18763,18768,2,73,1,M_267,PROPN
268,pdnc,qID,Q51-0,her,19048,19051,12,73,1,M_268,Other
269,exp,exp_name,a man,a man,20276,20281,2,73,1,M_269,PROPN
270,exp,exp_name,polina,Polina,20294,20300,12,73,1,M_270,PROPN
271,exp,exp_name,a man,a man,20344,20349,2,73,1,M_271,PROPN
272,exp,exp_name,a man,a man,26028,26033,2,81,2,M_272,PROPN
273,exp,exp_name,general,General,27420,27427,16,81,2,M_273,PROPN
274,exp,exp_name,the general,the General,27526,27537,16,81,2,M_274,PROPN
275,booknlp,COREF,150,he,27570,27572,16,81,2,M_275,Other
276,booknlp,COREF,150,his,27582,27585,16,81,2,M_276,Other
277,booknlp,COREF,150,he,27645,27647,16,81,2,M_277,Other
278,booknlp,COREF,150,he,27682,27684,16,81,2,M_278,Other
279,booknlp,COREF,150,his,27701,27704,16,81,2,M_279,Other
280,booknlp,COREF,150,he,27714,27716,16,81,2,M_280,Other
281,booknlp,COREF,150,he,27784,27786,16,81,2,M_281,Other
282,booknlp,COREF,150,he,27810,27812,16,81,2,M_282,Other
283,booknlp,COREF,150,he,27872,27874,16,81,2,M_283,Other
284,booknlp,COREF,150,he,27921,27923,16,81,2,M_284,Other
285,booknlp,COREF,150,his,27962,27965,16,81,2,M_285,Other
286,booknlp,COREF,150,his,27994,27997,16,81,2,M_286,Other
287,booknlp,COREF,150,his,28025,28028,16,81,2,M_287,Other
288,booknlp,COREF,150,he,28103,28105,16,81,2,M_288,Other
289,booknlp,COREF,150,himself,28134,28141,16,81,2,M_289,Other
290,booknlp,COREF,150,his,28155,28158,16,81,2,M_290,Other
291,exp,exp_name,polina,Polina,30876,30882,12,85,2,M_291,PROPN
292,exp,exp_name,polina,Polina,31143,31149,12,85,2,M_292,PROPN
293,exp,exp_name,the croupier,the croupier,31838,31850,15,85,2,M_293,PROPN
294,exp,exp_name,polina alexandrovna,Polina Alexandrovna,32332,32351,12,85,2,M_294,PROPN
295,booknlp,COREF,47,her,32437,32440,12,86,2,M_295,Other
296,exp,exp_name,the frenchman,the Frenchman,32470,32483,8,86,2,M_296,PROPN
297,exp,exp_name,the general,the General,32514,32525,16,86,2,M_297,PROPN
298,booknlp,COREF,150,he,32585,32587,16,86,2,M_298,Other
299,booknlp,COREF,150,he,32627,32629,16,86,2,M_299,Other
300,booknlp,COREF,150,his,32688,32691,16,86,2,M_300,Other
301,booknlp,COREF,150,him,32739,32742,16,86,2,M_301,Other
302,pdnc,qID,Q52-0,you,32791,32794,4,86,2,M_302,Other
303,booknlp,COREF,150,I,32814,32815,16,86,2,M_303,Other
304,booknlp,COREF,150,he,32840,32842,16,86,2,M_304,Other
305,booknlp,COREF,150,I,32886,32887,16,86,2,M_305,Other
306,pdnc,qID,Q52-1,your,32913,32917,4,86,2,M_306,Other
307,pdnc,qID,Q52-1,you,32931,32934,4,86,2,M_307,Other
308,booknlp,COREF,150,he,32974,32976,16,86,2,M_308,Other
309,booknlp,COREF,150,his,32992,32995,16,86,2,M_309,Other
310,exp,exp_name,polina,Polina,33242,33248,12,86,2,M_310,PROPN
311,booknlp,COREF,47,her,33249,33252,12,86,2,M_311,Other
312,booknlp,COREF,47,her,33272,33275,12,86,2,M_312,Other
313,booknlp,COREF,47,her,33315,33318,12,86,2,M_313,Other
314,booknlp,COREF,47,she,33332,33335,12,87,2,M_314,Other
315,pdnc,qID,Q55-0,you,33479,33482,4,89,2,M_315,Other
316,pdnc,qID,Q55-0,your,33499,33503,4,89,2,M_316,Other
317,booknlp,COREF,47,she,33559,33562,12,89,2,M_317,Other
318,pdnc,qID,Q57-0,you,33692,33695,12,90,2,M_318,Other
319,booknlp,COREF,47,she,33751,33754,12,91,2,M_319,Other
320,booknlp,COREF,47,her,33795,33798,12,91,2,M_320,Other
321,booknlp,COREF,47,I,34144,34145,12,92,2,M_321,Other
322,booknlp,COREF,47,she,34194,34197,12,92,2,M_322,Other
323,booknlp,COREF,47,my,34250,34252,12,92,2,M_323,Other
324,booknlp,COREF,47,I,34319,34320,12,92,2,M_324,Other
325,booknlp,COREF,47,she,34334,34337,12,93,2,M_325,Other
326,booknlp,COREF,47,she,34424,34427,12,95,3,M_326,Other
327,booknlp,COREF,47,she,34475,34478,12,95,3,M_327,Other
328,booknlp,COREF,47,her,34510,34513,12,95,3,M_328,Other
329,booknlp,COREF,47,hers,34577,34581,12,95,3,M_329,Other
330,booknlp,COREF,47,she,34677,34680,12,95,3,M_330,Other
331,booknlp,COREF,47,her,34708,34711,12,95,3,M_331,Other
332,booknlp,COREF,47,she,34760,34763,12,95,3,M_332,Other
333,booknlp,COREF,47,her,34832,34835,12,95,3,M_333,Other
334,booknlp,COREF,47,she,34846,34849,12,95,3,M_334,Other
335,booknlp,COREF,47,she,34884,34887,12,95,3,M_335,Other
336,booknlp,COREF,47,her,35027,35030,12,95,3,M_336,Other
337,exp,exp_name,general,general,35031,35038,16,95,3,M_337,PROPN
338,booknlp,COREF,47,she,35082,35085,12,95,3,M_338,Other
339,booknlp,COREF,47,her,35121,35124,12,95,3,M_339,Other
340,booknlp,COREF,47,she,35126,35129,12,95,3,M_340,Other
341,booknlp,COREF,47,her,35153,35156,12,95,3,M_341,Other
342,booknlp,COREF,47,she,35179,35182,12,95,3,M_342,Other
343,booknlp,COREF,47,her,35210,35213,12,95,3,M_343,Other
344,booknlp,COREF,47,her,35298,35301,12,95,3,M_344,Other
345,booknlp,COREF,47,her,35324,35327,12,96,3,M_345,Other
346,booknlp,COREF,47,I,35360,35361,12,96,3,M_346,Other
347,booknlp,COREF,47,I,35406,35407,12,96,3,M_347,Other
348,booknlp,COREF,47,me,35433,35435,12,96,3,M_348,Other
349,booknlp,COREF,47,me,35462,35464,12,96,3,M_349,Other
350,booknlp,COREF,47,she,35484,35487,12,96,3,M_350,Other
351,booknlp,COREF,47,her,35515,35518,12,96,3,M_351,Other
352,booknlp,COREF,47,her,35569,35572,12,96,3,M_352,Other
353,booknlp,COREF,47,she,35622,35625,12,96,3,M_353,Other
354,booknlp,COREF,47,her,35682,35685,12,96,3,M_354,Other
355,booknlp,COREF,47,her,35730,35733,12,96,3,M_355,Other
356,booknlp,COREF,47,she,35743,35746,12,96,3,M_356,Other
357,booknlp,COREF,47,her,35771,35774,12,96,3,M_357,Other
358,booknlp,COREF,47,she,35793,35796,12,96,3,M_358,Other
359,booknlp,COREF,47,she,36040,36043,12,96,3,M_359,Other
360,booknlp,COREF,47,her,36092,36095,12,96,3,M_360,Other
361,booknlp,COREF,47,she,36116,36119,12,96,3,M_361,Other
362,booknlp,COREF,47,she,36211,36214,12,96,3,M_362,Other
363,booknlp,COREF,47,she,36306,36309,12,96,3,M_363,Other
364,booknlp,COREF,47,her,36398,36401,12,96,3,M_364,Other
365,booknlp,COREF,47,her,36512,36515,12,96,3,M_365,Other
366,booknlp,COREF,47,she,36541,36544,12,96,3,M_366,Other
367,booknlp,COREF,47,herself,36549,36556,12,96,3,M_367,Other
368,booknlp,COREF,47,her,36590,36593,12,97,3,M_368,Other
369,booknlp,COREF,47,She,36625,36628,12,97,3,M_369,Other
370,booknlp,COREF,47,she,36653,36656,12,97,3,M_370,Other
371,booknlp,COREF,47,her,36682,36685,12,97,3,M_371,Other
372,booknlp,COREF,47,her,36722,36725,12,97,3,M_372,Other
373,booknlp,COREF,47,her,36767,36770,12,97,3,M_373,Other
374,booknlp,COREF,47,her,36820,36823,12,97,3,M_374,Other
375,booknlp,COREF,47,her,36894,36897,12,97,3,M_375,Other
376,booknlp,COREF,47,she,36904,36907,12,97,3,M_376,Other
377,booknlp,COREF,47,she,37062,37065,12,97,3,M_377,Other
378,booknlp,COREF,47,her,37142,37145,12,97,3,M_378,Other
379,booknlp,COREF,47,her,37208,37211,12,97,3,M_379,Other
380,booknlp,COREF,47,she,37248,37251,12,97,3,M_380,Other
381,booknlp,COREF,47,she,37345,37348,12,97,3,M_381,Other
382,booknlp,COREF,47,her,37365,37368,12,97,3,M_382,Other
383,booknlp,COREF,47,she,37370,37373,12,97,3,M_383,Other
384,exp,exp_name,the general,The General,37630,37641,16,98,3,M_384,PROPN
385,booknlp,COREF,150,his,37700,37703,16,98,3,M_385,Other
386,exp,exp_name,the frenchman,The Frenchman,37712,37725,8,98,3,M_386,PROPN
387,exp,exp_name,the frenchman,the Frenchman,37813,37826,8,98,3,M_387,PROPN
388,exp,exp_name,a man,a man,37942,37947,2,98,3,M_388,PROPN
389,booknlp,COREF,259,he,37972,37974,2,98,3,M_389,Other
390,booknlp,COREF,259,his,37986,37989,2,98,3,M_390,Other
391,exp,exp_name,polina,Polina,38013,38019,12,98,3,M_391,PROPN
392,booknlp,COREF,150,he,38020,38022,16,98,3,M_392,Other
393,booknlp,COREF,150,he,38078,38080,16,98,3,M_393,Other
394,exp,exp_name,the general,the General,38234,38245,16,98,3,M_394,PROPN
395,booknlp,COREF,150,him,38249,38252,16,98,3,M_395,Other
396,exp,exp_name,the frenchman,the Frenchman,38529,38542,8,98,3,M_396,PROPN
397,exp,exp_name,the general,the General,38554,38565,16,98,3,M_397,PROPN
398,booknlp,COREF,150,him,38589,38592,16,98,3,M_398,Other
399,booknlp,COREF,150,his,38625,38628,16,98,3,M_399,Other
400,exp,exp_name,the general,the General,38693,38704,16,98,3,M_400,PROPN
401,exp,exp_name,mlle. blanche,Mlle. Blanche,38777,38790,7,98,3,M_401,PROPN
402,exp,exp_name,mlle. blanche,Mlle. Blanche,38846,38859,7,99,3,M_402,PROPN
403,booknlp,COREF,50,her,38876,38879,7,99,3,M_403,Other
404,booknlp,COREF,50,she,38885,38888,7,99,3,M_404,Other
405,booknlp,COREF,50,her,38938,38941,7,99,3,M_405,Other
406,booknlp,COREF,50,she,39002,39005,7,99,3,M_406,Other
407,booknlp,COREF,50,she,39178,39181,7,99,3,M_407,Other
408,exp,exp_name,the frenchman,the Frenchman,39186,39199,8,99,3,M_408,PROPN
409,exp,exp_name,astley,Astley,39621,39627,10,99,3,M_409,PROPN
410,exp,exp_name,mlle. blanche,Mlle. Blanche,39649,39662,7,99,3,M_410,PROPN
411,booknlp,COREF,50,her,39667,39670,7,99,3,M_411,Other
412,booknlp,COREF,54,he,39710,39712,10,99,3,M_412,Other
413,exp,exp_name,the frenchman,the Frenchman,39794,39807,8,99,3,M_413,PROPN
414,exp,exp_name,mr. astley,Mr. Astley,39826,39836,10,99,3,M_414,PROPN
415,exp,exp_name,astley,Astley,39845,39851,10,99,3,M_415,PROPN
416,exp,exp_name,a man,a man,39856,39861,2,99,3,M_416,PROPN
417,booknlp,COREF,54,his,39896,39899,10,99,3,M_417,Other
418,booknlp,COREF,54,him,39952,39955,10,99,3,M_418,Other
419,exp,exp_name,the frenchman,the Frenchman,39971,39984,8,99,3,M_419,PROPN
420,booknlp,COREF,54,him,39994,39997,10,99,3,M_420,Other
421,booknlp,COREF,54,him,40059,40062,10,99,3,M_421,Other
422,booknlp,COREF,180,he,40074,40076,8,99,3,M_422,Other
423,booknlp,COREF,54,him,40106,40109,10,99,3,M_423,Other
424,exp,exp_name,mlle. blanche,Mlle. Blanche,40154,40167,7,99,3,M_424,PROPN
425,exp,exp_name,mlle. blanche,Mlle. Blanche,40378,40391,7,99,3,M_425,PROPN
426,exp,exp_name,the general,the General,40423,40434,16,99,3,M_426,PROPN
427,booknlp,COREF,150,his,40532,40535,16,99,3,M_427,Other
428,booknlp,COREF,150,him,40558,40561,16,99,3,M_428,Other
429,exp,exp_name,polina,Polina,40600,40606,12,100,3,M_429,PROPN
430,booknlp,COREF,47,she,40743,40746,12,100,3,M_430,Other
431,booknlp,COREF,47,herself,40747,40754,12,100,3,M_431,Other
432,exp,exp_name,mlle. blanche,Mlle. Blanche,40821,40834,7,100,3,M_432,PROPN
433,exp,exp_name,general,General,40845,40852,16,100,3,M_433,PROPN
434,exp,exp_name,mlle. blanche,Mlle. Blanche,41082,41095,7,100,3,M_434,PROPN
435,booknlp,COREF,50,she,41171,41174,7,100,3,M_435,Other
436,booknlp,COREF,50,she,41320,41323,7,100,3,M_436,Other
437,booknlp,COREF,50,her,41394,41397,7,100,3,M_437,Other
438,booknlp,COREF,50,her,41446,41449,7,100,3,M_438,Other
439,booknlp,COREF,50,her,41488,41491,7,100,3,M_439,Other
440,booknlp,COREF,50,her,41746,41749,7,100,3,M_440,Other
441,booknlp,COREF,50,her,41829,41832,7,100,3,M_441,Other
442,booknlp,COREF,50,her,41870,41873,7,100,3,M_442,Other
443,booknlp,COREF,50,she,41914,41917,7,100,3,M_443,Other
444,booknlp,COREF,50,she,41927,41930,7,100,3,M_444,Other
445,booknlp,COREF,50,her,41941,41944,7,100,3,M_445,Other
446,booknlp,COREF,50,her,41974,41977,7,100,3,M_446,Other
447,exp,exp_name,polina,Polina,42037,42043,12,100,3,M_447,PROPN
448,booknlp,COREF,50,she,42070,42073,7,100,3,M_448,Other
449,booknlp,COREF,50,her,42201,42204,7,100,3,M_449,Other
450,booknlp,COREF,50,her,42288,42291,7,100,3,M_450,Other
451,booknlp,COREF,50,her,42312,42315,7,100,3,M_451,Other
452,booknlp,COREF,50,her,42324,42327,7,100,3,M_452,Other
453,exp,exp_name,the general,the General,42948,42959,16,100,3,M_453,PROPN
454,exp,exp_name,the general,the General,43017,43028,16,100,3,M_454,PROPN
455,exp,exp_name,the grandmother,the grandmother,43121,43136,5,100,3,M_455,PROPN
456,exp,exp_name,mlle. blanche,Mlle. Blanche,43151,43164,7,100,3,M_456,PROPN
457,exp,exp_name,polina,Polina,43426,43432,12,100,3,M_457,PROPN
458,booknlp,COREF,47,her,43492,43495,12,100,3,M_458,Other
459,exp,exp_name,mr. astley,Mr. Astley,43558,43568,10,101,3,M_459,PROPN
460,booknlp,COREF,54,he,43622,43624,10,101,3,M_460,Other
461,exp,exp_name,polina,Polina,43649,43655,12,101,3,M_461,PROPN
462,booknlp,COREF,54,he,43832,43834,10,101,3,M_462,Other
463,booknlp,COREF,54,himself,43880,43887,10,101,3,M_463,Other
464,exp,exp_name,mr. astley,Mr. Astley,43921,43931,10,101,3,M_464,PROPN
465,booknlp,COREF,54,he,43976,43978,10,101,3,M_465,Other
466,booknlp,COREF,54,his,44001,44004,10,101,3,M_466,Other
467,booknlp,COREF,54,he,44039,44041,10,101,3,M_467,Other
468,booknlp,COREF,54,he,44092,44094,10,101,3,M_468,Other
469,booknlp,COREF,54,he,44188,44190,10,101,3,M_469,Other
470,exp,exp_name,mr. astley,Mr. Astley,44416,44426,10,101,3,M_470,PROPN
471,booknlp,COREF,54,he,44508,44510,10,101,3,M_471,Other
472,booknlp,COREF,54,he,44617,44619,10,101,3,M_472,Other
473,booknlp,COREF,54,his,44633,44636,10,101,3,M_473,Other
474,exp,exp_name,mlle. blanche,Mlle. Blanche,44693,44706,7,102,3,M_474,PROPN
475,booknlp,COREF,54,he,44709,44711,10,102,3,M_475,Other
476,booknlp,COREF,54,I,44725,44726,10,102,3,M_476,Other
477,booknlp,COREF,50,her,44760,44763,7,102,3,M_477,Other
478,booknlp,COREF,54,he,44778,44780,10,103,3,M_478,Other
479,booknlp,COREF,54,he,44795,44797,10,103,3,M_479,Other
480,booknlp,COREF,54,he,44836,44838,10,103,3,M_480,Other
481,booknlp,COREF,54,he,44889,44891,10,103,3,M_481,Other
482,booknlp,COREF,54,he,44966,44968,10,103,3,M_482,Other
483,pdnc,qID,Q62-0,Mlle. Polina,44985,44997,12,104,3,M_483,Other
484,pdnc,qID,Q64-0,You,45059,45062,4,106,3,M_484,Other
485,booknlp,COREF,54,he,45076,45078,10,106,3,M_485,Other
486,pdnc,qID,Q65-0,she,45143,45146,12,107,3,M_486,Other
487,booknlp,COREF,54,I,45200,45201,10,108,3,M_487,Other
488,booknlp,COREF,54,my,45218,45220,10,108,3,M_488,Other
489,booknlp,COREF,54,he,45228,45230,10,108,3,M_489,Other
490,booknlp,COREF,54,he,45262,45264,10,108,3,M_490,Other
491,booknlp,COREF,54,his,45306,45309,10,108,3,M_491,Other
492,exp,exp_name,polina alexandrovna,Polina Alexandrovna,45606,45625,12,110,4,M_492,PROPN
493,booknlp,COREF,47,she,45632,45635,12,110,4,M_493,Other
494,booknlp,COREF,47,her,45651,45654,12,110,4,M_494,Other
495,booknlp,COREF,47,her,45749,45752,12,110,4,M_495,Other
496,booknlp,COREF,47,her,45756,45759,12,110,4,M_496,Other
497,booknlp,COREF,47,she,45843,45846,12,110,4,M_497,Other
498,booknlp,COREF,47,her,45916,45919,12,110,4,M_498,Other
499,booknlp,COREF,47,she,45959,45962,12,110,4,M_499,Other
500,booknlp,COREF,47,she,46001,46004,12,110,4,M_500,Other
501,booknlp,COREF,47,she,46066,46069,12,110,4,M_501,Other
502,booknlp,COREF,47,she,46156,46159,12,110,4,M_502,Other
503,exp,exp_name,mr. astley,Mr. Astley,48157,48167,10,111,4,M_503,PROPN
504,exp,exp_name,polina,Polina,49113,49119,12,112,4,M_504,PROPN
505,exp,exp_name,mlle. blanche,Mlle. Blanche,49247,49260,7,113,4,M_505,PROPN
506,exp,exp_name,the frenchman,the Frenchman,49265,49278,8,113,4,M_506,PROPN
507,booknlp,COREF,47,she,49410,49413,12,113,4,M_507,Other
508,booknlp,COREF,180,his,49470,49473,8,113,4,M_508,Other
509,exp,exp_name,the frenchman,the Frenchman,49480,49493,8,113,4,M_509,PROPN
510,booknlp,COREF,180,He,49573,49575,8,113,4,M_510,Other
511,exp,exp_name,polina,Polina,49640,49646,12,113,4,M_511,PROPN
512,exp,exp_name,the general,the General,49739,49750,16,114,4,M_512,PROPN
513,exp,exp_name,polina,Polina,50087,50093,12,115,4,M_513,PROPN
514,booknlp,COREF,47,her,50130,50133,12,115,4,M_514,Other
515,booknlp,COREF,47,she,50149,50152,12,115,4,M_515,Other
516,booknlp,COREF,47,her,50312,50315,12,115,4,M_516,Other
517,pdnc,qID,Q67-1,she,50363,50366,12,115,4,M_517,Other
518,pdnc,qID,Q67-1,her,50371,50374,12,115,4,M_518,Other
519,exp,exp_name,the general,the General,50483,50494,16,116,4,M_519,PROPN
520,booknlp,COREF,150,he,50530,50532,16,116,4,M_520,Other
521,booknlp,COREF,150,his,50591,50594,16,116,4,M_521,Other
522,booknlp,COREF,150,his,50609,50612,16,116,4,M_522,Other
523,booknlp,COREF,150,him,50655,50658,16,116,4,M_523,Other
524,booknlp,COREF,150,he,50835,50837,16,116,4,M_524,Other
525,exp,exp_name,the frenchman,the Frenchman,50842,50855,8,116,4,M_525,PROPN
526,exp,exp_name,the frenchman,the Frenchman,51002,51015,8,116,4,M_526,PROPN
527,booknlp,COREF,150,he,51148,51150,16,116,4,M_527,Other
528,exp,exp_name,a man,a man,51211,51216,2,116,4,M_528,PROPN
529,booknlp,COREF,150,he,51280,51282,16,116,4,M_529,Other
530,exp,exp_name,the frenchman,the Frenchman,51460,51473,8,117,4,M_530,PROPN
531,booknlp,COREF,150,he,51667,51669,16,117,4,M_531,Other
532,pdnc,qID,Q71-0,you,51706,51709,4,118,4,M_532,Other
533,pdnc,qID,Q71-0,your,51715,51719,4,118,4,M_533,Other
534,booknlp,COREF,150,he,51730,51732,16,118,4,M_534,Other
535,booknlp,COREF,150,his,51872,51875,16,119,4,M_535,Other
536,booknlp,COREF,150,he,51996,51998,16,119,4,M_536,Other
537,exp,exp_name,the frenchman,the Frenchman,52443,52456,8,120,4,M_537,PROPN
538,exp,exp_name,the general,the General,52517,52528,16,121,4,M_538,PROPN
539,pdnc,qID,Q75-0,you,52543,52546,4,121,4,M_539,Other
540,booknlp,COREF,150,he,52549,52551,16,121,4,M_540,Other
541,pdnc,qID,Q75-1,you,52566,52569,4,121,4,M_541,Other
542,pdnc,qID,Q75-1,your,52616,52620,4,121,4,M_542,Other
543,exp,exp_name,the general,the General,52839,52850,16,123,4,M_543,PROPN
544,exp,exp_name,the frenchman,the Frenchman,52888,52901,8,124,4,M_544,PROPN
545,exp,exp_name,the general,the General,53091,53102,16,127,4,M_545,PROPN
546,pdnc,qID,Q81-0,you,53217,53220,16,128,4,M_546,Other
547,pdnc,qID,Q81-0,General,53946,53953,16,128,4,M_547,Other
548,pdnc,qID,Q81-0,you,53967,53970,16,128,4,M_548,Other
549,pdnc,qID,Q81-0,you,56722,56725,16,128,4,M_549,Other
550,pdnc,qID,Q81-0,you,57089,57092,16,128,4,M_550,Other
551,pdnc,qID,Q82-0,you,57135,57138,4,129,4,M_551,Other
552,pdnc,qID,Q82-0,you,57160,57163,4,129,4,M_552,Other
553,booknlp,COREF,150,I,57174,57175,16,129,4,M_553,Other
554,exp,exp_name,the general,the General,57199,57210,16,129,4,M_554,PROPN
555,booknlp,COREF,150,I,57225,57226,16,129,4,M_555,Other
556,pdnc,qID,Q82-1,you,57242,57245,4,129,4,M_556,Other
557,pdnc,qID,Q82-1,you,57294,57297,4,129,4,M_557,Other
558,booknlp,COREF,150,he,57338,57340,16,130,4,M_558,Other
559,booknlp,COREF,150,his,57346,57349,16,130,4,M_559,Other
560,booknlp,COREF,150,he,57388,57390,16,130,4,M_560,Other
561,booknlp,COREF,150,he,57473,57475,16,130,4,M_561,Other
562,booknlp,COREF,150,he,57497,57499,16,130,4,M_562,Other
563,exp,exp_name,the frenchman,The Frenchman,57512,57525,8,130,4,M_563,PROPN
564,booknlp,COREF,180,his,57589,57592,8,130,4,M_564,Other
565,booknlp,COREF,180,he,57604,57606,8,130,4,M_565,Other
566,exp,exp_name,polina,Polina,57666,57672,12,130,4,M_566,PROPN
567,booknlp,COREF,47,she,57674,57677,12,130,4,M_567,Other
568,booknlp,COREF,47,She,57718,57721,12,130,4,M_568,Other
569,booknlp,COREF,47,she,57820,57823,12,132,5,M_569,Other
570,booknlp,COREF,47,she,57888,57891,12,132,5,M_570,Other
571,booknlp,COREF,47,her,57928,57931,12,132,5,M_571,Other
572,exp,exp_name,de griers,de Griers,58138,58147,8,133,5,M_572,PROPN
573,booknlp,COREF,47,her,58172,58175,12,133,5,M_573,Other
574,booknlp,COREF,47,her,58204,58207,12,133,5,M_574,Other
575,pdnc,qID,Q83-0,he,58238,58240,8,134,5,M_575,Other
576,booknlp,COREF,47,she,58254,58257,12,134,5,M_576,Other
577,booknlp,COREF,47,her,58330,58333,12,134,5,M_577,Other
578,exp,exp_name,de griers,De Griers,58346,58355,8,134,5,M_578,PROPN
579,booknlp,COREF,47,you,58448,58451,12,135,5,M_579,Other
580,pdnc,qID,Q84-0,he,58477,58479,8,135,5,M_580,Other
581,pdnc,qID,Q84-0,General,58518,58525,16,135,5,M_581,Other
582,booknlp,COREF,47,I,58549,58550,12,136,5,M_582,Other
583,pdnc,qID,Q85-0,you,58559,58562,4,136,5,M_583,Other
584,booknlp,COREF,47,she,58582,58585,12,136,5,M_584,Other
585,pdnc,qID,Q85-1,You,58618,58621,4,136,5,M_585,Other
586,pdnc,qID,Q85-1,you,58637,58640,4,136,5,M_586,Other
587,pdnc,qID,Q85-1,General,58655,58662,16,136,5,M_587,Other
588,pdnc,qID,Q85-1,the Marquis,58679,58690,8,136,5,M_588,Other
589,pdnc,qID,Q85-1,his,58701,58704,16,136,5,M_589,Other
590,pdnc,qID,Q85-1,General,58736,58743,16,136,5,M_590,Other
591,pdnc,qID,Q85-1,the Frenchman ,58767,58781,8,136,5,M_591,Other
592,pdnc,qID,Q85-1,he,58836,58838,8,136,5,M_592,Other
593,exp,exp_name,mlle. blanche,Mlle. Blanche,59082,59095,7,139,5,M_593,PROPN
594,booknlp,COREF,47,she,59133,59136,12,139,5,M_594,Other
595,exp,exp_name,madame,Madame,59156,59162,5,139,5,M_595,PROPN
596,exp,exp_name,general,General,59163,59170,16,139,5,M_596,PROPN
597,pdnc,qID,Q88-1,you,59175,59178,12,139,5,M_597,Other
598,pdnc,qID,Q88-1, the old man,59194,59206,16,139,5,M_598,Other
599,booknlp,COREF,47,her,59231,59234,12,139,5,M_599,Other
600,pdnc,qID,Q88-1,he,59240,59242,16,139,5,M_600,Other
601,booknlp,COREF,47,she,59265,59268,12,139,5,M_601,Other
602,pdnc,qID,Q88-1,him,59282,59285,16,139,5,M_602,Other
603,pdnc,qID,Q88-1,his,59295,59298,16,139,5,M_603,Other
604,booknlp,COREF,47,I,59363,59364,12,140,5,M_604,Other
605,pdnc,qID,Q89-0,him,59391,59394,16,140,5,M_605,Other
606,exp,exp_name,polina,Polina,59406,59412,12,140,5,M_606,PROPN
607,booknlp,COREF,47,she,59533,59536,12,141,5,M_607,Other
608,exp,exp_name,the grandmother,the grandmother,59690,59705,5,141,5,M_608,PROPN
609,booknlp,COREF,47,she,59810,59813,12,141,5,M_609,Other
610,pdnc,qID,Q90-1,you,59831,59834,12,141,5,M_610,Other
611,pdnc,qID,Q90-1,Polina Alexandrovna,59848,59867,12,141,5,M_611,PROPN
612,booknlp,COREF,47,she,59899,59902,12,142,5,M_612,Other
613,booknlp,COREF,47,I,59946,59947,12,142,5,M_613,Other
614,pdnc,qID,Q91-1,you,59976,59979,4,142,5,M_614,Other
615,pdnc,qID,Q91-1,you,60014,60017,4,142,5,M_615,Other
616,pdnc,qID,Q91-1,you,60057,60060,4,142,5,M_616,Other
617,booknlp,COREF,47,my,60080,60082,12,142,5,M_617,Other
618,pdnc,qID,Q92-0,you,60114,60117,12,143,5,M_618,Other
619,pdnc,qID,Q92-0,you,60142,60145,12,143,5,M_619,Other
620,pdnc,qID,Q92-0,you,60199,60202,12,143,5,M_620,Other
621,pdnc,qID,Q92-0,you,60213,60216,12,143,5,M_621,Other
622,pdnc,qID,Q92-0,you,60232,60235,12,143,5,M_622,Other
623,pdnc,qID,Q92-0,you,60255,60258,12,143,5,M_623,Other
624,pdnc,qID,Q92-0,you,60302,60305,12,143,5,M_624,Other
625,pdnc,qID,Q92-0,You,60342,60345,12,143,5,M_625,Other
626,pdnc,qID,Q92-0,your,60381,60385,12,143,5,M_626,Other
627,pdnc,qID,Q92-0,you,60400,60403,12,143,5,M_627,Other
628,pdnc,qID,Q93-0,you,60435,60438,4,144,5,M_628,Other
629,booknlp,COREF,47,me,60444,60446,12,144,5,M_629,Other
630,pdnc,qID,Q94-0,you,60475,60478,12,145,5,M_630,Other
631,pdnc,qID,Q94-0,You,60635,60638,12,145,5,M_631,Other
632,pdnc,qID,Q94-0,you,60664,60667,12,145,5,M_632,Other
633,pdnc,qID,Q95-0,You,60714,60717,12,147,5,M_633,Other
634,pdnc,qID,Q95-1,your,60835,60839,12,147,5,M_634,Other
635,pdnc,qID,Q95-1,you,60850,60853,12,147,5,M_635,Other
636,pdnc,qID,Q95-1,you,60934,60937,12,147,5,M_636,Other
637,pdnc,qID,Q95-1,your,60967,60971,12,147,5,M_637,Other
638,pdnc,qID,Q96-0,you,61116,61119,4,149,5,M_638,Other
639,pdnc,qID,Q96-1,you,61143,61146,4,149,5,M_639,Other
640,pdnc,qID,Q97-0,you,61527,61530,12,150,5,M_640,Other
641,pdnc,qID,Q97-0,You,61586,61589,12,150,5,M_641,Other
642,exp,exp_name,polina,Polina,61696,61702,12,151,5,M_642,PROPN
643,pdnc,qID,Q98-1,you,61748,61751,4,152,5,M_643,Other
644,pdnc,qID,Q98-1,you,61785,61788,4,152,5,M_644,Other
645,pdnc,qID,Q98-1,you,61838,61841,4,152,5,M_645,Other
646,pdnc,qID,Q98-1,you,61881,61884,4,152,5,M_646,Other
647,pdnc,qID,Q98-1,you,61906,61909,4,152,5,M_647,Other
648,pdnc,qID,Q98-1,you,61937,61940,4,152,5,M_648,Other
649,pdnc,qID,Q98-1,you,61967,61970,4,152,5,M_649,Other
650,pdnc,qID,Q98-1,You,61979,61982,4,152,5,M_650,Other
651,pdnc,qID,Q98-1,you,62021,62024,4,152,5,M_651,Other
652,pdnc,qID,Q98-1,your,62072,62076,4,152,5,M_652,Other
653,pdnc,qID,Q99-1,you,62171,62174,12,153,5,M_653,Other
654,pdnc,qID,Q100-0,you,62387,62390,4,154,5,M_654,Other
655,pdnc,qID,Q103-0,you,62666,62669,12,157,5,M_655,Other
656,booknlp,COREF,47,I,62731,62732,12,158,5,M_656,Other
657,pdnc,qID,Q104-0,you,62753,62756,4,158,5,M_657,Other
658,exp,exp_name,polina,Polina,62782,62788,12,158,5,M_658,PROPN
659,pdnc,qID,Q104-1,you,62826,62829,4,158,5,M_659,Other
660,booknlp,COREF,47,me,62834,62836,12,158,5,M_660,Other
661,booknlp,COREF,47,I,62838,62839,12,158,5,M_661,Other
662,pdnc,qID,Q104-1,your,62851,62855,4,158,5,M_662,Other
663,pdnc,qID,Q104-1,You,62892,62895,4,158,5,M_663,Other
664,pdnc,qID,Q104-1,You,62937,62940,4,158,5,M_664,Other
665,pdnc,qID,Q104-1,you,63007,63010,4,158,5,M_665,Other
666,pdnc,qID,Q104-1,you,63061,63064,4,158,5,M_666,Other
667,pdnc,qID,Q105-1,you,63139,63142,12,159,5,M_667,Other
668,pdnc,qID,Q105-1,you,63147,63150,12,159,5,M_668,Other
669,pdnc,qID,Q105-1,the Frenchman,63208,63221,8,159,5,M_669,Other
670,pdnc,qID,Q106-0,you,63234,63237,4,160,5,M_670,Other
671,pdnc,qID,Q106-0,You,63274,63277,4,160,5,M_671,Other
672,pdnc,qID,Q106-0,you,63308,63311,4,160,5,M_672,Other
673,pdnc,qID,Q107-0,You,63330,63333,12,161,5,M_673,Other
674,pdnc,qID,Q107-0,you,63344,63347,12,161,5,M_674,Other
675,pdnc,qID,Q107-0,you,63404,63407,12,161,5,M_675,Other
676,pdnc,qID,Q107-0,your,63449,63453,12,161,5,M_676,Other
677,pdnc,qID,Q108-0,You,63504,63507,4,162,5,M_677,Other
678,exp,exp_name,a man,a man,63771,63776,2,163,5,M_678,PROPN
679,pdnc,qID,Q109-0,you,63844,63847,12,163,5,M_679,Other
680,exp,exp_name,the frenchman,The Frenchman,64461,64474,8,163,5,M_680,PROPN
681,booknlp,COREF,180,he,64529,64531,8,163,5,M_681,Other
682,booknlp,COREF,180,he,64586,64588,8,163,5,M_682,Other
683,exp,exp_name,the frenchman,the Frenchman,64762,64775,8,163,5,M_683,PROPN
684,exp,exp_name,the frenchman,The Frenchman,64877,64890,8,163,5,M_684,PROPN
685,pdnc,qID,Q109-0,you,65051,65054,12,163,5,M_685,Other
686,pdnc,qID,Q109-0,You,65069,65072,12,163,5,M_686,Other
687,pdnc,qID,Q109-0,you,65135,65138,12,163,5,M_687,Other
688,booknlp,COREF,47,I,65206,65207,12,164,5,M_688,Other
689,booknlp,COREF,47,my,65218,65220,12,164,5,M_689,Other
690,booknlp,COREF,47,I,65230,65231,12,164,5,M_690,Other
691,booknlp,COREF,47,I,65243,65244,12,164,5,M_691,Other
692,booknlp,COREF,47,I,65277,65278,12,164,5,M_692,Other
693,booknlp,COREF,47,I,65298,65299,12,164,5,M_693,Other
694,booknlp,COREF,47,me,65345,65347,12,164,5,M_694,Other
695,booknlp,COREF,47,I,65392,65393,12,164,5,M_695,Other
696,booknlp,COREF,47,my,65429,65431,12,164,5,M_696,Other
697,booknlp,COREF,47,I,65455,65456,12,164,5,M_697,Other
698,booknlp,COREF,47,I,65528,65529,12,164,5,M_698,Other
699,booknlp,COREF,47,my,65632,65634,12,164,5,M_699,Other
700,booknlp,COREF,47,I,65646,65647,12,164,5,M_700,Other
701,booknlp,COREF,47,I,65712,65713,12,164,5,M_701,Other
702,booknlp,COREF,47,I,65746,65747,12,164,5,M_702,Other
703,booknlp,COREF,47,I,65751,65752,12,164,5,M_703,Other
704,pdnc,qID,Q111-0,you,65841,65844,12,165,5,M_704,Other
705,pdnc,qID,Q111-0,you,65875,65878,12,165,5,M_705,Other
706,pdnc,qID,Q111-0,you,65920,65923,12,165,5,M_706,Other
707,pdnc,qID,Q111-0,your,65960,65964,12,165,5,M_707,Other
708,pdnc,qID,Q111-0,your,66004,66008,12,165,5,M_708,Other
709,pdnc,qID,Q111-0,your,66054,66058,12,165,5,M_709,Other
710,pdnc,qID,Q112-0,you,66098,66101,4,166,5,M_710,Other
711,pdnc,qID,Q112-0,you,66140,66143,4,166,5,M_711,Other
712,pdnc,qID,Q114-0,You,66239,66242,4,168,5,M_712,Other
713,pdnc,qID,Q114-0,you,66285,66288,4,168,5,M_713,Other
714,pdnc,qID,Q114-0,you,66331,66334,4,168,5,M_714,Other
715,pdnc,qID,Q115-0,you,66391,66394,12,169,5,M_715,Other
716,pdnc,qID,Q115-0,You,66439,66442,12,169,5,M_716,Other
717,pdnc,qID,Q115-0,You,66495,66498,12,169,5,M_717,Other
718,pdnc,qID,Q115-0,you,66508,66511,12,169,5,M_718,Other
719,pdnc,qID,Q115-0,you,66598,66601,12,169,5,M_719,Other
720,pdnc,qID,Q115-0,you,66658,66661,12,169,5,M_720,Other
721,pdnc,qID,Q115-0,your,66698,66702,12,169,5,M_721,Other
722,pdnc,qID,Q115-0,you,66767,66770,12,169,5,M_722,Other
723,pdnc,qID,Q115-0,your,66811,66815,12,169,5,M_723,Other
724,pdnc,qID,Q115-0,you,66837,66840,12,169,5,M_724,Other
725,pdnc,qID,Q115-0,you,66872,66875,12,169,5,M_725,Other
726,pdnc,qID,Q115-0,you,66909,66912,12,169,5,M_726,Other
727,pdnc,qID,Q115-0,you,66940,66943,12,169,5,M_727,Other
728,pdnc,qID,Q115-0,you,66962,66965,12,169,5,M_728,Other
729,pdnc,qID,Q115-0,you,67019,67022,12,169,5,M_729,Other
730,pdnc,qID,Q115-0,You,67026,67029,12,169,5,M_730,Other
731,pdnc,qID,Q116-1,you,67089,67092,4,170,5,M_731,Other
732,pdnc,qID,Q118-1,you,67504,67507,12,173,5,M_732,Other
733,pdnc,qID,Q118-1,you,67616,67619,12,173,5,M_733,Other
734,pdnc,qID,Q118-1,you,67634,67637,12,173,5,M_734,Other
735,pdnc,qID,Q118-1,you,67651,67654,12,173,5,M_735,Other
736,pdnc,qID,Q118-1,you,67660,67663,12,173,5,M_736,Other
737,pdnc,qID,Q118-1,You,67705,67708,12,173,5,M_737,Other
738,pdnc,qID,Q118-1,your,67767,67771,12,173,5,M_738,Other
739,pdnc,qID,Q118-1,your,67797,67801,12,173,5,M_739,Other
740,pdnc,qID,Q118-1,you,67867,67870,12,173,5,M_740,Other
741,pdnc,qID,Q118-1,you,67916,67919,12,173,5,M_741,Other
742,pdnc,qID,Q118-1,your,68062,68066,12,173,5,M_742,Other
743,pdnc,qID,Q118-1,you,68089,68092,12,173,5,M_743,Other
744,pdnc,qID,Q118-1,you,68160,68163,12,173,5,M_744,Other
745,pdnc,qID,Q118-1,your,68356,68360,12,173,5,M_745,Other
746,pdnc,qID,Q118-2,you,68422,68425,12,173,5,M_746,Other
747,pdnc,qID,Q118-2,you,68459,68462,12,173,5,M_747,Other
748,pdnc,qID,Q120-1,your,68599,68603,12,175,5,M_748,Other
749,pdnc,qID,Q120-1,you,68701,68704,12,175,5,M_749,Other
750,pdnc,qID,Q121-0,you,68767,68770,4,176,5,M_750,Other
751,pdnc,qID,Q122-1,you,68944,68947,12,177,5,M_751,Other
752,pdnc,qID,Q122-1,you,69027,69030,12,177,5,M_752,Other
753,pdnc,qID,Q122-1,you,69049,69052,12,177,5,M_753,Other
754,pdnc,qID,Q122-1,You,69247,69250,12,177,5,M_754,Other
755,pdnc,qID,Q123-0,you,69902,69905,4,179,5,M_755,Other
756,pdnc,qID,Q124-0,you,70184,70187,4,181,5,M_756,Other
757,pdnc,qID,Q126-0,you,70358,70361,4,183,5,M_757,Other
758,pdnc,qID,Q126-0,you,70386,70389,4,183,5,M_758,Other
759,pdnc,qID,Q129-0,The Frenchman,70434,70447,8,186,5,M_759,Other
760,pdnc,qID,Q130-0,you,70544,70547,4,187,5,M_760,Other
761,pdnc,qID,Q131-0,you,70683,70686,12,189,5,M_761,Other
762,pdnc,qID,Q131-1,you,70746,70749,12,189,5,M_762,Other
763,pdnc,qID,Q131-1,You,70810,70813,12,189,5,M_763,Other
764,exp,exp_name,blanche,Blanche,70911,70918,7,189,5,M_764,PROPN
765,pdnc,qID,Q131-1,this Frenchman,70933,70947,8,189,5,M_765,Other
766,pdnc,qID,Q131-1,you,70989,70992,12,189,5,M_766,Other
767,pdnc,qID,Q131-1,you,70999,71002,12,189,5,M_767,Other
768,pdnc,qID,Q131-1,you,71039,71042,12,189,5,M_768,Other
769,pdnc,qID,Q131-1,you,71128,71131,12,189,5,M_769,Other
770,pdnc,qID,Q131-1,you,71165,71168,12,189,5,M_770,Other
771,pdnc,qID,Q132-0,you,71209,71212,4,190,5,M_771,Other
772,pdnc,qID,Q132-0,you,71243,71246,4,190,5,M_772,Other
773,pdnc,qID,Q133-0,you,71326,71329,12,191,5,M_773,Other
774,pdnc,qID,Q133-1,you,71354,71357,12,191,5,M_774,Other
775,pdnc,qID,Q134-0,you,71412,71415,4,192,5,M_775,Other
776,pdnc,qID,Q134-0,you,71445,71448,4,192,5,M_776,Other
777,pdnc,qID,Q134-0,you,71466,71469,4,192,5,M_777,Other
778,pdnc,qID,Q134-0,you,71504,71507,4,192,5,M_778,Other
779,pdnc,qID,Q134-0,you,71532,71535,4,192,5,M_779,Other
780,pdnc,qID,Q134-0,you,71546,71549,4,192,5,M_780,Other
781,pdnc,qID,Q134-0,You,71560,71563,4,192,5,M_781,Other
782,pdnc,qID,Q134-0,you,71599,71602,4,192,5,M_782,Other
783,pdnc,qID,Q134-0,you,71648,71651,4,192,5,M_783,Other
784,exp,exp_name,a man,a man,72321,72326,2,193,5,M_784,PROPN
785,booknlp,COREF,259,his,72335,72338,2,193,5,M_785,Other
786,pdnc,qID,Q135-0,you,72679,72682,4,195,5,M_786,Other
787,exp,exp_name,baroness burmergelm,Baroness Burmergelm,72729,72748,6,195,5,M_787,PROPN
788,pdnc,qID,Q135-1,you,72869,72872,4,195,5,M_788,Other
789,exp,exp_name,the baroness,the Baroness,72929,72941,6,195,5,M_789,PROPN
790,pdnc,qID,Q135-1,your,72952,72956,4,195,5,M_790,Other
791,booknlp,COREF,1933,her,72964,72967,6,195,5,M_791,Other
792,pdnc,qID,Q137-0,you,73017,73020,4,197,5,M_792,Other
793,pdnc,qID,Q137-0,you,73037,73040,4,197,5,M_793,Other
794,pdnc,qID,Q137-0,you,73096,73099,4,197,5,M_794,Other
795,pdnc,qID,Q137-0,you,73136,73139,4,197,5,M_795,Other
796,exp,exp_name,the baron,the Baron,73261,73270,14,197,5,M_796,PROPN
797,pdnc,qID,Q137-0,you,73276,73279,4,197,5,M_797,Other
798,booknlp,COREF,1935,his,73303,73306,14,197,5,M_798,Other
799,pdnc,qID,Q138-0,you,73322,73325,12,198,5,M_799,Other
800,pdnc,qID,Q138-0,you,73352,73355,12,198,5,M_800,Other
801,pdnc,qID,Q139-0,you,73408,73411,4,199,5,M_801,Other
802,pdnc,qID,Q140-0,your,73474,73478,12,200,5,M_802,Other
803,pdnc,qID,Q140-0,you,73509,73512,12,200,5,M_803,Other
804,pdnc,qID,Q140-0,the General,73526,73537,16,200,5,M_804,Other
805,pdnc,qID,Q140-0,him,73578,73581,16,200,5,M_805,Other
806,pdnc,qID,Q140-0,you,73664,73667,12,200,5,M_806,Other
807,pdnc,qID,Q140-0,the General,73672,73683,16,200,5,M_807,Other
808,pdnc,qID,Q141-0,you,73767,73770,4,201,5,M_808,Other
809,pdnc,qID,Q141-1,Your,73818,73822,4,201,5,M_809,Other
810,pdnc,qID,Q141-1,you,73869,73872,4,201,5,M_810,Other
811,pdnc,qID,Q141-1,you,73952,73955,4,201,5,M_811,Other
812,pdnc,qID,Q141-1,the General ,73993,74005,16,201,5,M_812,Other
813,pdnc,qID,Q141-1,you,74118,74121,4,201,5,M_813,Other
814,pdnc,qID,Q141-1,you,74152,74155,4,201,5,M_814,Other
815,exp,exp_name,the baroness,the Baroness,74351,74363,6,202,5,M_815,PROPN
816,exp,exp_name,polina,Polina,75062,75068,12,205,6,M_816,PROPN
817,exp,exp_name,polina,Polina,75077,75083,12,205,6,M_817,PROPN
818,booknlp,COREF,47,her,75093,75096,12,205,6,M_818,Other
819,booknlp,COREF,47,her,75262,75265,12,205,6,M_819,Other
820,booknlp,COREF,47,her,75324,75327,12,205,6,M_820,Other
821,booknlp,COREF,47,she,75389,75392,12,205,6,M_821,Other
822,booknlp,COREF,47,She,75420,75423,12,205,6,M_822,Other
823,booknlp,COREF,47,Her,75461,75464,12,205,6,M_823,Other
824,booknlp,COREF,47,her,75560,75563,12,205,6,M_824,Other
825,booknlp,COREF,47,her,75649,75652,12,205,6,M_825,Other
826,booknlp,COREF,47,her,75691,75694,12,205,6,M_826,Other
827,booknlp,COREF,47,she,75845,75848,12,205,6,M_827,Other
828,exp,exp_name,de griers,De Griers,75903,75912,8,205,6,M_828,PROPN
829,booknlp,COREF,47,she,75948,75951,12,205,6,M_829,Other
830,booknlp,COREF,73,him,75962,75965,8,205,6,M_830,Other
831,booknlp,COREF,47,she,76048,76051,12,205,6,M_831,Other
832,booknlp,COREF,73,him,76064,76067,8,205,6,M_832,Other
833,booknlp,COREF,47,she,76085,76088,12,205,6,M_833,Other
834,booknlp,COREF,73,him,76101,76104,8,205,6,M_834,Other
835,booknlp,COREF,47,her,76146,76149,12,205,6,M_835,Other
836,booknlp,COREF,47,she,76158,76161,12,205,6,M_836,Other
837,booknlp,COREF,73,him,76180,76183,8,205,6,M_837,Other
838,booknlp,COREF,47,her,76222,76225,12,205,6,M_838,Other
839,exp,exp_name,the baron,the Baron,76347,76356,14,207,6,M_839,PROPN
840,exp,exp_name,the baroness,the Baroness,76361,76373,6,207,6,M_840,PROPN
841,exp,exp_name,the baroness,the Baroness,76469,76481,6,208,6,M_841,PROPN
842,booknlp,COREF,1933,she,76599,76602,6,208,6,M_842,Other
843,booknlp,COREF,1933,her,76643,76646,6,208,6,M_843,Other
844,booknlp,COREF,1933,her,76687,76690,6,208,6,M_844,Other
845,booknlp,COREF,1933,Her,76697,76700,6,208,6,M_845,Other
846,booknlp,COREF,1933,she,76787,76790,6,208,6,M_846,Other
847,booknlp,COREF,1933,she,76808,76811,6,208,6,M_847,Other
848,exp,exp_name,the baron,the Baron,76872,76881,14,208,6,M_848,PROPN
849,booknlp,COREF,1935,he,76883,76885,14,208,6,M_849,Other
850,booknlp,COREF,1935,he,77008,77010,14,208,6,M_850,Other
851,booknlp,COREF,1935,his,77052,77055,14,208,6,M_851,Other
852,booknlp,COREF,1935,his,77077,77080,14,208,6,M_852,Other
853,booknlp,COREF,1935,his,77100,77103,14,208,6,M_853,Other
854,booknlp,COREF,1935,his,77133,77136,14,208,6,M_854,Other
855,booknlp,COREF,1935,his,77166,77169,14,208,6,M_855,Other
856,exp,exp_name,the baron,The Baron,77381,77390,14,210,6,M_856,PROPN
857,exp,exp_name,the baroness,the Baroness,77418,77430,6,210,6,M_857,PROPN
858,pdnc,qID,Q142-0,Madame la Baronne,77452,77469,6,211,6,M_858,PROPN
859,pdnc,qID,Q142-1,votre,77560,77565,6,211,6,M_859,Other
860,exp,exp_name,the baron,the Baron,77628,77637,14,212,6,M_860,PROPN
861,exp,exp_name,polina,Polina,77669,77675,12,213,6,M_861,PROPN
862,exp,exp_name,the general,the general,77730,77741,16,213,6,M_862,PROPN
863,exp,exp_name,the baron,the Baron,77928,77937,14,214,6,M_863,PROPN
864,booknlp,COREF,1935,he,77941,77943,14,214,6,M_864,Other
865,booknlp,COREF,1935,him,78113,78116,14,215,6,M_865,Other
866,booknlp,COREF,1935,He,78118,78120,14,215,6,M_866,Other
867,booknlp,COREF,1935,his,78145,78148,14,215,6,M_867,Other
868,booknlp,COREF,1935,his,78203,78206,14,215,6,M_868,Other
869,exp,exp_name,the baroness,The Baroness,78234,78246,6,215,6,M_869,PROPN
870,exp,exp_name,the baron,the Baron,78417,78426,14,216,6,M_870,PROPN
871,booknlp,COREF,1935,his,78500,78503,14,216,6,M_871,Other
872,booknlp,COREF,1935,him,78548,78551,14,217,6,M_872,Other
873,booknlp,COREF,1935,he,78585,78587,14,218,6,M_873,Other
874,booknlp,COREF,1935,his,78611,78614,14,218,6,M_874,Other
875,booknlp,COREF,1935,him,78710,78713,14,218,6,M_875,Other
876,exp,exp_name,a man,a man,78775,78780,2,218,6,M_876,PROPN
877,exp,exp_name,the baron,the Baron,79139,79148,14,220,6,M_877,PROPN
878,exp,exp_name,the baroness,the Baroness,79153,79165,6,220,6,M_878,PROPN
879,exp,exp_name,polina alexandrovna,Polina Alexandrovna,79429,79448,12,221,6,M_879,PROPN
880,booknlp,COREF,47,her,79496,79499,12,221,6,M_880,Other
881,booknlp,COREF,47,her,79512,79515,12,221,6,M_881,Other
882,booknlp,COREF,47,her,79601,79604,12,222,6,M_882,Other
883,booknlp,COREF,47,her,79681,79684,12,223,6,M_883,Other
884,pdnc,qID,Q149-0,you,79693,79696,4,224,6,M_884,Other
885,pdnc,qID,Q149-0,you,79703,79706,4,224,6,M_885,Other
886,booknlp,COREF,47,she,79735,79738,12,224,6,M_886,Other
887,booknlp,COREF,47,she,79786,79789,12,224,6,M_887,Other
888,exp,exp_name,the general,the General,80176,80187,16,226,6,M_888,PROPN
889,exp,exp_name,the general,the General,80364,80375,16,227,6,M_889,PROPN
890,booknlp,COREF,150,he,80402,80404,16,227,6,M_890,Other
891,booknlp,COREF,150,he,80424,80426,16,227,6,M_891,Other
892,booknlp,COREF,150,his,80469,80472,16,227,6,M_892,Other
893,exp,exp_name,de griers,De Griers,80520,80529,8,227,6,M_893,PROPN
894,pdnc,qID,Q150-0,My good sir,80533,80544,4,228,6,M_894,Other
895,exp,exp_name,the general,the General,80547,80558,16,228,6,M_895,PROPN
896,booknlp,COREF,150,I,80571,80572,16,228,6,M_896,Other
897,pdnc,qID,Q150-1,you,80577,80580,4,228,6,M_897,Other
898,pdnc,qID,Q150-1,you,80599,80602,4,228,6,M_898,Other
899,pdnc,qID,Q151-1,you,80706,80709,16,229,6,M_899,Other
900,pdnc,qID,Q152-0,Baron Burmergelm,80806,80822,14,230,6,M_900,PROPN
901,booknlp,COREF,150,I,80851,80852,16,230,6,M_901,Other
902,pdnc,qID,Q152-0,you,80863,80866,4,230,6,M_902,Other
903,pdnc,qID,Q152-0,him,80890,80893,14,230,6,M_903,Other
904,pdnc,qID,Q152-0,the Baroness,80901,80913,6,230,6,M_904,Other
905,booknlp,COREF,150,I,80941,80942,16,232,6,M_905,Other
906,pdnc,qID,Q154-0,you,80959,80962,4,232,6,M_906,Other
907,pdnc,qID,Q154-0,my good sir,80986,80997,4,232,6,M_907,Other
908,exp,exp_name,the general,the General,81008,81019,16,232,6,M_908,PROPN
909,pdnc,qID,Q155-1,You,81054,81057,16,233,6,M_909,Other
910,pdnc,qID,Q155-2,the Baroness ,81454,81467,6,233,6,M_910,Other
911,pdnc,qID,Q155-2,she,81467,81470,6,233,6,M_911,Other
912,pdnc,qID,Q155-2,you,81702,81705,16,233,6,M_912,Other
913,exp,exp_name,madame,Madame,81730,81736,5,233,6,M_913,PROPN
914,pdnc,qID,Q155-3,the Baron,81781,81790,14,233,6,M_914,Other
915,pdnc,qID,Q155-5,him,81902,81905,14,233,6,M_915,Other
916,pdnc,qID,Q156-0,You,82281,82284,4,235,6,M_916,Other
917,booknlp,COREF,150,me,82308,82310,16,235,6,M_917,Other
918,exp,exp_name,the general,the General,82325,82336,16,235,6,M_918,PROPN
919,exp,exp_name,the frenchman,the Frenchman,82352,82365,8,235,6,M_919,PROPN
920,booknlp,COREF,150,he,82367,82369,16,235,6,M_920,Other
921,exp,exp_name,de griers,De Griers,82439,82448,8,235,6,M_921,PROPN
922,booknlp,COREF,73,his,82485,82488,8,235,6,M_922,Other
923,pdnc,qID,Q157-1,you,82565,82568,16,236,6,M_923,Other
924,pdnc,qID,Q157-1,you,82694,82697,16,236,6,M_924,Other
925,pdnc,qID,Q157-1,you,82821,82824,16,236,6,M_925,Other
926,pdnc,qID,Q157-1,Monsieur le Marquise ,83264,83285,8,236,6,M_926,Other
927,pdnc,qID,Q157-1,he,83321,83323,8,236,6,M_927,Other
928,pdnc,qID,Q157-1,the Baroness Burmergelm,83424,83447,6,236,6,M_928,Other
929,pdnc,qID,Q157-1,her,83514,83517,6,236,6,M_929,Other
930,pdnc,qID,Q157-1,her,83552,83555,6,236,6,M_930,Other
931,pdnc,qID,Q157-1,she,83594,83597,6,236,6,M_931,Other
932,exp,exp_name,a man,a man,84204,84209,2,236,6,M_932,PROPN
933,exp,exp_name,the baron,the Baron,84283,84292,14,236,6,M_933,PROPN
934,booknlp,COREF,78,Baroness,84297,84305,6,236,6,M_934,Other
935,pdnc,qID,Q157-1,your,84538,84542,16,236,6,M_935,Other
936,pdnc,qID,Q157-1,General,84562,84569,16,236,6,M_936,Other
937,pdnc,qID,Q158-0,sir,84582,84585,4,237,6,M_937,PROPN
938,pdnc,qID,Q158-1,you,84697,84700,4,237,6,M_938,Other
939,pdnc,qID,Q158-1,your,84705,84709,4,237,6,M_939,Other
940,exp,exp_name,the baron,the Baron,84759,84768,14,237,6,M_940,PROPN
941,booknlp,COREF,78,Baroness,84773,84781,6,237,6,M_941,Other
942,pdnc,qID,Q158-1,you,84823,84826,4,237,6,M_942,Other
943,pdnc,qID,Q158-1,you,84936,84939,4,237,6,M_943,Other
944,pdnc,qID,Q158-1,you,84963,84966,4,237,6,M_944,Other
945,pdnc,qID,Q158-1,the Baron,84996,85005,14,237,6,M_945,Other
946,pdnc,qID,Q158-1,you,85082,85085,4,237,6,M_946,Other
947,pdnc,qID,Q158-1,you,85120,85123,4,237,6,M_947,Other
948,pdnc,qID,Q158-1,my good sir,85157,85168,4,237,6,M_948,Other
949,pdnc,qID,Q158-1,You,85170,85173,4,237,6,M_949,Other
950,pdnc,qID,Q158-1,the Baron,85241,85250,14,237,6,M_950,Other
951,pdnc,qID,Q158-1,him,85264,85267,14,237,6,M_951,Other
952,pdnc,qID,Q158-1,you,85305,85308,4,237,6,M_952,Other
953,pdnc,qID,Q159-0,General,85366,85373,16,238,6,M_953,Other
954,pdnc,qID,Q159-1,he,85400,85402,14,238,6,M_954,Other
955,pdnc,qID,Q159-1,your,85465,85469,16,238,6,M_955,Other
956,pdnc,qID,Q159-1,you,85489,85492,16,238,6,M_956,Other
957,pdnc,qID,Q160-0,him,85565,85568,14,239,6,M_957,Other
958,pdnc,qID,Q160-0,he,85601,85603,14,239,6,M_958,Other
959,pdnc,qID,Q160-0,sir,85641,85644,4,239,6,M_959,PROPN
960,pdnc,qID,Q160-0,you,85676,85679,4,239,6,M_960,Other
961,pdnc,qID,Q160-0,you,85791,85794,4,239,6,M_961,Other
962,pdnc,qID,Q160-0,you,85870,85873,4,239,6,M_962,Other
963,exp,exp_name,the landlord,the landlord,85951,85963,18,239,6,M_963,PROPN
964,pdnc,qID,Q160-0,him,85980,85983,14,239,6,M_964,Other
965,pdnc,qID,Q160-0,your,86048,86052,4,239,6,M_965,Other
966,pdnc,qID,Q160-0,your,86102,86106,4,239,6,M_966,Other
967,exp,exp_name,the general,the General,86211,86222,16,240,6,M_967,PROPN
968,booknlp,COREF,150,him,86232,86235,16,240,6,M_968,Other
969,pdnc,qID,Q161-0,you,86304,86307,16,241,6,M_969,Other
970,pdnc,qID,Q161-0,the Baron,86350,86359,14,241,6,M_970,Other
971,pdnc,qID,Q161-0,your,86399,86403,16,241,6,M_971,Other
972,pdnc,qID,Q161-0,you,86418,86421,16,241,6,M_972,Other
973,pdnc,qID,Q161-0,the Baron,86442,86451,14,241,6,M_973,Other
974,pdnc,qID,Q161-0,you,86466,86469,16,241,6,M_974,Other
975,pdnc,qID,Q161-0,your,86507,86511,16,241,6,M_975,Other
976,pdnc,qID,Q161-0,your,86535,86539,16,241,6,M_976,Other
977,pdnc,qID,Q161-0,yours,86566,86571,16,241,6,M_977,Other
978,pdnc,qID,Q161-0,your,86581,86585,16,241,6,M_978,Other
979,pdnc,qID,Q161-0,you,86632,86635,16,241,6,M_979,Other
980,exp,exp_name,a man,a man,86693,86698,2,241,6,M_980,PROPN
981,booknlp,COREF,150,yourself,86781,86789,16,241,6,M_981,Other
982,pdnc,qID,Q161-0,you,86814,86817,16,241,6,M_982,Other
983,pdnc,qID,Q161-0,your,86849,86853,16,241,6,M_983,Other
984,pdnc,qID,Q161-0,your,86905,86909,16,241,6,M_984,Other
985,pdnc,qID,Q161-0,you,86983,86986,16,241,6,M_985,Other
986,booknlp,COREF,150,yourself,87003,87011,16,241,6,M_986,Other
987,exp,exp_name,the frenchman,the Frenchman,87115,87128,8,242,6,M_987,PROPN
988,booknlp,COREF,180,him,87149,87152,8,242,6,M_988,Other
989,exp,exp_name,the general,the General,87184,87195,16,242,6,M_989,PROPN
990,exp,exp_name,the frenchman,The Frenchman,87208,87221,8,242,6,M_990,PROPN
991,pdnc,qID,Q162-0,the Baron,87262,87271,14,243,6,M_991,Other
992,exp,exp_name,de griers,De Griers,87336,87345,8,243,6,M_992,PROPN
993,pdnc,qID,Q162-1,you,87369,87372,16,243,6,M_993,Other
994,pdnc,qID,Q162-1,General,87374,87381,16,243,6,M_994,Other
995,pdnc,qID,Q162-1,the Baron,87423,87432,14,243,6,M_995,Other
996,pdnc,qID,Q162-1,his,87465,87468,14,243,6,M_996,Other
997,pdnc,qID,Q162-1,you,87484,87487,16,243,6,M_997,Other
998,booknlp,COREF,150,yourself,87498,87506,16,243,6,M_998,Other
999,pdnc,qID,Q162-1,you,87564,87567,16,243,6,M_999,Other
1000,pdnc,qID,Q162-1,him,87710,87713,14,243,6,M_1000,Other
1001,pdnc,qID,Q162-1,him,87765,87768,14,243,6,M_1001,Other
1002,exp,exp_name,the general,The General,87949,87960,16,244,6,M_1002,PROPN
1003,booknlp,COREF,150,he,88041,88043,16,245,6,M_1003,Other
1004,pdnc,qID,Q163-1,you,88055,88058,4,245,6,M_1004,Other
1005,pdnc,qID,Q163-1,you,88105,88108,4,245,6,M_1005,Other
1006,booknlp,COREF,150,me,88147,88149,16,245,6,M_1006,Other
1007,booknlp,COREF,150,I,88151,88152,16,245,6,M_1007,Other
1008,pdnc,qID,Q163-1,you,88160,88163,4,245,6,M_1008,Other
1009,booknlp,COREF,150,me,88180,88182,16,245,6,M_1009,Other
1010,pdnc,qID,Q163-1,sir,88184,88187,4,245,6,M_1010,PROPN
1011,booknlp,COREF,150,me,88204,88206,16,245,6,M_1011,Other
1012,pdnc,qID,Q163-1,we,88212,88214,16,245,6,M_1012,Other
1013,booknlp,COREF,150,my,88268,88270,16,245,6,M_1013,Other
1014,pdnc,qID,Q163-1,the Baron,88293,88302,14,245,6,M_1014,Other
1015,pdnc,qID,Q163-1,sir,88316,88319,4,245,6,M_1015,PROPN
1016,booknlp,COREF,150,I,88321,88322,16,245,6,M_1016,Other
1017,pdnc,qID,Q163-1,you,88332,88335,4,245,6,M_1017,Other
1018,booknlp,COREF,150,I,88341,88342,16,245,6,M_1018,Other
1019,pdnc,qID,Q163-1,you,88353,88356,4,245,6,M_1019,Other
1020,pdnc,qID,Q163-1,your,88432,88436,4,245,6,M_1020,Other
1021,pdnc,qID,Q163-1,you,88446,88449,4,245,6,M_1021,Other
1022,booknlp,COREF,150,I,88466,88467,16,245,6,M_1022,Other
1023,pdnc,qID,Q164-0,General,88546,88553,16,246,6,M_1023,Other
1024,exp,exp_name,a man,a man,88632,88637,2,246,6,M_1024,PROPN
1025,booknlp,COREF,259,he,88657,88659,2,246,6,M_1025,Other
1026,exp,exp_name,the baron,the Baron,88720,88729,14,246,6,M_1026,PROPN
1027,pdnc,qID,Q164-1,you,88735,88738,16,246,6,M_1027,Other
1028,exp,exp_name,the baron,the Baron,88859,88868,14,246,6,M_1028,PROPN
1029,pdnc,qID,Q164-1,you,89035,89038,16,246,6,M_1029,Other
1030,booknlp,COREF,150,yourself,89060,89068,16,246,6,M_1030,Other
1031,pdnc,qID,Q165-0,Alexis Ivanovitch,89089,89106,4,247,6,M_1031,PROPN
1032,pdnc,qID,Q165-0,yours,89150,89155,4,247,6,M_1032,Other
1033,pdnc,qID,Q165-1,you,89270,89273,4,247,6,M_1033,Other
1034,pdnc,qID,Q165-1,You,89340,89343,4,247,6,M_1034,Other
1035,pdnc,qID,Q165-1,You,89456,89459,4,247,6,M_1035,Other
1036,pdnc,qID,Q165-1,you,89557,89560,4,247,6,M_1036,Other
1037,pdnc,qID,Q165-1,you,89632,89635,4,247,6,M_1037,Other
1038,pdnc,qID,Q166-0,Alexis Ivanovitch,89701,89718,4,247,6,M_1038,PROPN
1039,pdnc,qID,Q166-0,Alexis Ivanovitch,89720,89737,4,247,6,M_1039,PROPN
1040,exp,exp_name,the general,the General,90370,90381,16,249,6,M_1040,PROPN
1041,booknlp,COREF,150,him,90491,90494,16,249,6,M_1041,Other
1042,booknlp,COREF,150,him,90572,90575,16,249,6,M_1042,Other
1043,booknlp,COREF,150,him,90615,90618,16,249,6,M_1043,Other
1044,booknlp,COREF,150,his,90637,90640,16,249,6,M_1044,Other
1045,booknlp,COREF,150,he,90732,90734,16,249,6,M_1045,Other
1046,exp,exp_name,the general,the General,90829,90840,16,250,6,M_1046,PROPN
1047,exp,exp_name,polina,Polina,90845,90851,12,250,6,M_1047,PROPN
1048,booknlp,COREF,47,She,90876,90879,12,250,6,M_1048,Other
1049,booknlp,COREF,47,her,90978,90981,12,250,6,M_1049,Other
1050,booknlp,COREF,47,her,91047,91050,12,250,6,M_1050,Other
1051,booknlp,COREF,47,her,91159,91162,12,250,6,M_1051,Other
1052,exp,exp_name,the baron,the Baron,91272,91281,14,250,6,M_1052,PROPN
1053,exp,exp_name,polina,Polina,91456,91462,12,250,6,M_1053,PROPN
1054,booknlp,COREF,47,she,91555,91558,12,250,6,M_1054,Other
1055,booknlp,COREF,47,she,91574,91577,12,250,6,M_1055,Other
1056,exp,exp_name,madame,Madame,91896,91902,5,251,6,M_1056,PROPN
1057,booknlp,COREF,81,her,91910,91913,5,251,6,M_1057,Other
1058,exp,exp_name,the general,the General,92177,92188,16,251,6,M_1058,PROPN
1059,exp,exp_name,mlle. blanche,Mlle. Blanche,92245,92258,7,251,6,M_1059,PROPN
1060,exp,exp_name,mr. astley,Mr. Astley,92941,92951,10,254,7,M_1060,PROPN
1061,exp,exp_name,de griers,De Griers,93059,93068,8,254,7,M_1061,PROPN
1062,booknlp,COREF,73,he,93203,93205,8,254,7,M_1062,Other
1063,booknlp,COREF,73,his,93235,93238,8,254,7,M_1063,Other
1064,booknlp,COREF,73,he,93256,93258,8,254,7,M_1064,Other
1065,booknlp,COREF,73,his,93335,93338,8,254,7,M_1065,Other
1066,booknlp,COREF,73,him,93369,93372,8,254,7,M_1066,Other
1067,booknlp,COREF,73,his,93388,93391,8,254,7,M_1067,Other
1068,booknlp,COREF,73,He,93511,93513,8,255,7,M_1068,Other
1069,booknlp,COREF,73,he,93636,93638,8,255,7,M_1069,Other
1070,booknlp,COREF,73,he,93697,93699,8,255,7,M_1070,Other
1071,exp,exp_name,mr. astley,Mr. Astley,93726,93736,10,255,7,M_1071,PROPN
1072,booknlp,COREF,73,he,93744,93746,8,255,7,M_1072,Other
1073,booknlp,COREF,73,He,93802,93804,8,256,7,M_1073,Other
1074,booknlp,COREF,73,he,93850,93852,8,256,7,M_1074,Other
1075,booknlp,COREF,73,him,93897,93900,8,256,7,M_1075,Other
1076,booknlp,COREF,73,he,93902,93904,8,256,7,M_1076,Other
1077,booknlp,COREF,73,he,94052,94054,8,256,7,M_1077,Other
1078,booknlp,COREF,73,he,94117,94119,8,256,7,M_1078,Other
1079,booknlp,COREF,73,him,94145,94148,8,256,7,M_1079,Other
1080,booknlp,COREF,73,his,94195,94198,8,256,7,M_1080,Other
1081,booknlp,COREF,73,I,94773,94774,8,257,7,M_1081,Other
1082,pdnc,qID,Q168-0,you,94792,94795,4,257,7,M_1082,Other
1083,exp,exp_name,de griers,De Griers,94810,94819,8,257,7,M_1083,PROPN
1084,booknlp,COREF,73,I,94874,94875,8,257,7,M_1084,Other
1085,pdnc,qID,Q168-1,you,94897,94900,4,257,7,M_1085,Other
1086,booknlp,COREF,73,I,94915,94916,8,257,7,M_1086,Other
1087,pdnc,qID,Q168-1,the General,94984,94995,16,257,7,M_1087,Other
1088,booknlp,COREF,73,I,95043,95044,8,257,7,M_1088,Other
1089,pdnc,qID,Q168-1,the General,95089,95100,16,257,7,M_1089,Other
1090,booknlp,COREF,73,I,95132,95133,8,257,7,M_1090,Other
1091,pdnc,qID,Q169-0,Monsieur de Griers,95166,95184,8,258,7,M_1091,PROPN
1092,pdnc,qID,Q169-1,you,95221,95224,8,258,7,M_1092,Other
1093,pdnc,qID,Q169-1,you,95528,95531,8,258,7,M_1093,Other
1094,booknlp,COREF,73,yourself,95532,95540,8,258,7,M_1094,Other
1095,pdnc,qID,Q169-1,you,95580,95583,8,258,7,M_1095,Other
1096,exp,exp_name,the frenchman,The Frenchman,95675,95688,8,259,7,M_1096,PROPN
1097,booknlp,COREF,61,his,95768,95771,8,259,7,M_1097,Other
1098,booknlp,COREF,61,he,95782,95784,8,259,7,M_1098,Other
1099,booknlp,COREF,61,I,95820,95821,8,260,7,M_1099,Other
1100,pdnc,qID,Q170-0,the General,95840,95851,16,260,7,M_1100,Other
1101,booknlp,COREF,61,he,95854,95856,8,260,7,M_1101,Other
1102,booknlp,COREF,61,My,95945,95947,8,260,7,M_1102,Other
1103,booknlp,COREF,61,me,95967,95969,8,260,7,M_1103,Other
1104,booknlp,COREF,73,you,95984,95987,8,260,7,M_1104,Other
1105,booknlp,COREF,73,your,95998,96002,8,260,7,M_1105,Other
1106,booknlp,COREF,73,you,96036,96039,8,260,7,M_1106,Other
1107,booknlp,COREF,61,I,96056,96057,8,260,7,M_1107,Other
1108,pdnc,qID,Q170-1,he,96090,96092,16,260,7,M_1108,Other
1109,booknlp,COREF,61,me,96105,96107,8,260,7,M_1109,Other
1110,booknlp,COREF,73,you,96124,96127,8,260,7,M_1110,Other
1111,booknlp,COREF,73,you,96133,96136,8,260,7,M_1111,Other
1112,booknlp,COREF,73,your,96184,96188,8,260,7,M_1112,Other
1113,pdnc,qID,Q170-1,the Baron,96214,96223,14,260,7,M_1113,Other
1114,booknlp,COREF,73,you,96242,96245,8,260,7,M_1114,Other
1115,pdnc,qID,Q170-1,he,96256,96258,14,260,7,M_1115,Other
1116,pdnc,qID,Q170-1,the Baron,96260,96269,14,260,7,M_1116,Other
1117,booknlp,COREF,1935,his,96278,96281,14,260,7,M_1117,Other
1118,booknlp,COREF,73,you,96354,96357,8,260,7,M_1118,Other
1119,booknlp,COREF,73,you,96366,96369,8,260,7,M_1119,Other
1120,booknlp,COREF,73,yourself,96383,96391,8,260,7,M_1120,Other
1121,pdnc,qID,Q170-1,the General,96467,96478,16,260,7,M_1121,Other
1122,pdnc,qID,Q170-1,he,96529,96531,16,260,7,M_1122,Other
1123,pdnc,qID,Q170-1,you,96545,96548,4,260,7,M_1123,Other
1124,pdnc,qID,Q170-1,his,96559,96562,16,260,7,M_1124,Other
1125,booknlp,COREF,73,you,96608,96611,8,260,7,M_1125,Other
1126,booknlp,COREF,73,your,96617,96621,8,260,7,M_1126,Other
1127,booknlp,COREF,73,you,96677,96680,8,260,7,M_1127,Other
1128,exp,exp_name,the frenchman,the Frenchman,96729,96742,8,261,7,M_1128,PROPN
1129,exp,exp_name,the baron,the Baron,96831,96840,14,261,7,M_1129,PROPN
1130,exp,exp_name,monsieur de griers,Monsieur de Griers,96925,96943,8,261,7,M_1130,PROPN
1131,exp,exp_name,de griers,de Griers,97072,97081,8,262,7,M_1131,PROPN
1132,pdnc,qID,Q171-1,the General,97096,97107,16,262,7,M_1132,Other
1133,pdnc,qID,Q171-1,his,97182,97185,16,262,7,M_1133,Other
1134,pdnc,qID,Q171-1,your,97208,97212,4,262,7,M_1134,Other
1135,exp,exp_name,the frenchman,the Frenchman,97257,97270,8,263,7,M_1135,PROPN
1136,booknlp,COREF,180,his,97296,97299,8,263,7,M_1136,Other
1137,booknlp,COREF,180,he,97314,97316,8,263,7,M_1137,Other
1138,booknlp,COREF,180,his,97382,97385,8,263,7,M_1138,Other
1139,booknlp,COREF,180,he,97402,97404,8,263,7,M_1139,Other
1140,exp,exp_name,the baron,the Baron,97542,97551,14,263,7,M_1140,PROPN
1141,exp,exp_name,the general,the General,97585,97596,16,263,7,M_1141,PROPN
1142,exp,exp_name,the general,the General,97633,97644,16,263,7,M_1142,PROPN
1143,booknlp,COREF,150,he,97648,97650,16,263,7,M_1143,Other
1144,exp,exp_name,the baron,the Baron,98110,98119,14,263,7,M_1144,PROPN
1145,exp,exp_name,the baron,the Baron,98184,98193,14,263,7,M_1145,PROPN
1146,exp,exp_name,the baroness,the Baroness,98200,98212,6,263,7,M_1146,PROPN
1147,exp,exp_name,the baron,the Baron,98374,98383,14,263,7,M_1147,PROPN
1148,booknlp,COREF,1935,his,98454,98457,14,263,7,M_1148,Other
1149,exp,exp_name,the general,the General,98482,98493,16,263,7,M_1149,PROPN
1150,booknlp,COREF,1935,his,98506,98509,14,263,7,M_1150,Other
1151,exp,exp_name,the general,the General,98526,98537,16,263,7,M_1151,PROPN
1152,booknlp,COREF,1935,him,98644,98647,14,263,7,M_1152,Other
1153,exp,exp_name,the baron,the Baron,98649,98658,14,263,7,M_1153,PROPN
1154,booknlp,COREF,1935,his,98667,98670,14,263,7,M_1154,Other
1155,booknlp,COREF,1935,he,98726,98728,14,263,7,M_1155,Other
1156,exp,exp_name,the baroness,the Baroness,98733,98745,6,263,7,M_1156,PROPN
1157,exp,exp_name,the baron,the Baron,98904,98913,14,263,7,M_1157,PROPN
1158,booknlp,COREF,1935,his,98932,98935,14,263,7,M_1158,Other
1159,booknlp,COREF,1935,he,99030,99032,14,263,7,M_1159,Other
1160,exp,exp_name,the baron,the Baron,99076,99085,14,263,7,M_1160,PROPN
1161,booknlp,COREF,1935,him,99158,99161,14,263,7,M_1161,Other
1162,exp,exp_name,the baron,the Baron,99277,99286,14,263,7,M_1162,PROPN
1163,exp,exp_name,de griers,De Griers,99398,99407,8,264,7,M_1163,PROPN
1164,pdnc,qID,Q173-1,you,99429,99432,4,264,7,M_1164,Other
1165,pdnc,qID,Q173-1,Monsieur,99465,99473,4,264,7,M_1165,PROPN
1166,pdnc,qID,Q173-1,Monsieur,99475,99483,4,264,7,M_1166,PROPN
1167,booknlp,COREF,73,me,99491,99493,8,264,7,M_1167,Other
1168,booknlp,COREF,73,I,99499,99500,8,264,7,M_1168,Other
1169,pdnc,qID,Q173-1,your,99516,99520,4,264,7,M_1169,Other
1170,booknlp,COREF,73,I,99535,99536,8,264,7,M_1170,Other
1171,pdnc,qID,Q173-1,the General,99582,99593,16,264,7,M_1171,Other
1172,pdnc,qID,Q173-1,you,99607,99610,4,264,7,M_1172,Other
1173,pdnc,qID,Q174-0,you,99669,99672,8,265,7,M_1173,Other
1174,pdnc,qID,Q174-0,mon cher Marquis,99691,99707,8,265,7,M_1174,Other
1175,pdnc,qID,Q174-0,you,99727,99730,8,265,7,M_1175,Other
1176,pdnc,qID,Q175-0,The General,99755,99766,16,266,7,M_1176,Other
1177,pdnc,qID,Q176-0,the General,99783,99794,16,267,7,M_1177,Other
1178,pdnc,qID,Q176-0,he,99807,99809,16,267,7,M_1178,Other
1179,pdnc,qID,Q176-0,him,99860,99863,16,267,7,M_1179,Other
1180,pdnc,qID,Q176-0,he,99916,99918,16,267,7,M_1180,Other
1181,pdnc,qID,Q177-0,his,100025,100028,16,268,7,M_1181,Other
1182,exp,exp_name,de griers,De Griers,100049,100058,8,268,7,M_1182,PROPN
1183,pdnc,qID,Q177-1,You,100107,100110,4,268,7,M_1183,Other
1184,booknlp,COREF,50,Mlle,100131,100135,7,268,7,M_1184,PROPN
1185,exp,exp_name,cominges,Cominges,100140,100148,23,268,7,M_1185,PROPN
1186,pdnc,qID,Q177-1,you,100154,100157,4,268,7,M_1186,Other
1187,exp,exp_name,mlle. blanche,Mlle. Blanche,100166,100179,7,269,7,M_1187,PROPN
1188,pdnc,qID,Q178-0,you,100181,100184,8,269,7,M_1188,Other
1189,exp,exp_name,mlle. blanche,Mlle. Blanche,100199,100212,7,270,7,M_1189,PROPN
1190,exp,exp_name,cominges,Cominges,100216,100224,23,270,7,M_1190,PROPN
1191,pdnc,qID,Q179-0,you,100236,100239,4,270,7,M_1191,Other
1192,pdnc,qID,Q179-0,the General,100255,100266,16,270,7,M_1192,Other
1193,pdnc,qID,Q179-0,he,100342,100344,16,270,7,M_1193,Other
1194,pdnc,qID,Q179-0,him,100422,100425,16,270,7,M_1194,Other
1195,pdnc,qID,Q182-1,his,100682,100685,16,273,7,M_1195,Other
1196,pdnc,qID,Q182-2,Mlle,100793,100797,12,273,7,M_1196,PROPN
1197,pdnc,qID,Q182-2,the General,100811,100822,16,273,7,M_1197,Other
1198,pdnc,qID,Q182-2,they,100833,100837,16,273,7,M_1198,Other
1199,pdnc,qID,Q182-2,they,100862,100866,16,273,7,M_1199,Other
1200,pdnc,qID,Q182-2,the General,100919,100930,16,273,7,M_1200,Other
1201,booknlp,COREF,73,I,100947,100948,8,274,7,M_1201,Other
1202,pdnc,qID,Q183-0,you,100961,100964,4,274,7,M_1202,Other
1203,pdnc,qID,Q183-0,they,101012,101016,16,274,7,M_1203,Other
1204,pdnc,qID,Q183-0,The General,101048,101059,16,274,7,M_1204,Other
1205,exp,exp_name,madame,madame,101132,101138,5,275,7,M_1205,PROPN
1206,pdnc,qID,Q184-0,his,101139,101142,16,275,7,M_1206,Other
1207,exp,exp_name,de griers,De Griers,101153,101162,8,276,7,M_1207,PROPN
1208,booknlp,COREF,73,he,101218,101220,8,277,7,M_1208,Other
1209,booknlp,COREF,73,I,101235,101236,8,277,7,M_1209,Other
1210,pdnc,qID,Q185-1,your,101265,101269,4,277,7,M_1210,Other
1211,pdnc,qID,Q185-1,your,101303,101307,4,277,7,M_1211,Other
1212,booknlp,COREF,73,I,101329,101330,8,277,7,M_1212,Other
1213,pdnc,qID,Q185-1,you,101346,101349,4,277,7,M_1213,Other
1214,booknlp,COREF,73,I,101363,101364,8,277,7,M_1214,Other
1215,pdnc,qID,Q185-1,you,101440,101443,4,277,7,M_1215,Other
1216,pdnc,qID,Q185-1,you,101507,101510,4,277,7,M_1216,Other
1217,pdnc,qID,Q186-1,you,101624,101627,8,278,7,M_1217,Other
1218,pdnc,qID,Q186-1,you,101639,101642,8,278,7,M_1218,Other
1219,pdnc,qID,Q186-1,you,101703,101706,8,278,7,M_1219,Other
1220,pdnc,qID,Q186-1,you,101742,101745,8,278,7,M_1220,Other
1221,pdnc,qID,Q186-1,you,101786,101789,8,278,7,M_1221,Other
1222,pdnc,qID,Q187-1,you,101983,101986,4,279,7,M_1222,Other
1223,pdnc,qID,Q187-1,you,102073,102076,4,279,7,M_1223,Other
1224,pdnc,qID,Q187-1,you,102126,102129,4,279,7,M_1224,Other
1225,pdnc,qID,Q187-1,the Baron,102215,102224,14,279,7,M_1225,Other
1226,pdnc,qID,Q187-1,you,102239,102242,4,279,7,M_1226,Other
1227,pdnc,qID,Q187-1,you,102256,102259,4,279,7,M_1227,Other
1228,pdnc,qID,Q187-1,you,102355,102358,4,279,7,M_1228,Other
1229,pdnc,qID,Q187-1,you,102388,102391,4,279,7,M_1229,Other
1230,pdnc,qID,Q187-1,your,102425,102429,4,279,7,M_1230,Other
1231,pdnc,qID,Q187-1,the General,102449,102460,16,279,7,M_1231,Other
1232,pdnc,qID,Q187-1,you,102475,102478,4,279,7,M_1232,Other
1233,pdnc,qID,Q187-1,the Baron,102492,102501,14,279,7,M_1233,Other
1234,pdnc,qID,Q187-1,his,102517,102520,14,279,7,M_1234,Other
1235,pdnc,qID,Q187-1,you,102543,102546,4,279,7,M_1235,Other
1236,pdnc,qID,Q188-1,You,102640,102643,8,280,7,M_1236,Other
1237,pdnc,qID,Q188-1,Monsieur de Griers,102676,102694,8,280,7,M_1237,PROPN
1238,pdnc,qID,Q188-1,you,102743,102746,8,280,7,M_1238,Other
1239,pdnc,qID,Q188-1,Mr. Astley,102786,102796,10,280,7,M_1239,PROPN
1240,pdnc,qID,Q188-1,him,102807,102810,10,280,7,M_1240,Other
1241,pdnc,qID,Q188-1,He,102860,102862,10,280,7,M_1241,Other
1242,pdnc,qID,Q188-1,he,102915,102917,10,280,7,M_1242,Other
1243,pdnc,qID,Q188-1,He,102931,102933,10,280,7,M_1243,Other
1244,pdnc,qID,Q188-1,the Baron,102950,102959,14,280,7,M_1244,Other
1245,pdnc,qID,Q188-1,the Baron,102978,102987,14,280,7,M_1245,Other
1246,pdnc,qID,Q188-1,him,103026,103029,10,280,7,M_1246,Other
1247,pdnc,qID,Q188-1,Mr. Astley,103079,103089,10,280,7,M_1247,PROPN
1248,booknlp,COREF,54,his,103188,103191,10,280,7,M_1248,Other
1249,pdnc,qID,Q188-1,you,103208,103211,8,280,7,M_1249,Other
1250,pdnc,qID,Q188-1,the Baron,103236,103245,14,280,7,M_1250,Other
1251,pdnc,qID,Q188-1,Mr. Astley,103263,103273,10,280,7,M_1251,PROPN
1252,pdnc,qID,Q188-1,him,103289,103292,10,280,7,M_1252,Other
1253,booknlp,COREF,1935,he,103305,103307,14,280,7,M_1253,Other
1254,pdnc,qID,Q188-1,Mr. Astley,103326,103336,10,280,7,M_1254,PROPN
1255,booknlp,COREF,54,himself,103384,103391,10,280,7,M_1255,Other
1256,pdnc,qID,Q188-1,you,103397,103400,8,280,7,M_1256,Other
1257,pdnc,qID,Q188-1,the Baron,103466,103475,14,280,7,M_1257,Other
1258,pdnc,qID,Q188-1,his,103488,103491,10,280,7,M_1258,Other
1259,pdnc,qID,Q188-1,he,103501,103503,10,280,7,M_1259,Other
1260,pdnc,qID,Q188-1,you,103639,103642,8,280,7,M_1260,Other
1261,exp,exp_name,the frenchman,the Frenchman,103672,103685,8,281,7,M_1261,PROPN
1262,booknlp,COREF,180,him,103697,103700,8,281,7,M_1262,Other
1263,booknlp,COREF,180,he,103768,103770,8,281,7,M_1263,Other
1264,booknlp,COREF,54,he,103798,103800,10,281,7,M_1264,Other
1265,booknlp,COREF,180,I,103857,103858,8,282,7,M_1265,Other
1266,pdnc,qID,Q189-0,you,103866,103869,4,282,7,M_1266,Other
1267,booknlp,COREF,180,he,103895,103897,8,282,7,M_1267,Other
1268,pdnc,qID,Q189-1,you,103998,104001,4,282,7,M_1268,Other
1269,pdnc,qID,Q189-1,you,104078,104081,4,282,7,M_1269,Other
1270,booknlp,COREF,180,I,104095,104096,8,282,7,M_1270,Other
1271,pdnc,qID,Q189-1,you,104185,104188,4,282,7,M_1271,Other
1272,booknlp,COREF,180,I,104235,104236,8,282,7,M_1272,Other
1273,booknlp,COREF,180,he,104248,104250,8,282,7,M_1273,Other
1274,booknlp,COREF,180,he,104274,104276,8,282,7,M_1274,Other
1275,booknlp,COREF,180,I,104317,104318,8,282,7,M_1275,Other
1276,pdnc,qID,Q189-2,you,104349,104352,4,282,7,M_1276,Other
1277,booknlp,COREF,180,I,104415,104416,8,282,7,M_1277,Other
1278,pdnc,qID,Q189-2,her,104427,104430,12,282,7,M_1278,Other
1279,booknlp,COREF,180,he,104460,104462,8,283,7,M_1279,Other
1280,booknlp,COREF,180,his,104473,104476,8,283,7,M_1280,Other
1281,exp,exp_name,polina,Polina,104545,104551,12,283,7,M_1281,PROPN
1282,exp,exp_name,polina,POLINA,105026,105032,12,285,7,M_1282,PROPN
1283,pdnc,qID,Q191-0,you,105449,105452,8,288,7,M_1283,Other
1284,pdnc,qID,Q191-0,Mlle,105462,105466,12,288,7,M_1284,PROPN
1285,booknlp,COREF,50,herself,105483,105490,7,288,7,M_1285,Other
1286,pdnc,qID,Q191-1,you,105533,105536,8,288,7,M_1286,Other
1287,pdnc,qID,Q191-1,you,105541,105544,8,288,7,M_1287,Other
1288,pdnc,qID,Q191-1,you,105625,105628,8,288,7,M_1288,Other
1289,pdnc,qID,Q191-1,you,105679,105682,8,288,7,M_1289,Other
1290,pdnc,qID,Q191-1,you,105716,105719,8,288,7,M_1290,Other
1291,pdnc,qID,Q192-0,your,105855,105859,4,289,7,M_1291,Other
1292,pdnc,qID,Q192-0,you,105963,105966,4,289,7,M_1292,Other
1293,pdnc,qID,Q193-1,you,106013,106016,8,290,7,M_1293,Other
1294,pdnc,qID,Q193-1,you,106082,106085,8,290,7,M_1294,Other
1295,pdnc,qID,Q193-1,Monsieur de Griers,106143,106161,8,290,7,M_1295,PROPN
1296,pdnc,qID,Q195-0,You,106412,106415,8,293,7,M_1296,Other
1297,pdnc,qID,Q195-0,Master Frenchman,106453,106469,8,293,7,M_1297,PROPN
1298,exp,exp_name,polina,Polina,107036,107042,12,293,7,M_1298,PROPN
1299,booknlp,COREF,47,she,107085,107088,12,293,7,M_1299,Other
1300,booknlp,COREF,47,she,107115,107118,12,293,7,M_1300,Other
1301,booknlp,COREF,47,her,107338,107341,12,293,7,M_1301,Other
1302,booknlp,COREF,47,her,107442,107445,12,293,7,M_1302,Other
1303,booknlp,COREF,47,her,107471,107474,12,293,7,M_1303,Other
1304,exp,exp_name,polina,Polina,107541,107547,12,293,7,M_1304,PROPN
1305,booknlp,COREF,47,herself,107548,107555,12,293,7,M_1305,Other
1306,booknlp,COREF,47,her,107576,107579,12,293,7,M_1306,Other
1307,booknlp,COREF,47,herself,107611,107618,12,293,7,M_1307,Other
1308,booknlp,COREF,47,her,107690,107693,12,293,7,M_1308,Other
1309,booknlp,COREF,47,her,107744,107747,12,293,7,M_1309,Other
1310,pdnc,qID,Q196-0,you,107924,107927,4,296,8,M_1310,Other
1311,pdnc,qID,Q196-1,you,107944,107947,4,296,8,M_1311,Other
1312,pdnc,qID,Q196-1,you,107989,107992,4,296,8,M_1312,Other
1313,pdnc,qID,Q196-1,your,108010,108014,4,296,8,M_1313,Other
1314,pdnc,qID,Q197-0,you,108036,108039,10,297,8,M_1314,Other
1315,pdnc,qID,Q199-0,you,108251,108254,10,299,8,M_1315,Other
1316,pdnc,qID,Q200-0,you,108320,108323,4,300,8,M_1316,Other
1317,pdnc,qID,Q200-0,you,108338,108341,4,300,8,M_1317,Other
1318,pdnc,qID,Q200-0,you,108375,108378,4,300,8,M_1318,Other
1319,pdnc,qID,Q201-0,you,108414,108417,10,301,8,M_1319,Other
1320,pdnc,qID,Q201-0,Mr. Astley,108423,108433,10,301,8,M_1320,PROPN
1321,pdnc,qID,Q201-1,you,108547,108550,10,301,8,M_1321,Other
1322,exp,exp_name,astley,Astley,108811,108817,10,302,8,M_1322,PROPN
1323,booknlp,COREF,54,he,108864,108866,10,302,8,M_1323,Other
1324,booknlp,COREF,54,himself,108876,108883,10,302,8,M_1324,Other
1325,booknlp,COREF,54,I,108999,109000,10,304,8,M_1325,Other
1326,booknlp,COREF,54,he,109017,109019,10,304,8,M_1326,Other
1327,booknlp,COREF,54,him,109091,109094,10,305,8,M_1327,Other
1328,booknlp,COREF,54,him,109132,109135,10,305,8,M_1328,Other
1329,exp,exp_name,polina,Polina,109151,109157,12,305,8,M_1329,PROPN
1330,exp,exp_name,astley,Astley,109341,109347,10,305,8,M_1330,PROPN
1331,exp,exp_name,a man,a man,109348,109353,2,305,8,M_1331,PROPN
1332,exp,exp_name,polina,Polina,109417,109423,12,305,8,M_1332,PROPN
1333,booknlp,COREF,54,him,109457,109460,10,305,8,M_1333,Other
1334,booknlp,COREF,54,he,109471,109473,10,305,8,M_1334,Other
1335,booknlp,COREF,47,her,109489,109492,12,305,8,M_1335,Other
1336,booknlp,COREF,54,he,109521,109523,10,305,8,M_1336,Other
1337,booknlp,COREF,54,himself,109545,109552,10,305,8,M_1337,Other
1338,booknlp,COREF,54,his,109562,109565,10,305,8,M_1338,Other
1339,booknlp,COREF,54,him,109642,109645,10,305,8,M_1339,Other
1340,booknlp,COREF,54,him,109669,109672,10,305,8,M_1340,Other
1341,booknlp,COREF,54,him,109955,109958,10,305,8,M_1341,Other
1342,exp,exp_name,the frenchman,the Frenchman,110068,110081,8,305,8,M_1342,PROPN
1343,exp,exp_name,mr. astley,Mr. Astley,110118,110128,10,306,8,M_1343,PROPN
1344,booknlp,COREF,54,he,110151,110153,10,306,8,M_1344,Other
1345,booknlp,COREF,54,he,110209,110211,10,306,8,M_1345,Other
1346,booknlp,COREF,54,he,110221,110223,10,306,8,M_1346,Other
1347,exp,exp_name,the frenchman,the Frenchman,110281,110294,8,306,8,M_1347,PROPN
1348,booknlp,COREF,54,he,110296,110298,10,306,8,M_1348,Other
1349,booknlp,COREF,54,he,110390,110392,10,306,8,M_1349,Other
1350,booknlp,COREF,54,his,110426,110429,10,306,8,M_1350,Other
1351,pdnc,qID,Q205-0,this Marquis,110509,110521,8,308,8,M_1351,Other
1352,pdnc,qID,Q205-0,Mlle. Polina ,110526,110539,12,308,8,M_1352,Other
1353,pdnc,qID,Q205-0,you,110539,110542,4,308,8,M_1353,Other
1354,pdnc,qID,Q207-0,you,110756,110759,4,311,8,M_1354,Other
1355,booknlp,COREF,54,me,110801,110803,10,311,8,M_1355,Other
1356,booknlp,COREF,54,him,110972,110975,10,312,8,M_1356,Other
1357,exp,exp_name,polina,Polina,111027,111033,12,312,8,M_1357,PROPN
1358,exp,exp_name,the baron,the Baron,111067,111076,14,312,8,M_1358,PROPN
1359,exp,exp_name,the general,the General,111098,111109,16,312,8,M_1359,PROPN
1360,exp,exp_name,de griers,De Griers,111163,111172,8,312,8,M_1360,PROPN
1361,exp,exp_name,astley,Astley,111223,111229,10,312,8,M_1361,PROPN
1362,pdnc,qID,Q209-0,you,111278,111281,10,313,8,M_1362,Other
1363,pdnc,qID,Q209-1,you,111316,111319,10,313,8,M_1363,Other
1364,pdnc,qID,Q209-1,you,111345,111348,10,313,8,M_1364,Other
1365,pdnc,qID,Q209-1,your,111349,111353,10,313,8,M_1365,Other
1366,pdnc,qID,Q209-1,this Frenchman,111395,111409,8,313,8,M_1366,Other
1367,booknlp,COREF,54,I,111463,111464,10,314,8,M_1367,Other
1368,exp,exp_name,mr. astley,Mr. Astley,111495,111505,10,314,8,M_1368,PROPN
1369,pdnc,qID,Q210-1,Mlle. Polina ,111515,111528,12,314,8,M_1369,Other
1370,pdnc,qID,Q210-1,you,111534,111537,4,314,8,M_1370,Other
1371,booknlp,COREF,54,yourself,111538,111546,10,314,8,M_1371,Other
1372,pdnc,qID,Q210-1,you,111714,111717,4,314,8,M_1372,Other
1373,booknlp,COREF,54,my,111763,111765,10,314,8,M_1373,Other
1374,booknlp,COREF,54,I,111776,111777,10,314,8,M_1374,Other
1375,pdnc,qID,Q210-1,you,111789,111792,4,314,8,M_1375,Other
1376,booknlp,COREF,54,yourself,111806,111814,10,314,8,M_1376,Other
1377,pdnc,qID,Q210-1,Mlle. Polina s,111854,111868,12,314,8,M_1377,Other
1378,pdnc,qID,Q210-1,she,111941,111944,12,314,8,M_1378,Other
1379,pdnc,qID,Q210-1,you,111974,111977,4,314,8,M_1379,Other
1380,pdnc,qID,Q210-1,you,111994,111997,4,314,8,M_1380,Other
1381,pdnc,qID,Q210-1,the Baron,112015,112024,14,314,8,M_1381,Other
1382,pdnc,qID,Q210-1,he,112066,112068,14,314,8,M_1382,Other
1383,pdnc,qID,Q210-1,he,112091,112093,14,314,8,M_1383,Other
1384,pdnc,qID,Q210-1,his,112110,112113,14,314,8,M_1384,Other
1385,pdnc,qID,Q210-1,Mlle. Polina,112203,112215,12,314,8,M_1385,Other
1386,pdnc,qID,Q210-1,she,112261,112264,12,314,8,M_1386,Other
1387,pdnc,qID,Q210-1,you,112290,112293,4,314,8,M_1387,Other
1388,pdnc,qID,Q210-1,her,112310,112313,12,314,8,M_1388,Other
1389,pdnc,qID,Q211-0,you,112347,112350,10,315,8,M_1389,Other
1390,exp,exp_name,mr. astley,Mr. Astley,112391,112401,10,315,8,M_1390,PROPN
1391,pdnc,qID,Q211-1,you,112432,112435,10,315,8,M_1391,Other
1392,pdnc,qID,Q211-1,Mlle. Polina,112498,112510,12,315,8,M_1392,Other
1393,booknlp,COREF,47,herself,112511,112518,12,315,8,M_1393,Other
1394,booknlp,COREF,54,he,112532,112534,10,316,8,M_1394,Other
1395,pdnc,qID,Q212-0,Your,112566,112570,4,317,8,M_1395,Other
1396,booknlp,COREF,54,he,112594,112596,10,317,8,M_1396,Other
1397,booknlp,COREF,54,his,112619,112622,10,317,8,M_1397,Other
1398,booknlp,COREF,54,I,112649,112650,10,317,8,M_1398,Other
1399,pdnc,qID,Q212-1,you,112676,112679,4,317,8,M_1399,Other
1400,booknlp,COREF,54,I,112745,112746,10,317,8,M_1400,Other
1401,booknlp,COREF,54,I,112779,112780,10,317,8,M_1401,Other
1402,pdnc,qID,Q212-1,your,112809,112813,4,317,8,M_1402,Other
1403,pdnc,qID,Q213-0,You,112836,112839,10,318,8,M_1403,Other
1404,exp,exp_name,polina,Polina,113015,113021,12,318,8,M_1404,PROPN
1405,exp,exp_name,astley,Astley,113034,113040,10,318,8,M_1405,PROPN
1406,booknlp,COREF,47,her,113054,113057,12,318,8,M_1406,Other
1407,booknlp,COREF,54,him,113108,113111,10,318,8,M_1407,Other
1408,exp,exp_name,polina,Polina,113144,113150,12,318,8,M_1408,PROPN
1409,booknlp,COREF,47,her,113384,113387,12,318,8,M_1409,Other
1410,exp,exp_name,astley,Astley,113652,113658,10,319,8,M_1410,PROPN
1411,pdnc,qID,Q214-1,you,113735,113738,10,319,8,M_1411,Other
1412,pdnc,qID,Q214-1,you,113785,113788,10,319,8,M_1412,Other
1413,pdnc,qID,Q214-1,your,113835,113839,10,319,8,M_1413,Other
1414,pdnc,qID,Q215-0,you,113917,113920,10,321,8,M_1414,Other
1415,pdnc,qID,Q215-0,the General,113932,113943,16,321,8,M_1415,Other
1416,pdnc,qID,Q215-0,De Griers,114064,114073,8,321,8,M_1416,PROPN
1417,pdnc,qID,Q215-0,his,114107,114110,8,321,8,M_1417,Other
1418,pdnc,qID,Q215-0,he,114120,114122,8,321,8,M_1418,Other
1419,pdnc,qID,Q215-0,he,114249,114251,8,321,8,M_1419,Other
1420,pdnc,qID,Q215-0,De Griers,114254,114263,8,321,8,M_1420,PROPN
1421,pdnc,qID,Q215-0,you,114324,114327,10,321,8,M_1421,Other
1422,pdnc,qID,Q215-0,he,114338,114340,8,321,8,M_1422,Other
1423,pdnc,qID,Q215-0,he,114378,114380,8,321,8,M_1423,Other
1424,pdnc,qID,Q215-0,his,114403,114406,8,321,8,M_1424,Other
1425,pdnc,qID,Q215-0,Mlle. Polina s,114412,114426,12,321,8,M_1425,Other
1426,pdnc,qID,Q215-0,Mlle. Polina,114475,114487,12,321,8,M_1426,Other
1427,pdnc,qID,Q215-0,she,114603,114606,12,321,8,M_1427,Other
1428,pdnc,qID,Q215-0,the Frenchman,114631,114644,8,321,8,M_1428,Other
1429,pdnc,qID,Q215-0,she,114652,114655,12,321,8,M_1429,Other
1430,pdnc,qID,Q215-0,her,114729,114732,12,321,8,M_1430,Other
1431,pdnc,qID,Q215-0,she,114772,114775,12,321,8,M_1431,Other
1432,pdnc,qID,Q215-0,this precious Baron,114843,114862,14,321,8,M_1432,Other
1433,pdnc,qID,Q215-0,you,114895,114898,10,321,8,M_1433,Other
1434,pdnc,qID,Q215-0,the General,114911,114922,16,321,8,M_1434,Other
1435,pdnc,qID,Q215-0,Mlle. Blanche de Cominges,114944,114969,7,321,8,M_1435,Other
1436,booknlp,COREF,73,He,114971,114973,8,321,8,M_1436,Other
1437,booknlp,COREF,73,he,115028,115030,8,321,8,M_1437,Other
1438,pdnc,qID,Q215-0,your,115082,115086,10,321,8,M_1438,Other
1439,pdnc,qID,Q215-0,Your,115106,115110,10,321,8,M_1439,Other
1440,pdnc,qID,Q215-0,you,115134,115137,10,321,8,M_1440,Other
1441,exp,exp_name,mr. astley,Mr. Astley,115170,115180,10,322,8,M_1441,PROPN
1442,booknlp,COREF,54,I,115207,115208,10,323,8,M_1442,Other
1443,booknlp,COREF,54,I,115215,115216,10,323,8,M_1443,Other
1444,pdnc,qID,Q216-0,you,115246,115249,4,323,8,M_1444,Other
1445,booknlp,COREF,54,he,115255,115257,10,323,8,M_1445,Other
1446,pdnc,qID,Q216-1,Mlle. Blanche,115300,115313,7,323,8,M_1446,Other
1447,booknlp,COREF,54,I,115323,115324,10,323,8,M_1447,Other
1448,pdnc,qID,Q217-0,Mlle. Blanche,115354,115367,7,324,8,M_1448,Other
1449,exp,exp_name,polina,Polina,115486,115492,12,324,8,M_1449,PROPN
1450,pdnc,qID,Q218-0,Mlle. Blanche,115543,115556,7,325,8,M_1450,Other
1451,pdnc,qID,Q218-0,the Baron,115632,115641,14,325,8,M_1451,Other
1452,pdnc,qID,Q218-0,the Baroness,115646,115658,6,325,8,M_1452,Other
1453,pdnc,qID,Q220-0,you,115760,115763,4,327,8,M_1453,Other
1454,pdnc,qID,Q220-0,Mlle. Blanche,115769,115782,7,327,8,M_1454,Other
1455,pdnc,qID,Q220-0,she,115821,115824,7,327,8,M_1455,Other
1456,pdnc,qID,Q220-0,Mlle. Blanche,115918,115931,7,327,8,M_1456,Other
1457,pdnc,qID,Q220-0,Mlle. de Cominges,115949,115966,7,327,8,M_1457,Other
1458,booknlp,COREF,50,her,115976,115979,7,327,8,M_1458,Other
1459,exp,exp_name,cominges,Cominges,116001,116009,23,327,8,M_1459,PROPN
1460,pdnc,qID,Q220-0,De Griers,116076,116085,8,327,8,M_1460,PROPN
1461,pdnc,qID,Q220-0,they,116208,116212,8,327,8,M_1461,Other
1462,pdnc,qID,Q220-0,the _Marquisate_ de Griers,116273,116299,8,327,8,M_1462,Other
1463,pdnc,qID,Q220-0,De Griers,116404,116413,8,327,8,M_1463,PROPN
1464,pdnc,qID,Q220-0,the said  Marquis,116498,116515,8,327,8,M_1464,Other
1465,pdnc,qID,Q221-0,he,116559,116561,8,328,8,M_1465,Other
1466,pdnc,qID,Q222-0,Mlle. Blanche,116611,116624,7,329,8,M_1466,Other
1467,pdnc,qID,Q222-0,she,116680,116683,7,329,8,M_1467,Other
1468,pdnc,qID,Q222-0,the Baroness,116735,116747,6,329,8,M_1468,Other
1469,pdnc,qID,Q222-0,she,116786,116789,7,329,8,M_1469,Other
1470,pdnc,qID,Q224-0,you,116832,116835,4,331,8,M_1470,Other
1471,pdnc,qID,Q224-0,she,116841,116844,7,331,8,M_1471,Other
1472,exp,exp_name,a man,a man,116915,116920,2,331,8,M_1472,PROPN
1473,pdnc,qID,Q224-0,Mlle. Blanche,117123,117136,7,331,8,M_1473,Other
1474,pdnc,qID,Q224-0,her,117196,117199,7,331,8,M_1474,Other
1475,pdnc,qID,Q224-0,she,117288,117291,7,331,8,M_1475,Other
1476,pdnc,qID,Q224-0,her,117359,117362,7,331,8,M_1476,Other
1477,pdnc,qID,Q224-0,Mlle. Zelma,117475,117486,7,331,8,M_1477,Other
1478,pdnc,qID,Q224-0,she,117503,117506,7,331,8,M_1478,Other
1479,exp,exp_name,madame,Madame,117533,117539,5,331,8,M_1479,PROPN
1480,pdnc,qID,Q224-0,She,117567,117570,7,331,8,M_1480,Other
1481,pdnc,qID,Q224-0,her,117625,117628,7,331,8,M_1481,Other
1482,pdnc,qID,Q224-0,her,117640,117643,7,331,8,M_1482,Other
1483,pdnc,qID,Q224-0,you,117704,117707,4,331,8,M_1483,Other
1484,pdnc,qID,Q224-0,Mlle. Zelma,117779,117790,7,331,8,M_1484,Other
1485,pdnc,qID,Q224-0,her,117799,117802,7,331,8,M_1485,Other
1486,pdnc,qID,Q224-0,her,117836,117839,7,331,8,M_1486,Other
1487,pdnc,qID,Q224-0,her,117850,117853,7,331,8,M_1487,Other
1488,pdnc,qID,Q224-0,him,117893,117896,16,331,8,M_1488,Other
1489,pdnc,qID,Q224-0,she,117974,117977,7,331,8,M_1489,Other
1490,pdnc,qID,Q224-0,Mlle. Zelma,118054,118065,7,331,8,M_1490,Other
1491,pdnc,qID,Q224-0,her,118096,118099,7,331,8,M_1491,Other
1492,pdnc,qID,Q224-0,her,118147,118150,7,331,8,M_1492,Other
1493,pdnc,qID,Q224-0,she,118164,118167,7,331,8,M_1493,Other
1494,pdnc,qID,Q224-0,she,118200,118203,7,331,8,M_1494,Other
1495,pdnc,qID,Q224-0,her,118211,118214,7,331,8,M_1495,Other
1496,pdnc,qID,Q224-0,you,118399,118402,4,331,8,M_1496,Other
1497,pdnc,qID,Q226-0,Mlle. Zelma,118724,118735,7,333,8,M_1497,Other
1498,pdnc,qID,Q226-0,her,118780,118783,7,333,8,M_1498,Other
1499,pdnc,qID,Q226-0,Mlle. Zelma ,119031,119043,7,333,8,M_1499,Other
1500,pdnc,qID,Q226-0,her,119117,119120,7,333,8,M_1500,Other
1501,pdnc,qID,Q226-0,she,119148,119151,7,333,8,M_1501,Other
1502,pdnc,qID,Q226-0,her,119175,119178,7,333,8,M_1502,Other
1503,pdnc,qID,Q226-0,her,119226,119229,7,333,8,M_1503,Other
1504,pdnc,qID,Q226-0,she,119246,119249,7,333,8,M_1504,Other
1505,pdnc,qID,Q226-0,her,119273,119276,7,333,8,M_1505,Other
1506,pdnc,qID,Q226-0,her,119298,119301,7,333,8,M_1506,Other
1507,exp,exp_name,baron burmergelm,Baron Burmergelm,119311,119327,14,333,8,M_1507,PROPN
1508,pdnc,qID,Q226-0,her,119349,119352,7,333,8,M_1508,Other
1509,pdnc,qID,Q226-0,his,119380,119383,14,333,8,M_1509,Other
1510,pdnc,qID,Q226-0,Mlle.,119403,119408,7,333,8,M_1510,Other
1511,pdnc,qID,Q226-0,him,119444,119447,14,333,8,M_1511,Other
1512,pdnc,qID,Q226-0,her,119453,119456,7,333,8,M_1512,Other
1513,pdnc,qID,Q226-0,him,119485,119488,14,333,8,M_1513,Other
1514,pdnc,qID,Q226-0,her,119502,119505,7,333,8,M_1514,Other
1515,pdnc,qID,Q226-0,the Baroness,119572,119584,6,333,8,M_1515,Other
1516,pdnc,qID,Q226-0,Mlle.,119616,119621,7,333,8,M_1516,Other
1517,pdnc,qID,Q226-0,you,119653,119656,4,333,8,M_1517,Other
1518,pdnc,qID,Q226-0,Mlle. Zelma,119823,119834,7,333,8,M_1518,Other
1519,pdnc,qID,Q226-0,his,119838,119841,14,333,8,M_1519,Other
1520,pdnc,qID,Q226-0,you,119888,119891,4,333,8,M_1520,Other
1521,pdnc,qID,Q226-0,Mlle.,119893,119898,7,333,8,M_1521,Other
1522,exp,exp_name,madame,Madame,119915,119921,5,333,8,M_1522,PROPN
1523,exp,exp_name,general,General,119922,119929,16,333,8,M_1523,PROPN
1524,pdnc,qID,Q226-0,she,119957,119960,7,333,8,M_1524,Other
1525,pdnc,qID,Q226-0,she,120034,120037,7,333,8,M_1525,Other
1526,pdnc,qID,Q226-0,she,120075,120078,7,333,8,M_1526,Other
1527,pdnc,qID,Q226-0,she,120145,120148,7,333,8,M_1527,Other
1528,pdnc,qID,Q226-0,the unfortunate General,120242,120265,16,333,8,M_1528,Other
1529,pdnc,qID,Q226-0,her,120280,120283,7,333,8,M_1529,Other
1530,pdnc,qID,Q226-0,De Griers,120316,120325,8,333,8,M_1530,PROPN
1531,pdnc,qID,Q226-0,the latter,120346,120356,8,333,8,M_1531,Other
1532,pdnc,qID,Q226-0,her,120393,120396,7,333,8,M_1532,Other
1533,pdnc,qID,Q226-0,you,120411,120414,4,333,8,M_1533,Other
1534,pdnc,qID,Q226-0,Mlle.,120487,120492,7,333,8,M_1534,Other
1535,pdnc,qID,Q226-0,the Baron,120538,120547,14,333,8,M_1535,Other
1536,pdnc,qID,Q226-0,the Baroness,120552,120564,6,333,8,M_1536,Other
1537,booknlp,COREF,50,herself,120574,120581,7,333,8,M_1537,Other
1538,pdnc,qID,Q226-0,her,120607,120610,7,333,8,M_1538,Other
1539,pdnc,qID,Q226-0,You,120658,120661,4,333,8,M_1539,Other
1540,pdnc,qID,Q226-0,yours,120729,120734,4,333,8,M_1540,Other
1541,pdnc,qID,Q226-0,she,120790,120793,7,333,8,M_1541,Other
1542,pdnc,qID,Q226-0,the General,120828,120839,16,333,8,M_1542,Other
1543,pdnc,qID,Q226-0,Mlle. Polina,120848,120860,12,333,8,M_1543,Other
1544,pdnc,qID,Q226-0,you,120871,120874,4,333,8,M_1544,Other
1545,pdnc,qID,Q227-1,Mr. Astley,121044,121054,10,334,8,M_1545,PROPN
1546,pdnc,qID,Q227-1,you,121064,121067,10,334,8,M_1546,Other
1547,pdnc,qID,Q227-1,this Mlle. Blanche,121132,121150,7,334,8,M_1547,Other
1548,pdnc,qID,Q227-1,you,121155,121158,10,334,8,M_1548,Other
1549,pdnc,qID,Q227-1,the General,121189,121200,16,334,8,M_1549,Other
1550,pdnc,qID,Q227-1,Mlle. Polina,121220,121232,12,334,8,M_1550,Other
1551,exp,exp_name,mlle. blanche,Mlle. Blanche,121303,121316,7,334,8,M_1551,PROPN
1552,pdnc,qID,Q227-2,you,121330,121333,10,334,8,M_1552,Other
1553,pdnc,qID,Q228-0,you,121379,121382,4,335,8,M_1553,Other
1554,pdnc,qID,Q228-1,you,121426,121429,4,335,8,M_1554,Other
1555,pdnc,qID,Q228-1,you,121486,121489,4,335,8,M_1555,Other
1556,pdnc,qID,Q228-1,the General,121509,121520,16,335,8,M_1556,Other
1557,pdnc,qID,Q228-1,Mlle. Blanche,121538,121551,7,335,8,M_1557,Other
1558,pdnc,qID,Q228-1,the unhappy man,121572,121587,16,335,8,M_1558,Other
1559,pdnc,qID,Q228-1,her,121611,121614,7,335,8,M_1559,Other
1560,pdnc,qID,Q228-1,Mlle. Polina,121619,121631,12,335,8,M_1560,Other
1561,pdnc,qID,Q228-1,this Frenchwoman,121654,121670,7,335,8,M_1561,Other
1562,pdnc,qID,Q228-1,De Griers,121704,121713,8,335,8,M_1562,PROPN
1563,pdnc,qID,Q228-1,the General,121721,121732,16,335,8,M_1563,Other
1564,pdnc,qID,Q228-1,He,121778,121780,16,335,8,M_1564,Other
1565,pdnc,qID,Q228-1,his,121810,121813,16,335,8,M_1565,Other
1566,pdnc,qID,Q228-1,him,121832,121835,16,335,8,M_1566,Other
1567,pdnc,qID,Q228-1,his,121841,121844,16,335,8,M_1567,Other
1568,pdnc,qID,Q228-1,he,121877,121879,16,335,8,M_1568,Other
1569,pdnc,qID,Q228-1,him,121899,121902,16,335,8,M_1569,Other
1570,pdnc,qID,Q228-1,he,121940,121942,16,335,8,M_1570,Other
1571,exp,exp_name,a man,a man,121947,121952,2,335,8,M_1571,PROPN
1572,pdnc,qID,Q228-1,Mlle. Polina,122053,122065,12,335,8,M_1572,Other
1573,pdnc,qID,Q228-2,you,122142,122145,4,335,8,M_1573,Other
1574,pdnc,qID,Q228-2,your,122170,122174,4,335,8,M_1574,Other
1575,pdnc,qID,Q228-2,you,122243,122246,4,335,8,M_1575,Other
1576,pdnc,qID,Q229-1,Mlle. Polina,122310,122322,12,336,8,M_1576,Other
1577,pdnc,qID,Q229-1,this Mlle. Blanche,122339,122357,7,336,8,M_1577,Other
1578,booknlp,COREF,47,herself,122376,122383,12,336,8,M_1578,Other
1579,pdnc,qID,Q229-1,her Frenchman,122397,122410,7,336,8,M_1579,Other
1580,pdnc,qID,Q229-1,she,122423,122426,12,336,8,M_1580,Other
1581,pdnc,qID,Q229-1,Mlle. Blanche,122467,122480,7,336,8,M_1581,Other
1582,pdnc,qID,Q229-1,her,122540,122543,12,336,8,M_1582,Other
1583,pdnc,qID,Q229-1,this Frenchwoman,122570,122586,7,336,8,M_1583,Other
1584,pdnc,qID,Q229-1,the Baron,122621,122630,14,336,8,M_1584,Other
1585,pdnc,qID,Q229-1,she,122726,122729,12,336,8,M_1585,Other
1586,booknlp,COREF,47,herself,122730,122737,12,336,8,M_1586,Other
1587,pdnc,qID,Q229-1,the Baron,122764,122773,14,336,8,M_1587,Other
1588,pdnc,qID,Q230-0,You,122837,122840,4,337,8,M_1588,Other
1589,pdnc,qID,Q230-0,this Mlle. de Cominges,122874,122896,7,337,8,M_1589,Other
1590,pdnc,qID,Q230-0,the General,122900,122911,16,337,8,M_1590,Other
1591,pdnc,qID,Q230-0,Mlle. Polina,122956,122968,12,337,8,M_1591,Other
1592,pdnc,qID,Q230-0,the General,122970,122981,16,337,8,M_1592,Other
1593,pdnc,qID,Q230-0,the General,123053,123064,16,337,8,M_1593,Other
1594,pdnc,qID,Q230-0,this madman,123109,123120,16,337,8,M_1594,Other
1595,pdnc,qID,Q231-0,the General,123467,123478,16,338,8,M_1595,Other
1596,exp,exp_name,mr. astley,Mr. Astley,123508,123518,10,339,8,M_1596,PROPN
1597,pdnc,qID,Q234-0,the General,123779,123790,16,341,8,M_1597,Other
1598,pdnc,qID,Q234-0,Mlle. Polina,123803,123815,12,341,8,M_1598,Other
1599,pdnc,qID,Q234-0,De Griers ,123838,123848,8,341,8,M_1599,PROPN
1600,pdnc,qID,Q235-0,De Griers,123861,123870,8,342,8,M_1600,PROPN
1601,pdnc,qID,Q236-0,his,123890,123893,8,343,8,M_1601,Other
1602,pdnc,qID,Q236-0,he,123915,123917,8,343,8,M_1602,Other
1603,pdnc,qID,Q237-0,You,123947,123950,10,344,8,M_1603,Other
1604,pdnc,qID,Q237-0,he,123962,123964,8,344,8,M_1604,Other
1605,booknlp,COREF,54,I,123991,123992,10,345,8,M_1605,Other
1606,exp,exp_name,mr. astley,Mr. Astley,124025,124035,10,345,8,M_1606,PROPN
1607,pdnc,qID,Q239-1,He,124089,124091,8,346,8,M_1607,Other
1608,pdnc,qID,Q239-1,Mlle. Polina,124164,124176,12,346,8,M_1608,Other
1609,pdnc,qID,Q239-1,she,124225,124228,12,346,8,M_1609,Other
1610,pdnc,qID,Q239-1,the Frenchman,124253,124266,8,346,8,M_1610,Other
1611,pdnc,qID,Q239-1,Polina,124381,124387,12,346,8,M_1611,Other
1612,pdnc,qID,Q239-1,her,124465,124468,12,346,8,M_1612,Other
1613,pdnc,qID,Q239-1,she,124485,124488,12,346,8,M_1613,Other
1614,pdnc,qID,Q239-1,Polina,124588,124594,12,346,8,M_1614,Other
1615,pdnc,qID,Q239-1,She,124625,124628,12,346,8,M_1615,Other
1616,pdnc,qID,Q239-1,she,124629,124632,12,346,8,M_1616,Other
1617,exp,exp_name,alexis ivanovitch,Alexis Ivanovitch,124737,124754,4,346,8,M_1617,PROPN
1618,pdnc,qID,Q240-0,you,125004,125007,4,348,8,M_1618,Other
1619,pdnc,qID,Q240-0,her,125212,125215,5,348,8,M_1619,Other
1620,pdnc,qID,Q240-0,She,125242,125245,5,348,8,M_1620,Other
1621,pdnc,qID,Q241-0,she,125292,125295,5,349,8,M_1621,Other
1622,pdnc,qID,Q241-0,her,125318,125321,5,349,8,M_1622,Other
1623,pdnc,qID,Q241-0,She,125342,125345,5,349,8,M_1623,Other
1624,pdnc,qID,Q242-0,she,125377,125380,5,350,8,M_1624,Other
1625,exp,exp_name,mr. astley,Mr. Astley,125395,125405,10,350,8,M_1625,PROPN
1626,pdnc,qID,Q243-0,Alexis Ivanovitch,125409,125426,4,351,8,M_1626,PROPN
1627,pdnc,qID,Q243-0,Alexis Ivanovitch,125428,125445,4,351,8,M_1627,PROPN
1628,exp,exp_name,the landlord,the landlord,125903,125915,18,354,9,M_1628,PROPN
1629,exp,exp_name,grandmother,grandmother,126171,126182,5,354,9,M_1629,PROPN
1630,booknlp,COREF,396,she,126198,126201,5,354,9,M_1630,Other
1631,exp,exp_name,antonida vassilievna tarassevitcha,Antonida Vassilievna Tarassevitcha,126253,126287,5,354,9,M_1631,PROPN
1632,exp,exp_name,the general,the General,126855,126866,16,354,9,M_1632,PROPN
1633,pdnc,qID,Q244-0,her,127215,127218,5,355,9,M_1633,Other
1634,pdnc,qID,Q244-0,her,127238,127241,5,355,9,M_1634,Other
1635,pdnc,qID,Q244-1,she,127275,127278,5,355,9,M_1635,Other
1636,pdnc,qID,Q244-1,the General,127405,127416,16,355,9,M_1636,Other
1637,pdnc,qID,Q244-1,She,127418,127421,5,355,9,M_1637,Other
1638,pdnc,qID,Q245-0,My good sir,127458,127469,4,356,9,M_1638,Other
1639,pdnc,qID,Q245-1,you,127529,127532,4,356,9,M_1639,Other
1640,pdnc,qID,Q245-1,your,127560,127564,4,356,9,M_1640,Other
1641,pdnc,qID,Q245-1,your,127592,127596,4,356,9,M_1641,Other
1642,pdnc,qID,Q245-1,you,127610,127613,4,356,9,M_1642,Other
1643,pdnc,qID,Q245-1,you,127634,127637,4,356,9,M_1643,Other
1644,pdnc,qID,Q245-1,you,127646,127649,4,356,9,M_1644,Other
1645,pdnc,qID,Q245-1,you,127682,127685,4,356,9,M_1645,Other
1646,pdnc,qID,Q245-1,Potapitch,127710,127719,13,356,9,M_1646,Other
1647,pdnc,qID,Q245-2,Alexis Ivanovitch,127903,127920,4,356,9,M_1647,PROPN
1648,pdnc,qID,Q245-2,you,128128,128131,4,356,9,M_1648,Other
1649,pdnc,qID,Q246-0,Antonida Vassilievna,128155,128175,5,357,9,M_1649,PROPN
1650,pdnc,qID,Q246-1,you,128268,128271,5,357,9,M_1650,Other
1651,pdnc,qID,Q246-1,you,128314,128317,5,357,9,M_1651,Other
1652,pdnc,qID,Q247-0,you,128382,128385,4,358,9,M_1652,Other
1653,pdnc,qID,Q247-0,you,128518,128521,4,358,9,M_1653,Other
1654,pdnc,qID,Q249-1,the General,128763,128774,16,360,9,M_1654,Other
1655,pdnc,qID,Q251-0,Prascovia,129070,129079,12,362,9,M_1655,PROPN
1656,pdnc,qID,Q252-0,Polina Alexandrovna,129098,129117,12,363,9,M_1656,PROPN
1657,pdnc,qID,Q253-0,the Frenchwoman,129134,129149,7,364,9,M_1657,Other
1658,pdnc,qID,Q253-0,you,129240,129243,4,364,9,M_1658,Other
1659,pdnc,qID,Q254-0,you,129278,129281,5,365,9,M_1659,Other
1660,pdnc,qID,Q254-0,Antonida Vassilievna,129283,129303,5,365,9,M_1660,PROPN
1661,pdnc,qID,Q255-0,you,129312,129315,13,366,9,M_1661,Other
1662,pdnc,qID,Q255-0,Potapitch,129317,129326,13,366,9,M_1662,Other
1663,pdnc,qID,Q255-0,you,129328,129331,13,366,9,M_1663,Other
1664,pdnc,qID,Q255-0,you,129628,129631,4,366,9,M_1664,Other
1665,pdnc,qID,Q256-0,Mr. Astley,129659,129669,10,367,9,M_1665,PROPN
1666,pdnc,qID,Q257-0,Mr. Astley,129696,129706,10,368,9,M_1666,PROPN
1667,pdnc,qID,Q258-0,the General,129786,129797,16,369,9,M_1667,Other
1668,pdnc,qID,Q259-0,he,129840,129842,10,370,9,M_1668,Other
1669,pdnc,qID,Q259-0,his,129877,129880,10,370,9,M_1669,Other
1670,exp,exp_name,madame,Madame,129987,129993,5,371,9,M_1670,PROPN
1671,exp,exp_name,the grandmother,the Grandmother,130823,130838,5,372,9,M_1671,PROPN
1672,booknlp,COREF,396,her,130864,130867,5,372,9,M_1672,Other
1673,booknlp,COREF,396,she,130896,130899,5,372,9,M_1673,Other
1674,booknlp,COREF,396,she,130904,130907,5,372,9,M_1674,Other
1675,booknlp,COREF,396,her,131008,131011,5,372,9,M_1675,Other
1676,pdnc,qID,Q260-0,She,131621,131624,5,373,9,M_1676,Other
1677,booknlp,COREF,54,me,131635,131637,10,373,9,M_1677,Other
1678,exp,exp_name,mr. astley,Mr. Astley,131663,131673,10,373,9,M_1678,PROPN
1679,booknlp,COREF,54,he,131693,131695,10,373,9,M_1679,Other
1680,exp,exp_name,de griers,De Griers,131814,131823,8,373,9,M_1680,PROPN
1681,exp,exp_name,mlle. blanche,Mlle. Blanche,131856,131869,7,373,9,M_1681,PROPN
1682,exp,exp_name,mr. astley,Mr. Astley,131889,131899,10,373,9,M_1682,PROPN
1683,exp,exp_name,the general,the General,132055,132066,16,374,9,M_1683,PROPN
1684,exp,exp_name,the grandmother,the Grandmother,132293,132308,5,375,9,M_1684,PROPN
1685,exp,exp_name,the general,the General,132428,132439,16,375,9,M_1685,PROPN
1686,exp,exp_name,the general,The General,132685,132696,16,375,9,M_1686,PROPN
1687,exp,exp_name,polina,Polina,132719,132725,12,375,9,M_1687,PROPN
1688,exp,exp_name,de griers,De Griers,132762,132771,8,375,9,M_1688,PROPN
1689,exp,exp_name,mlle. blanche,Mlle. Blanche,132773,132786,7,375,9,M_1689,PROPN
1690,booknlp,COREF,50,her,132816,132819,7,375,9,M_1690,Other
1691,exp,exp_name,madame,Madame,132955,132961,5,375,9,M_1691,PROPN
1692,exp,exp_name,the general,the General,133015,133026,16,375,9,M_1692,PROPN
1693,exp,exp_name,the general,the General,133115,133126,16,376,9,M_1693,PROPN
1694,exp,exp_name,de griers,De Griers,133171,133180,8,376,9,M_1694,PROPN
1695,booknlp,COREF,150,him,133195,133198,16,376,9,M_1695,Other
1696,exp,exp_name,mlle. blanche,Mlle. Blanche,133257,133270,7,376,9,M_1696,PROPN
1697,exp,exp_name,de griers,De Griers,133275,133284,8,376,9,M_1697,PROPN
1698,exp,exp_name,general,General,133367,133374,16,376,9,M_1698,PROPN
1699,exp,exp_name,the grandmother,the Grandmother,133480,133495,5,376,9,M_1699,PROPN
1700,exp,exp_name,the general,the General,133508,133519,16,376,9,M_1700,PROPN
1701,booknlp,COREF,150,his,133610,133613,16,376,9,M_1701,Other
1702,booknlp,COREF,150,his,133642,133645,16,376,9,M_1702,Other
1703,booknlp,COREF,150,his,133656,133659,16,376,9,M_1703,Other
1704,booknlp,COREF,150,he,133695,133697,16,376,9,M_1704,Other
1705,exp,exp_name,the grandmother,the Grandmother,133735,133750,5,376,9,M_1705,PROPN
1706,booknlp,COREF,150,him,133761,133764,16,376,9,M_1706,Other
1707,booknlp,COREF,396,her,133859,133862,5,376,9,M_1707,Other
1708,exp,exp_name,de griers,De Griers,133981,133990,8,376,9,M_1708,PROPN
1709,booknlp,COREF,73,his,134052,134055,8,376,9,M_1709,Other
1710,exp,exp_name,mlle. blanche,Mlle. Blanche,134069,134082,7,376,9,M_1710,PROPN
1711,booknlp,COREF,50,she,134084,134087,7,376,9,M_1711,Other
1712,exp,exp_name,the grandmother,the Grandmother,134109,134124,5,376,9,M_1712,PROPN
1713,booknlp,COREF,50,her,134151,134154,7,376,9,M_1713,Other
1714,exp,exp_name,polina,Polina,134259,134265,12,376,9,M_1714,PROPN
1715,booknlp,COREF,47,she,134330,134333,12,376,9,M_1715,Other
1716,booknlp,COREF,47,her,134387,134390,12,376,9,M_1716,Other
1717,exp,exp_name,the grandmother,the Grandmother,134406,134421,5,376,9,M_1717,PROPN
1718,exp,exp_name,the grandmother,the Grandmother,134512,134527,5,376,9,M_1718,PROPN
1719,exp,exp_name,mr. astley,Mr. Astley,134566,134576,10,376,9,M_1719,PROPN
1720,booknlp,COREF,396,I,134675,134676,5,377,9,M_1720,Other
1721,exp,exp_name,the grandmother,the Grandmother,134713,134728,5,377,9,M_1721,PROPN
1722,booknlp,COREF,396,You,134782,134785,5,377,9,M_1722,Other
1723,booknlp,COREF,396,me,134805,134807,5,377,9,M_1723,Other
1724,pdnc,qID,Q262-0,Antonida Vassilievna,134812,134832,5,378,9,M_1724,PROPN
1725,pdnc,qID,Q262-0,O my dearest mother,134834,134853,5,378,9,M_1725,Other
1726,pdnc,qID,Q262-0,you,134876,134879,5,378,9,M_1726,Other
1727,pdnc,qID,Q262-0,you,134885,134888,5,378,9,M_1727,Other
1728,exp,exp_name,general,General,134922,134929,16,378,9,M_1728,PROPN
1729,exp,exp_name,the grandmother,the Grandmother,134967,134982,5,379,9,M_1729,PROPN
1730,booknlp,COREF,396,her,134992,134995,5,379,9,M_1730,Other
1731,booknlp,COREF,396,she,135024,135027,5,379,9,M_1731,Other
1732,booknlp,COREF,396,I,135072,135073,5,380,9,M_1732,Other
1733,booknlp,COREF,396,she,135083,135086,5,380,9,M_1733,Other
1734,booknlp,COREF,396,I,135104,135105,5,380,9,M_1734,Other
1735,pdnc,qID,Q263-1,you,135185,135188,16,380,9,M_1735,Other
1736,booknlp,COREF,396,I,135202,135203,5,380,9,M_1736,Other
1737,booknlp,COREF,396,my,135218,135220,5,380,9,M_1737,Other
1738,booknlp,COREF,396,my,135235,135237,5,380,9,M_1738,Other
1739,booknlp,COREF,396,you,135261,135264,5,380,9,M_1739,Other
1740,booknlp,COREF,396,I,135270,135271,5,380,9,M_1740,Other
1741,pdnc,qID,Q263-1,you,135309,135312,16,380,9,M_1741,Other
1742,pdnc,qID,Q263-1,you,135356,135359,16,380,9,M_1742,Other
1743,booknlp,COREF,396,I,135374,135375,5,380,9,M_1743,Other
1744,booknlp,COREF,396,I,135448,135449,5,380,9,M_1744,Other
1745,booknlp,COREF,396,my,135460,135462,5,380,9,M_1745,Other
1746,pdnc,qID,Q263-1,Monsieur de Griers,135508,135526,8,380,9,M_1746,PROPN
1747,booknlp,COREF,396,I,135528,135529,5,380,9,M_1747,Other
1748,pdnc,qID,Q264-0,madame,135547,135553,5,381,9,M_1748,Other
1749,exp,exp_name,de griers,De Griers,135565,135574,8,381,9,M_1749,PROPN
1750,pdnc,qID,Q265-0,you,135720,135723,8,382,9,M_1750,Other
1751,pdnc,qID,Q265-0,you,135761,135764,8,382,9,M_1751,Other
1752,exp,exp_name,mlle. blanche,Mlle. Blanche,135870,135883,7,382,9,M_1752,PROPN
1753,pdnc,qID,Q266-0,Mlle. de Cominges,136058,136075,7,383,9,M_1753,Other
1754,pdnc,qID,Q266-1,her,136099,136102,7,383,9,M_1754,Other
1755,exp,exp_name,madame,Madame,136111,136117,5,383,9,M_1755,PROPN
1756,exp,exp_name,cominges,Cominges,136121,136129,23,383,9,M_1756,PROPN
1757,pdnc,qID,Q266-1,They,136131,136135,7,383,9,M_1757,Other
1758,pdnc,qID,Q267-0,the daughter,136173,136185,7,384,9,M_1758,Other
1759,pdnc,qID,Q269-0,she,136329,136332,7,386,9,M_1759,Other
1760,pdnc,qID,Q270-0,she,136399,136402,7,388,9,M_1760,Other
1761,pdnc,qID,Q270-0,she,136409,136412,7,388,9,M_1761,Other
1762,pdnc,qID,Q270-0,she,136429,136432,7,388,9,M_1762,Other
1763,pdnc,qID,Q270-0,De Griers,136458,136467,8,388,9,M_1763,PROPN
1764,pdnc,qID,Q270-0,he,136482,136484,8,388,9,M_1764,Other
1765,booknlp,COREF,73,himself,136505,136512,8,388,9,M_1765,Other
1766,exp,exp_name,mlle. blanche,Mlle. Blanche,136560,136573,7,389,9,M_1766,PROPN
1767,exp,exp_name,madame,Madame,136623,136629,5,390,9,M_1767,PROPN
1768,pdnc,qID,Q272-0,madame,136666,136672,5,391,9,M_1768,Other
1769,exp,exp_name,mlle. blanche,Mlle. Blanche,136683,136696,7,391,9,M_1769,PROPN
1770,booknlp,COREF,723,she,136770,136773,7,391,9,M_1770,Other
1771,booknlp,COREF,723,her,136823,136826,7,391,9,M_1771,Other
1772,exp,exp_name,the grandmother,the Grandmother,136885,136900,5,391,9,M_1772,PROPN
1773,pdnc,qID,Q273-0,her,136929,136932,7,392,9,M_1773,Other
1774,booknlp,COREF,396,me,136941,136943,5,392,9,M_1774,Other
1775,pdnc,qID,Q273-0,she,136949,136952,7,392,9,M_1775,Other
1776,exp,exp_name,the grandmother,the Grandmother,136975,136990,5,392,9,M_1776,PROPN
1777,booknlp,COREF,396,she,137007,137010,5,392,9,M_1777,Other
1778,exp,exp_name,the general,the General,137030,137041,16,392,9,M_1778,PROPN
1779,booknlp,COREF,396,I,137059,137060,5,392,9,M_1779,Other
1780,booknlp,COREF,396,my,137075,137077,5,392,9,M_1780,Other
1781,pdnc,qID,Q274-0,your,137108,137112,16,392,9,M_1781,Other
1782,pdnc,qID,Q274-0,you,137138,137141,16,392,9,M_1782,Other
1783,pdnc,qID,Q274-0,you,137168,137171,16,392,9,M_1783,Other
1784,pdnc,qID,Q275-0,My dear mother,137180,137194,5,393,9,M_1784,Other
1785,booknlp,COREF,150,me,137204,137206,16,393,9,M_1785,Other
1786,booknlp,COREF,150,I,137212,137213,16,393,9,M_1786,Other
1787,booknlp,COREF,150,I,137223,137224,16,393,9,M_1787,Other
1788,exp,exp_name,the general,the General,137259,137270,16,393,9,M_1788,PROPN
1789,booknlp,COREF,150,his,137316,137319,16,393,9,M_1789,Other
1790,booknlp,COREF,150,he,137366,137368,16,393,9,M_1790,Other
1791,booknlp,COREF,150,he,137426,137428,16,393,9,M_1791,Other
1792,booknlp,COREF,150,himself,137433,137440,16,393,9,M_1792,Other
1793,booknlp,COREF,150,his,137460,137463,16,393,9,M_1793,Other
1794,pdnc,qID,Q276-0,your,137537,137541,5,393,9,M_1794,Other
1795,pdnc,qID,Q276-0,you,137603,137606,5,393,9,M_1795,Other
1796,exp,exp_name,the grandmother,the Grandmother,137651,137666,5,394,9,M_1796,PROPN
1797,pdnc,qID,Q278-0,you,137693,137696,5,395,9,M_1797,Other
1798,exp,exp_name,the general,the General,137741,137752,16,395,9,M_1798,PROPN
1799,booknlp,COREF,150,he,137775,137777,16,395,9,M_1799,Other
1800,pdnc,qID,Q278-1,your,137838,137842,5,395,9,M_1800,Other
1801,pdnc,qID,Q278-1,your,137855,137859,5,395,9,M_1801,Other
1802,booknlp,COREF,150,I,137965,137966,16,395,9,M_1802,Other
1803,pdnc,qID,Q278-1,you,137982,137985,5,395,9,M_1803,Other
1804,booknlp,COREF,150,he,138010,138012,16,395,9,M_1804,Other
1805,booknlp,COREF,150,my,138081,138083,16,395,9,M_1805,Other
1806,pdnc,qID,Q278-2,your,138110,138114,5,395,9,M_1806,Other
1807,pdnc,qID,Q279-0,You,138188,138191,16,396,9,M_1807,Other
1808,booknlp,COREF,150,I,138224,138225,16,396,9,M_1808,Other
1809,booknlp,COREF,150,my,138261,138263,16,396,9,M_1809,Other
1810,booknlp,COREF,150,I,138278,138279,16,396,9,M_1810,Other
1811,pdnc,qID,Q279-0,you,138311,138314,16,396,9,M_1811,Other
1812,pdnc,qID,Q279-0,you,138452,138455,12,396,9,M_1812,Other
1813,pdnc,qID,Q279-0,Prascovia,138460,138469,12,396,9,M_1813,PROPN
1814,pdnc,qID,Q279-0,you,138481,138484,12,396,9,M_1814,Other
1815,pdnc,qID,Q280-0,you,138514,138517,5,397,9,M_1815,Other
1816,pdnc,qID,Q280-0,Grandmother,138520,138531,5,397,9,M_1816,PROPN
1817,exp,exp_name,polina,Polina,138542,138548,12,397,9,M_1817,PROPN
1818,booknlp,COREF,47,she,138553,138556,12,397,9,M_1818,Other
1819,pdnc,qID,Q280-1,you,138588,138591,5,397,9,M_1819,Other
1820,pdnc,qID,Q281-0,you,138677,138680,12,398,9,M_1820,Other
1821,pdnc,qID,Q281-0,You,139535,139538,16,398,9,M_1821,Other
1822,pdnc,qID,Q281-1,you,139633,139636,16,398,9,M_1822,Other
1823,pdnc,qID,Q281-1,my good sir,139661,139672,16,398,9,M_1823,Other
1824,pdnc,qID,Q281-1,yours,139703,139708,16,398,9,M_1824,Other
1825,pdnc,qID,Q281-1,This Frenchman,139729,139743,8,398,9,M_1825,Other
1826,pdnc,qID,Q281-1,your,139758,139762,16,398,9,M_1826,Other
1827,booknlp,COREF,150,I,139831,139832,16,399,9,M_1827,Other
1828,booknlp,COREF,150,I,139833,139834,16,399,9,M_1828,Other
1829,pdnc,qID,Q282-0,you,139851,139854,5,399,9,M_1829,Other
1830,pdnc,qID,Q282-0,my dearest mother,139856,139873,5,399,9,M_1830,Other
1831,exp,exp_name,the general,the General,139881,139892,16,399,9,M_1831,PROPN
1832,booknlp,COREF,150,I,139913,139914,16,399,9,M_1832,Other
1833,booknlp,COREF,150,I,139915,139916,16,399,9,M_1833,Other
1834,booknlp,COREF,150,I,139943,139944,16,399,9,M_1834,Other
1835,booknlp,COREF,150,my,139983,139985,16,399,9,M_1835,Other
1836,booknlp,COREF,150,my,140006,140008,16,399,9,M_1836,Other
1837,booknlp,COREF,150,my,140032,140034,16,399,9,M_1837,Other
1838,pdnc,qID,Q283-0,you,140087,140090,16,400,9,M_1838,Other
1839,pdnc,qID,Q283-0,you,140138,140141,16,400,9,M_1839,Other
1840,pdnc,qID,Q283-0,their,140143,140148,12,400,9,M_1840,Other
1841,exp,exp_name,the general,the General,140180,140191,16,401,9,M_1841,PROPN
1842,pdnc,qID,Q284-1,you,140230,140233,5,401,9,M_1842,Other
1843,booknlp,COREF,150,I,140250,140251,16,401,9,M_1843,Other
1844,pdnc,qID,Q285-0,You,140276,140279,16,402,9,M_1844,Other
1845,pdnc,qID,Q285-0,you,140316,140319,16,402,9,M_1845,Other
1846,pdnc,qID,Q285-0,yours,140359,140364,16,402,9,M_1846,Other
1847,pdnc,qID,Q285-0,you,140370,140373,16,402,9,M_1847,Other
1848,pdnc,qID,Q285-0,your,140395,140399,16,402,9,M_1848,Other
1849,exp,exp_name,the general,the General,140451,140462,16,403,9,M_1849,PROPN
1850,booknlp,COREF,150,he,140468,140470,16,403,9,M_1850,Other
1851,booknlp,COREF,150,I,140517,140518,16,404,9,M_1851,Other
1852,booknlp,COREF,150,my,140554,140556,16,404,9,M_1852,Other
1853,pdnc,qID,Q286-0,you,140581,140584,5,404,9,M_1853,Other
1854,pdnc,qID,Q286-0,my dearest mother,140597,140614,5,404,9,M_1854,Other
1855,pdnc,qID,Q286-0,You,140616,140619,5,404,9,M_1855,Other
1856,pdnc,qID,Q288-0,you,140697,140700,16,405,9,M_1856,Other
1857,pdnc,qID,Q288-0,You,140742,140745,16,405,9,M_1857,Other
1858,pdnc,qID,Q288-0,Prascovia,140840,140849,12,405,9,M_1858,PROPN
1859,pdnc,qID,Q288-0,you,140897,140900,4,405,9,M_1859,Other
1860,pdnc,qID,Q288-0,Alexis Ivanovitch,140902,140919,4,405,9,M_1860,PROPN
1861,pdnc,qID,Q288-0,you,140948,140951,13,405,9,M_1861,Other
1862,pdnc,qID,Q288-0,Potapitch,140953,140962,13,405,9,M_1862,Other
1863,exp,exp_name,polina,Polina,141045,141051,12,405,9,M_1863,PROPN
1864,booknlp,COREF,47,you,141224,141227,12,408,9,M_1864,Other
1865,pdnc,qID,Q292-0,yours,141307,141312,12,409,9,M_1865,Other
1866,exp,exp_name,theodosia,Theodosia,141397,141406,20,411,9,M_1866,PROPN
1867,exp,exp_name,the nursemaid,the nursemaid,141408,141421,19,411,9,M_1867,PROPN
1868,exp,exp_name,the general,the General,141452,141463,16,411,9,M_1868,PROPN
1869,booknlp,COREF,396,I,141482,141483,5,412,9,M_1869,Other
1870,exp,exp_name,the grandmother,the Grandmother,141516,141531,5,412,9,M_1870,PROPN
1871,booknlp,COREF,396,I,141534,141535,5,412,9,M_1871,Other
1872,pdnc,qID,Q294-1,you,141599,141602,20,412,9,M_1872,Other
1873,pdnc,qID,Q294-1,Theodosia,141615,141624,20,412,9,M_1873,PROPN
1874,booknlp,COREF,738,I,141629,141630,19,413,9,M_1874,Other
1875,pdnc,qID,Q295-0,you,141651,141654,5,413,9,M_1875,Other
1876,pdnc,qID,Q295-0,Madame,141656,141662,5,413,9,M_1876,PROPN
1877,exp,exp_name,the nursemaid,the nursemaid,141673,141686,19,413,9,M_1877,PROPN
1878,pdnc,qID,Q295-1,your ladyship,141700,141713,5,413,9,M_1878,Other
1879,pdnc,qID,Q295-1,you,141753,141756,5,413,9,M_1879,Other
1880,pdnc,qID,Q296-0,you simple soul,141774,141789,20,414,9,M_1880,Other
1881,exp,exp_name,polina,Polina,141864,141870,12,414,9,M_1881,PROPN
1882,pdnc,qID,Q297-0,Grandmamma,141947,141957,5,415,9,M_1882,PROPN
1883,exp,exp_name,polina,Polina,141970,141976,12,415,9,M_1883,PROPN
1884,pdnc,qID,Q298-0,Mr. Astley,142086,142096,10,416,9,M_1884,PROPN
1885,pdnc,qID,Q298-0,him,142110,142113,10,416,9,M_1885,Other
1886,pdnc,qID,Q298-0,he,142138,142140,10,416,9,M_1886,Other
1887,pdnc,qID,Q298-0,you,142163,142166,10,416,9,M_1887,Other
1888,exp,exp_name,mr. astley,Mr. Astley,142213,142223,10,417,9,M_1888,PROPN
1889,pdnc,qID,Q299-0,you,142249,142252,10,418,9,M_1889,Other
1890,pdnc,qID,Q299-1,him,142349,142352,10,418,9,M_1890,Other
1891,pdnc,qID,Q299-1,Polina,142354,142360,12,418,9,M_1891,Other
1892,exp,exp_name,polina,Polina,142364,142370,12,419,9,M_1892,PROPN
1893,booknlp,COREF,54,I,142381,142382,10,420,9,M_1893,Other
1894,exp,exp_name,mr. astley,Mr. Astley,142410,142420,10,420,9,M_1894,PROPN
1895,booknlp,COREF,54,I,142460,142461,10,420,9,M_1895,Other
1896,pdnc,qID,Q300-1,you,142484,142487,5,420,9,M_1896,Other
1897,exp,exp_name,the grandmother,the Grandmother,142534,142549,5,420,9,M_1897,PROPN
1898,booknlp,COREF,396,she,142555,142558,5,420,9,M_1898,Other
1899,booknlp,COREF,396,she,142633,142636,5,421,9,M_1899,Other
1900,exp,exp_name,mr. astley,Mr. Astley,142725,142735,10,421,9,M_1900,PROPN
1901,pdnc,qID,Q303-0,you,142761,142764,10,421,9,M_1901,Other
1902,pdnc,qID,Q303-0,Polina,142775,142781,12,421,9,M_1902,Other
1903,pdnc,qID,Q303-0,him,142796,142799,10,421,9,M_1903,Other
1904,exp,exp_name,astley,Astley,142885,142891,10,421,9,M_1904,PROPN
1905,exp,exp_name,astley,Astley,142930,142936,10,422,9,M_1905,PROPN
1906,exp,exp_name,polina,Polina,143009,143015,12,423,9,M_1906,PROPN
1907,pdnc,qID,Q304-0,you,143086,143089,12,424,9,M_1907,Other
1908,pdnc,qID,Q304-0,Prascovia,143091,143100,12,424,9,M_1908,PROPN
1909,pdnc,qID,Q304-1,you,143131,143134,12,424,9,M_1909,Other
1910,pdnc,qID,Q304-1,You,143172,143175,12,424,9,M_1910,Other
1911,pdnc,qID,Q304-1,you,143202,143205,12,424,9,M_1911,Other
1912,pdnc,qID,Q304-1,you,143276,143279,12,424,9,M_1912,Other
1913,pdnc,qID,Q305-0,Grandmamma,143300,143310,5,425,9,M_1913,PROPN
1914,pdnc,qID,Q306-0,You,143385,143388,12,426,9,M_1914,Other
1915,pdnc,qID,Q306-0,you,143446,143449,12,426,9,M_1915,Other
1916,exp,exp_name,a man,a man,143464,143469,2,426,9,M_1916,PROPN
1917,pdnc,qID,Q306-0,you,143478,143481,12,426,9,M_1917,Other
1918,booknlp,COREF,47,you,143579,143582,12,426,9,M_1918,Other
1919,exp,exp_name,the general,the General,143620,143631,16,426,9,M_1919,PROPN
1920,exp,exp_name,general,General,143675,143682,16,427,9,M_1920,PROPN
1921,pdnc,qID,Q308-0,your,143713,143717,16,428,9,M_1921,Other
1922,exp,exp_name,de griers,De Griers,143773,143782,8,429,9,M_1922,PROPN
1923,exp,exp_name,the general,the General,143860,143871,16,430,9,M_1923,PROPN
1924,booknlp,COREF,150,you,143878,143881,16,430,9,M_1924,Other
1925,exp,exp_name,alexis ivanovitch,Alexis Ivanovitch,143890,143907,4,430,9,M_1925,PROPN
1926,pdnc,qID,Q311-0,you,143938,143941,5,431,9,M_1926,Other
1927,pdnc,qID,Q311-0,Polina,143970,143976,12,431,9,M_1927,Other
1928,pdnc,qID,Q311-0,Monsieur de Griers,143981,143999,8,431,9,M_1928,PROPN
1929,pdnc,qID,Q311-0,you,144056,144059,5,431,9,M_1929,Other
1930,exp,exp_name,madame,madame,144070,144076,5,432,9,M_1930,PROPN
1931,exp,exp_name,de griers,De Griers,144101,144110,8,432,9,M_1931,PROPN
1932,pdnc,qID,Q313-0,you,144183,144186,8,433,9,M_1932,Other
1933,pdnc,qID,Q313-0,monsieur,144206,144214,8,433,9,M_1933,Other
1934,exp,exp_name,the general,the General,144238,144249,16,433,9,M_1934,PROPN
1935,pdnc,qID,Q313-1,you,144274,144277,16,433,9,M_1935,Other
1936,exp,exp_name,the grandmother,the Grandmother,144418,144433,5,434,9,M_1936,PROPN
1937,exp,exp_name,the general,the General,144514,144525,16,434,9,M_1937,PROPN
1938,booknlp,COREF,150,he,144544,144546,16,434,9,M_1938,Other
1939,exp,exp_name,de griers,De Griers,144593,144602,8,434,9,M_1939,PROPN
1940,exp,exp_name,mlle. blanche,Mlle. Blanche,144669,144682,7,434,9,M_1940,PROPN
1941,booknlp,COREF,50,her,144752,144755,7,434,9,M_1941,Other
1942,exp,exp_name,madame,Madame,144789,144795,5,434,9,M_1942,PROPN
1943,exp,exp_name,cominges,Cominges,144799,144807,23,434,9,M_1943,PROPN
1944,exp,exp_name,the general,the General,144822,144833,16,434,9,M_1944,PROPN
1945,exp,exp_name,the grandmother,the Grandmother,145161,145176,5,436,10,M_1945,PROPN
1946,booknlp,COREF,396,her,145313,145316,5,436,10,M_1946,Other
1947,booknlp,COREF,396,her,145430,145433,5,436,10,M_1947,Other
1948,exp,exp_name,the grandmother,The Grandmother,145673,145688,5,436,10,M_1948,PROPN
1949,booknlp,COREF,396,herself,145693,145700,5,436,10,M_1949,Other
1950,booknlp,COREF,396,she,145770,145773,5,436,10,M_1950,Other
1951,exp,exp_name,the landlord,the landlord,145839,145851,18,436,10,M_1951,PROPN
1952,booknlp,COREF,396,her,145903,145906,5,436,10,M_1952,Other
1953,exp,exp_name,the grandmother,the Grandmother,145934,145949,5,437,10,M_1953,PROPN
1954,booknlp,COREF,396,she,146003,146006,5,437,10,M_1954,Other
1955,booknlp,COREF,396,her,146134,146137,5,437,10,M_1955,Other
1956,exp,exp_name,madame,Madame,146164,146170,5,437,10,M_1956,PROPN
1957,booknlp,COREF,396,she,146224,146227,5,437,10,M_1957,Other
1958,booknlp,COREF,396,her,146257,146260,5,437,10,M_1958,Other
1959,booknlp,COREF,396,Her,146267,146270,5,437,10,M_1959,Other
1960,booknlp,COREF,396,her,146280,146283,5,437,10,M_1960,Other
1961,booknlp,COREF,396,her,146319,146322,5,437,10,M_1961,Other
1962,booknlp,COREF,396,her,146406,146409,5,437,10,M_1962,Other
1963,booknlp,COREF,396,her,146426,146429,5,437,10,M_1963,Other
1964,booknlp,COREF,396,her,146445,146448,5,437,10,M_1964,Other
1965,booknlp,COREF,396,her,146471,146474,5,437,10,M_1965,Other
1966,booknlp,COREF,396,her,146566,146569,5,437,10,M_1966,Other
1967,exp,exp_name,the general,the general,146635,146646,16,437,10,M_1967,PROPN
1968,booknlp,COREF,396,she,146660,146663,5,437,10,M_1968,Other
1969,booknlp,COREF,396,she,146677,146680,5,437,10,M_1969,Other
1970,booknlp,COREF,396,her,146691,146694,5,437,10,M_1970,Other
1971,booknlp,COREF,396,she,146705,146708,5,437,10,M_1971,Other
1972,booknlp,COREF,396,her,146717,146720,5,437,10,M_1972,Other
1973,booknlp,COREF,396,she,146825,146828,5,437,10,M_1973,Other
1974,booknlp,COREF,396,She,146928,146931,5,437,10,M_1974,Other
1975,booknlp,COREF,396,her,146974,146977,5,437,10,M_1975,Other
1976,exp,exp_name,the landlord,the landlord,147078,147090,18,437,10,M_1976,PROPN
1977,booknlp,COREF,396,her,147143,147146,5,437,10,M_1977,Other
1978,booknlp,COREF,396,she,147279,147282,5,438,10,M_1978,Other
1979,booknlp,COREF,396,she,147411,147414,5,439,10,M_1979,Other
1980,exp,exp_name,the landlord,The landlord,147426,147438,18,440,10,M_1980,PROPN
1981,booknlp,COREF,1981,you,147505,147508,18,441,10,M_1981,Other
1982,booknlp,COREF,1981,You,147541,147544,18,442,10,M_1982,Other
1983,booknlp,COREF,1981,you,147560,147563,18,442,10,M_1983,Other
1984,exp,exp_name,the landlord,the landlord,147687,147699,18,443,10,M_1984,PROPN
1985,booknlp,COREF,1981,his,147744,147747,18,443,10,M_1985,Other
1986,exp,exp_name,the grandmother,the Grandmother,147800,147815,5,444,10,M_1986,PROPN
1987,booknlp,COREF,396,she,147834,147837,5,445,10,M_1987,Other
1988,booknlp,COREF,396,her,147851,147854,5,445,10,M_1988,Other
1989,booknlp,COREF,396,she,147925,147928,5,445,10,M_1989,Other
1990,booknlp,COREF,396,her,148016,148019,5,445,10,M_1990,Other
1991,booknlp,COREF,396,she,148030,148033,5,445,10,M_1991,Other
1992,exp,exp_name,the landlord,the landlord,148046,148058,18,445,10,M_1992,PROPN
1993,booknlp,COREF,396,her,148095,148098,5,445,10,M_1993,Other
1994,exp,exp_name,the landlord,the landlord,148169,148181,18,445,10,M_1994,PROPN
1995,booknlp,COREF,396,she,148265,148268,5,446,10,M_1995,Other
1996,booknlp,COREF,396,she,148286,148289,5,446,10,M_1996,Other
1997,booknlp,COREF,396,her,148297,148300,5,446,10,M_1997,Other
1998,booknlp,COREF,396,she,148351,148354,5,447,10,M_1998,Other
1999,booknlp,COREF,396,her,148580,148583,5,449,10,M_1999,Other
2000,booknlp,COREF,396,she,148631,148634,5,450,10,M_2000,Other
2001,pdnc,qID,Q322-0,Alexis Ivanovitch,148809,148826,4,451,10,M_2001,PROPN
2002,pdnc,qID,Q322-0,you,148853,148856,4,451,10,M_2002,Other
2003,pdnc,qID,Q322-0,your,148874,148878,4,451,10,M_2003,Other
2004,pdnc,qID,Q323-0,the General,148929,148940,16,452,10,M_2004,Other
2005,pdnc,qID,Q325-0,a German,149079,149087,14,454,10,M_2005,Other
2006,pdnc,qID,Q325-0,his wife,149092,149100,6,454,10,M_2006,Other
2007,pdnc,qID,Q327-0,the Baron,149296,149305,14,456,10,M_2007,Other
2008,pdnc,qID,Q327-0,the General,149355,149366,16,456,10,M_2008,Other
2009,pdnc,qID,Q327-0,his,149400,149403,16,456,10,M_2009,Other
2010,pdnc,qID,Q328-0,you,149429,149432,4,457,10,M_2010,Other
2011,pdnc,qID,Q328-0,that precious Baron,149454,149473,14,457,10,M_2011,Other
2012,pdnc,qID,Q328-0,you,149518,149521,4,457,10,M_2012,Other
2013,pdnc,qID,Q329-0,The Baron,149578,149587,14,458,10,M_2013,Other
2014,pdnc,qID,Q329-0,his,149617,149620,14,458,10,M_2014,Other
2015,exp,exp_name,the grandmother,the Grandmother,149646,149661,5,459,10,M_2015,PROPN
2016,exp,exp_name,the general,the General,149680,149691,16,459,10,M_2016,PROPN
2017,pdnc,qID,Q330-0,You,149701,149704,16,460,10,M_2017,Other
2018,pdnc,qID,Q330-0,your,149733,149737,16,460,10,M_2018,Other
2019,pdnc,qID,Q330-0,you,149750,149753,16,460,10,M_2019,Other
2020,pdnc,qID,Q330-0,him,149781,149784,4,460,10,M_2020,Other
2021,pdnc,qID,Q330-0,his,149790,149793,4,460,10,M_2021,Other
2022,pdnc,qID,Q330-0,You,149800,149803,16,460,10,M_2022,Other
2023,booknlp,COREF,396,yourself,149880,149888,5,461,10,M_2023,Other
2024,pdnc,qID,Q331-0,my dear mother,149890,149904,5,461,10,M_2024,Other
2025,exp,exp_name,the general,the General,149907,149918,16,461,10,M_2025,PROPN
2026,booknlp,COREF,150,I,150000,150001,16,461,10,M_2026,Other
2027,booknlp,COREF,150,my,150031,150033,16,461,10,M_2027,Other
2028,pdnc,qID,Q331-1,Alexis Ivanovitch,150057,150074,4,461,10,M_2028,PROPN
2029,pdnc,qID,Q331-1,you,150089,150092,5,461,10,M_2029,Other
2030,pdnc,qID,Q332-0,you,150135,150138,4,462,10,M_2030,Other
2031,pdnc,qID,Q333-0,the Baron,150202,150211,14,463,10,M_2031,Other
2032,pdnc,qID,Q333-1,the General,150264,150275,16,463,10,M_2032,Other
2033,pdnc,qID,Q334-0,you,150324,150327,16,464,10,M_2033,Other
2034,exp,exp_name,the general,the General,150357,150368,16,464,10,M_2034,PROPN
2035,exp,exp_name,the landlord,the landlord,150389,150401,18,464,10,M_2035,PROPN
2036,booknlp,COREF,1981,him,150418,150421,18,464,10,M_2036,Other
2037,booknlp,COREF,1981,he,150437,150439,18,464,10,M_2037,Other
2038,pdnc,qID,Q335-1,you,150537,150540,16,464,10,M_2038,Other
2039,pdnc,qID,Q335-1,the Baron,150545,150554,14,464,10,M_2039,Other
2040,booknlp,COREF,150,yours,150593,150598,16,464,10,M_2040,Other
2041,exp,exp_name,the landlord,the landlord,150611,150623,18,464,10,M_2041,PROPN
2042,booknlp,COREF,1981,he,150651,150653,18,464,10,M_2042,Other
2043,exp,exp_name,the grandmother,the Grandmother,150680,150695,5,464,10,M_2043,PROPN
2044,booknlp,COREF,150,me,150719,150721,16,465,10,M_2044,Other
2045,pdnc,qID,Q336-0,Madame,150723,150729,5,465,10,M_2045,PROPN
2046,exp,exp_name,the general,the General,150732,150743,16,465,10,M_2046,PROPN
2047,booknlp,COREF,2252,You,150870,150873,5,466,10,M_2047,Other
2048,booknlp,COREF,150,I,150884,150885,16,466,10,M_2048,Other
2049,exp,exp_name,a man,a man,150912,150917,2,466,10,M_2049,PROPN
2050,pdnc,qID,Q337-0,his,150954,150957,16,466,10,M_2050,Other
2051,booknlp,COREF,150,me,150973,150975,16,466,10,M_2051,Other
2052,pdnc,qID,Q337-0,Potapitch,150980,150989,13,466,10,M_2052,Other
2053,pdnc,qID,Q337-0,you,151006,151009,13,466,10,M_2053,Other
2054,booknlp,COREF,150,I,151118,151119,16,466,10,M_2054,Other
2055,booknlp,COREF,150,I,151190,151191,16,466,10,M_2055,Other
2056,booknlp,COREF,150,me,151286,151288,16,466,10,M_2056,Other
2057,pdnc,qID,Q337-0,You,151303,151306,13,466,10,M_2057,Other
2058,pdnc,qID,Q337-0,Potapitch,151312,151321,13,466,10,M_2058,Other
2059,booknlp,COREF,150,me,151347,151349,16,466,10,M_2059,Other
2060,pdnc,qID,Q337-0,you,151356,151359,4,466,10,M_2060,Other
2061,pdnc,qID,Q337-0,Alexis Ivanovitch,151362,151379,4,466,10,M_2061,PROPN
2062,booknlp,COREF,150,me,151401,151403,16,466,10,M_2062,Other
2063,pdnc,qID,Q337-0,this Baron,151404,151414,14,466,10,M_2063,Other
2064,pdnc,qID,Q337-0,we,151418,151420,5,466,10,M_2064,Other
2065,booknlp,COREF,150,I,151445,151446,16,466,10,M_2065,Other
2066,pdnc,qID,Q338-1,you,152059,152062,4,468,10,M_2066,Other
2067,pdnc,qID,Q338-1,Alexis Ivanovitch,152087,152104,4,468,10,M_2067,PROPN
2068,pdnc,qID,Q339-0,mother,152115,152121,5,469,10,M_2068,Other
2069,pdnc,qID,Q339-0,you,152130,152133,5,469,10,M_2069,Other
2070,pdnc,qID,Q339-0,your,152162,152166,5,469,10,M_2070,Other
2071,exp,exp_name,the general,the General,152177,152188,16,469,10,M_2071,PROPN
2072,booknlp,COREF,150,he,152268,152270,16,469,10,M_2072,Other
2073,exp,exp_name,the grandmother,the Grandmother,152503,152518,5,469,10,M_2073,PROPN
2074,booknlp,COREF,396,she,152554,152557,5,469,10,M_2074,Other
2075,booknlp,COREF,396,her,152673,152676,5,469,10,M_2075,Other
2076,pdnc,qID,Q340-1,your,152799,152803,16,470,10,M_2076,Other
2077,pdnc,qID,Q340-1,you,152909,152912,12,470,10,M_2077,Other
2078,pdnc,qID,Q340-1,Prascovia,152922,152931,12,470,10,M_2078,PROPN
2079,pdnc,qID,Q341-0,Grandmamma,152994,153004,5,471,10,M_2079,PROPN
2080,exp,exp_name,polina,Polina,153098,153104,12,473,10,M_2080,PROPN
2081,booknlp,COREF,47,herself,153112,153119,12,473,10,M_2081,Other
2082,pdnc,qID,Q344-0,Martha,153130,153136,9,474,10,M_2082,PROPN
2083,pdnc,qID,Q344-0,_you_,153138,153143,9,474,10,M_2083,Other
2084,pdnc,qID,Q345-0,mother,153216,153222,5,475,10,M_2084,Other
2085,exp,exp_name,the general,the General,153236,153247,16,475,10,M_2085,PROPN
2086,pdnc,qID,Q345-1,she,153257,153260,9,475,10,M_2086,Other
2087,pdnc,qID,Q345-1,Potapitch,153300,153309,13,475,10,M_2087,Other
2088,pdnc,qID,Q346-0,she,153345,153348,9,476,10,M_2088,Other
2089,pdnc,qID,Q346-0,her,153393,153396,9,476,10,M_2089,Other
2090,pdnc,qID,Q346-0,she,153407,153410,9,476,10,M_2090,Other
2091,pdnc,qID,Q346-0,she,153461,153464,9,476,10,M_2091,Other
2092,pdnc,qID,Q346-0,she,153496,153499,9,476,10,M_2092,Other
2093,pdnc,qID,Q346-0,her,153525,153528,9,476,10,M_2093,Other
2094,pdnc,qID,Q346-0,she,153551,153554,9,476,10,M_2094,Other
2095,pdnc,qID,Q346-0,She,153574,153577,9,476,10,M_2095,Other
2096,pdnc,qID,Q346-0,her,153603,153606,9,476,10,M_2096,Other
2097,pdnc,qID,Q347-0,mother,153641,153647,5,477,10,M_2097,Other
2098,pdnc,qID,Q348-0,you,153656,153659,16,478,10,M_2098,Other
2099,pdnc,qID,Q348-0,you,153712,153715,16,478,10,M_2099,Other
2100,pdnc,qID,Q348-0,General,153753,153760,16,478,10,M_2100,Other
2101,pdnc,qID,Q348-0,you,153762,153765,16,478,10,M_2101,Other
2102,exp,exp_name,general,general,153791,153798,16,478,10,M_2102,PROPN
2103,pdnc,qID,Q348-0,Alexis Ivanovitch,153913,153930,4,478,10,M_2103,PROPN
2104,exp,exp_name,de griers,De Griers,153947,153956,8,479,10,M_2104,PROPN
2105,booknlp,COREF,73,he,154024,154026,8,479,10,M_2105,Other
2106,booknlp,COREF,73,his,154174,154177,8,479,10,M_2106,Other
2107,booknlp,COREF,73,he,154221,154223,8,480,10,M_2107,Other
2108,exp,exp_name,the general,the General,154239,154250,16,480,10,M_2108,PROPN
2109,booknlp,COREF,73,he,154325,154327,8,480,10,M_2109,Other
2110,booknlp,COREF,73,his,154360,154363,8,480,10,M_2110,Other
2111,booknlp,COREF,73,his,154411,154414,8,480,10,M_2111,Other
2112,exp,exp_name,the general,The General,154583,154594,16,481,10,M_2112,PROPN
2113,exp,exp_name,the general,the General,154885,154896,16,481,10,M_2113,PROPN
2114,exp,exp_name,polina,Polina,155124,155130,12,481,10,M_2114,PROPN
2115,exp,exp_name,mlle. blanche,Mlle. Blanche,155135,155148,7,481,10,M_2115,PROPN
2116,booknlp,COREF,851,herself,155209,155216,7,481,10,M_2116,Other
2117,exp,exp_name,the grandmother,the Grandmother,155233,155248,5,481,10,M_2117,PROPN
2118,booknlp,COREF,851,her,155295,155298,7,481,10,M_2118,Other
2119,exp,exp_name,polina,Polina,155331,155337,12,481,10,M_2119,PROPN
2120,exp,exp_name,astley,Astley,155680,155686,10,481,10,M_2120,PROPN
2121,booknlp,COREF,54,he,155707,155709,10,481,10,M_2121,Other
2122,booknlp,COREF,54,he,155734,155736,10,481,10,M_2122,Other
2123,exp,exp_name,potapitch,Potapitch,155813,155822,13,481,10,M_2123,PROPN
2124,exp,exp_name,martha,Martha,155827,155833,9,481,10,M_2124,PROPN
2125,exp,exp_name,potapitch,Potapitch,155834,155843,13,481,10,M_2125,PROPN
2126,booknlp,COREF,54,his,155847,155850,10,481,10,M_2126,Other
2127,exp,exp_name,martha,Martha,155964,155970,9,481,10,M_2127,PROPN
2128,exp,exp_name,de griers,De Griers,156109,156118,8,481,10,M_2128,PROPN
2129,booknlp,COREF,73,he,156120,156122,8,481,10,M_2129,Other
2130,booknlp,COREF,73,he,156139,156141,8,481,10,M_2130,Other
2131,booknlp,COREF,73,his,156154,156157,8,481,10,M_2131,Other
2132,booknlp,COREF,73,he,156212,156214,8,481,10,M_2132,Other
2133,exp,exp_name,the general,the General,156263,156274,16,481,10,M_2133,PROPN
2134,booknlp,COREF,73,he,156286,156288,8,481,10,M_2134,Other
2135,exp,exp_name,the grandmother,the Grandmother,156337,156352,5,481,10,M_2135,PROPN
2136,booknlp,COREF,396,I,156383,156384,5,481,10,M_2136,Other
2137,pdnc,qID,Q351-0,you,156406,156409,16,481,10,M_2137,Other
2138,booknlp,COREF,396,my,156417,156419,5,481,10,M_2138,Other
2139,exp,exp_name,de griers,De Griers,156439,156448,8,481,10,M_2139,PROPN
2140,exp,exp_name,the general,the General,156483,156494,16,481,10,M_2140,PROPN
2141,booknlp,COREF,150,his,156500,156503,16,481,10,M_2141,Other
2142,exp,exp_name,de griers,De Griers,156540,156549,8,481,10,M_2142,PROPN
2143,exp,exp_name,mlle. blanche,Mlle. Blanche,156554,156567,7,481,10,M_2143,PROPN
2144,exp,exp_name,the grandmother,the Grandmother,157007,157022,5,483,10,M_2144,PROPN
2145,booknlp,COREF,396,she,157040,157043,5,483,10,M_2145,Other
2146,booknlp,COREF,396,she,157123,157126,5,483,10,M_2146,Other
2147,booknlp,COREF,396,she,157158,157161,5,483,10,M_2147,Other
2148,booknlp,COREF,396,she,157216,157219,5,483,10,M_2148,Other
2149,exp,exp_name,a man,a man,157366,157371,2,483,10,M_2149,PROPN
2150,exp,exp_name,the grandmother,The Grandmother,157384,157399,5,484,10,M_2150,PROPN
2151,exp,exp_name,the general,the general,158087,158098,16,484,10,M_2151,PROPN
2152,exp,exp_name,the grandmother,the Grandmother,160221,160236,5,486,10,M_2152,PROPN
2153,booknlp,COREF,396,she,160331,160334,5,486,10,M_2153,Other
2154,booknlp,COREF,396,her,160380,160383,5,486,10,M_2154,Other
2155,booknlp,COREF,396,she,160396,160399,5,486,10,M_2155,Other
2156,booknlp,COREF,396,she,160461,160464,5,486,10,M_2156,Other
2157,exp,exp_name,general,general,160706,160713,16,486,10,M_2157,PROPN
2158,exp,exp_name,the grandmother,the Grandmother,161481,161496,5,486,10,M_2158,PROPN
2159,exp,exp_name,martha,Martha,161511,161517,9,486,10,M_2159,PROPN
2160,exp,exp_name,potapitch,Potapitch,161522,161531,13,486,10,M_2160,PROPN
2161,exp,exp_name,the general,the General,161590,161601,16,486,10,M_2161,PROPN
2162,exp,exp_name,polina,Polina,161603,161609,12,486,10,M_2162,PROPN
2163,exp,exp_name,de griers,De Griers,161615,161624,8,486,10,M_2163,PROPN
2164,exp,exp_name,mlle. blanche,Mlle. Blanche,161631,161644,7,486,10,M_2164,PROPN
2165,exp,exp_name,the grandmother,the Grandmother,163053,163068,5,488,10,M_2165,PROPN
2166,booknlp,COREF,396,she,163111,163114,5,489,10,M_2166,Other
2167,booknlp,COREF,396,She,163296,163299,5,489,10,M_2167,Other
2168,pdnc,qID,Q353-0,Potapitch,163353,163362,13,490,10,M_2168,Other
2169,booknlp,COREF,396,she,163365,163368,5,490,10,M_2169,Other
2170,pdnc,qID,Q354-0,Potapitch,163386,163395,13,490,10,M_2170,Other
2171,pdnc,qID,Q354-0,him,163408,163411,13,490,10,M_2171,Other
2172,pdnc,qID,Q354-0,you,163418,163421,4,490,10,M_2172,Other
2173,pdnc,qID,Q354-0,him,163433,163436,13,490,10,M_2173,Other
2174,pdnc,qID,Q354-0,you,163439,163442,4,490,10,M_2174,Other
2175,pdnc,qID,Q354-0,him,163454,163457,13,490,10,M_2175,Other
2176,booknlp,COREF,396,she,163465,163468,5,490,10,M_2176,Other
2177,booknlp,COREF,396,I,163490,163491,5,490,10,M_2177,Other
2178,pdnc,qID,Q354-1,Potapitch,163524,163533,13,490,10,M_2178,Other
2179,booknlp,COREF,396,she,163555,163558,5,490,10,M_2179,Other
2180,booknlp,COREF,396,her,163607,163610,5,490,10,M_2180,Other
2181,booknlp,COREF,396,her,163638,163641,5,490,10,M_2181,Other
2182,booknlp,COREF,396,she,163813,163816,5,491,10,M_2182,Other
2183,exp,exp_name,the grandmother,The Grandmother,164933,164948,5,492,10,M_2183,PROPN
2184,booknlp,COREF,396,she,165005,165008,5,493,10,M_2184,Other
2185,pdnc,qID,Q356-1,you,165044,165047,4,493,10,M_2185,Other
2186,booknlp,COREF,396,I,165164,165165,5,495,10,M_2186,Other
2187,booknlp,COREF,396,me,165223,165225,5,495,10,M_2187,Other
2188,exp,exp_name,the grandmother,The Grandmother,165502,165517,5,496,10,M_2188,PROPN
2189,exp,exp_name,the grandmother,The Grandmother,165769,165784,5,496,10,M_2189,PROPN
2190,booknlp,COREF,396,she,165826,165829,5,497,10,M_2190,Other
2191,booknlp,COREF,396,I,165850,165851,5,497,10,M_2191,Other
2192,booknlp,COREF,396,I,166287,166288,5,499,10,M_2192,Other
2193,booknlp,COREF,396,I,166315,166316,5,499,10,M_2193,Other
2194,booknlp,COREF,396,you,166359,166362,5,500,10,M_2194,Other
2195,booknlp,COREF,396,you,166409,166412,5,500,10,M_2195,Other
2196,booknlp,COREF,396,your,166458,166462,5,500,10,M_2196,Other
2197,pdnc,qID,Q365-0,Potapitch,166665,166674,13,503,10,M_2197,Other
2198,pdnc,qID,Q365-0,Potapitch,166676,166685,13,503,10,M_2198,Other
2199,pdnc,qID,Q365-0,you,166714,166717,13,503,10,M_2199,Other
2200,pdnc,qID,Q367-0,Madame,166889,166895,5,504,10,M_2200,PROPN
2201,pdnc,qID,Q367-1,you,167023,167026,5,504,10,M_2201,Other
2202,pdnc,qID,Q369-0,you,167165,167168,5,506,10,M_2202,Other
2203,exp,exp_name,the grandmother,The Grandmother,167399,167414,5,508,10,M_2203,PROPN
2204,booknlp,COREF,396,her,167447,167450,5,508,10,M_2204,Other
2205,booknlp,COREF,396,she,167472,167475,5,508,10,M_2205,Other
2206,exp,exp_name,the grandmother,the Grandmother,167628,167643,5,508,10,M_2206,PROPN
2207,booknlp,COREF,396,She,167666,167669,5,508,10,M_2207,Other
2208,booknlp,COREF,396,her,167732,167735,5,508,10,M_2208,Other
2209,exp,exp_name,the croupier,the croupier,167746,167758,15,508,10,M_2209,PROPN
2210,pdnc,qID,Q372-0,him,167832,167835,15,509,10,M_2210,Other
2211,exp,exp_name,alexis ivanovitch,Alexis Ivanovitch,168016,168033,4,509,10,M_2211,PROPN
2212,pdnc,qID,Q373-0,My good Madame,168168,168182,5,510,10,M_2212,Other
2213,pdnc,qID,Q374-0,your,168212,168216,4,511,10,M_2213,Other
2214,exp,exp_name,the grandmother,the Grandmother,168365,168380,5,512,10,M_2214,PROPN
2215,booknlp,COREF,64,hers,168444,168448,5,512,10,M_2215,Other
2216,exp,exp_name,the croupier,the croupier,168466,168478,15,513,10,M_2216,PROPN
2217,pdnc,qID,Q376-0,You,168489,168492,4,514,10,M_2217,Other
2218,pdnc,qID,Q376-0,you,168498,168501,4,514,10,M_2218,Other
2219,pdnc,qID,Q376-1,you,168584,168587,4,514,10,M_2219,Other
2220,pdnc,qID,Q376-1,Potapitch,168734,168743,13,514,10,M_2220,Other
2221,pdnc,qID,Q376-1,Martha,168745,168751,9,514,10,M_2221,PROPN
2222,pdnc,qID,Q376-1,Potapitch,168799,168808,13,514,10,M_2222,Other
2223,pdnc,qID,Q376-1,Potapitch,168810,168819,13,514,10,M_2223,Other
2224,pdnc,qID,Q377-0,Madame,168835,168841,5,515,10,M_2224,PROPN
2225,pdnc,qID,Q377-1,Potapitch,168858,168867,13,515,10,M_2225,Other
2226,pdnc,qID,Q377-1,him,168912,168915,13,515,10,M_2226,Other
2227,pdnc,qID,Q377-1,You,168937,168940,5,515,10,M_2227,Other
2228,pdnc,qID,Q377-1,your,168960,168964,5,515,10,M_2228,Other
2229,exp,exp_name,the croupier,the croupier,169300,169312,15,516,10,M_2229,PROPN
2230,booknlp,COREF,329,he,169326,169328,15,516,10,M_2230,Other
2231,pdnc,qID,Q379-0,He,169415,169417,15,517,10,M_2231,Other
2232,exp,exp_name,the grandmother,The Grandmother,169457,169472,5,517,10,M_2232,PROPN
2233,booknlp,COREF,396,She,169527,169530,5,517,10,M_2233,Other
2234,booknlp,COREF,396,herself,169552,169559,5,517,10,M_2234,Other
2235,booknlp,COREF,396,she,169586,169589,5,517,10,M_2235,Other
2236,booknlp,COREF,396,I,169615,169616,5,518,10,M_2236,Other
2237,pdnc,qID,Q381-0,Madame,169624,169630,5,518,10,M_2237,PROPN
2238,pdnc,qID,Q382-0,you,169696,169699,4,519,10,M_2238,Other
2239,pdnc,qID,Q383-0,Madame,169831,169837,5,520,10,M_2239,PROPN
2240,booknlp,COREF,396,I,169909,169910,5,520,10,M_2240,Other
2241,pdnc,qID,Q383-0,you,169918,169921,5,520,10,M_2241,Other
2242,pdnc,qID,Q383-0,you,169927,169930,5,520,10,M_2242,Other
2243,pdnc,qID,Q383-0,your,169944,169948,5,520,10,M_2243,Other
2244,pdnc,qID,Q384-0,You,169961,169964,4,521,10,M_2244,Other
2245,pdnc,qID,Q384-0,you,170004,170007,4,521,10,M_2245,Other
2246,pdnc,qID,Q384-0,you,170034,170037,4,521,10,M_2246,Other
2247,pdnc,qID,Q386-0,you,170243,170246,4,523,10,M_2247,Other
2248,exp,exp_name,the croupier,the croupier,170295,170307,15,523,10,M_2248,PROPN
2249,pdnc,qID,Q388-0,Madame,170422,170428,5,525,10,M_2249,PROPN
2250,exp,exp_name,the croupier,the croupier,170435,170447,15,525,10,M_2250,PROPN
2251,exp,exp_name,the croupier,the croupier,170623,170635,15,527,10,M_2251,PROPN
2252,exp,exp_name,the grandmother,the Grandmother,170933,170948,5,528,10,M_2252,PROPN
2253,booknlp,COREF,396,she,170967,170970,5,528,10,M_2253,Other
2254,pdnc,qID,Q392-0,she,171003,171006,5,529,10,M_2254,Other
2255,booknlp,COREF,396,her,171089,171092,5,529,10,M_2255,Other
2256,booknlp,COREF,396,her,171162,171165,5,529,10,M_2256,Other
2257,booknlp,COREF,396,she,171172,171175,5,529,10,M_2257,Other
2258,exp,exp_name,the croupier,the croupier,171314,171326,15,530,10,M_2258,PROPN
2259,exp,exp_name,the grandmother,the Grandmother,172036,172051,5,533,10,M_2259,PROPN
2260,booknlp,COREF,64,she,172165,172168,5,533,10,M_2260,Other
2261,booknlp,COREF,64,her,172266,172269,5,533,10,M_2261,Other
2262,exp,exp_name,potapitch,Potapitch,172353,172362,13,534,10,M_2262,PROPN
2263,booknlp,COREF,64,she,172566,172569,5,534,10,M_2263,Other
2264,pdnc,qID,Q395-0,Alexis Ivanovitch,172583,172600,4,535,10,M_2264,PROPN
2265,pdnc,qID,Q395-0,the croupier,172610,172622,15,535,10,M_2265,Other
2266,booknlp,COREF,64,her,172766,172769,5,536,10,M_2266,Other
2267,exp,exp_name,the croupier,the croupier,172834,172846,15,537,10,M_2267,PROPN
2268,booknlp,COREF,396,me,172888,172890,5,539,10,M_2268,Other
2269,exp,exp_name,the grandmother,the Grandmother,172908,172923,5,539,10,M_2269,PROPN
2270,exp,exp_name,the croupier,the croupier,173004,173016,15,541,10,M_2270,PROPN
2271,exp,exp_name,the general,the General,173497,173508,16,544,11,M_2271,PROPN
2272,booknlp,COREF,150,he,173662,173664,16,544,11,M_2272,Other
2273,booknlp,COREF,150,he,173688,173690,16,544,11,M_2273,Other
2274,booknlp,COREF,150,his,173699,173702,16,544,11,M_2274,Other
2275,booknlp,COREF,150,he,173753,173755,16,544,11,M_2275,Other
2276,exp,exp_name,the grandmother,the Grandmother,173846,173861,5,544,11,M_2276,PROPN
2277,booknlp,COREF,396,her,173881,173884,5,544,11,M_2277,Other
2278,booknlp,COREF,396,her,173917,173920,5,544,11,M_2278,Other
2279,booknlp,COREF,396,her,173945,173948,5,544,11,M_2279,Other
2280,exp,exp_name,astley,Astley,173989,173995,10,544,11,M_2280,PROPN
2281,booknlp,COREF,54,his,174076,174079,10,544,11,M_2281,Other
2282,exp,exp_name,de griers,De Griers,174081,174090,8,544,11,M_2282,PROPN
2283,exp,exp_name,the grandmother,the Grandmother,174187,174202,5,544,11,M_2283,PROPN
2284,booknlp,COREF,64,she,174213,174216,5,544,11,M_2284,Other
2285,exp,exp_name,de griers,De Griers,174275,174284,8,545,11,M_2285,PROPN
2286,pdnc,qID,Q401-0,Madame,174294,174300,5,546,11,M_2286,PROPN
2287,exp,exp_name,mlle. blanche,Mlle. Blanche,174325,174338,7,546,11,M_2287,PROPN
2288,pdnc,qID,Q403-0,Potapitch,174833,174842,13,549,11,M_2288,Other
2289,pdnc,qID,Q403-0,Martha,174844,174850,9,549,11,M_2289,PROPN
2290,pdnc,qID,Q404-0,you,174886,174889,5,550,11,M_2290,Other
2291,pdnc,qID,Q404-0,Madame,174897,174903,5,550,11,M_2291,PROPN
2292,exp,exp_name,martha,Martha,174906,174912,9,550,11,M_2292,PROPN
2293,exp,exp_name,potapitch,Potapitch,175031,175040,13,552,11,M_2293,PROPN
2294,exp,exp_name,martha,Martha,175045,175051,9,552,11,M_2294,PROPN
2295,pdnc,qID,Q406-0,Alexis Ivanovitch,175181,175198,4,553,11,M_2295,PROPN
2296,pdnc,qID,Q407-0,Madame,175336,175342,5,554,11,M_2296,PROPN
2297,exp,exp_name,a man,a man,175436,175441,2,554,11,M_2297,PROPN
2298,pdnc,qID,Q408-0,him,175639,175642,2,555,11,M_2298,Other
2299,exp,exp_name,the grandmother,the Grandmother,175661,175676,5,555,11,M_2299,PROPN
2300,pdnc,qID,Q408-1,him,175688,175691,2,555,11,M_2300,Other
2301,booknlp,COREF,396,I,175724,175725,5,555,11,M_2301,Other
2302,booknlp,COREF,396,me,175798,175800,5,555,11,M_2302,Other
2303,pdnc,qID,Q408-1,Prascovia,175807,175816,12,555,11,M_2303,PROPN
2304,booknlp,COREF,396,I,175818,175819,5,555,11,M_2304,Other
2305,pdnc,qID,Q408-1,you,175848,175851,12,555,11,M_2305,Other
2306,pdnc,qID,Q408-1,you,175875,175878,7,555,11,M_2306,Other
2307,pdnc,qID,Q408-1,Mlle. Blanche,175884,175897,7,555,11,M_2307,Other
2308,pdnc,qID,Q408-1,Prascovia,175917,175926,12,555,11,M_2308,PROPN
2309,pdnc,qID,Q409-0,Madame,175938,175944,5,556,11,M_2309,PROPN
2310,exp,exp_name,mlle. blanche,Mlle. Blanche,175955,175968,7,556,11,M_2310,PROPN
2311,booknlp,COREF,50,she,175983,175986,7,556,11,M_2311,Other
2312,booknlp,COREF,50,her,175995,175998,7,556,11,M_2312,Other
2313,booknlp,COREF,50,she,176041,176044,7,556,11,M_2313,Other
2314,exp,exp_name,de griers,De Griers,176074,176083,8,556,11,M_2314,PROPN
2315,exp,exp_name,the general,the General,176088,176099,16,556,11,M_2315,PROPN
2316,pdnc,qID,Q410-0,Theodosia,176201,176210,20,557,11,M_2316,PROPN
2317,exp,exp_name,the grandmother,the Grandmother,176233,176248,5,557,11,M_2317,PROPN
2318,exp,exp_name,the general,the General,176262,176273,16,557,11,M_2318,PROPN
2319,pdnc,qID,Q410-1,She,176289,176292,20,557,11,M_2319,Other
2320,pdnc,qID,Q410-1,Alexis Ivanovitch,176353,176370,4,557,11,M_2320,PROPN
2321,pdnc,qID,Q413-0,you,176773,176776,4,561,11,M_2321,Other
2322,pdnc,qID,Q413-0,your,176789,176793,4,561,11,M_2322,Other
2323,pdnc,qID,Q413-0,Alexis Ivanovitch,176800,176817,4,561,11,M_2323,PROPN
2324,pdnc,qID,Q414-0,Madame,176826,176832,5,562,11,M_2324,PROPN
2325,pdnc,qID,Q415-0,you,176867,176870,4,563,11,M_2325,Other
2326,pdnc,qID,Q417-0,You,176971,176974,4,565,11,M_2326,Other
2327,pdnc,qID,Q417-0,you,177030,177033,4,565,11,M_2327,Other
2328,pdnc,qID,Q418-0,Madame,177066,177072,5,566,11,M_2328,PROPN
2329,pdnc,qID,Q419-0,you,177114,177117,4,567,11,M_2329,Other
2330,pdnc,qID,Q419-0,you,177134,177137,4,567,11,M_2330,Other
2331,exp,exp_name,the general,the General,177201,177212,16,567,11,M_2331,PROPN
2332,booknlp,COREF,150,you,177220,177223,16,567,11,M_2332,Other
2333,booknlp,COREF,150,him,177280,177283,16,568,11,M_2333,Other
2334,booknlp,COREF,150,he,177289,177291,16,568,11,M_2334,Other
2335,exp,exp_name,de griers,De Griers,177310,177319,8,568,11,M_2335,PROPN
2336,booknlp,COREF,73,himself,177330,177337,8,568,11,M_2336,Other
2337,booknlp,COREF,73,he,177366,177368,8,569,11,M_2337,Other
2338,exp,exp_name,the general,the General,177382,177393,16,569,11,M_2338,PROPN
2339,exp,exp_name,the grandmother,the grandmother,177476,177491,5,570,11,M_2339,PROPN
2340,pdnc,qID,Q421-1,Alexis Ivanovitch,177494,177511,4,570,11,M_2340,PROPN
2341,pdnc,qID,Q421-1,him,177525,177528,1,570,11,M_2341,Other
2342,exp,exp_name,a grey-headed old man,a grey-headed old man,177575,177596,1,571,11,M_2342,PROPN
2343,exp,exp_name,a man,a man,177615,177620,2,571,11,M_2343,PROPN
2344,pdnc,qID,Q423-0,The man,177880,177887,1,573,11,M_2344,Other
2345,exp,exp_name,the grandmother,the Grandmother,177918,177933,5,573,11,M_2345,PROPN
2346,booknlp,COREF,396,her,177942,177945,5,573,11,M_2346,Other
2347,booknlp,COREF,396,I,177970,177971,5,573,11,M_2347,Other
2348,pdnc,qID,Q424-1,You,178063,178066,5,574,11,M_2348,Other
2349,pdnc,qID,Q425-0,you,178110,178113,4,575,11,M_2349,Other
2350,booknlp,COREF,396,she,178124,178127,5,575,11,M_2350,Other
2351,pdnc,qID,Q425-1,you,178143,178146,4,575,11,M_2351,Other
2352,booknlp,COREF,396,me,178194,178196,5,575,11,M_2352,Other
2353,pdnc,qID,Q425-1,you,178205,178208,4,575,11,M_2353,Other
2354,pdnc,qID,Q426-0,Madame,178213,178219,5,576,11,M_2354,PROPN
2355,exp,exp_name,de griers,De Griers,178227,178236,8,576,11,M_2355,PROPN
2356,exp,exp_name,mlle. blanche,Mlle. Blanche,178414,178427,7,577,11,M_2356,PROPN
2357,pdnc,qID,Q428-0,you,178461,178464,7,578,11,M_2357,Other
2358,pdnc,qID,Q429-0,your,178503,178507,7,578,11,M_2358,Other
2359,pdnc,qID,Q429-0,Mr. Astley,178572,178582,10,578,11,M_2359,PROPN
2360,pdnc,qID,Q429-0,yours,178586,178591,4,578,11,M_2360,Other
2361,pdnc,qID,Q430-0,He,178617,178619,10,579,11,M_2361,Other
2362,pdnc,qID,Q431-0,He,178665,178667,10,580,11,M_2362,Other
2363,exp,exp_name,the landlord,the landlord,178725,178737,18,581,11,M_2363,PROPN
2364,exp,exp_name,the grandmother,the Grandmother,178756,178771,5,581,11,M_2364,PROPN
2365,booknlp,COREF,396,her,178786,178789,5,581,11,M_2365,Other
2366,booknlp,COREF,396,her,178818,178821,5,581,11,M_2366,Other
2367,exp,exp_name,theodosia,Theodosia,178860,178869,20,581,11,M_2367,PROPN
2368,booknlp,COREF,396,her,178891,178894,5,581,11,M_2368,Other
2369,booknlp,COREF,396,she,178922,178925,5,581,11,M_2369,Other
2370,booknlp,COREF,396,her,178930,178933,5,581,11,M_2370,Other
2371,exp,exp_name,theodosia,Theodosia,178965,178974,20,581,11,M_2371,PROPN
2372,exp,exp_name,martha,Martha,178979,178985,9,581,11,M_2372,PROPN
2373,pdnc,qID,Q432-0,you,179040,179043,5,582,11,M_2373,Other
2374,pdnc,qID,Q432-0,Madame,179058,179064,5,582,11,M_2374,PROPN
2375,exp,exp_name,martha,Martha,179076,179082,9,582,11,M_2375,PROPN
2376,pdnc,qID,Q432-1,Potapitch,179097,179106,13,582,11,M_2376,Other
2377,pdnc,qID,Q432-1,mistress,179112,179120,5,582,11,M_2377,Other
2378,pdnc,qID,Q432-1,Potapitch,179344,179353,13,582,11,M_2378,Other
2379,pdnc,qID,Q432-1,our mistress,179447,179459,5,582,11,M_2379,Other
2380,pdnc,qID,Q432-1,you,179490,179493,5,582,11,M_2380,Other
2381,pdnc,qID,Q432-1,Madame,179495,179501,5,582,11,M_2381,PROPN
2382,pdnc,qID,Q432-1,her,179589,179592,5,582,11,M_2382,Other
2383,pdnc,qID,Q432-1,you,179658,179661,5,582,11,M_2383,Other
2384,pdnc,qID,Q433-0,Alexis Ivanovitch,179732,179749,4,583,11,M_2384,PROPN
2385,exp,exp_name,the grandmother,the Grandmother,179991,180006,5,584,11,M_2385,PROPN
2386,exp,exp_name,the general,the General,180246,180257,16,585,11,M_2386,PROPN
2387,exp,exp_name,the grandmother,the Grandmother,180273,180288,5,585,11,M_2387,PROPN
2388,booknlp,COREF,396,her,180355,180358,5,585,11,M_2388,Other
2389,exp,exp_name,the grandmother,the Grandmother,180693,180708,5,585,11,M_2389,PROPN
2390,booknlp,COREF,396,she,180733,180736,5,585,11,M_2390,Other
2391,exp,exp_name,the general,the General,180760,180771,16,585,11,M_2391,PROPN
2392,exp,exp_name,de griers,De Griers,180865,180874,8,585,11,M_2392,PROPN
2393,exp,exp_name,the general,the General,180886,180897,16,585,11,M_2393,PROPN
2394,exp,exp_name,mlle. blanche,Mlle. Blanche,180983,180996,7,585,11,M_2394,PROPN
2395,exp,exp_name,mlle. blanche,Mlle. Blanche,181002,181015,7,585,11,M_2395,PROPN
2396,exp,exp_name,madame,Madame,181101,181107,5,585,11,M_2396,PROPN
2397,exp,exp_name,general,General,181108,181115,16,585,11,M_2397,PROPN
2398,booknlp,COREF,50,her,181197,181200,7,585,11,M_2398,Other
2399,exp,exp_name,polina,Polina,181294,181300,12,585,11,M_2399,PROPN
2400,exp,exp_name,the grandmother,the Grandmother,181382,181397,5,586,11,M_2400,PROPN
2401,exp,exp_name,the grandmother,the Grandmother,181646,181661,5,586,11,M_2401,PROPN
2402,pdnc,qID,Q434-1,the Grandmother,181820,181835,5,586,11,M_2402,Other
2403,pdnc,qID,Q434-1,the General,181873,181884,16,586,11,M_2403,Other
2404,pdnc,qID,Q434-1,De Griers,181907,181916,8,586,11,M_2404,PROPN
2405,pdnc,qID,Q434-1,Mlle. de Cominges,181929,181946,7,586,11,M_2405,Other
2406,pdnc,qID,Q434-1,her,182009,182012,7,586,11,M_2406,Other
2407,exp,exp_name,the grandmother,the Grandmother,182093,182108,5,586,11,M_2407,PROPN
2408,booknlp,COREF,396,she,182184,182187,5,586,11,M_2408,Other
2409,exp,exp_name,the general,the General,182209,182220,16,586,11,M_2409,PROPN
2410,booknlp,COREF,150,he,182226,182228,16,586,11,M_2410,Other
2411,booknlp,COREF,396,her,182264,182267,5,586,11,M_2411,Other
2412,exp,exp_name,polina,Polina,182762,182768,12,587,11,M_2412,PROPN
2413,booknlp,COREF,47,she,182881,182884,12,587,11,M_2413,Other
2414,booknlp,COREF,47,her,182917,182920,12,587,11,M_2414,Other
2415,booknlp,COREF,47,she,182984,182987,12,587,11,M_2415,Other
2416,booknlp,COREF,47,she,183100,183103,12,587,11,M_2416,Other
2417,exp,exp_name,polina,Polina,183643,183649,12,587,11,M_2417,PROPN
2418,exp,exp_name,polina,Polina,183780,183786,12,587,11,M_2418,PROPN
2419,booknlp,COREF,47,her,183811,183814,12,587,11,M_2419,Other
2420,booknlp,COREF,47,her,183971,183974,12,587,11,M_2420,Other
2421,booknlp,COREF,47,her,183993,183996,12,587,11,M_2421,Other
2422,booknlp,COREF,47,I,184021,184022,12,587,11,M_2422,Other
2423,booknlp,COREF,47,she,184042,184045,12,587,11,M_2423,Other
2424,booknlp,COREF,47,she,184084,184087,12,587,11,M_2424,Other
2425,exp,exp_name,a man,a man,184237,184242,2,587,11,M_2425,PROPN
2426,booknlp,COREF,47,her,184286,184289,12,587,11,M_2426,Other
2427,booknlp,COREF,47,her,184325,184328,12,587,11,M_2427,Other
2428,booknlp,COREF,47,her,184466,184469,12,587,11,M_2428,Other
2429,exp,exp_name,the general,the General,184556,184567,16,588,11,M_2429,PROPN
2430,exp,exp_name,polina,Polina,184671,184677,12,588,11,M_2430,PROPN
2431,booknlp,COREF,47,She,184679,184682,12,588,11,M_2431,Other
2432,booknlp,COREF,47,her,184744,184747,12,588,11,M_2432,Other
2433,pdnc,qID,Q435-0,Polina Alexandrovna,184751,184770,12,589,11,M_2433,PROPN
2434,pdnc,qID,Q437-1,you,184872,184875,12,591,11,M_2434,Other
2435,pdnc,qID,Q437-1,your,184925,184929,12,591,11,M_2435,Other
2436,booknlp,COREF,47,she,184958,184961,12,592,11,M_2436,Other
2437,booknlp,COREF,47,she,184993,184996,12,592,11,M_2437,Other
2438,booknlp,COREF,47,she,185026,185029,12,592,11,M_2438,Other
2439,pdnc,qID,Q438-1,Mr. Astley,185078,185088,10,592,11,M_2439,PROPN
2440,pdnc,qID,Q438-1,you,185112,185115,10,592,11,M_2440,Other
2441,pdnc,qID,Q438-1,He,185157,185159,10,592,11,M_2441,Other
2442,booknlp,COREF,54,himself,185160,185167,10,592,11,M_2442,Other
2443,booknlp,COREF,47,She,185170,185173,12,592,11,M_2443,Other
2444,booknlp,COREF,47,her,185189,185192,12,592,11,M_2444,Other
2445,pdnc,qID,Q439-0,Mr. Astley,185208,185218,10,593,11,M_2445,PROPN
2446,booknlp,COREF,47,she,185257,185260,12,594,11,M_2446,Other
2447,exp,exp_name,astley,Astley,185366,185372,10,595,11,M_2447,PROPN
2448,booknlp,COREF,54,his,185382,185385,10,595,11,M_2448,Other
2449,booknlp,COREF,54,him,185543,185546,10,595,11,M_2449,Other
2450,booknlp,COREF,54,him,185635,185638,10,595,11,M_2450,Other
2451,booknlp,COREF,54,him,185657,185660,10,595,11,M_2451,Other
2452,booknlp,COREF,54,he,185769,185771,10,595,11,M_2452,Other
2453,booknlp,COREF,54,his,185782,185785,10,595,11,M_2453,Other
2454,booknlp,COREF,54,he,185986,185988,10,596,11,M_2454,Other
2455,exp,exp_name,the landlord,the landlord,186356,186368,18,597,11,M_2455,PROPN
2456,booknlp,COREF,54,his,186394,186397,10,597,11,M_2456,Other
2457,exp,exp_name,the general,the General,186557,186568,16,597,11,M_2457,PROPN
2458,booknlp,COREF,150,his,186585,186588,16,597,11,M_2458,Other
2459,exp,exp_name,the general,the General,186653,186664,16,597,11,M_2459,PROPN
2460,booknlp,COREF,150,himself,186665,186672,16,597,11,M_2460,Other
2461,exp,exp_name,de griers,De Griers,186674,186683,8,597,11,M_2461,PROPN
2462,exp,exp_name,mlle. blanche,Mlle. Blanche,186689,186702,7,597,11,M_2462,PROPN
2463,booknlp,COREF,50,Mlle,186712,186716,7,597,11,M_2463,PROPN
2464,exp,exp_name,de griers,De Griers,187157,187166,8,598,11,M_2464,PROPN
2465,exp,exp_name,mlle. blanche,Mlle. Blanche,187172,187185,7,598,11,M_2465,PROPN
2466,exp,exp_name,the general,the General,187227,187238,16,598,11,M_2466,PROPN
2467,booknlp,COREF,150,he,187272,187274,16,598,11,M_2467,Other
2468,booknlp,COREF,150,himself,187293,187300,16,598,11,M_2468,Other
2469,exp,exp_name,de griers,De Griers,187409,187418,8,598,11,M_2469,PROPN
2470,booknlp,COREF,73,his,187428,187431,8,598,11,M_2470,Other
2471,booknlp,COREF,73,his,187450,187453,8,598,11,M_2471,Other
2472,exp,exp_name,general,General,187574,187581,16,598,11,M_2472,PROPN
2473,exp,exp_name,mlle. blanche,Mlle. Blanche,187660,187673,7,598,11,M_2473,PROPN
2474,booknlp,COREF,50,her,187733,187736,7,598,11,M_2474,Other
2475,booknlp,COREF,50,her,187759,187762,7,598,11,M_2475,Other
2476,booknlp,COREF,50,she,187840,187843,7,598,11,M_2476,Other
2477,pdnc,qID,Q441-0,Alexis Ivanovitch,187961,187978,4,599,11,M_2477,PROPN
2478,exp,exp_name,the general,the General,187987,187998,16,599,11,M_2478,PROPN
2479,booknlp,COREF,150,I,188042,188043,16,599,11,M_2479,Other
2480,pdnc,qID,Q441-1,you,188051,188054,4,599,11,M_2480,Other
2481,booknlp,COREF,150,I,188060,188061,16,599,11,M_2481,Other
2482,pdnc,qID,Q441-1,your,188115,188119,4,599,11,M_2482,Other
2483,booknlp,COREF,150,myself,188136,188142,16,599,11,M_2483,Other
2484,booknlp,COREF,150,my,188147,188149,16,599,11,M_2484,Other
2485,pdnc,qID,Q441-1,your,188169,188173,4,599,11,M_2485,Other
2486,exp,exp_name,de griers,De Griers,188225,188234,8,600,11,M_2486,PROPN
2487,booknlp,COREF,150,he,188283,188285,16,600,11,M_2487,Other
2488,pdnc,qID,Q442-1,he,188376,188378,16,600,11,M_2488,Other
2489,pdnc,qID,Q442-1,he,188400,188402,16,600,11,M_2489,Other
2490,pdnc,qID,Q442-1,you,188409,188412,4,600,11,M_2490,Other
2491,pdnc,qID,Q442-1,he,188413,188415,16,600,11,M_2491,Other
2492,pdnc,qID,Q442-1,you,188424,188427,4,600,11,M_2492,Other
2493,pdnc,qID,Q442-1,him,188455,188458,16,600,11,M_2493,Other
2494,booknlp,COREF,73,I,188460,188461,8,600,11,M_2494,Other
2495,pdnc,qID,Q444-0,you,188529,188532,4,602,11,M_2495,Other
2496,booknlp,COREF,87,yourself,188549,188557,4,602,11,M_2496,Other
2497,booknlp,COREF,150,I,188601,188602,16,602,11,M_2497,Other
2498,pdnc,qID,Q444-0,this old lady,188618,188631,5,602,11,M_2498,Other
2499,pdnc,qID,Q444-0,she,188670,188673,5,602,11,M_2499,Other
2500,pdnc,qID,Q444-0,she,188705,188708,5,602,11,M_2500,Other
2501,pdnc,qID,Q444-0,You,188746,188749,4,602,11,M_2501,Other
2502,booknlp,COREF,87,yourself,188750,188758,4,602,11,M_2502,Other
2503,pdnc,qID,Q444-0,her,188769,188772,5,602,11,M_2503,Other
2504,pdnc,qID,Q444-0,she,188784,188787,5,602,11,M_2504,Other
2505,pdnc,qID,Q444-0,she,188825,188828,5,602,11,M_2505,Other
2506,pdnc,qID,Q444-0,her,188914,188917,5,602,11,M_2506,Other
2507,pdnc,qID,Q444-0,hers,188953,188957,5,602,11,M_2507,Other
2508,exp,exp_name,the general,the General,189051,189062,16,603,11,M_2508,PROPN
2509,pdnc,qID,Q445-1,you,189065,189068,4,603,11,M_2509,Other
2510,booknlp,COREF,150,my,189086,189088,16,603,11,M_2510,Other
2511,booknlp,COREF,150,I,189103,189104,16,603,11,M_2511,Other
2512,booknlp,COREF,150,my,189109,189111,16,603,11,M_2512,Other
2513,pdnc,qID,Q445-1,her,189123,189126,5,603,11,M_2513,Other
2514,pdnc,qID,Q445-1,she,189138,189141,5,603,11,M_2514,Other
2515,booknlp,COREF,150,I,189182,189183,16,603,11,M_2515,Other
2516,pdnc,qID,Q445-1,you,189189,189192,4,603,11,M_2516,Other
2517,booknlp,COREF,150,my,189206,189208,16,603,11,M_2517,Other
2518,pdnc,qID,Q445-1,you,189272,189275,4,603,11,M_2518,Other
2519,booknlp,COREF,87,yourself,189276,189284,4,603,11,M_2519,Other
2520,pdnc,qID,Q445-1,she,189309,189312,5,603,11,M_2520,Other
2521,pdnc,qID,Q445-1,her,189349,189352,5,603,11,M_2521,Other
2522,booknlp,COREF,150,my,189394,189396,16,603,11,M_2522,Other
2523,exp,exp_name,the general,the General,189413,189424,16,603,11,M_2523,PROPN
2524,exp,exp_name,de griers,De Griers,189449,189458,8,603,11,M_2524,PROPN
2525,booknlp,COREF,150,me,189467,189469,16,603,11,M_2525,Other
2526,booknlp,COREF,150,he,189478,189480,16,603,11,M_2526,Other
2527,exp,exp_name,mlle. blanche,Mlle. Blanche,189491,189504,7,603,11,M_2527,PROPN
2528,booknlp,COREF,50,her,189517,189520,7,603,11,M_2528,Other
2529,pdnc,qID,Q445-3,Alexis Ivanovitch,189549,189566,4,603,11,M_2529,PROPN
2530,booknlp,COREF,150,I,189568,189569,16,603,11,M_2530,Other
2531,pdnc,qID,Q445-3,you,189577,189580,4,603,11,M_2531,Other
2532,booknlp,COREF,150,me,189601,189603,16,604,11,M_2532,Other
2533,pdnc,qID,Q446-0,General,189605,189612,16,604,11,M_2533,Other
2534,booknlp,COREF,150,I,189621,189622,16,604,11,M_2534,Other
2535,booknlp,COREF,150,I,189652,189653,16,604,11,M_2535,Other
2536,pdnc,qID,Q447-0,her,189684,189687,5,605,11,M_2536,Other
2537,pdnc,qID,Q447-0,her,189708,189711,5,605,11,M_2537,Other
2538,pdnc,qID,Q448-0,she,189726,189729,5,606,11,M_2538,Other
2539,booknlp,COREF,150,my,189768,189770,16,606,11,M_2539,Other
2540,exp,exp_name,de griers,De Griers,189834,189843,8,607,11,M_2540,PROPN
2541,pdnc,qID,Q449-1,her,189871,189874,5,607,11,M_2541,Other
2542,pdnc,qID,Q449-1,her,189899,189902,5,607,11,M_2542,Other
2543,pdnc,qID,Q449-1,her,189913,189916,5,607,11,M_2543,Other
2544,pdnc,qID,Q449-1,her,189923,189926,5,607,11,M_2544,Other
2545,pdnc,qID,Q449-1,her,189956,189959,5,607,11,M_2545,Other
2546,pdnc,qID,Q449-1,her,189973,189976,5,607,11,M_2546,Other
2547,pdnc,qID,Q450-0,you,190038,190041,8,608,11,M_2547,Other
2548,pdnc,qID,Q450-0,Monsieur de Griers,190068,190086,8,608,11,M_2548,PROPN
2549,exp,exp_name,mlle. blanche,Mlle. Blanche,190199,190212,7,608,11,M_2549,PROPN
2550,exp,exp_name,de griers,De Griers,190216,190225,8,608,11,M_2550,PROPN
2551,booknlp,COREF,73,he,190294,190296,8,608,11,M_2551,Other
2552,pdnc,qID,Q451-0,she,190346,190349,5,609,11,M_2552,Other
2553,booknlp,COREF,73,my,190373,190375,8,609,11,M_2553,Other
2554,booknlp,COREF,73,he,190392,190394,8,609,11,M_2554,Other
2555,booknlp,COREF,73,he,190434,190436,8,610,11,M_2555,Other
2556,exp,exp_name,mlle. blanche,Mlle. Blanche,190442,190455,7,610,11,M_2556,PROPN
2557,booknlp,COREF,1099,she,190508,190511,7,610,11,M_2557,Other
2558,booknlp,COREF,1099,hers,190637,190641,7,610,11,M_2558,Other
2559,booknlp,COREF,1099,she,190798,190801,7,610,11,M_2559,Other
2560,booknlp,COREF,1099,her,190914,190917,7,610,11,M_2560,Other
2561,exp,exp_name,the general,The General,191017,191028,16,611,11,M_2561,PROPN
2562,booknlp,COREF,1099,her,191046,191049,7,611,11,M_2562,Other
2563,booknlp,COREF,150,his,191050,191053,16,611,11,M_2563,Other
2564,pdnc,qID,Q452-0,Alexis Ivanovitch,191065,191082,4,612,11,M_2564,PROPN
2565,booknlp,COREF,73,he,191085,191087,8,612,11,M_2565,Other
2566,booknlp,COREF,73,me,191108,191110,8,612,11,M_2566,Other
2567,booknlp,COREF,73,I,191132,191133,8,612,11,M_2567,Other
2568,booknlp,COREF,73,I,191173,191174,8,612,11,M_2568,Other
2569,booknlp,COREF,73,I,191188,191189,8,612,11,M_2569,Other
2570,pdnc,qID,Q452-1,you,191206,191209,4,612,11,M_2570,Other
2571,booknlp,COREF,73,I,191211,191212,8,612,11,M_2571,Other
2572,pdnc,qID,Q452-1,your,191229,191233,4,612,11,M_2572,Other
2573,pdnc,qID,Q452-1,you,191277,191280,4,612,11,M_2573,Other
2574,pdnc,qID,Q452-1,you,191291,191294,4,612,11,M_2574,Other
2575,booknlp,COREF,73,I,191309,191310,8,612,11,M_2575,Other
2576,pdnc,qID,Q452-1,Mlle. de Cominges,191315,191332,7,612,11,M_2576,Other
2577,pdnc,qID,Q452-1,you,191354,191357,4,612,11,M_2577,Other
2578,pdnc,qID,Q452-1,you,191362,191365,4,612,11,M_2578,Other
2579,pdnc,qID,Q452-1,you,191381,191384,4,612,11,M_2579,Other
2580,pdnc,qID,Q452-1,you,191397,191400,4,612,11,M_2580,Other
2581,exp,exp_name,mlle. blanche,Mlle. Blanche,191445,191458,7,612,11,M_2581,PROPN
2582,exp,exp_name,potapitch,Potapitch,191618,191627,13,613,11,M_2582,PROPN
2583,exp,exp_name,the grandmother,the Grandmother,191649,191664,5,613,11,M_2583,PROPN
2584,pdnc,qID,Q453-0,She,191716,191719,5,613,11,M_2584,Other
2585,exp,exp_name,potapitch,Potapitch,191747,191756,13,613,11,M_2585,PROPN
2586,pdnc,qID,Q454-0,My mistress,191791,191802,5,615,11,M_2586,Other
2587,exp,exp_name,potapitch,Potapitch,191835,191844,13,615,11,M_2587,PROPN
2588,pdnc,qID,Q454-1,she,191884,191887,5,615,11,M_2588,Other
2589,pdnc,qID,Q454-1,her,191914,191917,5,615,11,M_2589,Other
2590,pdnc,qID,Q454-1,She,191954,191957,5,615,11,M_2590,Other
2591,exp,exp_name,de griers,De Griers,192011,192020,8,616,11,M_2591,PROPN
2592,exp,exp_name,madame,Madame,192044,192050,5,617,11,M_2592,PROPN
2593,booknlp,COREF,106,she,192105,192108,5,617,11,M_2593,Other
2594,booknlp,COREF,106,herself,192136,192143,5,617,11,M_2594,Other
2595,booknlp,COREF,106,me,192171,192173,5,618,11,M_2595,Other
2596,booknlp,COREF,106,she,192179,192182,5,618,11,M_2596,Other
2597,exp,exp_name,the grandmother,The Grandmother,192265,192280,5,620,12,M_2597,PROPN
2598,booknlp,COREF,106,her,192365,192368,5,620,12,M_2598,Other
2599,booknlp,COREF,106,she,192379,192382,5,620,12,M_2599,Other
2600,exp,exp_name,general,general,192438,192445,16,620,12,M_2600,PROPN
2601,booknlp,COREF,106,she,192485,192488,5,620,12,M_2601,Other
2602,booknlp,COREF,106,she,192614,192617,5,620,12,M_2602,Other
2603,booknlp,COREF,106,her,192625,192628,5,620,12,M_2603,Other
2604,booknlp,COREF,106,she,192693,192696,5,620,12,M_2604,Other
2605,booknlp,COREF,106,her,192748,192751,5,620,12,M_2605,Other
2606,booknlp,COREF,106,her,192860,192863,5,620,12,M_2606,Other
2607,exp,exp_name,the baron,the Baron,192864,192873,14,620,12,M_2607,PROPN
2608,exp,exp_name,baroness burmergelm,Baroness Burmergelm,192878,192897,6,620,12,M_2608,PROPN
2609,booknlp,COREF,106,she,192921,192924,5,620,12,M_2609,Other
2610,exp,exp_name,potapitch,Potapitch,193048,193057,13,620,12,M_2610,PROPN
2611,exp,exp_name,martha,Martha,193062,193068,9,620,12,M_2611,PROPN
2612,booknlp,COREF,106,she,193098,193101,5,620,12,M_2612,Other
2613,pdnc,qID,Q459-0,We,193165,193167,5,621,12,M_2613,Other
2614,pdnc,qID,Q459-0,us,193199,193201,5,621,12,M_2614,Other
2615,booknlp,COREF,106,she,193292,193295,5,621,12,M_2615,Other
2616,pdnc,qID,Q460-0,You,193310,193313,4,621,12,M_2616,Other
2617,booknlp,COREF,106,I,193333,193334,5,621,12,M_2617,Other
2618,exp,exp_name,the grandmother,the Grandmother,193357,193372,5,622,12,M_2618,PROPN
2619,booknlp,COREF,396,her,193430,193433,5,622,12,M_2619,Other
2620,exp,exp_name,the croupier,the croupier,193454,193466,15,622,12,M_2620,PROPN
2621,exp,exp_name,the grandmother,the Grandmother,193908,193923,5,622,12,M_2621,PROPN
2622,exp,exp_name,the grandmother,the Grandmother,194045,194060,5,624,12,M_2622,PROPN
2623,pdnc,qID,Q463-1,you,194426,194429,5,627,12,M_2623,Other
2624,pdnc,qID,Q463-1,Madame,194431,194437,5,627,12,M_2624,PROPN
2625,pdnc,qID,Q465-0,you,194720,194723,4,630,12,M_2625,Other
2626,pdnc,qID,Q465-0,you,194729,194732,4,630,12,M_2626,Other
2627,exp,exp_name,the grandmother,the Grandmother,194912,194927,5,631,12,M_2627,PROPN
2628,booknlp,COREF,396,she,194985,194988,5,632,12,M_2628,Other
2629,pdnc,qID,Q467-0,Madame,195050,195056,5,633,12,M_2629,PROPN
2630,exp,exp_name,the grandmother,The Grandmother,195146,195161,5,633,12,M_2630,PROPN
2631,booknlp,COREF,396,her,195182,195185,5,633,12,M_2631,Other
2632,booknlp,COREF,396,Her,195198,195201,5,633,12,M_2632,Other
2633,booknlp,COREF,396,her,195231,195234,5,633,12,M_2633,Other
2634,booknlp,COREF,396,she,195334,195337,5,633,12,M_2634,Other
2635,exp,exp_name,the grandmother,the Grandmother,195378,195393,5,634,12,M_2635,PROPN
2636,booknlp,COREF,396,she,195461,195464,5,634,12,M_2636,Other
2637,exp,exp_name,the croupier,the croupier,195516,195528,15,635,12,M_2637,PROPN
2638,exp,exp_name,the croupier,the croupier,195613,195625,15,636,12,M_2638,PROPN
2639,booknlp,COREF,396,she,196186,196189,5,637,12,M_2639,Other
2640,pdnc,qID,Q470-0,your,196245,196249,4,637,12,M_2640,Other
2641,booknlp,COREF,396,she,196259,196262,5,637,12,M_2641,Other
2642,pdnc,qID,Q470-1,you,196309,196312,4,637,12,M_2642,Other
2643,booknlp,COREF,396,me,196328,196330,5,637,12,M_2643,Other
2644,pdnc,qID,Q471-0,Madame,196365,196371,5,638,12,M_2644,PROPN
2645,pdnc,qID,Q471-0,you,196402,196405,5,638,12,M_2645,Other
2646,pdnc,qID,Q472-0,You,196474,196477,4,639,12,M_2646,Other
2647,pdnc,qID,Q472-0,your,196482,196486,4,639,12,M_2647,Other
2648,booknlp,COREF,396,she,196500,196503,5,639,12,M_2648,Other
2649,pdnc,qID,Q473-0,Madame,196567,196573,5,640,12,M_2649,PROPN
2650,booknlp,COREF,396,she,196612,196615,5,641,12,M_2650,Other
2651,pdnc,qID,Q474-1,you,196643,196646,4,641,12,M_2651,Other
2652,pdnc,qID,Q474-1,you,196668,196671,4,641,12,M_2652,Other
2653,booknlp,COREF,396,me,196678,196680,5,641,12,M_2653,Other
2654,pdnc,qID,Q474-1,You,196682,196685,4,641,12,M_2654,Other
2655,booknlp,COREF,396,I,196720,196721,5,641,12,M_2655,Other
2656,booknlp,COREF,396,me,196746,196748,5,641,12,M_2656,Other
2657,booknlp,COREF,396,I,196754,196755,5,641,12,M_2657,Other
2658,booknlp,COREF,396,I,196772,196773,5,642,12,M_2658,Other
2659,booknlp,COREF,396,myself,196794,196800,5,642,12,M_2659,Other
2660,pdnc,qID,Q475-0,you,196811,196814,5,642,12,M_2660,Other
2661,pdnc,qID,Q475-0,you,196820,196823,5,642,12,M_2661,Other
2662,booknlp,COREF,396,me,196840,196842,5,642,12,M_2662,Other
2663,booknlp,COREF,396,I,196846,196847,5,642,12,M_2663,Other
2664,pdnc,qID,Q475-0,your,196863,196867,5,642,12,M_2664,Other
2665,pdnc,qID,Q475-0,you,196901,196904,5,642,12,M_2665,Other
2666,booknlp,COREF,396,I,196922,196923,5,642,12,M_2666,Other
2667,booknlp,COREF,396,I,197036,197037,5,643,12,M_2667,Other
2668,booknlp,COREF,396,I,197157,197158,5,645,12,M_2668,Other
2669,booknlp,COREF,396,I,197177,197178,5,645,12,M_2669,Other
2670,booknlp,COREF,396,my,197193,197195,5,645,12,M_2670,Other
2671,booknlp,COREF,396,I,197294,197295,5,648,12,M_2671,Other
2672,pdnc,qID,Q480-0,Madame,197304,197310,5,648,12,M_2672,PROPN
2673,exp,exp_name,the grandmother,the Grandmother,197423,197438,5,650,12,M_2673,PROPN
2674,booknlp,COREF,396,herself,197449,197456,5,650,12,M_2674,Other
2675,pdnc,qID,Q482-0,You,197469,197472,4,651,12,M_2675,Other
2676,pdnc,qID,Q482-0,you,197478,197481,4,651,12,M_2676,Other
2677,booknlp,COREF,396,she,197488,197491,5,651,12,M_2677,Other
2678,booknlp,COREF,396,she,197505,197508,5,651,12,M_2678,Other
2679,pdnc,qID,Q483-0,Madame,197604,197610,5,652,12,M_2679,PROPN
2680,pdnc,qID,Q483-0,your,197612,197616,5,652,12,M_2680,Other
2681,booknlp,COREF,396,I,197679,197680,5,653,12,M_2681,Other
2682,booknlp,COREF,396,she,197696,197699,5,653,12,M_2682,Other
2683,booknlp,COREF,396,I,197752,197753,5,653,12,M_2683,Other
2684,booknlp,COREF,396,she,197769,197772,5,653,12,M_2684,Other
2685,booknlp,COREF,396,she,197791,197794,5,653,12,M_2685,Other
2686,booknlp,COREF,396,her,197822,197825,5,653,12,M_2686,Other
2687,booknlp,COREF,396,I,197868,197869,5,653,12,M_2687,Other
2688,booknlp,COREF,396,I,197896,197897,5,653,12,M_2688,Other
2689,pdnc,qID,Q486-0,you,197940,197943,5,654,12,M_2689,Other
2690,pdnc,qID,Q486-0,Madame,197979,197985,5,654,12,M_2690,PROPN
2691,booknlp,COREF,396,I,198003,198004,5,654,12,M_2691,Other
2692,booknlp,COREF,396,me,198188,198190,5,657,12,M_2692,Other
2693,booknlp,COREF,396,I,198191,198192,5,657,12,M_2693,Other
2694,pdnc,qID,Q490-0,you,198278,198281,5,658,12,M_2694,Other
2695,pdnc,qID,Q490-0,you,198294,198297,5,658,12,M_2695,Other
2696,booknlp,COREF,396,I,198371,198372,5,659,12,M_2696,Other
2697,booknlp,COREF,396,my,198401,198403,5,659,12,M_2697,Other
2698,booknlp,COREF,396,me,198417,198419,5,659,12,M_2698,Other
2699,exp,exp_name,the grandmother,the Grandmother,198589,198604,5,661,12,M_2699,PROPN
2700,booknlp,COREF,396,me,198612,198614,5,661,12,M_2700,Other
2701,pdnc,qID,Q493-0,Madame,198688,198694,5,662,12,M_2701,PROPN
2702,exp,exp_name,the general,the General,198794,198805,16,663,12,M_2702,PROPN
2703,exp,exp_name,de griers,De Griers,198807,198816,8,663,12,M_2703,PROPN
2704,exp,exp_name,mlle. blanche,Mlle. Blanche,198818,198831,7,663,12,M_2704,PROPN
2705,booknlp,COREF,50,her,198837,198840,7,663,12,M_2705,Other
2706,exp,exp_name,polina,Polina,198854,198860,12,663,12,M_2706,PROPN
2707,exp,exp_name,mr. astley,Mr. Astley,198865,198875,10,663,12,M_2707,PROPN
2708,exp,exp_name,the grandmother,the Grandmother,198920,198935,5,664,12,M_2708,PROPN
2709,pdnc,qID,Q494-1,we,198942,198944,5,664,12,M_2709,Other
2710,booknlp,COREF,396,I,198985,198986,5,664,12,M_2710,Other
2711,exp,exp_name,de griers,De Griers,199076,199085,8,665,12,M_2711,PROPN
2712,pdnc,qID,Q495-0,She,199089,199092,5,666,12,M_2712,Other
2713,pdnc,qID,Q495-1,her,199177,199180,5,666,12,M_2713,Other
2714,exp,exp_name,de griers,De Griers,199261,199270,8,667,12,M_2714,PROPN
2715,booknlp,COREF,73,his,199279,199282,8,667,12,M_2715,Other
2716,exp,exp_name,the general,the General,199346,199357,16,667,12,M_2716,PROPN
2717,pdnc,qID,Q496-0,her,199418,199421,5,668,12,M_2717,Other
2718,pdnc,qID,Q496-0,her,199428,199431,5,668,12,M_2718,Other
2719,exp,exp_name,the general,the General,199444,199455,16,668,12,M_2719,PROPN
2720,pdnc,qID,Q497-0,You,199476,199479,16,669,12,M_2720,Other
2721,pdnc,qID,Q497-0,her,199504,199507,5,669,12,M_2721,Other
2722,booknlp,COREF,150,yourself,199508,199516,16,669,12,M_2722,Other
2723,pdnc,qID,Q498-0,My good mother,199551,199565,5,670,12,M_2723,Other
2724,booknlp,COREF,150,he,199568,199570,16,670,12,M_2724,Other
2725,booknlp,COREF,150,he,199579,199581,16,670,12,M_2725,Other
2726,pdnc,qID,Q498-1,my good mother,199600,199614,5,670,12,M_2726,Other
2727,booknlp,COREF,150,his,199633,199636,16,670,12,M_2727,Other
2728,pdnc,qID,Q498-2,us,199684,199686,16,670,12,M_2728,Other
2729,pdnc,qID,Q498-2,you,199814,199817,5,670,12,M_2729,Other
2730,pdnc,qID,Q499-0,you,199851,199854,16,671,12,M_2730,Other
2731,pdnc,qID,Q499-0,your,199859,199863,16,671,12,M_2731,Other
2732,exp,exp_name,the grandmother,the Grandmother,199877,199892,5,671,12,M_2732,PROPN
2733,booknlp,COREF,396,she,199904,199907,5,671,12,M_2733,Other
2734,booknlp,COREF,150,him,199914,199917,16,671,12,M_2734,Other
2735,exp,exp_name,the general,the General,199998,200009,16,672,12,M_2735,PROPN
2736,exp,exp_name,de griers,De Griers,200084,200093,8,673,12,M_2736,PROPN
2737,booknlp,COREF,150,his,200211,200214,16,674,12,M_2737,Other
2738,booknlp,COREF,150,you,200277,200280,16,675,12,M_2738,Other
2739,booknlp,COREF,150,your,200285,200289,16,675,12,M_2739,Other
2740,booknlp,COREF,150,yourself,200332,200340,16,675,12,M_2740,Other
2741,booknlp,COREF,150,you,200353,200356,16,675,12,M_2741,Other
2742,booknlp,COREF,150,you,200417,200420,16,675,12,M_2742,Other
2743,booknlp,COREF,150,you,200460,200463,16,675,12,M_2743,Other
2744,pdnc,qID,Q503-0,Madame,200481,200487,5,676,12,M_2744,PROPN
2745,exp,exp_name,the grandmother,the Grandmother,200588,200603,5,677,12,M_2745,PROPN
2746,exp,exp_name,the grandmother,the Grandmother,200931,200946,5,678,12,M_2746,PROPN
2747,booknlp,COREF,64,she,200981,200984,5,679,12,M_2747,Other
2748,booknlp,COREF,64,she,200998,201001,5,679,12,M_2748,Other
2749,booknlp,COREF,64,her,201010,201013,5,679,12,M_2749,Other
2750,booknlp,COREF,64,me,201103,201105,5,679,12,M_2750,Other
2751,booknlp,COREF,64,she,201108,201111,5,679,12,M_2751,Other
2752,pdnc,qID,Q506-0,Madame,201168,201174,5,680,12,M_2752,PROPN
2753,exp,exp_name,the grandmother,the Grandmother,201351,201366,5,682,12,M_2753,PROPN
2754,exp,exp_name,the grandmother,the Grandmother,201631,201646,5,682,12,M_2754,PROPN
2755,pdnc,qID,Q508-1,you,201825,201828,4,683,12,M_2755,Other
2756,pdnc,qID,Q508-1,Alexis Ivanovitch,201830,201847,4,683,12,M_2756,PROPN
2757,booknlp,COREF,87,him,201854,201857,4,683,12,M_2757,Other
2758,pdnc,qID,Q509-0,you,201941,201944,5,684,12,M_2758,Other
2759,booknlp,COREF,87,he,201960,201962,4,684,12,M_2759,Other
2760,exp,exp_name,the grandmother,the Grandmother,202179,202194,5,685,12,M_2760,PROPN
2761,booknlp,COREF,64,she,202211,202214,5,686,12,M_2761,Other
2762,booknlp,COREF,64,I,202222,202223,5,686,12,M_2762,Other
2763,booknlp,COREF,64,she,202278,202281,5,686,12,M_2763,Other
2764,booknlp,COREF,64,she,202636,202639,5,688,12,M_2764,Other
2765,booknlp,COREF,64,she,202679,202682,5,688,12,M_2765,Other
2766,booknlp,COREF,64,her,202731,202734,5,688,12,M_2766,Other
2767,booknlp,COREF,64,she,202745,202748,5,688,12,M_2767,Other
2768,booknlp,COREF,64,she,202778,202781,5,688,12,M_2768,Other
2769,pdnc,qID,Q512-0,you,202838,202841,4,689,12,M_2769,Other
2770,booknlp,COREF,64,she,202848,202851,5,689,12,M_2770,Other
2771,booknlp,COREF,64,she,202860,202863,5,689,12,M_2771,Other
2772,pdnc,qID,Q512-1,YOUR,203040,203044,4,689,12,M_2772,Other
2773,pdnc,qID,Q512-1,your,203062,203066,4,689,12,M_2773,Other
2774,booknlp,COREF,64,her,203112,203115,5,690,12,M_2774,Other
2775,booknlp,COREF,64,her,203167,203170,5,690,12,M_2775,Other
2776,exp,exp_name,de griers,De Griers,203197,203206,8,691,12,M_2776,PROPN
2777,booknlp,COREF,73,he,203260,203262,8,691,12,M_2777,Other
2778,booknlp,COREF,73,his,203267,203270,8,691,12,M_2778,Other
2779,exp,exp_name,mlle. blanche,Mlle. Blanche,203332,203345,7,691,12,M_2779,PROPN
2780,exp,exp_name,the general,the General,203437,203448,16,691,12,M_2780,PROPN
2781,booknlp,COREF,150,he,203486,203488,16,691,12,M_2781,Other
2782,booknlp,COREF,50,Mlle,203529,203533,7,691,12,M_2782,PROPN
2783,booknlp,COREF,150,his,203561,203564,16,691,12,M_2783,Other
2784,booknlp,COREF,150,he,203577,203579,16,691,12,M_2784,Other
2785,booknlp,COREF,150,his,203584,203587,16,691,12,M_2785,Other
2786,booknlp,COREF,50,her,203604,203607,7,691,12,M_2786,Other
2787,exp,exp_name,general,General,203621,203628,16,691,12,M_2787,PROPN
2788,booknlp,COREF,150,his,203639,203642,16,691,12,M_2788,Other
2789,booknlp,COREF,150,he,203675,203677,16,691,12,M_2789,Other
2790,booknlp,COREF,150,he,203715,203717,16,691,12,M_2790,Other
2791,booknlp,COREF,50,Mlle,203771,203775,7,691,12,M_2791,PROPN
2792,exp,exp_name,the general,the General,203818,203829,16,691,12,M_2792,PROPN
2793,pdnc,qID,Q513-0,Madame,203847,203853,5,692,12,M_2793,PROPN
2794,pdnc,qID,Q513-0,Madame,203855,203861,5,692,12,M_2794,PROPN
2795,exp,exp_name,de griers,De Griers,203895,203904,8,692,12,M_2795,PROPN
2796,booknlp,COREF,73,he,203908,203910,8,692,12,M_2796,Other
2797,exp,exp_name,the grandmother,the Grandmother,203936,203951,5,692,12,M_2797,PROPN
2798,booknlp,COREF,73,he,204014,204016,8,692,12,M_2798,Other
2799,exp,exp_name,the grandmother,the Grandmother,204081,204096,5,693,12,M_2799,PROPN
2800,booknlp,COREF,396,me,204119,204121,5,693,12,M_2800,Other
2801,booknlp,COREF,396,I,204127,204128,5,693,12,M_2801,Other
2802,exp,exp_name,de griers,De Griers,204154,204163,8,694,12,M_2802,PROPN
2803,booknlp,COREF,73,he,204197,204199,8,694,12,M_2803,Other
2804,booknlp,COREF,73,he,204337,204339,8,694,12,M_2804,Other
2805,booknlp,COREF,73,his,204418,204421,8,694,12,M_2805,Other
2806,booknlp,COREF,73,he,204473,204475,8,694,12,M_2806,Other
2807,booknlp,COREF,73,he,204533,204535,8,694,12,M_2807,Other
2808,exp,exp_name,the grandmother,the Grandmother,204550,204565,5,694,12,M_2808,PROPN
2809,pdnc,qID,Q516-0,you,204590,204593,8,695,12,M_2809,Other
2810,booknlp,COREF,396,she,204596,204599,5,695,12,M_2810,Other
2811,pdnc,qID,Q516-1,You,204614,204617,8,695,12,M_2811,Other
2812,pdnc,qID,Q516-1,you,204651,204654,8,695,12,M_2812,Other
2813,exp,exp_name,madame,Madame,204671,204677,5,695,12,M_2813,PROPN
2814,exp,exp_name,madame,Madame,204679,204685,5,695,12,M_2814,PROPN
2815,pdnc,qID,Q516-2,you,204688,204691,8,695,12,M_2815,Other
2816,pdnc,qID,Q516-2,you,204750,204753,8,695,12,M_2816,Other
2817,booknlp,COREF,396,I,204755,204756,5,695,12,M_2817,Other
2818,pdnc,qID,Q517-0,Madame,204771,204777,5,696,12,M_2818,PROPN
2819,exp,exp_name,de griers,De Griers,204786,204795,8,696,12,M_2819,PROPN
2820,booknlp,COREF,73,his,204832,204835,8,696,12,M_2820,Other
2821,booknlp,COREF,73,he,204880,204882,8,697,12,M_2821,Other
2822,exp,exp_name,the grandmother,the Grandmother,204893,204908,5,697,12,M_2822,PROPN
2823,booknlp,COREF,73,his,204976,204979,8,697,12,M_2823,Other
2824,exp,exp_name,the croupier,the croupier,205527,205539,15,699,12,M_2824,PROPN
2825,pdnc,qID,Q520-0,The fool,205564,205572,8,701,12,M_2825,Other
2826,exp,exp_name,de griers,De Griers,205613,205622,8,701,12,M_2826,PROPN
2827,pdnc,qID,Q520-1,You infernal Frenchman,205625,205647,8,701,12,M_2827,Other
2828,pdnc,qID,Q520-1,you,205664,205667,8,701,12,M_2828,Other
2829,pdnc,qID,Q520-1,you,205694,205697,8,701,12,M_2829,Other
2830,pdnc,qID,Q520-1,you,205706,205709,8,701,12,M_2830,Other
2831,pdnc,qID,Q520-1,you,205725,205728,8,701,12,M_2831,Other
2832,pdnc,qID,Q520-1,you,205750,205753,8,701,12,M_2832,Other
2833,exp,exp_name,de griers,De Griers,205791,205800,8,702,12,M_2833,PROPN
2834,booknlp,COREF,73,his,205810,205813,8,702,12,M_2834,Other
2835,exp,exp_name,the grandmother,the Grandmother,205834,205849,5,702,12,M_2835,PROPN
2836,booknlp,COREF,73,he,205908,205910,8,702,12,M_2836,Other
2837,exp,exp_name,the grandmother,the Grandmother,206065,206080,5,704,12,M_2837,PROPN
2838,booknlp,COREF,396,she,206127,206130,5,705,12,M_2838,Other
2839,booknlp,COREF,396,she,206205,206208,5,705,12,M_2839,Other
2840,booknlp,COREF,396,I,206251,206252,5,705,12,M_2840,Other
2841,booknlp,COREF,396,I,206279,206280,5,705,12,M_2841,Other
2842,booknlp,COREF,396,she,206321,206324,5,706,12,M_2842,Other
2843,booknlp,COREF,396,her,206366,206369,5,706,12,M_2843,Other
2844,booknlp,COREF,396,she,206413,206416,5,707,12,M_2844,Other
2845,pdnc,qID,Q524-0,Madame,206443,206449,5,708,12,M_2845,PROPN
2846,exp,exp_name,martha,Martha,206461,206467,9,708,12,M_2846,PROPN
2847,booknlp,COREF,2252,yours,206497,206502,5,709,12,M_2847,Other
2848,pdnc,qID,Q526-0,Potapitch,206545,206554,13,709,12,M_2848,Other
2849,booknlp,COREF,1196,I,206620,206621,13,709,12,M_2849,Other
2850,booknlp,COREF,2252,your,206698,206702,5,710,12,M_2850,Other
2851,pdnc,qID,Q527-0,good mistress,206746,206759,5,711,12,M_2851,Other
2852,booknlp,COREF,1196,My,206761,206763,13,711,12,M_2852,Other
2853,exp,exp_name,potapitch,Potapitch,206774,206783,13,711,12,M_2853,PROPN
2854,booknlp,COREF,1196,his,206794,206797,13,711,12,M_2854,Other
2855,booknlp,COREF,1196,he,206826,206828,13,711,12,M_2855,Other
2856,booknlp,COREF,396,her,206848,206851,5,711,12,M_2856,Other
2857,booknlp,COREF,1196,he,206863,206865,13,711,12,M_2857,Other
2858,booknlp,COREF,2252,you,206885,206888,5,712,12,M_2858,Other
2859,booknlp,COREF,2252,you,206903,206906,5,712,12,M_2859,Other
2860,booknlp,COREF,2252,your,206918,206922,5,712,12,M_2860,Other
2861,booknlp,COREF,1196,my,206994,206996,13,712,12,M_2861,Other
2862,pdnc,qID,Q529-0,Madame,207043,207049,5,713,12,M_2862,PROPN
2863,booknlp,COREF,396,her,207090,207093,5,713,12,M_2863,Other
2864,exp,exp_name,alexis ivanovitch,Alexis Ivanovitch,207185,207202,4,716,12,M_2864,PROPN
2865,booknlp,COREF,1196,I,207204,207205,13,716,12,M_2865,Other
2866,booknlp,COREF,1196,I,207230,207231,13,716,12,M_2866,Other
2867,booknlp,COREF,1196,I,207320,207321,13,716,12,M_2867,Other
2868,booknlp,COREF,396,her,207372,207375,5,717,12,M_2868,Other
2869,booknlp,COREF,396,her,207450,207453,5,717,12,M_2869,Other
2870,booknlp,COREF,396,her,207490,207493,5,717,12,M_2870,Other
2871,booknlp,COREF,396,her,207590,207593,5,717,12,M_2871,Other
2872,booknlp,COREF,396,her,207635,207638,5,717,12,M_2872,Other
2873,booknlp,COREF,396,her,207661,207664,5,717,12,M_2873,Other
2874,exp,exp_name,the general,the General,207694,207705,16,717,12,M_2874,PROPN
2875,exp,exp_name,de griers,De Griers,207733,207742,8,717,12,M_2875,PROPN
2876,exp,exp_name,mlle. blanche,Mlle. Blanche,207752,207765,7,717,12,M_2876,PROPN
2877,exp,exp_name,the grandmother,the Grandmother,207800,207815,5,717,12,M_2877,PROPN
2878,exp,exp_name,the grandmother,the Grandmother,207951,207966,5,717,12,M_2878,PROPN
2879,exp,exp_name,polina,Polina,207973,207979,12,717,12,M_2879,PROPN
2880,booknlp,COREF,47,her,207996,207999,12,717,12,M_2880,Other
2881,exp,exp_name,the grandmother,the Grandmother,208005,208020,5,717,12,M_2881,PROPN
2882,booknlp,COREF,50,you,208070,208073,7,718,12,M_2882,Other
2883,booknlp,COREF,396,she,208089,208092,5,718,12,M_2883,Other
2884,booknlp,COREF,396,my,208118,208120,5,718,12,M_2884,Other
2885,booknlp,COREF,50,you,208140,208143,7,718,12,M_2885,Other
2886,pdnc,qID,Q533-1,you,208169,208172,8,718,12,M_2886,Other
2887,booknlp,COREF,396,she,208180,208183,5,718,12,M_2887,Other
2888,exp,exp_name,de griers,De Griers,208194,208203,8,718,12,M_2888,PROPN
2889,pdnc,qID,Q533-2,your,208229,208233,8,718,12,M_2889,Other
2890,pdnc,qID,Q533-2,you,208261,208264,7,718,12,M_2890,Other
2891,booknlp,COREF,396,she,208272,208275,5,718,12,M_2891,Other
2892,exp,exp_name,mlle. blanche,Mlle. Blanche,208286,208299,7,718,12,M_2892,PROPN
2893,booknlp,COREF,396,me,208309,208311,5,718,12,M_2893,Other
2894,pdnc,qID,Q533-3,you,208323,208326,7,718,12,M_2894,Other
2895,booknlp,COREF,50,Mlle,208365,208369,7,719,12,M_2895,PROPN
2896,booknlp,COREF,50,her,208377,208380,7,719,12,M_2896,Other
2897,booknlp,COREF,50,her,208393,208396,7,719,12,M_2897,Other
2898,booknlp,COREF,50,she,208434,208437,7,719,12,M_2898,Other
2899,exp,exp_name,the general,the General,208485,208496,16,719,12,M_2899,PROPN
2900,booknlp,COREF,50,she,208500,208503,7,719,12,M_2900,Other
2901,pdnc,qID,Q535-0,Elle,208513,208517,5,719,12,M_2901,Other
2902,pdnc,qID,Q536-0,you,208540,208543,8,720,12,M_2902,Other
2903,pdnc,qID,Q536-0,you,208583,208586,8,720,12,M_2903,Other
2904,pdnc,qID,Q536-1,you,208620,208623,8,720,12,M_2904,Other
2905,pdnc,qID,Q536-1,Alexis Ivanovitch,208653,208670,4,720,12,M_2905,PROPN
2906,exp,exp_name,the general,The General,208773,208784,16,721,12,M_2906,PROPN
2907,booknlp,COREF,150,his,208794,208797,16,721,12,M_2907,Other
2908,exp,exp_name,de griers,De Griers,208835,208844,8,721,12,M_2908,PROPN
2909,booknlp,COREF,150,him,208852,208855,16,721,12,M_2909,Other
2910,pdnc,qID,Q537-0,Prascovia,208864,208873,12,722,12,M_2910,PROPN
2911,exp,exp_name,the grandmother,the Grandmother,208886,208901,5,722,12,M_2911,PROPN
2912,exp,exp_name,martha,Martha,208923,208929,9,722,12,M_2912,PROPN
2913,exp,exp_name,polina,Polina,208946,208952,12,722,12,M_2913,PROPN
2914,booknlp,COREF,47,her,208996,208999,12,722,12,M_2914,Other
2915,booknlp,COREF,47,Her,209065,209068,12,722,12,M_2915,Other
2916,pdnc,qID,Q538-0,Prascovia,209103,209112,12,723,12,M_2916,PROPN
2917,exp,exp_name,the grandmother,the Grandmother,209121,209136,5,723,12,M_2917,PROPN
2918,booknlp,COREF,396,I,209147,209148,5,723,12,M_2918,Other
2919,pdnc,qID,Q538-1,this fool of a stepfather of yours,209203,209237,16,723,12,M_2919,Other
2920,pdnc,qID,Q538-1,that actress,209294,209306,7,723,12,M_2920,Other
2921,booknlp,COREF,396,me,209333,209335,5,723,12,M_2921,Other
2922,booknlp,COREF,47,I,209352,209353,12,724,12,M_2922,Other
2923,pdnc,qID,Q539-0,Grandmamma,209381,209391,5,724,12,M_2923,PROPN
2924,exp,exp_name,polina,Polina,209402,209408,12,724,12,M_2924,PROPN
2925,pdnc,qID,Q539-1,Mlle. Blanche,209420,209433,7,724,12,M_2925,Other
2926,pdnc,qID,Q539-1,she,209449,209452,7,724,12,M_2926,Other
2927,booknlp,COREF,47,I,209512,209513,12,724,12,M_2927,Other
2928,pdnc,qID,Q540-0,You,209532,209535,12,725,12,M_2928,Other
2929,exp,exp_name,the grandmother,the Grandmother,209572,209587,5,725,12,M_2929,PROPN
2930,pdnc,qID,Q541-0,him,209688,209691,16,725,12,M_2930,Other
2931,pdnc,qID,Q541-0,him,209718,209721,16,725,12,M_2931,Other
2932,pdnc,qID,Q541-0,his,209804,209807,16,725,12,M_2932,Other
2933,exp,exp_name,general,general,209816,209823,16,725,12,M_2933,PROPN
2934,pdnc,qID,Q541-0,he,209832,209834,16,725,12,M_2934,Other
2935,pdnc,qID,Q541-0,he,209859,209861,16,725,12,M_2935,Other
2936,pdnc,qID,Q541-0,the old woman,209958,209971,5,725,12,M_2936,Other
2937,pdnc,qID,Q541-0,her,209993,209996,5,725,12,M_2937,Other
2938,pdnc,qID,Q541-0,her,210092,210095,5,725,12,M_2938,Other
2939,pdnc,qID,Q541-0,De Cominges,210106,210117,5,725,12,M_2939,PROPN
2940,pdnc,qID,Q541-0,the General,210150,210161,16,725,12,M_2940,Other
2941,pdnc,qID,Q541-0,his,210166,210169,16,725,12,M_2941,Other
2942,pdnc,qID,Q541-0,him,210199,210202,16,725,12,M_2942,Other
2943,pdnc,qID,Q541-0,her,210209,210212,5,725,12,M_2943,Other
2944,pdnc,qID,Q541-0,she,210227,210230,5,725,12,M_2944,Other
2945,pdnc,qID,Q541-0,you,210357,210360,12,725,12,M_2945,Other
2946,pdnc,qID,Q541-0,Prascovia,210363,210372,12,725,12,M_2946,PROPN
2947,pdnc,qID,Q541-0,you,210405,210408,12,725,12,M_2947,Other
2948,pdnc,qID,Q541-0,you,210508,210511,12,725,12,M_2948,Other
2949,pdnc,qID,Q541-0,you,210539,210542,12,725,12,M_2949,Other
2950,pdnc,qID,Q541-0,you,210619,210622,12,725,12,M_2950,Other
2951,pdnc,qID,Q541-0,your,210636,210640,12,725,12,M_2951,Other
2952,pdnc,qID,Q541-0,you,210669,210672,12,725,12,M_2952,Other
2953,pdnc,qID,Q541-0,you,210765,210768,12,725,12,M_2953,Other
2954,pdnc,qID,Q541-0,you,210795,210798,12,725,12,M_2954,Other
2955,exp,exp_name,polina,Polina,210879,210885,12,725,12,M_2955,PROPN
2956,pdnc,qID,Q541-1,you,210941,210944,12,725,12,M_2956,Other
2957,pdnc,qID,Q541-1,you,210990,210993,12,725,12,M_2957,Other
2958,pdnc,qID,Q541-1,you,211031,211034,12,725,12,M_2958,Other
2959,pdnc,qID,Q541-1,you,211071,211074,12,725,12,M_2959,Other
2960,pdnc,qID,Q541-1,you,211129,211132,12,725,12,M_2960,Other
2961,pdnc,qID,Q541-1,you,211154,211157,12,725,12,M_2961,Other
2962,booknlp,COREF,47,me,211184,211186,12,726,12,M_2962,Other
2963,pdnc,qID,Q542-0,you,211195,211198,5,726,12,M_2963,Other
2964,exp,exp_name,polina,Polina,211210,211216,12,726,12,M_2964,PROPN
2965,pdnc,qID,Q542-1,you,211227,211230,5,726,12,M_2965,Other
2966,pdnc,qID,Q543-0,You,211273,211276,12,727,12,M_2966,Other
2967,pdnc,qID,Q544-0,Grandmamma,211689,211699,5,728,12,M_2967,PROPN
2968,pdnc,qID,Q544-0,you,211708,211711,5,728,12,M_2968,Other
2969,pdnc,qID,Q545-0,You,211745,211748,12,729,12,M_2969,Other
2970,pdnc,qID,Q545-0,your,211753,211757,12,729,12,M_2970,Other
2971,pdnc,qID,Q545-0,Prascovia,211783,211792,12,729,12,M_2971,PROPN
2972,pdnc,qID,Q545-0,you,211801,211804,12,729,12,M_2972,Other
2973,pdnc,qID,Q545-0,you,211836,211839,12,729,12,M_2973,Other
2974,pdnc,qID,Q545-0,you,211849,211852,12,729,12,M_2974,Other
2975,pdnc,qID,Q546-0,Grandmamma,211875,211885,5,730,12,M_2975,PROPN
2976,exp,exp_name,polina,Polina,211888,211894,12,730,12,M_2976,PROPN
2977,booknlp,COREF,47,I,211923,211924,12,730,12,M_2977,Other
2978,pdnc,qID,Q546-1,you,211951,211954,5,730,12,M_2978,Other
2979,pdnc,qID,Q546-1,you,211977,211980,5,730,12,M_2979,Other
2980,booknlp,COREF,47,me,212004,212006,12,730,12,M_2980,Other
2981,pdnc,qID,Q546-1,you,212034,212037,5,730,12,M_2981,Other
2982,booknlp,COREF,47,my,212051,212053,12,730,12,M_2982,Other
2983,booknlp,COREF,47,I,212075,212076,12,730,12,M_2983,Other
2984,pdnc,qID,Q546-1,you,212092,212095,5,730,12,M_2984,Other
2985,booknlp,COREF,47,I,212134,212135,12,730,12,M_2985,Other
2986,pdnc,qID,Q546-1,you,212162,212165,5,730,12,M_2986,Other
2987,booknlp,COREF,47,I,212227,212228,12,730,12,M_2987,Other
2988,booknlp,COREF,47,my,212244,212246,12,730,12,M_2988,Other
2989,pdnc,qID,Q546-1,you,212265,212268,5,730,12,M_2989,Other
2990,booknlp,COREF,47,me,212279,212281,12,730,12,M_2990,Other
2991,pdnc,qID,Q547-0,You,212329,212332,12,731,12,M_2991,Other
2992,pdnc,qID,Q547-0,you,212343,212346,12,731,12,M_2992,Other
2993,pdnc,qID,Q548-0,Grandmamma,212563,212573,5,732,12,M_2993,PROPN
2994,pdnc,qID,Q548-0,you,212575,212578,5,732,12,M_2994,Other
2995,pdnc,qID,Q548-0,you,212655,212658,5,732,12,M_2995,Other
2996,booknlp,COREF,66,you,212694,212697,24,732,12,M_2996,Other
2997,exp,exp_name,polina,Polina,212831,212837,12,733,12,M_2997,PROPN
2998,pdnc,qID,Q552-0,You,212945,212948,12,733,12,M_2998,Other
2999,pdnc,qID,Q552-0,Prascovia,213000,213009,12,733,12,M_2999,PROPN
3000,pdnc,qID,Q552-0,you,213018,213021,12,733,12,M_3000,Other
3001,pdnc,qID,Q552-0,you,213084,213087,12,733,12,M_3001,Other
3002,pdnc,qID,Q552-0,Prascovia,213120,213129,12,733,12,M_3002,PROPN
3003,pdnc,qID,Q552-0,That Frenchman,213131,213145,8,733,12,M_3003,Other
3004,pdnc,qID,Q552-0,you,213163,213166,12,733,12,M_3004,Other
3005,exp,exp_name,polina,Polina,213235,213241,12,735,12,M_3005,PROPN
3006,exp,exp_name,the grandmother,the Grandmother,213445,213460,5,736,12,M_3006,PROPN
3007,booknlp,COREF,396,I,213467,213468,5,736,12,M_3007,Other
3008,pdnc,qID,Q554-1,You,213504,213507,12,736,12,M_3008,Other
3009,pdnc,qID,Q554-1,you,213544,213547,12,736,12,M_3009,Other
3010,pdnc,qID,Q554-1,you,213554,213557,12,736,12,M_3010,Other
3011,pdnc,qID,Q554-1,you,213567,213570,12,736,12,M_3011,Other
3012,booknlp,COREF,396,I,213596,213597,5,736,12,M_3012,Other
3013,pdnc,qID,Q554-1,you,213611,213614,12,736,12,M_3013,Other
3014,booknlp,COREF,396,I,213615,213616,5,736,12,M_3014,Other
3015,pdnc,qID,Q554-1,you,213624,213627,12,736,12,M_3015,Other
3016,booknlp,COREF,396,me,213693,213695,5,736,12,M_3016,Other
3017,booknlp,COREF,47,me,213718,213720,12,737,12,M_3017,Other
3018,pdnc,qID,Q555-0,you,213731,213734,5,737,12,M_3018,Other
3019,exp,exp_name,polina,Polina,213758,213764,12,737,12,M_3019,PROPN
3020,pdnc,qID,Q556-1,you,213793,213796,12,738,12,M_3020,Other
3021,pdnc,qID,Q556-1,you,213829,213832,12,738,12,M_3021,Other
3022,exp,exp_name,polina,Polina,213879,213885,12,739,12,M_3022,PROPN
3023,exp,exp_name,the grandmother,the Grandmother,213900,213915,5,739,12,M_3023,PROPN
3024,booknlp,COREF,396,she,213995,213998,5,739,12,M_3024,Other
3025,exp,exp_name,polina,Polina,214010,214016,12,739,12,M_3025,PROPN
3026,booknlp,COREF,47,her,214073,214076,12,739,12,M_3026,Other
3027,pdnc,qID,Q557-0,you,214101,214104,4,740,12,M_3027,Other
3028,pdnc,qID,Q557-0,Alexis Ivanovitch,214112,214129,4,740,12,M_3028,PROPN
3029,pdnc,qID,Q557-0,you,214184,214187,4,740,12,M_3029,Other
3030,booknlp,COREF,396,yourself,214244,214252,5,740,12,M_3030,Other
3031,booknlp,COREF,47,I,214257,214258,12,741,12,M_3031,Other
3032,pdnc,qID,Q558-0,you,214265,214268,5,741,12,M_3032,Other
3033,pdnc,qID,Q558-0,Madame,214277,214283,5,741,12,M_3033,PROPN
3034,booknlp,COREF,47,I,214289,214290,12,741,12,M_3034,Other
3035,exp,exp_name,the grandmother,the Grandmother,214328,214343,5,742,12,M_3035,PROPN
3036,pdnc,qID,Q560-0,you,214462,214465,4,743,12,M_3036,Other
3037,pdnc,qID,Q560-0,you,214486,214489,4,743,12,M_3037,Other
3038,pdnc,qID,Q560-0,your,214498,214502,4,743,12,M_3038,Other
3039,booknlp,COREF,396,she,214510,214513,5,743,12,M_3039,Other
3040,booknlp,COREF,396,me,214535,214537,5,743,12,M_3040,Other
3041,booknlp,COREF,396,I,214543,214544,5,743,12,M_3041,Other
3042,pdnc,qID,Q560-1,you,214555,214558,4,743,12,M_3042,Other
3043,pdnc,qID,Q560-1,Potapitch,214582,214591,13,743,12,M_3043,Other
3044,exp,exp_name,polina,Polina,214830,214836,12,744,12,M_3044,PROPN
3045,exp,exp_name,the frenchman,The Frenchman,214842,214855,8,744,12,M_3045,PROPN
3046,exp,exp_name,polina,Polina,214898,214904,12,744,12,M_3046,PROPN
3047,exp,exp_name,de griers,De Griers,214909,214918,8,744,12,M_3047,PROPN
3048,exp,exp_name,astley,Astley,215013,215019,10,745,12,M_3048,PROPN
3049,booknlp,COREF,54,him,215032,215035,10,745,12,M_3049,Other
3050,booknlp,COREF,54,he,215075,215077,10,745,12,M_3050,Other
3051,exp,exp_name,astley,Astley,215100,215106,10,745,12,M_3051,PROPN
3052,booknlp,COREF,54,he,215114,215116,10,745,12,M_3052,Other
3053,exp,exp_name,potapitch,Potapitch,215220,215229,13,746,12,M_3053,PROPN
3054,pdnc,qID,Q561-0,Sir,215245,215248,4,747,12,M_3054,Other
3055,booknlp,COREF,54,he,215251,215253,10,747,12,M_3055,Other
3056,pdnc,qID,Q561-1,my mistress ,215261,215273,5,747,12,M_3056,Other
3057,pdnc,qID,Q561-1,you,215287,215290,4,747,12,M_3057,Other
3058,pdnc,qID,Q562-0,she,215307,215310,5,748,12,M_3058,Other
3059,pdnc,qID,Q562-0,she,215333,215336,5,748,12,M_3059,Other
3060,pdnc,qID,Q563-0,She,215384,215387,5,749,12,M_3060,Other
3061,pdnc,qID,Q563-0,sir,215399,215402,4,749,12,M_3061,PROPN
3062,pdnc,qID,Q563-0,she,215404,215407,5,749,12,M_3062,Other
3063,pdnc,qID,Q563-0,sir,215435,215438,4,749,12,M_3063,PROPN
3064,exp,exp_name,the grandmother,The Grandmother,215482,215497,5,750,12,M_3064,PROPN
3065,booknlp,COREF,396,her,215528,215531,5,750,12,M_3065,Other
3066,booknlp,COREF,396,her,215560,215563,5,750,12,M_3066,Other
3067,booknlp,COREF,396,she,215570,215573,5,750,12,M_3067,Other
3068,pdnc,qID,Q564-0,Alexis Ivanovitch,215603,215620,4,751,12,M_3068,PROPN
3069,booknlp,COREF,396,she,215623,215626,5,751,12,M_3069,Other
3070,pdnc,qID,Q565-0,Madame,215693,215699,5,752,12,M_3070,PROPN
3071,booknlp,COREF,396,I,215704,215705,5,753,12,M_3071,Other
3072,booknlp,COREF,396,I,215724,215725,5,753,12,M_3072,Other
3073,booknlp,COREF,396,my,215741,215743,5,753,12,M_3073,Other
3074,booknlp,COREF,396,me,215776,215778,5,753,12,M_3074,Other
3075,pdnc,qID,Q567-0,your,215950,215954,5,755,12,M_3075,Other
3076,pdnc,qID,Q567-0,Madame,215962,215968,5,755,12,M_3076,PROPN
3077,pdnc,qID,Q567-1,you,215999,216002,5,755,12,M_3077,Other
3078,pdnc,qID,Q568-0,you,216028,216031,4,756,12,M_3078,Other
3079,pdnc,qID,Q569-0,your,216213,216217,5,757,12,M_3079,Other
3080,pdnc,qID,Q569-0,you,216245,216248,5,757,12,M_3080,Other
3081,pdnc,qID,Q569-0,your,216249,216253,5,757,12,M_3081,Other
3082,exp,exp_name,the grandmother,the Grandmother,216330,216345,5,758,12,M_3082,PROPN
3083,exp,exp_name,the grandmother,the Grandmother,216415,216430,5,759,12,M_3083,PROPN
3084,booknlp,COREF,396,I,216484,216485,5,759,12,M_3084,Other
3085,booknlp,COREF,396,my,216496,216498,5,759,12,M_3085,Other
3086,pdnc,qID,Q570-1,Potapitch,216510,216519,13,759,12,M_3086,Other
3087,pdnc,qID,Q570-1,you,216521,216524,13,759,12,M_3087,Other
3088,booknlp,COREF,396,me,216540,216542,5,759,12,M_3088,Other
3089,booknlp,COREF,396,me,216573,216575,5,759,12,M_3089,Other
3090,exp,exp_name,mr. astley,Mr. Astley,216602,216612,10,760,12,M_3090,PROPN
3091,exp,exp_name,potapitch,Potapitch,216710,216719,13,760,12,M_3091,PROPN
3092,exp,exp_name,the grandmother,the Grandmother,216724,216739,5,760,12,M_3092,PROPN
3093,booknlp,COREF,396,She,216757,216760,5,760,12,M_3093,Other
3094,booknlp,COREF,396,her,216825,216828,5,760,12,M_3094,Other
3095,booknlp,COREF,396,she,216898,216901,5,760,12,M_3095,Other
3096,booknlp,COREF,396,she,216960,216963,5,760,12,M_3096,Other
3097,booknlp,COREF,396,she,217041,217044,5,760,12,M_3097,Other
3098,exp,exp_name,potapitch,Potapitch,217059,217068,13,760,12,M_3098,PROPN
3099,booknlp,COREF,396,her,217082,217085,5,760,12,M_3099,Other
3100,booknlp,COREF,396,she,217103,217106,5,760,12,M_3100,Other
3101,exp,exp_name,potapitch,Potapitch,217512,217521,13,760,12,M_3101,PROPN
3102,pdnc,qID,Q571-0,You,217535,217538,4,760,12,M_3102,Other
3103,pdnc,qID,Q571-1,her,217583,217586,5,760,12,M_3103,Other
3104,pdnc,qID,Q571-1,her,217627,217630,5,760,12,M_3104,Other
3105,pdnc,qID,Q571-1,she,217686,217689,5,760,12,M_3105,Other
3106,pdnc,qID,Q571-1,she,217747,217750,5,760,12,M_3106,Other
3107,pdnc,qID,Q571-1,she,217820,217823,5,760,12,M_3107,Other
3108,pdnc,qID,Q571-1,sir,217841,217844,4,760,12,M_3108,PROPN
3109,pdnc,qID,Q571-1,she,217861,217864,5,760,12,M_3109,Other
3110,pdnc,qID,Q571-1,you,217879,217882,4,760,12,M_3110,Other
3111,pdnc,qID,Q571-1,her,217899,217902,5,760,12,M_3111,Other
3112,pdnc,qID,Q571-1,her,217920,217923,5,760,12,M_3112,Other
3113,pdnc,qID,Q571-1,her,217974,217977,5,760,12,M_3113,Other
3114,pdnc,qID,Q571-1,she,217987,217990,5,760,12,M_3114,Other
3115,pdnc,qID,Q571-1,she,218020,218023,5,760,12,M_3115,Other
3116,pdnc,qID,Q571-1,she,218029,218032,5,760,12,M_3116,Other
3117,pdnc,qID,Q571-1,her,218067,218070,5,760,12,M_3117,Other
3118,pdnc,qID,Q571-1,you,218239,218242,4,760,12,M_3118,Other
3119,pdnc,qID,Q571-1,she,218369,218372,5,760,12,M_3119,Other
3120,exp,exp_name,polina,Polina,219189,219195,12,762,13,M_3120,PROPN
3121,exp,exp_name,the grandmother,the Grandmother,221452,221467,5,766,13,M_3121,PROPN
3122,booknlp,COREF,396,she,221478,221481,5,766,13,M_3122,Other
3123,booknlp,COREF,396,she,221505,221508,5,766,13,M_3123,Other
3124,booknlp,COREF,396,her,221567,221570,5,766,13,M_3124,Other
3125,booknlp,COREF,396,she,221744,221747,5,766,13,M_3125,Other
3126,booknlp,COREF,396,her,221795,221798,5,766,13,M_3126,Other
3127,exp,exp_name,potapitch,Potapitch,221862,221871,13,767,13,M_3127,PROPN
3128,booknlp,COREF,396,her,221900,221903,5,767,13,M_3128,Other
3129,booknlp,COREF,396,her,221932,221935,5,767,13,M_3129,Other
3130,booknlp,COREF,396,she,221941,221944,5,767,13,M_3130,Other
3131,booknlp,COREF,396,she,221984,221987,5,767,13,M_3131,Other
3132,booknlp,COREF,396,her,221998,222001,5,767,13,M_3132,Other
3133,booknlp,COREF,396,she,222047,222050,5,767,13,M_3133,Other
3134,booknlp,COREF,396,herself,222074,222081,5,767,13,M_3134,Other
3135,exp,exp_name,the grandmother,the Grandmother,222271,222286,5,767,13,M_3135,PROPN
3136,booknlp,COREF,396,her,222341,222344,5,767,13,M_3136,Other
3137,booknlp,COREF,396,her,222576,222579,5,767,13,M_3137,Other
3138,exp,exp_name,the grandmother,the Grandmother,222939,222954,5,767,13,M_3138,PROPN
3139,exp,exp_name,general,general,223381,223388,16,767,13,M_3139,PROPN
3140,exp,exp_name,potapitch,Potapitch,223465,223474,13,767,13,M_3140,PROPN
3141,exp,exp_name,the grandmother,the Grandmother,223698,223713,5,767,13,M_3141,PROPN
3142,booknlp,COREF,396,her,223785,223788,5,767,13,M_3142,Other
3143,booknlp,COREF,396,She,223796,223799,5,767,13,M_3143,Other
3144,booknlp,COREF,396,hers,223876,223880,5,767,13,M_3144,Other
3145,exp,exp_name,potapitch,Potapitch,223936,223945,13,767,13,M_3145,PROPN
3146,exp,exp_name,the grandmother,the Grandmother,224043,224058,5,767,13,M_3146,PROPN
3147,exp,exp_name,the grandmother,the Grandmother,224303,224318,5,767,13,M_3147,PROPN
3148,booknlp,COREF,64,she,224363,224366,5,767,13,M_3148,Other
3149,booknlp,COREF,64,her,224438,224441,5,767,13,M_3149,Other
3150,booknlp,COREF,64,her,224466,224469,5,767,13,M_3150,Other
3151,booknlp,COREF,64,her,224763,224766,5,769,13,M_3151,Other
3152,exp,exp_name,the grandmother,the Grandmother,224797,224812,5,769,13,M_3152,PROPN
3153,exp,exp_name,a man,a man,224909,224914,2,769,13,M_3153,PROPN
3154,exp,exp_name,potapitch,Potapitch,225791,225800,13,769,13,M_3154,PROPN
3155,exp,exp_name,the grandmother,the Grandmother,225977,225992,5,769,13,M_3155,PROPN
3156,booknlp,COREF,396,she,226013,226016,5,769,13,M_3156,Other
3157,booknlp,COREF,396,her,226048,226051,5,769,13,M_3157,Other
3158,booknlp,COREF,396,her,226128,226131,5,769,13,M_3158,Other
3159,exp,exp_name,the grandmother,the Grandmother,226300,226315,5,769,13,M_3159,PROPN
3160,booknlp,COREF,396,her,226334,226337,5,769,13,M_3160,Other
3161,booknlp,COREF,396,her,226390,226393,5,769,13,M_3161,Other
3162,booknlp,COREF,396,her,226588,226591,5,769,13,M_3162,Other
3163,booknlp,COREF,396,her,226619,226622,5,769,13,M_3163,Other
3164,exp,exp_name,the grandmother,the Grandmother,226776,226791,5,769,13,M_3164,PROPN
3165,exp,exp_name,the grandmother,the Grandmother,226847,226862,5,769,13,M_3165,PROPN
3166,booknlp,COREF,396,her,226872,226875,5,769,13,M_3166,Other
3167,booknlp,COREF,396,her,226996,226999,5,769,13,M_3167,Other
3168,booknlp,COREF,396,her,227028,227031,5,769,13,M_3168,Other
3169,exp,exp_name,the grandmother,the Grandmother,227066,227081,5,769,13,M_3169,PROPN
3170,booknlp,COREF,396,she,227109,227112,5,769,13,M_3170,Other
3171,booknlp,COREF,396,her,227156,227159,5,769,13,M_3171,Other
3172,exp,exp_name,potapitch,Potapitch,227282,227291,13,770,13,M_3172,PROPN
3173,exp,exp_name,the grandmother,the Grandmother,227308,227323,5,770,13,M_3173,PROPN
3174,booknlp,COREF,396,she,227407,227410,5,770,13,M_3174,Other
3175,booknlp,COREF,396,she,227463,227466,5,770,13,M_3175,Other
3176,booknlp,COREF,396,her,227484,227487,5,770,13,M_3176,Other
3177,booknlp,COREF,396,she,227542,227545,5,770,13,M_3177,Other
3178,booknlp,COREF,396,she,227658,227661,5,770,13,M_3178,Other
3179,booknlp,COREF,396,hers,227683,227687,5,770,13,M_3179,Other
3180,exp,exp_name,potapitch,Potapitch,227728,227737,13,770,13,M_3180,PROPN
3181,booknlp,COREF,396,she,227787,227790,5,770,13,M_3181,Other
3182,booknlp,COREF,396,she,227845,227848,5,770,13,M_3182,Other
3183,booknlp,COREF,396,herself,227868,227875,5,770,13,M_3183,Other
3184,exp,exp_name,the grandmother,the Grandmother,228152,228167,5,771,13,M_3184,PROPN
3185,booknlp,COREF,64,her,228180,228183,5,771,13,M_3185,Other
3186,exp,exp_name,the general,the General,228190,228201,16,771,13,M_3186,PROPN
3187,exp,exp_name,de griers,De Griers,228206,228215,8,771,13,M_3187,PROPN
3188,exp,exp_name,polina,Polina,228405,228411,12,771,13,M_3188,PROPN
3189,exp,exp_name,the general,the General,228522,228533,16,771,13,M_3189,PROPN
3190,booknlp,COREF,150,his,228574,228577,16,771,13,M_3190,Other
3191,booknlp,COREF,150,his,228690,228693,16,771,13,M_3191,Other
3192,booknlp,COREF,150,his,228713,228716,16,771,13,M_3192,Other
3193,exp,exp_name,mlle. blanche,Mlle. Blanche,228729,228742,7,771,13,M_3193,PROPN
3194,booknlp,COREF,150,he,228749,228751,16,771,13,M_3194,Other
3195,booknlp,COREF,150,his,228767,228770,16,771,13,M_3195,Other
3196,booknlp,COREF,150,he,228778,228780,16,771,13,M_3196,Other
3197,exp,exp_name,the grandmother,the Grandmother,229025,229040,5,771,13,M_3197,PROPN
3198,booknlp,COREF,150,him,229048,229051,16,771,13,M_3198,Other
3199,booknlp,COREF,396,her,229073,229076,5,771,13,M_3199,Other
3200,booknlp,COREF,150,he,229133,229135,16,771,13,M_3200,Other
3201,exp,exp_name,de griers,De Griers,229168,229177,8,771,13,M_3201,PROPN
3202,booknlp,COREF,150,him,229206,229209,16,771,13,M_3202,Other
3203,exp,exp_name,de griers,De Griers,229534,229543,8,771,13,M_3203,PROPN
3204,booknlp,COREF,73,his,229563,229566,8,771,13,M_3204,Other
3205,exp,exp_name,the general,the General,229601,229612,16,771,13,M_3205,PROPN
3206,exp,exp_name,de griers,De Griers,229714,229723,8,771,13,M_3206,PROPN
3207,booknlp,COREF,73,his,229730,229733,8,771,13,M_3207,Other
3208,booknlp,COREF,150,he,229803,229805,16,771,13,M_3208,Other
3209,exp,exp_name,mlle. blanche,Mlle. Blanche,229884,229897,7,771,13,M_3209,PROPN
3210,booknlp,COREF,50,she,229937,229940,7,771,13,M_3210,Other
3211,exp,exp_name,the general,the General,229994,230005,16,771,13,M_3211,PROPN
3212,booknlp,COREF,50,her,230011,230014,7,771,13,M_3212,Other
3213,booknlp,COREF,150,him,230044,230047,16,771,13,M_3213,Other
3214,exp,exp_name,the general,the General,230080,230091,16,771,13,M_3214,PROPN
3215,booknlp,COREF,50,her,230100,230103,7,771,13,M_3215,Other
3216,booknlp,COREF,50,her,230127,230130,7,771,13,M_3216,Other
3217,booknlp,COREF,150,he,230167,230169,16,771,13,M_3217,Other
3218,exp,exp_name,the general,the General,230171,230182,16,771,13,M_3218,PROPN
3219,booknlp,COREF,50,her,230198,230201,7,771,13,M_3219,Other
3220,booknlp,COREF,50,her,230206,230209,7,771,13,M_3220,Other
3221,booknlp,COREF,50,Mlle,230300,230304,7,771,13,M_3221,PROPN
3222,booknlp,COREF,50,she,230387,230390,7,771,13,M_3222,Other
3223,exp,exp_name,mlle. blanche,Mlle. Blanche,230468,230481,7,771,13,M_3223,PROPN
3224,booknlp,COREF,50,her,230588,230591,7,771,13,M_3224,Other
3225,booknlp,COREF,50,she,230649,230652,7,771,13,M_3225,Other
3226,booknlp,COREF,50,her,230668,230671,7,771,13,M_3226,Other
3227,booknlp,COREF,50,herself,230691,230698,7,771,13,M_3227,Other
3228,booknlp,COREF,50,her,230705,230708,7,771,13,M_3228,Other
3229,exp,exp_name,mr. astley,Mr. Astley,230771,230781,10,772,13,M_3229,PROPN
3230,exp,exp_name,polina,Polina,231448,231454,12,772,13,M_3230,PROPN
3231,booknlp,COREF,47,her,231514,231517,12,772,13,M_3231,Other
3232,exp,exp_name,the grandmother,the Grandmother,231550,231565,5,772,13,M_3232,PROPN
3233,pdnc,qID,Q573-0,She,231650,231653,5,773,13,M_3233,Other
3234,pdnc,qID,Q573-0,she,231687,231690,5,773,13,M_3234,Other
3235,pdnc,qID,Q574-0,She,231719,231722,5,774,13,M_3235,Other
3236,pdnc,qID,Q574-0,she,231802,231805,5,774,13,M_3236,Other
3237,pdnc,qID,Q574-0,her,231899,231902,5,774,13,M_3237,Other
3238,pdnc,qID,Q575-0,you,231942,231945,10,775,13,M_3238,Other
3239,exp,exp_name,polina,Polina,232615,232621,12,780,13,M_3239,PROPN
3240,booknlp,COREF,47,her,232728,232731,12,780,13,M_3240,Other
3241,booknlp,COREF,47,she,232764,232767,12,780,13,M_3241,Other
3242,exp,exp_name,the general,the General,232780,232791,16,780,13,M_3242,PROPN
3243,booknlp,COREF,150,him,232830,232833,16,780,13,M_3243,Other
3244,exp,exp_name,the general,the General,232966,232977,16,780,13,M_3244,PROPN
3245,booknlp,COREF,150,he,233023,233025,16,780,13,M_3245,Other
3246,booknlp,COREF,47,her,233058,233061,12,780,13,M_3246,Other
3247,booknlp,COREF,47,her,233078,233081,12,780,13,M_3247,Other
3248,exp,exp_name,astley,Astley,233177,233183,10,780,13,M_3248,PROPN
3249,exp,exp_name,polina,Polina,233205,233211,12,780,13,M_3249,PROPN
3250,booknlp,COREF,47,her,233247,233250,12,780,13,M_3250,Other
3251,booknlp,COREF,47,her,233320,233323,12,780,13,M_3251,Other
3252,booknlp,COREF,47,she,233338,233341,12,780,13,M_3252,Other
3253,exp,exp_name,polina,Polina,233500,233506,12,781,13,M_3253,PROPN
3254,booknlp,COREF,47,her,233521,233524,12,781,13,M_3254,Other
3255,booknlp,COREF,47,she,233670,233673,12,781,13,M_3255,Other
3256,booknlp,COREF,47,she,233690,233693,12,781,13,M_3256,Other
3257,booknlp,COREF,47,she,233807,233810,12,781,13,M_3257,Other
3258,booknlp,COREF,47,her,233845,233848,12,781,13,M_3258,Other
3259,booknlp,COREF,47,her,233853,233856,12,781,13,M_3259,Other
3260,booknlp,COREF,47,she,233868,233871,12,781,13,M_3260,Other
3261,booknlp,COREF,47,her,233895,233898,12,781,13,M_3261,Other
3262,booknlp,COREF,47,she,234017,234020,12,781,13,M_3262,Other
3263,booknlp,COREF,47,her,234045,234048,12,781,13,M_3263,Other
3264,booknlp,COREF,47,her,234057,234060,12,781,13,M_3264,Other
3265,booknlp,COREF,47,she,234076,234079,12,781,13,M_3265,Other
3266,booknlp,COREF,47,her,234276,234279,12,781,13,M_3266,Other
3267,booknlp,COREF,47,her,234343,234346,12,781,13,M_3267,Other
3268,booknlp,COREF,47,she,234356,234359,12,781,13,M_3268,Other
3269,booknlp,COREF,47,her,234397,234400,12,781,13,M_3269,Other
3270,booknlp,COREF,47,she,234407,234410,12,782,13,M_3270,Other
3271,booknlp,COREF,47,she,234483,234486,12,782,13,M_3271,Other
3272,booknlp,COREF,47,she,234715,234718,12,782,13,M_3272,Other
3273,booknlp,COREF,47,she,234804,234807,12,782,13,M_3273,Other
3274,booknlp,COREF,47,her,234854,234857,12,782,13,M_3274,Other
3275,exp,exp_name,the baron,the Baron,234904,234913,14,782,13,M_3275,PROPN
3276,booknlp,COREF,47,her,234985,234988,12,782,13,M_3276,Other
3277,booknlp,COREF,47,She,235059,235062,12,782,13,M_3277,Other
3278,booknlp,COREF,47,she,235102,235105,12,782,13,M_3278,Other
3279,booknlp,COREF,47,she,235120,235123,12,782,13,M_3279,Other
3280,booknlp,COREF,47,she,235185,235188,12,783,13,M_3280,Other
3281,booknlp,COREF,47,she,235245,235248,12,783,13,M_3281,Other
3282,exp,exp_name,the grandmother,the Grandmother,235261,235276,5,783,13,M_3282,PROPN
3283,booknlp,COREF,47,her,235347,235350,12,783,13,M_3283,Other
3284,booknlp,COREF,47,she,235381,235384,12,783,13,M_3284,Other
3285,booknlp,COREF,47,her,235446,235449,12,783,13,M_3285,Other
3286,booknlp,COREF,47,she,235462,235465,12,783,13,M_3286,Other
3287,booknlp,COREF,47,hers,235522,235526,12,783,13,M_3287,Other
3288,booknlp,COREF,47,she,235536,235539,12,783,13,M_3288,Other
3289,booknlp,COREF,47,her,235606,235609,12,783,13,M_3289,Other
3290,exp,exp_name,the baron,the Baron,235657,235666,14,783,13,M_3290,PROPN
3291,booknlp,COREF,47,her,235729,235732,12,783,13,M_3291,Other
3292,exp,exp_name,the frenchman,the Frenchman,235763,235776,8,783,13,M_3292,PROPN
3293,exp,exp_name,mr. astley,Mr. Astley,235795,235805,10,783,13,M_3293,PROPN
3294,exp,exp_name,polina alexandrovna,Polina Alexandrovna,235946,235965,12,785,13,M_3294,PROPN
3295,booknlp,COREF,47,you,236037,236040,12,785,13,M_3295,Other
3296,booknlp,COREF,47,you,236073,236076,12,785,13,M_3296,Other
3297,booknlp,COREF,47,you,236082,236085,12,785,13,M_3297,Other
3298,booknlp,COREF,47,you,236095,236098,12,785,13,M_3298,Other
3299,booknlp,COREF,47,you,236128,236131,12,785,13,M_3299,Other
3300,booknlp,COREF,47,you,236169,236172,12,785,13,M_3300,Other
3301,booknlp,COREF,47,you,236241,236244,12,785,13,M_3301,Other
3302,exp,exp_name,the lacquey,the lacquey,236487,236498,17,786,13,M_3302,PROPN
3303,pdnc,qID,Q579-0,a certain person,236533,236549,12,786,13,M_3303,Other
3304,exp,exp_name,the general,the General,236598,236609,16,787,13,M_3304,PROPN
3305,booknlp,COREF,150,him,236619,236622,16,787,13,M_3305,Other
3306,booknlp,COREF,150,his,236626,236629,16,787,13,M_3306,Other
3307,booknlp,COREF,150,his,236679,236682,16,787,13,M_3307,Other
3308,booknlp,COREF,150,he,236736,236738,16,787,13,M_3308,Other
3309,booknlp,COREF,150,his,236778,236781,16,787,13,M_3309,Other
3310,booknlp,COREF,150,his,236803,236806,16,787,13,M_3310,Other
3311,booknlp,COREF,150,he,236829,236831,16,787,13,M_3311,Other
3312,booknlp,COREF,150,himself,236858,236865,16,787,13,M_3312,Other
3313,booknlp,COREF,150,he,236887,236889,16,787,13,M_3313,Other
3314,booknlp,COREF,150,he,236909,236911,16,787,13,M_3314,Other
3315,booknlp,COREF,150,he,237032,237034,16,787,13,M_3315,Other
3316,booknlp,COREF,150,himself,237106,237113,16,787,13,M_3316,Other
3317,booknlp,COREF,150,he,237123,237125,16,787,13,M_3317,Other
3318,booknlp,COREF,150,him,237168,237171,16,787,13,M_3318,Other
3319,booknlp,COREF,150,he,237211,237213,16,787,13,M_3319,Other
3320,booknlp,COREF,150,his,237270,237273,16,787,13,M_3320,Other
3321,pdnc,qID,Q580-0,Alexis Ivanovitch,237291,237308,4,788,13,M_3321,PROPN
3322,booknlp,COREF,150,me,237315,237317,16,788,13,M_3322,Other
3323,booknlp,COREF,150,me,237324,237326,16,788,13,M_3323,Other
3324,booknlp,COREF,150,me,237349,237351,16,788,13,M_3324,Other
3325,booknlp,COREF,150,he,237397,237399,16,789,13,M_3325,Other
3326,booknlp,COREF,150,he,237416,237418,16,789,13,M_3326,Other
3327,booknlp,COREF,150,himself,237473,237480,16,789,13,M_3327,Other
3328,booknlp,COREF,150,he,237538,237540,16,789,13,M_3328,Other
3329,booknlp,COREF,150,him,237566,237569,16,789,13,M_3329,Other
3330,booknlp,COREF,150,he,237690,237692,16,789,13,M_3330,Other
3331,booknlp,COREF,150,himself,237707,237714,16,789,13,M_3331,Other
3332,booknlp,COREF,150,his,237759,237762,16,789,13,M_3332,Other
3333,booknlp,COREF,150,he,237818,237820,16,790,13,M_3333,Other
3334,booknlp,COREF,150,his,237888,237891,16,790,13,M_3334,Other
3335,booknlp,COREF,150,he,237908,237910,16,790,13,M_3335,Other
3336,booknlp,COREF,150,his,237935,237938,16,790,13,M_3336,Other
3337,exp,exp_name,mlle. blanche,Mlle. Blanche,237968,237981,7,790,13,M_3337,PROPN
3338,booknlp,COREF,50,her,238006,238009,7,790,13,M_3338,Other
3339,booknlp,COREF,150,him,238023,238026,16,790,13,M_3339,Other
3340,booknlp,COREF,150,him,238042,238045,16,790,13,M_3340,Other
3341,pdnc,qID,Q582-0,General,238066,238073,16,791,13,M_3341,Other
3342,pdnc,qID,Q582-1,Mlle. Blanche,238099,238112,7,791,13,M_3342,Other
3343,pdnc,qID,Q582-1,her,238177,238180,7,791,13,M_3343,Other
3344,booknlp,COREF,150,he,238221,238223,16,792,13,M_3344,Other
3345,booknlp,COREF,150,him,238266,238269,16,792,13,M_3345,Other
3346,booknlp,COREF,150,he,238276,238278,16,792,13,M_3346,Other
3347,exp,exp_name,the grandmother,the Grandmother,238301,238316,5,792,13,M_3347,PROPN
3348,booknlp,COREF,150,his,238363,238366,16,792,13,M_3348,Other
3349,booknlp,COREF,150,he,238428,238430,16,793,13,M_3349,Other
3350,pdnc,qID,Q583-1,my mother,238550,238559,5,793,13,M_3350,Other
3351,pdnc,qID,Q583-1,my good sir,238603,238614,4,793,13,M_3351,Other
3352,booknlp,COREF,150,he,238617,238619,16,793,13,M_3352,Other
3353,booknlp,COREF,150,he,238663,238665,16,793,13,M_3353,Other
3354,booknlp,COREF,150,his,238675,238678,16,793,13,M_3354,Other
3355,pdnc,qID,Q583-2,you,238718,238721,4,793,13,M_3355,Other
3356,booknlp,COREF,150,he,238738,238740,16,793,13,M_3356,Other
3357,pdnc,qID,Q583-3,you,238808,238811,4,793,13,M_3357,Other
3358,pdnc,qID,Q583-3,her,238857,238860,5,793,13,M_3358,Other
3359,booknlp,COREF,150,he,238917,238919,16,793,13,M_3359,Other
3360,booknlp,COREF,150,himself,238926,238933,16,793,13,M_3360,Other
3361,booknlp,COREF,150,he,239009,239011,16,794,13,M_3361,Other
3362,exp,exp_name,mlle. blanche,Mlle. Blanche,239037,239050,7,794,13,M_3362,PROPN
3363,booknlp,COREF,150,him,239072,239075,16,794,13,M_3363,Other
3364,exp,exp_name,the grandmother,the Grandmother,239097,239112,5,794,13,M_3364,PROPN
3365,booknlp,COREF,150,he,239183,239185,16,794,13,M_3365,Other
3366,booknlp,COREF,150,he,239229,239231,16,794,13,M_3366,Other
3367,exp,exp_name,de griers,De Griers,239325,239334,8,794,13,M_3367,PROPN
3368,exp,exp_name,the general,the General,239336,239347,16,794,13,M_3368,PROPN
3369,pdnc,qID,Q584-0,He,239376,239378,8,794,13,M_3369,Other
3370,booknlp,COREF,150,he,239395,239397,16,794,13,M_3370,Other
3371,booknlp,COREF,150,I,239426,239427,16,794,13,M_3371,Other
3372,pdnc,qID,Q584-1,him,239452,239455,8,794,13,M_3372,Other
3373,booknlp,COREF,150,I,239457,239458,16,794,13,M_3373,Other
3374,booknlp,COREF,150,my,239477,239479,16,794,13,M_3374,Other
3375,pdnc,qID,Q584-1,you,239510,239513,4,794,13,M_3375,Other
3376,booknlp,COREF,150,me,239522,239524,16,794,13,M_3376,Other
3377,booknlp,COREF,150,I,239537,239538,16,794,13,M_3377,Other
3378,booknlp,COREF,150,I,239651,239652,16,794,13,M_3378,Other
3379,booknlp,COREF,150,I,239667,239668,16,794,13,M_3379,Other
3380,pdnc,qID,Q585-0,you,239700,239703,16,795,13,M_3380,Other
3381,pdnc,qID,Q585-0,your,239708,239712,16,795,13,M_3381,Other
3382,pdnc,qID,Q585-1,you,239768,239771,16,795,13,M_3382,Other
3383,booknlp,COREF,150,He,239789,239791,16,796,13,M_3383,Other
3384,booknlp,COREF,150,he,239836,239838,16,796,13,M_3384,Other
3385,booknlp,COREF,150,him,239919,239922,16,796,13,M_3385,Other
3386,exp,exp_name,polina,Polina,239935,239941,12,796,13,M_3386,PROPN
3387,booknlp,COREF,150,he,239964,239966,16,796,13,M_3387,Other
3388,exp,exp_name,mlle. blanche,Mlle. Blanche,240099,240112,7,796,13,M_3388,PROPN
3389,booknlp,COREF,150,I,240132,240133,16,796,13,M_3389,Other
3390,booknlp,COREF,150,he,240142,240144,16,796,13,M_3390,Other
3391,booknlp,COREF,150,I,240174,240175,16,796,13,M_3391,Other
3392,booknlp,COREF,150,he,240242,240244,16,796,13,M_3392,Other
3393,exp,exp_name,a man,a man,240296,240301,2,797,13,M_3393,PROPN
3394,booknlp,COREF,150,him,240316,240319,16,797,13,M_3394,Other
3395,booknlp,COREF,150,him,240371,240374,16,797,13,M_3395,Other
3396,booknlp,COREF,150,his,240392,240395,16,797,13,M_3396,Other
3397,exp,exp_name,the nursemaid,the nursemaid,240433,240446,19,797,13,M_3397,PROPN
3398,booknlp,COREF,150,him,240467,240470,16,797,13,M_3398,Other
3399,exp,exp_name,the general,the General,240621,240632,16,798,13,M_3399,PROPN
3400,exp,exp_name,potapitch,Potapitch,240639,240648,13,798,13,M_3400,PROPN
3401,exp,exp_name,the grandmother,the Grandmother,240683,240698,5,798,13,M_3401,PROPN
3402,booknlp,COREF,396,she,240730,240733,5,798,13,M_3402,Other
3403,booknlp,COREF,396,she,240793,240796,5,798,13,M_3403,Other
3404,booknlp,COREF,396,her,240816,240819,5,798,13,M_3404,Other
3405,booknlp,COREF,396,her,240831,240834,5,798,13,M_3405,Other
3406,exp,exp_name,martha,Martha,240891,240897,9,798,13,M_3406,PROPN
3407,booknlp,COREF,396,her,240906,240909,5,798,13,M_3407,Other
3408,booknlp,COREF,396,her,240937,240940,5,798,13,M_3408,Other
3409,pdnc,qID,Q588-0,Alexis Ivanovitch,241050,241067,4,799,13,M_3409,PROPN
3410,booknlp,COREF,396,she,241070,241073,5,799,13,M_3410,Other
3411,booknlp,COREF,396,her,241092,241095,5,799,13,M_3411,Other
3412,booknlp,COREF,396,me,241119,241121,5,799,13,M_3412,Other
3413,pdnc,qID,Q588-1,you,241137,241140,4,799,13,M_3413,Other
3414,pdnc,qID,Q588-1,you,241153,241156,4,799,13,M_3414,Other
3415,booknlp,COREF,396,myself,241192,241198,5,799,13,M_3415,Other
3416,booknlp,COREF,396,I,241204,241205,5,799,13,M_3416,Other
3417,booknlp,COREF,396,me,241223,241225,5,799,13,M_3417,Other
3418,booknlp,COREF,396,I,241235,241236,5,799,13,M_3418,Other
3419,pdnc,qID,Q588-1,You,241280,241283,4,799,13,M_3419,Other
3420,booknlp,COREF,396,me,241326,241328,5,799,13,M_3420,Other
3421,booknlp,COREF,396,I,241347,241348,5,799,13,M_3421,Other
3422,booknlp,COREF,396,I,241394,241395,5,799,13,M_3422,Other
3423,booknlp,COREF,396,I,241421,241422,5,799,13,M_3423,Other
3424,booknlp,COREF,396,I,241453,241454,5,799,13,M_3424,Other
3425,booknlp,COREF,396,me,241630,241632,5,799,13,M_3425,Other
3426,booknlp,COREF,396,I,241638,241639,5,799,13,M_3426,Other
3427,booknlp,COREF,396,I,241752,241753,5,799,13,M_3427,Other
3428,booknlp,COREF,396,I,241792,241793,5,799,13,M_3428,Other
3429,pdnc,qID,Q588-1,you,241799,241802,4,799,13,M_3429,Other
3430,exp,exp_name,astley,Astley,241914,241920,10,800,13,M_3430,PROPN
3431,exp,exp_name,the grandmother,the Grandmother,241952,241967,5,800,13,M_3431,PROPN
3432,booknlp,COREF,54,he,242039,242041,10,800,13,M_3432,Other
3433,booknlp,COREF,396,she,242107,242110,5,800,13,M_3433,Other
3434,booknlp,COREF,54,his,242130,242133,10,800,13,M_3434,Other
3435,booknlp,COREF,54,he,242149,242151,10,800,13,M_3435,Other
3436,booknlp,COREF,54,his,242186,242189,10,800,13,M_3436,Other
3437,pdnc,qID,Q589-0,You,242203,242206,4,801,13,M_3437,Other
3438,booknlp,COREF,396,me,242217,242219,5,801,13,M_3438,Other
3439,pdnc,qID,Q589-0,Alexis Ivanovitch,242221,242238,4,801,13,M_3439,PROPN
3440,exp,exp_name,the grandmother,the Grandmother,242246,242261,5,801,13,M_3440,PROPN
3441,booknlp,COREF,396,my,242268,242270,5,801,13,M_3441,Other
3442,booknlp,COREF,396,I,242293,242294,5,801,13,M_3442,Other
3443,booknlp,COREF,396,me,242352,242354,5,801,13,M_3443,Other
3444,booknlp,COREF,396,I,242370,242371,5,801,13,M_3444,Other
3445,booknlp,COREF,396,I,242394,242395,5,801,13,M_3445,Other
3446,booknlp,COREF,396,I,242436,242437,5,801,13,M_3446,Other
3447,pdnc,qID,Q589-1,that unhappy General of yours,242474,242503,16,801,13,M_3447,Other
3448,booknlp,COREF,396,I,242519,242520,5,801,13,M_3448,Other
3449,pdnc,qID,Q589-1,him,242540,242543,16,801,13,M_3449,Other
3450,booknlp,COREF,396,my,242556,242558,5,801,13,M_3450,Other
3451,pdnc,qID,Q589-1,he,242584,242586,16,801,13,M_3451,Other
3452,booknlp,COREF,396,I,242617,242618,5,801,13,M_3452,Other
3453,pdnc,qID,Q589-1,him,242629,242632,16,801,13,M_3453,Other
3454,booknlp,COREF,396,myself,242670,242676,5,801,13,M_3454,Other
3455,booknlp,COREF,396,I,242695,242696,5,801,13,M_3455,Other
3456,pdnc,qID,Q589-1,he,242722,242724,16,801,13,M_3456,Other
3457,pdnc,qID,Q589-1,Martha,242816,242822,9,801,13,M_3457,PROPN
3458,booknlp,COREF,396,me,242838,242840,5,801,13,M_3458,Other
3459,exp,exp_name,polina,Polina,243164,243170,12,802,13,M_3459,PROPN
3460,exp,exp_name,de griers,De Griers,243270,243279,8,802,13,M_3460,PROPN
3461,exp,exp_name,polina,Polina,243310,243316,12,802,13,M_3461,PROPN
3462,booknlp,COREF,47,she,243348,243351,12,802,13,M_3462,Other
3463,booknlp,COREF,47,She,243399,243402,12,802,13,M_3463,Other
3464,booknlp,COREF,47,her,243440,243443,12,802,13,M_3464,Other
3465,exp,exp_name,the grandmother,the Grandmother,243583,243598,5,803,13,M_3465,PROPN
3466,booknlp,COREF,396,her,243604,243607,5,803,13,M_3466,Other
3467,booknlp,COREF,396,she,243620,243623,5,803,13,M_3467,Other
3468,booknlp,COREF,396,her,243628,243631,5,803,13,M_3468,Other
3469,pdnc,qID,Q590-0,your,243687,243691,4,804,13,M_3469,Other
3470,booknlp,COREF,396,she,243719,243722,5,804,13,M_3470,Other
3471,pdnc,qID,Q590-1,Prascovia,243763,243772,12,804,13,M_3471,PROPN
3472,booknlp,COREF,396,I,243781,243782,5,804,13,M_3472,Other
3473,pdnc,qID,Q590-1,her,243791,243794,12,804,13,M_3473,Other
3474,booknlp,COREF,396,I,243807,243808,5,804,13,M_3474,Other
3475,pdnc,qID,Q590-1,her,243828,243831,12,804,13,M_3475,Other
3476,exp,exp_name,the general,the General,243886,243897,16,805,13,M_3476,PROPN
3477,exp,exp_name,the nursemaid,the nursemaid,243913,243926,19,805,13,M_3477,PROPN
3478,booknlp,COREF,738,her,243947,243950,19,805,13,M_3478,Other
3479,pdnc,qID,Q591-0,sir,243992,243995,4,805,13,M_3479,PROPN
3480,booknlp,COREF,738,she,243998,244001,19,805,13,M_3480,Other
3481,exp,exp_name,the general,the General,244143,244154,16,805,13,M_3481,PROPN
3482,exp,exp_name,mlle. blanche,Mlle. Blanche,244159,244172,7,805,13,M_3482,PROPN
3483,booknlp,COREF,50,her,244253,244256,7,805,13,M_3483,Other
3484,exp,exp_name,the general,the General,244273,244284,16,805,13,M_3484,PROPN
3485,booknlp,COREF,150,his,244303,244306,16,805,13,M_3485,Other
3486,booknlp,COREF,150,he,244326,244328,16,805,13,M_3486,Other
3487,booknlp,COREF,150,his,244437,244440,16,805,13,M_3487,Other
3488,booknlp,COREF,150,his,244484,244487,16,805,13,M_3488,Other
3489,exp,exp_name,mlle. blanche,Mlle. Blanche,244540,244553,7,806,13,M_3489,PROPN
3490,booknlp,COREF,1425,herself,244554,244561,7,806,13,M_3490,Other
3491,exp,exp_name,the general,the General,244611,244622,16,806,13,M_3491,PROPN
3492,booknlp,COREF,1425,she,244632,244635,7,806,13,M_3492,Other
3493,booknlp,COREF,1425,her,244646,244649,7,806,13,M_3493,Other
3494,exp,exp_name,general,General,244758,244765,16,806,13,M_3494,PROPN
3495,booknlp,COREF,50,Mlle,244815,244819,7,806,13,M_3495,PROPN
3496,booknlp,COREF,50,her,244841,244844,7,806,13,M_3496,Other
3497,exp,exp_name,polina,Polina,245280,245286,12,807,13,M_3497,PROPN
3498,pdnc,qID,Q593-0,you,245512,245515,12,811,14,M_3498,Other
3499,pdnc,qID,Q594-1,you,245632,245635,4,812,14,M_3499,Other
3500,pdnc,qID,Q596-0,De Griers,245798,245807,8,815,14,M_3500,PROPN
3501,exp,exp_name,the general,the general,246076,246087,16,815,14,M_3501,PROPN
3502,exp,exp_name,grandmother,Grandmother,246433,246444,5,816,14,M_3502,PROPN
3503,exp,exp_name,a man,a man,246843,246848,2,816,14,M_3503,PROPN
3504,exp,exp_name,a man,a man,247697,247702,2,816,14,M_3504,PROPN
3505,pdnc,qID,Q597-1,you,247851,247854,12,817,14,M_3505,Other
3506,pdnc,qID,Q597-1,him,247886,247889,8,817,14,M_3506,Other
3507,pdnc,qID,Q598-0,him,247956,247959,8,818,14,M_3507,Other
3508,pdnc,qID,Q598-1,his,248118,248121,8,818,14,M_3508,Other
3509,pdnc,qID,Q598-1,he,248146,248148,8,818,14,M_3509,Other
3510,pdnc,qID,Q598-1,He,248163,248165,8,818,14,M_3510,Other
3511,pdnc,qID,Q598-1,him,248201,248204,8,818,14,M_3511,Other
3512,exp,exp_name,polina,Polina,248251,248257,12,818,14,M_3512,PROPN
3513,booknlp,COREF,47,I,248325,248326,12,818,14,M_3513,Other
3514,booknlp,COREF,47,my,248337,248339,12,818,14,M_3514,Other
3515,pdnc,qID,Q598-2,him,248366,248369,8,818,14,M_3515,Other
3516,pdnc,qID,Q598-2,he,248394,248396,8,818,14,M_3516,Other
3517,booknlp,COREF,47,I,248490,248491,12,818,14,M_3517,Other
3518,pdnc,qID,Q598-2,him,248513,248516,8,818,14,M_3518,Other
3519,booknlp,COREF,47,my,248533,248535,12,818,14,M_3519,Other
3520,pdnc,qID,Q598-2,him,248583,248586,8,818,14,M_3520,Other
3521,booknlp,COREF,47,I,248604,248605,12,818,14,M_3521,Other
3522,pdnc,qID,Q598-2,him,248617,248620,8,818,14,M_3522,Other
3523,pdnc,qID,Q598-2,he,248643,248645,8,818,14,M_3523,Other
3524,exp,exp_name,a man,a man,248654,248659,2,818,14,M_3524,PROPN
3525,booknlp,COREF,47,I,248685,248686,12,818,14,M_3525,Other
3526,pdnc,qID,Q598-2,his,248731,248734,8,818,14,M_3526,Other
3527,pdnc,qID,Q599-0,the General,248855,248866,16,819,14,M_3527,Other
3528,pdnc,qID,Q599-0,De Griers,248921,248930,8,819,14,M_3528,PROPN
3529,pdnc,qID,Q600-0,the General,248943,248954,16,820,14,M_3529,Other
3530,pdnc,qID,Q601-0,the General,249008,249019,16,821,14,M_3530,Other
3531,pdnc,qID,Q602-0,the Grandmother,249084,249099,5,821,14,M_3531,Other
3532,exp,exp_name,polina,Polina,249112,249118,12,822,14,M_3532,PROPN
3533,pdnc,qID,Q603-0,you,249179,249182,4,823,14,M_3533,Other
3534,pdnc,qID,Q603-0,her,249193,249196,5,823,14,M_3534,Other
3535,booknlp,COREF,47,her,249204,249207,12,823,14,M_3535,Other
3536,booknlp,COREF,47,I,249228,249229,12,823,14,M_3536,Other
3537,pdnc,qID,Q604-0,her,249254,249257,5,823,14,M_3537,Other
3538,booknlp,COREF,47,she,249265,249268,12,823,14,M_3538,Other
3539,booknlp,COREF,47,I,249288,249289,12,823,14,M_3539,Other
3540,booknlp,COREF,47,my,249303,249305,12,823,14,M_3540,Other
3541,pdnc,qID,Q605-0,you,249340,249343,12,824,14,M_3541,Other
3542,pdnc,qID,Q605-1,you,249374,249377,12,824,14,M_3542,Other
3543,pdnc,qID,Q605-1,De Griers,249396,249405,8,824,14,M_3543,PROPN
3544,pdnc,qID,Q605-1,The villain,249407,249418,8,824,14,M_3544,Other
3545,pdnc,qID,Q605-1,the villain,249420,249431,8,824,14,M_3545,Other
3546,pdnc,qID,Q605-1,him,249449,249452,8,824,14,M_3546,Other
3547,pdnc,qID,Q605-1,he,249473,249475,8,824,14,M_3547,Other
3548,pdnc,qID,Q606-0,he,249504,249506,8,825,14,M_3548,Other
3549,pdnc,qID,Q607-0,him,249588,249591,8,826,14,M_3549,Other
3550,booknlp,COREF,47,She,249652,249655,12,827,14,M_3550,Other
3551,pdnc,qID,Q608-0,you,249669,249672,4,828,14,M_3551,Other
3552,booknlp,COREF,47,she,249691,249694,12,828,14,M_3552,Other
3553,pdnc,qID,Q608-1,he,249702,249704,8,828,14,M_3553,Other
3554,pdnc,qID,Q608-1,you,249723,249726,4,828,14,M_3554,Other
3555,pdnc,qID,Q608-1,him,249760,249763,8,828,14,M_3555,Other
3556,pdnc,qID,Q608-1,him,249845,249848,8,828,14,M_3556,Other
3557,pdnc,qID,Q608-1,You,249850,249853,4,828,14,M_3557,Other
3558,pdnc,qID,Q609-1,Mr. Astley,250040,250050,10,830,14,M_3558,PROPN
3559,booknlp,COREF,47,Her,250120,250123,12,831,14,M_3559,Other
3560,pdnc,qID,Q610-0,you,250152,250155,4,832,14,M_3560,Other
3561,booknlp,COREF,47,me,250171,250173,12,832,14,M_3561,Other
3562,pdnc,qID,Q610-0,you,250183,250186,4,832,14,M_3562,Other
3563,pdnc,qID,Q610-0,him,250191,250194,10,832,14,M_3563,Other
3564,booknlp,COREF,47,she,250197,250200,12,832,14,M_3564,Other
3565,booknlp,COREF,47,she,250264,250267,12,832,14,M_3565,Other
3566,booknlp,COREF,47,her,250293,250296,12,833,14,M_3566,Other
3567,booknlp,COREF,47,she,250352,250355,12,833,14,M_3567,Other
3568,booknlp,COREF,47,herself,250363,250370,12,833,14,M_3568,Other
3569,booknlp,COREF,47,she,250396,250399,12,833,14,M_3569,Other
3570,booknlp,COREF,47,She,250541,250544,12,834,14,M_3570,Other
3571,exp,exp_name,mr. astley,Mr. Astley,250593,250603,10,834,14,M_3571,PROPN
3572,booknlp,COREF,47,she,250610,250613,12,834,14,M_3572,Other
3573,booknlp,COREF,47,she,250635,250638,12,834,14,M_3573,Other
3574,booknlp,COREF,47,herself,250733,250740,12,834,14,M_3574,Other
3575,pdnc,qID,Q611-0,Polina,250821,250827,12,836,14,M_3575,Other
3576,pdnc,qID,Q611-1,you,250905,250908,12,836,14,M_3576,Other
3577,pdnc,qID,Q611-1,you,250924,250927,12,836,14,M_3577,Other
3578,booknlp,COREF,47,her,251037,251040,12,837,14,M_3578,Other
3579,booknlp,COREF,47,She,251058,251061,12,837,14,M_3579,Other
3580,exp,exp_name,the grandmother,the Grandmother,253328,253343,5,840,14,M_3580,PROPN
3581,exp,exp_name,the croupier,the croupier,254073,254085,15,842,14,M_3581,PROPN
3582,exp,exp_name,the croupier,the croupier,254192,254204,15,844,14,M_3582,PROPN
3583,exp,exp_name,the croupier,the croupier,254974,254986,15,847,14,M_3583,PROPN
3584,exp,exp_name,madame,Madame,255674,255680,5,848,14,M_3584,PROPN
3585,booknlp,COREF,128,she,255729,255732,5,848,14,M_3585,Other
3586,exp,exp_name,the croupier,the croupier,255793,255805,15,849,14,M_3586,PROPN
3587,exp,exp_name,the general,the general,258620,258631,16,854,14,M_3587,PROPN
3588,exp,exp_name,a certain jew of frankfurt,a certain Jew of Frankfurt,258874,258900,0,855,14,M_3588,PROPN
3589,exp,exp_name,a man,a man,258901,258906,2,855,14,M_3589,PROPN
3590,exp,exp_name,"a modestly, plainly dressed lady","a modestly, plainly dressed lady",259129,259161,3,856,14,M_3590,PROPN
3591,exp,exp_name,polina,Polina,260338,260344,12,857,14,M_3591,PROPN
3592,pdnc,qID,Q615-0,You,263144,263147,4,862,14,M_3592,Other
3593,pdnc,qID,Q615-1,you,263194,263197,4,862,14,M_3593,Other
3594,pdnc,qID,Q615-1,you,263232,263235,4,862,14,M_3594,Other
3595,pdnc,qID,Q615-1,you,263247,263250,4,862,14,M_3595,Other
3596,pdnc,qID,Q615-1,you,263258,263261,4,862,14,M_3596,Other
3597,pdnc,qID,Q615-1,you,263288,263291,4,862,14,M_3597,Other
3598,exp,exp_name,polina,Polina,263799,263805,12,863,14,M_3598,PROPN
3599,booknlp,COREF,47,her,263869,263872,12,863,14,M_3599,Other
3600,booknlp,COREF,47,her,263903,263906,12,863,14,M_3600,Other
3601,booknlp,COREF,47,she,263957,263960,12,863,14,M_3601,Other
3602,booknlp,COREF,47,she,264055,264058,12,863,14,M_3602,Other
3603,booknlp,COREF,47,her,264111,264114,12,863,14,M_3603,Other
3604,exp,exp_name,polina,Polina,264835,264841,12,864,14,M_3604,PROPN
3605,booknlp,COREF,47,her,264899,264902,12,864,14,M_3605,Other
3606,booknlp,COREF,47,her,264908,264911,12,864,14,M_3606,Other
3607,booknlp,COREF,47,she,264940,264943,12,864,14,M_3607,Other
3608,booknlp,COREF,47,her,265077,265080,12,864,14,M_3608,Other
3609,booknlp,COREF,47,her,265179,265182,12,866,15,M_3609,Other
3610,booknlp,COREF,47,her,265202,265205,12,866,15,M_3610,Other
3611,booknlp,COREF,47,she,265216,265219,12,866,15,M_3611,Other
3612,exp,exp_name,polina,Polina,265461,265467,12,867,15,M_3612,PROPN
3613,exp,exp_name,polina,Polina,266046,266052,12,868,15,M_3613,PROPN
3614,booknlp,COREF,47,her,266076,266079,12,868,15,M_3614,Other
3615,booknlp,COREF,47,She,266097,266100,12,869,15,M_3615,Other
3616,booknlp,COREF,47,her,266114,266117,12,869,15,M_3616,Other
3617,booknlp,COREF,47,her,266158,266161,12,869,15,M_3617,Other
3618,booknlp,COREF,47,her,266218,266221,12,869,15,M_3618,Other
3619,booknlp,COREF,47,her,266395,266398,12,870,15,M_3619,Other
3620,pdnc,qID,Q618-0,Polina,266402,266408,12,871,15,M_3620,Other
3621,pdnc,qID,Q618-1,De Griers,266528,266537,8,871,15,M_3621,PROPN
3622,booknlp,COREF,47,She,266547,266550,12,872,15,M_3622,Other
3623,pdnc,qID,Q619-0,you,266580,266583,12,873,15,M_3623,Other
3624,pdnc,qID,Q619-1,him,266634,266637,8,873,15,M_3624,Other
3625,booknlp,COREF,47,she,266711,266714,12,874,15,M_3625,Other
3626,booknlp,COREF,47,her,266819,266822,12,874,15,M_3626,Other
3627,booknlp,COREF,47,Her,266824,266827,12,874,15,M_3627,Other
3628,booknlp,COREF,47,she,266879,266882,12,874,15,M_3628,Other
3629,booknlp,COREF,47,she,267014,267017,12,874,15,M_3629,Other
3630,booknlp,COREF,47,her,267055,267058,12,874,15,M_3630,Other
3631,booknlp,COREF,47,I,267071,267072,12,875,15,M_3631,Other
3632,pdnc,qID,Q620-0,your,267096,267100,4,875,15,M_3632,Other
3633,booknlp,COREF,47,she,267109,267112,12,875,15,M_3633,Other
3634,pdnc,qID,Q621-1,Polina,267165,267171,12,876,15,M_3634,Other
3635,booknlp,COREF,47,I,267184,267185,12,877,15,M_3635,Other
3636,pdnc,qID,Q623-0,you,267265,267268,12,878,15,M_3636,Other
3637,pdnc,qID,Q623-0,you,267314,267317,12,878,15,M_3637,Other
3638,booknlp,COREF,47,she,267344,267347,12,879,15,M_3638,Other
3639,booknlp,COREF,47,she,267395,267398,12,879,15,M_3639,Other
3640,pdnc,qID,Q624-0,You,267441,267444,4,880,15,M_3640,Other
3641,booknlp,COREF,47,me,267469,267471,12,880,15,M_3641,Other
3642,booknlp,COREF,47,she,267474,267477,12,880,15,M_3642,Other
3643,exp,exp_name,de griers,De Griers,267517,267526,8,880,15,M_3643,PROPN
3644,pdnc,qID,Q625-0,Polina,267569,267575,12,881,15,M_3644,Other
3645,booknlp,COREF,47,you,267585,267588,12,881,15,M_3645,Other
3646,pdnc,qID,Q625-1,De Griers,267635,267644,8,881,15,M_3646,PROPN
3647,pdnc,qID,Q626-0,You,267649,267652,4,882,15,M_3647,Other
3648,booknlp,COREF,47,she,267655,267658,12,882,15,M_3648,Other
3649,booknlp,COREF,47,her,267670,267673,12,882,15,M_3649,Other
3650,booknlp,COREF,47,I,267704,267705,12,882,15,M_3650,Other
3651,pdnc,qID,Q626-1,you,267713,267716,4,882,15,M_3651,Other
3652,booknlp,COREF,47,I,267728,267729,12,882,15,M_3652,Other
3653,pdnc,qID,Q626-1,you,267737,267740,4,882,15,M_3653,Other
3654,booknlp,COREF,47,I,267742,267743,12,882,15,M_3654,Other
3655,pdnc,qID,Q626-1,you,267749,267752,4,882,15,M_3655,Other
3656,booknlp,COREF,47,I,267766,267767,12,882,15,M_3656,Other
3657,pdnc,qID,Q626-1,De Griers,267771,267780,8,882,15,M_3657,PROPN
3658,booknlp,COREF,47,she,267789,267792,12,883,15,M_3658,Other
3659,booknlp,COREF,47,her,267800,267803,12,883,15,M_3659,Other
3660,booknlp,COREF,47,her,267812,267815,12,883,15,M_3660,Other
3661,booknlp,COREF,47,her,267864,267867,12,883,15,M_3661,Other
3662,booknlp,COREF,47,her,267933,267936,12,883,15,M_3662,Other
3663,booknlp,COREF,47,She,267974,267977,12,883,15,M_3663,Other
3664,booknlp,COREF,47,me,268022,268024,12,884,15,M_3664,Other
3665,pdnc,qID,Q627-0,you,268032,268035,4,884,15,M_3665,Other
3666,pdnc,qID,Q627-0,you,268043,268046,4,884,15,M_3666,Other
3667,pdnc,qID,Q627-0,you,268054,268057,4,884,15,M_3667,Other
3668,booknlp,COREF,47,me,268062,268064,12,884,15,M_3668,Other
3669,pdnc,qID,Q627-0,De Griers,268094,268103,8,884,15,M_3669,PROPN
3670,booknlp,COREF,47,she,268110,268113,12,884,15,M_3670,Other
3671,booknlp,COREF,47,her,268129,268132,12,884,15,M_3671,Other
3672,booknlp,COREF,47,her,268161,268164,12,885,15,M_3672,Other
3673,booknlp,COREF,47,her,268184,268187,12,885,15,M_3673,Other
3674,booknlp,COREF,47,her,268234,268237,12,885,15,M_3674,Other
3675,booknlp,COREF,47,her,268294,268297,12,886,15,M_3675,Other
3676,booknlp,COREF,47,she,268323,268326,12,886,15,M_3676,Other
3677,booknlp,COREF,47,her,268407,268410,12,886,15,M_3677,Other
3678,booknlp,COREF,47,she,268434,268437,12,886,15,M_3678,Other
3679,booknlp,COREF,47,Her,268455,268458,12,886,15,M_3679,Other
3680,booknlp,COREF,47,her,268519,268522,12,886,15,M_3680,Other
3681,booknlp,COREF,47,she,268541,268544,12,886,15,M_3681,Other
3682,booknlp,COREF,47,herself,268561,268568,12,886,15,M_3682,Other
3683,booknlp,COREF,47,her,268599,268602,12,886,15,M_3683,Other
3684,booknlp,COREF,47,she,268636,268639,12,886,15,M_3684,Other
3685,booknlp,COREF,47,she,268664,268667,12,886,15,M_3685,Other
3686,booknlp,COREF,47,she,268692,268695,12,887,15,M_3686,Other
3687,booknlp,COREF,47,herself,268702,268709,12,887,15,M_3687,Other
3688,pdnc,qID,Q628-0,You,268735,268738,4,888,15,M_3688,Other
3689,booknlp,COREF,47,me,268744,268746,12,888,15,M_3689,Other
3690,booknlp,COREF,47,she,268749,268752,12,888,15,M_3690,Other
3691,pdnc,qID,Q628-1,you,268765,268768,4,888,15,M_3691,Other
3692,pdnc,qID,Q628-1,you,268770,268773,4,888,15,M_3692,Other
3693,pdnc,qID,Q628-1,the Baron,268812,268821,14,888,15,M_3693,Other
3694,booknlp,COREF,47,my,268825,268827,12,888,15,M_3694,Other
3695,booknlp,COREF,47,she,268844,268847,12,889,15,M_3695,Other
3696,booknlp,COREF,47,her,268921,268924,12,889,15,M_3696,Other
3697,booknlp,COREF,47,she,268938,268941,12,889,15,M_3697,Other
3698,exp,exp_name,a man,a man,269006,269011,2,889,15,M_3698,PROPN
3699,booknlp,COREF,47,she,269040,269043,12,889,15,M_3699,Other
3700,booknlp,COREF,47,she,269108,269111,12,889,15,M_3700,Other
3701,booknlp,COREF,47,she,269150,269153,12,889,15,M_3701,Other
3702,booknlp,COREF,47,she,269220,269223,12,889,15,M_3702,Other
3703,booknlp,COREF,47,she,269297,269300,12,889,15,M_3703,Other
3704,pdnc,qID,Q629-1,You,269319,269322,4,889,15,M_3704,Other
3705,pdnc,qID,Q629-1,my dear one,269328,269339,4,889,15,M_3705,Other
3706,pdnc,qID,Q629-1,you,269342,269345,4,889,15,M_3706,Other
3707,booknlp,COREF,47,I,269359,269360,12,889,15,M_3707,Other
3708,booknlp,COREF,47,she,269375,269378,12,889,15,M_3708,Other
3709,booknlp,COREF,47,her,269384,269387,12,889,15,M_3709,Other
3710,booknlp,COREF,47,she,269423,269426,12,889,15,M_3710,Other
3711,booknlp,COREF,47,she,269442,269445,12,889,15,M_3711,Other
3712,pdnc,qID,Q630-0,You,269459,269462,4,889,15,M_3712,Other
3713,booknlp,COREF,47,me,269468,269470,12,889,15,M_3713,Other
3714,pdnc,qID,Q630-0,you,269472,269475,4,889,15,M_3714,Other
3715,booknlp,COREF,47,me,269481,269483,12,889,15,M_3715,Other
3716,pdnc,qID,Q630-0,you,269490,269493,4,889,15,M_3716,Other
3717,booknlp,COREF,47,me,269508,269510,12,889,15,M_3717,Other
3718,booknlp,COREF,47,her,269542,269545,12,889,15,M_3718,Other
3719,booknlp,COREF,47,her,269571,269574,12,889,15,M_3719,Other
3720,booknlp,COREF,47,she,269681,269684,12,889,15,M_3720,Other
3721,booknlp,COREF,47,she,269771,269774,12,889,15,M_3721,Other
3722,exp,exp_name,astley,Astley,269792,269798,10,889,15,M_3722,PROPN
3723,booknlp,COREF,47,She,269801,269804,12,890,15,M_3723,Other
3724,booknlp,COREF,54,him,269841,269844,10,890,15,M_3724,Other
3725,booknlp,COREF,47,she,269875,269878,12,890,15,M_3725,Other
3726,booknlp,COREF,47,she,269907,269910,12,890,15,M_3726,Other
3727,booknlp,COREF,47,she,270004,270007,12,890,15,M_3727,Other
3728,exp,exp_name,astley,Astley,270035,270041,10,890,15,M_3728,PROPN
3729,booknlp,COREF,47,she,270047,270050,12,890,15,M_3729,Other
3730,booknlp,COREF,54,he,270071,270073,10,890,15,M_3730,Other
3731,booknlp,COREF,47,her,270090,270093,12,890,15,M_3731,Other
3732,booknlp,COREF,54,he,270140,270142,10,890,15,M_3732,Other
3733,pdnc,qID,Q631-0,he,270191,270193,10,890,15,M_3733,Other
3734,booknlp,COREF,47,she,270205,270208,12,890,15,M_3734,Other
3735,pdnc,qID,Q631-1,he,270244,270246,10,890,15,M_3735,Other
3736,booknlp,COREF,47,She,270256,270259,12,890,15,M_3736,Other
3737,booknlp,COREF,47,her,270334,270337,12,890,15,M_3737,Other
3738,booknlp,COREF,47,she,270350,270353,12,890,15,M_3738,Other
3739,booknlp,COREF,47,her,270397,270400,12,890,15,M_3739,Other
3740,booknlp,COREF,47,she,270406,270409,12,890,15,M_3740,Other
3741,booknlp,COREF,47,she,270463,270466,12,891,15,M_3741,Other
3742,booknlp,COREF,47,her,270524,270527,12,891,15,M_3742,Other
3743,pdnc,qID,Q632-1,Grandmamma,270590,270600,5,891,15,M_3743,PROPN
3744,booknlp,COREF,47,I,270602,270603,12,891,15,M_3744,Other
3745,pdnc,qID,Q632-1,she,270656,270659,5,891,15,M_3745,Other
3746,pdnc,qID,Q632-1,her,270699,270702,5,891,15,M_3746,Other
3747,pdnc,qID,Q632-1,her,270711,270714,5,891,15,M_3747,Other
3748,pdnc,qID,Q632-1,Mr. Astley,270756,270766,10,891,15,M_3748,PROPN
3749,pdnc,qID,Q632-1,He,270769,270771,10,891,15,M_3749,Other
3750,booknlp,COREF,47,my,270814,270816,12,891,15,M_3750,Other
3751,booknlp,COREF,47,I,270835,270836,12,891,15,M_3751,Other
3752,booknlp,COREF,47,she,270856,270859,12,891,15,M_3752,Other
3753,pdnc,qID,Q632-2,you,270873,270876,4,891,15,M_3753,Other
3754,pdnc,qID,Q632-2,he,270888,270890,10,891,15,M_3754,Other
3755,pdnc,qID,Q632-2,He,270911,270913,10,891,15,M_3755,Other
3756,pdnc,qID,Q632-2,he,270919,270921,10,891,15,M_3756,Other
3757,booknlp,COREF,47,me,271001,271003,12,891,15,M_3757,Other
3758,pdnc,qID,Q632-2,him,271015,271018,10,891,15,M_3758,Other
3759,pdnc,qID,Q632-2,He,271032,271034,10,891,15,M_3759,Other
3760,pdnc,qID,Q632-2,he,271119,271121,10,891,15,M_3760,Other
3761,pdnc,qID,Q632-2,he,271167,271169,10,891,15,M_3761,Other
3762,pdnc,qID,Q632-2,the General,271185,271196,16,891,15,M_3762,Other
3763,pdnc,qID,Q632-2,Mlle. Blanche,271230,271243,7,891,15,M_3763,Other
3764,booknlp,COREF,47,I,271262,271263,12,891,15,M_3764,Other
3765,booknlp,COREF,47,I,271277,271278,12,891,15,M_3765,Other
3766,booknlp,COREF,47,She,271293,271296,12,891,15,M_3766,Other
3767,booknlp,COREF,47,she,271325,271328,12,891,15,M_3767,Other
3768,booknlp,COREF,47,her,271338,271341,12,891,15,M_3768,Other
3769,booknlp,COREF,47,I,271424,271425,12,891,15,M_3769,Other
3770,pdnc,qID,Q632-3,Grandmamma,271447,271457,5,891,15,M_3770,PROPN
3771,booknlp,COREF,47,you,271472,271475,12,891,15,M_3771,Other
3772,pdnc,qID,Q632-3,De Griers,271490,271499,8,891,15,M_3772,PROPN
3773,booknlp,COREF,47,you,271508,271511,12,891,15,M_3773,Other
3774,pdnc,qID,Q632-3,him,271545,271548,8,891,15,M_3774,Other
3775,booknlp,COREF,47,You,271550,271553,12,891,15,M_3775,Other
3776,booknlp,COREF,47,you,271563,271566,12,891,15,M_3776,Other
3777,booknlp,COREF,47,I,271580,271581,12,891,15,M_3777,Other
3778,booknlp,COREF,47,you,271597,271600,12,891,15,M_3778,Other
3779,pdnc,qID,Q632-3,De Griers,271610,271619,8,891,15,M_3779,PROPN
3780,booknlp,COREF,47,you,271631,271634,12,891,15,M_3780,Other
3781,pdnc,qID,Q632-3,the Baron,271640,271649,14,891,15,M_3781,Other
3782,booknlp,COREF,47,she,271657,271660,12,891,15,M_3782,Other
3783,booknlp,COREF,47,you,271693,271696,12,891,15,M_3783,Other
3784,booknlp,COREF,47,you,271709,271712,12,891,15,M_3784,Other
3785,booknlp,COREF,47,I,271746,271747,12,891,15,M_3785,Other
3786,booknlp,COREF,47,you,271761,271764,12,891,15,M_3786,Other
3787,booknlp,COREF,47,you,271787,271790,12,891,15,M_3787,Other
3788,booknlp,COREF,47,I,271802,271803,12,891,15,M_3788,Other
3789,booknlp,COREF,47,you,271835,271838,12,891,15,M_3789,Other
3790,booknlp,COREF,47,I,271855,271856,12,891,15,M_3790,Other
3791,booknlp,COREF,47,you,271862,271865,12,891,15,M_3791,Other
3792,booknlp,COREF,47,I,271875,271876,12,891,15,M_3792,Other
3793,booknlp,COREF,47,she,271905,271908,12,892,15,M_3793,Other
3794,booknlp,COREF,47,she,271945,271948,12,892,15,M_3794,Other
3795,booknlp,COREF,47,her,271957,271960,12,892,15,M_3795,Other
3796,booknlp,COREF,47,her,272023,272026,12,892,15,M_3796,Other
3797,exp,exp_name,polina,Polina,272150,272156,12,893,15,M_3797,PROPN
3798,booknlp,COREF,47,her,272204,272207,12,893,15,M_3798,Other
3799,booknlp,COREF,47,she,272224,272227,12,893,15,M_3799,Other
3800,booknlp,COREF,47,her,272272,272275,12,893,15,M_3800,Other
3801,booknlp,COREF,47,She,272286,272289,12,893,15,M_3801,Other
3802,exp,exp_name,polina,Polina,272408,272414,12,893,15,M_3802,PROPN
3803,booknlp,COREF,47,she,272427,272430,12,893,15,M_3803,Other
3804,booknlp,COREF,47,her,272446,272449,12,893,15,M_3804,Other
3805,booknlp,COREF,47,she,272528,272531,12,893,15,M_3805,Other
3806,booknlp,COREF,47,her,272577,272580,12,893,15,M_3806,Other
3807,booknlp,COREF,47,her,272621,272624,12,893,15,M_3807,Other
3808,booknlp,COREF,47,she,272682,272685,12,893,15,M_3808,Other
3809,exp,exp_name,polina,Polina,272881,272887,12,893,15,M_3809,PROPN
3810,pdnc,qID,Q633-0,you,273046,273049,4,894,15,M_3810,Other
3811,pdnc,qID,Q634-0,Polina,273101,273107,12,895,15,M_3811,Other
3812,pdnc,qID,Q634-0,you,273109,273112,12,895,15,M_3812,Other
3813,pdnc,qID,Q635-0,You,273154,273157,4,896,15,M_3813,Other
3814,pdnc,qID,Q635-0,your,273171,273175,4,896,15,M_3814,Other
3815,pdnc,qID,Q635-0,You,273200,273203,4,896,15,M_3815,Other
3816,pdnc,qID,Q635-0,you,273214,273217,4,896,15,M_3816,Other
3817,booknlp,COREF,47,her,273385,273388,12,897,15,M_3817,Other
3818,booknlp,COREF,47,mine,273438,273442,12,898,15,M_3818,Other
3819,booknlp,COREF,47,she,273445,273448,12,898,15,M_3819,Other
3820,booknlp,COREF,47,she,273471,273474,12,898,15,M_3820,Other
3821,booknlp,COREF,47,her,273497,273500,12,898,15,M_3821,Other
3822,pdnc,qID,Q637-0,yours,273539,273544,12,899,15,M_3822,Other
3823,pdnc,qID,Q638-0,your,273569,273573,4,900,15,M_3823,Other
3824,booknlp,COREF,47,she,273602,273605,12,900,15,M_3824,Other
3825,booknlp,COREF,47,she,273655,273658,12,900,15,M_3825,Other
3826,booknlp,COREF,47,she,273748,273751,12,900,15,M_3826,Other
3827,booknlp,COREF,47,she,273790,273793,12,901,15,M_3827,Other
3828,booknlp,COREF,47,her,273814,273817,12,901,15,M_3828,Other
3829,booknlp,COREF,47,her,273857,273860,12,901,15,M_3829,Other
3830,booknlp,COREF,47,she,273913,273916,12,901,15,M_3830,Other
3831,booknlp,COREF,47,her,274086,274089,12,901,15,M_3831,Other
3832,booknlp,COREF,47,her,274222,274225,12,901,15,M_3832,Other
3833,exp,exp_name,de griers,De Griers,274235,274244,8,901,15,M_3833,PROPN
3834,booknlp,COREF,47,her,274277,274280,12,901,15,M_3834,Other
3835,booknlp,COREF,47,her,274401,274404,12,901,15,M_3835,Other
3836,booknlp,COREF,47,her,274434,274437,12,901,15,M_3836,Other
3837,booknlp,COREF,47,she,274493,274496,12,901,15,M_3837,Other
3838,booknlp,COREF,47,her,274527,274530,12,901,15,M_3838,Other
3839,exp,exp_name,de griers,De Griers,274554,274563,8,901,15,M_3839,PROPN
3840,booknlp,COREF,47,Her,274629,274632,12,901,15,M_3840,Other
3841,booknlp,COREF,47,she,274792,274795,12,901,15,M_3841,Other
3842,booknlp,COREF,47,Her,274876,274879,12,901,15,M_3842,Other
3843,booknlp,COREF,47,her,274926,274929,12,901,15,M_3843,Other
3844,booknlp,COREF,47,she,274942,274945,12,901,15,M_3844,Other
3845,exp,exp_name,de griers,De Griers,274970,274979,8,901,15,M_3845,PROPN
3846,booknlp,COREF,47,she,274993,274996,12,901,15,M_3846,Other
3847,booknlp,COREF,47,she,275018,275021,12,901,15,M_3847,Other
3848,booknlp,COREF,47,she,275037,275040,12,901,15,M_3848,Other
3849,exp,exp_name,polina,Polina,275195,275201,12,902,15,M_3849,PROPN
3850,booknlp,COREF,47,she,275220,275223,12,902,15,M_3850,Other
3851,booknlp,COREF,47,her,275240,275243,12,902,15,M_3851,Other
3852,booknlp,COREF,47,her,275294,275297,12,902,15,M_3852,Other
3853,exp,exp_name,the nursemaid,the nursemaid,275310,275323,19,902,15,M_3853,PROPN
3854,booknlp,COREF,47,her,275352,275355,12,902,15,M_3854,Other
3855,booknlp,COREF,47,she,275445,275448,12,902,15,M_3855,Other
3856,exp,exp_name,polina,Polina,275466,275472,12,902,15,M_3856,PROPN
3857,booknlp,COREF,47,her,275576,275579,12,902,15,M_3857,Other
3858,pdnc,qID,Q639-0,Mlle,275583,275587,12,903,15,M_3858,PROPN
3859,pdnc,qID,Q639-1,her,275652,275655,12,903,15,M_3859,Other
3860,exp,exp_name,the nursemaid,The nursemaid,275658,275671,19,903,15,M_3860,PROPN
3861,exp,exp_name,the landlord,the landlord,275809,275821,18,904,15,M_3861,PROPN
3862,exp,exp_name,polina,Polina,276043,276049,12,904,15,M_3862,PROPN
3863,exp,exp_name,the general,the General,276158,276169,16,904,15,M_3863,PROPN
3864,booknlp,COREF,150,he,276217,276219,16,904,15,M_3864,Other
3865,booknlp,COREF,150,his,276236,276239,16,904,15,M_3865,Other
3866,booknlp,COREF,150,his,276322,276325,16,904,15,M_3866,Other
3867,exp,exp_name,cominges,Cominges,276422,276430,23,904,15,M_3867,PROPN
3868,booknlp,COREF,150,him,276450,276453,16,904,15,M_3868,Other
3869,booknlp,COREF,150,he,276473,276475,16,904,15,M_3869,Other
3870,booknlp,COREF,150,he,276515,276517,16,904,15,M_3870,Other
3871,booknlp,COREF,150,him,276625,276628,16,904,15,M_3871,Other
3872,exp,exp_name,the landlord,the landlord,276662,276674,18,904,15,M_3872,PROPN
3873,exp,exp_name,mr. astley,Mr. Astley,277025,277035,10,905,15,M_3873,PROPN
3874,booknlp,COREF,54,he,277073,277075,10,905,15,M_3874,Other
3875,booknlp,COREF,54,he,277116,277118,10,905,15,M_3875,Other
3876,booknlp,COREF,54,his,277198,277201,10,905,15,M_3876,Other
3877,booknlp,COREF,54,he,277221,277223,10,905,15,M_3877,Other
3878,exp,exp_name,polina,Polina,277275,277281,12,905,15,M_3878,PROPN
3879,pdnc,qID,Q641-0,She,277285,277288,12,906,15,M_3879,Other
3880,booknlp,COREF,54,he,277298,277300,10,906,15,M_3880,Other
3881,booknlp,COREF,54,his,277335,277338,10,906,15,M_3881,Other
3882,pdnc,qID,Q642-0,she,277372,277375,12,907,15,M_3882,Other
3883,pdnc,qID,Q642-0,your,277382,277386,10,907,15,M_3883,Other
3884,pdnc,qID,Q643-0,she,277402,277405,12,908,15,M_3884,Other
3885,booknlp,COREF,54,my,277412,277414,10,908,15,M_3885,Other
3886,pdnc,qID,Q644-0,you,277430,277433,10,909,15,M_3886,Other
3887,pdnc,qID,Q644-0,her,277453,277456,12,909,15,M_3887,Other
3888,booknlp,COREF,54,I,277472,277473,10,910,15,M_3888,Other
3889,pdnc,qID,Q645-0,her,277492,277495,12,910,15,M_3889,Other
3890,pdnc,qID,Q646-0,Mr. Astley,277511,277521,10,911,15,M_3890,PROPN
3891,pdnc,qID,Q646-0,she,277587,277590,12,911,15,M_3891,Other
3892,pdnc,qID,Q646-0,you,277612,277615,10,911,15,M_3892,Other
3893,booknlp,COREF,54,I,277647,277648,10,912,15,M_3893,Other
3894,booknlp,COREF,54,I,277662,277663,10,912,15,M_3894,Other
3895,pdnc,qID,Q647-0,you,277673,277676,4,912,15,M_3895,Other
3896,pdnc,qID,Q647-0,she,277691,277694,12,912,15,M_3896,Other
3897,pdnc,qID,Q647-0,she,277709,277712,12,912,15,M_3897,Other
3898,pdnc,qID,Q647-0,you,277758,277761,4,912,15,M_3898,Other
3899,pdnc,qID,Q648-0,you,277771,277774,10,913,15,M_3899,Other
3900,pdnc,qID,Q649-0,she,277817,277820,12,914,15,M_3900,Other
3901,booknlp,COREF,54,me,277845,277847,10,914,15,M_3901,Other
3902,booknlp,COREF,54,mine,277878,277882,10,914,15,M_3902,Other
3903,pdnc,qID,Q649-0,she,277910,277913,12,914,15,M_3903,Other
3904,pdnc,qID,Q649-0,your,277942,277946,4,914,15,M_3904,Other
3905,booknlp,COREF,54,I,277978,277979,10,915,15,M_3905,Other
3906,pdnc,qID,Q650-0,you,277985,277988,10,915,15,M_3906,Other
3907,pdnc,qID,Q650-0,Mr. Astley,277994,278004,10,915,15,M_3907,PROPN
3908,pdnc,qID,Q650-0,you,278015,278018,10,915,15,M_3908,Other
3909,booknlp,COREF,54,me,278033,278035,10,915,15,M_3909,Other
3910,pdnc,qID,Q650-0,you,278055,278058,10,915,15,M_3910,Other
3911,booknlp,COREF,54,my,278067,278069,10,915,15,M_3911,Other
3912,pdnc,qID,Q650-0,Mlle. Polina,278102,278114,12,915,15,M_3912,Other
3913,booknlp,COREF,54,me,278128,278130,10,915,15,M_3913,Other
3914,pdnc,qID,Q650-0,you,278161,278164,10,915,15,M_3914,Other
3915,pdnc,qID,Q650-0,she,278189,278192,12,915,15,M_3915,Other
3916,booknlp,COREF,54,I,278223,278224,10,916,15,M_3916,Other
3917,booknlp,COREF,54,I,278244,278245,10,916,15,M_3917,Other
3918,pdnc,qID,Q652-0,She,278307,278310,12,917,15,M_3918,Other
3919,pdnc,qID,Q652-0,you,278334,278337,10,917,15,M_3919,Other
3920,pdnc,qID,Q652-0,Mr. Astley,278344,278354,10,917,15,M_3920,PROPN
3921,pdnc,qID,Q653-0,she,278364,278367,12,918,15,M_3921,Other
3922,booknlp,COREF,54,I,278375,278376,10,918,15,M_3922,Other
3923,pdnc,qID,Q653-0,she,278404,278407,12,918,15,M_3923,Other
3924,booknlp,COREF,54,I,278414,278415,10,918,15,M_3924,Other
3925,pdnc,qID,Q653-0,you,278427,278430,4,918,15,M_3925,Other
3926,pdnc,qID,Q654-1,you,278503,278506,10,920,15,M_3926,Other
3927,pdnc,qID,Q655-0,you,278568,278571,4,921,15,M_3927,Other
3928,pdnc,qID,Q657-0,you,278679,278682,4,923,15,M_3928,Other
3929,exp,exp_name,astley,Astley,278794,278800,10,925,15,M_3929,PROPN
3930,booknlp,COREF,54,he,278812,278814,10,925,15,M_3930,Other
3931,booknlp,COREF,54,I,278861,278862,10,926,15,M_3931,Other
3932,booknlp,COREF,54,I,278891,278892,10,926,15,M_3932,Other
3933,pdnc,qID,Q660-0,her,278900,278903,12,926,15,M_3933,Other
3934,pdnc,qID,Q660-0,Mr. Astley,278905,278915,10,926,15,M_3934,PROPN
3935,pdnc,qID,Q660-0,you,278924,278927,10,926,15,M_3935,Other
3936,booknlp,COREF,54,I,278950,278951,10,927,15,M_3936,Other
3937,pdnc,qID,Q661-0,you,278965,278968,4,927,15,M_3937,Other
3938,pdnc,qID,Q661-0,you,278992,278995,4,927,15,M_3938,Other
3939,pdnc,qID,Q661-0,you,279015,279018,4,927,15,M_3939,Other
3940,pdnc,qID,Q661-0,you,279046,279049,4,927,15,M_3940,Other
3941,pdnc,qID,Q661-0,your,279099,279103,4,927,15,M_3941,Other
3942,booknlp,COREF,54,I,279143,279144,10,927,15,M_3942,Other
3943,pdnc,qID,Q661-0,you,279175,279178,4,927,15,M_3943,Other
3944,booknlp,COREF,54,I,279212,279213,10,928,15,M_3944,Other
3945,booknlp,COREF,54,me,279255,279257,10,928,15,M_3945,Other
3946,booknlp,COREF,54,I,279292,279293,10,928,15,M_3946,Other
3947,pdnc,qID,Q662-0,the General,279318,279329,16,928,15,M_3947,Other
3948,pdnc,qID,Q662-0,Mlle. Polina,279334,279346,12,928,15,M_3948,Other
3949,booknlp,COREF,54,I,279382,279383,10,929,15,M_3949,Other
3950,booknlp,COREF,54,I,279398,279399,10,929,15,M_3950,Other
3951,pdnc,qID,Q663-0,the General,279436,279447,16,929,15,M_3951,Other
3952,pdnc,qID,Q663-0,Mlle. Polina,279467,279479,12,929,15,M_3952,Other
3953,pdnc,qID,Q663-0,she,279514,279517,12,929,15,M_3953,Other
3954,booknlp,COREF,47,I,279719,279720,12,930,15,M_3954,Other
3955,pdnc,qID,Q664-0,he,279729,279731,10,930,15,M_3955,Other
3956,booknlp,COREF,47,me,279747,279749,12,930,15,M_3956,Other
3957,pdnc,qID,Q664-0,Polina,279768,279774,12,930,15,M_3957,Other
3958,pdnc,qID,Q664-0,he,279798,279800,10,930,15,M_3958,Other
3959,exp,exp_name,polina,Polina,279856,279862,12,930,15,M_3959,PROPN
3960,booknlp,COREF,47,her,280020,280023,12,930,15,M_3960,Other
3961,exp,exp_name,polina,Polina,280188,280194,12,930,15,M_3961,PROPN
3962,booknlp,COREF,47,her,280253,280256,12,930,15,M_3962,Other
3963,exp,exp_name,mr. astley,Mr. Astley,280294,280304,10,930,15,M_3963,PROPN
3964,exp,exp_name,the general,the General,280462,280473,16,931,15,M_3964,PROPN
3965,exp,exp_name,cominges,Cominges,280581,280589,23,931,15,M_3965,PROPN
3966,exp,exp_name,mlle. blanche,Mlle. Blanche,280778,280791,7,932,15,M_3966,PROPN
3967,pdnc,qID,Q665-0,you,280862,280865,4,933,15,M_3967,Other
3968,booknlp,COREF,50,I,281050,281051,7,937,15,M_3968,Other
3969,pdnc,qID,Q669-0,you,281063,281066,4,937,15,M_3969,Other
3970,pdnc,qID,Q669-0,you,281073,281076,4,937,15,M_3970,Other
3971,booknlp,COREF,50,her,281133,281136,7,938,15,M_3971,Other
3972,booknlp,COREF,50,her,281151,281154,7,938,15,M_3972,Other
3973,booknlp,COREF,50,her,281427,281430,7,938,15,M_3973,Other
3974,booknlp,COREF,50,she,281465,281468,7,939,15,M_3974,Other
3975,booknlp,COREF,50,she,281480,281483,7,939,15,M_3975,Other
3976,booknlp,COREF,50,Her,281510,281513,7,939,15,M_3976,Other
3977,booknlp,COREF,50,she,281656,281659,7,941,15,M_3977,Other
3978,booknlp,COREF,50,my,281692,281694,7,941,15,M_3978,Other
3979,booknlp,COREF,50,me,281715,281717,7,941,15,M_3979,Other
3980,booknlp,COREF,50,I,281782,281783,7,941,15,M_3980,Other
3981,booknlp,COREF,50,me,281801,281803,7,941,15,M_3981,Other
3982,pdnc,qID,Q672-1,you,281809,281812,4,941,15,M_3982,Other
3983,pdnc,qID,Q675-0,tu,281966,281968,4,945,15,M_3983,PROPN
3984,pdnc,qID,Q675-0,Tu,282031,282033,4,945,15,M_3984,PROPN
3985,booknlp,COREF,50,my,282087,282089,7,945,15,M_3985,Other
3986,booknlp,COREF,50,me,282113,282115,7,945,15,M_3986,Other
3987,booknlp,COREF,50,she,282132,282135,7,946,15,M_3987,Other
3988,exp,exp_name,mlle. blanche,Mlle. Blanche,282335,282348,7,946,15,M_3988,PROPN
3989,pdnc,qID,Q676-0,you,282493,282496,4,947,15,M_3989,Other
3990,pdnc,qID,Q676-0,you,282643,282646,4,947,15,M_3990,Other
3991,pdnc,qID,Q676-0,your,282671,282675,4,947,15,M_3991,Other
3992,pdnc,qID,Q677-0,you,282738,282741,7,948,15,M_3992,Other
3993,pdnc,qID,Q678-0,you,282890,282893,4,949,15,M_3993,Other
3994,pdnc,qID,Q678-0,your,282897,282901,4,949,15,M_3994,Other
3995,pdnc,qID,Q678-0,you,283052,283055,4,949,15,M_3995,Other
3996,pdnc,qID,Q678-0,tu,283083,283085,4,949,15,M_3996,PROPN
3997,pdnc,qID,Q678-0,you,283106,283109,4,949,15,M_3997,Other
3998,pdnc,qID,Q679-0,You,283132,283135,7,950,15,M_3998,Other
3999,pdnc,qID,Q680-0,you,283227,283230,4,951,15,M_3999,Other
4000,pdnc,qID,Q680-0,your,283312,283316,4,951,15,M_4000,Other
4001,pdnc,qID,Q680-0,You,283412,283415,4,951,15,M_4001,Other
4002,pdnc,qID,Q680-0,tu,283447,283449,4,951,15,M_4002,PROPN
4003,pdnc,qID,Q681-0,mon  utchitel,283653,283666,4,953,15,M_4003,Other
4004,pdnc,qID,Q681-1,t,283695,283696,4,953,15,M_4004,Other
4005,pdnc,qID,Q681-1,tu,283709,283711,4,953,15,M_4005,PROPN
4006,exp,exp_name,polina,Polina,283836,283842,12,954,15,M_4006,PROPN
4007,exp,exp_name,mr. astley,Mr. Astley,283889,283899,10,954,15,M_4007,PROPN
4008,exp,exp_name,the landlord,the landlord,284025,284037,18,954,15,M_4008,PROPN
4009,booknlp,COREF,1981,He,284120,284122,18,954,15,M_4009,Other
4010,exp,exp_name,mlle. blanche,Mlle. Blanche,284510,284523,7,958,15,M_4010,PROPN
4011,exp,exp_name,cominges,Cominges,284538,284546,23,958,15,M_4011,PROPN
4012,booknlp,COREF,50,Mlle,284560,284564,7,958,15,M_4012,PROPN
4013,booknlp,COREF,50,she,284596,284599,7,958,15,M_4013,Other
4014,exp,exp_name,madame,Madame,284618,284624,5,958,15,M_4014,PROPN
4015,booknlp,COREF,50,her,284635,284638,7,958,15,M_4015,Other
4016,pdnc,qID,Q684-1,you,285081,285084,10,958,15,M_4016,Other
4017,pdnc,qID,Q684-1,Mr. Astley,285086,285096,10,958,15,M_4017,PROPN
4018,exp,exp_name,blanche,Blanche,285222,285229,7,958,15,M_4018,PROPN
4019,pdnc,qID,Q685-0,you,285257,285260,4,959,15,M_4019,Other
4020,pdnc,qID,Q685-0,you,285271,285274,4,959,15,M_4020,Other
4021,booknlp,COREF,50,she,285281,285284,7,959,15,M_4021,Other
4022,booknlp,COREF,50,she,285304,285307,7,959,15,M_4022,Other
4023,booknlp,COREF,50,her,285320,285323,7,959,15,M_4023,Other
4024,pdnc,qID,Q686-0,We,285377,285379,4,960,15,M_4024,Other
4025,pdnc,qID,Q686-0,your,285399,285403,4,960,15,M_4025,Other
4026,pdnc,qID,Q686-0,you,285436,285439,4,960,15,M_4026,Other
4027,pdnc,qID,Q686-0,tu,285444,285446,4,960,15,M_4027,PROPN
4028,booknlp,COREF,50,I,285481,285482,7,960,15,M_4028,Other
4029,booknlp,COREF,50,myself,285483,285489,7,960,15,M_4029,Other
4030,pdnc,qID,Q686-0,your,285499,285503,4,960,15,M_4030,Other
4031,pdnc,qID,Q686-0,you,285512,285515,4,960,15,M_4031,Other
4032,pdnc,qID,Q686-0,you,285531,285534,4,960,15,M_4032,Other
4033,pdnc,qID,Q686-0,we,285557,285559,4,960,15,M_4033,Other
4034,pdnc,qID,Q686-0,your,285571,285575,4,960,15,M_4034,Other
4035,pdnc,qID,Q686-0,you,285582,285585,4,960,15,M_4035,Other
4036,pdnc,qID,Q686-0,those two Jews,285640,285654,11,960,15,M_4036,Other
4037,pdnc,qID,Q686-0,you,285660,285663,4,960,15,M_4037,Other
4038,pdnc,qID,Q686-0,you,285712,285715,4,960,15,M_4038,Other
4039,pdnc,qID,Q686-0,you,285774,285777,4,960,15,M_4039,Other
4040,pdnc,qID,Q686-0,your,285818,285822,4,960,15,M_4040,Other
4041,pdnc,qID,Q687-0,the General,285914,285925,16,961,15,M_4041,Other
4042,pdnc,qID,Q688-0,The General,285945,285956,16,962,15,M_4042,Other
4043,pdnc,qID,Q688-0,You,285958,285961,4,962,15,M_4043,Other
4044,pdnc,qID,Q688-0,he,286013,286015,16,962,15,M_4044,Other
4045,booknlp,COREF,50,me,286028,286030,7,962,15,M_4045,Other
4046,booknlp,COREF,50,I,286060,286061,7,962,15,M_4046,Other
4047,pdnc,qID,Q688-0,him,286080,286083,16,962,15,M_4047,Other
4048,pdnc,qID,Q688-0,he,286089,286091,16,962,15,M_4048,Other
4049,pdnc,qID,Q688-0,he,286140,286142,16,962,15,M_4049,Other
4050,pdnc,qID,Q688-0,he,286208,286210,16,962,15,M_4050,Other
4051,booknlp,COREF,50,I,286259,286260,7,962,15,M_4051,Other
4052,pdnc,qID,Q688-0,he,286285,286287,16,962,15,M_4052,Other
4053,booknlp,COREF,50,me,286307,286309,7,962,15,M_4053,Other
4054,pdnc,qID,Q688-0,Mr. Astley,286324,286334,10,962,15,M_4054,PROPN
4055,pdnc,qID,Q688-0,his,286344,286347,16,962,15,M_4055,Other
4056,exp,exp_name,mlle. blanche,Mlle. Blanche,286696,286709,7,965,16,M_4056,PROPN
4057,booknlp,COREF,50,her,286749,286752,7,965,16,M_4057,Other
4058,booknlp,COREF,50,her,286832,286835,7,965,16,M_4058,Other
4059,booknlp,COREF,50,she,286917,286920,7,965,16,M_4059,Other
4060,booknlp,COREF,50,she,286993,286996,7,965,16,M_4060,Other
4061,pdnc,qID,Q689-1,tu,287005,287007,4,965,16,M_4061,PROPN
4062,pdnc,qID,Q689-1,mon utchitel,287031,287043,4,965,16,M_4062,Other
4063,booknlp,COREF,50,she,287051,287054,7,965,16,M_4063,Other
4064,booknlp,COREF,50,her,287072,287075,7,965,16,M_4064,Other
4065,exp,exp_name,mlle. blanche,Mlle. Blanche,287138,287151,7,965,16,M_4065,PROPN
4066,booknlp,COREF,50,her,287205,287208,7,965,16,M_4066,Other
4067,booknlp,COREF,50,she,287254,287257,7,965,16,M_4067,Other
4068,booknlp,COREF,50,she,287281,287284,7,965,16,M_4068,Other
4069,booknlp,COREF,50,her,287302,287305,7,965,16,M_4069,Other
4070,booknlp,COREF,50,I,287356,287357,7,965,16,M_4070,Other
4071,booknlp,COREF,50,me,287438,287440,7,965,16,M_4071,Other
4072,booknlp,COREF,50,she,287567,287570,7,965,16,M_4072,Other
4073,pdnc,qID,Q691-0,you,287721,287724,4,966,16,M_4073,Other
4074,booknlp,COREF,50,she,287744,287747,7,966,16,M_4074,Other
4075,booknlp,COREF,50,she,287850,287853,7,966,16,M_4075,Other
4076,booknlp,COREF,50,her,287865,287868,7,966,16,M_4076,Other
4077,booknlp,COREF,50,her,287926,287929,7,966,16,M_4077,Other
4078,booknlp,COREF,50,she,287955,287958,7,966,16,M_4078,Other
4079,booknlp,COREF,50,her,287992,287995,7,966,16,M_4079,Other
4080,booknlp,COREF,50,her,288082,288085,7,966,16,M_4080,Other
4081,booknlp,COREF,50,she,288173,288176,7,966,16,M_4081,Other
4082,pdnc,qID,Q693-0,un utchitel,289034,289045,4,967,16,M_4082,PROPN
4083,exp,exp_name,blanche,Blanche,289048,289055,7,967,16,M_4083,PROPN
4084,booknlp,COREF,50,me,289122,289124,7,967,16,M_4084,Other
4085,pdnc,qID,Q693-1,he,289183,289185,4,967,16,M_4085,Other
4086,pdnc,qID,Q693-1,his,289209,289212,4,967,16,M_4086,Other
4087,pdnc,qID,Q693-1,him,289295,289298,4,967,16,M_4087,Other
4088,exp,exp_name,blanche,Blanche,289592,289599,7,968,16,M_4088,PROPN
4089,booknlp,COREF,50,she,289642,289645,7,968,16,M_4089,Other
4090,booknlp,COREF,50,herself,289681,289688,7,968,16,M_4090,Other
4091,booknlp,COREF,50,she,289721,289724,7,968,16,M_4091,Other
4092,exp,exp_name,blanche,Blanche,290009,290016,7,968,16,M_4092,PROPN
4093,booknlp,COREF,50,She,290043,290046,7,968,16,M_4093,Other
4094,booknlp,COREF,50,her,290167,290170,7,968,16,M_4094,Other
4095,booknlp,COREF,50,she,290230,290233,7,968,16,M_4095,Other
4096,booknlp,COREF,50,she,290246,290249,7,968,16,M_4096,Other
4097,booknlp,COREF,50,she,290266,290269,7,968,16,M_4097,Other
4098,booknlp,COREF,50,she,290295,290298,7,968,16,M_4098,Other
4099,booknlp,COREF,50,she,290474,290477,7,968,16,M_4099,Other
4100,booknlp,COREF,50,she,290510,290513,7,968,16,M_4100,Other
4101,booknlp,COREF,50,herself,290587,290594,7,968,16,M_4101,Other
4102,booknlp,COREF,50,she,290612,290615,7,968,16,M_4102,Other
4103,booknlp,COREF,50,her,290758,290761,7,968,16,M_4103,Other
4104,booknlp,COREF,50,she,290772,290775,7,968,16,M_4104,Other
4105,booknlp,COREF,50,she,290864,290867,7,968,16,M_4105,Other
4106,booknlp,COREF,50,her,290884,290887,7,968,16,M_4106,Other
4107,booknlp,COREF,50,she,290977,290980,7,968,16,M_4107,Other
4108,booknlp,COREF,50,her,291081,291084,7,968,16,M_4108,Other
4109,booknlp,COREF,50,she,291197,291200,7,968,16,M_4109,Other
4110,booknlp,COREF,50,her,291209,291212,7,968,16,M_4110,Other
4111,pdnc,qID,Q694-0,Bibi,291283,291287,4,969,16,M_4111,Other
4112,booknlp,COREF,50,she,291290,291293,7,969,16,M_4112,Other
4113,booknlp,COREF,50,she,291325,291328,7,969,16,M_4113,Other
4114,pdnc,qID,Q694-1,you,291352,291355,4,969,16,M_4114,Other
4115,booknlp,COREF,50,her,291427,291430,7,970,16,M_4115,Other
4116,booknlp,COREF,50,her,291455,291458,7,970,16,M_4116,Other
4117,booknlp,COREF,50,she,291487,291490,7,970,16,M_4117,Other
4118,booknlp,COREF,50,herself,291498,291505,7,970,16,M_4118,Other
4119,pdnc,qID,Q696-0,You,291520,291523,4,971,16,M_4119,Other
4120,booknlp,COREF,50,she,291530,291533,7,971,16,M_4120,Other
4121,booknlp,COREF,50,I,291544,291545,7,971,16,M_4121,Other
4122,booknlp,COREF,50,I,291602,291603,7,971,16,M_4122,Other
4123,pdnc,qID,Q697-0,you,291731,291734,7,972,16,M_4123,Other
4124,booknlp,COREF,50,I,291765,291766,7,972,16,M_4124,Other
4125,booknlp,COREF,50,me,291789,291791,7,972,16,M_4125,Other
4126,pdnc,qID,Q698-0,you,291828,291831,4,973,16,M_4126,Other
4127,booknlp,COREF,50,I,291865,291866,7,974,16,M_4127,Other
4128,pdnc,qID,Q699-0,You,291871,291874,7,974,16,M_4128,Other
4129,pdnc,qID,Q699-0,you,291914,291917,7,974,16,M_4129,Other
4130,booknlp,COREF,50,I,291974,291975,7,974,16,M_4130,Other
4131,pdnc,qID,Q699-0,your,292003,292007,7,974,16,M_4131,Other
4132,pdnc,qID,Q699-0,you,292062,292065,7,974,16,M_4132,Other
4133,pdnc,qID,Q699-0,your,292082,292086,7,974,16,M_4133,Other
4134,booknlp,COREF,50,My,292096,292098,7,974,16,M_4134,Other
4135,booknlp,COREF,50,I,292123,292124,7,974,16,M_4135,Other
4136,exp,exp_name,blanche,Blanche,292189,292196,7,975,16,M_4136,PROPN
4137,exp,exp_name,a man,a man,292334,292339,2,976,16,M_4137,PROPN
4138,pdnc,qID,Q700-0,you,292340,292343,4,976,16,M_4138,Other
4139,booknlp,COREF,50,she,292350,292353,7,976,16,M_4139,Other
4140,pdnc,qID,Q700-1,tu,292408,292410,4,976,16,M_4140,PROPN
4141,pdnc,qID,Q700-1,mon gar on,292412,292422,4,976,16,M_4141,Other
4142,pdnc,qID,Q700-1,you,292433,292436,4,976,16,M_4142,Other
4143,pdnc,qID,Q700-1,you,292450,292453,4,976,16,M_4143,Other
4144,pdnc,qID,Q700-1,you,292492,292495,4,976,16,M_4144,Other
4145,pdnc,qID,Q700-1,your,292511,292515,4,976,16,M_4145,Other
4146,pdnc,qID,Q702-0,tu,292602,292604,4,978,16,M_4146,PROPN
4147,pdnc,qID,Q702-0,you,292624,292627,4,978,16,M_4147,Other
4148,pdnc,qID,Q702-0,tu,292653,292655,4,978,16,M_4148,PROPN
4149,pdnc,qID,Q702-0,you,292657,292660,4,978,16,M_4149,Other
4150,pdnc,qID,Q702-0,tu,292709,292711,4,978,16,M_4150,PROPN
4151,booknlp,COREF,50,I,292744,292745,7,979,16,M_4151,Other
4152,booknlp,COREF,50,I,292853,292854,7,980,16,M_4152,Other
4153,pdnc,qID,Q704-0,you,292860,292863,4,980,16,M_4153,Other
4154,booknlp,COREF,50,me,292897,292899,7,980,16,M_4154,Other
4155,pdnc,qID,Q704-0,you,292905,292908,4,980,16,M_4155,Other
4156,pdnc,qID,Q704-0,you,292932,292935,4,980,16,M_4156,Other
4157,booknlp,COREF,50,me,292955,292957,7,980,16,M_4157,Other
4158,pdnc,qID,Q704-0,you,292963,292966,4,980,16,M_4158,Other
4159,pdnc,qID,Q704-0,you,292974,292977,4,980,16,M_4159,Other
4160,pdnc,qID,Q704-0,you,292987,292990,4,980,16,M_4160,Other
4161,booknlp,COREF,50,I,292996,292997,7,980,16,M_4161,Other
4162,pdnc,qID,Q704-0,you,293011,293014,4,980,16,M_4162,Other
4163,pdnc,qID,Q704-0,you,293059,293062,4,980,16,M_4163,Other
4164,pdnc,qID,Q704-0,You,293064,293067,4,980,16,M_4164,Other
4165,booknlp,COREF,50,I,293073,293074,7,980,16,M_4165,Other
4166,pdnc,qID,Q704-0,you,293090,293093,4,980,16,M_4166,Other
4167,pdnc,qID,Q704-0,tu,293126,293128,4,980,16,M_4167,PROPN
4168,booknlp,COREF,50,I,293215,293216,7,980,16,M_4168,Other
4169,pdnc,qID,Q704-0,you,293235,293238,4,980,16,M_4169,Other
4170,pdnc,qID,Q705-0,You,293274,293277,7,981,16,M_4170,Other
4171,booknlp,COREF,50,I,293304,293305,7,981,16,M_4171,Other
4172,pdnc,qID,Q705-1,you,293314,293317,7,981,16,M_4172,Other
4173,pdnc,qID,Q706-0,tu,293394,293396,4,982,16,M_4173,PROPN
4174,pdnc,qID,Q707-0,you,293409,293412,7,983,16,M_4174,Other
4175,pdnc,qID,Q707-0,you,293452,293455,7,983,16,M_4175,Other
4176,booknlp,COREF,50,I,293469,293470,7,983,16,M_4176,Other
4177,booknlp,COREF,50,I,293564,293565,7,983,16,M_4177,Other
4178,booknlp,COREF,50,I,293617,293618,7,983,16,M_4178,Other
4179,pdnc,qID,Q707-0,you,293627,293630,7,983,16,M_4179,Other
4180,pdnc,qID,Q707-0,you,293664,293667,7,983,16,M_4180,Other
4181,booknlp,COREF,50,my,293692,293694,7,983,16,M_4181,Other
4182,pdnc,qID,Q707-0,You,293702,293705,7,983,16,M_4182,Other
4183,pdnc,qID,Q708-0,You,293715,293718,4,984,16,M_4183,Other
4184,pdnc,qID,Q708-0,you,293727,293730,4,984,16,M_4184,Other
4185,pdnc,qID,Q708-0,you,293737,293740,4,984,16,M_4185,Other
4186,pdnc,qID,Q708-0,tu,293766,293768,4,984,16,M_4186,PROPN
4187,pdnc,qID,Q708-0,tu,293797,293799,4,984,16,M_4187,PROPN
4188,pdnc,qID,Q708-0,t,293838,293839,4,984,16,M_4188,Other
4189,pdnc,qID,Q708-0,t,293852,293853,4,984,16,M_4189,Other
4190,pdnc,qID,Q708-0,Tu,293863,293865,4,984,16,M_4190,PROPN
4191,pdnc,qID,Q708-0,tu,293873,293875,4,984,16,M_4191,PROPN
4192,exp,exp_name,blanche,Blanche,294644,294651,7,986,16,M_4192,PROPN
4193,booknlp,COREF,50,herself,294659,294666,7,986,16,M_4193,Other
4194,exp,exp_name,blanche,Blanche,294807,294814,7,986,16,M_4194,PROPN
4195,booknlp,COREF,50,I,295010,295011,7,986,16,M_4195,Other
4196,pdnc,qID,Q709-0,you,295049,295052,4,986,16,M_4196,Other
4197,booknlp,COREF,50,my,295069,295071,7,986,16,M_4197,Other
4198,booknlp,COREF,50,she,295094,295097,7,986,16,M_4198,Other
4199,booknlp,COREF,50,I,295125,295126,7,986,16,M_4199,Other
4200,pdnc,qID,Q709-1,you,295140,295143,4,986,16,M_4200,Other
4201,booknlp,COREF,50,my,295164,295166,7,986,16,M_4201,Other
4202,pdnc,qID,Q709-1,you,295206,295209,4,986,16,M_4202,Other
4203,booknlp,COREF,50,I,295244,295245,7,986,16,M_4203,Other
4204,pdnc,qID,Q709-1,you,295251,295254,4,986,16,M_4204,Other
4205,booknlp,COREF,50,I,295277,295278,7,986,16,M_4205,Other
4206,pdnc,qID,Q709-1,the General,295328,295339,16,986,16,M_4206,Other
4207,booknlp,COREF,50,me,295357,295359,7,986,16,M_4207,Other
4208,exp,exp_name,the general,the General,295762,295773,16,988,16,M_4208,PROPN
4209,booknlp,COREF,150,He,295775,295777,16,988,16,M_4209,Other
4210,booknlp,COREF,150,he,295868,295870,16,988,16,M_4210,Other
4211,booknlp,COREF,150,his,295885,295888,16,988,16,M_4211,Other
4212,exp,exp_name,blanche,Blanche,295902,295909,7,988,16,M_4212,PROPN
4213,booknlp,COREF,150,him,295914,295917,16,988,16,M_4213,Other
4214,booknlp,COREF,50,her,295967,295970,7,988,16,M_4214,Other
4215,booknlp,COREF,150,him,295983,295986,16,988,16,M_4215,Other
4216,booknlp,COREF,50,she,295997,296000,7,988,16,M_4216,Other
4217,booknlp,COREF,150,he,296020,296022,16,988,16,M_4217,Other
4218,booknlp,COREF,50,her,296051,296054,7,988,16,M_4218,Other
4219,booknlp,COREF,50,she,296193,296196,7,988,16,M_4219,Other
4220,booknlp,COREF,150,him,296205,296208,16,988,16,M_4220,Other
4221,exp,exp_name,the general,the General,296225,296236,16,988,16,M_4221,PROPN
4222,booknlp,COREF,150,he,296308,296310,16,988,16,M_4222,Other
4223,booknlp,COREF,150,he,296346,296348,16,988,16,M_4223,Other
4224,booknlp,COREF,150,his,296444,296447,16,988,16,M_4224,Other
4225,booknlp,COREF,150,he,296476,296478,16,988,16,M_4225,Other
4226,booknlp,COREF,150,he,296537,296539,16,988,16,M_4226,Other
4227,booknlp,COREF,150,his,296556,296559,16,988,16,M_4227,Other
4228,exp,exp_name,a man,a man,296606,296611,2,988,16,M_4228,PROPN
4229,exp,exp_name,general,General,296730,296737,16,988,16,M_4229,PROPN
4230,booknlp,COREF,150,he,296781,296783,16,988,16,M_4230,Other
4231,booknlp,COREF,150,he,296827,296829,16,988,16,M_4231,Other
4232,booknlp,COREF,150,he,296877,296879,16,988,16,M_4232,Other
4233,booknlp,COREF,150,his,296889,296892,16,988,16,M_4233,Other
4234,booknlp,COREF,150,he,296936,296938,16,988,16,M_4234,Other
4235,exp,exp_name,blanche,Blanche,296957,296964,7,988,16,M_4235,PROPN
4236,booknlp,COREF,150,him,297005,297008,16,988,16,M_4236,Other
4237,booknlp,COREF,150,he,297039,297041,16,988,16,M_4237,Other
4238,booknlp,COREF,150,he,297232,297234,16,988,16,M_4238,Other
4239,booknlp,COREF,150,he,297264,297266,16,988,16,M_4239,Other
4240,booknlp,COREF,150,him,297374,297377,16,988,16,M_4240,Other
4241,booknlp,COREF,150,he,297383,297385,16,988,16,M_4241,Other
4242,exp,exp_name,blanche,Blanche,297460,297467,7,988,16,M_4242,PROPN
4243,booknlp,COREF,150,him,297483,297486,16,988,16,M_4243,Other
4244,booknlp,COREF,150,he,297552,297554,16,988,16,M_4244,Other
4245,booknlp,COREF,150,his,297576,297579,16,988,16,M_4245,Other
4246,booknlp,COREF,150,his,297600,297603,16,988,16,M_4246,Other
4247,booknlp,COREF,150,him,297741,297744,16,988,16,M_4247,Other
4248,booknlp,COREF,150,he,297746,297748,16,988,16,M_4248,Other
4249,booknlp,COREF,150,his,297805,297808,16,988,16,M_4249,Other
4250,booknlp,COREF,150,he,297848,297850,16,988,16,M_4250,Other
4251,booknlp,COREF,150,he,297938,297940,16,988,16,M_4251,Other
4252,booknlp,COREF,150,his,297993,297996,16,988,16,M_4252,Other
4253,booknlp,COREF,150,he,298042,298044,16,988,16,M_4253,Other
4254,booknlp,COREF,150,he,298076,298078,16,988,16,M_4254,Other
4255,booknlp,COREF,150,himself,298132,298139,16,988,16,M_4255,Other
4256,exp,exp_name,blanche,Blanche,298146,298153,7,988,16,M_4256,PROPN
4257,booknlp,COREF,150,him,298166,298169,16,988,16,M_4257,Other
4258,booknlp,COREF,150,His,298196,298199,16,988,16,M_4258,Other
4259,booknlp,COREF,150,he,298269,298271,16,988,16,M_4259,Other
4260,booknlp,COREF,50,her,298285,298288,7,988,16,M_4260,Other
4261,booknlp,COREF,50,she,298313,298316,7,988,16,M_4261,Other
4262,booknlp,COREF,150,him,298345,298348,16,988,16,M_4262,Other
4263,booknlp,COREF,50,her,298354,298357,7,988,16,M_4263,Other
4264,booknlp,COREF,50,she,298367,298370,7,988,16,M_4264,Other
4265,booknlp,COREF,150,him,298393,298396,16,988,16,M_4265,Other
4266,booknlp,COREF,150,he,298439,298441,16,988,16,M_4266,Other
4267,booknlp,COREF,150,he,298467,298469,16,988,16,M_4267,Other
4268,booknlp,COREF,150,he,298485,298487,16,988,16,M_4268,Other
4269,booknlp,COREF,150,he,298508,298510,16,988,16,M_4269,Other
4270,exp,exp_name,blanche,Blanche,298638,298645,7,988,16,M_4270,PROPN
4271,booknlp,COREF,150,he,298696,298698,16,988,16,M_4271,Other
4272,booknlp,COREF,150,him,298725,298728,16,988,16,M_4272,Other
4273,booknlp,COREF,150,he,298791,298793,16,988,16,M_4273,Other
4274,booknlp,COREF,150,his,298897,298900,16,988,16,M_4274,Other
4275,booknlp,COREF,150,he,298964,298966,16,988,16,M_4275,Other
4276,exp,exp_name,blanche,Blanche,299050,299057,7,988,16,M_4276,PROPN
4277,booknlp,COREF,50,her,299100,299103,7,988,16,M_4277,Other
4278,booknlp,COREF,50,she,299122,299125,7,988,16,M_4278,Other
4279,booknlp,COREF,150,him,299144,299147,16,988,16,M_4279,Other
4280,booknlp,COREF,150,him,299166,299169,16,988,16,M_4280,Other
4281,booknlp,COREF,150,he,299196,299198,16,988,16,M_4281,Other
4282,booknlp,COREF,150,he,299223,299225,16,988,16,M_4282,Other
4283,booknlp,COREF,50,her,299246,299249,7,988,16,M_4283,Other
4284,booknlp,COREF,150,he,299264,299266,16,988,16,M_4284,Other
4285,booknlp,COREF,150,his,299340,299343,16,989,16,M_4285,Other
4286,exp,exp_name,blanche,Blanche,299362,299369,7,989,16,M_4286,PROPN
4287,booknlp,COREF,50,herself,299374,299381,7,989,16,M_4287,Other
4288,booknlp,COREF,150,his,299402,299405,16,989,16,M_4288,Other
4289,booknlp,COREF,50,she,299432,299435,7,989,16,M_4289,Other
4290,booknlp,COREF,50,she,299498,299501,7,989,16,M_4290,Other
4291,booknlp,COREF,150,him,299516,299519,16,989,16,M_4291,Other
4292,booknlp,COREF,50,she,299528,299531,7,989,16,M_4292,Other
4293,booknlp,COREF,150,his,299550,299553,16,989,16,M_4293,Other
4294,booknlp,COREF,50,her,299608,299611,7,989,16,M_4294,Other
4295,booknlp,COREF,150,he,299618,299620,16,989,16,M_4295,Other
4296,booknlp,COREF,150,his,299634,299637,16,989,16,M_4296,Other
4297,booknlp,COREF,150,his,299667,299670,16,989,16,M_4297,Other
4298,booknlp,COREF,50,she,299777,299780,7,989,16,M_4298,Other
4299,booknlp,COREF,50,she,299904,299907,7,989,16,M_4299,Other
4300,booknlp,COREF,50,she,299941,299944,7,989,16,M_4300,Other
4301,exp,exp_name,a man,a man,299965,299970,2,989,16,M_4301,PROPN
4302,booknlp,COREF,50,her,300039,300042,7,989,16,M_4302,Other
4303,booknlp,COREF,50,her,300107,300110,7,989,16,M_4303,Other
4304,booknlp,COREF,50,she,300115,300118,7,989,16,M_4304,Other
4305,booknlp,COREF,50,her,300163,300166,7,989,16,M_4305,Other
4306,pdnc,qID,Q710-0,You,300181,300184,4,989,16,M_4306,Other
4307,booknlp,COREF,50,she,300207,300210,7,989,16,M_4307,Other
4308,booknlp,COREF,50,my,300247,300249,7,989,16,M_4308,Other
4309,pdnc,qID,Q710-1,you,300269,300272,4,989,16,M_4309,Other
4310,pdnc,qID,Q710-1,You,300299,300302,4,989,16,M_4310,Other
4311,booknlp,COREF,50,her,300309,300312,7,989,16,M_4311,Other
4312,booknlp,COREF,50,she,300357,300360,7,990,16,M_4312,Other
4313,booknlp,COREF,50,she,300395,300398,7,991,16,M_4313,Other
4314,exp,exp_name,the general,the General,300415,300426,16,991,16,M_4314,PROPN
4315,booknlp,COREF,50,she,300461,300464,7,991,16,M_4315,Other
4316,booknlp,COREF,50,her,300500,300503,7,991,16,M_4316,Other
4317,booknlp,COREF,150,him,300538,300541,16,991,16,M_4317,Other
4318,booknlp,COREF,50,she,300615,300618,7,991,16,M_4318,Other
4319,exp,exp_name,the general,the General,300657,300668,16,991,16,M_4319,PROPN
4320,booknlp,COREF,150,his,300685,300688,16,991,16,M_4320,Other
4321,booknlp,COREF,150,his,300717,300720,16,991,16,M_4321,Other
4322,booknlp,COREF,150,him,300787,300790,16,991,16,M_4322,Other
4323,booknlp,COREF,150,his,300876,300879,16,991,16,M_4323,Other
4324,exp,exp_name,blanche,Blanche,300947,300954,7,991,16,M_4324,PROPN
4325,booknlp,COREF,50,she,300968,300971,7,991,16,M_4325,Other
4326,exp,exp_name,the general,the General,301023,301034,16,991,16,M_4326,PROPN
4327,exp,exp_name,mr. astley,Mr. Astley,301178,301188,10,991,16,M_4327,PROPN
4328,exp,exp_name,the general,the General,301269,301280,16,991,16,M_4328,PROPN
4329,booknlp,COREF,150,he,301310,301312,16,991,16,M_4329,Other
4330,exp,exp_name,blanche,Blanche,301361,301368,7,991,16,M_4330,PROPN
4331,booknlp,COREF,150,he,301376,301378,16,991,16,M_4331,Other
4332,booknlp,COREF,150,he,301467,301469,16,991,16,M_4332,Other
4333,booknlp,COREF,150,his,301540,301543,16,991,16,M_4333,Other
4334,booknlp,COREF,150,he,301570,301572,16,991,16,M_4334,Other
4335,booknlp,COREF,150,his,301601,301604,16,991,16,M_4335,Other
4336,booknlp,COREF,150,he,301649,301651,16,991,16,M_4336,Other
4337,booknlp,COREF,150,himself,301670,301677,16,991,16,M_4337,Other
4338,booknlp,COREF,150,he,301718,301720,16,991,16,M_4338,Other
4339,exp,exp_name,a man,a man,301782,301787,2,991,16,M_4339,PROPN
4340,booknlp,COREF,150,he,301811,301813,16,991,16,M_4340,Other
4341,booknlp,COREF,150,he,301913,301915,16,991,16,M_4341,Other
4342,booknlp,COREF,150,himself,301916,301923,16,991,16,M_4342,Other
4343,booknlp,COREF,150,he,301972,301974,16,991,16,M_4343,Other
4344,booknlp,COREF,150,he,302084,302086,16,991,16,M_4344,Other
4345,booknlp,COREF,150,he,302173,302175,16,991,16,M_4345,Other
4346,exp,exp_name,blanche,Blanche,302202,302209,7,991,16,M_4346,PROPN
4347,booknlp,COREF,150,him,302270,302273,16,991,16,M_4347,Other
4348,booknlp,COREF,150,he,302279,302281,16,991,16,M_4348,Other
4349,booknlp,COREF,150,his,302300,302303,16,991,16,M_4349,Other
4350,booknlp,COREF,150,his,302350,302353,16,991,16,M_4350,Other
4351,booknlp,COREF,150,him,302382,302385,16,991,16,M_4351,Other
4352,booknlp,COREF,150,he,302392,302394,16,991,16,M_4352,Other
4353,exp,exp_name,blanche,Blanche,302465,302472,7,991,16,M_4353,PROPN
4354,booknlp,COREF,150,he,302485,302487,16,991,16,M_4354,Other
4355,booknlp,COREF,150,he,302558,302560,16,991,16,M_4355,Other
4356,booknlp,COREF,150,he,302604,302606,16,991,16,M_4356,Other
4357,booknlp,COREF,150,himself,302622,302629,16,991,16,M_4357,Other
4358,booknlp,COREF,150,his,302689,302692,16,991,16,M_4358,Other
4359,booknlp,COREF,150,his,302704,302707,16,991,16,M_4359,Other
4360,booknlp,COREF,150,his,302718,302721,16,991,16,M_4360,Other
4361,booknlp,COREF,150,him,302792,302795,16,991,16,M_4361,Other
4362,booknlp,COREF,150,he,302807,302809,16,991,16,M_4362,Other
4363,booknlp,COREF,150,his,302902,302905,16,991,16,M_4363,Other
4364,booknlp,COREF,150,his,302919,302922,16,991,16,M_4364,Other
4365,booknlp,COREF,150,him,302959,302962,16,991,16,M_4365,Other
4366,booknlp,COREF,150,his,302977,302980,16,991,16,M_4366,Other
4367,booknlp,COREF,150,he,303002,303004,16,991,16,M_4367,Other
4368,booknlp,COREF,150,his,303021,303024,16,991,16,M_4368,Other
4369,booknlp,COREF,150,my,303084,303086,16,991,16,M_4369,Other
4370,booknlp,COREF,150,him,303132,303135,16,991,16,M_4370,Other
4371,pdnc,qID,Q712-1,you,303143,303146,4,991,16,M_4371,Other
4372,pdnc,qID,Q712-1,you,303165,303168,4,991,16,M_4372,Other
4373,booknlp,COREF,150,he,303206,303208,16,991,16,M_4373,Other
4374,booknlp,COREF,150,his,303218,303221,16,991,16,M_4374,Other
4375,booknlp,COREF,150,him,303266,303269,16,991,16,M_4375,Other
4376,booknlp,COREF,150,he,303299,303301,16,991,16,M_4376,Other
4377,booknlp,COREF,150,My,303314,303316,16,991,16,M_4377,Other
4378,pdnc,qID,Q713-0,sir,303344,303347,4,991,16,M_4378,PROPN
4379,exp,exp_name,polina,Polina,303420,303426,12,991,16,M_4379,PROPN
4380,booknlp,COREF,150,he,303428,303430,16,991,16,M_4380,Other
4381,booknlp,COREF,47,her,303457,303460,12,991,16,M_4381,Other
4382,pdnc,qID,Q714-0,She,303463,303466,12,991,16,M_4382,Other
4383,booknlp,COREF,150,he,303492,303494,16,991,16,M_4383,Other
4384,pdnc,qID,Q714-1,She,303507,303510,12,991,16,M_4384,Other
4385,pdnc,qID,Q714-1,She,303542,303545,12,991,16,M_4385,Other
4386,booknlp,COREF,150,I,303595,303596,16,991,16,M_4386,Other
4387,pdnc,qID,Q714-1,her,303608,303611,12,991,16,M_4387,Other
4388,booknlp,COREF,150,I,303626,303627,16,991,16,M_4388,Other
4389,exp,exp_name,de griers,De Griers,303643,303652,8,991,16,M_4389,PROPN
4390,exp,exp_name,the general,the General,303654,303665,16,991,16,M_4390,PROPN
4391,booknlp,COREF,73,his,303681,303684,8,991,16,M_4391,Other
4392,pdnc,qID,Q715-0,He,303702,303704,8,991,16,M_4392,Other
4393,booknlp,COREF,150,me,303716,303718,16,991,16,M_4393,Other
4394,booknlp,COREF,150,he,303721,303723,16,991,16,M_4394,Other
4395,pdnc,qID,Q715-1,He,303736,303738,8,991,16,M_4395,Other
4396,booknlp,COREF,150,me,303750,303752,16,991,16,M_4396,Other
4397,booknlp,COREF,150,my,303762,303764,16,991,16,M_4397,Other
4398,pdnc,qID,Q715-1,he,303787,303789,8,991,16,M_4398,Other
4399,booknlp,COREF,150,me,303817,303819,16,991,16,M_4399,Other
4400,pdnc,qID,Q715-1,he,303842,303844,8,991,16,M_4400,Other
4401,booknlp,COREF,150,me,303856,303858,16,991,16,M_4401,Other
4402,booknlp,COREF,150,my,303862,303864,16,991,16,M_4402,Other
4403,pdnc,qID,Q715-1,him,303889,303892,8,991,16,M_4403,Other
4404,exp,exp_name,blanche,Blanche,303930,303937,7,992,16,M_4404,PROPN
4405,booknlp,COREF,150,he,303942,303944,16,992,16,M_4405,Other
4406,exp,exp_name,blanche,Blanche,304040,304047,7,992,16,M_4406,PROPN
4407,booknlp,COREF,50,She,304091,304094,7,992,16,M_4407,Other
4408,booknlp,COREF,50,she,304149,304152,7,993,16,M_4408,Other
4409,pdnc,qID,Q716-1,the Grandmother,304168,304183,5,993,16,M_4409,Other
4410,pdnc,qID,Q716-1,Mr. Astley,304234,304244,10,993,16,M_4410,PROPN
4411,pdnc,qID,Q716-1,you,304285,304288,4,993,16,M_4411,Other
4412,booknlp,COREF,50,me,304305,304307,7,993,16,M_4412,Other
4413,pdnc,qID,Q716-1,the General,304313,304324,16,993,16,M_4413,Other
4414,pdnc,qID,Q716-1,her heir,304341,304349,16,993,16,M_4414,Other
4415,pdnc,qID,Q716-1,he,304359,304361,16,993,16,M_4415,Other
4416,pdnc,qID,Q716-1,he,304380,304382,16,993,16,M_4416,Other
4417,pdnc,qID,Q716-1,he,304431,304433,16,993,16,M_4417,Other
4418,pdnc,qID,Q716-1,his,304438,304441,16,993,16,M_4418,Other
4419,pdnc,qID,Q716-1,he,304477,304479,16,993,16,M_4419,Other
4420,booknlp,COREF,50,I,304529,304530,7,993,16,M_4420,Other
4421,pdnc,qID,Q716-1,Madame General,304541,304555,7,993,16,M_4421,PROPN
4422,booknlp,COREF,50,she,304597,304600,7,993,16,M_4422,Other
4423,booknlp,COREF,50,I,304669,304670,7,993,16,M_4423,Other
4424,booknlp,COREF,50,my,304695,304697,7,993,16,M_4424,Other
4425,booknlp,COREF,50,my,304743,304745,7,993,16,M_4425,Other
4426,pdnc,qID,Q717-0,he,304768,304770,16,994,16,M_4426,Other
4427,pdnc,qID,Q717-0,He,304793,304795,16,994,16,M_4427,Other
4428,pdnc,qID,Q717-0,you,304830,304833,7,994,16,M_4428,Other
4429,pdnc,qID,Q717-0,you,304843,304846,7,994,16,M_4429,Other
4430,pdnc,qID,Q718-0,him,304906,304909,16,995,16,M_4430,Other
4431,booknlp,COREF,50,I,304920,304921,7,995,16,M_4431,Other
4432,pdnc,qID,Q718-0,You,304957,304960,4,995,16,M_4432,Other
4433,booknlp,COREF,50,I,304998,304999,7,995,16,M_4433,Other
4434,pdnc,qID,Q718-0,him,305013,305016,16,995,16,M_4434,Other
4435,booknlp,COREF,50,I,305083,305084,7,995,16,M_4435,Other
4436,pdnc,qID,Q718-0,him,305095,305098,16,995,16,M_4436,Other
4437,pdnc,qID,Q718-0,he,305115,305117,16,995,16,M_4437,Other
4438,pdnc,qID,Q719-0,him,305156,305159,16,996,16,M_4438,Other
4439,exp,exp_name,blanche,Blanche,305478,305485,7,997,16,M_4439,PROPN
4440,booknlp,COREF,50,herself,305486,305493,7,997,16,M_4440,Other
4441,exp,exp_name,blanche,Blanche,305512,305519,7,997,16,M_4441,PROPN
4442,booknlp,COREF,50,herself,305520,305527,7,997,16,M_4442,Other
4443,exp,exp_name,blanche,Blanche,305674,305681,7,998,16,M_4443,PROPN
4444,booknlp,COREF,50,she,305696,305699,7,998,16,M_4444,Other
4445,booknlp,COREF,50,her,305795,305798,7,998,16,M_4445,Other
4446,exp,exp_name,blanche,Blanche,306006,306013,7,998,16,M_4446,PROPN
4447,exp,exp_name,cominges,Cominges,306054,306062,23,998,16,M_4447,PROPN
4448,exp,exp_name,cominges,Cominges,306116,306124,23,998,16,M_4448,PROPN
4449,exp,exp_name,the general,the General,306181,306192,16,998,16,M_4449,PROPN
4450,booknlp,COREF,150,he,306199,306201,16,998,16,M_4450,Other
4451,booknlp,COREF,150,he,306246,306248,16,998,16,M_4451,Other
4452,exp,exp_name,cominges,Cominges,306272,306280,23,998,16,M_4452,PROPN
4453,pdnc,qID,Q721-0,Mlle. Blanche du Placet,306428,306451,7,998,16,M_4453,Other
4454,pdnc,qID,Q721-0,"Mlle. Blanche du Placet, du Placet",306453,306487,7,998,16,M_4454,Other
4455,pdnc,qID,Q722-1,you,306804,306807,4,999,16,M_4455,Other
4456,exp,exp_name,madame,Madame,306956,306962,5,999,16,M_4456,PROPN
4457,exp,exp_name,madame,Madame,306984,306990,5,999,16,M_4457,PROPN
4458,pdnc,qID,Q722-1,you,307110,307113,4,999,16,M_4458,Other
4459,exp,exp_name,blanche,Blanche,307171,307178,7,1000,16,M_4459,PROPN
4460,exp,exp_name,blanche,Blanche,307194,307201,7,1000,16,M_4460,PROPN
4461,pdnc,qID,Q723-0,Tu,307249,307251,4,1000,16,M_4461,PROPN
4462,pdnc,qID,Q723-1,te,307295,307297,4,1000,16,M_4462,PROPN
4463,pdnc,qID,Q723-1,tu,307314,307316,4,1000,16,M_4463,PROPN
4464,pdnc,qID,Q723-1,you,307347,307350,4,1000,16,M_4464,Other
4465,pdnc,qID,Q725-0,you,307569,307572,4,1000,16,M_4465,Other
4466,pdnc,qID,Q725-1,you,307603,307606,4,1000,16,M_4466,Other
4467,pdnc,qID,Q725-1,you,307633,307636,4,1000,16,M_4467,Other
4468,pdnc,qID,Q725-1,you,307723,307726,4,1000,16,M_4468,Other
4469,pdnc,qID,Q725-1,you,307762,307765,4,1000,16,M_4469,Other
4470,pdnc,qID,Q725-1,you,307847,307850,4,1000,16,M_4470,Other
4471,pdnc,qID,Q725-1,tu,307892,307894,4,1000,16,M_4471,PROPN
4472,exp,exp_name,mr. astley,Mr. Astley,308235,308245,10,1001,16,M_4472,PROPN
4473,exp,exp_name,mr. astley,Mr. Astley,310804,310814,10,1004,17,M_4473,PROPN
4474,exp,exp_name,polina,Polina,310819,310825,12,1004,17,M_4474,PROPN
4475,exp,exp_name,polina,Polina,311989,311995,12,1005,17,M_4475,PROPN
4476,booknlp,COREF,47,her,312017,312020,12,1005,17,M_4476,Other
4477,booknlp,COREF,47,her,312041,312044,12,1005,17,M_4477,Other
4478,exp,exp_name,blanche,Blanche,312254,312261,7,1005,17,M_4478,PROPN
4479,exp,exp_name,the croupier,the croupier,312802,312814,15,1005,17,M_4479,PROPN
4480,exp,exp_name,the croupier,the croupier,312937,312949,15,1005,17,M_4480,PROPN
4481,exp,exp_name,mr. astley,Mr. Astley,315091,315101,10,1008,17,M_4481,PROPN
4482,booknlp,COREF,54,him,315118,315121,10,1008,17,M_4482,Other
4483,exp,exp_name,astley,Astley,316047,316053,10,1008,17,M_4483,PROPN
4484,booknlp,COREF,54,he,316084,316086,10,1008,17,M_4484,Other
4485,booknlp,COREF,54,he,316101,316103,10,1008,17,M_4485,Other
4486,booknlp,COREF,54,him,316154,316157,10,1008,17,M_4486,Other
4487,booknlp,COREF,54,he,316181,316183,10,1008,17,M_4487,Other
4488,booknlp,COREF,54,his,316209,316212,10,1008,17,M_4488,Other
4489,booknlp,COREF,54,him,316285,316288,10,1008,17,M_4489,Other
4490,pdnc,qID,Q726-0,You,316310,316313,4,1009,17,M_4490,Other
4491,booknlp,COREF,54,he,316322,316324,10,1009,17,M_4491,Other
4492,booknlp,COREF,54,I,316338,316339,10,1009,17,M_4492,Other
4493,booknlp,COREF,54,I,316357,316358,10,1009,17,M_4493,Other
4494,pdnc,qID,Q726-1,you,316371,316374,4,1009,17,M_4494,Other
4495,booknlp,COREF,54,me,316399,316401,10,1009,17,M_4495,Other
4496,booknlp,COREF,54,I,316416,316417,10,1009,17,M_4496,Other
4497,pdnc,qID,Q726-1,your,316446,316450,4,1009,17,M_4497,Other
4498,booknlp,COREF,54,my,316504,316506,10,1009,17,M_4498,Other
4499,pdnc,qID,Q727-0,you,316533,316536,10,1010,17,M_4499,Other
4500,pdnc,qID,Q727-0,your,316557,316561,10,1010,17,M_4500,Other
4501,pdnc,qID,Q727-1,you,316598,316601,10,1010,17,M_4501,Other
4502,pdnc,qID,Q727-1,You,316638,316641,10,1010,17,M_4502,Other
4503,pdnc,qID,Q727-1,you,316680,316683,10,1010,17,M_4503,Other
4504,booknlp,COREF,54,I,316823,316824,10,1011,17,M_4504,Other
4505,pdnc,qID,Q728-0,you,316848,316851,4,1011,17,M_4505,Other
4506,pdnc,qID,Q729-0,you,316881,316884,10,1012,17,M_4506,Other
4507,booknlp,COREF,54,I,316929,316930,10,1013,17,M_4507,Other
4508,booknlp,COREF,54,I,316941,316942,10,1013,17,M_4508,Other
4509,exp,exp_name,mr. astley,Mr. Astley,317254,317264,10,1015,17,M_4509,PROPN
4510,booknlp,COREF,54,he,317323,317325,10,1015,17,M_4510,Other
4511,booknlp,COREF,54,he,317402,317404,10,1016,17,M_4511,Other
4512,booknlp,COREF,54,I,317432,317433,10,1016,17,M_4512,Other
4513,pdnc,qID,Q732-1,you,317469,317472,4,1016,17,M_4513,Other
4514,pdnc,qID,Q732-1,your,317480,317484,4,1016,17,M_4514,Other
4515,pdnc,qID,Q732-1,your,317524,317528,4,1016,17,M_4515,Other
4516,pdnc,qID,Q733-0,you,317559,317562,10,1017,17,M_4516,Other
4517,exp,exp_name,astley,Astley,317661,317667,10,1018,17,M_4517,PROPN
4518,pdnc,qID,Q734-0,Your,317738,317742,4,1019,17,M_4518,Other
4519,booknlp,COREF,54,me,317758,317760,10,1019,17,M_4519,Other
4520,pdnc,qID,Q734-0,they,317764,317768,4,1019,17,M_4520,Other
4521,booknlp,COREF,54,he,317782,317784,10,1019,17,M_4521,Other
4522,booknlp,COREF,54,I,317812,317813,10,1019,17,M_4522,Other
4523,booknlp,COREF,54,I,318186,318187,10,1019,17,M_4523,Other
4524,pdnc,qID,Q734-1,you,318195,318198,4,1019,17,M_4524,Other
4525,booknlp,COREF,54,I,318200,318201,10,1019,17,M_4525,Other
4526,pdnc,qID,Q734-1,you,318232,318235,4,1019,17,M_4526,Other
4527,booknlp,COREF,54,me,318262,318264,10,1019,17,M_4527,Other
4528,pdnc,qID,Q734-1,you,318270,318273,4,1019,17,M_4528,Other
4529,pdnc,qID,Q736-0,you,318397,318400,4,1021,17,M_4529,Other
4530,booknlp,COREF,54,I,318413,318414,10,1021,17,M_4530,Other
4531,pdnc,qID,Q736-0,You,318427,318430,4,1021,17,M_4531,Other
4532,booknlp,COREF,54,me,318445,318447,10,1021,17,M_4532,Other
4533,booknlp,COREF,54,I,318458,318459,10,1021,17,M_4533,Other
4534,pdnc,qID,Q736-0,you,318487,318490,4,1021,17,M_4534,Other
4535,pdnc,qID,Q736-0,you,318555,318558,4,1021,17,M_4535,Other
4536,exp,exp_name,astley,Astley,318618,318624,10,1023,17,M_4536,PROPN
4537,pdnc,qID,Q738-0,You,318746,318749,4,1024,17,M_4537,Other
4538,booknlp,COREF,54,he,318770,318772,10,1024,17,M_4538,Other
4539,pdnc,qID,Q738-1,You,318780,318783,4,1024,17,M_4539,Other
4540,exp,exp_name,a man,a man,318882,318887,2,1024,17,M_4540,PROPN
4541,pdnc,qID,Q738-1,you,318889,318892,4,1024,17,M_4541,Other
4542,booknlp,COREF,54,I,318934,318935,10,1024,17,M_4542,Other
4543,pdnc,qID,Q738-1,you,318941,318944,4,1024,17,M_4543,Other
4544,pdnc,qID,Q738-1,you,319011,319014,4,1024,17,M_4544,Other
4545,pdnc,qID,Q738-1,your,319035,319039,4,1024,17,M_4545,Other
4546,booknlp,COREF,54,I,319055,319056,10,1024,17,M_4546,Other
4547,pdnc,qID,Q738-1,you,319070,319073,4,1024,17,M_4547,Other
4548,pdnc,qID,Q738-1,your,319106,319110,4,1024,17,M_4548,Other
4549,booknlp,COREF,54,I,319117,319118,10,1024,17,M_4549,Other
4550,pdnc,qID,Q738-1,you,319139,319142,4,1024,17,M_4550,Other
4551,pdnc,qID,Q738-1,your,319203,319207,4,1024,17,M_4551,Other
4552,pdnc,qID,Q739-0,Mr. Astley,319350,319360,10,1025,17,M_4552,PROPN
4553,pdnc,qID,Q739-1,you,319651,319654,10,1025,17,M_4553,Other
4554,pdnc,qID,Q740-0,you,319696,319699,4,1026,17,M_4554,Other
4555,pdnc,qID,Q740-1,you,319792,319795,4,1026,17,M_4555,Other
4556,pdnc,qID,Q740-1,you,319867,319870,4,1026,17,M_4556,Other
4557,pdnc,qID,Q741-1,you,319956,319959,10,1027,17,M_4557,Other
4558,pdnc,qID,Q741-1,Mlle. Polina,320023,320035,12,1027,17,M_4558,Other
4559,pdnc,qID,Q741-1,you,320054,320057,10,1027,17,M_4559,Other
4560,pdnc,qID,Q741-1,she,320105,320108,12,1027,17,M_4560,Other
4561,pdnc,qID,Q741-1,her,320151,320154,12,1027,17,M_4561,Other
4562,booknlp,COREF,54,I,320163,320164,10,1028,17,M_4562,Other
4563,pdnc,qID,Q742-0,she,320185,320188,12,1028,17,M_4563,Other
4564,pdnc,qID,Q742-0,she,320212,320215,12,1028,17,M_4564,Other
4565,pdnc,qID,Q742-0,you,320239,320242,4,1028,17,M_4565,Other
4566,booknlp,COREF,54,me,320251,320253,10,1028,17,M_4566,Other
4567,booknlp,COREF,54,me,320281,320283,10,1028,17,M_4567,Other
4568,pdnc,qID,Q742-0,her,320306,320309,12,1028,17,M_4568,Other
4569,exp,exp_name,astley,Astley,320312,320318,10,1028,17,M_4569,PROPN
4570,pdnc,qID,Q743-0,she,320385,320388,12,1029,17,M_4570,Other
4571,pdnc,qID,Q743-0,you,320399,320402,10,1029,17,M_4571,Other
4572,pdnc,qID,Q744-0,Mlle. Polina,320462,320474,12,1030,17,M_4572,Other
4573,booknlp,COREF,54,he,320477,320479,10,1030,17,M_4573,Other
4574,booknlp,COREF,54,I,320540,320541,10,1030,17,M_4574,Other
4575,booknlp,COREF,54,I,320555,320556,10,1030,17,M_4575,Other
4576,pdnc,qID,Q744-1,you,320569,320572,4,1030,17,M_4576,Other
4577,booknlp,COREF,54,me,320594,320596,10,1030,17,M_4577,Other
4578,pdnc,qID,Q744-1,her,320603,320606,12,1030,17,M_4578,Other
4579,pdnc,qID,Q744-1,You,320608,320611,4,1030,17,M_4579,Other
4580,pdnc,qID,Q744-1,her,320630,320633,12,1030,17,M_4580,Other
4581,pdnc,qID,Q744-1,her,320639,320642,12,1030,17,M_4581,Other
4582,pdnc,qID,Q744-1,your,320651,320655,4,1030,17,M_4582,Other
4583,booknlp,COREF,54,my,320678,320680,10,1030,17,M_4583,Other
4584,pdnc,qID,Q745-0,you,320764,320767,10,1031,17,M_4584,Other
4585,pdnc,qID,Q745-0,your,320807,320811,10,1031,17,M_4585,Other
4586,pdnc,qID,Q745-0,your,320901,320905,10,1031,17,M_4586,Other
4587,pdnc,qID,Q745-0,your,320915,320919,10,1031,17,M_4587,Other
4588,pdnc,qID,Q745-0,Mlle. Polina,320951,320963,12,1031,17,M_4588,Other
4589,pdnc,qID,Q745-0,her,320987,320990,12,1031,17,M_4589,Other
4590,pdnc,qID,Q745-0,you,321042,321045,10,1031,17,M_4590,Other
4591,booknlp,COREF,54,I,321129,321130,10,1032,17,M_4591,Other
4592,pdnc,qID,Q746-0,you,321141,321144,4,1032,17,M_4592,Other
4593,pdnc,qID,Q746-0,Mlle. Polina,321166,321178,12,1032,17,M_4593,Other
4594,booknlp,COREF,54,My,321205,321207,10,1032,17,M_4594,Other
4595,pdnc,qID,Q746-0,her,321238,321241,12,1032,17,M_4595,Other
4596,pdnc,qID,Q746-0,Mlle. Polina s grandmother,321308,321334,5,1032,17,M_4596,Other
4597,pdnc,qID,Q746-0,you,321336,321339,4,1032,17,M_4597,Other
4598,pdnc,qID,Q746-0,the mad old woman,321349,321366,5,1032,17,M_4598,Other
4599,pdnc,qID,Q746-0,Mlle. Polina,321384,321396,12,1032,17,M_4599,Other
4600,pdnc,qID,Q746-0,Mlle,321489,321493,12,1032,17,M_4600,PROPN
4601,booknlp,COREF,54,my,321514,321516,10,1032,17,M_4601,Other
4602,booknlp,COREF,54,my,321533,321535,10,1032,17,M_4602,Other
4603,pdnc,qID,Q746-0,Mlle,321565,321569,12,1032,17,M_4603,PROPN
4604,pdnc,qID,Q746-0,the Grandmother,321617,321632,5,1032,17,M_4604,Other
4605,pdnc,qID,Q746-0,the General,321686,321697,16,1032,17,M_4605,Other
4606,pdnc,qID,Q746-0,he,321699,321701,16,1032,17,M_4606,Other
4607,pdnc,qID,Q746-0,Mlle. Blanche,321741,321754,7,1032,17,M_4607,Other
4608,pdnc,qID,Q746-0,him,321767,321770,16,1032,17,M_4608,Other
4609,pdnc,qID,Q746-0,she,321776,321779,7,1032,17,M_4609,Other
4610,booknlp,COREF,50,herself,321815,321822,7,1032,17,M_4610,Other
4611,pdnc,qID,Q746-0,he,321832,321834,16,1032,17,M_4611,Other
4612,pdnc,qID,Q746-0,the Grandmother,321849,321864,5,1032,17,M_4612,Other
4613,booknlp,COREF,54,I,321872,321873,10,1032,17,M_4613,Other
4614,booknlp,COREF,54,I,321900,321901,10,1032,17,M_4614,Other
4615,pdnc,qID,Q747-0,De Griers,321923,321932,8,1033,17,M_4615,PROPN
4616,pdnc,qID,Q747-0,he,321937,321939,8,1033,17,M_4616,Other
4617,booknlp,COREF,54,I,321985,321986,10,1034,17,M_4617,Other
4618,pdnc,qID,Q748-0,he,321998,322000,8,1034,17,M_4618,Other
4619,booknlp,COREF,54,I,322010,322011,10,1034,17,M_4619,Other
4620,pdnc,qID,Q748-0,you,322017,322020,4,1034,17,M_4620,Other
4621,pdnc,qID,Q748-0,you,322036,322039,4,1034,17,M_4621,Other
4622,pdnc,qID,Q748-0,you,322104,322107,4,1034,17,M_4622,Other
4623,booknlp,COREF,54,me,322143,322145,10,1034,17,M_4623,Other
4624,pdnc,qID,Q751-0,your,322242,322246,10,1037,17,M_4624,Other
4625,pdnc,qID,Q751-0,Mr. Astley,322272,322282,10,1037,17,M_4625,PROPN
4626,pdnc,qID,Q751-0,Mlle. Polina,322313,322325,12,1037,17,M_4626,Other
4627,pdnc,qID,Q751-0,her,322365,322368,12,1037,17,M_4627,Other
4628,pdnc,qID,Q751-0,this Frenchman,322425,322439,8,1037,17,M_4628,Other
4629,pdnc,qID,Q751-0,this Russian lady,322444,322461,12,1037,17,M_4629,Other
4630,pdnc,qID,Q751-0,you,322479,322482,10,1037,17,M_4630,Other
4631,exp,exp_name,astley,Astley,322551,322557,10,1038,17,M_4631,PROPN
4632,pdnc,qID,Q752-1,you,322560,322563,4,1038,17,M_4632,Other
4633,booknlp,COREF,54,I,322618,322619,10,1038,17,M_4633,Other
4634,pdnc,qID,Q752-1,you,322624,322627,4,1038,17,M_4634,Other
4635,pdnc,qID,Q752-1,you,322633,322636,4,1038,17,M_4635,Other
4636,pdnc,qID,Q752-2,you,322748,322751,4,1038,17,M_4636,Other
4637,pdnc,qID,Q753-0,you,322827,322830,10,1039,17,M_4637,Other
4638,pdnc,qID,Q753-0,Mr. Astley,322847,322857,10,1039,17,M_4638,PROPN
4639,pdnc,qID,Q753-0,Mr. Astley,323039,323049,10,1039,17,M_4639,PROPN
4640,exp,exp_name,a man,a man,323078,323083,2,1039,17,M_4640,PROPN
4641,pdnc,qID,Q753-0,you,323095,323098,10,1039,17,M_4641,Other
4642,pdnc,qID,Q753-0,Mr. Astley,323470,323480,10,1039,17,M_4642,PROPN
4643,exp,exp_name,the frenchman,the Frenchman,323589,323602,8,1039,17,M_4643,PROPN
4644,exp,exp_name,the frenchman,the Frenchman,324139,324152,8,1039,17,M_4644,PROPN
4645,pdnc,qID,Q753-0,this young Russian lady,324294,324317,12,1039,17,M_4645,Other
4646,pdnc,qID,Q753-0,De Griers,324319,324328,8,1039,17,M_4646,PROPN
4647,pdnc,qID,Q753-0,his,324343,324346,8,1039,17,M_4647,Other
4648,pdnc,qID,Q753-0,her,324390,324393,12,1039,17,M_4648,Other
4649,pdnc,qID,Q753-0,he,324405,324407,8,1039,17,M_4649,Other
4650,pdnc,qID,Q753-0,Mr. Astley,324432,324442,10,1039,17,M_4650,PROPN
4651,pdnc,qID,Q753-0,this young lady,324448,324463,12,1039,17,M_4651,Other
4652,pdnc,qID,Q753-0,his,324498,324501,8,1039,17,M_4652,Other
4653,pdnc,qID,Q753-0,his,324536,324539,8,1039,17,M_4653,Other
4654,pdnc,qID,Q753-0,him,324613,324616,8,1039,17,M_4654,Other
4655,pdnc,qID,Q753-0,you,324648,324651,10,1039,17,M_4655,Other
4656,pdnc,qID,Q753-0,this Mlle. Polina,325083,325100,12,1039,17,M_4656,Other
4657,pdnc,qID,Q753-0,her,325211,325214,12,1039,17,M_4657,Other
4658,pdnc,qID,Q753-0,you,325230,325233,10,1039,17,M_4658,Other
4659,pdnc,qID,Q753-0,Monsieur de Griers,325237,325255,8,1039,17,M_4659,PROPN
4660,pdnc,qID,Q753-0,She,325257,325260,12,1039,17,M_4660,Other
4661,pdnc,qID,Q753-0,you,325273,325276,10,1039,17,M_4661,Other
4662,pdnc,qID,Q753-0,she,325278,325281,12,1039,17,M_4662,Other
4663,pdnc,qID,Q753-0,she,325306,325309,12,1039,17,M_4663,Other
4664,pdnc,qID,Q753-0,her,325323,325326,12,1039,17,M_4664,Other
4665,pdnc,qID,Q753-0,you,325336,325339,10,1039,17,M_4665,Other
4666,pdnc,qID,Q753-0,De Griers,325436,325445,8,1039,17,M_4666,PROPN
4667,pdnc,qID,Q753-0,De Griers,325508,325517,8,1039,17,M_4667,PROPN
4668,pdnc,qID,Q753-0,her,325535,325538,12,1039,17,M_4668,Other
4669,pdnc,qID,Q753-0,a marquis,325568,325577,8,1039,17,M_4669,Other
4670,pdnc,qID,Q753-0,a disenchanted and ruined liberal,325582,325615,8,1039,17,M_4670,Other
4671,pdnc,qID,Q753-0,his,325630,325633,8,1039,17,M_4671,Other
4672,pdnc,qID,Q753-0,her,325647,325650,12,1039,17,M_4672,Other
4673,pdnc,qID,Q753-0,the frivolous old General,325662,325687,16,1039,17,M_4673,Other
4674,pdnc,qID,Q753-0,his,325725,325728,8,1039,17,M_4674,Other
4675,pdnc,qID,Q753-0,you,325754,325757,10,1039,17,M_4675,Other
4676,pdnc,qID,Q753-0,her,325814,325817,12,1039,17,M_4676,Other
4677,pdnc,qID,Q753-0,her,325834,325837,12,1039,17,M_4677,Other
4678,pdnc,qID,Q753-0,the De Griers,325838,325851,8,1039,17,M_4678,Other
4679,pdnc,qID,Q753-0,she,325872,325875,12,1039,17,M_4679,Other
4680,pdnc,qID,Q753-0,you,325888,325891,10,1039,17,M_4680,Other
4681,pdnc,qID,Q753-0,she,325910,325913,12,1039,17,M_4681,Other
4682,pdnc,qID,Q753-0,the present De Griers,325925,325946,8,1039,17,M_4682,Other
4683,pdnc,qID,Q753-0,she,325962,325965,12,1039,17,M_4683,Other
4684,pdnc,qID,Q753-0,the De Griers of the past,325973,325998,8,1039,17,M_4684,Other
4685,pdnc,qID,Q753-0,her,326043,326046,12,1039,17,M_4685,Other
4686,pdnc,qID,Q753-0,You,326064,326067,10,1039,17,M_4686,Other
4687,pdnc,qID,Q753-0,Mr. Astley,326089,326099,10,1039,17,M_4687,PROPN
4688,pdnc,qID,Q753-0,you,326105,326108,10,1039,17,M_4688,Other
4689,pdnc,qID,Q755-0,you,326207,326210,10,1041,17,M_4689,Other
4690,pdnc,qID,Q755-0,you,326258,326261,10,1041,17,M_4690,Other
4691,pdnc,qID,Q755-0,Mlle. Polina,326454,326466,12,1041,17,M_4691,Other
4692,pdnc,qID,Q755-0,she,326497,326500,12,1041,17,M_4692,Other
4693,pdnc,qID,Q755-0,her,326549,326552,12,1041,17,M_4693,Other
4694,pdnc,qID,Q756-0,You,326566,326569,4,1042,17,M_4694,Other
4695,pdnc,qID,Q756-0,you,326594,326597,4,1042,17,M_4695,Other
4696,exp,exp_name,astley,Astley,326624,326630,10,1042,17,M_4696,PROPN
4697,pdnc,qID,Q756-1,your,326698,326702,4,1042,17,M_4697,Other
4698,pdnc,qID,Q758-0,you,326905,326908,4,1044,17,M_4698,Other
4699,pdnc,qID,Q758-0,you,326918,326921,4,1044,17,M_4699,Other
4700,pdnc,qID,Q759-0,you,327030,327033,4,1044,17,M_4700,Other
4701,pdnc,qID,Q759-1,you,327111,327114,4,1044,17,M_4701,Other
4702,pdnc,qID,Q759-1,her,327131,327134,12,1044,17,M_4702,Other
4703,pdnc,qID,Q759-1,you,327179,327182,4,1044,17,M_4703,Other
4704,pdnc,qID,Q759-1,you,327222,327225,4,1044,17,M_4704,Other
4705,pdnc,qID,Q759-1,her,327244,327247,12,1044,17,M_4705,Other
4706,pdnc,qID,Q759-1,your,327248,327252,4,1044,17,M_4706,Other
4707,pdnc,qID,Q759-1,your,327294,327298,4,1044,17,M_4707,Other
4708,pdnc,qID,Q759-1,her,327316,327319,12,1044,17,M_4708,Other
4709,pdnc,qID,Q761-0,poor unfortunate,327446,327462,4,1046,17,M_4709,Other
4710,exp,exp_name,astley,Astley,327475,327481,10,1046,17,M_4710,PROPN
4711,pdnc,qID,Q761-1,She,327484,327487,12,1046,17,M_4711,Other
4712,pdnc,qID,Q761-1,you,327499,327502,4,1046,17,M_4712,Other
4713,booknlp,COREF,54,I,327508,327509,10,1046,17,M_4713,Other
4714,pdnc,qID,Q761-1,you,327519,327522,4,1046,17,M_4714,Other
4715,pdnc,qID,Q761-1,you,327556,327559,4,1046,17,M_4715,Other
4716,booknlp,COREF,54,I,327586,327587,10,1046,17,M_4716,Other
4717,pdnc,qID,Q761-1,you,327606,327609,4,1046,17,M_4717,Other
4718,pdnc,qID,Q761-1,she,327615,327618,12,1046,17,M_4718,Other
4719,pdnc,qID,Q761-1,you,327631,327634,4,1046,17,M_4719,Other
4720,pdnc,qID,Q761-1,you,327636,327639,4,1046,17,M_4720,Other
4721,pdnc,qID,Q761-1,you,327681,327684,4,1046,17,M_4721,Other
4722,pdnc,qID,Q761-1,you,327695,327698,4,1046,17,M_4722,Other
4723,pdnc,qID,Q761-1,you,327756,327759,4,1046,17,M_4723,Other
4724,pdnc,qID,Q761-1,you,327796,327799,4,1046,17,M_4724,Other
4725,pdnc,qID,Q761-1,your,327834,327838,4,1046,17,M_4725,Other
4726,pdnc,qID,Q761-1,You,327875,327878,4,1046,17,M_4726,Other
4727,pdnc,qID,Q761-1,your,327910,327914,4,1046,17,M_4727,Other
4728,pdnc,qID,Q761-1,you,327945,327948,4,1046,17,M_4728,Other
4729,pdnc,qID,Q761-1,you,327954,327957,4,1046,17,M_4729,Other
4730,pdnc,qID,Q761-1,your,327977,327981,4,1046,17,M_4730,Other
4731,booknlp,COREF,54,I,328000,328001,10,1046,17,M_4731,Other
4732,pdnc,qID,Q761-1,you,328017,328020,4,1046,17,M_4732,Other
4733,booknlp,COREF,54,my,328033,328035,10,1046,17,M_4733,Other
4734,pdnc,qID,Q761-1,you,328063,328066,4,1046,17,M_4734,Other
4735,pdnc,qID,Q761-1,you,328182,328185,4,1046,17,M_4735,Other
4736,pdnc,qID,Q761-1,you,328291,328294,4,1046,17,M_4736,Other
4737,pdnc,qID,Q761-1,you,328416,328419,4,1046,17,M_4737,Other
4738,booknlp,COREF,54,I,328420,328421,10,1046,17,M_4738,Other
4739,pdnc,qID,Q761-1,You,328454,328457,4,1046,17,M_4739,Other
4740,booknlp,COREF,54,I,328480,328481,10,1046,17,M_4740,Other
4741,booknlp,COREF,54,I,328528,328529,10,1046,17,M_4741,Other
4742,pdnc,qID,Q761-1,you,328545,328548,4,1046,17,M_4742,Other
4743,pdnc,qID,Q761-1,you,328554,328557,4,1046,17,M_4743,Other
4744,pdnc,qID,Q762-0,Mr. Astley,328664,328674,10,1047,17,M_4744,PROPN
4745,pdnc,qID,Q763-1,you,328767,328770,4,1048,17,M_4745,Other
4746,pdnc,qID,Q763-1,you,328815,328818,4,1048,17,M_4746,Other
4747,pdnc,qID,Q763-1,you,328906,328909,4,1048,17,M_4747,Other
4748,pdnc,qID,Q763-1,your,328972,328976,4,1048,17,M_4748,Other
4749,pdnc,qID,Q763-1,you,329003,329006,4,1048,17,M_4749,Other
4750,pdnc,qID,Q763-1,you,329064,329067,4,1048,17,M_4750,Other
4751,pdnc,qID,Q763-1,you,329213,329216,4,1048,17,M_4751,Other
4752,pdnc,qID,Q763-1,you,329217,329220,4,1048,17,M_4752,Other
4753,pdnc,qID,Q763-1,you,329253,329256,4,1048,17,M_4753,Other
4754,pdnc,qID,Q764-0,you,329359,329362,10,1049,17,M_4754,Other
4755,exp,exp_name,polina,Polina,329508,329514,12,1052,17,M_4755,PROPN
4756,exp,exp_name,de griers,De Griers,329519,329528,8,1052,17,M_4756,PROPN
