,source,idColName,iden,text,startByte,endByte,pdncID,paraID,chapID,mID,mention_type
0,exp,exp_name,beaver,BEAVER,26,32,5,1,1,M_0,PROPN
1,exp,exp_name,mrs beaver,Mrs Beaver,92,102,75,3,1,M_1,PROPN
2,pdnc,qID,Q1-1,Sylvia Newport,549,563,86,3,1,M_2,PROPN
3,pdnc,qID,Q1-1,Mrs Shutter,635,646,73,3,1,M_3,PROPN
4,exp,exp_name,mrs beaver,Mrs Beaver,664,674,75,4,1,M_4,PROPN
5,pdnc,qID,Q2-0,you,847,850,5,5,1,M_5,Other
6,pdnc,qID,Q2-0,John,865,869,5,5,1,M_6,PROPN
7,pdnc,qID,Q2-0,You,871,874,5,5,1,M_7,Other
8,pdnc,qID,Q3-0,mumsy,968,973,75,6,1,M_8,Other
9,pdnc,qID,Q3-0,you,1002,1005,75,6,1,M_9,Other
10,pdnc,qID,Q4-0,my son,1028,1034,5,7,1,M_10,Other
11,exp,exp_name,john beaver,John Beaver,1094,1105,5,9,1,M_11,PROPN
12,booknlp,COREF,175,his,1117,1120,5,9,1,M_12,Other
13,booknlp,COREF,175,his,1186,1189,5,9,1,M_13,Other
14,exp,exp_name,mrs beaver,Mrs Beaver,1278,1288,75,9,1,M_14,PROPN
15,exp,exp_name,mrs beaver,Mrs Beaver,1507,1517,75,9,1,M_15,PROPN
16,exp,exp_name,beaver,Beaver,1563,1569,5,10,1,M_16,PROPN
17,booknlp,COREF,175,his,1651,1654,5,10,1,M_17,Other
18,booknlp,COREF,175,his,1707,1710,5,10,1,M_18,Other
19,booknlp,COREF,175,his,1785,1788,5,10,1,M_19,Other
20,booknlp,COREF,175,his,1822,1825,5,10,1,M_20,Other
21,booknlp,COREF,175,his,1904,1907,5,10,1,M_21,Other
22,booknlp,COREF,175,his,1960,1963,5,10,1,M_22,Other
23,exp,exp_name,beaver,Beaver,2324,2330,5,12,1,M_23,PROPN
24,booknlp,COREF,175,he,2335,2337,5,12,1,M_24,Other
25,booknlp,COREF,175,his,2376,2379,5,12,1,M_25,Other
26,booknlp,COREF,175,he,2385,2387,5,12,1,M_26,Other
27,booknlp,COREF,175,he,2408,2410,5,12,1,M_27,Other
28,booknlp,COREF,175,his,2419,2422,5,12,1,M_28,Other
29,booknlp,COREF,175,him,2443,2446,5,12,1,M_29,Other
30,booknlp,COREF,175,him,2520,2523,5,12,1,M_30,Other
31,booknlp,COREF,175,His,2554,2557,5,13,1,M_31,Other
32,booknlp,COREF,175,He,2638,2640,5,14,1,M_32,Other
33,booknlp,COREF,175,he,2721,2723,5,14,1,M_33,Other
34,booknlp,COREF,175,him,2814,2817,5,14,1,M_34,Other
35,booknlp,COREF,175,he,2828,2830,5,14,1,M_35,Other
36,booknlp,COREF,175,his,2856,2859,5,14,1,M_36,Other
37,exp,exp_name,mrs beaver,Mrs Beaver,2936,2946,75,15,1,M_37,PROPN
38,exp,exp_name,beaver,Beaver,3198,3204,5,15,1,M_38,PROPN
39,pdnc,qID,Q5-0,your ,3308,3313,5,16,1,M_39,Other
40,pdnc,qID,Q6-0,Audrey,3325,3331,46,17,1,M_40,Other
41,pdnc,qID,Q6-0,a woman called de Trommet,3460,3485,57,17,1,M_41,Other
42,pdnc,qID,Q7-0,you,3501,3504,5,18,1,M_42,Other
43,pdnc,qID,Q7-0,She,3521,3524,57,18,1,M_43,Other
44,pdnc,qID,Q7-0,her,3580,3583,57,18,1,M_44,Other
45,pdnc,qID,Q8-0,mumsy,3704,3709,75,19,1,M_45,Other
46,pdnc,qID,Q9-0,you,3754,3757,5,20,1,M_46,Other
47,pdnc,qID,Q11-0,Chambers,3907,3915,51,22,1,M_47,Other
48,pdnc,qID,Q11-0,she,3916,3919,51,22,1,M_48,Other
49,pdnc,qID,Q11-0,you,3938,3941,5,22,1,M_49,Other
50,pdnc,qID,Q11-0,you,3966,3969,5,22,1,M_50,Other
51,exp,exp_name,beaver,Beaver,4051,4057,5,24,1,M_51,PROPN
52,pdnc,qID,Q13-0,John,4194,4198,5,24,1,M_52,PROPN
53,pdnc,qID,Q13-0,darling,4200,4207,5,24,1,M_53,Other
54,pdnc,qID,Q13-0,Sonia,4235,4240,83,24,1,M_54,PROPN
55,pdnc,qID,Q13-0,Reggie,4261,4267,77,24,1,M_55,Other
56,pdnc,qID,Q13-0,you,4275,4278,5,24,1,M_56,Other
57,pdnc,qID,Q13-0,we,4331,4333,83,24,1,M_57,Other
58,pdnc,qID,Q14-0,you,4569,4572,5,25,1,M_58,Other
59,pdnc,qID,Q17-0,Tony Last,4636,4645,35,28,1,M_59,Other
60,pdnc,qID,Q18-0,She,4666,4669,7,29,1,M_60,Other
61,pdnc,qID,Q18-0,he,4680,4682,35,29,1,M_61,Other
62,pdnc,qID,Q18-0,you,4715,4718,5,29,1,M_62,Other
63,pdnc,qID,Q19-0,Tony ,4755,4760,35,30,1,M_63,PROPN
64,pdnc,qID,Q19-0,He,4797,4799,35,30,1,M_64,Other
65,pdnc,qID,Q20-0,you ,4963,4967,5,31,1,M_65,Other
66,pdnc,qID,Q21-0,their,5009,5014,35,32,1,M_66,Other
67,pdnc,qID,Q22-0,her,5041,5044,7,33,1,M_67,Other
68,pdnc,qID,Q22-0,she,5064,5067,7,33,1,M_68,Other
69,pdnc,qID,Q22-0,She,5077,5080,7,33,1,M_69,Other
70,pdnc,qID,Q22-0,"Brenda Rex, Lord St Cloud's daughter",5085,5121,7,33,1,M_70,Other
71,pdnc,qID,Q22-0,her,5179,5182,7,33,1,M_71,Other
72,pdnc,qID,Q22-0,she,5188,5191,7,33,1,M_72,Other
73,pdnc,qID,Q22-0,she,5221,5224,7,33,1,M_73,Other
74,pdnc,qID,Q22-0,Jock Grant-Menzies,5237,5255,11,33,1,M_74,Other
75,pdnc,qID,Q22-0,Tony Last,5279,5288,35,33,1,M_75,Other
76,pdnc,qID,Q22-0,he,5290,5292,35,33,1,M_76,Other
77,pdnc,qID,Q22-0,she,5328,5331,7,33,1,M_77,Other
78,pdnc,qID,Q23-0,Mumsy,5565,5570,75,34,1,M_78,PROPN
79,pdnc,qID,Q23-0,you,5572,5575,75,34,1,M_79,Other
80,pdnc,qID,Q23-0,you,5601,5604,75,34,1,M_80,Other
81,exp,exp_name,mrs beaver,Mrs Beaver,5709,5719,75,36,1,M_81,PROPN
82,exp,exp_name,unknown,unknown,5897,5904,36,36,1,M_82,PROPN
83,exp,exp_name,mrs beaver,Mrs Beaver,5979,5989,75,36,1,M_83,PROPN
84,pdnc,qID,Q25-1,you,6327,6330,61,37,1,M_84,Other
85,pdnc,qID,Q25-1,Joyce,6354,6359,61,37,1,M_85,PROPN
86,pdnc,qID,Q25-1,you,6375,6378,61,37,1,M_86,Other
87,pdnc,qID,Q26-0,you,6422,6425,75,38,1,M_87,Other
88,pdnc,qID,Q26-0,Mrs Beaver,6427,6437,75,38,1,M_88,PROPN
89,exp,exp_name,mrs beaver,Mrs Beaver,6499,6509,75,39,1,M_89,PROPN
90,exp,exp_name,mrs beaver,Mrs Beaver,6643,6653,75,39,1,M_90,PROPN
91,exp,exp_name,beaver,Beaver,6662,6668,5,40,1,M_91,PROPN
92,pdnc,qID,Q27-0,Mr Beaver,6730,6739,5,40,1,M_92,PROPN
93,pdnc,qID,Q27-0,you,6746,6749,5,40,1,M_93,Other
94,pdnc,qID,Q27-0,sir,6772,6775,5,40,1,M_94,PROPN
95,pdnc,qID,Q27-0,Mrs Tipping,6777,6788,74,40,1,M_95,Other
96,pdnc,qID,Q27-0,you,6812,6815,5,40,1,M_96,Other
97,exp,exp_name,mrs tipping,Mrs Tipping,6877,6888,74,41,1,M_97,PROPN
98,booknlp,COREF,192,her,7027,7030,74,41,1,M_98,Other
99,pdnc,qID,Q28-0,Mr Beaver,7061,7070,5,42,1,M_99,PROPN
100,pdnc,qID,Q28-0,you,7099,7102,5,42,1,M_100,Other
101,booknlp,COREF,191,you,7127,7130,5,42,1,M_101,Other
102,pdnc,qID,Q28-0,you,7176,7179,5,42,1,M_102,Other
103,pdnc,qID,Q28-0,Madame de Trommet,7211,7228,57,42,1,M_103,Other
104,pdnc,qID,Q28-0,The one with the reddish moustache,7232,7266,11,42,1,M_104,Other
105,pdnc,qID,Q28-0,he,7276,7278,11,42,1,M_105,Other
106,booknlp,COREF,192,I,7301,7302,74,43,1,M_106,Other
107,pdnc,qID,Q29-0,you,7310,7313,74,43,1,M_107,Other
108,pdnc,qID,Q29-0,Jock Grant-Menzies,7319,7337,11,43,1,M_108,Other
109,pdnc,qID,Q30-0,You,7364,7367,5,44,1,M_109,Other
110,pdnc,qID,Q30-0,him,7410,7413,11,44,1,M_110,Other
111,pdnc,qID,Q30-0,you,7418,7421,5,44,1,M_111,Other
112,pdnc,qID,Q31-0,He,7426,7428,11,45,1,M_112,Other
113,booknlp,COREF,192,I,7447,7448,74,45,1,M_113,Other
114,pdnc,qID,Q31-0,he,7463,7465,11,45,1,M_114,Other
115,pdnc,qID,Q31-0,You ,7485,7489,74,45,1,M_115,Other
116,pdnc,qID,Q31-0,him,7510,7513,11,45,1,M_116,Other
117,pdnc,qID,Q31-0,He,7539,7541,11,45,1,M_117,Other
118,pdnc,qID,Q32-0,Jock Grant-Menzies,7568,7586,11,46,1,M_118,Other
119,pdnc,qID,Q32-0,you,7608,7611,5,46,1,M_119,Other
120,pdnc,qID,Q32-0,you,7644,7647,5,46,1,M_120,Other
121,pdnc,qID,Q32-0,you,7656,7659,5,46,1,M_121,Other
122,exp,exp_name,beaver,Beaver,7758,7764,5,48,1,M_122,PROPN
123,exp,exp_name,beaver,Beaver,8699,8705,5,51,1,M_123,PROPN
124,exp,exp_name,jock grant-menzies,Jock Grant-Menzies,8867,8885,11,52,1,M_124,PROPN
125,exp,exp_name,jock,Jock,8948,8952,11,52,1,M_125,PROPN
126,exp,exp_name,beaver,Beaver,9141,9147,5,52,1,M_126,PROPN
127,exp,exp_name,jock,Jock,9218,9222,11,52,1,M_127,PROPN
128,exp,exp_name,beaver,Beaver,9242,9248,5,52,1,M_128,PROPN
129,pdnc,qID,Q33-0,old boy,9257,9264,5,52,1,M_129,Other
130,booknlp,COREF,187,he,9267,9269,11,52,1,M_130,Other
131,pdnc,qID,Q33-1,you,9286,9289,5,52,1,M_131,Other
132,exp,exp_name,beaver,Beaver,9320,9326,5,53,1,M_132,PROPN
133,booknlp,COREF,187,his,9337,9340,11,53,1,M_133,Other
134,exp,exp_name,jock,Jock,9407,9411,11,54,1,M_134,PROPN
135,exp,exp_name,the barman,the barman,9422,9432,87,54,1,M_135,PROPN
136,pdnc,qID,Q36-0,the old girl,9458,9470,74,55,1,M_136,Other
137,pdnc,qID,Q36-0,you,9471,9474,5,55,1,M_137,Other
138,booknlp,COREF,187,me,9485,9487,11,55,1,M_138,Other
139,pdnc,qID,Q37-0,She,9517,9520,74,56,1,M_139,Other
140,pdnc,qID,Q37-0,Mrs Tipping,9530,9541,74,56,1,M_140,Other
141,booknlp,COREF,187,I,9546,9547,11,57,1,M_141,Other
142,pdnc,qID,Q38-0,she,9556,9559,74,57,1,M_142,Other
143,booknlp,COREF,187,me,9598,9600,11,57,1,M_143,Other
144,booknlp,COREF,187,me,9664,9666,11,57,1,M_144,Other
145,pdnc,qID,Q38-0,her,9681,9684,74,57,1,M_145,Other
146,pdnc,qID,Q39-0,you ,9693,9697,11,58,1,M_146,Other
147,booknlp,COREF,187,I,9711,9712,11,59,1,M_147,Other
148,booknlp,COREF,187,I,9750,9751,11,59,1,M_148,Other
149,booknlp,COREF,187,I,9765,9766,11,59,1,M_149,Other
150,booknlp,COREF,187,I,9779,9780,11,59,1,M_150,Other
151,exp,exp_name,the barman,The barman,9804,9814,87,60,1,M_151,PROPN
152,pdnc,qID,Q41-0,Mr Beaver,9839,9848,5,61,1,M_152,PROPN
153,pdnc,qID,Q41-0,sir,9850,9853,5,61,1,M_153,PROPN
154,pdnc,qID,Q41-0,you,9885,9888,5,61,1,M_154,Other
155,booknlp,COREF,439,my,9892,9894,87,61,1,M_155,Other
156,pdnc,qID,Q42-0,you,9930,9933,87,62,1,M_156,Other
157,pdnc,qID,Q42-0,Macdougal,9935,9944,87,62,1,M_157,PROPN
158,booknlp,COREF,439,me,9953,9955,87,62,1,M_158,Other
159,pdnc,qID,Q42-0,you,9972,9975,87,62,1,M_159,Other
160,pdnc,qID,Q43-0,sir,9991,9994,5,63,1,M_160,PROPN
161,exp,exp_name,beaver,Beaver,9998,10004,5,64,1,M_161,PROPN
162,booknlp,COREF,191,I,10012,10013,5,64,1,M_162,Other
163,pdnc,qID,Q45-0,you,10050,10053,5,65,1,M_163,Other
164,pdnc,qID,Q45-0,Tony ,10064,10069,35,65,1,M_164,PROPN
165,pdnc,qID,Q45-0,Brenda ,10073,10080,7,65,1,M_165,PROPN
166,booknlp,COREF,439,my,10080,10082,87,65,1,M_166,Other
167,pdnc,qID,Q51-0,You,10341,10344,5,71,1,M_167,Other
168,booknlp,COREF,191,I,10381,10382,5,72,1,M_168,Other
169,pdnc,qID,Q52-0,Brenda,10396,10402,7,72,1,M_169,PROPN
170,pdnc,qID,Q53-0,You,10407,10410,5,73,1,M_170,Other
171,pdnc,qID,Q53-0,her,10419,10422,7,73,1,M_171,Other
172,pdnc,qID,Q53-0,she,10424,10427,7,73,1,M_172,Other
173,booknlp,COREF,439,I,10444,10445,87,73,1,M_173,Other
174,pdnc,qID,Q53-0,Tony Last,10458,10467,35,73,1,M_174,Other
175,booknlp,COREF,439,I,10494,10495,87,73,1,M_175,Other
176,pdnc,qID,Q53-0,He,10502,10504,35,73,1,M_176,Other
177,pdnc,qID,Q53-0,he,10555,10557,35,73,1,M_177,Other
178,pdnc,qID,Q54-0,You,10631,10634,11,74,1,M_178,Other
179,pdnc,qID,Q54-0,you,10674,10677,11,74,1,M_179,Other
180,booknlp,COREF,191,I,10679,10680,5,74,1,M_180,Other
181,booknlp,COREF,191,I,10698,10699,5,74,1,M_181,Other
182,booknlp,COREF,439,I,10732,10733,87,75,1,M_182,Other
183,booknlp,COREF,439,I,10741,10742,87,75,1,M_183,Other
184,booknlp,COREF,191,I,10855,10856,5,78,1,M_184,Other
185,booknlp,COREF,191,I,10874,10875,5,78,1,M_185,Other
186,booknlp,COREF,191,You,10899,10902,5,78,1,M_186,Other
187,exp,exp_name,beaver,Beaver,10925,10931,5,79,1,M_187,PROPN
188,booknlp,COREF,194,I,10951,10952,87,80,1,M_188,Other
189,booknlp,COREF,194,I,10959,10960,87,80,1,M_189,Other
190,pdnc,qID,Q60-0,Macdougal,10985,10994,87,81,1,M_190,PROPN
191,exp,exp_name,macdougal,Macdougal,11016,11025,87,82,1,M_191,PROPN
192,booknlp,COREF,194,I,11039,11040,87,82,1,M_192,Other
193,pdnc,qID,Q61-0,you,11054,11057,5,82,1,M_193,Other
194,pdnc,qID,Q61-0,sir,11059,11062,5,82,1,M_194,PROPN
195,pdnc,qID,Q62-0,you,11075,11078,87,83,1,M_195,Other
196,exp,exp_name,jock,Jock,11106,11110,11,84,1,M_196,PROPN
197,booknlp,COREF,187,I,11118,11119,11,84,1,M_197,Other
198,pdnc,qID,Q63-0,Beaver ,11125,11132,5,84,1,M_198,PROPN
199,pdnc,qID,Q64-0,He,11152,11154,5,85,1,M_199,Other
200,pdnc,qID,Q65-0,He,11181,11183,5,86,1,M_200,Other
201,booknlp,COREF,187,me,11275,11277,11,88,1,M_201,Other
202,booknlp,COREF,187,my,11294,11296,11,88,1,M_202,Other
203,exp,exp_name,beaver,Beaver,11369,11375,5,90,1,M_203,PROPN
204,booknlp,COREF,191,he,11430,11432,5,90,1,M_204,Other
205,exp,exp_name,the porter,the porter,11438,11448,93,90,1,M_205,PROPN
206,booknlp,COREF,191,his,11460,11463,5,90,1,M_206,Other
207,booknlp,COREF,191,him,11506,11509,5,90,1,M_207,Other
208,pdnc,qID,Q68-0,Mrs Tipping,11513,11524,74,91,1,M_208,Other
209,pdnc,qID,Q68-0,you,11569,11572,5,91,1,M_209,Other
210,pdnc,qID,Q68-0,her,11601,11604,74,91,1,M_210,Other
211,pdnc,qID,Q69-0,you,11621,11624,93,92,1,M_211,Other
212,pdnc,qID,Q69-0,her,11630,11633,74,92,1,M_212,Other
213,booknlp,COREF,191,I,11650,11651,5,92,1,M_213,Other
214,booknlp,COREF,191,I,11684,11685,5,92,1,M_214,Other
215,booknlp,COREF,191,he,11752,11754,5,93,1,M_215,Other
216,exp,exp_name,tony last,Tony Last,12324,12333,35,97,3,M_216,PROPN
217,booknlp,COREF,184,His,12388,12391,35,97,3,M_217,Other
218,exp,exp_name,aunt frances,Aunt Frances,12392,12404,58,97,3,M_218,PROPN
219,booknlp,COREF,184,his,12547,12550,35,97,3,M_219,Other
220,exp,exp_name,tony,Tony,12657,12661,35,97,3,M_220,PROPN
221,booknlp,COREF,184,he,12685,12687,35,97,3,M_221,Other
222,booknlp,COREF,184,he,12807,12809,35,97,3,M_222,Other
223,booknlp,COREF,184,he,13664,13666,35,97,3,M_223,Other
224,exp,exp_name,brenda,Brenda,14011,14017,7,97,3,M_224,PROPN
225,exp,exp_name,tony,Tony,14351,14355,35,97,3,M_225,PROPN
226,exp,exp_name,john andrew,John Andrew,14583,14594,12,98,3,M_226,PROPN
227,exp,exp_name,tony,Tony,15421,15425,35,100,3,M_227,PROPN
228,booknlp,COREF,184,He,15490,15492,35,100,3,M_228,Other
229,booknlp,COREF,184,his,15611,15614,35,101,3,M_229,Other
230,booknlp,COREF,184,he,15626,15628,35,101,3,M_230,Other
231,booknlp,COREF,184,He,15653,15655,35,101,3,M_231,Other
232,booknlp,COREF,184,he,15683,15685,35,101,3,M_232,Other
233,booknlp,COREF,184,his,15722,15725,35,101,3,M_233,Other
234,booknlp,COREF,184,his,15786,15789,35,101,3,M_234,Other
235,booknlp,COREF,184,he,15795,15797,35,101,3,M_235,Other
236,booknlp,COREF,184,He,15825,15827,35,101,3,M_236,Other
237,booknlp,COREF,184,he,15866,15868,35,101,3,M_237,Other
238,booknlp,COREF,184,his,15989,15992,35,101,3,M_238,Other
239,booknlp,COREF,184,his,16143,16146,35,101,3,M_239,Other
240,booknlp,COREF,184,his,16282,16285,35,101,3,M_240,Other
241,booknlp,COREF,184,his,16337,16340,35,101,3,M_241,Other
242,exp,exp_name,brenda,Brenda,16356,16362,7,101,3,M_242,PROPN
243,booknlp,COREF,184,he,16385,16387,35,101,3,M_243,Other
244,exp,exp_name,brenda,Brenda,16427,16433,7,101,3,M_244,PROPN
245,exp,exp_name,john,John,16439,16443,5,101,3,M_245,PROPN
246,booknlp,COREF,184,his,16524,16527,35,101,3,M_246,Other
247,exp,exp_name,tony,Tony,16830,16834,35,103,3,M_247,PROPN
248,booknlp,COREF,184,his,16895,16898,35,103,3,M_248,Other
249,booknlp,COREF,184,he,16913,16915,35,103,3,M_249,Other
250,pdnc,qID,Q70-0,her ladyship,16937,16949,7,104,3,M_250,Other
251,booknlp,COREF,184,I,17015,17016,35,106,3,M_251,Other
252,pdnc,qID,Q71-0,her,17038,17041,7,106,3,M_252,Other
253,booknlp,COREF,184,He,17050,17052,35,107,3,M_253,Other
254,booknlp,COREF,184,his,17060,17063,35,107,3,M_254,Other
255,exp,exp_name,brenda,Brenda,17125,17131,7,108,3,M_255,PROPN
256,exp,exp_name,tony,Tony,17460,17464,35,110,3,M_256,PROPN
257,booknlp,COREF,184,He,17476,17478,35,112,3,M_257,Other
258,booknlp,COREF,184,him,17540,17543,35,112,3,M_258,Other
259,booknlp,COREF,184,his,17647,17650,35,112,3,M_259,Other
260,booknlp,COREF,184,He,17717,17719,35,114,3,M_260,Other
261,exp,exp_name,mama,Mama,17757,17761,62,115,3,M_261,PROPN
262,exp,exp_name,nanny,nanny,17768,17773,76,115,3,M_262,PROPN
263,pdnc,qID,Q75-0,John,17782,17786,12,115,3,M_263,PROPN
264,booknlp,COREF,2412,She,17803,17806,76,115,3,M_264,Other
265,pdnc,qID,Q75-0,him,17818,17821,12,115,3,M_265,Other
266,exp,exp_name,the mayor,the mayor,17851,17860,92,115,3,M_266,PROPN
267,pdnc,qID,Q76-0,you,17930,17933,7,116,3,M_267,Other
268,pdnc,qID,Q76-0,haven't ,17947,17955,7,116,3,M_268,Other
269,pdnc,qID,Q77-0,you,18003,18006,35,117,3,M_269,Other
270,pdnc,qID,Q77-0,Angela ,18099,18106,44,117,3,M_270,PROPN
271,pdnc,qID,Q78-0,her,18166,18169,44,118,3,M_271,Other
272,pdnc,qID,Q80-0,You,18244,18247,7,120,3,M_272,Other
273,pdnc,qID,Q80-0,you,18254,18257,7,120,3,M_273,Other
274,pdnc,qID,Q83-0,Darling,18470,18477,35,123,3,M_274,Other
275,exp,exp_name,brenda,Brenda,18628,18634,7,124,3,M_275,PROPN
276,pdnc,qID,Q85-0,Darling,18919,18926,35,125,3,M_276,Other
277,pdnc,qID,Q85-0,you,18932,18935,35,125,3,M_277,Other
278,pdnc,qID,Q85-0,you,18941,18944,35,125,3,M_278,Other
279,exp,exp_name,brenda,Brenda,19010,19016,7,127,3,M_279,PROPN
280,pdnc,qID,Q87-0,Reggie,19047,19053,77,127,3,M_280,Other
281,pdnc,qID,Q87-0,Babe,19127,19131,47,127,3,M_281,Other
282,pdnc,qID,Q87-0,Jock,19136,19140,11,127,3,M_282,Other
283,pdnc,qID,Q87-0,you,19210,19213,35,127,3,M_283,Other
284,pdnc,qID,Q87-1,you,19456,19459,35,127,3,M_284,Other
285,pdnc,qID,Q87-1,Sylvia ,19486,19493,86,127,3,M_285,PROPN
286,pdnc,qID,Q87-1,Rupert ,19498,19505,103,127,3,M_286,Other
287,pdnc,qID,Q88-0,you,19540,19543,7,128,3,M_287,Other
288,pdnc,qID,Q88-0,she,19549,19552,86,128,3,M_288,Other
289,pdnc,qID,Q88-0,Rupert,19574,19580,103,128,3,M_289,Other
290,pdnc,qID,Q89-0,Rupert ,19627,19634,103,129,3,M_290,Other
291,pdnc,qID,Q89-0,you,19670,19673,35,129,3,M_291,Other
292,pdnc,qID,Q90-0,you,19698,19701,7,130,3,M_292,Other
293,pdnc,qID,Q93-0,you,19865,19868,35,133,3,M_293,Other
294,pdnc,qID,Q94-0,you,19892,19895,7,134,3,M_294,Other
295,booknlp,COREF,184,I,20055,20056,35,136,3,M_295,Other
296,booknlp,COREF,184,I,20084,20085,35,136,3,M_296,Other
297,booknlp,COREF,184,I,20196,20197,35,136,3,M_297,Other
298,pdnc,qID,Q96-0,John ,20203,20208,12,136,3,M_298,PROPN
299,booknlp,COREF,184,me,20241,20243,35,136,3,M_299,Other
300,exp,exp_name,tony,Tony,20391,20395,35,136,3,M_300,PROPN
301,booknlp,COREF,184,his,20413,20416,35,136,3,M_301,Other
302,exp,exp_name,brenda,Brenda,20447,20453,7,136,3,M_302,PROPN
303,booknlp,COREF,184,I,20592,20593,35,138,3,M_303,Other
304,booknlp,COREF,184,I,20602,20603,35,138,3,M_304,Other
305,pdnc,qID,Q99-0,You,20717,20720,35,139,3,M_305,Other
306,exp,exp_name,brenda,Brenda,20752,20758,7,141,3,M_306,PROPN
307,exp,exp_name,tony,Tony,20917,20921,35,142,3,M_307,PROPN
308,exp,exp_name,brenda,Brenda,20926,20932,7,142,3,M_308,PROPN
309,exp,exp_name,john andrew,John Andrew,21284,21295,12,144,3,M_309,PROPN
310,exp,exp_name,ben,Ben,21349,21352,6,144,3,M_310,PROPN
311,booknlp,COREF,212,his,21403,21406,6,144,3,M_311,Other
312,exp,exp_name,reggie,Reggie,21433,21439,77,144,3,M_312,PROPN
313,exp,exp_name,john,John,21448,21452,5,144,3,M_313,PROPN
314,exp,exp_name,ben,Ben,21554,21557,6,144,3,M_314,PROPN
315,exp,exp_name,ben,Ben,21608,21611,6,144,3,M_315,PROPN
316,exp,exp_name,ben,Ben,21774,21777,6,144,3,M_316,PROPN
317,booknlp,COREF,212,he,21784,21786,6,144,3,M_317,Other
318,booknlp,COREF,212,himself,21794,21801,6,144,3,M_318,Other
319,exp,exp_name,ben,Ben,21844,21847,6,144,3,M_319,PROPN
320,booknlp,COREF,212,he,21932,21934,6,144,3,M_320,Other
321,booknlp,COREF,212,he,22022,22024,6,144,3,M_321,Other
322,exp,exp_name,john,John,22125,22129,5,144,3,M_322,PROPN
323,exp,exp_name,ben,Ben,22319,22322,6,145,3,M_323,PROPN
324,exp,exp_name,john,John,22382,22386,5,145,3,M_324,PROPN
325,booknlp,COREF,212,He,22479,22481,6,146,3,M_325,Other
326,booknlp,COREF,212,his,22556,22559,6,146,3,M_326,Other
327,exp,exp_name,nanny,Nanny,22618,22623,76,146,3,M_327,PROPN
328,booknlp,COREF,217,her,22658,22661,76,146,3,M_328,Other
329,exp,exp_name,ben,Ben,22734,22737,6,146,3,M_329,PROPN
330,booknlp,COREF,212,he,22804,22806,6,146,3,M_330,Other
331,booknlp,COREF,212,his,22886,22889,6,146,3,M_331,Other
332,booknlp,COREF,212,He,22938,22940,6,146,3,M_332,Other
333,exp,exp_name,tony,Tony,23012,23016,35,147,3,M_333,PROPN
334,exp,exp_name,brenda,Brenda,23021,23027,7,147,3,M_334,PROPN
335,exp,exp_name,john,John,23062,23066,5,147,3,M_335,PROPN
336,exp,exp_name,ben,Ben,23083,23086,6,147,3,M_336,PROPN
337,booknlp,COREF,212,himself,23139,23146,6,147,3,M_337,Other
338,exp,exp_name,mr last,Mr Last,23182,23189,25,147,3,M_338,PROPN
339,exp,exp_name,ben,Ben,23222,23225,6,148,3,M_339,PROPN
340,booknlp,COREF,212,he,23301,23303,6,148,3,M_340,Other
341,pdnc,qID,Q102-0,you,23451,23454,12,149,3,M_341,Other
342,exp,exp_name,john,John,23664,23668,5,150,3,M_342,PROPN
343,exp,exp_name,ben,Ben,23774,23777,6,150,3,M_343,PROPN
344,pdnc,qID,Q103-0,you,23797,23800,12,150,3,M_344,Other
345,booknlp,COREF,212,your,23809,23813,6,150,3,M_345,Other
346,pdnc,qID,Q103-0,you,23880,23883,12,150,3,M_346,Other
347,booknlp,COREF,212,He,23899,23901,6,150,3,M_347,Other
348,exp,exp_name,john,John,23909,23913,5,150,3,M_348,PROPN
349,exp,exp_name,nanny,Nanny,23925,23930,76,151,3,M_349,PROPN
350,booknlp,COREF,217,her,23972,23975,76,151,3,M_350,Other
351,exp,exp_name,john,John,23985,23989,5,152,3,M_351,PROPN
352,exp,exp_name,ben,Ben,24082,24085,6,153,3,M_352,PROPN
353,exp,exp_name,john,John,24106,24110,5,153,3,M_353,PROPN
354,exp,exp_name,ben,Ben,24149,24152,6,153,3,M_354,PROPN
355,booknlp,COREF,212,his,24160,24163,6,153,3,M_355,Other
356,exp,exp_name,john,John,24210,24214,5,153,3,M_356,PROPN
357,exp,exp_name,nanny,Nanny,24274,24279,76,154,3,M_357,PROPN
358,pdnc,qID,Q105-0,Mr Hacket,24317,24326,6,154,3,M_358,PROPN
359,pdnc,qID,Q105-0,he,24331,24333,12,154,3,M_359,Other
360,pdnc,qID,Q106-0,He,24343,24345,12,155,3,M_360,Other
361,exp,exp_name,ben,Ben,24365,24368,6,155,3,M_361,PROPN
362,exp,exp_name,john,John,24393,24397,5,156,3,M_362,PROPN
363,booknlp,COREF,217,she,24408,24411,76,156,3,M_363,Other
364,booknlp,COREF,217,my,24447,24449,76,157,3,M_364,Other
365,pdnc,qID,Q108-0,You,24463,24466,12,157,3,M_365,Other
366,pdnc,qID,Q108-0,You,24552,24555,12,157,3,M_366,Other
367,exp,exp_name,john,John,24605,24609,5,158,3,M_367,PROPN
368,pdnc,qID,Q109-0,You,24793,24796,12,159,3,M_368,Other
369,exp,exp_name,john,John,24858,24862,5,160,3,M_369,PROPN
370,exp,exp_name,nanny,nanny,24911,24916,76,160,3,M_370,PROPN
371,exp,exp_name,nanny,Nanny,25010,25015,76,160,3,M_371,PROPN
372,exp,exp_name,ben,Ben,25068,25071,6,161,3,M_372,PROPN
373,pdnc,qID,Q111-0,you,25090,25093,12,161,3,M_373,Other
374,pdnc,qID,Q112-0,Mr Hacket,25146,25155,6,162,3,M_374,PROPN
375,pdnc,qID,Q113-0,miss,25174,25178,76,163,3,M_375,Other
376,pdnc,qID,Q114-0,Ben,25193,25196,6,164,3,M_376,PROPN
377,booknlp,COREF,217,I,25202,25203,76,164,3,M_377,Other
378,pdnc,qID,Q114-0,you,25217,25220,6,164,3,M_378,Other
379,booknlp,COREF,212,me,25275,25277,6,165,3,M_379,Other
380,pdnc,qID,Q115-0,You,25286,25289,12,165,3,M_380,Other
381,pdnc,qID,Q115-0,nanny,25299,25304,76,165,3,M_381,Other
382,pdnc,qID,Q115-0,you,25311,25314,12,165,3,M_382,Other
383,pdnc,qID,Q115-0,you,25368,25371,12,165,3,M_383,Other
384,booknlp,COREF,212,me,25384,25386,6,165,3,M_384,Other
385,pdnc,qID,Q116-0,nanny,25423,25428,76,166,3,M_385,Other
386,booknlp,COREF,217,I,25434,25435,76,166,3,M_386,Other
387,pdnc,qID,Q117-0,You,25440,25443,12,167,3,M_387,Other
388,pdnc,qID,Q117-0,mother,25453,25459,7,167,3,M_388,Other
389,pdnc,qID,Q117-0,you,25477,25480,12,167,3,M_389,Other
390,exp,exp_name,john,John,25562,25566,5,168,3,M_390,PROPN
391,exp,exp_name,nanny,Nanny,25670,25675,76,170,3,M_391,PROPN
392,exp,exp_name,ben,Ben,25814,25817,6,170,3,M_392,PROPN
393,booknlp,COREF,212,your,25927,25931,6,174,3,M_393,Other
394,pdnc,qID,Q128-0,Silly old tart,25972,25986,76,175,3,M_394,Other
395,pdnc,qID,Q129-0,John,25992,25996,12,176,3,M_395,PROPN
396,pdnc,qID,Q129-0,you,26008,26011,12,176,3,M_396,Other
397,pdnc,qID,Q129-0,you,26021,26024,12,176,3,M_397,Other
398,exp,exp_name,john,John,26072,26076,5,177,3,M_398,PROPN
399,booknlp,COREF,217,her,26093,26096,76,177,3,M_399,Other
400,booknlp,COREF,217,her,26125,26128,76,177,3,M_400,Other
401,pdnc,qID,Q130-0,Silly old tart,26139,26153,76,177,3,M_401,Other
402,pdnc,qID,Q130-0,silly old tart,26155,26169,76,177,3,M_402,Other
403,pdnc,qID,Q131-1,your mother,26384,26395,7,178,3,M_403,Other
404,pdnc,qID,Q131-1,you,26402,26405,12,178,3,M_404,Other
405,pdnc,qID,Q132-0,nanny,26418,26423,76,179,3,M_405,Other
406,exp,exp_name,brenda,Brenda,26564,26570,7,182,3,M_406,PROPN
407,pdnc,qID,Q134-0,Ben Hacket,26623,26633,6,183,3,M_407,PROPN
408,pdnc,qID,Q134-0,him,26651,26654,12,183,3,M_408,Other
409,pdnc,qID,Q134-0,my lady,26664,26671,7,183,3,M_409,Other
410,pdnc,qID,Q134-0,him,26709,26712,12,183,3,M_410,Other
411,exp,exp_name,brenda,Brenda,26716,26722,7,184,3,M_411,PROPN
412,pdnc,qID,Q135-0,nanny,26752,26757,76,184,3,M_412,Other
413,pdnc,qID,Q135-0,he,26776,26778,12,184,3,M_413,Other
414,pdnc,qID,Q136-0,my lady,26813,26820,7,185,3,M_414,Other
415,pdnc,qID,Q137-0,you,26835,26838,76,186,3,M_415,Other
416,pdnc,qID,Q138-0,he,26953,26955,12,187,3,M_416,Other
417,pdnc,qID,Q138-0,my lady,26984,26991,7,187,3,M_417,Other
418,exp,exp_name,brenda,Brenda,26995,27001,7,188,3,M_418,PROPN
419,pdnc,qID,Q139-0,He,27040,27042,12,188,3,M_419,Other
420,pdnc,qID,Q140-0,He,27071,27073,12,189,3,M_420,Other
421,pdnc,qID,Q141-0,you,27154,27157,76,190,3,M_421,Other
422,pdnc,qID,Q142-0,you,27196,27199,7,191,3,M_422,Other
423,pdnc,qID,Q142-0,my lady,27201,27208,7,191,3,M_423,Other
424,pdnc,qID,Q142-0,Ben Hacket,27292,27302,6,191,3,M_424,PROPN
425,pdnc,qID,Q142-0,the child,27313,27322,12,191,3,M_425,Other
426,pdnc,qID,Q142-0,his,27353,27356,12,191,3,M_426,Other
427,pdnc,qID,Q142-0,He,27386,27388,12,191,3,M_427,Other
428,pdnc,qID,Q143-0,nanny,27457,27462,76,192,3,M_428,Other
429,pdnc,qID,Q143-0,Mr Last,27478,27485,12,192,3,M_429,PROPN
430,exp,exp_name,tony,Tony,27511,27515,35,193,3,M_430,PROPN
431,pdnc,qID,Q144-0,Darling,27559,27566,35,193,3,M_431,Other
432,pdnc,qID,Q144-1,you,27581,27584,35,193,3,M_432,Other
433,pdnc,qID,Q144-1,him,27600,27603,12,193,3,M_433,Other
434,pdnc,qID,Q144-1,You,27605,27608,35,193,3,M_434,Other
435,exp,exp_name,john,John,27775,27779,5,195,3,M_435,PROPN
436,pdnc,qID,Q145-1,Ben ,27812,27816,6,195,3,M_436,PROPN
437,pdnc,qID,Q146-0,he,27850,27852,6,196,3,M_437,Other
438,pdnc,qID,Q147-0,Ben ,27885,27889,6,197,3,M_438,PROPN
439,pdnc,qID,Q147-0,he,27939,27941,6,197,3,M_439,Other
440,pdnc,qID,Q148-0,you,27966,27969,12,198,3,M_440,Other
441,pdnc,qID,Q148-0,you,27975,27978,12,198,3,M_441,Other
442,pdnc,qID,Q148-0,him,27990,27993,6,198,3,M_442,Other
443,pdnc,qID,Q148-0,your mother,28004,28015,7,198,3,M_443,Other
444,exp,exp_name,tony,Tony,28044,28048,35,200,3,M_444,PROPN
445,booknlp,COREF,219,he,28126,28128,35,200,3,M_445,Other
446,pdnc,qID,Q150-0,John,28162,28166,12,200,3,M_446,PROPN
447,pdnc,qID,Q150-0,you,28189,28192,12,200,3,M_447,Other
448,pdnc,qID,Q150-0,nanny ,28201,28207,76,200,3,M_448,Other
449,pdnc,qID,Q150-0,her,28257,28260,76,200,3,M_449,Other
450,pdnc,qID,Q150-0,she,28286,28289,76,200,3,M_450,Other
451,pdnc,qID,Q150-0,you,28299,28302,12,200,3,M_451,Other
452,pdnc,qID,Q151-0,She,28317,28320,76,201,3,M_452,Other
453,pdnc,qID,Q152-0,you,28367,28370,12,202,3,M_453,Other
454,pdnc,qID,Q152-0,your,28405,28409,12,202,3,M_454,Other
455,pdnc,qID,Q152-0,You,28496,28499,12,202,3,M_455,Other
456,pdnc,qID,Q152-0,you,28522,28525,12,202,3,M_456,Other
457,pdnc,qID,Q152-0,you,28597,28600,12,202,3,M_457,Other
458,pdnc,qID,Q152-0,You,28602,28605,12,202,3,M_458,Other
459,pdnc,qID,Q152-0,you,28725,28728,12,202,3,M_459,Other
460,pdnc,qID,Q152-0,you,28753,28756,12,202,3,M_460,Other
461,pdnc,qID,Q153-0,Ben,28775,28778,6,203,3,M_461,PROPN
462,pdnc,qID,Q154-0,you,28842,28845,12,204,3,M_462,Other
463,pdnc,qID,Q154-0,you,28873,28876,12,204,3,M_463,Other
464,pdnc,qID,Q154-0,nanny ,28890,28896,76,204,3,M_464,Other
465,pdnc,qID,Q156-0,you,28980,28983,12,206,3,M_465,Other
466,pdnc,qID,Q156-0,you,29012,29015,12,206,3,M_466,Other
467,pdnc,qID,Q161-0,John,29151,29155,12,210,3,M_467,PROPN
468,pdnc,qID,Q161-0,you,29173,29176,12,210,3,M_468,Other
469,booknlp,COREF,219,I,29193,29194,35,210,3,M_469,Other
470,pdnc,qID,Q161-0,Uncle Reggie,29226,29238,77,210,3,M_470,Other
471,booknlp,COREF,219,I,29252,29253,35,210,3,M_471,Other
472,pdnc,qID,Q161-0,you,29259,29262,12,210,3,M_472,Other
473,pdnc,qID,Q161-0,You,29301,29304,12,210,3,M_473,Other
474,pdnc,qID,Q161-0,you,29331,29334,12,210,3,M_474,Other
475,pdnc,qID,Q162-0,Uncle Reggie,29350,29362,77,211,3,M_475,Other
476,booknlp,COREF,2412,her,29371,29374,76,211,3,M_476,Other
477,booknlp,COREF,2412,She,29376,29379,76,211,3,M_477,Other
478,pdnc,qID,Q162-0,him,29395,29398,77,211,3,M_478,Other
479,pdnc,qID,Q162-0,he,29409,29411,77,211,3,M_479,Other
480,pdnc,qID,Q163-0,He,29433,29435,77,212,3,M_480,Other
481,booknlp,COREF,2412,her,29443,29446,76,212,3,M_481,Other
482,pdnc,qID,Q163-0,you,29535,29538,12,212,3,M_482,Other
483,pdnc,qID,Q163-0,nanny,29551,29556,76,212,3,M_483,Other
484,exp,exp_name,john,John,29572,29576,5,213,3,M_484,PROPN
485,pdnc,qID,Q164-0,You,29627,29630,35,213,3,M_485,Other
486,booknlp,COREF,219,I,29662,29663,35,214,3,M_486,Other
487,booknlp,COREF,2412,She,29753,29756,76,215,3,M_487,Other
488,pdnc,qID,Q167-0,you,29819,29822,12,216,3,M_488,Other
489,booknlp,COREF,219,I,29878,29879,35,217,3,M_489,Other
490,booknlp,COREF,219,my,29892,29894,35,217,3,M_490,Other
491,exp,exp_name,brenda,Brenda,30009,30015,7,219,3,M_491,PROPN
492,pdnc,qID,Q171-0,nanny,30065,30070,76,221,3,M_492,Other
493,pdnc,qID,Q171-0,Ben,30084,30087,6,221,3,M_493,PROPN
494,booknlp,COREF,219,I,30092,30093,35,222,3,M_494,Other
495,exp,exp_name,brenda,Brenda,30403,30409,7,223,3,M_495,PROPN
496,exp,exp_name,tony,Tony,30652,30656,35,224,3,M_496,PROPN
497,exp,exp_name,brenda,Brenda,30661,30667,7,224,3,M_497,PROPN
498,exp,exp_name,tony,Tony,31161,31165,35,224,3,M_498,PROPN
499,exp,exp_name,brenda,Brenda,31170,31176,7,224,3,M_499,PROPN
500,pdnc,qID,Q174-0,darling,31304,31311,35,226,3,M_500,Other
501,exp,exp_name,brenda,Brenda,31926,31932,7,231,3,M_501,PROPN
502,exp,exp_name,tony,Tony,31951,31955,35,231,3,M_502,PROPN
503,exp,exp_name,tony,Tony,32227,32231,35,233,3,M_503,PROPN
504,exp,exp_name,brenda,Brenda,32326,32332,7,236,3,M_504,PROPN
505,exp,exp_name,beaver,Beaver,32381,32387,5,236,3,M_505,PROPN
506,pdnc,qID,Q182-0,Beaver,32410,32416,5,236,3,M_506,PROPN
507,booknlp,COREF,191,It,32421,32423,5,237,3,M_507,Other
508,pdnc,qID,Q183-0,young man,32428,32437,5,237,3,M_508,Other
509,pdnc,qID,Q185-0,you,32494,32497,7,239,3,M_509,Other
510,pdnc,qID,Q185-0,him,32502,32505,5,239,3,M_510,Other
511,pdnc,qID,Q186-0,he,32517,32519,5,240,3,M_511,Other
512,booknlp,COREF,219,you,32541,32544,35,240,3,M_512,Other
513,pdnc,qID,Q186-0,him,32549,32552,5,240,3,M_513,Other
514,pdnc,qID,Q187-0,he,32639,32641,5,241,3,M_514,Other
515,pdnc,qID,Q187-0,he,32692,32694,5,241,3,M_515,Other
516,pdnc,qID,Q188-0,you,32757,32760,35,242,3,M_516,Other
517,pdnc,qID,Q189-0,he,32808,32810,5,243,3,M_517,Other
518,pdnc,qID,Q190-0,you,32863,32866,35,244,3,M_518,Other
519,pdnc,qID,Q190-0,he,32962,32964,5,244,3,M_519,Other
520,pdnc,qID,Q191-0,His mother,32994,33004,75,245,3,M_520,Other
521,pdnc,qID,Q192-0,her,33040,33043,75,246,3,M_521,Other
522,pdnc,qID,Q192-0,She,33045,33048,75,246,3,M_522,Other
523,pdnc,qID,Q192-0,her,33084,33087,75,246,3,M_523,Other
524,pdnc,qID,Q194-0,he,33173,33175,5,248,3,M_524,Other
525,pdnc,qID,Q194-0,he,33290,33292,5,248,3,M_525,Other
526,pdnc,qID,Q195-0,him,33424,33427,5,249,3,M_526,Other
527,pdnc,qID,Q196-0,him,33509,33512,5,250,3,M_527,Other
528,pdnc,qID,Q196-0,him,33545,33548,5,250,3,M_528,Other
529,pdnc,qID,Q196-0,he,33587,33589,5,250,3,M_529,Other
530,pdnc,qID,Q196-0,he,33629,33631,5,250,3,M_530,Other
531,pdnc,qID,Q196-0,he,33669,33671,5,250,3,M_531,Other
532,exp,exp_name,beaver,Beaver,33917,33923,5,253,3,M_532,PROPN
533,exp,exp_name,tony,Tony,33994,33998,35,253,3,M_533,PROPN
534,exp,exp_name,brenda,Brenda,34033,34039,7,253,3,M_534,PROPN
535,exp,exp_name,beaver,Beaver,34090,34096,5,253,3,M_535,PROPN
536,booknlp,COREF,191,he,34140,34142,5,253,3,M_536,Other
537,booknlp,COREF,191,his,34189,34192,5,253,3,M_537,Other
538,booknlp,COREF,191,him,34213,34216,5,254,3,M_538,Other
539,pdnc,qID,Q198-0,you,34344,34347,5,254,3,M_539,Other
540,pdnc,qID,Q198-0,you,34386,34389,5,254,3,M_540,Other
541,pdnc,qID,Q198-0,you,34438,34441,5,254,3,M_541,Other
542,pdnc,qID,Q198-0,Tony ,34466,34471,35,254,3,M_542,PROPN
543,pdnc,qID,Q198-0,he,34489,34491,35,254,3,M_543,Other
544,pdnc,qID,Q198-0,you,34566,34569,5,254,3,M_544,Other
545,pdnc,qID,Q198-0,we,34615,34617,7,254,3,M_545,Other
546,pdnc,qID,Q198-0,we,34650,34652,7,254,3,M_546,Other
547,exp,exp_name,tony,Tony,34675,34679,35,254,3,M_547,PROPN
548,booknlp,COREF,191,his,34751,34754,5,254,3,M_548,Other
549,exp,exp_name,beaver,Beaver,34810,34816,5,254,3,M_549,PROPN
550,exp,exp_name,beaver,Beaver,35074,35080,5,254,3,M_550,PROPN
551,booknlp,COREF,191,his,35086,35089,5,254,3,M_551,Other
552,exp,exp_name,tony,Tony,35129,35133,35,255,3,M_552,PROPN
553,booknlp,COREF,219,He,35160,35162,35,255,3,M_553,Other
554,booknlp,COREF,219,his,35205,35208,35,255,3,M_554,Other
555,booknlp,COREF,219,his,35279,35282,35,255,3,M_555,Other
556,exp,exp_name,brenda,Brenda,35291,35297,7,256,3,M_556,PROPN
557,exp,exp_name,beaver,Beaver,35346,35352,5,256,3,M_557,PROPN
558,pdnc,qID,Q199-0,Polly Cockpurse,35387,35402,23,257,3,M_558,Other
559,pdnc,qID,Q201-0,you,35446,35449,7,259,3,M_559,Other
560,exp,exp_name,brenda,Brenda,35589,35595,7,261,3,M_560,PROPN
561,exp,exp_name,beaver,Beaver,35656,35662,5,261,3,M_561,PROPN
562,booknlp,COREF,191,He,35708,35710,5,261,3,M_562,Other
563,pdnc,qID,Q203-0,Mary,35793,35797,63,262,3,M_563,PROPN
564,pdnc,qID,Q203-0,Simon,35802,35807,82,262,3,M_564,PROPN
565,pdnc,qID,Q204-0,you,35823,35826,7,263,3,M_565,Other
566,pdnc,qID,Q207-0,Billy Angmering,35905,35920,49,266,3,M_566,PROPN
567,pdnc,qID,Q208-0,He,35925,35927,49,267,3,M_567,Other
568,pdnc,qID,Q208-0,Sheila Shrub,35976,35988,81,267,3,M_568,PROPN
569,exp,exp_name,daisy,Daisy,36064,36069,8,269,3,M_569,PROPN
570,exp,exp_name,brenda,Brenda,36187,36193,7,270,3,M_570,PROPN
571,exp,exp_name,john andrew,John Andrew,36259,36270,12,271,3,M_571,PROPN
572,pdnc,qID,Q212-0,you,36332,36335,5,271,3,M_572,Other
573,pdnc,qID,Q212-1,you,36365,36368,5,271,3,M_573,Other
574,pdnc,qID,Q212-1,Daddy ,36382,36388,35,271,3,M_574,Other
575,booknlp,COREF,225,he,36393,36395,49,271,3,M_575,Other
576,pdnc,qID,Q212-1,himself,36414,36421,35,271,3,M_576,Other
577,pdnc,qID,Q212-1,you,36435,36438,5,271,3,M_577,Other
578,pdnc,qID,Q214-0,Ben,36472,36475,6,273,3,M_578,PROPN
579,pdnc,qID,Q216-0,you,36609,36612,5,275,3,M_579,Other
580,pdnc,qID,Q217-0,Mr Beaver,36630,36639,5,276,3,M_580,PROPN
581,pdnc,qID,Q217-0,you,36641,36644,5,276,3,M_581,Other
582,pdnc,qID,Q217-0,him,36657,36660,12,276,3,M_582,Other
583,pdnc,qID,Q217-0,you,36666,36669,5,276,3,M_583,Other
584,pdnc,qID,Q221-0,you,36765,36768,5,280,3,M_584,Other
585,exp,exp_name,john,John,36810,36814,5,282,3,M_585,PROPN
586,pdnc,qID,Q225-0,you,36897,36900,12,283,3,M_586,Other
587,pdnc,qID,Q226-0,Ben ,36910,36914,6,284,3,M_587,PROPN
588,booknlp,COREF,191,his,36959,36962,5,284,3,M_588,Other
589,exp,exp_name,brenda,Brenda,36987,36993,7,285,3,M_589,PROPN
590,pdnc,qID,Q227-1,nanny ,37007,37013,76,285,3,M_590,Other
591,pdnc,qID,Q227-1,she,37020,37023,76,285,3,M_591,Other
592,pdnc,qID,Q227-1,you,37030,37033,12,285,3,M_592,Other
593,pdnc,qID,Q228-0,you,37068,37071,5,286,3,M_593,Other
594,pdnc,qID,Q229-0,you,37101,37104,12,287,3,M_594,Other
595,pdnc,qID,Q230-0,you,37117,37120,5,288,3,M_595,Other
596,pdnc,qID,Q232-0,you,37160,37163,5,290,3,M_596,Other
597,pdnc,qID,Q232-0,you,37207,37210,5,290,3,M_597,Other
598,exp,exp_name,john,John,37378,37382,5,293,3,M_598,PROPN
599,pdnc,qID,Q235-0,Mr Beaver,37398,37407,5,293,3,M_599,PROPN
600,pdnc,qID,Q235-0,you,37434,37437,76,293,3,M_600,Other
601,booknlp,COREF,2412,I,37442,37443,76,294,3,M_601,Other
602,booknlp,COREF,2412,I,37451,37452,76,294,3,M_602,Other
603,exp,exp_name,nanny,nanny,37471,37476,76,294,3,M_603,PROPN
604,pdnc,qID,Q237-0,he,37488,37490,5,295,3,M_604,Other
605,pdnc,qID,Q239-0,him,37599,37602,5,297,3,M_605,Other
606,pdnc,qID,Q239-0,He,37604,37606,5,297,3,M_606,Other
607,exp,exp_name,john,John,37673,37677,5,297,3,M_607,PROPN
608,pdnc,qID,Q241-0,you,37787,37790,12,298,3,M_608,Other
609,pdnc,qID,Q241-0,your ,37798,37803,12,298,3,M_609,Other
610,exp,exp_name,nanny,nanny,37817,37822,76,298,3,M_610,PROPN
611,exp,exp_name,tony,Tony,37909,37913,35,300,3,M_611,PROPN
612,exp,exp_name,brenda,Brenda,37929,37935,7,300,3,M_612,PROPN
613,pdnc,qID,Q242-0,Beaver,38046,38052,5,301,3,M_613,PROPN
614,pdnc,qID,Q242-0,you,38076,38079,7,301,3,M_614,Other
615,pdnc,qID,Q242-0,You ,38091,38095,7,301,3,M_615,Other
616,pdnc,qID,Q242-0,him,38112,38115,5,301,3,M_616,Other
617,pdnc,qID,Q243-0,He,38156,38158,5,302,3,M_617,Other
618,exp,exp_name,beaver,Beaver,38205,38211,5,303,3,M_618,PROPN
619,booknlp,COREF,191,his,38221,38224,5,303,3,M_619,Other
620,booknlp,COREF,191,he,38371,38373,5,303,3,M_620,Other
621,booknlp,COREF,191,He,38454,38456,5,303,3,M_621,Other
622,booknlp,COREF,191,he,38574,38576,5,303,3,M_622,Other
623,exp,exp_name,tony,Tony,38694,38698,35,304,3,M_623,PROPN
624,booknlp,COREF,219,he,38763,38765,35,304,3,M_624,Other
625,exp,exp_name,brenda,Brenda,38770,38776,7,304,3,M_625,PROPN
626,exp,exp_name,beaver,Beaver,38822,38828,5,304,3,M_626,PROPN
627,booknlp,COREF,219,he,38834,38836,35,304,3,M_627,Other
628,exp,exp_name,beaver,Beaver,39075,39081,5,304,3,M_628,PROPN
629,exp,exp_name,beaver,Beaver,39224,39230,5,304,3,M_629,PROPN
630,booknlp,COREF,191,he,39251,39253,5,304,3,M_630,Other
631,exp,exp_name,tony,Tony,39267,39271,35,304,3,M_631,PROPN
632,booknlp,COREF,191,him,39277,39280,5,304,3,M_632,Other
633,booknlp,COREF,191,I,39311,39312,5,305,3,M_633,Other
634,pdnc,qID,Q244-0,you,39318,39321,5,305,3,M_634,Other
635,booknlp,COREF,191,I,39337,39338,5,306,3,M_635,Other
636,booknlp,COREF,191,I,39346,39347,5,306,3,M_636,Other
637,pdnc,qID,Q246-0,you,39360,39363,5,307,3,M_637,Other
638,booknlp,COREF,191,I,39405,39406,5,308,3,M_638,Other
639,pdnc,qID,Q248-0,you,39442,39445,5,309,3,M_639,Other
640,booknlp,COREF,191,he,39506,39508,5,312,3,M_640,Other
641,booknlp,COREF,191,he,39518,39520,5,312,3,M_641,Other
642,booknlp,COREF,191,I,39538,39539,5,312,3,M_642,Other
643,pdnc,qID,Q251-0,Beaver,39557,39563,5,312,3,M_643,PROPN
644,pdnc,qID,Q252-0,Beaver,39572,39578,5,313,3,M_644,PROPN
645,exp,exp_name,brenda,Brenda,39598,39604,7,313,3,M_645,PROPN
646,booknlp,COREF,191,he,39611,39613,5,314,3,M_646,Other
647,booknlp,COREF,191,he,39652,39654,5,314,3,M_647,Other
648,booknlp,COREF,191,he,39750,39752,5,314,3,M_648,Other
649,booknlp,COREF,191,he,39775,39777,5,314,3,M_649,Other
650,booknlp,COREF,191,he,39825,39827,5,314,3,M_650,Other
651,exp,exp_name,the footman,the footman,39885,39896,91,314,3,M_651,PROPN
652,booknlp,COREF,191,him,39919,39922,5,314,3,M_652,Other
653,booknlp,COREF,191,he,39934,39936,5,314,3,M_653,Other
654,booknlp,COREF,191,himself,39945,39952,5,314,3,M_654,Other
655,exp,exp_name,tony,Tony,40207,40211,35,316,3,M_655,PROPN
656,booknlp,COREF,219,He,40277,40279,35,316,3,M_656,Other
657,booknlp,COREF,219,he,40302,40304,35,316,3,M_657,Other
658,booknlp,COREF,219,his,40346,40349,35,316,3,M_658,Other
659,booknlp,COREF,219,his,40514,40517,35,316,3,M_659,Other
660,booknlp,COREF,219,his,40600,40603,35,316,3,M_660,Other
661,exp,exp_name,tony,Tony,40649,40653,35,316,3,M_661,PROPN
662,exp,exp_name,tony,Tony,40747,40751,35,316,3,M_662,PROPN
663,booknlp,COREF,219,he,40826,40828,35,317,3,M_663,Other
664,exp,exp_name,the vicar's sister,the vicar's sister,40888,40906,65,317,3,M_664,PROPN
665,booknlp,COREF,219,he,40945,40947,35,317,3,M_665,Other
666,booknlp,COREF,219,he,41037,41039,35,317,3,M_666,Other
667,booknlp,COREF,219,himself,41073,41080,35,317,3,M_667,Other
668,booknlp,COREF,219,his,41346,41349,35,317,3,M_668,Other
669,booknlp,COREF,219,his,41447,41450,35,317,3,M_669,Other
670,booknlp,COREF,219,he,41460,41462,35,317,3,M_670,Other
671,exp,exp_name,brenda,Brenda,41502,41508,7,317,3,M_671,PROPN
672,booknlp,COREF,219,him,41516,41519,35,317,3,M_672,Other
673,booknlp,COREF,219,him,41540,41543,35,317,3,M_673,Other
674,exp,exp_name,tony,Tony,41610,41614,35,317,3,M_674,PROPN
675,booknlp,COREF,219,he,41675,41677,35,317,3,M_675,Other
676,booknlp,COREF,219,his,41691,41694,35,317,3,M_676,Other
677,booknlp,COREF,219,his,41714,41717,35,317,3,M_677,Other
678,booknlp,COREF,219,his,41787,41790,35,318,3,M_678,Other
679,booknlp,COREF,219,his,41822,41825,35,318,3,M_679,Other
680,booknlp,COREF,219,he,41876,41878,35,318,3,M_680,Other
681,exp,exp_name,beaver,Beaver,41883,41889,5,318,3,M_681,PROPN
682,booknlp,COREF,219,he,41991,41993,35,318,3,M_682,Other
683,booknlp,COREF,191,him,42001,42004,5,318,3,M_683,Other
684,booknlp,COREF,219,he,42018,42020,35,318,3,M_684,Other
685,booknlp,COREF,219,his,42034,42037,35,318,3,M_685,Other
686,booknlp,COREF,191,his,42063,42066,5,318,3,M_686,Other
687,booknlp,COREF,219,I,42112,42113,35,319,3,M_687,Other
688,pdnc,qID,Q253-0,you,42119,42122,5,319,3,M_688,Other
689,exp,exp_name,beaver,Beaver,42162,42168,5,320,3,M_689,PROPN
690,booknlp,COREF,191,his,42177,42180,5,320,3,M_690,Other
691,booknlp,COREF,219,I,42224,42225,35,321,3,M_691,Other
692,booknlp,COREF,219,I,42237,42238,35,321,3,M_692,Other
693,booknlp,COREF,219,myself,42262,42268,35,321,3,M_693,Other
694,booknlp,COREF,219,I,42270,42271,35,321,3,M_694,Other
695,booknlp,COREF,219,I,42277,42278,35,321,3,M_695,Other
696,booknlp,COREF,219,I,42320,42321,35,321,3,M_696,Other
697,pdnc,qID,Q255-0,you,42327,42330,5,321,3,M_697,Other
698,booknlp,COREF,219,I,42376,42377,35,322,3,M_698,Other
699,booknlp,COREF,219,I,42405,42406,35,322,3,M_699,Other
700,booknlp,COREF,219,I,42429,42430,35,323,3,M_700,Other
701,pdnc,qID,Q257-0,you,42446,42449,5,323,3,M_701,Other
702,pdnc,qID,Q259-0,you,42624,42627,5,325,3,M_702,Other
703,booknlp,COREF,219,I,42728,42729,35,328,3,M_703,Other
704,booknlp,COREF,219,I,42752,42753,35,328,3,M_704,Other
705,pdnc,qID,Q261-0,you,42768,42771,5,328,3,M_705,Other
706,exp,exp_name,beaver,Beaver,42790,42796,5,329,3,M_706,PROPN
707,booknlp,COREF,191,him,42829,42832,5,329,3,M_707,Other
708,booknlp,COREF,191,he,42838,42840,5,329,3,M_708,Other
709,booknlp,COREF,219,I,42922,42923,35,329,3,M_709,Other
710,booknlp,COREF,219,I,42965,42966,35,330,3,M_710,Other
711,booknlp,COREF,219,I,42980,42981,35,330,3,M_711,Other
712,pdnc,qID,Q263-0,you,42987,42990,5,330,3,M_712,Other
713,pdnc,qID,Q263-0,You,42992,42995,5,330,3,M_713,Other
714,booknlp,COREF,219,I,43015,43016,35,330,3,M_714,Other
715,booknlp,COREF,219,I,43033,43034,35,330,3,M_715,Other
716,pdnc,qID,Q263-0,You,43057,43060,5,330,3,M_716,Other
717,pdnc,qID,Q263-0,Brenda,43072,43078,7,330,3,M_717,PROPN
718,pdnc,qID,Q263-0,you,43124,43127,5,330,3,M_718,Other
719,pdnc,qID,Q265-0,you,43167,43170,5,332,3,M_719,Other
720,exp,exp_name,tony,Tony,43184,43188,35,332,3,M_720,PROPN
721,booknlp,COREF,219,his,43194,43197,35,332,3,M_721,Other
722,booknlp,COREF,219,himself,43235,43242,35,332,3,M_722,Other
723,booknlp,COREF,219,I,43253,43254,35,332,3,M_723,Other
724,booknlp,COREF,219,he,43305,43307,35,332,3,M_724,Other
725,exp,exp_name,tony,Tony,43372,43376,35,333,3,M_725,PROPN
726,booknlp,COREF,219,He,43565,43567,35,334,3,M_726,Other
727,exp,exp_name,nanny,nanny,43578,43583,76,334,3,M_727,PROPN
728,exp,exp_name,john,John,43588,43592,5,334,3,M_728,PROPN
729,exp,exp_name,john,John,43623,43627,5,334,3,M_729,PROPN
730,exp,exp_name,tony,Tony,43706,43710,35,334,3,M_730,PROPN
731,exp,exp_name,john,John,43936,43940,5,334,3,M_731,PROPN
732,exp,exp_name,tony,Tony,43991,43995,35,334,3,M_732,PROPN
733,booknlp,COREF,219,I,44027,44028,35,335,3,M_733,Other
734,pdnc,qID,Q267-0,Ben ,44068,44072,6,335,3,M_734,PROPN
735,pdnc,qID,Q267-0,him,44085,44088,6,335,3,M_735,Other
736,pdnc,qID,Q267-0,his,44107,44110,6,335,3,M_736,Other
737,exp,exp_name,tony,Tony,44199,44203,35,336,3,M_737,PROPN
738,booknlp,COREF,219,He,44215,44217,35,336,3,M_738,Other
739,exp,exp_name,nanny,nanny,44245,44250,76,336,3,M_739,PROPN
740,exp,exp_name,john,John,44255,44259,5,336,3,M_740,PROPN
741,booknlp,COREF,219,he,44282,44284,35,336,3,M_741,Other
742,booknlp,COREF,219,his,44341,44344,35,336,3,M_742,Other
743,booknlp,COREF,219,He,44351,44353,35,336,3,M_743,Other
744,booknlp,COREF,219,his,44391,44394,35,336,3,M_744,Other
745,booknlp,COREF,219,his,44407,44410,35,336,3,M_745,Other
746,booknlp,COREF,219,he,44424,44426,35,336,3,M_746,Other
747,exp,exp_name,tony,Tony,44575,44579,35,336,3,M_747,PROPN
748,booknlp,COREF,219,his,44706,44709,35,336,3,M_748,Other
749,booknlp,COREF,219,his,44790,44793,35,336,3,M_749,Other
750,booknlp,COREF,219,him,44879,44882,35,336,3,M_750,Other
751,booknlp,COREF,219,his,44886,44889,35,336,3,M_751,Other
752,booknlp,COREF,219,he,44939,44941,35,336,3,M_752,Other
753,booknlp,COREF,219,himself,44951,44958,35,336,3,M_753,Other
754,booknlp,COREF,219,his,45091,45094,35,336,3,M_754,Other
755,exp,exp_name,tony,Tony,45157,45161,35,337,3,M_755,PROPN
756,booknlp,COREF,219,his,45169,45172,35,337,3,M_756,Other
757,exp,exp_name,john,John,45185,45189,5,337,3,M_757,PROPN
758,exp,exp_name,nanny,nanny,45194,45199,76,337,3,M_758,PROPN
759,exp,exp_name,the vicar,The vicar,45216,45225,98,338,3,M_759,PROPN
760,booknlp,COREF,219,He,45270,45272,35,338,3,M_760,Other
761,booknlp,COREF,219,his,45324,45327,35,338,3,M_761,Other
762,exp,exp_name,tony,Tony,45334,45338,35,338,3,M_762,PROPN
763,booknlp,COREF,219,him,45358,45361,35,338,3,M_763,Other
764,booknlp,COREF,219,his,45392,45395,35,338,3,M_764,Other
765,booknlp,COREF,219,He,45405,45407,35,338,3,M_765,Other
766,booknlp,COREF,219,His,45498,45501,35,339,3,M_766,Other
767,booknlp,COREF,219,his,45531,45534,35,339,3,M_767,Other
768,booknlp,COREF,219,he,45589,45591,35,339,3,M_768,Other
769,booknlp,COREF,219,his,45652,45655,35,339,3,M_769,Other
770,booknlp,COREF,219,he,45956,45958,35,339,3,M_770,Other
771,booknlp,COREF,219,he,46137,46139,35,340,3,M_771,Other
772,booknlp,COREF,219,his,46146,46149,35,340,3,M_772,Other
773,exp,exp_name,a gardener's wife,a gardener's wife,46842,46859,101,341,3,M_773,PROPN
774,exp,exp_name,tony,Tony,46881,46885,35,341,3,M_774,PROPN
775,exp,exp_name,tony,Tony,47172,47176,35,343,3,M_775,PROPN
776,booknlp,COREF,219,he,47238,47240,35,343,3,M_776,Other
777,exp,exp_name,the vicar,the vicar,47255,47264,98,343,3,M_777,PROPN
778,pdnc,qID,Q270-0,Lady Brenda,47268,47279,7,344,3,M_778,PROPN
779,booknlp,COREF,219,I,47292,47293,35,344,3,M_779,Other
780,pdnc,qID,Q272-0,Vicar,47425,47430,98,345,3,M_780,Other
781,pdnc,qID,Q273-0,My dear boy,47435,47446,35,346,3,M_781,Other
782,booknlp,COREF,219,I,47448,47449,35,346,3,M_782,Other
783,pdnc,qID,Q273-0,you,47470,47473,35,346,3,M_783,Other
784,booknlp,COREF,219,my,47495,47497,35,346,3,M_784,Other
785,pdnc,qID,Q273-0,you,47519,47522,35,346,3,M_785,Other
786,booknlp,COREF,219,I,47553,47554,35,347,3,M_786,Other
787,pdnc,qID,Q274-0,you,47562,47565,98,347,3,M_787,Other
788,pdnc,qID,Q276-0,you,48282,48285,35,348,3,M_788,Other
789,exp,exp_name,the vicar's sister,The vicar's sister,48329,48347,65,349,3,M_789,PROPN
790,exp,exp_name,john,John,48360,48364,5,349,3,M_790,PROPN
791,pdnc,qID,Q277-0,Ben,48456,48459,6,349,3,M_791,PROPN
792,exp,exp_name,nanny,Nanny,48550,48555,76,350,3,M_792,PROPN
793,booknlp,COREF,217,I,48626,48627,76,350,3,M_793,Other
794,pdnc,qID,Q278-0,you,48633,48636,12,350,3,M_794,Other
795,pdnc,qID,Q278-0,Ben Hacket,48666,48676,6,350,3,M_795,PROPN
796,pdnc,qID,Q278-0,you,48683,48686,12,350,3,M_796,Other
797,pdnc,qID,Q278-0,Miss Tendril,48688,48700,65,350,3,M_797,PROPN
798,pdnc,qID,Q280-0,Miss Tendril,48824,48836,65,352,3,M_798,PROPN
799,exp,exp_name,tony,Tony,48936,48940,35,353,3,M_799,PROPN
800,booknlp,COREF,219,he,49027,49029,35,353,3,M_800,Other
801,booknlp,COREF,219,himself,49087,49094,35,353,3,M_801,Other
802,exp,exp_name,beaver,Beaver,49099,49105,5,353,3,M_802,PROPN
803,booknlp,COREF,219,his,49125,49128,35,353,3,M_803,Other
804,exp,exp_name,brenda,Brenda,49353,49359,7,354,3,M_804,PROPN
805,exp,exp_name,beaver,Beaver,49686,49692,5,354,3,M_805,PROPN
806,booknlp,COREF,191,I,49781,49782,5,355,3,M_806,Other
807,booknlp,COREF,191,I,49794,49795,5,355,3,M_807,Other
808,pdnc,qID,Q282-0,you,49861,49864,5,356,3,M_808,Other
809,pdnc,qID,Q284-0,you,49897,49900,5,358,3,M_809,Other
810,booknlp,COREF,191,I,49918,49919,5,359,3,M_810,Other
811,pdnc,qID,Q286-0,you,49960,49963,5,360,3,M_811,Other
812,pdnc,qID,Q286-0,you,49969,49972,5,360,3,M_812,Other
813,pdnc,qID,Q286-0,you,50016,50019,5,360,3,M_813,Other
814,pdnc,qID,Q287-0,Tony,50175,50179,35,361,3,M_814,PROPN
815,pdnc,qID,Q288-0,he,50206,50208,35,362,3,M_815,Other
816,pdnc,qID,Q288-0,He,50221,50223,35,362,3,M_816,Other
817,exp,exp_name,tony,Tony,50299,50303,35,363,3,M_817,PROPN
818,exp,exp_name,beaver,Beaver,50348,50354,5,363,3,M_818,PROPN
819,exp,exp_name,brenda,Brenda,50367,50373,7,363,3,M_819,PROPN
820,booknlp,COREF,191,me,50412,50414,5,363,3,M_820,Other
821,booknlp,COREF,191,he,50423,50425,5,363,3,M_821,Other
822,booknlp,COREF,191,I,50443,50444,5,363,3,M_822,Other
823,pdnc,qID,Q289-1,you,50538,50541,7,363,3,M_823,Other
824,pdnc,qID,Q289-1,you,50577,50580,7,363,3,M_824,Other
825,booknlp,COREF,191,I,50608,50609,5,363,3,M_825,Other
826,pdnc,qID,Q289-1,you,50670,50673,7,363,3,M_826,Other
827,booknlp,COREF,191,I,50819,50820,5,364,3,M_827,Other
828,pdnc,qID,Q290-0,Tony,50861,50865,35,364,3,M_828,PROPN
829,booknlp,COREF,191,he,50978,50980,5,366,3,M_829,Other
830,pdnc,qID,Q292-0,Darling,50988,50995,7,366,3,M_830,Other
831,pdnc,qID,Q292-0,you,50997,51000,7,366,3,M_831,Other
832,pdnc,qID,Q292-0,Beaver,51022,51028,5,366,3,M_832,PROPN
833,booknlp,COREF,191,I,51037,51038,5,367,3,M_833,Other
834,booknlp,COREF,191,I,51067,51068,5,367,3,M_834,Other
835,pdnc,qID,Q293-0,him,51080,51083,5,367,3,M_835,Other
836,booknlp,COREF,191,I,51098,51099,5,368,3,M_836,Other
837,booknlp,COREF,191,I,51111,51112,5,368,3,M_837,Other
838,pdnc,qID,Q294-0,him,51127,51130,5,368,3,M_838,Other
839,pdnc,qID,Q294-0,he,51150,51152,5,368,3,M_839,Other
840,pdnc,qID,Q295-0,he,51181,51183,5,369,3,M_840,Other
841,booknlp,COREF,191,I,51185,51186,5,369,3,M_841,Other
842,pdnc,qID,Q295-0,You,51206,51209,35,369,3,M_842,Other
843,pdnc,qID,Q295-0,you,51273,51276,35,369,3,M_843,Other
844,booknlp,COREF,191,I,51307,51308,5,369,3,M_844,Other
845,booknlp,COREF,191,myself,51365,51371,5,369,3,M_845,Other
846,booknlp,COREF,191,I,51381,51382,5,369,3,M_846,Other
847,pdnc,qID,Q295-0,Beaver,51403,51409,5,369,3,M_847,PROPN
848,pdnc,qID,Q295-0,He,51424,51426,5,369,3,M_848,Other
849,pdnc,qID,Q296-0,He,51460,51462,5,370,3,M_849,Other
850,booknlp,COREF,219,me,51474,51476,35,370,3,M_850,Other
851,exp,exp_name,tony,Tony,51484,51488,35,370,3,M_851,PROPN
852,exp,exp_name,tony,Tony,51506,51510,35,371,3,M_852,PROPN
853,pdnc,qID,Q297-0,you,51549,51552,5,371,3,M_853,Other
854,booknlp,COREF,219,I,51582,51583,35,371,3,M_854,Other
855,pdnc,qID,Q297-0,my Aunt Frances,51649,51664,58,371,3,M_855,Other
856,booknlp,COREF,219,I,51704,51705,35,371,3,M_856,Other
857,exp,exp_name,beaver,Beaver,51761,51767,5,372,3,M_857,PROPN
858,booknlp,COREF,191,he,51826,51828,5,372,3,M_858,Other
859,booknlp,COREF,191,he,51875,51877,5,372,3,M_859,Other
860,booknlp,COREF,191,his,51901,51904,5,372,3,M_860,Other
861,booknlp,COREF,191,He,51997,51999,5,372,3,M_861,Other
862,exp,exp_name,tony,Tony,52069,52073,35,372,3,M_862,PROPN
863,booknlp,COREF,219,his,52098,52101,35,372,3,M_863,Other
864,exp,exp_name,tony,Tony,52260,52264,35,373,3,M_864,PROPN
865,exp,exp_name,tony,Tony,52927,52931,35,373,3,M_865,PROPN
866,exp,exp_name,beaver,Beaver,52958,52964,5,373,3,M_866,PROPN
867,exp,exp_name,tony,Tony,53054,53058,35,373,3,M_867,PROPN
868,booknlp,COREF,219,I,53076,53077,35,373,3,M_868,Other
869,booknlp,COREF,219,I,53093,53094,35,373,3,M_869,Other
870,exp,exp_name,tony,Tony,53173,53177,35,373,3,M_870,PROPN
871,exp,exp_name,beaver,Beaver,53183,53189,5,373,3,M_871,PROPN
872,exp,exp_name,brenda,Brenda,53193,53199,7,373,3,M_872,PROPN
873,pdnc,qID,Q300-1,you,53338,53341,5,374,3,M_873,Other
874,pdnc,qID,Q302-0,You,53374,53377,5,376,3,M_874,Other
875,pdnc,qID,Q302-0,you,53408,53411,5,376,3,M_875,Other
876,pdnc,qID,Q305-0,you,53522,53525,7,379,3,M_876,Other
877,pdnc,qID,Q306-0,Tony,53722,53726,35,380,3,M_877,PROPN
878,pdnc,qID,Q306-0,He,53774,53776,35,380,3,M_878,Other
879,pdnc,qID,Q306-0,Reggie,53860,53866,77,380,3,M_879,Other
880,pdnc,qID,Q306-0,you,53917,53920,5,380,3,M_880,Other
881,pdnc,qID,Q306-0,you,53997,54000,5,380,3,M_881,Other
882,pdnc,qID,Q306-0,Tony ,54329,54334,35,380,3,M_882,PROPN
883,pdnc,qID,Q306-0,Tony,54563,54567,35,380,3,M_883,PROPN
884,exp,exp_name,tony,Tony,54624,54628,35,381,3,M_884,PROPN
885,booknlp,COREF,219,I,54651,54652,35,381,3,M_885,Other
886,pdnc,qID,Q307-0,you,54693,54696,5,381,3,M_886,Other
887,pdnc,qID,Q307-0,you,54727,54730,5,381,3,M_887,Other
888,pdnc,qID,Q308-0,him,54801,54804,5,382,3,M_888,Other
889,booknlp,COREF,219,you,54838,54841,35,383,3,M_889,Other
890,booknlp,COREF,219,you,54850,54853,35,383,3,M_890,Other
891,exp,exp_name,john,John,54960,54964,5,385,3,M_891,PROPN
892,pdnc,qID,Q311-0,Mr Beaver,54993,55002,5,385,3,M_892,PROPN
893,exp,exp_name,tony,Tony,55059,55063,35,388,3,M_893,PROPN
894,exp,exp_name,brenda,Brenda,55089,55095,7,388,3,M_894,PROPN
895,exp,exp_name,beaver,Beaver,55100,55106,5,388,3,M_895,PROPN
896,exp,exp_name,beaver,Beaver,55171,55177,5,388,3,M_896,PROPN
897,booknlp,COREF,191,I,55185,55186,5,388,3,M_897,Other
898,exp,exp_name,brenda,Brenda,55217,55223,7,388,3,M_898,PROPN
899,booknlp,COREF,191,him,55230,55233,5,388,3,M_899,Other
900,booknlp,COREF,191,He,55265,55267,5,388,3,M_900,Other
901,exp,exp_name,john,John,55310,55314,5,388,3,M_901,PROPN
902,booknlp,COREF,191,him,55324,55327,5,388,3,M_902,Other
903,exp,exp_name,brenda,Brenda,55346,55352,7,388,3,M_903,PROPN
904,exp,exp_name,beaver,Beaver,55494,55500,5,389,3,M_904,PROPN
905,booknlp,COREF,674,me,55533,55535,91,390,3,M_905,Other
906,pdnc,qID,Q315-0,you,55546,55549,7,390,3,M_906,Other
907,booknlp,COREF,674,I,55569,55570,91,391,3,M_907,Other
908,exp,exp_name,beaver,Beaver,55607,55613,5,392,3,M_908,PROPN
909,exp,exp_name,footman,footman,55637,55644,91,392,3,M_909,PROPN
910,exp,exp_name,tony,Tony,55665,55669,35,392,3,M_910,PROPN
911,exp,exp_name,brenda,Brenda,55711,55717,7,392,3,M_911,PROPN
912,booknlp,COREF,219,his,55765,55768,35,392,3,M_912,Other
913,booknlp,COREF,219,he,55791,55793,35,392,3,M_913,Other
914,pdnc,qID,Q317-0,him,55846,55849,5,393,3,M_914,Other
915,pdnc,qID,Q317-0,You,55852,55855,7,393,3,M_915,Other
916,pdnc,qID,Q317-0,darling,55869,55876,7,393,3,M_916,Other
917,booknlp,COREF,674,I,55878,55879,91,393,3,M_917,Other
918,pdnc,qID,Q317-0,he,55887,55889,5,393,3,M_918,Other
919,pdnc,qID,Q317-0,you,55916,55919,7,393,3,M_919,Other
920,pdnc,qID,Q317-0,him,55933,55936,5,393,3,M_920,Other
921,pdnc,qID,Q318-0,he,55945,55947,5,394,3,M_921,Other
922,booknlp,COREF,674,I,55973,55974,91,395,3,M_922,Other
923,pdnc,qID,Q319-0,he,55984,55986,5,395,3,M_923,Other
924,exp,exp_name,mrs beaver,Mrs Beaver,56108,56118,75,397,3,M_924,PROPN
925,exp,exp_name,beaver,Beaver,56148,56154,5,397,3,M_925,PROPN
926,pdnc,qID,Q322-0,My poor boy,56207,56218,5,399,3,M_926,Other
927,booknlp,COREF,219,me,56246,56248,35,400,3,M_927,Other
928,pdnc,qID,Q323-0,you,56306,56309,75,400,3,M_928,Other
929,pdnc,qID,Q323-0,She,56316,56319,7,400,3,M_929,Other
930,pdnc,qID,Q323-0,He,56337,56339,35,400,3,M_930,Other
931,pdnc,qID,Q324-0,her,56372,56375,7,401,3,M_931,Other
932,pdnc,qID,Q325-0,She,56390,56393,7,402,3,M_932,Other
933,pdnc,qID,Q326-0,she,56438,56441,7,403,3,M_933,Other
934,exp,exp_name,mrs beaver,Mrs Beaver,56507,56517,75,403,3,M_934,PROPN
935,pdnc,qID,Q327-0,she,56541,56544,7,403,3,M_935,Other
936,pdnc,qID,Q328-0,She,56626,56629,7,404,3,M_936,Other
937,pdnc,qID,Q328-0,Tony,56654,56658,35,404,3,M_937,PROPN
938,booknlp,COREF,219,I,56667,56668,35,405,3,M_938,Other
939,booknlp,COREF,219,I,56677,56678,35,405,3,M_939,Other
940,pdnc,qID,Q329-0,her,56701,56704,7,405,3,M_940,Other
941,exp,exp_name,brenda,Brenda,56728,56734,7,407,4,M_941,PROPN
942,exp,exp_name,marjorie,Marjorie,57179,57187,15,407,4,M_942,PROPN
943,exp,exp_name,brenda,Brenda,57332,57338,7,407,4,M_943,PROPN
944,exp,exp_name,marjorie,Marjorie,57413,57421,15,407,4,M_944,PROPN
945,exp,exp_name,allan,Allan,57426,57431,3,407,4,M_945,PROPN
946,exp,exp_name,baby,baby,57482,57486,55,407,4,M_946,PROPN
947,exp,exp_name,brenda,Brenda,57636,57642,7,408,4,M_947,PROPN
948,exp,exp_name,marjorie,Marjorie,57703,57711,15,408,4,M_948,PROPN
949,exp,exp_name,tony,Tony,58268,58272,35,408,4,M_949,PROPN
950,exp,exp_name,marjorie,Marjorie,58294,58302,15,409,4,M_950,PROPN
951,pdnc,qID,Q330-0,Darling,58409,58416,7,410,4,M_951,Other
952,pdnc,qID,Q330-0,you,58448,58451,7,410,4,M_952,Other
953,pdnc,qID,Q330-0,You,58453,58456,7,410,4,M_953,Other
954,pdnc,qID,Q330-0,you,58498,58501,7,410,4,M_954,Other
955,pdnc,qID,Q333-0,Tony ,58592,58597,35,413,4,M_955,PROPN
956,pdnc,qID,Q333-0,John Andrew,58611,58622,12,413,4,M_956,PROPN
957,pdnc,qID,Q334-0,you,58657,58660,7,414,4,M_957,Other
958,pdnc,qID,Q337-0,Tony,58741,58745,35,417,4,M_958,PROPN
959,pdnc,qID,Q337-0,Mr Beaver,58755,58764,5,417,4,M_959,PROPN
960,pdnc,qID,Q338-0,John Beaver,58783,58794,5,418,4,M_960,PROPN
961,pdnc,qID,Q338-0,he,58838,58840,5,418,4,M_961,Other
962,pdnc,qID,Q338-0,Tony,58852,58856,35,418,4,M_962,PROPN
963,pdnc,qID,Q339-0,He,58870,58872,5,419,4,M_963,Other
964,pdnc,qID,Q339-0,he,58890,58892,5,419,4,M_964,Other
965,pdnc,qID,Q340-0,him,58916,58919,5,420,4,M_965,Other
966,pdnc,qID,Q340-0,him,58927,58930,5,420,4,M_966,Other
967,exp,exp_name,margot,Margot,58934,58940,14,420,4,M_967,PROPN
968,pdnc,qID,Q340-0,He,58954,58956,5,420,4,M_968,Other
969,pdnc,qID,Q341-0,he,59006,59008,5,421,4,M_969,Other
970,pdnc,qID,Q342-0,he,59037,59039,5,422,4,M_970,Other
971,pdnc,qID,Q342-0,you,59066,59069,7,422,4,M_971,Other
972,pdnc,qID,Q342-0,him,59076,59079,5,422,4,M_972,Other
973,exp,exp_name,marjorie,Marjorie,59751,59759,15,424,4,M_973,PROPN
974,exp,exp_name,mr cruttwell,Mr Cruttwell,59780,59792,67,425,4,M_974,PROPN
975,exp,exp_name,marjorie,Marjorie,59817,59825,15,425,4,M_975,PROPN
976,pdnc,qID,Q345-0,He,59844,59846,67,425,4,M_976,Other
977,exp,exp_name,brenda,Brenda,59878,59884,7,425,4,M_977,PROPN
978,pdnc,qID,Q345-1,you,59916,59919,15,425,4,M_978,Other
979,pdnc,qID,Q345-1,Mr Beaver,59931,59940,5,425,4,M_979,PROPN
980,pdnc,qID,Q346-0,You,59999,60002,7,426,4,M_980,Other
981,pdnc,qID,Q346-0,him,60014,60017,5,426,4,M_981,Other
982,exp,exp_name,brenda,Brenda,60037,60043,7,427,4,M_982,PROPN
983,exp,exp_name,tony,Tony,60322,60326,35,428,4,M_983,PROPN
984,exp,exp_name,mr cruttwell,Mr Cruttwell,60358,60370,67,428,4,M_984,PROPN
985,exp,exp_name,polly cockpurse,Polly Cockpurse,60409,60424,23,428,4,M_985,PROPN
986,pdnc,qID,Q349-0,Tony ,60530,60535,35,429,4,M_986,PROPN
987,pdnc,qID,Q349-0,her,60548,60551,23,429,4,M_987,Other
988,exp,exp_name,daisy,Daisy,60694,60699,8,430,4,M_988,PROPN
989,pdnc,qID,Q350-0,You,60722,60725,7,430,4,M_989,Other
990,exp,exp_name,marjorie,Marjorie,60744,60752,15,430,4,M_990,PROPN
991,pdnc,qID,Q350-1,your Mr Beaver's mother,60800,60823,75,430,4,M_991,Other
992,exp,exp_name,daisy,Daisy,60946,60951,8,431,4,M_992,PROPN
993,exp,exp_name,mrs beaver,Mrs Beaver,61049,61059,75,431,4,M_993,PROPN
994,exp,exp_name,mrs beaver,Mrs Beaver,61261,61271,75,431,4,M_994,PROPN
995,exp,exp_name,lady cockpurse,Lady Cockpurse,61548,61562,23,431,4,M_995,PROPN
996,exp,exp_name,marjorie,Marjorie,61590,61598,15,431,4,M_996,PROPN
997,booknlp,COREF,222,my,61653,61655,23,432,4,M_997,Other
998,exp,exp_name,polly cockpurse,Polly Cockpurse,61674,61689,23,432,4,M_998,PROPN
999,pdnc,qID,Q352-0,Polly,61901,61906,23,433,4,M_999,Other
1000,exp,exp_name,marjorie,Marjorie,61945,61953,15,433,4,M_1000,PROPN
1001,pdnc,qID,Q352-1,She,61956,61959,23,433,4,M_1001,Other
1002,pdnc,qID,Q353-0,Tony ,62012,62017,35,434,4,M_1002,PROPN
1003,pdnc,qID,Q353-0,her,62027,62030,23,434,4,M_1003,Other
1004,exp,exp_name,polly,Polly,62050,62055,23,435,4,M_1004,PROPN
1005,exp,exp_name,mrs beaver,Mrs Beaver,62529,62539,75,436,4,M_1005,PROPN
1006,pdnc,qID,Q354-0,you,62596,62599,7,436,4,M_1006,Other
1007,exp,exp_name,john,John,62662,62666,5,436,4,M_1007,PROPN
1008,booknlp,COREF,175,he,62717,62719,5,436,4,M_1008,Other
1009,pdnc,qID,Q354-0,you,62729,62732,7,436,4,M_1009,Other
1010,pdnc,qID,Q356-0,he,62776,62778,5,438,4,M_1010,Other
1011,pdnc,qID,Q356-0,Poor boy,62788,62796,5,438,4,M_1011,Other
1012,pdnc,qID,Q356-0,he,62798,62800,5,438,4,M_1012,Other
1013,pdnc,qID,Q356-0,his,62817,62820,5,438,4,M_1013,Other
1014,pdnc,qID,Q356-0,Lady Brenda,62846,62857,7,438,4,M_1014,PROPN
1015,pdnc,qID,Q356-0,you,62870,62873,7,438,4,M_1015,Other
1016,pdnc,qID,Q356-0,you,62943,62946,7,438,4,M_1016,Other
1017,pdnc,qID,Q357-0,You,63060,63063,7,438,4,M_1017,Other
1018,pdnc,qID,Q357-0,you,63125,63128,7,438,4,M_1018,Other
1019,exp,exp_name,brenda,Brenda,63176,63182,7,439,4,M_1019,PROPN
1020,pdnc,qID,Q359-0,you,63220,63223,7,440,4,M_1020,Other
1021,pdnc,qID,Q359-0,you,63245,63248,7,440,4,M_1021,Other
1022,exp,exp_name,marjorie,Marjorie,63341,63349,15,441,4,M_1022,PROPN
1023,exp,exp_name,brenda,Brenda,63593,63599,7,444,4,M_1023,PROPN
1024,exp,exp_name,beaver,Beaver,63617,63623,5,444,4,M_1024,PROPN
1025,exp,exp_name,mrs beaver,Mrs Beaver,63843,63853,75,446,4,M_1025,PROPN
1026,exp,exp_name,mrs beaver,Mrs Beaver,64285,64295,75,446,4,M_1026,PROPN
1027,pdnc,qID,Q362-0,my husband,64313,64323,35,447,4,M_1027,Other
1028,pdnc,qID,Q363-0,You,64345,64348,7,448,4,M_1028,Other
1029,pdnc,qID,Q363-0,you,64380,64383,7,448,4,M_1029,Other
1030,exp,exp_name,beaver,Beaver,64479,64485,5,450,4,M_1030,PROPN
1031,exp,exp_name,beaver,Beaver,64696,64702,5,450,4,M_1031,PROPN
1032,pdnc,qID,Q365-0,you,64740,64743,5,451,4,M_1032,Other
1033,pdnc,qID,Q369-0,you,64845,64848,5,455,4,M_1033,Other
1034,pdnc,qID,Q369-1,you,64953,64956,5,455,4,M_1034,Other
1035,pdnc,qID,Q369-1,Polly,64985,64990,23,455,4,M_1035,Other
1036,pdnc,qID,Q369-1,you,65006,65009,5,455,4,M_1036,Other
1037,exp,exp_name,beaver,Beaver,65013,65019,5,456,4,M_1037,PROPN
1038,exp,exp_name,brenda,Brenda,65160,65166,7,456,4,M_1038,PROPN
1039,exp,exp_name,brenda,Brenda,65566,65572,7,457,4,M_1039,PROPN
1040,pdnc,qID,Q371-0,you,65616,65619,5,457,4,M_1040,Other
1041,exp,exp_name,beaver,Beaver,65855,65861,5,462,4,M_1041,PROPN
1042,pdnc,qID,Q376-0,you ,65902,65906,7,462,4,M_1042,Other
1043,pdnc,qID,Q377-0,you,65936,65939,5,463,4,M_1043,Other
1044,exp,exp_name,brenda,Brenda,66059,66065,7,464,4,M_1044,PROPN
1045,exp,exp_name,brenda,Brenda,66252,66258,7,467,4,M_1045,PROPN
1046,pdnc,qID,Q381-0,Marjorie ,66445,66454,15,469,4,M_1046,PROPN
1047,pdnc,qID,Q381-0,her,66458,66461,15,469,4,M_1047,Other
1048,pdnc,qID,Q381-0,Daisy,66505,66510,8,469,4,M_1048,PROPN
1049,pdnc,qID,Q382-0,You,66552,66555,7,470,4,M_1049,Other
1050,pdnc,qID,Q382-0,you,66568,66571,7,470,4,M_1050,Other
1051,pdnc,qID,Q382-0,you,66634,66637,7,470,4,M_1051,Other
1052,pdnc,qID,Q383-0,darling Tony,66716,66728,35,471,4,M_1052,Other
1053,exp,exp_name,beaver,Beaver,66870,66876,5,473,4,M_1053,PROPN
1054,exp,exp_name,brenda,Brenda,66984,66990,7,474,4,M_1054,PROPN
1055,pdnc,qID,Q384-0,You,67043,67046,7,476,4,M_1055,Other
1056,exp,exp_name,tony,Tony,67082,67086,35,476,4,M_1056,PROPN
1057,pdnc,qID,Q385-0,Mr Cruttwell,67124,67136,67,477,4,M_1057,PROPN
1058,pdnc,qID,Q385-0,He,67138,67140,67,477,4,M_1058,Other
1059,pdnc,qID,Q386-0,mummy ,67226,67232,7,479,5,M_1059,PROPN
1060,pdnc,qID,Q389-0,Lady Cockpurse,67275,67289,23,482,5,M_1060,PROPN
1061,pdnc,qID,Q390-0,she,67315,67318,23,483,5,M_1061,Other
1062,booknlp,COREF,219,I,67345,67346,35,484,5,M_1062,Other
1063,pdnc,qID,Q393-0,she,67373,67376,23,486,5,M_1063,Other
1064,booknlp,COREF,219,I,67401,67402,35,487,5,M_1064,Other
1065,pdnc,qID,Q394-0,her,67422,67425,23,487,5,M_1065,Other
1066,pdnc,qID,Q394-0,she,67432,67435,23,487,5,M_1066,Other
1067,pdnc,qID,Q394-0,she,67456,67459,23,487,5,M_1067,Other
1068,pdnc,qID,Q394-0,Ben,67472,67475,6,487,5,M_1068,PROPN
1069,pdnc,qID,Q394-0,Ben,67602,67605,6,487,5,M_1069,PROPN
1070,exp,exp_name,brenda,Brenda,67664,67670,7,488,5,M_1070,PROPN
1071,pdnc,qID,Q395-0,Daddy,67685,67690,35,488,5,M_1071,Other
1072,pdnc,qID,Q395-0,Lady Cockpurse,67702,67716,23,488,5,M_1072,PROPN
1073,exp,exp_name,john andrew,John Andrew,67873,67884,12,492,5,M_1073,PROPN
1074,pdnc,qID,Q399-0,You,68136,68139,12,493,5,M_1074,Other
1075,exp,exp_name,nanny,nanny,68194,68199,76,493,5,M_1075,PROPN
1076,pdnc,qID,Q399-1,Lady Cockpurse ,68217,68232,23,493,5,M_1076,PROPN
1077,pdnc,qID,Q399-1,she,68238,68241,23,493,5,M_1077,Other
1078,pdnc,qID,Q400-0,She,68261,68264,23,494,5,M_1078,Other
1079,pdnc,qID,Q400-0,her,68306,68309,23,494,5,M_1079,Other
1080,pdnc,qID,Q400-0,she,68334,68337,23,494,5,M_1080,Other
1081,exp,exp_name,brenda,Brenda,68457,68463,7,496,5,M_1081,PROPN
1082,exp,exp_name,marjorie,Marjorie,68479,68487,15,496,5,M_1082,PROPN
1083,pdnc,qID,Q401-0,darling,68569,68576,7,496,5,M_1083,Other
1084,exp,exp_name,marjorie,Marjorie,68596,68604,15,498,5,M_1084,PROPN
1085,exp,exp_name,the woman at whose house she was dining,the woman at whose house she was dining,68620,68659,99,498,5,M_1085,PROPN
1086,pdnc,qID,Q403-0,you,68678,68681,15,498,5,M_1086,Other
1087,pdnc,qID,Q403-0,you,68698,68701,15,498,5,M_1087,Other
1088,pdnc,qID,Q403-0,Allan ,68713,68719,3,498,5,M_1088,PROPN
1089,pdnc,qID,Q404-0,He,68748,68750,3,498,5,M_1089,Other
1090,pdnc,qID,Q404-0,He,68782,68784,3,498,5,M_1090,Other
1091,pdnc,qID,Q404-0,Polly,68806,68811,23,498,5,M_1091,Other
1092,pdnc,qID,Q405-0,you ,68836,68840,15,498,5,M_1092,Other
1093,pdnc,qID,Q407-0,John Beaver,68978,68989,5,498,5,M_1093,PROPN
1094,pdnc,qID,Q407-0,he,69000,69002,5,498,5,M_1094,Other
1095,pdnc,qID,Q408-0,You,69020,69023,7,499,5,M_1095,Other
1096,exp,exp_name,marjorie,Marjorie,69036,69044,15,499,5,M_1096,PROPN
1097,pdnc,qID,Q408-1,you,69075,69078,7,499,5,M_1097,Other
1098,pdnc,qID,Q408-1,You,69115,69118,7,499,5,M_1098,Other
1099,exp,exp_name,beaver,Beaver,69187,69193,5,501,5,M_1099,PROPN
1100,booknlp,COREF,175,he,69255,69257,5,501,5,M_1100,Other
1101,booknlp,COREF,175,he,69325,69327,5,501,5,M_1101,Other
1102,booknlp,COREF,175,his,69366,69369,5,501,5,M_1102,Other
1103,booknlp,COREF,175,he,69376,69378,5,501,5,M_1103,Other
1104,booknlp,COREF,175,his,69451,69454,5,501,5,M_1104,Other
1105,booknlp,COREF,175,he,69465,69467,5,501,5,M_1105,Other
1106,booknlp,COREF,175,he,69504,69506,5,501,5,M_1106,Other
1107,pdnc,qID,Q410-0,your Mr Beaver,69557,69571,5,502,5,M_1107,Other
1108,exp,exp_name,marjorie,Marjorie,69588,69596,15,502,5,M_1108,PROPN
1109,pdnc,qID,Q410-1,him,69610,69613,5,502,5,M_1109,Other
1110,pdnc,qID,Q410-1,his,69623,69626,5,502,5,M_1110,Other
1111,exp,exp_name,beaver,Beaver,69718,69724,5,503,5,M_1111,PROPN
1112,booknlp,COREF,191,his,69742,69745,5,503,5,M_1112,Other
1113,booknlp,COREF,191,He,69752,69754,5,503,5,M_1113,Other
1114,booknlp,COREF,191,his,69796,69799,5,503,5,M_1114,Other
1115,booknlp,COREF,191,he,69811,69813,5,504,5,M_1115,Other
1116,booknlp,COREF,175,your,69828,69832,5,504,5,M_1116,Other
1117,exp,exp_name,beaver,Beaver,69836,69842,5,504,5,M_1117,PROPN
1118,exp,exp_name,marjorie,Marjorie,69845,69853,15,504,5,M_1118,PROPN
1119,booknlp,COREF,175,he,69900,69902,5,504,5,M_1119,Other
1120,booknlp,COREF,175,him,70136,70139,5,504,5,M_1120,Other
1121,booknlp,COREF,175,he,70196,70198,5,504,5,M_1121,Other
1122,exp,exp_name,brenda,Brenda,70218,70224,7,504,5,M_1122,PROPN
1123,pdnc,qID,Q411-0,Mrs Jimmy Deane,70247,70262,99,505,5,M_1123,PROPN
1124,pdnc,qID,Q411-0,she,70281,70284,99,505,5,M_1124,Other
1125,pdnc,qID,Q411-0,you,70298,70301,5,505,5,M_1125,Other
1126,booknlp,COREF,175,I,70316,70317,5,505,5,M_1126,Other
1127,pdnc,qID,Q411-0,you,70340,70343,5,505,5,M_1127,Other
1128,pdnc,qID,Q412-0,her,70364,70367,99,506,5,M_1128,Other
1129,booknlp,COREF,191,my,70368,70370,5,506,5,M_1129,Other
1130,exp,exp_name,beaver,Beaver,70383,70389,5,506,5,M_1130,PROPN
1131,pdnc,qID,Q412-1,Polly,70417,70422,23,506,5,M_1131,Other
1132,booknlp,COREF,175,I,70429,70430,5,507,5,M_1132,Other
1133,exp,exp_name,brenda,Brenda,70483,70489,7,508,5,M_1133,PROPN
1134,exp,exp_name,beaver,Beaver,70584,70590,5,509,5,M_1134,PROPN
1135,exp,exp_name,brenda,Brenda,70697,70703,7,510,5,M_1135,PROPN
1136,exp,exp_name,marjorie,Marjorie,70782,70790,15,511,5,M_1136,PROPN
1137,exp,exp_name,beaver,Beaver,70938,70944,5,511,5,M_1137,PROPN
1138,booknlp,COREF,191,he,70968,70970,5,511,5,M_1138,Other
1139,exp,exp_name,brenda,Brenda,70999,71005,7,511,5,M_1139,PROPN
1140,booknlp,COREF,191,he,71084,71086,5,511,5,M_1140,Other
1141,booknlp,COREF,191,he,71124,71126,5,511,5,M_1141,Other
1142,booknlp,COREF,191,I,71156,71157,5,511,5,M_1142,Other
1143,booknlp,COREF,191,I,71210,71211,5,513,5,M_1143,Other
1144,booknlp,COREF,191,I,71261,71262,5,514,5,M_1144,Other
1145,pdnc,qID,Q419-0,you,71268,71271,5,514,5,M_1145,Other
1146,booknlp,COREF,191,my,71308,71310,5,514,5,M_1146,Other
1147,booknlp,COREF,191,I,71375,71376,5,516,5,M_1147,Other
1148,pdnc,qID,Q421-0,you,71397,71400,5,516,5,M_1148,Other
1149,booknlp,COREF,191,I,71454,71455,5,516,5,M_1149,Other
1150,exp,exp_name,beaver,Beaver,71474,71480,5,517,5,M_1150,PROPN
1151,exp,exp_name,beaver,Beaver,71571,71577,5,518,5,M_1151,PROPN
1152,booknlp,COREF,191,me,71612,71614,5,518,5,M_1152,Other
1153,booknlp,COREF,191,he,71685,71687,5,518,5,M_1153,Other
1154,booknlp,COREF,191,he,71721,71723,5,518,5,M_1154,Other
1155,booknlp,COREF,191,He,71755,71757,5,518,5,M_1155,Other
1156,pdnc,qID,Q422-0,Brenda,71775,71781,7,518,5,M_1156,PROPN
1157,booknlp,COREF,191,his,71940,71943,5,518,5,M_1157,Other
1158,exp,exp_name,beaver,Beaver,72003,72009,5,519,5,M_1158,PROPN
1159,booknlp,COREF,191,his,72067,72070,5,520,5,M_1159,Other
1160,exp,exp_name,brenda,Brenda,72257,72263,7,520,5,M_1160,PROPN
1161,booknlp,COREF,191,him,72271,72274,5,520,5,M_1161,Other
1162,pdnc,qID,Q423-0,You,72286,72289,5,520,5,M_1162,Other
1163,exp,exp_name,brenda,Brenda,72440,72446,7,521,5,M_1163,PROPN
1164,exp,exp_name,beaver,Beaver,72521,72527,5,521,5,M_1164,PROPN
1165,booknlp,COREF,191,him,72678,72681,5,521,5,M_1165,Other
1166,pdnc,qID,Q424-0,You,72684,72687,5,521,5,M_1166,Other
1167,exp,exp_name,beaver,Beaver,73035,73041,5,523,5,M_1167,PROPN
1168,booknlp,COREF,191,I,73049,73050,5,523,5,M_1168,Other
1169,booknlp,COREF,191,I,73059,73060,5,523,5,M_1169,Other
1170,booknlp,COREF,191,He,73103,73105,5,525,5,M_1170,Other
1171,pdnc,qID,Q427-0,you,73132,73135,7,525,5,M_1171,Other
1172,booknlp,COREF,191,I,73146,73147,5,525,5,M_1172,Other
1173,pdnc,qID,Q427-0,you,73162,73165,7,525,5,M_1173,Other
1174,booknlp,COREF,191,Me,73179,73181,5,526,5,M_1174,Other
1175,pdnc,qID,Q429-0,you,73226,73229,7,527,5,M_1175,Other
1176,booknlp,COREF,191,me,73234,73236,5,527,5,M_1176,Other
1177,pdnc,qID,Q430-0,you,73250,73253,5,528,5,M_1177,Other
1178,pdnc,qID,Q431-0,you,73286,73289,7,529,5,M_1178,Other
1179,pdnc,qID,Q432-0,You,73299,73302,5,530,5,M_1179,Other
1180,pdnc,qID,Q432-0,you,73346,73349,5,530,5,M_1180,Other
1181,booknlp,COREF,191,he,73375,73377,5,531,5,M_1181,Other
1182,pdnc,qID,Q433-0,You,73390,73393,7,531,5,M_1182,Other
1183,booknlp,COREF,191,me,73402,73404,5,531,5,M_1183,Other
1184,booknlp,COREF,191,I,73411,73412,5,531,5,M_1184,Other
1185,booknlp,COREF,191,I,73505,73506,5,533,5,M_1185,Other
1186,exp,exp_name,brenda,Brenda,73550,73556,7,534,5,M_1186,PROPN
1187,pdnc,qID,Q436-0,you,73611,73614,5,534,5,M_1187,Other
1188,pdnc,qID,Q436-0,Polly,73663,73668,23,534,5,M_1188,Other
1189,exp,exp_name,beaver,Beaver,73736,73742,5,535,5,M_1189,PROPN
1190,exp,exp_name,brenda,Brenda,73747,73753,7,535,5,M_1190,PROPN
1191,booknlp,COREF,191,he,73779,73781,5,535,5,M_1191,Other
1192,booknlp,COREF,191,he,73787,73789,5,535,5,M_1192,Other
1193,pdnc,qID,Q437-0,You,73803,73806,5,536,5,M_1193,Other
1194,booknlp,COREF,191,you,73874,73877,5,536,5,M_1194,Other
1195,booknlp,COREF,191,him,73961,73964,5,536,5,M_1195,Other
1196,exp,exp_name,beaver,Beaver,73971,73977,5,536,5,M_1196,PROPN
1197,pdnc,qID,Q438-0,you,73995,73998,5,536,5,M_1197,Other
1198,booknlp,COREF,191,I,74019,74020,5,536,5,M_1198,Other
1199,exp,exp_name,beaver,Beaver,74083,74089,5,537,5,M_1199,PROPN
1200,exp,exp_name,brenda,Brenda,74120,74126,7,537,5,M_1200,PROPN
1201,booknlp,COREF,191,him,74137,74140,5,537,5,M_1201,Other
1202,exp,exp_name,beaver,Beaver,74177,74183,5,538,5,M_1202,PROPN
1203,exp,exp_name,brenda,Brenda,74202,74208,7,538,5,M_1203,PROPN
1204,booknlp,COREF,191,him,74216,74219,5,538,5,M_1204,Other
1205,booknlp,COREF,191,he,74245,74247,5,538,5,M_1205,Other
1206,booknlp,COREF,191,he,74290,74292,5,538,5,M_1206,Other
1207,exp,exp_name,brenda,Brenda,74427,74433,7,539,5,M_1207,PROPN
1208,booknlp,COREF,191,he,74454,74456,5,540,5,M_1208,Other
1209,booknlp,COREF,191,his,74492,74495,5,540,5,M_1209,Other
1210,exp,exp_name,polly,Polly,74579,74584,23,542,5,M_1210,PROPN
1211,exp,exp_name,polly,Polly,75133,75138,23,542,5,M_1211,PROPN
1212,exp,exp_name,cockpurse,Cockpurse,75264,75273,23,542,5,M_1212,PROPN
1213,exp,exp_name,brenda,Brenda,76074,76080,7,543,5,M_1213,PROPN
1214,pdnc,qID,Q441-0,You,76088,76091,5,543,5,M_1214,Other
1215,exp,exp_name,beaver,Beaver,76156,76162,5,543,5,M_1215,PROPN
1216,booknlp,COREF,191,himself,76173,76180,5,543,5,M_1216,Other
1217,pdnc,qID,Q442-0,you,76394,76397,5,544,5,M_1217,Other
1218,exp,exp_name,jock grant-menzies,Jock Grant-Menzies,76452,76470,11,545,5,M_1218,PROPN
1219,exp,exp_name,beaver,Beaver,76516,76522,5,545,5,M_1219,PROPN
1220,booknlp,COREF,191,him,76547,76550,5,545,5,M_1220,Other
1221,booknlp,COREF,191,He,76569,76571,5,545,5,M_1221,Other
1222,booknlp,COREF,191,He,76682,76684,5,545,5,M_1222,Other
1223,booknlp,COREF,191,he,76718,76720,5,545,5,M_1223,Other
1224,booknlp,COREF,191,himself,76726,76733,5,545,5,M_1224,Other
1225,exp,exp_name,brenda,Brenda,76776,76782,7,545,5,M_1225,PROPN
1226,booknlp,COREF,191,he,76787,76789,5,545,5,M_1226,Other
1227,exp,exp_name,brenda,Brenda,76853,76859,7,546,5,M_1227,PROPN
1228,booknlp,COREF,191,he,76864,76866,5,546,5,M_1228,Other
1229,pdnc,qID,Q444-0,you,77135,77138,5,548,5,M_1229,Other
1230,booknlp,COREF,191,him,77165,77168,5,548,5,M_1230,Other
1231,booknlp,COREF,191,him,77204,77207,5,548,5,M_1231,Other
1232,exp,exp_name,brenda,Brenda,77289,77295,7,549,5,M_1232,PROPN
1233,exp,exp_name,tony,Tony,77408,77412,35,549,5,M_1233,PROPN
1234,exp,exp_name,beaver,Beaver,77503,77509,5,549,5,M_1234,PROPN
1235,booknlp,COREF,191,him,77519,77522,5,549,5,M_1235,Other
1236,exp,exp_name,brenda,Brenda,77568,77574,7,549,5,M_1236,PROPN
1237,exp,exp_name,beaver,Beaver,77663,77669,5,549,5,M_1237,PROPN
1238,booknlp,COREF,191,he,77773,77775,5,549,5,M_1238,Other
1239,pdnc,qID,Q445-0,you,77822,77825,5,549,5,M_1239,Other
1240,exp,exp_name,brenda,Brenda,78151,78157,7,552,5,M_1240,PROPN
1241,pdnc,qID,Q450-0,you,78319,78322,5,554,5,M_1241,Other
1242,pdnc,qID,Q450-0,yourself,78344,78352,5,554,5,M_1242,Other
1243,booknlp,COREF,191,I,78367,78368,5,555,5,M_1243,Other
1244,exp,exp_name,beaver,Beaver,78384,78390,5,555,5,M_1244,PROPN
1245,exp,exp_name,brenda,Brenda,78421,78427,7,556,5,M_1245,PROPN
1246,booknlp,COREF,191,he,78441,78443,5,556,5,M_1246,Other
1247,booknlp,COREF,191,his,78448,78451,5,556,5,M_1247,Other
1248,exp,exp_name,brenda,Brenda,78569,78575,7,558,5,M_1248,PROPN
1249,exp,exp_name,beaver,Beaver,78593,78599,5,558,5,M_1249,PROPN
1250,booknlp,COREF,191,I,78611,78612,5,559,5,M_1250,Other
1251,booknlp,COREF,191,I,78623,78624,5,559,5,M_1251,Other
1252,pdnc,qID,Q453-0,you,78635,78638,5,559,5,M_1252,Other
1253,pdnc,qID,Q453-0,You,78655,78658,5,559,5,M_1253,Other
1254,booknlp,COREF,191,my,78672,78674,5,559,5,M_1254,Other
1255,booknlp,COREF,191,I,78685,78686,5,559,5,M_1255,Other
1256,pdnc,qID,Q455-0,my dear,78769,78776,5,561,5,M_1256,Other
1257,pdnc,qID,Q455-0,you,78784,78787,5,561,5,M_1257,Other
1258,booknlp,COREF,191,me,78823,78825,5,561,5,M_1258,Other
1259,booknlp,COREF,191,I,78827,78828,5,561,5,M_1259,Other
1260,booknlp,COREF,191,I,78838,78839,5,561,5,M_1260,Other
1261,pdnc,qID,Q455-0,your,78855,78859,5,561,5,M_1261,Other
1262,exp,exp_name,beaver,Beaver,78897,78903,5,562,5,M_1262,PROPN
1263,pdnc,qID,Q457-0,you,78912,78915,5,563,5,M_1263,Other
1264,exp,exp_name,beaver,Beaver,79018,79024,5,564,5,M_1264,PROPN
1265,booknlp,COREF,191,he,79052,79054,5,564,5,M_1265,Other
1266,booknlp,COREF,191,He,79104,79106,5,564,5,M_1266,Other
1267,exp,exp_name,polly,Polly,79138,79143,23,564,5,M_1267,PROPN
1268,booknlp,COREF,191,he,79181,79183,5,564,5,M_1268,Other
1269,booknlp,COREF,191,his,79189,79192,5,564,5,M_1269,Other
1270,booknlp,COREF,191,he,79249,79251,5,565,5,M_1270,Other
1271,booknlp,COREF,191,he,79266,79268,5,565,5,M_1271,Other
1272,booknlp,COREF,191,his,79316,79319,5,565,5,M_1272,Other
1273,booknlp,COREF,191,He,79331,79333,5,565,5,M_1273,Other
1274,exp,exp_name,brenda,Brenda,79377,79383,7,565,5,M_1274,PROPN
1275,pdnc,qID,Q458-0,Darling,79395,79402,5,566,5,M_1275,Other
1276,booknlp,COREF,191,I,79404,79405,5,566,5,M_1276,Other
1277,booknlp,COREF,191,I,79434,79435,5,566,5,M_1277,Other
1278,pdnc,qID,Q458-0,you,79444,79447,5,566,5,M_1278,Other
1279,pdnc,qID,Q458-0,Polly,79471,79476,23,566,5,M_1279,Other
1280,booknlp,COREF,219,your,79504,79508,35,566,5,M_1280,Other
1281,booknlp,COREF,191,I,79618,79619,5,569,5,M_1281,Other
1282,booknlp,COREF,191,I,79680,79681,5,571,5,M_1282,Other
1283,pdnc,qID,Q464-0,you,79712,79715,5,572,5,M_1283,Other
1284,booknlp,COREF,191,me,79724,79726,5,572,5,M_1284,Other
1285,pdnc,qID,Q466-0,you,79768,79771,5,574,5,M_1285,Other
1286,pdnc,qID,Q468-0,you,79825,79828,5,576,5,M_1286,Other
1287,exp,exp_name,beaver,Beaver,79832,79838,5,577,5,M_1287,PROPN
1288,booknlp,COREF,191,I,80001,80002,5,580,5,M_1288,Other
1289,pdnc,qID,Q470-0,you,80014,80017,15,580,5,M_1289,Other
1290,pdnc,qID,Q470-0,He,80039,80041,5,580,5,M_1290,Other
1291,pdnc,qID,Q472-0,he,80103,80105,5,582,5,M_1291,Other
1292,booknlp,COREF,191,I,80123,80124,5,582,5,M_1292,Other
1293,pdnc,qID,Q472-0,him,80130,80133,5,582,5,M_1293,Other
1294,pdnc,qID,Q473-0,he,80151,80153,5,583,5,M_1294,Other
1295,pdnc,qID,Q473-0,you,80163,80166,7,583,5,M_1295,Other
1296,booknlp,COREF,191,me,80189,80191,5,584,5,M_1296,Other
1297,pdnc,qID,Q475-0,you,80257,80260,7,585,5,M_1297,Other
1298,booknlp,COREF,191,I,80288,80289,5,586,5,M_1298,Other
1299,pdnc,qID,Q477-0,him,80343,80346,5,586,5,M_1299,Other
1300,exp,exp_name,brenda,Brenda,80367,80373,7,588,5,M_1300,PROPN
1301,exp,exp_name,marjorie,Marjorie,80388,80396,15,588,5,M_1301,PROPN
1302,exp,exp_name,marjorie,Marjorie,80443,80451,15,588,5,M_1302,PROPN
1303,pdnc,qID,Q478-0,Brenda,80520,80526,7,588,5,M_1303,PROPN
1304,pdnc,qID,Q478-0,he,80528,80530,5,588,5,M_1304,Other
1305,booknlp,COREF,191,I,80563,80564,5,589,5,M_1305,Other
1306,pdnc,qID,Q479-0,He,80578,80580,5,589,5,M_1306,Other
1307,booknlp,COREF,191,I,80611,80612,5,589,5,M_1307,Other
1308,booknlp,COREF,191,I,80650,80651,5,589,5,M_1308,Other
1309,pdnc,qID,Q479-0,him,80679,80682,5,589,5,M_1309,Other
1310,booknlp,COREF,191,I,80706,80707,5,589,5,M_1310,Other
1311,pdnc,qID,Q479-0,he,80719,80721,5,589,5,M_1311,Other
1312,pdnc,qID,Q479-0,he,80746,80748,5,589,5,M_1312,Other
1313,pdnc,qID,Q479-0,that odious mother,80755,80773,75,589,5,M_1313,Other
1314,pdnc,qID,Q479-0,he,80779,80781,5,589,5,M_1314,Other
1315,pdnc,qID,Q479-0,he,80796,80798,5,589,5,M_1315,Other
1316,booknlp,COREF,191,I,80824,80825,5,589,5,M_1316,Other
1317,pdnc,qID,Q479-0,he,80838,80840,5,589,5,M_1317,Other
1318,booknlp,COREF,191,I,80860,80861,5,589,5,M_1318,Other
1319,pdnc,qID,Q479-0,He,80893,80895,5,589,5,M_1319,Other
1320,pdnc,qID,Q479-0,he,80975,80977,5,589,5,M_1320,Other
1321,pdnc,qID,Q479-0,he,81028,81030,5,589,5,M_1321,Other
1322,pdnc,qID,Q479-0,his,81088,81091,5,589,5,M_1322,Other
1323,pdnc,qID,Q480-0,you,81122,81125,7,590,5,M_1323,Other
1324,pdnc,qID,Q481-0,him,81184,81187,5,592,5,M_1324,Other
1325,exp,exp_name,brenda,Brenda,81249,81255,7,593,5,M_1325,PROPN
1326,pdnc,qID,Q483-0,Polly,81326,81331,23,594,5,M_1326,Other
1327,pdnc,qID,Q484-0,the old girl,81381,81393,23,595,5,M_1327,Other
1328,pdnc,qID,Q484-0,your sister,81421,81432,7,595,5,M_1328,Other
1329,pdnc,qID,Q484-0,Mr Beaver,81437,81446,5,595,5,M_1329,PROPN
1330,pdnc,qID,Q487-0,Polly,81532,81537,23,598,5,M_1330,Other
1331,pdnc,qID,Q488-0,the boy,81599,81606,5,599,5,M_1331,Other
1332,pdnc,qID,Q488-0,He,81647,81649,5,599,5,M_1332,Other
1333,pdnc,qID,Q489-0,Polly,81700,81705,23,600,5,M_1333,Other
1334,pdnc,qID,Q489-0,your ,81714,81719,7,600,5,M_1334,Other
1335,pdnc,qID,Q489-0,She,81726,81729,23,600,5,M_1335,Other
1336,pdnc,qID,Q490-0,The cub,81821,81828,5,601,5,M_1336,Other
1337,pdnc,qID,Q490-0,him,81872,81875,5,601,5,M_1337,Other
1338,pdnc,qID,Q490-0,he,81889,81891,5,601,5,M_1338,Other
1339,pdnc,qID,Q490-0,him,81976,81979,5,601,5,M_1339,Other
1340,exp,exp_name,allan,Allan,81998,82003,3,601,5,M_1340,PROPN
1341,booknlp,COREF,239,he,82059,82061,3,601,5,M_1341,Other
1342,booknlp,COREF,239,I,82114,82115,3,601,5,M_1342,Other
1343,pdnc,qID,Q491-0,Brenda,82121,82127,7,601,5,M_1343,PROPN
1344,booknlp,COREF,239,he,82148,82150,3,601,5,M_1344,Other
1345,exp,exp_name,brenda,Brenda,82175,82181,7,602,5,M_1345,PROPN
1346,pdnc,qID,Q493-0,you,82309,82312,5,604,5,M_1346,Other
1347,pdnc,qID,Q493-0,Polly,82316,82321,23,604,5,M_1347,Other
1348,exp,exp_name,mrs beaver,Mrs Beaver,82342,82352,75,604,5,M_1348,PROPN
1349,pdnc,qID,Q493-1,you,82370,82373,5,604,5,M_1349,Other
1350,pdnc,qID,Q494-0,Brenda Last,82393,82404,7,605,5,M_1350,PROPN
1351,pdnc,qID,Q495-0,She,82419,82422,7,606,5,M_1351,Other
1352,pdnc,qID,Q495-0,you,82456,82459,5,606,5,M_1352,Other
1353,pdnc,qID,Q495-0,her,82481,82484,7,606,5,M_1353,Other
1354,pdnc,qID,Q495-0,you,82495,82498,5,606,5,M_1354,Other
1355,pdnc,qID,Q495-0,her,82512,82515,7,606,5,M_1355,Other
1356,booknlp,COREF,239,I,82526,82527,3,607,5,M_1356,Other
1357,booknlp,COREF,239,I,82533,82534,3,607,5,M_1357,Other
1358,pdnc,qID,Q497-0,you,82565,82568,5,608,5,M_1358,Other
1359,pdnc,qID,Q498-0,mumsy,82577,82582,75,609,5,M_1359,Other
1360,booknlp,COREF,239,I,82600,82601,3,609,5,M_1360,Other
1361,pdnc,qID,Q498-0,Brenda Last,82648,82659,7,609,5,M_1361,PROPN
1362,booknlp,COREF,239,I,82664,82665,3,609,5,M_1362,Other
1363,pdnc,qID,Q498-0,she,82674,82677,7,609,5,M_1363,Other
1364,pdnc,qID,Q498-0,you,82695,82698,5,609,5,M_1364,Other
1365,booknlp,COREF,239,I,82710,82711,3,609,5,M_1365,Other
1366,pdnc,qID,Q498-0,her,82730,82733,7,609,5,M_1366,Other
1367,booknlp,COREF,239,I,82789,82790,3,609,5,M_1367,Other
1368,pdnc,qID,Q499-0,my son,82828,82834,5,610,5,M_1368,Other
1369,pdnc,qID,Q499-0,you,82860,82863,5,610,5,M_1369,Other
1370,pdnc,qID,Q499-0,you,82871,82874,5,610,5,M_1370,Other
1371,pdnc,qID,Q499-0,yourself,83006,83014,5,610,5,M_1371,Other
1372,pdnc,qID,Q499-0,you,83029,83032,5,610,5,M_1372,Other
1373,pdnc,qID,Q499-0,You,83039,83042,5,610,5,M_1373,Other
1374,pdnc,qID,Q499-0,Brenda,83112,83118,7,610,5,M_1374,PROPN
1375,pdnc,qID,Q499-0,you,83125,83128,5,610,5,M_1375,Other
1376,pdnc,qID,Q499-0,she,83143,83146,7,610,5,M_1376,Other
1377,pdnc,qID,Q500-0,she,83165,83168,7,611,5,M_1377,Other
1378,booknlp,COREF,239,me,83175,83177,3,611,5,M_1378,Other
1379,pdnc,qID,Q501-0,she,83199,83202,7,612,5,M_1379,Other
1380,pdnc,qID,Q501-0,her,83212,83215,7,612,5,M_1380,Other
1381,pdnc,qID,Q501-0,You,83335,83338,5,612,5,M_1381,Other
1382,exp,exp_name,chambers,Chambers,83520,83528,51,612,5,M_1382,PROPN
1383,pdnc,qID,Q501-0,Sylvia Newport,83582,83596,86,612,5,M_1383,PROPN
1384,pdnc,qID,Q501-0,you,83723,83726,5,612,5,M_1384,Other
1385,pdnc,qID,Q502-0,Margot,83740,83746,14,613,5,M_1385,PROPN
1386,exp,exp_name,beaver,Beaver,83819,83825,5,614,5,M_1386,PROPN
1387,exp,exp_name,brenda,Brenda,83866,83872,7,614,5,M_1387,PROPN
1388,exp,exp_name,tony,Tony,83926,83930,35,614,5,M_1388,PROPN
1389,booknlp,COREF,219,you,84088,84091,35,615,5,M_1389,Other
1390,pdnc,qID,Q505-0,Margot,84100,84106,14,615,5,M_1390,PROPN
1391,exp,exp_name,beaver,Beaver,84175,84181,5,617,5,M_1391,PROPN
1392,booknlp,COREF,219,He,84190,84192,35,618,5,M_1392,Other
1393,booknlp,COREF,219,I,84287,84288,35,618,5,M_1393,Other
1394,pdnc,qID,Q507-0,you,84319,84322,7,618,5,M_1394,Other
1395,booknlp,COREF,219,he,84338,84340,35,618,5,M_1395,Other
1396,exp,exp_name,brenda,Brenda,84403,84409,7,619,5,M_1396,PROPN
1397,pdnc,qID,Q508-1,you,84422,84425,5,619,5,M_1397,Other
1398,exp,exp_name,tony,Tony,84456,84460,35,620,5,M_1398,PROPN
1399,exp,exp_name,marjorie,Marjorie,84476,84484,15,620,5,M_1399,PROPN
1400,booknlp,COREF,219,you,84516,84519,35,620,5,M_1400,Other
1401,pdnc,qID,Q509-0,mummy,84539,84544,7,622,6,M_1401,PROPN
1402,pdnc,qID,Q511-0,That monkey-woman,84582,84599,23,624,6,M_1402,Other
1403,pdnc,qID,Q511-0,her,84670,84673,7,624,6,M_1403,Other
1404,pdnc,qID,Q513-0,She,84701,84704,7,626,6,M_1404,Other
1405,pdnc,qID,Q513-0,She,84744,84747,7,626,6,M_1405,Other
1406,pdnc,qID,Q513-0,she,84795,84798,7,626,6,M_1406,Other
1407,pdnc,qID,Q513-0,daddy,84800,84805,35,626,6,M_1407,Other
1408,exp,exp_name,tony,Tony,84837,84841,35,627,6,M_1408,PROPN
1409,exp,exp_name,john andrew,John Andrew,84846,84857,12,627,6,M_1409,PROPN
1410,exp,exp_name,the stationmaster,The stationmaster,84974,84991,97,627,6,M_1410,PROPN
1411,pdnc,qID,Q514-0,Her ladyship,85019,85031,7,627,6,M_1411,Other
1412,exp,exp_name,tony,Tony,85077,85081,35,627,6,M_1412,PROPN
1413,pdnc,qID,Q515-0,her,85107,85110,7,628,6,M_1413,Other
1414,pdnc,qID,Q515-0,You,85122,85125,97,628,6,M_1414,Other
1415,pdnc,qID,Q516-0,Sam Brace's wife,85172,85188,80,629,6,M_1415,Other
1416,pdnc,qID,Q516-0,he,85208,85210,79,629,6,M_1416,Other
1417,pdnc,qID,Q516-0,her,85224,85227,80,629,6,M_1417,Other
1418,pdnc,qID,Q516-0,her,85257,85260,80,629,6,M_1418,Other
1419,pdnc,qID,Q516-0,she,85279,85282,80,629,6,M_1419,Other
1420,pdnc,qID,Q516-0,him,85288,85291,79,629,6,M_1420,Other
1421,exp,exp_name,brenda,Brenda,85336,85342,7,630,6,M_1421,PROPN
1422,pdnc,qID,Q518-0,mummy,85470,85475,7,631,6,M_1422,PROPN
1423,pdnc,qID,Q518-0,you,85482,85485,7,631,6,M_1423,Other
1424,pdnc,qID,Q518-0,the monkey-lady,85494,85509,23,631,6,M_1424,Other
1425,pdnc,qID,Q519-0,the child,85526,85535,12,632,6,M_1425,Other
1426,pdnc,qID,Q520-0,He,85545,85547,12,633,6,M_1426,Other
1427,pdnc,qID,Q520-0,his,85562,85565,12,633,6,M_1427,Other
1428,pdnc,qID,Q520-0,your chum Polly,85576,85591,23,633,6,M_1428,Other
1429,pdnc,qID,Q521-0,she,85656,85659,23,634,6,M_1429,Other
1430,pdnc,qID,Q523-0,Ben,85805,85808,6,637,6,M_1430,PROPN
1431,pdnc,qID,Q523-0,nanny,86010,86015,76,637,6,M_1431,Other
1432,pdnc,qID,Q523-0,her,86022,86025,76,637,6,M_1432,Other
1433,pdnc,qID,Q523-0,daddy ,86061,86067,35,637,6,M_1433,Other
1434,pdnc,qID,Q523-0,he,86112,86114,35,637,6,M_1434,Other
1435,exp,exp_name,tony,Tony,86368,86372,35,638,6,M_1435,PROPN
1436,pdnc,qID,Q524-1,you,86388,86391,7,638,6,M_1436,Other
1437,pdnc,qID,Q524-1,you,86402,86405,7,638,6,M_1437,Other
1438,pdnc,qID,Q525-0,you,86493,86496,35,639,6,M_1438,Other
1439,pdnc,qID,Q529-0,you,86742,86745,35,643,6,M_1439,Other
1440,pdnc,qID,Q533-0,Tony,86885,86889,35,647,6,M_1440,PROPN
1441,pdnc,qID,Q534-0,you,86919,86922,7,648,6,M_1441,Other
1442,pdnc,qID,Q535-0,you,86980,86983,35,649,6,M_1442,Other
1443,booknlp,COREF,219,I,87047,87048,35,650,6,M_1443,Other
1444,pdnc,qID,Q537-0,daddy,87099,87104,35,651,6,M_1444,Other
1445,exp,exp_name,brenda,Brenda,87164,87170,7,653,6,M_1445,PROPN
1446,exp,exp_name,tony,Tony,87223,87227,35,653,6,M_1446,PROPN
1447,booknlp,COREF,219,his,87266,87269,35,653,6,M_1447,Other
1448,pdnc,qID,Q538-0,you,87314,87317,7,654,6,M_1448,Other
1449,pdnc,qID,Q538-0,your,87348,87352,7,654,6,M_1449,Other
1450,pdnc,qID,Q540-0,You,87371,87374,7,656,6,M_1450,Other
1451,pdnc,qID,Q540-0,you,87411,87414,7,656,6,M_1451,Other
1452,exp,exp_name,brenda,Brenda,87427,87433,7,657,6,M_1452,PROPN
1453,exp,exp_name,tony,Tony,87493,87497,35,658,6,M_1453,PROPN
1454,booknlp,COREF,219,his,87512,87515,35,658,6,M_1454,Other
1455,exp,exp_name,brenda,Brenda,87523,87529,7,659,6,M_1455,PROPN
1456,booknlp,COREF,219,you,87585,87588,35,659,6,M_1456,Other
1457,pdnc,qID,Q545-0,you,87631,87634,35,661,6,M_1457,Other
1458,pdnc,qID,Q545-0,you,87645,87648,35,661,6,M_1458,Other
1459,pdnc,qID,Q545-0,you,87660,87663,35,661,6,M_1459,Other
1460,pdnc,qID,Q545-0,You,87713,87716,35,661,6,M_1460,Other
1461,pdnc,qID,Q545-0,you,87950,87953,35,661,6,M_1461,Other
1462,pdnc,qID,Q545-0,Tony,87955,87959,35,661,6,M_1462,PROPN
1463,booknlp,COREF,219,You,88048,88051,35,663,6,M_1463,Other
1464,pdnc,qID,Q549-0,a woman,88109,88116,75,665,6,M_1464,Other
1465,pdnc,qID,Q549-0,you,88322,88325,35,665,6,M_1465,Other
1466,booknlp,COREF,219,I,88344,88345,35,666,6,M_1466,Other
1467,pdnc,qID,Q551-0,You,88519,88522,35,667,6,M_1467,Other
1468,pdnc,qID,Q551-0,Marjorie ,88601,88610,15,667,6,M_1468,PROPN
1469,pdnc,qID,Q551-0,her ,88632,88636,15,667,6,M_1469,Other
1470,pdnc,qID,Q551-0,she,88658,88661,15,667,6,M_1470,Other
1471,pdnc,qID,Q551-0,you,88682,88685,35,667,6,M_1471,Other
1472,pdnc,qID,Q552-0,you,88785,88788,35,667,6,M_1472,Other
1473,booknlp,COREF,219,you,88840,88843,35,667,6,M_1473,Other
1474,pdnc,qID,Q553-0,you,88937,88940,35,667,6,M_1474,Other
1475,pdnc,qID,Q553-0,Mr Cruttwell,88960,88972,67,667,6,M_1475,PROPN
1476,pdnc,qID,Q554-0,you,88991,88994,7,668,6,M_1476,Other
1477,booknlp,COREF,219,I,89036,89037,35,670,6,M_1477,Other
1478,exp,exp_name,brenda,Brenda,89295,89301,7,673,6,M_1478,PROPN
1479,exp,exp_name,mrs beaver,Mrs Beaver,89557,89567,75,673,6,M_1479,PROPN
1480,exp,exp_name,mrs beaver,Mrs Beaver,89677,89687,75,673,6,M_1480,PROPN
1481,exp,exp_name,mrs beaver,Mrs Beaver,90151,90161,75,673,6,M_1481,PROPN
1482,exp,exp_name,brenda,Brenda,90167,90173,7,673,6,M_1482,PROPN
1483,exp,exp_name,brenda,Brenda,90373,90379,7,674,6,M_1483,PROPN
1484,exp,exp_name,marjorie,Marjorie,90392,90400,15,674,6,M_1484,PROPN
1485,pdnc,qID,Q558-1,your Mr Beaver,90519,90533,5,674,6,M_1485,Other
1486,pdnc,qID,Q558-1,Marjorie,90581,90589,15,674,6,M_1486,PROPN
1487,pdnc,qID,Q560-0,you,90672,90675,7,676,6,M_1487,Other
1488,pdnc,qID,Q561-0,you,90726,90729,15,677,6,M_1488,Other
1489,pdnc,qID,Q561-0,Mr Beaver,90741,90750,5,677,6,M_1489,PROPN
1490,pdnc,qID,Q562-0,Tony,90803,90807,35,678,6,M_1490,PROPN
1491,pdnc,qID,Q563-0,Tony,90816,90820,35,679,6,M_1491,PROPN
1492,pdnc,qID,Q566-0,You,90888,90891,7,682,6,M_1492,Other
1493,pdnc,qID,Q566-0,Allan ,90930,90936,3,682,6,M_1493,PROPN
1494,pdnc,qID,Q567-0,you,91013,91016,15,683,6,M_1494,Other
1495,pdnc,qID,Q567-0,Robin Beaseley,91023,91037,78,683,6,M_1495,PROPN
1496,exp,exp_name,marjorie,Marjorie,91078,91086,15,684,6,M_1496,PROPN
1497,exp,exp_name,brenda,Brenda,91162,91168,7,685,6,M_1497,PROPN
1498,exp,exp_name,beaver,Beaver,91335,91341,5,685,6,M_1498,PROPN
1499,exp,exp_name,brenda,Brenda,91507,91513,7,685,6,M_1499,PROPN
1500,exp,exp_name,beaver,Beaver,92008,92014,5,685,6,M_1500,PROPN
1501,exp,exp_name,jock grant-menzies,Jock Grant-Menzies,92216,92234,11,685,6,M_1501,PROPN
1502,exp,exp_name,robin beaseley,Robin Beaseley,92238,92252,78,685,6,M_1502,PROPN
1503,exp,exp_name,beaver,Beaver,92435,92441,5,685,6,M_1503,PROPN
1504,exp,exp_name,polly,Polly,92495,92500,23,685,6,M_1504,PROPN
1505,exp,exp_name,daisy,Daisy,92505,92510,8,685,6,M_1505,PROPN
1506,exp,exp_name,angela,Angela,92515,92521,44,685,6,M_1506,PROPN
1507,exp,exp_name,mrs beaver,Mrs Beaver,92552,92562,75,686,6,M_1507,PROPN
1508,pdnc,qID,Q569-0,John ,92650,92655,5,686,6,M_1508,PROPN
1509,pdnc,qID,Q569-0,the boy,92714,92721,5,686,6,M_1509,Other
1510,pdnc,qID,Q569-0,he,92749,92751,5,686,6,M_1510,Other
1511,pdnc,qID,Q569-0,him,92903,92906,5,686,6,M_1511,Other
1512,pdnc,qID,Q569-0,Brenda Last,92963,92974,7,686,6,M_1512,PROPN
1513,pdnc,qID,Q569-0,him,93002,93005,5,686,6,M_1513,Other
1514,pdnc,qID,Q569-0,He,93007,93009,5,686,6,M_1514,Other
1515,pdnc,qID,Q569-0,he,93073,93075,5,686,6,M_1515,Other
1516,pdnc,qID,Q569-0,He,93292,93294,5,686,6,M_1516,Other
1517,exp,exp_name,beaver,Beaver,93426,93432,5,687,6,M_1517,PROPN
1518,exp,exp_name,brenda,Brenda,93920,93926,7,689,6,M_1518,PROPN
1519,exp,exp_name,tony,Tony,93935,93939,35,689,6,M_1519,PROPN
1520,exp,exp_name,john andrew,John Andrew,93977,93988,12,689,6,M_1520,PROPN
1521,exp,exp_name,polly cockpurse,Polly Cockpurse,94021,94036,23,689,6,M_1521,PROPN
1522,pdnc,qID,Q572-0,Darling,94458,94465,35,692,6,M_1522,Other
1523,pdnc,qID,Q575-0,You,94903,94906,7,695,6,M_1523,Other
1524,pdnc,qID,Q576-0,Tony,94924,94928,35,696,6,M_1524,PROPN
1525,pdnc,qID,Q576-0,you,94930,94933,35,696,6,M_1525,Other
1526,pdnc,qID,Q576-0,you,95182,95185,35,696,6,M_1526,Other
1527,pdnc,qID,Q578-0,Darling,95229,95236,35,698,6,M_1527,Other
1528,pdnc,qID,Q578-0,you,95271,95274,35,698,6,M_1528,Other
1529,pdnc,qID,Q581-0,you,95332,95335,7,701,6,M_1529,Other
1530,pdnc,qID,Q582-0,my sweet,95380,95388,35,702,6,M_1530,Other
1531,exp,exp_name,beaver,Beaver,95419,95425,5,703,6,M_1531,PROPN
1532,pdnc,qID,Q584-0,Tony ,95598,95603,35,705,6,M_1532,PROPN
1533,pdnc,qID,Q585-0,Tony,95653,95657,35,706,6,M_1533,PROPN
1534,pdnc,qID,Q586-0,you,95683,95686,5,707,6,M_1534,Other
1535,pdnc,qID,Q586-0,my beauty,95688,95697,5,707,6,M_1535,Other
1536,pdnc,qID,Q586-0,he,95699,95701,35,707,6,M_1536,Other
1537,pdnc,qID,Q586-0,you,95715,95718,5,707,6,M_1537,Other
1538,pdnc,qID,Q587-0,he,95742,95744,35,708,6,M_1538,Other
1539,pdnc,qID,Q588-0,You,95781,95784,5,709,6,M_1539,Other
1540,exp,exp_name,beaver,Beaver,95897,95903,5,711,6,M_1540,PROPN
1541,exp,exp_name,tony,Tony,95978,95982,35,711,6,M_1541,PROPN
1542,exp,exp_name,brenda,Brenda,95987,95993,7,711,6,M_1542,PROPN
1543,exp,exp_name,marjorie,Marjorie,96024,96032,15,711,6,M_1543,PROPN
1544,exp,exp_name,allan,Allan,96037,96042,3,711,6,M_1544,PROPN
1545,exp,exp_name,brenda's mother,Brenda's mother,96044,96059,102,711,6,M_1545,PROPN
1546,exp,exp_name,tony,Tony,96061,96065,35,711,6,M_1546,PROPN
1547,exp,exp_name,aunt frances,Aunt Frances,96068,96080,58,711,6,M_1547,PROPN
1548,exp,exp_name,tony,Tony,96214,96218,35,711,6,M_1548,PROPN
1549,exp,exp_name,john andrew,John Andrew,96273,96284,12,711,6,M_1549,PROPN
1550,exp,exp_name,allan,Allan,96709,96714,3,711,6,M_1550,PROPN
1551,booknlp,COREF,239,he,96779,96781,3,711,6,M_1551,Other
1552,exp,exp_name,the vicar,The vicar,97239,97248,98,711,6,M_1552,PROPN
1553,booknlp,COREF,576,his,97258,97261,98,711,6,M_1553,Other
1554,booknlp,COREF,576,his,97306,97309,98,711,6,M_1554,Other
1555,booknlp,COREF,576,he,97377,97379,98,712,6,M_1555,Other
1556,booknlp,COREF,576,his,97405,97408,98,712,6,M_1556,Other
1557,exp,exp_name,the vicar,the vicar,97893,97902,98,712,6,M_1557,PROPN
1558,booknlp,COREF,576,his,97934,97937,98,712,6,M_1558,Other
1559,booknlp,COREF,576,he,98216,98218,98,712,6,M_1559,Other
1560,exp,exp_name,mr tendril,Mr Tendril,98256,98266,69,712,6,M_1560,PROPN
1561,exp,exp_name,tony,Tony,98291,98295,35,712,6,M_1561,PROPN
1562,exp,exp_name,tony,Tony,98308,98312,35,712,6,M_1562,PROPN
1563,exp,exp_name,brenda,Brenda,98602,98608,7,713,6,M_1563,PROPN
1564,exp,exp_name,tony,Tony,98661,98665,35,713,6,M_1564,PROPN
1565,exp,exp_name,aunt frances,Aunt Frances,99111,99123,58,713,6,M_1565,PROPN
1566,pdnc,qID,Q590-0,Dear child,99211,99221,7,713,6,M_1566,Other
1567,exp,exp_name,beaver,Beaver,99784,99790,5,714,6,M_1567,PROPN
1568,exp,exp_name,a page,a page,100774,100780,42,715,6,M_1568,PROPN
1569,exp,exp_name,beaver,Beaver,100782,100788,5,715,6,M_1569,PROPN
1570,exp,exp_name,brenda,Brenda,100970,100976,7,717,6,M_1570,PROPN
1571,exp,exp_name,marjorie,Marjorie,101043,101051,15,717,6,M_1571,PROPN
1572,pdnc,qID,Q591-0,he,101080,101082,5,717,6,M_1572,Other
1573,exp,exp_name,tony,Tony,101162,101166,35,718,6,M_1573,PROPN
1574,booknlp,COREF,219,his,101192,101195,35,718,6,M_1574,Other
1575,exp,exp_name,angela,Angela,101205,101211,44,718,6,M_1575,PROPN
1576,booknlp,COREF,219,He,101215,101217,35,718,6,M_1576,Other
1577,pdnc,qID,Q592-0,darling,101259,101266,35,719,6,M_1577,Other
1578,booknlp,COREF,219,I,101309,101310,35,720,6,M_1578,Other
1579,booknlp,COREF,219,I,101320,101321,35,720,6,M_1579,Other
1580,pdnc,qID,Q593-0,you,101346,101349,7,720,6,M_1580,Other
1581,exp,exp_name,brenda,Brenda,101425,101431,7,721,6,M_1581,PROPN
1582,exp,exp_name,tony,Tony,101452,101456,35,721,6,M_1582,PROPN
1583,booknlp,COREF,219,him,101512,101515,35,721,6,M_1583,Other
1584,booknlp,COREF,219,him,101549,101552,35,721,6,M_1584,Other
1585,exp,exp_name,beaver,Beaver,101604,101610,5,722,6,M_1585,PROPN
1586,exp,exp_name,tony,Tony,101622,101626,35,722,6,M_1586,PROPN
1587,booknlp,COREF,219,him,101638,101641,35,722,6,M_1587,Other
1588,exp,exp_name,brenda,Brenda,101689,101695,7,722,6,M_1588,PROPN
1589,booknlp,COREF,219,I,101708,101709,35,723,6,M_1589,Other
1590,pdnc,qID,Q594-0,you,101718,101721,7,723,6,M_1590,Other
1591,booknlp,COREF,219,he,101743,101745,35,723,6,M_1591,Other
1592,pdnc,qID,Q594-1,you,101760,101763,7,723,6,M_1592,Other
1593,exp,exp_name,beaver,Beaver,101805,101811,5,725,6,M_1593,PROPN
1594,booknlp,COREF,219,I,101852,101853,35,727,6,M_1594,Other
1595,booknlp,COREF,219,I,101866,101867,35,727,6,M_1595,Other
1596,pdnc,qID,Q598-0,him,101890,101893,5,727,6,M_1596,Other
1597,pdnc,qID,Q598-0,you,101902,101905,7,727,6,M_1597,Other
1598,pdnc,qID,Q598-0,you,101909,101912,7,727,6,M_1598,Other
1599,pdnc,qID,Q598-0,he ,101919,101922,5,727,6,M_1599,Other
1600,pdnc,qID,Q598-0,he,101941,101943,5,727,6,M_1600,Other
1601,booknlp,COREF,219,I,101958,101959,35,728,6,M_1601,Other
1602,exp,exp_name,tony,Tony,101971,101975,35,729,6,M_1602,PROPN
1603,exp,exp_name,beaver,Beaver,101985,101991,5,729,6,M_1603,PROPN
1604,booknlp,COREF,219,He,102053,102055,35,729,6,M_1604,Other
1605,pdnc,qID,Q600-0,Brenda,102107,102113,7,729,6,M_1605,PROPN
1606,booknlp,COREF,219,I,102148,102149,35,730,6,M_1606,Other
1607,pdnc,qID,Q603-0,my mother,102173,102182,75,732,6,M_1607,Other
1608,pdnc,qID,Q603-0,her,102193,102196,7,732,6,M_1608,Other
1609,pdnc,qID,Q603-0,you,102198,102201,35,732,6,M_1609,Other
1610,exp,exp_name,tony,Tony,102210,102214,35,733,6,M_1610,PROPN
1611,exp,exp_name,brenda,Brenda,102247,102253,7,733,6,M_1611,PROPN
1612,pdnc,qID,Q604-0,You,102266,102269,7,733,6,M_1612,Other
1613,booknlp,COREF,219,me,102281,102283,35,733,6,M_1613,Other
1614,booknlp,COREF,219,I,102310,102311,35,733,6,M_1614,Other
1615,booknlp,COREF,219,I,102346,102347,35,733,6,M_1615,Other
1616,pdnc,qID,Q605-0,darling,102364,102371,35,734,6,M_1616,Other
1617,exp,exp_name,beaver,Beaver,102421,102427,5,735,6,M_1617,PROPN
1618,booknlp,COREF,219,he,102480,102482,35,735,6,M_1618,Other
1619,exp,exp_name,brenda,Brenda,102487,102493,7,735,6,M_1619,PROPN
1620,exp,exp_name,angela,Angela,102579,102585,44,735,6,M_1620,PROPN
1621,booknlp,COREF,209,her,102598,102601,44,735,6,M_1621,Other
1622,booknlp,COREF,209,I,102612,102613,44,735,6,M_1622,Other
1623,pdnc,qID,Q606-0,him,102646,102649,5,735,6,M_1623,Other
1624,exp,exp_name,brenda,Brenda,102675,102681,7,736,6,M_1624,PROPN
1625,exp,exp_name,beaver,Beaver,102758,102764,5,736,6,M_1625,PROPN
1626,booknlp,COREF,219,his,102777,102780,35,736,6,M_1626,Other
1627,booknlp,COREF,219,he,102838,102840,35,736,6,M_1627,Other
1628,exp,exp_name,tony,Tony,102911,102915,35,737,6,M_1628,PROPN
1629,exp,exp_name,beaver,Beaver,102936,102942,5,737,6,M_1629,PROPN
1630,exp,exp_name,brenda,Brenda,102947,102953,7,737,6,M_1630,PROPN
1631,exp,exp_name,tony,Tony,103054,103058,35,737,6,M_1631,PROPN
1632,pdnc,qID,Q609-0,Tony,103184,103188,35,739,6,M_1632,PROPN
1633,pdnc,qID,Q611-0,You,103330,103333,35,741,6,M_1633,Other
1634,pdnc,qID,Q611-0,you,103477,103480,35,741,6,M_1634,Other
1635,pdnc,qID,Q611-0,you,103634,103637,35,741,6,M_1635,Other
1636,pdnc,qID,Q611-0,Marjorie ,103652,103661,15,741,6,M_1636,PROPN
1637,pdnc,qID,Q611-0,Allan ,103670,103676,3,741,6,M_1637,PROPN
1638,pdnc,qID,Q611-0,you,103799,103802,35,741,6,M_1638,Other
1639,exp,exp_name,tony,Tony,103877,103881,35,742,6,M_1639,PROPN
1640,exp,exp_name,tony,TONY,103957,103961,35,744,7,M_1640,PROPN
1641,exp,exp_name,jock grant-menzies,Jock Grant-Menzies,104906,104924,11,747,8,M_1641,PROPN
1642,pdnc,qID,Q614-0,sir,104985,104988,11,749,8,M_1642,PROPN
1643,pdnc,qID,Q614-0,Mr Last,104990,104997,35,749,8,M_1643,PROPN
1644,exp,exp_name,jock,Jock,105023,105027,11,750,8,M_1644,PROPN
1645,booknlp,COREF,187,him,105034,105037,11,750,8,M_1645,Other
1646,booknlp,COREF,187,he,105058,105060,11,750,8,M_1646,Other
1647,booknlp,COREF,187,his,105108,105111,11,750,8,M_1647,Other
1648,booknlp,COREF,187,him,105189,105192,11,750,8,M_1648,Other
1649,booknlp,COREF,187,He,105194,105196,11,750,8,M_1649,Other
1650,booknlp,COREF,187,he,105294,105296,11,750,8,M_1650,Other
1651,booknlp,COREF,187,me,105327,105329,11,750,8,M_1651,Other
1652,exp,exp_name,jock,Jock,105356,105360,11,751,8,M_1652,PROPN
1653,exp,exp_name,tony,Tony,105370,105374,35,751,8,M_1653,PROPN
1654,booknlp,COREF,187,him,105400,105403,11,751,8,M_1654,Other
1655,booknlp,COREF,187,his,105427,105430,11,751,8,M_1655,Other
1656,booknlp,COREF,187,he,105440,105442,11,751,8,M_1656,Other
1657,exp,exp_name,tony,Tony,105461,105465,35,751,8,M_1657,PROPN
1658,booknlp,COREF,187,he,105484,105486,11,751,8,M_1658,Other
1659,exp,exp_name,brenda,Brenda,105498,105504,7,751,8,M_1659,PROPN
1660,exp,exp_name,john beaver,John Beaver,105509,105520,5,751,8,M_1660,PROPN
1661,booknlp,COREF,187,he,105531,105533,11,751,8,M_1661,Other
1662,exp,exp_name,tony,Tony,105546,105550,35,751,8,M_1662,PROPN
1663,exp,exp_name,tony,Tony,105583,105587,35,752,8,M_1663,PROPN
1664,booknlp,COREF,219,I,105667,105668,35,754,8,M_1664,Other
1665,exp,exp_name,tony,Tony,105826,105830,35,756,8,M_1665,PROPN
1666,pdnc,qID,Q620-0,You,105850,105853,35,757,8,M_1666,Other
1667,pdnc,qID,Q620-0,you,105881,105884,35,757,8,M_1667,Other
1668,pdnc,qID,Q621-0,Brenda ,105895,105902,7,758,8,M_1668,PROPN
1669,pdnc,qID,Q622-0,she,105994,105997,7,759,8,M_1669,Other
1670,booknlp,COREF,219,I,106032,106033,35,760,8,M_1670,Other
1671,pdnc,qID,Q623-0,her,106045,106048,7,760,8,M_1671,Other
1672,booknlp,COREF,219,I,106054,106055,35,760,8,M_1672,Other
1673,booknlp,COREF,219,I,106096,106097,35,760,8,M_1673,Other
1674,booknlp,COREF,219,I,106148,106149,35,760,8,M_1674,Other
1675,pdnc,qID,Q623-0,Brenda,106164,106170,7,760,8,M_1675,PROPN
1676,booknlp,COREF,219,I,106175,106176,35,760,8,M_1676,Other
1677,pdnc,qID,Q623-0,she,106280,106283,7,760,8,M_1677,Other
1678,pdnc,qID,Q623-0,she,106312,106315,7,760,8,M_1678,Other
1679,pdnc,qID,Q623-0,She,106373,106376,7,760,8,M_1679,Other
1680,booknlp,COREF,219,me,106393,106395,35,760,8,M_1680,Other
1681,pdnc,qID,Q623-0,she,106414,106417,7,760,8,M_1681,Other
1682,exp,exp_name,tony,Tony,106453,106457,35,762,8,M_1682,PROPN
1683,pdnc,qID,Q624-0,hers,106506,106510,7,762,8,M_1683,Other
1684,booknlp,COREF,219,he,106534,106536,35,762,8,M_1684,Other
1685,booknlp,COREF,219,I,106544,106545,35,762,8,M_1685,Other
1686,pdnc,qID,Q624-1,she,106579,106582,7,762,8,M_1686,Other
1687,booknlp,COREF,219,I,106610,106611,35,762,8,M_1687,Other
1688,pdnc,qID,Q624-1,You,106638,106641,11,762,8,M_1688,Other
1689,pdnc,qID,Q624-1,her,106676,106679,7,762,8,M_1689,Other
1690,pdnc,qID,Q624-1,she,106720,106723,7,762,8,M_1690,Other
1691,booknlp,COREF,219,I,106756,106757,35,762,8,M_1691,Other
1692,pdnc,qID,Q624-1,she,106766,106769,7,762,8,M_1692,Other
1693,booknlp,COREF,219,I,106803,106804,35,762,8,M_1693,Other
1694,booknlp,COREF,219,I,106856,106857,35,762,8,M_1694,Other
1695,pdnc,qID,Q624-1,Brenda,106867,106873,7,762,8,M_1695,PROPN
1696,pdnc,qID,Q624-1,she,106906,106909,7,762,8,M_1696,Other
1697,pdnc,qID,Q624-1,she,106959,106962,7,762,8,M_1697,Other
1698,booknlp,COREF,219,I,107033,107034,35,762,8,M_1698,Other
1699,pdnc,qID,Q624-1,you,107040,107043,11,762,8,M_1699,Other
1700,pdnc,qID,Q624-1,Jock,107067,107071,11,762,8,M_1700,Other
1701,booknlp,COREF,219,I,107073,107074,35,762,8,M_1701,Other
1702,pdnc,qID,Q624-1,Brenda,107101,107107,7,762,8,M_1702,PROPN
1703,booknlp,COREF,219,I,107179,107180,35,764,8,M_1703,Other
1704,booknlp,COREF,219,I,107193,107194,35,764,8,M_1704,Other
1705,booknlp,COREF,219,I,107203,107204,35,764,8,M_1705,Other
1706,booknlp,COREF,219,I,107256,107257,35,764,8,M_1706,Other
1707,booknlp,COREF,219,I,107270,107271,35,764,8,M_1707,Other
1708,booknlp,COREF,219,me,107299,107301,35,764,8,M_1708,Other
1709,pdnc,qID,Q627-0,John ,107320,107325,12,764,8,M_1709,PROPN
1710,exp,exp_name,tony,Tony,107455,107459,35,767,8,M_1710,PROPN
1711,booknlp,COREF,219,I,107467,107468,35,767,8,M_1711,Other
1712,pdnc,qID,Q630-0,you,107499,107502,11,767,8,M_1712,Other
1713,pdnc,qID,Q632-0,you,107536,107539,11,769,8,M_1713,Other
1714,pdnc,qID,Q632-0,you,107623,107626,11,769,8,M_1714,Other
1715,pdnc,qID,Q632-0,you,107649,107652,11,769,8,M_1715,Other
1716,pdnc,qID,Q632-0,Jock,107672,107676,11,769,8,M_1716,Other
1717,exp,exp_name,tony,Tony,107758,107762,35,769,8,M_1717,PROPN
1718,pdnc,qID,Q633-0,you,107792,107795,11,769,8,M_1718,Other
1719,pdnc,qID,Q633-0,you,107818,107821,11,769,8,M_1719,Other
1720,pdnc,qID,Q633-0,You,107828,107831,11,769,8,M_1720,Other
1721,booknlp,COREF,219,me,107896,107898,35,769,8,M_1721,Other
1722,pdnc,qID,Q633-0,You,107907,107910,11,769,8,M_1722,Other
1723,booknlp,COREF,219,I,107923,107924,35,769,8,M_1723,Other
1724,pdnc,qID,Q633-0,you,107938,107941,11,769,8,M_1724,Other
1725,booknlp,COREF,219,I,107976,107977,35,771,8,M_1725,Other
1726,booknlp,COREF,219,I,108034,108035,35,771,8,M_1726,Other
1727,pdnc,qID,Q635-0,Brenda,108115,108121,7,771,8,M_1727,PROPN
1728,booknlp,COREF,219,I,108141,108142,35,771,8,M_1728,Other
1729,booknlp,COREF,219,I,108181,108182,35,771,8,M_1729,Other
1730,pdnc,qID,Q635-0,Brenda,108233,108239,7,771,8,M_1730,PROPN
1731,exp,exp_name,tony,Tony,108299,108303,35,773,8,M_1731,PROPN
1732,pdnc,qID,Q637-0,You,108311,108314,11,773,8,M_1732,Other
1733,booknlp,COREF,219,I,108344,108345,35,774,8,M_1733,Other
1734,booknlp,COREF,219,I,108418,108419,35,775,8,M_1734,Other
1735,booknlp,COREF,219,I,108449,108450,35,775,8,M_1735,Other
1736,booknlp,COREF,219,I,108518,108519,35,775,8,M_1736,Other
1737,booknlp,COREF,219,I,108528,108529,35,775,8,M_1737,Other
1738,pdnc,qID,Q639-0,you,108630,108633,11,775,8,M_1738,Other
1739,booknlp,COREF,219,I,108678,108679,35,775,8,M_1739,Other
1740,pdnc,qID,Q639-0,mine ,108698,108703,7,775,8,M_1740,Other
1741,pdnc,qID,Q641-0,you,108745,108748,11,777,8,M_1741,Other
1742,booknlp,COREF,219,I,108754,108755,35,777,8,M_1742,Other
1743,exp,exp_name,jock,Jock,108945,108949,11,779,8,M_1743,PROPN
1744,exp,exp_name,a page,a page,108980,108986,42,780,8,M_1744,PROPN
1745,pdnc,qID,Q643-0,Lady Brenda,109031,109042,7,780,8,M_1745,PROPN
1746,booknlp,COREF,219,I,109058,109059,35,781,8,M_1746,Other
1747,pdnc,qID,Q644-0,her,109079,109082,7,781,8,M_1747,Other
1748,pdnc,qID,Q645-0,her ladyship,109096,109108,7,782,8,M_1748,Other
1749,booknlp,COREF,219,I,109153,109154,35,783,8,M_1749,Other
1750,pdnc,qID,Q646-0,her,109176,109179,7,783,8,M_1750,Other
1751,booknlp,COREF,187,He,109183,109185,11,784,8,M_1751,Other
1752,pdnc,qID,Q647-0,Darling,109231,109238,7,784,8,M_1752,Other
1753,booknlp,COREF,187,he,109241,109243,11,784,8,M_1753,Other
1754,pdnc,qID,Q648-0,Mr Last,109260,109267,35,785,8,M_1754,PROPN
1755,pdnc,qID,Q648-0,Lady Brenda,109299,109310,7,785,8,M_1755,PROPN
1756,pdnc,qID,Q649-0,her,109340,109343,7,786,8,M_1756,Other
1757,pdnc,qID,Q650-0,She,109348,109351,7,787,8,M_1757,Other
1758,pdnc,qID,Q650-0,herself,109364,109371,7,787,8,M_1758,Other
1759,pdnc,qID,Q650-0,she,109377,109380,7,787,8,M_1759,Other
1760,pdnc,qID,Q650-0,you,109398,109401,35,787,8,M_1760,Other
1761,pdnc,qID,Q650-0,she,109421,109424,7,787,8,M_1761,Other
1762,pdnc,qID,Q650-0,she,109442,109445,7,787,8,M_1762,Other
1763,pdnc,qID,Q650-0,you,109458,109461,35,787,8,M_1763,Other
1764,pdnc,qID,Q650-0,She,109472,109475,7,787,8,M_1764,Other
1765,pdnc,qID,Q651-0,her,109523,109526,7,788,8,M_1765,Other
1766,pdnc,qID,Q651-0,her,109546,109549,7,788,8,M_1766,Other
1767,pdnc,qID,Q652-0,she,109575,109578,7,789,8,M_1767,Other
1768,pdnc,qID,Q652-0,She,109594,109597,7,789,8,M_1768,Other
1769,pdnc,qID,Q653-0,She,109615,109618,7,790,8,M_1769,Other
1770,pdnc,qID,Q653-0,she,109636,109639,7,790,8,M_1770,Other
1771,pdnc,qID,Q655-0,her,109700,109703,7,792,8,M_1771,Other
1772,exp,exp_name,the voice,the voice,109726,109735,5,793,8,M_1772,PROPN
1773,pdnc,qID,Q657-0,The old boy,109739,109750,35,794,8,M_1773,Other
1774,exp,exp_name,beaver,Beaver,109770,109776,5,794,8,M_1774,PROPN
1775,booknlp,COREF,175,he,109780,109782,5,794,8,M_1775,Other
1776,pdnc,qID,Q658-0,him,109830,109833,35,795,8,M_1776,Other
1777,pdnc,qID,Q658-0,he,109850,109852,35,795,8,M_1777,Other
1778,pdnc,qID,Q658-0,He,109891,109893,35,795,8,M_1778,Other
1779,pdnc,qID,Q659-0,he,109948,109950,35,796,8,M_1779,Other
1780,pdnc,qID,Q661-0,him,110040,110043,35,798,8,M_1780,Other
1781,pdnc,qID,Q662-0,Lady Brenda Last,110095,110111,7,799,8,M_1781,PROPN
1782,pdnc,qID,Q663-0,Tony,110116,110120,35,800,8,M_1782,PROPN
1783,pdnc,qID,Q663-0,darling,110122,110129,35,800,8,M_1783,Other
1784,pdnc,qID,Q663-0,Brenda,110145,110151,7,800,8,M_1784,PROPN
1785,pdnc,qID,Q664-0,you,110196,110199,7,801,8,M_1785,Other
1786,pdnc,qID,Q665-0,you,110250,110253,35,802,8,M_1786,Other
1787,pdnc,qID,Q666-0,Jock,110300,110304,11,803,8,M_1787,Other
1788,pdnc,qID,Q666-0,He,110306,110308,11,803,8,M_1788,Other
1789,pdnc,qID,Q666-0,you,110369,110372,7,803,8,M_1789,Other
1790,pdnc,qID,Q667-0,darling,110390,110397,35,804,8,M_1790,Other
1791,pdnc,qID,Q668-0,you,110463,110466,7,805,8,M_1791,Other
1792,pdnc,qID,Q669-0,Tony,110471,110475,35,806,8,M_1792,PROPN
1793,pdnc,qID,Q669-0,you,110481,110484,35,806,8,M_1793,Other
1794,pdnc,qID,Q670-0,Jock ,110516,110521,11,807,8,M_1794,PROPN
1795,pdnc,qID,Q670-0,you,110543,110546,7,807,8,M_1795,Other
1796,pdnc,qID,Q671-0,Tony,110552,110556,35,808,8,M_1796,PROPN
1797,pdnc,qID,Q671-0,you,110559,110562,35,808,8,M_1797,Other
1798,pdnc,qID,Q671-0,you,110578,110581,35,808,8,M_1798,Other
1799,pdnc,qID,Q671-0,you,110601,110604,35,808,8,M_1799,Other
1800,pdnc,qID,Q672-0,Jock ,110691,110696,11,809,8,M_1800,PROPN
1801,pdnc,qID,Q673-0,Tony,110711,110715,35,810,8,M_1801,PROPN
1802,pdnc,qID,Q673-0,you,110730,110733,35,810,8,M_1802,Other
1803,pdnc,qID,Q673-0,you,110806,110809,35,810,8,M_1803,Other
1804,exp,exp_name,brenda,Brenda,110873,110879,7,812,8,M_1804,PROPN
1805,pdnc,qID,Q675-1,Tony,110908,110912,35,812,8,M_1805,PROPN
1806,pdnc,qID,Q675-1,Jock,110944,110948,11,812,8,M_1806,Other
1807,pdnc,qID,Q675-1,He,110950,110952,11,812,8,M_1807,Other
1808,pdnc,qID,Q676-0,Brenda,111041,111047,7,814,8,M_1808,PROPN
1809,pdnc,qID,Q678-0,She,111070,111073,7,816,8,M_1809,Other
1810,pdnc,qID,Q679-0,her,111142,111145,7,817,8,M_1810,Other
1811,pdnc,qID,Q679-0,Brenda,111170,111176,7,817,8,M_1811,PROPN
1812,pdnc,qID,Q682-0,you,111248,111251,11,820,8,M_1812,Other
1813,pdnc,qID,Q682-0,Mr Grant-Menzies,111253,111269,11,820,8,M_1813,Other
1814,exp,exp_name,brenda,Brenda,111333,111339,7,824,8,M_1814,PROPN
1815,pdnc,qID,Q686-0,Jock,111354,111358,11,824,8,M_1815,Other
1816,pdnc,qID,Q686-0,you,111372,111375,11,824,8,M_1816,Other
1817,pdnc,qID,Q686-0,my husband,111390,111400,35,824,8,M_1817,Other
1818,pdnc,qID,Q687-0,He,111405,111407,35,825,8,M_1818,Other
1819,pdnc,qID,Q688-0,He,111438,111440,35,826,8,M_1819,Other
1820,pdnc,qID,Q688-0,he,111463,111465,35,826,8,M_1820,Other
1821,pdnc,qID,Q688-0,him,111511,111514,35,826,8,M_1821,Other
1822,pdnc,qID,Q688-0,You,111553,111556,11,826,8,M_1822,Other
1823,booknlp,COREF,187,you,111575,111578,11,826,8,M_1823,Other
1824,pdnc,qID,Q690-0,you,111613,111616,11,828,8,M_1824,Other
1825,pdnc,qID,Q690-0,him,111633,111636,35,828,8,M_1825,Other
1826,pdnc,qID,Q690-0,you,111647,111650,11,828,8,M_1826,Other
1827,pdnc,qID,Q692-0,you,111703,111706,11,830,8,M_1827,Other
1828,pdnc,qID,Q695-0,John,111769,111773,5,832,8,M_1828,PROPN
1829,pdnc,qID,Q695-0,you,111775,111778,5,832,8,M_1829,Other
1830,pdnc,qID,Q695-0,you,111841,111844,5,832,8,M_1830,Other
1831,booknlp,COREF,175,your,111849,111853,5,832,8,M_1831,Other
1832,pdnc,qID,Q695-0,You,111865,111868,5,832,8,M_1832,Other
1833,pdnc,qID,Q696-0,your ,111968,111973,11,834,8,M_1833,Other
1834,pdnc,qID,Q700-0,Brenda,112093,112099,7,838,8,M_1834,PROPN
1835,pdnc,qID,Q702-0,Jock,112150,112154,11,840,8,M_1835,Other
1836,pdnc,qID,Q702-0,you,112156,112159,11,840,8,M_1836,Other
1837,pdnc,qID,Q702-0,you,112190,112193,11,840,8,M_1837,Other
1838,pdnc,qID,Q704-0,Brenda,112347,112353,7,842,8,M_1838,PROPN
1839,exp,exp_name,jock,Jock,112406,112410,11,844,8,M_1839,PROPN
1840,pdnc,qID,Q706-0,you,112424,112427,11,844,8,M_1840,Other
1841,pdnc,qID,Q706-0,you,112462,112465,11,844,8,M_1841,Other
1842,pdnc,qID,Q708-0,you,112518,112521,11,846,8,M_1842,Other
1843,pdnc,qID,Q710-0,you,112558,112561,11,848,8,M_1843,Other
1844,pdnc,qID,Q710-0,you,112583,112586,11,848,8,M_1844,Other
1845,pdnc,qID,Q716-0,Brenda,112734,112740,7,854,8,M_1845,PROPN
1846,pdnc,qID,Q717-0,Brenda,112772,112778,7,855,8,M_1846,PROPN
1847,exp,exp_name,jock,Jock,112788,112792,11,855,8,M_1847,PROPN
1848,pdnc,qID,Q717-1,She,112795,112798,7,855,8,M_1848,Other
1849,pdnc,qID,Q718-0,she,112874,112877,7,856,8,M_1849,Other
1850,pdnc,qID,Q719-0,She,112907,112910,7,857,8,M_1850,Other
1851,pdnc,qID,Q719-0,she,112930,112933,7,857,8,M_1851,Other
1852,booknlp,COREF,187,I,113002,113003,11,859,8,M_1852,Other
1853,pdnc,qID,Q721-0,Brenda,113018,113024,7,859,8,M_1853,PROPN
1854,exp,exp_name,jock,Jock,113032,113036,11,859,8,M_1854,PROPN
1855,booknlp,COREF,187,I,113039,113040,11,859,8,M_1855,Other
1856,pdnc,qID,Q721-1,Brenda,113056,113062,7,859,8,M_1856,PROPN
1857,pdnc,qID,Q722-0,She,113067,113070,7,860,8,M_1857,Other
1858,pdnc,qID,Q723-0,She,113090,113093,7,861,8,M_1858,Other
1859,pdnc,qID,Q724-0,Brenda,113140,113146,7,862,8,M_1859,PROPN
1860,exp,exp_name,jock,Jock,113165,113169,11,863,8,M_1860,PROPN
1861,booknlp,COREF,187,me,113273,113275,11,864,8,M_1861,Other
1862,exp,exp_name,jock,Jock,113346,113350,11,865,8,M_1862,PROPN
1863,booknlp,COREF,187,his,113360,113363,11,865,8,M_1863,Other
1864,pdnc,qID,Q728-0,Brenda ,113465,113472,7,867,8,M_1864,PROPN
1865,pdnc,qID,Q729-0,She,113531,113534,7,868,8,M_1865,Other
1866,pdnc,qID,Q731-0,you,113695,113698,35,871,8,M_1866,Other
1867,booknlp,COREF,187,I,113705,113706,11,871,8,M_1867,Other
1868,exp,exp_name,a kindly young lady,A kindly young lady,114884,114903,41,874,8,M_1868,PROPN
1869,exp,exp_name,tony,Tony,114913,114917,35,874,8,M_1869,PROPN
1870,exp,exp_name,jock,Jock,114922,114926,11,874,8,M_1870,PROPN
1871,exp,exp_name,tony,Tony,114981,114985,35,875,8,M_1871,PROPN
1872,exp,exp_name,jock,Jock,114990,114994,11,875,8,M_1872,PROPN
1873,pdnc,qID,Q735-0,Tony,115490,115494,35,877,8,M_1873,PROPN
1874,pdnc,qID,Q735-0,your,115526,115530,35,877,8,M_1874,Other
1875,booknlp,COREF,219,you,115587,115590,35,880,8,M_1875,Other
1876,pdnc,qID,Q738-0,Reggie,115622,115628,77,880,8,M_1876,Other
1877,pdnc,qID,Q739-0,Reggie,115660,115666,77,881,8,M_1877,Other
1878,booknlp,COREF,219,you,115691,115694,35,882,8,M_1878,Other
1879,pdnc,qID,Q740-0,that girl,115722,115731,7,882,8,M_1879,Other
1880,booknlp,COREF,187,I,115887,115888,11,885,8,M_1880,Other
1881,exp,exp_name,jock,Jock,115912,115916,11,885,8,M_1881,PROPN
1882,exp,exp_name,the waiter,The waiter,116170,116180,31,887,8,M_1882,PROPN
1883,exp,exp_name,milly,Milly,116276,116281,16,887,8,M_1883,PROPN
1884,exp,exp_name,babs,Babs,116286,116290,48,887,8,M_1884,PROPN
1885,exp,exp_name,milly,Milly,116292,116297,16,887,8,M_1885,PROPN
1886,booknlp,COREF,219,you,116309,116312,35,887,8,M_1886,Other
1887,exp,exp_name,babs,Babs,116332,116336,48,887,8,M_1887,PROPN
1888,booknlp,COREF,219,you,116349,116352,35,887,8,M_1888,Other
1889,exp,exp_name,tony,Tony,116388,116392,35,888,8,M_1889,PROPN
1890,exp,exp_name,babs,Babs,116405,116409,48,888,8,M_1890,PROPN
1891,pdnc,qID,Q747-0,you,116426,116429,35,888,8,M_1891,Other
1892,pdnc,qID,Q748-0,you,116458,116461,48,889,8,M_1892,Other
1893,exp,exp_name,the waiter,The waiter,116500,116510,31,892,8,M_1893,PROPN
1894,pdnc,qID,Q751-0,you,116523,116526,35,892,8,M_1894,Other
1895,booknlp,COREF,260,me,116599,116601,48,894,8,M_1895,Other
1896,exp,exp_name,babs,Babs,116609,116613,48,894,8,M_1896,PROPN
1897,exp,exp_name,jock,Jock,116616,116620,11,895,8,M_1897,PROPN
1898,exp,exp_name,milly,Milly,116680,116685,16,896,8,M_1898,PROPN
1899,pdnc,qID,Q754-0,You,116693,116696,11,896,8,M_1899,Other
1900,pdnc,qID,Q754-0,you,116716,116719,11,896,8,M_1900,Other
1901,exp,exp_name,jock,Jock,116734,116738,11,897,8,M_1901,PROPN
1902,booknlp,COREF,259,I,116746,116747,16,898,8,M_1902,Other
1903,exp,exp_name,milly,Milly,116771,116776,16,898,8,M_1903,PROPN
1904,pdnc,qID,Q756-1,Your friend,116779,116790,35,898,8,M_1904,Other
1905,pdnc,qID,Q757-0,he,116808,116810,35,899,8,M_1905,Other
1906,pdnc,qID,Q758-0,You,116819,116822,11,900,8,M_1906,Other
1907,pdnc,qID,Q759-0,He,116902,116904,35,901,8,M_1907,Other
1908,exp,exp_name,tony,Tony,116915,116919,35,902,8,M_1908,PROPN
1909,exp,exp_name,babs,Babs,116963,116967,48,902,8,M_1909,PROPN
1910,pdnc,qID,Q760-0,You,116970,116973,48,902,8,M_1910,Other
1911,pdnc,qID,Q760-0,my wife,116994,117001,7,902,8,M_1911,Other
1912,pdnc,qID,Q760-0,She,117015,117018,7,902,8,M_1912,Other
1913,exp,exp_name,babs,Babs,117053,117057,48,903,8,M_1913,PROPN
1914,booknlp,COREF,260,I,117065,117066,48,903,8,M_1914,Other
1915,exp,exp_name,the waiter,The waiter,117124,117134,31,904,8,M_1915,PROPN
1916,pdnc,qID,Q762-0,you,117152,117155,35,904,8,M_1916,Other
1917,pdnc,qID,Q765-0,you,117253,117256,31,907,8,M_1917,Other
1918,pdnc,qID,Q766-0,you,117307,117310,35,908,8,M_1918,Other
1919,exp,exp_name,milly,Milly,117358,117363,16,908,8,M_1919,PROPN
1920,exp,exp_name,tony,Tony,117421,117425,35,911,8,M_1920,PROPN
1921,exp,exp_name,brenda,Brenda,117434,117440,7,911,8,M_1921,PROPN
1922,pdnc,qID,Q770-0,Mr Anthony Last,117533,117548,35,912,8,M_1922,PROPN
1923,pdnc,qID,Q770-0,Mr Jocelyn Grant-Menzies,117553,117577,11,912,8,M_1923,Other
1924,pdnc,qID,Q771-0,you,117591,117594,35,913,8,M_1924,Other
1925,pdnc,qID,Q771-0,Tony,117596,117600,35,913,8,M_1925,PROPN
1926,pdnc,qID,Q771-0,you,117616,117619,35,913,8,M_1926,Other
1927,pdnc,qID,Q772-0,You,117629,117632,7,914,8,M_1927,Other
1928,pdnc,qID,Q774-0,you,117729,117732,7,916,8,M_1928,Other
1929,pdnc,qID,Q776-0,Jock ,117781,117786,11,918,8,M_1929,PROPN
1930,pdnc,qID,Q778-0,You,117869,117872,7,920,8,M_1930,Other
1931,pdnc,qID,Q779-0,Tony,117960,117964,35,921,8,M_1931,PROPN
1932,pdnc,qID,Q780-0,you,117980,117983,7,922,8,M_1932,Other
1933,pdnc,qID,Q781-0,Tony,118023,118027,35,923,8,M_1933,PROPN
1934,exp,exp_name,tony,Tony,118052,118056,35,925,8,M_1934,PROPN
1935,booknlp,COREF,219,I,118082,118083,35,925,8,M_1935,Other
1936,pdnc,qID,Q783-0,Brenda,118103,118109,7,925,8,M_1936,PROPN
1937,pdnc,qID,Q783-0,She,118111,118114,7,925,8,M_1937,Other
1938,pdnc,qID,Q783-0,you,118141,118144,11,925,8,M_1938,Other
1939,exp,exp_name,jock,Jock,118212,118216,11,926,8,M_1939,PROPN
1940,booknlp,COREF,219,You,118220,118223,35,927,8,M_1940,Other
1941,exp,exp_name,milly,Milly,118262,118267,16,927,8,M_1941,PROPN
1942,exp,exp_name,babs,Babs,118296,118300,48,929,8,M_1942,PROPN
1943,booknlp,COREF,219,You,118308,118311,35,929,8,M_1943,Other
1944,booknlp,COREF,219,you,118337,118340,35,929,8,M_1944,Other
1945,booknlp,COREF,260,I,118357,118358,48,931,8,M_1945,Other
1946,booknlp,COREF,260,you,118367,118370,48,931,8,M_1946,Other
1947,exp,exp_name,milly,Milly,118379,118384,16,932,8,M_1947,PROPN
1948,booknlp,COREF,259,I,118392,118393,16,932,8,M_1948,Other
1949,booknlp,COREF,259,myself,118424,118430,16,932,8,M_1949,Other
1950,booknlp,COREF,260,d'you,118461,118466,48,933,8,M_1950,PROPN
1951,booknlp,COREF,187,I,118474,118475,11,934,8,M_1951,Other
1952,exp,exp_name,jock,Jock,118505,118509,11,934,8,M_1952,PROPN
1953,booknlp,COREF,219,my,118531,118533,35,936,8,M_1953,Other
1954,exp,exp_name,babs,Babs,118586,118590,48,938,8,M_1954,PROPN
1955,booknlp,COREF,260,I,118598,118599,48,938,8,M_1955,Other
1956,exp,exp_name,jock,Jock,118667,118671,11,939,8,M_1956,PROPN
1957,booknlp,COREF,187,I,118679,118680,11,939,8,M_1957,Other
1958,pdnc,qID,Q797-0,Brenda,118717,118723,7,939,8,M_1958,PROPN
1959,booknlp,COREF,219,I,118728,118729,35,940,8,M_1959,Other
1960,pdnc,qID,Q798-0,her,118735,118738,7,940,8,M_1960,Other
1961,booknlp,COREF,219,I,118765,118766,35,940,8,M_1961,Other
1962,pdnc,qID,Q799-0,she,118782,118785,7,941,8,M_1962,Other
1963,booknlp,COREF,219,I,118814,118815,35,942,8,M_1963,Other
1964,pdnc,qID,Q800-0,you,118821,118824,11,942,8,M_1964,Other
1965,pdnc,qID,Q800-0,you,118831,118834,11,942,8,M_1965,Other
1966,pdnc,qID,Q800-0,her,118847,118850,7,942,8,M_1966,Other
1967,pdnc,qID,Q800-0,she,118870,118873,7,942,8,M_1967,Other
1968,pdnc,qID,Q802-0,she,118951,118954,7,943,8,M_1968,Other
1969,pdnc,qID,Q803-0,She,119037,119040,7,944,8,M_1969,Other
1970,exp,exp_name,tony,Tony,119061,119065,35,944,8,M_1970,PROPN
1971,booknlp,COREF,219,I,119109,119110,35,944,8,M_1971,Other
1972,pdnc,qID,Q803-1,she,119149,119152,7,944,8,M_1972,Other
1973,pdnc,qID,Q805-0,The waiter,119241,119251,31,946,8,M_1973,Other
1974,pdnc,qID,Q805-0,you,119257,119260,11,946,8,M_1974,Other
1975,booknlp,COREF,260,I,119294,119295,48,948,8,M_1975,Other
1976,exp,exp_name,babs,Babs,119330,119334,48,948,8,M_1976,PROPN
1977,exp,exp_name,jock,Jock,119403,119407,11,949,8,M_1977,PROPN
1978,pdnc,qID,Q808-0,Brenda ,119447,119454,7,949,8,M_1978,PROPN
1979,pdnc,qID,Q809-0,She,119482,119485,7,950,8,M_1979,Other
1980,pdnc,qID,Q810-0,her,119536,119539,7,951,8,M_1980,Other
1981,exp,exp_name,babs,Babs,119600,119604,48,952,8,M_1981,PROPN
1982,booknlp,COREF,187,I,119622,119623,11,953,8,M_1982,Other
1983,exp,exp_name,milly,Milly,119655,119660,16,954,8,M_1983,PROPN
1984,exp,exp_name,babs,Babs,119786,119790,48,956,8,M_1984,PROPN
1985,exp,exp_name,tony,Tony,119860,119864,35,959,8,M_1985,PROPN
1986,exp,exp_name,babs,Babs,119921,119925,48,959,8,M_1986,PROPN
1987,exp,exp_name,jock,Jock,119960,119964,11,960,8,M_1987,PROPN
1988,exp,exp_name,milly,Milly,120053,120058,16,960,8,M_1988,PROPN
1989,booknlp,COREF,219,I,120062,120063,35,961,8,M_1989,Other
1990,exp,exp_name,tony,Tony,120092,120096,35,961,8,M_1990,PROPN
1991,booknlp,COREF,219,I,120131,120132,35,961,8,M_1991,Other
1992,pdnc,qID,Q820-1,Brenda,120157,120163,7,961,8,M_1992,PROPN
1993,booknlp,COREF,219,he,120221,120223,35,963,8,M_1993,Other
1994,exp,exp_name,the seedy commissionaire,the seedy commissionaire,120232,120256,95,963,8,M_1994,PROPN
1995,pdnc,qID,Q822-1,you,120264,120267,95,963,8,M_1995,Other
1996,pdnc,qID,Q822-1,her ladyship,120308,120320,7,963,8,M_1996,Other
1997,pdnc,qID,Q822-1,Mr Grant-Menzies,120329,120345,11,963,8,M_1997,Other
1998,pdnc,qID,Q822-1,Mr Last,120350,120357,35,963,8,M_1998,PROPN
1999,booknlp,COREF,219,He,120419,120421,35,963,8,M_1999,Other
2000,pdnc,qID,Q823-0,Brenda,120490,120496,7,963,8,M_2000,PROPN
2001,booknlp,COREF,219,he,120536,120538,35,963,8,M_2001,Other
2002,pdnc,qID,Q824-0,her,120589,120592,7,964,8,M_2002,Other
2003,pdnc,qID,Q824-0,she,120640,120643,7,964,8,M_2003,Other
2004,pdnc,qID,Q825-0,you,120689,120692,11,965,8,M_2004,Other
2005,pdnc,qID,Q825-0,you,120721,120724,11,965,8,M_2005,Other
2006,pdnc,qID,Q825-0,Jock,120730,120734,11,965,8,M_2006,Other
2007,pdnc,qID,Q826-0,Brenda,120755,120761,7,966,8,M_2007,PROPN
2008,booknlp,COREF,219,I,120796,120797,35,967,8,M_2008,Other
2009,booknlp,COREF,219,I,120803,120804,35,967,8,M_2009,Other
2010,exp,exp_name,tony,Tony,120824,120828,35,968,8,M_2010,PROPN
2011,booknlp,COREF,219,his,120888,120891,35,968,8,M_2011,Other
2012,booknlp,COREF,219,he,120955,120957,35,968,8,M_2012,Other
2013,booknlp,COREF,219,his,120980,120983,35,968,8,M_2013,Other
2014,booknlp,COREF,219,him,121004,121007,35,968,8,M_2014,Other
2015,booknlp,COREF,219,he,121017,121019,35,968,8,M_2015,Other
2016,booknlp,COREF,219,his,121024,121027,35,968,8,M_2016,Other
2017,booknlp,COREF,219,he,121054,121056,35,968,8,M_2017,Other
2018,booknlp,COREF,219,he,121079,121081,35,968,8,M_2018,Other
2019,exp,exp_name,brenda,Brenda,121094,121100,7,968,8,M_2019,PROPN
2020,booknlp,COREF,219,him,121150,121153,35,968,8,M_2020,Other
2021,pdnc,qID,Q828-0,Tony,121163,121167,35,969,8,M_2021,PROPN
2022,pdnc,qID,Q828-0,you,121176,121179,35,969,8,M_2022,Other
2023,pdnc,qID,Q830-0,You,121214,121217,35,971,8,M_2023,Other
2024,pdnc,qID,Q833-0,Jock ,121355,121360,11,974,8,M_2024,PROPN
2025,pdnc,qID,Q834-0,You,121388,121391,35,975,8,M_2025,Other
2026,pdnc,qID,Q835-0,you,121405,121408,7,976,8,M_2026,Other
2027,pdnc,qID,Q836-0,you,121457,121460,35,977,8,M_2027,Other
2028,pdnc,qID,Q836-0,Tony,121468,121472,35,977,8,M_2028,PROPN
2029,booknlp,COREF,219,you,121492,121495,35,977,8,M_2029,Other
2030,booknlp,COREF,219,We,121504,121506,35,978,8,M_2030,Other
2031,pdnc,qID,Q838-0,you,121526,121529,35,979,8,M_2031,Other
2032,pdnc,qID,Q838-0,Jock,121600,121604,11,979,8,M_2032,Other
2033,pdnc,qID,Q840-0,You,121640,121643,35,981,8,M_2033,Other
2034,pdnc,qID,Q840-0,you,121669,121672,35,981,8,M_2034,Other
2035,pdnc,qID,Q841-0,You,121677,121680,7,982,8,M_2035,Other
2036,pdnc,qID,Q842-0,darling,121728,121735,35,983,8,M_2036,Other
2037,pdnc,qID,Q842-0,you,121746,121749,35,983,8,M_2037,Other
2038,pdnc,qID,Q842-0,You,121783,121786,35,983,8,M_2038,Other
2039,pdnc,qID,Q843-0,you,121847,121850,7,984,8,M_2039,Other
2040,pdnc,qID,Q845-0,You,122015,122018,7,986,8,M_2040,Other
2041,pdnc,qID,Q846-0,darling,122090,122097,35,987,8,M_2041,Other
2042,pdnc,qID,Q847-0,You,122109,122112,7,988,8,M_2042,Other
2043,exp,exp_name,brenda,Brenda,122203,122209,7,989,8,M_2043,PROPN
2044,pdnc,qID,Q848-1,Tony,122227,122231,35,989,8,M_2044,PROPN
2045,pdnc,qID,Q848-1,he,122233,122235,35,989,8,M_2045,Other
2046,pdnc,qID,Q848-1,He,122330,122332,35,989,8,M_2046,Other
2047,booknlp,COREF,219,himself,122339,122346,35,989,8,M_2047,Other
2048,pdnc,qID,Q848-1,he,122377,122379,35,989,8,M_2048,Other
2049,pdnc,qID,Q848-1,he,122455,122457,35,989,8,M_2049,Other
2050,booknlp,COREF,219,himself,122480,122487,35,989,8,M_2050,Other
2051,pdnc,qID,Q848-1,He,122542,122544,35,989,8,M_2051,Other
2052,pdnc,qID,Q849-0,You,122590,122593,7,990,8,M_2052,Other
2053,exp,exp_name,beaver,Beaver,122640,122646,5,990,8,M_2053,PROPN
2054,exp,exp_name,tony,Tony,122649,122653,35,991,8,M_2054,PROPN
2055,exp,exp_name,john andrew,John Andrew,122719,122730,12,991,8,M_2055,PROPN
2056,booknlp,COREF,219,him,122759,122762,35,991,8,M_2056,Other
2057,pdnc,qID,Q850-0,daddy,122772,122777,35,991,8,M_2057,Other
2058,pdnc,qID,Q850-0,You,122806,122809,35,991,8,M_2058,Other
2059,pdnc,qID,Q850-0,you,122852,122855,35,991,8,M_2059,Other
2060,exp,exp_name,nanny,nanny,122866,122871,76,991,8,M_2060,PROPN
2061,pdnc,qID,Q851-0,you,122903,122906,12,992,8,M_2061,Other
2062,pdnc,qID,Q851-0,John,122908,122912,12,992,8,M_2062,PROPN
2063,pdnc,qID,Q852-0,mummy,122925,122930,7,993,8,M_2063,PROPN
2064,pdnc,qID,Q853-0,She,122935,122938,7,994,8,M_2064,Other
2065,booknlp,COREF,219,I,122958,122959,35,994,8,M_2065,Other
2066,pdnc,qID,Q853-0,her,122971,122974,7,994,8,M_2066,Other
2067,pdnc,qID,Q854-0,you,122983,122986,35,995,8,M_2067,Other
2068,pdnc,qID,Q854-0,you,122994,122997,35,995,8,M_2068,Other
2069,pdnc,qID,Q854-0,her,123016,123019,7,995,8,M_2069,Other
2070,booknlp,COREF,219,I,123029,123030,35,996,8,M_2070,Other
2071,booknlp,COREF,219,I,123039,123040,35,996,8,M_2071,Other
2072,booknlp,COREF,219,I,123050,123051,35,996,8,M_2072,Other
2073,booknlp,COREF,219,I,123076,123077,35,996,8,M_2073,Other
2074,pdnc,qID,Q855-0,her,123088,123091,7,996,8,M_2074,Other
2075,pdnc,qID,Q856-0,you,123131,123134,35,997,8,M_2075,Other
2076,pdnc,qID,Q856-0,her,123149,123152,7,997,8,M_2076,Other
2077,pdnc,qID,Q856-0,you,123170,123173,35,997,8,M_2077,Other
2078,pdnc,qID,Q856-0,daddy,123175,123180,35,997,8,M_2078,Other
2079,pdnc,qID,Q856-0,you,123190,123193,35,997,8,M_2079,Other
2080,pdnc,qID,Q856-0,her,123232,123235,7,997,8,M_2080,Other
2081,pdnc,qID,Q856-0,daddy,123247,123252,35,997,8,M_2081,Other
2082,pdnc,qID,Q858-0,daddy,123329,123334,35,999,8,M_2082,Other
2083,booknlp,COREF,219,I,123350,123351,35,1000,8,M_2083,Other
2084,pdnc,qID,Q859-0,you,123364,123367,12,1000,8,M_2084,Other
2085,booknlp,COREF,219,I,123396,123397,35,1000,8,M_2085,Other
2086,pdnc,qID,Q859-0,you,123409,123412,12,1000,8,M_2086,Other
2087,exp,exp_name,john andrew,John Andrew,123451,123462,12,1001,8,M_2087,PROPN
2088,pdnc,qID,Q860-0,you,123498,123501,35,1001,8,M_2088,Other
2089,pdnc,qID,Q860-0,you,123531,123534,35,1001,8,M_2089,Other
2090,pdnc,qID,Q861-0,you,123542,123545,12,1002,8,M_2090,Other
2091,pdnc,qID,Q861-0,you,123562,123565,12,1002,8,M_2091,Other
2092,pdnc,qID,Q861-0,Dawson,123580,123586,56,1002,8,M_2092,PROPN
2093,booknlp,COREF,219,your,123610,123614,35,1002,8,M_2093,Other
2094,pdnc,qID,Q862-0,Dawson,123653,123659,56,1003,8,M_2094,PROPN
2095,exp,exp_name,john andrew,John Andrew,123667,123678,12,1003,8,M_2095,PROPN
2096,exp,exp_name,tony,Tony,123699,123703,35,1004,8,M_2096,PROPN
2097,booknlp,COREF,219,he,123767,123769,35,1004,8,M_2097,Other
2098,booknlp,COREF,219,he,123798,123800,35,1004,8,M_2098,Other
2099,exp,exp_name,john andrew,John Andrew,123871,123882,12,1004,8,M_2099,PROPN
2100,booknlp,COREF,219,he,123962,123964,35,1004,8,M_2100,Other
2101,pdnc,qID,Q863-0,Nanny,123972,123977,76,1004,8,M_2101,Other
2102,booknlp,COREF,219,I,123979,123980,35,1004,8,M_2102,Other
2103,pdnc,qID,Q863-0,John,123992,123996,12,1004,8,M_2103,PROPN
2104,pdnc,qID,Q863-0,her ladyship,124037,124049,7,1004,8,M_2104,Other
2105,booknlp,COREF,219,I,124053,124054,35,1004,8,M_2105,Other
2106,pdnc,qID,Q863-0,he,124069,124071,12,1004,8,M_2106,Other
2107,pdnc,qID,Q864-0,sir,124084,124087,35,1005,8,M_2107,PROPN
2108,booknlp,COREF,219,I,124089,124090,35,1005,8,M_2108,Other
2109,pdnc,qID,Q864-0,him,124109,124112,12,1005,8,M_2109,Other
2110,pdnc,qID,Q864-0,he,124129,124131,12,1005,8,M_2110,Other
2111,pdnc,qID,Q864-0,John,124160,124164,12,1005,8,M_2111,PROPN
2112,pdnc,qID,Q864-0,your,124179,124183,12,1005,8,M_2112,Other
2113,pdnc,qID,Q864-0,"child,",124200,124206,12,1005,8,M_2113,Other
2114,exp,exp_name,tony,Tony,124236,124240,35,1006,8,M_2114,PROPN
2115,booknlp,COREF,219,he,124311,124313,35,1006,8,M_2115,Other
2116,booknlp,COREF,219,himself,124322,124329,35,1006,8,M_2116,Other
2117,pdnc,qID,Q865-1,Brenda,124508,124514,7,1006,8,M_2117,PROPN
2118,booknlp,COREF,219,He,124538,124540,35,1006,8,M_2118,Other
2119,booknlp,COREF,219,he,124562,124564,35,1006,8,M_2119,Other
2120,booknlp,COREF,219,he,124594,124596,35,1006,8,M_2120,Other
2121,pdnc,qID,Q866-0,Ambrose,124604,124611,4,1006,8,M_2121,Other
2122,booknlp,COREF,219,I,124618,124619,35,1006,8,M_2122,Other
2123,booknlp,COREF,219,I,124628,124629,35,1006,8,M_2123,Other
2124,booknlp,COREF,219,I,124646,124647,35,1006,8,M_2124,Other
2125,booknlp,COREF,219,he,124691,124693,35,1006,8,M_2125,Other
2126,booknlp,COREF,219,he,124735,124737,35,1006,8,M_2126,Other
2127,booknlp,COREF,219,he,124773,124775,35,1006,8,M_2127,Other
2128,booknlp,COREF,219,He,124835,124837,35,1006,8,M_2128,Other
2129,booknlp,COREF,219,he,124905,124907,35,1006,8,M_2129,Other
2130,exp,exp_name,brenda,Brenda,124918,124924,7,1006,8,M_2130,PROPN
2131,exp,exp_name,tony,Tony,124987,124991,35,1008,9,M_2131,PROPN
2132,booknlp,COREF,219,He,125009,125011,35,1008,9,M_2132,Other
2133,booknlp,COREF,219,he,125081,125083,35,1008,9,M_2133,Other
2134,booknlp,COREF,219,his,125152,125155,35,1008,9,M_2134,Other
2135,booknlp,COREF,219,he,125181,125183,35,1008,9,M_2135,Other
2136,booknlp,COREF,219,himself,125203,125210,35,1008,9,M_2136,Other
2137,exp,exp_name,brenda,Brenda,125233,125239,7,1008,9,M_2137,PROPN
2138,exp,exp_name,jock,Jock,125244,125248,11,1008,9,M_2138,PROPN
2139,booknlp,COREF,219,He,125264,125266,35,1008,9,M_2139,Other
2140,booknlp,COREF,219,He,125310,125312,35,1008,9,M_2140,Other
2141,pdnc,qID,Q867-0,Ambrose,125353,125360,4,1008,9,M_2141,Other
2142,booknlp,COREF,219,I,125367,125368,35,1008,9,M_2142,Other
2143,booknlp,COREF,219,I,125377,125378,35,1008,9,M_2143,Other
2144,booknlp,COREF,219,I,125422,125423,35,1008,9,M_2144,Other
2145,booknlp,COREF,219,He,125452,125454,35,1008,9,M_2145,Other
2146,booknlp,COREF,219,his,125481,125484,35,1008,9,M_2146,Other
2147,booknlp,COREF,219,him,125504,125507,35,1008,9,M_2147,Other
2148,booknlp,COREF,219,himself,125540,125547,35,1008,9,M_2148,Other
2149,booknlp,COREF,219,I,125555,125556,35,1008,9,M_2149,Other
2150,booknlp,COREF,219,him,125621,125624,35,1009,9,M_2150,Other
2151,exp,exp_name,jock,Jock,125643,125647,11,1009,9,M_2151,PROPN
2152,booknlp,COREF,219,He,125732,125734,35,1009,9,M_2152,Other
2153,booknlp,COREF,219,I,125782,125783,35,1009,9,M_2153,Other
2154,booknlp,COREF,219,he,125792,125794,35,1009,9,M_2154,Other
2155,exp,exp_name,tony,Tony,125825,125829,35,1009,9,M_2155,PROPN
2156,exp,exp_name,brenda,Brenda,125869,125875,7,1010,9,M_2156,PROPN
2157,exp,exp_name,polly,Polly,125918,125923,23,1011,9,M_2157,PROPN
2158,exp,exp_name,polly,Polly,125940,125945,23,1011,9,M_2158,PROPN
2159,exp,exp_name,veronica,Veronica,125955,125963,37,1011,9,M_2159,PROPN
2160,exp,exp_name,daisy,Daisy,125989,125994,8,1011,9,M_2160,PROPN
2161,exp,exp_name,ambrose,Ambrose,126040,126047,4,1011,9,M_2161,PROPN
2162,exp,exp_name,polly,Polly,126100,126105,23,1011,9,M_2162,PROPN
2163,booknlp,COREF,1025,she,126120,126123,23,1011,9,M_2163,Other
2164,exp,exp_name,veronica,Veronica,126142,126150,37,1011,9,M_2164,PROPN
2165,exp,exp_name,polly,Polly,126185,126190,23,1011,9,M_2165,PROPN
2166,booknlp,COREF,1025,she,126196,126199,23,1011,9,M_2166,Other
2167,exp,exp_name,beaver,Beaver,126227,126233,5,1011,9,M_2167,PROPN
2168,exp,exp_name,polly,Polly,126337,126342,23,1011,9,M_2168,PROPN
2169,exp,exp_name,grimshawe,Grimshawe,126390,126399,59,1011,9,M_2169,PROPN
2170,booknlp,COREF,267,her,126474,126477,59,1011,9,M_2170,Other
2171,booknlp,COREF,267,her,126532,126535,59,1011,9,M_2171,Other
2172,booknlp,COREF,267,she,126578,126581,59,1011,9,M_2172,Other
2173,exp,exp_name,john,John,126622,126626,5,1011,9,M_2173,PROPN
2174,exp,exp_name,tony,Tony,126725,126729,35,1014,9,M_2174,PROPN
2175,booknlp,COREF,219,his,126758,126761,35,1014,9,M_2175,Other
2176,booknlp,COREF,219,His,126778,126781,35,1014,9,M_2176,Other
2177,booknlp,COREF,219,He,126824,126826,35,1014,9,M_2177,Other
2178,booknlp,COREF,219,him,126878,126881,35,1014,9,M_2178,Other
2179,booknlp,COREF,219,his,126974,126977,35,1014,9,M_2179,Other
2180,booknlp,COREF,219,he,126983,126985,35,1014,9,M_2180,Other
2181,booknlp,COREF,219,he,127018,127020,35,1014,9,M_2181,Other
2182,exp,exp_name,brenda,Brenda,127040,127046,7,1014,9,M_2182,PROPN
2183,booknlp,COREF,219,He,127048,127050,35,1014,9,M_2183,Other
2184,exp,exp_name,john,John,127059,127063,5,1014,9,M_2184,PROPN
2185,booknlp,COREF,219,him,127108,127111,35,1014,9,M_2185,Other
2186,booknlp,COREF,219,he,127158,127160,35,1014,9,M_2186,Other
2187,exp,exp_name,john,John,127179,127183,5,1014,9,M_2187,PROPN
2188,booknlp,COREF,219,I,127294,127295,35,1017,9,M_2188,Other
2189,pdnc,qID,Q872-0,you,127353,127356,12,1017,9,M_2189,Other
2190,exp,exp_name,john,John,127414,127418,5,1018,9,M_2190,PROPN
2191,pdnc,qID,Q873-0,you,127483,127486,35,1018,9,M_2191,Other
2192,pdnc,qID,Q874-0,You,127543,127546,12,1019,9,M_2192,Other
2193,exp,exp_name,tony,Tony,127611,127615,35,1021,9,M_2193,PROPN
2194,exp,exp_name,ben,Ben,127631,127634,6,1021,9,M_2194,PROPN
2195,pdnc,qID,Q876-0,you,127656,127659,12,1021,9,M_2195,Other
2196,pdnc,qID,Q876-0,your dad,127669,127677,35,1021,9,M_2196,Other
2197,pdnc,qID,Q876-0,You,127693,127696,12,1021,9,M_2197,Other
2198,pdnc,qID,Q877-0,him,127769,127772,35,1022,9,M_2198,Other
2199,exp,exp_name,john,John,127781,127785,5,1022,9,M_2199,PROPN
2200,pdnc,qID,Q878-0,You ungrateful little bastard,127789,127818,12,1023,9,M_2200,Other
2201,pdnc,qID,Q878-0,your dad,127851,127859,35,1023,9,M_2201,Other
2202,pdnc,qID,Q879-0,you,127868,127871,6,1024,9,M_2202,Other
2203,booknlp,COREF,212,me,127918,127920,6,1024,9,M_2203,Other
2204,pdnc,qID,Q879-0,nanny ,127922,127928,76,1024,9,M_2204,Other
2205,exp,exp_name,tony,Tony,127943,127947,35,1025,9,M_2205,PROPN
2206,booknlp,COREF,219,he,127988,127990,35,1025,9,M_2206,Other
2207,booknlp,COREF,219,He,128040,128042,35,1025,9,M_2207,Other
2208,booknlp,COREF,219,him,128064,128067,35,1025,9,M_2208,Other
2209,booknlp,COREF,219,he,128146,128148,35,1025,9,M_2209,Other
2210,pdnc,qID,Q880-0,My poor Brenda,128407,128421,7,1028,9,M_2210,Other
2211,exp,exp_name,mrs beaver,Mrs Beaver,128453,128463,75,1028,9,M_2211,PROPN
2212,exp,exp_name,tony,Tony,128507,128511,35,1029,9,M_2212,PROPN
2213,exp,exp_name,veronica,Veronica,128573,128581,37,1030,9,M_2213,PROPN
2214,booknlp,COREF,1046,I,128585,128586,23,1031,9,M_2214,Other
2215,exp,exp_name,polly,Polly,128623,128628,23,1031,9,M_2215,PROPN
2216,pdnc,qID,Q884-0,You,128660,128663,75,1032,9,M_2216,Other
2217,exp,exp_name,brenda,Brenda,128670,128676,7,1032,9,M_2217,PROPN
2218,exp,exp_name,tony,Tony,128703,128707,35,1032,9,M_2218,PROPN
2219,pdnc,qID,Q884-1,you,128972,128975,75,1032,9,M_2219,Other
2220,pdnc,qID,Q885-0,my angel,129012,129020,7,1033,9,M_2220,Other
2221,exp,exp_name,daisy,Daisy,129053,129058,8,1033,9,M_2221,PROPN
2222,pdnc,qID,Q886-0,Brenda ,129222,129229,7,1034,9,M_2222,PROPN
2223,exp,exp_name,mrs beaver,Mrs Beaver,129242,129252,75,1034,9,M_2223,PROPN
2224,pdnc,qID,Q886-1,Veronica,129334,129342,37,1034,9,M_2224,PROPN
2225,pdnc,qID,Q886-1,you,129388,129391,7,1034,9,M_2225,Other
2226,pdnc,qID,Q886-1,you,129530,129533,7,1034,9,M_2226,Other
2227,pdnc,qID,Q886-1,we,129563,129565,75,1034,9,M_2227,Other
2228,pdnc,qID,Q886-1,you,129682,129685,7,1034,9,M_2228,Other
2229,pdnc,qID,Q886-1,you,129703,129706,7,1034,9,M_2229,Other
2230,booknlp,COREF,264,I,129726,129727,37,1035,9,M_2230,Other
2231,exp,exp_name,veronica,Veronica,129767,129775,37,1035,9,M_2231,PROPN
2232,exp,exp_name,tony,Tony,129778,129782,35,1036,9,M_2232,PROPN
2233,pdnc,qID,Q888-0,you,129874,129877,7,1038,9,M_2233,Other
2234,pdnc,qID,Q888-0,Mrs Beaver,129890,129900,75,1038,9,M_2234,PROPN
2235,pdnc,qID,Q889-0,you,129938,129941,35,1039,9,M_2235,Other
2236,pdnc,qID,Q889-0,sweet,129949,129954,35,1039,9,M_2236,Other
2237,pdnc,qID,Q890-0,you,129967,129970,7,1040,9,M_2237,Other
2238,exp,exp_name,tony,Tony,130039,130043,35,1042,9,M_2238,PROPN
2239,booknlp,COREF,219,he,130101,130103,35,1042,9,M_2239,Other
2240,booknlp,COREF,219,I,130142,130143,35,1042,9,M_2240,Other
2241,booknlp,COREF,219,he,130150,130152,35,1042,9,M_2241,Other
2242,booknlp,COREF,219,his,130174,130177,35,1042,9,M_2242,Other
2243,pdnc,qID,Q892-1,You,130190,130193,7,1042,9,M_2243,Other
2244,pdnc,qID,Q892-1,you,130231,130234,7,1042,9,M_2244,Other
2245,booknlp,COREF,219,He,130247,130249,35,1044,9,M_2245,Other
2246,booknlp,COREF,219,his,130281,130284,35,1044,9,M_2246,Other
2247,exp,exp_name,brenda,Brenda,130308,130314,7,1044,9,M_2247,PROPN
2248,exp,exp_name,brenda,Brenda,130401,130407,7,1045,9,M_2248,PROPN
2249,pdnc,qID,Q894-1,you,130419,130422,35,1045,9,M_2249,Other
2250,pdnc,qID,Q894-1,Grimshawe,130446,130455,59,1045,9,M_2250,PROPN
2251,pdnc,qID,Q895-0,You,130486,130489,7,1046,9,M_2251,Other
2252,pdnc,qID,Q895-0,you,130509,130512,7,1046,9,M_2252,Other
2253,pdnc,qID,Q895-0,her,130537,130540,59,1046,9,M_2253,Other
2254,pdnc,qID,Q897-0,Darling,130618,130625,7,1048,9,M_2254,Other
2255,pdnc,qID,Q897-0,you,130627,130630,7,1048,9,M_2255,Other
2256,pdnc,qID,Q897-0,you,130646,130649,7,1048,9,M_2256,Other
2257,pdnc,qID,Q898-0,you,130683,130686,35,1049,9,M_2257,Other
2258,pdnc,qID,Q899-0,Brenda,130741,130747,7,1050,9,M_2258,PROPN
2259,pdnc,qID,Q899-0,you,130762,130765,7,1050,9,M_2259,Other
2260,pdnc,qID,Q901-0,you,130834,130837,7,1052,9,M_2260,Other
2261,pdnc,qID,Q903-0,Brenda,130953,130959,7,1054,9,M_2261,PROPN
2262,exp,exp_name,polly,Polly,131053,131058,23,1056,9,M_2262,PROPN
2263,exp,exp_name,mrs beaver,Mrs Beaver,131063,131073,75,1056,9,M_2263,PROPN
2264,exp,exp_name,brenda,Brenda,131093,131099,7,1056,9,M_2264,PROPN
2265,exp,exp_name,veronica,Veronica,131104,131112,37,1056,9,M_2265,PROPN
2266,exp,exp_name,tony,Tony,131318,131322,35,1056,9,M_2266,PROPN
2267,exp,exp_name,tony,Tony,131421,131425,35,1056,9,M_2267,PROPN
2268,exp,exp_name,brenda,Brenda,131545,131551,7,1057,9,M_2268,PROPN
2269,exp,exp_name,tony,Tony,131598,131602,35,1057,9,M_2269,PROPN
2270,exp,exp_name,tony,Tony,131789,131793,35,1058,9,M_2270,PROPN
2271,exp,exp_name,brenda,Brenda,131804,131810,7,1058,9,M_2271,PROPN
2272,booknlp,COREF,219,him,131850,131853,35,1058,9,M_2272,Other
2273,pdnc,qID,Q905-0,Tony,131958,131962,35,1059,9,M_2273,PROPN
2274,pdnc,qID,Q905-1,Tony,132185,132189,35,1060,9,M_2274,PROPN
2275,pdnc,qID,Q909-0,Polly,132330,132335,23,1064,9,M_2275,Other
2276,pdnc,qID,Q911-0,you,132401,132404,35,1066,9,M_2276,Other
2277,booknlp,COREF,219,He,132421,132423,35,1067,9,M_2277,Other
2278,booknlp,COREF,219,he,132503,132505,35,1067,9,M_2278,Other
2279,pdnc,qID,Q912-0,Lady Brenda,132621,132632,7,1069,9,M_2279,PROPN
2280,pdnc,qID,Q913-0,you,132680,132683,98,1070,9,M_2280,Other
2281,pdnc,qID,Q913-0,She,132695,132698,7,1070,9,M_2281,Other
2282,pdnc,qID,Q913-0,you,132730,132733,98,1070,9,M_2282,Other
2283,pdnc,qID,Q915-0,She,132861,132864,7,1072,9,M_2283,Other
2284,pdnc,qID,Q916-0,her,132928,132931,7,1073,9,M_2284,Other
2285,pdnc,qID,Q916-0,you,132983,132986,35,1073,9,M_2285,Other
2286,pdnc,qID,Q916-0,John ,132991,132996,12,1073,9,M_2286,PROPN
2287,pdnc,qID,Q916-0,her,133001,133004,7,1073,9,M_2287,Other
2288,pdnc,qID,Q918-0,her,133049,133052,7,1075,9,M_2288,Other
2289,pdnc,qID,Q919-0,you,133097,133100,98,1076,9,M_2289,Other
2290,exp,exp_name,tony,Tony,133112,133116,35,1077,9,M_2290,PROPN
2291,booknlp,COREF,219,his,133148,133151,35,1077,9,M_2291,Other
2292,booknlp,COREF,219,himself,133200,133207,35,1077,9,M_2292,Other
2293,booknlp,COREF,219,he,133259,133261,35,1077,9,M_2293,Other
2294,booknlp,COREF,219,He,133334,133336,35,1077,9,M_2294,Other
2295,pdnc,qID,Q920-0,darling,133392,133399,35,1078,9,M_2295,Other
2296,pdnc,qID,Q920-0,you,133471,133474,35,1078,9,M_2296,Other
2297,booknlp,COREF,219,he,133568,133570,35,1079,9,M_2297,Other
2298,exp,exp_name,mrs beaver,Mrs Beaver,133600,133610,75,1079,9,M_2298,PROPN
2299,pdnc,qID,Q921-0,you,133632,133635,35,1079,9,M_2299,Other
2300,pdnc,qID,Q921-0,you,133738,133741,35,1079,9,M_2300,Other
2301,pdnc,qID,Q921-0,Sylvia Newport,133824,133838,86,1079,9,M_2301,PROPN
2302,pdnc,qID,Q922-0,You,133867,133870,75,1080,9,M_2302,Other
2303,booknlp,COREF,219,my,133884,133886,35,1080,9,M_2303,Other
2304,pdnc,qID,Q923-0,you,133923,133926,35,1081,9,M_2304,Other
2305,pdnc,qID,Q923-0,you,133966,133969,35,1081,9,M_2305,Other
2306,exp,exp_name,daisy,Daisy,134088,134093,8,1082,9,M_2306,PROPN
2307,pdnc,qID,Q925-0,you,134129,134132,8,1083,9,M_2307,Other
2308,pdnc,qID,Q926-0,My poor Brenda,134184,134198,7,1084,9,M_2308,Other
2309,exp,exp_name,veronica,Veronica,134206,134214,37,1084,9,M_2309,PROPN
2310,booknlp,COREF,264,her,134226,134229,37,1084,9,M_2310,Other
2311,pdnc,qID,Q927-0,You,134301,134304,23,1085,9,M_2311,Other
2312,exp,exp_name,brenda,Brenda,134312,134318,7,1085,9,M_2312,PROPN
2313,pdnc,qID,Q927-1,Tony,134372,134376,35,1085,9,M_2313,PROPN
2314,pdnc,qID,Q928-0,the old boy,134388,134399,35,1086,9,M_2314,Other
2315,exp,exp_name,polly,Polly,134419,134424,23,1086,9,M_2315,PROPN
2316,pdnc,qID,Q929-0,him,134482,134485,35,1087,9,M_2316,Other
2317,pdnc,qID,Q931-0,he,134581,134583,35,1089,9,M_2317,Other
2318,pdnc,qID,Q932-0,his,134687,134690,35,1090,9,M_2318,Other
2319,pdnc,qID,Q932-0,him,134712,134715,35,1090,9,M_2319,Other
2320,pdnc,qID,Q934-0,old Sybil,134793,134802,85,1092,9,M_2320,Other
2321,pdnc,qID,Q935-0,Darling,134807,134814,23,1093,9,M_2321,Other
2322,pdnc,qID,Q935-0,he,134816,134818,35,1093,9,M_2322,Other
2323,pdnc,qID,Q935-0,her,134827,134830,85,1093,9,M_2323,Other
2324,pdnc,qID,Q935-0,his,134835,134838,35,1093,9,M_2324,Other
2325,pdnc,qID,Q936-0,Souki de Foucauld-Esterhazy,134851,134878,84,1094,9,M_2325,Other
2326,pdnc,qID,Q937-0,He,134883,134885,35,1095,9,M_2326,Other
2327,pdnc,qID,Q937-0,his,134892,134895,35,1095,9,M_2327,Other
2328,pdnc,qID,Q938-0,him,134937,134940,35,1096,9,M_2328,Other
2329,pdnc,qID,Q939-0,him,135003,135006,35,1097,9,M_2329,Other
2330,pdnc,qID,Q939-0,he,135008,135010,35,1097,9,M_2330,Other
2331,booknlp,COREF,270,she,135051,135054,85,1097,9,M_2331,Other
2332,exp,exp_name,brenda,Brenda,135194,135200,7,1101,10,M_2332,PROPN
2333,exp,exp_name,tony,Tony,135221,135225,35,1102,10,M_2333,PROPN
2334,exp,exp_name,polly,Polly,135368,135373,23,1104,10,M_2334,PROPN
2335,exp,exp_name,jenny abdul akbar,Jenny Abdul Akbar,135625,135642,10,1105,10,M_2335,PROPN
2336,booknlp,COREF,219,you,135691,135694,35,1105,10,M_2336,Other
2337,exp,exp_name,brenda,Brenda,135826,135832,7,1108,10,M_2337,PROPN
2338,exp,exp_name,jock,Jock,135843,135847,11,1109,10,M_2338,PROPN
2339,exp,exp_name,marjorie,Marjorie,135949,135957,15,1110,10,M_2339,PROPN
2340,booknlp,COREF,187,his,135997,136000,11,1110,10,M_2340,Other
2341,exp,exp_name,cruttwell,Cruttwell,136028,136037,67,1110,10,M_2341,PROPN
2342,booknlp,COREF,187,him,136051,136054,11,1110,10,M_2342,Other
2343,pdnc,qID,Q941-0,you,136136,136139,23,1111,10,M_2343,Other
2344,pdnc,qID,Q941-0,Jenny ,136150,136156,10,1111,10,M_2344,Other
2345,pdnc,qID,Q941-0,Tony,136164,136168,35,1111,10,M_2345,PROPN
2346,pdnc,qID,Q942-0,You,136179,136182,7,1112,10,M_2346,Other
2347,exp,exp_name,polly,Polly,136212,136217,23,1112,10,M_2347,PROPN
2348,pdnc,qID,Q942-1,She,136220,136223,10,1112,10,M_2348,Other
2349,pdnc,qID,Q942-1,she,136248,136251,10,1112,10,M_2349,Other
2350,pdnc,qID,Q943-0,mummy ,136330,136336,7,1114,10,M_2350,PROPN
2351,pdnc,qID,Q943-0,daddy,136356,136361,35,1114,10,M_2351,Other
2352,pdnc,qID,Q946-0,Jenny Abdul Akbar,136402,136419,10,1117,10,M_2352,PROPN
2353,pdnc,qID,Q947-0,she,136446,136449,10,1118,10,M_2353,Other
2354,booknlp,COREF,187,I,136462,136463,11,1119,10,M_2354,Other
2355,pdnc,qID,Q949-0,she,136503,136506,10,1120,10,M_2355,Other
2356,pdnc,qID,Q949-0,daddy,136508,136513,35,1120,10,M_2356,Other
2357,pdnc,qID,Q949-0,you,136517,136520,35,1120,10,M_2357,Other
2358,pdnc,qID,Q949-0,she,136527,136530,10,1120,10,M_2358,Other
2359,pdnc,qID,Q949-0,she,136569,136572,10,1120,10,M_2359,Other
2360,pdnc,qID,Q950-0,Mummy ,136583,136589,7,1121,10,M_2360,PROPN
2361,pdnc,qID,Q952-0,Lady Cockpurse,136621,136635,23,1123,10,M_2361,PROPN
2362,pdnc,qID,Q953-0,The monkey-woman,136640,136656,23,1124,10,M_2362,Other
2363,pdnc,qID,Q953-0,You,136658,136661,35,1124,10,M_2363,Other
2364,pdnc,qID,Q953-0,she,136667,136670,23,1124,10,M_2364,Other
2365,pdnc,qID,Q953-0,her,136713,136716,23,1124,10,M_2365,Other
2366,booknlp,COREF,187,I,136726,136727,11,1124,10,M_2366,Other
2367,pdnc,qID,Q953-0,she,136740,136743,23,1124,10,M_2367,Other
2368,booknlp,COREF,187,I,136763,136764,11,1124,10,M_2368,Other
2369,pdnc,qID,Q953-0,she,136811,136814,23,1124,10,M_2369,Other
2370,pdnc,qID,Q953-0,her,136840,136843,23,1124,10,M_2370,Other
2371,pdnc,qID,Q953-0,you,136852,136855,35,1124,10,M_2371,Other
2372,pdnc,qID,Q953-0,she,136862,136865,23,1124,10,M_2372,Other
2373,pdnc,qID,Q953-0,daddy,136871,136876,35,1124,10,M_2373,Other
2374,booknlp,COREF,187,I,136881,136882,11,1125,10,M_2374,Other
2375,exp,exp_name,tony,Tony,136934,136938,35,1127,10,M_2375,PROPN
2376,exp,exp_name,john,John,136943,136947,5,1127,10,M_2376,PROPN
2377,exp,exp_name,polly cockpurse,Polly Cockpurse,137071,137086,23,1129,10,M_2377,PROPN
2378,exp,exp_name,brenda,Brenda,137185,137191,7,1129,10,M_2378,PROPN
2379,booknlp,COREF,271,Jenny,137219,137224,10,1129,10,M_2379,Other
2380,booknlp,COREF,271,her,137240,137243,10,1129,10,M_2380,Other
2381,exp,exp_name,tony,Tony,137561,137565,35,1130,10,M_2381,PROPN
2382,pdnc,qID,Q957-0,Princess Abdul Akbar,137771,137791,10,1131,10,M_2382,PROPN
2383,booknlp,COREF,219,He,137795,137797,35,1132,10,M_2383,Other
2384,pdnc,qID,Q958-0,Mr Last,137866,137873,35,1133,10,M_2384,PROPN
2385,booknlp,COREF,219,I,137922,137923,35,1134,10,M_2385,Other
2386,exp,exp_name,tony,Tony,137972,137976,35,1134,10,M_2386,PROPN
2387,pdnc,qID,Q960-0,you,138092,138095,35,1135,10,M_2387,Other
2388,pdnc,qID,Q960-0,you,138152,138155,35,1135,10,M_2388,Other
2389,exp,exp_name,tony,Tony,138183,138187,35,1136,10,M_2389,PROPN
2390,booknlp,COREF,219,I,138195,138196,35,1136,10,M_2390,Other
2391,pdnc,qID,Q961-0,Brenda ,138206,138213,7,1136,10,M_2391,PROPN
2392,pdnc,qID,Q961-0,She,138233,138236,7,1136,10,M_2392,Other
2393,pdnc,qID,Q961-0,Lady Cockpurse,138258,138272,23,1136,10,M_2393,PROPN
2394,pdnc,qID,Q962-0,Brenda,138277,138283,7,1137,10,M_2394,PROPN
2395,exp,exp_name,tony,Tony,138403,138407,35,1137,10,M_2395,PROPN
2396,pdnc,qID,Q963-0,you,138412,138415,35,1137,10,M_2396,Other
2397,pdnc,qID,Q965-0,you,138557,138560,35,1139,10,M_2397,Other
2398,pdnc,qID,Q965-0,Mr Last,138567,138574,35,1139,10,M_2398,PROPN
2399,pdnc,qID,Q965-0,you,138594,138597,35,1139,10,M_2399,Other
2400,pdnc,qID,Q965-0,Teddy ,138598,138604,35,1139,10,M_2400,PROPN
2401,pdnc,qID,Q965-0,You,138616,138619,35,1139,10,M_2401,Other
2402,pdnc,qID,Q965-0,you,138659,138662,35,1139,10,M_2402,Other
2403,pdnc,qID,Q965-0,Jenny,138676,138681,10,1139,10,M_2403,Other
2404,pdnc,qID,Q965-0,Princess,138684,138692,10,1139,10,M_2404,Other
2405,pdnc,qID,Q965-1,my husband,138888,138898,66,1139,10,M_2405,Other
2406,pdnc,qID,Q965-1,his,138935,138938,66,1139,10,M_2406,Other
2407,exp,exp_name,moulay,Moulay,138949,138955,66,1139,10,M_2407,PROPN
2408,exp,exp_name,moulay,Moulay,139054,139060,66,1139,10,M_2408,PROPN
2409,pdnc,qID,Q965-1,my husband,139087,139097,66,1139,10,M_2409,Other
2410,pdnc,qID,Q965-1,you,139135,139138,35,1139,10,M_2410,Other
2411,pdnc,qID,Q967-0,You,139254,139257,35,1141,10,M_2411,Other
2412,pdnc,qID,Q967-0,Teddy,139273,139278,35,1141,10,M_2412,PROPN
2413,pdnc,qID,Q967-0,you,139287,139290,35,1141,10,M_2413,Other
2414,pdnc,qID,Q967-0,Brenda,139331,139337,7,1141,10,M_2414,PROPN
2415,booknlp,COREF,219,I,139342,139343,35,1142,10,M_2415,Other
2416,pdnc,qID,Q968-0,you,139351,139354,10,1142,10,M_2416,Other
2417,pdnc,qID,Q968-0,your ,139369,139374,10,1142,10,M_2417,Other
2418,exp,exp_name,tony,Tony,139386,139390,35,1142,10,M_2418,PROPN
2419,pdnc,qID,Q969-0,you,139503,139506,35,1143,10,M_2419,Other
2420,pdnc,qID,Q969-0,you,139539,139542,35,1143,10,M_2420,Other
2421,pdnc,qID,Q969-0,Teddy,139616,139621,35,1143,10,M_2421,PROPN
2422,pdnc,qID,Q970-0,you,139666,139669,10,1144,10,M_2422,Other
2423,pdnc,qID,Q972-0,Brenda ,139993,140000,7,1146,10,M_2423,PROPN
2424,booknlp,COREF,219,me,140006,140008,35,1146,10,M_2424,Other
2425,pdnc,qID,Q972-0,you,140009,140012,10,1146,10,M_2425,Other
2426,pdnc,qID,Q972-0,hers,140060,140064,7,1146,10,M_2426,Other
2427,pdnc,qID,Q973-0,you,140111,140114,35,1147,10,M_2427,Other
2428,pdnc,qID,Q973-0,Teddy,140120,140125,35,1147,10,M_2428,PROPN
2429,pdnc,qID,Q973-0,you,140194,140197,35,1147,10,M_2429,Other
2430,pdnc,qID,Q973-0,you,140208,140211,35,1147,10,M_2430,Other
2431,pdnc,qID,Q974-0,You,140312,140315,10,1148,10,M_2431,Other
2432,pdnc,qID,Q974-0,you,140351,140354,10,1148,10,M_2432,Other
2433,pdnc,qID,Q974-0,Brenda,140361,140367,7,1148,10,M_2433,PROPN
2434,pdnc,qID,Q975-0,Brenda,140379,140385,7,1149,10,M_2434,PROPN
2435,pdnc,qID,Q975-0,She,140387,140390,7,1149,10,M_2435,Other
2436,pdnc,qID,Q975-0,she,140430,140433,7,1149,10,M_2436,Other
2437,pdnc,qID,Q975-0,she,140450,140453,7,1149,10,M_2437,Other
2438,exp,exp_name,tony,Tony,140506,140510,35,1150,10,M_2438,PROPN
2439,booknlp,COREF,219,I,140513,140514,35,1150,10,M_2439,Other
2440,pdnc,qID,Q976-1,you,140520,140523,10,1150,10,M_2440,Other
2441,pdnc,qID,Q976-1,yourself,140530,140538,10,1150,10,M_2441,Other
2442,booknlp,COREF,219,I,140601,140602,35,1150,10,M_2442,Other
2443,booknlp,COREF,271,Jenny,140715,140720,10,1151,10,M_2443,Other
2444,booknlp,COREF,271,She,140723,140726,10,1152,10,M_2444,Other
2445,booknlp,COREF,271,she,140747,140750,10,1152,10,M_2445,Other
2446,booknlp,COREF,271,her,140755,140758,10,1152,10,M_2446,Other
2447,booknlp,COREF,271,her,140771,140774,10,1152,10,M_2447,Other
2448,booknlp,COREF,271,her,140892,140895,10,1152,10,M_2448,Other
2449,exp,exp_name,tony,Tony,140942,140946,35,1152,10,M_2449,PROPN
2450,booknlp,COREF,219,him,140967,140970,35,1152,10,M_2450,Other
2451,exp,exp_name,john andrew,John Andrew,140976,140987,12,1152,10,M_2451,PROPN
2452,pdnc,qID,Q978-0,Princess Abdul Akbar,141032,141052,10,1153,10,M_2452,PROPN
2453,exp,exp_name,john andrew,John Andrew,141056,141067,12,1154,10,M_2453,PROPN
2454,pdnc,qID,Q979-0,you,141140,141143,12,1155,10,M_2454,Other
2455,pdnc,qID,Q982-0,You,141380,141383,10,1159,10,M_2455,Other
2456,pdnc,qID,Q983-0,Teddy,141466,141471,35,1160,10,M_2456,PROPN
2457,pdnc,qID,Q983-0,you,141473,141476,35,1160,10,M_2457,Other
2458,pdnc,qID,Q984-0,you,141509,141512,10,1161,10,M_2458,Other
2459,exp,exp_name,teddy,Teddy,141524,141529,27,1161,10,M_2459,PROPN
2460,exp,exp_name,john,John,141609,141613,5,1164,10,M_2460,PROPN
2461,pdnc,qID,Q987-0,you,141688,141691,10,1164,10,M_2461,Other
2462,pdnc,qID,Q987-1,you,141725,141728,10,1164,10,M_2462,Other
2463,pdnc,qID,Q987-1,you,141838,141841,10,1164,10,M_2463,Other
2464,exp,exp_name,tony,Tony,141921,141925,35,1165,10,M_2464,PROPN
2465,exp,exp_name,john,John,141989,141993,5,1165,10,M_2465,PROPN
2466,pdnc,qID,Q989-0,the Moulay,142252,142262,66,1165,10,M_2466,Other
2467,pdnc,qID,Q990-0,the Moulay,142286,142296,66,1166,10,M_2467,Other
2468,pdnc,qID,Q991-1,his,142360,142363,66,1167,10,M_2468,Other
2469,pdnc,qID,Q991-1,his,142377,142380,66,1167,10,M_2469,Other
2470,pdnc,qID,Q991-1,The Moulay,142518,142528,66,1167,10,M_2470,Other
2471,pdnc,qID,Q993-1,the Moulay,142797,142807,66,1169,10,M_2471,Other
2472,pdnc,qID,Q993-1,the Moulay,142906,142916,66,1169,10,M_2472,Other
2473,pdnc,qID,Q993-1,you,142973,142976,12,1169,10,M_2473,Other
2474,exp,exp_name,john,John,143113,143117,5,1170,10,M_2474,PROPN
2475,pdnc,qID,Q994-1,Ben,143157,143160,6,1170,10,M_2475,PROPN
2476,pdnc,qID,Q998-0,Ben,143362,143365,6,1174,10,M_2476,PROPN
2477,booknlp,COREF,212,he,143419,143421,6,1175,10,M_2477,Other
2478,pdnc,qID,Q1002-0,Ben ,143524,143528,6,1178,10,M_2478,PROPN
2479,pdnc,qID,Q1003-0,you,143597,143600,12,1179,10,M_2479,Other
2480,pdnc,qID,Q1004-0,Ben,143681,143684,6,1180,10,M_2480,PROPN
2481,exp,exp_name,john,John,143692,143696,5,1180,10,M_2481,PROPN
2482,pdnc,qID,Q1004-1,mummy ,143706,143712,7,1180,10,M_2482,PROPN
2483,pdnc,qID,Q1004-1,she,143730,143733,7,1180,10,M_2483,Other
2484,exp,exp_name,nanny,nanny,143811,143816,76,1181,10,M_2484,PROPN
2485,exp,exp_name,john,John,143836,143840,5,1181,10,M_2485,PROPN
2486,booknlp,COREF,271,Jenny,143883,143888,10,1181,10,M_2486,Other
2487,pdnc,qID,Q1005-0,Johnny-boy,143914,143924,12,1181,10,M_2487,Other
2488,booknlp,COREF,2412,she,143927,143930,76,1181,10,M_2488,Other
2489,pdnc,qID,Q1006-0,you,143948,143951,10,1182,10,M_2489,Other
2490,pdnc,qID,Q1007-0,Johnny-boy,143964,143974,12,1183,10,M_2490,Other
2491,pdnc,qID,Q1008-0,You,143979,143982,10,1184,10,M_2491,Other
2492,pdnc,qID,Q1009-0,Nanny,144083,144088,76,1185,10,M_2492,Other
2493,pdnc,qID,Q1009-0,that Princess,144101,144114,10,1185,10,M_2493,Other
2494,pdnc,qID,Q1009-0,you,144135,144138,76,1185,10,M_2494,Other
2495,exp,exp_name,nanny,Nanny,144142,144147,76,1186,10,M_2495,PROPN
2496,booknlp,COREF,217,she,144209,144212,76,1186,10,M_2496,Other
2497,pdnc,qID,Q1011-0,She,144221,144224,10,1187,10,M_2497,Other
2498,pdnc,qID,Q1011-0,Miss Tendril,144247,144259,65,1187,10,M_2498,PROPN
2499,pdnc,qID,Q1011-0,she,144275,144278,10,1187,10,M_2499,Other
2500,pdnc,qID,Q1011-0,you,144325,144328,76,1187,10,M_2500,Other
2501,pdnc,qID,Q1011-0,she,144335,144338,10,1187,10,M_2501,Other
2502,booknlp,COREF,271,Jenny,144386,144391,10,1188,10,M_2502,Other
2503,booknlp,COREF,271,I,144424,144425,10,1188,10,M_2503,Other
2504,booknlp,COREF,271,my,144455,144457,10,1188,10,M_2504,Other
2505,pdnc,qID,Q1012-0,he,144485,144487,66,1188,10,M_2505,Other
2506,booknlp,COREF,271,I,144494,144495,10,1188,10,M_2506,Other
2507,pdnc,qID,Q1012-0,the Moulay,144524,144534,66,1188,10,M_2507,Other
2508,pdnc,qID,Q1012-0,his,144566,144569,66,1188,10,M_2508,Other
2509,booknlp,COREF,271,my,144588,144590,10,1188,10,M_2509,Other
2510,pdnc,qID,Q1012-0,you,144600,144603,35,1188,10,M_2510,Other
2511,booknlp,COREF,271,my,144608,144610,10,1188,10,M_2511,Other
2512,booknlp,COREF,271,I,144635,144636,10,1188,10,M_2512,Other
2513,booknlp,COREF,271,I,144652,144653,10,1188,10,M_2513,Other
2514,pdnc,qID,Q1012-0,you,144664,144667,35,1188,10,M_2514,Other
2515,booknlp,COREF,271,I,144682,144683,10,1188,10,M_2515,Other
2516,pdnc,qID,Q1012-0,you,144689,144692,35,1188,10,M_2516,Other
2517,booknlp,COREF,271,I,144823,144824,10,1188,10,M_2517,Other
2518,exp,exp_name,polly,Polly,144883,144888,23,1189,10,M_2518,PROPN
2519,exp,exp_name,brenda,Brenda,144893,144899,7,1189,10,M_2519,PROPN
2520,exp,exp_name,brenda,Brenda,144927,144933,7,1189,10,M_2520,PROPN
2521,pdnc,qID,Q1013-0,mummy,144972,144977,7,1189,10,M_2521,PROPN
2522,exp,exp_name,john,John,144985,144989,5,1189,10,M_2522,PROPN
2523,pdnc,qID,Q1013-1,a beautiful lady downstairs,145005,145032,10,1189,10,M_2523,Other
2524,pdnc,qID,Q1013-1,her,145041,145044,10,1189,10,M_2524,Other
2525,pdnc,qID,Q1013-1,Nanny ,145073,145079,76,1189,10,M_2525,Other
2526,pdnc,qID,Q1013-1,she,145093,145096,10,1189,10,M_2526,Other
2527,pdnc,qID,Q1014-0,daddy ,145115,145121,35,1190,10,M_2527,Other
2528,pdnc,qID,Q1014-0,her,145134,145137,10,1190,10,M_2528,Other
2529,pdnc,qID,Q1015-0,He,145142,145144,35,1191,10,M_2529,Other
2530,pdnc,qID,Q1015-0,She,145165,145168,10,1191,10,M_2530,Other
2531,pdnc,qID,Q1015-0,she,145219,145222,10,1191,10,M_2531,Other
2532,pdnc,qID,Q1015-0,her,145251,145254,10,1191,10,M_2532,Other
2533,exp,exp_name,brenda,Brenda,145269,145275,7,1192,10,M_2533,PROPN
2534,booknlp,COREF,271,Jenny,145302,145307,10,1192,10,M_2534,Other
2535,exp,exp_name,polly,Polly,145313,145318,23,1192,10,M_2535,PROPN
2536,exp,exp_name,tony,Tony,145323,145327,35,1192,10,M_2536,PROPN
2537,pdnc,qID,Q1016-0,You,145350,145353,10,1192,10,M_2537,Other
2538,pdnc,qID,Q1016-0,John Andrew,145382,145393,12,1192,10,M_2538,PROPN
2539,pdnc,qID,Q1016-0,He,145395,145397,12,1192,10,M_2539,Other
2540,pdnc,qID,Q1016-0,he,145422,145424,12,1192,10,M_2540,Other
2541,pdnc,qID,Q1016-0,you,145432,145435,10,1192,10,M_2541,Other
2542,booknlp,COREF,271,Jenny,145472,145477,10,1193,10,M_2542,Other
2543,pdnc,qID,Q1018-0,you,145517,145520,10,1194,10,M_2543,Other
2544,pdnc,qID,Q1018-0,Tony ,145525,145530,35,1194,10,M_2544,PROPN
2545,pdnc,qID,Q1018-0,you,145573,145576,10,1194,10,M_2545,Other
2546,pdnc,qID,Q1019-0,He,145589,145591,35,1195,10,M_2546,Other
2547,exp,exp_name,john,John,145657,145661,5,1196,10,M_2547,PROPN
2548,booknlp,COREF,271,Jenny,145756,145761,10,1196,10,M_2548,Other
2549,booknlp,COREF,271,she,145778,145781,10,1196,10,M_2549,Other
2550,booknlp,COREF,271,I,145792,145793,10,1196,10,M_2550,Other
2551,pdnc,qID,Q1020-1,you,145806,145809,12,1196,10,M_2551,Other
2552,pdnc,qID,Q1021-0,you,145820,145823,10,1197,10,M_2552,Other
2553,booknlp,COREF,1096,I,145836,145837,76,1197,10,M_2553,Other
2554,exp,exp_name,brenda,Brenda,145872,145878,7,1198,10,M_2554,PROPN
2555,pdnc,qID,Q1022-1,you,145904,145907,10,1198,10,M_2555,Other
2556,pdnc,qID,Q1022-1,He,145922,145924,12,1198,10,M_2556,Other
2557,exp,exp_name,nanny,nanny,145975,145980,76,1199,10,M_2557,PROPN
2558,booknlp,COREF,1096,she,146017,146020,76,1200,10,M_2558,Other
2559,pdnc,qID,Q1024-0,you,146067,146070,76,1201,10,M_2559,Other
2560,booknlp,COREF,1096,I,146081,146082,76,1201,10,M_2560,Other
2561,exp,exp_name,brenda,Brenda,146105,146111,7,1202,10,M_2561,PROPN
2562,exp,exp_name,polly,Polly,146117,146122,23,1202,10,M_2562,PROPN
2563,booknlp,COREF,274,King Edward,146190,146201,27,1202,10,M_2563,PROPN
2564,booknlp,COREF,274,he,146228,146230,27,1202,10,M_2564,Other
2565,booknlp,COREF,274,he,146270,146272,27,1202,10,M_2565,Other
2566,booknlp,COREF,1096,I,146345,146346,76,1204,10,M_2566,Other
2567,pdnc,qID,Q1027-0,She,146379,146382,10,1205,10,M_2567,Other
2568,pdnc,qID,Q1027-0,John Andrew,146405,146416,12,1205,10,M_2568,PROPN
2569,pdnc,qID,Q1027-0,her,146429,146432,10,1205,10,M_2569,Other
2570,booknlp,COREF,1096,I,146459,146460,76,1206,10,M_2570,Other
2571,pdnc,qID,Q1028-0,Tony,146472,146476,35,1206,10,M_2571,PROPN
2572,pdnc,qID,Q1028-0,she,146509,146512,10,1206,10,M_2572,Other
2573,pdnc,qID,Q1028-0,his,146519,146522,35,1206,10,M_2573,Other
2574,pdnc,qID,Q1028-0,her,146552,146555,10,1206,10,M_2574,Other
2575,exp,exp_name,tony,Tony,146607,146611,35,1208,10,M_2575,PROPN
2576,pdnc,qID,Q1030-0,Brenda,146619,146625,7,1208,10,M_2576,PROPN
2577,pdnc,qID,Q1030-0,joke-woman,146641,146651,10,1208,10,M_2577,Other
2578,pdnc,qID,Q1031-0,Darling,146656,146663,35,1209,10,M_2578,Other
2579,pdnc,qID,Q1031-0,you,146671,146674,35,1209,10,M_2579,Other
2580,pdnc,qID,Q1031-0,her,146680,146683,10,1209,10,M_2580,Other
2581,exp,exp_name,tony,Tony,146750,146754,35,1210,10,M_2581,PROPN
2582,booknlp,COREF,219,I,146769,146770,35,1210,10,M_2582,Other
2583,pdnc,qID,Q1032-0,her,146799,146802,10,1210,10,M_2583,Other
2584,pdnc,qID,Q1032-0,She,146812,146815,10,1210,10,M_2584,Other
2585,pdnc,qID,Q1032-0,she,146837,146840,10,1210,10,M_2585,Other
2586,pdnc,qID,Q1033-0,she,146848,146851,10,1211,10,M_2586,Other
2587,pdnc,qID,Q1033-0,She,146866,146869,10,1211,10,M_2587,Other
2588,pdnc,qID,Q1033-0,you,146893,146896,35,1211,10,M_2588,Other
2589,booknlp,COREF,219,I,146909,146910,35,1212,10,M_2589,Other
2590,pdnc,qID,Q1035-0,her,146935,146938,10,1213,10,M_2590,Other
2591,pdnc,qID,Q1035-0,Tony,146940,146944,35,1213,10,M_2591,PROPN
2592,booknlp,COREF,219,I,146961,146962,35,1214,10,M_2592,Other
2593,pdnc,qID,Q1036-0,her,146977,146980,10,1214,10,M_2593,Other
2594,pdnc,qID,Q1036-0,she,146985,146988,10,1214,10,M_2594,Other
2595,pdnc,qID,Q1037-0,she,147041,147044,10,1215,10,M_2595,Other
2596,exp,exp_name,polly,Polly,147069,147074,23,1216,10,M_2596,PROPN
2597,booknlp,COREF,1100,she,147080,147083,23,1216,10,M_2597,Other
2598,exp,exp_name,brenda,Brenda,147104,147110,7,1216,10,M_2598,PROPN
2599,booknlp,COREF,1100,her,147124,147127,23,1216,10,M_2599,Other
2600,booknlp,COREF,1100,she,147134,147137,23,1216,10,M_2600,Other
2601,booknlp,COREF,219,My,147215,147217,35,1217,10,M_2601,Other
2602,booknlp,COREF,219,I,147224,147225,35,1217,10,M_2602,Other
2603,pdnc,qID,Q1039-0,the poor old boy,147269,147285,35,1217,10,M_2603,Other
2604,pdnc,qID,Q1039-0,you,147305,147308,23,1217,10,M_2604,Other
2605,pdnc,qID,Q1040-0,She,147341,147344,10,1218,10,M_2605,Other
2606,pdnc,qID,Q1040-0,she,147384,147387,10,1218,10,M_2606,Other
2607,pdnc,qID,Q1041-0,She,147392,147395,10,1219,10,M_2607,Other
2608,pdnc,qID,Q1041-0,Tony,147431,147435,35,1219,10,M_2608,PROPN
2609,booknlp,COREF,219,me,147451,147453,35,1219,10,M_2609,Other
2610,pdnc,qID,Q1044-0,You,147589,147592,7,1223,10,M_2610,Other
2611,pdnc,qID,Q1044-0,Abdul Akbar,147623,147634,10,1223,10,M_2611,PROPN
2612,pdnc,qID,Q1045-0,darling,147658,147665,35,1224,10,M_2612,Other
2613,pdnc,qID,Q1045-0,Polly ,147671,147677,23,1224,10,M_2613,Other
2614,pdnc,qID,Q1045-0,you,147729,147732,35,1224,10,M_2614,Other
2615,pdnc,qID,Q1045-0,her,147739,147742,10,1224,10,M_2615,Other
2616,pdnc,qID,Q1046-0,She,147752,147755,10,1225,10,M_2616,Other
2617,pdnc,qID,Q1047-0,she,147798,147801,10,1226,10,M_2617,Other
2618,pdnc,qID,Q1048-0,she,147839,147842,10,1227,10,M_2618,Other
2619,pdnc,qID,Q1050-0,you,147911,147914,7,1229,10,M_2619,Other
2620,pdnc,qID,Q1052-0,Brenda,147926,147932,7,1231,10,M_2620,PROPN
2621,pdnc,qID,Q1052-0,you,147934,147937,7,1231,10,M_2621,Other
2622,pdnc,qID,Q1052-0,you,148002,148005,7,1231,10,M_2622,Other
2623,pdnc,qID,Q1053-0,sweet,148017,148022,35,1232,10,M_2623,Other
2624,pdnc,qID,Q1054-0,You,148061,148064,7,1233,10,M_2624,Other
2625,pdnc,qID,Q1055-0,you,148152,148155,35,1234,10,M_2625,Other
2626,pdnc,qID,Q1056-0,you,148192,148195,7,1235,10,M_2626,Other
2627,pdnc,qID,Q1057-0,darling,148248,148255,35,1236,10,M_2627,Other
2628,pdnc,qID,Q1059-0,the Princess,148364,148376,10,1239,10,M_2628,Other
2629,pdnc,qID,Q1059-0,mummy,148378,148383,7,1239,10,M_2629,PROPN
2630,pdnc,qID,Q1060-0,she,148403,148406,10,1240,10,M_2630,Other
2631,pdnc,qID,Q1061-0,she,148479,148482,10,1241,10,M_2631,Other
2632,pdnc,qID,Q1062-0,she,148528,148531,10,1242,10,M_2632,Other
2633,pdnc,qID,Q1063-0,my lady,148550,148557,7,1243,10,M_2633,Other
2634,exp,exp_name,grimshawe,Grimshawe,148565,148574,59,1243,10,M_2634,PROPN
2635,booknlp,COREF,267,her,148596,148599,59,1243,10,M_2635,Other
2636,pdnc,qID,Q1064-0,she,148628,148631,10,1244,10,M_2636,Other
2637,pdnc,qID,Q1065-0,Mr Last,148653,148660,35,1245,10,M_2637,PROPN
2638,pdnc,qID,Q1065-0,my lady,148671,148678,7,1245,10,M_2638,Other
2639,pdnc,qID,Q1066-0,she,148689,148692,10,1246,10,M_2639,Other
2640,exp,exp_name,john,John,148719,148723,5,1247,10,M_2640,PROPN
2641,pdnc,qID,Q1068-0,Johnny-boy,148815,148825,12,1248,10,M_2641,Other
2642,pdnc,qID,Q1069-0,you,148912,148915,10,1249,10,M_2642,Other
2643,pdnc,qID,Q1069-0,Mummy ,148931,148937,7,1249,10,M_2643,PROPN
2644,pdnc,qID,Q1069-0,you,148942,148945,10,1249,10,M_2644,Other
2645,pdnc,qID,Q1070-0,You,148997,149000,12,1250,10,M_2645,Other
2646,pdnc,qID,Q1071-0,you,149132,149135,10,1251,10,M_2646,Other
2647,pdnc,qID,Q1072-0,Johnny-boy,149189,149199,12,1252,10,M_2647,Other
2648,pdnc,qID,Q1072-0,you,149303,149306,12,1252,10,M_2648,Other
2649,pdnc,qID,Q1073-0,you,149367,149370,10,1253,10,M_2649,Other
2650,pdnc,qID,Q1075-0,you,149452,149455,10,1255,10,M_2650,Other
2651,pdnc,qID,Q1075-0,you,149565,149568,10,1255,10,M_2651,Other
2652,pdnc,qID,Q1075-0,you,149596,149599,10,1255,10,M_2652,Other
2653,pdnc,qID,Q1075-0,nanny ,149726,149732,76,1255,10,M_2653,Other
2654,pdnc,qID,Q1075-0,her,149749,149752,76,1255,10,M_2654,Other
2655,pdnc,qID,Q1075-0,you,149766,149769,10,1255,10,M_2655,Other
2656,pdnc,qID,Q1075-0,you,149868,149871,10,1255,10,M_2656,Other
2657,pdnc,qID,Q1075-0,Uncle Reggie,149942,149954,77,1255,10,M_2657,Other
2658,pdnc,qID,Q1075-0,you,150028,150031,10,1255,10,M_2658,Other
2659,pdnc,qID,Q1075-0,Ben ,150048,150052,6,1255,10,M_2659,PROPN
2660,pdnc,qID,Q1075-0,you,150096,150099,10,1255,10,M_2660,Other
2661,pdnc,qID,Q1076-0,you,150198,150201,12,1256,10,M_2661,Other
2662,pdnc,qID,Q1076-0,daddy ,150240,150246,35,1256,10,M_2662,Other
2663,pdnc,qID,Q1076-0,mummy ,150250,150256,7,1256,10,M_2663,PROPN
2664,pdnc,qID,Q1076-0, Lady Cockpurse,150259,150274,23,1256,10,M_2664,Other
2665,pdnc,qID,Q1077-0,Lady Cockpurse,150325,150339,23,1257,10,M_2665,PROPN
2666,pdnc,qID,Q1079-0,She,150476,150479,10,1260,10,M_2666,Other
2667,pdnc,qID,Q1079-0,him,150502,150505,35,1260,10,M_2667,Other
2668,pdnc,qID,Q1080-0,Polly,150558,150563,23,1261,10,M_2668,Other
2669,pdnc,qID,Q1080-0,He,150565,150567,35,1261,10,M_2669,Other
2670,pdnc,qID,Q1080-0,he,150613,150615,35,1261,10,M_2670,Other
2671,pdnc,qID,Q1081-0,She,150643,150646,10,1262,10,M_2671,Other
2672,pdnc,qID,Q1081-0,him,150658,150661,35,1262,10,M_2672,Other
2673,pdnc,qID,Q1082-0,you,150677,150680,23,1263,10,M_2673,Other
2674,pdnc,qID,Q1082-0,the old boy,150698,150709,35,1263,10,M_2674,Other
2675,pdnc,qID,Q1082-0,He,150722,150724,35,1263,10,M_2675,Other
2676,pdnc,qID,Q1082-0,you,150743,150746,23,1263,10,M_2676,Other
2677,booknlp,COREF,219,I,150815,150816,35,1265,10,M_2677,Other
2678,pdnc,qID,Q1083-0,you,150849,150852,98,1265,10,M_2678,Other
2679,pdnc,qID,Q1083-0,Rector,150868,150874,98,1265,10,M_2679,Other
2680,booknlp,COREF,219,my,150897,150899,35,1266,10,M_2680,Other
2681,exp,exp_name,john,John,150973,150977,5,1268,10,M_2681,PROPN
2682,exp,exp_name,tony,Tony,151038,151042,35,1269,10,M_2682,PROPN
2683,exp,exp_name,brenda,Brenda,151096,151102,7,1270,10,M_2683,PROPN
2684,pdnc,qID,Q1087-0,you,151120,151123,35,1270,10,M_2684,Other
2685,pdnc,qID,Q1087-0,Jenny ,151129,151135,10,1270,10,M_2685,Other
2686,booknlp,COREF,219,he,151200,151202,35,1272,10,M_2686,Other
2687,pdnc,qID,Q1089-0,Brenda,151210,151216,7,1272,10,M_2687,PROPN
2688,pdnc,qID,Q1090-0,Teddy,151304,151309,35,1274,10,M_2688,PROPN
2689,booknlp,COREF,219,I,151325,151326,35,1274,10,M_2689,Other
2690,pdnc,qID,Q1093-0,You,151543,151546,35,1276,10,M_2690,Other
2691,pdnc,qID,Q1093-0,Brenda,151553,151559,7,1276,10,M_2691,PROPN
2692,pdnc,qID,Q1093-0,her,151625,151628,7,1276,10,M_2692,Other
2693,pdnc,qID,Q1093-0,she,151687,151690,7,1276,10,M_2693,Other
2694,pdnc,qID,Q1093-0,you,151751,151754,35,1276,10,M_2694,Other
2695,booknlp,COREF,219,me,151764,151766,35,1277,10,M_2695,Other
2696,pdnc,qID,Q1094-0,your ,151778,151783,10,1277,10,M_2696,Other
2697,exp,exp_name,tony,Tony,151804,151808,35,1277,10,M_2697,PROPN
2698,pdnc,qID,Q1095-0,You,151850,151853,35,1278,10,M_2698,Other
2699,pdnc,qID,Q1095-0,yourself,151881,151889,35,1278,10,M_2699,Other
2700,pdnc,qID,Q1095-0,you,151898,151901,35,1278,10,M_2700,Other
2701,pdnc,qID,Q1095-0,Teddy,151903,151908,35,1278,10,M_2701,PROPN
2702,pdnc,qID,Q1095-0,you,151926,151929,35,1278,10,M_2702,Other
2703,exp,exp_name,tony,Tony,151993,151997,35,1279,10,M_2703,PROPN
2704,booknlp,COREF,219,him,152011,152014,35,1279,10,M_2704,Other
2705,booknlp,COREF,274,you,152072,152075,27,1279,10,M_2705,Other
2706,pdnc,qID,Q1096-1,We,152120,152122,12,1279,10,M_2706,Other
2707,pdnc,qID,Q1096-1,We,152155,152157,12,1279,10,M_2707,Other
2708,pdnc,qID,Q1097-0,Johnny-boy,152204,152214,12,1280,10,M_2708,Other
2709,booknlp,COREF,219,I,152221,152222,35,1280,10,M_2709,Other
2710,booknlp,COREF,219,I,152231,152232,35,1280,10,M_2710,Other
2711,pdnc,qID,Q1097-0,daddy,152253,152258,35,1280,10,M_2711,Other
2712,pdnc,qID,Q1098-0,you,152308,152311,10,1281,10,M_2712,Other
2713,exp,exp_name,tony,Tony,152361,152365,35,1282,10,M_2713,PROPN
2714,exp,exp_name,brenda,Brenda,152440,152446,7,1282,10,M_2714,PROPN
2715,booknlp,COREF,219,him,152453,152456,35,1282,10,M_2715,Other
2716,pdnc,qID,Q1099-0,Tony,152482,152486,35,1282,10,M_2716,PROPN
2717,pdnc,qID,Q1099-0,you,152516,152519,35,1282,10,M_2717,Other
2718,pdnc,qID,Q1099-0,Jenny,152530,152535,10,1282,10,M_2718,Other
2719,pdnc,qID,Q1099-0,you,152547,152550,35,1282,10,M_2719,Other
2720,pdnc,qID,Q1099-0,her,152561,152564,10,1282,10,M_2720,Other
2721,pdnc,qID,Q1100-0,John ,152569,152574,12,1283,10,M_2721,PROPN
2722,pdnc,qID,Q1100-0,her,152579,152582,10,1283,10,M_2722,Other
2723,booknlp,COREF,219,I,152610,152611,35,1283,10,M_2723,Other
2724,pdnc,qID,Q1101-0,Polly,152672,152677,23,1284,10,M_2724,Other
2725,pdnc,qID,Q1101-0,You,152723,152726,35,1284,10,M_2725,Other
2726,pdnc,qID,Q1101-0,you,152748,152751,35,1284,10,M_2726,Other
2727,pdnc,qID,Q1103-0,the old boy,152884,152895,35,1287,10,M_2727,Other
2728,pdnc,qID,Q1103-0,he,152923,152925,35,1287,10,M_2728,Other
2729,pdnc,qID,Q1104-0,she,152995,152998,10,1288,10,M_2729,Other
2730,pdnc,qID,Q1104-0,his,153010,153013,35,1288,10,M_2730,Other
2731,pdnc,qID,Q1105-0,you,153048,153051,7,1289,10,M_2731,Other
2732,pdnc,qID,Q1105-0,You,153058,153061,7,1289,10,M_2732,Other
2733,exp,exp_name,brenda,Brenda,153163,153169,7,1290,10,M_2733,PROPN
2734,exp,exp_name,brenda,Brenda,153203,153209,7,1292,11,M_2734,PROPN
2735,pdnc,qID,Q1107-1,Veronica,153300,153308,37,1292,11,M_2735,PROPN
2736,booknlp,COREF,219,I,153316,153317,35,1293,11,M_2736,Other
2737,pdnc,qID,Q1109-0,you,153334,153337,35,1294,11,M_2737,Other
2738,pdnc,qID,Q1109-0,you,153375,153378,35,1294,11,M_2738,Other
2739,pdnc,qID,Q1109-0,You,153380,153383,35,1294,11,M_2739,Other
2740,pdnc,qID,Q1109-0,you,153389,153392,35,1294,11,M_2740,Other
2741,booknlp,COREF,219,I,153422,153423,35,1295,11,M_2741,Other
2742,pdnc,qID,Q1111-0,darling,153453,153460,35,1296,11,M_2742,Other
2743,pdnc,qID,Q1111-0,Veronica ,153480,153489,37,1296,11,M_2743,PROPN
2744,pdnc,qID,Q1111-0,She,153555,153558,37,1296,11,M_2744,Other
2745,pdnc,qID,Q1111-0,you,153594,153597,35,1296,11,M_2745,Other
2746,pdnc,qID,Q1111-0,you,153623,153626,35,1296,11,M_2746,Other
2747,pdnc,qID,Q1111-0,her,153633,153636,37,1296,11,M_2747,Other
2748,booknlp,COREF,219,I,153646,153647,35,1297,11,M_2748,Other
2749,pdnc,qID,Q1112-0,her,153654,153657,37,1297,11,M_2749,Other
2750,booknlp,COREF,219,I,153713,153714,35,1299,11,M_2750,Other
2751,pdnc,qID,Q1114-0,you,153723,153726,7,1299,11,M_2751,Other
2752,pdnc,qID,Q1114-0,you,153788,153791,7,1299,11,M_2752,Other
2753,pdnc,qID,Q1116-0,darling,153838,153845,7,1301,11,M_2753,Other
2754,pdnc,qID,Q1116-0,you,153847,153850,7,1301,11,M_2754,Other
2755,pdnc,qID,Q1118-0,You,153890,153893,7,1303,11,M_2755,Other
2756,pdnc,qID,Q1119-0,darling,153941,153948,35,1304,11,M_2756,Other
2757,pdnc,qID,Q1119-0,You,153950,153953,35,1304,11,M_2757,Other
2758,pdnc,qID,Q1120-0,Ben ,154075,154079,6,1305,11,M_2758,PROPN
2759,pdnc,qID,Q1120-0,John ,154102,154107,12,1305,11,M_2759,PROPN
2760,pdnc,qID,Q1121-0,he,154122,154124,12,1306,11,M_2760,Other
2761,booknlp,COREF,219,I,154162,154163,35,1307,11,M_2761,Other
2762,pdnc,qID,Q1122-0,he,154172,154174,12,1307,11,M_2762,Other
2763,pdnc,qID,Q1122-0,his,154187,154190,12,1307,11,M_2763,Other
2764,pdnc,qID,Q1122-0,He,154248,154250,12,1307,11,M_2764,Other
2765,pdnc,qID,Q1125-0,his,154315,154318,12,1310,11,M_2765,Other
2766,pdnc,qID,Q1125-0,him,154356,154359,12,1310,11,M_2766,Other
2767,pdnc,qID,Q1126-0,your ,154374,154379,7,1311,11,M_2767,Other
2768,pdnc,qID,Q1127-0,Tony,154458,154462,35,1312,11,M_2768,PROPN
2769,exp,exp_name,jock,Jock,154528,154532,11,1313,11,M_2769,PROPN
2770,exp,exp_name,allan,Allan,154563,154568,3,1313,11,M_2770,PROPN
2771,exp,exp_name,marjorie,Marjorie,154573,154581,15,1313,11,M_2771,PROPN
2772,exp,exp_name,married couple,married couple,154594,154608,100,1313,11,M_2772,PROPN
2773,exp,exp_name,tony,Tony,154614,154618,35,1313,11,M_2773,PROPN
2774,booknlp,COREF,219,his,154633,154636,35,1313,11,M_2774,Other
2775,exp,exp_name,brenda,Brenda,154643,154649,7,1313,11,M_2775,PROPN
2776,booknlp,COREF,219,him,154677,154680,35,1313,11,M_2776,Other
2777,booknlp,COREF,219,he,154685,154687,35,1313,11,M_2777,Other
2778,booknlp,COREF,219,He,154700,154702,35,1313,11,M_2778,Other
2779,exp,exp_name,allan,Allan,154707,154712,3,1313,11,M_2779,PROPN
2780,pdnc,qID,Q1128-0,The old boy,154846,154857,35,1313,11,M_2780,Other
2781,exp,exp_name,brenda,Brenda,154883,154889,7,1313,11,M_2781,PROPN
2782,exp,exp_name,marjorie,Marjorie,154893,154901,15,1313,11,M_2782,PROPN
2783,pdnc,qID,Q1128-1,He,154904,154906,35,1313,11,M_2783,Other
2784,pdnc,qID,Q1129-0,Tony ,155022,155027,35,1315,11,M_2784,PROPN
2785,exp,exp_name,jock,Jock,155068,155072,11,1315,11,M_2785,PROPN
2786,exp,exp_name,tony,Tony,155086,155090,35,1316,11,M_2786,PROPN
2787,booknlp,COREF,219,he,155151,155153,35,1317,11,M_2787,Other
2788,pdnc,qID,Q1131-0,darling,155183,155190,35,1318,11,M_2788,Other
2789,booknlp,COREF,219,I,155195,155196,35,1319,11,M_2789,Other
2790,pdnc,qID,Q1133-0,You,155254,155257,35,1320,11,M_2790,Other
2791,pdnc,qID,Q1133-0,Tony,155277,155281,35,1320,11,M_2791,PROPN
2792,pdnc,qID,Q1133-0,You,155283,155286,35,1320,11,M_2792,Other
2793,booknlp,COREF,219,I,155341,155342,35,1321,11,M_2793,Other
2794,exp,exp_name,tony,Tony,155371,155375,35,1321,11,M_2794,PROPN
2795,exp,exp_name,brenda,Brenda,155387,155393,7,1322,11,M_2795,PROPN
2796,booknlp,COREF,219,him,155414,155417,35,1322,11,M_2796,Other
2797,booknlp,COREF,219,him,155468,155471,35,1322,11,M_2797,Other
2798,pdnc,qID,Q1135-0,Lady Brenda,155546,155557,7,1323,11,M_2798,PROPN
2799,pdnc,qID,Q1137-0,you,155602,155605,7,1325,11,M_2799,Other
2800,exp,exp_name,miss tendril,Miss Tendril,155683,155695,65,1327,11,M_2800,PROPN
2801,exp,exp_name,john,John,155746,155750,5,1328,11,M_2801,PROPN
2802,exp,exp_name,princess abdul akbar,Princess Abdul Akbar,155769,155789,10,1328,11,M_2802,PROPN
2803,pdnc,qID,Q1141-0,Ben ,155954,155958,6,1328,11,M_2803,PROPN
2804,exp,exp_name,brenda,Brenda,156071,156077,7,1329,11,M_2804,PROPN
2805,exp,exp_name,tony,Tony,156097,156101,35,1329,11,M_2805,PROPN
2806,booknlp,COREF,219,him,156140,156143,35,1329,11,M_2806,Other
2807,booknlp,COREF,219,his,156151,156154,35,1329,11,M_2807,Other
2808,exp,exp_name,tony,Tony,156168,156172,35,1330,11,M_2808,PROPN
2809,exp,exp_name,brenda,Brenda,156206,156212,7,1330,11,M_2809,PROPN
2810,booknlp,COREF,219,he,156245,156247,35,1330,11,M_2810,Other
2811,booknlp,COREF,219,he,156269,156271,35,1330,11,M_2811,Other
2812,exp,exp_name,jock,Jock,156313,156317,11,1330,11,M_2812,PROPN
2813,exp,exp_name,tony,Tony,156372,156376,35,1330,11,M_2813,PROPN
2814,booknlp,COREF,219,I,156539,156540,35,1332,11,M_2814,Other
2815,booknlp,COREF,219,you,156546,156549,35,1332,11,M_2815,Other
2816,booknlp,COREF,219,you,156579,156582,35,1332,11,M_2816,Other
2817,pdnc,qID,Q1144-0,that girl,156587,156596,72,1332,11,M_2817,Other
2818,booknlp,COREF,219,You,156628,156631,35,1332,11,M_2818,Other
2819,pdnc,qID,Q1144-0,her,156643,156646,72,1332,11,M_2819,Other
2820,booknlp,COREF,219,you,156660,156663,35,1332,11,M_2820,Other
2821,booknlp,COREF,219,I,156668,156669,35,1333,11,M_2821,Other
2822,pdnc,qID,Q1146-0,she,156688,156691,72,1334,11,M_2822,Other
2823,pdnc,qID,Q1146-0,She,156701,156704,72,1334,11,M_2823,Other
2824,pdnc,qID,Q1146-0,Polly ,156726,156732,23,1334,11,M_2824,Other
2825,pdnc,qID,Q1147-0,She,156804,156807,72,1335,11,M_2825,Other
2826,booknlp,COREF,219,I,156828,156829,35,1335,11,M_2826,Other
2827,pdnc,qID,Q1147-0,her,156849,156852,72,1335,11,M_2827,Other
2828,booknlp,COREF,219,you,156867,156870,35,1336,11,M_2828,Other
2829,booknlp,COREF,219,I,156952,156953,35,1336,11,M_2829,Other
2830,booknlp,COREF,219,I,156971,156972,35,1337,11,M_2830,Other
2831,pdnc,qID,Q1150-0,Jock,157039,157043,11,1339,11,M_2831,Other
2832,pdnc,qID,Q1150-0,He,157058,157060,11,1339,11,M_2832,Other
2833,pdnc,qID,Q1150-0,You,157097,157100,7,1339,11,M_2833,Other
2834,booknlp,COREF,219,Me,157116,157118,35,1340,11,M_2834,Other
2835,booknlp,COREF,219,I,157175,157176,35,1342,11,M_2835,Other
2836,pdnc,qID,Q1153-0,you,157185,157188,35,1342,11,M_2836,Other
2837,exp,exp_name,marjorie,Marjorie,157317,157325,15,1345,11,M_2837,PROPN
2838,exp,exp_name,jock,Jock,157334,157338,11,1345,11,M_2838,PROPN
2839,pdnc,qID,Q1155-0,you,157343,157346,11,1345,11,M_2839,Other
2840,pdnc,qID,Q1155-0,Tony ,157353,157358,35,1345,11,M_2840,PROPN
2841,pdnc,qID,Q1155-0,Mr Beaver,157370,157379,5,1345,11,M_2841,PROPN
2842,pdnc,qID,Q1157-0,Allan,157426,157431,3,1347,11,M_2842,PROPN
2843,pdnc,qID,Q1157-0,you,157435,157438,11,1347,11,M_2843,Other
2844,pdnc,qID,Q1157-0,he,157447,157449,3,1347,11,M_2844,Other
2845,booknlp,COREF,219,I,157460,157461,35,1348,11,M_2845,Other
2846,pdnc,qID,Q1159-0,Jock,157479,157483,11,1349,11,M_2846,Other
2847,pdnc,qID,Q1159-0,you,157491,157494,11,1349,11,M_2847,Other
2848,pdnc,qID,Q1160-0,She,157515,157518,7,1350,11,M_2848,Other
2849,pdnc,qID,Q1160-0,Beaver ,157537,157544,5,1350,11,M_2849,PROPN
2850,pdnc,qID,Q1161-0,he,157580,157582,5,1351,11,M_2850,Other
2851,pdnc,qID,Q1161-0,her,157600,157603,7,1351,11,M_2851,Other
2852,pdnc,qID,Q1161-0,he,157621,157623,5,1351,11,M_2852,Other
2853,pdnc,qID,Q1161-0,she,157666,157669,7,1351,11,M_2853,Other
2854,booknlp,COREF,219,I,157683,157684,35,1352,11,M_2854,Other
2855,pdnc,qID,Q1162-0,she,157696,157699,7,1352,11,M_2855,Other
2856,pdnc,qID,Q1162-0,you,157735,157738,15,1352,11,M_2856,Other
2857,booknlp,COREF,219,me,157743,157745,35,1352,11,M_2857,Other
2858,exp,exp_name,married couple,married couple,157815,157829,100,1354,11,M_2858,PROPN
2859,booknlp,COREF,219,D'you,157851,157856,35,1354,11,M_2859,Other
2860,pdnc,qID,Q1163-0,Marjorie ,157863,157872,15,1354,11,M_2860,PROPN
2861,pdnc,qID,Q1163-0,Allan ,157876,157882,3,1354,11,M_2861,PROPN
2862,pdnc,qID,Q1163-0,Brenda,157893,157899,7,1354,11,M_2862,PROPN
2863,exp,exp_name,brenda,Brenda,157983,157989,7,1357,11,M_2863,PROPN
2864,exp,exp_name,allan,Allan,157998,158003,3,1357,11,M_2864,PROPN
2865,pdnc,qID,Q1165-0,Tony,158006,158010,35,1357,11,M_2865,PROPN
2866,pdnc,qID,Q1165-0,he,158042,158044,35,1357,11,M_2866,Other
2867,pdnc,qID,Q1167-0,him,158095,158098,35,1359,11,M_2867,Other
2868,pdnc,qID,Q1167-0,You,158102,158105,3,1359,11,M_2868,Other
2869,pdnc,qID,Q1167-0,he,158118,158120,35,1359,11,M_2869,Other
2870,pdnc,qID,Q1168-0,his,158209,158212,35,1360,11,M_2870,Other
2871,exp,exp_name,brenda,Brenda,158221,158227,7,1361,11,M_2871,PROPN
2872,pdnc,qID,Q1169-0,him,158248,158251,35,1361,11,M_2872,Other
2873,pdnc,qID,Q1169-0,you,158267,158270,3,1361,11,M_2873,Other
2874,pdnc,qID,Q1169-0,Marjorie,158279,158287,15,1361,11,M_2874,PROPN
2875,pdnc,qID,Q1170-0,she,158348,158351,15,1362,11,M_2875,Other
2876,pdnc,qID,Q1170-0,her,158381,158384,15,1362,11,M_2876,Other
2877,pdnc,qID,Q1171-0,you,158398,158401,3,1363,11,M_2877,Other
2878,pdnc,qID,Q1174-0,Polly ,158716,158722,23,1366,11,M_2878,Other
2879,pdnc,qID,Q1174-0,Sybil ,158726,158732,85,1366,11,M_2879,PROPN
2880,exp,exp_name,marjorie,Marjorie,158912,158920,15,1369,11,M_2880,PROPN
2881,pdnc,qID,Q1176-0,Brenda ,158923,158930,7,1369,11,M_2881,PROPN
2882,pdnc,qID,Q1176-0,Beaver,158961,158967,5,1369,11,M_2882,PROPN
2883,pdnc,qID,Q1177-0,you,158999,159002,3,1370,11,M_2883,Other
2884,pdnc,qID,Q1178-0,her,159060,159063,7,1371,11,M_2884,Other
2885,pdnc,qID,Q1179-0,you,159153,159156,3,1372,11,M_2885,Other
2886,pdnc,qID,Q1179-0,Beaver,159162,159168,5,1372,11,M_2886,PROPN
2887,pdnc,qID,Q1180-0,him,159183,159186,5,1373,11,M_2887,Other
2888,pdnc,qID,Q1180-0,her,159207,159210,7,1373,11,M_2888,Other
2889,pdnc,qID,Q1180-0,Tony,159224,159228,35,1373,11,M_2889,PROPN
2890,exp,exp_name,jock,Jock,159250,159254,11,1375,12,M_2890,PROPN
2891,exp,exp_name,mrs rattery,Mrs Rattery,159275,159286,72,1375,12,M_2891,PROPN
2892,exp,exp_name,tony,Tony,159288,159292,35,1375,12,M_2892,PROPN
2893,booknlp,COREF,286,her,159318,159321,72,1375,12,M_2893,Other
2894,booknlp,COREF,219,he,159332,159334,35,1375,12,M_2894,Other
2895,exp,exp_name,polly,Polly,159348,159353,23,1375,12,M_2895,PROPN
2896,exp,exp_name,jock,Jock,159417,159421,11,1375,12,M_2896,PROPN
2897,booknlp,COREF,286,She,159423,159426,72,1375,12,M_2897,Other
2898,exp,exp_name,rattery,Rattery,159543,159550,72,1375,12,M_2898,PROPN
2899,booknlp,COREF,286,she,159560,159563,72,1375,12,M_2899,Other
2900,booknlp,COREF,286,She,159587,159590,72,1375,12,M_2900,Other
2901,exp,exp_name,jock,Jock,159735,159739,11,1375,12,M_2901,PROPN
2902,booknlp,COREF,187,his,159748,159751,11,1375,12,M_2902,Other
2903,booknlp,COREF,286,her,159759,159762,72,1375,12,M_2903,Other
2904,booknlp,COREF,286,her,159810,159813,72,1375,12,M_2904,Other
2905,booknlp,COREF,286,she,159836,159839,72,1375,12,M_2905,Other
2906,booknlp,COREF,286,her,159911,159914,72,1375,12,M_2906,Other
2907,booknlp,COREF,286,she,159974,159977,72,1375,12,M_2907,Other
2908,booknlp,COREF,286,she,160016,160019,72,1375,12,M_2908,Other
2909,booknlp,COREF,286,her,160028,160031,72,1375,12,M_2909,Other
2910,booknlp,COREF,286,her,160088,160091,72,1375,12,M_2910,Other
2911,booknlp,COREF,286,She,160156,160159,72,1376,12,M_2911,Other
2912,exp,exp_name,jock,Jock,160305,160309,11,1376,12,M_2912,PROPN
2913,booknlp,COREF,286,her,160420,160423,72,1376,12,M_2913,Other
2914,exp,exp_name,tony,Tony,160749,160753,35,1377,12,M_2914,PROPN
2915,exp,exp_name,jock,Jock,160755,160759,11,1377,12,M_2915,PROPN
2916,exp,exp_name,john,John,160764,160768,5,1377,12,M_2916,PROPN
2917,exp,exp_name,tony,Tony,161059,161063,35,1378,12,M_2917,PROPN
2918,booknlp,COREF,219,his,161106,161109,35,1378,12,M_2918,Other
2919,booknlp,COREF,219,he,161115,161117,35,1378,12,M_2919,Other
2920,exp,exp_name,mrs rattery,Mrs Rattery,161290,161301,72,1378,12,M_2920,PROPN
2921,pdnc,qID,Q1182-0,you,161346,161349,72,1379,12,M_2921,Other
2922,exp,exp_name,john,John,161385,161389,5,1379,12,M_2922,PROPN
2923,pdnc,qID,Q1182-1,you ,161414,161418,72,1379,12,M_2923,Other
2924,booknlp,COREF,286,I,161427,161428,72,1380,12,M_2924,Other
2925,booknlp,COREF,286,I,161463,161464,72,1380,12,M_2925,Other
2926,booknlp,COREF,219,him,161595,161598,35,1382,12,M_2926,Other
2927,booknlp,COREF,219,he,161617,161619,35,1382,12,M_2927,Other
2928,pdnc,qID,Q1186-0,You,161648,161651,12,1382,12,M_2928,Other
2929,booknlp,COREF,219,me,161668,161670,35,1382,12,M_2929,Other
2930,booknlp,COREF,219,I,161687,161688,35,1383,12,M_2930,Other
2931,pdnc,qID,Q1187-0,daddy,161753,161758,35,1383,12,M_2931,Other
2932,booknlp,COREF,219,I,161763,161764,35,1383,12,M_2932,Other
2933,exp,exp_name,jock,Jock,161863,161867,11,1385,12,M_2933,PROPN
2934,pdnc,qID,Q1188-0,your ,161891,161896,72,1385,12,M_2934,Other
2935,pdnc,qID,Q1188-0,you,161916,161919,72,1385,12,M_2935,Other
2936,pdnc,qID,Q1188-0,Tony,161929,161933,35,1385,12,M_2936,PROPN
2937,pdnc,qID,Q1189-0,he,161941,161943,35,1386,12,M_2937,Other
2938,pdnc,qID,Q1189-0,that rather lovely woman,161955,161979,7,1386,12,M_2938,Other
2939,pdnc,qID,Q1191-0,The one,162020,162027,7,1388,12,M_2939,Other
2940,pdnc,qID,Q1191-0,you,162028,162031,11,1388,12,M_2940,Other
2941,pdnc,qID,Q1191-0,that young man,162054,162068,5,1388,12,M_2941,Other
2942,pdnc,qID,Q1193-0,her,162090,162093,7,1390,12,M_2942,Other
2943,pdnc,qID,Q1193-0,this one,162104,162112,35,1390,12,M_2943,Other
2944,pdnc,qID,Q1194-0,Tony Last,162130,162139,35,1391,12,M_2944,Other
2945,booknlp,COREF,219,I,162190,162191,35,1392,12,M_2945,Other
2946,exp,exp_name,jock,Jock,162611,162615,11,1395,12,M_2946,PROPN
2947,pdnc,qID,Q1197-0,you,162628,162631,35,1395,12,M_2947,Other
2948,pdnc,qID,Q1199-0,you,162675,162678,35,1397,12,M_2948,Other
2949,booknlp,COREF,187,I,162687,162688,11,1397,12,M_2949,Other
2950,booknlp,COREF,187,I,162838,162839,11,1401,12,M_2950,Other
2951,booknlp,COREF,187,I,162846,162847,11,1401,12,M_2951,Other
2952,booknlp,COREF,187,I,162879,162880,11,1401,12,M_2952,Other
2953,exp,exp_name,mrs rattery,Mrs Rattery,162949,162960,72,1402,12,M_2953,PROPN
2954,exp,exp_name,tony,Tony,162977,162981,35,1402,12,M_2954,PROPN
2955,booknlp,COREF,286,she,162990,162993,72,1402,12,M_2955,Other
2956,booknlp,COREF,286,she,163011,163014,72,1402,12,M_2956,Other
2957,booknlp,COREF,286,I,163060,163061,72,1402,12,M_2957,Other
2958,booknlp,COREF,286,she,163079,163082,72,1402,12,M_2958,Other
2959,booknlp,COREF,286,I,163144,163145,72,1402,12,M_2959,Other
2960,booknlp,COREF,286,I,163174,163175,72,1402,12,M_2960,Other
2961,pdnc,qID,Q1204-1,you,163181,163184,35,1402,12,M_2961,Other
2962,exp,exp_name,tony,Tony,163292,163296,35,1403,12,M_2962,PROPN
2963,exp,exp_name,brenda,Brenda,163306,163312,7,1403,12,M_2963,PROPN
2964,booknlp,COREF,219,he,163314,163316,35,1403,12,M_2964,Other
2965,booknlp,COREF,219,he,163406,163408,35,1404,12,M_2965,Other
2966,exp,exp_name,jock,Jock,163700,163704,11,1405,12,M_2966,PROPN
2967,exp,exp_name,john,John,163987,163991,5,1407,12,M_2967,PROPN
2968,exp,exp_name,jock,Jock,164080,164084,11,1407,12,M_2968,PROPN
2969,booknlp,COREF,187,his,164089,164092,11,1407,12,M_2969,Other
2970,exp,exp_name,colonel inch,Colonel Inch,164521,164533,52,1408,12,M_2970,PROPN
2971,exp,exp_name,tony,Tony,165595,165599,35,1409,12,M_2971,PROPN
2972,exp,exp_name,mr tendril,Mr Tendril,165639,165649,69,1409,12,M_2972,PROPN
2973,booknlp,COREF,252,him,165675,165678,69,1409,12,M_2973,Other
2974,exp,exp_name,john,John,165714,165718,5,1410,12,M_2974,PROPN
2975,exp,exp_name,ben,Ben,165769,165772,6,1410,12,M_2975,PROPN
2976,booknlp,COREF,212,he,165844,165846,6,1410,12,M_2976,Other
2977,exp,exp_name,john,John,165874,165878,5,1410,12,M_2977,PROPN
2978,exp,exp_name,john,John,165903,165907,5,1410,12,M_2978,PROPN
2979,exp,exp_name,nanny,nanny,165927,165932,76,1410,12,M_2979,PROPN
2980,booknlp,COREF,2412,her,166030,166033,76,1410,12,M_2980,Other
2981,booknlp,COREF,2412,She,166039,166042,76,1410,12,M_2981,Other
2982,booknlp,COREF,2412,I,166090,166091,76,1410,12,M_2982,Other
2983,booknlp,COREF,2412,I,166110,166111,76,1410,12,M_2983,Other
2984,exp,exp_name,colonel inch,Colonel Inch,166119,166131,52,1410,12,M_2984,PROPN
2985,booknlp,COREF,2412,me,166143,166145,76,1410,12,M_2985,Other
2986,exp,exp_name,nanny,nanny,166181,166186,76,1411,12,M_2986,PROPN
2987,booknlp,COREF,2412,she,166193,166196,76,1412,12,M_2987,Other
2988,booknlp,COREF,2412,her,166208,166211,76,1412,12,M_2988,Other
2989,exp,exp_name,ben hacket,Ben Hacket,166320,166330,6,1412,12,M_2989,PROPN
2990,booknlp,COREF,2412,she,166335,166338,76,1412,12,M_2990,Other
2991,booknlp,COREF,2412,She,166348,166351,76,1412,12,M_2991,Other
2992,exp,exp_name,mr tendril,Mr Tendril,166418,166428,69,1412,12,M_2992,PROPN
2993,exp,exp_name,jock,Jock,166456,166460,11,1412,12,M_2993,PROPN
2994,exp,exp_name,mrs rattery,Mrs Rattery,166479,166490,72,1412,12,M_2994,PROPN
2995,exp,exp_name,tony,Tony,166577,166581,35,1412,12,M_2995,PROPN
2996,booknlp,COREF,219,his,166606,166609,35,1412,12,M_2996,Other
2997,exp,exp_name,miss ripon,Miss Ripon,166686,166696,64,1412,12,M_2997,PROPN
2998,exp,exp_name,unknown,unknown,166809,166816,36,1412,12,M_2998,PROPN
2999,exp,exp_name,ben hacket,Ben Hacket,166878,166888,6,1412,12,M_2999,PROPN
3000,booknlp,COREF,2412,she,166956,166959,76,1412,12,M_3000,Other
3001,pdnc,qID,Q1207-0,He,167164,167166,12,1413,12,M_3001,Other
3002,exp,exp_name,tony,Tony,167209,167213,35,1413,12,M_3002,PROPN
3003,pdnc,qID,Q1208-0,his,167262,167265,12,1414,12,M_3003,Other
3004,booknlp,COREF,219,I,167323,167324,35,1415,12,M_3004,Other
3005,pdnc,qID,Q1210-0,he,167348,167350,12,1416,12,M_3005,Other
3006,pdnc,qID,Q1210-0,we,167423,167425,6,1416,12,M_3006,Other
3007,pdnc,qID,Q1210-0,sir,167469,167472,35,1416,12,M_3007,PROPN
3008,pdnc,qID,Q1211-0,he,167485,167487,12,1417,12,M_3008,Other
3009,pdnc,qID,Q1212-0,You,167528,167531,35,1418,12,M_3009,Other
3010,booknlp,COREF,219,me,167546,167548,35,1418,12,M_3010,Other
3011,pdnc,qID,Q1212-0,him,167554,167557,12,1418,12,M_3011,Other
3012,pdnc,qID,Q1212-0,you,167590,167593,35,1418,12,M_3012,Other
3013,pdnc,qID,Q1212-0,sir,167595,167598,35,1418,12,M_3013,PROPN
3014,pdnc,qID,Q1213-0,he,167609,167611,12,1419,12,M_3014,Other
3015,pdnc,qID,Q1214-0,sir.,167660,167664,35,1420,12,M_3015,Other
3016,pdnc,qID,Q1214-0,you,167671,167674,12,1420,12,M_3016,Other
3017,pdnc,qID,Q1214-0,my beauty,167682,167691,12,1420,12,M_3017,Other
3018,exp,exp_name,john,John,167705,167709,5,1420,12,M_3018,PROPN
3019,pdnc,qID,Q1214-1,you,167712,167715,12,1420,12,M_3019,Other
3020,exp,exp_name,john,John,167912,167916,5,1421,12,M_3020,PROPN
3021,exp,exp_name,john,John,168091,168095,5,1421,12,M_3021,PROPN
3022,exp,exp_name,ben,Ben,168130,168133,6,1421,12,M_3022,PROPN
3023,exp,exp_name,john,John,168310,168314,5,1421,12,M_3023,PROPN
3024,exp,exp_name,ben,Ben,168454,168457,6,1421,12,M_3024,PROPN
3025,exp,exp_name,jock,Jock,168619,168623,11,1423,12,M_3025,PROPN
3026,exp,exp_name,mrs rattery,Mrs Rattery,168628,168639,72,1423,12,M_3026,PROPN
3027,exp,exp_name,miss ripon,Miss Ripon,169149,169159,64,1425,12,M_3027,PROPN
3028,booknlp,COREF,289,Her,169219,169222,64,1425,12,M_3028,Other
3029,booknlp,COREF,289,her,169341,169344,64,1425,12,M_3029,Other
3030,booknlp,COREF,289,her,169420,169423,64,1425,12,M_3030,Other
3031,exp,exp_name,miss ripon,Miss Ripon,169451,169461,64,1425,12,M_3031,PROPN
3032,exp,exp_name,miss ripon,Miss Ripon,169628,169638,64,1425,12,M_3032,PROPN
3033,exp,exp_name,miss ripon,Miss Ripon,169713,169723,64,1425,12,M_3033,PROPN
3034,booknlp,COREF,289,herself,169746,169753,64,1425,12,M_3034,Other
3035,exp,exp_name,miss ripon,Miss Ripon,169783,169793,64,1425,12,M_3035,PROPN
3036,exp,exp_name,miss ripon,Miss Ripon,169812,169822,64,1425,12,M_3036,PROPN
3037,exp,exp_name,miss ripon,Miss Ripon,169862,169872,64,1425,12,M_3037,PROPN
3038,booknlp,COREF,289,she,169922,169925,64,1426,12,M_3038,Other
3039,booknlp,COREF,289,she,169954,169957,64,1426,12,M_3039,Other
3040,booknlp,COREF,289,her,169986,169989,64,1426,12,M_3040,Other
3041,booknlp,COREF,289,she,170005,170008,64,1426,12,M_3041,Other
3042,booknlp,COREF,289,her,170038,170041,64,1426,12,M_3042,Other
3043,pdnc,qID,Q1219-0,That girl,170051,170060,64,1426,12,M_3043,Other
3044,exp,exp_name,jock,Jock,170089,170093,11,1426,12,M_3044,PROPN
3045,booknlp,COREF,289,her,170113,170116,64,1427,12,M_3045,Other
3046,booknlp,COREF,289,Her,170138,170141,64,1427,12,M_3046,Other
3047,exp,exp_name,miss ripon,Miss Ripon,170267,170277,64,1427,12,M_3047,PROPN
3048,booknlp,COREF,289,her,170306,170309,64,1427,12,M_3048,Other
3049,booknlp,COREF,289,she,170325,170328,64,1427,12,M_3049,Other
3050,exp,exp_name,john,John,170364,170368,5,1427,12,M_3050,PROPN
3051,exp,exp_name,jock,Jock,170380,170384,11,1427,12,M_3051,PROPN
3052,pdnc,qID,Q1220-0,Mr Grant-Menzies,170413,170429,11,1428,12,M_3052,Other
3053,pdnc,qID,Q1223-0,you,170479,170482,12,1431,12,M_3053,Other
3054,pdnc,qID,Q1223-0,yourself,170492,170500,12,1431,12,M_3054,Other
3055,booknlp,COREF,289,I,170544,170545,64,1432,12,M_3055,Other
3056,booknlp,COREF,289,her,170561,170564,64,1432,12,M_3056,Other
3057,exp,exp_name,miss ripon,Miss Ripon,170739,170749,64,1433,12,M_3057,PROPN
3058,exp,exp_name,jock,Jock,170890,170894,11,1433,12,M_3058,PROPN
3059,booknlp,COREF,187,I,170965,170966,11,1435,12,M_3059,Other
3060,booknlp,COREF,212,I,170983,170984,6,1436,12,M_3060,Other
3061,exp,exp_name,ben,Ben,171027,171030,6,1436,12,M_3061,PROPN
3062,exp,exp_name,ben,Ben,171357,171360,6,1438,12,M_3062,PROPN
3063,booknlp,COREF,212,his,171375,171378,6,1438,12,M_3063,Other
3064,pdnc,qID,Q1229-0,you,171398,171401,11,1438,12,M_3064,Other
3065,booknlp,COREF,212,I,171408,171409,6,1438,12,M_3065,Other
3066,pdnc,qID,Q1229-0,the young gentleman,171424,171443,12,1438,12,M_3066,Other
3067,pdnc,qID,Q1230-0,Mr Last,171467,171474,35,1439,12,M_3067,PROPN
3068,pdnc,qID,Q1231-0,He,171483,171485,35,1440,12,M_3068,Other
3069,booknlp,COREF,254,he,171491,171493,25,1440,12,M_3069,Other
3070,pdnc,qID,Q1231-0,He,171525,171527,35,1440,12,M_3070,Other
3071,pdnc,qID,Q1231-0,sir,171546,171549,11,1440,12,M_3071,PROPN
3072,pdnc,qID,Q1232-0,he,171581,171583,12,1441,12,M_3072,Other
3073,pdnc,qID,Q1233-0,Mr Menzies,171605,171615,11,1442,12,M_3073,Other
3074,pdnc,qID,Q1234-0,Master John,171638,171649,12,1443,12,M_3074,PROPN
3075,pdnc,qID,Q1234-0,You,171651,171654,12,1443,12,M_3075,Other
3076,booknlp,COREF,212,I,171688,171689,6,1444,12,M_3076,Other
3077,pdnc,qID,Q1236-0,you,171715,171718,12,1445,12,M_3077,Other
3078,pdnc,qID,Q1236-0,your dad,171749,171757,35,1445,12,M_3078,Other
3079,pdnc,qID,Q1236-0,you,171794,171797,12,1445,12,M_3079,Other
3080,pdnc,qID,Q1237-0,Ben,171898,171901,6,1446,12,M_3080,PROPN
3081,pdnc,qID,Q1237-0,Mr Menzies,171913,171923,11,1446,12,M_3081,Other
3082,exp,exp_name,ben,Ben,171975,171978,6,1447,12,M_3082,PROPN
3083,pdnc,qID,Q1238-1,He,171981,171983,12,1447,12,M_3083,Other
3084,booknlp,COREF,187,I,172024,172025,11,1448,12,M_3084,Other
3085,pdnc,qID,Q1239-0,Mr Last,172032,172039,35,1448,12,M_3085,PROPN
3086,pdnc,qID,Q1239-0,him,172051,172054,12,1448,12,M_3086,Other
3087,exp,exp_name,jock,Jock,172073,172077,11,1448,12,M_3087,PROPN
3088,exp,exp_name,john,John,172083,172087,5,1449,12,M_3088,PROPN
3089,exp,exp_name,ben,Ben,172145,172148,6,1449,12,M_3089,PROPN
3090,exp,exp_name,john,John,172161,172165,5,1449,12,M_3090,PROPN
3091,exp,exp_name,ben,Ben,172231,172234,6,1450,12,M_3091,PROPN
3092,booknlp,COREF,290,him,172249,172252,5,1450,12,M_3092,Other
3093,pdnc,qID,Q1240-1,Miss Ripon,172266,172276,64,1450,12,M_3093,PROPN
3094,pdnc,qID,Q1240-1,she,172308,172311,64,1450,12,M_3094,Other
3095,pdnc,qID,Q1240-1,her,172356,172359,64,1450,12,M_3095,Other
3096,exp,exp_name,miss ripon,Miss Ripon,172363,172373,64,1451,12,M_3096,PROPN
3097,booknlp,COREF,289,She,172421,172424,64,1451,12,M_3097,Other
3098,booknlp,COREF,289,her,172460,172463,64,1451,12,M_3098,Other
3099,booknlp,COREF,289,I,172480,172481,64,1451,12,M_3099,Other
3100,booknlp,COREF,290,him,172491,172494,5,1451,12,M_3100,Other
3101,booknlp,COREF,289,she,172502,172505,64,1451,12,M_3101,Other
3102,booknlp,COREF,289,I,172513,172514,64,1451,12,M_3102,Other
3103,booknlp,COREF,290,him,172538,172541,5,1451,12,M_3103,Other
3104,booknlp,COREF,289,She,172557,172560,64,1451,12,M_3104,Other
3105,booknlp,COREF,289,I,172608,172609,64,1451,12,M_3105,Other
3106,pdnc,qID,Q1241-2,Mr Last,172626,172633,35,1451,12,M_3106,PROPN
3107,booknlp,COREF,289,me,172644,172646,64,1451,12,M_3107,Other
3108,booknlp,COREF,289,I,172695,172696,64,1451,12,M_3108,Other
3109,pdnc,qID,Q1241-2,him,172721,172724,35,1451,12,M_3109,Other
3110,pdnc,qID,Q1241-2,his,172733,172736,35,1451,12,M_3110,Other
3111,booknlp,COREF,289,I,172752,172753,64,1451,12,M_3111,Other
3112,booknlp,COREF,290,him,172783,172786,5,1451,12,M_3112,Other
3113,booknlp,COREF,289,she,172789,172792,64,1451,12,M_3113,Other
3114,pdnc,qID,Q1241-3,He,172809,172811,35,1451,12,M_3114,Other
3115,booknlp,COREF,289,I,172833,172834,64,1451,12,M_3115,Other
3116,pdnc,qID,Q1241-3,him,172850,172853,35,1451,12,M_3116,Other
3117,pdnc,qID,Q1242-0,He,172875,172877,35,1452,12,M_3117,Other
3118,exp,exp_name,ben,Ben,172900,172903,6,1452,12,M_3118,PROPN
3119,pdnc,qID,Q1243-0,he,172911,172913,35,1453,12,M_3119,Other
3120,pdnc,qID,Q1243-0,him,172966,172969,35,1453,12,M_3120,Other
3121,exp,exp_name,miss ripon,Miss Ripon,172977,172987,64,1453,12,M_3121,PROPN
3122,booknlp,COREF,289,I,173025,173026,64,1453,12,M_3122,Other
3123,booknlp,COREF,289,I,173035,173036,64,1453,12,M_3123,Other
3124,pdnc,qID,Q1243-1,him,173080,173083,35,1453,12,M_3124,Other
3125,booknlp,COREF,212,He,173101,173103,6,1454,12,M_3125,Other
3126,booknlp,COREF,289,she,173192,173195,64,1454,12,M_3126,Other
3127,exp,exp_name,john,John,173216,173220,5,1454,12,M_3127,PROPN
3128,booknlp,COREF,289,her,173236,173239,64,1454,12,M_3128,Other
3129,exp,exp_name,ben,Ben,173244,173247,6,1454,12,M_3129,PROPN
3130,exp,exp_name,mr tendril,Mr Tendril,173508,173518,69,1455,12,M_3130,PROPN
3131,exp,exp_name,miss ripon,Miss Ripon,173680,173690,64,1455,12,M_3131,PROPN
3132,exp,exp_name,ben,Ben,173737,173740,6,1456,12,M_3132,PROPN
3133,booknlp,COREF,212,me,173752,173754,6,1456,12,M_3133,Other
3134,pdnc,qID,Q1244-0,Miss,173765,173769,64,1456,12,M_3134,PROPN
3135,exp,exp_name,miss ripon,Miss Ripon,173845,173855,64,1457,12,M_3135,PROPN
3136,booknlp,COREF,289,she,173863,173866,64,1457,12,M_3136,Other
3137,exp,exp_name,miss ripon,Miss Ripon,173963,173973,64,1458,12,M_3137,PROPN
3138,exp,exp_name,miss ripon,Miss Ripon,174213,174223,64,1459,12,M_3138,PROPN
3139,exp,exp_name,john,John,174389,174393,5,1459,12,M_3139,PROPN
3140,exp,exp_name,miss ripon,Miss Ripon,174449,174459,64,1459,12,M_3140,PROPN
3141,pdnc,qID,Q1245-0,Miss,174550,174554,64,1460,12,M_3141,PROPN
3142,exp,exp_name,ben,Ben,174580,174583,6,1460,12,M_3142,PROPN
3143,pdnc,qID,Q1246-0,The boy,174587,174594,12,1461,12,M_3143,Other
3144,booknlp,COREF,289,She,174605,174608,64,1462,12,M_3144,Other
3145,exp,exp_name,john,John,174746,174750,5,1462,12,M_3145,PROPN
3146,exp,exp_name,jock,Jock,174958,174962,11,1465,12,M_3146,PROPN
3147,exp,exp_name,mrs rattery,Mrs Rattery,174967,174978,72,1465,12,M_3147,PROPN
3148,exp,exp_name,colonel inch,Colonel Inch,175032,175044,52,1465,12,M_3148,PROPN
3149,exp,exp_name,miss ripon,Miss Ripon,175333,175343,64,1465,12,M_3149,PROPN
3150,exp,exp_name,jock,Jock,175418,175422,11,1465,12,M_3150,PROPN
3151,exp,exp_name,mrs rattery,Mrs Rattery,175427,175438,72,1465,12,M_3151,PROPN
3152,exp,exp_name,jock,Jock,175537,175541,11,1466,12,M_3152,PROPN
3153,pdnc,qID,Q1247-1,Tony,175601,175605,35,1466,12,M_3153,PROPN
3154,booknlp,COREF,286,I,175610,175611,72,1467,12,M_3154,Other
3155,exp,exp_name,mrs rattery,Mrs Rattery,175676,175687,72,1467,12,M_3155,PROPN
3156,exp,exp_name,the doctor,The doctor,175845,175855,90,1469,12,M_3156,PROPN
3157,booknlp,COREF,1267,his,175873,175876,90,1469,12,M_3157,Other
3158,booknlp,COREF,1267,he,175916,175918,90,1470,12,M_3158,Other
3159,pdnc,qID,Q1249-1,the kid,175991,175998,12,1470,12,M_3159,Other
3160,exp,exp_name,nanny,Nanny,176027,176032,76,1471,12,M_3160,PROPN
3161,exp,exp_name,mr tendril,Mr Tendril,176058,176068,69,1471,12,M_3161,PROPN
3162,booknlp,COREF,252,his,176073,176076,69,1471,12,M_3162,Other
3163,exp,exp_name,ben,Ben,176100,176103,6,1471,12,M_3163,PROPN
3164,exp,exp_name,ben,Ben,176211,176214,6,1471,12,M_3164,PROPN
3165,pdnc,qID,Q1252-0,He,176258,176260,12,1473,12,M_3165,Other
3166,pdnc,qID,Q1252-0,poor little bastard,176285,176304,12,1473,12,M_3166,Other
3167,exp,exp_name,ben,Ben,176312,176315,6,1473,12,M_3167,PROPN
3168,pdnc,qID,Q1253-0,Mr Grant-Menzies,176351,176367,11,1474,12,M_3168,Other
3169,pdnc,qID,Q1253-0,him,176375,176378,12,1474,12,M_3169,Other
3170,exp,exp_name,tony,Tony,176484,176488,35,1477,12,M_3170,PROPN
3171,booknlp,COREF,219,he,176531,176533,35,1477,12,M_3171,Other
3172,exp,exp_name,jock,Jock,176545,176549,11,1477,12,M_3172,PROPN
3173,pdnc,qID,Q1255-0,Brenda,176583,176589,7,1477,12,M_3173,PROPN
3174,pdnc,qID,Q1256-0,you,176596,176599,35,1478,12,M_3174,Other
3175,pdnc,qID,Q1256-0,her,176618,176621,7,1478,12,M_3175,Other
3176,pdnc,qID,Q1257-0,She,176626,176629,7,1479,12,M_3176,Other
3177,pdnc,qID,Q1257-0,we,176663,176665,35,1479,12,M_3177,Other
3178,pdnc,qID,Q1257-0,her,176677,176680,7,1479,12,M_3178,Other
3179,pdnc,qID,Q1257-0,Ambrose ,176711,176719,4,1479,12,M_3179,Other
3180,pdnc,qID,Q1257-0,he,176752,176754,4,1479,12,M_3180,Other
3181,pdnc,qID,Q1257-0,her,176813,176816,7,1479,12,M_3181,Other
3182,exp,exp_name,jock,Jock,176820,176824,11,1480,12,M_3182,PROPN
3183,booknlp,COREF,187,He,176837,176839,11,1480,12,M_3183,Other
3184,booknlp,COREF,187,his,176868,176871,11,1480,12,M_3184,Other
3185,booknlp,COREF,187,his,176896,176899,11,1480,12,M_3185,Other
3186,booknlp,COREF,187,his,176915,176918,11,1480,12,M_3186,Other
3187,exp,exp_name,tony,Tony,176927,176931,35,1480,12,M_3187,PROPN
3188,exp,exp_name,tony,Tony,176943,176947,35,1480,12,M_3188,PROPN
3189,pdnc,qID,Q1258-0,You,176955,176958,11,1480,12,M_3189,Other
3190,pdnc,qID,Q1258-0,you,176987,176990,11,1480,12,M_3190,Other
3191,exp,exp_name,mr tendril,Mr Tendril,177048,177058,69,1482,12,M_3191,PROPN
3192,booknlp,COREF,219,me,177066,177068,35,1482,12,M_3192,Other
3193,pdnc,qID,Q1260-0,Ben ,177110,177114,6,1482,12,M_3193,PROPN
3194,booknlp,COREF,219,me,177119,177121,35,1482,12,M_3194,Other
3195,pdnc,qID,Q1260-0,the girl,177158,177166,64,1482,12,M_3195,Other
3196,pdnc,qID,Q1261-0,Miss Ripon,177171,177181,64,1483,12,M_3196,PROPN
3197,pdnc,qID,Q1262-0,she,177191,177194,64,1484,12,M_3197,Other
3198,pdnc,qID,Q1262-0,she,177210,177213,64,1484,12,M_3198,Other
3199,pdnc,qID,Q1262-0,Her,177248,177251,64,1484,12,M_3199,Other
3200,pdnc,qID,Q1262-0,she,177287,177290,64,1484,12,M_3200,Other
3201,pdnc,qID,Q1262-0,John,177350,177354,12,1484,12,M_3201,PROPN
3202,pdnc,qID,Q1262-0,She,177356,177359,64,1484,12,M_3202,Other
3203,pdnc,qID,Q1262-0,she,177372,177375,64,1484,12,M_3203,Other
3204,pdnc,qID,Q1262-0,him,177383,177386,12,1484,12,M_3204,Other
3205,pdnc,qID,Q1262-0,she,177420,177423,64,1484,12,M_3205,Other
3206,pdnc,qID,Q1262-0,her,177474,177477,64,1484,12,M_3206,Other
3207,pdnc,qID,Q1262-0,her,177499,177502,64,1484,12,M_3207,Other
3208,pdnc,qID,Q1262-0,She,177504,177507,64,1484,12,M_3208,Other
3209,pdnc,qID,Q1262-0,She,177524,177527,64,1484,12,M_3209,Other
3210,booknlp,COREF,219,I,177553,177554,35,1484,12,M_3210,Other
3211,pdnc,qID,Q1262-0,her,177560,177563,64,1484,12,M_3211,Other
3212,pdnc,qID,Q1262-0,her,177593,177596,64,1484,12,M_3212,Other
3213,exp,exp_name,tony,Tony,177676,177680,35,1486,12,M_3213,PROPN
3214,pdnc,qID,Q1264-1,Brenda,177728,177734,7,1486,12,M_3214,PROPN
3215,booknlp,COREF,219,I,177779,177780,35,1488,12,M_3215,Other
3216,booknlp,COREF,219,I,177787,177788,35,1488,12,M_3216,Other
3217,booknlp,COREF,219,I,177814,177815,35,1488,12,M_3217,Other
3218,booknlp,COREF,187,I,177921,177922,11,1489,12,M_3218,Other
3219,exp,exp_name,jock,Jock,177936,177940,11,1489,12,M_3219,PROPN
3220,exp,exp_name,the doctor,the doctor,178011,178021,90,1490,12,M_3220,PROPN
3221,pdnc,qID,Q1268-0,that Ripon girl,178086,178101,64,1490,12,M_3221,Other
3222,pdnc,qID,Q1268-0,She,178103,178106,64,1490,12,M_3222,Other
3223,pdnc,qID,Q1268-0,she,178135,178138,64,1490,12,M_3223,Other
3224,pdnc,qID,Q1268-0,her,178190,178193,64,1490,12,M_3224,Other
3225,booknlp,COREF,1267,They,178195,178199,90,1490,12,M_3225,Other
3226,pdnc,qID,Q1268-0,John ,178215,178220,12,1490,12,M_3226,PROPN
3227,pdnc,qID,Q1268-0,She,178249,178252,64,1490,12,M_3227,Other
3228,pdnc,qID,Q1268-0,her,178277,178280,64,1490,12,M_3228,Other
3229,pdnc,qID,Q1268-0,Brenda ,178314,178321,7,1490,12,M_3229,PROPN
3230,pdnc,qID,Q1268-0,She,178336,178339,7,1490,12,M_3230,Other
3231,exp,exp_name,tony,Tony,178416,178420,35,1491,12,M_3231,PROPN
3232,pdnc,qID,Q1269-0,you,178432,178435,11,1491,12,M_3232,Other
3233,pdnc,qID,Q1269-0,Brenda,178468,178474,7,1491,12,M_3233,PROPN
3234,booknlp,COREF,187,I,178484,178485,11,1492,12,M_3234,Other
3235,exp,exp_name,jock,Jock,178499,178503,11,1492,12,M_3235,PROPN
3236,exp,exp_name,mrs rattery,Mrs Rattery,178516,178527,72,1493,12,M_3236,PROPN
3237,pdnc,qID,Q1271-0,Colonel Inch,178538,178550,52,1493,12,M_3237,PROPN
3238,pdnc,qID,Q1271-1,him,178590,178593,52,1493,12,M_3238,Other
3239,pdnc,qID,Q1271-1,He,178595,178597,52,1493,12,M_3239,Other
3240,pdnc,qID,Q1271-1,you,178613,178616,35,1493,12,M_3240,Other
3241,pdnc,qID,Q1271-1,his,178617,178620,52,1493,12,M_3241,Other
3242,pdnc,qID,Q1272-0,he,178637,178639,52,1494,12,M_3242,Other
3243,pdnc,qID,Q1273-0,him,178666,178669,52,1495,12,M_3243,Other
3244,pdnc,qID,Q1273-0,you,178670,178673,35,1495,12,M_3244,Other
3245,pdnc,qID,Q1273-0,He,178710,178712,52,1495,12,M_3245,Other
3246,pdnc,qID,Q1273-0,you,178721,178724,35,1495,12,M_3246,Other
3247,pdnc,qID,Q1273-0,he,178743,178745,52,1495,12,M_3247,Other
3248,pdnc,qID,Q1274-0,him,178775,178778,52,1496,12,M_3248,Other
3249,pdnc,qID,Q1274-0,you,178795,178798,72,1496,12,M_3249,Other
3250,booknlp,COREF,219,I,178828,178829,35,1498,12,M_3250,Other
3251,pdnc,qID,Q1276-0,John ,178878,178883,12,1498,12,M_3251,PROPN
3252,booknlp,COREF,219,I,178887,178888,35,1498,12,M_3252,Other
3253,pdnc,qID,Q1276-0,Jock,178892,178896,11,1498,12,M_3253,Other
3254,pdnc,qID,Q1276-0,Brenda,178927,178933,7,1498,12,M_3254,PROPN
3255,pdnc,qID,Q1277-0,him,178948,178951,11,1499,12,M_3255,Other
3256,booknlp,COREF,187,I,179072,179073,11,1502,12,M_3256,Other
3257,exp,exp_name,jock,Jock,179096,179100,11,1502,12,M_3257,PROPN
3258,booknlp,COREF,187,he,179108,179110,11,1503,12,M_3258,Other
3259,exp,exp_name,tony,Tony,179121,179125,35,1503,12,M_3259,PROPN
3260,exp,exp_name,footman,footman,179149,179156,91,1503,12,M_3260,PROPN
3261,pdnc,qID,Q1281-0,you ,179226,179230,91,1504,12,M_3261,Other
3262,pdnc,qID,Q1281-0,Mr Ambrose,179235,179245,4,1504,12,M_3262,PROPN
3263,pdnc,qID,Q1281-0,Mrs Rattery,179251,179262,72,1504,12,M_3263,PROPN
3264,pdnc,qID,Q1281-0,She,179282,179285,72,1504,12,M_3264,Other
3265,pdnc,qID,Q1281-0,Mr Grant-Menzies,179304,179320,11,1504,12,M_3265,Other
3266,pdnc,qID,Q1281-0,Her ladyship,179322,179334,7,1504,12,M_3266,Other
3267,pdnc,qID,Q1282-0,sir,179395,179398,35,1505,12,M_3267,PROPN
3268,pdnc,qID,Q1283-0,They,179403,179407,11,1506,12,M_3268,Other
3269,pdnc,qID,Q1283-0,they,179445,179449,11,1506,12,M_3269,Other
3270,pdnc,qID,Q1283-0,you,179491,179494,91,1506,12,M_3270,Other
3271,pdnc,qID,Q1283-0,Colonel Inch,179517,179529,52,1506,12,M_3271,PROPN
3272,pdnc,qID,Q1283-0,him,179540,179543,52,1506,12,M_3272,Other
3273,pdnc,qID,Q1283-0,Mr Ripon,179581,179589,68,1506,12,M_3273,PROPN
3274,pdnc,qID,Q1283-0,Miss Ripon,179607,179617,64,1506,12,M_3274,PROPN
3275,pdnc,qID,Q1283-0,Mr Tendril,179650,179660,69,1506,12,M_3275,PROPN
3276,pdnc,qID,Q1283-0,him,179674,179677,69,1506,12,M_3276,Other
3277,pdnc,qID,Q1283-0,He,179692,179694,69,1506,12,M_3277,Other
3278,pdnc,qID,Q1284-0,sir,179720,179723,35,1507,12,M_3278,PROPN
3279,pdnc,qID,Q1284-0,he,179725,179727,69,1507,12,M_3279,Other
3280,pdnc,qID,Q1285-0,him,179760,179763,69,1508,12,M_3280,Other
3281,pdnc,qID,Q1285-0,him,179806,179809,69,1508,12,M_3281,Other
3282,pdnc,qID,Q1286-0,sir,179825,179828,35,1509,12,M_3282,PROPN
3283,exp,exp_name,mr last,Mr Last,179832,179839,25,1510,12,M_3283,PROPN
3284,exp,exp_name,the footman,the footman,179882,179893,91,1510,12,M_3284,PROPN
3285,exp,exp_name,mrs rattery,Mrs Rattery,180027,180038,72,1512,12,M_3285,PROPN
3286,booknlp,COREF,286,she,180113,180116,72,1514,12,M_3286,Other
3287,pdnc,qID,Q1288-1,You,180124,180127,35,1514,12,M_3287,Other
3288,exp,exp_name,tony,Tony,180190,180194,35,1515,12,M_3288,PROPN
3289,pdnc,qID,Q1289-1,Jock,180222,180226,11,1515,12,M_3289,Other
3290,pdnc,qID,Q1289-1,Brenda,180243,180249,7,1515,12,M_3290,PROPN
3291,booknlp,COREF,219,I,180251,180252,35,1515,12,M_3291,Other
3292,pdnc,qID,Q1289-1,she,180287,180290,7,1515,12,M_3292,Other
3293,exp,exp_name,tony,Tony,180325,180329,35,1516,12,M_3293,PROPN
3294,booknlp,COREF,219,he,180341,180343,35,1516,12,M_3294,Other
3295,exp,exp_name,mrs rattery,Mrs Rattery,180365,180376,72,1516,12,M_3295,PROPN
3296,pdnc,qID,Q1290-0,you,180392,180395,35,1516,12,M_3296,Other
3297,pdnc,qID,Q1290-0,you,180414,180417,35,1516,12,M_3297,Other
3298,booknlp,COREF,286,I,180433,180434,72,1517,12,M_3298,Other
3299,booknlp,COREF,286,I,180447,180448,72,1517,12,M_3299,Other
3300,exp,exp_name,mrs rattery,Mrs Rattery,180509,180520,72,1518,12,M_3300,PROPN
3301,pdnc,qID,Q1292-1,Jock ,180523,180528,11,1518,12,M_3301,PROPN
3302,booknlp,COREF,286,I,180553,180554,72,1518,12,M_3302,Other
3303,pdnc,qID,Q1292-1,Lady Brenda,180574,180585,7,1518,12,M_3303,PROPN
3304,pdnc,qID,Q1293-0,you,180618,180621,72,1519,12,M_3304,Other
3305,booknlp,COREF,286,I,180630,180631,72,1520,12,M_3305,Other
3306,exp,exp_name,tony,Tony,180643,180647,35,1521,12,M_3306,PROPN
3307,booknlp,COREF,219,I,180655,180656,35,1521,12,M_3307,Other
3308,booknlp,COREF,219,me,180684,180686,35,1521,12,M_3308,Other
3309,booknlp,COREF,219,I,180692,180693,35,1521,12,M_3309,Other
3310,pdnc,qID,Q1295-0,you,180699,180702,72,1521,12,M_3310,Other
3311,booknlp,COREF,219,I,180712,180713,35,1521,12,M_3311,Other
3312,pdnc,qID,Q1295-0,you,180742,180745,72,1521,12,M_3312,Other
3313,booknlp,COREF,219,I,180747,180748,35,1521,12,M_3313,Other
3314,exp,exp_name,the footman,The footman,180850,180861,91,1523,12,M_3314,PROPN
3315,exp,exp_name,mr tendril,Mr Tendril,180879,180889,69,1523,12,M_3315,PROPN
3316,exp,exp_name,miss ripon,Miss Ripon,180926,180936,64,1523,12,M_3316,PROPN
3317,pdnc,qID,Q1297-0,Mr Grant-Menzies,180980,180996,11,1524,12,M_3317,Other
3318,pdnc,qID,Q1297-0,his,181012,181015,11,1524,12,M_3318,Other
3319,pdnc,qID,Q1297-0,He,181021,181023,11,1524,12,M_3319,Other
3320,exp,exp_name,tony,Tony,181052,181056,35,1524,12,M_3320,PROPN
3321,pdnc,qID,Q1297-1,Mrs Rattery,181059,181070,72,1524,12,M_3321,PROPN
3322,pdnc,qID,Q1297-1,her ladyship,181088,181100,7,1524,12,M_3322,Other
3323,pdnc,qID,Q1298-0,sir,181124,181127,35,1525,12,M_3323,PROPN
3324,pdnc,qID,Q1298-0,Colonel Inch,181133,181145,52,1525,12,M_3324,PROPN
3325,booknlp,COREF,219,I,181255,181256,35,1526,12,M_3325,Other
3326,pdnc,qID,Q1299-0,him,181269,181272,52,1526,12,M_3326,Other
3327,exp,exp_name,the footman,the footman,181285,181296,91,1526,12,M_3327,PROPN
3328,exp,exp_name,tony,Tony,181316,181320,35,1526,12,M_3328,PROPN
3329,booknlp,COREF,1278,I,181360,181361,91,1527,12,M_3329,Other
3330,exp,exp_name,jock,Jock,181448,181452,11,1529,12,M_3330,PROPN
3331,exp,exp_name,tony,Tony,181484,181488,35,1529,12,M_3331,PROPN
3332,exp,exp_name,mrs rattery,Mrs Rattery,181493,181504,72,1529,12,M_3332,PROPN
3333,booknlp,COREF,219,I,181534,181535,35,1530,12,M_3333,Other
3334,exp,exp_name,tony,Tony,181587,181591,35,1530,12,M_3334,PROPN
3335,pdnc,qID,Q1304-0,You,181636,181639,35,1531,12,M_3335,Other
3336,booknlp,COREF,219,me,181666,181668,35,1531,12,M_3336,Other
3337,pdnc,qID,Q1305-0,you,181698,181701,72,1532,12,M_3337,Other
3338,pdnc,qID,Q1306-0,you,181710,181713,35,1533,12,M_3338,Other
3339,booknlp,COREF,219,I,181742,181743,35,1534,12,M_3339,Other
3340,booknlp,COREF,219,I,181779,181780,35,1534,12,M_3340,Other
3341,booknlp,COREF,219,I,181818,181819,35,1534,12,M_3341,Other
3342,booknlp,COREF,219,I,181867,181868,35,1535,12,M_3342,Other
3343,pdnc,qID,Q1308-0,You,181875,181878,35,1535,12,M_3343,Other
3344,exp,exp_name,tony,Tony,181919,181923,35,1536,12,M_3344,PROPN
3345,pdnc,qID,Q1309-0,Brenda,181966,181972,7,1536,12,M_3345,PROPN
3346,pdnc,qID,Q1309-0,You,181974,181977,72,1536,12,M_3346,Other
3347,pdnc,qID,Q1309-0,she,181982,181985,7,1536,12,M_3347,Other
3348,pdnc,qID,Q1309-0,John,182019,182023,12,1536,12,M_3348,PROPN
3349,booknlp,COREF,219,I,182025,182026,35,1536,12,M_3349,Other
3350,pdnc,qID,Q1309-0,her,182034,182037,7,1536,12,M_3350,Other
3351,booknlp,COREF,219,I,182043,182044,35,1536,12,M_3351,Other
3352,pdnc,qID,Q1309-0,Brenda,182072,182078,7,1536,12,M_3352,PROPN
3353,pdnc,qID,Q1309-0,John ,182079,182084,12,1536,12,M_3353,PROPN
3354,pdnc,qID,Q1309-0,you,182127,182130,72,1536,12,M_3354,Other
3355,pdnc,qID,Q1309-0,she,182136,182139,7,1536,12,M_3355,Other
3356,pdnc,qID,Q1309-0,John ,182160,182165,12,1536,12,M_3356,PROPN
3357,pdnc,qID,Q1309-0,She,182173,182176,7,1536,12,M_3357,Other
3358,booknlp,COREF,219,I,182206,182207,35,1536,12,M_3358,Other
3359,pdnc,qID,Q1309-0,her,182238,182241,7,1536,12,M_3359,Other
3360,pdnc,qID,Q1310-0,You,182246,182249,35,1537,12,M_3360,Other
3361,pdnc,qID,Q1311-0,you,182303,182306,72,1538,12,M_3361,Other
3362,booknlp,COREF,219,I,182312,182313,35,1538,12,M_3362,Other
3363,pdnc,qID,Q1311-0,Brenda ,182319,182326,7,1538,12,M_3363,PROPN
3364,exp,exp_name,mrs rattery,Mrs Rattery,182534,182545,72,1540,13,M_3364,PROPN
3365,booknlp,COREF,286,her,182555,182558,72,1540,13,M_3365,Other
3366,exp,exp_name,tony,Tony,182567,182571,35,1540,13,M_3366,PROPN
3367,booknlp,COREF,286,she,182573,182576,72,1540,13,M_3367,Other
3368,booknlp,COREF,286,her,182592,182595,72,1540,13,M_3368,Other
3369,booknlp,COREF,219,he,182642,182644,35,1540,13,M_3369,Other
3370,booknlp,COREF,219,he,182684,182686,35,1540,13,M_3370,Other
3371,booknlp,COREF,219,he,182732,182734,35,1541,13,M_3371,Other
3372,booknlp,COREF,219,I,182743,182744,35,1542,13,M_3372,Other
3373,booknlp,COREF,219,you,182753,182756,35,1542,13,M_3373,Other
3374,pdnc,qID,Q1314-0,Jock,182794,182798,11,1543,13,M_3374,Other
3375,exp,exp_name,mrs rattery,Mrs Rattery,183098,183109,72,1545,13,M_3375,PROPN
3376,booknlp,COREF,286,I,183205,183206,72,1545,13,M_3376,Other
3377,booknlp,COREF,286,I,183214,183215,72,1545,13,M_3377,Other
3378,booknlp,COREF,286,my,183226,183228,72,1545,13,M_3378,Other
3379,pdnc,qID,Q1317-0,John ,183274,183279,12,1545,13,M_3379,PROPN
3380,exp,exp_name,mrs rattery,Mrs Rattery,183441,183452,72,1546,13,M_3380,PROPN
3381,pdnc,qID,Q1319-0,Brenda ,183456,183463,7,1547,13,M_3381,PROPN
3382,pdnc,qID,Q1319-0,Jock ,183494,183499,11,1547,13,M_3382,PROPN
3383,pdnc,qID,Q1319-0,her,183505,183508,7,1547,13,M_3383,Other
3384,pdnc,qID,Q1319-0,she,183523,183526,7,1547,13,M_3384,Other
3385,pdnc,qID,Q1319-0,He,183551,183553,11,1547,13,M_3385,Other
3386,pdnc,qID,Q1319-0,her,183579,183582,7,1547,13,M_3386,Other
3387,pdnc,qID,Q1319-0,She,183625,183628,7,1547,13,M_3387,Other
3388,pdnc,qID,Q1319-0,she,183662,183665,7,1547,13,M_3388,Other
3389,pdnc,qID,Q1319-0,she,183682,183685,7,1547,13,M_3389,Other
3390,booknlp,COREF,286,I,183706,183707,72,1547,13,M_3390,Other
3391,booknlp,COREF,286,I,183721,183722,72,1547,13,M_3391,Other
3392,pdnc,qID,Q1319-0,He,183766,183768,11,1547,13,M_3392,Other
3393,pdnc,qID,Q1319-0,her,183782,183785,7,1547,13,M_3393,Other
3394,pdnc,qID,Q1319-0,she,183911,183914,7,1547,13,M_3394,Other
3395,pdnc,qID,Q1319-0,Brenda ,184011,184018,7,1547,13,M_3395,PROPN
3396,pdnc,qID,Q1319-0,she,184065,184068,7,1547,13,M_3396,Other
3397,pdnc,qID,Q1319-0,She,184140,184143,7,1547,13,M_3397,Other
3398,booknlp,COREF,286,I,184160,184161,72,1547,13,M_3398,Other
3399,booknlp,COREF,286,I,184172,184173,72,1547,13,M_3399,Other
3400,booknlp,COREF,286,I,184203,184204,72,1547,13,M_3400,Other
3401,pdnc,qID,Q1319-0,John,184226,184230,12,1547,13,M_3401,PROPN
3402,exp,exp_name,mrs rattery,Mrs Rattery,184235,184246,72,1548,13,M_3402,PROPN
3403,booknlp,COREF,286,her,184263,184266,72,1548,13,M_3403,Other
3404,booknlp,COREF,286,her,184386,184389,72,1548,13,M_3404,Other
3405,booknlp,COREF,286,she,184423,184426,72,1548,13,M_3405,Other
3406,booknlp,COREF,286,her,184483,184486,72,1548,13,M_3406,Other
3407,pdnc,qID,Q1320-0,she,184534,184537,7,1549,13,M_3407,Other
3408,pdnc,qID,Q1320-0,he,184558,184560,11,1549,13,M_3408,Other
3409,pdnc,qID,Q1320-0,she,184583,184586,7,1549,13,M_3409,Other
3410,pdnc,qID,Q1320-0,she,184613,184616,7,1549,13,M_3410,Other
3411,pdnc,qID,Q1320-0,she,184646,184649,7,1549,13,M_3411,Other
3412,pdnc,qID,Q1320-0,she,184685,184688,7,1549,13,M_3412,Other
3413,booknlp,COREF,286,I,184705,184706,72,1549,13,M_3413,Other
3414,pdnc,qID,Q1320-0,Jock ,184756,184761,11,1549,13,M_3414,PROPN
3415,pdnc,qID,Q1320-0,her,184772,184775,7,1549,13,M_3415,Other
3416,booknlp,COREF,187,him,184795,184798,11,1549,13,M_3416,Other
3417,pdnc,qID,Q1320-0,his,184809,184812,11,1549,13,M_3417,Other
3418,pdnc,qID,Q1320-0,her,184821,184824,7,1549,13,M_3418,Other
3419,pdnc,qID,Q1320-0,Jock,184843,184847,11,1549,13,M_3419,Other
3420,pdnc,qID,Q1320-0,She,184851,184854,7,1549,13,M_3420,Other
3421,pdnc,qID,Q1321-0,you,184915,184918,35,1550,13,M_3421,Other
3422,exp,exp_name,mrs rattery,Mrs Rattery,184946,184957,72,1550,13,M_3422,PROPN
3423,booknlp,COREF,286,I,184970,184971,72,1551,13,M_3423,Other
3424,pdnc,qID,Q1322-0,she,184996,184999,7,1551,13,M_3424,Other
3425,pdnc,qID,Q1322-0,Brenda ,185076,185083,7,1551,13,M_3425,PROPN
3426,booknlp,COREF,286,I,185099,185100,72,1551,13,M_3426,Other
3427,pdnc,qID,Q1322-0,she,185116,185119,7,1551,13,M_3427,Other
3428,pdnc,qID,Q1322-0,her,185128,185131,7,1551,13,M_3428,Other
3429,booknlp,COREF,286,I,185137,185138,72,1551,13,M_3429,Other
3430,pdnc,qID,Q1322-0,her,185147,185150,7,1551,13,M_3430,Other
3431,booknlp,COREF,286,I,185189,185190,72,1551,13,M_3431,Other
3432,pdnc,qID,Q1322-0,she,185201,185204,7,1551,13,M_3432,Other
3433,pdnc,qID,Q1322-0,she,185234,185237,7,1551,13,M_3433,Other
3434,pdnc,qID,Q1322-0,She,185271,185274,7,1551,13,M_3434,Other
3435,exp,exp_name,mrs rattery,Mrs Rattery,185326,185337,72,1552,13,M_3435,PROPN
3436,booknlp,COREF,286,her,185351,185354,72,1552,13,M_3436,Other
3437,booknlp,COREF,286,her,185399,185402,72,1552,13,M_3437,Other
3438,booknlp,COREF,286,she,185656,185659,72,1552,13,M_3438,Other
3439,pdnc,qID,Q1324-0,You,185725,185728,72,1554,13,M_3439,Other
3440,pdnc,qID,Q1324-0,you,185804,185807,72,1554,13,M_3440,Other
3441,pdnc,qID,Q1325-0,you,185831,185834,35,1555,13,M_3441,Other
3442,pdnc,qID,Q1330-0,Marjorie ,185973,185982,15,1560,13,M_3442,PROPN
3443,pdnc,qID,Q1330-0,Jock ,186059,186064,11,1560,13,M_3443,PROPN
3444,pdnc,qID,Q1330-0,Brenda,186073,186079,7,1560,13,M_3444,PROPN
3445,pdnc,qID,Q1330-0,she,186089,186092,7,1560,13,M_3445,Other
3446,pdnc,qID,Q1330-0,Marjorie ,186102,186111,15,1560,13,M_3446,PROPN
3447,pdnc,qID,Q1331-0,You,186141,186144,35,1561,13,M_3447,Other
3448,pdnc,qID,Q1331-0,you,186195,186198,35,1561,13,M_3448,Other
3449,pdnc,qID,Q1333-0,you,186245,186248,35,1563,13,M_3449,Other
3450,pdnc,qID,Q1335-0,You,186347,186350,35,1565,13,M_3450,Other
3451,pdnc,qID,Q1337-0,you,186548,186551,35,1567,13,M_3451,Other
3452,pdnc,qID,Q1337-0,you,186577,186580,35,1567,13,M_3452,Other
3453,pdnc,qID,Q1337-0,you,186585,186588,35,1567,13,M_3453,Other
3454,pdnc,qID,Q1337-0,you,186597,186600,35,1567,13,M_3454,Other
3455,exp,exp_name,tony,Tony,186623,186627,35,1568,13,M_3455,PROPN
3456,booknlp,COREF,219,I,186635,186636,35,1568,13,M_3456,Other
3457,pdnc,qID,Q1339-0,you,186676,186679,35,1569,13,M_3457,Other
3458,pdnc,qID,Q1340-0,Brenda ,186771,186778,7,1570,13,M_3458,PROPN
3459,pdnc,qID,Q1341-0,you,186928,186931,35,1571,13,M_3459,Other
3460,pdnc,qID,Q1343-0,boy,187136,187139,35,1573,13,M_3460,PROPN
3461,booknlp,COREF,219,I,187154,187155,35,1574,13,M_3461,Other
3462,booknlp,COREF,219,I,187185,187186,35,1574,13,M_3462,Other
3463,pdnc,qID,Q1345-0,you,187208,187211,35,1575,13,M_3463,Other
3464,pdnc,qID,Q1345-0,You,187224,187227,35,1575,13,M_3464,Other
3465,pdnc,qID,Q1345-0,you,187253,187256,35,1575,13,M_3465,Other
3466,pdnc,qID,Q1345-0,your ,187318,187323,35,1575,13,M_3466,Other
3467,booknlp,COREF,219,I,187331,187332,35,1576,13,M_3467,Other
3468,pdnc,qID,Q1348-0,your wife,187613,187622,7,1578,13,M_3468,Other
3469,pdnc,qID,Q1348-0,you,187677,187680,35,1578,13,M_3469,Other
3470,pdnc,qID,Q1348-0,you,187686,187689,35,1578,13,M_3470,Other
3471,booknlp,COREF,219,I,187726,187727,35,1580,13,M_3471,Other
3472,booknlp,COREF,219,me,187809,187811,35,1582,13,M_3472,Other
3473,booknlp,COREF,219,I,187865,187866,35,1584,13,M_3473,Other
3474,pdnc,qID,Q1354-0,you,187879,187882,35,1584,13,M_3474,Other
3475,exp,exp_name,tony,Tony,187905,187909,35,1585,13,M_3475,PROPN
3476,booknlp,COREF,286,I,187923,187924,72,1586,13,M_3476,Other
3477,booknlp,COREF,219,you,187962,187965,35,1586,13,M_3477,Other
3478,booknlp,COREF,219,you,188005,188008,35,1586,13,M_3478,Other
3479,exp,exp_name,mrs rattery,Mrs Rattery,188031,188042,72,1586,13,M_3479,PROPN
3480,booknlp,COREF,286,I,188049,188050,72,1586,13,M_3480,Other
3481,exp,exp_name,mrs rattery,Mrs Rattery,188159,188170,72,1587,13,M_3481,PROPN
3482,exp,exp_name,mrs rattery,Mrs Rattery,188226,188237,72,1588,13,M_3482,PROPN
3483,pdnc,qID,Q1355-4,You,188240,188243,35,1588,13,M_3483,Other
3484,pdnc,qID,Q1355-4,you,188249,188252,35,1588,13,M_3484,Other
3485,pdnc,qID,Q1355-4,your,188268,188272,35,1588,13,M_3485,Other
3486,exp,exp_name,tony,Tony,188303,188307,35,1589,13,M_3486,PROPN
3487,booknlp,COREF,219,he,188338,188340,35,1590,13,M_3487,Other
3488,exp,exp_name,mrs rattery,Mrs Rattery,188394,188405,72,1591,13,M_3488,PROPN
3489,exp,exp_name,albert,Albert,188460,188466,43,1592,13,M_3489,PROPN
3490,exp,exp_name,tony,Tony,188497,188501,35,1592,13,M_3490,PROPN
3491,booknlp,COREF,219,he,188532,188534,35,1592,13,M_3491,Other
3492,exp,exp_name,mrs rattery,Mrs Rattery,188558,188569,72,1592,13,M_3492,PROPN
3493,booknlp,COREF,286,hers,188592,188596,72,1592,13,M_3493,Other
3494,exp,exp_name,albert,Albert,188668,188674,43,1592,13,M_3494,PROPN
3495,pdnc,qID,Q1359-0,that man,188704,188712,43,1593,13,M_3495,Other
3496,exp,exp_name,tony,Tony,188733,188737,35,1593,13,M_3496,PROPN
3497,booknlp,COREF,219,he,188744,188746,35,1593,13,M_3497,Other
3498,exp,exp_name,albert,Albert,188800,188806,43,1594,13,M_3498,PROPN
3499,pdnc,qID,Q1360-1,the little fellow,188822,188839,12,1594,13,M_3499,Other
3500,pdnc,qID,Q1362-0,you,188945,188948,35,1596,13,M_3500,Other
3501,booknlp,COREF,286,She,188957,188960,72,1597,13,M_3501,Other
3502,exp,exp_name,ambrose,Ambrose,189029,189036,4,1597,13,M_3502,PROPN
3503,exp,exp_name,albert,Albert,189041,189047,43,1597,13,M_3503,PROPN
3504,exp,exp_name,tony,Tony,189064,189068,35,1597,13,M_3504,PROPN
3505,booknlp,COREF,219,his,189079,189082,35,1597,13,M_3505,Other
3506,pdnc,qID,Q1363-0,Jock,189161,189165,11,1597,13,M_3506,Other
3507,exp,exp_name,mrs rattery,Mrs Rattery,189194,189205,72,1598,13,M_3507,PROPN
3508,booknlp,COREF,286,I,189213,189214,72,1598,13,M_3508,Other
3509,exp,exp_name,jock,Jock,189300,189304,11,1600,13,M_3509,PROPN
3510,exp,exp_name,brenda,Brenda,189318,189324,7,1600,13,M_3510,PROPN
3511,exp,exp_name,mrs beaver,Mrs Beaver,189396,189406,75,1600,13,M_3511,PROPN
3512,exp,exp_name,jock,Jock,189610,189614,11,1600,13,M_3512,PROPN
3513,exp,exp_name,brenda,Brenda,189620,189626,7,1600,13,M_3513,PROPN
3514,booknlp,COREF,187,he,189639,189641,11,1600,13,M_3514,Other
3515,exp,exp_name,brenda,Brenda,189696,189702,7,1600,13,M_3515,PROPN
3516,booknlp,COREF,187,He,189777,189779,11,1600,13,M_3516,Other
3517,exp,exp_name,mrs beaver,Mrs Beaver,189924,189934,75,1600,13,M_3517,PROPN
3518,exp,exp_name,jock,Jock,189965,189969,11,1600,13,M_3518,PROPN
3519,booknlp,COREF,187,he,190076,190078,11,1600,13,M_3519,Other
3520,exp,exp_name,brenda,Brenda,190104,190110,7,1600,13,M_3520,PROPN
3521,booknlp,COREF,187,He,190120,190122,11,1600,13,M_3521,Other
3522,booknlp,COREF,187,he,190178,190180,11,1600,13,M_3522,Other
3523,booknlp,COREF,187,his,190193,190196,11,1600,13,M_3523,Other
3524,exp,exp_name,brenda,Brenda,190233,190239,7,1600,13,M_3524,PROPN
3525,booknlp,COREF,187,He,190272,190274,11,1600,13,M_3525,Other
3526,exp,exp_name,brenda,Brenda,190375,190381,7,1600,13,M_3526,PROPN
3527,booknlp,COREF,187,him,190450,190453,11,1600,13,M_3527,Other
3528,pdnc,qID,Q1365-0,you,190556,190559,11,1601,13,M_3528,Other
3529,pdnc,qID,Q1365-0,Lady Brenda Last,190572,190588,7,1601,13,M_3529,PROPN
3530,pdnc,qID,Q1366-0,she,190602,190605,7,1602,13,M_3530,Other
3531,pdnc,qID,Q1366-0,yours,190618,190623,10,1602,13,M_3531,Other
3532,exp,exp_name,princess abdul akbar,Princess Abdul Akbar,190655,190675,10,1603,13,M_3532,PROPN
3533,pdnc,qID,Q1368-0,you,190692,190695,10,1604,13,M_3533,Other
3534,pdnc,qID,Q1368-0,her,190725,190728,7,1604,13,M_3534,Other
3535,pdnc,qID,Q1369-0,she,190741,190744,7,1605,13,M_3535,Other
3536,pdnc,qID,Q1369-0,Lady Cockpurse,190762,190776,23,1605,13,M_3536,PROPN
3537,pdnc,qID,Q1369-0,her,190820,190823,7,1605,13,M_3537,Other
3538,pdnc,qID,Q1370-0,her,190866,190869,7,1606,13,M_3538,Other
3539,pdnc,qID,Q1371-0,you,190902,190905,11,1607,13,M_3539,Other
3540,exp,exp_name,jock,Jock,191998,192002,11,1608,13,M_3540,PROPN
3541,pdnc,qID,Q1372-0,your ,192037,192042,11,1609,13,M_3541,Other
3542,booknlp,COREF,1317,He,192078,192080,11,1609,13,M_3542,Other
3543,booknlp,COREF,1317,I,192100,192101,11,1609,13,M_3543,Other
3544,pdnc,qID,Q1373-0,you,192124,192127,11,1609,13,M_3544,Other
3545,booknlp,COREF,1317,I,192129,192130,11,1609,13,M_3545,Other
3546,booknlp,COREF,271,I,192201,192202,10,1610,13,M_3546,Other
3547,pdnc,qID,Q1374-0,you,192217,192220,10,1610,13,M_3547,Other
3548,exp,exp_name,jenny abdul akbar,Jenny Abdul Akbar,192278,192295,10,1611,13,M_3548,PROPN
3549,booknlp,COREF,271,her,192329,192332,10,1611,13,M_3549,Other
3550,booknlp,COREF,271,her,192360,192363,10,1611,13,M_3550,Other
3551,booknlp,COREF,271,her,192380,192383,10,1611,13,M_3551,Other
3552,booknlp,COREF,271,she,192401,192404,10,1612,13,M_3552,Other
3553,booknlp,COREF,271,me,192423,192425,10,1612,13,M_3553,Other
3554,booknlp,COREF,271,I,192428,192429,10,1612,13,M_3554,Other
3555,exp,exp_name,jock,Jock,192462,192466,11,1613,13,M_3555,PROPN
3556,pdnc,qID,Q1376-0,Their little boy,192476,192492,12,1613,13,M_3556,Other
3557,pdnc,qID,Q1377-0,Little Jimmy,192519,192531,12,1614,13,M_3557,Other
3558,pdnc,qID,Q1378-0,John,192537,192541,12,1615,13,M_3558,PROPN
3559,pdnc,qID,Q1379-0,John,192546,192550,12,1616,13,M_3559,PROPN
3560,booknlp,COREF,271,Jenny,192630,192635,10,1618,13,M_3560,Other
3561,booknlp,COREF,271,my,192654,192656,10,1618,13,M_3561,Other
3562,booknlp,COREF,271,I,192665,192666,10,1618,13,M_3562,Other
3563,booknlp,COREF,271,me,192729,192731,10,1618,13,M_3563,Other
3564,booknlp,COREF,271,I,192742,192743,10,1618,13,M_3564,Other
3565,booknlp,COREF,271,I,192747,192748,10,1618,13,M_3565,Other
3566,booknlp,COREF,271,I,192793,192794,10,1618,13,M_3566,Other
3567,booknlp,COREF,271,I,192813,192814,10,1618,13,M_3567,Other
3568,booknlp,COREF,271,I,192855,192856,10,1618,13,M_3568,Other
3569,pdnc,qID,Q1381-1,that brave little life,192882,192904,12,1618,13,M_3569,Other
3570,booknlp,COREF,187,I,192921,192922,11,1619,13,M_3570,Other
3571,pdnc,qID,Q1382-0,you,192928,192931,10,1619,13,M_3571,Other
3572,booknlp,COREF,187,I,192946,192947,11,1619,13,M_3572,Other
3573,booknlp,COREF,271,I,193045,193046,10,1620,13,M_3573,Other
3574,exp,exp_name,jenny abdul akbar,Jenny Abdul Akbar,193095,193112,10,1620,13,M_3574,PROPN
3575,booknlp,COREF,271,I,193125,193126,10,1620,13,M_3575,Other
3576,booknlp,COREF,271,She,193149,193152,10,1621,13,M_3576,Other
3577,booknlp,COREF,271,she,193190,193193,10,1621,13,M_3577,Other
3578,exp,exp_name,jock,Jock,193224,193228,11,1621,13,M_3578,PROPN
3579,booknlp,COREF,187,I,193260,193261,11,1621,13,M_3579,Other
3580,pdnc,qID,Q1384-0,Polly,193279,193284,23,1621,13,M_3580,Other
3581,pdnc,qID,Q1384-0,Brenda,193295,193301,7,1621,13,M_3581,PROPN
3582,booknlp,COREF,271,I,193324,193325,10,1622,13,M_3582,Other
3583,booknlp,COREF,271,She,193340,193343,10,1622,13,M_3583,Other
3584,booknlp,COREF,271,she,193373,193376,10,1622,13,M_3584,Other
3585,pdnc,qID,Q1386-0,you,193392,193395,11,1622,13,M_3585,Other
3586,booknlp,COREF,271,she,193413,193416,10,1622,13,M_3586,Other
3587,booknlp,COREF,271,I,193434,193435,10,1622,13,M_3587,Other
3588,exp,exp_name,mr tendril,Mr Tendril,193520,193530,69,1624,13,M_3588,PROPN
3589,exp,exp_name,tony,Tony,193539,193543,35,1624,13,M_3589,PROPN
3590,booknlp,COREF,252,him,193548,193551,69,1624,13,M_3590,Other
3591,booknlp,COREF,219,his,193555,193558,35,1624,13,M_3591,Other
3592,booknlp,COREF,219,he,193597,193599,35,1624,13,M_3592,Other
3593,booknlp,COREF,219,he,193609,193611,35,1624,13,M_3593,Other
3594,exp,exp_name,mrs rattery,Mrs Rattery,193640,193651,72,1624,13,M_3594,PROPN
3595,booknlp,COREF,219,himself,193709,193716,35,1624,13,M_3595,Other
3596,exp,exp_name,mrs rattery,Mrs Rattery,193744,193755,72,1624,13,M_3596,PROPN
3597,booknlp,COREF,286,her,193768,193771,72,1624,13,M_3597,Other
3598,booknlp,COREF,286,she,193799,193802,72,1624,13,M_3598,Other
3599,booknlp,COREF,219,He,193840,193842,35,1625,13,M_3599,Other
3600,booknlp,COREF,219,me,193902,193904,35,1626,13,M_3600,Other
3601,pdnc,qID,Q1389-0,you,193919,193922,35,1626,13,M_3601,Other
3602,exp,exp_name,tony,Tony,193926,193930,35,1627,13,M_3602,PROPN
3603,booknlp,COREF,219,I,193938,193939,35,1627,13,M_3603,Other
3604,pdnc,qID,Q1390-0,him,193959,193962,69,1627,13,M_3604,Other
3605,pdnc,qID,Q1390-0,He,193983,193985,69,1627,13,M_3605,Other
3606,exp,exp_name,mrs rattery,Mrs Rattery,194138,194149,72,1628,13,M_3606,PROPN
3607,exp,exp_name,tony,Tony,194165,194169,35,1629,13,M_3607,PROPN
3608,pdnc,qID,Q1392-1,you,194198,194201,72,1629,13,M_3608,Other
3609,booknlp,COREF,286,I,194237,194238,72,1630,13,M_3609,Other
3610,exp,exp_name,mrs rattery,Mrs Rattery,194262,194273,72,1630,13,M_3610,PROPN
3611,pdnc,qID,Q1394-0,you,194282,194285,72,1631,13,M_3611,Other
3612,booknlp,COREF,219,I,194287,194288,35,1631,13,M_3612,Other
3613,booknlp,COREF,219,I,194301,194302,35,1631,13,M_3613,Other
3614,booknlp,COREF,219,me,194375,194377,35,1631,13,M_3614,Other
3615,booknlp,COREF,219,I,194429,194430,35,1632,13,M_3615,Other
3616,booknlp,COREF,219,I,194482,194483,35,1632,13,M_3616,Other
3617,booknlp,COREF,219,I,194580,194581,35,1632,13,M_3617,Other
3618,exp,exp_name,tony,Tony,194631,194635,35,1633,13,M_3618,PROPN
3619,pdnc,qID,Q1396-1,her,194662,194665,7,1633,13,M_3619,Other
3620,exp,exp_name,lady cockpurse,Lady Cockpurse,194760,194774,23,1635,13,M_3620,PROPN
3621,exp,exp_name,veronica,Veronica,194778,194786,37,1635,13,M_3621,PROPN
3622,exp,exp_name,daisy,Daisy,194791,194796,8,1635,13,M_3622,PROPN
3623,exp,exp_name,sybil,Sybil,194801,194806,85,1635,13,M_3623,PROPN
3624,exp,exp_name,souki de foucald-esterhazy,Souki de Foucald-Esterhazy,194808,194834,84,1635,13,M_3624,PROPN
3625,exp,exp_name,mrs northcote,Mrs Northcote,194927,194940,71,1635,13,M_3625,PROPN
3626,exp,exp_name,mrs beaver,Mrs Beaver,194942,194952,75,1635,13,M_3626,PROPN
3627,exp,exp_name,mrs beaver,Mrs Beaver,195035,195045,75,1635,13,M_3627,PROPN
3628,pdnc,qID,Q1397-0,she,195214,195217,71,1635,13,M_3628,Other
3629,pdnc,qID,Q1397-0,Daisy,195233,195238,8,1635,13,M_3629,PROPN
3630,pdnc,qID,Q1398-0,She,195243,195246,71,1636,13,M_3630,Other
3631,exp,exp_name,polly,Polly,195271,195276,23,1636,13,M_3631,PROPN
3632,exp,exp_name,daisy,Daisy,195314,195319,8,1637,13,M_3632,PROPN
3633,pdnc,qID,Q1399-0,she,195339,195342,71,1637,13,M_3633,Other
3634,exp,exp_name,daisy,Daisy,195406,195411,8,1638,13,M_3634,PROPN
3635,exp,exp_name,brenda,Brenda,195458,195464,7,1639,13,M_3635,PROPN
3636,exp,exp_name,mrs northcote,Mrs Northcote,195499,195512,71,1639,13,M_3636,PROPN
3637,booknlp,COREF,298,She,195561,195564,71,1639,13,M_3637,Other
3638,exp,exp_name,brenda,Brenda,195628,195634,7,1639,13,M_3638,PROPN
3639,exp,exp_name,mrs northcote,Mrs Northcote,195680,195693,71,1639,13,M_3639,PROPN
3640,booknlp,COREF,298,her,195711,195714,71,1639,13,M_3640,Other
3641,booknlp,COREF,298,she,195763,195766,71,1639,13,M_3641,Other
3642,exp,exp_name,brenda,Brenda,195868,195874,7,1639,13,M_3642,PROPN
3643,pdnc,qID,Q1401-0,Mr Beaver,195964,195973,5,1640,13,M_3643,PROPN
3644,pdnc,qID,Q1402-0,He,195985,195987,5,1641,13,M_3644,Other
3645,pdnc,qID,Q1402-0,his mother,196016,196026,75,1641,13,M_3645,Other
3646,pdnc,qID,Q1402-0,he,196092,196094,5,1641,13,M_3646,Other
3647,pdnc,qID,Q1403-0,his,196170,196173,5,1642,13,M_3647,Other
3648,pdnc,qID,Q1404-0,You,196193,196196,7,1643,13,M_3648,Other
3649,exp,exp_name,mrs northcote,Mrs Northcote,196240,196253,71,1643,13,M_3649,PROPN
3650,pdnc,qID,Q1406-0,You,196288,196291,7,1645,13,M_3650,Other
3651,pdnc,qID,Q1406-0,You,196383,196386,7,1645,13,M_3651,Other
3652,exp,exp_name,princess abdul akbar,Princess Abdul Akbar,196626,196646,10,1649,13,M_3652,PROPN
3653,pdnc,qID,Q1410-0,Brenda,196671,196677,7,1649,13,M_3653,PROPN
3654,booknlp,COREF,273,she,196680,196683,10,1649,13,M_3654,Other
3655,booknlp,COREF,273,I,196691,196692,10,1649,13,M_3655,Other
3656,pdnc,qID,Q1410-1,she,196701,196704,7,1649,13,M_3656,Other
3657,pdnc,qID,Q1411-0,Mrs Northcote,196719,196732,71,1650,13,M_3657,PROPN
3658,pdnc,qID,Q1411-0,her,196741,196744,7,1650,13,M_3658,Other
3659,pdnc,qID,Q1412-0,Jock Menzies,196753,196765,11,1651,13,M_3659,Other
3660,pdnc,qID,Q1412-0,her,196779,196782,7,1651,13,M_3660,Other
3661,pdnc,qID,Q1412-0,He,196784,196786,11,1651,13,M_3661,Other
3662,pdnc,qID,Q1413-0,Darling Jock,196804,196816,11,1652,13,M_3662,PROPN
3663,pdnc,qID,Q1413-0,you,196840,196843,10,1652,13,M_3663,Other
3664,pdnc,qID,Q1413-0,him,196850,196853,11,1652,13,M_3664,Other
3665,pdnc,qID,Q1414-0,He,196900,196902,11,1653,13,M_3665,Other
3666,pdnc,qID,Q1414-0,Brenda,196916,196922,7,1653,13,M_3666,PROPN
3667,pdnc,qID,Q1415-0,she,196964,196967,7,1654,13,M_3667,Other
3668,pdnc,qID,Q1415-0,Mrs Northcote,197025,197038,71,1654,13,M_3668,PROPN
3669,booknlp,COREF,271,Jenny,197042,197047,10,1655,13,M_3669,Other
3670,exp,exp_name,brenda,Brenda,197100,197106,7,1656,13,M_3670,PROPN
3671,exp,exp_name,mrs northcote,Mrs Northcote,197183,197196,71,1656,13,M_3671,PROPN
3672,pdnc,qID,Q1416-1,you,197309,197312,7,1656,13,M_3672,Other
3673,exp,exp_name,brenda,Brenda,197359,197365,7,1657,13,M_3673,PROPN
3674,pdnc,qID,Q1418-0,you,197413,197416,7,1658,13,M_3674,Other
3675,booknlp,COREF,187,he,197429,197431,11,1658,13,M_3675,Other
3676,pdnc,qID,Q1418-0,you,197450,197453,7,1658,13,M_3676,Other
3677,booknlp,COREF,187,he,197455,197457,11,1658,13,M_3677,Other
3678,exp,exp_name,beaver,Beaver,197513,197519,5,1659,13,M_3678,PROPN
3679,booknlp,COREF,187,him,197527,197530,11,1659,13,M_3679,Other
3680,exp,exp_name,jock,Jock,197545,197549,11,1660,13,M_3680,PROPN
3681,exp,exp_name,polly,Polly,197592,197597,23,1660,13,M_3681,PROPN
3682,exp,exp_name,brenda,Brenda,197670,197676,7,1661,13,M_3682,PROPN
3683,pdnc,qID,Q1421-0,Jock Grant-Menzies,197813,197831,11,1662,13,M_3683,Other
3684,pdnc,qID,Q1421-0,you,197845,197848,7,1662,13,M_3684,Other
3685,pdnc,qID,Q1422-0,Jock,197864,197868,11,1663,13,M_3685,Other
3686,pdnc,qID,Q1423-0,You,197929,197932,7,1664,13,M_3686,Other
3687,pdnc,qID,Q1423-0,him,197953,197956,11,1664,13,M_3687,Other
3688,exp,exp_name,brenda,Brenda,197969,197975,7,1665,13,M_3688,PROPN
3689,exp,exp_name,jock,Jock,198115,198119,11,1665,13,M_3689,PROPN
3690,pdnc,qID,Q1424-0,Jock,198147,198151,11,1666,13,M_3690,Other
3691,exp,exp_name,john,John,198271,198275,5,1668,13,M_3691,PROPN
3692,booknlp,COREF,187,He,198296,198298,11,1671,13,M_3692,Other
3693,pdnc,qID,Q1429-0,you,198537,198540,11,1672,13,M_3693,Other
3694,booknlp,COREF,187,I,198565,198566,11,1673,13,M_3694,Other
3695,pdnc,qID,Q1432-0,you,198630,198633,7,1675,13,M_3695,Other
3696,pdnc,qID,Q1432-0,John ,198644,198649,12,1675,13,M_3696,PROPN
3697,booknlp,COREF,187,he,198717,198719,11,1676,13,M_3697,Other
3698,pdnc,qID,Q1433-0,John,198733,198737,12,1676,13,M_3698,PROPN
3699,pdnc,qID,Q1433-0,John Andrew.,198741,198753,12,1676,13,M_3699,Other
3700,exp,exp_name,mrs northcote,Mrs Northcote,198914,198927,71,1678,13,M_3700,PROPN
3701,exp,exp_name,souki foucauld-esterhazy,Souki Foucauld-Esterhazy,198932,198956,84,1678,13,M_3701,PROPN
3702,exp,exp_name,tony,Tony,199213,199217,35,1680,14,M_3702,PROPN
3703,pdnc,qID,Q1435-0,Jock ,199241,199246,11,1681,14,M_3703,PROPN
3704,pdnc,qID,Q1435-0,Brenda,199271,199277,7,1681,14,M_3704,PROPN
3705,pdnc,qID,Q1435-0,She,199279,199282,7,1681,14,M_3705,Other
3706,pdnc,qID,Q1436-0,she,199331,199334,7,1682,14,M_3706,Other
3707,pdnc,qID,Q1438-0,she,199382,199385,7,1684,14,M_3707,Other
3708,pdnc,qID,Q1439-0,She,199394,199397,7,1685,14,M_3708,Other
3709,pdnc,qID,Q1439-0,Polly,199427,199432,23,1685,14,M_3709,Other
3710,booknlp,COREF,298,I,199445,199446,71,1686,14,M_3710,Other
3711,pdnc,qID,Q1440-0,her,199455,199458,7,1686,14,M_3711,Other
3712,booknlp,COREF,298,I,199491,199492,71,1688,14,M_3712,Other
3713,pdnc,qID,Q1442-0,you,199517,199520,11,1688,14,M_3713,Other
3714,pdnc,qID,Q1444-0,you,199549,199552,11,1690,14,M_3714,Other
3715,booknlp,COREF,298,I,199572,199573,71,1690,14,M_3715,Other
3716,booknlp,COREF,298,I,199590,199591,71,1690,14,M_3716,Other
3717,pdnc,qID,Q1444-0,you,199617,199620,11,1690,14,M_3717,Other
3718,pdnc,qID,Q1444-0,Mrs Rattery,199625,199636,72,1690,14,M_3718,PROPN
3719,pdnc,qID,Q1445-0,Brenda ,199672,199679,7,1691,14,M_3719,PROPN
3720,exp,exp_name,jock,Jock,199766,199770,11,1692,14,M_3720,PROPN
3721,pdnc,qID,Q1447-0,you,199859,199862,7,1693,14,M_3721,Other
3722,pdnc,qID,Q1448-0,You,199930,199933,11,1694,14,M_3722,Other
3723,exp,exp_name,jock,Jock,200028,200032,11,1695,14,M_3723,PROPN
3724,booknlp,COREF,187,he,200036,200038,11,1695,14,M_3724,Other
3725,booknlp,COREF,187,him,200118,200121,11,1695,14,M_3725,Other
3726,exp,exp_name,jock,Jock,200266,200270,11,1696,14,M_3726,PROPN
3727,pdnc,qID,Q1450-0,Poor little boy,200283,200298,12,1697,14,M_3727,Other
3728,pdnc,qID,Q1450-1,Poor little boy,200312,200327,12,1697,14,M_3728,Other
3729,pdnc,qID,Q1451-0,you,200530,200533,7,1699,14,M_3729,Other
3730,pdnc,qID,Q1453-0,you,200692,200695,11,1700,14,M_3730,Other
3731,pdnc,qID,Q1456-0,You,200824,200827,7,1703,14,M_3731,Other
3732,pdnc,qID,Q1456-0,you,200838,200841,7,1703,14,M_3732,Other
3733,exp,exp_name,jock,Jock,200932,200936,11,1705,14,M_3733,PROPN
3734,pdnc,qID,Q1458-0,you,200948,200951,7,1705,14,M_3734,Other
3735,pdnc,qID,Q1458-0,you,200957,200960,7,1705,14,M_3735,Other
3736,exp,exp_name,jock,Jock,201172,201176,11,1709,14,M_3736,PROPN
3737,pdnc,qID,Q1464-0,you,201466,201469,7,1713,14,M_3737,Other
3738,exp,exp_name,jock,Jock,201603,201607,11,1719,14,M_3738,PROPN
3739,exp,exp_name,marjorie,Marjorie,201738,201746,15,1721,14,M_3739,PROPN
3740,exp,exp_name,allan,Allan,201755,201760,3,1721,14,M_3740,PROPN
3741,pdnc,qID,Q1470-0,Mr Beaver,201803,201812,5,1721,14,M_3741,PROPN
3742,exp,exp_name,polly cockpurse,Polly Cockpurse,201820,201835,23,1722,14,M_3742,PROPN
3743,exp,exp_name,veronica,Veronica,201844,201852,37,1722,14,M_3743,PROPN
3744,pdnc,qID,Q1471-0,Tony ,201873,201878,35,1722,14,M_3744,PROPN
3745,pdnc,qID,Q1471-0,Brenda,201888,201894,7,1722,14,M_3745,PROPN
3746,exp,exp_name,jock,Jock,202210,202214,11,1724,14,M_3746,PROPN
3747,pdnc,qID,Q1472-0,Tony Last's boy,202302,202317,12,1724,14,M_3747,Other
3748,pdnc,qID,Q1474-0,you,202352,202355,11,1726,14,M_3748,Other
3749,exp,exp_name,princess abdul akbar,Princess Abdul Akbar,202414,202434,10,1727,14,M_3749,PROPN
3750,booknlp,COREF,187,you,202458,202461,11,1727,14,M_3750,Other
3751,pdnc,qID,Q1475-0,her,202495,202498,10,1728,14,M_3751,Other
3752,booknlp,COREF,187,I,202499,202500,11,1728,14,M_3752,Other
3753,exp,exp_name,jock,Jock,202519,202523,11,1728,14,M_3753,PROPN
3754,exp,exp_name,the doctor,The doctor,202606,202616,90,1730,15,M_3754,PROPN
3755,exp,exp_name,ben,Ben,202634,202637,6,1730,15,M_3755,PROPN
3756,exp,exp_name,miss ripon,Miss Ripon,202642,202652,64,1730,15,M_3756,PROPN
3757,exp,exp_name,miss ripon,Miss Ripon,202668,202678,64,1730,15,M_3757,PROPN
3758,booknlp,COREF,289,She,202709,202712,64,1730,15,M_3758,Other
3759,booknlp,COREF,289,her,202760,202763,64,1730,15,M_3759,Other
3760,booknlp,COREF,289,her,202781,202784,64,1730,15,M_3760,Other
3761,booknlp,COREF,289,her,202811,202814,64,1730,15,M_3761,Other
3762,booknlp,COREF,289,her,202869,202872,64,1730,15,M_3762,Other
3763,booknlp,COREF,289,her,202887,202890,64,1730,15,M_3763,Other
3764,exp,exp_name,mr last,Mr Last,203088,203095,25,1730,15,M_3764,PROPN
3765,exp,exp_name,lady brenda,Lady Brenda,203100,203111,7,1730,15,M_3765,PROPN
3766,exp,exp_name,tony,Tony,203166,203170,35,1730,15,M_3766,PROPN
3767,exp,exp_name,brenda,Brenda,203175,203181,7,1730,15,M_3767,PROPN
3768,exp,exp_name,colonel inch,Colonel Inch,203201,203213,52,1730,15,M_3768,PROPN
3769,exp,exp_name,brenda,Brenda,203329,203335,7,1731,15,M_3769,PROPN
3770,pdnc,qID,Q1476-0,that poor Ripon girl,203379,203399,64,1731,15,M_3770,Other
3771,exp,exp_name,tony,Tony,203450,203454,35,1732,15,M_3771,PROPN
3772,booknlp,COREF,184,I,203462,203463,35,1732,15,M_3772,Other
3773,pdnc,qID,Q1477-0,you,203469,203472,7,1732,15,M_3773,Other
3774,booknlp,COREF,184,I,203534,203535,35,1732,15,M_3774,Other
3775,pdnc,qID,Q1478-0,you,203581,203584,35,1733,15,M_3775,Other
3776,pdnc,qID,Q1479-0, the Shameless Blonde,203609,203630,72,1734,15,M_3776,Other
3777,pdnc,qID,Q1479-0,we,203634,203636,72,1734,15,M_3777,Other
3778,pdnc,qID,Q1482-0,Poor little boy,203790,203805,12,1737,15,M_3778,Other
3779,exp,exp_name,brenda,Brenda,203813,203819,7,1737,15,M_3779,PROPN
3780,exp,exp_name,brenda,Brenda,203867,203873,7,1738,15,M_3780,PROPN
3781,exp,exp_name,tony,Tony,203885,203889,35,1738,15,M_3781,PROPN
3782,exp,exp_name,mrs rattery,Mrs Rattery,203964,203975,72,1738,15,M_3782,PROPN
3783,booknlp,COREF,286,she,204006,204009,72,1738,15,M_3783,Other
3784,booknlp,COREF,286,her,204018,204021,72,1738,15,M_3784,Other
3785,exp,exp_name,brenda,Brenda,204107,204113,7,1738,15,M_3785,PROPN
3786,exp,exp_name,tony,Tony,204127,204131,35,1738,15,M_3786,PROPN
3787,booknlp,COREF,184,his,204146,204149,35,1738,15,M_3787,Other
3788,exp,exp_name,ben,Ben,204434,204437,6,1739,15,M_3788,PROPN
3789,booknlp,COREF,212,he,204467,204469,6,1739,15,M_3789,Other
3790,booknlp,COREF,212,his,204509,204512,6,1739,15,M_3790,Other
3791,exp,exp_name,brenda,Brenda,204610,204616,7,1740,15,M_3791,PROPN
3792,exp,exp_name,brenda,Brenda,204901,204907,7,1746,15,M_3792,PROPN
3793,exp,exp_name,tony,Tony,205106,205110,35,1746,15,M_3793,PROPN
3794,booknlp,COREF,184,his,205115,205118,35,1746,15,M_3794,Other
3795,exp,exp_name,tony,Tony,205219,205223,35,1746,15,M_3795,PROPN
3796,booknlp,COREF,184,I,205231,205232,35,1746,15,M_3796,Other
3797,pdnc,qID,Q1492-0,you,205280,205283,7,1748,15,M_3797,Other
3798,exp,exp_name,nanny,Nanny,205789,205794,76,1752,15,M_3798,PROPN
3799,pdnc,qID,Q1494-0,you,205842,205845,7,1752,15,M_3799,Other
3800,pdnc,qID,Q1494-0,my lady,205854,205861,7,1752,15,M_3800,Other
3801,booknlp,COREF,217,I,205863,205864,76,1752,15,M_3801,Other
3802,pdnc,qID,Q1494-0,John,205887,205891,12,1752,15,M_3802,PROPN
3803,pdnc,qID,Q1494-0,him,205946,205949,12,1752,15,M_3803,Other
3804,booknlp,COREF,217,I,206027,206028,76,1754,15,M_3804,Other
3805,booknlp,COREF,217,I,206047,206048,76,1754,15,M_3805,Other
3806,pdnc,qID,Q1495-0,her,206068,206071,10,1754,15,M_3806,Other
3807,exp,exp_name,nanny,nanny,206119,206124,76,1755,15,M_3807,PROPN
3808,pdnc,qID,Q1497-0,Poor little boy,206128,206143,12,1756,15,M_3808,Other
3809,pdnc,qID,Q1497-0,Poor little boy,206145,206160,12,1756,15,M_3809,Other
3810,exp,exp_name,brenda,Brenda,206168,206174,7,1756,15,M_3810,PROPN
3811,exp,exp_name,nanny,nanny,206192,206197,76,1756,15,M_3811,PROPN
3812,booknlp,COREF,2412,I,206315,206316,76,1758,15,M_3812,Other
3813,pdnc,qID,Q1498-0,sir,206346,206349,35,1758,15,M_3813,PROPN
3814,pdnc,qID,Q1499-0,Ben,206362,206365,6,1759,15,M_3814,PROPN
3815,pdnc,qID,Q1500-0,you,206375,206378,35,1760,15,M_3815,Other
3816,booknlp,COREF,2412,I,206410,206411,76,1761,15,M_3816,Other
3817,booknlp,COREF,2412,I,206434,206435,76,1761,15,M_3817,Other
3818,pdnc,qID,Q1502-0,Mr Westmacott,206452,206465,70,1762,15,M_3818,PROPN
3819,pdnc,qID,Q1502-0,He,206504,206506,70,1762,15,M_3819,Other
3820,pdnc,qID,Q1502-0,his,206532,206535,70,1762,15,M_3820,Other
3821,booknlp,COREF,2412,I,206596,206597,76,1765,15,M_3821,Other
3822,pdnc,qID,Q1505-0,you,206621,206624,6,1765,15,M_3822,Other
3823,booknlp,COREF,2412,I,206705,206706,76,1766,15,M_3823,Other
3824,pdnc,qID,Q1506-0,sir,206759,206762,35,1766,15,M_3824,PROPN
3825,pdnc,qID,Q1507-0,Ben,206778,206781,6,1767,15,M_3825,PROPN
3826,pdnc,qID,Q1507-0,you,206783,206786,6,1767,15,M_3826,Other
3827,booknlp,COREF,2412,I,206804,206805,76,1768,15,M_3827,Other
3828,booknlp,COREF,2412,I,206827,206828,76,1768,15,M_3828,Other
3829,pdnc,qID,Q1509-0,you,206872,206875,6,1769,15,M_3829,Other
3830,pdnc,qID,Q1510-0,sir,206902,206905,35,1770,15,M_3830,PROPN
3831,exp,exp_name,tony,Tony,206977,206981,35,1772,15,M_3831,PROPN
3832,pdnc,qID,Q1511-0,Jock ,206989,206994,11,1772,15,M_3832,PROPN
3833,pdnc,qID,Q1511-0,He,207003,207005,11,1772,15,M_3833,Other
3834,pdnc,qID,Q1511-0,he,207043,207045,11,1772,15,M_3834,Other
3835,pdnc,qID,Q1512-0,him,207072,207075,11,1773,15,M_3835,Other
3836,pdnc,qID,Q1512-0,you,207087,207090,35,1773,15,M_3836,Other
3837,pdnc,qID,Q1512-0,him,207096,207099,11,1773,15,M_3837,Other
3838,pdnc,qID,Q1513-0,you,207132,207135,7,1774,15,M_3838,Other
3839,booknlp,COREF,184,I,207150,207151,35,1775,15,M_3839,Other
3840,booknlp,COREF,184,I,207168,207169,35,1775,15,M_3840,Other
3841,pdnc,qID,Q1514-0,Veronica,207181,207189,37,1775,15,M_3841,PROPN
3842,pdnc,qID,Q1515-0,You,207196,207199,7,1776,15,M_3842,Other
3843,pdnc,qID,Q1515-0,Veronica,207212,207220,37,1776,15,M_3843,PROPN
3844,pdnc,qID,Q1516-0,you,207238,207241,35,1777,15,M_3844,Other
3845,pdnc,qID,Q1517-0,you,207378,207381,7,1778,15,M_3845,Other
3846,pdnc,qID,Q1518-0,You,207428,207431,35,1779,15,M_3846,Other
3847,pdnc,qID,Q1518-0,you,207455,207458,35,1779,15,M_3847,Other
3848,exp,exp_name,brenda,Brenda,207537,207543,7,1781,15,M_3848,PROPN
3849,pdnc,qID,Q1520-0,you,207638,207641,35,1781,15,M_3849,Other
3850,pdnc,qID,Q1521-0,Darling,207670,207677,7,1782,15,M_3850,Other
3851,pdnc,qID,Q1521-0,you,207689,207692,7,1782,15,M_3851,Other
3852,pdnc,qID,Q1523-0,Brenda,207751,207757,7,1784,15,M_3852,PROPN
3853,pdnc,qID,Q1523-0,sweet,207759,207764,7,1784,15,M_3853,Other
3854,pdnc,qID,Q1523-0,John,207835,207839,12,1784,15,M_3854,PROPN
3855,pdnc,qID,Q1523-0,He,207841,207843,12,1784,15,M_3855,Other
3856,pdnc,qID,Q1524-0,Tony,207896,207900,35,1785,15,M_3856,PROPN
3857,exp,exp_name,tony,Tony,207927,207931,35,1786,15,M_3857,PROPN
3858,pdnc,qID,Q1525-0,you,207967,207970,7,1786,15,M_3858,Other
3859,pdnc,qID,Q1525-0,Veronica,207983,207991,37,1786,15,M_3859,PROPN
3860,booknlp,COREF,219,I,208017,208018,35,1788,15,M_3860,Other
3861,booknlp,COREF,219,I,208025,208026,35,1788,15,M_3861,Other
3862,pdnc,qID,Q1527-0,Jock ,208036,208041,11,1788,15,M_3862,PROPN
3863,pdnc,qID,Q1531-0,mother,208195,208201,13,1793,15,M_3863,Other
3864,exp,exp_name,brenda,Brenda,208209,208215,7,1793,15,M_3864,PROPN
3865,exp,exp_name,lady st cloud,Lady St Cloud,208236,208249,13,1793,15,M_3865,PROPN
3866,booknlp,COREF,219,I,208622,208623,35,1795,15,M_3866,Other
3867,pdnc,qID,Q1532-0,Jock,208644,208648,11,1795,15,M_3867,Other
3868,exp,exp_name,tony,Tony,208656,208660,35,1795,15,M_3868,PROPN
3869,pdnc,qID,Q1532-1,he,208663,208665,11,1795,15,M_3869,Other
3870,pdnc,qID,Q1533-0,Brenda ,208725,208732,7,1796,15,M_3870,PROPN
3871,exp,exp_name,veronica,Veronica,208746,208754,37,1796,15,M_3871,PROPN
3872,booknlp,COREF,264,I,208757,208758,37,1796,15,M_3872,Other
3873,pdnc,qID,Q1533-1,she,208768,208771,7,1796,15,M_3873,Other
3874,booknlp,COREF,264,I,208792,208793,37,1796,15,M_3874,Other
3875,pdnc,qID,Q1533-1,her,208834,208837,7,1796,15,M_3875,Other
3876,exp,exp_name,tony,Tony,208897,208901,35,1798,15,M_3876,PROPN
3877,exp,exp_name,jock,Jock,208910,208914,11,1798,15,M_3877,PROPN
3878,booknlp,COREF,219,I,208949,208950,35,1798,15,M_3878,Other
3879,booknlp,COREF,219,I,208985,208986,35,1798,15,M_3879,Other
3880,booknlp,COREF,219,I,208993,208994,35,1798,15,M_3880,Other
3881,booknlp,COREF,219,I,209016,209017,35,1798,15,M_3881,Other
3882,booknlp,COREF,219,myself,209023,209029,35,1798,15,M_3882,Other
3883,pdnc,qID,Q1534-0,Brenda,209035,209041,7,1798,15,M_3883,PROPN
3884,booknlp,COREF,219,I,209046,209047,35,1798,15,M_3884,Other
3885,pdnc,qID,Q1534-0,John,209136,209140,12,1798,15,M_3885,PROPN
3886,pdnc,qID,Q1534-0,she ,209180,209184,7,1798,15,M_3886,Other
3887,pdnc,qID,Q1534-0,them,209201,209205,37,1798,15,M_3887,Other
3888,pdnc,qID,Q1534-0,you,209224,209227,11,1798,15,M_3888,Other
3889,pdnc,qID,Q1534-0,She,209235,209238,7,1798,15,M_3889,Other
3890,pdnc,qID,Q1534-0,her,209306,209309,7,1798,15,M_3890,Other
3891,booknlp,COREF,219,I,209347,209348,35,1798,15,M_3891,Other
3892,pdnc,qID,Q1534-0,her,209374,209377,7,1798,15,M_3892,Other
3893,booknlp,COREF,219,I,209382,209383,35,1798,15,M_3893,Other
3894,pdnc,qID,Q1534-0,you,209395,209398,11,1798,15,M_3894,Other
3895,pdnc,qID,Q1534-0,she,209404,209407,7,1798,15,M_3895,Other
3896,pdnc,qID,Q1534-0,her,209466,209469,7,1798,15,M_3896,Other
3897,booknlp,COREF,219,me,209485,209487,35,1798,15,M_3897,Other
3898,booknlp,COREF,219,I,209489,209490,35,1798,15,M_3898,Other
3899,exp,exp_name,jock,Jock,209559,209563,11,1799,15,M_3899,PROPN
3900,exp,exp_name,beaver,Beaver,209637,209643,5,1801,15,M_3900,PROPN
3901,exp,exp_name,veronica,Veronica,209659,209667,37,1801,15,M_3901,PROPN
3902,exp,exp_name,brenda,Brenda,209671,209677,7,1801,15,M_3902,PROPN
3903,booknlp,COREF,191,him,209686,209689,5,1801,15,M_3903,Other
3904,pdnc,qID,Q1535-0,you,209750,209753,5,1801,15,M_3904,Other
3905,pdnc,qID,Q1535-0,you,209782,209785,5,1801,15,M_3905,Other
3906,pdnc,qID,Q1536-0,you,209795,209798,7,1802,15,M_3906,Other
3907,pdnc,qID,Q1537-0,you,209845,209848,5,1803,15,M_3907,Other
3908,exp,exp_name,brenda,Brenda,209867,209873,7,1803,15,M_3908,PROPN
3909,pdnc,qID,Q1537-1,You,209876,209879,5,1803,15,M_3909,Other
3910,exp,exp_name,tony,Tony,209962,209966,35,1805,15,M_3910,PROPN
3911,booknlp,COREF,219,his,209988,209991,35,1805,15,M_3911,Other
3912,exp,exp_name,tony,Tony,210021,210025,35,1806,15,M_3912,PROPN
3913,exp,exp_name,grimshawe,Grimshawe,210064,210073,59,1807,15,M_3913,PROPN
3914,booknlp,COREF,267,her,210143,210146,59,1807,15,M_3914,Other
3915,booknlp,COREF,219,You,210162,210165,35,1808,15,M_3915,Other
3916,exp,exp_name,john beaver,John Beaver,210256,210267,5,1809,15,M_3916,PROPN
3917,booknlp,COREF,175,him,210311,210314,5,1809,15,M_3917,Other
3918,exp,exp_name,john andrew,John Andrew,210319,210330,12,1809,15,M_3918,PROPN
3919,booknlp,COREF,219,you,210628,210631,35,1809,15,M_3919,Other
3920,booknlp,COREF,219,you,210652,210655,35,1809,15,M_3920,Other
3921,exp,exp_name,brenda,Brenda,210693,210699,7,1810,15,M_3921,PROPN
3922,exp,exp_name,tony,Tony,210707,210711,35,1811,15,M_3922,PROPN
3923,booknlp,COREF,219,his,210722,210725,35,1811,15,M_3923,Other
3924,exp,exp_name,brenda,Brenda,210749,210755,7,1811,15,M_3924,PROPN
3925,pdnc,qID,Q1538-0,She,210778,210781,7,1811,15,M_3925,Other
3926,pdnc,qID,Q1538-0,Beaver ,210794,210801,5,1811,15,M_3926,PROPN
3927,booknlp,COREF,219,my,210810,210812,35,1811,15,M_3927,Other
3928,booknlp,COREF,219,he,210825,210827,35,1811,15,M_3928,Other
3929,booknlp,COREF,219,he,210845,210847,35,1812,15,M_3929,Other
3930,exp,exp_name,jock,Jock,210869,210873,11,1812,15,M_3930,PROPN
3931,booknlp,COREF,219,I,210886,210887,35,1812,15,M_3931,Other
3932,booknlp,COREF,219,I,210968,210969,35,1814,15,M_3932,Other
3933,exp,exp_name,tony,Tony,211053,211057,35,1815,15,M_3933,PROPN
3934,booknlp,COREF,219,He,211088,211090,35,1815,15,M_3934,Other
3935,exp,exp_name,brenda,Brenda,211135,211141,7,1815,15,M_3935,PROPN
3936,pdnc,qID,Q1542-0,the old boy,211191,211202,35,1818,17,M_3936,Other
3937,exp,exp_name,brenda,Brenda,211269,211275,7,1819,17,M_3937,PROPN
3938,pdnc,qID,Q1543-1,he ,211289,211292,35,1819,17,M_3938,Other
3939,pdnc,qID,Q1544-0,you,211314,211317,7,1820,17,M_3939,Other
3940,pdnc,qID,Q1544-0,he,211338,211340,35,1820,17,M_3940,Other
3941,exp,exp_name,polly,Polly,211355,211360,23,1820,17,M_3941,PROPN
3942,booknlp,COREF,271,I,211401,211402,10,1822,17,M_3942,Other
3943,pdnc,qID,Q1546-0,you,211418,211421,7,1822,17,M_3943,Other
3944,exp,exp_name,jenny abdul akbar,Jenny Abdul Akbar,211446,211463,10,1822,17,M_3944,PROPN
3945,exp,exp_name,brenda,Brenda,211517,211523,7,1823,17,M_3945,PROPN
3946,exp,exp_name,tony,Tony,211637,211641,35,1825,17,M_3946,PROPN
3947,exp,exp_name,jock,Jock,211663,211667,11,1825,17,M_3947,PROPN
3948,exp,exp_name,mrs rattery,Mrs Rattery,211694,211705,72,1825,17,M_3948,PROPN
3949,booknlp,COREF,219,he,211733,211735,35,1825,17,M_3949,Other
3950,exp,exp_name,beaver,Beaver,211840,211846,5,1825,17,M_3950,PROPN
3951,exp,exp_name,tony,Tony,211897,211901,35,1825,17,M_3951,PROPN
3952,exp,exp_name,jock,Jock,211906,211910,11,1825,17,M_3952,PROPN
3953,exp,exp_name,beaver,Beaver,211934,211940,5,1825,17,M_3953,PROPN
3954,exp,exp_name,beaver,Beaver,211959,211965,5,1825,17,M_3954,PROPN
3955,exp,exp_name,brenda,Brenda,211987,211993,7,1825,17,M_3955,PROPN
3956,exp,exp_name,mrs beaver,Mrs Beaver,212036,212046,75,1826,17,M_3956,PROPN
3957,exp,exp_name,tony,Tony,212232,212236,35,1828,17,M_3957,PROPN
3958,exp,exp_name,allan,Allan,212277,212282,3,1828,17,M_3958,PROPN
3959,pdnc,qID,Q1548-0,You,212321,212324,35,1829,17,M_3959,Other
3960,booknlp,COREF,239,he,212349,212351,3,1829,17,M_3960,Other
3961,pdnc,qID,Q1548-1,Brenda ,212363,212370,7,1829,17,M_3961,PROPN
3962,pdnc,qID,Q1548-1,She,212386,212389,7,1829,17,M_3962,Other
3963,pdnc,qID,Q1548-1,Beaver,212410,212416,5,1829,17,M_3963,PROPN
3964,pdnc,qID,Q1549-0,her,212438,212441,7,1830,17,M_3964,Other
3965,booknlp,COREF,239,I,212451,212452,3,1831,17,M_3965,Other
3966,pdnc,qID,Q1550-0,you,212467,212470,35,1831,17,M_3966,Other
3967,pdnc,qID,Q1550-0,Brenda ,212523,212530,7,1831,17,M_3967,PROPN
3968,pdnc,qID,Q1550-0,John,212551,212555,12,1831,17,M_3968,PROPN
3969,pdnc,qID,Q1550-0,Marjorie ,212618,212627,15,1831,17,M_3969,PROPN
3970,pdnc,qID,Q1550-0,that ass Robin Beaseley,212653,212676,78,1831,17,M_3970,Other
3971,pdnc,qID,Q1550-0,him,212696,212699,78,1831,17,M_3971,Other
3972,booknlp,COREF,239,I,212717,212718,3,1831,17,M_3972,Other
3973,booknlp,COREF,239,I,212768,212769,3,1831,17,M_3973,Other
3974,pdnc,qID,Q1550-0,you,212775,212778,35,1831,17,M_3974,Other
3975,booknlp,COREF,239,I,212779,212780,3,1831,17,M_3975,Other
3976,exp,exp_name,marjorie,Marjorie,212838,212846,15,1832,17,M_3976,PROPN
3977,pdnc,qID,Q1551-0,Brenda ,212870,212877,7,1832,17,M_3977,PROPN
3978,pdnc,qID,Q1551-0,Beaver,212890,212896,5,1832,17,M_3978,PROPN
3979,pdnc,qID,Q1551-0,she,212908,212911,7,1832,17,M_3979,Other
3980,pdnc,qID,Q1551-0,she,212923,212926,7,1832,17,M_3980,Other
3981,pdnc,qID,Q1551-0,she,212934,212937,7,1832,17,M_3981,Other
3982,pdnc,qID,Q1551-0,your ,212963,212968,35,1832,17,M_3982,Other
3983,pdnc,qID,Q1551-0,her,212984,212987,7,1832,17,M_3983,Other
3984,pdnc,qID,Q1551-0,herself,213005,213012,7,1832,17,M_3984,Other
3985,pdnc,qID,Q1551-0,You,213014,213017,35,1832,17,M_3985,Other
3986,pdnc,qID,Q1551-0,she,213060,213063,7,1832,17,M_3986,Other
3987,exp,exp_name,lady st cloud,Lady St Cloud,213101,213114,13,1833,17,M_3987,PROPN
3988,pdnc,qID,Q1552-0,Brenda ,213126,213133,7,1833,17,M_3988,PROPN
3989,pdnc,qID,Q1552-0,She,213162,213165,7,1833,17,M_3989,Other
3990,booknlp,COREF,303,I,213200,213201,13,1833,17,M_3990,Other
3991,pdnc,qID,Q1552-0,Brenda ,213280,213287,7,1833,17,M_3991,PROPN
3992,booknlp,COREF,303,I,213295,213296,13,1833,17,M_3992,Other
3993,pdnc,qID,Q1552-0,Mr Beaver,213309,213318,5,1833,17,M_3993,PROPN
3994,booknlp,COREF,303,I,213323,213324,13,1833,17,M_3994,Other
3995,booknlp,COREF,303,I,213341,213342,13,1833,17,M_3995,Other
3996,pdnc,qID,Q1552-0,he,213354,213356,5,1833,17,M_3996,Other
3997,pdnc,qID,Q1552-0,Brenda ,213385,213392,7,1833,17,M_3997,PROPN
3998,booknlp,COREF,303,I,213436,213437,13,1833,17,M_3998,Other
3999,pdnc,qID,Q1552-0,you,213448,213451,35,1833,17,M_3999,Other
4000,pdnc,qID,Q1552-0,Tony,213477,213481,35,1833,17,M_4000,PROPN
4001,pdnc,qID,Q1552-0,Brenda ,213483,213490,7,1833,17,M_4001,PROPN
4002,booknlp,COREF,303,I,213570,213571,13,1833,17,M_4002,Other
4003,pdnc,qID,Q1552-0,her,213673,213676,7,1833,17,M_4003,Other
4004,pdnc,qID,Q1552-0,little John,213745,213756,12,1833,17,M_4004,Other
4005,pdnc,qID,Q1552-0,her,213778,213781,7,1833,17,M_4005,Other
4006,pdnc,qID,Q1552-0,she,213786,213789,7,1833,17,M_4006,Other
4007,pdnc,qID,Q1552-0,she,213807,213810,7,1833,17,M_4007,Other
4008,pdnc,qID,Q1552-0,You,213834,213837,35,1833,17,M_4008,Other
4009,exp,exp_name,tony,Tony,213896,213900,35,1834,17,M_4009,PROPN
4010,exp,exp_name,brenda,Brenda,213921,213927,7,1834,17,M_4010,PROPN
4011,booknlp,COREF,219,he,213969,213971,35,1834,17,M_4011,Other
4012,booknlp,COREF,219,he,214041,214043,35,1835,17,M_4012,Other
4013,exp,exp_name,allan,Allan,214104,214109,3,1835,17,M_4013,PROPN
4014,booknlp,COREF,219,him,214124,214127,35,1835,17,M_4014,Other
4015,booknlp,COREF,219,I,214154,214155,35,1835,17,M_4015,Other
4016,pdnc,qID,Q1553-0,Brenda,214175,214181,7,1835,17,M_4016,PROPN
4017,booknlp,COREF,219,he,214184,214186,35,1835,17,M_4017,Other
4018,pdnc,qID,Q1553-1,She,214198,214201,7,1835,17,M_4018,Other
4019,pdnc,qID,Q1553-1,Beaver ,214212,214219,5,1835,17,M_4019,PROPN
4020,pdnc,qID,Q1553-1,she,214242,214245,7,1835,17,M_4020,Other
4021,pdnc,qID,Q1553-1,you,214297,214300,35,1835,17,M_4021,Other
4022,exp,exp_name,allan,Allan,214316,214321,3,1836,17,M_4022,PROPN
4023,exp,exp_name,tony,Tony,214333,214337,35,1836,17,M_4023,PROPN
4024,booknlp,COREF,219,his,214434,214437,35,1836,17,M_4024,Other
4025,booknlp,COREF,219,he,214447,214449,35,1836,17,M_4025,Other
4026,booknlp,COREF,219,him,214479,214482,35,1836,17,M_4026,Other
4027,pdnc,qID,Q1554-0,Brenda,214505,214511,7,1837,17,M_4027,PROPN
4028,pdnc,qID,Q1554-0,Tony,214521,214525,35,1837,17,M_4028,PROPN
4029,pdnc,qID,Q1555-0,Tony,214537,214541,35,1838,17,M_4029,PROPN
4030,pdnc,qID,Q1556-0,Allan,214579,214584,3,1839,17,M_4030,PROPN
4031,pdnc,qID,Q1556-0,He,214586,214588,3,1839,17,M_4031,Other
4032,pdnc,qID,Q1556-0,your,214610,214614,7,1839,17,M_4032,Other
4033,pdnc,qID,Q1557-0,you,214659,214662,35,1840,17,M_4033,Other
4034,pdnc,qID,Q1558-0,you,214677,214680,7,1841,17,M_4034,Other
4035,pdnc,qID,Q1558-0,Beaver ,214695,214702,5,1841,17,M_4035,PROPN
4036,pdnc,qID,Q1559-0,Allan ,214734,214740,3,1842,17,M_4036,PROPN
4037,pdnc,qID,Q1561-0,Allan ,214797,214803,3,1844,17,M_4037,PROPN
4038,pdnc,qID,Q1561-0,him,214832,214835,3,1844,17,M_4038,Other
4039,pdnc,qID,Q1561-0,He,214857,214859,3,1844,17,M_4039,Other
4040,pdnc,qID,Q1561-0,you,214873,214876,35,1844,17,M_4040,Other
4041,pdnc,qID,Q1561-0,you,214908,214911,35,1844,17,M_4041,Other
4042,pdnc,qID,Q1561-0,you,215061,215064,35,1844,17,M_4042,Other
4043,pdnc,qID,Q1561-0,his,215104,215107,3,1844,17,M_4043,Other
4044,pdnc,qID,Q1562-0,you,215265,215268,7,1845,17,M_4044,Other
4045,pdnc,qID,Q1563-0,you,215302,215305,35,1846,17,M_4045,Other
4046,pdnc,qID,Q1563-0,Tony,215307,215311,35,1846,17,M_4046,PROPN
4047,exp,exp_name,brenda,Brenda,215554,215560,7,1851,17,M_4047,PROPN
4048,exp,exp_name,tony,Tony,215593,215597,35,1851,17,M_4048,PROPN
4049,booknlp,COREF,219,He,215709,215711,35,1851,17,M_4049,Other
4050,booknlp,COREF,219,himself,215724,215731,35,1851,17,M_4050,Other
4051,pdnc,qID,Q1566-0,Lady Brenda,215857,215868,7,1852,17,M_4051,PROPN
4052,pdnc,qID,Q1566-0,You,215999,216002,35,1852,17,M_4052,Other
4053,pdnc,qID,Q1566-0,she ,216052,216056,7,1852,17,M_4053,Other
4054,pdnc,qID,Q1566-0,she,216090,216093,7,1852,17,M_4054,Other
4055,exp,exp_name,tony,Tony,216188,216192,35,1853,17,M_4055,PROPN
4056,booknlp,COREF,219,I,216195,216196,35,1853,17,M_4056,Other
4057,pdnc,qID,Q1567-1,She,216305,216308,7,1853,17,M_4057,Other
4058,pdnc,qID,Q1567-1,her,216329,216332,7,1853,17,M_4058,Other
4059,booknlp,COREF,219,I,216341,216342,35,1853,17,M_4059,Other
4060,pdnc,qID,Q1567-1,Mr Beaver,216354,216363,5,1853,17,M_4060,PROPN
4061,exp,exp_name,the solicitor,the solicitor,216428,216441,96,1854,17,M_4061,PROPN
4062,pdnc,qID,Q1569-0,Lady Brenda,216485,216496,7,1855,17,M_4062,PROPN
4063,exp,exp_name,tony,Tony,216532,216536,35,1855,17,M_4063,PROPN
4064,pdnc,qID,Q1570-0,We,216540,216542,96,1856,17,M_4064,Other
4065,pdnc,qID,Q1570-0,our ,216559,216563,96,1856,17,M_4065,Other
4066,exp,exp_name,the lawyer,the lawyer,216621,216631,96,1856,17,M_4066,PROPN
4067,booknlp,COREF,1426,he,216658,216660,96,1856,17,M_4067,Other
4068,exp,exp_name,tony,Tony,216673,216677,35,1856,17,M_4068,PROPN
4069,exp,exp_name,brenda,Brenda,216739,216745,7,1856,17,M_4069,PROPN
4070,exp,exp_name,brenda,Brenda,216830,216836,7,1858,17,M_4070,PROPN
4071,exp,exp_name,tony,Tony,216875,216879,35,1858,17,M_4071,PROPN
4072,pdnc,qID,Q1571-0,We,216935,216937,96,1858,17,M_4072,Other
4073,pdnc,qID,Q1571-0,our ,216950,216954,96,1858,17,M_4073,Other
4074,exp,exp_name,the solicitor,the solicitor,217105,217118,96,1858,17,M_4074,PROPN
4075,booknlp,COREF,1425,his,217153,217156,96,1858,17,M_4075,Other
4076,pdnc,qID,Q1572-1,We,217165,217167,96,1858,17,M_4076,Other
4077,pdnc,qID,Q1572-1,our,217221,217224,96,1858,17,M_4077,Other
4078,pdnc,qID,Q1572-1,we,217277,217279,96,1858,17,M_4078,Other
4079,pdnc,qID,Q1572-1,we,217329,217331,96,1858,17,M_4079,Other
4080,booknlp,COREF,1425,I,217610,217611,96,1860,17,M_4080,Other
4081,booknlp,COREF,219,I,217662,217663,35,1861,17,M_4081,Other
4082,booknlp,COREF,219,I,217671,217672,35,1861,17,M_4082,Other
4083,exp,exp_name,tony,Tony,217710,217714,35,1861,17,M_4083,PROPN
4084,booknlp,COREF,1425,I,217718,217719,96,1862,17,M_4084,Other
4085,exp,exp_name,the solicitor,the solicitor,217747,217760,96,1862,17,M_4085,PROPN
4086,booknlp,COREF,1425,he,217789,217791,96,1863,17,M_4086,Other
4087,exp,exp_name,jock,Jock,217832,217836,11,1863,17,M_4087,PROPN
4088,booknlp,COREF,1425,he,217912,217914,96,1863,17,M_4088,Other
4089,pdnc,qID,Q1577-1,you,217936,217939,35,1863,17,M_4089,Other
4090,pdnc,qID,Q1577-1,you,217951,217954,35,1863,17,M_4090,Other
4091,pdnc,qID,Q1577-1,you,218016,218019,35,1863,17,M_4091,Other
4092,booknlp,COREF,1425,I,218077,218078,96,1863,17,M_4092,Other
4093,pdnc,qID,Q1577-1,you,218088,218091,35,1863,17,M_4093,Other
4094,booknlp,COREF,270,her,218134,218137,85,1863,17,M_4094,Other
4095,pdnc,qID,Q1577-1,old Sybil,218222,218231,85,1863,17,M_4095,Other
4096,exp,exp_name,sybil,Sybil,218244,218249,85,1864,17,M_4096,PROPN
4097,booknlp,COREF,270,I,218260,218261,85,1864,17,M_4097,Other
4098,booknlp,COREF,270,she,218299,218302,85,1864,17,M_4098,Other
4099,booknlp,COREF,270,my,218350,218352,85,1864,17,M_4099,Other
4100,pdnc,qID,Q1578-1,an awfully pretty girl called Jenny Abdul Akbar,218437,218484,10,1864,17,M_4100,Other
4101,booknlp,COREF,270,I,218486,218487,85,1864,17,M_4101,Other
4102,pdnc,qID,Q1578-1,you,218498,218501,35,1864,17,M_4102,Other
4103,booknlp,COREF,1425,I,218522,218523,96,1865,17,M_4103,Other
4104,pdnc,qID,Q1579-0,her,218531,218534,10,1865,17,M_4104,Other
4105,pdnc,qID,Q1580-0,she,218551,218554,10,1866,17,M_4105,Other
4106,booknlp,COREF,270,I,218578,218579,85,1868,17,M_4106,Other
4107,exp,exp_name,jock,Jock,218674,218678,11,1869,17,M_4107,PROPN
4108,exp,exp_name,jock,Jock,218695,218699,11,1870,17,M_4108,PROPN
4109,exp,exp_name,tony,Tony,218962,218966,35,1870,17,M_4109,PROPN
4110,exp,exp_name,jock,Jock,219469,219473,11,1874,17,M_4110,PROPN
4111,pdnc,qID,Q1589-0,you,219518,219521,35,1876,17,M_4111,Other
4112,pdnc,qID,Q1589-0,You,219528,219531,35,1876,17,M_4112,Other
4113,exp,exp_name,milly,Milly,219585,219590,16,1877,17,M_4113,PROPN
4114,exp,exp_name,babs,Babs,219595,219599,48,1877,17,M_4114,PROPN
4115,exp,exp_name,milly,Milly,219653,219658,16,1878,17,M_4115,PROPN
4116,booknlp,COREF,187,I,219769,219770,11,1881,17,M_4116,Other
4117,exp,exp_name,milly,Milly,219845,219850,16,1882,17,M_4117,PROPN
4118,exp,exp_name,babs,Babs,219855,219859,48,1882,17,M_4118,PROPN
4119,booknlp,COREF,260,I,219968,219969,48,1884,17,M_4119,Other
4120,booknlp,COREF,260,I,219976,219977,48,1884,17,M_4120,Other
4121,exp,exp_name,babs,Babs,220003,220007,48,1884,17,M_4121,PROPN
4122,booknlp,COREF,260,I,220010,220011,48,1884,17,M_4122,Other
4123,exp,exp_name,milly,Milly,220074,220079,16,1885,17,M_4123,PROPN
4124,booknlp,COREF,259,her,220112,220115,16,1885,17,M_4124,Other
4125,booknlp,COREF,259,she,220153,220156,16,1885,17,M_4125,Other
4126,booknlp,COREF,259,she,220167,220170,16,1885,17,M_4126,Other
4127,exp,exp_name,tony,Tony,220175,220179,35,1885,17,M_4127,PROPN
4128,pdnc,qID,Q1597-0,My friend,220223,220232,35,1886,17,M_4128,Other
4129,exp,exp_name,jock,Jock,220285,220289,11,1886,17,M_4129,PROPN
4130,exp,exp_name,babs,Babs,220357,220361,48,1887,17,M_4130,PROPN
4131,booknlp,COREF,259,I,220437,220438,16,1889,17,M_4131,Other
4132,pdnc,qID,Q1600-0,he,220462,220464,35,1889,17,M_4132,Other
4133,pdnc,qID,Q1600-0,Milly,220470,220475,16,1889,17,M_4133,Other
4134,pdnc,qID,Q1600-0,She,220477,220480,16,1889,17,M_4134,Other
4135,pdnc,qID,Q1600-0,she,220515,220518,16,1889,17,M_4135,Other
4136,pdnc,qID,Q1601-0,you,220668,220671,48,1890,17,M_4136,Other
4137,exp,exp_name,tony,Tony,220850,220854,35,1892,17,M_4137,PROPN
4138,booknlp,COREF,219,I,220883,220884,35,1892,17,M_4138,Other
4139,pdnc,qID,Q1603-0,you,220893,220896,16,1892,17,M_4139,Other
4140,booknlp,COREF,219,he,220943,220945,35,1892,17,M_4140,Other
4141,exp,exp_name,milly,Milly,220977,220982,16,1893,17,M_4141,PROPN
4142,booknlp,COREF,259,I,220995,220996,16,1894,17,M_4142,Other
4143,pdnc,qID,Q1608-0,You,221059,221062,35,1897,17,M_4143,Other
4144,booknlp,COREF,259,I,221080,221081,16,1897,17,M_4144,Other
4145,pdnc,qID,Q1608-0,my little girl,221090,221104,38,1897,17,M_4145,Other
4146,pdnc,qID,Q1608-0,She,221114,221117,38,1897,17,M_4146,Other
4147,pdnc,qID,Q1610-0,You,221154,221157,35,1899,17,M_4147,Other
4148,pdnc,qID,Q1610-0,you,221163,221166,35,1899,17,M_4148,Other
4149,booknlp,COREF,259,I,221185,221186,16,1900,17,M_4149,Other
4150,booknlp,COREF,259,I,221192,221193,16,1900,17,M_4150,Other
4151,pdnc,qID,Q1612-0,You,221216,221219,35,1901,17,M_4151,Other
4152,booknlp,COREF,259,I,221235,221236,16,1901,17,M_4152,Other
4153,pdnc,qID,Q1612-0,you,221271,221274,35,1901,17,M_4153,Other
4154,pdnc,qID,Q1614-0,She,221286,221289,38,1903,17,M_4154,Other
4155,pdnc,qID,Q1614-0,Winnie,221299,221305,38,1903,17,M_4155,PROPN
4156,booknlp,COREF,259,I,221307,221308,16,1903,17,M_4156,Other
4157,booknlp,COREF,259,I,221331,221332,16,1903,17,M_4157,Other
4158,pdnc,qID,Q1614-0,her,221337,221340,38,1903,17,M_4158,Other
4159,booknlp,COREF,259,I,221342,221343,16,1903,17,M_4159,Other
4160,pdnc,qID,Q1614-0,us,221416,221418,16,1903,17,M_4160,Other
4161,booknlp,COREF,259,I,221443,221444,16,1903,17,M_4161,Other
4162,pdnc,qID,Q1614-0,She,221459,221462,38,1903,17,M_4162,Other
4163,booknlp,COREF,259,me,221527,221529,16,1903,17,M_4163,Other
4164,pdnc,qID,Q1614-0,her,221544,221547,38,1903,17,M_4164,Other
4165,pdnc,qID,Q1614-0,She,221557,221560,38,1903,17,M_4165,Other
4166,exp,exp_name,tony,Tony,221597,221601,35,1904,17,M_4166,PROPN
4167,booknlp,COREF,219,I,221604,221605,35,1904,17,M_4167,Other
4168,pdnc,qID,Q1615-1,you,221679,221682,16,1904,17,M_4168,Other
4169,pdnc,qID,Q1615-1,her,221699,221702,38,1904,17,M_4169,Other
4170,pdnc,qID,Q1616-0,her,221739,221742,38,1905,17,M_4170,Other
4171,pdnc,qID,Q1616-0,She,221772,221775,38,1905,17,M_4171,Other
4172,pdnc,qID,Q1616-0,her,221793,221796,38,1905,17,M_4172,Other
4173,pdnc,qID,Q1617-0,you,221832,221835,16,1906,17,M_4173,Other
4174,pdnc,qID,Q1618-0,Winnie,221878,221884,38,1907,17,M_4174,PROPN
4175,pdnc,qID,Q1618-0,she,221895,221898,38,1907,17,M_4175,Other
4176,pdnc,qID,Q1619-0,Winnie,221917,221923,38,1908,17,M_4176,PROPN
4177,exp,exp_name,jock,Jock,222053,222057,11,1911,17,M_4177,PROPN
4178,exp,exp_name,babs,Babs,222063,222067,48,1911,17,M_4178,PROPN
4179,booknlp,COREF,187,he,222086,222088,11,1911,17,M_4179,Other
4180,exp,exp_name,tony,Tony,222093,222097,35,1911,17,M_4180,PROPN
4181,exp,exp_name,tony,Tony,222109,222113,35,1911,17,M_4181,PROPN
4182,booknlp,COREF,219,He,222141,222143,35,1911,17,M_4182,Other
4183,booknlp,COREF,219,himself,222162,222169,35,1911,17,M_4183,Other
4184,booknlp,COREF,219,his,222216,222219,35,1911,17,M_4184,Other
4185,exp,exp_name,beaver,Beaver,222253,222259,5,1911,17,M_4185,PROPN
4186,booknlp,COREF,219,he,222299,222301,35,1911,17,M_4186,Other
4187,booknlp,COREF,219,he,222352,222354,35,1911,17,M_4187,Other
4188,booknlp,COREF,219,his,222435,222438,35,1911,17,M_4188,Other
4189,exp,exp_name,brenda,Brenda,222466,222472,7,1911,17,M_4189,PROPN
4190,booknlp,COREF,219,him,222515,222518,35,1911,17,M_4190,Other
4191,booknlp,COREF,219,his,222633,222636,35,1911,17,M_4191,Other
4192,booknlp,COREF,219,him,222657,222660,35,1911,17,M_4192,Other
4193,exp,exp_name,tony,Tony,222838,222842,35,1913,18,M_4193,PROPN
4194,exp,exp_name,the solicitor,the solicitor,222846,222859,96,1913,18,M_4194,PROPN
4195,booknlp,COREF,219,he,222877,222879,35,1913,18,M_4195,Other
4196,exp,exp_name,tony,Tony,223434,223438,35,1915,18,M_4196,PROPN
4197,exp,exp_name,jock,Jock,223455,223459,11,1915,18,M_4197,PROPN
4198,booknlp,COREF,219,his,223463,223466,35,1915,18,M_4198,Other
4199,booknlp,COREF,219,him,223494,223497,35,1915,18,M_4199,Other
4200,exp,exp_name,tony,Tony,223731,223735,35,1916,18,M_4200,PROPN
4201,exp,exp_name,milly,Milly,223764,223769,16,1917,18,M_4201,PROPN
4202,booknlp,COREF,259,She,223776,223779,16,1917,18,M_4202,Other
4203,booknlp,COREF,259,her,223835,223838,16,1917,18,M_4203,Other
4204,booknlp,COREF,259,her,223877,223880,16,1917,18,M_4204,Other
4205,booknlp,COREF,259,her,223892,223895,16,1917,18,M_4205,Other
4206,exp,exp_name,milly,Milly,223897,223902,16,1917,18,M_4206,PROPN
4207,booknlp,COREF,259,she,223970,223973,16,1917,18,M_4207,Other
4208,booknlp,COREF,259,her,223988,223991,16,1917,18,M_4208,Other
4209,booknlp,COREF,259,her,224026,224029,16,1917,18,M_4209,Other
4210,booknlp,COREF,259,She,224045,224048,16,1917,18,M_4210,Other
4211,booknlp,COREF,259,I,224116,224117,16,1917,18,M_4211,Other
4212,booknlp,COREF,259,she,224127,224130,16,1917,18,M_4212,Other
4213,pdnc,qID,Q1622-1,Winnie ,224138,224145,38,1917,18,M_4213,PROPN
4214,pdnc,qID,Q1622-1,her,224164,224167,38,1917,18,M_4214,Other
4215,booknlp,COREF,259,I,224175,224176,16,1917,18,M_4215,Other
4216,pdnc,qID,Q1622-1,her,224185,224188,38,1917,18,M_4216,Other
4217,booknlp,COREF,259,I,224200,224201,16,1917,18,M_4217,Other
4218,pdnc,qID,Q1622-1,you,224207,224210,35,1917,18,M_4218,Other
4219,pdnc,qID,Q1622-1,She,224233,224236,38,1917,18,M_4219,Other
4220,exp,exp_name,winnie,Winnie,224265,224271,38,1918,18,M_4220,PROPN
4221,booknlp,COREF,304,she,224330,224333,38,1918,18,M_4221,Other
4222,booknlp,COREF,304,she,224340,224343,38,1918,18,M_4222,Other
4223,booknlp,COREF,304,her,224365,224368,38,1918,18,M_4223,Other
4224,booknlp,COREF,304,I,224397,224398,38,1919,18,M_4224,Other
4225,pdnc,qID,Q1623-0,you,224404,224407,16,1919,18,M_4225,Other
4226,pdnc,qID,Q1623-0,she,224422,224425,38,1919,18,M_4226,Other
4227,exp,exp_name,milly,Milly,224473,224478,16,1920,18,M_4227,PROPN
4228,pdnc,qID,Q1624-1,She,224481,224484,38,1920,18,M_4228,Other
4229,pdnc,qID,Q1624-1,she,224507,224510,38,1920,18,M_4229,Other
4230,pdnc,qID,Q1624-1,her ,224517,224521,38,1920,18,M_4230,Other
4231,exp,exp_name,tony,Tony,224531,224535,35,1921,18,M_4231,PROPN
4232,booknlp,COREF,219,he,224585,224587,35,1921,18,M_4232,Other
4233,pdnc,qID,Q1625-1,You,224595,224598,38,1921,18,M_4233,Other
4234,pdnc,qID,Q1625-1,You,224640,224643,38,1921,18,M_4234,Other
4235,pdnc,qID,Q1625-1,this kind gentleman,224652,224671,11,1921,18,M_4235,Other
4236,pdnc,qID,Q1625-1,He,224678,224680,11,1921,18,M_4236,Other
4237,pdnc,qID,Q1625-1,you,224689,224692,38,1921,18,M_4237,Other
4238,pdnc,qID,Q1625-1,you,224711,224714,38,1921,18,M_4238,Other
4239,pdnc,qID,Q1625-1,you,224739,224742,38,1921,18,M_4239,Other
4240,pdnc,qID,Q1625-1,he,224761,224763,11,1921,18,M_4240,Other
4241,pdnc,qID,Q1625-1,you,224773,224776,38,1921,18,M_4241,Other
4242,pdnc,qID,Q1625-1,his,224785,224788,11,1921,18,M_4242,Other
4243,pdnc,qID,Q1625-1,You,224809,224812,38,1921,18,M_4243,Other
4244,pdnc,qID,Q1625-1,you,224833,224836,38,1921,18,M_4244,Other
4245,exp,exp_name,winnie,Winnie,224851,224857,38,1922,18,M_4245,PROPN
4246,booknlp,COREF,304,I,224860,224861,38,1922,18,M_4246,Other
4247,booknlp,COREF,304,I,224889,224890,38,1922,18,M_4247,Other
4248,pdnc,qID,Q1626-1,that man,224905,224913,11,1922,18,M_4248,Other
4249,booknlp,COREF,304,I,224915,224916,38,1922,18,M_4249,Other
4250,booknlp,COREF,304,I,224936,224937,38,1922,18,M_4250,Other
4251,pdnc,qID,Q1626-1,my mummy,224969,224977,16,1922,18,M_4251,Other
4252,exp,exp_name,tony,Tony,225094,225098,35,1924,18,M_4252,PROPN
4253,booknlp,COREF,219,I,225101,225102,35,1924,18,M_4253,Other
4254,pdnc,qID,Q1627-1,she,225111,225114,38,1924,18,M_4254,Other
4255,exp,exp_name,tony,Tony,225189,225193,35,1925,18,M_4255,PROPN
4256,booknlp,COREF,219,his,225202,225205,35,1925,18,M_4256,Other
4257,exp,exp_name,milly,Milly,225248,225253,16,1925,18,M_4257,PROPN
4258,booknlp,COREF,219,I,225326,225327,35,1926,18,M_4258,Other
4259,booknlp,COREF,259,I,225344,225345,16,1927,18,M_4259,Other
4260,pdnc,qID,Q1630-0,you,225383,225386,38,1927,18,M_4260,Other
4261,booknlp,COREF,219,I,225418,225419,35,1928,18,M_4261,Other
4262,pdnc,qID,Q1632-0,You,225436,225439,38,1929,18,M_4262,Other
4263,pdnc,qID,Q1632-0,you,225463,225466,38,1929,18,M_4263,Other
4264,pdnc,qID,Q1632-0,your,225517,225521,38,1929,18,M_4264,Other
4265,pdnc,qID,Q1632-0,mother ,225532,225539,16,1929,18,M_4265,Other
4266,pdnc,qID,Q1632-0,you,225550,225553,38,1929,18,M_4266,Other
4267,exp,exp_name,jock,Jock,225621,225625,11,1930,18,M_4267,PROPN
4268,booknlp,COREF,187,he,225629,225631,11,1930,18,M_4268,Other
4269,exp,exp_name,tony,Tony,225637,225641,35,1930,18,M_4269,PROPN
4270,exp,exp_name,winnie,Winnie,225644,225650,38,1931,18,M_4270,PROPN
4271,booknlp,COREF,304,She,225706,225709,38,1931,18,M_4271,Other
4272,booknlp,COREF,304,she,225732,225735,38,1931,18,M_4272,Other
4273,exp,exp_name,tony,Tony,225974,225978,35,1933,18,M_4273,PROPN
4274,exp,exp_name,the reception clerk,the reception clerk,226029,226048,94,1933,18,M_4274,PROPN
4275,exp,exp_name,winnie,Winnie,226054,226060,38,1933,18,M_4275,PROPN
4276,booknlp,COREF,304,your,226091,226095,38,1933,18,M_4276,Other
4277,booknlp,COREF,1468,he,226168,226170,94,1933,18,M_4277,Other
4278,booknlp,COREF,304,you,226200,226203,38,1933,18,M_4278,Other
4279,pdnc,qID,Q1634-1,your daughter,226218,226231,38,1933,18,M_4279,Other
4280,booknlp,COREF,304,you,226238,226241,38,1933,18,M_4280,Other
4281,pdnc,qID,Q1635-0,Winnie ,226273,226280,38,1934,18,M_4281,PROPN
4282,booknlp,COREF,259,me,226297,226299,16,1934,18,M_4282,Other
4283,exp,exp_name,milly,Milly,226307,226312,16,1934,18,M_4283,PROPN
4284,exp,exp_name,tony,Tony,226409,226413,35,1936,18,M_4284,PROPN
4285,exp,exp_name,the clerk,the clerk,226483,226492,94,1937,18,M_4285,PROPN
4286,booknlp,COREF,1471,his,226498,226501,94,1937,18,M_4286,Other
4287,exp,exp_name,tony,Tony,226524,226528,35,1938,18,M_4287,PROPN
4288,pdnc,qID,Q1637-0,She,226541,226544,38,1938,18,M_4288,Other
4289,booknlp,COREF,219,my,226548,226550,35,1938,18,M_4289,Other
4290,booknlp,COREF,219,he,226559,226561,35,1938,18,M_4290,Other
4291,exp,exp_name,the detective,The detective,226626,226639,89,1939,18,M_4291,PROPN
4292,exp,exp_name,his colleague,his colleague,226672,226685,60,1939,18,M_4292,PROPN
4293,pdnc,qID,Q1638-0,He,226688,226690,35,1939,18,M_4293,Other
4294,exp,exp_name,his colleague,his colleague,226975,226988,60,1940,18,M_4294,PROPN
4295,exp,exp_name,winnie,Winnie,227015,227021,38,1941,18,M_4295,PROPN
4296,booknlp,COREF,304,I,227082,227083,38,1943,18,M_4296,Other
4297,pdnc,qID,Q1643-0,pet,227129,227132,38,1944,18,M_4297,Other
4298,pdnc,qID,Q1643-0,You,227134,227137,38,1944,18,M_4298,Other
4299,booknlp,COREF,304,I,227165,227166,38,1945,18,M_4299,Other
4300,pdnc,qID,Q1645-0,You,227195,227198,16,1946,18,M_4300,Other
4301,pdnc,qID,Q1645-0,her,227204,227207,38,1946,18,M_4301,Other
4302,exp,exp_name,tony,Tony,227229,227233,35,1946,18,M_4302,PROPN
4303,pdnc,qID,Q1646-0,you,227242,227245,35,1947,18,M_4303,Other
4304,pdnc,qID,Q1649-0,You,227320,227323,16,1950,18,M_4304,Other
4305,pdnc,qID,Q1649-0,her,227328,227331,38,1950,18,M_4305,Other
4306,exp,exp_name,tony,Tony,227351,227355,35,1951,18,M_4306,PROPN
4307,booknlp,COREF,219,he,227383,227385,35,1951,18,M_4307,Other
4308,booknlp,COREF,219,He,227426,227428,35,1951,18,M_4308,Other
4309,booknlp,COREF,219,he,227476,227478,35,1951,18,M_4309,Other
4310,booknlp,COREF,219,him,227501,227504,35,1952,18,M_4310,Other
4311,exp,exp_name,the senior detective,the senior detective,227653,227673,89,1952,18,M_4311,PROPN
4312,exp,exp_name,tony,Tony,227721,227725,35,1954,18,M_4312,PROPN
4313,exp,exp_name,the junior detective,the junior detective,227799,227819,60,1954,18,M_4313,PROPN
4314,booknlp,COREF,1480,I,227870,227871,60,1954,18,M_4314,Other
4315,booknlp,COREF,1479,I,227898,227899,89,1955,18,M_4315,Other
4316,exp,exp_name,the barman,the barman,227974,227984,87,1956,18,M_4316,PROPN
4317,pdnc,qID,Q1656-0,Mr Last,227987,227994,35,1956,18,M_4317,PROPN
4318,pdnc,qID,Q1656-0,sir,227996,227999,35,1956,18,M_4318,PROPN
4319,exp,exp_name,the senior detective,the senior detective,228028,228048,89,1956,18,M_4319,PROPN
4320,pdnc,qID,Q1656-1,You,228051,228054,35,1956,18,M_4320,Other
4321,booknlp,COREF,1479,I,228099,228100,89,1956,18,M_4321,Other
4322,exp,exp_name,the junior detective,the junior detective,228167,228187,60,1957,18,M_4322,PROPN
4323,pdnc,qID,Q1658-0,Mr James,228199,228207,60,1958,18,M_4323,PROPN
4324,booknlp,COREF,1479,my,228209,228211,89,1958,18,M_4324,Other
4325,exp,exp_name,the senior detective,the senior detective,228229,228249,89,1958,18,M_4325,PROPN
4326,booknlp,COREF,1479,My,228252,228254,89,1958,18,M_4326,Other
4327,pdnc,qID,Q1658-1,Blenkinsop,228263,228273,89,1958,18,M_4327,Other
4328,pdnc,qID,Q1658-1,James ,228275,228281,60,1958,18,M_4328,PROPN
4329,booknlp,COREF,219,I,228319,228320,35,1959,18,M_4329,Other
4330,exp,exp_name,tony,Tony,228328,228332,35,1959,18,M_4330,PROPN
4331,exp,exp_name,blenkinsop,Blenkinsop,228390,228400,89,1960,18,M_4331,PROPN
4332,booknlp,COREF,307,me,228429,228431,89,1960,18,M_4332,Other
4333,booknlp,COREF,219,me,228455,228457,35,1961,18,M_4333,Other
4334,exp,exp_name,tony,Tony,228465,228469,35,1961,18,M_4334,PROPN
4335,booknlp,COREF,219,I,228552,228553,35,1963,18,M_4335,Other
4336,pdnc,qID,Q1664-0,you,228587,228590,35,1964,18,M_4336,Other
4337,booknlp,COREF,1479,me,228595,228597,89,1964,18,M_4337,Other
4338,pdnc,qID,Q1664-0,Mr Last,228599,228606,35,1964,18,M_4338,PROPN
4339,booknlp,COREF,1479,I,228608,228609,89,1964,18,M_4339,Other
4340,pdnc,qID,Q1664-0,James ,228763,228769,60,1964,18,M_4340,PROPN
4341,booknlp,COREF,1479,me,228773,228775,89,1964,18,M_4341,Other
4342,pdnc,qID,Q1664-0,you,228862,228865,35,1964,18,M_4342,Other
4343,pdnc,qID,Q1664-0,You,228892,228895,35,1964,18,M_4343,Other
4344,booknlp,COREF,1479,I,229010,229011,89,1964,18,M_4344,Other
4345,pdnc,qID,Q1664-0,Mr Last,229027,229034,35,1964,18,M_4345,PROPN
4346,pdnc,qID,Q1665-0,You,229061,229064,89,1965,18,M_4346,Other
4347,booknlp,COREF,219,I,229104,229105,35,1965,18,M_4347,Other
4348,booknlp,COREF,306,myself,229126,229132,60,1966,18,M_4348,Other
4349,exp,exp_name,james,James,229140,229145,60,1966,18,M_4349,PROPN
4350,booknlp,COREF,219,me,229213,229215,35,1967,18,M_4350,Other
4351,exp,exp_name,tony,Tony,229223,229227,35,1967,18,M_4351,PROPN
4352,pdnc,qID,Q1667-1,You,229282,229285,89,1967,18,M_4352,Other
4353,booknlp,COREF,219,your,229325,229329,35,1967,18,M_4353,Other
4354,booknlp,COREF,219,me,229367,229369,35,1967,18,M_4354,Other
4355,exp,exp_name,blenkinsop,Blenkinsop,229442,229452,89,1968,18,M_4355,PROPN
4356,exp,exp_name,milly,Milly,229698,229703,16,1970,18,M_4356,PROPN
4357,booknlp,COREF,259,her,229708,229711,16,1970,18,M_4357,Other
4358,exp,exp_name,tony,Tony,229748,229752,35,1970,18,M_4358,PROPN
4359,booknlp,COREF,259,I,229764,229765,16,1971,18,M_4359,Other
4360,exp,exp_name,milly,Milly,229791,229796,16,1971,18,M_4360,PROPN
4361,booknlp,COREF,259,I,229816,229817,16,1973,18,M_4361,Other
4362,booknlp,COREF,259,I,229836,229837,16,1973,18,M_4362,Other
4363,pdnc,qID,Q1672-0,dear,229863,229867,38,1974,18,M_4363,Other
4364,pdnc,qID,Q1672-0,You,229886,229889,38,1974,18,M_4364,Other
4365,exp,exp_name,tony,Tony,229913,229917,35,1975,18,M_4365,PROPN
4366,pdnc,qID,Q1673-0,Mr James,229940,229948,60,1975,18,M_4366,PROPN
4367,booknlp,COREF,219,he,229951,229953,35,1975,18,M_4367,Other
4368,booknlp,COREF,219,I,229965,229966,35,1975,18,M_4368,Other
4369,pdnc,qID,Q1673-1,you,229978,229981,60,1975,18,M_4369,Other
4370,pdnc,qID,Q1673-1,you,229989,229992,60,1975,18,M_4370,Other
4371,pdnc,qID,Q1675-0,You,230049,230052,60,1977,18,M_4371,Other
4372,booknlp,COREF,219,I,230063,230064,35,1977,18,M_4372,Other
4373,booknlp,COREF,219,me,230140,230142,35,1977,18,M_4373,Other
4374,booknlp,COREF,219,I,230144,230145,35,1977,18,M_4374,Other
4375,pdnc,qID,Q1676-0,sir,230192,230195,35,1978,18,M_4375,PROPN
4376,pdnc,qID,Q1677-0,You,230213,230216,60,1979,18,M_4376,Other
4377,booknlp,COREF,219,me,230232,230234,35,1979,18,M_4377,Other
4378,pdnc,qID,Q1678-0,sir,230256,230259,35,1980,18,M_4378,PROPN
4379,booknlp,COREF,259,I,230261,230262,16,1980,18,M_4379,Other
4380,booknlp,COREF,259,my,230317,230319,16,1980,18,M_4380,Other
4381,booknlp,COREF,219,He,230330,230332,35,1981,18,M_4381,Other
4382,exp,exp_name,blenkinsop,Blenkinsop,230359,230369,89,1981,18,M_4382,PROPN
4383,pdnc,qID,Q1679-0,sir,230410,230413,35,1981,18,M_4383,PROPN
4384,exp,exp_name,tony,Tony,230422,230426,35,1982,18,M_4384,PROPN
4385,exp,exp_name,blenkinsop,Blenkinsop,230437,230447,89,1982,18,M_4385,PROPN
4386,booknlp,COREF,307,his,230472,230475,89,1982,18,M_4386,Other
4387,booknlp,COREF,307,he,230514,230516,89,1982,18,M_4387,Other
4388,exp,exp_name,james,James,230521,230526,60,1982,18,M_4388,PROPN
4389,booknlp,COREF,307,he,230553,230555,89,1982,18,M_4389,Other
4390,booknlp,COREF,307,his,230590,230593,89,1982,18,M_4390,Other
4391,exp,exp_name,winnie,Winnie,230823,230829,38,1983,18,M_4391,PROPN
4392,exp,exp_name,milly,Milly,230880,230885,16,1984,18,M_4392,PROPN
4393,pdnc,qID,Q1682-0,you,230901,230904,16,1985,18,M_4393,Other
4394,pdnc,qID,Q1683-0,you,230923,230926,35,1986,18,M_4394,Other
4395,pdnc,qID,Q1684-0,Winnie ,230951,230958,38,1987,18,M_4395,PROPN
4396,pdnc,qID,Q1684-0,you,230980,230983,16,1987,18,M_4396,Other
4397,pdnc,qID,Q1684-0,she,230987,230990,38,1987,18,M_4397,Other
4398,booknlp,COREF,304,she,231089,231092,38,1988,18,M_4398,Other
4399,exp,exp_name,tony,Tony,231144,231148,35,1988,18,M_4399,PROPN
4400,exp,exp_name,tony,Tony,231241,231245,35,1989,18,M_4400,PROPN
4401,exp,exp_name,milly,Milly,231250,231255,16,1989,18,M_4401,PROPN
4402,booknlp,COREF,304,She,231276,231279,38,1989,18,M_4402,Other
4403,booknlp,COREF,304,her,231284,231287,38,1989,18,M_4403,Other
4404,booknlp,COREF,304,her,231332,231335,38,1989,18,M_4404,Other
4405,booknlp,COREF,304,her,231356,231359,38,1989,18,M_4405,Other
4406,booknlp,COREF,304,her,231388,231391,38,1989,18,M_4406,Other
4407,booknlp,COREF,304,her,231434,231437,38,1989,18,M_4407,Other
4408,booknlp,COREF,304,her,231492,231495,38,1989,18,M_4408,Other
4409,exp,exp_name,tony,Tony,231687,231691,35,1989,18,M_4409,PROPN
4410,booknlp,COREF,219,his,231701,231704,35,1989,18,M_4410,Other
4411,booknlp,COREF,219,his,231770,231773,35,1989,18,M_4411,Other
4412,booknlp,COREF,219,himself,231798,231805,35,1989,18,M_4412,Other
4413,booknlp,COREF,219,him,231876,231879,35,1989,18,M_4413,Other
4414,booknlp,COREF,219,he,231881,231883,35,1989,18,M_4414,Other
4415,booknlp,COREF,219,he,231917,231919,35,1989,18,M_4415,Other
4416,booknlp,COREF,219,his,231989,231992,35,1989,18,M_4416,Other
4417,booknlp,COREF,219,he,232023,232025,35,1989,18,M_4417,Other
4418,booknlp,COREF,219,he,232161,232163,35,1989,18,M_4418,Other
4419,booknlp,COREF,219,he,232324,232326,35,1989,18,M_4419,Other
4420,booknlp,COREF,219,himself,232333,232340,35,1989,18,M_4420,Other
4421,booknlp,COREF,219,his,232371,232374,35,1989,18,M_4421,Other
4422,booknlp,COREF,219,his,232449,232452,35,1989,18,M_4422,Other
4423,booknlp,COREF,219,He,232459,232461,35,1989,18,M_4423,Other
4424,exp,exp_name,milly,Milly,232472,232477,16,1989,18,M_4424,PROPN
4425,booknlp,COREF,219,he,232508,232510,35,1989,18,M_4425,Other
4426,booknlp,COREF,259,her,232624,232627,16,1990,18,M_4426,Other
4427,booknlp,COREF,219,his,232636,232639,35,1990,18,M_4427,Other
4428,exp,exp_name,milly,Milly,232720,232725,16,1991,18,M_4428,PROPN
4429,pdnc,qID,Q1686-1,You,232728,232731,35,1991,18,M_4429,Other
4430,pdnc,qID,Q1686-1,you,232769,232772,35,1991,18,M_4430,Other
4431,booknlp,COREF,259,I,232792,232793,16,1992,18,M_4431,Other
4432,booknlp,COREF,259,I,232811,232812,16,1993,18,M_4432,Other
4433,pdnc,qID,Q1688-0,You,232830,232833,35,1993,18,M_4433,Other
4434,pdnc,qID,Q1688-0,you,232860,232863,35,1993,18,M_4434,Other
4435,exp,exp_name,milly,Milly,233072,233077,16,1995,18,M_4435,PROPN
4436,exp,exp_name,milly,Milly,233200,233205,16,1996,18,M_4436,PROPN
4437,exp,exp_name,milly,Milly,233661,233666,16,1998,18,M_4437,PROPN
4438,pdnc,qID,Q1692-0,Dan,233714,233717,53,1998,18,M_4438,PROPN
4439,booknlp,COREF,259,she,233720,233723,16,1998,18,M_4439,Other
4440,exp,exp_name,dan,Dan,233756,233759,53,1999,18,M_4440,PROPN
4441,booknlp,COREF,309,I,233779,233780,53,2000,18,M_4441,Other
4442,exp,exp_name,dan's girl,Dan's girl,233800,233810,55,2000,18,M_4442,PROPN
4443,exp,exp_name,baby,Baby,233814,233818,55,2001,18,M_4443,PROPN
4444,booknlp,COREF,310,you,233820,233823,55,2001,18,M_4444,Other
4445,booknlp,COREF,309,I,233831,233832,53,2001,18,M_4445,Other
4446,booknlp,COREF,309,myself,233848,233854,53,2001,18,M_4446,Other
4447,booknlp,COREF,310,you,233862,233865,55,2001,18,M_4447,Other
4448,booknlp,COREF,310,I,233950,233951,55,2002,18,M_4448,Other
4449,exp,exp_name,baby,Baby,233976,233980,55,2002,18,M_4449,PROPN
4450,exp,exp_name,dan,Dan,233983,233986,53,2003,18,M_4450,PROPN
4451,booknlp,COREF,309,his,234001,234004,53,2003,18,M_4451,Other
4452,exp,exp_name,tony,Tony,234096,234100,35,2003,18,M_4452,PROPN
4453,pdnc,qID,Q1697-0,We,234133,234135,53,2003,18,M_4453,Other
4454,pdnc,qID,Q1697-0,you,234149,234152,55,2003,18,M_4454,Other
4455,booknlp,COREF,309,he,234158,234160,53,2003,18,M_4455,Other
4456,exp,exp_name,baby,Baby,234202,234206,55,2004,18,M_4456,PROPN
4457,booknlp,COREF,219,I,234210,234211,35,2005,18,M_4457,Other
4458,pdnc,qID,Q1699-0,you,234264,234267,55,2005,18,M_4458,Other
4459,exp,exp_name,tony,Tony,234275,234279,35,2005,18,M_4459,PROPN
4460,exp,exp_name,baby,Baby,234300,234304,55,2006,18,M_4460,PROPN
4461,pdnc,qID,Q1701-0,You,234308,234311,35,2007,18,M_4461,Other
4462,pdnc,qID,Q1701-0,Baby,234325,234329,55,2007,18,M_4462,Other
4463,pdnc,qID,Q1701-0,she,234331,234334,55,2007,18,M_4463,Other
4464,exp,exp_name,dan,Dan,234344,234347,53,2007,18,M_4464,PROPN
4465,pdnc,qID,Q1702-0,your ,234381,234386,53,2008,18,M_4465,Other
4466,exp,exp_name,dan,Dan,234429,234432,53,2009,18,M_4466,PROPN
4467,exp,exp_name,baby,Baby,234437,234441,55,2009,18,M_4467,PROPN
4468,exp,exp_name,dan,Dan,234548,234551,53,2009,18,M_4468,PROPN
4469,exp,exp_name,tony,Tony,234585,234589,35,2009,18,M_4469,PROPN
4470,exp,exp_name,milly,Milly,234594,234599,16,2009,18,M_4470,PROPN
4471,pdnc,qID,Q1703-0,He,234620,234622,53,2009,18,M_4471,Other
4472,booknlp,COREF,259,she,234643,234646,16,2009,18,M_4472,Other
4473,pdnc,qID,Q1703-1,Dan,234711,234714,53,2009,18,M_4473,PROPN
4474,booknlp,COREF,259,I,234741,234742,16,2009,18,M_4474,Other
4475,pdnc,qID,Q1703-1,him,234778,234781,53,2009,18,M_4475,Other
4476,pdnc,qID,Q1703-1,he,234802,234804,53,2009,18,M_4476,Other
4477,pdnc,qID,Q1704-0,His girl,234827,234835,55,2010,18,M_4477,Other
4478,pdnc,qID,Q1705-0,she,234872,234875,55,2011,18,M_4478,Other
4479,exp,exp_name,tony,Tony,234888,234892,35,2012,18,M_4479,PROPN
4480,booknlp,COREF,219,he,234944,234946,35,2012,18,M_4480,Other
4481,booknlp,COREF,219,he,234980,234982,35,2012,18,M_4481,Other
4482,booknlp,COREF,219,he,235002,235004,35,2012,18,M_4482,Other
4483,exp,exp_name,brenda,Brenda,235026,235032,7,2012,18,M_4483,PROPN
4484,booknlp,COREF,259,I,235088,235089,16,2013,18,M_4484,Other
4485,pdnc,qID,Q1707-0,you,235097,235100,35,2013,18,M_4485,Other
4486,pdnc,qID,Q1707-0,dear,235124,235128,35,2013,18,M_4486,Other
4487,exp,exp_name,milly,Milly,235136,235141,16,2013,18,M_4487,PROPN
4488,pdnc,qID,Q1708-0,you,235187,235190,16,2014,18,M_4488,Other
4489,pdnc,qID,Q1709-0,you,235228,235231,35,2015,18,M_4489,Other
4490,pdnc,qID,Q1709-0,you,235244,235247,35,2015,18,M_4490,Other
4491,booknlp,COREF,219,I,235324,235325,35,2017,18,M_4491,Other
4492,exp,exp_name,tony,Tony,235376,235380,35,2018,18,M_4492,PROPN
4493,exp,exp_name,milly,Milly,235419,235424,16,2018,18,M_4493,PROPN
4494,exp,exp_name,tony,Tony,235537,235541,35,2019,18,M_4494,PROPN
4495,booknlp,COREF,219,He,235584,235586,35,2019,18,M_4495,Other
4496,exp,exp_name,winnie,Winnie,235730,235736,38,2019,18,M_4496,PROPN
4497,booknlp,COREF,219,his,235767,235770,35,2019,18,M_4497,Other
4498,booknlp,COREF,219,he,235777,235779,35,2019,18,M_4498,Other
4499,booknlp,COREF,219,him,235877,235880,35,2019,18,M_4499,Other
4500,booknlp,COREF,219,he,235890,235892,35,2019,18,M_4500,Other
4501,booknlp,COREF,219,his,235906,235909,35,2019,18,M_4501,Other
4502,exp,exp_name,dan,Dan,235938,235941,53,2019,18,M_4502,PROPN
4503,booknlp,COREF,219,he,235995,235997,35,2019,18,M_4503,Other
4504,pdnc,qID,Q1712-1,my friend,236102,236111,54,2019,18,M_4504,Other
4505,pdnc,qID,Q1712-1,He,236137,236139,54,2019,18,M_4505,Other
4506,exp,exp_name,milly,Milly,236204,236209,16,2020,18,M_4506,PROPN
4507,exp,exp_name,dan,Dan,236212,236215,53,2021,18,M_4507,PROPN
4508,exp,exp_name,milly,Milly,236368,236373,16,2022,18,M_4508,PROPN
4509,exp,exp_name,tony,Tony,236378,236382,35,2022,18,M_4509,PROPN
4510,exp,exp_name,dan's friend,Dan's friend,236391,236403,54,2022,18,M_4510,PROPN
4511,exp,exp_name,dan,Dan,236512,236515,53,2022,18,M_4511,PROPN
4512,exp,exp_name,dan's friend,Dan's friend,236517,236529,54,2022,18,M_4512,PROPN
4513,pdnc,qID,Q1714-1,you,236778,236781,35,2022,18,M_4513,Other
4514,exp,exp_name,dan's friend,Dan's friend,236855,236867,54,2024,18,M_4514,PROPN
4515,exp,exp_name,tony,Tony,236881,236885,35,2024,18,M_4515,PROPN
4516,booknlp,COREF,219,he,236922,236924,35,2024,18,M_4516,Other
4517,booknlp,COREF,219,his,236951,236954,35,2024,18,M_4517,Other
4518,exp,exp_name,tony,Tony,236963,236967,35,2024,18,M_4518,PROPN
4519,booknlp,COREF,219,I,236981,236982,35,2024,18,M_4519,Other
4520,pdnc,qID,Q1715-0,Dan ,236993,236997,53,2024,18,M_4520,PROPN
4521,pdnc,qID,Q1715-0,you,237005,237008,35,2024,18,M_4521,Other
4522,booknlp,COREF,219,he,237011,237013,35,2024,18,M_4522,Other
4523,pdnc,qID,Q1715-1,you,237031,237034,35,2024,18,M_4523,Other
4524,pdnc,qID,Q1715-1,you,237077,237080,35,2024,18,M_4524,Other
4525,booknlp,COREF,219,I,237171,237172,35,2025,18,M_4525,Other
4526,pdnc,qID,Q1717-0,You,237226,237229,35,2026,18,M_4526,Other
4527,pdnc,qID,Q1717-0,you,237245,237248,35,2026,18,M_4527,Other
4528,exp,exp_name,tony,Tony,237316,237320,35,2027,18,M_4528,PROPN
4529,booknlp,COREF,219,he,237338,237340,35,2027,18,M_4529,Other
4530,booknlp,COREF,219,he,237368,237370,35,2027,18,M_4530,Other
4531,booknlp,COREF,219,he,237455,237457,35,2028,18,M_4531,Other
4532,booknlp,COREF,219,himself,237464,237471,35,2028,18,M_4532,Other
4533,exp,exp_name,dan,Dan,237495,237498,53,2028,18,M_4533,PROPN
4534,pdnc,qID,Q1718-0,Milly,237521,237526,16,2028,18,M_4534,Other
4535,booknlp,COREF,309,I,237539,237540,53,2030,18,M_4535,Other
4536,pdnc,qID,Q1720-0,you,237549,237552,35,2030,18,M_4536,Other
4537,booknlp,COREF,309,I,237561,237562,53,2030,18,M_4537,Other
4538,pdnc,qID,Q1720-0,her,237580,237583,16,2030,18,M_4538,Other
4539,pdnc,qID,Q1720-0,She,237585,237588,16,2030,18,M_4539,Other
4540,pdnc,qID,Q1720-0,you,237655,237658,35,2030,18,M_4540,Other
4541,booknlp,COREF,309,me,237663,237665,53,2030,18,M_4541,Other
4542,pdnc,qID,Q1722-0,You,237678,237681,35,2032,18,M_4542,Other
4543,pdnc,qID,Q1722-0,she,237697,237700,16,2032,18,M_4543,Other
4544,pdnc,qID,Q1722-0,a daughter of eight,237705,237724,38,2032,18,M_4544,Other
4545,pdnc,qID,Q1722-0,you,237732,237735,35,2032,18,M_4545,Other
4546,pdnc,qID,Q1724-0,her,237811,237814,16,2034,18,M_4546,Other
4547,pdnc,qID,Q1724-0,she,237846,237849,16,2034,18,M_4547,Other
4548,pdnc,qID,Q1724-0,the child,237866,237875,38,2034,18,M_4548,Other
4549,pdnc,qID,Q1724-0,Milly ,237946,237952,16,2034,18,M_4549,Other
4550,pdnc,qID,Q1724-0,You,237967,237970,35,2034,18,M_4550,Other
4551,pdnc,qID,Q1724-0,her,237981,237984,16,2034,18,M_4551,Other
4552,exp,exp_name,baby,Baby,238046,238050,55,2034,18,M_4552,PROPN
4553,exp,exp_name,dan's friend,Dan's friend,238147,238159,54,2035,18,M_4553,PROPN
4554,pdnc,qID,Q1725-0,you,238234,238237,35,2035,18,M_4554,Other
4555,exp,exp_name,dan,Dan,238314,238317,53,2036,18,M_4555,PROPN
4556,exp,exp_name,baby,Baby,238348,238352,55,2036,18,M_4556,PROPN
4557,booknlp,COREF,310,she,238424,238427,55,2036,18,M_4557,Other
4558,booknlp,COREF,310,I,238518,238519,55,2036,18,M_4558,Other
4559,exp,exp_name,tony,Tony,238562,238566,35,2037,18,M_4559,PROPN
4560,exp,exp_name,milly,Milly,238571,238576,16,2037,18,M_4560,PROPN
4561,booknlp,COREF,310,she,238620,238623,55,2037,18,M_4561,Other
4562,booknlp,COREF,310,her,238628,238631,55,2037,18,M_4562,Other
4563,booknlp,COREF,219,his,238640,238643,35,2037,18,M_4563,Other
4564,booknlp,COREF,310,her,238657,238660,55,2037,18,M_4564,Other
4565,booknlp,COREF,219,his,238669,238672,35,2037,18,M_4565,Other
4566,booknlp,COREF,310,she,238714,238717,55,2037,18,M_4566,Other
4567,pdnc,qID,Q1727-0,Winnie,238759,238765,38,2037,18,M_4567,PROPN
4568,exp,exp_name,tony,Tony,238787,238791,35,2038,18,M_4568,PROPN
4569,booknlp,COREF,219,he,238899,238901,35,2038,18,M_4569,Other
4570,booknlp,COREF,219,He,238976,238978,35,2040,18,M_4570,Other
4571,exp,exp_name,winnie,Winnie,238995,239001,38,2040,18,M_4571,PROPN
4572,pdnc,qID,Q1728-0,Mother,239004,239010,16,2040,18,M_4572,Other
4573,booknlp,COREF,304,she,239028,239031,38,2040,18,M_4573,Other
4574,exp,exp_name,tony,Tony,239039,239043,35,2041,18,M_4574,PROPN
4575,booknlp,COREF,219,his,239054,239057,35,2041,18,M_4575,Other
4576,booknlp,COREF,219,I,239069,239070,35,2041,18,M_4576,Other
4577,booknlp,COREF,219,he,239086,239088,35,2041,18,M_4577,Other
4578,booknlp,COREF,219,I,239148,239149,35,2042,18,M_4578,Other
4579,booknlp,COREF,310,She,239177,239180,55,2043,18,M_4579,Other
4580,booknlp,COREF,310,she,239306,239309,55,2043,18,M_4580,Other
4581,pdnc,qID,Q1732-0,you,239326,239329,38,2044,18,M_4581,Other
4582,booknlp,COREF,219,I,239345,239346,35,2045,18,M_4582,Other
4583,booknlp,COREF,219,I,239405,239406,35,2047,18,M_4583,Other
4584,exp,exp_name,tony,Tony,239446,239450,35,2048,18,M_4584,PROPN
4585,booknlp,COREF,219,he,239461,239463,35,2048,18,M_4585,Other
4586,pdnc,qID,Q1736-0,You ,239519,239523,38,2048,18,M_4586,Other
4587,booknlp,COREF,219,I,239541,239542,35,2048,18,M_4587,Other
4588,booknlp,COREF,219,I,239553,239554,35,2049,18,M_4588,Other
4589,pdnc,qID,Q1737-0,Mother ,239569,239576,16,2049,18,M_4589,Other
4590,exp,exp_name,winnie,Winnie,240043,240049,38,2050,18,M_4590,PROPN
4591,exp,exp_name,winnie,Winnie,240148,240154,38,2051,18,M_4591,PROPN
4592,pdnc,qID,Q1739-0,you,240274,240277,35,2052,18,M_4592,Other
4593,exp,exp_name,winnie,Winnie,240292,240298,38,2052,18,M_4593,PROPN
4594,pdnc,qID,Q1742-0,You,240356,240359,38,2055,18,M_4594,Other
4595,pdnc,qID,Q1742-0,your mother,240369,240380,16,2055,18,M_4595,Other
4596,pdnc,qID,Q1743-0,you,240395,240398,35,2056,18,M_4596,Other
4597,pdnc,qID,Q1743-0,you,240414,240417,35,2056,18,M_4597,Other
4598,pdnc,qID,Q1745-0,you,240451,240454,35,2058,18,M_4598,Other
4599,pdnc,qID,Q1745-0,you,240460,240463,35,2058,18,M_4599,Other
4600,pdnc,qID,Q1747-0,you,240510,240513,35,2060,18,M_4600,Other
4601,pdnc,qID,Q1747-0,you,240518,240521,35,2060,18,M_4601,Other
4602,exp,exp_name,winnie,Winnie,240570,240576,38,2061,18,M_4602,PROPN
4603,booknlp,COREF,304,my,240619,240621,38,2061,18,M_4603,Other
4604,booknlp,COREF,304,she,240641,240644,38,2061,18,M_4604,Other
4605,exp,exp_name,winnie,Winnie,240929,240935,38,2064,18,M_4605,PROPN
4606,booknlp,COREF,304,She,240949,240952,38,2064,18,M_4606,Other
4607,booknlp,COREF,304,her,241036,241039,38,2064,18,M_4607,Other
4608,exp,exp_name,tony,Tony,241070,241074,35,2064,18,M_4608,PROPN
4609,booknlp,COREF,304,her,241080,241083,38,2064,18,M_4609,Other
4610,booknlp,COREF,219,himself,241107,241114,35,2064,18,M_4610,Other
4611,booknlp,COREF,219,he,241200,241202,35,2064,18,M_4611,Other
4612,exp,exp_name,blenkinsop,Blenkinsop,241237,241247,89,2064,18,M_4612,PROPN
4613,pdnc,qID,Q1751-0,you,241260,241263,35,2064,18,M_4613,Other
4614,booknlp,COREF,219,he,241277,241279,35,2064,18,M_4614,Other
4615,pdnc,qID,Q1753-0,You,241311,241314,35,2066,18,M_4615,Other
4616,booknlp,COREF,219,I,241359,241360,35,2066,18,M_4616,Other
4617,pdnc,qID,Q1753-0,you,241399,241402,35,2066,18,M_4617,Other
4618,pdnc,qID,Q1753-0,your,241407,241411,35,2066,18,M_4618,Other
4619,pdnc,qID,Q1754-0,Winnie,241455,241461,38,2067,18,M_4619,PROPN
4620,pdnc,qID,Q1755-0,Mr Last,241471,241478,35,2068,18,M_4620,PROPN
4621,pdnc,qID,Q1755-0,you,241489,241492,35,2068,18,M_4621,Other
4622,pdnc,qID,Q1755-0,You,241506,241509,35,2068,18,M_4622,Other
4623,booknlp,COREF,219,I,241567,241568,35,2069,18,M_4623,Other
4624,pdnc,qID,Q1756-0,Milly,241589,241594,16,2069,18,M_4624,Other
4625,pdnc,qID,Q1757-0,She,241599,241602,16,2070,18,M_4625,Other
4626,pdnc,qID,Q1757-0,she,241624,241627,16,2070,18,M_4626,Other
4627,pdnc,qID,Q1757-0,Mr Last,241641,241648,35,2070,18,M_4627,PROPN
4628,pdnc,qID,Q1757-0,You,241672,241675,35,2070,18,M_4628,Other
4629,booknlp,COREF,219,your,241689,241693,35,2070,18,M_4629,Other
4630,pdnc,qID,Q1757-0,you,241705,241708,35,2070,18,M_4630,Other
4631,booknlp,COREF,219,your,241720,241724,35,2070,18,M_4631,Other
4632,exp,exp_name,tony,Tony,241762,241766,35,2071,18,M_4632,PROPN
4633,booknlp,COREF,219,I,241769,241770,35,2071,18,M_4633,Other
4634,booknlp,COREF,219,he,241829,241831,35,2073,18,M_4634,Other
4635,booknlp,COREF,219,his,241857,241860,35,2073,18,M_4635,Other
4636,exp,exp_name,winnie,Winnie,241869,241875,38,2074,18,M_4636,PROPN
4637,booknlp,COREF,304,her,241903,241906,38,2074,18,M_4637,Other
4638,pdnc,qID,Q1761-0,She,241933,241936,16,2074,18,M_4638,Other
4639,pdnc,qID,Q1761-0,her,241979,241982,16,2074,18,M_4639,Other
4640,booknlp,COREF,304,I,241996,241997,38,2074,18,M_4640,Other
4641,pdnc,qID,Q1762-0,Milly,242025,242030,16,2075,18,M_4641,Other
4642,exp,exp_name,tony,Tony,242038,242042,35,2075,18,M_4642,PROPN
4643,pdnc,qID,Q1762-1,Milly,242052,242057,16,2075,18,M_4643,Other
4644,booknlp,COREF,304,she,242067,242070,38,2076,18,M_4644,Other
4645,booknlp,COREF,304,I,242156,242157,38,2078,18,M_4645,Other
4646,booknlp,COREF,304,I,242164,242165,38,2078,18,M_4646,Other
4647,pdnc,qID,Q1766-0,You,242188,242191,35,2079,18,M_4647,Other
4648,exp,exp_name,winnie,Winnie,242216,242222,38,2079,18,M_4648,PROPN
4649,exp,exp_name,tony,Tony,242241,242245,35,2080,18,M_4649,PROPN
4650,exp,exp_name,milly,Milly,242312,242317,16,2081,18,M_4650,PROPN
4651,booknlp,COREF,259,she,242341,242344,16,2081,18,M_4651,Other
4652,pdnc,qID,Q1768-1,Winnie,242352,242358,38,2081,18,M_4652,PROPN
4653,pdnc,qID,Q1768-1,darling,242360,242367,38,2081,18,M_4653,Other
4654,pdnc,qID,Q1768-1,mother ,242374,242381,16,2081,18,M_4654,Other
4655,pdnc,qID,Q1768-1,her,242381,242384,16,2081,18,M_4655,Other
4656,booknlp,COREF,304,She,242408,242411,38,2081,18,M_4656,Other
4657,booknlp,COREF,304,her,242463,242466,38,2081,18,M_4657,Other
4658,exp,exp_name,tony,Tony,242527,242531,35,2082,18,M_4658,PROPN
4659,booknlp,COREF,219,his,242542,242545,35,2082,18,M_4659,Other
4660,booknlp,COREF,219,his,242564,242567,35,2082,18,M_4660,Other
4661,pdnc,qID,Q1770-0,You,242641,242644,35,2083,18,M_4661,Other
4662,exp,exp_name,winnie,Winnie,242663,242669,38,2083,18,M_4662,PROPN
4663,pdnc,qID,Q1771-0,you,242703,242706,38,2084,18,M_4663,Other
4664,pdnc,qID,Q1771-0,you,242725,242728,38,2084,18,M_4664,Other
4665,booknlp,COREF,304,I,242775,242776,38,2084,18,M_4665,Other
4666,pdnc,qID,Q1771-0,you,242782,242785,38,2084,18,M_4666,Other
4667,pdnc,qID,Q1771-0,you,242877,242880,38,2084,18,M_4667,Other
4668,pdnc,qID,Q1771-0,you,242901,242904,38,2084,18,M_4668,Other
4669,booknlp,COREF,304,I,242918,242919,38,2085,18,M_4669,Other
4670,pdnc,qID,Q1773-0,you,242949,242952,38,2086,18,M_4670,Other
4671,exp,exp_name,tony,Tony,242969,242973,35,2087,18,M_4671,PROPN
4672,exp,exp_name,milly,Milly,242994,242999,16,2087,18,M_4672,PROPN
4673,booknlp,COREF,219,his,243041,243044,35,2087,18,M_4673,Other
4674,exp,exp_name,milly,Milly,243109,243114,16,2088,18,M_4674,PROPN
4675,booknlp,COREF,219,I,243135,243136,35,2089,18,M_4675,Other
4676,exp,exp_name,tony,Tony,243189,243193,35,2090,18,M_4676,PROPN
4677,booknlp,COREF,219,his,243220,243223,35,2090,18,M_4677,Other
4678,booknlp,COREF,219,my,243245,243247,35,2090,18,M_4678,Other
4679,booknlp,COREF,219,he,243261,243263,35,2090,18,M_4679,Other
4680,booknlp,COREF,219,I,243360,243361,35,2091,18,M_4680,Other
4681,exp,exp_name,milly,Milly,243389,243394,16,2093,18,M_4681,PROPN
4682,exp,exp_name,tony,Tony,243423,243427,35,2093,18,M_4682,PROPN
4683,exp,exp_name,winnie,Winnie,243433,243439,38,2093,18,M_4683,PROPN
4684,pdnc,qID,Q1781-0,This little girl,243521,243537,38,2094,18,M_4684,Other
4685,exp,exp_name,tony,Tony,243565,243569,35,2094,18,M_4685,PROPN
4686,exp,exp_name,the beach attendant,the beach attendant,243611,243630,88,2095,18,M_4686,PROPN
4687,pdnc,qID,Q1783-1,he,243680,243682,35,2096,18,M_4687,Other
4688,pdnc,qID,Q1783-1,the child,243697,243706,38,2096,18,M_4688,Other
4689,pdnc,qID,Q1783-2,He,243710,243712,35,2096,18,M_4689,Other
4690,booknlp,COREF,304,I,243784,243785,38,2097,18,M_4690,Other
4691,exp,exp_name,winnie,Winnie,243809,243815,38,2097,18,M_4691,PROPN
4692,pdnc,qID,Q1784-1,You,243818,243821,35,2097,18,M_4692,Other
4693,booknlp,COREF,304,I,243827,243828,38,2097,18,M_4693,Other
4694,pdnc,qID,Q1784-1,you,243844,243847,35,2097,18,M_4694,Other
4695,exp,exp_name,tony,Tony,243916,243920,35,2098,18,M_4695,PROPN
4696,pdnc,qID,Q1785-0,the child,243998,244007,38,2098,18,M_4696,Other
4697,pdnc,qID,Q1785-0,The man,244015,244022,35,2098,18,M_4697,Other
4698,exp,exp_name,tony,Tony,244053,244057,35,2099,18,M_4698,PROPN
4699,pdnc,qID,Q1787-0,There's a man who's eaten two breakfasts ,244201,244242,35,2100,18,M_4699,Other
4700,pdnc,qID,Q1787-0,his little girl,244261,244276,38,2100,18,M_4700,Other
4701,exp,exp_name,winnie,Winnie,244355,244361,38,2100,18,M_4701,PROPN
4702,exp,exp_name,tony,Tony,244378,244382,35,2100,18,M_4702,PROPN
4703,exp,exp_name,brenda's solicitor,Brenda's solicitor,244579,244597,50,2102,18,M_4703,PROPN
4704,pdnc,qID,Q1788-1,you,244821,244824,7,2102,18,M_4704,Other
4705,pdnc,qID,Q1788-1,You,244826,244829,7,2102,18,M_4705,Other
4706,pdnc,qID,Q1788-1,you,244850,244853,7,2102,18,M_4706,Other
4707,pdnc,qID,Q1788-1,your,244874,244878,7,2102,18,M_4707,Other
4708,exp,exp_name,brenda,Brenda,245726,245732,7,2105,18,M_4708,PROPN
4709,exp,exp_name,lady st cloud,Lady St Cloud,245911,245924,13,2107,19,M_4709,PROPN
4710,booknlp,COREF,303,her,246043,246046,13,2107,19,M_4710,Other
4711,exp,exp_name,marjorie,Marjorie,246075,246083,15,2107,19,M_4711,PROPN
4712,exp,exp_name,brenda,Brenda,246087,246093,7,2107,19,M_4712,PROPN
4713,exp,exp_name,reggie,Reggie,246132,246138,77,2107,19,M_4713,PROPN
4714,booknlp,COREF,182,he,246167,246169,77,2107,19,M_4714,Other
4715,booknlp,COREF,182,His,246210,246213,77,2107,19,M_4715,Other
4716,booknlp,COREF,182,his,246234,246237,77,2107,19,M_4716,Other
4717,booknlp,COREF,182,He,246264,246266,77,2107,19,M_4717,Other
4718,booknlp,COREF,182,he,246335,246337,77,2107,19,M_4718,Other
4719,exp,exp_name,tony,Tony,246376,246380,35,2107,19,M_4719,PROPN
4720,booknlp,COREF,182,He,246402,246404,77,2107,19,M_4720,Other
4721,booknlp,COREF,182,his,246431,246434,77,2107,19,M_4721,Other
4722,booknlp,COREF,182,his,246458,246461,77,2107,19,M_4722,Other
4723,exp,exp_name,brenda,Brenda,246470,246476,7,2107,19,M_4723,PROPN
4724,exp,exp_name,marjorie,Marjorie,246478,246486,15,2107,19,M_4724,PROPN
4725,exp,exp_name,allan,Allan,246488,246493,3,2107,19,M_4725,PROPN
4726,exp,exp_name,the solicitor,the solicitor,246498,246511,96,2107,19,M_4726,PROPN
4727,booknlp,COREF,182,he,246519,246521,77,2107,19,M_4727,Other
4728,booknlp,COREF,182,he,246580,246582,77,2107,19,M_4728,Other
4729,exp,exp_name,beaver,Beaver,246588,246594,5,2107,19,M_4729,PROPN
4730,booknlp,COREF,182,he,246612,246614,77,2107,19,M_4730,Other
4731,exp,exp_name,jock,Jock,246626,246630,11,2107,19,M_4731,PROPN
4732,booknlp,COREF,182,he,246632,246634,77,2107,19,M_4732,Other
4733,exp,exp_name,tony,Tony,246650,246654,35,2107,19,M_4733,PROPN
4734,exp,exp_name,aunt frances,Aunt Frances,246657,246669,58,2107,19,M_4734,PROPN
4735,booknlp,COREF,182,he,246700,246702,77,2107,19,M_4735,Other
4736,exp,exp_name,tony,Tony,246720,246724,35,2107,19,M_4736,PROPN
4737,booknlp,COREF,182,He,246749,246751,77,2108,19,M_4737,Other
4738,exp,exp_name,brenda,Brenda,246779,246785,7,2108,19,M_4738,PROPN
4739,booknlp,COREF,182,him,246861,246864,77,2108,19,M_4739,Other
4740,exp,exp_name,marjorie,Marjorie,246869,246877,15,2108,19,M_4740,PROPN
4741,booknlp,COREF,182,he,246916,246918,77,2108,19,M_4741,Other
4742,exp,exp_name,brenda,Brenda,246941,246947,7,2108,19,M_4742,PROPN
4743,booknlp,COREF,182,He,246979,246981,77,2108,19,M_4743,Other
4744,booknlp,COREF,182,he,247022,247024,77,2108,19,M_4744,Other
4745,booknlp,COREF,182,his,247033,247036,77,2108,19,M_4745,Other
4746,booknlp,COREF,182,he,247063,247065,77,2108,19,M_4746,Other
4747,booknlp,COREF,182,him,247127,247130,77,2108,19,M_4747,Other
4748,booknlp,COREF,182,he,247167,247169,77,2108,19,M_4748,Other
4749,booknlp,COREF,182,his,247250,247253,77,2108,19,M_4749,Other
4750,booknlp,COREF,182,his,247266,247269,77,2108,19,M_4750,Other
4751,booknlp,COREF,182,he,247300,247302,77,2108,19,M_4751,Other
4752,booknlp,COREF,182,he,247357,247359,77,2108,19,M_4752,Other
4753,booknlp,COREF,182,his,247441,247444,77,2108,19,M_4753,Other
4754,booknlp,COREF,182,his,247502,247505,77,2108,19,M_4754,Other
4755,booknlp,COREF,182,his,247569,247572,77,2108,19,M_4755,Other
4756,booknlp,COREF,182,his,247621,247624,77,2108,19,M_4756,Other
4757,booknlp,COREF,182,his,247667,247670,77,2108,19,M_4757,Other
4758,booknlp,COREF,182,him,247716,247719,77,2108,19,M_4758,Other
4759,booknlp,COREF,182,he,247725,247727,77,2108,19,M_4759,Other
4760,exp,exp_name,reggie st cloud,Reggie St Cloud,247774,247789,24,2109,19,M_4760,PROPN
4761,pdnc,qID,Q1792-0,Brenda ,248541,248548,7,2111,19,M_4761,PROPN
4762,exp,exp_name,reggie st cloud,Reggie St Cloud,248577,248592,24,2111,19,M_4762,PROPN
4763,exp,exp_name,tony,Tony,248595,248599,35,2112,19,M_4763,PROPN
4764,pdnc,qID,Q1793-0,My mother,248610,248619,13,2113,19,M_4764,Other
4765,pdnc,qID,Q1793-0,she,248734,248737,7,2113,19,M_4765,Other
4766,pdnc,qID,Q1793-0,your ,248812,248817,35,2113,19,M_4766,Other
4767,exp,exp_name,tony,Tony,248857,248861,35,2114,19,M_4767,PROPN
4768,pdnc,qID,Q1795-0,your ,248910,248915,35,2115,19,M_4768,Other
4769,pdnc,qID,Q1795-0,you,248941,248944,35,2115,19,M_4769,Other
4770,pdnc,qID,Q1796-0,Brenda ,249019,249026,7,2116,19,M_4770,PROPN
4771,pdnc,qID,Q1797-0,My dear fellow,249037,249051,35,2117,19,M_4771,Other
4772,pdnc,qID,Q1797-0,she,249053,249056,7,2117,19,M_4772,Other
4773,pdnc,qID,Q1797-0,she,249075,249078,7,2117,19,M_4773,Other
4774,pdnc,qID,Q1797-0,Beaver,249102,249108,5,2117,19,M_4774,PROPN
4775,pdnc,qID,Q1797-0,him,249134,249137,5,2117,19,M_4775,Other
4776,pdnc,qID,Q1797-0,you,249151,249154,35,2117,19,M_4776,Other
4777,pdnc,qID,Q1798-0,him,249173,249176,5,2118,19,M_4777,Other
4778,pdnc,qID,Q1799-0,you,249200,249203,35,2119,19,M_4778,Other
4779,pdnc,qID,Q1799-0,him,249218,249221,5,2119,19,M_4779,Other
4780,pdnc,qID,Q1799-0,you,249227,249230,35,2119,19,M_4780,Other
4781,exp,exp_name,brenda,Brenda,249248,249254,7,2119,19,M_4781,PROPN
4782,pdnc,qID,Q1799-0,his,249260,249263,5,2119,19,M_4782,Other
4783,pdnc,qID,Q1799-0,Brenda,249361,249367,7,2119,19,M_4783,PROPN
4784,pdnc,qID,Q1799-0,she,249388,249391,7,2119,19,M_4784,Other
4785,pdnc,qID,Q1799-0,him,249407,249410,5,2119,19,M_4785,Other
4786,pdnc,qID,Q1799-0,Beaver,249460,249466,5,2119,19,M_4786,PROPN
4787,pdnc,qID,Q1799-0,She,249468,249471,7,2119,19,M_4787,Other
4788,pdnc,qID,Q1799-0,you,249509,249512,35,2119,19,M_4788,Other
4789,pdnc,qID,Q1799-0,Allan,249518,249523,3,2119,19,M_4789,PROPN
4790,pdnc,qID,Q1800-0,Allan,249552,249557,3,2120,19,M_4790,PROPN
4791,pdnc,qID,Q1800-0,her,249572,249575,7,2120,19,M_4791,Other
4792,pdnc,qID,Q1802-0,her,249653,249656,7,2122,19,M_4792,Other
4793,pdnc,qID,Q1803-0,you,249828,249831,35,2123,19,M_4793,Other
4794,pdnc,qID,Q1804-1,We,250129,250131,24,2124,19,M_4794,Other
4795,pdnc,qID,Q1804-2,you,250778,250781,35,2125,19,M_4795,Other
4796,pdnc,qID,Q1804-3,Brenda,250829,250835,7,2125,19,M_4796,PROPN
4797,pdnc,qID,Q1806-0,you,250939,250942,35,2127,19,M_4797,Other
4798,pdnc,qID,Q1806-0,you,251008,251011,35,2127,19,M_4798,Other
4799,pdnc,qID,Q1806-0,you,251169,251172,35,2127,19,M_4799,Other
4800,pdnc,qID,Q1807-0,Brenda ,251240,251247,7,2128,19,M_4800,PROPN
4801,pdnc,qID,Q1808-0,you,251274,251277,35,2129,19,M_4801,Other
4802,pdnc,qID,Q1808-0,yourself,251320,251328,35,2129,19,M_4802,Other
4803,pdnc,qID,Q1808-0,some woman with a Moorish name,251340,251370,10,2129,19,M_4803,Other
4804,pdnc,qID,Q1808-0,you,251371,251374,35,2129,19,M_4804,Other
4805,pdnc,qID,Q1808-0,Brenda ,251403,251410,7,2129,19,M_4805,PROPN
4806,pdnc,qID,Q1808-0,you,251447,251450,35,2129,19,M_4806,Other
4807,pdnc,qID,Q1808-0,you,251540,251543,35,2129,19,M_4807,Other
4808,pdnc,qID,Q1809-0,Brenda ,251568,251575,7,2130,19,M_4808,PROPN
4809,pdnc,qID,Q1810-0,you,251627,251630,35,2131,19,M_4809,Other
4810,pdnc,qID,Q1810-0,you,251667,251670,35,2131,19,M_4810,Other
4811,pdnc,qID,Q1810-0,Brenda,251709,251715,7,2131,19,M_4811,PROPN
4812,pdnc,qID,Q1811-0,She,251735,251738,7,2132,19,M_4812,Other
4813,pdnc,qID,Q1811-0,the woman with a Moorish name,251782,251811,10,2132,19,M_4813,Other
4814,pdnc,qID,Q1812-0,she,251835,251838,7,2133,19,M_4814,Other
4815,pdnc,qID,Q1812-0,she,251863,251866,7,2133,19,M_4815,Other
4816,pdnc,qID,Q1812-0,you,251872,251875,35,2133,19,M_4816,Other
4817,pdnc,qID,Q1812-0,you,251913,251916,35,2133,19,M_4817,Other
4818,pdnc,qID,Q1812-0,that girl,251946,251955,10,2133,19,M_4818,Other
4819,exp,exp_name,tony,Tony,251986,251990,35,2134,19,M_4819,PROPN
4820,exp,exp_name,tony,Tony,252017,252021,35,2134,19,M_4820,PROPN
4821,booknlp,COREF,219,he,252027,252029,35,2134,19,M_4821,Other
4822,booknlp,COREF,219,He,252052,252054,35,2135,19,M_4822,Other
4823,booknlp,COREF,219,him,252130,252133,35,2135,19,M_4823,Other
4824,exp,exp_name,reggie,Reggie,252192,252198,77,2136,19,M_4824,PROPN
4825,pdnc,qID,Q1813-1,Brenda,252250,252256,7,2136,19,M_4825,PROPN
4826,pdnc,qID,Q1813-1,her child,252310,252319,12,2136,19,M_4826,Other
4827,pdnc,qID,Q1813-1,she,252321,252324,7,2136,19,M_4827,Other
4828,pdnc,qID,Q1813-1,you,252367,252370,35,2136,19,M_4828,Other
4829,pdnc,qID,Q1814-0,her,252411,252414,7,2137,19,M_4829,Other
4830,pdnc,qID,Q1815-0,you,252445,252448,35,2138,19,M_4830,Other
4831,pdnc,qID,Q1815-0,you,252474,252477,35,2138,19,M_4831,Other
4832,pdnc,qID,Q1815-0,her,252514,252517,7,2138,19,M_4832,Other
4833,pdnc,qID,Q1815-0,her,252567,252570,7,2138,19,M_4833,Other
4834,pdnc,qID,Q1815-0,she,252598,252601,7,2138,19,M_4834,Other
4835,pdnc,qID,Q1815-0,she,252618,252621,7,2138,19,M_4835,Other
4836,pdnc,qID,Q1815-0,herself,252637,252644,7,2138,19,M_4836,Other
4837,pdnc,qID,Q1815-0,she,252650,252653,7,2138,19,M_4837,Other
4838,pdnc,qID,Q1816-0,she,252675,252678,7,2139,19,M_4838,Other
4839,pdnc,qID,Q1820-0,you,253023,253026,35,2143,19,M_4839,Other
4840,pdnc,qID,Q1820-0,Brenda,253052,253058,7,2143,19,M_4840,PROPN
4841,pdnc,qID,Q1820-0,She,253072,253075,7,2143,19,M_4841,Other
4842,pdnc,qID,Q1820-0,her,253095,253098,7,2143,19,M_4842,Other
4843,pdnc,qID,Q1820-0,her,253139,253142,7,2143,19,M_4843,Other
4844,pdnc,qID,Q1820-0,My mother,253144,253153,13,2143,19,M_4844,Other
4845,pdnc,qID,Q1820-0,her,253240,253243,7,2143,19,M_4845,Other
4846,exp,exp_name,beaver,Beaver,253362,253368,5,2143,19,M_4846,PROPN
4847,pdnc,qID,Q1820-0,you,253435,253438,35,2143,19,M_4847,Other
4848,pdnc,qID,Q1821-0,my dear Reggie,253453,253467,24,2144,19,M_4848,Other
4849,pdnc,qID,Q1821-0,you,253469,253472,24,2144,19,M_4849,Other
4850,pdnc,qID,Q1822-0,your ,253561,253566,35,2145,19,M_4850,Other
4851,pdnc,qID,Q1823-0,you,253642,253645,24,2146,19,M_4851,Other
4852,pdnc,qID,Q1823-0,Brenda ,253659,253666,7,2146,19,M_4852,PROPN
4853,pdnc,qID,Q1824-0,you,253813,253816,35,2147,19,M_4853,Other
4854,pdnc,qID,Q1824-0,Tony,253835,253839,35,2147,19,M_4854,PROPN
4855,pdnc,qID,Q1824-0,you,253880,253883,35,2147,19,M_4855,Other
4856,pdnc,qID,Q1826-0,you,254117,254120,35,2149,19,M_4856,Other
4857,pdnc,qID,Q1826-0,my dear fellow,254122,254136,35,2149,19,M_4857,Other
4858,pdnc,qID,Q1826-0,you,254260,254263,35,2149,19,M_4858,Other
4859,pdnc,qID,Q1828-0,you,254477,254480,35,2151,19,M_4859,Other
4860,pdnc,qID,Q1829-0,Brenda ,254550,254557,7,2152,19,M_4860,PROPN
4861,pdnc,qID,Q1829-0,she,254570,254573,7,2152,19,M_4861,Other
4862,pdnc,qID,Q1830-0,you,254676,254679,35,2153,19,M_4862,Other
4863,pdnc,qID,Q1830-0,you,254913,254916,35,2153,19,M_4863,Other
4864,pdnc,qID,Q1830-0,yourself,254958,254966,35,2153,19,M_4864,Other
4865,pdnc,qID,Q1830-0,you,254994,254997,35,2153,19,M_4865,Other
4866,exp,exp_name,tony,Tony,255037,255041,35,2154,19,M_4866,PROPN
4867,pdnc,qID,Q1832-0,You,255045,255048,35,2155,19,M_4867,Other
4868,exp,exp_name,reggie,Reggie,255104,255110,77,2155,19,M_4868,PROPN
4869,pdnc,qID,Q1832-1,you,255136,255139,35,2155,19,M_4869,Other
4870,pdnc,qID,Q1833-0,Brenda ,255207,255214,7,2156,19,M_4870,PROPN
4871,pdnc,qID,Q1834-0,she,255262,255265,7,2157,19,M_4871,Other
4872,pdnc,qID,Q1834-0,my dear fellow,255271,255285,35,2157,19,M_4872,Other
4873,pdnc,qID,Q1834-0,you,255296,255299,35,2157,19,M_4873,Other
4874,exp,exp_name,reggie,Reggie,255347,255353,77,2159,19,M_4874,PROPN
4875,pdnc,qID,Q1836-1,you,255438,255441,35,2159,19,M_4875,Other
4876,pdnc,qID,Q1836-1,Beaver ,255491,255498,5,2159,19,M_4876,PROPN
4877,pdnc,qID,Q1836-1,He,255519,255521,5,2159,19,M_4877,Other
4878,pdnc,qID,Q1836-1,he,255527,255529,5,2159,19,M_4878,Other
4879,pdnc,qID,Q1836-1,Brenda,255542,255548,7,2159,19,M_4879,PROPN
4880,pdnc,qID,Q1836-1,she,255556,255559,7,2159,19,M_4880,Other
4881,pdnc,qID,Q1836-1,her,255597,255600,7,2159,19,M_4881,Other
4882,pdnc,qID,Q1836-1,he,255602,255604,5,2159,19,M_4882,Other
4883,pdnc,qID,Q1836-1,his,255623,255626,5,2159,19,M_4883,Other
4884,booknlp,COREF,219,I,255651,255652,35,2160,19,M_4884,Other
4885,pdnc,qID,Q1837-0,his,255657,255660,5,2160,19,M_4885,Other
4886,exp,exp_name,tony,Tony,255674,255678,35,2160,19,M_4886,PROPN
4887,pdnc,qID,Q1837-1,your,255689,255693,24,2160,19,M_4887,Other
4888,booknlp,COREF,219,I,255730,255731,35,2160,19,M_4888,Other
4889,pdnc,qID,Q1837-1,Beaver ,255770,255777,5,2160,19,M_4889,PROPN
4890,pdnc,qID,Q1837-1,Brenda,255781,255787,7,2160,19,M_4890,PROPN
4891,exp,exp_name,reggie,Reggie,255833,255839,77,2161,19,M_4891,PROPN
4892,pdnc,qID,Q1839-0,you,255906,255909,24,2162,19,M_4892,Other
4893,pdnc,qID,Q1839-0,you,255945,255948,24,2162,19,M_4893,Other
4894,booknlp,COREF,219,I,255976,255977,35,2163,19,M_4894,Other
4895,booknlp,COREF,219,I,256001,256002,35,2163,19,M_4895,Other
4896,booknlp,COREF,219,I,256009,256010,35,2163,19,M_4896,Other
4897,pdnc,qID,Q1840-0,You,256106,256109,35,2163,19,M_4897,Other
4898,booknlp,COREF,219,I,256115,256116,35,2163,19,M_4898,Other
4899,pdnc,qID,Q1840-0,you,256139,256142,35,2163,19,M_4899,Other
4900,booknlp,COREF,219,I,256207,256208,35,2163,19,M_4900,Other
4901,booknlp,COREF,219,I,256261,256262,35,2163,19,M_4901,Other
4902,pdnc,qID,Q1840-0,Brenda ,256286,256293,7,2163,19,M_4902,PROPN
4903,booknlp,COREF,219,I,256389,256390,35,2163,19,M_4903,Other
4904,pdnc,qID,Q1840-0,you,256399,256402,35,2163,19,M_4904,Other
4905,booknlp,COREF,219,me,256410,256412,35,2163,19,M_4905,Other
4906,pdnc,qID,Q1842-0,Beaver,256509,256515,5,2165,19,M_4906,PROPN
4907,pdnc,qID,Q1843-0,You,256527,256530,24,2166,19,M_4907,Other
4908,booknlp,COREF,219,I,256598,256599,35,2167,19,M_4908,Other
4909,pdnc,qID,Q1845-0,Brenda ,256666,256673,7,2168,19,M_4909,PROPN
4910,pdnc,qID,Q1845-0,her,256709,256712,7,2168,19,M_4910,Other
4911,pdnc,qID,Q1846-0,my dear fellow,256732,256746,35,2169,19,M_4911,Other
4912,booknlp,COREF,219,I,256748,256749,35,2169,19,M_4912,Other
4913,pdnc,qID,Q1846-0,she,256765,256768,7,2169,19,M_4913,Other
4914,pdnc,qID,Q1846-0,Marjorie,256774,256782,15,2169,19,M_4914,PROPN
4915,pdnc,qID,Q1847-0,Brenda,256854,256860,7,2171,19,M_4915,PROPN
4916,pdnc,qID,Q1847-0,Tony,256870,256874,35,2171,19,M_4916,PROPN
4917,pdnc,qID,Q1847-0,Reggie,256905,256911,24,2171,19,M_4917,Other
4918,pdnc,qID,Q1848-0,he,256921,256923,24,2172,19,M_4918,Other
4919,pdnc,qID,Q1849-0,He,256952,256954,24,2173,19,M_4919,Other
4920,pdnc,qID,Q1849-0,you,256969,256972,7,2173,19,M_4920,Other
4921,pdnc,qID,Q1850-0,Tony,257018,257022,35,2174,19,M_4921,PROPN
4922,pdnc,qID,Q1851-0,you,257117,257120,7,2175,19,M_4922,Other
4923,pdnc,qID,Q1852-0,They,257178,257182,35,2176,19,M_4923,Other
4924,pdnc,qID,Q1853-0,you,257234,257237,7,2177,19,M_4924,Other
4925,pdnc,qID,Q1853-0,you,257278,257281,7,2177,19,M_4925,Other
4926,pdnc,qID,Q1853-0,You,257283,257286,7,2177,19,M_4926,Other
4927,pdnc,qID,Q1853-0,you,257323,257326,7,2177,19,M_4927,Other
4928,pdnc,qID,Q1853-0,you,257342,257345,7,2177,19,M_4928,Other
4929,pdnc,qID,Q1855-0,You,257380,257383,7,2179,19,M_4929,Other
4930,pdnc,qID,Q1856-0,Tony,257407,257411,35,2180,19,M_4930,PROPN
4931,pdnc,qID,Q1857-0,You,257478,257481,7,2181,19,M_4931,Other
4932,pdnc,qID,Q1857-0,you,257500,257503,7,2181,19,M_4932,Other
4933,pdnc,qID,Q1860-0,Tony,257586,257590,35,2184,19,M_4933,PROPN
4934,pdnc,qID,Q1860-0,you,257600,257603,35,2184,19,M_4934,Other
4935,exp,exp_name,reggie,Reggie,257952,257958,77,2186,19,M_4935,PROPN
4936,pdnc,qID,Q1862-0,her,258008,258011,7,2187,19,M_4936,Other
4937,pdnc,qID,Q1862-0,You,258013,258016,24,2187,19,M_4937,Other
4938,pdnc,qID,Q1862-0,you,258062,258065,24,2187,19,M_4938,Other
4939,pdnc,qID,Q1863-0,my dear fellow,258120,258134,35,2188,19,M_4939,Other
4940,pdnc,qID,Q1866-0,Brenda ,258196,258203,7,2191,19,M_4940,PROPN
4941,pdnc,qID,Q1866-0,her,258223,258226,7,2191,19,M_4941,Other
4942,pdnc,qID,Q1866-0,a child,258321,258328,38,2191,19,M_4942,Other
4943,pdnc,qID,Q1866-0,you,258418,258421,24,2191,19,M_4943,Other
4944,pdnc,qID,Q1866-0,you,258489,258492,24,2191,19,M_4944,Other
4945,pdnc,qID,Q1866-0,you,258515,258518,24,2191,19,M_4945,Other
4946,pdnc,qID,Q1866-0,she,258592,258595,7,2191,19,M_4946,Other
4947,pdnc,qID,Q1866-0,Brenda,258623,258629,7,2191,19,M_4947,PROPN
4948,pdnc,qID,Q1867-0,my dear fellow,258696,258710,35,2192,19,M_4948,Other
4949,pdnc,qID,Q1868-0,you,258733,258736,24,2193,19,M_4949,Other
4950,exp,exp_name,john beaver,John Beaver,258828,258839,5,2194,19,M_4950,PROPN
4951,pdnc,qID,Q1869-0,the old boy ,258968,258980,35,2196,19,M_4951,Other
4952,exp,exp_name,polly cockpurse,Polly Cockpurse,259009,259024,23,2196,19,M_4952,PROPN
4953,booknlp,COREF,264,I,259032,259033,37,2197,19,M_4953,Other
4954,exp,exp_name,veronica,Veronica,259114,259122,37,2197,19,M_4954,PROPN
4955,pdnc,qID,Q1870-1,he,259151,259153,35,2197,19,M_4955,Other
4956,pdnc,qID,Q1871-0,him,259233,259236,35,2198,19,M_4956,Other
4957,exp,exp_name,souki,Souki,259250,259255,26,2198,19,M_4957,PROPN
4958,pdnc,qID,Q1872-0,Brenda ,259272,259279,7,2199,19,M_4958,PROPN
4959,exp,exp_name,jenny abdul akbar,Jenny Abdul Akbar,259304,259321,10,2199,19,M_4959,PROPN
4960,pdnc,qID,Q1873-0,Tony,259392,259396,35,2201,19,M_4960,PROPN
4961,exp,exp_name,marjorie,Marjorie,259436,259444,15,2201,19,M_4961,PROPN
4962,booknlp,COREF,239,I,259452,259453,3,2202,19,M_4962,Other
4963,exp,exp_name,allan,Allan,259472,259477,3,2202,19,M_4963,PROPN
4964,booknlp,COREF,239,I,259480,259481,3,2202,19,M_4964,Other
4965,pdnc,qID,Q1874-1,your ass of a brother,259489,259510,24,2202,19,M_4965,Other
4966,booknlp,COREF,219,I,259636,259637,35,2206,21,M_4966,Other
4967,exp,exp_name,tony,Tony,259654,259658,35,2206,21,M_4967,PROPN
4968,booknlp,COREF,219,I,259665,259666,35,2206,21,M_4968,Other
4969,pdnc,qID,Q1876-1,you,259680,259683,29,2206,21,M_4969,Other
4970,pdnc,qID,Q1877-0,you,259777,259780,35,2207,21,M_4970,Other
4971,pdnc,qID,Q1879-0,you,259895,259898,35,2209,21,M_4971,Other
4972,pdnc,qID,Q1879-0,you,260036,260039,35,2209,21,M_4972,Other
4973,pdnc,qID,Q1882-0,you,260133,260136,29,2212,21,M_4973,Other
4974,booknlp,COREF,219,I,260147,260148,35,2212,21,M_4974,Other
4975,exp,exp_name,the genial passenger,The genial passenger,260174,260194,29,2213,21,M_4975,PROPN
4976,booknlp,COREF,1608,you,260246,260249,29,2213,21,M_4976,Other
4977,pdnc,qID,Q1883-0,you,260255,260258,35,2213,21,M_4977,Other
4978,pdnc,qID,Q1885-0,you,260311,260314,35,2215,21,M_4978,Other
4979,booknlp,COREF,1608,I,260332,260333,29,2217,21,M_4979,Other
4980,booknlp,COREF,1608,I,260381,260382,29,2217,21,M_4980,Other
4981,booknlp,COREF,1608,He,260427,260429,29,2218,21,M_4981,Other
4982,booknlp,COREF,1608,his,260490,260493,29,2218,21,M_4982,Other
4983,exp,exp_name,tony,Tony,260650,260654,35,2219,21,M_4983,PROPN
4984,booknlp,COREF,1608,his,260672,260675,29,2219,21,M_4984,Other
4985,pdnc,qID,Q1888-2,we,260813,260815,35,2219,21,M_4985,Other
4986,exp,exp_name,tony,Tony,260878,260882,35,2220,21,M_4986,PROPN
4987,booknlp,COREF,219,He,260936,260938,35,2220,21,M_4987,Other
4988,exp,exp_name,tony,Tony,261176,261180,35,2220,21,M_4988,PROPN
4989,booknlp,COREF,219,he,261245,261247,35,2220,21,M_4989,Other
4990,exp,exp_name,the genial passenger,the genial passenger,261902,261922,29,2221,21,M_4990,PROPN
4991,booknlp,COREF,1608,himself,261945,261952,29,2221,21,M_4991,Other
4992,booknlp,COREF,1608,He,262073,262075,29,2221,21,M_4992,Other
4993,exp,exp_name,tony,Tony,262116,262120,35,2221,21,M_4993,PROPN
4994,booknlp,COREF,219,he,262179,262181,35,2221,21,M_4994,Other
4995,booknlp,COREF,219,his,262187,262190,35,2221,21,M_4995,Other
4996,exp,exp_name,tony,Tony,262274,262278,35,2223,21,M_4996,PROPN
4997,booknlp,COREF,219,him,262384,262387,35,2223,21,M_4997,Other
4998,exp,exp_name,a coloured archdeacon,A coloured archdeacon,262533,262554,0,2223,21,M_4998,PROPN
4999,booknlp,COREF,219,him,262566,262569,35,2223,21,M_4999,Other
5000,booknlp,COREF,219,He,262571,262573,35,2223,21,M_5000,Other
5001,booknlp,COREF,219,his,262604,262607,35,2223,21,M_5001,Other
5002,booknlp,COREF,219,I,262663,262664,35,2223,21,M_5002,Other
5003,booknlp,COREF,219,he,262723,262725,35,2223,21,M_5003,Other
5004,booknlp,COREF,219,I,262733,262734,35,2223,21,M_5004,Other
5005,pdnc,qID,Q1889-1,you,262739,262742,35,2223,21,M_5005,Other
5006,booknlp,COREF,219,My,262763,262765,35,2223,21,M_5006,Other
5007,booknlp,COREF,219,He,262811,262813,35,2224,21,M_5007,Other
5008,booknlp,COREF,219,he,262845,262847,35,2224,21,M_5008,Other
5009,exp,exp_name,tony,Tony,262853,262857,35,2224,21,M_5009,PROPN
5010,exp,exp_name,the genial passenger,the genial passenger,263395,263415,29,2226,21,M_5010,PROPN
5011,booknlp,COREF,1608,himself,263425,263432,29,2226,21,M_5011,Other
5012,exp,exp_name,tony,Tony,263440,263444,35,2226,21,M_5012,PROPN
5013,booknlp,COREF,1608,I,263451,263452,29,2226,21,M_5013,Other
5014,exp,exp_name,tony,Tony,263514,263518,35,2227,21,M_5014,PROPN
5015,booknlp,COREF,219,he,263562,263564,35,2227,21,M_5015,Other
5016,exp,exp_name,the genial passenger,the genial passenger,263619,263639,29,2227,21,M_5016,PROPN
5017,pdnc,qID,Q1890-3,You,263676,263679,35,2227,21,M_5017,Other
5018,booknlp,COREF,1608,he,263687,263689,29,2227,21,M_5018,Other
5019,booknlp,COREF,1608,I,263717,263718,29,2227,21,M_5019,Other
5020,booknlp,COREF,1608,I,263724,263725,29,2227,21,M_5020,Other
5021,pdnc,qID,Q1890-4,you,263730,263733,35,2227,21,M_5021,Other
5022,booknlp,COREF,1608,I,263746,263747,29,2227,21,M_5022,Other
5023,pdnc,qID,Q1890-4,you,263756,263759,35,2227,21,M_5023,Other
5024,booknlp,COREF,1608,I,263804,263805,29,2227,21,M_5024,Other
5025,pdnc,qID,Q1890-4,you,263816,263819,35,2227,21,M_5025,Other
5026,pdnc,qID,Q1890-4,you,263825,263828,35,2227,21,M_5026,Other
5027,booknlp,COREF,1608,I'm,263920,263923,29,2227,21,M_5027,Other
5028,booknlp,COREF,1608,me,264033,264035,29,2227,21,M_5028,Other
5029,pdnc,qID,Q1890-4,you,264042,264045,35,2227,21,M_5029,Other
5030,pdnc,qID,Q1890-4,You,264047,264050,35,2227,21,M_5030,Other
5031,pdnc,qID,Q1890-4,you,264075,264078,35,2227,21,M_5031,Other
5032,booknlp,COREF,219,I,264109,264110,35,2228,21,M_5032,Other
5033,booknlp,COREF,219,I,264119,264120,35,2228,21,M_5033,Other
5034,exp,exp_name,tony,Tony,264131,264135,35,2228,21,M_5034,PROPN
5035,booknlp,COREF,219,him,264164,264167,35,2229,21,M_5035,Other
5036,booknlp,COREF,219,he,264184,264186,35,2229,21,M_5036,Other
5037,booknlp,COREF,219,he,264239,264241,35,2229,21,M_5037,Other
5038,booknlp,COREF,219,his,264316,264319,35,2229,21,M_5038,Other
5039,exp,exp_name,dr messinger,Dr Messinger,264628,264640,9,2229,21,M_5039,PROPN
5040,booknlp,COREF,219,him,264682,264685,35,2229,21,M_5040,Other
5041,booknlp,COREF,219,his,264717,264720,35,2229,21,M_5041,Other
5042,exp,exp_name,dr messinger,Dr Messinger,264733,264745,9,2229,21,M_5042,PROPN
5043,booknlp,COREF,316,he,264778,264780,9,2229,21,M_5043,Other
5044,exp,exp_name,dr messinger,Dr Messinger,264989,265001,9,2229,21,M_5044,PROPN
5045,booknlp,COREF,316,himself,265002,265009,9,2229,21,M_5045,Other
5046,booknlp,COREF,316,his,265055,265058,9,2229,21,M_5046,Other
5047,exp,exp_name,tony,Tony,265160,265164,35,2229,21,M_5047,PROPN
5048,booknlp,COREF,316,him,265173,265176,9,2229,21,M_5048,Other
5049,exp,exp_name,tony,Tony,265202,265206,35,2230,21,M_5049,PROPN
5050,booknlp,COREF,219,his,265232,265235,35,2230,21,M_5050,Other
5051,booknlp,COREF,219,he,265305,265307,35,2230,21,M_5051,Other
5052,exp,exp_name,elderly gentleman near tours,elderly gentleman near Tours,265348,265376,39,2230,21,M_5052,PROPN
5053,booknlp,COREF,219,he,265402,265404,35,2230,21,M_5053,Other
5054,exp,exp_name,tony,Tony,265617,265621,35,2230,21,M_5054,PROPN
5055,booknlp,COREF,219,he,265686,265688,35,2230,21,M_5055,Other
5056,booknlp,COREF,219,his,265832,265835,35,2230,21,M_5056,Other
5057,booknlp,COREF,219,he,265887,265889,35,2230,21,M_5057,Other
5058,exp,exp_name,tony,Tony,266061,266065,35,2230,21,M_5058,PROPN
5059,booknlp,COREF,219,he,266098,266100,35,2230,21,M_5059,Other
5060,booknlp,COREF,219,he,266209,266211,35,2230,21,M_5060,Other
5061,exp,exp_name,tony,Tony,266414,266418,35,2230,21,M_5061,PROPN
5062,booknlp,COREF,219,his,266524,266527,35,2230,21,M_5062,Other
5063,exp,exp_name,brenda,Brenda,266543,266549,7,2230,21,M_5063,PROPN
5064,exp,exp_name,brenda,Brenda,267059,267065,7,2230,21,M_5064,PROPN
5065,booknlp,COREF,219,he,267070,267072,35,2230,21,M_5065,Other
5066,booknlp,COREF,219,his,267140,267143,35,2230,21,M_5066,Other
5067,booknlp,COREF,219,he,267156,267158,35,2230,21,M_5067,Other
5068,booknlp,COREF,219,he,267302,267304,35,2230,21,M_5068,Other
5069,exp,exp_name,brenda,Brenda,267343,267349,7,2230,21,M_5069,PROPN
5070,exp,exp_name,john andrew,John Andrew,267371,267382,12,2230,21,M_5070,PROPN
5071,exp,exp_name,tony,Tony,267390,267394,35,2231,21,M_5071,PROPN
5072,booknlp,COREF,219,he,267446,267448,35,2231,21,M_5072,Other
5073,booknlp,COREF,219,his,267470,267473,35,2231,21,M_5073,Other
5074,booknlp,COREF,219,He,267667,267669,35,2231,21,M_5074,Other
5075,booknlp,COREF,219,his,267746,267749,35,2231,21,M_5075,Other
5076,booknlp,COREF,219,him,267831,267834,35,2231,21,M_5076,Other
5077,booknlp,COREF,219,he,267844,267846,35,2231,21,M_5077,Other
5078,booknlp,COREF,219,him,267911,267914,35,2231,21,M_5078,Other
5079,exp,exp_name,brenda,Brenda,267918,267924,7,2231,21,M_5079,PROPN
5080,exp,exp_name,beaver,Beaver,267985,267991,5,2231,21,M_5080,PROPN
5081,exp,exp_name,reggie st cloud,Reggie St Cloud,267995,268010,24,2231,21,M_5081,PROPN
5082,booknlp,COREF,219,he,268027,268029,35,2231,21,M_5082,Other
5083,booknlp,COREF,219,his,268088,268091,35,2231,21,M_5083,Other
5084,booknlp,COREF,219,he,268098,268100,35,2231,21,M_5084,Other
5085,booknlp,COREF,219,He,268153,268155,35,2231,21,M_5085,Other
5086,booknlp,COREF,219,his,268216,268219,35,2231,21,M_5086,Other
5087,booknlp,COREF,219,his,268254,268257,35,2231,21,M_5087,Other
5088,booknlp,COREF,219,his,268310,268313,35,2231,21,M_5088,Other
5089,booknlp,COREF,219,him,268377,268380,35,2231,21,M_5089,Other
5090,booknlp,COREF,219,he,268381,268383,35,2231,21,M_5090,Other
5091,booknlp,COREF,219,he,268403,268405,35,2231,21,M_5091,Other
5092,booknlp,COREF,219,he,268601,268603,35,2231,21,M_5092,Other
5093,booknlp,COREF,219,his,268670,268673,35,2231,21,M_5093,Other
5094,booknlp,COREF,219,he,268695,268697,35,2231,21,M_5094,Other
5095,exp,exp_name,unknown,unknown,268724,268731,36,2231,21,M_5095,PROPN
5096,booknlp,COREF,219,him,268735,268738,35,2231,21,M_5096,Other
5097,booknlp,COREF,219,he,268752,268754,35,2231,21,M_5097,Other
5098,booknlp,COREF,219,He,268784,268786,35,2231,21,M_5098,Other
5099,booknlp,COREF,219,he,268811,268813,35,2231,21,M_5099,Other
5100,exp,exp_name,dr messinger,Dr Messinger,268853,268865,9,2232,21,M_5100,PROPN
5101,exp,exp_name,tony,Tony,268904,268908,35,2232,21,M_5101,PROPN
5102,booknlp,COREF,219,He,268941,268943,35,2232,21,M_5102,Other
5103,booknlp,COREF,219,his,269021,269024,35,2232,21,M_5103,Other
5104,booknlp,COREF,219,his,269063,269066,35,2232,21,M_5104,Other
5105,booknlp,COREF,219,he,269104,269106,35,2232,21,M_5105,Other
5106,booknlp,COREF,219,his,269166,269169,35,2232,21,M_5106,Other
5107,exp,exp_name,tony,Tony,269243,269247,35,2233,21,M_5107,PROPN
5108,booknlp,COREF,219,he,269262,269264,35,2233,21,M_5108,Other
5109,booknlp,COREF,316,I,269300,269301,9,2234,21,M_5109,Other
5110,exp,exp_name,dr messinger,Dr Messinger,269331,269343,9,2234,21,M_5110,PROPN
5111,booknlp,COREF,316,I,269457,269458,9,2234,21,M_5111,Other
5112,booknlp,COREF,316,my,269497,269499,9,2234,21,M_5112,Other
5113,pdnc,qID,Q1893-1,you,269521,269524,35,2234,21,M_5113,Other
5114,booknlp,COREF,219,I,269619,269620,35,2235,21,M_5114,Other
5115,booknlp,COREF,219,I,269633,269634,35,2235,21,M_5115,Other
5116,pdnc,qID,Q1895-0,You,269642,269645,35,2236,21,M_5116,Other
5117,booknlp,COREF,316,me,269686,269688,9,2236,21,M_5117,Other
5118,booknlp,COREF,316,I,269759,269760,9,2238,21,M_5118,Other
5119,pdnc,qID,Q1897-0,you,269802,269805,35,2238,21,M_5119,Other
5120,pdnc,qID,Q1897-0,you,269870,269873,35,2238,21,M_5120,Other
5121,pdnc,qID,Q1899-0,you,269901,269904,35,2240,21,M_5121,Other
5122,booknlp,COREF,316,me,269922,269924,9,2240,21,M_5122,Other
5123,pdnc,qID,Q1899-0,You,269945,269948,35,2240,21,M_5123,Other
5124,booknlp,COREF,219,I,270008,270009,35,2241,21,M_5124,Other
5125,booknlp,COREF,316,I,270044,270045,9,2242,21,M_5125,Other
5126,booknlp,COREF,316,I,270071,270072,9,2242,21,M_5126,Other
5127,exp,exp_name,tony,Tony,270112,270116,35,2243,21,M_5127,PROPN
5128,booknlp,COREF,219,his,270130,270133,35,2243,21,M_5128,Other
5129,exp,exp_name,dr messinger,Dr Messinger,270179,270191,9,2243,21,M_5129,PROPN
5130,booknlp,COREF,316,his,270204,270207,9,2243,21,M_5130,Other
5131,booknlp,COREF,316,he,270234,270236,9,2243,21,M_5131,Other
5132,booknlp,COREF,316,I,270270,270271,9,2243,21,M_5132,Other
5133,pdnc,qID,Q1902-1,you,270279,270282,35,2243,21,M_5133,Other
5134,booknlp,COREF,219,I,270313,270314,35,2244,21,M_5134,Other
5135,pdnc,qID,Q1904-0,You,270341,270344,35,2245,21,M_5135,Other
5136,booknlp,COREF,316,I,270563,270564,9,2245,21,M_5136,Other
5137,booknlp,COREF,316,he,270621,270623,9,2245,21,M_5137,Other
5138,booknlp,COREF,316,I,270657,270658,9,2245,21,M_5138,Other
5139,booknlp,COREF,316,I,270703,270704,9,2245,21,M_5139,Other
5140,exp,exp_name,dr messinger,Dr Messinger,270933,270945,9,2247,21,M_5140,PROPN
5141,exp,exp_name,tony,Tony,270948,270952,35,2248,21,M_5141,PROPN
5142,booknlp,COREF,219,he,271062,271064,35,2248,21,M_5142,Other
5143,exp,exp_name,dr messinger,Dr Messinger,271091,271103,9,2249,21,M_5143,PROPN
5144,booknlp,COREF,219,I,271145,271146,35,2249,21,M_5144,Other
5145,booknlp,COREF,219,I,271176,271177,35,2249,21,M_5145,Other
5146,booknlp,COREF,219,he,271184,271186,35,2249,21,M_5146,Other
5147,exp,exp_name,tony,Tony,271194,271198,35,2249,21,M_5147,PROPN
5148,exp,exp_name,tony,Tony,271551,271555,35,2249,21,M_5148,PROPN
5149,exp,exp_name,dr messinger,Dr Messinger,271614,271626,9,2249,21,M_5149,PROPN
5150,booknlp,COREF,219,him,271639,271642,35,2249,21,M_5150,Other
5151,pdnc,qID,Q1907-0,You,271649,271652,35,2250,21,M_5151,Other
5152,booknlp,COREF,316,I,271885,271886,9,2250,21,M_5152,Other
5153,booknlp,COREF,316,myself,271887,271893,9,2250,21,M_5153,Other
5154,booknlp,COREF,316,I,271944,271945,9,2250,21,M_5154,Other
5155,booknlp,COREF,316,I,271991,271992,9,2250,21,M_5155,Other
5156,booknlp,COREF,316,I,272127,272128,9,2250,21,M_5156,Other
5157,booknlp,COREF,316,I,272329,272330,9,2250,21,M_5157,Other
5158,booknlp,COREF,316,me,272402,272404,9,2250,21,M_5158,Other
5159,booknlp,COREF,316,my,272466,272468,9,2250,21,M_5159,Other
5160,booknlp,COREF,316,I,272532,272533,9,2250,21,M_5160,Other
5161,booknlp,COREF,316,he,272559,272561,9,2250,21,M_5161,Other
5162,booknlp,COREF,316,me,272567,272569,9,2250,21,M_5162,Other
5163,booknlp,COREF,316,I,272697,272698,9,2250,21,M_5163,Other
5164,booknlp,COREF,1608,I,272735,272736,29,2251,21,M_5164,Other
5165,booknlp,COREF,1608,I,272785,272786,29,2251,21,M_5165,Other
5166,booknlp,COREF,1608,you,273237,273240,29,2252,21,M_5166,Other
5167,exp,exp_name,tony,Tony,273686,273690,35,2254,21,M_5167,PROPN
5168,booknlp,COREF,219,he,273719,273721,35,2254,21,M_5168,Other
5169,booknlp,COREF,219,his,273730,273733,35,2254,21,M_5169,Other
5170,booknlp,COREF,219,he,273768,273770,35,2254,21,M_5170,Other
5171,exp,exp_name,dr messinger,Dr Messinger,273792,273804,9,2254,21,M_5171,PROPN
5172,booknlp,COREF,219,his,273808,273811,35,2254,21,M_5172,Other
5173,pdnc,qID,Q1912-0,you,273930,273933,29,2257,21,M_5173,Other
5174,booknlp,COREF,1608,I,273979,273980,29,2258,21,M_5174,Other
5175,exp,exp_name,the genial passenger,the genial passenger,274037,274057,29,2258,21,M_5175,PROPN
5176,exp,exp_name,tony,Tony,274264,274268,35,2259,21,M_5176,PROPN
5177,booknlp,COREF,219,his,274277,274280,35,2259,21,M_5177,Other
5178,booknlp,COREF,219,his,274301,274304,35,2259,21,M_5178,Other
5179,booknlp,COREF,219,he,274329,274331,35,2259,21,M_5179,Other
5180,booknlp,COREF,219,he,274367,274369,35,2259,21,M_5180,Other
5181,exp,exp_name,tony,Tony,274776,274780,35,2260,21,M_5181,PROPN
5182,booknlp,COREF,219,His,274842,274845,35,2260,21,M_5182,Other
5183,booknlp,COREF,219,He,274950,274952,35,2260,21,M_5183,Other
5184,booknlp,COREF,219,his,274982,274985,35,2260,21,M_5184,Other
5185,booknlp,COREF,1608,I,275507,275508,29,2262,21,M_5185,Other
5186,exp,exp_name,the genial passenger,the genial passenger,275568,275588,29,2262,21,M_5186,PROPN
5187,booknlp,COREF,1608,his,275602,275605,29,2262,21,M_5187,Other
5188,booknlp,COREF,1608,I,275614,275615,29,2262,21,M_5188,Other
5189,exp,exp_name,tony,Tony,276306,276310,35,2264,21,M_5189,PROPN
5190,exp,exp_name,tony,Tony,276551,276555,35,2264,21,M_5190,PROPN
5191,exp,exp_name,dr messinger,Dr Messinger,276852,276864,9,2266,21,M_5191,PROPN
5192,booknlp,COREF,316,his,276873,276876,9,2266,21,M_5192,Other
5193,exp,exp_name,tony,Tony,276884,276888,35,2266,21,M_5193,PROPN
5194,booknlp,COREF,316,him,276901,276904,9,2266,21,M_5194,Other
5195,booknlp,COREF,316,him,276915,276918,9,2266,21,M_5195,Other
5196,booknlp,COREF,316,he,276931,276933,9,2266,21,M_5196,Other
5197,exp,exp_name,tony,Tony,277308,277312,35,2266,21,M_5197,PROPN
5198,booknlp,COREF,219,himself,277320,277327,35,2266,21,M_5198,Other
5199,booknlp,COREF,219,his,277336,277339,35,2266,21,M_5199,Other
5200,exp,exp_name,ernie,Ernie,278068,278073,40,2268,21,M_5200,PROPN
5201,exp,exp_name,dr messinger,Dr Messinger,278540,278552,9,2269,21,M_5201,PROPN
5202,booknlp,COREF,316,his,278558,278561,9,2269,21,M_5202,Other
5203,exp,exp_name,the wife of the archdeacon,the wife of the archdeacon,278622,278648,32,2269,21,M_5203,PROPN
5204,booknlp,COREF,1755,she,278650,278653,32,2269,21,M_5204,Other
5205,booknlp,COREF,1755,her,278680,278683,32,2269,21,M_5205,Other
5206,exp,exp_name,tony,Tony,278696,278700,35,2269,21,M_5206,PROPN
5207,booknlp,COREF,219,He,278758,278760,35,2269,21,M_5207,Other
5208,booknlp,COREF,1755,She,278922,278925,32,2269,21,M_5208,Other
5209,booknlp,COREF,1755,I,278967,278968,32,2269,21,M_5209,Other
5210,pdnc,qID,Q1920-0,you,278973,278976,35,2269,21,M_5210,Other
5211,booknlp,COREF,1755,I,278996,278997,32,2269,21,M_5211,Other
5212,pdnc,qID,Q1920-0,you,279005,279008,35,2269,21,M_5212,Other
5213,pdnc,qID,Q1922-0,you,279072,279075,33,2270,21,M_5213,Other
5214,booknlp,COREF,1755,my,279108,279110,32,2271,21,M_5214,Other
5215,booknlp,COREF,1755,I,279119,279120,32,2271,21,M_5215,Other
5216,pdnc,qID,Q1923-0,you,279141,279144,35,2271,21,M_5216,Other
5217,booknlp,COREF,1755,I,279186,279187,32,2272,21,M_5217,Other
5218,booknlp,COREF,1755,I,279239,279240,32,2274,21,M_5218,Other
5219,booknlp,COREF,1755,I,279275,279276,32,2275,21,M_5219,Other
5220,booknlp,COREF,1755,I,279337,279338,32,2275,21,M_5220,Other
5221,pdnc,qID,Q1927-0,you,279348,279351,35,2275,21,M_5221,Other
5222,booknlp,COREF,1755,I,279364,279365,32,2275,21,M_5222,Other
5223,booknlp,COREF,1755,me,279398,279400,32,2275,21,M_5223,Other
5224,pdnc,qID,Q1927-0,your,279407,279411,35,2275,21,M_5224,Other
5225,pdnc,qID,Q1928-0,You,279426,279429,33,2276,21,M_5225,Other
5226,pdnc,qID,Q1928-0,Doctor Messinger,279443,279459,9,2276,21,M_5226,PROPN
5227,pdnc,qID,Q1928-0,He,279461,279463,9,2276,21,M_5227,Other
5228,booknlp,COREF,1755,I,279489,279490,32,2276,21,M_5228,Other
5229,pdnc,qID,Q1929-0,you,279503,279506,35,2277,21,M_5229,Other
5230,booknlp,COREF,1755,me,279513,279515,32,2277,21,M_5230,Other
5231,pdnc,qID,Q1930-0,us,279949,279951,33,2279,21,M_5231,Other
5232,pdnc,qID,Q1930-0,We,280196,280198,33,2279,21,M_5232,Other
5233,pdnc,qID,Q1931-0,you,280345,280348,35,2280,21,M_5233,Other
5234,pdnc,qID,Q1931-0,You,280621,280624,35,2280,21,M_5234,Other
5235,pdnc,qID,Q1932-0,We,281230,281232,33,2281,21,M_5235,Other
5236,pdnc,qID,Q1932-0,us,281265,281267,33,2281,21,M_5236,Other
5237,exp,exp_name,tony,Tony,281322,281326,35,2282,21,M_5237,PROPN
5238,exp,exp_name,dr messinger,Dr Messinger,281793,281805,9,2282,21,M_5238,PROPN
5239,booknlp,COREF,316,he,281979,281981,9,2282,21,M_5239,Other
5240,exp,exp_name,tony,Tony,282873,282877,35,2287,21,M_5240,PROPN
5241,pdnc,qID,Q1935-0,We,282990,282992,35,2287,21,M_5241,Other
5242,exp,exp_name,dr messinger,Dr Messinger,283017,283029,9,2287,21,M_5242,PROPN
5243,exp,exp_name,tony,Tony,283120,283124,35,2287,21,M_5243,PROPN
5244,booknlp,COREF,219,He,283197,283199,35,2287,21,M_5244,Other
5245,exp,exp_name,tony,Tony,283280,283284,35,2288,21,M_5245,PROPN
5246,exp,exp_name,miss tendril,Miss Tendril,283328,283340,65,2288,21,M_5246,PROPN
5247,booknlp,COREF,219,he,283342,283344,35,2288,21,M_5247,Other
5248,booknlp,COREF,219,he,283367,283369,35,2288,21,M_5248,Other
5249,booknlp,COREF,219,him,283429,283432,35,2288,21,M_5249,Other
5250,exp,exp_name,tony,Tony,283434,283438,35,2288,21,M_5250,PROPN
5251,exp,exp_name,brenda,Brenda,283463,283469,7,2288,21,M_5251,PROPN
5252,booknlp,COREF,219,his,283487,283490,35,2288,21,M_5252,Other
5253,exp,exp_name,tony,Tony,284061,284065,35,2290,21,M_5253,PROPN
5254,booknlp,COREF,219,he,284335,284337,35,2290,21,M_5254,Other
5255,exp,exp_name,tony,Tony,284775,284779,35,2290,21,M_5255,PROPN
5256,exp,exp_name,tony,Tony,284949,284953,35,2290,21,M_5256,PROPN
5257,exp,exp_name,dr messinger,Dr Messinger,284967,284979,9,2291,21,M_5257,PROPN
5258,booknlp,COREF,316,He,285014,285016,9,2291,21,M_5258,Other
5259,booknlp,COREF,316,He,285054,285056,9,2291,21,M_5259,Other
5260,exp,exp_name,tony,Tony,285101,285105,35,2291,21,M_5260,PROPN
5261,booknlp,COREF,316,him,285158,285161,9,2291,21,M_5261,Other
5262,booknlp,COREF,316,his,285177,285180,9,2291,21,M_5262,Other
5263,exp,exp_name,tony,Tony,285609,285613,35,2292,21,M_5263,PROPN
5264,exp,exp_name,tony,Tony,285715,285719,35,2293,21,M_5264,PROPN
5265,pdnc,qID,Q1937-1,You,285881,285884,35,2294,21,M_5265,Other
5266,pdnc,qID,Q1937-2,We,285964,285966,33,2294,21,M_5266,Other
5267,pdnc,qID,Q1937-2,You,286024,286027,35,2294,21,M_5267,Other
5268,pdnc,qID,Q1937-2,my father,286038,286047,34,2294,21,M_5268,Other
5269,exp,exp_name,tony,Tony,286260,286264,35,2296,21,M_5269,PROPN
5270,pdnc,qID,Q1939-0,Doctor Messinger,286353,286369,9,2297,21,M_5270,PROPN
5271,pdnc,qID,Q1940-0,you,286421,286424,33,2298,21,M_5271,Other
5272,pdnc,qID,Q1940-0,your,286445,286449,33,2298,21,M_5272,Other
5273,pdnc,qID,Q1942-0,You,286983,286986,35,2300,21,M_5273,Other
5274,pdnc,qID,Q1942-0,you,287024,287027,35,2300,21,M_5274,Other
5275,pdnc,qID,Q1942-0,you,287044,287047,35,2300,21,M_5275,Other
5276,pdnc,qID,Q1942-0,you,287059,287062,35,2300,21,M_5276,Other
5277,pdnc,qID,Q1943-0,you,287103,287106,33,2301,21,M_5277,Other
5278,pdnc,qID,Q1944-0,Tony,287133,287137,35,2302,21,M_5278,PROPN
5279,pdnc,qID,Q1944-0,you,287151,287154,35,2302,21,M_5279,Other
5280,pdnc,qID,Q1948-0,You,287209,287212,35,2306,21,M_5280,Other
5281,pdnc,qID,Q1951-0,you,287280,287283,33,2309,21,M_5281,Other
5282,pdnc,qID,Q1952-0,you,287335,287338,35,2310,21,M_5282,Other
5283,pdnc,qID,Q1952-0,she,287354,287357,7,2310,21,M_5283,Other
5284,pdnc,qID,Q1953-0,We,287374,287376,35,2311,21,M_5284,Other
5285,pdnc,qID,Q1957-0,you,287453,287456,33,2315,21,M_5285,Other
5286,pdnc,qID,Q1959-0,You,287513,287516,33,2317,21,M_5286,Other
5287,pdnc,qID,Q1959-0,you,287533,287536,33,2317,21,M_5287,Other
5288,exp,exp_name,tony,Tony,288169,288173,35,2322,21,M_5288,PROPN
5289,exp,exp_name,tony,Tony,288437,288441,35,2322,21,M_5289,PROPN
5290,pdnc,qID,Q1962-0,He,288444,288446,35,2322,21,M_5290,Other
5291,exp,exp_name,tony,Tony,288500,288504,35,2323,21,M_5291,PROPN
5292,exp,exp_name,tony,Tony,288713,288717,35,2323,21,M_5292,PROPN
5293,pdnc,qID,Q1963-1,we,288867,288869,29,2323,21,M_5293,Other
5294,booknlp,COREF,219,you,288930,288933,35,2323,21,M_5294,Other
5295,exp,exp_name,tony,Tony,288963,288967,35,2324,21,M_5295,PROPN
5296,booknlp,COREF,219,his,288992,288995,35,2324,21,M_5296,Other
5297,exp,exp_name,dr messinger,Dr Messinger,289139,289151,9,2324,21,M_5297,PROPN
5298,exp,exp_name,dr messinger,Dr Messinger,289384,289396,9,2326,21,M_5298,PROPN
5299,booknlp,COREF,316,his,289405,289408,9,2326,21,M_5299,Other
5300,exp,exp_name,tony,Tony,289641,289645,35,2326,21,M_5300,PROPN
5301,booknlp,COREF,219,his,289726,289729,35,2326,21,M_5301,Other
5302,booknlp,COREF,316,he,289764,289766,9,2326,21,M_5302,Other
5303,exp,exp_name,dr messinger,Dr Messinger,290043,290055,9,2327,21,M_5303,PROPN
5304,exp,exp_name,tony,Tony,290072,290076,35,2327,21,M_5304,PROPN
5305,exp,exp_name,dr messinger,Dr Messinger,290470,290482,9,2327,21,M_5305,PROPN
5306,exp,exp_name,dr messinger,Dr Messinger,292058,292070,9,2332,22,M_5306,PROPN
5307,booknlp,COREF,316,his,292084,292087,9,2332,22,M_5307,Other
5308,exp,exp_name,tony,Tony,292666,292670,35,2334,22,M_5308,PROPN
5309,exp,exp_name,dr messinger,Dr Messinger,292675,292687,9,2334,22,M_5309,PROPN
5310,exp,exp_name,tony,Tony,292998,293002,35,2334,22,M_5310,PROPN
5311,exp,exp_name,dr messinger,Dr Messinger,293126,293138,9,2334,22,M_5311,PROPN
5312,exp,exp_name,tony,Tony,293431,293435,35,2334,22,M_5312,PROPN
5313,booknlp,COREF,219,his,293522,293525,35,2335,22,M_5313,Other
5314,booknlp,COREF,219,His,293561,293564,35,2335,22,M_5314,Other
5315,booknlp,COREF,219,he,293666,293668,35,2335,22,M_5315,Other
5316,booknlp,COREF,219,him,293724,293727,35,2335,22,M_5316,Other
5317,booknlp,COREF,219,his,293775,293778,35,2335,22,M_5317,Other
5318,booknlp,COREF,219,his,293856,293859,35,2335,22,M_5318,Other
5319,booknlp,COREF,219,his,293883,293886,35,2335,22,M_5319,Other
5320,booknlp,COREF,219,him,293916,293919,35,2335,22,M_5320,Other
5321,booknlp,COREF,219,he,293939,293941,35,2335,22,M_5321,Other
5322,booknlp,COREF,219,He,293979,293981,35,2335,22,M_5322,Other
5323,booknlp,COREF,219,his,294064,294067,35,2335,22,M_5323,Other
5324,exp,exp_name,dr messinger,Dr Messinger,294095,294107,9,2335,22,M_5324,PROPN
5325,booknlp,COREF,219,him,294118,294121,35,2335,22,M_5325,Other
5326,booknlp,COREF,219,he,294174,294176,35,2335,22,M_5326,Other
5327,booknlp,COREF,219,he,294221,294223,35,2335,22,M_5327,Other
5328,booknlp,COREF,219,his,294396,294399,35,2335,22,M_5328,Other
5329,booknlp,COREF,219,his,294431,294434,35,2335,22,M_5329,Other
5330,booknlp,COREF,219,his,294458,294461,35,2335,22,M_5330,Other
5331,booknlp,COREF,219,his,294511,294514,35,2335,22,M_5331,Other
5332,exp,exp_name,tony,Tony,294530,294534,35,2336,22,M_5332,PROPN
5333,booknlp,COREF,219,he,294546,294548,35,2336,22,M_5333,Other
5334,exp,exp_name,dr messinger,Dr Messinger,294599,294611,9,2336,22,M_5334,PROPN
5335,booknlp,COREF,219,He,294656,294658,35,2336,22,M_5335,Other
5336,booknlp,COREF,219,he,294686,294688,35,2336,22,M_5336,Other
5337,booknlp,COREF,219,he,294732,294734,35,2336,22,M_5337,Other
5338,booknlp,COREF,219,he,294756,294758,35,2336,22,M_5338,Other
5339,exp,exp_name,dr messinger,Dr Messinger,294830,294842,9,2336,22,M_5339,PROPN
5340,exp,exp_name,tony,Tony,294872,294876,35,2337,22,M_5340,PROPN
5341,booknlp,COREF,219,he,295020,295022,35,2337,22,M_5341,Other
5342,exp,exp_name,brenda,Brenda,295052,295058,7,2337,22,M_5342,PROPN
5343,booknlp,COREF,219,he,295060,295062,35,2337,22,M_5343,Other
5344,booknlp,COREF,219,he,295124,295126,35,2337,22,M_5344,Other
5345,exp,exp_name,brenda,Brenda,295154,295160,7,2337,22,M_5345,PROPN
5346,booknlp,COREF,219,he,295223,295225,35,2337,22,M_5346,Other
5347,exp,exp_name,lady st cloud,Lady St Cloud,295261,295274,13,2337,22,M_5347,PROPN
5348,booknlp,COREF,219,him,295315,295318,35,2337,22,M_5348,Other
5349,exp,exp_name,tony,Tony,295401,295405,35,2337,22,M_5349,PROPN
5350,exp,exp_name,brenda,Brenda,295520,295526,7,2337,22,M_5350,PROPN
5351,exp,exp_name,john andrew,John Andrew,295548,295559,12,2337,22,M_5351,PROPN
5352,exp,exp_name,tony,Tony,295570,295574,35,2337,22,M_5352,PROPN
5353,exp,exp_name,brenda,Brenda,295649,295655,7,2337,22,M_5353,PROPN
5354,booknlp,COREF,219,He,295829,295831,35,2337,22,M_5354,Other
5355,exp,exp_name,tony,Tony,295986,295990,35,2338,22,M_5355,PROPN
5356,booknlp,COREF,219,he,296234,296236,35,2338,22,M_5356,Other
5357,exp,exp_name,dr messinger,Dr Messinger,296241,296253,9,2338,22,M_5357,PROPN
5358,exp,exp_name,polly cockpurse,Polly Cockpurse,296330,296345,23,2338,22,M_5358,PROPN
5359,exp,exp_name,mrs beaver,Mrs Beaver,296350,296360,75,2338,22,M_5359,PROPN
5360,exp,exp_name,princess abdul akbar,Princess Abdul Akbar,296365,296385,10,2338,22,M_5360,PROPN
5361,exp,exp_name,polly,Polly,296415,296420,23,2338,22,M_5361,PROPN
5362,exp,exp_name,brenda,Brenda,296437,296443,7,2338,22,M_5362,PROPN
5363,booknlp,COREF,219,he,296490,296492,35,2338,22,M_5363,Other
5364,booknlp,COREF,219,He,296507,296509,35,2339,22,M_5364,Other
5365,exp,exp_name,dr messinger,Dr Messinger,296537,296549,9,2339,22,M_5365,PROPN
5366,booknlp,COREF,219,him,296570,296573,35,2339,22,M_5366,Other
5367,booknlp,COREF,219,his,296590,296593,35,2339,22,M_5367,Other
5368,booknlp,COREF,219,his,296638,296641,35,2339,22,M_5368,Other
5369,pdnc,qID,Q1967-0,Chief,296941,296946,9,2341,22,M_5369,Other
5370,pdnc,qID,Q1967-1,us,296973,296975,28,2341,22,M_5370,Other
5371,exp,exp_name,dr messinger,Dr Messinger,297044,297056,9,2342,22,M_5371,PROPN
5372,booknlp,COREF,316,I,297059,297060,9,2342,22,M_5372,Other
5373,exp,exp_name,brenda,Brenda,297149,297155,7,2344,22,M_5373,PROPN
5374,exp,exp_name,jock,Jock,297160,297164,11,2344,22,M_5374,PROPN
5375,exp,exp_name,brenda,Brenda,297482,297488,7,2345,22,M_5375,PROPN
5376,pdnc,qID,Q1969-1,my Mr Beaver,297525,297537,5,2345,22,M_5376,Other
5377,pdnc,qID,Q1969-1,He,297544,297546,5,2345,22,M_5377,Other
5378,pdnc,qID,Q1969-1,him,297579,297582,5,2345,22,M_5378,Other
5379,pdnc,qID,Q1969-1,him,297617,297620,5,2345,22,M_5379,Other
5380,pdnc,qID,Q1970-0,You,297757,297760,7,2346,22,M_5380,Other
5381,pdnc,qID,Q1971-0,Jock,297813,297817,11,2347,22,M_5381,Other
5382,pdnc,qID,Q1971-0,Mr Beaver,297885,297894,5,2347,22,M_5382,PROPN
5383,pdnc,qID,Q1971-0,He,297896,297898,5,2347,22,M_5383,Other
5384,pdnc,qID,Q1971-0,him,297938,297941,5,2347,22,M_5384,Other
5385,pdnc,qID,Q1971-0,Tony,298044,298048,35,2347,22,M_5385,PROPN
5386,pdnc,qID,Q1972-0,he,298095,298097,35,2348,22,M_5386,Other
5387,pdnc,qID,Q1972-0,He,298106,298108,35,2348,22,M_5387,Other
5388,pdnc,qID,Q1972-0,a crook doctor,298144,298158,9,2348,22,M_5388,Other
5389,pdnc,qID,Q1975-0,he,298329,298331,35,2351,22,M_5389,Other
5390,pdnc,qID,Q1975-0,him,298379,298382,35,2351,22,M_5390,Other
5391,pdnc,qID,Q1976-0,he,298410,298412,35,2352,22,M_5391,Other
5392,pdnc,qID,Q1977-0,Tony,298473,298477,35,2353,22,M_5392,PROPN
5393,pdnc,qID,Q1977-0,he,298519,298521,35,2353,22,M_5393,Other
5394,exp,exp_name,tony,Tony,298671,298675,35,2355,22,M_5394,PROPN
5395,exp,exp_name,dr messinger,Dr Messinger,298680,298692,9,2355,22,M_5395,PROPN
5396,exp,exp_name,tony,Tony,298915,298919,35,2356,22,M_5396,PROPN
5397,exp,exp_name,dr messinger,Dr Messinger,298924,298936,9,2356,22,M_5397,PROPN
5398,exp,exp_name,dr messinger,Dr Messinger,299159,299171,9,2356,22,M_5398,PROPN
5399,exp,exp_name,tony,Tony,299176,299180,35,2356,22,M_5399,PROPN
5400,exp,exp_name,the black boy,the black boy,300027,300040,28,2359,22,M_5400,PROPN
5401,exp,exp_name,dr messinger,Dr Messinger,300086,300098,9,2360,22,M_5401,PROPN
5402,pdnc,qID,Q1980-2,you,300314,300317,9,2362,22,M_5402,Other
5403,exp,exp_name,a little old woman,a little old woman,300342,300360,1,2363,22,M_5403,PROPN
5404,booknlp,COREF,1933,She,300453,300456,1,2363,22,M_5404,Other
5405,booknlp,COREF,1933,Her,300493,300496,1,2363,22,M_5405,Other
5406,booknlp,COREF,1933,Her,300540,300543,1,2363,22,M_5406,Other
5407,booknlp,COREF,1933,her,300570,300573,1,2363,22,M_5407,Other
5408,booknlp,COREF,1933,she,300630,300633,1,2363,22,M_5408,Other
5409,booknlp,COREF,1933,she,300648,300651,1,2363,22,M_5409,Other
5410,exp,exp_name,tony,Tony,300672,300676,35,2363,22,M_5410,PROPN
5411,exp,exp_name,dr messinger,Dr Messinger,300681,300693,9,2363,22,M_5411,PROPN
5412,booknlp,COREF,1933,she,300694,300697,1,2363,22,M_5412,Other
5413,booknlp,COREF,1933,she,300785,300788,1,2363,22,M_5413,Other
5414,exp,exp_name,dr messinger,Dr Messinger,300842,300854,9,2363,22,M_5414,PROPN
5415,booknlp,COREF,316,he,300868,300870,9,2364,22,M_5415,Other
5416,booknlp,COREF,316,He,300928,300930,9,2365,22,M_5416,Other
5417,exp,exp_name,tony,Tony,300965,300969,35,2365,22,M_5417,PROPN
5418,exp,exp_name,tony,Tony,301015,301019,35,2365,22,M_5418,PROPN
5419,exp,exp_name,dr messinger,Dr Messinger,301040,301052,9,2365,22,M_5419,PROPN
5420,booknlp,COREF,316,He,301166,301168,9,2366,22,M_5420,Other
5421,booknlp,COREF,316,him,301223,301226,9,2366,22,M_5421,Other
5422,exp,exp_name,dr messinger,Dr Messinger,301336,301348,9,2366,22,M_5422,PROPN
5423,booknlp,COREF,316,his,301372,301375,9,2366,22,M_5423,Other
5424,exp,exp_name,tony,Tony,301415,301419,35,2366,22,M_5424,PROPN
5425,booknlp,COREF,316,you,301637,301640,9,2368,22,M_5425,Other
5426,pdnc,qID,Q1983-1,Rosa,301650,301654,22,2368,22,M_5426,PROPN
5427,booknlp,COREF,316,You,301723,301726,9,2368,22,M_5427,Other
5428,pdnc,qID,Q1984-0,this woman,301761,301771,1,2369,22,M_5428,Other
5429,pdnc,qID,Q1993-0,You,302104,302107,9,2378,22,M_5429,Other
5430,pdnc,qID,Q1994-0,Rosa,302138,302142,22,2379,22,M_5430,PROPN
5431,pdnc,qID,Q1997-0,You,302278,302281,9,2382,22,M_5431,Other
5432,exp,exp_name,dr messinger,Dr Messinger,302325,302337,9,2383,22,M_5432,PROPN
5433,booknlp,COREF,316,He,302387,302389,9,2383,22,M_5433,Other
5434,booknlp,COREF,316,his,302423,302426,9,2383,22,M_5434,Other
5435,booknlp,COREF,316,he,302443,302445,9,2383,22,M_5435,Other
5436,booknlp,COREF,316,me,302473,302475,9,2384,22,M_5436,Other
5437,pdnc,qID,Q2002-0,you,302512,302515,22,2385,22,M_5437,Other
5438,booknlp,COREF,316,me,302539,302541,9,2385,22,M_5438,Other
5439,pdnc,qID,Q2003-0,You,302584,302587,9,2386,22,M_5439,Other
5440,booknlp,COREF,316,me,302593,302595,9,2386,22,M_5440,Other
5441,exp,exp_name,dr messinger,Dr Messinger,302610,302622,9,2387,22,M_5441,PROPN
5442,pdnc,qID,Q2004-0,you,302660,302663,9,2388,22,M_5442,Other
5443,exp,exp_name,dr messinger,Dr Messinger,302681,302693,9,2389,22,M_5443,PROPN
5444,booknlp,COREF,316,I,302806,302807,9,2391,22,M_5444,Other
5445,pdnc,qID,Q2005-0,you,302813,302816,22,2391,22,M_5445,Other
5446,booknlp,COREF,316,me,302848,302850,9,2391,22,M_5446,Other
5447,exp,exp_name,dr messinger,Dr Messinger,302926,302938,9,2393,22,M_5447,PROPN
5448,booknlp,COREF,316,I,303058,303059,9,2393,22,M_5448,Other
5449,booknlp,COREF,316,I,303065,303066,9,2393,22,M_5449,Other
5450,exp,exp_name,tony,Tony,303171,303175,35,2394,22,M_5450,PROPN
5451,exp,exp_name,jock,Jock,303310,303314,11,2395,22,M_5451,PROPN
5452,booknlp,COREF,187,his,303340,303343,11,2395,22,M_5452,Other
5453,booknlp,COREF,187,him,303364,303367,11,2395,22,M_5453,Other
5454,booknlp,COREF,187,he,303421,303423,11,2396,22,M_5454,Other
5455,exp,exp_name,the under-secretary,the under-secretary,303824,303843,30,2400,22,M_5455,PROPN
5456,pdnc,qID,Q2009-0,the honourable member,303901,303922,11,2400,22,M_5456,Other
5457,pdnc,qID,Q2009-0,the honourable member,304123,304144,11,2400,22,M_5457,Other
5458,pdnc,qID,Q2009-0,he,304154,304156,11,2400,22,M_5458,Other
5459,exp,exp_name,jock,Jock,304550,304554,11,2403,22,M_5459,PROPN
5460,booknlp,COREF,187,he,304619,304621,11,2403,22,M_5460,Other
5461,booknlp,COREF,187,his,304677,304680,11,2403,22,M_5461,Other
5462,exp,exp_name,dr messinger,Dr Messinger,304826,304838,9,2405,22,M_5462,PROPN
5463,exp,exp_name,tony,Tony,304887,304891,35,2405,22,M_5463,PROPN
5464,booknlp,COREF,219,his,304916,304919,35,2405,22,M_5464,Other
5465,exp,exp_name,tony,Tony,305176,305180,35,2405,22,M_5465,PROPN
5466,exp,exp_name,dr messinger,Dr Messinger,305185,305197,9,2405,22,M_5466,PROPN
5467,exp,exp_name,dr messinger,Dr Messinger,305477,305489,9,2406,22,M_5467,PROPN
5468,exp,exp_name,tony,Tony,306084,306088,35,2408,22,M_5468,PROPN
5469,exp,exp_name,dr messinger,Dr Messinger,306159,306171,9,2408,22,M_5469,PROPN
5470,booknlp,COREF,316,he,306207,306209,9,2408,22,M_5470,Other
5471,exp,exp_name,rosa,Rosa,306366,306370,22,2409,22,M_5471,PROPN
5472,exp,exp_name,tony,Tony,306383,306387,35,2409,22,M_5472,PROPN
5473,booknlp,COREF,345,me,306428,306430,22,2410,22,M_5473,Other
5474,booknlp,COREF,345,she,306444,306447,22,2410,22,M_5474,Other
5475,pdnc,qID,Q2014-0,You,306456,306459,22,2411,22,M_5475,Other
5476,booknlp,COREF,316,I,306470,306471,9,2411,22,M_5476,Other
5477,exp,exp_name,dr messinger,Dr Messinger,306510,306522,9,2411,22,M_5477,PROPN
5478,pdnc,qID,Q2016-0,You,306591,306594,22,2413,22,M_5478,Other
5479,pdnc,qID,Q2017-0,You,306636,306639,9,2414,22,M_5479,Other
5480,exp,exp_name,rosa,Rosa,306811,306815,22,2415,22,M_5480,PROPN
5481,exp,exp_name,rosa,Rosa,307581,307585,22,2416,22,M_5481,PROPN
5482,booknlp,COREF,345,her,307656,307659,22,2416,22,M_5482,Other
5483,exp,exp_name,dr messinger,Dr Messinger,307936,307948,9,2418,22,M_5483,PROPN
5484,exp,exp_name,tony,Tony,307951,307955,35,2419,22,M_5484,PROPN
5485,exp,exp_name,dr messinger,Dr Messinger,307960,307972,9,2419,22,M_5485,PROPN
5486,exp,exp_name,dr messinger,Dr Messinger,308177,308189,9,2420,22,M_5486,PROPN
5487,exp,exp_name,tony,Tony,308302,308306,35,2421,22,M_5487,PROPN
5488,exp,exp_name,dr messinger,Dr Messinger,308344,308356,9,2421,22,M_5488,PROPN
5489,pdnc,qID,Q2019-0,Mummy,308506,308511,75,2423,23,M_5489,PROPN
5490,pdnc,qID,Q2019-0,Brenda ,308513,308520,7,2423,23,M_5490,PROPN
5491,pdnc,qID,Q2021-0,She,308604,308607,7,2425,23,M_5491,Other
5492,pdnc,qID,Q2021-0,she,308620,308623,7,2425,23,M_5492,Other
5493,pdnc,qID,Q2021-0,you,308644,308647,75,2425,23,M_5493,Other
5494,pdnc,qID,Q2022-0,she,308708,308711,7,2426,23,M_5494,Other
5495,pdnc,qID,Q2023-0,you,308857,308860,75,2427,23,M_5495,Other
5496,pdnc,qID,Q2024-0,John,308877,308881,5,2428,23,M_5496,PROPN
5497,pdnc,qID,Q2024-0,you,308883,308886,5,2428,23,M_5497,Other
5498,pdnc,qID,Q2024-0,you,308988,308991,5,2428,23,M_5498,Other
5499,pdnc,qID,Q2024-0,Brenda,308996,309002,7,2428,23,M_5499,PROPN
5500,pdnc,qID,Q2026-0,You,309024,309027,5,2430,23,M_5500,Other
5501,exp,exp_name,mrs beaver,Mrs Beaver,309064,309074,75,2430,23,M_5501,PROPN
5502,exp,exp_name,mrs beaver,Mrs Beaver,309171,309181,75,2432,23,M_5502,PROPN
5503,pdnc,qID,Q2028-0,you,309232,309235,5,2432,23,M_5503,Other
5504,pdnc,qID,Q2030-0,Poor John,309261,309270,5,2434,23,M_5504,PROPN
5505,pdnc,qID,Q2030-0,you,309294,309297,5,2434,23,M_5505,Other
5506,pdnc,qID,Q2032-0,Your ,309412,309417,5,2436,23,M_5506,Other
5507,pdnc,qID,Q2034-0,you,309532,309535,5,2438,23,M_5507,Other
5508,pdnc,qID,Q2034-0,John,309537,309541,5,2438,23,M_5508,PROPN
5509,exp,exp_name,margot,Margot,309663,309669,14,2439,23,M_5509,PROPN
5510,pdnc,qID,Q2035-0,She,309671,309674,14,2439,23,M_5510,Other
5511,exp,exp_name,brenda,Brenda,309732,309738,7,2440,23,M_5511,PROPN
5512,pdnc,qID,Q2036-0,mother,309753,309759,75,2441,23,M_5512,Other
5513,pdnc,qID,Q2036-0,you,309778,309781,7,2441,23,M_5513,Other
5514,pdnc,qID,Q2038-0,you,309924,309927,7,2443,23,M_5514,Other
5515,pdnc,qID,Q2038-0,Allan,309934,309939,3,2443,23,M_5515,PROPN
5516,pdnc,qID,Q2039-0,He,309970,309972,3,2444,23,M_5516,Other
5517,pdnc,qID,Q2042-0,you,310142,310145,7,2447,23,M_5517,Other
5518,pdnc,qID,Q2042-0,Allan ,310165,310171,3,2447,23,M_5518,PROPN
5519,pdnc,qID,Q2042-0,Reggie ,310175,310182,24,2447,23,M_5519,Other
5520,pdnc,qID,Q2043-0,you,310241,310244,5,2448,23,M_5520,Other
5521,pdnc,qID,Q2043-0,Veronica,310261,310269,37,2448,23,M_5521,PROPN
5522,pdnc,qID,Q2046-0,Veronica ,310385,310394,37,2451,23,M_5522,PROPN
5523,pdnc,qID,Q2048-0,you,310461,310464,7,2453,23,M_5523,Other
5524,pdnc,qID,Q2049-0,you,310486,310489,5,2454,23,M_5524,Other
5525,pdnc,qID,Q2050-0,you,310516,310519,7,2455,23,M_5525,Other
5526,exp,exp_name,brenda,Brenda,310544,310550,7,2456,23,M_5526,PROPN
5527,pdnc,qID,Q2051-1,he,310573,310575,5,2456,23,M_5527,Other
5528,pdnc,qID,Q2051-1,he,310614,310616,5,2456,23,M_5528,Other
5529,pdnc,qID,Q2051-1,Reggie ,310671,310678,24,2456,23,M_5529,Other
5530,exp,exp_name,jenny abdul akbar,Jenny Abdul Akbar,310699,310716,10,2457,23,M_5530,PROPN
5531,booknlp,COREF,271,her,310738,310741,10,2457,23,M_5531,Other
5532,booknlp,COREF,271,She,310743,310746,10,2457,23,M_5532,Other
5533,booknlp,COREF,271,her,310780,310783,10,2457,23,M_5533,Other
5534,booknlp,COREF,271,Her,310836,310839,10,2457,23,M_5534,Other
5535,booknlp,COREF,271,she,310929,310932,10,2458,23,M_5535,Other
5536,pdnc,qID,Q2053-0,Jenny,311044,311049,10,2459,23,M_5536,Other
5537,booknlp,COREF,271,I,311135,311136,10,2460,23,M_5537,Other
5538,pdnc,qID,Q2054-0,Tony,311143,311147,35,2460,23,M_5538,PROPN
5539,pdnc,qID,Q2054-0,you,311157,311160,7,2460,23,M_5539,Other
5540,pdnc,qID,Q2055-0,Tony,311216,311220,35,2461,23,M_5540,PROPN
5541,pdnc,qID,Q2055-0,he,311238,311240,35,2461,23,M_5541,Other
5542,pdnc,qID,Q2055-0,himself,311266,311273,35,2461,23,M_5542,Other
5543,booknlp,COREF,271,I,311306,311307,10,2462,23,M_5543,Other
5544,pdnc,qID,Q2056-0,you,311360,311363,7,2462,23,M_5544,Other
5545,pdnc,qID,Q2056-0,he,311394,311396,35,2462,23,M_5545,Other
5546,pdnc,qID,Q2056-0,Mrs Beaver,311417,311427,75,2462,23,M_5546,PROPN
5547,booknlp,COREF,271,Presently Jenny,311476,311491,10,2464,23,M_5547,Other
5548,exp,exp_name,brenda,Brenda,311512,311518,7,2464,23,M_5548,PROPN
5549,exp,exp_name,allan,Allan,311689,311694,3,2464,23,M_5549,PROPN
5550,booknlp,COREF,239,he,311729,311731,3,2464,23,M_5550,Other
5551,exp,exp_name,marjorie,Marjorie,311745,311753,15,2464,23,M_5551,PROPN
5552,exp,exp_name,beaver,Beaver,311832,311838,5,2464,23,M_5552,PROPN
5553,booknlp,COREF,239,him,311884,311887,3,2464,23,M_5553,Other
5554,exp,exp_name,marjorie,Marjorie,311940,311948,15,2464,23,M_5554,PROPN
5555,booknlp,COREF,271,Jenny,312232,312237,10,2465,23,M_5555,Other
5556,booknlp,COREF,271,she,312263,312266,10,2465,23,M_5556,Other
5557,exp,exp_name,brenda,Brenda,312286,312292,7,2465,23,M_5557,PROPN
5558,booknlp,COREF,271,I,312324,312325,10,2465,23,M_5558,Other
5559,pdnc,qID,Q2058-0,Polly ,312330,312336,23,2465,23,M_5559,Other
5560,pdnc,qID,Q2058-0,Souki,312340,312345,26,2465,23,M_5560,PROPN
5561,booknlp,COREF,271,she,312348,312351,10,2465,23,M_5561,Other
5562,pdnc,qID,Q2058-1,Daisy',312374,312380,8,2465,23,M_5562,Other
5563,booknlp,COREF,271,I,312389,312390,10,2465,23,M_5563,Other
5564,pdnc,qID,Q2058-1,you,312398,312401,7,2465,23,M_5564,Other
5565,exp,exp_name,brenda,Brenda,312447,312453,7,2466,23,M_5565,PROPN
5566,exp,exp_name,dr messinger,Dr Messinger,312814,312826,9,2469,23,M_5566,PROPN
5567,booknlp,COREF,316,him,312875,312878,9,2469,23,M_5567,Other
5568,booknlp,COREF,316,He,312905,312907,9,2469,23,M_5568,Other
5569,booknlp,COREF,316,he,312999,313001,9,2469,23,M_5569,Other
5570,booknlp,COREF,316,he,313167,313169,9,2470,23,M_5570,Other
5571,pdnc,qID,Q2060-1,You,313208,313211,35,2470,23,M_5571,Other
5572,exp,exp_name,dr messinger,Dr Messinger,313347,313359,9,2470,23,M_5572,PROPN
5573,booknlp,COREF,316,he,313602,313604,9,2472,23,M_5573,Other
5574,exp,exp_name,rosa,Rosa,313611,313615,22,2472,23,M_5574,PROPN
5575,booknlp,COREF,316,him,313641,313644,9,2473,23,M_5575,Other
5576,booknlp,COREF,316,him,313780,313783,9,2477,23,M_5576,Other
5577,exp,exp_name,dr messinger,Dr Messinger,313823,313835,9,2478,23,M_5577,PROPN
5578,exp,exp_name,dr messinger,Dr Messinger,314754,314766,9,2479,23,M_5578,PROPN
5579,exp,exp_name,tony,Tony,314879,314883,35,2480,23,M_5579,PROPN
5580,exp,exp_name,dr messinger,Dr Messinger,314888,314900,9,2480,23,M_5580,PROPN
5581,exp,exp_name,dr messinger,Dr Messinger,316148,316160,9,2481,23,M_5581,PROPN
5582,pdnc,qID,Q2069-0,John,316321,316325,5,2483,23,M_5582,PROPN
5583,pdnc,qID,Q2069-0,you,316345,316348,5,2483,23,M_5583,Other
5584,pdnc,qID,Q2070-0,mumsy,316388,316393,75,2484,23,M_5584,Other
5585,pdnc,qID,Q2071-0,Mrs Arnold Fischbaum,316462,316482,20,2485,23,M_5585,PROPN
5586,pdnc,qID,Q2071-0,you,316536,316539,5,2485,23,M_5586,Other
5587,pdnc,qID,Q2072-0,mumsy,316570,316575,75,2486,23,M_5587,Other
5588,pdnc,qID,Q2073-0,You,316580,316583,5,2487,23,M_5588,Other
5589,pdnc,qID,Q2073-0,you,316610,316613,5,2487,23,M_5589,Other
5590,pdnc,qID,Q2075-0,You,316643,316646,5,2489,23,M_5590,Other
5591,pdnc,qID,Q2075-0,Brenda,316685,316691,7,2489,23,M_5591,PROPN
5592,pdnc,qID,Q2076-0,mumsy,316734,316739,75,2490,23,M_5592,Other
5593,exp,exp_name,tony,Tony,317140,317144,35,2493,23,M_5593,PROPN
5594,exp,exp_name,dr messinger,Dr Messinger,317149,317161,9,2493,23,M_5594,PROPN
5595,exp,exp_name,tony,Tony,317433,317437,35,2493,23,M_5595,PROPN
5596,exp,exp_name,dr messinger,Dr Messinger,317442,317454,9,2493,23,M_5596,PROPN
5597,exp,exp_name,dr messinger,Dr Messinger,317958,317970,9,2495,23,M_5597,PROPN
5598,exp,exp_name,dr messinger,Dr Messinger,318090,318102,9,2495,23,M_5598,PROPN
5599,exp,exp_name,dr messinger,Dr Messinger,318273,318285,9,2495,23,M_5599,PROPN
5600,booknlp,COREF,316,he,318316,318318,9,2495,23,M_5600,Other
5601,booknlp,COREF,316,himself,318331,318338,9,2495,23,M_5601,Other
5602,booknlp,COREF,316,his,318442,318445,9,2495,23,M_5602,Other
5603,booknlp,COREF,316,He,318452,318454,9,2495,23,M_5603,Other
5604,exp,exp_name,tony,Tony,318459,318463,35,2495,23,M_5604,PROPN
5605,exp,exp_name,dr messinger,Dr Messinger,318597,318609,9,2496,23,M_5605,PROPN
5606,exp,exp_name,rosa,Rosa,318792,318796,22,2498,23,M_5606,PROPN
5607,exp,exp_name,dr messinger,Dr Messinger,319126,319138,9,2501,23,M_5607,PROPN
5608,exp,exp_name,tony,Tony,319802,319806,35,2502,23,M_5608,PROPN
5609,exp,exp_name,dr messinger,Dr Messinger,319811,319823,9,2502,23,M_5609,PROPN
5610,exp,exp_name,dr messinger,Dr Messinger,320406,320418,9,2502,23,M_5610,PROPN
5611,booknlp,COREF,316,him,320511,320514,9,2502,23,M_5611,Other
5612,booknlp,COREF,316,him,320524,320527,9,2502,23,M_5612,Other
5613,exp,exp_name,dr messinger,Dr Messinger,321402,321414,9,2505,23,M_5613,PROPN
5614,exp,exp_name,rosa,Rosa,321421,321425,22,2505,23,M_5614,PROPN
5615,booknlp,COREF,345,she,321476,321479,22,2505,23,M_5615,Other
5616,exp,exp_name,dr messinger,Dr Messinger,321645,321657,9,2508,23,M_5616,PROPN
5617,booknlp,COREF,316,himself,321665,321672,9,2508,23,M_5617,Other
5618,booknlp,COREF,316,He,321692,321694,9,2508,23,M_5618,Other
5619,booknlp,COREF,316,he,321766,321768,9,2508,23,M_5619,Other
5620,exp,exp_name,tony,Tony,321773,321777,35,2508,23,M_5620,PROPN
5621,booknlp,COREF,316,him,321826,321829,9,2508,23,M_5621,Other
5622,booknlp,COREF,316,his,321896,321899,9,2508,23,M_5622,Other
5623,booknlp,COREF,345,I,322329,322330,22,2509,23,M_5623,Other
5624,pdnc,qID,Q2086-0,Rosa ,322448,322453,22,2510,23,M_5624,PROPN
5625,booknlp,COREF,345,I,322526,322527,22,2511,23,M_5625,Other
5626,pdnc,qID,Q2087-0,her,322538,322541,22,2511,23,M_5626,Other
5627,exp,exp_name,tony,Tony,322651,322655,35,2512,23,M_5627,PROPN
5628,exp,exp_name,dr messinger,Dr Messinger,322660,322672,9,2512,23,M_5628,PROPN
5629,exp,exp_name,rosa,Rosa,322762,322766,22,2512,23,M_5629,PROPN
5630,pdnc,qID,Q2088-0,Rosa,322826,322830,22,2513,23,M_5630,PROPN
5631,pdnc,qID,Q2088-0,you,322856,322859,22,2513,23,M_5631,Other
5632,booknlp,COREF,345,you,322892,322895,22,2513,23,M_5632,Other
5633,exp,exp_name,rosa,Rosa,322938,322942,22,2514,23,M_5633,PROPN
5634,booknlp,COREF,345,her,322957,322960,22,2514,23,M_5634,Other
5635,booknlp,COREF,345,her,323071,323074,22,2514,23,M_5635,Other
5636,booknlp,COREF,345,her,323095,323098,22,2514,23,M_5636,Other
5637,booknlp,COREF,345,she,323267,323270,22,2516,23,M_5637,Other
5638,booknlp,COREF,345,she,323285,323288,22,2516,23,M_5638,Other
5639,booknlp,COREF,345,her,323353,323356,22,2516,23,M_5639,Other
5640,pdnc,qID,Q2090-0,Rosa,323393,323397,22,2517,23,M_5640,PROPN
5641,pdnc,qID,Q2090-0,You,323485,323488,22,2517,23,M_5641,Other
5642,pdnc,qID,Q2090-0,you,323537,323540,22,2517,23,M_5642,Other
5643,exp,exp_name,rosa,Rosa,323657,323661,22,2518,23,M_5643,PROPN
5644,booknlp,COREF,345,I,323717,323718,22,2519,23,M_5644,Other
5645,pdnc,qID,Q2092-0,you,323733,323736,22,2519,23,M_5645,Other
5646,pdnc,qID,Q2092-0,You,323766,323769,22,2519,23,M_5646,Other
5647,pdnc,qID,Q2092-0,you,323815,323818,22,2519,23,M_5647,Other
5648,exp,exp_name,rosa,Rosa,323860,323864,22,2520,23,M_5648,PROPN
5649,booknlp,COREF,345,her,323872,323875,22,2520,23,M_5649,Other
5650,booknlp,COREF,345,she,324020,324023,22,2520,23,M_5650,Other
5651,booknlp,COREF,345,she,324035,324038,22,2520,23,M_5651,Other
5652,booknlp,COREF,345,she,324137,324140,22,2520,23,M_5652,Other
5653,pdnc,qID,Q2094-0,Rosa,324207,324211,22,2521,23,M_5653,PROPN
5654,pdnc,qID,Q2094-0,You,324213,324216,22,2521,23,M_5654,Other
5655,pdnc,qID,Q2094-0,You,324248,324251,22,2521,23,M_5655,Other
5656,pdnc,qID,Q2094-0,You,324301,324304,22,2521,23,M_5656,Other
5657,booknlp,COREF,345,me,324336,324338,22,2522,23,M_5657,Other
5658,pdnc,qID,Q2096-0,You,324354,324357,22,2523,23,M_5658,Other
5659,booknlp,COREF,345,I,324382,324383,22,2523,23,M_5659,Other
5660,pdnc,qID,Q2096-0,you,324389,324392,22,2523,23,M_5660,Other
5661,exp,exp_name,rosa,Rosa,324422,324426,22,2524,23,M_5661,PROPN
5662,booknlp,COREF,345,her,324452,324455,22,2524,23,M_5662,Other
5663,pdnc,qID,Q2097-0,You,324484,324487,22,2525,23,M_5663,Other
5664,booknlp,COREF,345,your,324498,324502,22,2525,23,M_5664,Other
5665,pdnc,qID,Q2097-0,you,324535,324538,22,2525,23,M_5665,Other
5666,pdnc,qID,Q2097-0,you,324573,324576,22,2525,23,M_5666,Other
5667,exp,exp_name,rosa,Rosa,324598,324602,22,2526,23,M_5667,PROPN
5668,pdnc,qID,Q2099-0,you,324660,324663,22,2527,23,M_5668,Other
5669,exp,exp_name,rosa,Rosa,324727,324731,22,2528,23,M_5669,PROPN
5670,exp,exp_name,dr messinger,Dr Messinger,324749,324761,9,2529,23,M_5670,PROPN
5671,pdnc,qID,Q2101-1,we,324783,324785,9,2529,23,M_5671,Other
5672,pdnc,qID,Q2102-0,You,324822,324825,9,2530,23,M_5672,Other
5673,booknlp,COREF,345,me,324831,324833,22,2530,23,M_5673,Other
5674,pdnc,qID,Q2103-0,that woman,324879,324889,22,2531,23,M_5674,Other
5675,exp,exp_name,tony,Tony,324970,324974,35,2532,23,M_5675,PROPN
5676,exp,exp_name,tony,Tony,325188,325192,35,2534,23,M_5676,PROPN
5677,exp,exp_name,dr messinger,Dr Messinger,325197,325209,9,2534,23,M_5677,PROPN
5678,exp,exp_name,dr messinger,Dr Messinger,325295,325307,9,2535,23,M_5678,PROPN
5679,exp,exp_name,dr messinger,Dr Messinger,325813,325825,9,2537,23,M_5679,PROPN
5680,exp,exp_name,rosa,Rosa,325833,325837,22,2537,23,M_5680,PROPN
5681,booknlp,COREF,316,he,325874,325876,9,2537,23,M_5681,Other
5682,booknlp,COREF,316,I,325921,325922,9,2539,23,M_5682,Other
5683,pdnc,qID,Q2108-0,you,325928,325931,22,2539,23,M_5683,Other
5684,pdnc,qID,Q2108-0,You,325990,325993,22,2539,23,M_5684,Other
5685,pdnc,qID,Q2108-0,You,326067,326070,22,2539,23,M_5685,Other
5686,exp,exp_name,rosa,Rosa,326088,326092,22,2540,23,M_5686,PROPN
5687,booknlp,COREF,345,she,326149,326152,22,2542,23,M_5687,Other
5688,booknlp,COREF,345,she,326190,326193,22,2542,23,M_5688,Other
5689,booknlp,COREF,345,her,326203,326206,22,2542,23,M_5689,Other
5690,exp,exp_name,dr messinger,Dr Messinger,326348,326360,9,2543,23,M_5690,PROPN
5691,pdnc,qID,Q2111-0,You,326368,326371,22,2543,23,M_5691,Other
5692,booknlp,COREF,316,he,326433,326435,9,2543,23,M_5692,Other
5693,exp,exp_name,tony,Tony,326448,326452,35,2543,23,M_5693,PROPN
5694,exp,exp_name,rosa,Rosa,326458,326462,22,2543,23,M_5694,PROPN
5695,booknlp,COREF,316,I,326615,326616,9,2543,23,M_5695,Other
5696,exp,exp_name,rosa,Rosa,326666,326670,22,2544,23,M_5696,PROPN
5697,booknlp,COREF,345,her,326752,326755,22,2544,23,M_5697,Other
5698,booknlp,COREF,345,she,326765,326768,22,2544,23,M_5698,Other
5699,booknlp,COREF,345,her,326851,326854,22,2544,23,M_5699,Other
5700,booknlp,COREF,345,She,326862,326865,22,2544,23,M_5700,Other
5701,exp,exp_name,dr messinger,Dr Messinger,326902,326914,9,2544,23,M_5701,PROPN
5702,booknlp,COREF,345,her,326941,326944,22,2544,23,M_5702,Other
5703,exp,exp_name,tony,Tony,327142,327146,35,2546,23,M_5703,PROPN
5704,exp,exp_name,dr messinger,Dr Messinger,327151,327163,9,2546,23,M_5704,PROPN
5705,exp,exp_name,rosa,Rosa,327190,327194,22,2546,23,M_5705,PROPN
5706,booknlp,COREF,345,her,327213,327216,22,2546,23,M_5706,Other
5707,booknlp,COREF,345,her,327239,327242,22,2546,23,M_5707,Other
5708,booknlp,COREF,345,her,327261,327264,22,2546,23,M_5708,Other
5709,booknlp,COREF,345,she,327281,327284,22,2546,23,M_5709,Other
5710,booknlp,COREF,345,her,327319,327322,22,2546,23,M_5710,Other
5711,exp,exp_name,dr messinger,Dr Messinger,327366,327378,9,2547,23,M_5711,PROPN
5712,booknlp,COREF,316,I,327381,327382,9,2547,23,M_5712,Other
5713,pdnc,qID,Q2114-1,you,327388,327391,22,2547,23,M_5713,Other
5714,exp,exp_name,rosa,Rosa,327417,327421,22,2548,23,M_5714,PROPN
5715,exp,exp_name,rosa,Rosa,327538,327542,22,2550,23,M_5715,PROPN
5716,booknlp,COREF,345,I,327618,327619,22,2551,23,M_5716,Other
5717,exp,exp_name,dr messinger,Dr Messinger,327850,327862,9,2553,23,M_5717,PROPN
5718,booknlp,COREF,316,He,327899,327901,9,2554,23,M_5718,Other
5719,exp,exp_name,tony,Tony,327906,327910,35,2554,23,M_5719,PROPN
5720,booknlp,COREF,345,You,328405,328408,22,2555,23,M_5720,Other
5721,booknlp,COREF,345,me,328414,328416,22,2555,23,M_5721,Other
5722,exp,exp_name,rosa,Rosa,328429,328433,22,2555,23,M_5722,PROPN
5723,booknlp,COREF,345,me,328515,328517,22,2555,23,M_5723,Other
5724,booknlp,COREF,345,she,328525,328528,22,2555,23,M_5724,Other
5725,booknlp,COREF,345,her,328584,328587,22,2555,23,M_5725,Other
5726,exp,exp_name,rosa,Rosa,328696,328700,22,2557,23,M_5726,PROPN
5727,exp,exp_name,dr messinger,Dr Messinger,328791,328803,9,2558,23,M_5727,PROPN
5728,booknlp,COREF,345,I,328885,328886,22,2558,23,M_5728,Other
5729,pdnc,qID,Q2123-1,you,328981,328984,35,2558,23,M_5729,Other
5730,booknlp,COREF,345,I,328990,328991,22,2558,23,M_5730,Other
5731,exp,exp_name,tony,Tony,329111,329115,35,2559,23,M_5731,PROPN
5732,booknlp,COREF,219,he,329164,329166,35,2559,23,M_5732,Other
5733,exp,exp_name,dr messinger,Dr Messinger,329515,329527,9,2560,23,M_5733,PROPN
5734,booknlp,COREF,316,he,329642,329644,9,2560,23,M_5734,Other
5735,booknlp,COREF,316,his,329658,329661,9,2560,23,M_5735,Other
5736,booknlp,COREF,316,he,329688,329690,9,2560,23,M_5736,Other
5737,exp,exp_name,dr messinger,Dr Messinger,329828,329840,9,2561,23,M_5737,PROPN
5738,booknlp,COREF,316,his,329861,329864,9,2561,23,M_5738,Other
5739,exp,exp_name,tony,Tony,329956,329960,35,2561,23,M_5739,PROPN
5740,booknlp,COREF,219,he,330140,330142,35,2561,23,M_5740,Other
5741,booknlp,COREF,316,I,330610,330611,9,2562,23,M_5741,Other
5742,exp,exp_name,dr messinger,Dr Messinger,330628,330640,9,2562,23,M_5742,PROPN
5743,booknlp,COREF,316,I,330662,330663,9,2562,23,M_5743,Other
5744,pdnc,qID,Q2124-0,you,330687,330690,9,2563,23,M_5744,Other
5745,booknlp,COREF,316,I,330751,330752,9,2564,23,M_5745,Other
5746,exp,exp_name,tony,Tony,330835,330839,35,2565,23,M_5746,PROPN
5747,exp,exp_name,dr messinger,Dr Messinger,330844,330856,9,2565,23,M_5747,PROPN
5748,exp,exp_name,dr messinger,Dr Messinger,330999,331011,9,2565,23,M_5748,PROPN
5749,exp,exp_name,tony,Tony,331229,331233,35,2567,23,M_5749,PROPN
5750,exp,exp_name,dr messinger,Dr Messinger,331569,331581,9,2569,23,M_5750,PROPN
5751,exp,exp_name,brenda,Brenda,332181,332187,7,2573,23,M_5751,PROPN
5752,exp,exp_name,the waiter,The waiter,332213,332223,31,2574,23,M_5752,PROPN
5753,exp,exp_name,beaver,Beaver,332414,332420,5,2578,23,M_5753,PROPN
5754,pdnc,qID,Q2136-0,you,332466,332469,5,2581,23,M_5754,Other
5755,exp,exp_name,daisy,Daisy,332561,332566,8,2582,23,M_5755,PROPN
5756,exp,exp_name,beaver,Beaver,332579,332585,5,2582,23,M_5756,PROPN
5757,pdnc,qID,Q2137-1,Daisy ,332654,332660,8,2582,23,M_5757,PROPN
5758,pdnc,qID,Q2137-1,she,332703,332706,8,2582,23,M_5758,Other
5759,pdnc,qID,Q2138-0,you,332762,332765,5,2583,23,M_5759,Other
5760,pdnc,qID,Q2139-0,Mother ,332808,332815,75,2584,23,M_5760,Other
5761,pdnc,qID,Q2141-0,Darling,332893,332900,7,2586,23,M_5761,Other
5762,pdnc,qID,Q2141-0,You,332944,332947,7,2586,23,M_5762,Other
5763,pdnc,qID,Q2142-0,You,333020,333023,5,2587,23,M_5763,Other
5764,pdnc,qID,Q2142-0,you,333059,333062,5,2587,23,M_5764,Other
5765,pdnc,qID,Q2144-0,You,333107,333110,5,2589,23,M_5765,Other
5766,pdnc,qID,Q2145-0,you,333150,333153,7,2590,23,M_5766,Other
5767,pdnc,qID,Q2147-0,Brenda,333248,333254,7,2592,23,M_5767,PROPN
5768,pdnc,qID,Q2147-0,darling,333256,333263,7,2592,23,M_5768,Other
5769,pdnc,qID,Q2147-0,you,333300,333303,7,2592,23,M_5769,Other
5770,exp,exp_name,tony,Tony,333475,333479,35,2595,23,M_5770,PROPN
5771,exp,exp_name,dr messinger,Dr Messinger,333484,333496,9,2595,23,M_5771,PROPN
5772,exp,exp_name,tony,Tony,334154,334158,35,2596,23,M_5772,PROPN
5773,exp,exp_name,dr messinger,Dr Messinger,334163,334175,9,2596,23,M_5773,PROPN
5774,exp,exp_name,dr messinger,Dr Messinger,334254,334266,9,2597,23,M_5774,PROPN
5775,exp,exp_name,tony,Tony,334311,334315,35,2599,24,M_5775,PROPN
5776,exp,exp_name,dr messinger,Dr Messinger,334320,334332,9,2599,24,M_5776,PROPN
5777,exp,exp_name,dr messinger,Dr Messinger,334645,334657,9,2599,24,M_5777,PROPN
5778,exp,exp_name,tony,Tony,335948,335952,35,2602,24,M_5778,PROPN
5779,booknlp,COREF,219,him,335981,335984,35,2602,24,M_5779,Other
5780,booknlp,COREF,219,he,336052,336054,35,2602,24,M_5780,Other
5781,booknlp,COREF,219,he,336160,336162,35,2602,24,M_5781,Other
5782,booknlp,COREF,219,he,336195,336197,35,2602,24,M_5782,Other
5783,booknlp,COREF,219,his,336214,336217,35,2602,24,M_5783,Other
5784,booknlp,COREF,219,his,336226,336229,35,2602,24,M_5784,Other
5785,booknlp,COREF,219,his,336258,336261,35,2602,24,M_5785,Other
5786,booknlp,COREF,219,he,336300,336302,35,2602,24,M_5786,Other
5787,exp,exp_name,dr messinger,Dr Messinger,336328,336340,9,2603,24,M_5787,PROPN
5788,booknlp,COREF,219,his,336346,336349,35,2603,24,M_5788,Other
5789,booknlp,COREF,316,He,336424,336426,9,2603,24,M_5789,Other
5790,booknlp,COREF,219,him,336432,336435,35,2603,24,M_5790,Other
5791,booknlp,COREF,219,his,336493,336496,35,2603,24,M_5791,Other
5792,booknlp,COREF,316,He,336559,336561,9,2603,24,M_5792,Other
5793,exp,exp_name,tony,Tony,336567,336571,35,2603,24,M_5793,PROPN
5794,booknlp,COREF,219,his,336594,336597,35,2603,24,M_5794,Other
5795,booknlp,COREF,219,he,336646,336648,35,2603,24,M_5795,Other
5796,booknlp,COREF,219,himself,336673,336680,35,2603,24,M_5796,Other
5797,booknlp,COREF,219,he,336701,336703,35,2603,24,M_5797,Other
5798,booknlp,COREF,219,he,336811,336813,35,2603,24,M_5798,Other
5799,booknlp,COREF,219,his,336854,336857,35,2604,24,M_5799,Other
5800,booknlp,COREF,219,He,336886,336888,35,2604,24,M_5800,Other
5801,booknlp,COREF,219,he,336917,336919,35,2604,24,M_5801,Other
5802,booknlp,COREF,219,his,336947,336950,35,2604,24,M_5802,Other
5803,booknlp,COREF,219,he,337022,337024,35,2605,24,M_5803,Other
5804,booknlp,COREF,219,I,337032,337033,35,2605,24,M_5804,Other
5805,booknlp,COREF,219,I,337075,337076,35,2605,24,M_5805,Other
5806,booknlp,COREF,316,I,337081,337082,9,2606,24,M_5806,Other
5807,exp,exp_name,dr messinger,Dr Messinger,337098,337110,9,2606,24,M_5807,PROPN
5808,exp,exp_name,tony,Tony,337124,337128,35,2607,24,M_5808,PROPN
5809,booknlp,COREF,219,I,337173,337174,35,2607,24,M_5809,Other
5810,booknlp,COREF,219,he,337188,337190,35,2607,24,M_5810,Other
5811,exp,exp_name,dr messinger,Dr Messinger,337277,337289,9,2609,24,M_5811,PROPN
5812,exp,exp_name,tony,Tony,337323,337327,35,2609,24,M_5812,PROPN
5813,booknlp,COREF,219,his,337355,337358,35,2609,24,M_5813,Other
5814,booknlp,COREF,316,He,337365,337367,9,2609,24,M_5814,Other
5815,exp,exp_name,tony,Tony,337428,337432,35,2609,24,M_5815,PROPN
5816,exp,exp_name,tony,Tony,337459,337463,35,2609,24,M_5816,PROPN
5817,booknlp,COREF,219,he,337516,337518,35,2609,24,M_5817,Other
5818,booknlp,COREF,219,his,337560,337563,35,2609,24,M_5818,Other
5819,booknlp,COREF,219,he,337612,337614,35,2609,24,M_5819,Other
5820,booknlp,COREF,219,he,337659,337661,35,2609,24,M_5820,Other
5821,exp,exp_name,dr messinger,Dr Messinger,337754,337766,9,2610,24,M_5821,PROPN
5822,booknlp,COREF,219,I,337808,337809,35,2611,24,M_5822,Other
5823,booknlp,COREF,219,I,337863,337864,35,2611,24,M_5823,Other
5824,pdnc,qID,Q2156-0,you,337937,337940,35,2612,24,M_5824,Other
5825,pdnc,qID,Q2156-0,you,337947,337950,35,2612,24,M_5825,Other
5826,exp,exp_name,dr messinger,Dr Messinger,337987,337999,9,2613,24,M_5826,PROPN
5827,exp,exp_name,tony,Tony,338010,338014,35,2613,24,M_5827,PROPN
5828,exp,exp_name,tony,Tony,338076,338080,35,2614,24,M_5828,PROPN
5829,booknlp,COREF,219,he,338139,338141,35,2614,24,M_5829,Other
5830,booknlp,COREF,219,his,338198,338201,35,2614,24,M_5830,Other
5831,booknlp,COREF,219,He,338219,338221,35,2614,24,M_5831,Other
5832,booknlp,COREF,219,his,338247,338250,35,2614,24,M_5832,Other
5833,booknlp,COREF,219,his,338259,338262,35,2614,24,M_5833,Other
5834,booknlp,COREF,219,his,338293,338296,35,2614,24,M_5834,Other
5835,booknlp,COREF,219,he,338483,338485,35,2616,24,M_5835,Other
5836,exp,exp_name,brenda,Brenda,338496,338502,7,2616,24,M_5836,PROPN
5837,booknlp,COREF,219,he,338518,338520,35,2616,24,M_5837,Other
5838,booknlp,COREF,219,he,338612,338614,35,2616,24,M_5838,Other
5839,booknlp,COREF,219,he,338680,338682,35,2617,24,M_5839,Other
5840,exp,exp_name,tony,Tony,338881,338885,35,2621,24,M_5840,PROPN
5841,booknlp,COREF,219,he,338931,338933,35,2621,24,M_5841,Other
5842,exp,exp_name,brenda,Brenda,338950,338956,7,2621,24,M_5842,PROPN
5843,booknlp,COREF,219,I,338959,338960,35,2621,24,M_5843,Other
5844,booknlp,COREF,219,he,338971,338973,35,2621,24,M_5844,Other
5845,booknlp,COREF,219,I,338981,338982,35,2621,24,M_5845,Other
5846,pdnc,qID,Q2162-1,you,339001,339004,7,2621,24,M_5846,Other
5847,pdnc,qID,Q2162-1,You,339006,339009,7,2621,24,M_5847,Other
5848,booknlp,COREF,219,him,339074,339077,35,2622,24,M_5848,Other
5849,exp,exp_name,dr messinger,Dr Messinger,339186,339198,9,2623,24,M_5849,PROPN
5850,booknlp,COREF,316,he,339256,339258,9,2623,24,M_5850,Other
5851,exp,exp_name,tony,Tony,339266,339270,35,2623,24,M_5851,PROPN
5852,exp,exp_name,brenda,Brenda,339276,339282,7,2623,24,M_5852,PROPN
5853,exp,exp_name,tony,Tony,339428,339432,35,2624,24,M_5853,PROPN
5854,pdnc,qID,Q2163-1,you,339437,339440,9,2624,24,M_5854,Other
5855,exp,exp_name,brenda,Brenda,339615,339621,7,2625,24,M_5855,PROPN
5856,booknlp,COREF,219,him,339661,339664,35,2625,24,M_5856,Other
5857,booknlp,COREF,316,he,339758,339760,9,2625,24,M_5857,Other
5858,booknlp,COREF,316,I,339785,339786,9,2625,24,M_5858,Other
5859,pdnc,qID,Q2165-0,your,339874,339878,35,2626,24,M_5859,Other
5860,booknlp,COREF,316,I,339896,339897,9,2627,24,M_5860,Other
5861,pdnc,qID,Q2166-0,Brenda,339915,339921,7,2627,24,M_5861,PROPN
5862,booknlp,COREF,316,I,339923,339924,9,2627,24,M_5862,Other
5863,pdnc,qID,Q2166-0,she,339936,339939,7,2627,24,M_5863,Other
5864,pdnc,qID,Q2166-0,She,339952,339955,7,2627,24,M_5864,Other
5865,booknlp,COREF,219,him,340008,340011,35,2628,24,M_5865,Other
5866,booknlp,COREF,219,He,340049,340051,35,2628,24,M_5866,Other
5867,booknlp,COREF,219,he,340145,340147,35,2628,24,M_5867,Other
5868,exp,exp_name,dr messinger,Dr Messinger,340177,340189,9,2628,24,M_5868,PROPN
5869,exp,exp_name,tony,Tony,340243,340247,35,2628,24,M_5869,PROPN
5870,booknlp,COREF,219,his,340251,340254,35,2628,24,M_5870,Other
5871,exp,exp_name,tony,Tony,340288,340292,35,2628,24,M_5871,PROPN
5872,booknlp,COREF,219,he,340314,340316,35,2628,24,M_5872,Other
5873,exp,exp_name,brenda,Brenda,340323,340329,7,2628,24,M_5873,PROPN
5874,pdnc,qID,Q2167-0,You,340342,340345,35,2629,24,M_5874,Other
5875,exp,exp_name,dr messinger,Dr Messinger,340443,340455,9,2631,24,M_5875,PROPN
5876,booknlp,COREF,316,He,340486,340488,9,2631,24,M_5876,Other
5877,pdnc,qID,Q2169-0,you,340689,340692,35,2632,24,M_5877,Other
5878,exp,exp_name,tony,Tony,340715,340719,35,2633,24,M_5878,PROPN
5879,booknlp,COREF,219,he,340730,340732,35,2633,24,M_5879,Other
5880,booknlp,COREF,219,his,340744,340747,35,2633,24,M_5880,Other
5881,booknlp,COREF,219,he,340756,340758,35,2633,24,M_5881,Other
5882,booknlp,COREF,219,he,340765,340767,35,2633,24,M_5882,Other
5883,booknlp,COREF,219,I,340810,340811,35,2633,24,M_5883,Other
5884,booknlp,COREF,219,I,340836,340837,35,2633,24,M_5884,Other
5885,booknlp,COREF,219,I,340876,340877,35,2633,24,M_5885,Other
5886,exp,exp_name,dr messinger,Dr Messinger,340895,340907,9,2634,24,M_5886,PROPN
5887,booknlp,COREF,316,he,341007,341009,9,2634,24,M_5887,Other
5888,pdnc,qID,Q2171-0,you,341071,341074,35,2635,24,M_5888,Other
5889,exp,exp_name,tony,Tony,341093,341097,35,2636,24,M_5889,PROPN
5890,booknlp,COREF,219,he,341171,341173,35,2637,24,M_5890,Other
5891,booknlp,COREF,316,He,341206,341208,9,2638,24,M_5891,Other
5892,booknlp,COREF,316,he,341275,341277,9,2638,24,M_5892,Other
5893,booknlp,COREF,316,he,341288,341290,9,2638,24,M_5893,Other
5894,booknlp,COREF,316,I,341298,341299,9,2638,24,M_5894,Other
5895,booknlp,COREF,316,I,341306,341307,9,2638,24,M_5895,Other
5896,booknlp,COREF,219,your,341345,341349,35,2638,24,M_5896,Other
5897,pdnc,qID,Q2174-0,you,341359,341362,35,2638,24,M_5897,Other
5898,pdnc,qID,Q2174-0,you,341381,341384,35,2638,24,M_5898,Other
5899,booknlp,COREF,316,I,341554,341555,9,2638,24,M_5899,Other
5900,pdnc,qID,Q2174-0,you,341574,341577,35,2638,24,M_5900,Other
5901,pdnc,qID,Q2174-0,You,341592,341595,35,2638,24,M_5901,Other
5902,booknlp,COREF,316,I,341655,341656,9,2639,24,M_5902,Other
5903,booknlp,COREF,316,I,341689,341690,9,2639,24,M_5903,Other
5904,pdnc,qID,Q2176-0,You,341700,341703,35,2640,24,M_5904,Other
5905,pdnc,qID,Q2176-0,you,341878,341881,35,2640,24,M_5905,Other
5906,pdnc,qID,Q2176-0,your,341902,341906,35,2640,24,M_5906,Other
5907,booknlp,COREF,316,I,341970,341971,9,2641,24,M_5907,Other
5908,booknlp,COREF,316,I,341981,341982,9,2641,24,M_5908,Other
5909,exp,exp_name,tony,Tony,342088,342092,35,2643,24,M_5909,PROPN
5910,booknlp,COREF,219,he,342118,342120,35,2643,24,M_5910,Other
5911,booknlp,COREF,219,he,342151,342153,35,2643,24,M_5911,Other
5912,exp,exp_name,dr messinger,Dr Messinger,342161,342173,9,2643,24,M_5912,PROPN
5913,booknlp,COREF,316,I,342210,342211,9,2643,24,M_5913,Other
5914,booknlp,COREF,316,He,342258,342260,9,2644,24,M_5914,Other
5915,booknlp,COREF,316,his,342286,342289,9,2644,24,M_5915,Other
5916,exp,exp_name,tony,Tony,342329,342333,35,2645,24,M_5916,PROPN
5917,booknlp,COREF,316,him,342342,342345,9,2645,24,M_5917,Other
5918,booknlp,COREF,219,he,342368,342370,35,2645,24,M_5918,Other
5919,pdnc,qID,Q2180-0,you,342399,342402,9,2645,24,M_5919,Other
5920,booknlp,COREF,219,me,342409,342411,35,2645,24,M_5920,Other
5921,booknlp,COREF,219,I,342452,342453,35,2646,24,M_5921,Other
5922,exp,exp_name,brenda,Brenda,342509,342515,7,2647,24,M_5922,PROPN
5923,exp,exp_name,tony,Tony,342528,342532,35,2647,24,M_5923,PROPN
5924,booknlp,COREF,219,he,342544,342546,35,2647,24,M_5924,Other
5925,booknlp,COREF,219,his,342576,342579,35,2647,24,M_5925,Other
5926,booknlp,COREF,219,he,342651,342653,35,2649,24,M_5926,Other
5927,exp,exp_name,tony,Tony,342687,342691,35,2649,24,M_5927,PROPN
5928,booknlp,COREF,219,his,342730,342733,35,2649,24,M_5928,Other
5929,booknlp,COREF,219,He,342766,342768,35,2649,24,M_5929,Other
5930,booknlp,COREF,219,I,342890,342891,35,2653,24,M_5930,Other
5931,exp,exp_name,dr messinger,Dr Messinger,342906,342918,9,2654,24,M_5931,PROPN
5932,booknlp,COREF,219,him,342924,342927,35,2654,24,M_5932,Other
5933,booknlp,COREF,316,I,342940,342941,9,2654,24,M_5933,Other
5934,booknlp,COREF,316,he,342976,342978,9,2654,24,M_5934,Other
5935,booknlp,COREF,316,I,343027,343028,9,2654,24,M_5935,Other
5936,pdnc,qID,Q2187-1,you,343042,343045,35,2654,24,M_5936,Other
5937,booknlp,COREF,316,I,343078,343079,9,2654,24,M_5937,Other
5938,booknlp,COREF,316,I,343181,343182,9,2654,24,M_5938,Other
5939,booknlp,COREF,316,I,343211,343212,9,2654,24,M_5939,Other
5940,exp,exp_name,tony,Tony,343265,343269,35,2655,24,M_5940,PROPN
5941,exp,exp_name,dr messinger,Dr Messinger,343288,343300,9,2656,24,M_5941,PROPN
5942,booknlp,COREF,316,he,343353,343355,9,2656,24,M_5942,Other
5943,booknlp,COREF,316,him,343369,343372,9,2656,24,M_5943,Other
5944,booknlp,COREF,316,He,343421,343423,9,2656,24,M_5944,Other
5945,booknlp,COREF,316,he,343540,343542,9,2656,24,M_5945,Other
5946,booknlp,COREF,316,him,343632,343635,9,2657,24,M_5946,Other
5947,booknlp,COREF,316,he,343637,343639,9,2657,24,M_5947,Other
5948,booknlp,COREF,316,he,343684,343686,9,2657,24,M_5948,Other
5949,booknlp,COREF,316,he,343780,343782,9,2657,24,M_5949,Other
5950,booknlp,COREF,316,him,343886,343889,9,2657,24,M_5950,Other
5951,booknlp,COREF,316,he,343904,343906,9,2657,24,M_5951,Other
5952,booknlp,COREF,316,he,343945,343947,9,2657,24,M_5952,Other
5953,booknlp,COREF,316,he,344000,344002,9,2657,24,M_5953,Other
5954,booknlp,COREF,316,he,344174,344176,9,2657,24,M_5954,Other
5955,booknlp,COREF,316,he,344226,344228,9,2657,24,M_5955,Other
5956,booknlp,COREF,316,his,344237,344240,9,2657,24,M_5956,Other
5957,booknlp,COREF,316,him,344409,344412,9,2658,24,M_5957,Other
5958,booknlp,COREF,316,him,344506,344509,9,2658,24,M_5958,Other
5959,exp,exp_name,dr messinger,Dr Messinger,344545,344557,9,2658,24,M_5959,PROPN
5960,booknlp,COREF,316,he,344624,344626,9,2658,24,M_5960,Other
5961,booknlp,COREF,316,his,344635,344638,9,2658,24,M_5961,Other
5962,booknlp,COREF,316,his,344697,344700,9,2658,24,M_5962,Other
5963,exp,exp_name,dr messinger,Dr Messinger,344858,344870,9,2658,24,M_5963,PROPN
5964,booknlp,COREF,316,his,344888,344891,9,2658,24,M_5964,Other
5965,booknlp,COREF,316,his,344931,344934,9,2658,24,M_5965,Other
5966,booknlp,COREF,316,he,344963,344965,9,2658,24,M_5966,Other
5967,booknlp,COREF,316,he,345019,345021,9,2658,24,M_5967,Other
5968,exp,exp_name,dr messinger,Dr Messinger,345175,345187,9,2658,24,M_5968,PROPN
5969,booknlp,COREF,316,he,345250,345252,9,2658,24,M_5969,Other
5970,booknlp,COREF,316,his,345333,345336,9,2658,24,M_5970,Other
5971,booknlp,COREF,316,he,345344,345346,9,2658,24,M_5971,Other
5972,booknlp,COREF,316,himself,345372,345379,9,2658,24,M_5972,Other
5973,booknlp,COREF,316,himself,345423,345430,9,2658,24,M_5973,Other
5974,booknlp,COREF,316,he,345493,345495,9,2658,24,M_5974,Other
5975,exp,exp_name,dr messinger,Dr Messinger,345622,345634,9,2659,24,M_5975,PROPN
5976,exp,exp_name,dr messinger,Dr Messinger,345766,345778,9,2659,24,M_5976,PROPN
5977,booknlp,COREF,316,his,345850,345853,9,2659,24,M_5977,Other
5978,exp,exp_name,brenda,Brenda,345922,345928,7,2661,24,M_5978,PROPN
5979,pdnc,qID,Q2189-0,Mr Graceful,345966,345977,18,2662,24,M_5979,PROPN
5980,exp,exp_name,mr graceful,Mr Graceful,346027,346038,18,2663,24,M_5980,PROPN
5981,booknlp,COREF,356,I,346061,346062,18,2663,24,M_5981,Other
5982,pdnc,qID,Q2190-0,your,346114,346118,7,2663,24,M_5982,Other
5983,booknlp,COREF,356,I,346133,346134,18,2663,24,M_5983,Other
5984,pdnc,qID,Q2190-0,your,346151,346155,7,2663,24,M_5984,Other
5985,pdnc,qID,Q2190-0,your,346174,346178,7,2663,24,M_5985,Other
5986,pdnc,qID,Q2190-0,your,346225,346229,7,2663,24,M_5986,Other
5987,pdnc,qID,Q2193-0,Mr Last,346369,346376,35,2666,24,M_5987,PROPN
5988,pdnc,qID,Q2193-0,you,346382,346385,18,2666,24,M_5988,Other
5989,pdnc,qID,Q2193-0,he,346417,346419,35,2666,24,M_5989,Other
5990,pdnc,qID,Q2194-0,Lady Brenda,346454,346465,7,2667,24,M_5990,PROPN
5991,booknlp,COREF,356,I,346467,346468,18,2667,24,M_5991,Other
5992,pdnc,qID,Q2194-0,he,346572,346574,35,2667,24,M_5992,Other
5993,booknlp,COREF,356,I,346685,346686,18,2667,24,M_5993,Other
5994,booknlp,COREF,356,I,346702,346703,18,2667,24,M_5994,Other
5995,pdnc,qID,Q2194-0,Mr Last,346733,346740,35,2667,24,M_5995,PROPN
5996,pdnc,qID,Q2195-0,Mr Graceful,346778,346789,18,2668,24,M_5996,PROPN
5997,pdnc,qID,Q2195-0,he,346801,346803,35,2668,24,M_5997,Other
5998,pdnc,qID,Q2195-0,He,346842,346844,35,2668,24,M_5998,Other
5999,pdnc,qID,Q2195-0,he,346907,346909,35,2668,24,M_5999,Other
6000,pdnc,qID,Q2195-0,he,346918,346920,35,2668,24,M_6000,Other
6001,exp,exp_name,mr graceful,Mr Graceful,346924,346935,18,2669,24,M_6001,PROPN
6002,pdnc,qID,Q2196-0,Lady Brenda,346986,346997,7,2669,24,M_6002,PROPN
6003,booknlp,COREF,356,I,346999,347000,18,2669,24,M_6003,Other
6004,pdnc,qID,Q2196-0,his,347017,347020,35,2669,24,M_6004,Other
6005,booknlp,COREF,356,I,347032,347033,18,2669,24,M_6005,Other
6006,pdnc,qID,Q2196-0,his,347078,347081,35,2669,24,M_6006,Other
6007,pdnc,qID,Q2196-0,He,347093,347095,35,2669,24,M_6007,Other
6008,pdnc,qID,Q2197-0,he,347141,347143,35,2670,24,M_6008,Other
6009,pdnc,qID,Q2198-0,you,347259,347262,7,2671,24,M_6009,Other
6010,pdnc,qID,Q2198-0,You,347308,347311,7,2671,24,M_6010,Other
6011,pdnc,qID,Q2198-0,you,347353,347356,7,2671,24,M_6011,Other
6012,booknlp,COREF,356,I,347373,347374,18,2671,24,M_6012,Other
6013,booknlp,COREF,356,I,347391,347392,18,2671,24,M_6013,Other
6014,pdnc,qID,Q2198-0,Mr Last,347416,347423,35,2671,24,M_6014,PROPN
6015,booknlp,COREF,356,I,347470,347471,18,2671,24,M_6015,Other
6016,pdnc,qID,Q2198-0,him,347552,347555,35,2671,24,M_6016,Other
6017,exp,exp_name,brenda,Brenda,347726,347732,7,2674,24,M_6017,PROPN
6018,pdnc,qID,Q2201-0,you,347872,347875,18,2675,24,M_6018,Other
6019,booknlp,COREF,356,I,347882,347883,18,2675,24,M_6019,Other
6020,pdnc,qID,Q2201-0,you,347894,347897,18,2675,24,M_6020,Other
6021,booknlp,COREF,356,me,347903,347905,18,2675,24,M_6021,Other
6022,pdnc,qID,Q2201-0,Mr Last,347914,347921,35,2675,24,M_6022,PROPN
6023,booknlp,COREF,356,I,347944,347945,18,2676,24,M_6023,Other
6024,booknlp,COREF,356,I,347971,347972,18,2676,24,M_6024,Other
6025,booknlp,COREF,356,I,347996,347997,18,2677,24,M_6025,Other
6026,booknlp,COREF,356,I,348011,348012,18,2677,24,M_6026,Other
6027,booknlp,COREF,356,I,348045,348046,18,2677,24,M_6027,Other
6028,booknlp,COREF,356,I,348071,348072,18,2677,24,M_6028,Other
6029,pdnc,qID,Q2203-0,him,348081,348084,35,2677,24,M_6029,Other
6030,pdnc,qID,Q2204-0,you,348224,348227,7,2678,24,M_6030,Other
6031,booknlp,COREF,254,his,348269,348272,25,2678,24,M_6031,Other
6032,pdnc,qID,Q2204-0,your,348336,348340,7,2678,24,M_6032,Other
6033,pdnc,qID,Q2204-0,Mr Last,348354,348361,35,2678,24,M_6033,PROPN
6034,pdnc,qID,Q2204-0,you,348397,348400,7,2678,24,M_6034,Other
6035,pdnc,qID,Q2204-0,he,348406,348408,35,2678,24,M_6035,Other
6036,pdnc,qID,Q2204-0,his,348427,348430,35,2678,24,M_6036,Other
6037,pdnc,qID,Q2204-0,he,348504,348506,35,2678,24,M_6037,Other
6038,exp,exp_name,brenda,Brenda,348554,348560,7,2679,24,M_6038,PROPN
6039,exp,exp_name,tony,Tony,348726,348730,35,2682,24,M_6039,PROPN
6040,booknlp,COREF,219,He,348785,348787,35,2682,24,M_6040,Other
6041,booknlp,COREF,219,he,348818,348820,35,2682,24,M_6041,Other
6042,booknlp,COREF,219,his,348826,348829,35,2682,24,M_6042,Other
6043,booknlp,COREF,219,himself,348848,348855,35,2682,24,M_6043,Other
6044,booknlp,COREF,219,He,348872,348874,35,2682,24,M_6044,Other
6045,exp,exp_name,dr messinger,Dr Messinger,348911,348923,9,2682,24,M_6045,PROPN
6046,booknlp,COREF,219,him,348941,348944,35,2682,24,M_6046,Other
6047,booknlp,COREF,219,he,349002,349004,35,2682,24,M_6047,Other
6048,booknlp,COREF,219,He,349032,349034,35,2682,24,M_6048,Other
6049,booknlp,COREF,219,his,349125,349128,35,2682,24,M_6049,Other
6050,booknlp,COREF,219,he,349156,349158,35,2682,24,M_6050,Other
6051,booknlp,COREF,219,he,349167,349169,35,2682,24,M_6051,Other
6052,booknlp,COREF,219,he,349218,349220,35,2682,24,M_6052,Other
6053,booknlp,COREF,219,his,349269,349272,35,2682,24,M_6053,Other
6054,booknlp,COREF,219,his,349310,349313,35,2682,24,M_6054,Other
6055,booknlp,COREF,219,he,349323,349325,35,2682,24,M_6055,Other
6056,booknlp,COREF,219,he,349398,349400,35,2683,24,M_6056,Other
6057,booknlp,COREF,219,He,349458,349460,35,2683,24,M_6057,Other
6058,booknlp,COREF,219,himself,349514,349521,35,2683,24,M_6058,Other
6059,booknlp,COREF,219,He,349577,349579,35,2683,24,M_6059,Other
6060,booknlp,COREF,219,his,349649,349652,35,2683,24,M_6060,Other
6061,booknlp,COREF,219,his,349709,349712,35,2683,24,M_6061,Other
6062,booknlp,COREF,219,he,349746,349748,35,2683,24,M_6062,Other
6063,booknlp,COREF,219,his,349754,349757,35,2683,24,M_6063,Other
6064,booknlp,COREF,219,he,349841,349843,35,2683,24,M_6064,Other
6065,booknlp,COREF,219,he,349872,349874,35,2683,24,M_6065,Other
6066,booknlp,COREF,219,He,349895,349897,35,2683,24,M_6066,Other
6067,booknlp,COREF,219,his,349910,349913,35,2683,24,M_6067,Other
6068,booknlp,COREF,219,his,350015,350018,35,2683,24,M_6068,Other
6069,booknlp,COREF,219,He,350050,350052,35,2683,24,M_6069,Other
6070,booknlp,COREF,219,his,350169,350172,35,2684,24,M_6070,Other
6071,exp,exp_name,brenda,Brenda,350238,350244,7,2686,24,M_6071,PROPN
6072,exp,exp_name,beaver,Beaver,350731,350737,5,2687,24,M_6072,PROPN
6073,booknlp,COREF,219,He,350773,350775,35,2687,24,M_6073,Other
6074,exp,exp_name,beaver,Beaver,350867,350873,5,2687,24,M_6074,PROPN
6075,exp,exp_name,jock grant-menzies,Jock Grant-Menzies,350899,350917,11,2687,24,M_6075,PROPN
6076,booknlp,COREF,187,his,350929,350932,11,2687,24,M_6076,Other
6077,booknlp,COREF,187,his,350949,350952,11,2687,24,M_6077,Other
6078,exp,exp_name,marjorie,Marjorie,350980,350988,15,2687,24,M_6078,PROPN
6079,exp,exp_name,allan,Allan,350993,350998,3,2687,24,M_6079,PROPN
6080,exp,exp_name,polly,Polly,351255,351260,23,2687,24,M_6080,PROPN
6081,exp,exp_name,jenny abdul akbar,Jenny Abdul Akbar,351282,351299,10,2687,24,M_6081,PROPN
6082,exp,exp_name,brenda,Brenda,351329,351335,7,2688,24,M_6082,PROPN
6083,exp,exp_name,brenda,Brenda,351734,351740,7,2688,24,M_6083,PROPN
6084,exp,exp_name,tony,Tony,351825,351829,35,2689,24,M_6084,PROPN
6085,booknlp,COREF,219,his,351834,351837,35,2689,24,M_6085,Other
6086,exp,exp_name,rosa,Rosa,352092,352096,22,2691,24,M_6086,PROPN
6087,exp,exp_name,tony,Tony,352123,352127,35,2691,24,M_6087,PROPN
6088,booknlp,COREF,219,he,352161,352163,35,2691,24,M_6088,Other
6089,pdnc,qID,Q2206-0,you ,352180,352184,7,2691,24,M_6089,Other
6090,exp,exp_name,polly,Polly,352239,352244,23,2692,24,M_6090,PROPN
6091,exp,exp_name,polly,Polly,352277,352282,23,2694,24,M_6091,PROPN
6092,booknlp,COREF,3864,You,352304,352307,23,2694,24,M_6092,Other
6093,booknlp,COREF,219,I,352452,352453,35,2697,24,M_6093,Other
6094,booknlp,COREF,219,I,352486,352487,35,2697,24,M_6094,Other
6095,pdnc,qID,Q2209-0,Messinger,352514,352523,9,2697,24,M_6095,PROPN
6096,booknlp,COREF,219,I,352536,352537,35,2697,24,M_6096,Other
6097,pdnc,qID,Q2209-0,He ,352545,352548,9,2697,24,M_6097,Other
6098,booknlp,COREF,219,me,352553,352555,35,2697,24,M_6098,Other
6099,pdnc,qID,Q2209-0,He,352569,352571,9,2697,24,M_6099,Other
6100,exp,exp_name,reggie st cloud,Reggie St Cloud,352722,352737,24,2699,24,M_6100,PROPN
6101,exp,exp_name,milly,Milly,352783,352788,16,2699,24,M_6101,PROPN
6102,booknlp,COREF,259,She,352813,352816,16,2699,24,M_6102,Other
6103,exp,exp_name,tony,Tony,352845,352849,35,2700,24,M_6103,PROPN
6104,pdnc,qID,Q2210-0,She ,352862,352866,16,2700,24,M_6104,Other
6105,pdnc,qID,Q2210-0,a daughter,352870,352880,38,2700,24,M_6105,Other
6106,pdnc,qID,Q2210-0,She ,352882,352886,16,2700,24,M_6106,Other
6107,pdnc,qID,Q2210-0,Lady Cockpurse,352912,352926,23,2700,24,M_6107,PROPN
6108,exp,exp_name,the mayor,the Mayor,352944,352953,92,2701,24,M_6108,PROPN
6109,booknlp,COREF,2413,I,352956,352957,92,2701,24,M_6109,Other
6110,booknlp,COREF,2413,I,353255,353256,92,2703,24,M_6110,Other
6111,exp,exp_name,reggie st cloud,Reggie St Cloud,353411,353426,24,2704,24,M_6111,PROPN
6112,exp,exp_name,polly cockpurse,Polly Cockpurse,353500,353515,23,2705,24,M_6112,PROPN
6113,booknlp,COREF,222,I,353518,353519,23,2705,24,M_6113,Other
6114,exp,exp_name,mr last,Mr Last,353530,353537,25,2705,24,M_6114,PROPN
6115,exp,exp_name,tony,Tony,353605,353609,35,2707,24,M_6115,PROPN
6116,booknlp,COREF,219,I,353612,353613,35,2707,24,M_6116,Other
6117,booknlp,COREF,219,I,353641,353642,35,2707,24,M_6117,Other
6118,pdnc,qID,Q2211-1,Dr Messinger,353686,353698,9,2707,24,M_6118,PROPN
6119,exp,exp_name,winnie,Winnie,353739,353745,38,2708,24,M_6119,PROPN
6120,booknlp,COREF,219,you,353869,353872,35,2710,24,M_6120,Other
6121,exp,exp_name,the mayor,the Mayor,353909,353918,92,2711,24,M_6121,PROPN
6122,exp,exp_name,st cloud,St Cloud,353926,353934,13,2711,24,M_6122,PROPN
6123,booknlp,COREF,2413,I,353936,353937,92,2711,24,M_6123,Other
6124,exp,exp_name,mrs beaver,Mrs Beaver,354085,354095,75,2712,24,M_6124,PROPN
6125,booknlp,COREF,2413,I,354161,354162,92,2712,24,M_6125,Other
6126,exp,exp_name,winnie,Winnie,354292,354298,38,2713,24,M_6126,PROPN
6127,exp,exp_name,reggie,Reggie,354505,354511,77,2715,24,M_6127,PROPN
6128,exp,exp_name,brenda,Brenda,354581,354587,7,2716,24,M_6128,PROPN
6129,booknlp,COREF,2413,I,354636,354637,92,2718,24,M_6129,Other
6130,exp,exp_name,mrs beaver,Mrs Beaver,354688,354698,75,2719,24,M_6130,PROPN
6131,exp,exp_name,brenda,Brenda,354718,354724,7,2719,24,M_6131,PROPN
6132,exp,exp_name,john beaver,John Beaver,354752,354763,5,2719,24,M_6132,PROPN
6133,exp,exp_name,john beaver,John Beaver,354782,354793,5,2719,24,M_6133,PROPN
6134,exp,exp_name,john beaver,John Beaver,354812,354823,5,2719,24,M_6134,PROPN
6135,exp,exp_name,john beaver,John Beaver,354895,354906,5,2721,24,M_6135,PROPN
6136,exp,exp_name,winnie,Winnie,354958,354964,38,2723,24,M_6136,PROPN
6137,booknlp,COREF,175,He,354967,354969,5,2723,24,M_6137,Other
6138,exp,exp_name,tony,Tony,355074,355078,35,2725,24,M_6138,PROPN
6139,booknlp,COREF,2413,I,355265,355266,92,2729,24,M_6139,Other
6140,booknlp,COREF,175,him,355345,355348,5,2729,24,M_6140,Other
6141,booknlp,COREF,175,he,355365,355367,5,2729,24,M_6141,Other
6142,exp,exp_name,beaver,Beaver,355488,355494,5,2729,24,M_6142,PROPN
6143,booknlp,COREF,175,He,355496,355498,5,2729,24,M_6143,Other
6144,booknlp,COREF,263,I,355560,355561,4,2730,24,M_6144,Other
6145,exp,exp_name,john beaver,John Beaver,355577,355588,5,2730,24,M_6145,PROPN
6146,exp,exp_name,ambrose,Ambrose,355596,355603,4,2730,24,M_6146,PROPN
6147,booknlp,COREF,2413,I,355612,355613,92,2731,24,M_6147,Other
6148,pdnc,qID,Q2213-0,you ,355626,355630,4,2731,24,M_6148,Other
6149,booknlp,COREF,263,I,355644,355645,4,2732,24,M_6149,Other
6150,booknlp,COREF,263,you,355661,355664,4,2732,24,M_6150,Other
6151,booknlp,COREF,263,you,355670,355673,4,2732,24,M_6151,Other
6152,booknlp,COREF,263,You,355689,355692,4,2732,24,M_6152,Other
6153,booknlp,COREF,263,your,355718,355722,4,2732,24,M_6153,Other
6154,booknlp,COREF,2413,I,355747,355748,92,2733,24,M_6154,Other
6155,booknlp,COREF,2413,I,355767,355768,92,2733,24,M_6155,Other
6156,booknlp,COREF,263,I,355783,355784,4,2734,24,M_6156,Other
6157,pdnc,qID,Q2215-0,her Ladyship,355906,355918,7,2735,24,M_6157,Other
6158,booknlp,COREF,263,I,355950,355951,4,2736,24,M_6158,Other
6159,booknlp,COREF,2413,I,356000,356001,92,2737,24,M_6159,Other
6160,booknlp,COREF,2413,I,356023,356024,92,2737,24,M_6160,Other
6161,pdnc,qID,Q2216-0,Ben ,356030,356034,6,2737,24,M_6161,PROPN
6162,exp,exp_name,dr messinger,Dr Messinger,356098,356110,9,2738,24,M_6162,PROPN
6163,pdnc,qID,Q2217-0,Ambrose,356146,356153,4,2739,24,M_6163,Other
6164,exp,exp_name,colonel inch,Colonel Inch,356232,356244,52,2741,24,M_6164,PROPN
6165,exp,exp_name,tony,Tony,356314,356318,35,2741,24,M_6165,PROPN
6166,exp,exp_name,mrs rattery,Mrs Rattery,356323,356334,72,2741,24,M_6166,PROPN
6167,booknlp,COREF,286,she,356363,356366,72,2742,24,M_6167,Other
6168,exp,exp_name,tony,Tony,356456,356460,35,2743,24,M_6168,PROPN
6169,booknlp,COREF,219,him,356541,356544,35,2743,24,M_6169,Other
6170,booknlp,COREF,219,He,356627,356629,35,2743,24,M_6170,Other
6171,booknlp,COREF,219,his,356681,356684,35,2743,24,M_6171,Other
6172,booknlp,COREF,219,He,356695,356697,35,2743,24,M_6172,Other
6173,booknlp,COREF,219,him,356746,356749,35,2743,24,M_6173,Other
6174,booknlp,COREF,219,He,356751,356753,35,2743,24,M_6174,Other
6175,booknlp,COREF,219,his,356761,356764,35,2743,24,M_6175,Other
6176,booknlp,COREF,219,He,356908,356910,35,2743,24,M_6176,Other
6177,booknlp,COREF,219,he,357006,357008,35,2743,24,M_6177,Other
6178,booknlp,COREF,219,he,357068,357070,35,2744,24,M_6178,Other
6179,booknlp,COREF,219,him,357113,357116,35,2744,24,M_6179,Other
6180,booknlp,COREF,219,his,357170,357173,35,2744,24,M_6180,Other
6181,exp,exp_name,ambrose,Ambrose,357458,357465,4,2745,24,M_6181,PROPN
6182,exp,exp_name,todd,TODD,357530,357534,19,2746,25,M_6182,PROPN
6183,exp,exp_name,mr todd,Mr Todd,357546,357553,19,2747,25,M_6183,PROPN
6184,booknlp,COREF,358,his,357659,357662,19,2747,25,M_6184,Other
6185,booknlp,COREF,358,His,357674,357677,19,2747,25,M_6185,Other
6186,exp,exp_name,dr messinger,Dr Messinger,358048,358060,9,2748,25,M_6186,PROPN
6187,exp,exp_name,mr todd,Mr Todd,358128,358135,19,2748,25,M_6187,PROPN
6188,exp,exp_name,mr todd,Mr Todd,358255,358262,19,2749,25,M_6188,PROPN
6189,booknlp,COREF,358,his,358296,358299,19,2749,25,M_6189,Other
6190,booknlp,COREF,358,He,358412,358414,19,2749,25,M_6190,Other
6191,booknlp,COREF,358,he,358652,358654,19,2749,25,M_6191,Other
6192,booknlp,COREF,358,him,358695,358698,19,2749,25,M_6192,Other
6193,exp,exp_name,mr todd,Mr Todd,358949,358956,19,2750,25,M_6193,PROPN
6194,booknlp,COREF,358,him,359015,359018,19,2750,25,M_6194,Other
6195,booknlp,COREF,358,He,359107,359109,19,2750,25,M_6195,Other
6196,booknlp,COREF,358,his,359142,359145,19,2750,25,M_6196,Other
6197,booknlp,COREF,358,his,359193,359196,19,2750,25,M_6197,Other
6198,exp,exp_name,mr todd,Mr Todd,359288,359295,19,2751,25,M_6198,PROPN
6199,booknlp,COREF,358,He,359359,359361,19,2751,25,M_6199,Other
6200,booknlp,COREF,358,his,359392,359395,19,2751,25,M_6200,Other
6201,booknlp,COREF,358,his,359453,359456,19,2751,25,M_6201,Other
6202,booknlp,COREF,358,his,359487,359490,19,2751,25,M_6202,Other
6203,booknlp,COREF,358,his,359593,359596,19,2751,25,M_6203,Other
6204,booknlp,COREF,358,He,359624,359626,19,2751,25,M_6204,Other
6205,booknlp,COREF,358,himself,359642,359649,19,2751,25,M_6205,Other
6206,exp,exp_name,todd,Todd,359679,359683,19,2751,25,M_6206,PROPN
6207,booknlp,COREF,358,him,359709,359712,19,2751,25,M_6207,Other
6208,pdnc,qID,Q2218-0,You,359727,359730,19,2752,25,M_6208,Other
6209,booknlp,COREF,219,me,359767,359769,35,2752,25,M_6209,Other
6210,exp,exp_name,tony,Tony,359786,359790,35,2752,25,M_6210,PROPN
6211,booknlp,COREF,219,I,359842,359843,35,2752,25,M_6211,Other
6212,pdnc,qID,Q2218-1,Brenda ,359855,359862,7,2752,25,M_6212,PROPN
6213,booknlp,COREF,219,me,359871,359873,35,2752,25,M_6213,Other
6214,pdnc,qID,Q2218-1,she,359887,359890,7,2752,25,M_6214,Other
6215,pdnc,qID,Q2218-1,she,359932,359935,7,2752,25,M_6215,Other
6216,pdnc,qID,Q2218-1,She,359965,359968,7,2752,25,M_6216,Other
6217,pdnc,qID,Q2218-1,she,359974,359977,7,2752,25,M_6217,Other
6218,pdnc,qID,Q2218-1,she,360011,360014,7,2752,25,M_6218,Other
6219,booknlp,COREF,219,I,360023,360024,35,2752,25,M_6219,Other
6220,pdnc,qID,Q2218-1,she,360032,360035,7,2752,25,M_6220,Other
6221,pdnc,qID,Q2218-1,her,360058,360061,7,2752,25,M_6221,Other
6222,pdnc,qID,Q2218-1,You,360087,360090,19,2752,25,M_6222,Other
6223,pdnc,qID,Q2218-1,her,360104,360107,7,2752,25,M_6223,Other
6224,pdnc,qID,Q2218-1,you,360114,360117,19,2752,25,M_6224,Other
6225,pdnc,qID,Q2219-0,You,360122,360125,35,2753,25,M_6225,Other
6226,booknlp,COREF,219,I,360149,360150,35,2753,25,M_6226,Other
6227,pdnc,qID,Q2220-0,She,360186,360189,7,2754,25,M_6227,Other
6228,pdnc,qID,Q2220-0,she,360217,360220,7,2754,25,M_6228,Other
6229,pdnc,qID,Q2220-0,You,360227,360230,19,2754,25,M_6229,Other
6230,pdnc,qID,Q2220-0,her,360242,360245,7,2754,25,M_6230,Other
6231,exp,exp_name,mr todd,Mr Todd,360284,360291,19,2754,25,M_6231,PROPN
6232,pdnc,qID,Q2221-0,you,360324,360327,35,2755,25,M_6232,Other
6233,pdnc,qID,Q2221-0,you,360358,360361,35,2755,25,M_6233,Other
6234,pdnc,qID,Q2221-0,you,360368,360371,35,2755,25,M_6234,Other
6235,booknlp,COREF,219,I,360406,360407,35,2755,25,M_6235,Other
6236,pdnc,qID,Q2221-0,you,360439,360442,35,2755,25,M_6236,Other
6237,exp,exp_name,tony,Tony,360446,360450,35,2756,25,M_6237,PROPN
6238,exp,exp_name,mr todd,Mr Todd,360483,360490,19,2756,25,M_6238,PROPN
6239,booknlp,COREF,219,he,360548,360550,35,2757,25,M_6239,Other
6240,exp,exp_name,mrs beaver,Mrs Beaver,360609,360619,75,2757,25,M_6240,PROPN
6241,exp,exp_name,mr todd,Mr Todd,360689,360696,19,2758,25,M_6241,PROPN
6242,exp,exp_name,tony,Tony,360705,360709,35,2758,25,M_6242,PROPN
6243,booknlp,COREF,219,his,360713,360716,35,2758,25,M_6243,Other
6244,booknlp,COREF,219,him,360736,360739,35,2758,25,M_6244,Other
6245,booknlp,COREF,219,I,360760,360761,35,2759,25,M_6245,Other
6246,booknlp,COREF,219,your,360770,360774,35,2759,25,M_6246,Other
6247,pdnc,qID,Q2224-0,you,360793,360796,19,2759,25,M_6247,Other
6248,booknlp,COREF,219,I,360797,360798,35,2759,25,M_6248,Other
6249,pdnc,qID,Q2224-0,your ,360855,360860,19,2759,25,M_6249,Other
6250,booknlp,COREF,358,His,360889,360892,19,2759,25,M_6250,Other
6251,exp,exp_name,mr todd,Mr Todd,360923,360930,19,2760,25,M_6251,PROPN
6252,exp,exp_name,tony,Tony,360935,360939,35,2760,25,M_6252,PROPN
6253,booknlp,COREF,358,I,361032,361033,19,2761,25,M_6253,Other
6254,pdnc,qID,Q2225-0,you,361044,361047,35,2761,25,M_6254,Other
6255,pdnc,qID,Q2225-0,you,361066,361069,35,2761,25,M_6255,Other
6256,pdnc,qID,Q2226-0,you,361094,361097,19,2762,25,M_6256,Other
6257,pdnc,qID,Q2226-0,his wife,361132,361140,7,2762,25,M_6257,Other
6258,booknlp,COREF,358,he,361220,361222,19,2762,25,M_6258,Other
6259,booknlp,COREF,358,I,361230,361231,19,2762,25,M_6259,Other
6260,pdnc,qID,Q2226-1,you,361237,361240,19,2762,25,M_6260,Other
6261,booknlp,COREF,358,I,361253,361254,19,2762,25,M_6261,Other
6262,booknlp,COREF,358,My,361270,361272,19,2762,25,M_6262,Other
6263,pdnc,qID,Q2226-1,Last,361281,361285,35,2762,25,M_6263,Other
6264,pdnc,qID,Q2227-0,Mr Last,361296,361303,35,2763,25,M_6264,PROPN
6265,pdnc,qID,Q2227-0,you,361305,361308,35,2763,25,M_6265,Other
6266,pdnc,qID,Q2227-0,You,361347,361350,35,2763,25,M_6266,Other
6267,pdnc,qID,Q2227-0,you,361362,361365,35,2763,25,M_6267,Other
6268,booknlp,COREF,358,I,361390,361391,19,2763,25,M_6268,Other
6269,pdnc,qID,Q2227-0,you,361408,361411,35,2763,25,M_6269,Other
6270,exp,exp_name,tony,Tony,361415,361419,35,2764,25,M_6270,PROPN
6271,booknlp,COREF,358,him,361433,361436,19,2764,25,M_6271,Other
6272,pdnc,qID,Q2228-0,you,361443,361446,19,2764,25,M_6272,Other
6273,pdnc,qID,Q2229-0,us,361475,361477,19,2765,25,M_6273,Other
6274,pdnc,qID,Q2230-0,That dark girl,361482,361496,10,2766,25,M_6274,Other
6275,booknlp,COREF,219,I,361531,361532,35,2766,25,M_6275,Other
6276,pdnc,qID,Q2230-0,you,361537,361540,19,2766,25,M_6276,Other
6277,booknlp,COREF,219,I,361546,361547,35,2766,25,M_6277,Other
6278,pdnc,qID,Q2230-0,you,361556,361559,19,2766,25,M_6278,Other
6279,booknlp,COREF,219,I,361607,361608,35,2768,25,M_6279,Other
6280,pdnc,qID,Q2232-0,you fellows,361664,361675,19,2768,25,M_6280,Other
6281,pdnc,qID,Q2232-0,you,361705,361708,19,2768,25,M_6281,Other
6282,pdnc,qID,Q2233-0,you,361766,361769,35,2769,25,M_6282,Other
6283,booknlp,COREF,219,I,361845,361846,35,2770,25,M_6283,Other
6284,pdnc,qID,Q2234-0,you,361855,361858,19,2770,25,M_6284,Other
6285,pdnc,qID,Q2236-0,Messinger,362008,362017,9,2773,25,M_6285,PROPN
6286,pdnc,qID,Q2236-0,He,362024,362026,9,2773,25,M_6286,Other
6287,pdnc,qID,Q2236-0,John Beaver,362042,362053,5,2773,25,M_6287,PROPN
6288,booknlp,COREF,358,I,362058,362059,19,2774,25,M_6288,Other
6289,pdnc,qID,Q2237-0,you,362083,362086,35,2774,25,M_6289,Other
6290,pdnc,qID,Q2238-0,you,362104,362107,19,2775,25,M_6290,Other
6291,booknlp,COREF,358,my,362114,362116,19,2775,25,M_6291,Other
6292,pdnc,qID,Q2238-0,her Ladyship,362186,362198,7,2775,25,M_6292,Other
6293,booknlp,COREF,358,I,362215,362216,19,2775,25,M_6293,Other
6294,pdnc,qID,Q2238-0,her,362235,362238,7,2775,25,M_6294,Other
6295,exp,exp_name,mr todd,Mr Todd,362244,362251,19,2776,25,M_6295,PROPN
6296,booknlp,COREF,358,He,362393,362395,19,2776,25,M_6296,Other
6297,booknlp,COREF,358,he,362446,362448,19,2776,25,M_6297,Other
6298,booknlp,COREF,358,his,362458,362461,19,2776,25,M_6298,Other
6299,booknlp,COREF,219,You,362528,362531,35,2777,25,M_6299,Other
6300,booknlp,COREF,219,you,362581,362584,35,2777,25,M_6300,Other
6301,booknlp,COREF,358,I,362602,362603,19,2777,25,M_6301,Other
6302,booknlp,COREF,219,you,362614,362617,35,2777,25,M_6302,Other
6303,booknlp,COREF,219,your,362666,362670,35,2777,25,M_6303,Other
6304,booknlp,COREF,358,I,362685,362686,19,2777,25,M_6304,Other
6305,booknlp,COREF,219,you,362698,362701,35,2777,25,M_6305,Other
6306,booknlp,COREF,358,I,362705,362706,19,2777,25,M_6306,Other
6307,booknlp,COREF,219,you,362712,362715,35,2777,25,M_6307,Other
6308,pdnc,qID,Q2239-0,my wife,362731,362738,7,2777,25,M_6308,Other
6309,booknlp,COREF,219,you,362755,362758,35,2777,25,M_6309,Other
6310,booknlp,COREF,358,me,362778,362780,19,2777,25,M_6310,Other
6311,pdnc,qID,Q2239-0,She,362798,362801,7,2777,25,M_6311,Other
6312,pdnc,qID,Q2239-0,she,362826,362829,7,2777,25,M_6312,Other
6313,pdnc,qID,Q2239-0,her,362845,362848,7,2777,25,M_6313,Other
6314,pdnc,qID,Q2239-0,She,362885,362888,7,2777,25,M_6314,Other
6315,booknlp,COREF,219,you,362895,362898,35,2777,25,M_6315,Other
6316,pdnc,qID,Q2239-0,she,362947,362950,7,2777,25,M_6316,Other
6317,booknlp,COREF,219,you,362962,362965,35,2777,25,M_6317,Other
6318,pdnc,qID,Q2239-0,She,362967,362970,7,2777,25,M_6318,Other
6319,pdnc,qID,Q2239-0,She,363010,363013,7,2777,25,M_6319,Other
6320,pdnc,qID,Q2239-0,her,363024,363027,7,2777,25,M_6320,Other
6321,pdnc,qID,Q2239-0,her,363040,363043,7,2777,25,M_6321,Other
6322,booknlp,COREF,358,me,363075,363077,19,2777,25,M_6322,Other
6323,booknlp,COREF,358,I,363079,363080,19,2777,25,M_6323,Other
6324,booknlp,COREF,358,I,363086,363087,19,2777,25,M_6324,Other
6325,booknlp,COREF,358,I,363195,363196,19,2777,25,M_6325,Other
6326,booknlp,COREF,219,you,363207,363210,35,2777,25,M_6326,Other
6327,booknlp,COREF,358,I,363216,363217,19,2777,25,M_6327,Other
6328,pdnc,qID,Q2239-0,Mrs Beaver,363289,363299,75,2777,25,M_6328,PROPN
6329,pdnc,qID,Q2239-0,Polly,363452,363457,23,2777,25,M_6329,Other
6330,pdnc,qID,Q2239-0,She,363473,363476,23,2777,25,M_6330,Other
6331,pdnc,qID,Q2239-0,Mrs Beaver,363481,363491,75,2777,25,M_6331,PROPN
6332,exp,exp_name,mr todd,Mr Todd,363526,363533,19,2778,25,M_6332,PROPN
6333,exp,exp_name,tony,Tony,363552,363556,35,2778,25,M_6333,PROPN
6334,exp,exp_name,tony,Tony,363617,363621,35,2778,25,M_6334,PROPN
6335,booknlp,COREF,219,his,363645,363648,35,2778,25,M_6335,Other
6336,booknlp,COREF,219,he,363674,363676,35,2779,25,M_6336,Other
6337,exp,exp_name,mr todd,Mr Todd,363702,363709,19,2780,25,M_6337,PROPN
6338,booknlp,COREF,219,him,363719,363722,35,2780,25,M_6338,Other
6339,exp,exp_name,tony,Tony,363755,363759,35,2780,25,M_6339,PROPN
6340,booknlp,COREF,219,his,363789,363792,35,2780,25,M_6340,Other
6341,exp,exp_name,mr todd,Mr Todd,363841,363848,19,2780,25,M_6341,PROPN
6342,booknlp,COREF,219,him,363862,363865,35,2780,25,M_6342,Other
6343,booknlp,COREF,358,he,363903,363905,19,2780,25,M_6343,Other
6344,exp,exp_name,tony,Tony,363947,363951,35,2780,25,M_6344,PROPN
6345,booknlp,COREF,219,he,363998,364000,35,2780,25,M_6345,Other
6346,exp,exp_name,tony,Tony,364082,364086,35,2782,25,M_6346,PROPN
6347,booknlp,COREF,219,his,364166,364169,35,2782,25,M_6347,Other
6348,booknlp,COREF,219,he,364194,364196,35,2782,25,M_6348,Other
6349,exp,exp_name,mr todd,Mr Todd,364368,364375,19,2782,25,M_6349,PROPN
6350,booknlp,COREF,219,him,364382,364385,35,2782,25,M_6350,Other
6351,exp,exp_name,tony,Tony,364443,364447,35,2783,25,M_6351,PROPN
6352,exp,exp_name,mr todd,Mr Todd,364528,364535,19,2784,25,M_6352,PROPN
6353,pdnc,qID,Q2242-1,you,364546,364549,35,2784,25,M_6353,Other
6354,pdnc,qID,Q2242-1,you,364567,364570,35,2784,25,M_6354,Other
6355,booknlp,COREF,358,My,364576,364578,19,2784,25,M_6355,Other
6356,booknlp,COREF,358,me,364615,364617,19,2784,25,M_6356,Other
6357,booknlp,COREF,358,I,364632,364633,19,2784,25,M_6357,Other
6358,booknlp,COREF,358,my,364677,364679,19,2784,25,M_6358,Other
6359,pdnc,qID,Q2242-1,you,364712,364715,35,2784,25,M_6359,Other
6360,pdnc,qID,Q2242-1,you,364725,364728,35,2784,25,M_6360,Other
6361,pdnc,qID,Q2242-1,you,364744,364747,35,2784,25,M_6361,Other
6362,pdnc,qID,Q2242-1,you ,364757,364761,35,2784,25,M_6362,Other
6363,pdnc,qID,Q2242-1,you,364814,364817,35,2784,25,M_6363,Other
6364,booknlp,COREF,219,your,364854,364858,35,2784,25,M_6364,Other
6365,booknlp,COREF,358,I,364914,364915,19,2784,25,M_6365,Other
6366,booknlp,COREF,358,I,365023,365024,19,2784,25,M_6366,Other
6367,pdnc,qID,Q2243-0,you,365062,365065,19,2785,25,M_6367,Other
6368,booknlp,COREF,358,My,365082,365084,19,2786,25,M_6368,Other
6369,booknlp,COREF,358,my,365243,365245,19,2786,25,M_6369,Other
6370,booknlp,COREF,358,I,365299,365300,19,2786,25,M_6370,Other
6371,booknlp,COREF,358,my,365370,365372,19,2786,25,M_6371,Other
6372,booknlp,COREF,358,I,365434,365435,19,2786,25,M_6372,Other
6373,booknlp,COREF,358,My,365450,365452,19,2786,25,M_6373,Other
6374,pdnc,qID,Q2244-0,you,365551,365554,35,2786,25,M_6374,Other
6375,booknlp,COREF,358,I,365623,365624,19,2788,25,M_6375,Other
6376,exp,exp_name,tony,Tony,365635,365639,35,2789,25,M_6376,PROPN
6377,booknlp,COREF,219,I,365669,365670,35,2789,25,M_6377,Other
6378,pdnc,qID,Q2247-0,you,365679,365682,19,2789,25,M_6378,Other
6379,booknlp,COREF,358,I,365742,365743,19,2790,25,M_6379,Other
6380,booknlp,COREF,358,I,365771,365772,19,2790,25,M_6380,Other
6381,pdnc,qID,Q2248-0,you,365783,365786,35,2790,25,M_6381,Other
6382,pdnc,qID,Q2248-0,you,365792,365795,35,2790,25,M_6382,Other
6383,booknlp,COREF,358,me,365944,365946,19,2790,25,M_6383,Other
6384,pdnc,qID,Q2248-0,You,365972,365975,35,2790,25,M_6384,Other
6385,booknlp,COREF,358,me,365990,365992,19,2790,25,M_6385,Other
6386,pdnc,qID,Q2248-0,you,365998,366001,35,2790,25,M_6386,Other
6387,booknlp,COREF,219,I,366017,366018,35,2791,25,M_6387,Other
6388,pdnc,qID,Q2250-0,you,366050,366053,35,2792,25,M_6388,Other
6389,booknlp,COREF,358,me,366068,366070,19,2792,25,M_6389,Other
6390,exp,exp_name,mr todd,Mr Todd,366073,366080,19,2792,25,M_6390,PROPN
6391,exp,exp_name,tony,Tony,366162,366166,35,2793,25,M_6391,PROPN
6392,exp,exp_name,brenda,Brenda,366279,366285,7,2793,25,M_6392,PROPN
6393,exp,exp_name,mr todd,Mr Todd,366352,366359,19,2793,25,M_6393,PROPN
6394,exp,exp_name,tony,Tony,366518,366522,35,2794,25,M_6394,PROPN
6395,exp,exp_name,mr todd,Mr Todd,366538,366545,19,2794,25,M_6395,PROPN
6396,booknlp,COREF,219,him,366551,366554,35,2794,25,M_6396,Other
6397,booknlp,COREF,358,I,366594,366595,19,2795,25,M_6397,Other
6398,pdnc,qID,Q2251-0,you,366606,366609,35,2795,25,M_6398,Other
6399,booknlp,COREF,358,he,366634,366636,19,2795,25,M_6399,Other
6400,booknlp,COREF,219,him,366651,366654,35,2795,25,M_6400,Other
6401,booknlp,COREF,358,me,366775,366777,19,2795,25,M_6401,Other
6402,booknlp,COREF,358,I,366779,366780,19,2795,25,M_6402,Other
6403,booknlp,COREF,358,I,366787,366788,19,2795,25,M_6403,Other
6404,pdnc,qID,Q2251-1,your,366839,366843,35,2795,25,M_6404,Other
6405,pdnc,qID,Q2251-1,you,366871,366874,35,2795,25,M_6405,Other
6406,booknlp,COREF,358,I,366894,366895,19,2796,25,M_6406,Other
6407,booknlp,COREF,358,I,366908,366909,19,2796,25,M_6407,Other
6408,booknlp,COREF,358,I,366952,366953,19,2797,25,M_6408,Other
6409,booknlp,COREF,358,I,366995,366996,19,2797,25,M_6409,Other
6410,booknlp,COREF,358,I,367034,367035,19,2798,25,M_6410,Other
6411,pdnc,qID,Q2255-0,You,367092,367095,35,2799,25,M_6411,Other
6412,exp,exp_name,mr todd,Mr Todd,367123,367130,19,2800,25,M_6412,PROPN
6413,booknlp,COREF,358,He,367192,367194,19,2800,25,M_6413,Other
6414,exp,exp_name,tony,Tony,367296,367300,35,2801,25,M_6414,PROPN
6415,exp,exp_name,mr todd,Mr Todd,367359,367366,19,2801,25,M_6415,PROPN
6416,booknlp,COREF,358,I,367378,367379,19,2801,25,M_6416,Other
6417,pdnc,qID,Q2256-0,you,367386,367389,35,2801,25,M_6417,Other
6418,exp,exp_name,mr todd,Mr Todd,367534,367541,19,2802,25,M_6418,PROPN
6419,exp,exp_name,tony,Tony,367583,367587,35,2802,25,M_6419,PROPN
6420,booknlp,COREF,219,his,367619,367622,35,2802,25,M_6420,Other
6421,exp,exp_name,mr todd,Mr Todd,367632,367639,19,2802,25,M_6421,PROPN
6422,exp,exp_name,tony,Tony,367664,367668,35,2802,25,M_6422,PROPN
6423,booknlp,COREF,358,He,367928,367930,19,2804,25,M_6423,Other
6424,pdnc,qID,Q2259-0,You,368091,368094,35,2806,25,M_6424,Other
6425,pdnc,qID,Q2260-0,You,368166,368169,35,2807,25,M_6425,Other
6426,booknlp,COREF,219,I,368199,368200,35,2807,25,M_6426,Other
6427,booknlp,COREF,219,My,368218,368220,35,2807,25,M_6427,Other
6428,pdnc,qID,Q2260-0,you,368286,368289,35,2807,25,M_6428,Other
6429,booknlp,COREF,219,I,368291,368292,35,2807,25,M_6429,Other
6430,booknlp,COREF,219,I,368338,368339,35,2807,25,M_6430,Other
6431,booknlp,COREF,219,I,368468,368469,35,2807,25,M_6431,Other
6432,exp,exp_name,tony,Tony,368612,368616,35,2808,25,M_6432,PROPN
6433,booknlp,COREF,219,my,368651,368653,35,2808,25,M_6433,Other
6434,booknlp,COREF,219,I,368668,368669,35,2809,25,M_6434,Other
6435,booknlp,COREF,219,I,368723,368724,35,2809,25,M_6435,Other
6436,booknlp,COREF,219,I,368731,368732,35,2809,25,M_6436,Other
6437,exp,exp_name,tony,Tony,368834,368838,35,2810,25,M_6437,PROPN
6438,booknlp,COREF,219,his,368843,368846,35,2810,25,M_6438,Other
6439,booknlp,COREF,219,He,368863,368865,35,2811,25,M_6439,Other
6440,exp,exp_name,brenda,Brenda,368982,368988,7,2811,25,M_6440,PROPN
6441,booknlp,COREF,219,He,369072,369074,35,2811,25,M_6441,Other
6442,exp,exp_name,john andrew,John Andrew,369087,369098,12,2811,25,M_6442,PROPN
6443,exp,exp_name,mr todd,Mr Todd,369203,369210,19,2811,25,M_6443,PROPN
6444,exp,exp_name,tony,Tony,369280,369284,35,2812,25,M_6444,PROPN
6445,booknlp,COREF,219,him,369293,369296,35,2812,25,M_6445,Other
6446,exp,exp_name,tony,Tony,369584,369588,35,2812,25,M_6446,PROPN
6447,booknlp,COREF,219,him,369805,369808,35,2812,25,M_6447,Other
6448,exp,exp_name,tony,Tony,370067,370071,35,2812,25,M_6448,PROPN
6449,booknlp,COREF,219,him,370080,370083,35,2812,25,M_6449,Other
6450,booknlp,COREF,219,his,370218,370221,35,2812,25,M_6450,Other
6451,booknlp,COREF,219,his,370234,370237,35,2812,25,M_6451,Other
6452,exp,exp_name,tony,Tony,370397,370401,35,2813,25,M_6452,PROPN
6453,pdnc,qID,Q2267-0,You,370497,370500,35,2814,25,M_6453,Other
6454,pdnc,qID,Q2267-0,you,370568,370571,35,2814,25,M_6454,Other
6455,exp,exp_name,tony,Tony,370956,370960,35,2815,25,M_6455,PROPN
6456,booknlp,COREF,219,He,371003,371005,35,2815,25,M_6456,Other
6457,booknlp,COREF,219,his,371047,371050,35,2815,25,M_6457,Other
6458,exp,exp_name,mr todd,Mr Todd,371135,371142,19,2815,25,M_6458,PROPN
6459,booknlp,COREF,219,his,371213,371216,35,2816,25,M_6459,Other
6460,exp,exp_name,tony,Tony,371284,371288,35,2816,25,M_6460,PROPN
6461,booknlp,COREF,219,I,371332,371333,35,2816,25,M_6461,Other
6462,booknlp,COREF,219,I,371339,371340,35,2816,25,M_6462,Other
6463,booknlp,COREF,219,I,371375,371376,35,2816,25,M_6463,Other
6464,exp,exp_name,mr todd,Mr Todd,371398,371405,19,2817,25,M_6464,PROPN
6465,pdnc,qID,Q2270-1,yourself,371423,371431,35,2817,25,M_6465,Other
6466,pdnc,qID,Q2270-1,You,371444,371447,35,2817,25,M_6466,Other
6467,pdnc,qID,Q2270-1,my friend,371477,371486,35,2817,25,M_6467,Other
6468,exp,exp_name,tony,Tony,371509,371513,35,2818,25,M_6468,PROPN
6469,booknlp,COREF,219,his,371553,371556,35,2818,25,M_6469,Other
6470,exp,exp_name,tony,Tony,371662,371666,35,2818,25,M_6470,PROPN
6471,pdnc,qID,Q2271-0,You ,371690,371694,19,2819,25,M_6471,Other
6472,pdnc,qID,Q2271-0,Mr Todd,371700,371707,19,2819,25,M_6472,PROPN
6473,booknlp,COREF,219,I,371732,371733,35,2819,25,M_6473,Other
6474,booknlp,COREF,219,I,371787,371788,35,2819,25,M_6474,Other
6475,booknlp,COREF,219,myself,371810,371816,35,2819,25,M_6475,Other
6476,pdnc,qID,Q2271-0,your,371820,371824,19,2819,25,M_6476,Other
6477,exp,exp_name,mr todd,Mr Todd,371853,371860,19,2820,25,M_6477,PROPN
6478,pdnc,qID,Q2272-0,you,371946,371949,19,2821,25,M_6478,Other
6479,booknlp,COREF,219,I,371956,371957,35,2821,25,M_6479,Other
6480,booknlp,COREF,219,I,371990,371991,35,2821,25,M_6480,Other
6481,pdnc,qID,Q2272-0,you,372010,372013,19,2821,25,M_6481,Other
6482,booknlp,COREF,219,I,372020,372021,35,2821,25,M_6482,Other
6483,booknlp,COREF,219,I,372051,372052,35,2821,25,M_6483,Other
6484,pdnc,qID,Q2272-0,your,372068,372072,19,2821,25,M_6484,Other
6485,booknlp,COREF,219,me,372085,372087,35,2821,25,M_6485,Other
6486,booknlp,COREF,219,I,372098,372099,35,2821,25,M_6486,Other
6487,booknlp,COREF,219,My,372119,372121,35,2822,25,M_6487,Other
6488,booknlp,COREF,219,I,372143,372144,35,2822,25,M_6488,Other
6489,pdnc,qID,Q2273-0,your,372179,372183,35,2822,25,M_6489,Other
6490,booknlp,COREF,219,I,372254,372255,35,2823,25,M_6490,Other
6491,pdnc,qID,Q2274-0,you,372268,372271,19,2823,25,M_6491,Other
6492,booknlp,COREF,219,I,372289,372290,35,2823,25,M_6492,Other
6493,booknlp,COREF,219,I,372306,372307,35,2823,25,M_6493,Other
6494,exp,exp_name,mr todd,Mr Todd,372365,372372,19,2824,25,M_6494,PROPN
6495,exp,exp_name,tony,Tony,372483,372487,35,2825,25,M_6495,PROPN
6496,booknlp,COREF,219,his,372512,372515,35,2825,25,M_6496,Other
6497,booknlp,COREF,219,he,372543,372545,35,2825,25,M_6497,Other
6498,booknlp,COREF,219,me,372561,372563,35,2825,25,M_6498,Other
6499,pdnc,qID,Q2276-0,Mr Todd,372565,372572,19,2825,25,M_6499,PROPN
6500,booknlp,COREF,219,I,372578,372579,35,2825,25,M_6500,Other
6501,booknlp,COREF,219,I,372618,372619,35,2825,25,M_6501,Other
6502,pdnc,qID,Q2279-0,You,372692,372695,35,2828,25,M_6502,Other
6503,pdnc,qID,Q2284-0,You,373085,373088,19,2834,25,M_6503,Other
6504,booknlp,COREF,219,me,373105,373107,35,2834,25,M_6504,Other
6505,booknlp,COREF,219,I,373116,373117,35,2835,25,M_6505,Other
6506,booknlp,COREF,219,I,373134,373135,35,2835,25,M_6506,Other
6507,exp,exp_name,tony,Tony,373159,373163,35,2836,25,M_6507,PROPN
6508,booknlp,COREF,219,his,373185,373188,35,2836,25,M_6508,Other
6509,booknlp,COREF,219,he,373231,373233,35,2836,25,M_6509,Other
6510,booknlp,COREF,219,he,373390,373392,35,2836,25,M_6510,Other
6511,booknlp,COREF,219,He,373410,373412,35,2836,25,M_6511,Other
6512,booknlp,COREF,219,he,373456,373458,35,2836,25,M_6512,Other
6513,booknlp,COREF,219,him,373537,373540,35,2836,25,M_6513,Other
6514,booknlp,COREF,219,he,373554,373556,35,2836,25,M_6514,Other
6515,booknlp,COREF,219,he,373595,373597,35,2836,25,M_6515,Other
6516,booknlp,COREF,219,him,373665,373668,35,2836,25,M_6516,Other
6517,booknlp,COREF,219,he,373886,373888,35,2836,25,M_6517,Other
6518,exp,exp_name,mr todd,Mr Todd,373935,373942,19,2837,25,M_6518,PROPN
6519,pdnc,qID,Q2286-0,Mr Last,373950,373957,35,2837,25,M_6519,PROPN
6520,booknlp,COREF,358,me,373976,373978,19,2837,25,M_6520,Other
6521,pdnc,qID,Q2286-0,you,373984,373987,35,2837,25,M_6521,Other
6522,pdnc,qID,Q2286-0,you,374043,374046,35,2837,25,M_6522,Other
6523,pdnc,qID,Q2286-0,you,374060,374063,35,2837,25,M_6523,Other
6524,booknlp,COREF,358,me,374077,374079,19,2837,25,M_6524,Other
6525,pdnc,qID,Q2286-0,You,374081,374084,35,2837,25,M_6525,Other
6526,pdnc,qID,Q2286-0,you,374097,374100,35,2837,25,M_6526,Other
6527,booknlp,COREF,358,my,374141,374143,19,2837,25,M_6527,Other
6528,booknlp,COREF,358,my,374211,374213,19,2837,25,M_6528,Other
6529,booknlp,COREF,219,I,374254,374255,35,2838,25,M_6529,Other
6530,booknlp,COREF,358,me,374303,374305,19,2839,25,M_6530,Other
6531,pdnc,qID,Q2288-0,you,374334,374337,35,2839,25,M_6531,Other
6532,pdnc,qID,Q2288-0,your,374352,374356,35,2839,25,M_6532,Other
6533,booknlp,COREF,358,I,374401,374402,19,2839,25,M_6533,Other
6534,exp,exp_name,tony,Tony,374555,374559,35,2841,25,M_6534,PROPN
6535,booknlp,COREF,219,his,374582,374585,35,2841,25,M_6535,Other
6536,booknlp,COREF,219,he,374693,374695,35,2841,25,M_6536,Other
6537,exp,exp_name,james,James,374779,374784,60,2843,25,M_6537,PROPN
6538,exp,exp_name,todd,Todd,374785,374789,19,2843,25,M_6538,PROPN
6539,exp,exp_name,todd,Todd,375008,375012,19,2844,25,M_6539,PROPN
6540,pdnc,qID,Q2289-0,Mr Todd,375059,375066,19,2845,25,M_6540,PROPN
6541,exp,exp_name,tony,Tony,375074,375078,35,2845,25,M_6541,PROPN
6542,booknlp,COREF,219,I,375081,375082,35,2845,25,M_6542,Other
6543,pdnc,qID,Q2289-1,You,375103,375106,19,2845,25,M_6543,Other
6544,booknlp,COREF,219,my,375113,375115,35,2845,25,M_6544,Other
6545,booknlp,COREF,219,I,375131,375132,35,2845,25,M_6545,Other
6546,booknlp,COREF,219,I,375158,375159,35,2845,25,M_6546,Other
6547,pdnc,qID,Q2289-1,you,375172,375175,19,2845,25,M_6547,Other
6548,booknlp,COREF,219,my,375191,375193,35,2845,25,M_6548,Other
6549,booknlp,COREF,219,I,375203,375204,35,2845,25,M_6549,Other
6550,pdnc,qID,Q2289-1,you,375215,375218,19,2845,25,M_6550,Other
6551,pdnc,qID,Q2289-1,you,375258,375261,19,2845,25,M_6551,Other
6552,booknlp,COREF,219,me,375274,375276,35,2845,25,M_6552,Other
6553,booknlp,COREF,219,my,375290,375292,35,2845,25,M_6553,Other
6554,booknlp,COREF,219,I,375299,375300,35,2845,25,M_6554,Other
6555,pdnc,qID,Q2290-0,my friend,375332,375341,35,2846,25,M_6555,Other
6556,pdnc,qID,Q2290-0,you,375359,375362,35,2846,25,M_6556,Other
6557,pdnc,qID,Q2290-0,You,375364,375367,35,2846,25,M_6557,Other
6558,pdnc,qID,Q2290-0,you,375400,375403,35,2846,25,M_6558,Other
6559,pdnc,qID,Q2291-0,You,375413,375416,19,2847,25,M_6559,Other
6560,booknlp,COREF,219,I,375437,375438,35,2847,25,M_6560,Other
6561,booknlp,COREF,358,your,375462,375466,19,2847,25,M_6561,Other
6562,pdnc,qID,Q2292-0,you,375489,375492,35,2848,25,M_6562,Other
6563,pdnc,qID,Q2293-0,Mr Todd,375545,375552,19,2849,25,M_6563,PROPN
6564,booknlp,COREF,219,I,375554,375555,35,2849,25,M_6564,Other
6565,pdnc,qID,Q2293-0,you,375574,375577,19,2849,25,M_6565,Other
6566,booknlp,COREF,219,I,375593,375594,35,2849,25,M_6566,Other
6567,booknlp,COREF,219,I,375609,375610,35,2849,25,M_6567,Other
6568,booknlp,COREF,219,my,375637,375639,35,2849,25,M_6568,Other
6569,booknlp,COREF,219,I,375647,375648,35,2849,25,M_6569,Other
6570,pdnc,qID,Q2293-0,you,375675,375678,19,2849,25,M_6570,Other
6571,pdnc,qID,Q2294-0,You,375726,375729,35,2850,25,M_6571,Other
6572,booknlp,COREF,219,I,375747,375748,35,2851,25,M_6572,Other
6573,booknlp,COREF,358,I,375781,375782,19,2852,25,M_6573,Other
6574,exp,exp_name,mr todd,Mr Todd,375799,375806,19,2852,25,M_6574,PROPN
6575,exp,exp_name,mr todd,Mr Todd,375900,375907,19,2853,25,M_6575,PROPN
6576,exp,exp_name,tony,Tony,375919,375923,35,2853,25,M_6576,PROPN
6577,exp,exp_name,mr todd,Mr Todd,376017,376024,19,2854,25,M_6577,PROPN
6578,booknlp,COREF,358,his,376041,376044,19,2854,25,M_6578,Other
6579,booknlp,COREF,358,his,376061,376064,19,2854,25,M_6579,Other
6580,booknlp,COREF,358,he,376074,376076,19,2854,25,M_6580,Other
6581,exp,exp_name,tony,Tony,376082,376086,35,2854,25,M_6581,PROPN
6582,exp,exp_name,mr todd,Mr Todd,376633,376640,19,2855,25,M_6582,PROPN
6583,booknlp,COREF,219,his,376654,376657,35,2855,25,M_6583,Other
6584,booknlp,COREF,219,him,376672,376675,35,2855,25,M_6584,Other
6585,booknlp,COREF,219,him,376704,376707,35,2855,25,M_6585,Other
6586,booknlp,COREF,219,his,376711,376714,35,2855,25,M_6586,Other
6587,booknlp,COREF,219,his,376741,376744,35,2855,25,M_6587,Other
6588,exp,exp_name,tony,Tony,376771,376775,35,2855,25,M_6588,PROPN
6589,booknlp,COREF,219,his,376797,376800,35,2855,25,M_6589,Other
6590,exp,exp_name,mr todd,Mr Todd,376976,376983,19,2856,25,M_6590,PROPN
6591,exp,exp_name,tony,Tony,377262,377266,35,2856,25,M_6591,PROPN
6592,exp,exp_name,messinger,Messinger,377444,377453,9,2857,25,M_6592,PROPN
6593,exp,exp_name,tony,Tony,377498,377502,35,2857,25,M_6593,PROPN
6594,booknlp,COREF,219,he,377648,377650,35,2857,25,M_6594,Other
6595,booknlp,COREF,219,he,377789,377791,35,2857,25,M_6595,Other
6596,booknlp,COREF,219,his,377811,377814,35,2857,25,M_6596,Other
6597,booknlp,COREF,219,his,377861,377864,35,2857,25,M_6597,Other
6598,booknlp,COREF,219,his,377889,377892,35,2857,25,M_6598,Other
6599,booknlp,COREF,219,he,377925,377927,35,2857,25,M_6599,Other
6600,booknlp,COREF,219,himself,377948,377955,35,2857,25,M_6600,Other
6601,booknlp,COREF,219,his,377969,377972,35,2857,25,M_6601,Other
6602,booknlp,COREF,219,he,378030,378032,35,2857,25,M_6602,Other
6603,booknlp,COREF,219,he,378131,378133,35,2857,25,M_6603,Other
6604,booknlp,COREF,219,he,378264,378266,35,2857,25,M_6604,Other
6605,exp,exp_name,brenda,Brenda,378286,378292,7,2857,25,M_6605,PROPN
6606,booknlp,COREF,219,I,378380,378381,35,2857,25,M_6606,Other
6607,exp,exp_name,mr todd,Mr Todd,378426,378433,19,2858,25,M_6607,PROPN
6608,booknlp,COREF,358,I,378452,378453,19,2858,25,M_6608,Other
6609,pdnc,qID,Q2297-0,you,378462,378465,35,2858,25,M_6609,Other
6610,booknlp,COREF,358,I,378504,378505,19,2858,25,M_6610,Other
6611,exp,exp_name,tony,Tony,378578,378582,35,2859,25,M_6611,PROPN
6612,booknlp,COREF,219,he,378644,378646,35,2859,25,M_6612,Other
6613,booknlp,COREF,219,his,378697,378700,35,2859,25,M_6613,Other
6614,booknlp,COREF,219,he,378819,378821,35,2859,25,M_6614,Other
6615,booknlp,COREF,219,he,378884,378886,35,2860,25,M_6615,Other
6616,pdnc,qID,Q2298-1,You,378935,378938,35,2860,25,M_6616,Other
6617,pdnc,qID,Q2298-1,you,378959,378962,35,2860,25,M_6617,Other
6618,exp,exp_name,tony,Tony,379319,379323,35,2861,25,M_6618,PROPN
6619,exp,exp_name,mr todd,Mr Todd,379328,379335,19,2861,25,M_6619,PROPN
6620,pdnc,qID,Q2299-0,You,379379,379382,35,2862,25,M_6620,Other
6621,exp,exp_name,tony,Tony,379452,379456,35,2863,25,M_6621,PROPN
6622,booknlp,COREF,219,he,379588,379590,35,2863,25,M_6622,Other
6623,booknlp,COREF,219,He,379664,379666,35,2863,25,M_6623,Other
6624,booknlp,COREF,219,he,379821,379823,35,2863,25,M_6624,Other
6625,booknlp,COREF,219,him,379948,379951,35,2863,25,M_6625,Other
6626,booknlp,COREF,219,he,379956,379958,35,2863,25,M_6626,Other
6627,booknlp,COREF,219,He,379981,379983,35,2863,25,M_6627,Other
6628,booknlp,COREF,219,he,380080,380082,35,2863,25,M_6628,Other
6629,booknlp,COREF,219,his,380088,380091,35,2863,25,M_6629,Other
6630,booknlp,COREF,219,He,380205,380207,35,2865,25,M_6630,Other
6631,booknlp,COREF,219,he,380265,380267,35,2865,25,M_6631,Other
6632,booknlp,COREF,219,his,380281,380284,35,2865,25,M_6632,Other
6633,booknlp,COREF,219,he,380324,380326,35,2865,25,M_6633,Other
6634,booknlp,COREF,219,He,380378,380380,35,2865,25,M_6634,Other
6635,booknlp,COREF,219,his,380392,380395,35,2865,25,M_6635,Other
6636,booknlp,COREF,219,his,380415,380418,35,2865,25,M_6636,Other
6637,booknlp,COREF,219,his,380447,380450,35,2865,25,M_6637,Other
6638,booknlp,COREF,219,He,380458,380460,35,2865,25,M_6638,Other
6639,booknlp,COREF,219,he,380487,380489,35,2865,25,M_6639,Other
6640,booknlp,COREF,219,I,380530,380531,35,2866,25,M_6640,Other
6641,booknlp,COREF,219,he,380566,380568,35,2866,25,M_6641,Other
6642,booknlp,COREF,219,He,380605,380607,35,2866,25,M_6642,Other
6643,booknlp,COREF,219,He,380657,380659,35,2866,25,M_6643,Other
6644,booknlp,COREF,219,he,380671,380673,35,2866,25,M_6644,Other
6645,booknlp,COREF,219,his,380678,380681,35,2866,25,M_6645,Other
6646,booknlp,COREF,219,he,380706,380708,35,2866,25,M_6646,Other
6647,booknlp,COREF,219,his,380732,380735,35,2866,25,M_6647,Other
6648,booknlp,COREF,219,his,380758,380761,35,2866,25,M_6648,Other
6649,booknlp,COREF,219,his,380817,380820,35,2866,25,M_6649,Other
6650,booknlp,COREF,219,his,380839,380842,35,2866,25,M_6650,Other
6651,booknlp,COREF,219,he,380867,380869,35,2866,25,M_6651,Other
6652,booknlp,COREF,219,his,380915,380918,35,2866,25,M_6652,Other
6653,booknlp,COREF,219,he,380951,380953,35,2866,25,M_6653,Other
6654,booknlp,COREF,219,he,380972,380974,35,2866,25,M_6654,Other
6655,exp,exp_name,mr todd,Mr Todd,380981,380988,19,2866,25,M_6655,PROPN
6656,pdnc,qID,Q2300-0,my friend,381010,381019,35,2867,25,M_6656,Other
6657,pdnc,qID,Q2300-0,you,381021,381024,35,2867,25,M_6657,Other
6658,pdnc,qID,Q2300-0,you,381119,381122,35,2867,25,M_6658,Other
6659,booknlp,COREF,219,me,381178,381180,35,2868,25,M_6659,Other
6660,booknlp,COREF,219,I,381185,381186,35,2869,25,M_6660,Other
6661,pdnc,qID,Q2302-0,you,381197,381200,35,2869,25,M_6661,Other
6662,pdnc,qID,Q2302-0,you,381219,381222,35,2869,25,M_6662,Other
6663,pdnc,qID,Q2302-0,you,381279,381282,35,2869,25,M_6663,Other
6664,pdnc,qID,Q2302-0,you,381301,381304,35,2869,25,M_6664,Other
6665,pdnc,qID,Q2303-0,You,381315,381318,19,2870,25,M_6665,Other
6666,booknlp,COREF,219,my,381332,381334,35,2870,25,M_6666,Other
6667,pdnc,qID,Q2304-0,You,381354,381357,35,2871,25,M_6667,Other
6668,booknlp,COREF,219,I,381382,381383,35,2872,25,M_6668,Other
6669,booknlp,COREF,219,I,381392,381393,35,2872,25,M_6669,Other
6670,booknlp,COREF,219,I,381410,381411,35,2872,25,M_6670,Other
6671,booknlp,COREF,219,I,381417,381418,35,2872,25,M_6671,Other
6672,pdnc,qID,Q2306-0,you,381456,381459,35,2873,25,M_6672,Other
6673,exp,exp_name,baby,baby,381467,381471,55,2873,25,M_6673,PROPN
6674,pdnc,qID,Q2306-0,you,381476,381479,35,2873,25,M_6674,Other
6675,booknlp,COREF,219,I,381518,381519,35,2874,25,M_6675,Other
6676,pdnc,qID,Q2308-0,you,381588,381591,35,2875,25,M_6676,Other
6677,booknlp,COREF,219,I,381635,381636,35,2877,25,M_6677,Other
6678,pdnc,qID,Q2310-0,you,381663,381666,35,2877,25,M_6678,Other
6679,pdnc,qID,Q2310-0,you,381729,381732,35,2877,25,M_6679,Other
6680,pdnc,qID,Q2310-0,you,381803,381806,35,2877,25,M_6680,Other
6681,booknlp,COREF,219,I,381823,381824,35,2877,25,M_6681,Other
6682,pdnc,qID,Q2310-0,You,381829,381832,35,2877,25,M_6682,Other
6683,pdnc,qID,Q2310-0,you,381889,381892,35,2877,25,M_6683,Other
6684,booknlp,COREF,219,I,381898,381899,35,2877,25,M_6684,Other
6685,pdnc,qID,Q2310-0,you,381908,381911,35,2877,25,M_6685,Other
6686,pdnc,qID,Q2310-0,you,381931,381934,35,2877,25,M_6686,Other
6687,pdnc,qID,Q2310-0,yourself,381956,381964,35,2877,25,M_6687,Other
6688,booknlp,COREF,219,I,381966,381967,35,2877,25,M_6688,Other
6689,pdnc,qID,Q2310-0,your ,381997,382002,35,2877,25,M_6689,Other
6690,pdnc,qID,Q2310-0,you,382099,382102,35,2877,25,M_6690,Other
6691,booknlp,COREF,219,I,382187,382188,35,2877,25,M_6691,Other
6692,pdnc,qID,Q2310-0,your ,382211,382216,35,2877,25,M_6692,Other
6693,booknlp,COREF,219,I,382293,382294,35,2877,25,M_6693,Other
6694,booknlp,COREF,219,I,382398,382399,35,2877,25,M_6694,Other
6695,booknlp,COREF,219,I,382464,382465,35,2877,25,M_6695,Other
6696,pdnc,qID,Q2310-0,you,382475,382478,35,2877,25,M_6696,Other
6697,pdnc,qID,Q2310-0,you,382501,382504,35,2877,25,M_6697,Other
6698,booknlp,COREF,219,I,382720,382721,35,2877,25,M_6698,Other
6699,exp,exp_name,richard last,Richard Last,383197,383209,25,2880,26,M_6699,PROPN
6700,exp,exp_name,molly last,Molly Last,383300,383310,17,2881,26,M_6700,PROPN
6701,exp,exp_name,molly,Molly,383537,383542,17,2882,26,M_6701,PROPN
6702,exp,exp_name,richard last,Richard Last,383672,383684,25,2883,26,M_6702,PROPN
6703,exp,exp_name,ambrose,Ambrose,383699,383706,4,2883,26,M_6703,PROPN
6704,booknlp,COREF,263,he,383755,383757,4,2883,26,M_6704,Other
6705,exp,exp_name,richard last,Richard Last,383819,383831,25,2883,26,M_6705,PROPN
6706,exp,exp_name,tony,Tony,384109,384113,35,2883,26,M_6706,PROPN
6707,exp,exp_name,agnes,Agnes,384316,384321,2,2884,26,M_6707,PROPN
6708,exp,exp_name,teddy,Teddy,384383,384388,27,2884,26,M_6708,PROPN
6709,exp,exp_name,molly,Molly,384393,384398,17,2884,26,M_6709,PROPN
6710,booknlp,COREF,370,she,384425,384428,2,2884,26,M_6710,Other
6711,exp,exp_name,teddy,Teddy,384472,384477,27,2884,26,M_6711,PROPN
6712,exp,exp_name,mrs last,Mrs Last,384587,384595,21,2885,26,M_6712,PROPN
6713,booknlp,COREF,372,her,384625,384628,21,2885,26,M_6713,Other
6714,exp,exp_name,mrs last,Mrs Last,384771,384779,21,2886,26,M_6714,PROPN
6715,pdnc,qID,Q2311-0,Molly,384787,384792,17,2886,26,M_6715,Other
6716,pdnc,qID,Q2311-0,you,384794,384797,17,2886,26,M_6716,Other
6717,booknlp,COREF,4023,your,384818,384822,17,2886,26,M_6717,Other
6718,booknlp,COREF,372,I,384847,384848,21,2887,26,M_6718,Other
6719,exp,exp_name,mr last,Mr Last,384901,384908,25,2888,26,M_6719,PROPN
6720,booknlp,COREF,4023,you,384949,384952,17,2888,26,M_6720,Other
6721,exp,exp_name,teddy,Teddy,384965,384970,27,2889,26,M_6721,PROPN
6722,exp,exp_name,agnes,Agnes,385192,385197,2,2890,26,M_6722,PROPN
6723,booknlp,COREF,370,she,385209,385212,2,2890,26,M_6723,Other
6724,booknlp,COREF,370,her,385283,385286,2,2890,26,M_6724,Other
6725,booknlp,COREF,370,She,385296,385299,2,2890,26,M_6725,Other
6726,booknlp,COREF,370,her,385307,385310,2,2890,26,M_6726,Other
6727,pdnc,qID,Q2316-0,you,385371,385374,2,2891,26,M_6727,Other
6728,exp,exp_name,mr last,Mr Last,385392,385399,25,2891,26,M_6728,PROPN
6729,exp,exp_name,teddy,Teddy,385450,385455,27,2892,26,M_6729,PROPN
6730,booknlp,COREF,274,I,385458,385459,27,2892,26,M_6730,Other
6731,booknlp,COREF,2323,he,385543,385545,25,2892,26,M_6731,Other
6732,booknlp,COREF,274,me,385576,385578,27,2892,26,M_6732,Other
6733,exp,exp_name,mr tendril,Mr Tendril,385675,385685,69,2893,26,M_6733,PROPN
6734,booknlp,COREF,252,He,385744,385746,69,2893,26,M_6734,Other
6735,booknlp,COREF,252,his,385761,385764,69,2893,26,M_6735,Other
6736,pdnc,qID,Q2318-0,Cousin Tony,385775,385786,35,2893,26,M_6736,PROPN
6737,pdnc,qID,Q2319-0,Cousin Brenda,385838,385851,7,2894,26,M_6737,PROPN
6738,pdnc,qID,Q2319-0,She,385853,385856,7,2894,26,M_6738,Other
6739,pdnc,qID,Q2319-0,she,385874,385877,7,2894,26,M_6739,Other
6740,pdnc,qID,Q2321-0,She,385958,385961,7,2897,26,M_6740,Other
6741,pdnc,qID,Q2321-0,Jock ,385972,385977,11,2897,26,M_6741,PROPN
6742,pdnc,qID,Q2323-0,She,386029,386032,7,2899,26,M_6742,Other
6743,pdnc,qID,Q2323-0,him,386057,386060,11,2899,26,M_6743,Other
6744,exp,exp_name,molly,Molly,386068,386073,17,2899,26,M_6744,PROPN
6745,pdnc,qID,Q2324-0,She,386077,386080,7,2900,26,M_6745,Other
6746,pdnc,qID,Q2324-0,her,386087,386090,7,2900,26,M_6746,Other
6747,exp,exp_name,molly,Molly,386195,386200,17,2902,26,M_6747,PROPN
6748,pdnc,qID,Q2325-1,She,386203,386206,7,2902,26,M_6748,Other
6749,pdnc,qID,Q2325-1,her,386256,386259,7,2902,26,M_6749,Other
6750,pdnc,qID,Q2326-0,Molly,386294,386299,17,2903,26,M_6750,Other
6751,pdnc,qID,Q2327-0,you,386309,386312,21,2904,26,M_6751,Other
6752,pdnc,qID,Q2327-0,you,386318,386321,21,2904,26,M_6752,Other
6753,pdnc,qID,Q2328-0,you,386358,386361,17,2905,26,M_6753,Other
6754,pdnc,qID,Q2328-0,Cousin Brenda,386386,386399,7,2905,26,M_6754,PROPN
6755,pdnc,qID,Q2328-0,She,386420,386423,7,2905,26,M_6755,Other
6756,pdnc,qID,Q2328-0,she,386470,386473,7,2905,26,M_6756,Other
6757,pdnc,qID,Q2328-0,Mr Grant-Menzies,386478,386494,11,2905,26,M_6757,Other
6758,pdnc,qID,Q2329-0,She,386514,386517,7,2906,26,M_6758,Other
6759,pdnc,qID,Q2329-0,she,386553,386556,7,2906,26,M_6759,Other
6760,exp,exp_name,agnes,Agnes,386582,386587,2,2906,26,M_6760,PROPN
6761,booknlp,COREF,274,I,386597,386598,27,2907,26,M_6761,Other
6762,exp,exp_name,teddy,Teddy,386621,386626,27,2907,26,M_6762,PROPN
6763,exp,exp_name,lady st cloud,Lady St Cloud,386941,386954,13,2909,26,M_6763,PROPN
6764,exp,exp_name,aunt frances,Aunt Frances,386956,386968,58,2909,26,M_6764,PROPN
6765,exp,exp_name,tony,Tony,387030,387034,35,2909,26,M_6765,PROPN
6766,exp,exp_name,colonel inch,Colonel Inch,387196,387208,52,2909,26,M_6766,PROPN
6767,exp,exp_name,richard last,Richard Last,387210,387222,25,2909,26,M_6767,PROPN
6768,exp,exp_name,teddy,Teddy,387227,387232,27,2909,26,M_6768,PROPN
6769,exp,exp_name,mr tendril,Mr Tendril,387287,387297,69,2909,26,M_6769,PROPN
6770,booknlp,COREF,252,he,387402,387404,69,2909,26,M_6770,Other
6771,exp,exp_name,richard last,Richard Last,387834,387846,25,2912,26,M_6771,PROPN
6772,exp,exp_name,lady st cloud,Lady St Cloud,387851,387864,13,2912,26,M_6772,PROPN
6773,booknlp,COREF,252,I,387908,387909,69,2913,26,M_6773,Other
6774,booknlp,COREF,252,he,387934,387936,69,2913,26,M_6774,Other
6775,pdnc,qID,Q2331-1,You,387944,387947,13,2913,26,M_6775,Other
6776,booknlp,COREF,252,I,387954,387955,69,2913,26,M_6776,Other
6777,exp,exp_name,mrs beaver,Mrs Beaver,388014,388024,75,2913,26,M_6777,PROPN
6778,booknlp,COREF,252,me,388039,388041,69,2913,26,M_6778,Other
6779,pdnc,qID,Q2331-1,Tony,388065,388069,35,2913,26,M_6779,PROPN
6780,booknlp,COREF,252,I,388093,388094,69,2913,26,M_6780,Other
6781,pdnc,qID,Q2331-1,Tony,388154,388158,35,2913,26,M_6781,PROPN
6782,pdnc,qID,Q2333-0,Tony,388228,388232,35,2915,26,M_6782,PROPN
6783,pdnc,qID,Q2333-0,he,388260,388262,35,2915,26,M_6783,Other
6784,booknlp,COREF,252,I,388496,388497,69,2915,26,M_6784,Other
6785,pdnc,qID,Q2333-0,he,388517,388519,35,2915,26,M_6785,Other
6786,booknlp,COREF,303,I,388630,388631,13,2916,26,M_6786,Other
6787,pdnc,qID,Q2334-0,he,388638,388640,35,2916,26,M_6787,Other
6788,exp,exp_name,lady st cloud,Lady St Cloud,388674,388687,13,2916,26,M_6788,PROPN
6789,exp,exp_name,teddy,Teddy,388746,388751,27,2918,26,M_6789,PROPN
6790,booknlp,COREF,274,his,388775,388778,27,2918,26,M_6790,Other
6791,booknlp,COREF,274,He,388788,388790,27,2918,26,M_6791,Other
6792,booknlp,COREF,274,himself,388802,388809,27,2918,26,M_6792,Other
6793,booknlp,COREF,274,his,388858,388861,27,2918,26,M_6793,Other
6794,booknlp,COREF,274,he,388895,388897,27,2918,26,M_6794,Other
6795,booknlp,COREF,274,his,388905,388908,27,2918,26,M_6795,Other
6796,booknlp,COREF,274,he,388955,388957,27,2918,26,M_6796,Other
6797,booknlp,COREF,274,he,389078,389080,27,2919,26,M_6797,Other
6798,exp,exp_name,agnes,Agnes,389087,389092,2,2919,26,M_6798,PROPN
6799,booknlp,COREF,274,I,389100,389101,27,2920,26,M_6799,Other
6800,exp,exp_name,frances,Frances,389125,389132,58,2920,26,M_6800,PROPN
6801,exp,exp_name,teddy,Teddy,389462,389467,27,2921,26,M_6801,PROPN
6802,exp,exp_name,ben hacket,Ben Hacket,389472,389482,6,2921,26,M_6802,PROPN
6803,exp,exp_name,teddy,Teddy,389596,389601,27,2922,26,M_6803,PROPN
6804,exp,exp_name,teddy,Teddy,389701,389706,27,2923,26,M_6804,PROPN
6805,booknlp,COREF,274,his,389716,389719,27,2923,26,M_6805,Other
6806,booknlp,COREF,274,he,389783,389785,27,2923,26,M_6806,Other
6807,booknlp,COREF,274,his,389866,389869,27,2923,26,M_6807,Other
6808,exp,exp_name,tony,Tony,389877,389881,35,2923,26,M_6808,PROPN
