,source,idColName,iden,text,startByte,endByte,pdncID,paraID,chapID,mID,mention_type
0,exp,exp_name,dorian gray,Dorian Gray,15,26,4,1,-1,M_0,PROPN
1,exp,exp_name,the artist,The artist,58,68,39,4,-1,M_1,PROPN
2,exp,exp_name,the artist,the artist,131,141,39,4,-1,M_2,PROPN
3,exp,exp_name,man,man,934,937,30,9,-1,M_3,PROPN
4,exp,exp_name,the artist,the artist,974,984,39,9,-1,M_4,PROPN
5,exp,exp_name,the artist,The artist,1272,1282,39,9,-1,M_5,PROPN
6,exp,exp_name,the artist,the artist,1335,1345,39,9,-1,M_6,PROPN
7,exp,exp_name,the artist,the artist,1392,1402,39,9,-1,M_7,PROPN
8,exp,exp_name,the artist,the artist,1890,1900,39,9,-1,M_8,PROPN
9,booknlp,COREF,357,himself,1919,1926,39,9,-1,M_9,Other
10,exp,exp_name,man,man,1945,1948,30,9,-1,M_10,PROPN
11,booknlp,COREF,357,he,2449,2451,39,14,1,M_11,Other
12,booknlp,COREF,357,his,2479,2482,39,14,1,M_12,Other
13,exp,exp_name,lord henry wotton,Lord Henry Wotton,2515,2532,19,14,1,M_13,PROPN
14,booknlp,COREF,357,him,2932,2935,39,14,1,M_14,Other
15,exp,exp_name,a young man,a young man,3485,3496,28,15,1,M_15,PROPN
16,exp,exp_name,the artist,the artist,3590,3600,39,15,1,M_16,PROPN
17,booknlp,COREF,357,himself,3601,3608,39,15,1,M_17,Other
18,exp,exp_name,basil hallward,Basil Hallward,3610,3624,2,15,1,M_18,PROPN
19,exp,exp_name,the painter,the painter,3762,3773,42,16,1,M_19,PROPN
20,booknlp,COREF,389,he,3813,3815,42,16,1,M_20,Other
21,booknlp,COREF,389,his,3845,3848,42,16,1,M_21,Other
22,booknlp,COREF,389,his,3888,3891,42,16,1,M_22,Other
23,booknlp,COREF,389,he,3936,3938,42,16,1,M_23,Other
24,booknlp,COREF,389,his,3972,3975,42,16,1,M_24,Other
25,booknlp,COREF,389,his,3989,3992,42,16,1,M_25,Other
26,booknlp,COREF,389,he,4026,4028,42,16,1,M_26,Other
27,booknlp,COREF,389,his,4055,4058,42,16,1,M_27,Other
28,booknlp,COREF,389,he,4095,4097,42,16,1,M_28,Other
29,booknlp,COREF,389,he,4105,4107,42,16,1,M_29,Other
30,pdnc,qID,Q0-0,your,4129,4133,2,17,1,M_30,Other
31,pdnc,qID,Q0-0,Basil,4145,4150,2,17,1,M_31,PROPN
32,pdnc,qID,Q0-0,you,4167,4170,2,17,1,M_32,Other
33,exp,exp_name,lord henry,Lord Henry,4193,4203,19,17,1,M_33,PROPN
34,pdnc,qID,Q0-1,You,4216,4219,2,17,1,M_34,Other
35,booknlp,COREF,120,I,4321,4322,19,17,1,M_35,Other
36,booknlp,COREF,120,I,4383,4384,19,17,1,M_36,Other
37,booknlp,COREF,120,I,4470,4471,19,17,1,M_37,Other
38,booknlp,COREF,389,I,4570,4571,42,18,1,M_38,Other
39,booknlp,COREF,389,I,4584,4585,42,18,1,M_39,Other
40,booknlp,COREF,389,he,4611,4613,42,18,1,M_40,Other
41,booknlp,COREF,389,his,4632,4635,42,18,1,M_41,Other
42,booknlp,COREF,389,his,4680,4683,42,18,1,M_42,Other
43,booknlp,COREF,389,him,4701,4704,42,18,1,M_43,Other
44,booknlp,COREF,389,I,4721,4722,42,18,1,M_44,Other
45,exp,exp_name,lord henry,Lord Henry,4749,4759,19,19,1,M_45,PROPN
46,booknlp,COREF,120,his,4769,4772,19,19,1,M_46,Other
47,booknlp,COREF,389,him,4796,4799,42,19,1,M_47,Other
48,booknlp,COREF,120,his,4896,4899,19,19,1,M_48,Other
49,pdnc,qID,Q2-0,My dear fellow,4955,4969,2,19,1,M_49,Other
50,pdnc,qID,Q2-0,you,4981,4984,2,19,1,M_50,Other
51,pdnc,qID,Q2-0,you,5012,5015,2,19,1,M_51,Other
52,pdnc,qID,Q2-0,You,5030,5033,2,19,1,M_52,Other
53,pdnc,qID,Q2-0,you,5092,5095,2,19,1,M_53,Other
54,pdnc,qID,Q2-0,you,5106,5109,2,19,1,M_54,Other
55,pdnc,qID,Q2-0,you,5156,5159,2,19,1,M_55,Other
56,pdnc,qID,Q2-0,you,5300,5303,2,19,1,M_56,Other
57,booknlp,COREF,389,I,5427,5428,42,20,1,M_57,Other
58,pdnc,qID,Q3-0,you,5434,5437,19,20,1,M_58,Other
59,booknlp,COREF,389,me,5452,5454,42,20,1,M_59,Other
60,booknlp,COREF,389,he,5457,5459,42,20,1,M_60,Other
61,booknlp,COREF,389,I,5474,5475,42,20,1,M_61,Other
62,booknlp,COREF,389,I,5501,5502,42,20,1,M_62,Other
63,booknlp,COREF,389,myself,5524,5530,42,20,1,M_63,Other
64,exp,exp_name,lord henry,Lord Henry,5542,5552,19,21,1,M_64,PROPN
65,booknlp,COREF,120,himself,5563,5570,19,21,1,M_65,Other
66,booknlp,COREF,120,I,5608,5609,19,22,1,M_66,Other
67,pdnc,qID,Q4-0,you,5615,5618,19,22,1,M_67,Other
68,booknlp,COREF,120,my,5698,5700,19,23,1,M_68,Other
69,pdnc,qID,Q5-0,Basil,5707,5712,2,23,1,M_69,PROPN
70,booknlp,COREF,120,I,5714,5715,19,23,1,M_70,Other
71,pdnc,qID,Q5-0,you,5728,5731,2,23,1,M_71,Other
72,booknlp,COREF,120,I,5750,5751,19,23,1,M_72,Other
73,pdnc,qID,Q5-0,you,5793,5796,2,23,1,M_73,Other
74,pdnc,qID,Q5-0,your,5803,5807,2,23,1,M_74,Other
75,pdnc,qID,Q5-0,your,5831,5835,2,23,1,M_75,Other
76,pdnc,qID,Q5-0,this young Adonis,5857,5874,4,23,1,M_76,Other
77,pdnc,qID,Q5-0,he,5892,5894,4,23,1,M_77,Other
78,pdnc,qID,Q5-0,my dear Basil,5939,5952,2,23,1,M_78,Other
79,pdnc,qID,Q5-0,he,5954,5956,4,23,1,M_79,Other
80,pdnc,qID,Q5-0,you,5977,5980,2,23,1,M_80,Other
81,pdnc,qID,Q5-0,you,5997,6000,2,23,1,M_81,Other
82,booknlp,COREF,121,Your,6636,6640,2,23,1,M_82,Other
83,pdnc,qID,Q5-0,you,6677,6680,2,23,1,M_83,Other
84,booknlp,COREF,120,me,6697,6699,19,23,1,M_84,Other
85,booknlp,COREF,120,me,6737,6739,19,23,1,M_85,Other
86,booknlp,COREF,120,I,6755,6756,19,23,1,M_86,Other
87,pdnc,qID,Q5-0,He,6782,6784,4,23,1,M_87,Other
88,booknlp,COREF,121,yourself,6984,6992,2,23,1,M_88,Other
89,pdnc,qID,Q5-0,Basil,6994,6999,2,23,1,M_89,PROPN
90,pdnc,qID,Q5-0,you,7001,7004,2,23,1,M_90,Other
91,pdnc,qID,Q5-0,him,7031,7034,4,23,1,M_91,Other
92,pdnc,qID,Q6-0,You,7039,7042,19,24,1,M_92,Other
93,booknlp,COREF,357,me,7060,7062,39,24,1,M_93,Other
94,pdnc,qID,Q6-0,Harry,7064,7069,19,24,1,M_94,PROPN
95,exp,exp_name,the artist,the artist,7081,7091,39,24,1,M_95,PROPN
96,booknlp,COREF,357,I,7104,7105,39,24,1,M_96,Other
97,pdnc,qID,Q6-1,him,7118,7121,4,24,1,M_97,Other
98,booknlp,COREF,357,I,7123,7124,39,24,1,M_98,Other
99,booknlp,COREF,357,I,7159,7160,39,24,1,M_99,Other
100,pdnc,qID,Q6-1,him,7190,7193,4,24,1,M_100,Other
101,pdnc,qID,Q6-1,You,7195,7198,19,24,1,M_101,Other
102,pdnc,qID,Q6-1,your,7205,7209,19,24,1,M_102,Other
103,booknlp,COREF,357,I,7221,7222,39,24,1,M_103,Other
104,pdnc,qID,Q6-1,you,7234,7237,19,24,1,M_104,Other
105,pdnc,qID,Q6-1,They,7515,7519,19,24,1,M_105,Other
106,pdnc,qID,Q6-1,their,7531,7536,19,24,1,M_106,Other
107,pdnc,qID,Q6-1,They,7647,7651,13,24,1,M_107,Other
108,pdnc,qID,Q6-1,Your,7802,7806,19,24,1,M_108,Other
109,pdnc,qID,Q6-1,Harry,7824,7829,19,24,1,M_109,PROPN
110,booknlp,COREF,357,my,7831,7833,39,24,1,M_110,Other
111,booknlp,COREF,357,my,7859,7861,39,24,1,M_111,Other
112,pdnc,qID,Q6-1,Dorian Gray,7893,7904,4,24,1,M_112,PROPN
113,pdnc,qID,Q7-0,Dorian Gray,7991,8002,4,25,1,M_113,PROPN
114,pdnc,qID,Q7-0,his,8012,8015,4,25,1,M_114,Other
115,exp,exp_name,lord henry,Lord Henry,8029,8039,19,25,1,M_115,PROPN
116,exp,exp_name,basil hallward,Basil Hallward,8075,8089,2,25,1,M_116,PROPN
117,pdnc,qID,Q8-0,his,8106,8109,4,26,1,M_117,Other
118,booknlp,COREF,120,I,8116,8117,19,26,1,M_118,Other
119,pdnc,qID,Q8-0,you,8146,8149,19,26,1,M_119,Other
120,booknlp,COREF,120,I,8174,8175,19,28,1,M_120,Other
121,booknlp,COREF,120,I,8196,8197,19,28,1,M_121,Other
122,booknlp,COREF,120,I,8221,8222,19,28,1,M_122,Other
123,booknlp,COREF,120,I,8298,8299,19,28,1,M_123,Other
124,booknlp,COREF,120,I,8476,8477,19,28,1,M_124,Other
125,booknlp,COREF,120,I,8493,8494,19,28,1,M_125,Other
126,booknlp,COREF,120,my,8506,8508,19,28,1,M_126,Other
127,booknlp,COREF,120,I,8522,8523,19,28,1,M_127,Other
128,booknlp,COREF,120,I,8537,8538,19,28,1,M_128,Other
129,booknlp,COREF,120,I,8544,8545,19,28,1,M_129,Other
130,booknlp,COREF,120,my,8561,8563,19,28,1,M_130,Other
131,booknlp,COREF,120,I,8595,8596,19,28,1,M_131,Other
132,booknlp,COREF,120,I,8678,8679,19,28,1,M_132,Other
133,pdnc,qID,Q10-0,you,8688,8691,19,28,1,M_133,Other
134,booknlp,COREF,120,me,8698,8700,19,28,1,M_134,Other
135,exp,exp_name,lord henry,Lord Henry,8752,8762,19,29,1,M_135,PROPN
136,pdnc,qID,Q11-1,my dear Basil,8777,8790,2,29,1,M_136,Other
137,pdnc,qID,Q11-1,You,8792,8795,2,29,1,M_137,Other
138,booknlp,COREF,120,I,8816,8817,19,29,1,M_138,Other
139,booknlp,COREF,120,I,8936,8937,19,29,1,M_139,Other
140,pdnc,qID,Q11-1,my wife,8955,8962,15,29,1,M_140,Other
141,pdnc,qID,Q11-1,my wife,8971,8978,15,29,1,M_141,Other
142,booknlp,COREF,120,I,8996,8997,19,29,1,M_142,Other
143,pdnc,qID,Q11-1,we,9013,9015,19,29,1,M_143,Other
144,pdnc,qID,Q11-1,we,9021,9023,19,29,1,M_144,Other
145,pdnc,qID,Q11-1,we,9051,9053,19,29,1,M_145,Other
146,pdnc,qID,Q11-1,we,9098,9100,19,29,1,M_146,Other
147,pdnc,qID,Q11-1,My wife,9170,9177,15,29,1,M_147,Other
148,booknlp,COREF,120,I,9224,9225,19,29,1,M_148,Other
149,pdnc,qID,Q11-1,She,9230,9233,15,29,1,M_149,Other
150,pdnc,qID,Q11-1,her,9259,9262,15,29,1,M_150,Other
151,booknlp,COREF,120,I,9274,9275,19,29,1,M_151,Other
152,pdnc,qID,Q11-1,she,9296,9299,15,29,1,M_152,Other
153,booknlp,COREF,120,me,9310,9312,19,29,1,M_153,Other
154,pdnc,qID,Q11-1,she,9318,9321,15,29,1,M_154,Other
155,booknlp,COREF,120,I,9343,9344,19,29,1,M_155,Other
156,pdnc,qID,Q11-1,she,9360,9363,15,29,1,M_156,Other
157,pdnc,qID,Q11-1,she,9375,9378,15,29,1,M_157,Other
158,booknlp,COREF,120,me,9396,9398,19,29,1,M_158,Other
159,booknlp,COREF,121,I,9403,9404,2,30,1,M_159,Other
160,pdnc,qID,Q12-0,you,9418,9421,19,30,1,M_160,Other
161,pdnc,qID,Q12-0,your,9433,9437,19,30,1,M_161,Other
162,pdnc,qID,Q12-0,Harry,9452,9457,19,30,1,M_162,PROPN
163,exp,exp_name,basil hallward,Basil Hallward,9465,9479,2,30,1,M_163,PROPN
164,booknlp,COREF,121,I,9535,9536,2,30,1,M_164,Other
165,pdnc,qID,Q12-1,you,9550,9553,19,30,1,M_165,Other
166,pdnc,qID,Q12-1,you,9595,9598,19,30,1,M_166,Other
167,pdnc,qID,Q12-1,your,9625,9629,19,30,1,M_167,Other
168,pdnc,qID,Q12-1,You,9643,9646,19,30,1,M_168,Other
169,pdnc,qID,Q12-1,You,9676,9679,19,30,1,M_169,Other
170,pdnc,qID,Q12-1,you,9709,9712,19,30,1,M_170,Other
171,pdnc,qID,Q12-1,Your,9737,9741,19,30,1,M_171,Other
172,booknlp,COREF,120,I,9833,9834,19,31,1,M_172,Other
173,exp,exp_name,lord henry,Lord Henry,9848,9858,19,31,1,M_173,PROPN
174,exp,exp_name,lord henry,Lord Henry,10127,10137,19,32,1,M_174,PROPN
175,booknlp,COREF,120,his,10149,10152,19,32,1,M_175,Other
176,booknlp,COREF,120,I,10161,10162,19,32,1,M_176,Other
177,booknlp,COREF,120,I,10173,10174,19,32,1,M_177,Other
178,pdnc,qID,Q14-0,Basil,10190,10195,2,32,1,M_178,PROPN
179,booknlp,COREF,120,he,10198,10200,19,32,1,M_179,Other
180,booknlp,COREF,120,I,10223,10224,19,32,1,M_180,Other
181,booknlp,COREF,120,I,10229,10230,19,32,1,M_181,Other
182,pdnc,qID,Q14-1,your,10241,10245,2,32,1,M_182,Other
183,booknlp,COREF,120,I,10267,10268,19,32,1,M_183,Other
184,pdnc,qID,Q14-1,you,10276,10279,2,32,1,M_184,Other
185,exp,exp_name,the painter,the painter,10318,10329,42,33,1,M_185,PROPN
186,booknlp,COREF,389,his,10339,10342,42,33,1,M_186,Other
187,pdnc,qID,Q16-0,You,10371,10374,2,34,1,M_187,Other
188,booknlp,COREF,389,I,10395,10396,42,35,1,M_188,Other
189,pdnc,qID,Q17-0,Harry,10405,10410,19,35,1,M_189,PROPN
190,booknlp,COREF,120,I,10421,10422,19,36,1,M_190,Other
191,pdnc,qID,Q18-0,you,10433,10436,2,36,1,M_191,Other
192,booknlp,COREF,120,I,10449,10450,19,36,1,M_192,Other
193,pdnc,qID,Q18-0,you,10456,10459,2,36,1,M_193,Other
194,booknlp,COREF,120,me,10474,10476,19,36,1,M_194,Other
195,pdnc,qID,Q18-0,you,10481,10484,2,36,1,M_195,Other
196,pdnc,qID,Q18-0,Dorian Gray,10499,10510,4,36,1,M_196,PROPN
197,booknlp,COREF,120,I,10522,10523,19,36,1,M_197,Other
198,booknlp,COREF,389,I,10549,10550,42,37,1,M_198,Other
199,pdnc,qID,Q19-0,you,10556,10559,19,37,1,M_199,Other
200,pdnc,qID,Q20-0,you,10584,10587,2,38,1,M_200,Other
201,pdnc,qID,Q20-0,You,10597,10600,2,38,1,M_201,Other
202,booknlp,COREF,121,yourself,10643,10651,2,38,1,M_202,Other
203,pdnc,qID,Q21-0,Harry,10685,10690,19,39,1,M_203,PROPN
204,exp,exp_name,basil hallward,Basil Hallward,10698,10712,2,39,1,M_204,PROPN
205,booknlp,COREF,389,him,10722,10725,42,39,1,M_205,Other
206,exp,exp_name,the artist,the artist,10810,10820,39,39,1,M_206,PROPN
207,exp,exp_name,the painter,the painter,10922,10933,42,39,1,M_207,PROPN
208,exp,exp_name,the painter,the painter,10948,10959,42,39,1,M_208,PROPN
209,booknlp,COREF,121,I,11017,11018,2,39,1,M_209,Other
210,booknlp,COREF,121,I,11057,11058,2,39,1,M_210,Other
211,booknlp,COREF,121,I,11074,11075,2,39,1,M_211,Other
212,booknlp,COREF,121,my,11107,11109,2,39,1,M_212,Other
213,exp,exp_name,lord henry,Lord Henry,11122,11132,19,40,1,M_213,PROPN
214,booknlp,COREF,120,he,11162,11164,19,40,1,M_214,Other
215,booknlp,COREF,121,I,11174,11175,2,41,1,M_215,Other
216,pdnc,qID,Q23-0,you,11186,11189,19,41,1,M_216,Other
217,exp,exp_name,hallward,Hallward,11197,11205,2,41,1,M_217,PROPN
218,booknlp,COREF,121,his,11249,11252,2,41,1,M_218,Other
219,pdnc,qID,Q24-0,Basil,11283,11288,2,42,1,M_219,PROPN
220,booknlp,COREF,120,his,11301,11304,19,42,1,M_220,Other
221,booknlp,COREF,120,him,11328,11331,19,42,1,M_221,Other
222,pdnc,qID,Q25-0,Harry,11376,11381,19,43,1,M_222,PROPN
223,exp,exp_name,the painter,the painter,11393,11404,42,43,1,M_223,PROPN
224,booknlp,COREF,389,I,11411,11412,42,43,1,M_224,Other
225,pdnc,qID,Q25-1,you,11423,11426,19,43,1,M_225,Other
226,pdnc,qID,Q25-1,you,11462,11465,19,43,1,M_226,Other
227,exp,exp_name,lord henry,Lord Henry,11492,11502,19,44,1,M_227,PROPN
228,booknlp,COREF,120,I,11592,11593,19,44,1,M_228,Other
229,booknlp,COREF,120,I,11608,11609,19,44,1,M_229,Other
230,booknlp,COREF,120,he,11632,11634,19,44,1,M_230,Other
231,booknlp,COREF,120,I,11734,11735,19,44,1,M_231,Other
232,exp,exp_name,lord henry,Lord Henry,12066,12076,19,45,1,M_232,PROPN
233,booknlp,COREF,120,he,12088,12090,19,45,1,M_233,Other
234,exp,exp_name,basil hallward,Basil Hallward,12102,12116,2,45,1,M_234,PROPN
235,exp,exp_name,the painter,the painter,12198,12209,42,46,1,M_235,PROPN
236,booknlp,COREF,389,I,12243,12244,42,46,1,M_236,Other
237,booknlp,COREF,120,You,12280,12283,19,46,1,M_237,Other
238,pdnc,qID,Q27-1,you,12450,12453,19,46,1,M_238,Other
239,booknlp,COREF,389,me,12459,12461,42,46,1,M_239,Other
240,booknlp,COREF,389,I,12553,12554,42,46,1,M_240,Other
241,booknlp,COREF,389,I,12658,12659,42,46,1,M_241,Other
242,booknlp,COREF,389,me,12715,12717,42,46,1,M_242,Other
243,booknlp,COREF,389,I,12719,12720,42,46,1,M_243,Other
244,pdnc,qID,Q27-1,Dorian Gray,12751,12762,4,46,1,M_244,PROPN
245,booknlp,COREF,389,I,12802,12803,42,46,1,M_245,Other
246,booknlp,COREF,389,I,12814,12815,42,46,1,M_246,Other
247,booknlp,COREF,389,me,12874,12876,42,46,1,M_247,Other
248,booknlp,COREF,389,I,12878,12879,42,46,1,M_248,Other
249,booknlp,COREF,389,I,12890,12891,42,46,1,M_249,Other
250,booknlp,COREF,389,I,12979,12980,42,46,1,M_250,Other
251,booknlp,COREF,389,my,13018,13020,42,46,1,M_251,Other
252,booknlp,COREF,389,my,13035,13037,42,46,1,M_252,Other
253,booknlp,COREF,389,my,13050,13052,42,46,1,M_253,Other
254,booknlp,COREF,389,I,13070,13071,42,46,1,M_254,Other
255,booknlp,COREF,389,my,13111,13113,42,46,1,M_255,Other
256,pdnc,qID,Q27-1,You,13120,13123,19,46,1,M_256,Other
257,pdnc,qID,Q27-1,Harry,13139,13144,19,46,1,M_257,PROPN
258,booknlp,COREF,389,I,13162,13163,42,46,1,M_258,Other
259,booknlp,COREF,389,I,13178,13179,42,46,1,M_259,Other
260,booknlp,COREF,389,my,13197,13199,42,46,1,M_260,Other
261,booknlp,COREF,389,I,13246,13247,42,46,1,M_261,Other
262,pdnc,qID,Q27-1,Dorian Gray,13252,13263,4,46,1,M_262,PROPN
263,booknlp,COREF,389,I,13274,13275,42,46,1,M_263,Other
264,pdnc,qID,Q27-1,you,13308,13311,19,46,1,M_264,Other
265,booknlp,COREF,389,me,13338,13340,42,46,1,M_265,Other
266,booknlp,COREF,389,I,13346,13347,42,46,1,M_266,Other
267,booknlp,COREF,389,my,13389,13391,42,46,1,M_267,Other
268,booknlp,COREF,389,I,13398,13399,42,46,1,M_268,Other
269,booknlp,COREF,389,me,13449,13451,42,46,1,M_269,Other
270,booknlp,COREF,389,I,13490,13491,42,46,1,M_270,Other
271,booknlp,COREF,389,me,13565,13567,42,46,1,M_271,Other
272,booknlp,COREF,389,I,13603,13604,42,46,1,M_272,Other
273,booknlp,COREF,389,myself,13623,13629,42,46,1,M_273,Other
274,pdnc,qID,Q28-0,Basil,13708,13713,2,47,1,M_274,PROPN
275,booknlp,COREF,389,I,13773,13774,42,48,1,M_275,Other
276,pdnc,qID,Q29-0,Harry,13795,13800,19,48,1,M_276,PROPN
277,booknlp,COREF,389,I,13806,13807,42,48,1,M_277,Other
278,pdnc,qID,Q29-0,you,13822,13825,19,48,1,M_278,Other
279,booknlp,COREF,389,my,13859,13861,42,48,1,M_279,Other
280,booknlp,COREF,389,I,13901,13902,42,48,1,M_280,Other
281,booknlp,COREF,389,I,13925,13926,42,48,1,M_281,Other
282,booknlp,COREF,389,I,13978,13979,42,48,1,M_282,Other
283,booknlp,COREF,120,You,14012,14015,19,48,1,M_283,Other
284,exp,exp_name,hallward,Hallward,14055,14063,2,48,1,M_284,PROPN
285,pdnc,qID,Q30-0,You,14084,14087,19,48,1,M_285,Other
286,exp,exp_name,lord henry,Lord Henry,14178,14188,19,49,1,M_286,PROPN
287,booknlp,COREF,120,his,14221,14224,19,49,1,M_287,Other
288,booknlp,COREF,389,I,14249,14250,42,50,1,M_288,Other
289,booknlp,COREF,389,me,14289,14291,42,50,1,M_289,Other
290,booknlp,COREF,389,me,14415,14417,42,50,1,M_290,Other
291,pdnc,qID,Q32-0,her dearest friend,14421,14439,2,50,1,M_291,Other
292,booknlp,COREF,389,I,14441,14442,42,50,1,M_292,Other
293,booknlp,COREF,389,me,14514,14516,42,50,1,M_293,Other
294,booknlp,COREF,389,I,14518,14519,42,50,1,M_294,Other
295,booknlp,COREF,389,mine,14544,14548,42,50,1,M_295,Other
296,booknlp,COREF,389,I,14712,14713,42,50,1,M_296,Other
297,booknlp,COREF,389,myself,14720,14726,42,50,1,M_297,Other
298,pdnc,qID,Q32-0,the young man whose personality had so strangely stirred me,14745,14804,4,50,1,M_298,Other
299,booknlp,COREF,389,me,14883,14885,42,50,1,M_299,Other
300,booknlp,COREF,389,I,14891,14892,42,50,1,M_300,Other
301,booknlp,COREF,389,me,14925,14927,42,50,1,M_301,Other
302,pdnc,qID,Q32-0,him,14931,14934,4,50,1,M_302,Other
303,booknlp,COREF,389,I,15066,15067,42,50,1,M_303,Other
304,pdnc,qID,Q32-0,Dorian,15085,15091,4,50,1,M_304,Other
305,booknlp,COREF,389,me,15097,15099,42,50,1,M_305,Other
306,pdnc,qID,Q32-0,He,15115,15117,4,50,1,M_306,Other
307,pdnc,qID,Q33-0,this wonderful young man,15208,15232,4,51,1,M_307,Other
308,pdnc,qID,Q34-0,You,15836,15839,19,52,1,M_308,Other
309,pdnc,qID,Q34-0,Harry,15857,15862,19,52,1,M_309,PROPN
310,exp,exp_name,hallward,Hallward,15870,15878,2,52,1,M_310,PROPN
311,pdnc,qID,Q35-0,My dear fellow,15893,15907,2,53,1,M_311,Other
312,pdnc,qID,Q35-0,Mr. Dorian Gray,16043,16058,4,53,1,M_312,PROPN
313,exp,exp_name,mother,mother,16107,16113,40,54,1,M_313,PROPN
314,exp,exp_name,mr. gray,Mr. Gray,16251,16259,4,54,1,M_314,PROPN
315,exp,exp_name,hallward,Hallward,16474,16482,2,56,1,M_315,PROPN
316,booknlp,COREF,121,his,16489,16492,2,56,1,M_316,Other
317,pdnc,qID,Q39-0,You,16500,16503,19,56,1,M_317,Other
318,pdnc,qID,Q39-0,Harry,16541,16546,19,56,1,M_318,PROPN
319,booknlp,COREF,121,he,16549,16551,2,56,1,M_319,Other
320,pdnc,qID,Q39-1,You,16598,16601,19,56,1,M_320,Other
321,pdnc,qID,Q39-1,you,16634,16637,19,56,1,M_321,Other
322,pdnc,qID,Q40-0,you,16694,16697,2,57,1,M_322,Other
323,exp,exp_name,lord henry,Lord Henry,16706,16716,19,57,1,M_323,PROPN
324,booknlp,COREF,120,his,16726,16729,19,57,1,M_324,Other
325,pdnc,qID,Q40-1,you,16912,16915,2,57,1,M_325,Other
326,booknlp,COREF,120,I,16917,16918,19,57,1,M_326,Other
327,booknlp,COREF,120,I,16959,16960,19,57,1,M_327,Other
328,booknlp,COREF,120,my,16968,16970,19,57,1,M_328,Other
329,pdnc,qID,Q40-1,their,16983,16988,2,57,1,M_329,Other
330,booknlp,COREF,120,my,17001,17003,19,57,1,M_330,Other
331,booknlp,COREF,120,my,17049,17051,19,57,1,M_331,Other
332,exp,exp_name,man,man,17089,17092,30,57,1,M_332,PROPN
333,booknlp,COREF,120,I,17145,17146,19,57,1,M_333,Other
334,booknlp,COREF,120,me,17261,17263,19,57,1,M_334,Other
335,booknlp,COREF,120,me,17286,17288,19,57,1,M_335,Other
336,booknlp,COREF,120,I,17290,17291,19,57,1,M_336,Other
337,pdnc,qID,Q41-0,Harry,17343,17348,19,58,1,M_337,PROPN
338,pdnc,qID,Q41-0,your,17367,17371,19,58,1,M_338,Other
339,pdnc,qID,Q42-0,My dear old Basil,17418,17435,2,59,1,M_339,Other
340,pdnc,qID,Q42-0,you,17437,17440,2,59,1,M_340,Other
341,booknlp,COREF,120,I,17556,17557,19,61,1,M_341,Other
342,booknlp,COREF,120,My,17583,17585,19,61,1,M_342,Other
343,booknlp,COREF,120,my,17615,17617,19,61,1,M_343,Other
344,pdnc,qID,Q45-0,Harry,17670,17675,19,62,1,M_344,PROPN
345,exp,exp_name,hallward,Hallward,17688,17696,2,62,1,M_345,PROPN
346,pdnc,qID,Q46-0,My dear fellow,17710,17724,2,63,1,M_346,Other
347,booknlp,COREF,120,I,17726,17727,19,63,1,M_347,Other
348,booknlp,COREF,120,I,17754,17755,19,63,1,M_348,Other
349,booknlp,COREF,120,my,17777,17779,19,63,1,M_349,Other
350,booknlp,COREF,120,I,17791,17792,19,63,1,M_350,Other
351,booknlp,COREF,120,I,17900,17901,19,63,1,M_351,Other
352,booknlp,COREF,120,I,18293,18294,19,63,1,M_352,Other
353,pdnc,qID,Q47-0,you,18403,18406,19,64,1,M_353,Other
354,pdnc,qID,Q47-0,Harry,18437,18442,19,64,1,M_354,PROPN
355,pdnc,qID,Q47-0,you,18456,18459,19,64,1,M_355,Other
356,exp,exp_name,lord henry,Lord Henry,18476,18486,19,65,1,M_356,PROPN
357,booknlp,COREF,120,his,18495,18498,19,65,1,M_357,Other
358,booknlp,COREF,120,his,18541,18544,19,65,1,M_358,Other
359,pdnc,qID,Q48-0,you,18607,18610,2,65,1,M_359,Other
360,pdnc,qID,Q48-0,Basil,18615,18620,2,65,1,M_360,PROPN
361,pdnc,qID,Q48-0,you,18646,18649,2,65,1,M_361,Other
362,pdnc,qID,Q48-0,he,18753,18755,4,65,1,M_362,Other
363,pdnc,qID,Q48-0,he,18835,18837,4,65,1,M_363,Other
364,exp,exp_name,the man,the man,18979,18986,10,65,1,M_364,PROPN
365,exp,exp_name,the man,the man,19059,19066,10,65,1,M_365,PROPN
366,pdnc,qID,Q48-0,his,19168,19171,4,65,1,M_366,Other
367,pdnc,qID,Q48-0,his,19179,19182,4,65,1,M_367,Other
368,pdnc,qID,Q48-0,his,19195,19198,4,65,1,M_368,Other
369,booknlp,COREF,120,I,19220,19221,19,65,1,M_369,Other
370,pdnc,qID,Q48-0,you,19288,19291,2,65,1,M_370,Other
371,booknlp,COREF,120,I,19293,19294,19,65,1,M_371,Other
372,booknlp,COREF,120,I,19336,19337,19,65,1,M_372,Other
373,booknlp,COREF,120,me,19415,19417,19,65,1,M_373,Other
374,pdnc,qID,Q48-0,Mr. Dorian Gray,19429,19444,4,65,1,M_374,PROPN
375,pdnc,qID,Q48-0,you,19459,19462,2,65,1,M_375,Other
376,pdnc,qID,Q48-0,him,19467,19470,4,65,1,M_376,Other
377,booknlp,COREF,120,I,19486,19487,19,66,1,M_377,Other
378,booknlp,COREF,120,I,19509,19510,19,66,1,M_378,Other
379,pdnc,qID,Q49-0,him,19522,19525,4,66,1,M_379,Other
380,pdnc,qID,Q49-0,He,19537,19539,4,66,1,M_380,Other
381,booknlp,COREF,120,me,19567,19569,19,66,1,M_381,Other
382,booknlp,COREF,120,I,19593,19594,19,67,1,M_382,Other
383,pdnc,qID,Q50-0,you,19603,19606,2,67,1,M_383,Other
384,pdnc,qID,Q50-0,your,19641,19645,2,67,1,M_384,Other
385,pdnc,qID,Q51-0,He,19654,19656,4,68,1,M_385,Other
386,booknlp,COREF,389,my,19664,19666,42,68,1,M_386,Other
387,booknlp,COREF,389,me,19674,19676,42,68,1,M_387,Other
388,exp,exp_name,the painter,the painter,19688,19699,42,68,1,M_388,PROPN
389,booknlp,COREF,389,I,19710,19711,42,68,1,M_389,Other
390,pdnc,qID,Q51-1,Harry,19729,19734,19,68,1,M_390,PROPN
391,pdnc,qID,Q51-1,Dorian Gray,20051,20062,4,68,1,M_391,PROPN
392,booknlp,COREF,389,me,20083,20085,42,68,1,M_392,Other
393,booknlp,COREF,389,I,20109,20110,42,68,1,M_393,Other
394,pdnc,qID,Q51-1,him,20122,20125,4,68,1,M_394,Other
395,pdnc,qID,Q51-1,him,20137,20140,4,68,1,M_395,Other
396,pdnc,qID,Q51-1,him,20154,20157,4,68,1,M_396,Other
397,booknlp,COREF,389,I,20170,20171,42,68,1,M_397,Other
398,pdnc,qID,Q51-1,he,20196,20198,4,68,1,M_398,Other
399,booknlp,COREF,389,me,20215,20217,42,68,1,M_399,Other
400,booknlp,COREF,389,I,20244,20245,42,68,1,M_400,Other
401,pdnc,qID,Q51-1,you,20257,20260,19,68,1,M_401,Other
402,booknlp,COREF,389,I,20266,20267,42,68,1,M_402,Other
403,booknlp,COREF,389,I,20294,20295,42,68,1,M_403,Other
404,pdnc,qID,Q51-1,him,20309,20312,4,68,1,M_404,Other
405,pdnc,qID,Q51-1,his,20322,20325,4,68,1,M_405,Other
406,booknlp,COREF,389,I,20415,20416,42,68,1,M_406,Other
407,booknlp,COREF,389,I,20436,20437,42,68,1,M_407,Other
408,booknlp,COREF,389,I,20455,20456,42,68,1,M_408,Other
409,pdnc,qID,Q51-1,Dorian Gray,20461,20472,4,68,1,M_409,PROPN
410,booknlp,COREF,389,my,20508,20510,42,68,1,M_410,Other
411,booknlp,COREF,389,I,20541,20542,42,68,1,M_411,Other
412,pdnc,qID,Q51-1,you,20555,20558,19,68,1,M_412,Other
413,booknlp,COREF,389,me,20570,20572,42,68,1,M_413,Other
414,pdnc,qID,Q51-1,his,20574,20577,4,68,1,M_414,Other
415,booknlp,COREF,389,me,20607,20609,42,68,1,M_415,Other
416,booknlp,COREF,389,I,20672,20673,42,68,1,M_416,Other
417,booknlp,COREF,389,I,20698,20699,42,68,1,M_417,Other
418,pdnc,qID,Q51-1,them,20709,20713,4,68,1,M_418,Other
419,booknlp,COREF,389,I,20727,20728,42,68,1,M_419,Other
420,booknlp,COREF,389,me,20781,20783,42,68,1,M_420,Other
421,booknlp,COREF,389,I,20854,20855,42,68,1,M_421,Other
422,pdnc,qID,Q51-2,Dorian Gray,20879,20890,4,68,1,M_422,PROPN
423,booknlp,COREF,389,me,20903,20905,42,68,1,M_423,Other
424,pdnc,qID,Q51-2,this lad,20938,20946,4,68,1,M_424,Other
425,pdnc,qID,Q51-2,he,20951,20953,4,68,1,M_425,Other
426,booknlp,COREF,389,me,20963,20965,42,68,1,M_426,Other
427,pdnc,qID,Q51-2,he,20997,20999,4,68,1,M_427,Other
428,pdnc,qID,Q51-2,his,21022,21025,4,68,1,M_428,Other
429,booknlp,COREF,389,I,21054,21055,42,68,1,M_429,Other
430,pdnc,qID,Q51-2,you,21067,21070,19,68,1,M_430,Other
431,pdnc,qID,Q51-2,he,21114,21116,4,68,1,M_431,Other
432,booknlp,COREF,389,me,21129,21131,42,68,1,M_432,Other
433,pdnc,qID,Q51-2,Harry,21439,21444,19,68,1,M_433,PROPN
434,pdnc,qID,Q51-2,you,21449,21452,19,68,1,M_434,Other
435,pdnc,qID,Q51-2,Dorian Gray,21468,21479,4,68,1,M_435,PROPN
436,booknlp,COREF,389,me,21486,21488,42,68,1,M_436,Other
437,pdnc,qID,Q51-2,You,21490,21493,19,68,1,M_437,Other
438,booknlp,COREF,389,me,21551,21553,42,68,1,M_438,Other
439,booknlp,COREF,389,I,21582,21583,42,68,1,M_439,Other
440,booknlp,COREF,389,I,21634,21635,42,68,1,M_440,Other
441,booknlp,COREF,389,I,21685,21686,42,68,1,M_441,Other
442,pdnc,qID,Q51-2,Dorian Gray,21704,21715,4,68,1,M_442,PROPN
443,booknlp,COREF,389,me,21727,21729,42,68,1,M_443,Other
444,pdnc,qID,Q51-2,him,21765,21768,4,68,1,M_444,Other
445,booknlp,COREF,389,me,21772,21774,42,68,1,M_445,Other
446,booknlp,COREF,389,my,21802,21804,42,68,1,M_446,Other
447,booknlp,COREF,389,I,21810,21811,42,68,1,M_447,Other
448,booknlp,COREF,389,I,21849,21850,42,68,1,M_448,Other
449,pdnc,qID,Q52-0,Basil,21895,21900,2,69,1,M_449,PROPN
450,booknlp,COREF,389,I,21925,21926,42,69,1,M_450,Other
451,pdnc,qID,Q52-0,Dorian Gray,21936,21947,4,69,1,M_451,PROPN
452,exp,exp_name,hallward,Hallward,21951,21959,2,70,1,M_452,PROPN
453,booknlp,COREF,121,he,22032,22034,2,70,1,M_453,Other
454,pdnc,qID,Q53-0,Harry,22047,22052,19,70,1,M_454,PROPN
455,booknlp,COREF,121,he,22055,22057,2,70,1,M_455,Other
456,pdnc,qID,Q53-1,Dorian Gray,22065,22076,4,70,1,M_456,PROPN
457,booknlp,COREF,121,me,22083,22085,2,70,1,M_457,Other
458,pdnc,qID,Q53-1,You,22110,22113,19,70,1,M_458,Other
459,pdnc,qID,Q53-1,him,22135,22138,4,70,1,M_459,Other
460,booknlp,COREF,121,I,22140,22141,2,70,1,M_460,Other
461,pdnc,qID,Q53-1,him,22160,22163,4,70,1,M_461,Other
462,pdnc,qID,Q53-1,He,22165,22167,4,70,1,M_462,Other
463,booknlp,COREF,121,my,22193,22195,2,70,1,M_463,Other
464,pdnc,qID,Q53-1,him,22223,22226,4,70,1,M_464,Other
465,pdnc,qID,Q53-1,He,22237,22239,4,70,1,M_465,Other
466,booknlp,COREF,121,I,22260,22261,2,70,1,M_466,Other
467,booknlp,COREF,121,I,22290,22291,2,70,1,M_467,Other
468,pdnc,qID,Q53-1,him,22297,22300,4,70,1,M_468,Other
469,pdnc,qID,Q54-0,you,22417,22420,2,71,1,M_469,Other
470,pdnc,qID,Q54-0,his,22429,22432,4,71,1,M_470,Other
471,exp,exp_name,lord henry,Lord Henry,22450,22460,19,71,1,M_471,PROPN
472,booknlp,COREF,121,I,22495,22496,2,72,1,M_472,Other
473,booknlp,COREF,121,I,22590,22591,2,72,1,M_473,Other
474,pdnc,qID,Q55-0,him,22621,22624,4,72,1,M_474,Other
475,pdnc,qID,Q55-0,He,22626,22628,4,72,1,M_475,Other
476,pdnc,qID,Q55-0,He,22653,22655,4,72,1,M_476,Other
477,booknlp,COREF,121,I,22726,22727,2,72,1,M_477,Other
478,booknlp,COREF,121,my,22742,22744,2,72,1,M_478,Other
479,booknlp,COREF,121,My,22780,22782,2,72,1,M_479,Other
480,booknlp,COREF,121,myself,22853,22859,2,72,1,M_480,Other
481,pdnc,qID,Q55-0,Harry,22874,22879,19,72,1,M_481,PROPN
482,booknlp,COREF,121,myself,22892,22898,2,72,1,M_482,Other
483,pdnc,qID,Q56-0,you,22934,22937,2,73,1,M_483,Other
484,booknlp,COREF,121,I,23046,23047,2,74,1,M_484,Other
485,exp,exp_name,hallward,Hallward,23073,23081,2,74,1,M_485,PROPN
486,booknlp,COREF,121,I,23316,23317,2,74,1,M_486,Other
487,booknlp,COREF,121,my,23396,23398,2,74,1,M_487,Other
488,pdnc,qID,Q57-1,Dorian Gray,23411,23422,4,74,1,M_488,PROPN
489,booknlp,COREF,121,I,23427,23428,2,75,1,M_489,Other
490,pdnc,qID,Q58-0,you,23435,23438,2,75,1,M_490,Other
491,pdnc,qID,Q58-0,Basil,23450,23455,2,75,1,M_491,PROPN
492,booknlp,COREF,121,I,23461,23462,2,75,1,M_492,Other
493,pdnc,qID,Q58-0,you,23480,23483,2,75,1,M_493,Other
494,booknlp,COREF,121,me,23541,23543,2,75,1,M_494,Other
495,pdnc,qID,Q58-0,Dorian Gray,23548,23559,4,75,1,M_495,PROPN
496,pdnc,qID,Q58-0,you,23573,23576,2,75,1,M_496,Other
497,exp,exp_name,the painter,The painter,23580,23591,42,76,1,M_497,PROPN
498,pdnc,qID,Q59-0,He,23623,23625,4,76,1,M_498,Other
499,booknlp,COREF,389,me,23632,23634,42,76,1,M_499,Other
500,booknlp,COREF,389,he,23637,23639,42,76,1,M_500,Other
501,booknlp,COREF,389,I,23665,23666,42,76,1,M_501,Other
502,pdnc,qID,Q59-1,he,23672,23674,4,76,1,M_502,Other
503,booknlp,COREF,389,me,23681,23683,42,76,1,M_503,Other
504,booknlp,COREF,389,I,23695,23696,42,76,1,M_504,Other
505,pdnc,qID,Q59-1,him,23705,23708,4,76,1,M_505,Other
506,booknlp,COREF,389,I,23721,23722,42,76,1,M_506,Other
507,pdnc,qID,Q59-1,him,23767,23770,4,76,1,M_507,Other
508,booknlp,COREF,389,I,23776,23777,42,76,1,M_508,Other
509,booknlp,COREF,389,I,23783,23784,42,76,1,M_509,Other
510,pdnc,qID,Q59-1,he,23828,23830,4,76,1,M_510,Other
511,booknlp,COREF,389,me,23846,23848,42,76,1,M_511,Other
512,pdnc,qID,Q59-1,he,23929,23931,4,76,1,M_512,Other
513,booknlp,COREF,389,me,24000,24002,42,76,1,M_513,Other
514,booknlp,COREF,389,I,24014,24015,42,76,1,M_514,Other
515,pdnc,qID,Q59-1,Harry,24022,24027,19,76,1,M_515,PROPN
516,booknlp,COREF,389,I,24034,24035,42,76,1,M_516,Other
517,booknlp,COREF,389,my,24052,24054,42,76,1,M_517,Other
518,pdnc,qID,Q59-1,his,24125,24128,4,76,1,M_518,Other
519,pdnc,qID,Q59-1,his,24164,24167,4,76,1,M_519,Other
520,pdnc,qID,Q60-0,Basil,24227,24232,2,77,1,M_520,PROPN
521,exp,exp_name,lord henry,Lord Henry,24263,24273,19,77,1,M_521,PROPN
522,pdnc,qID,Q60-1,you,24284,24287,2,77,1,M_522,Other
523,pdnc,qID,Q60-1,he,24310,24312,4,77,1,M_523,Other
524,exp,exp_name,man,man,24686,24689,30,77,1,M_524,PROPN
525,exp,exp_name,man,man,24761,24764,30,77,1,M_525,PROPN
526,booknlp,COREF,120,I,24889,24890,19,77,1,M_526,Other
527,pdnc,qID,Q60-1,you,24897,24900,2,77,1,M_527,Other
528,pdnc,qID,Q60-1,you,24941,24944,2,77,1,M_528,Other
529,booknlp,COREF,121,your,24958,24962,2,77,1,M_529,Other
530,pdnc,qID,Q60-1,he,24975,24977,4,77,1,M_530,Other
531,pdnc,qID,Q60-1,you,24991,24994,2,77,1,M_531,Other
532,pdnc,qID,Q60-1,you,25029,25032,2,77,1,M_532,Other
533,pdnc,qID,Q60-1,his,25044,25047,4,77,1,M_533,Other
534,pdnc,qID,Q60-1,You,25078,25081,2,77,1,M_534,Other
535,pdnc,qID,Q60-1,him,25105,25108,4,77,1,M_535,Other
536,pdnc,qID,Q60-1,your,25112,25116,2,77,1,M_536,Other
537,pdnc,qID,Q60-1,he,25153,25155,4,77,1,M_537,Other
538,pdnc,qID,Q60-1,you,25182,25185,2,77,1,M_538,Other
539,pdnc,qID,Q60-1,he,25201,25203,4,77,1,M_539,Other
540,pdnc,qID,Q60-1,you,25211,25214,2,77,1,M_540,Other
541,pdnc,qID,Q60-1,you,25298,25301,2,77,1,M_541,Other
542,pdnc,qID,Q60-1,you,25308,25311,2,77,1,M_542,Other
543,booknlp,COREF,120,me,25322,25324,19,77,1,M_543,Other
544,pdnc,qID,Q61-0,Harry,25467,25472,19,78,1,M_544,PROPN
545,booknlp,COREF,389,I,25507,25508,42,78,1,M_545,Other
546,pdnc,qID,Q61-0,Dorian Gray,25534,25545,4,78,1,M_546,PROPN
547,booknlp,COREF,389,me,25560,25562,42,78,1,M_547,Other
548,pdnc,qID,Q61-0,You,25564,25567,19,78,1,M_548,Other
549,booknlp,COREF,389,I,25584,25585,42,78,1,M_549,Other
550,pdnc,qID,Q61-0,You,25592,25595,19,78,1,M_550,Other
551,pdnc,qID,Q62-0,my dear Basil,25621,25634,2,79,1,M_551,Other
552,booknlp,COREF,120,I,25656,25657,19,79,1,M_552,Other
553,exp,exp_name,lord henry,Lord Henry,25782,25792,19,79,1,M_553,PROPN
554,booknlp,COREF,120,he,25910,25912,19,79,1,M_554,Other
555,booknlp,COREF,120,him,26245,26248,19,79,1,M_555,Other
556,booknlp,COREF,120,He,26343,26345,19,79,1,M_556,Other
557,booknlp,COREF,120,himself,26358,26365,19,79,1,M_557,Other
558,booknlp,COREF,120,he,26414,26416,19,79,1,M_558,Other
559,exp,exp_name,basil hallward,Basil Hallward,26452,26466,2,79,1,M_559,PROPN
560,booknlp,COREF,120,he,26472,26474,19,79,1,M_560,Other
561,booknlp,COREF,120,his,26483,26486,19,79,1,M_561,Other
562,booknlp,COREF,120,he,26495,26497,19,79,1,M_562,Other
563,booknlp,COREF,120,he,26947,26949,19,79,1,M_563,Other
564,booknlp,COREF,120,his,26961,26964,19,79,1,M_564,Other
565,booknlp,COREF,120,him,26996,26999,19,79,1,M_565,Other
566,booknlp,COREF,120,He,27001,27003,19,79,1,M_566,Other
567,exp,exp_name,hallward,Hallward,27014,27022,2,79,1,M_567,PROPN
568,booknlp,COREF,120,My,27034,27036,19,79,1,M_568,Other
569,booknlp,COREF,120,I,27050,27051,19,79,1,M_569,Other
570,pdnc,qID,Q64-0,Harry,27094,27099,19,80,1,M_570,PROPN
571,booknlp,COREF,120,I,27110,27111,19,81,1,M_571,Other
572,pdnc,qID,Q65-0,Dorian Gray,27130,27141,4,81,1,M_572,PROPN
573,exp,exp_name,hallward,Hallward,27167,27175,2,82,1,M_573,PROPN
574,pdnc,qID,Q67-0,Basil,27221,27226,2,83,1,M_574,PROPN
575,pdnc,qID,Q67-0,my aunt,27238,27245,13,83,1,M_575,Other
576,pdnc,qID,Q67-0,Lady Agatha,27247,27258,13,83,1,M_576,PROPN
577,pdnc,qID,Q67-0,She,27262,27265,13,83,1,M_577,Other
578,pdnc,qID,Q67-0,she,27274,27277,13,83,1,M_578,Other
579,pdnc,qID,Q67-0,a wonderful young man,27293,27314,4,83,1,M_579,Other
580,pdnc,qID,Q67-0,her,27337,27340,13,83,1,M_580,Other
581,pdnc,qID,Q67-0,his,27367,27370,4,83,1,M_581,Other
582,pdnc,qID,Q67-0,Dorian Gray,27380,27391,4,83,1,M_582,PROPN
583,pdnc,qID,Q67-0,she,27418,27421,13,83,1,M_583,Other
584,pdnc,qID,Q67-0,he,27436,27438,4,83,1,M_584,Other
585,pdnc,qID,Q67-0,She,27530,27533,13,83,1,M_585,Other
586,pdnc,qID,Q67-0,he,27544,27546,4,83,1,M_586,Other
587,booknlp,COREF,2023,I,27757,27758,10,84,1,M_587,Other
588,pdnc,qID,Q68-0,you,27772,27775,19,84,1,M_588,Other
589,pdnc,qID,Q68-0,Harry,27784,27789,19,84,1,M_589,PROPN
590,booknlp,COREF,2023,I,27802,27803,10,86,1,M_590,Other
591,pdnc,qID,Q70-0,you,27815,27818,19,86,1,M_591,Other
592,pdnc,qID,Q70-0,him,27827,27830,4,86,1,M_592,Other
593,pdnc,qID,Q71-0,You,27835,27838,2,87,1,M_593,Other
594,pdnc,qID,Q71-0,him,27861,27864,4,87,1,M_594,Other
595,pdnc,qID,Q73-0,Mr. Dorian Gray,27876,27891,4,89,1,M_595,PROPN
596,pdnc,qID,Q73-0,sir,27910,27913,2,89,1,M_596,PROPN
597,exp,exp_name,the butler,the butler,27921,27931,29,89,1,M_597,PROPN
598,pdnc,qID,Q74-0,You,27959,27962,2,90,1,M_598,Other
599,booknlp,COREF,120,me,27978,27980,19,90,1,M_599,Other
600,exp,exp_name,lord henry,Lord Henry,27993,28003,19,90,1,M_600,PROPN
601,exp,exp_name,the painter,The painter,28016,28027,42,91,1,M_601,PROPN
602,booknlp,COREF,389,his,28038,28041,42,91,1,M_602,Other
603,pdnc,qID,Q75-0,Mr. Gray,28092,28100,4,91,1,M_603,PROPN
604,pdnc,qID,Q75-0,Parker,28110,28116,29,91,1,M_604,PROPN
605,booknlp,COREF,2023,I,28118,28119,10,91,1,M_605,Other
606,exp,exp_name,the man,The man,28151,28158,10,91,1,M_606,PROPN
607,booknlp,COREF,2023,he,28193,28195,10,92,1,M_607,Other
608,exp,exp_name,lord henry,Lord Henry,28206,28216,19,92,1,M_608,PROPN
609,pdnc,qID,Q76-0,Dorian Gray,28219,28230,4,92,1,M_609,PROPN
610,pdnc,qID,Q76-0,my dearest friend,28234,28251,4,92,1,M_610,Other
611,booknlp,COREF,2023,he,28254,28256,10,92,1,M_611,Other
612,pdnc,qID,Q76-1,He,28264,28266,4,92,1,M_612,Other
613,booknlp,COREF,132,Your,28304,28308,29,92,1,M_613,Other
614,pdnc,qID,Q76-1,she,28338,28341,13,92,1,M_614,Other
615,pdnc,qID,Q76-1,him,28350,28353,4,92,1,M_615,Other
616,pdnc,qID,Q76-1,him,28367,28370,4,92,1,M_616,Other
617,pdnc,qID,Q76-1,him,28395,28398,4,92,1,M_617,Other
618,pdnc,qID,Q76-1,Your,28400,28404,19,92,1,M_618,Other
619,booknlp,COREF,2023,me,28507,28509,10,92,1,M_619,Other
620,pdnc,qID,Q76-1,the one person who gives to my art whatever charm it possesses,28510,28572,4,92,1,M_620,Other
621,booknlp,COREF,2023,my,28574,28576,10,92,1,M_621,Other
622,pdnc,qID,Q76-1,him,28606,28609,4,92,1,M_622,Other
623,pdnc,qID,Q76-1,Harry,28617,28622,19,92,1,M_623,PROPN
624,booknlp,COREF,2023,I,28624,28625,10,92,1,M_624,Other
625,pdnc,qID,Q76-1,you,28632,28635,19,92,1,M_625,Other
626,booknlp,COREF,2023,He,28638,28640,10,92,1,M_626,Other
627,booknlp,COREF,2023,him,28694,28697,10,92,1,M_627,Other
628,booknlp,COREF,2023,his,28713,28716,10,92,1,M_628,Other
629,pdnc,qID,Q77-0,you,28739,28742,2,93,1,M_629,Other
630,exp,exp_name,lord henry,Lord Henry,28755,28765,19,93,1,M_630,PROPN
631,exp,exp_name,hallward,Hallward,28787,28795,2,93,1,M_631,PROPN
632,booknlp,COREF,120,he,28808,28810,19,93,1,M_632,Other
633,booknlp,COREF,121,him,28822,28825,2,93,1,M_633,Other
634,exp,exp_name,dorian gray,Dorian Gray,28885,28896,4,95,2,M_634,PROPN
635,booknlp,COREF,117,He,28898,28900,4,95,2,M_635,Other
636,booknlp,COREF,117,his,28931,28934,4,95,2,M_636,Other
637,pdnc,qID,Q78-0,You,29016,29019,2,95,2,M_637,Other
638,booknlp,COREF,117,me,29030,29032,4,95,2,M_638,Other
639,pdnc,qID,Q78-0,Basil,29040,29045,2,95,2,M_639,PROPN
640,booknlp,COREF,117,he,29048,29050,4,95,2,M_640,Other
641,booknlp,COREF,117,I,29059,29060,4,95,2,M_641,Other
642,pdnc,qID,Q79-0,you,29142,29145,4,96,2,M_642,Other
643,pdnc,qID,Q79-0,Dorian,29158,29164,4,96,2,M_643,Other
644,booknlp,COREF,427,I,29173,29174,41,97,2,M_644,Other
645,booknlp,COREF,427,I,29200,29201,41,97,2,M_645,Other
646,booknlp,COREF,427,myself,29238,29244,41,97,2,M_646,Other
647,exp,exp_name,the lad,the lad,29256,29263,41,97,2,M_647,PROPN
648,booknlp,COREF,117,he,29334,29336,4,97,2,M_648,Other
649,exp,exp_name,lord henry,Lord Henry,29353,29363,19,97,2,M_649,PROPN
650,booknlp,COREF,117,his,29388,29391,4,97,2,M_650,Other
651,booknlp,COREF,117,he,29417,29419,4,97,2,M_651,Other
652,booknlp,COREF,117,I,29433,29434,4,97,2,M_652,Other
653,pdnc,qID,Q81-0,your,29439,29443,2,97,2,M_653,Other
654,pdnc,qID,Q81-0,Basil,29452,29457,2,97,2,M_654,PROPN
655,booknlp,COREF,117,I,29463,29464,4,97,2,M_655,Other
656,pdnc,qID,Q81-0,you,29477,29480,2,97,2,M_656,Other
657,pdnc,qID,Q81-0,you,29498,29501,2,97,2,M_657,Other
658,pdnc,qID,Q82-0,Lord Henry Wotton,29514,29531,19,98,2,M_658,PROPN
659,pdnc,qID,Q82-0,Dorian,29533,29539,4,98,2,M_659,Other
660,pdnc,qID,Q82-0,an old Oxford friend of mine,29541,29569,19,98,2,M_660,Other
661,booknlp,COREF,427,I,29571,29572,41,98,2,M_661,Other
662,pdnc,qID,Q82-0,him,29596,29599,19,98,2,M_662,Other
663,booknlp,COREF,121,you,29622,29625,2,98,2,M_663,Other
664,booknlp,COREF,121,you,29640,29643,2,98,2,M_664,Other
665,pdnc,qID,Q83-0,You,29672,29675,4,99,2,M_665,Other
666,booknlp,COREF,120,my,29693,29695,19,99,2,M_666,Other
667,pdnc,qID,Q83-0,you,29716,29719,4,99,2,M_667,Other
668,pdnc,qID,Q83-0,Mr. Gray,29721,29729,4,99,2,M_668,PROPN
669,exp,exp_name,lord henry,Lord Henry,29737,29747,19,99,2,M_669,PROPN
670,booknlp,COREF,120,his,29780,29783,19,99,2,M_670,Other
671,pdnc,qID,Q83-1,My aunt,29791,29798,13,99,2,M_671,Other
672,booknlp,COREF,120,me,29819,29821,19,99,2,M_672,Other
673,pdnc,qID,Q83-1,you,29828,29831,4,99,2,M_673,Other
674,pdnc,qID,Q83-1,You,29833,29836,4,99,2,M_674,Other
675,pdnc,qID,Q83-1,her,29848,29851,13,99,2,M_675,Other
676,booknlp,COREF,120,I,29869,29870,19,99,2,M_676,Other
677,pdnc,qID,Q83-1,her,29889,29892,13,99,2,M_677,Other
678,booknlp,COREF,117,I,29910,29911,4,100,2,M_678,Other
679,pdnc,qID,Q84-0,Lady Agatha,29918,29929,13,100,2,M_679,PROPN
680,exp,exp_name,dorian,Dorian,29966,29972,4,100,2,M_680,PROPN
681,booknlp,COREF,117,I,30006,30007,4,100,2,M_681,Other
682,pdnc,qID,Q84-1,her,30053,30056,13,100,2,M_682,Other
683,booknlp,COREF,117,I,30075,30076,4,100,2,M_683,Other
684,booknlp,COREF,117,I,30157,30158,4,100,2,M_684,Other
685,booknlp,COREF,117,I,30168,30169,4,100,2,M_685,Other
686,pdnc,qID,Q84-1,she,30186,30189,13,100,2,M_686,Other
687,booknlp,COREF,117,me,30202,30204,4,100,2,M_687,Other
688,booknlp,COREF,117,I,30206,30207,4,100,2,M_688,Other
689,booknlp,COREF,428,I,30246,30247,4,101,2,M_689,Other
690,pdnc,qID,Q85-0,your,30258,30262,4,101,2,M_690,Other
691,pdnc,qID,Q85-0,my aunt,30274,30281,13,101,2,M_691,Other
692,pdnc,qID,Q85-0,She,30283,30286,13,101,2,M_692,Other
693,pdnc,qID,Q85-0,you,30307,30310,4,101,2,M_693,Other
694,booknlp,COREF,428,I,30316,30317,4,101,2,M_694,Other
695,pdnc,qID,Q85-0,your,30354,30358,4,101,2,M_695,Other
696,pdnc,qID,Q85-0,Aunt Agatha,30426,30437,13,101,2,M_696,PROPN
697,pdnc,qID,Q85-0,she,30462,30465,13,101,2,M_697,Other
698,pdnc,qID,Q86-0,her,30533,30536,13,102,2,M_698,Other
699,booknlp,COREF,428,me,30559,30561,4,102,2,M_699,Other
700,exp,exp_name,dorian,Dorian,30573,30579,4,102,2,M_700,PROPN
701,exp,exp_name,lord henry,Lord Henry,30592,30602,19,103,2,M_701,PROPN
702,booknlp,COREF,428,him,30613,30616,4,103,2,M_702,Other
703,booknlp,COREF,428,he,30623,30625,4,103,2,M_703,Other
704,booknlp,COREF,428,his,30667,30670,4,103,2,M_704,Other
705,booknlp,COREF,428,his,30699,30702,4,103,2,M_705,Other
706,booknlp,COREF,428,his,30720,30723,4,103,2,M_706,Other
707,booknlp,COREF,428,his,30764,30767,4,103,2,M_707,Other
708,booknlp,COREF,428,him,30793,30796,4,103,2,M_708,Other
709,booknlp,COREF,428,he,30898,30900,4,103,2,M_709,Other
710,booknlp,COREF,428,himself,30910,30917,4,103,2,M_710,Other
711,exp,exp_name,basil hallward,Basil Hallward,30954,30968,2,103,2,M_711,PROPN
712,booknlp,COREF,428,him,30980,30983,4,103,2,M_712,Other
713,pdnc,qID,Q87-0,You,30987,30990,4,104,2,M_713,Other
714,pdnc,qID,Q87-0,Mr. Gray,31035,31043,4,104,2,M_714,PROPN
715,exp,exp_name,lord henry,Lord Henry,31067,31077,19,104,2,M_715,PROPN
716,booknlp,COREF,120,himself,31084,31091,19,104,2,M_716,Other
717,booknlp,COREF,120,his,31121,31124,19,104,2,M_717,Other
718,exp,exp_name,the painter,The painter,31142,31153,42,105,2,M_718,PROPN
719,booknlp,COREF,389,his,31175,31178,42,105,2,M_719,Other
720,booknlp,COREF,389,his,31199,31202,42,105,2,M_720,Other
721,booknlp,COREF,389,He,31218,31220,42,105,2,M_721,Other
722,booknlp,COREF,389,he,31251,31253,42,105,2,M_722,Other
723,exp,exp_name,lord henry,Lord Henry,31260,31270,19,105,2,M_723,PROPN
724,booknlp,COREF,389,he,31286,31288,42,105,2,M_724,Other
725,booknlp,COREF,120,him,31300,31303,19,105,2,M_725,Other
726,pdnc,qID,Q88-0,Harry,31345,31350,19,105,2,M_726,PROPN
727,booknlp,COREF,389,I,31352,31353,42,105,2,M_727,Other
728,pdnc,qID,Q88-0,you,31396,31399,19,105,2,M_728,Other
729,booknlp,COREF,389,me,31425,31427,42,105,2,M_729,Other
730,booknlp,COREF,389,I,31431,31432,42,105,2,M_730,Other
731,pdnc,qID,Q88-0,you,31439,31442,19,105,2,M_731,Other
732,exp,exp_name,lord henry,Lord Henry,31457,31467,19,106,2,M_732,PROPN
733,exp,exp_name,dorian gray,Dorian Gray,31489,31500,4,106,2,M_733,PROPN
734,booknlp,COREF,120,I,31506,31507,19,106,2,M_734,Other
735,pdnc,qID,Q89-0,Mr. Gray,31515,31523,4,106,2,M_735,PROPN
736,booknlp,COREF,389,he,31526,31528,42,106,2,M_736,Other
737,pdnc,qID,Q90-0,Lord Henry,31556,31566,19,107,2,M_737,PROPN
738,booknlp,COREF,389,I,31568,31569,42,107,2,M_738,Other
739,pdnc,qID,Q90-0,Basil,31579,31584,2,107,2,M_739,PROPN
740,pdnc,qID,Q90-0,his,31598,31601,2,107,2,M_740,Other
741,booknlp,COREF,389,I,31619,31620,42,107,2,M_741,Other
742,pdnc,qID,Q90-0,him,31632,31635,2,107,2,M_742,Other
743,pdnc,qID,Q90-0,he,31641,31643,2,107,2,M_743,Other
744,booknlp,COREF,389,I,31660,31661,42,107,2,M_744,Other
745,pdnc,qID,Q90-0,you,31667,31670,19,107,2,M_745,Other
746,booknlp,COREF,389,me,31679,31681,42,107,2,M_746,Other
747,booknlp,COREF,389,I,31686,31687,42,107,2,M_747,Other
748,booknlp,COREF,389,I,31726,31727,42,108,2,M_748,Other
749,booknlp,COREF,389,I,31744,31745,42,108,2,M_749,Other
750,pdnc,qID,Q91-0,you,31757,31760,4,108,2,M_750,Other
751,pdnc,qID,Q91-0,Mr. Gray,31767,31775,4,108,2,M_751,PROPN
752,booknlp,COREF,389,I,31856,31857,42,108,2,M_752,Other
753,pdnc,qID,Q91-0,you,31897,31900,4,108,2,M_753,Other
754,booknlp,COREF,389,me,31912,31914,42,108,2,M_754,Other
755,pdnc,qID,Q91-0,You,31924,31927,2,108,2,M_755,Other
756,pdnc,qID,Q91-0,Basil,31947,31952,2,108,2,M_756,PROPN
757,pdnc,qID,Q91-0,you,31957,31960,2,108,2,M_757,Other
758,pdnc,qID,Q91-0,You,31962,31965,2,108,2,M_758,Other
759,booknlp,COREF,389,me,31982,31984,42,108,2,M_759,Other
760,pdnc,qID,Q91-0,you,31990,31993,2,108,2,M_760,Other
761,pdnc,qID,Q91-0,your,32000,32004,2,108,2,M_761,Other
762,exp,exp_name,hallward,Hallward,32044,32052,2,109,2,M_762,PROPN
763,booknlp,COREF,433,his,32057,32060,2,109,2,M_763,Other
764,pdnc,qID,Q92-0,Dorian,32070,32076,4,109,2,M_764,Other
765,pdnc,qID,Q92-0,you,32098,32101,19,109,2,M_765,Other
766,pdnc,qID,Q92-0,Dorian,32113,32119,4,109,2,M_766,Other
767,booknlp,COREF,117,himself,32158,32165,4,109,2,M_767,Other
768,exp,exp_name,lord henry,Lord Henry,32169,32179,19,110,2,M_768,PROPN
769,booknlp,COREF,120,his,32188,32191,19,110,2,M_769,Other
770,pdnc,qID,Q93-0,You,32209,32212,2,110,2,M_770,Other
771,pdnc,qID,Q93-0,Basil,32232,32237,2,110,2,M_771,PROPN
772,booknlp,COREF,120,I,32243,32244,19,110,2,M_772,Other
773,booknlp,COREF,120,I,32255,32256,19,110,2,M_773,Other
774,booknlp,COREF,120,I,32266,32267,19,110,2,M_774,Other
775,exp,exp_name,man,man,32292,32295,30,110,2,M_775,PROPN
776,pdnc,qID,Q93-0,Mr. Gray,32322,32330,4,110,2,M_776,PROPN
777,booknlp,COREF,120,me,32345,32347,19,110,2,M_777,Other
778,booknlp,COREF,120,I,32381,32382,19,110,2,M_778,Other
779,booknlp,COREF,120,me,32434,32436,19,110,2,M_779,Other
780,pdnc,qID,Q93-0,you,32442,32445,4,110,2,M_780,Other
781,booknlp,COREF,120,I,32458,32459,19,110,2,M_781,Other
782,pdnc,qID,Q93-0,you,32484,32487,4,110,2,M_782,Other
783,pdnc,qID,Q94-0,Basil,32492,32497,2,111,2,M_783,PROPN
784,exp,exp_name,dorian gray,Dorian Gray,32506,32517,4,111,2,M_784,PROPN
785,pdnc,qID,Q94-1,Lord Henry Wotton,32523,32540,19,111,2,M_785,PROPN
786,booknlp,COREF,117,I,32547,32548,4,111,2,M_786,Other
787,pdnc,qID,Q94-1,You,32564,32567,2,111,2,M_787,Other
788,pdnc,qID,Q94-1,your,32579,32583,2,111,2,M_788,Other
789,pdnc,qID,Q94-1,you,32595,32598,2,111,2,M_789,Other
790,pdnc,qID,Q94-1,him,32693,32696,19,111,2,M_790,Other
791,booknlp,COREF,117,I,32706,32707,4,111,2,M_791,Other
792,pdnc,qID,Q95-0,Harry,32733,32738,19,112,2,M_792,PROPN
793,pdnc,qID,Q95-0,Dorian,32750,32756,4,112,2,M_793,Other
794,booknlp,COREF,121,me,32772,32774,2,112,2,M_794,Other
795,exp,exp_name,hallward,Hallward,32782,32790,2,112,2,M_795,PROPN
796,booknlp,COREF,121,his,32811,32814,2,112,2,M_796,Other
797,booknlp,COREF,121,I,32843,32844,2,112,2,M_797,Other
798,booknlp,COREF,121,I,32861,32862,2,112,2,M_798,Other
799,booknlp,COREF,121,my,32938,32940,2,112,2,M_799,Other
800,booknlp,COREF,121,I,32962,32963,2,112,2,M_800,Other
801,pdnc,qID,Q95-1,you,32968,32971,19,112,2,M_801,Other
802,booknlp,COREF,117,my,32999,33001,4,113,2,M_802,Other
803,exp,exp_name,man,man,33002,33005,30,113,2,M_803,PROPN
804,exp,exp_name,the painter,The painter,33024,33035,42,114,2,M_804,PROPN
805,booknlp,COREF,389,I,33046,33047,42,114,2,M_805,Other
806,pdnc,qID,Q97-0,Harry,33117,33122,19,114,2,M_806,PROPN
807,pdnc,qID,Q97-0,Dorian,33133,33139,4,114,2,M_807,Other
808,pdnc,qID,Q97-0,Lord Henry,33225,33235,19,114,2,M_808,PROPN
809,pdnc,qID,Q97-0,He,33242,33244,19,114,2,M_809,Other
810,pdnc,qID,Q97-0,his,33279,33282,19,114,2,M_810,Other
811,booknlp,COREF,389,myself,33321,33327,42,114,2,M_811,Other
812,exp,exp_name,dorian gray,Dorian Gray,33331,33342,4,115,2,M_812,PROPN
813,exp,exp_name,lord henry,Lord Henry,33446,33456,19,115,2,M_813,PROPN
814,booknlp,COREF,117,he,33466,33468,4,115,2,M_814,Other
815,booknlp,COREF,120,He,33495,33497,19,115,2,M_815,Other
816,exp,exp_name,basil,Basil,33512,33517,2,115,2,M_816,PROPN
817,booknlp,COREF,120,he,33556,33558,19,115,2,M_817,Other
818,booknlp,COREF,117,he,33607,33609,4,115,2,M_818,Other
819,booknlp,COREF,120,him,33618,33621,19,115,2,M_819,Other
820,pdnc,qID,Q98-0,you,33629,33632,19,115,2,M_820,Other
821,pdnc,qID,Q98-0,Lord Henry,33662,33672,19,115,2,M_821,PROPN
822,pdnc,qID,Q98-0,Basil,33684,33689,2,115,2,M_822,PROPN
823,pdnc,qID,Q99-0,Mr. Gray,33743,33751,4,116,2,M_823,PROPN
824,pdnc,qID,Q101-0,their,34474,34479,19,118,2,M_824,Other
825,pdnc,qID,Q102-0,your,34746,34750,4,119,2,M_825,Other
826,pdnc,qID,Q102-0,Dorian,34784,34790,4,119,2,M_826,Other
827,exp,exp_name,the painter,the painter,34815,34826,42,119,2,M_827,PROPN
828,booknlp,COREF,389,his,34836,34839,42,119,2,M_828,Other
829,exp,exp_name,the lad,the lad,34890,34897,41,119,2,M_829,PROPN
830,booknlp,COREF,389,he,34910,34912,42,119,2,M_830,Other
831,exp,exp_name,lord henry,Lord Henry,34964,34974,19,120,2,M_831,PROPN
832,booknlp,COREF,120,his,34979,34982,19,120,2,M_832,Other
833,booknlp,COREF,120,him,35080,35083,19,120,2,M_833,Other
834,booknlp,COREF,120,he,35094,35096,19,120,2,M_834,Other
835,booknlp,COREF,120,his,35109,35112,19,120,2,M_835,Other
836,booknlp,COREF,120,I,35125,35126,19,120,2,M_836,Other
837,exp,exp_name,man,man,35147,35150,30,120,2,M_837,PROPN
838,booknlp,COREF,120,I,35287,35288,19,120,2,M_838,Other
839,exp,exp_name,man,man,35517,35520,30,120,2,M_839,PROPN
840,pdnc,qID,Q103-1,You,36318,36321,4,120,2,M_840,Other
841,pdnc,qID,Q103-1,Mr. Gray,36323,36331,4,120,2,M_841,PROPN
842,pdnc,qID,Q103-1,you,36333,36336,4,120,2,M_842,Other
843,pdnc,qID,Q103-1,your,36352,36356,4,120,2,M_843,Other
844,pdnc,qID,Q103-1,your,36376,36380,4,120,2,M_844,Other
845,pdnc,qID,Q103-1,you,36401,36404,4,120,2,M_845,Other
846,pdnc,qID,Q103-1,you,36438,36441,4,120,2,M_846,Other
847,pdnc,qID,Q103-1,you,36476,36479,4,120,2,M_847,Other
848,pdnc,qID,Q103-1,your,36554,36558,4,120,2,M_848,Other
849,exp,exp_name,dorian gray,Dorian Gray,36596,36607,4,121,2,M_849,PROPN
850,pdnc,qID,Q104-1,you,36616,36619,19,121,2,M_850,Other
851,booknlp,COREF,117,me,36629,36631,4,121,2,M_851,Other
852,booknlp,COREF,117,I,36633,36634,4,121,2,M_852,Other
853,pdnc,qID,Q104-1,you,36683,36686,19,121,2,M_853,Other
854,booknlp,COREF,117,I,36692,36693,4,121,2,M_854,Other
855,booknlp,COREF,117,me,36727,36729,4,121,2,M_855,Other
856,booknlp,COREF,117,me,36753,36755,4,121,2,M_856,Other
857,booknlp,COREF,117,he,36799,36801,4,122,2,M_857,Other
858,booknlp,COREF,117,He,36871,36873,4,122,2,M_858,Other
859,booknlp,COREF,117,him,36945,36948,4,122,2,M_859,Other
860,booknlp,COREF,117,him,36969,36972,4,122,2,M_860,Other
861,booknlp,COREF,117,himself,36998,37005,4,122,2,M_861,Other
862,exp,exp_name,basil,Basil,37026,37031,2,122,2,M_862,PROPN
863,booknlp,COREF,117,him,37053,37056,4,122,2,M_863,Other
864,booknlp,COREF,117,he,37198,37200,4,122,2,M_864,Other
865,booknlp,COREF,117,him,37276,37279,4,123,2,M_865,Other
866,booknlp,COREF,117,him,37310,37313,4,123,2,M_866,Other
867,booknlp,COREF,117,his,37800,37803,4,124,2,M_867,Other
868,booknlp,COREF,117,he,37817,37819,4,124,2,M_868,Other
869,booknlp,COREF,117,He,37840,37842,4,124,2,M_869,Other
870,booknlp,COREF,117,him,37903,37906,4,124,2,M_870,Other
871,booknlp,COREF,117,him,37921,37924,4,124,2,M_871,Other
872,booknlp,COREF,117,he,37930,37932,4,124,2,M_872,Other
873,booknlp,COREF,117,he,37967,37969,4,124,2,M_873,Other
874,booknlp,COREF,117,his,37990,37993,4,125,2,M_874,Other
875,exp,exp_name,lord henry,Lord Henry,38008,38018,19,125,2,M_875,PROPN
876,booknlp,COREF,117,him,38027,38030,4,125,2,M_876,Other
877,booknlp,COREF,117,He,38032,38034,4,125,2,M_877,Other
878,booknlp,COREF,117,He,38094,38096,4,125,2,M_878,Other
879,booknlp,COREF,117,He,38124,38126,4,125,2,M_879,Other
880,booknlp,COREF,117,his,38168,38171,4,125,2,M_880,Other
881,booknlp,COREF,117,he,38221,38223,4,125,2,M_881,Other
882,booknlp,COREF,117,he,38238,38240,4,125,2,M_882,Other
883,booknlp,COREF,117,him,38283,38286,4,125,2,M_883,Other
884,booknlp,COREF,117,he,38297,38299,4,125,2,M_884,Other
885,booknlp,COREF,117,he,38322,38324,4,125,2,M_885,Other
886,exp,exp_name,dorian gray,Dorian Gray,38342,38353,4,125,2,M_886,PROPN
887,booknlp,COREF,117,He,38396,38398,4,125,2,M_887,Other
888,exp,exp_name,the lad,the lad,38475,38482,41,125,2,M_888,PROPN
889,exp,exp_name,hallward,Hallward,38489,38497,2,126,2,M_889,PROPN
890,booknlp,COREF,121,his,38546,38549,2,126,2,M_890,Other
891,booknlp,COREF,121,He,38652,38654,2,126,2,M_891,Other
892,pdnc,qID,Q105-0,Basil,38689,38694,2,127,2,M_892,PROPN
893,booknlp,COREF,117,I,38696,38697,4,127,2,M_893,Other
894,exp,exp_name,dorian gray,Dorian Gray,38727,38738,4,127,2,M_894,PROPN
895,booknlp,COREF,117,I,38750,38751,4,127,2,M_895,Other
896,pdnc,qID,Q106-0,My dear fellow,38816,38830,4,128,2,M_896,Other
897,booknlp,COREF,427,I,38832,38833,41,128,2,M_897,Other
898,booknlp,COREF,427,I,38852,38853,41,128,2,M_898,Other
899,booknlp,COREF,427,I,38867,38868,41,128,2,M_899,Other
900,pdnc,qID,Q106-0,you,38903,38906,4,128,2,M_900,Other
901,pdnc,qID,Q106-0,You,38925,38928,4,128,2,M_901,Other
902,booknlp,COREF,427,I,38955,38956,41,128,2,M_902,Other
903,booknlp,COREF,427,I,38980,38981,41,128,2,M_903,Other
904,booknlp,COREF,427,I,39043,39044,41,128,2,M_904,Other
905,pdnc,qID,Q106-0,Harry,39061,39066,19,128,2,M_905,PROPN
906,pdnc,qID,Q106-0,you,39086,39089,4,128,2,M_906,Other
907,pdnc,qID,Q106-0,he,39095,39097,19,128,2,M_907,Other
908,pdnc,qID,Q106-0,you,39117,39120,4,128,2,M_908,Other
909,booknlp,COREF,427,I,39157,39158,41,128,2,M_909,Other
910,pdnc,qID,Q106-0,he,39167,39169,19,128,2,M_910,Other
911,pdnc,qID,Q106-0,you,39186,39189,4,128,2,M_911,Other
912,pdnc,qID,Q106-0,You,39203,39206,4,128,2,M_912,Other
913,pdnc,qID,Q106-0,he,39235,39237,19,128,2,M_913,Other
914,pdnc,qID,Q107-0,He,39247,39249,19,129,2,M_914,Other
915,booknlp,COREF,117,me,39280,39282,4,129,2,M_915,Other
916,booknlp,COREF,117,I,39328,39329,4,129,2,M_916,Other
917,pdnc,qID,Q107-0,he,39353,39355,19,129,2,M_917,Other
918,booknlp,COREF,117,me,39365,39367,4,129,2,M_918,Other
919,pdnc,qID,Q108-0,You,39372,39375,4,130,2,M_919,Other
920,pdnc,qID,Q108-0,you,39381,39384,4,130,2,M_920,Other
921,exp,exp_name,lord henry,Lord Henry,39407,39417,19,130,2,M_921,PROPN
922,booknlp,COREF,120,his,39439,39442,19,130,2,M_922,Other
923,booknlp,COREF,120,I,39468,39469,19,130,2,M_923,Other
924,pdnc,qID,Q108-1,you,39501,39504,4,130,2,M_924,Other
925,pdnc,qID,Q108-1,Basil,39540,39545,2,130,2,M_925,PROPN
926,pdnc,qID,Q109-0,Harry,39633,39638,19,131,2,M_926,PROPN
927,pdnc,qID,Q109-0,Parker,39670,39676,29,131,2,M_927,PROPN
928,booknlp,COREF,120,I,39683,39684,19,131,2,M_928,Other
929,pdnc,qID,Q109-0,him,39695,39698,29,131,2,M_929,Other
930,pdnc,qID,Q109-0,you,39704,39707,19,131,2,M_930,Other
931,booknlp,COREF,120,I,39714,39715,19,131,2,M_931,Other
932,booknlp,COREF,120,I,39756,39757,19,131,2,M_932,Other
933,pdnc,qID,Q109-0,you,39768,39771,19,131,2,M_933,Other
934,pdnc,qID,Q109-0,Dorian,39793,39799,4,131,2,M_934,Other
935,booknlp,COREF,120,I,39810,39811,19,131,2,M_935,Other
936,booknlp,COREF,120,I,39861,39862,19,131,2,M_936,Other
937,booknlp,COREF,120,my,39894,39896,19,131,2,M_937,Other
938,booknlp,COREF,120,my,39916,39918,19,131,2,M_938,Other
939,exp,exp_name,lord henry,Lord Henry,39947,39957,19,132,2,M_939,PROPN
940,exp,exp_name,dorian gray,Dorian Gray,39991,40002,4,132,2,M_940,PROPN
941,booknlp,COREF,117,his,40011,40014,4,132,2,M_941,Other
942,booknlp,COREF,120,He,40115,40117,19,132,2,M_942,Other
943,booknlp,COREF,117,him,40132,40135,4,132,2,M_943,Other
944,booknlp,COREF,120,his,40144,40147,19,132,2,M_944,Other
945,booknlp,COREF,117,his,40158,40161,4,132,2,M_945,Other
946,pdnc,qID,Q110-0,You,40173,40176,4,132,2,M_946,Other
947,booknlp,COREF,120,he,40206,40208,19,132,2,M_947,Other
948,exp,exp_name,the lad,The lad,40314,40321,41,133,2,M_948,PROPN
949,booknlp,COREF,427,He,40345,40347,41,133,2,M_949,Other
950,booknlp,COREF,427,his,40390,40393,41,133,2,M_950,Other
951,booknlp,COREF,427,his,40477,40480,41,133,2,M_951,Other
952,booknlp,COREF,427,His,40540,40543,41,133,2,M_952,Other
953,booknlp,COREF,427,his,40623,40626,41,133,2,M_953,Other
954,exp,exp_name,lord henry,Lord Henry,40675,40685,19,134,2,M_954,PROPN
955,pdnc,qID,Q111-1,You,40807,40810,4,134,2,M_955,Other
956,pdnc,qID,Q111-1,You,40837,40840,4,134,2,M_956,Other
957,pdnc,qID,Q111-1,you,40856,40859,4,134,2,M_957,Other
958,pdnc,qID,Q111-1,you,40866,40869,4,134,2,M_958,Other
959,pdnc,qID,Q111-1,you,40884,40887,4,134,2,M_959,Other
960,pdnc,qID,Q111-1,you,40903,40906,4,134,2,M_960,Other
961,exp,exp_name,dorian gray,Dorian Gray,40923,40934,4,135,2,M_961,PROPN
962,booknlp,COREF,117,his,40954,40957,4,135,2,M_962,Other
963,booknlp,COREF,117,He,40969,40971,4,135,2,M_963,Other
964,exp,exp_name,man,man,41019,41022,30,135,2,M_964,PROPN
965,booknlp,COREF,117,him,41043,41046,4,135,2,M_965,Other
966,booknlp,COREF,117,him,41113,41116,4,135,2,M_966,Other
967,booknlp,COREF,117,he,41343,41345,4,135,2,M_967,Other
968,booknlp,COREF,117,He,41457,41459,4,135,2,M_968,Other
969,exp,exp_name,basil hallward,Basil Hallward,41470,41484,2,135,2,M_969,PROPN
970,booknlp,COREF,117,him,41547,41550,4,135,2,M_970,Other
971,booknlp,COREF,117,his,41592,41595,4,135,2,M_971,Other
972,booknlp,COREF,117,him,41633,41636,4,135,2,M_972,Other
973,booknlp,COREF,117,He,41695,41697,4,135,2,M_973,Other
974,exp,exp_name,lord henry,Lord Henry,41801,41811,19,136,2,M_974,PROPN
975,pdnc,qID,Q112-1,Parker,41814,41820,29,136,2,M_975,PROPN
976,pdnc,qID,Q112-1,you,41856,41859,4,136,2,M_976,Other
977,pdnc,qID,Q112-1,you,41891,41894,4,136,2,M_977,Other
978,pdnc,qID,Q112-1,Basil,41922,41927,2,136,2,M_978,PROPN
979,pdnc,qID,Q112-1,you,41945,41948,4,136,2,M_979,Other
980,pdnc,qID,Q112-1,You,41956,41959,4,136,2,M_980,Other
981,booknlp,COREF,117,yourself,41982,41990,4,136,2,M_981,Other
982,exp,exp_name,dorian gray,Dorian Gray,42065,42076,4,137,2,M_982,PROPN
983,booknlp,COREF,117,he,42091,42093,4,137,2,M_983,Other
984,pdnc,qID,Q114-0,you,42174,42177,4,138,2,M_984,Other
985,pdnc,qID,Q114-0,Mr. Gray,42179,42187,4,138,2,M_985,PROPN
986,pdnc,qID,Q116-0,you,42208,42211,4,140,2,M_986,Other
987,booknlp,COREF,120,I,42288,42289,19,141,2,M_987,Other
988,pdnc,qID,Q117-0,Lord Henry,42307,42317,19,141,2,M_988,PROPN
989,pdnc,qID,Q118-0,you,42326,42329,4,142,2,M_989,Other
990,pdnc,qID,Q118-0,you,42364,42367,4,142,2,M_990,Other
991,pdnc,qID,Q118-0,your,42423,42427,4,142,2,M_991,Other
992,pdnc,qID,Q118-0,your,42473,42477,4,142,2,M_992,Other
993,pdnc,qID,Q118-0,you,42507,42510,4,142,2,M_993,Other
994,pdnc,qID,Q118-0,you,42525,42528,4,142,2,M_994,Other
995,pdnc,qID,Q118-0,you,42566,42569,4,142,2,M_995,Other
996,pdnc,qID,Q118-0,you,42574,42577,4,142,2,M_996,Other
997,pdnc,qID,Q118-0,You,42621,42624,4,142,2,M_997,Other
998,pdnc,qID,Q118-0,Mr. Gray,42660,42668,4,142,2,M_998,PROPN
999,pdnc,qID,Q118-0,You,42683,42686,4,142,2,M_999,Other
1000,pdnc,qID,Q118-0,You,43030,43033,4,142,2,M_1000,Other
1001,pdnc,qID,Q118-0,you,43050,43053,4,142,2,M_1001,Other
1002,pdnc,qID,Q118-0,you,43067,43070,4,142,2,M_1002,Other
1003,booknlp,COREF,120,me,43213,43215,19,142,2,M_1003,Other
1004,pdnc,qID,Q118-0,Mr. Gray,43382,43390,4,142,2,M_1004,PROPN
1005,pdnc,qID,Q118-0,you,43419,43422,4,142,2,M_1005,Other
1006,pdnc,qID,Q118-0,You,43471,43474,4,142,2,M_1006,Other
1007,pdnc,qID,Q118-0,your,43549,43553,4,142,2,M_1007,Other
1008,pdnc,qID,Q118-0,your,43566,43570,4,142,2,M_1008,Other
1009,pdnc,qID,Q118-0,you,43604,43607,4,142,2,M_1009,Other
1010,pdnc,qID,Q118-0,you,43667,43670,4,142,2,M_1010,Other
1011,pdnc,qID,Q118-0,yourself,43691,43699,4,142,2,M_1011,Other
1012,pdnc,qID,Q118-0,your,43744,43748,4,142,2,M_1012,Other
1013,pdnc,qID,Q118-0,you,43821,43824,4,142,2,M_1013,Other
1014,pdnc,qID,Q118-0,you,43874,43877,4,142,2,M_1014,Other
1015,pdnc,qID,Q118-0,your,43896,43900,4,142,2,M_1015,Other
1016,pdnc,qID,Q118-0,your,43912,43916,4,142,2,M_1016,Other
1017,pdnc,qID,Q118-0,You,43924,43927,4,142,2,M_1017,Other
1018,pdnc,qID,Q118-0,You,43983,43986,4,142,2,M_1018,Other
1019,pdnc,qID,Q118-0,your,44024,44028,4,142,2,M_1019,Other
1020,pdnc,qID,Q118-0,you,44041,44044,4,142,2,M_1020,Other
1021,pdnc,qID,Q118-0,your,44081,44085,4,142,2,M_1021,Other
1022,pdnc,qID,Q118-0,your,44173,44177,4,142,2,M_1022,Other
1023,pdnc,qID,Q118-0,you,44326,44329,4,142,2,M_1023,Other
1024,pdnc,qID,Q118-0,you,44356,44359,4,142,2,M_1024,Other
1025,pdnc,qID,Q118-0,You,44473,44476,4,142,2,M_1025,Other
1026,pdnc,qID,Q118-0,your,44511,44515,4,142,2,M_1026,Other
1027,pdnc,qID,Q118-0,you,44545,44548,4,142,2,M_1027,Other
1028,pdnc,qID,Q118-0,you,44584,44587,4,142,2,M_1028,Other
1029,booknlp,COREF,120,I,44616,44617,19,142,2,M_1029,Other
1030,pdnc,qID,Q118-0,you,44622,44625,4,142,2,M_1030,Other
1031,booknlp,COREF,120,I,44626,44627,19,142,2,M_1031,Other
1032,pdnc,qID,Q118-0,you,44637,44640,4,142,2,M_1032,Other
1033,pdnc,qID,Q118-0,you,44672,44675,4,142,2,M_1033,Other
1034,pdnc,qID,Q118-0,you,44696,44699,4,142,2,M_1034,Other
1035,pdnc,qID,Q118-0,you,44738,44741,4,142,2,M_1035,Other
1036,booknlp,COREF,120,me,44755,44757,19,142,2,M_1036,Other
1037,booknlp,COREF,120,I,44763,44764,19,142,2,M_1037,Other
1038,booknlp,COREF,120,I,44770,44771,19,142,2,M_1038,Other
1039,pdnc,qID,Q118-0,you,44782,44785,4,142,2,M_1039,Other
1040,booknlp,COREF,117,yourself,44802,44810,4,142,2,M_1040,Other
1041,booknlp,COREF,120,I,44812,44813,19,142,2,M_1041,Other
1042,pdnc,qID,Q118-0,you,44848,44851,4,142,2,M_1042,Other
1043,pdnc,qID,Q118-0,your,44902,44906,4,142,2,M_1043,Other
1044,exp,exp_name,dorian gray,Dorian Gray,45561,45572,4,143,2,M_1044,PROPN
1045,booknlp,COREF,117,his,45637,45640,4,143,2,M_1045,Other
1046,booknlp,COREF,117,He,45796,45798,4,143,2,M_1046,Other
1047,booknlp,COREF,117,He,46129,46131,4,143,2,M_1047,Other
1048,exp,exp_name,the painter,the painter,46272,46283,42,144,2,M_1048,PROPN
1049,booknlp,COREF,389,I,46404,46405,42,145,2,M_1049,Other
1050,booknlp,COREF,389,he,46419,46421,42,145,2,M_1050,Other
1051,pdnc,qID,Q120-0,You,46682,46685,4,147,2,M_1051,Other
1052,pdnc,qID,Q120-0,you,46695,46698,4,147,2,M_1052,Other
1053,booknlp,COREF,120,me,46708,46710,19,147,2,M_1053,Other
1054,pdnc,qID,Q120-0,Mr. Gray,46712,46720,4,147,2,M_1054,PROPN
1055,exp,exp_name,lord henry,Lord Henry,46728,46738,19,147,2,M_1055,PROPN
1056,booknlp,COREF,117,him,46751,46754,4,147,2,M_1056,Other
1057,booknlp,COREF,120,I,46763,46764,19,148,2,M_1057,Other
1058,booknlp,COREF,120,I,46778,46779,19,148,2,M_1058,Other
1059,booknlp,COREF,120,I,46793,46794,19,148,2,M_1059,Other
1060,booknlp,COREF,120,me,46856,46858,19,149,2,M_1060,Other
1061,booknlp,COREF,120,I,46872,46873,19,149,2,M_1061,Other
1062,exp,exp_name,dorian gray,Dorian Gray,47140,47151,4,150,2,M_1062,PROPN
1063,booknlp,COREF,117,his,47156,47159,4,150,2,M_1063,Other
1064,exp,exp_name,lord henry,Lord Henry,47170,47180,19,150,2,M_1064,PROPN
1065,booknlp,COREF,117,he,47237,47239,4,150,2,M_1065,Other
1066,booknlp,COREF,117,his,47262,47265,4,150,2,M_1066,Other
1067,booknlp,COREF,117,his,47324,47327,4,150,2,M_1067,Other
1068,exp,exp_name,lord henry,Lord Henry,47335,47345,19,151,2,M_1068,PROPN
1069,booknlp,COREF,120,himself,47352,47359,19,151,2,M_1069,Other
1070,booknlp,COREF,117,him,47402,47405,4,151,2,M_1070,Other
1071,exp,exp_name,hallward,Hallward,47526,47534,2,151,2,M_1071,PROPN
1072,booknlp,COREF,121,his,47559,47562,2,151,2,M_1072,Other
1073,exp,exp_name,hallward,Hallward,47774,47782,2,152,2,M_1073,PROPN
1074,exp,exp_name,dorian gray,Dorian Gray,47827,47838,4,152,2,M_1074,PROPN
1075,booknlp,COREF,121,his,47906,47909,2,152,2,M_1075,Other
1076,booknlp,COREF,121,he,47961,47963,2,152,2,M_1076,Other
1077,booknlp,COREF,121,he,47997,47999,2,152,2,M_1077,Other
1078,booknlp,COREF,121,his,48006,48009,2,152,2,M_1078,Other
1079,exp,exp_name,lord henry,Lord Henry,48081,48091,19,153,2,M_1079,PROPN
1080,pdnc,qID,Q125-0,My dear fellow,48206,48220,2,154,2,M_1080,Other
1081,booknlp,COREF,120,I,48222,48223,19,154,2,M_1081,Other
1082,pdnc,qID,Q125-0,you,48237,48240,2,154,2,M_1082,Other
1083,booknlp,COREF,120,he,48255,48257,19,154,2,M_1083,Other
1084,pdnc,qID,Q125-1,Mr. Gray,48308,48316,4,154,2,M_1084,PROPN
1085,exp,exp_name,the lad,The lad,48352,48359,41,155,2,M_1085,PROPN
1086,booknlp,COREF,120,he,48427,48429,19,156,2,M_1086,Other
1087,exp,exp_name,the painter,the painter,48497,48508,42,157,2,M_1087,PROPN
1088,pdnc,qID,Q127-1,you,48515,48518,4,157,2,M_1088,Other
1089,booknlp,COREF,389,I,48547,48548,42,157,2,M_1089,Other
1090,pdnc,qID,Q127-1,you,48571,48574,4,157,2,M_1090,Other
1091,booknlp,COREF,120,me,48603,48605,19,158,2,M_1091,Other
1092,exp,exp_name,lord henry,Lord Henry,48617,48627,19,158,2,M_1092,PROPN
1093,exp,exp_name,mr. gray,Mr. Gray,48640,48648,4,158,2,M_1093,PROPN
1094,exp,exp_name,dorian,Dorian,48652,48658,4,159,2,M_1094,PROPN
1095,booknlp,COREF,117,his,48709,48712,4,159,2,M_1095,Other
1096,booknlp,COREF,117,he,48749,48751,4,159,2,M_1096,Other
1097,booknlp,COREF,117,he,48759,48761,4,159,2,M_1097,Other
1098,booknlp,COREF,117,his,48777,48780,4,159,2,M_1098,Other
1099,booknlp,COREF,117,his,48848,48851,4,159,2,M_1099,Other
1100,booknlp,COREF,117,he,48864,48866,4,159,2,M_1100,Other
1101,booknlp,COREF,117,himself,48882,48889,4,159,2,M_1101,Other
1102,booknlp,COREF,117,He,48910,48912,4,159,2,M_1102,Other
1103,exp,exp_name,hallward,Hallward,48972,48980,2,159,2,M_1103,PROPN
1104,booknlp,COREF,117,him,48997,49000,4,159,2,M_1104,Other
1105,booknlp,COREF,121,his,49034,49037,2,159,2,M_1105,Other
1106,booknlp,COREF,117,his,49058,49061,4,159,2,M_1106,Other
1107,booknlp,COREF,117,him,49081,49084,4,159,2,M_1107,Other
1108,booknlp,COREF,117,He,49104,49106,4,159,2,M_1108,Other
1109,exp,exp_name,basil hallward,Basil Hallward,49133,49147,2,159,2,M_1109,PROPN
1110,booknlp,COREF,117,him,49176,49179,4,159,2,M_1110,Other
1111,booknlp,COREF,117,He,49234,49236,4,159,2,M_1111,Other
1112,booknlp,COREF,117,his,49316,49319,4,159,2,M_1112,Other
1113,exp,exp_name,lord henry wotton,Lord Henry Wotton,49342,49359,19,159,2,M_1113,PROPN
1114,booknlp,COREF,120,his,49365,49368,19,159,2,M_1114,Other
1115,booknlp,COREF,120,his,49397,49400,19,159,2,M_1115,Other
1116,booknlp,COREF,117,him,49451,49454,4,159,2,M_1116,Other
1117,booknlp,COREF,117,he,49480,49482,4,159,2,M_1117,Other
1118,booknlp,COREF,117,his,49513,49516,4,159,2,M_1118,Other
1119,booknlp,COREF,117,him,49584,49587,4,159,2,M_1119,Other
1120,booknlp,COREF,117,his,49620,49623,4,159,2,M_1120,Other
1121,booknlp,COREF,117,his,49658,49661,4,159,2,M_1121,Other
1122,booknlp,COREF,117,his,49700,49703,4,159,2,M_1122,Other
1123,booknlp,COREF,117,his,49765,49768,4,159,2,M_1123,Other
1124,booknlp,COREF,117,his,49798,49801,4,159,2,M_1124,Other
1125,booknlp,COREF,117,his,49834,49837,4,159,2,M_1125,Other
1126,booknlp,COREF,117,his,49853,49856,4,159,2,M_1126,Other
1127,booknlp,COREF,117,He,49863,49865,4,159,2,M_1127,Other
1128,booknlp,COREF,117,he,49915,49917,4,160,2,M_1128,Other
1129,booknlp,COREF,117,him,49969,49972,4,160,2,M_1129,Other
1130,booknlp,COREF,117,his,50018,50021,4,160,2,M_1130,Other
1131,booknlp,COREF,117,His,50037,50040,4,160,2,M_1131,Other
1132,booknlp,COREF,117,He,50108,50110,4,160,2,M_1132,Other
1133,booknlp,COREF,117,his,50155,50158,4,160,2,M_1133,Other
1134,pdnc,qID,Q129-0,you,50174,50177,4,161,2,M_1134,Other
1135,exp,exp_name,hallward,Hallward,50194,50202,2,161,2,M_1135,PROPN
1136,exp,exp_name,the lad,the lad,50230,50237,41,161,2,M_1136,PROPN
1137,pdnc,qID,Q130-0,he,50294,50296,4,162,2,M_1137,Other
1138,exp,exp_name,lord henry,Lord Henry,50313,50323,19,162,2,M_1138,PROPN
1139,booknlp,COREF,120,I,50396,50397,19,162,2,M_1139,Other
1140,pdnc,qID,Q130-1,you,50408,50411,2,162,2,M_1140,Other
1141,pdnc,qID,Q130-1,you,50421,50424,2,162,2,M_1141,Other
1142,booknlp,COREF,120,I,50445,50446,19,162,2,M_1142,Other
1143,booknlp,COREF,427,my,50474,50476,41,163,2,M_1143,Other
1144,pdnc,qID,Q131-0,Harry,50487,50492,19,163,2,M_1144,PROPN
1145,pdnc,qID,Q133-0,Dorian,50522,50528,4,165,2,M_1145,Other
1146,exp,exp_name,the painter,the painter,50553,50564,42,165,2,M_1146,PROPN
1147,pdnc,qID,Q134-0,He,50568,50570,4,166,2,M_1147,Other
1148,exp,exp_name,dorian gray,Dorian Gray,50623,50634,4,167,2,M_1148,PROPN
1149,booknlp,COREF,117,his,50640,50643,4,167,2,M_1149,Other
1150,booknlp,COREF,117,his,50666,50669,4,167,2,M_1150,Other
1151,booknlp,COREF,117,I,50700,50701,4,167,2,M_1151,Other
1152,booknlp,COREF,117,I,50891,50892,4,167,2,M_1152,Other
1153,booknlp,COREF,117,I,50977,50978,4,167,2,M_1153,Other
1154,booknlp,COREF,117,I,51043,51044,4,167,2,M_1154,Other
1155,booknlp,COREF,117,I,51061,51062,4,167,2,M_1155,Other
1156,booknlp,COREF,117,my,51074,51076,4,167,2,M_1156,Other
1157,pdnc,qID,Q136-0,You,51095,51098,2,168,2,M_1157,Other
1158,pdnc,qID,Q136-0,Basil,51142,51147,2,168,2,M_1158,PROPN
1159,exp,exp_name,lord henry,Lord Henry,51156,51166,19,168,2,M_1159,PROPN
1160,pdnc,qID,Q136-1,your,51212,51216,2,168,2,M_1160,Other
1161,booknlp,COREF,121,I,51226,51227,2,169,2,M_1161,Other
1162,pdnc,qID,Q137-0,Harry,51257,51262,19,169,2,M_1162,PROPN
1163,exp,exp_name,hallward,Hallward,51270,51278,2,169,2,M_1163,PROPN
1164,exp,exp_name,dorian gray,Dorian Gray,51281,51292,4,170,2,M_1164,PROPN
1165,booknlp,COREF,117,him,51314,51317,4,170,2,M_1165,Other
1166,booknlp,COREF,117,I,51320,51321,4,170,2,M_1166,Other
1167,pdnc,qID,Q138-0,you,51330,51333,2,170,2,M_1167,Other
1168,pdnc,qID,Q138-0,Basil,51341,51346,2,170,2,M_1168,PROPN
1169,pdnc,qID,Q138-0,You,51348,51351,2,170,2,M_1169,Other
1170,pdnc,qID,Q138-0,your,51357,51361,2,170,2,M_1170,Other
1171,pdnc,qID,Q138-0,your,51378,51382,2,170,2,M_1171,Other
1172,booknlp,COREF,117,I,51392,51393,4,170,2,M_1172,Other
1173,pdnc,qID,Q138-0,you,51408,51411,2,170,2,M_1173,Other
1174,booknlp,COREF,117,I,51456,51457,4,170,2,M_1174,Other
1175,exp,exp_name,the painter,The painter,51470,51481,42,171,2,M_1175,PROPN
1176,exp,exp_name,dorian,Dorian,51520,51526,4,171,2,M_1176,PROPN
1177,booknlp,COREF,117,He,51566,51568,4,171,2,M_1177,Other
1178,booknlp,COREF,117,His,51589,51592,4,171,2,M_1178,Other
1179,booknlp,COREF,117,his,51614,51617,4,171,2,M_1179,Other
1180,booknlp,COREF,117,he,51642,51644,4,172,2,M_1180,Other
1181,booknlp,COREF,117,I,51657,51658,4,172,2,M_1181,Other
1182,pdnc,qID,Q139-1,you,51670,51673,2,172,2,M_1182,Other
1183,pdnc,qID,Q139-1,your,51679,51683,2,172,2,M_1183,Other
1184,pdnc,qID,Q139-1,your,51700,51704,2,172,2,M_1184,Other
1185,pdnc,qID,Q139-1,You,51718,51721,2,172,2,M_1185,Other
1186,pdnc,qID,Q139-1,you,51759,51762,2,172,2,M_1186,Other
1187,booknlp,COREF,117,me,51768,51770,4,172,2,M_1187,Other
1188,booknlp,COREF,117,I,51777,51778,4,172,2,M_1188,Other
1189,booknlp,COREF,117,my,51784,51786,4,172,2,M_1189,Other
1190,booknlp,COREF,117,I,51802,51803,4,172,2,M_1190,Other
1191,booknlp,COREF,117,I,51813,51814,4,172,2,M_1191,Other
1192,pdnc,qID,Q139-1,Your,51908,51912,2,172,2,M_1192,Other
1193,booknlp,COREF,117,me,51932,51934,4,172,2,M_1193,Other
1194,pdnc,qID,Q139-1,Lord Henry Wotton,51941,51958,19,172,2,M_1194,PROPN
1195,booknlp,COREF,117,I,52022,52023,4,172,2,M_1195,Other
1196,booknlp,COREF,117,I,52034,52035,4,172,2,M_1196,Other
1197,booknlp,COREF,117,I,52052,52053,4,172,2,M_1197,Other
1198,booknlp,COREF,117,myself,52065,52071,4,172,2,M_1198,Other
1199,exp,exp_name,hallward,Hallward,52075,52083,2,173,2,M_1199,PROPN
1200,pdnc,qID,Q140-0,Dorian,52118,52124,4,173,2,M_1200,Other
1201,pdnc,qID,Q140-0,Dorian,52126,52132,4,173,2,M_1201,Other
1202,booknlp,COREF,121,he,52135,52137,2,173,2,M_1202,Other
1203,booknlp,COREF,121,I,52168,52169,2,173,2,M_1203,Other
1204,pdnc,qID,Q140-1,you,52202,52205,4,173,2,M_1204,Other
1205,booknlp,COREF,121,I,52211,52212,2,173,2,M_1205,Other
1206,pdnc,qID,Q140-1,You,52244,52247,4,173,2,M_1206,Other
1207,pdnc,qID,Q140-1,you,52288,52291,4,173,2,M_1207,Other
1208,pdnc,qID,Q140-1,you,52293,52296,4,173,2,M_1208,Other
1209,booknlp,COREF,121,I,52332,52333,2,174,2,M_1209,Other
1210,booknlp,COREF,121,I,52386,52387,2,174,2,M_1210,Other
1211,pdnc,qID,Q141-0,you,52415,52418,2,174,2,M_1211,Other
1212,booknlp,COREF,121,me,52435,52437,2,174,2,M_1212,Other
1213,booknlp,COREF,121,I,52463,52464,2,174,2,M_1213,Other
1214,booknlp,COREF,121,me,52522,52524,2,174,2,M_1214,Other
1215,booknlp,COREF,121,I,52620,52621,2,174,2,M_1215,Other
1216,booknlp,COREF,121,I,52643,52644,2,174,2,M_1216,Other
1217,pdnc,qID,Q141-0,you,52661,52664,2,174,2,M_1217,Other
1218,booknlp,COREF,121,me,52688,52690,2,174,2,M_1218,Other
1219,booknlp,COREF,121,me,52705,52707,2,174,2,M_1219,Other
1220,booknlp,COREF,121,his,52745,52748,2,174,2,M_1220,Other
1221,booknlp,COREF,121,he,52755,52757,2,174,2,M_1221,Other
1222,booknlp,COREF,121,his,52763,52766,2,174,2,M_1222,Other
1223,booknlp,COREF,121,himself,52791,52798,2,174,2,M_1223,Other
1224,booknlp,COREF,121,he,52813,52815,2,174,2,M_1224,Other
1225,booknlp,COREF,121,his,52823,52826,2,174,2,M_1225,Other
1226,booknlp,COREF,121,he,52859,52861,2,174,2,M_1226,Other
1227,pdnc,qID,Q142-0,your,52885,52889,19,175,2,M_1227,Other
1228,pdnc,qID,Q142-0,Harry,52897,52902,19,175,2,M_1228,PROPN
1229,exp,exp_name,the painter,the painter,52910,52921,42,175,2,M_1229,PROPN
1230,exp,exp_name,lord henry,Lord Henry,52933,52943,19,176,2,M_1230,PROPN
1231,booknlp,COREF,120,his,52953,52956,19,176,2,M_1231,Other
1232,pdnc,qID,Q143-0,Dorian Gray,52984,52995,4,176,2,M_1232,PROPN
1233,booknlp,COREF,120,I,53050,53051,19,178,2,M_1233,Other
1234,pdnc,qID,Q146-0,You,53070,53073,19,179,2,M_1234,Other
1235,booknlp,COREF,121,I,53101,53102,2,179,2,M_1235,Other
1236,pdnc,qID,Q146-0,you,53109,53112,19,179,2,M_1236,Other
1237,booknlp,COREF,121,he,53115,53117,2,179,2,M_1237,Other
1238,booknlp,COREF,120,I,53130,53131,19,180,2,M_1238,Other
1239,booknlp,COREF,2144,you,53144,53147,4,180,2,M_1239,Other
1240,booknlp,COREF,120,me,53154,53156,19,180,2,M_1240,Other
1241,exp,exp_name,lord henry,Lord Henry,53163,53173,19,180,2,M_1241,PROPN
1242,pdnc,qID,Q148-0,Harry,53186,53191,19,181,2,M_1242,PROPN
1243,booknlp,COREF,117,I,53193,53194,4,181,2,M_1243,Other
1244,booknlp,COREF,117,my,53214,53216,4,181,2,M_1244,Other
1245,booknlp,COREF,120,you,53255,53258,19,181,2,M_1245,Other
1246,booknlp,COREF,120,you,53264,53267,19,181,2,M_1246,Other
1247,booknlp,COREF,117,me,53278,53280,4,181,2,M_1247,Other
1248,booknlp,COREF,117,I,53311,53312,4,181,2,M_1248,Other
1249,booknlp,COREF,117,I,53333,53334,4,181,2,M_1249,Other
1250,booknlp,COREF,117,I,53386,53387,4,181,2,M_1250,Other
1251,pdnc,qID,Q148-0,them,53440,53444,19,181,2,M_1251,Other
1252,exp,exp_name,dorian gray,Dorian Gray,53448,53459,4,182,2,M_1252,PROPN
1253,booknlp,COREF,117,his,53467,53470,4,182,2,M_1253,Other
1254,booknlp,COREF,117,him,53554,53557,4,182,2,M_1254,Other
1255,booknlp,COREF,117,he,53561,53563,4,182,2,M_1255,Other
1256,booknlp,COREF,117,he,53660,53662,4,182,2,M_1256,Other
1257,booknlp,COREF,117,His,53676,53679,4,182,2,M_1257,Other
1258,booknlp,COREF,117,He,53854,53856,4,182,2,M_1258,Other
1259,booknlp,COREF,117,He,53879,53881,4,182,2,M_1259,Other
1260,exp,exp_name,the lad,the lad,53934,53941,41,183,2,M_1260,PROPN
1261,exp,exp_name,hallward,Hallward,53986,53994,2,183,2,M_1261,PROPN
1262,booknlp,COREF,427,his,54018,54021,41,183,2,M_1262,Other
1263,pdnc,qID,Q149-0,Basil,54075,54080,2,183,2,M_1263,PROPN
1264,booknlp,COREF,427,he,54090,54092,41,183,2,M_1264,Other
1265,booknlp,COREF,389,I,54124,54125,42,184,2,M_1265,Other
1266,pdnc,qID,Q150-0,you,54134,54137,4,184,2,M_1266,Other
1267,booknlp,COREF,389,my,54149,54151,42,184,2,M_1267,Other
1268,pdnc,qID,Q150-0,Dorian,54166,54172,4,184,2,M_1268,Other
1269,exp,exp_name,the painter,the painter,54180,54191,42,184,2,M_1269,PROPN
1270,booknlp,COREF,389,he,54204,54206,42,184,2,M_1270,Other
1271,booknlp,COREF,389,his,54226,54229,42,184,2,M_1271,Other
1272,booknlp,COREF,389,I,54241,54242,42,184,2,M_1272,Other
1273,pdnc,qID,Q150-1,you,54257,54260,4,184,2,M_1273,Other
1274,booknlp,COREF,427,I,54286,54287,41,185,2,M_1274,Other
1275,pdnc,qID,Q151-0,Basil,54308,54313,2,185,2,M_1275,PROPN
1276,booknlp,COREF,427,myself,54329,54335,41,185,2,M_1276,Other
1277,booknlp,COREF,427,I,54337,54338,41,185,2,M_1277,Other
1278,pdnc,qID,Q152-0,you,54370,54373,4,186,2,M_1278,Other
1279,pdnc,qID,Q152-0,you,54383,54386,4,186,2,M_1279,Other
1280,pdnc,qID,Q152-0,you,54439,54442,4,186,2,M_1280,Other
1281,pdnc,qID,Q152-0,you,54455,54458,4,186,2,M_1281,Other
1282,booknlp,COREF,117,yourself,54469,54477,4,186,2,M_1282,Other
1283,booknlp,COREF,427,he,54484,54486,41,186,2,M_1283,Other
1284,pdnc,qID,Q153-0,You,54538,54541,4,186,2,M_1284,Other
1285,pdnc,qID,Q153-0,Dorian,54568,54574,4,186,2,M_1285,Other
1286,pdnc,qID,Q153-0,you,54588,54591,19,186,2,M_1286,Other
1287,pdnc,qID,Q153-0,Harry,54593,54598,19,186,2,M_1287,PROPN
1288,pdnc,qID,Q153-0,you,54606,54609,19,186,2,M_1288,Other
1289,booknlp,COREF,120,I,54646,54647,19,187,2,M_1289,Other
1290,exp,exp_name,lord henry,Lord Henry,54678,54688,19,187,2,M_1290,PROPN
1291,booknlp,COREF,120,I,54736,54737,19,187,2,M_1291,Other
1292,booknlp,COREF,117,you,54798,54801,4,187,2,M_1292,Other
1293,booknlp,COREF,117,you,54815,54818,4,187,2,M_1293,Other
1294,booknlp,COREF,120,I,54820,54821,19,187,2,M_1294,Other
1295,exp,exp_name,man,man,54848,54851,30,187,2,M_1295,PROPN
1296,exp,exp_name,man,Man,54923,54926,30,187,2,M_1296,PROPN
1297,booknlp,COREF,364,he,54947,54949,30,187,2,M_1297,Other
1298,booknlp,COREF,120,I,54967,54968,19,187,2,M_1298,Other
1299,booknlp,COREF,364,he,54977,54979,30,187,2,M_1299,Other
1300,booknlp,COREF,120,I,55005,55006,19,187,2,M_1300,Other
1301,booknlp,COREF,117,you,55012,55015,4,187,2,M_1301,Other
1302,pdnc,qID,Q154-1,You,55059,55062,2,187,2,M_1302,Other
1303,booknlp,COREF,120,me,55083,55085,19,187,2,M_1303,Other
1304,pdnc,qID,Q154-1,Basil,55095,55100,2,187,2,M_1304,PROPN
1305,pdnc,qID,Q154-1,This silly boy,55102,55116,4,187,2,M_1305,Other
1306,booknlp,COREF,120,I,55145,55146,19,187,2,M_1306,Other
1307,pdnc,qID,Q155-0,you,55164,55167,2,188,2,M_1307,Other
1308,booknlp,COREF,117,me,55192,55194,4,188,2,M_1308,Other
1309,pdnc,qID,Q155-0,Basil,55196,55201,2,188,2,M_1309,PROPN
1310,booknlp,COREF,117,I,55203,55204,4,188,2,M_1310,Other
1311,pdnc,qID,Q155-0,you,55225,55228,2,188,2,M_1311,Other
1312,exp,exp_name,dorian gray,Dorian Gray,55237,55248,4,188,2,M_1312,PROPN
1313,booknlp,COREF,117,I,55255,55256,4,188,2,M_1313,Other
1314,booknlp,COREF,117,me,55284,55286,4,188,2,M_1314,Other
1315,pdnc,qID,Q156-0,You,55303,55306,4,189,2,M_1315,Other
1316,booknlp,COREF,117,yours,55327,55332,4,189,2,M_1316,Other
1317,pdnc,qID,Q156-0,Dorian,55334,55340,4,189,2,M_1317,Other
1318,booknlp,COREF,427,I,55342,55343,41,189,2,M_1318,Other
1319,pdnc,qID,Q156-0,you,55355,55358,4,189,2,M_1319,Other
1320,pdnc,qID,Q157-0,you,55385,55388,4,190,2,M_1320,Other
1321,pdnc,qID,Q157-0,you,55394,55397,4,190,2,M_1321,Other
1322,pdnc,qID,Q157-0,Mr. Gray,55424,55432,4,190,2,M_1322,PROPN
1323,pdnc,qID,Q157-0,you,55443,55446,4,190,2,M_1323,Other
1324,pdnc,qID,Q157-0,you,55490,55493,4,190,2,M_1324,Other
1325,booknlp,COREF,427,I,55518,55519,41,191,2,M_1325,Other
1326,pdnc,qID,Q158-0,Lord Henry,55569,55579,19,191,2,M_1326,PROPN
1327,pdnc,qID,Q159-0,You,55602,55605,4,192,2,M_1327,Other
1328,exp,exp_name,the butler,the butler,55667,55677,29,193,2,M_1328,PROPN
1329,exp,exp_name,dorian gray,Dorian Gray,55891,55902,4,193,2,M_1329,PROPN
1330,exp,exp_name,lord henry,Lord Henry,56065,56075,19,194,2,M_1330,PROPN
1331,booknlp,COREF,120,I,56123,56124,19,194,2,M_1331,Other
1332,booknlp,COREF,120,I,56197,56198,19,194,2,M_1332,Other
1333,booknlp,COREF,120,I,56231,56232,19,194,2,M_1333,Other
1334,booknlp,COREF,120,I,56249,56250,19,194,2,M_1334,Other
1335,booknlp,COREF,120,I,56319,56320,19,194,2,M_1335,Other
1336,exp,exp_name,hallward,Hallward,56469,56477,2,195,2,M_1336,PROPN
1337,exp,exp_name,lord henry,Lord Henry,56545,56555,19,196,2,M_1337,PROPN
1338,pdnc,qID,Q163-0,You,56712,56715,19,197,2,M_1338,Other
1339,pdnc,qID,Q163-0,Dorian,56760,56766,4,197,2,M_1339,Other
1340,pdnc,qID,Q163-0,Harry,56768,56773,19,197,2,M_1340,PROPN
1341,pdnc,qID,Q164-0,Dorian,56791,56797,4,198,2,M_1341,Other
1342,booknlp,COREF,427,I,56886,56887,41,200,2,M_1342,Other
1343,pdnc,qID,Q166-0,you,56928,56931,19,200,2,M_1343,Other
1344,pdnc,qID,Q166-0,Lord Henry,56933,56943,19,200,2,M_1344,PROPN
1345,exp,exp_name,the lad,the lad,56951,56958,41,200,2,M_1345,PROPN
1346,pdnc,qID,Q167-0,you,56967,56970,4,201,2,M_1346,Other
1347,pdnc,qID,Q167-0,you,56987,56990,2,201,2,M_1347,Other
1348,pdnc,qID,Q167-0,Basil,57007,57012,2,201,2,M_1348,PROPN
1349,pdnc,qID,Q167-0,you,57020,57023,2,201,2,M_1349,Other
1350,booknlp,COREF,389,I,57028,57029,42,202,2,M_1350,Other
1351,booknlp,COREF,389,I,57045,57046,42,202,2,M_1351,Other
1352,booknlp,COREF,389,I,57065,57066,42,202,2,M_1352,Other
1353,pdnc,qID,Q169-0,you,57108,57111,4,203,2,M_1353,Other
1354,booknlp,COREF,389,I,57116,57117,42,203,2,M_1354,Other
1355,pdnc,qID,Q169-0,Mr. Gray,57133,57141,4,203,2,M_1355,PROPN
1356,booknlp,COREF,389,I,57146,57147,42,204,2,M_1356,Other
1357,exp,exp_name,the painter,The painter,57176,57187,42,205,2,M_1357,PROPN
1358,booknlp,COREF,389,his,57192,57195,42,205,2,M_1358,Other
1359,booknlp,COREF,389,I,57247,57248,42,205,2,M_1359,Other
1360,pdnc,qID,Q171-0,Dorian,57274,57280,4,205,2,M_1360,Other
1361,booknlp,COREF,389,he,57283,57285,42,205,2,M_1361,Other
1362,pdnc,qID,Q172-0,Dorian,57316,57322,4,206,2,M_1362,Other
1363,booknlp,COREF,389,him,57381,57384,42,206,2,M_1363,Other
1364,pdnc,qID,Q173-0,you,57418,57421,4,207,2,M_1364,Other
1365,pdnc,qID,Q174-0,Basil,57460,57465,2,208,2,M_1365,PROPN
1366,pdnc,qID,Q175-0,you,57479,57482,4,209,2,M_1366,Other
1367,exp,exp_name,hallward,Hallward,57543,57551,2,209,2,M_1367,PROPN
1368,exp,exp_name,lord henry,Lord Henry,57627,57637,19,210,2,M_1368,PROPN
1369,pdnc,qID,Q177-0,Dorian,57886,57892,4,211,2,M_1369,Other
1370,exp,exp_name,hallward,Hallward,57900,57908,2,211,2,M_1370,PROPN
1371,booknlp,COREF,121,me,57930,57932,2,211,2,M_1371,Other
1372,booknlp,COREF,120,I,57937,57938,19,212,2,M_1372,Other
1373,pdnc,qID,Q178-0,Basil,57946,57951,2,212,2,M_1373,PROPN
1374,booknlp,COREF,120,I,57972,57973,19,214,2,M_1374,Other
1375,pdnc,qID,Q180-0,Lord Henry Wotton,57988,58005,19,214,2,M_1375,PROPN
1376,pdnc,qID,Q180-0,him,58017,58020,19,214,2,M_1376,Other
1377,pdnc,qID,Q181-0,He,58025,58027,19,215,2,M_1377,Other
1378,pdnc,qID,Q181-0,you,58039,58042,4,215,2,M_1378,Other
1379,pdnc,qID,Q181-0,your,58066,58070,4,215,2,M_1379,Other
1380,pdnc,qID,Q181-0,He,58081,58083,19,215,2,M_1380,Other
1381,pdnc,qID,Q181-0,his,58098,58101,19,215,2,M_1381,Other
1382,booknlp,COREF,121,I,58107,58108,2,215,2,M_1382,Other
1383,pdnc,qID,Q181-0,you,58113,58116,4,215,2,M_1383,Other
1384,exp,exp_name,dorian gray,Dorian Gray,58130,58141,4,216,2,M_1384,PROPN
1385,booknlp,COREF,117,his,58160,58163,4,216,2,M_1385,Other
1386,booknlp,COREF,117,I,58172,58173,4,217,2,M_1386,Other
1387,pdnc,qID,Q182-0,you,58182,58185,4,217,2,M_1387,Other
1388,exp,exp_name,the lad,The lad,58189,58196,41,218,2,M_1388,PROPN
1389,exp,exp_name,lord henry,Lord Henry,58227,58237,19,218,2,M_1389,PROPN
1390,booknlp,COREF,120,I,58304,58305,19,219,2,M_1390,Other
1391,pdnc,qID,Q183-0,Basil,58315,58320,2,219,2,M_1391,PROPN
1392,booknlp,COREF,120,he,58323,58325,19,219,2,M_1392,Other
1393,exp,exp_name,hallward,Hallward,58355,58363,2,220,2,M_1393,PROPN
1394,booknlp,COREF,121,he,58369,58371,2,220,2,M_1394,Other
1395,booknlp,COREF,121,his,58396,58399,2,220,2,M_1395,Other
1396,booknlp,COREF,120,you,58445,58448,19,220,2,M_1396,Other
1397,booknlp,COREF,120,you,58464,58467,19,220,2,M_1397,Other
1398,pdnc,qID,Q184-1,Harry,58503,58508,19,220,2,M_1398,PROPN
1399,pdnc,qID,Q184-1,Dorian,58520,58526,4,220,2,M_1399,Other
1400,booknlp,COREF,121,me,58541,58543,2,220,2,M_1400,Other
1401,pdnc,qID,Q186-0,You,58583,58586,4,222,2,M_1401,Other
1402,exp,exp_name,dorian,Dorian,58630,58636,4,223,2,M_1402,PROPN
1403,pdnc,qID,Q188-0,Harry,58648,58653,19,224,2,M_1403,PROPN
1404,pdnc,qID,Q189-0,Basil,58663,58668,2,225,2,M_1404,PROPN
1405,booknlp,COREF,121,I,58687,58688,2,226,2,M_1405,Other
1406,pdnc,qID,Q190-0,you,58695,58698,19,226,2,M_1406,Other
1407,booknlp,COREF,121,I,58744,58745,2,227,2,M_1407,Other
1408,booknlp,COREF,121,I,58768,58769,2,228,2,M_1408,Other
1409,pdnc,qID,Q192-0,you,58776,58779,19,228,2,M_1409,Other
1410,booknlp,COREF,120,I,58784,58785,19,229,2,M_1410,Other
1411,booknlp,COREF,120,I,58791,58792,19,229,2,M_1411,Other
1412,booknlp,COREF,120,myself,58805,58811,19,229,2,M_1412,Other
1413,exp,exp_name,lord henry,Lord Henry,58819,58829,19,229,2,M_1413,PROPN
1414,pdnc,qID,Q193-1,Mr. Gray,58848,58856,4,229,2,M_1414,PROPN
1415,booknlp,COREF,120,my,58858,58860,19,229,2,M_1415,Other
1416,booknlp,COREF,120,I,58884,58885,19,229,2,M_1416,Other
1417,pdnc,qID,Q193-1,you,58895,58898,4,229,2,M_1417,Other
1418,pdnc,qID,Q193-1,your,58902,58906,4,229,2,M_1418,Other
1419,pdnc,qID,Q193-1,Basil,58928,58933,2,229,2,M_1419,PROPN
1420,exp,exp_name,the painter,the painter,59011,59022,42,230,2,M_1420,PROPN
1421,booknlp,COREF,389,himself,59029,59036,42,230,2,M_1421,Other
1422,booknlp,COREF,389,his,59082,59085,42,230,2,M_1422,Other
1423,exp,exp_name,lord henry wotton,Lord Henry Wotton,59140,59157,19,232,3,M_1423,PROPN
1424,booknlp,COREF,120,his,59216,59219,19,232,3,M_1424,Other
1425,exp,exp_name,lord fermor,Lord Fermor,59227,59238,18,232,3,M_1425,PROPN
1426,booknlp,COREF,120,His,59459,59462,19,232,3,M_1426,Other
1427,exp,exp_name,lord henry,Lord Henry,60959,60969,19,233,3,M_1427,PROPN
1428,booknlp,COREF,120,he,60988,60990,19,233,3,M_1428,Other
1429,booknlp,COREF,120,his,60997,61000,19,233,3,M_1429,Other
1430,pdnc,qID,Q194-0,Harry,61098,61103,19,233,3,M_1430,PROPN
1431,pdnc,qID,Q194-1,you,61143,61146,19,233,3,M_1431,Other
1432,pdnc,qID,Q194-1,you,61171,61174,19,233,3,M_1432,Other
1433,pdnc,qID,Q195-0,you,61273,61276,18,234,3,M_1433,Other
1434,pdnc,qID,Q195-0,Uncle George,61278,61290,18,234,3,M_1434,PROPN
1435,pdnc,qID,Q195-0,you,61323,61326,18,234,3,M_1435,Other
1436,booknlp,COREF,136,I,61338,61339,18,235,3,M_1436,Other
1437,exp,exp_name,lord fermor,Lord Fermor,61355,61366,18,235,3,M_1437,PROPN
1438,booknlp,COREF,136,me,61412,61414,18,235,3,M_1438,Other
1439,exp,exp_name,lord henry,Lord Henry,61505,61515,19,236,3,M_1439,PROPN
1440,booknlp,COREF,120,his,61526,61529,19,236,3,M_1440,Other
1441,booknlp,COREF,120,his,61545,61548,19,236,3,M_1441,Other
1442,booknlp,COREF,120,I,61599,61600,19,236,3,M_1442,Other
1443,pdnc,qID,Q197-1,Uncle George,61672,61684,18,236,3,M_1443,PROPN
1444,booknlp,COREF,120,I,61690,61691,19,236,3,M_1444,Other
1445,booknlp,COREF,120,mine,61702,61706,19,236,3,M_1445,Other
1446,booknlp,COREF,120,I,61791,61792,19,236,3,M_1446,Other
1447,booknlp,COREF,120,me,61867,61869,19,236,3,M_1447,Other
1448,booknlp,COREF,120,I,61876,61877,19,236,3,M_1448,Other
1449,booknlp,COREF,136,I,61964,61965,18,237,3,M_1449,Other
1450,pdnc,qID,Q198-0,you,61975,61978,19,237,3,M_1450,Other
1451,pdnc,qID,Q198-0,Harry,62021,62026,19,237,3,M_1451,PROPN
1452,booknlp,COREF,136,I,62090,62091,18,237,3,M_1452,Other
1453,booknlp,COREF,136,I,62144,62145,18,237,3,M_1453,Other
1454,pdnc,qID,Q198-0,you,62197,62200,19,237,3,M_1454,Other
1455,pdnc,qID,Q198-0,sir,62223,62226,19,237,3,M_1455,PROPN
1456,exp,exp_name,man,man,62272,62275,30,237,3,M_1456,PROPN
1457,pdnc,qID,Q199-0,Mr. Dorian Gray,62382,62397,4,238,3,M_1457,PROPN
1458,pdnc,qID,Q199-0,Uncle George,62429,62441,18,238,3,M_1458,PROPN
1459,exp,exp_name,lord henry,Lord Henry,62449,62459,19,238,3,M_1459,PROPN
1460,pdnc,qID,Q200-0,Mr. Dorian Gray,62473,62488,4,239,3,M_1460,PROPN
1461,pdnc,qID,Q200-0,he,62497,62499,4,239,3,M_1461,Other
1462,exp,exp_name,lord fermor,Lord Fermor,62508,62519,18,239,3,M_1462,PROPN
1463,booknlp,COREF,136,his,62530,62533,18,239,3,M_1463,Other
1464,booknlp,COREF,120,I,62571,62572,19,240,3,M_1464,Other
1465,pdnc,qID,Q201-0,Uncle George,62593,62605,18,240,3,M_1465,PROPN
1466,booknlp,COREF,120,I,62618,62619,19,240,3,M_1466,Other
1467,pdnc,qID,Q201-0,he,62629,62631,4,240,3,M_1467,Other
1468,pdnc,qID,Q201-0,He,62636,62638,4,240,3,M_1468,Other
1469,pdnc,qID,Q201-0,the last Lord Kelso s grandson,62642,62672,4,240,3,M_1469,Other
1470,pdnc,qID,Q201-0,His,62674,62677,4,240,3,M_1470,Other
1471,exp,exp_name,mother,mother,62678,62684,40,240,3,M_1471,PROPN
1472,booknlp,COREF,120,I,62725,62726,19,240,3,M_1472,Other
1473,pdnc,qID,Q201-0,you,62732,62735,18,240,3,M_1473,Other
1474,booknlp,COREF,120,me,62744,62746,19,240,3,M_1474,Other
1475,pdnc,qID,Q201-0,his,62753,62756,4,240,3,M_1475,Other
1476,exp,exp_name,mother,mother,62757,62763,40,240,3,M_1476,PROPN
1477,pdnc,qID,Q201-0,You,62804,62807,18,240,3,M_1477,Other
1478,pdnc,qID,Q201-0,your,62839,62843,18,240,3,M_1478,Other
1479,pdnc,qID,Q201-0,you,62853,62856,18,240,3,M_1479,Other
1480,booknlp,COREF,120,I,62879,62880,19,240,3,M_1480,Other
1481,pdnc,qID,Q201-0,Mr. Gray,62908,62916,4,240,3,M_1481,PROPN
1482,booknlp,COREF,120,I,62929,62930,19,240,3,M_1482,Other
1483,pdnc,qID,Q201-0,him,62950,62953,4,240,3,M_1483,Other
1484,pdnc,qID,Q202-0,Kelso s grandson,62958,62974,4,241,3,M_1484,Other
1485,pdnc,qID,Q202-1,Kelso s grandson,63004,63020,4,241,3,M_1485,Other
1486,pdnc,qID,Q202-1,his,63047,63050,4,241,3,M_1486,Other
1487,exp,exp_name,mother,mother,63051,63057,40,241,3,M_1487,PROPN
1488,pdnc,qID,Q202-1,sir,63258,63261,19,241,3,M_1488,PROPN
1489,pdnc,qID,Q202-1,sir,63609,63612,19,241,3,M_1489,PROPN
1490,exp,exp_name,man,man,63665,63668,30,241,3,M_1490,PROPN
1491,pdnc,qID,Q202-1,he,64023,64025,4,241,3,M_1491,Other
1492,pdnc,qID,Q202-1,he,64030,64032,4,241,3,M_1492,Other
1493,pdnc,qID,Q202-1,his,64041,64044,4,241,3,M_1493,Other
1494,exp,exp_name,mother,mother,64045,64051,40,241,3,M_1494,PROPN
1495,pdnc,qID,Q202-1,he,64053,64055,4,241,3,M_1495,Other
1496,pdnc,qID,Q203-0,He,64088,64090,4,242,3,M_1496,Other
1497,exp,exp_name,lord henry,Lord Henry,64123,64133,19,242,3,M_1497,PROPN
1498,pdnc,qID,Q204-0,he,64144,64146,4,243,3,M_1498,Other
1499,exp,exp_name,man,man,64195,64198,30,243,3,M_1499,PROPN
1500,pdnc,qID,Q204-1,He,64201,64203,4,243,3,M_1500,Other
1501,pdnc,qID,Q204-1,him,64243,64246,4,243,3,M_1501,Other
1502,pdnc,qID,Q204-1,him,64279,64282,4,243,3,M_1502,Other
1503,pdnc,qID,Q204-1,His,64284,64287,4,243,3,M_1503,Other
1504,exp,exp_name,mother,mother,64288,64294,40,243,3,M_1504,PROPN
1505,pdnc,qID,Q204-1,his grandson,64713,64725,4,243,3,M_1505,Other
1506,booknlp,COREF,120,I,64761,64762,19,244,3,M_1506,Other
1507,exp,exp_name,lord henry,Lord Henry,64785,64795,19,244,3,M_1507,PROPN
1508,booknlp,COREF,120,I,64798,64799,19,244,3,M_1508,Other
1509,pdnc,qID,Q205-1,the boy,64811,64818,4,244,3,M_1509,Other
1510,pdnc,qID,Q205-1,He,64837,64839,4,244,3,M_1510,Other
1511,pdnc,qID,Q205-1,He,64859,64861,4,244,3,M_1511,Other
1512,booknlp,COREF,120,I,64873,64874,19,244,3,M_1512,Other
1513,pdnc,qID,Q205-1,He,64881,64883,4,244,3,M_1513,Other
1514,booknlp,COREF,120,me,64889,64891,19,244,3,M_1514,Other
1515,pdnc,qID,Q205-1,his,64904,64907,4,244,3,M_1515,Other
1516,exp,exp_name,mother,mother,64908,64914,40,244,3,M_1516,PROPN
1517,pdnc,qID,Q206-0,Harry,65003,65008,19,245,3,M_1517,PROPN
1518,pdnc,qID,Q206-0,Harry,65440,65445,19,245,3,M_1518,PROPN
1519,pdnc,qID,Q206-0,your,65498,65502,19,245,3,M_1519,Other
1520,pdnc,qID,Q207-0,Uncle George,65662,65674,18,246,3,M_1520,PROPN
1521,booknlp,COREF,136,I,65679,65680,18,247,3,M_1521,Other
1522,pdnc,qID,Q208-0,Harry,65722,65727,19,247,3,M_1522,PROPN
1523,exp,exp_name,lord fermor,Lord Fermor,65735,65746,18,247,3,M_1523,PROPN
1524,booknlp,COREF,136,his,65772,65775,18,247,3,M_1524,Other
1525,booknlp,COREF,120,I,65969,65970,19,250,3,M_1525,Other
1526,exp,exp_name,lord henry,Lord Henry,66078,66088,19,252,3,M_1526,PROPN
1527,booknlp,COREF,120,his,66095,66098,19,252,3,M_1527,Other
1528,booknlp,COREF,120,he,66212,66214,19,252,3,M_1528,Other
1529,booknlp,COREF,120,I,66260,66261,19,253,3,M_1529,Other
1530,booknlp,COREF,120,I,66274,66275,19,254,3,M_1530,Other
1531,pdnc,qID,Q215-0,Uncle George,66285,66297,18,254,3,M_1531,PROPN
1532,booknlp,COREF,120,I,66320,66321,19,254,3,M_1532,Other
1533,exp,exp_name,lord henry,Lord Henry,66747,66757,19,258,3,M_1533,PROPN
1534,exp,exp_name,uncle george,Uncle George,66770,66782,18,258,3,M_1534,PROPN
1535,booknlp,COREF,120,I,66784,66785,19,258,3,M_1535,Other
1536,booknlp,COREF,120,I,66814,66815,19,258,3,M_1536,Other
1537,booknlp,COREF,120,me,66851,66853,19,258,3,M_1537,Other
1538,booknlp,COREF,120,I,66870,66871,19,258,3,M_1538,Other
1539,booknlp,COREF,120,I,66880,66881,19,258,3,M_1539,Other
1540,booknlp,COREF,120,my,66919,66921,19,258,3,M_1540,Other
1541,booknlp,COREF,120,my,66953,66955,19,258,3,M_1541,Other
1542,pdnc,qID,Q220-0,you,66979,66982,19,259,3,M_1542,Other
1543,pdnc,qID,Q220-0,Harry,66993,66998,19,259,3,M_1543,PROPN
1544,pdnc,qID,Q221-0,Aunt Agatha ,67006,67018,13,260,3,M_1544,PROPN
1545,booknlp,COREF,120,I,67021,67022,19,260,3,M_1545,Other
1546,booknlp,COREF,120,myself,67034,67040,19,260,3,M_1546,Other
1547,pdnc,qID,Q221-0,Mr. Gray,67045,67053,4,260,3,M_1547,PROPN
1548,pdnc,qID,Q221-0,He,67055,67057,4,260,3,M_1548,Other
1549,booknlp,COREF,133,her,67061,67064,13,260,3,M_1549,Other
1550,booknlp,COREF,139,your,67098,67102,18,261,3,M_1550,Other
1551,pdnc,qID,Q222-0,Aunt Agatha,67103,67114,13,261,3,M_1551,PROPN
1552,pdnc,qID,Q222-0,Harry,67116,67121,19,261,3,M_1552,PROPN
1553,booknlp,COREF,120,me,67137,67139,19,261,3,M_1553,Other
1554,pdnc,qID,Q222-0,her,67154,67157,13,261,3,M_1554,Other
1555,booknlp,COREF,120,I,67175,67176,19,261,3,M_1555,Other
1556,booknlp,COREF,120,I,67226,67227,19,261,3,M_1556,Other
1557,pdnc,qID,Q222-0,her,67272,67275,13,261,3,M_1557,Other
1558,pdnc,qID,Q223-0,Uncle George,67302,67314,18,262,3,M_1558,PROPN
1559,booknlp,COREF,120,I,67316,67317,19,262,3,M_1559,Other
1560,pdnc,qID,Q223-0,her,67326,67329,13,262,3,M_1560,Other
1561,pdnc,qID,Q223-0,their,67416,67421,19,262,3,M_1561,Other
1562,exp,exp_name,lord henry,Lord Henry,67528,67538,19,263,3,M_1562,PROPN
1563,booknlp,COREF,120,his,67598,67601,19,263,3,M_1563,Other
1564,exp,exp_name,dorian gray,Dorian Gray,67671,67682,4,264,3,M_1564,PROPN
1565,booknlp,COREF,120,him,67727,67730,19,264,3,M_1565,Other
1566,booknlp,COREF,120,him,67751,67754,19,264,3,M_1566,Other
1567,exp,exp_name,mother,mother,68001,68007,40,264,3,M_1567,PROPN
1568,exp,exp_name,man,man,68096,68099,30,264,3,M_1568,PROPN
1569,exp,exp_name,the lad,the lad,68149,68156,41,264,3,M_1569,PROPN
1570,booknlp,COREF,427,him,68163,68166,41,264,3,M_1570,Other
1571,booknlp,COREF,427,he,68349,68351,41,264,3,M_1571,Other
1572,booknlp,COREF,427,he,68450,68452,41,264,3,M_1572,Other
1573,booknlp,COREF,427,him,68473,68476,41,264,3,M_1573,Other
1574,booknlp,COREF,427,his,68560,68563,41,264,3,M_1574,Other
1575,booknlp,COREF,427,him,68581,68584,41,264,3,M_1575,Other
1576,booknlp,COREF,427,He,68628,68630,41,264,3,M_1576,Other
1577,booknlp,COREF,427,He,69257,69259,41,264,3,M_1577,Other
1578,booknlp,COREF,427,he,69326,69328,41,264,3,M_1578,Other
1579,exp,exp_name,basil,Basil,69340,69345,2,264,3,M_1579,PROPN
1580,booknlp,COREF,427,his,69425,69428,41,264,3,M_1580,Other
1581,booknlp,COREF,427,him,69558,69561,41,264,3,M_1581,Other
1582,booknlp,COREF,427,He,69563,69565,41,264,3,M_1582,Other
1583,exp,exp_name,basil,Basil,69664,69669,2,264,3,M_1583,PROPN
1584,booknlp,COREF,121,he,69723,69725,2,264,3,M_1584,Other
1585,booknlp,COREF,121,his,70023,70026,2,264,3,M_1585,Other
1586,booknlp,COREF,121,He,70381,70383,2,264,3,M_1586,Other
1587,booknlp,COREF,121,he,70627,70629,2,264,3,M_1587,Other
1588,exp,exp_name,dorian gray,Dorian Gray,70649,70660,4,264,3,M_1588,PROPN
1589,exp,exp_name,the lad,the lad,70687,70694,41,264,3,M_1589,PROPN
1590,exp,exp_name,the painter,the painter,70702,70713,42,264,3,M_1590,PROPN
1591,booknlp,COREF,121,He,70756,70758,2,264,3,M_1591,Other
1592,booknlp,COREF,121,him,70782,70785,2,264,3,M_1592,Other
1593,booknlp,COREF,121,He,70821,70823,2,264,3,M_1593,Other
1594,booknlp,COREF,121,his,70857,70860,2,264,3,M_1594,Other
1595,booknlp,COREF,121,he,70939,70941,2,265,3,M_1595,Other
1596,booknlp,COREF,121,He,70980,70982,2,265,3,M_1596,Other
1597,booknlp,COREF,121,he,70994,70996,2,265,3,M_1597,Other
1598,booknlp,COREF,121,his,71008,71011,2,265,3,M_1598,Other
1599,booknlp,COREF,121,himself,71050,71057,2,265,3,M_1599,Other
1600,booknlp,COREF,121,he,71077,71079,2,265,3,M_1600,Other
1601,exp,exp_name,the butler,the butler,71114,71124,29,265,3,M_1601,PROPN
1602,booknlp,COREF,121,him,71130,71133,2,265,3,M_1602,Other
1603,booknlp,COREF,121,He,71166,71168,2,265,3,M_1603,Other
1604,booknlp,COREF,121,his,71193,71196,2,265,3,M_1604,Other
1605,pdnc,qID,Q224-0,Harry,71261,71266,19,266,3,M_1605,PROPN
1606,booknlp,COREF,121,his,71275,71278,2,266,3,M_1606,Other
1607,booknlp,COREF,121,him,71305,71308,2,266,3,M_1607,Other
1608,booknlp,COREF,121,He,71311,71313,2,267,3,M_1608,Other
1609,exp,exp_name,dorian,Dorian,71421,71427,4,267,3,M_1609,PROPN
1610,booknlp,COREF,121,him,71437,71440,2,267,3,M_1610,Other
1611,booknlp,COREF,121,his,71508,71511,2,267,3,M_1611,Other
1612,exp,exp_name,duchess of harley,Duchess of Harley,71536,71553,5,267,3,M_1612,PROPN
1613,exp,exp_name,sir thomas burdon,Sir Thomas Burdon,71809,71826,33,267,3,M_1613,PROPN
1614,booknlp,COREF,149,his,71873,71876,33,267,3,M_1614,Other
1615,exp,exp_name,mr. erskine,Mr. Erskine,72083,72094,20,267,3,M_1615,PROPN
1616,booknlp,COREF,151,he,72224,72226,20,267,3,M_1616,Other
1617,exp,exp_name,lady agatha,Lady Agatha,72245,72256,13,267,3,M_1617,PROPN
1618,booknlp,COREF,151,he,72279,72281,20,267,3,M_1618,Other
1619,booknlp,COREF,151,he,72300,72302,20,267,3,M_1619,Other
1620,booknlp,COREF,151,His,72315,72318,20,267,3,M_1620,Other
1621,exp,exp_name,mrs. vandeleur,Mrs. Vandeleur,72337,72351,24,267,3,M_1621,PROPN
1622,booknlp,COREF,151,his,72360,72363,20,267,3,M_1622,Other
1623,booknlp,COREF,152,she,72447,72450,24,267,3,M_1623,Other
1624,booknlp,COREF,151,him,72508,72511,20,267,3,M_1624,Other
1625,booknlp,COREF,151,he,72756,72758,20,267,3,M_1625,Other
1626,booknlp,COREF,151,himself,72773,72780,20,267,3,M_1626,Other
1627,pdnc,qID,Q225-0,Lord Henry,72906,72916,19,268,3,M_1627,PROPN
1628,booknlp,COREF,151,him,72960,72963,20,268,3,M_1628,Other
1629,pdnc,qID,Q225-1,you,72986,72989,19,268,3,M_1629,Other
1630,booknlp,COREF,151,he,72996,72998,20,268,3,M_1630,Other
1631,pdnc,qID,Q226-0,she,73061,73064,33,269,3,M_1631,Other
1632,booknlp,COREF,151,him,73100,73103,20,269,3,M_1632,Other
1633,pdnc,qID,Q226-0,Duchess,73105,73112,5,269,3,M_1633,Other
1634,exp,exp_name,lady agatha,Lady Agatha,73142,73153,13,270,3,M_1634,PROPN
1635,booknlp,COREF,149,I,73194,73195,33,271,3,M_1635,Other
1636,exp,exp_name,sir thomas burdon,Sir Thomas Burdon,73286,73303,33,271,3,M_1636,PROPN
1637,pdnc,qID,Q229-0,My uncle,73329,73337,18,272,3,M_1637,Other
1638,pdnc,qID,Q229-0,Sir Thomas,73374,73384,33,272,3,M_1638,PROPN
1639,exp,exp_name,lord henry,Lord Henry,73539,73549,19,274,3,M_1639,PROPN
1640,booknlp,COREF,120,himself,73559,73566,19,274,3,M_1640,Other
1641,pdnc,qID,Q232-0,him,73624,73627,19,276,3,M_1641,Other
1642,pdnc,qID,Q232-0,my dear,73629,73636,5,276,3,M_1642,Other
1643,exp,exp_name,lady agatha,Lady Agatha,73649,73660,13,276,3,M_1643,PROPN
1644,pdnc,qID,Q232-1,He,73663,73665,19,276,3,M_1644,Other
1645,pdnc,qID,Q232-1,he,73692,73694,19,276,3,M_1645,Other
1646,exp,exp_name,mr. erskine,Mr. Erskine,74139,74150,20,278,3,M_1646,PROPN
1647,booknlp,COREF,151,I,74153,74154,20,278,3,M_1647,Other
1648,booknlp,COREF,151,myself,74155,74161,20,278,3,M_1648,Other
1649,exp,exp_name,sir thomas,Sir Thomas,74516,74526,33,280,3,M_1649,PROPN
1650,exp,exp_name,lord henry,Lord Henry,74696,74706,19,282,3,M_1650,PROPN
1651,exp,exp_name,sir thomas,Sir Thomas,74709,74719,33,283,3,M_1651,PROPN
1652,booknlp,COREF,120,I,74730,74731,19,283,3,M_1652,Other
1653,pdnc,qID,Q240-0,your nephew,74747,74758,19,283,3,M_1653,Other
1654,booknlp,COREF,120,he,74802,74804,19,283,3,M_1654,Other
1655,exp,exp_name,lady agatha,Lady Agatha,74813,74824,13,283,3,M_1655,PROPN
1656,booknlp,COREF,120,I,74827,74828,19,283,3,M_1656,Other
1657,booknlp,COREF,120,I,74934,74935,19,283,3,M_1657,Other
1658,pdnc,qID,Q240-1,you,74943,74946,13,283,3,M_1658,Other
1659,exp,exp_name,mr. erskine,Mr. Erskine,75050,75061,20,284,3,M_1659,PROPN
1660,booknlp,COREF,151,I,75076,75077,20,284,3,M_1660,Other
1661,exp,exp_name,sir thomas,Sir Thomas,75110,75120,33,285,3,M_1661,PROPN
1662,booknlp,COREF,149,his,75127,75130,33,285,3,M_1662,Other
1663,pdnc,qID,Q242-0,Mr. Erskine,75138,75149,20,285,3,M_1663,PROPN
1664,pdnc,qID,Q242-0,of Treadley,75150,75161,20,285,3,M_1664,Other
1665,pdnc,qID,Q242-0,his,75179,75182,20,285,3,M_1665,Other
1666,booknlp,COREF,149,I,75336,75337,33,285,3,M_1666,Other
1667,pdnc,qID,Q242-0,Mr. Erskine,75394,75405,20,285,3,M_1667,PROPN
1668,booknlp,COREF,149,I,75440,75441,33,285,3,M_1668,Other
1669,pdnc,qID,Q242-0,you,75449,75452,20,285,3,M_1669,Other
1670,exp,exp_name,lord henry,Lord Henry,75519,75529,19,286,3,M_1670,PROPN
1671,booknlp,COREF,120,I,75532,75533,19,286,3,M_1671,Other
1672,booknlp,COREF,149,I,75674,75675,33,287,3,M_1672,Other
1673,pdnc,qID,Q244-0,you,75694,75697,19,287,3,M_1673,Other
1674,exp,exp_name,sir thomas,Sir Thomas,75705,75715,33,287,3,M_1674,PROPN
1675,booknlp,COREF,151,I,75739,75740,20,288,3,M_1675,Other
1676,pdnc,qID,Q245-0,Lord Henry,75745,75755,19,288,3,M_1676,PROPN
1677,exp,exp_name,mr. erskine,Mr. Erskine,75767,75778,20,288,3,M_1677,PROPN
1678,exp,exp_name,mr. erskine,Mr. Erskine,75893,75904,20,290,3,M_1678,PROPN
1679,booknlp,COREF,151,I,75907,75908,20,290,3,M_1679,Other
1680,booknlp,COREF,131,me,76103,76105,13,291,3,M_1680,Other
1681,exp,exp_name,lady agatha,Lady Agatha,76113,76124,13,291,3,M_1681,PROPN
1682,booknlp,COREF,151,you,76131,76134,20,291,3,M_1682,Other
1683,booknlp,COREF,131,I,76146,76147,13,291,3,M_1683,Other
1684,booknlp,COREF,131,I,76156,76157,13,291,3,M_1684,Other
1685,booknlp,COREF,151,you,76182,76185,20,291,3,M_1685,Other
1686,pdnc,qID,Q248-1,Harry,76209,76214,19,291,3,M_1686,PROPN
1687,booknlp,COREF,131,I,76216,76217,13,291,3,M_1687,Other
1688,pdnc,qID,Q248-1,you,76238,76241,19,291,3,M_1688,Other
1689,pdnc,qID,Q248-1,you,76250,76253,19,291,3,M_1689,Other
1690,pdnc,qID,Q248-1,our nice Mr. Dorian Gray,76270,76294,4,291,3,M_1690,Other
1691,booknlp,COREF,131,I,76320,76321,13,291,3,M_1691,Other
1692,pdnc,qID,Q248-1,you,76329,76332,19,291,3,M_1692,Other
1693,pdnc,qID,Q248-1,he,76333,76335,4,291,3,M_1693,Other
1694,pdnc,qID,Q248-1,They,76363,76367,4,291,3,M_1694,Other
1695,pdnc,qID,Q248-1,his,76379,76382,4,291,3,M_1695,Other
1696,booknlp,COREF,120,I,76395,76396,19,292,3,M_1696,Other
1697,pdnc,qID,Q249-0,him,76402,76405,4,292,3,M_1697,Other
1698,booknlp,COREF,120,me,76417,76419,19,292,3,M_1698,Other
1699,exp,exp_name,lord henry,Lord Henry,76428,76438,19,292,3,M_1699,PROPN
1700,booknlp,COREF,120,he,76453,76455,19,292,3,M_1700,Other
1701,exp,exp_name,lady agatha,Lady Agatha,76569,76580,13,293,3,M_1701,PROPN
1702,booknlp,COREF,120,I,76584,76585,19,294,3,M_1702,Other
1703,exp,exp_name,lord henry,Lord Henry,76641,76651,19,294,3,M_1703,PROPN
1704,booknlp,COREF,120,his,76663,76666,19,294,3,M_1704,Other
1705,booknlp,COREF,120,I,76679,76680,19,294,3,M_1705,Other
1706,exp,exp_name,sir thomas,Sir Thomas,77002,77012,33,295,3,M_1706,PROPN
1707,pdnc,qID,Q254-0,you,77215,77218,19,297,3,M_1707,Other
1708,exp,exp_name,lord henry,Lord Henry,77246,77256,19,298,3,M_1708,PROPN
1709,booknlp,COREF,120,I,77267,77268,19,298,3,M_1709,Other
1710,booknlp,COREF,120,he,77333,77335,19,298,3,M_1710,Other
1711,booknlp,COREF,120,I,77347,77348,19,298,3,M_1711,Other
1712,booknlp,COREF,120,I,77488,77489,19,298,3,M_1712,Other
1713,exp,exp_name,mrs. vandeleur,Mrs. Vandeleur,77728,77742,24,299,3,M_1713,PROPN
1714,exp,exp_name,lady agatha,Lady Agatha,77778,77789,13,300,3,M_1714,PROPN
1715,exp,exp_name,lord henry,Lord Henry,77792,77802,19,301,3,M_1715,PROPN
1716,exp,exp_name,mr. erskine,Mr. Erskine,77818,77829,20,301,3,M_1716,PROPN
1717,pdnc,qID,Q259-0,You,77978,77981,19,302,3,M_1717,Other
1718,pdnc,qID,Q259-1,your dear aunt,78085,78099,13,302,3,M_1718,Other
1719,pdnc,qID,Q259-1,her,78187,78190,13,302,3,M_1719,Other
1720,pdnc,qID,Q260-0,Duchess,78249,78256,5,303,3,M_1720,Other
1721,exp,exp_name,lord henry,Lord Henry,78268,78278,19,303,3,M_1721,PROPN
1722,pdnc,qID,Q261-1,Lord Henry,78388,78398,19,304,3,M_1722,PROPN
1723,pdnc,qID,Q261-1,you,78407,78410,19,304,3,M_1723,Other
1724,booknlp,COREF,120,He,78454,78456,19,305,3,M_1724,Other
1725,pdnc,qID,Q262-0,you,78484,78487,5,305,3,M_1725,Other
1726,pdnc,qID,Q262-0,you,78518,78521,5,305,3,M_1726,Other
1727,pdnc,qID,Q262-0,your,78535,78539,5,305,3,M_1727,Other
1728,pdnc,qID,Q262-0,Duchess,78552,78559,5,305,3,M_1728,Other
1729,booknlp,COREF,120,he,78562,78564,19,305,3,M_1729,Other
1730,booknlp,COREF,120,he,78673,78675,19,307,3,M_1730,Other
1731,exp,exp_name,sir thomas,Sir Thomas,78860,78870,33,309,3,M_1731,PROPN
1732,exp,exp_name,lady agatha,Lady Agatha,78885,78896,13,309,3,M_1732,PROPN
1733,booknlp,COREF,131,her,78903,78906,13,309,3,M_1733,Other
1734,exp,exp_name,mr. erskine,Mr. Erskine,78946,78957,20,309,3,M_1734,PROPN
1735,booknlp,COREF,120,he,78976,78978,19,310,3,M_1735,Other
1736,booknlp,COREF,120,He,79218,79220,19,312,3,M_1736,Other
1737,booknlp,COREF,120,he,79417,79419,19,312,3,M_1737,Other
1738,booknlp,COREF,120,He,79998,80000,19,312,3,M_1738,Other
1739,exp,exp_name,dorian gray,Dorian Gray,80023,80034,4,312,3,M_1739,PROPN
1740,booknlp,COREF,120,him,80049,80052,19,312,3,M_1740,Other
1741,booknlp,COREF,120,his,80089,80092,19,312,3,M_1741,Other
1742,booknlp,COREF,120,he,80134,80136,19,312,3,M_1742,Other
1743,booknlp,COREF,120,his,80172,80175,19,312,3,M_1743,Other
1744,booknlp,COREF,120,his,80211,80214,19,312,3,M_1744,Other
1745,booknlp,COREF,120,He,80228,80230,19,312,3,M_1745,Other
1746,booknlp,COREF,120,He,80272,80274,19,312,3,M_1746,Other
1747,booknlp,COREF,120,his,80283,80286,19,312,3,M_1747,Other
1748,booknlp,COREF,120,his,80334,80337,19,312,3,M_1748,Other
1749,exp,exp_name,dorian gray,Dorian Gray,80354,80365,4,312,3,M_1749,PROPN
1750,booknlp,COREF,117,his,80377,80380,4,312,3,M_1750,Other
1751,booknlp,COREF,120,him,80390,80393,19,312,3,M_1751,Other
1752,booknlp,COREF,120,his,80458,80461,19,312,3,M_1752,Other
1753,booknlp,COREF,120,his,80495,80498,19,312,3,M_1753,Other
1754,pdnc,qID,Q268-1,dear Agatha,81023,81034,13,313,3,M_1754,Other
1755,pdnc,qID,Q268-1,Lord Henry,81046,81056,19,313,3,M_1755,PROPN
1756,pdnc,qID,Q268-1,you,81058,81061,19,313,3,M_1756,Other
1757,pdnc,qID,Q268-1,your,81153,81157,19,313,3,M_1757,Other
1758,pdnc,qID,Q268-1,You,81165,81168,19,313,3,M_1758,Other
1759,pdnc,qID,Q268-1,us,81193,81195,5,313,3,M_1759,Other
1760,pdnc,qID,Q268-1,you,81221,81224,19,313,3,M_1760,Other
1761,pdnc,qID,Q269-0,you,81252,81255,5,314,3,M_1761,Other
1762,booknlp,COREF,120,I,81256,81257,19,314,3,M_1762,Other
1763,pdnc,qID,Q269-0,Duchess,81284,81291,5,314,3,M_1763,Other
1764,exp,exp_name,lord henry,Lord Henry,81299,81309,19,314,3,M_1764,PROPN
1765,pdnc,qID,Q270-0,you,81365,81368,19,315,3,M_1765,Other
1766,pdnc,qID,Q270-1,you,81391,81394,19,315,3,M_1766,Other
1767,exp,exp_name,lady agatha,Lady Agatha,81445,81456,13,315,3,M_1767,PROPN
1768,exp,exp_name,lord henry,Lord Henry,81485,81495,19,316,3,M_1768,PROPN
1769,exp,exp_name,mr. erskine,Mr. Erskine,81516,81527,20,316,3,M_1769,PROPN
1770,booknlp,COREF,151,him,81569,81572,20,316,3,M_1770,Other
1771,booknlp,COREF,151,his,81581,81584,20,316,3,M_1771,Other
1772,booknlp,COREF,151,his,81595,81598,20,316,3,M_1772,Other
1773,pdnc,qID,Q271-0,You,81606,81609,19,317,3,M_1773,Other
1774,booknlp,COREF,151,he,81628,81630,20,317,3,M_1774,Other
1775,pdnc,qID,Q271-1,you,81648,81651,19,317,3,M_1775,Other
1776,pdnc,qID,Q272-0,them,81714,81718,13,318,3,M_1776,Other
1777,pdnc,qID,Q272-0,Mr. Erskine,81720,81731,20,318,3,M_1777,PROPN
1778,booknlp,COREF,151,I,82038,82039,20,319,3,M_1778,Other
1779,pdnc,qID,Q273-0,you,82045,82048,19,319,3,M_1779,Other
1780,exp,exp_name,mr. erskine,Mr. Erskine,82070,82081,20,319,3,M_1780,PROPN
1781,booknlp,COREF,151,I,82084,82085,20,319,3,M_1781,Other
1782,booknlp,COREF,151,myself,82086,82092,20,319,3,M_1782,Other
1783,booknlp,COREF,151,I,82130,82131,20,319,3,M_1783,Other
1784,pdnc,qID,Q273-1,my dear young friend,82164,82184,19,319,3,M_1784,Other
1785,pdnc,qID,Q273-1,you,82189,82192,19,319,3,M_1785,Other
1786,booknlp,COREF,151,me,82204,82206,20,319,3,M_1786,Other
1787,pdnc,qID,Q273-1,you,82215,82218,19,319,3,M_1787,Other
1788,booknlp,COREF,151,I,82227,82228,20,319,3,M_1788,Other
1789,pdnc,qID,Q273-1,you,82236,82239,19,319,3,M_1789,Other
1790,pdnc,qID,Q273-1,you,82262,82265,19,319,3,M_1790,Other
1791,booknlp,COREF,120,I,82290,82291,19,320,3,M_1791,Other
1792,booknlp,COREF,120,I,82310,82311,19,320,3,M_1792,Other
1793,exp,exp_name,lord henry,Lord Henry,82326,82336,19,320,3,M_1793,PROPN
1794,pdnc,qID,Q275-0,you,82399,82402,19,321,3,M_1794,Other
1795,pdnc,qID,Q275-0,our good duchess,82451,82467,5,321,3,M_1795,Other
1796,pdnc,qID,Q275-0,we,82469,82471,20,321,3,M_1796,Other
1797,pdnc,qID,Q275-0,you,82490,82493,19,321,3,M_1797,Other
1798,pdnc,qID,Q275-0,you,82555,82558,19,321,3,M_1798,Other
1799,pdnc,qID,Q275-0,you,82636,82639,19,321,3,M_1799,Other
1800,booknlp,COREF,151,Treadley,82674,82682,20,321,3,M_1800,Other
1801,pdnc,qID,Q275-0,your,82701,82705,19,321,3,M_1801,Other
1802,booknlp,COREF,120,I,82795,82796,19,322,3,M_1802,Other
1803,booknlp,COREF,151,Treadley,82826,82834,20,322,3,M_1803,Other
1804,booknlp,COREF,151,It,82863,82865,20,322,3,M_1804,Other
1805,pdnc,qID,Q277-0,You,82912,82915,19,323,3,M_1805,Other
1806,pdnc,qID,Q277-1,your excellent aunt,83016,83035,13,323,3,M_1806,Other
1807,pdnc,qID,Q277-1,we,83084,83086,20,323,3,M_1807,Other
1808,booknlp,COREF,151,you,83110,83113,20,324,3,M_1808,Other
1809,pdnc,qID,Q278-0,Mr. Erskine,83115,83126,20,324,3,M_1809,PROPN
1810,exp,exp_name,lord henry,Lord Henry,83220,83230,19,326,3,M_1810,PROPN
1811,booknlp,COREF,120,I,83250,83251,19,326,3,M_1811,Other
1812,booknlp,COREF,120,he,83275,83277,19,326,3,M_1812,Other
1813,booknlp,COREF,120,he,83289,83291,19,327,3,M_1813,Other
1814,exp,exp_name,dorian gray,Dorian Gray,83321,83332,4,327,3,M_1814,PROPN
1815,booknlp,COREF,120,him,83341,83344,19,327,3,M_1815,Other
1816,booknlp,COREF,117,me,83362,83364,4,327,3,M_1816,Other
1817,pdnc,qID,Q281-0,you,83375,83378,19,327,3,M_1817,Other
1818,booknlp,COREF,117,he,83381,83383,4,327,3,M_1818,Other
1819,booknlp,COREF,120,I,83400,83401,19,328,3,M_1819,Other
1820,pdnc,qID,Q282-0,you,83410,83413,4,328,3,M_1820,Other
1821,pdnc,qID,Q282-0,Basil Hallward,83427,83441,2,328,3,M_1821,PROPN
1822,pdnc,qID,Q282-0,him,83456,83459,2,328,3,M_1822,Other
1823,exp,exp_name,lord henry,Lord Henry,83471,83481,19,328,3,M_1823,PROPN
1824,booknlp,COREF,120,I,83485,83486,19,329,3,M_1824,Other
1825,pdnc,qID,Q283-0,you,83510,83513,19,329,3,M_1825,Other
1826,booknlp,COREF,120,I,83520,83521,19,329,3,M_1826,Other
1827,booknlp,COREF,120,I,83527,83528,19,329,3,M_1827,Other
1828,pdnc,qID,Q283-0,you,83544,83547,19,329,3,M_1828,Other
1829,booknlp,COREF,120,me,83556,83558,19,329,3,M_1829,Other
1830,pdnc,qID,Q283-0,you,83564,83567,19,329,3,M_1830,Other
1831,booknlp,COREF,120,me,83592,83594,19,329,3,M_1831,Other
1832,pdnc,qID,Q283-0,you,83640,83643,19,329,3,M_1832,Other
1833,booknlp,COREF,120,I,83655,83656,19,330,3,M_1833,Other
1834,exp,exp_name,lord henry,Lord Henry,83700,83710,19,330,3,M_1834,PROPN
1835,booknlp,COREF,120,I,83726,83727,19,330,3,M_1835,Other
1836,pdnc,qID,Q284-1,You,83757,83760,4,330,3,M_1836,Other
1837,booknlp,COREF,120,me,83790,83792,19,330,3,M_1837,Other
1838,pdnc,qID,Q284-1,you,83797,83800,4,330,3,M_1838,Other
1839,exp,exp_name,dorian gray,Dorian Gray,83859,83870,4,332,4,M_1839,PROPN
1840,exp,exp_name,lord henry,Lord Henry,83936,83946,19,332,4,M_1840,PROPN
1841,exp,exp_name,lord henry,Lord Henry,84614,84624,19,333,4,M_1841,PROPN
1842,booknlp,COREF,120,He,84646,84648,19,333,4,M_1842,Other
1843,booknlp,COREF,120,his,84679,84682,19,333,4,M_1843,Other
1844,exp,exp_name,the lad,the lad,84741,84748,41,333,4,M_1844,PROPN
1845,booknlp,COREF,427,he,84800,84802,41,333,4,M_1845,Other
1846,booknlp,COREF,427,he,84885,84887,41,333,4,M_1846,Other
1847,booknlp,COREF,427,him,84990,84993,41,333,4,M_1847,Other
1848,booknlp,COREF,427,he,85009,85011,41,333,4,M_1848,Other
1849,booknlp,COREF,427,he,85044,85046,41,334,4,M_1849,Other
1850,pdnc,qID,Q285-0,you,85100,85103,19,334,4,M_1850,Other
1851,pdnc,qID,Q285-0,Harry,85109,85114,19,334,4,M_1851,PROPN
1852,booknlp,COREF,427,he,85117,85119,41,334,4,M_1852,Other
1853,booknlp,COREF,427,I,85132,85133,41,335,4,M_1853,Other
1854,pdnc,qID,Q286-0,Harry,85154,85159,19,335,4,M_1854,PROPN
1855,pdnc,qID,Q286-0,Mr. Gray,85161,85169,4,335,4,M_1855,PROPN
1856,booknlp,COREF,427,He,85198,85200,41,336,4,M_1856,Other
1857,booknlp,COREF,427,his,85235,85238,41,336,4,M_1857,Other
1858,booknlp,COREF,427,I,85246,85247,41,336,4,M_1858,Other
1859,pdnc,qID,Q287-0,your,85252,85256,15,336,4,M_1859,Other
1860,booknlp,COREF,427,I,85265,85266,41,336,4,M_1860,Other
1861,pdnc,qID,Q288-0,You,85279,85282,4,337,4,M_1861,Other
1862,pdnc,qID,Q288-0,my husband,85298,85308,19,337,4,M_1862,Other
1863,pdnc,qID,Q288-0,You,85331,85334,4,337,4,M_1863,Other
1864,pdnc,qID,Q288-0,you,85372,85375,4,337,4,M_1864,Other
1865,pdnc,qID,Q288-0,your,85390,85394,4,337,4,M_1865,Other
1866,pdnc,qID,Q288-0,my husband,85416,85426,19,337,4,M_1866,Other
1867,pdnc,qID,Q289-0,Lady Henry,85472,85482,15,338,4,M_1867,PROPN
1868,pdnc,qID,Q290-0,you,85519,85522,4,339,4,M_1868,Other
1869,pdnc,qID,Q290-0,him,85528,85531,19,339,4,M_1869,Other
1870,exp,exp_name,victoria,Victoria,85958,85966,15,339,4,M_1870,PROPN
1871,pdnc,qID,Q291-0,Lady Henry,86042,86052,15,340,4,M_1871,PROPN
1872,pdnc,qID,Q292-0,you,86266,86269,4,341,4,M_1872,Other
1873,pdnc,qID,Q292-0,Mr. Gray,86280,86288,4,341,4,M_1873,PROPN
1874,exp,exp_name,dorian,Dorian,86421,86427,4,343,4,M_1874,PROPN
1875,booknlp,COREF,117,his,86445,86448,4,343,4,M_1875,Other
1876,booknlp,COREF,117,I,86456,86457,4,343,4,M_1876,Other
1877,booknlp,COREF,117,I,86468,86469,4,343,4,M_1877,Other
1878,pdnc,qID,Q293-0,Lady Henry,86486,86496,15,343,4,M_1878,PROPN
1879,booknlp,COREF,117,I,86498,86499,4,343,4,M_1879,Other
1880,pdnc,qID,Q294-0,Harry,86645,86650,19,344,4,M_1880,PROPN
1881,pdnc,qID,Q294-0,Mr. Gray,86670,86678,4,344,4,M_1881,PROPN
1882,pdnc,qID,Q294-0,Harry,86694,86699,19,344,4,M_1882,PROPN
1883,pdnc,qID,Q294-0,his,86713,86716,19,344,4,M_1883,Other
1884,pdnc,qID,Q294-0,you,86772,86775,4,344,4,M_1884,Other
1885,pdnc,qID,Q294-0,Harry,86937,86942,19,344,4,M_1885,PROPN
1886,pdnc,qID,Q294-0,You,87231,87234,4,344,4,M_1886,Other
1887,pdnc,qID,Q294-0,you,87278,87281,4,344,4,M_1887,Other
1888,pdnc,qID,Q294-0,Mr. Gray,87283,87291,4,344,4,M_1888,PROPN
1889,pdnc,qID,Q294-0,You,87293,87296,4,344,4,M_1889,Other
1890,pdnc,qID,Q294-0,Harry,87425,87430,19,344,4,M_1890,PROPN
1891,pdnc,qID,Q294-0,Harry,87432,87437,19,344,4,M_1891,PROPN
1892,pdnc,qID,Q294-0,you,87461,87464,19,344,4,M_1892,Other
1893,pdnc,qID,Q294-0,you,87473,87476,19,344,4,M_1893,Other
1894,pdnc,qID,Q294-0,Mr. Gray,87520,87528,4,344,4,M_1894,PROPN
1895,pdnc,qID,Q294-0,he,87658,87660,4,344,4,M_1895,Other
1896,pdnc,qID,Q294-0,him,87708,87711,4,344,4,M_1896,Other
1897,booknlp,COREF,120,I,87716,87717,19,345,4,M_1897,Other
1898,booknlp,COREF,120,my,87730,87732,19,345,4,M_1898,Other
1899,exp,exp_name,lord henry,Lord Henry,87760,87770,19,345,4,M_1899,PROPN
1900,booknlp,COREF,120,his,87782,87785,19,345,4,M_1900,Other
1901,booknlp,COREF,120,I,87874,87875,19,345,4,M_1901,Other
1902,pdnc,qID,Q295-1,Dorian,87885,87891,4,345,4,M_1902,Other
1903,booknlp,COREF,120,I,87893,87894,19,345,4,M_1903,Other
1904,exp,exp_name,lady henry,Lady Henry,88106,88116,15,346,4,M_1904,PROPN
1905,pdnc,qID,Q296-1,the duchess,88206,88217,5,346,4,M_1905,Other
1906,pdnc,qID,Q296-1,Mr. Gray,88229,88237,4,346,4,M_1906,PROPN
1907,pdnc,qID,Q296-1,Harry,88249,88254,19,346,4,M_1907,PROPN
1908,pdnc,qID,Q296-1,You,88256,88259,19,346,4,M_1908,Other
1909,pdnc,qID,Q296-1,you,88316,88319,19,346,4,M_1909,Other
1910,booknlp,COREF,120,I,88344,88345,19,347,4,M_1910,Other
1911,pdnc,qID,Q297-0,my dear,88356,88363,15,347,4,M_1911,Other
1912,exp,exp_name,lord henry,Lord Henry,88371,88381,19,347,4,M_1912,PROPN
1913,booknlp,COREF,120,he,88561,88563,19,347,4,M_1913,Other
1914,booknlp,COREF,120,himself,88590,88597,19,347,4,M_1914,Other
1915,pdnc,qID,Q298-0,Dorian,88664,88670,4,348,4,M_1915,Other
1916,booknlp,COREF,120,he,88673,88675,19,348,4,M_1916,Other
1917,pdnc,qID,Q299-0,Harry,88707,88712,19,349,4,M_1917,PROPN
1918,pdnc,qID,Q302-0,Dorian,88807,88813,4,352,4,M_1918,Other
1919,pdnc,qID,Q303-0,Harry,88944,88949,19,353,4,M_1919,PROPN
1920,pdnc,qID,Q303-0,your,88989,88993,19,353,4,M_1920,Other
1921,pdnc,qID,Q303-0,you,89060,89063,19,353,4,M_1921,Other
1922,pdnc,qID,Q304-0,you,89080,89083,4,354,4,M_1922,Other
1923,exp,exp_name,lord henry,Lord Henry,89105,89115,19,354,4,M_1923,PROPN
1924,pdnc,qID,Q305-0,an actress,89138,89148,31,355,4,M_1924,Other
1925,exp,exp_name,dorian gray,Dorian Gray,89156,89167,4,355,4,M_1925,PROPN
1926,exp,exp_name,lord henry,Lord Henry,89180,89190,19,356,4,M_1926,PROPN
1927,booknlp,COREF,120,his,89200,89203,19,356,4,M_1927,Other
1928,pdnc,qID,Q307-0,You,89257,89260,19,357,4,M_1928,Other
1929,pdnc,qID,Q307-0,you,89281,89284,19,357,4,M_1929,Other
1930,pdnc,qID,Q307-0,her,89289,89292,31,357,4,M_1930,Other
1931,pdnc,qID,Q307-0,Harry,89294,89299,19,357,4,M_1931,PROPN
1932,pdnc,qID,Q308-0,she,89311,89314,31,358,4,M_1932,Other
1933,pdnc,qID,Q309-0,Her,89319,89322,31,359,4,M_1933,Other
1934,pdnc,qID,Q309-0,Sibyl Vane,89331,89341,31,359,4,M_1934,PROPN
1935,pdnc,qID,Q310-0,her,89361,89364,31,360,4,M_1935,Other
1936,pdnc,qID,Q311-0,She,89412,89415,31,361,4,M_1936,Other
1937,pdnc,qID,Q312-0,My dear boy,89432,89443,4,362,4,M_1937,Other
1938,pdnc,qID,Q313-0,Harry,89663,89668,19,363,4,M_1938,PROPN
1939,pdnc,qID,Q313-0,you,89678,89681,19,363,4,M_1939,Other
1940,pdnc,qID,Q314-0,My dear Dorian,89686,89700,4,364,4,M_1940,Other
1941,booknlp,COREF,120,I,89720,89721,19,364,4,M_1941,Other
1942,booknlp,COREF,120,I,89756,89757,19,364,4,M_1942,Other
1943,booknlp,COREF,120,I,89807,89808,19,364,4,M_1943,Other
1944,booknlp,COREF,120,I,89825,89826,19,364,4,M_1944,Other
1945,booknlp,COREF,120,you,89949,89952,19,364,4,M_1945,Other
1946,booknlp,COREF,120,you,89999,90002,19,364,4,M_1946,Other
1947,booknlp,COREF,120,me,90525,90527,19,364,4,M_1947,Other
1948,pdnc,qID,Q314-0,your genius,90534,90545,31,364,4,M_1948,Other
1949,pdnc,qID,Q314-0,you,90561,90564,4,364,4,M_1949,Other
1950,pdnc,qID,Q314-0,her,90571,90574,31,364,4,M_1950,Other
1951,pdnc,qID,Q315-0,Harry,90583,90588,19,365,4,M_1951,PROPN
1952,pdnc,qID,Q315-0,your,90590,90594,19,365,4,M_1952,Other
1953,pdnc,qID,Q316-0,you,90647,90650,4,366,4,M_1953,Other
1954,pdnc,qID,Q316-0,her,90657,90660,31,366,4,M_1954,Other
1955,pdnc,qID,Q318-0,you,90701,90704,4,368,4,M_1955,Other
1956,pdnc,qID,Q318-0,her,90717,90720,31,368,4,M_1956,Other
1957,pdnc,qID,Q319-0,you,90737,90740,19,369,4,M_1957,Other
1958,pdnc,qID,Q319-0,Harry,90742,90747,19,369,4,M_1958,PROPN
1959,pdnc,qID,Q319-0,you,90753,90756,19,369,4,M_1959,Other
1960,pdnc,qID,Q319-0,you,90849,90852,19,369,4,M_1960,Other
1961,pdnc,qID,Q319-0,You,90854,90857,19,369,4,M_1961,Other
1962,pdnc,qID,Q319-0,you,90939,90942,19,369,4,M_1962,Other
1963,pdnc,qID,Q319-0,you,91491,91494,19,369,4,M_1963,Other
1964,pdnc,qID,Q319-0,you,91640,91643,19,369,4,M_1964,Other
1965,pdnc,qID,Q320-0,Harry,92381,92386,19,369,4,M_1965,PROPN
1966,pdnc,qID,Q320-0,You,92427,92430,19,369,4,M_1966,Other
1967,pdnc,qID,Q320-0,my dear Harry,92591,92604,19,369,4,M_1967,Other
1968,pdnc,qID,Q320-0,you,92678,92681,19,369,4,M_1968,Other
1969,pdnc,qID,Q320-0,you,92712,92715,19,369,4,M_1969,Other
1970,booknlp,COREF,120,I,92720,92721,19,370,4,M_1970,Other
1971,exp,exp_name,dorian,Dorian,92739,92745,4,370,4,M_1971,PROPN
1972,booknlp,COREF,120,I,92756,92757,19,370,4,M_1972,Other
1973,booknlp,COREF,120,you,92777,92780,19,370,4,M_1973,Other
1974,booknlp,COREF,120,you,92786,92789,19,370,4,M_1974,Other
1975,booknlp,COREF,120,your,92829,92833,19,370,4,M_1975,Other
1976,booknlp,COREF,120,You,92840,92843,19,370,4,M_1976,Other
1977,booknlp,COREF,120,your,92876,92880,19,370,4,M_1977,Other
1978,booknlp,COREF,120,You,92887,92890,19,370,4,M_1978,Other
1979,booknlp,COREF,120,you,92917,92920,19,370,4,M_1979,Other
1980,pdnc,qID,Q321-0,you,93136,93139,4,370,4,M_1980,Other
1981,pdnc,qID,Q322-0,you,93177,93180,19,371,4,M_1981,Other
1982,booknlp,COREF,117,my,93187,93189,4,371,4,M_1982,Other
1983,exp,exp_name,dorian gray,Dorian Gray,93216,93227,4,371,4,M_1983,PROPN
1984,booknlp,COREF,120,I,93243,93244,19,372,4,M_1984,Other
1985,booknlp,COREF,120,your,93251,93255,19,372,4,M_1985,Other
1986,pdnc,qID,Q324-0,you,93282,93285,19,373,4,M_1986,Other
1987,pdnc,qID,Q325-0,My dear boy,93295,93306,4,374,4,M_1987,Other
1988,pdnc,qID,Q325-0,their,93341,93346,31,374,4,M_1988,Other
1989,pdnc,qID,Q325-0,they,93389,93393,31,374,4,M_1989,Other
1990,pdnc,qID,Q325-0,their,93399,93404,31,374,4,M_1990,Other
1991,booknlp,COREF,120,I,93434,93435,19,374,4,M_1991,Other
1992,booknlp,COREF,120,I,93634,93635,19,374,4,M_1992,Other
1993,pdnc,qID,Q325-0,them,93789,93793,31,374,4,M_1993,Other
1994,booknlp,COREF,120,I,93802,93803,19,374,4,M_1994,Other
1995,booknlp,COREF,120,you,93828,93831,19,374,4,M_1995,Other
1996,booknlp,COREF,120,your,93844,93848,19,374,4,M_1996,Other
1997,booknlp,COREF,120,I,93865,93866,19,375,4,M_1997,Other
1998,booknlp,COREF,120,myself,93873,93879,19,375,4,M_1998,Other
1999,booknlp,COREF,120,me,93952,93954,19,375,4,M_1999,Other
2000,booknlp,COREF,120,I,93968,93969,19,375,4,M_2000,Other
2001,booknlp,COREF,120,I,94240,94241,19,375,4,M_2001,Other
2002,booknlp,COREF,120,I,94464,94465,19,377,4,M_2002,Other
2003,booknlp,COREF,120,I,94501,94502,19,377,4,M_2003,Other
2004,booknlp,COREF,120,I,94533,94534,19,377,4,M_2004,Other
2005,booknlp,COREF,120,I,94550,94551,19,377,4,M_2005,Other
2006,pdnc,qID,Q328-0,you,94591,94594,19,377,4,M_2006,Other
2007,pdnc,qID,Q328-0,Harry,94615,94620,19,377,4,M_2007,PROPN
2008,booknlp,COREF,120,I,94625,94626,19,378,4,M_2008,Other
2009,booknlp,COREF,120,I,94726,94727,19,378,4,M_2009,Other
2010,booknlp,COREF,120,I,94748,94749,19,378,4,M_2010,Other
2011,exp,exp_name,dorian,Dorian,94756,94762,4,378,4,M_2011,PROPN
2012,booknlp,COREF,120,I,94780,94781,19,378,4,M_2012,Other
2013,pdnc,qID,Q330-0,Harry,94957,94962,19,379,4,M_2013,PROPN
2014,exp,exp_name,juliet,Juliet,94981,94987,12,379,4,M_2014,PROPN
2015,booknlp,COREF,120,I,94989,94990,19,379,4,M_2015,Other
2016,booknlp,COREF,120,I,95007,95008,19,379,4,M_2016,Other
2017,booknlp,COREF,120,I,95110,95111,19,379,4,M_2017,Other
2018,booknlp,COREF,120,I,95160,95161,19,379,4,M_2018,Other
2019,booknlp,COREF,120,me,95310,95312,19,379,4,M_2019,Other
2020,pdnc,qID,Q330-0,Juliet,95743,95749,31,379,4,M_2020,PROPN
2021,pdnc,qID,Q330-0,Harry,95751,95756,19,379,4,M_2021,PROPN
2022,pdnc,qID,Q330-0,"a girl, hardly seventeen years of age, with a little, flowerlike face, a small Greek head with plaited coils of dark-brown hair, eyes that were violet wells of passion, lips that were like the petals of a rose",95766,95975,31,379,4,M_2022,Other
2023,pdnc,qID,Q330-0,She,95977,95980,31,379,4,M_2023,Other
2024,booknlp,COREF,120,I,96005,96006,19,379,4,M_2024,Other
2025,booknlp,COREF,120,my,96024,96026,19,379,4,M_2025,Other
2026,pdnc,qID,Q330-0,You,96033,96036,19,379,4,M_2026,Other
2027,booknlp,COREF,120,me,96045,96047,19,379,4,M_2027,Other
2028,pdnc,qID,Q330-0,you,96070,96073,19,379,4,M_2028,Other
2029,pdnc,qID,Q330-0,your,96124,96128,19,379,4,M_2029,Other
2030,booknlp,COREF,120,I,96146,96147,19,379,4,M_2030,Other
2031,pdnc,qID,Q330-0,you,96153,96156,19,379,4,M_2031,Other
2032,pdnc,qID,Q330-0,Harry,96158,96163,19,379,4,M_2032,PROPN
2033,booknlp,COREF,120,I,96165,96166,19,379,4,M_2033,Other
2034,booknlp,COREF,120,me,96233,96235,19,379,4,M_2034,Other
2035,pdnc,qID,Q330-0,her,96241,96244,31,379,4,M_2035,Other
2036,booknlp,COREF,120,I,96251,96252,19,379,4,M_2036,Other
2037,pdnc,qID,Q330-0,You,96637,96640,19,379,4,M_2037,Other
2038,pdnc,qID,Q330-0,Your,96672,96676,19,379,4,M_2038,Other
2039,pdnc,qID,Q330-0,Sibyl Vane,96700,96710,31,379,4,M_2039,PROPN
2040,booknlp,COREF,120,I,96731,96732,19,379,4,M_2040,Other
2041,booknlp,COREF,120,I,96758,96759,19,379,4,M_2041,Other
2042,booknlp,COREF,120,my,96766,96768,19,379,4,M_2042,Other
2043,booknlp,COREF,120,I,96775,96776,19,379,4,M_2043,Other
2044,booknlp,COREF,120,I,96831,96832,19,379,4,M_2044,Other
2045,booknlp,COREF,120,I,96872,96873,19,379,4,M_2045,Other
2046,pdnc,qID,Q330-0,her,96883,96886,31,379,4,M_2046,Other
2047,pdnc,qID,Q330-0,Harry,96888,96893,19,379,4,M_2047,PROPN
2048,booknlp,COREF,120,I,96895,96896,19,379,4,M_2048,Other
2049,pdnc,qID,Q330-0,her,96905,96908,31,379,4,M_2049,Other
2050,pdnc,qID,Q330-0,She,96910,96913,31,379,4,M_2050,Other
2051,booknlp,COREF,120,me,96931,96933,19,379,4,M_2051,Other
2052,booknlp,COREF,120,I,96961,96962,19,379,4,M_2052,Other
2053,pdnc,qID,Q330-0,her,96973,96976,31,379,4,M_2053,Other
2054,pdnc,qID,Q330-0,she,96995,96998,31,379,4,M_2054,Other
2055,pdnc,qID,Q330-0,she,97033,97036,31,379,4,M_2055,Other
2056,booknlp,COREF,120,I,97048,97049,19,379,4,M_2056,Other
2057,pdnc,qID,Q330-0,her,97060,97063,31,379,4,M_2057,Other
2058,pdnc,qID,Q330-0,her,97125,97128,31,379,4,M_2058,Other
2059,booknlp,COREF,120,I,97143,97144,19,379,4,M_2059,Other
2060,pdnc,qID,Q330-0,her,97158,97161,31,379,4,M_2060,Other
2061,pdnc,qID,Q330-0,She,97263,97266,31,379,4,M_2061,Other
2062,pdnc,qID,Q330-0,She,97386,97389,31,379,4,M_2062,Other
2063,pdnc,qID,Q330-0,her,97454,97457,31,379,4,M_2063,Other
2064,booknlp,COREF,120,I,97475,97476,19,379,4,M_2064,Other
2065,pdnc,qID,Q330-0,her,97487,97490,31,379,4,M_2065,Other
2066,pdnc,qID,Q330-0,their,97596,97601,31,379,4,M_2066,Other
2067,pdnc,qID,Q330-0,them,97640,97644,31,379,4,M_2067,Other
2068,pdnc,qID,Q330-0,their,97656,97661,31,379,4,M_2068,Other
2069,pdnc,qID,Q330-0,them,97726,97730,31,379,4,M_2069,Other
2070,pdnc,qID,Q330-0,Harry,97983,97988,19,379,4,M_2070,PROPN
2071,pdnc,qID,Q330-0,you,98001,98004,19,379,4,M_2071,Other
2072,booknlp,COREF,120,me,98010,98012,19,379,4,M_2072,Other
2073,booknlp,COREF,120,I,98072,98073,19,380,4,M_2073,Other
2074,exp,exp_name,dorian,Dorian,98102,98108,4,380,4,M_2074,PROPN
2075,exp,exp_name,lord henry,Lord Henry,98275,98285,19,382,4,M_2075,PROPN
2076,booknlp,COREF,120,I,98289,98290,19,383,4,M_2076,Other
2077,booknlp,COREF,120,I,98300,98301,19,383,4,M_2077,Other
2078,pdnc,qID,Q334-0,you,98315,98318,19,383,4,M_2078,Other
2079,pdnc,qID,Q334-0,Sibyl Vane,98325,98335,31,383,4,M_2079,PROPN
2080,booknlp,COREF,2421,You,98340,98343,4,384,4,M_2080,Other
2081,booknlp,COREF,120,me,98374,98376,19,384,4,M_2081,Other
2082,exp,exp_name,dorian,Dorian,98378,98384,4,384,4,M_2082,PROPN
2083,booknlp,COREF,2421,your,98398,98402,4,384,4,M_2083,Other
2084,booknlp,COREF,2421,you,98408,98411,4,384,4,M_2084,Other
2085,booknlp,COREF,120,me,98422,98424,19,384,4,M_2085,Other
2086,booknlp,COREF,2421,you,98436,98439,4,384,4,M_2086,Other
2087,pdnc,qID,Q336-0,Harry,98452,98457,19,385,4,M_2087,PROPN
2088,booknlp,COREF,120,I,98459,98460,19,385,4,M_2088,Other
2089,booknlp,COREF,120,I,98483,98484,19,385,4,M_2089,Other
2090,pdnc,qID,Q336-0,you,98505,98508,19,385,4,M_2090,Other
2091,pdnc,qID,Q336-0,You,98517,98520,19,385,4,M_2091,Other
2092,booknlp,COREF,120,me,98551,98553,19,385,4,M_2092,Other
2093,booknlp,COREF,120,I,98558,98559,19,385,4,M_2093,Other
2094,booknlp,COREF,120,I,98578,98579,19,385,4,M_2094,Other
2095,pdnc,qID,Q336-0,you,98609,98612,19,385,4,M_2095,Other
2096,pdnc,qID,Q336-0,You,98614,98617,19,385,4,M_2096,Other
2097,booknlp,COREF,120,me,98635,98637,19,385,4,M_2097,Other
2098,booknlp,COREF,2421,you,98654,98657,4,386,4,M_2098,Other
2099,exp,exp_name,dorian,Dorian,98707,98713,4,386,4,M_2099,PROPN
2100,booknlp,COREF,120,I,98719,98720,19,386,4,M_2100,Other
2101,booknlp,COREF,120,me,98784,98786,19,386,4,M_2101,Other
2102,booknlp,COREF,120,me,98793,98795,19,386,4,M_2102,Other
2103,booknlp,COREF,2421,your,98841,98845,4,386,4,M_2103,Other
2104,pdnc,qID,Q337-0,Sibyl Vane,98868,98878,31,386,4,M_2104,PROPN
2105,exp,exp_name,dorian gray,Dorian Gray,98882,98893,4,387,4,M_2105,PROPN
2106,booknlp,COREF,117,his,98904,98907,4,387,4,M_2106,Other
2107,pdnc,qID,Q338-0,Harry,98953,98958,19,387,4,M_2107,PROPN
2108,pdnc,qID,Q338-0,Sibyl Vane,98960,98970,31,387,4,M_2108,PROPN
2109,exp,exp_name,dorian,Dorian,99039,99045,4,388,4,M_2109,PROPN
2110,exp,exp_name,lord henry,Lord Henry,99053,99063,19,388,4,M_2110,PROPN
2111,booknlp,COREF,120,his,99099,99102,19,388,4,M_2111,Other
2112,booknlp,COREF,2426,you,99126,99129,4,388,4,M_2112,Other
2113,booknlp,COREF,117,I,99142,99143,4,388,4,M_2113,Other
2114,pdnc,qID,Q339-1,she,99152,99155,31,388,4,M_2114,Other
2115,booknlp,COREF,2426,you,99171,99174,4,388,4,M_2115,Other
2116,booknlp,COREF,2426,You,99330,99333,4,388,4,M_2116,Other
2117,pdnc,qID,Q339-1,her,99339,99342,31,388,4,M_2117,Other
2118,booknlp,COREF,117,I,99357,99358,4,388,4,M_2118,Other
2119,booknlp,COREF,117,I,99381,99382,4,389,4,M_2119,Other
2120,pdnc,qID,Q340-0,her,99388,99391,31,389,4,M_2120,Other
2121,booknlp,COREF,117,I,99412,99413,4,389,4,M_2121,Other
2122,booknlp,COREF,117,me,99526,99528,4,389,4,M_2122,Other
2123,booknlp,COREF,117,me,99561,99563,4,389,4,M_2123,Other
2124,pdnc,qID,Q340-0,her,99567,99570,31,389,4,M_2124,Other
2125,booknlp,COREF,117,I,99572,99573,4,389,4,M_2125,Other
2126,booknlp,COREF,117,him,99591,99594,4,389,4,M_2126,Other
2127,booknlp,COREF,117,him,99605,99608,4,389,4,M_2127,Other
2128,exp,exp_name,juliet,Juliet,99614,99620,12,389,4,M_2128,PROPN
2129,booknlp,COREF,168,her,99666,99669,31,389,4,M_2129,Other
2130,booknlp,COREF,117,I,99713,99714,4,389,4,M_2130,Other
2131,booknlp,COREF,117,his,99727,99730,4,389,4,M_2131,Other
2132,booknlp,COREF,117,he,99761,99763,4,389,4,M_2132,Other
2133,booknlp,COREF,117,I,99794,99795,4,389,4,M_2133,Other
2134,booknlp,COREF,117,I,99843,99844,4,390,4,M_2134,Other
2135,booknlp,COREF,117,he,99871,99873,4,391,4,M_2135,Other
2136,booknlp,COREF,117,me,99880,99882,4,391,4,M_2136,Other
2137,booknlp,COREF,117,I,99886,99887,4,391,4,M_2137,Other
2138,booknlp,COREF,117,I,99921,99922,4,391,4,M_2138,Other
2139,booknlp,COREF,117,him,99928,99931,4,391,4,M_2139,Other
2140,booknlp,COREF,117,I,99932,99933,4,391,4,M_2140,Other
2141,booknlp,COREF,117,He,99956,99958,4,391,4,M_2141,Other
2142,booknlp,COREF,117,me,100013,100015,4,391,4,M_2142,Other
2143,booknlp,COREF,117,him,100075,100078,4,391,4,M_2143,Other
2144,booknlp,COREF,117,I,100134,100135,4,392,4,M_2144,Other
2145,booknlp,COREF,117,he,100157,100159,4,392,4,M_2145,Other
2146,booknlp,COREF,117,he,100288,100290,4,393,4,M_2146,Other
2147,booknlp,COREF,117,his,100324,100327,4,393,4,M_2147,Other
2148,exp,exp_name,dorian,Dorian,100344,100350,4,393,4,M_2148,PROPN
2149,booknlp,COREF,608,I,100426,100427,4,393,4,M_2149,Other
2150,booknlp,COREF,117,He,100439,100441,4,393,4,M_2150,Other
2151,booknlp,COREF,608,me,100449,100451,4,393,4,M_2151,Other
2152,booknlp,COREF,117,he,100476,100478,4,393,4,M_2152,Other
2153,booknlp,COREF,608,I,100501,100502,4,393,4,M_2153,Other
2154,booknlp,COREF,608,I,100540,100541,4,393,4,M_2154,Other
2155,booknlp,COREF,117,he,100575,100577,4,393,4,M_2155,Other
2156,booknlp,COREF,608,me,100582,100584,4,393,4,M_2156,Other
2157,booknlp,COREF,117,he,100586,100588,4,393,4,M_2157,Other
2158,booknlp,COREF,608,me,100594,100596,4,393,4,M_2158,Other
2159,booknlp,COREF,608,me,100619,100621,4,393,4,M_2159,Other
2160,booknlp,COREF,608,I,100627,100628,4,393,4,M_2160,Other
2161,booknlp,COREF,117,He,100661,100663,4,393,4,M_2161,Other
2162,booknlp,COREF,117,he,100699,100701,4,393,4,M_2162,Other
2163,booknlp,COREF,117,He,100748,100750,4,393,4,M_2163,Other
2164,booknlp,COREF,608,me,100756,100758,4,393,4,M_2164,Other
2165,booknlp,COREF,117,his,100792,100795,4,393,4,M_2165,Other
2166,booknlp,COREF,117,he,100850,100852,4,393,4,M_2166,Other
2167,booknlp,COREF,117,He,100878,100880,4,393,4,M_2167,Other
2168,booknlp,COREF,117,my,100940,100942,4,394,4,M_2168,Other
2169,exp,exp_name,dorian,Dorian,100948,100954,4,394,4,M_2169,PROPN
2170,booknlp,COREF,117,you,101127,101130,4,394,4,M_2170,Other
2171,pdnc,qID,Q345-0,Miss Sibyl Vane,101146,101161,31,394,4,M_2171,PROPN
2172,pdnc,qID,Q346-0,She,101183,101186,31,395,4,M_2172,Other
2173,booknlp,COREF,608,I,101214,101215,4,395,4,M_2173,Other
2174,booknlp,COREF,608,I,101244,101245,4,395,4,M_2174,Other
2175,pdnc,qID,Q346-0,her,101257,101260,31,395,4,M_2175,Other
2176,pdnc,qID,Q346-0,she,101279,101282,31,395,4,M_2176,Other
2177,booknlp,COREF,608,me,101297,101299,4,395,4,M_2177,Other
2178,booknlp,COREF,608,I,101309,101310,4,395,4,M_2178,Other
2179,pdnc,qID,Q346-0,she,101324,101327,31,395,4,M_2179,Other
2180,booknlp,COREF,608,me,101390,101392,4,395,4,M_2180,Other
2181,booknlp,COREF,608,I,101404,101405,4,395,4,M_2181,Other
2182,booknlp,COREF,608,my,101432,101434,4,395,4,M_2182,Other
2183,pdnc,qID,Q346-0,her,101455,101458,31,395,4,M_2183,Other
2184,booknlp,COREF,117,I,101478,101479,4,396,4,M_2184,Other
2185,pdnc,qID,Q348-0,My dear Harry,101499,101512,19,397,4,M_2185,Other
2186,booknlp,COREF,117,I,101522,101523,4,398,4,M_2186,Other
2187,booknlp,COREF,120,you,101534,101537,19,398,4,M_2187,Other
2188,booknlp,COREF,117,I,101559,101560,4,398,4,M_2188,Other
2189,pdnc,qID,Q349-0,the girl,101580,101588,31,398,4,M_2189,Other
2190,pdnc,qID,Q350-0,Sibyl,101593,101598,31,399,4,M_2190,PROPN
2191,pdnc,qID,Q350-0,she,101604,101607,31,399,4,M_2191,Other
2192,pdnc,qID,Q350-0,her,101670,101673,31,399,4,M_2192,Other
2193,pdnc,qID,Q350-0,Her,101675,101678,31,399,4,M_2193,Other
2194,booknlp,COREF,608,I,101721,101722,4,399,4,M_2194,Other
2195,pdnc,qID,Q350-0,her,101728,101731,31,399,4,M_2195,Other
2196,booknlp,COREF,608,I,101737,101738,4,399,4,M_2196,Other
2197,pdnc,qID,Q350-0,her,101750,101753,31,399,4,M_2197,Other
2198,pdnc,qID,Q350-0,she,101771,101774,31,399,4,M_2198,Other
2199,pdnc,qID,Q350-0,her,101803,101806,31,399,4,M_2199,Other
2200,booknlp,COREF,608,I,101814,101815,4,399,4,M_2200,Other
2201,booknlp,COREF,608,me,102037,102039,4,399,4,M_2201,Other
2202,booknlp,COREF,608,My,102041,102043,4,399,4,M_2202,Other
2203,booknlp,COREF,608,I,102054,102055,4,399,4,M_2203,Other
2204,pdnc,qID,Q351-0,Sibyl,102070,102075,31,399,4,M_2204,PROPN
2205,booknlp,COREF,608,I,102081,102082,4,399,4,M_2205,Other
2206,pdnc,qID,Q351-0,She,102113,102116,31,399,4,M_2206,Other
2207,booknlp,COREF,608,me,102138,102140,4,399,4,M_2207,Other
2208,booknlp,COREF,608,You,102143,102146,4,399,4,M_2208,Other
2209,booknlp,COREF,608,I,102172,102173,4,399,4,M_2209,Other
2210,booknlp,COREF,608,you,102184,102187,4,399,4,M_2210,Other
2211,exp,exp_name,prince charming,Prince Charming,102188,102203,4,399,4,M_2211,PROPN
2212,booknlp,COREF,117,my,102214,102216,4,400,4,M_2212,Other
2213,exp,exp_name,dorian,Dorian,102223,102229,4,400,4,M_2213,PROPN
2214,pdnc,qID,Q352-0,Miss Sibyl,102231,102241,31,400,4,M_2214,PROPN
2215,pdnc,qID,Q353-0,You,102275,102278,19,401,4,M_2215,Other
2216,pdnc,qID,Q353-0,her,102296,102299,31,401,4,M_2216,Other
2217,pdnc,qID,Q353-0,Harry,102301,102306,19,401,4,M_2217,PROPN
2218,pdnc,qID,Q353-0,She,102308,102311,31,401,4,M_2218,Other
2219,booknlp,COREF,608,me,102321,102323,4,401,4,M_2219,Other
2220,pdnc,qID,Q353-0,She,102354,102357,31,401,4,M_2220,Other
2221,pdnc,qID,Q353-0,She,102381,102384,31,401,4,M_2221,Other
2222,booknlp,COREF,168,her,102396,102399,31,401,4,M_2222,Other
2223,exp,exp_name,mother,mother,102400,102406,40,401,4,M_2223,PROPN
2224,pdnc,qID,Q353-0,a faded tired woman,102408,102427,25,401,4,M_2224,Other
2225,booknlp,COREF,168,she,102526,102529,31,401,4,M_2225,Other
2226,booknlp,COREF,120,I,102555,102556,19,402,4,M_2226,Other
2227,booknlp,COREF,120,me,102586,102588,19,402,4,M_2227,Other
2228,exp,exp_name,lord henry,Lord Henry,102600,102610,19,402,4,M_2228,PROPN
2229,booknlp,COREF,120,his,102622,102625,19,402,4,M_2229,Other
2230,booknlp,COREF,608,me,102658,102660,4,403,4,M_2230,Other
2231,pdnc,qID,Q355-0,her,102661,102664,31,403,4,M_2231,Other
2232,booknlp,COREF,608,I,102678,102679,4,403,4,M_2232,Other
2233,booknlp,COREF,608,me,102705,102707,4,403,4,M_2233,Other
2234,booknlp,COREF,608,You,102712,102715,4,404,4,M_2234,Other
2235,pdnc,qID,Q357-0,Sibyl,102811,102816,31,405,4,M_2235,PROPN
2236,booknlp,COREF,608,I,102835,102836,4,405,4,M_2236,Other
2237,booknlp,COREF,608,me,102863,102865,4,405,4,M_2237,Other
2238,pdnc,qID,Q357-0,she,102872,102875,31,405,4,M_2238,Other
2239,pdnc,qID,Q357-0,her,102892,102895,31,405,4,M_2239,Other
2240,pdnc,qID,Q357-0,her,102911,102914,31,405,4,M_2240,Other
2241,pdnc,qID,Q357-0,she,102928,102931,31,405,4,M_2241,Other
2242,booknlp,COREF,608,my,102982,102984,4,405,4,M_2242,Other
2243,booknlp,COREF,608,I,102990,102991,4,405,4,M_2243,Other
2244,pdnc,qID,Q357-0,her,103002,103005,31,405,4,M_2244,Other
2245,pdnc,qID,Q357-0,she,103027,103030,31,405,4,M_2245,Other
2246,booknlp,COREF,608,I,103074,103075,4,406,4,M_2246,Other
2247,booknlp,COREF,608,you,103090,103093,4,406,4,M_2247,Other
2248,booknlp,COREF,608,me,103110,103112,4,406,4,M_2248,Other
2249,booknlp,COREF,608,I,103118,103119,4,406,4,M_2249,Other
2250,booknlp,COREF,608,you,103128,103131,4,406,4,M_2250,Other
2251,booknlp,COREF,608,You,103172,103175,4,406,4,M_2251,Other
2252,booknlp,COREF,608,I,103207,103208,4,406,4,M_2252,Other
2253,pdnc,qID,Q359-0,My dear Harry,103222,103235,19,407,4,M_2253,Other
2254,booknlp,COREF,117,I,103284,103285,4,407,4,M_2254,Other
2255,pdnc,qID,Q359-0,you,103314,103317,19,407,4,M_2255,Other
2256,exp,exp_name,dorian,Dorian,103339,103345,4,407,4,M_2256,PROPN
2257,booknlp,COREF,117,his,103355,103358,4,407,4,M_2257,Other
2258,booknlp,COREF,608,You,103382,103385,4,408,4,M_2258,Other
2259,booknlp,COREF,117,I,103424,103425,4,409,4,M_2259,Other
2260,pdnc,qID,Q361-0,Sibyl,103450,103455,31,409,4,M_2260,PROPN
2261,booknlp,COREF,117,he,103463,103465,4,409,4,M_2261,Other
2262,booknlp,COREF,117,I,103511,103512,4,409,4,M_2262,Other
2263,pdnc,qID,Q361-1,her,103528,103531,31,409,4,M_2263,Other
2264,booknlp,COREF,117,I,103551,103552,4,409,4,M_2264,Other
2265,booknlp,COREF,117,I,103628,103629,4,409,4,M_2265,Other
2266,booknlp,COREF,608,You,103653,103656,4,410,4,M_2266,Other
2267,booknlp,COREF,608,me,103671,103673,4,410,4,M_2267,Other
2268,exp,exp_name,dorian,Dorian,103684,103690,4,410,4,M_2268,PROPN
2269,booknlp,COREF,608,you,103698,103701,4,410,4,M_2269,Other
2270,booknlp,COREF,117,He,103705,103707,4,411,4,M_2270,Other
2271,booknlp,COREF,117,his,103714,103717,4,411,4,M_2271,Other
2272,pdnc,qID,Q363-0,she,103734,103737,31,411,4,M_2272,Other
2273,booknlp,COREF,117,he,103750,103752,4,411,4,M_2273,Other
2274,pdnc,qID,Q363-1,she,103784,103787,31,411,4,M_2274,Other
2275,exp,exp_name,juliet,Juliet,103796,103802,12,411,4,M_2275,PROPN
2276,pdnc,qID,Q364-0,she,103815,103818,31,412,4,M_2276,Other
2277,pdnc,qID,Q364-0,Sibyl Vane,103819,103829,31,412,4,M_2277,PROPN
2278,booknlp,COREF,608,I,103844,103845,4,414,4,M_2278,Other
2279,booknlp,COREF,117,you,103859,103862,4,414,4,M_2279,Other
2280,pdnc,qID,Q367-0,you,103878,103881,19,415,4,M_2280,Other
2281,pdnc,qID,Q367-0,She,103887,103890,31,415,4,M_2281,Other
2282,pdnc,qID,Q367-0,She,103938,103941,31,415,4,M_2282,Other
2283,pdnc,qID,Q367-0,You,103970,103973,19,415,4,M_2283,Other
2284,booknlp,COREF,117,I,103985,103986,4,415,4,M_2284,Other
2285,pdnc,qID,Q367-0,you,103992,103995,19,415,4,M_2285,Other
2286,pdnc,qID,Q367-0,she,103996,103999,31,415,4,M_2286,Other
2287,booknlp,COREF,117,I,104012,104013,4,415,4,M_2287,Other
2288,pdnc,qID,Q367-0,her,104019,104022,31,415,4,M_2288,Other
2289,booknlp,COREF,117,I,104028,104029,4,415,4,M_2289,Other
2290,pdnc,qID,Q367-0,her,104040,104043,31,415,4,M_2290,Other
2291,booknlp,COREF,117,me,104049,104051,4,415,4,M_2291,Other
2292,pdnc,qID,Q367-0,You,104053,104056,19,415,4,M_2292,Other
2293,booknlp,COREF,117,me,104097,104099,4,415,4,M_2293,Other
2294,pdnc,qID,Q367-0,Sibyl Vane,104113,104123,31,415,4,M_2294,PROPN
2295,booknlp,COREF,117,me,104132,104134,4,415,4,M_2295,Other
2296,booknlp,COREF,117,I,104136,104137,4,415,4,M_2296,Other
2297,booknlp,COREF,117,I,104166,104167,4,415,4,M_2297,Other
2298,booknlp,COREF,117,I,104237,104238,4,415,4,M_2298,Other
2299,booknlp,COREF,117,My,104338,104340,4,415,4,M_2299,Other
2300,pdnc,qID,Q367-0,Harry,104346,104351,19,415,4,M_2300,PROPN
2301,booknlp,COREF,117,I,104357,104358,4,415,4,M_2301,Other
2302,pdnc,qID,Q367-0,her,104367,104370,31,415,4,M_2302,Other
2303,exp,exp_name,lord henry,Lord Henry,104490,104500,19,416,4,M_2303,PROPN
2304,exp,exp_name,basil hallward,Basil Hallward,104613,104627,2,416,4,M_2304,PROPN
2305,booknlp,COREF,120,you,104823,104826,19,417,4,M_2305,Other
2306,exp,exp_name,lord henry,Lord Henry,104848,104858,19,417,4,M_2306,PROPN
2307,booknlp,COREF,120,I,104870,104871,19,418,4,M_2307,Other
2308,pdnc,qID,Q369-0,you,104877,104880,19,418,4,M_2308,Other
2309,pdnc,qID,Q369-0,Basil,104885,104890,2,418,4,M_2309,PROPN
2310,booknlp,COREF,120,me,104904,104906,19,418,4,M_2310,Other
2311,pdnc,qID,Q369-0,her,104926,104929,31,418,4,M_2311,Other
2312,booknlp,COREF,120,I,104935,104936,19,418,4,M_2312,Other
2313,pdnc,qID,Q369-0,You,104980,104983,19,418,4,M_2313,Other
2314,pdnc,qID,Q369-0,her,105011,105014,31,418,4,M_2314,Other
2315,pdnc,qID,Q369-0,her,105040,105043,31,418,4,M_2315,Other
2316,pdnc,qID,Q369-0,She,105068,105071,31,418,4,M_2316,Other
2317,booknlp,COREF,120,I,105167,105168,19,418,4,M_2317,Other
2318,booknlp,COREF,120,I,105239,105240,19,418,4,M_2318,Other
2319,pdnc,qID,Q369-0,her,105281,105284,31,418,4,M_2319,Other
2320,pdnc,qID,Q369-0,She,105299,105302,31,418,4,M_2320,Other
2321,pdnc,qID,Q369-0,she,105333,105336,31,418,4,M_2321,Other
2322,booknlp,COREF,120,me,105346,105348,19,418,4,M_2322,Other
2323,booknlp,COREF,120,my,105379,105381,19,419,4,M_2323,Other
2324,pdnc,qID,Q371-0,she,105400,105403,31,420,4,M_2324,Other
2325,pdnc,qID,Q371-0,She,105410,105413,31,420,4,M_2325,Other
2326,pdnc,qID,Q371-0,her,105462,105465,31,420,4,M_2326,Other
2327,pdnc,qID,Q371-0,she,105471,105474,31,420,4,M_2327,Other
2328,pdnc,qID,Q371-0,you,105501,105504,19,420,4,M_2328,Other
2329,booknlp,COREF,120,me,105521,105523,19,420,4,M_2329,Other
2330,booknlp,COREF,120,me,105625,105627,19,422,4,M_2330,Other
2331,pdnc,qID,Q373-0,She,105674,105677,31,422,4,M_2331,Other
2332,exp,exp_name,juliet,Juliet,105684,105690,12,422,4,M_2332,PROPN
2333,booknlp,COREF,120,I,105750,105751,19,423,4,M_2333,Other
2334,pdnc,qID,Q374-0,Basil,105761,105766,2,423,4,M_2334,PROPN
2335,pdnc,qID,Q375-0,Harry,105782,105787,19,424,4,M_2335,PROPN
2336,pdnc,qID,Q375-0,You,105855,105858,19,424,4,M_2336,Other
2337,pdnc,qID,Q375-0,her,105868,105871,31,424,4,M_2337,Other
2338,pdnc,qID,Q375-0,she,105896,105899,31,424,4,M_2338,Other
2339,pdnc,qID,Q376-0,Basil,106074,106079,2,425,4,M_2339,PROPN
2340,booknlp,COREF,120,I,106112,106113,19,425,4,M_2340,Other
2341,pdnc,qID,Q376-0,him,106123,106126,2,425,4,M_2341,Other
2342,pdnc,qID,Q377-0,Dear Basil,106131,106141,2,426,4,M_2342,Other
2343,booknlp,COREF,120,I,106143,106144,19,426,4,M_2343,Other
2344,pdnc,qID,Q377-0,him,106167,106170,2,426,4,M_2344,Other
2345,booknlp,COREF,120,me,106206,106208,19,426,4,M_2345,Other
2346,pdnc,qID,Q377-0,he,106213,106215,2,426,4,M_2346,Other
2347,booknlp,COREF,120,me,106225,106227,19,426,4,M_2347,Other
2348,booknlp,COREF,120,my,106228,106230,19,426,4,M_2348,Other
2349,booknlp,COREF,121,himself,106291,106298,2,426,4,M_2349,Other
2350,booknlp,COREF,120,I,106312,106313,19,426,4,M_2350,Other
2351,booknlp,COREF,120,I,106386,106387,19,426,4,M_2351,Other
2352,booknlp,COREF,120,I,106392,106393,19,426,4,M_2352,Other
2353,booknlp,COREF,120,I,106410,106411,19,426,4,M_2353,Other
2354,pdnc,qID,Q377-0,you,106435,106438,19,426,4,M_2354,Other
2355,pdnc,qID,Q377-0,him,106459,106462,2,426,4,M_2355,Other
2356,booknlp,COREF,120,I,106464,106465,19,426,4,M_2356,Other
2357,pdnc,qID,Q377-0,him,106484,106487,2,426,4,M_2357,Other
2358,pdnc,qID,Q377-0,He,106495,106497,2,426,4,M_2358,Other
2359,booknlp,COREF,120,me,106521,106523,19,426,4,M_2359,Other
2360,pdnc,qID,Q377-0,He,106525,106527,2,426,4,M_2360,Other
2361,booknlp,COREF,120,me,106534,106536,19,426,4,M_2361,Other
2362,exp,exp_name,lord henry,Lord Henry,106552,106562,19,427,4,M_2362,PROPN
2363,booknlp,COREF,120,I,106651,106652,19,427,4,M_2363,Other
2364,pdnc,qID,Q379-0,Basil,106690,106695,2,428,4,M_2364,PROPN
2365,pdnc,qID,Q379-0,he,106724,106726,2,428,4,M_2365,Other
2366,booknlp,COREF,120,me,106736,106738,19,428,4,M_2366,Other
2367,booknlp,COREF,120,I,106779,106780,19,428,4,M_2367,Other
2368,pdnc,qID,Q379-0,you,106792,106795,19,428,4,M_2368,Other
2369,pdnc,qID,Q379-0,Harry,106797,106802,19,428,4,M_2369,PROPN
2370,booknlp,COREF,120,I,106804,106805,19,428,4,M_2370,Other
2371,pdnc,qID,Q380-0,Basil,106831,106836,2,429,4,M_2371,PROPN
2372,pdnc,qID,Q380-0,my dear boy,106838,106849,4,429,4,M_2372,Other
2373,pdnc,qID,Q380-0,him,106887,106890,2,429,4,M_2373,Other
2374,pdnc,qID,Q380-0,his,106896,106899,2,429,4,M_2374,Other
2375,pdnc,qID,Q380-0,he,106930,106932,2,429,4,M_2375,Other
2376,pdnc,qID,Q380-0,his,106963,106966,2,429,4,M_2376,Other
2377,pdnc,qID,Q380-0,his,106979,106982,2,429,4,M_2377,Other
2378,pdnc,qID,Q380-0,his,106999,107002,2,429,4,M_2378,Other
2379,booknlp,COREF,120,I,107034,107035,19,429,4,M_2379,Other
2380,exp,exp_name,man,man,107462,107465,30,429,4,M_2380,PROPN
2381,pdnc,qID,Q380-0,He,107486,107488,2,429,4,M_2381,Other
2382,pdnc,qID,Q380-0,he,107511,107513,2,429,4,M_2382,Other
2383,booknlp,COREF,117,I,107587,107588,4,430,4,M_2383,Other
2384,pdnc,qID,Q381-0,Harry,107615,107620,19,430,4,M_2384,PROPN
2385,exp,exp_name,dorian gray,Dorian Gray,107628,107639,4,430,4,M_2385,PROPN
2386,booknlp,COREF,117,his,107665,107668,4,430,4,M_2386,Other
2387,pdnc,qID,Q381-1,you,107758,107761,19,430,4,M_2387,Other
2388,booknlp,COREF,117,I,107778,107779,4,430,4,M_2388,Other
2389,booknlp,COREF,117,me,107810,107812,4,430,4,M_2389,Other
2390,booknlp,COREF,117,he,107859,107861,4,431,4,M_2390,Other
2391,exp,exp_name,lord henry,Lord Henry,107877,107887,19,431,4,M_2391,PROPN
2392,booknlp,COREF,120,he,107917,107919,19,431,4,M_2392,Other
2393,booknlp,COREF,120,him,107977,107980,19,431,4,M_2393,Other
2394,exp,exp_name,dorian gray,Dorian Gray,107992,108003,4,431,4,M_2394,PROPN
2395,exp,exp_name,the lad,the lad,108013,108020,41,431,4,M_2395,PROPN
2396,booknlp,COREF,120,him,108061,108064,19,431,4,M_2396,Other
2397,booknlp,COREF,120,He,108114,108116,19,431,4,M_2397,Other
2398,booknlp,COREF,120,him,108144,108147,19,431,4,M_2398,Other
2399,booknlp,COREF,120,He,108174,108176,19,431,4,M_2399,Other
2400,booknlp,COREF,120,him,108301,108304,19,431,4,M_2400,Other
2401,booknlp,COREF,120,he,108338,108340,19,431,4,M_2401,Other
2402,booknlp,COREF,120,himself,108366,108373,19,431,4,M_2402,Other
2403,booknlp,COREF,120,he,108378,108380,19,431,4,M_2403,Other
2404,booknlp,COREF,120,him,108442,108445,19,431,4,M_2404,Other
2405,booknlp,COREF,120,He,109420,109422,19,432,4,M_2405,Other
2406,booknlp,COREF,120,his,109486,109489,19,432,4,M_2406,Other
2407,booknlp,COREF,120,his,109544,109547,19,432,4,M_2407,Other
2408,exp,exp_name,dorian gray,Dorian Gray,109597,109608,4,432,4,M_2408,PROPN
2409,exp,exp_name,the lad,the lad,109697,109704,41,432,4,M_2409,PROPN
2410,booknlp,COREF,120,his,109709,109712,19,432,4,M_2410,Other
2411,booknlp,COREF,120,He,109727,109729,19,432,4,M_2411,Other
2412,booknlp,COREF,427,him,109739,109742,41,432,4,M_2412,Other
2413,exp,exp_name,the lad,the lad,110295,110302,41,433,4,M_2413,PROPN
2414,booknlp,COREF,427,He,110318,110320,41,433,4,M_2414,Other
2415,booknlp,COREF,427,his,110335,110338,41,433,4,M_2415,Other
2416,booknlp,COREF,427,him,110411,110414,41,433,4,M_2416,Other
2417,booknlp,COREF,427,he,110420,110422,41,433,4,M_2417,Other
2418,booknlp,COREF,427,him,110479,110482,41,433,4,M_2418,Other
2419,booknlp,COREF,427,his,110489,110492,41,433,4,M_2419,Other
2420,booknlp,COREF,427,his,110513,110516,41,433,4,M_2420,Other
2421,booknlp,COREF,427,he,110533,110535,41,433,4,M_2421,Other
2422,booknlp,COREF,427,He,110621,110623,41,433,4,M_2422,Other
2423,exp,exp_name,dorian gray,Dorian Gray,112403,112414,4,436,4,M_2423,PROPN
2424,exp,exp_name,sibyl vane,Sibyl Vane,112520,112530,31,436,4,M_2424,PROPN
2425,exp,exp_name,the lad,the lad,112907,112914,41,436,4,M_2425,PROPN
2426,booknlp,COREF,427,himself,112915,112922,41,436,4,M_2426,Other
2427,exp,exp_name,lord henry,Lord Henry,113288,113298,19,437,4,M_2427,PROPN
2428,booknlp,COREF,120,his,113359,113362,19,437,4,M_2428,Other
2429,booknlp,COREF,120,him,113390,113393,19,437,4,M_2429,Other
2430,booknlp,COREF,120,He,113427,113429,19,437,4,M_2430,Other
2431,booknlp,COREF,120,He,113635,113637,19,437,4,M_2431,Other
2432,booknlp,COREF,120,his,113649,113652,19,437,4,M_2432,Other
2433,booknlp,COREF,120,he,113736,113738,19,438,4,M_2433,Other
2434,booknlp,COREF,120,he,113785,113787,19,438,4,M_2434,Other
2435,booknlp,COREF,120,He,113828,113830,19,438,4,M_2435,Other
2436,exp,exp_name,dorian gray,Dorian Gray,113863,113874,4,438,4,M_2436,PROPN
2437,booknlp,COREF,117,him,113891,113894,4,438,4,M_2437,Other
2438,booknlp,COREF,117,he,113900,113902,4,438,4,M_2438,Other
2439,exp,exp_name,sibyl vane,Sibyl Vane,113932,113942,31,438,4,M_2439,PROPN
2440,pdnc,qID,Q382-0,Mother,113962,113968,25,440,5,M_2440,Other
2441,pdnc,qID,Q382-0,Mother,113970,113976,25,440,5,M_2441,Other
2442,pdnc,qID,Q383-1,you,114239,114242,25,440,5,M_2442,Other
2443,exp,exp_name,mrs. vane,Mrs. Vane,114265,114274,25,441,5,M_2443,PROPN
2444,booknlp,COREF,181,her,114290,114293,25,441,5,M_2444,Other
2445,booknlp,COREF,181,her,114326,114329,25,441,5,M_2445,Other
2446,booknlp,COREF,181,she,114356,114359,25,441,5,M_2446,Other
2447,booknlp,COREF,181,I,114369,114370,25,441,5,M_2447,Other
2448,pdnc,qID,Q384-1,Sibyl,114386,114391,31,441,5,M_2448,PROPN
2449,booknlp,COREF,181,I,114398,114399,25,441,5,M_2449,Other
2450,pdnc,qID,Q384-1,you,114404,114407,31,441,5,M_2450,Other
2451,pdnc,qID,Q384-1,You,114413,114416,31,441,5,M_2451,Other
2452,pdnc,qID,Q384-1,your,114448,114452,31,441,5,M_2452,Other
2453,pdnc,qID,Q385-0,Mother,114561,114567,25,442,5,M_2453,Other
2454,pdnc,qID,Q386-0,James,114726,114731,11,443,5,M_2454,PROPN
2455,pdnc,qID,Q386-0,You,114733,114736,31,443,5,M_2455,Other
2456,pdnc,qID,Q386-0,Sibyl,114759,114764,31,443,5,M_2456,PROPN
2457,pdnc,qID,Q387-0,Mother,114864,114870,25,444,5,M_2457,Other
2458,exp,exp_name,sibyl vane,Sibyl Vane,115060,115070,31,446,5,M_2458,PROPN
2459,booknlp,COREF,168,her,115078,115081,31,446,5,M_2459,Other
2460,pdnc,qID,Q389-0,Mother,115129,115135,25,446,5,M_2460,Other
2461,pdnc,qID,Q389-0,Prince Charming,115137,115152,4,446,5,M_2461,PROPN
2462,booknlp,COREF,168,she,115182,115185,31,446,5,M_2462,Other
2463,booknlp,COREF,168,her,115210,115213,31,446,5,M_2463,Other
2464,booknlp,COREF,168,her,115233,115236,31,446,5,M_2464,Other
2465,booknlp,COREF,168,her,115279,115282,31,446,5,M_2465,Other
2466,booknlp,COREF,168,her,115345,115348,31,446,5,M_2466,Other
2467,booknlp,COREF,168,her,115381,115384,31,446,5,M_2467,Other
2468,booknlp,COREF,168,I,115393,115394,31,446,5,M_2468,Other
2469,pdnc,qID,Q390-0,him,115400,115403,4,446,5,M_2469,Other
2470,booknlp,COREF,168,she,115406,115409,31,446,5,M_2470,Other
2471,pdnc,qID,Q391-0,Foolish child,115425,115438,31,447,5,M_2471,Other
2472,pdnc,qID,Q391-0,foolish child,115440,115453,31,447,5,M_2472,Other
2473,exp,exp_name,prince charming,Prince Charming,116039,116054,4,449,5,M_2473,PROPN
2474,booknlp,COREF,185,him,116105,116108,4,449,5,M_2474,Other
2475,booknlp,COREF,185,him,116146,116149,4,449,5,M_2475,Other
2476,booknlp,COREF,185,him,116170,116173,4,449,5,M_2476,Other
2477,booknlp,COREF,185,His,116180,116183,4,449,5,M_2477,Other
2478,booknlp,COREF,185,his,116245,116248,4,449,5,M_2478,Other
2479,exp,exp_name,man,man,116335,116338,30,450,5,M_2479,PROPN
2480,pdnc,qID,Q392-0,Mother,116603,116609,25,451,5,M_2480,Other
2481,pdnc,qID,Q392-0,Mother,116611,116617,25,451,5,M_2481,Other
2482,pdnc,qID,Q392-1,he,116641,116643,4,451,5,M_2482,Other
2483,pdnc,qID,Q392-1,him,116679,116682,4,451,5,M_2483,Other
2484,pdnc,qID,Q392-1,him,116691,116694,4,451,5,M_2484,Other
2485,pdnc,qID,Q392-1,he,116703,116705,4,451,5,M_2485,Other
2486,booknlp,COREF,185,himself,116724,116731,4,451,5,M_2486,Other
2487,pdnc,qID,Q392-1,he,116757,116759,4,451,5,M_2487,Other
2488,pdnc,qID,Q392-1,him,116790,116793,4,451,5,M_2488,Other
2489,pdnc,qID,Q392-1,him,116852,116855,4,451,5,M_2489,Other
2490,pdnc,qID,Q392-1,Mother,116908,116914,25,451,5,M_2490,Other
2491,pdnc,qID,Q392-1,you,116920,116923,25,451,5,M_2491,Other
2492,pdnc,qID,Q392-1,Prince Charming,116949,116964,4,451,5,M_2492,PROPN
2493,booknlp,COREF,168,Sybil,117092,117097,31,452,5,M_2493,PROPN
2494,booknlp,COREF,168,her,117119,117122,31,452,5,M_2494,Other
2495,booknlp,COREF,168,her,117134,117137,31,452,5,M_2495,Other
2496,booknlp,COREF,168,me,117169,117171,31,452,5,M_2496,Other
2497,pdnc,qID,Q393-0,Mother,117173,117179,25,452,5,M_2497,Other
2498,booknlp,COREF,168,I,117181,117182,31,452,5,M_2498,Other
2499,pdnc,qID,Q393-0,you,117197,117200,25,452,5,M_2499,Other
2500,pdnc,qID,Q393-0,you,117245,117248,25,452,5,M_2500,Other
2501,pdnc,qID,Q393-0,you,117257,117260,25,452,5,M_2501,Other
2502,pdnc,qID,Q393-0,him,117267,117270,31,452,5,M_2502,Other
2503,booknlp,COREF,168,I,117299,117300,31,452,5,M_2503,Other
2504,pdnc,qID,Q393-0,you,117323,117326,25,452,5,M_2504,Other
2505,booknlp,COREF,168,me,117358,117360,31,452,5,M_2505,Other
2506,pdnc,qID,Q394-0,My child,117383,117391,31,453,5,M_2506,Other
2507,pdnc,qID,Q394-0,you,117393,117396,31,453,5,M_2507,Other
2508,pdnc,qID,Q394-0,you,117461,117464,31,453,5,M_2508,Other
2509,pdnc,qID,Q394-0,this young man,117473,117487,4,453,5,M_2509,Other
2510,pdnc,qID,Q394-0,You,117489,117492,31,453,5,M_2510,Other
2511,pdnc,qID,Q394-0,his,117509,117512,4,453,5,M_2511,Other
2512,pdnc,qID,Q394-0,James,117574,117579,11,453,5,M_2512,PROPN
2513,pdnc,qID,Q394-0,you,117656,117659,31,453,5,M_2513,Other
2514,pdnc,qID,Q394-0,he,117728,117730,4,453,5,M_2514,Other
2515,pdnc,qID,Q395-0,Mother,117750,117756,25,454,5,M_2515,Other
2516,pdnc,qID,Q395-0,Mother,117758,117764,25,454,5,M_2516,Other
2517,booknlp,COREF,168,me,117770,117772,31,454,5,M_2517,Other
2518,exp,exp_name,mrs. vane,Mrs. Vane,117785,117794,25,455,5,M_2518,PROPN
2519,booknlp,COREF,181,her,117806,117809,25,455,5,M_2519,Other
2520,booknlp,COREF,181,her,117931,117934,25,455,5,M_2520,Other
2521,booknlp,COREF,181,her,117938,117941,25,455,5,M_2521,Other
2522,exp,exp_name,mrs. vane,Mrs. Vane,118254,118263,25,455,5,M_2522,PROPN
2523,booknlp,COREF,181,her,118270,118273,25,455,5,M_2523,Other
2524,booknlp,COREF,181,her,118302,118305,25,455,5,M_2524,Other
2525,booknlp,COREF,181,She,118313,118316,25,455,5,M_2525,Other
2526,booknlp,COREF,181,her,118335,118338,25,455,5,M_2526,Other
2527,booknlp,COREF,181,She,118374,118377,25,455,5,M_2527,Other
2528,pdnc,qID,Q396-0,You,118426,118429,31,456,5,M_2528,Other
2529,pdnc,qID,Q396-0,your,118449,118453,31,456,5,M_2529,Other
2530,booknlp,COREF,427,me,118465,118467,41,456,5,M_2530,Other
2531,pdnc,qID,Q396-0,Sibyl,118469,118474,31,456,5,M_2531,PROPN
2532,booknlp,COREF,427,I,118476,118477,41,456,5,M_2532,Other
2533,exp,exp_name,the lad,the lad,118491,118498,41,456,5,M_2533,PROPN
2534,pdnc,qID,Q397-0,you,118538,118541,11,457,5,M_2534,Other
2535,pdnc,qID,Q397-0,Jim,118567,118570,11,457,5,M_2535,PROPN
2536,booknlp,COREF,181,she,118573,118576,25,457,5,M_2536,Other
2537,pdnc,qID,Q397-1,You,118585,118588,11,457,5,M_2537,Other
2538,booknlp,COREF,181,she,118619,118622,25,457,5,M_2538,Other
2539,exp,exp_name,james vane,James Vane,118660,118670,11,458,5,M_2539,PROPN
2540,booknlp,COREF,183,his,118683,118686,11,458,5,M_2540,Other
2541,booknlp,COREF,183,I,118719,118720,11,458,5,M_2541,Other
2542,pdnc,qID,Q398-0,you,118726,118729,31,458,5,M_2542,Other
2543,booknlp,COREF,183,me,118747,118749,11,458,5,M_2543,Other
2544,pdnc,qID,Q398-0,Sibyl,118762,118767,31,458,5,M_2544,PROPN
2545,booknlp,COREF,183,I,118769,118770,11,458,5,M_2545,Other
2546,booknlp,COREF,183,I,118785,118786,11,458,5,M_2546,Other
2547,booknlp,COREF,183,I,118828,118829,11,458,5,M_2547,Other
2548,booknlp,COREF,183,I,118838,118839,11,458,5,M_2548,Other
2549,booknlp,COREF,181,My,118858,118860,25,459,5,M_2549,Other
2550,exp,exp_name,mrs. vane,Mrs. Vane,118908,118917,25,459,5,M_2550,PROPN
2551,booknlp,COREF,181,She,118996,118999,25,459,5,M_2551,Other
2552,pdnc,qID,Q400-0,Mother,119145,119151,25,460,5,M_2552,Other
2553,booknlp,COREF,183,I,119153,119154,11,460,5,M_2553,Other
2554,pdnc,qID,Q401-0,You,119167,119170,11,461,5,M_2554,Other
2555,booknlp,COREF,183,me,119176,119178,11,461,5,M_2555,Other
2556,pdnc,qID,Q401-0,my son,119180,119186,11,461,5,M_2556,Other
2557,booknlp,COREF,183,I,119188,119189,11,461,5,M_2557,Other
2558,pdnc,qID,Q401-0,you,119196,119199,11,461,5,M_2558,Other
2559,booknlp,COREF,183,I,119255,119256,11,461,5,M_2559,Other
2560,booknlp,COREF,183,I,119326,119327,11,461,5,M_2560,Other
2561,pdnc,qID,Q401-0,you,119355,119358,11,461,5,M_2561,Other
2562,pdnc,qID,Q401-0,your,119369,119373,11,461,5,M_2562,Other
2563,pdnc,qID,Q401-0,you,119383,119386,11,461,5,M_2563,Other
2564,exp,exp_name,the lad,the lad,119455,119462,41,462,5,M_2564,PROPN
2565,booknlp,COREF,427,I,119465,119466,41,462,5,M_2565,Other
2566,booknlp,COREF,427,I,119507,119508,41,462,5,M_2566,Other
2567,pdnc,qID,Q402-1,you,119548,119551,25,462,5,M_2567,Other
2568,pdnc,qID,Q402-1,Sibyl,119556,119561,31,462,5,M_2568,PROPN
2569,booknlp,COREF,427,I,119577,119578,41,462,5,M_2569,Other
2570,pdnc,qID,Q403-0,Jim,119595,119598,11,463,5,M_2570,PROPN
2571,exp,exp_name,sibyl,Sibyl,119606,119611,31,463,5,M_2571,PROPN
2572,pdnc,qID,Q403-1,you,119638,119641,11,463,5,M_2572,Other
2573,pdnc,qID,Q403-1,you,119651,119654,11,463,5,M_2573,Other
2574,booknlp,COREF,168,me,119684,119686,31,463,5,M_2574,Other
2575,booknlp,COREF,168,I,119707,119708,31,463,5,M_2575,Other
2576,pdnc,qID,Q403-1,you,119720,119723,11,463,5,M_2576,Other
2577,pdnc,qID,Q403-1,your,119762,119766,11,463,5,M_2577,Other
2578,pdnc,qID,Q403-1,you,119798,119801,11,463,5,M_2578,Other
2579,pdnc,qID,Q403-1,you,119854,119857,11,463,5,M_2579,Other
2580,pdnc,qID,Q403-1,you,119894,119897,11,463,5,M_2580,Other
2581,booknlp,COREF,168,me,119905,119907,31,463,5,M_2581,Other
2582,pdnc,qID,Q403-1,your,119913,119917,11,463,5,M_2582,Other
2583,pdnc,qID,Q405-0,Jim,120068,120071,11,465,5,M_2583,PROPN
2584,pdnc,qID,Q407-0,Mother,120427,120433,25,467,5,M_2584,Other
2585,pdnc,qID,Q408-0,James,120482,120487,11,468,5,M_2585,PROPN
2586,pdnc,qID,Q409-0,you,120936,120939,11,468,5,M_2586,Other
2587,pdnc,qID,Q409-0,James,120959,120964,11,468,5,M_2587,PROPN
2588,pdnc,qID,Q409-0,your,120971,120975,11,468,5,M_2588,Other
2589,pdnc,qID,Q409-1,You,121005,121008,11,468,5,M_2589,Other
2590,pdnc,qID,Q409-1,your,121034,121038,11,468,5,M_2590,Other
2591,pdnc,qID,Q409-1,You,121051,121054,11,468,5,M_2591,Other
2592,pdnc,qID,Q410-1,you,121247,121250,25,469,5,M_2592,Other
2593,pdnc,qID,Q410-1,Sibyl,121320,121325,31,469,5,M_2593,PROPN
2594,pdnc,qID,Q410-1,her,121337,121340,31,469,5,M_2594,Other
2595,pdnc,qID,Q410-1,Mother,121359,121365,25,469,5,M_2595,Other
2596,pdnc,qID,Q410-1,you,121367,121370,25,469,5,M_2596,Other
2597,pdnc,qID,Q410-1,her,121387,121390,31,469,5,M_2597,Other
2598,pdnc,qID,Q411-0,James,121395,121400,11,470,5,M_2598,PROPN
2599,pdnc,qID,Q411-0,you,121402,121405,11,470,5,M_2599,Other
2600,pdnc,qID,Q411-0,Sibyl,121457,121462,31,470,5,M_2600,PROPN
2601,pdnc,qID,Q412-0,a gentleman,121474,121485,4,471,5,M_2601,Other
2602,pdnc,qID,Q412-0,her,121546,121549,31,471,5,M_2602,Other
2603,pdnc,qID,Q413-0,You,121586,121589,11,472,5,M_2603,Other
2604,pdnc,qID,Q413-0,you,121616,121619,11,472,5,M_2604,Other
2605,pdnc,qID,Q413-0,James,121638,121643,11,472,5,M_2605,PROPN
2606,pdnc,qID,Q413-0,Sibyl,121838,121843,31,472,5,M_2606,PROPN
2607,pdnc,qID,Q413-0,her,121878,121881,31,472,5,M_2607,Other
2608,pdnc,qID,Q413-0,the young man,121939,121952,4,472,5,M_2608,Other
2609,pdnc,qID,Q413-0,He,121989,121991,4,472,5,M_2609,Other
2610,pdnc,qID,Q413-0,he,122030,122032,4,472,5,M_2610,Other
2611,pdnc,qID,Q413-0,he,122083,122085,4,472,5,M_2611,Other
2612,pdnc,qID,Q414-0,You,122107,122110,25,473,5,M_2612,Other
2613,pdnc,qID,Q414-0,his,122122,122125,4,473,5,M_2613,Other
2614,exp,exp_name,the lad,the lad,122146,122153,41,473,5,M_2614,PROPN
2615,booknlp,COREF,427,his,122179,122182,41,474,5,M_2615,Other
2616,exp,exp_name,mother,mother,122183,122189,40,474,5,M_2616,PROPN
2617,pdnc,qID,Q415-1,He,122229,122231,4,474,5,M_2617,Other
2618,pdnc,qID,Q415-1,his,122253,122256,4,474,5,M_2618,Other
2619,pdnc,qID,Q415-1,him,122300,122303,4,474,5,M_2619,Other
2620,pdnc,qID,Q415-1,He,122305,122307,4,474,5,M_2620,Other
2621,exp,exp_name,james vane,James Vane,122351,122361,11,475,5,M_2621,PROPN
2622,booknlp,COREF,183,his,122366,122369,11,475,5,M_2622,Other
2623,pdnc,qID,Q416-0,Sibyl,122387,122392,31,475,5,M_2623,PROPN
2624,pdnc,qID,Q416-0,Mother,122394,122400,25,475,5,M_2624,Other
2625,booknlp,COREF,427,he,122403,122405,41,475,5,M_2625,Other
2626,pdnc,qID,Q416-1,her,122425,122428,31,475,5,M_2626,Other
2627,pdnc,qID,Q417-0,My son,122433,122439,11,476,5,M_2627,Other
2628,pdnc,qID,Q417-0,you,122441,122444,11,476,5,M_2628,Other
2629,booknlp,COREF,427,me,122454,122456,41,476,5,M_2629,Other
2630,pdnc,qID,Q417-0,Sibyl,122468,122473,31,476,5,M_2630,PROPN
2631,booknlp,COREF,427,my,122490,122492,41,476,5,M_2631,Other
2632,pdnc,qID,Q417-0,this gentleman,122521,122535,4,476,5,M_2632,Other
2633,pdnc,qID,Q417-0,she,122571,122574,31,476,5,M_2633,Other
2634,pdnc,qID,Q417-0,him,122612,122615,4,476,5,M_2634,Other
2635,booknlp,COREF,427,I,122617,122618,41,476,5,M_2635,Other
2636,pdnc,qID,Q417-0,he,122625,122627,4,476,5,M_2636,Other
2637,pdnc,qID,Q417-0,He,122655,122657,4,476,5,M_2637,Other
2638,booknlp,COREF,427,I,122688,122689,41,476,5,M_2638,Other
2639,pdnc,qID,Q417-0,Sibyl,122742,122747,31,476,5,M_2639,PROPN
2640,pdnc,qID,Q417-0,They,122749,122753,4,476,5,M_2640,Other
2641,pdnc,qID,Q417-0,His,122784,122787,4,476,5,M_2641,Other
2642,exp,exp_name,the lad,The lad,122854,122861,41,477,5,M_2642,PROPN
2643,booknlp,COREF,427,himself,122884,122891,41,477,5,M_2643,Other
2644,booknlp,COREF,427,his,122928,122931,41,477,5,M_2644,Other
2645,booknlp,COREF,427,He,122948,122950,41,477,5,M_2645,Other
2646,exp,exp_name,sibyl,Sibyl,123015,123020,31,477,5,M_2646,PROPN
2647,booknlp,COREF,427,you,123043,123046,41,478,5,M_2647,Other
2648,booknlp,COREF,168,she,123058,123061,31,478,5,M_2648,Other
2649,booknlp,COREF,427,he,123103,123105,41,479,5,M_2649,Other
2650,booknlp,COREF,427,I,123117,123118,41,479,5,M_2650,Other
2651,pdnc,qID,Q419-1,Mother,123168,123174,25,479,5,M_2651,Other
2652,booknlp,COREF,427,I,123176,123177,41,479,5,M_2652,Other
2653,booknlp,COREF,427,my,123188,123190,41,479,5,M_2653,Other
2654,booknlp,COREF,427,my,123244,123246,41,479,5,M_2654,Other
2655,pdnc,qID,Q419-1,you,123258,123261,25,479,5,M_2655,Other
2656,booknlp,COREF,168,my,123293,123295,31,480,5,M_2656,Other
2657,booknlp,COREF,168,she,123302,123305,31,480,5,M_2657,Other
2658,booknlp,COREF,168,She,123352,123355,31,481,5,M_2658,Other
2659,booknlp,COREF,427,he,123390,123392,41,481,5,M_2659,Other
2660,booknlp,COREF,168,her,123410,123413,31,481,5,M_2660,Other
2661,booknlp,COREF,427,his,123442,123445,41,481,5,M_2661,Other
2662,booknlp,COREF,168,her,123465,123468,31,481,5,M_2662,Other
2663,pdnc,qID,Q421-0,Mother,123493,123499,25,482,5,M_2663,Other
2664,pdnc,qID,Q422-0,My child,123588,123596,31,483,5,M_2664,Other
2665,pdnc,qID,Q422-0,my child,123598,123606,31,483,5,M_2665,Other
2666,exp,exp_name,mrs. vane,Mrs. Vane,123615,123624,25,483,5,M_2666,PROPN
2667,pdnc,qID,Q423-0,Sibyl,123695,123700,31,484,5,M_2667,PROPN
2668,booknlp,COREF,168,her,123708,123711,31,484,5,M_2668,Other
2669,exp,exp_name,mother,mother,123746,123752,40,484,5,M_2669,PROPN
2670,exp,exp_name,gardener,gardener,124044,124052,8,485,5,M_2670,PROPN
2671,exp,exp_name,jim,Jim,124075,124078,11,486,5,M_2671,PROPN
2672,booknlp,COREF,183,he,124110,124112,11,486,5,M_2672,Other
2673,booknlp,COREF,183,He,124161,124163,11,486,5,M_2673,Other
2674,exp,exp_name,sibyl,Sibyl,124272,124277,31,486,5,M_2674,PROPN
2675,booknlp,COREF,168,she,124324,124327,31,486,5,M_2675,Other
2676,booknlp,COREF,168,Her,124343,124346,31,486,5,M_2676,Other
2677,booknlp,COREF,168,her,124381,124384,31,486,5,M_2677,Other
2678,booknlp,COREF,168,She,124391,124394,31,486,5,M_2678,Other
2679,exp,exp_name,prince charming,Prince Charming,124411,124426,4,486,5,M_2679,PROPN
2680,booknlp,COREF,168,she,124438,124441,31,486,5,M_2680,Other
2681,booknlp,COREF,185,him,124457,124460,4,486,5,M_2681,Other
2682,booknlp,COREF,168,she,124475,124478,31,486,5,M_2682,Other
2683,booknlp,COREF,185,him,124495,124498,4,486,5,M_2683,Other
2684,exp,exp_name,jim,Jim,124540,124543,11,486,5,M_2684,PROPN
2685,booknlp,COREF,183,he,124578,124580,11,486,5,M_2685,Other
2686,booknlp,COREF,183,he,124641,124643,11,486,5,M_2686,Other
2687,booknlp,COREF,183,he,124702,124704,11,486,5,M_2687,Other
2688,exp,exp_name,sailor,sailor,124725,124731,30,486,5,M_2688,PROPN
2689,booknlp,COREF,183,he,124762,124764,11,486,5,M_2689,Other
2690,exp,exp_name,sailor,sailor,124792,124798,30,486,5,M_2690,PROPN
2691,booknlp,COREF,183,He,125009,125011,11,486,5,M_2691,Other
2692,booknlp,COREF,183,he,125150,125152,11,486,5,M_2692,Other
2693,booknlp,COREF,183,He,125425,125427,11,486,5,M_2693,Other
2694,booknlp,COREF,183,He,125578,125580,11,486,5,M_2694,Other
2695,booknlp,COREF,183,he,125632,125634,11,486,5,M_2695,Other
2696,booknlp,COREF,183,he,125652,125654,11,486,5,M_2696,Other
2697,booknlp,COREF,183,him,125807,125810,11,486,5,M_2697,Other
2698,booknlp,COREF,183,he,125816,125818,11,486,5,M_2698,Other
2699,booknlp,COREF,183,him,125959,125962,11,486,5,M_2699,Other
2700,booknlp,COREF,183,he,125968,125970,11,486,5,M_2700,Other
2701,booknlp,COREF,183,his,126003,126006,11,486,5,M_2701,Other
2702,booknlp,COREF,183,his,126024,126027,11,486,5,M_2702,Other
2703,booknlp,COREF,183,he,126076,126078,11,486,5,M_2703,Other
2704,booknlp,COREF,183,He,126119,126121,11,486,5,M_2704,Other
2705,booknlp,COREF,183,his,126184,126187,11,486,5,M_2705,Other
2706,booknlp,COREF,183,he,126214,126216,11,486,5,M_2706,Other
2707,booknlp,COREF,183,him,126272,126275,11,486,5,M_2707,Other
2708,booknlp,COREF,183,him,126296,126299,11,486,5,M_2708,Other
2709,booknlp,COREF,183,he,126325,126327,11,486,5,M_2709,Other
2710,exp,exp_name,the lad,The lad,126367,126374,41,487,5,M_2710,PROPN
2711,booknlp,COREF,427,He,126419,126421,41,487,5,M_2711,Other
2712,booknlp,COREF,427,him,126491,126494,41,488,5,M_2712,Other
2713,booknlp,COREF,427,he,126535,126537,41,488,5,M_2713,Other
2714,booknlp,COREF,427,he,126543,126545,41,488,5,M_2714,Other
2715,exp,exp_name,sibyl,Sibyl,126588,126593,31,488,5,M_2715,PROPN
2716,booknlp,COREF,168,her,126646,126649,31,488,5,M_2716,Other
2717,booknlp,COREF,168,her,126661,126664,31,488,5,M_2717,Other
2718,booknlp,COREF,427,He,126674,126676,41,488,5,M_2718,Other
2719,booknlp,COREF,427,he,126698,126700,41,488,5,M_2719,Other
2720,booknlp,COREF,427,him,126707,126710,41,488,5,M_2720,Other
2721,booknlp,COREF,427,him,126727,126730,41,488,5,M_2721,Other
2722,booknlp,COREF,427,he,126776,126778,41,488,5,M_2722,Other
2723,booknlp,COREF,427,him,126857,126860,41,488,5,M_2723,Other
2724,booknlp,COREF,427,He,126862,126864,41,488,5,M_2724,Other
2725,booknlp,COREF,427,his,126917,126920,41,488,5,M_2725,Other
2726,exp,exp_name,mother,mother,126921,126927,40,488,5,M_2726,PROPN
2727,exp,exp_name,sibyl,Sibyl,126973,126978,31,488,5,M_2727,PROPN
2728,exp,exp_name,sibyl,Sibyl,126983,126988,31,488,5,M_2728,PROPN
2729,booknlp,COREF,427,His,127108,127111,41,489,5,M_2729,Other
2730,exp,exp_name,mother,mother,127112,127118,40,489,5,M_2730,PROPN
2731,booknlp,COREF,427,He,127120,127122,41,489,5,M_2731,Other
2732,booknlp,COREF,427,his,127140,127143,41,489,5,M_2732,Other
2733,booknlp,COREF,427,he,127179,127181,41,489,5,M_2733,Other
2734,booknlp,COREF,427,he,127246,127248,41,489,5,M_2734,Other
2735,booknlp,COREF,427,his,127310,127313,41,489,5,M_2735,Other
2736,booknlp,COREF,427,he,127332,127334,41,489,5,M_2736,Other
2737,booknlp,COREF,427,He,127405,127407,41,489,5,M_2737,Other
2738,booknlp,COREF,427,his,127474,127477,41,489,5,M_2738,Other
2739,booknlp,COREF,427,His,127484,127487,41,489,5,M_2739,Other
2740,booknlp,COREF,427,he,127560,127562,41,489,5,M_2740,Other
2741,booknlp,COREF,427,his,127567,127570,41,489,5,M_2741,Other
2742,pdnc,qID,Q424-0,You,127583,127586,11,490,5,M_2742,Other
2743,booknlp,COREF,168,I,127615,127616,31,490,5,M_2743,Other
2744,pdnc,qID,Q424-0,Jim,127628,127631,11,490,5,M_2744,PROPN
2745,exp,exp_name,sibyl,Sibyl,127640,127645,31,490,5,M_2745,PROPN
2746,booknlp,COREF,168,I,127652,127653,31,490,5,M_2746,Other
2747,pdnc,qID,Q424-1,your,127694,127698,11,490,5,M_2747,Other
2748,pdnc,qID,Q425-0,you,127736,127739,31,491,5,M_2748,Other
2749,booknlp,COREF,427,me,127745,127747,41,491,5,M_2749,Other
2750,pdnc,qID,Q426-0,you,127768,127771,11,492,5,M_2750,Other
2751,booknlp,COREF,168,she,127811,127814,31,492,5,M_2751,Other
2752,booknlp,COREF,427,him,127836,127839,41,492,5,M_2752,Other
2753,booknlp,COREF,427,He,127842,127844,41,493,5,M_2753,Other
2754,booknlp,COREF,427,his,127854,127857,41,493,5,M_2754,Other
2755,pdnc,qID,Q427-0,You,127870,127873,31,493,5,M_2755,Other
2756,booknlp,COREF,427,me,127900,127902,41,493,5,M_2756,Other
2757,booknlp,COREF,427,I,127908,127909,41,493,5,M_2757,Other
2758,pdnc,qID,Q427-0,you,127923,127926,31,493,5,M_2758,Other
2759,pdnc,qID,Q427-0,Sibyl,127928,127933,31,493,5,M_2759,PROPN
2760,booknlp,COREF,168,She,127937,127940,31,494,5,M_2760,Other
2761,pdnc,qID,Q428-0,you,127959,127962,11,494,5,M_2761,Other
2762,pdnc,qID,Q428-0,Jim,127969,127972,11,494,5,M_2762,PROPN
2763,booknlp,COREF,168,she,127975,127978,31,494,5,M_2763,Other
2764,pdnc,qID,Q429-0,You,127988,127991,31,495,5,M_2764,Other
2765,pdnc,qID,Q429-0,a new friend,127997,128009,4,495,5,M_2765,Other
2766,booknlp,COREF,427,I,128011,128012,41,495,5,M_2766,Other
2767,pdnc,qID,Q429-0,he,128026,128028,4,495,5,M_2767,Other
2768,pdnc,qID,Q429-0,you,128039,128042,31,495,5,M_2768,Other
2769,booknlp,COREF,427,me,128052,128054,41,495,5,M_2769,Other
2770,pdnc,qID,Q429-0,him,128061,128064,4,495,5,M_2770,Other
2771,pdnc,qID,Q429-0,He,128066,128068,4,495,5,M_2771,Other
2772,pdnc,qID,Q429-0,you,128075,128078,31,495,5,M_2772,Other
2773,pdnc,qID,Q430-0,Jim,128097,128100,11,496,5,M_2773,PROPN
2774,booknlp,COREF,168,she,128103,128106,31,496,5,M_2774,Other
2775,pdnc,qID,Q430-1,You,128119,128122,11,496,5,M_2775,Other
2776,pdnc,qID,Q430-1,him,128153,128156,4,496,5,M_2776,Other
2777,booknlp,COREF,168,I,128158,128159,31,496,5,M_2777,Other
2778,pdnc,qID,Q430-1,him,128165,128168,4,496,5,M_2778,Other
2779,pdnc,qID,Q431-0,you,128178,128181,31,497,5,M_2779,Other
2780,pdnc,qID,Q431-0,his,128198,128201,4,497,5,M_2780,Other
2781,exp,exp_name,the lad,the lad,128218,128225,41,497,5,M_2781,PROPN
2782,pdnc,qID,Q431-1,he,128235,128237,4,497,5,M_2782,Other
2783,booknlp,COREF,427,I,128239,128240,41,497,5,M_2783,Other
2784,pdnc,qID,Q432-0,He,128266,128268,4,498,5,M_2784,Other
2785,pdnc,qID,Q432-0,Prince Charming,128279,128294,4,498,5,M_2785,PROPN
2786,pdnc,qID,Q432-0,you,128302,128305,11,498,5,M_2786,Other
2787,pdnc,qID,Q432-0,you silly boy,128325,128338,11,498,5,M_2787,Other
2788,pdnc,qID,Q432-0,you,128340,128343,11,498,5,M_2788,Other
2789,pdnc,qID,Q432-0,you,128371,128374,11,498,5,M_2789,Other
2790,pdnc,qID,Q432-0,him,128384,128387,4,498,5,M_2790,Other
2791,pdnc,qID,Q432-0,you,128389,128392,11,498,5,M_2791,Other
2792,pdnc,qID,Q432-0,him,128405,128408,4,498,5,M_2792,Other
2793,pdnc,qID,Q432-0,you,128458,128461,11,498,5,M_2793,Other
2794,pdnc,qID,Q432-0,him,128472,128475,4,498,5,M_2794,Other
2795,pdnc,qID,Q432-0,you,128481,128484,11,498,5,M_2795,Other
2796,pdnc,qID,Q432-0,You,128511,128514,11,498,5,M_2796,Other
2797,pdnc,qID,Q432-0,him,128525,128528,4,498,5,M_2797,Other
2798,pdnc,qID,Q432-0,him,128554,128557,4,498,5,M_2798,Other
2799,booknlp,COREF,168,I,128563,128564,31,498,5,M_2799,Other
2800,pdnc,qID,Q432-0,him,128574,128577,4,498,5,M_2800,Other
2801,booknlp,COREF,168,I,128579,128580,31,498,5,M_2801,Other
2802,pdnc,qID,Q432-0,you,128586,128589,11,498,5,M_2802,Other
2803,pdnc,qID,Q432-0,He,128626,128628,4,498,5,M_2803,Other
2804,booknlp,COREF,168,I,128655,128656,31,498,5,M_2804,Other
2805,exp,exp_name,juliet,Juliet,128668,128674,12,498,5,M_2805,PROPN
2806,booknlp,COREF,168,I,128684,128685,31,498,5,M_2806,Other
2807,pdnc,qID,Q432-0,Jim,128708,128711,11,498,5,M_2807,PROPN
2808,exp,exp_name,juliet,Juliet,128736,128742,12,498,5,M_2808,PROPN
2809,pdnc,qID,Q432-0,him,128752,128755,4,498,5,M_2809,Other
2810,pdnc,qID,Q432-0,his,128783,128786,4,498,5,M_2810,Other
2811,booknlp,COREF,168,I,128796,128797,31,498,5,M_2811,Other
2812,booknlp,COREF,168,I,128808,128809,31,498,5,M_2812,Other
2813,pdnc,qID,Q433-0,his,128957,128960,4,498,5,M_2813,Other
2814,pdnc,qID,Q433-0,He,128981,128983,4,498,5,M_2814,Other
2815,booknlp,COREF,168,me,128997,128999,31,498,5,M_2815,Other
2816,pdnc,qID,Q433-0,he,129021,129023,4,498,5,M_2816,Other
2817,booknlp,COREF,168,me,129038,129040,31,498,5,M_2817,Other
2818,booknlp,COREF,168,I,129058,129059,31,498,5,M_2818,Other
2819,pdnc,qID,Q433-0,his,129083,129086,4,498,5,M_2819,Other
2820,pdnc,qID,Q433-0,his,129088,129091,4,498,5,M_2820,Other
2821,pdnc,qID,Q433-0,Prince Charming,129098,129113,4,498,5,M_2821,PROPN
2822,pdnc,qID,Q433-0,"my wonderful lover, my god of graces",129115,129151,4,498,5,M_2822,Other
2823,booknlp,COREF,168,I,129157,129158,31,498,5,M_2823,Other
2824,pdnc,qID,Q433-0,him,129174,129177,4,498,5,M_2824,Other
2825,booknlp,COREF,168,me,129371,129373,31,498,5,M_2825,Other
2826,booknlp,COREF,168,I,129375,129376,31,498,5,M_2826,Other
2827,pdnc,qID,Q434-0,He,129427,129429,4,499,5,M_2827,Other
2828,exp,exp_name,the lad,the lad,129452,129459,41,499,5,M_2828,PROPN
2829,pdnc,qID,Q435-0,A prince,129472,129480,4,500,5,M_2829,Other
2830,pdnc,qID,Q435-1,you,129518,129521,11,500,5,M_2830,Other
2831,pdnc,qID,Q436-0,He,129531,129533,4,501,5,M_2831,Other
2832,pdnc,qID,Q436-0,you,129551,129554,31,501,5,M_2832,Other
2833,booknlp,COREF,168,I,129602,129603,31,503,5,M_2833,Other
2834,pdnc,qID,Q438-0,you,129609,129612,31,503,5,M_2834,Other
2835,pdnc,qID,Q438-0,him,129626,129629,4,503,5,M_2835,Other
2836,pdnc,qID,Q439-0,him,129641,129644,4,504,5,M_2836,Other
2837,pdnc,qID,Q439-0,him,129659,129662,4,504,5,M_2837,Other
2838,pdnc,qID,Q439-0,him,129672,129675,4,504,5,M_2838,Other
2839,pdnc,qID,Q439-0,him,129688,129691,4,504,5,M_2839,Other
2840,pdnc,qID,Q440-0,Sibyl,129696,129701,31,505,5,M_2840,PROPN
2841,pdnc,qID,Q440-0,you,129703,129706,31,505,5,M_2841,Other
2842,pdnc,qID,Q440-0,him,129721,129724,4,505,5,M_2842,Other
2843,booknlp,COREF,427,his,129749,129752,41,506,5,M_2843,Other
2844,pdnc,qID,Q441-0,You dear old Jim,129759,129775,11,506,5,M_2844,Other
2845,pdnc,qID,Q441-0,you,129777,129780,11,506,5,M_2845,Other
2846,pdnc,qID,Q441-0,you,129792,129795,11,506,5,M_2846,Other
2847,pdnc,qID,Q441-0,you,129821,129824,11,506,5,M_2847,Other
2848,booknlp,COREF,427,yourself,129841,129849,41,506,5,M_2848,Other
2849,pdnc,qID,Q441-0,you,129856,129859,11,506,5,M_2849,Other
2850,pdnc,qID,Q441-0,you,129910,129913,11,506,5,M_2850,Other
2851,pdnc,qID,Q441-0,you,129951,129954,11,506,5,M_2851,Other
2852,pdnc,qID,Q441-0,you,129971,129974,11,506,5,M_2852,Other
2853,pdnc,qID,Q441-0,You,130113,130116,11,506,5,M_2853,Other
2854,exp,exp_name,sibyl,Sibyl,130675,130680,31,508,5,M_2854,PROPN
2855,booknlp,COREF,168,She,130697,130700,31,508,5,M_2855,Other
2856,booknlp,COREF,168,her,130723,130726,31,508,5,M_2856,Other
2857,booknlp,COREF,168,she,130789,130792,31,508,5,M_2857,Other
2858,booknlp,COREF,168,she,130820,130823,31,508,5,M_2858,Other
2859,booknlp,COREF,168,she,130848,130851,31,508,5,M_2859,Other
2860,exp,exp_name,dorian gray,Dorian Gray,130943,130954,4,508,5,M_2860,PROPN
2861,booknlp,COREF,168,She,130968,130971,31,509,5,M_2861,Other
2862,booknlp,COREF,168,her,130983,130986,31,509,5,M_2862,Other
2863,pdnc,qID,Q442-0,he,131000,131002,4,509,5,M_2863,Other
2864,booknlp,COREF,168,she,131008,131011,31,509,5,M_2864,Other
2865,exp,exp_name,jim,Jim,131032,131035,11,510,5,M_2865,PROPN
2866,exp,exp_name,vane,Vane,131036,131040,31,510,5,M_2866,PROPN
2867,pdnc,qID,Q444-0,Prince Charming,131044,131059,4,511,5,M_2867,PROPN
2868,booknlp,COREF,168,she,131062,131065,31,511,5,M_2868,Other
2869,exp,exp_name,victoria,victoria,131094,131102,15,511,5,M_2869,PROPN
2870,booknlp,COREF,183,He,131105,131107,11,512,5,M_2870,Other
2871,booknlp,COREF,168,her,131129,131132,31,512,5,M_2871,Other
2872,pdnc,qID,Q445-0,him,131159,131162,4,512,5,M_2872,Other
2873,booknlp,COREF,183,me,131166,131168,11,512,5,M_2873,Other
2874,pdnc,qID,Q445-0,he,131179,131181,4,512,5,M_2874,Other
2875,pdnc,qID,Q445-0,him,131189,131192,4,512,5,M_2875,Other
2876,booknlp,COREF,183,I,131198,131199,11,512,5,M_2876,Other
2877,pdnc,qID,Q445-0,him,131209,131212,4,512,5,M_2877,Other
2878,booknlp,COREF,183,he,131215,131217,11,512,5,M_2878,Other
2879,pdnc,qID,Q446-0,He,131377,131379,4,513,5,M_2879,Other
2880,exp,exp_name,sibyl,Sibyl,131399,131404,31,513,5,M_2880,PROPN
2881,booknlp,COREF,168,I,131413,131414,31,513,5,M_2881,Other
2882,pdnc,qID,Q446-1,you,131420,131423,11,513,5,M_2882,Other
2883,pdnc,qID,Q446-1,him,131433,131436,4,513,5,M_2883,Other
2884,booknlp,COREF,183,I,131441,131442,11,514,5,M_2884,Other
2885,booknlp,COREF,183,I,131448,131449,11,514,5,M_2885,Other
2886,pdnc,qID,Q447-0,he,131499,131501,4,514,5,M_2886,Other
2887,pdnc,qID,Q447-0,you,131512,131515,31,514,5,M_2887,Other
2888,booknlp,COREF,183,I,131527,131528,11,514,5,M_2888,Other
2889,pdnc,qID,Q447-0,him,131540,131543,4,514,5,M_2889,Other
2890,booknlp,COREF,168,She,131547,131550,31,515,5,M_2890,Other
2891,booknlp,COREF,183,him,131561,131564,11,515,5,M_2891,Other
2892,booknlp,COREF,183,He,131576,131578,11,515,5,M_2892,Other
2893,booknlp,COREF,183,his,131588,131591,11,515,5,M_2893,Other
2894,pdnc,qID,Q448-0,Jim,131715,131718,11,516,5,M_2894,PROPN
2895,booknlp,COREF,183,He,131747,131749,11,516,5,M_2895,Other
2896,booknlp,COREF,183,He,131805,131807,11,516,5,M_2896,Other
2897,booknlp,COREF,183,he,131826,131828,11,516,5,M_2897,Other
2898,booknlp,COREF,168,she,131879,131882,31,517,5,M_2898,Other
2899,booknlp,COREF,168,her,131915,131918,31,517,5,M_2899,Other
2900,booknlp,COREF,168,her,131948,131951,31,517,5,M_2900,Other
2901,booknlp,COREF,168,She,131958,131961,31,517,5,M_2901,Other
2902,booknlp,COREF,168,her,131968,131971,31,517,5,M_2902,Other
2903,booknlp,COREF,183,him,131980,131983,11,517,5,M_2903,Other
2904,pdnc,qID,Q449-0,You,131986,131989,11,517,5,M_2904,Other
2905,pdnc,qID,Q449-0,Jim,132003,132006,11,517,5,M_2905,PROPN
2906,pdnc,qID,Q449-0,you,132066,132069,11,517,5,M_2906,Other
2907,pdnc,qID,Q449-0,You,132096,132099,11,517,5,M_2907,Other
2908,pdnc,qID,Q449-0,you,132116,132119,11,517,5,M_2908,Other
2909,pdnc,qID,Q449-0,You,132139,132142,11,517,5,M_2909,Other
2910,booknlp,COREF,168,I,132178,132179,31,517,5,M_2910,Other
2911,pdnc,qID,Q449-0,you,132185,132188,11,517,5,M_2911,Other
2912,pdnc,qID,Q449-0,you,132242,132245,11,517,5,M_2912,Other
2913,booknlp,COREF,183,I,132266,132267,11,518,5,M_2913,Other
2914,booknlp,COREF,183,he,132281,132283,11,518,5,M_2914,Other
2915,booknlp,COREF,183,I,132299,132300,11,518,5,M_2915,Other
2916,booknlp,COREF,183,I,132311,132312,11,518,5,M_2916,Other
2917,pdnc,qID,Q450-1,Mother,132323,132329,25,518,5,M_2917,Other
2918,pdnc,qID,Q450-1,you,132344,132347,31,518,5,M_2918,Other
2919,pdnc,qID,Q450-1,She,132349,132352,25,518,5,M_2919,Other
2920,pdnc,qID,Q450-1,you,132390,132393,31,518,5,M_2920,Other
2921,booknlp,COREF,183,I,132395,132396,11,518,5,M_2921,Other
2922,booknlp,COREF,183,I,132411,132412,11,518,5,M_2922,Other
2923,booknlp,COREF,183,I,132448,132449,11,518,5,M_2923,Other
2924,booknlp,COREF,183,I,132497,132498,11,518,5,M_2924,Other
2925,booknlp,COREF,183,my,132509,132511,11,518,5,M_2925,Other
2926,pdnc,qID,Q451-0,Jim,132569,132572,11,519,5,M_2926,PROPN
2927,pdnc,qID,Q451-0,You,132574,132577,11,519,5,M_2927,Other
2928,pdnc,qID,Q451-0,Mother,132631,132637,25,519,5,M_2928,Other
2929,pdnc,qID,Q451-0,you,132702,132705,11,519,5,M_2929,Other
2930,pdnc,qID,Q451-0,him,132719,132722,4,519,5,M_2930,Other
2931,pdnc,qID,Q451-0,him,132739,132742,4,519,5,M_2931,Other
2932,pdnc,qID,Q451-0,We,132765,132767,31,519,5,M_2932,Other
2933,pdnc,qID,Q451-0,you,132790,132793,11,519,5,M_2933,Other
2934,pdnc,qID,Q451-0,you,132833,132836,11,519,5,M_2934,Other
2935,pdnc,qID,Q452-0,you,132856,132859,31,520,5,M_2935,Other
2936,pdnc,qID,Q452-0,him,132865,132868,4,520,5,M_2936,Other
2937,pdnc,qID,Q453-0,him,132920,132923,4,521,5,M_2937,Other
2938,pdnc,qID,Q454-0,he,132952,132954,4,522,5,M_2938,Other
2939,pdnc,qID,Q456-0,He,132977,132979,4,524,5,M_2939,Other
2940,exp,exp_name,sibyl,Sibyl,133220,133225,31,526,5,M_2940,PROPN
2941,exp,exp_name,jim,Jim,133279,133282,11,526,5,M_2941,PROPN
2942,booknlp,COREF,183,He,133315,133317,11,526,5,M_2942,Other
2943,booknlp,COREF,183,he,133328,133330,11,526,5,M_2943,Other
2944,exp,exp_name,mother,mother,133369,133375,40,526,5,M_2944,PROPN
2945,booknlp,COREF,183,he,133432,133434,11,526,5,M_2945,Other
2946,booknlp,COREF,168,Sybil,133470,133475,31,527,5,M_2946,PROPN
2947,exp,exp_name,the lad,the lad,133522,133529,41,527,5,M_2947,PROPN
2948,booknlp,COREF,183,him,133606,133609,11,527,5,M_2948,Other
2949,booknlp,COREF,183,his,133670,133673,11,527,5,M_2949,Other
2950,booknlp,COREF,183,his,133712,133715,11,527,5,M_2950,Other
2951,booknlp,COREF,183,he,133722,133724,11,527,5,M_2951,Other
2952,booknlp,COREF,183,his,133790,133793,11,527,5,M_2952,Other
2953,booknlp,COREF,183,he,133802,133804,11,527,5,M_2953,Other
2954,booknlp,COREF,183,His,133823,133826,11,528,5,M_2954,Other
2955,exp,exp_name,mother,mother,133827,133833,40,528,5,M_2955,PROPN
2956,booknlp,COREF,183,him,133850,133853,11,528,5,M_2956,Other
2957,booknlp,COREF,183,his,133877,133880,11,528,5,M_2957,Other
2958,booknlp,COREF,183,he,133899,133901,11,528,5,M_2958,Other
2959,booknlp,COREF,183,He,133911,133913,11,528,5,M_2959,Other
2960,booknlp,COREF,183,his,133946,133949,11,528,5,M_2960,Other
2961,booknlp,COREF,183,he,134097,134099,11,528,5,M_2961,Other
2962,booknlp,COREF,183,him,134168,134171,11,528,5,M_2962,Other
2963,booknlp,COREF,183,he,134191,134193,11,529,5,M_2963,Other
2964,booknlp,COREF,183,his,134206,134209,11,529,5,M_2964,Other
2965,booknlp,COREF,183,his,134224,134227,11,529,5,M_2965,Other
2966,booknlp,COREF,183,his,134236,134239,11,529,5,M_2966,Other
2967,booknlp,COREF,183,He,134247,134249,11,529,5,M_2967,Other
2968,booknlp,COREF,183,he,134260,134262,11,529,5,M_2968,Other
2969,booknlp,COREF,183,him,134312,134315,11,529,5,M_2969,Other
2970,booknlp,COREF,183,he,134337,134339,11,529,5,M_2970,Other
2971,booknlp,COREF,183,his,134369,134372,11,529,5,M_2971,Other
2972,exp,exp_name,mother,mother,134373,134379,40,529,5,M_2972,PROPN
2973,booknlp,COREF,183,him,134388,134391,11,529,5,M_2973,Other
2974,booknlp,COREF,183,he,134516,134518,11,529,5,M_2974,Other
2975,booknlp,COREF,183,he,134553,134555,11,529,5,M_2975,Other
2976,booknlp,COREF,183,he,134611,134613,11,529,5,M_2976,Other
2977,booknlp,COREF,183,him,134654,134657,11,529,5,M_2977,Other
2978,pdnc,qID,Q457-0,Mother,134661,134667,25,530,5,M_2978,Other
2979,booknlp,COREF,183,I,134669,134670,11,530,5,M_2979,Other
2980,pdnc,qID,Q457-0,you,134693,134696,25,530,5,M_2980,Other
2981,booknlp,COREF,183,he,134699,134701,11,530,5,M_2981,Other
2982,pdnc,qID,Q457-1,you,134819,134822,25,530,5,M_2982,Other
2983,booknlp,COREF,427,My,135319,135321,41,533,5,M_2983,Other
2984,exp,exp_name,the lad,the lad,135358,135365,41,533,5,M_2984,PROPN
2985,booknlp,COREF,427,his,135377,135380,41,533,5,M_2985,Other
2986,pdnc,qID,Q460-0,my son,135544,135550,11,534,5,M_2986,Other
2987,pdnc,qID,Q460-0,your,135559,135563,11,534,5,M_2987,Other
2988,booknlp,COREF,427,his,135643,135646,41,535,5,M_2988,Other
2989,booknlp,COREF,427,I,135654,135655,41,535,5,M_2989,Other
2990,booknlp,COREF,427,myself,135671,135677,41,535,5,M_2990,Other
2991,booknlp,COREF,427,he,135680,135682,41,535,5,M_2991,Other
2992,pdnc,qID,Q461-1,Sibyl,135709,135714,31,535,5,M_2992,PROPN
2993,pdnc,qID,Q461-1,a gentleman,135725,135736,4,535,5,M_2993,Other
2994,pdnc,qID,Q461-1,her,135768,135771,31,535,5,M_2994,Other
2995,pdnc,qID,Q461-1,he,135781,135783,4,535,5,M_2995,Other
2996,booknlp,COREF,427,I,135811,135812,41,535,5,M_2996,Other
2997,pdnc,qID,Q462-0,Sibyl,135947,135952,31,536,5,M_2997,PROPN
2998,pdnc,qID,Q462-0,a mother,135957,135965,25,536,5,M_2998,Other
2999,exp,exp_name,the lad,The lad,135997,136004,41,537,5,M_2999,PROPN
3000,booknlp,COREF,427,He,136018,136020,41,537,5,M_3000,Other
3001,booknlp,COREF,427,he,136058,136060,41,537,5,M_3001,Other
3002,booknlp,COREF,427,I,136074,136075,41,537,5,M_3002,Other
3003,booknlp,COREF,427,I,136088,136089,41,537,5,M_3003,Other
3004,pdnc,qID,Q463-0,you,136102,136105,25,537,5,M_3004,Other
3005,booknlp,COREF,427,my,136122,136124,41,537,5,M_3005,Other
3006,booknlp,COREF,427,he,136134,136136,41,537,5,M_3006,Other
3007,booknlp,COREF,427,I,136148,136149,41,537,5,M_3007,Other
3008,booknlp,COREF,427,I,136169,136170,41,537,5,M_3008,Other
3009,pdnc,qID,Q463-1,you,136212,136215,25,537,5,M_3009,Other
3010,pdnc,qID,Q463-1,one child,136231,136240,31,537,5,M_3010,Other
3011,booknlp,COREF,427,me,136272,136274,41,537,5,M_3011,Other
3012,pdnc,qID,Q463-1,this man,136283,136291,4,537,5,M_3012,Other
3013,pdnc,qID,Q463-1,"my sister,",136299,136309,31,537,5,M_3013,Other
3014,booknlp,COREF,427,I,136310,136311,41,537,5,M_3014,Other
3015,pdnc,qID,Q463-1,he,136330,136332,4,537,5,M_3015,Other
3016,pdnc,qID,Q463-1,him,136343,136346,4,537,5,M_3016,Other
3017,pdnc,qID,Q463-1,him,136362,136365,4,537,5,M_3017,Other
3018,booknlp,COREF,427,I,136378,136379,41,537,5,M_3018,Other
3019,exp,exp_name,sibyl,Sibyl,137173,137178,31,538,5,M_3019,PROPN
3020,booknlp,COREF,120,I,137456,137457,19,540,6,M_3020,Other
3021,pdnc,qID,Q464-0,you,137466,137469,2,540,6,M_3021,Other
3022,pdnc,qID,Q464-0,Basil,137491,137496,2,540,6,M_3022,PROPN
3023,exp,exp_name,lord henry,Lord Henry,137504,137514,19,540,6,M_3023,PROPN
3024,exp,exp_name,hallward,Hallward,137531,137539,2,540,6,M_3024,PROPN
3025,pdnc,qID,Q465-0,Harry,137636,137641,19,541,6,M_3025,PROPN
3026,exp,exp_name,the artist,the artist,137653,137663,39,541,6,M_3026,PROPN
3027,booknlp,COREF,357,his,137672,137675,39,541,6,M_3027,Other
3028,booknlp,COREF,357,I,137748,137749,39,541,6,M_3028,Other
3029,booknlp,COREF,357,me,137776,137778,39,541,6,M_3029,Other
3030,pdnc,qID,Q466-0,Dorian Gray,137922,137933,4,542,6,M_3030,PROPN
3031,exp,exp_name,lord henry,Lord Henry,137966,137976,19,542,6,M_3031,PROPN
3032,booknlp,COREF,121,him,137987,137990,2,542,6,M_3032,Other
3033,booknlp,COREF,121,he,137994,137996,2,542,6,M_3033,Other
3034,exp,exp_name,hallward,Hallward,138005,138013,2,543,6,M_3034,PROPN
3035,pdnc,qID,Q467-0,Dorian,138041,138047,4,543,6,M_3035,Other
3036,booknlp,COREF,121,he,138072,138074,2,543,6,M_3036,Other
3037,pdnc,qID,Q470-0,some little actress,138138,138157,31,546,6,M_3037,Other
3038,booknlp,COREF,121,I,138171,138172,2,547,6,M_3038,Other
3039,pdnc,qID,Q471-0,Dorian,138191,138197,4,547,6,M_3039,Other
3040,pdnc,qID,Q472-0,Dorian,138222,138228,4,548,6,M_3040,Other
3041,pdnc,qID,Q472-0,my dear Basil,138284,138297,2,548,6,M_3041,Other
3042,pdnc,qID,Q473-0,Harry,138359,138364,19,549,6,M_3042,PROPN
3043,exp,exp_name,lord henry,Lord Henry,138398,138408,19,550,6,M_3043,PROPN
3044,booknlp,COREF,120,I,138425,138426,19,550,6,M_3044,Other
3045,pdnc,qID,Q474-1,he,138438,138440,4,550,6,M_3045,Other
3046,booknlp,COREF,120,I,138454,138455,19,550,6,M_3046,Other
3047,pdnc,qID,Q474-1,he,138461,138463,4,550,6,M_3047,Other
3048,booknlp,COREF,120,I,138520,138521,19,550,6,M_3048,Other
3049,booknlp,COREF,120,I,138572,138573,19,550,6,M_3049,Other
3050,booknlp,COREF,120,I,138620,138621,19,550,6,M_3050,Other
3051,booknlp,COREF,120,I,138648,138649,19,550,6,M_3051,Other
3052,pdnc,qID,Q475-0,Dorian,138685,138691,4,551,6,M_3052,Other
3053,pdnc,qID,Q475-0,him,138750,138753,4,551,6,M_3053,Other
3054,pdnc,qID,Q475-0,him,138779,138782,4,551,6,M_3054,Other
3055,pdnc,qID,Q476-0,you,138790,138793,2,552,6,M_3055,Other
3056,pdnc,qID,Q476-0,him,138807,138810,4,552,6,M_3056,Other
3057,pdnc,qID,Q476-0,this girl,138817,138826,31,552,6,M_3057,Other
3058,pdnc,qID,Q476-0,him,138833,138836,4,552,6,M_3058,Other
3059,pdnc,qID,Q476-0,Basil,138843,138848,2,552,6,M_3059,PROPN
3060,pdnc,qID,Q476-0,He,138850,138852,4,552,6,M_3060,Other
3061,exp,exp_name,man,man,138888,138891,30,552,6,M_3061,PROPN
3062,booknlp,COREF,121,I,138966,138967,2,553,6,M_3062,Other
3063,pdnc,qID,Q477-0,the girl,138973,138981,31,553,6,M_3063,Other
3064,pdnc,qID,Q477-0,Harry,138991,138996,19,553,6,M_3064,PROPN
3065,booknlp,COREF,121,I,138998,138999,2,553,6,M_3065,Other
3066,pdnc,qID,Q477-0,Dorian,139018,139024,4,553,6,M_3066,Other
3067,pdnc,qID,Q477-0,his,139071,139074,4,553,6,M_3067,Other
3068,pdnc,qID,Q477-0,his,139091,139094,4,553,6,M_3068,Other
3069,pdnc,qID,Q478-0,she,139113,139116,31,554,6,M_3069,Other
3070,pdnc,qID,Q478-0,she,139137,139140,31,554,6,M_3070,Other
3071,exp,exp_name,lord henry,Lord Henry,139165,139175,19,554,6,M_3071,PROPN
3072,pdnc,qID,Q478-1,Dorian,139226,139232,4,554,6,M_3072,Other
3073,pdnc,qID,Q478-1,she,139238,139241,31,554,6,M_3073,Other
3074,pdnc,qID,Q478-1,he,139260,139262,4,554,6,M_3074,Other
3075,pdnc,qID,Q478-1,Your,139309,139313,2,554,6,M_3075,Other
3076,pdnc,qID,Q478-1,him,139326,139329,4,554,6,M_3076,Other
3077,pdnc,qID,Q478-1,his,139344,139347,4,554,6,M_3077,Other
3078,pdnc,qID,Q478-1,her,139469,139472,31,554,6,M_3078,Other
3079,pdnc,qID,Q478-1,that boy,139486,139494,4,554,6,M_3079,Other
3080,pdnc,qID,Q478-1,his,139510,139513,4,554,6,M_3080,Other
3081,pdnc,qID,Q479-0,you,139534,139537,19,555,6,M_3081,Other
3082,pdnc,qID,Q480-0,Basil,139565,139570,2,556,6,M_3082,PROPN
3083,booknlp,COREF,120,I,139572,139573,19,556,6,M_3083,Other
3084,booknlp,COREF,120,I,139597,139598,19,556,6,M_3084,Other
3085,booknlp,COREF,120,I,139607,139608,19,556,6,M_3085,Other
3086,booknlp,COREF,120,I,139642,139643,19,556,6,M_3086,Other
3087,pdnc,qID,Q481-0,you,139680,139683,19,557,6,M_3087,Other
3088,pdnc,qID,Q481-0,Harry,139699,139704,19,557,6,M_3088,PROPN
3089,exp,exp_name,the painter,the painter,139713,139724,42,557,6,M_3089,PROPN
3090,booknlp,COREF,389,his,139766,139769,42,557,6,M_3090,Other
3091,pdnc,qID,Q481-1,You,139776,139779,19,557,6,M_3091,Other
3092,booknlp,COREF,120,I,139844,139845,19,558,6,M_3092,Other
3093,booknlp,COREF,120,I,140000,140001,19,558,6,M_3093,Other
3094,booknlp,COREF,120,I,140055,140056,19,558,6,M_3094,Other
3095,booknlp,COREF,120,me,140131,140133,19,558,6,M_3095,Other
3096,booknlp,COREF,120,me,140216,140218,19,558,6,M_3096,Other
3097,pdnc,qID,Q482-0,Dorian Gray,140220,140231,4,558,6,M_3097,PROPN
3098,pdnc,qID,Q482-0,a beautiful girl who acts Juliet,140251,140283,31,558,6,M_3098,Other
3099,pdnc,qID,Q482-0,her,140307,140310,31,558,6,M_3099,Other
3100,pdnc,qID,Q482-0,he,140324,140326,4,558,6,M_3100,Other
3101,pdnc,qID,Q482-0,he,140345,140347,4,558,6,M_3101,Other
3102,pdnc,qID,Q482-0,You,140384,140387,2,558,6,M_3102,Other
3103,booknlp,COREF,120,I,140393,140394,19,558,6,M_3103,Other
3104,booknlp,COREF,120,I,140790,140791,19,558,6,M_3104,Other
3105,exp,exp_name,man,man,140820,140823,30,558,6,M_3105,PROPN
3106,booknlp,COREF,120,I,140950,140951,19,558,6,M_3106,Other
3107,pdnc,qID,Q482-0,Dorian Gray,140962,140973,4,558,6,M_3107,PROPN
3108,pdnc,qID,Q482-0,this girl,140984,140993,31,558,6,M_3108,Other
3109,booknlp,COREF,117,his,140994,140997,4,558,6,M_3109,Other
3110,pdnc,qID,Q482-0,her,141023,141026,31,558,6,M_3110,Other
3111,pdnc,qID,Q482-0,He,141097,141099,4,558,6,M_3111,Other
3112,pdnc,qID,Q483-0,You,141131,141134,19,559,6,M_3112,Other
3113,pdnc,qID,Q483-0,Harry,141173,141178,19,559,6,M_3113,PROPN
3114,pdnc,qID,Q483-0,you,141180,141183,19,559,6,M_3114,Other
3115,pdnc,qID,Q483-0,you,141189,141192,19,559,6,M_3115,Other
3116,pdnc,qID,Q483-0,Dorian Gray,141203,141214,4,559,6,M_3116,PROPN
3117,pdnc,qID,Q483-0,You,141275,141278,19,559,6,M_3117,Other
3118,pdnc,qID,Q483-0,you,141300,141303,19,559,6,M_3118,Other
3119,exp,exp_name,lord henry,Lord Henry,141321,141331,19,560,6,M_3119,PROPN
3120,booknlp,COREF,120,I,141750,141751,19,560,6,M_3120,Other
3121,booknlp,COREF,120,I,141773,141774,19,560,6,M_3121,Other
3122,booknlp,COREF,120,I,141786,141787,19,560,6,M_3122,Other
3123,pdnc,qID,Q484-0,you,141908,141911,2,560,6,M_3123,Other
3124,pdnc,qID,Q484-0,you,141934,141937,2,560,6,M_3124,Other
3125,booknlp,COREF,120,I,142082,142083,19,560,6,M_3125,Other
3126,pdnc,qID,Q484-0,Dorian,142169,142175,4,560,6,M_3126,Other
3127,booknlp,COREF,2620,himself,142176,142183,4,560,6,M_3127,Other
3128,pdnc,qID,Q484-0,He,142185,142187,4,560,6,M_3128,Other
3129,pdnc,qID,Q484-0,you,142198,142201,2,560,6,M_3129,Other
3130,booknlp,COREF,120,I,142212,142213,19,560,6,M_3130,Other
3131,pdnc,qID,Q485-0,My dear Harry,142222,142235,19,561,6,M_3131,Other
3132,pdnc,qID,Q485-0,my dear Basil,142237,142250,2,561,6,M_3132,Other
3133,booknlp,COREF,427,me,142279,142281,41,561,6,M_3133,Other
3134,exp,exp_name,the lad,the lad,142289,142296,41,561,6,M_3134,PROPN
3135,booknlp,COREF,427,his,142311,142314,41,561,6,M_3135,Other
3136,booknlp,COREF,427,his,142375,142378,41,561,6,M_3136,Other
3137,booknlp,COREF,427,I,142409,142410,41,561,6,M_3137,Other
3138,booknlp,COREF,427,me,142515,142517,41,561,6,M_3138,Other
3139,booknlp,COREF,427,I,142538,142539,41,561,6,M_3139,Other
3140,booknlp,COREF,427,my,142566,142568,41,561,6,M_3140,Other
3141,booknlp,COREF,427,He,142576,142578,41,561,6,M_3141,Other
3142,booknlp,COREF,121,I,142660,142661,2,562,6,M_3142,Other
3143,pdnc,qID,Q486-0,you,142667,142670,4,562,6,M_3143,Other
3144,pdnc,qID,Q486-0,Dorian,142698,142704,4,562,6,M_3144,Other
3145,exp,exp_name,hallward,Hallward,142712,142720,2,562,6,M_3145,PROPN
3146,booknlp,COREF,121,I,142727,142728,2,562,6,M_3146,Other
3147,pdnc,qID,Q486-1,you,142749,142752,4,562,6,M_3147,Other
3148,booknlp,COREF,121,me,142772,142774,2,562,6,M_3148,Other
3149,pdnc,qID,Q486-1,your,142783,142787,4,562,6,M_3149,Other
3150,pdnc,qID,Q486-1,You,142800,142803,4,562,6,M_3150,Other
3151,pdnc,qID,Q486-1,Harry,142808,142813,19,562,6,M_3151,PROPN
3152,booknlp,COREF,120,I,142827,142828,19,563,6,M_3152,Other
3153,pdnc,qID,Q487-0,you,142843,142846,4,563,6,M_3153,Other
3154,exp,exp_name,lord henry,Lord Henry,142884,142894,19,563,6,M_3154,PROPN
3155,booknlp,COREF,120,his,142904,142907,19,563,6,M_3155,Other
3156,exp,exp_name,the lad,the lad,142916,142923,41,563,6,M_3156,PROPN
3157,booknlp,COREF,120,he,142950,142952,19,563,6,M_3157,Other
3158,pdnc,qID,Q487-1,you,143034,143037,4,563,6,M_3158,Other
3159,exp,exp_name,dorian,Dorian,143118,143124,4,564,6,M_3159,PROPN
3160,booknlp,COREF,786,I,143214,143215,4,564,6,M_3160,Other
3161,pdnc,qID,Q488-1,you,143221,143224,19,564,6,M_3161,Other
3162,pdnc,qID,Q488-1,Harry,143244,143249,19,564,6,M_3162,PROPN
3163,booknlp,COREF,786,I,143251,143252,4,564,6,M_3163,Other
3164,pdnc,qID,Q488-1,you,143329,143332,19,564,6,M_3164,Other
3165,booknlp,COREF,786,me,143344,143346,4,564,6,M_3165,Other
3166,pdnc,qID,Q488-1,Sibyl,143398,143403,31,564,6,M_3166,PROPN
3167,pdnc,qID,Q488-1,Sibyl,143490,143495,31,564,6,M_3167,PROPN
3168,pdnc,qID,Q488-1,You,143497,143500,2,564,6,M_3168,Other
3169,pdnc,qID,Q488-1,her,143518,143521,31,564,6,M_3169,Other
3170,pdnc,qID,Q488-1,she,143528,143531,31,564,6,M_3170,Other
3171,pdnc,qID,Q488-1,her,143543,143546,31,564,6,M_3171,Other
3172,pdnc,qID,Q488-1,she,143562,143565,31,564,6,M_3172,Other
3173,pdnc,qID,Q488-1,She,143591,143594,31,564,6,M_3173,Other
3174,pdnc,qID,Q488-1,She,143794,143797,31,564,6,M_3174,Other
3175,booknlp,COREF,786,me,143818,143820,4,564,6,M_3175,Other
3176,pdnc,qID,Q488-1,She,143837,143840,31,564,6,M_3176,Other
3177,pdnc,qID,Q488-1,you,143898,143901,2,564,6,M_3177,Other
3178,pdnc,qID,Q488-1,your,143910,143914,2,564,6,M_3178,Other
3179,pdnc,qID,Q488-1,Basil,143923,143928,2,564,6,M_3179,PROPN
3180,pdnc,qID,Q488-1,Her,143930,143933,31,564,6,M_3180,Other
3181,pdnc,qID,Q488-1,her,143955,143958,31,564,6,M_3181,Other
3182,pdnc,qID,Q488-1,her,144007,144010,31,564,6,M_3182,Other
3183,pdnc,qID,Q488-1,you,144024,144027,2,564,6,M_3183,Other
3184,pdnc,qID,Q488-1,her,144038,144041,31,564,6,M_3184,Other
3185,pdnc,qID,Q488-1,She,144052,144055,31,564,6,M_3185,Other
3186,booknlp,COREF,786,I,144081,144082,4,564,6,M_3186,Other
3187,booknlp,COREF,786,I,144127,144128,4,564,6,M_3187,Other
3188,booknlp,COREF,786,I,144141,144142,4,564,6,M_3188,Other
3189,booknlp,COREF,786,I,144188,144189,4,564,6,M_3189,Other
3190,booknlp,COREF,786,my,144204,144206,4,564,6,M_3190,Other
3191,exp,exp_name,man,man,144232,144235,30,564,6,M_3191,PROPN
3192,booknlp,COREF,786,I,144283,144284,4,564,6,M_3192,Other
3193,pdnc,qID,Q488-1,her,144310,144313,31,564,6,M_3193,Other
3194,pdnc,qID,Q488-1,her,144369,144372,31,564,6,M_3194,Other
3195,booknlp,COREF,786,I,144390,144391,4,564,6,M_3195,Other
3196,booknlp,COREF,786,My,144421,144423,4,564,6,M_3196,Other
3197,booknlp,COREF,168,hers,144443,144447,31,564,6,M_3197,Other
3198,booknlp,COREF,786,I,144471,144472,4,564,6,M_3198,Other
3199,pdnc,qID,Q488-1,you,144491,144494,2,564,6,M_3199,Other
3200,booknlp,COREF,786,I,144500,144501,4,564,6,M_3200,Other
3201,booknlp,COREF,786,me,144536,144538,4,564,6,M_3201,Other
3202,booknlp,COREF,786,my,144548,144550,4,564,6,M_3202,Other
3203,pdnc,qID,Q488-1,She,144617,144620,31,564,6,M_3203,Other
3204,pdnc,qID,Q488-1,she,144678,144681,31,564,6,M_3204,Other
3205,booknlp,COREF,168,herself,144688,144695,31,564,6,M_3205,Other
3206,pdnc,qID,Q488-1,her,144699,144702,31,564,6,M_3206,Other
3207,booknlp,COREF,786,my,144720,144722,4,564,6,M_3207,Other
3208,booknlp,COREF,786,I,144730,144731,4,564,6,M_3208,Other
3209,booknlp,COREF,786,I,144742,144743,4,564,6,M_3209,Other
3210,pdnc,qID,Q488-1,you,144760,144763,2,564,6,M_3210,Other
3211,booknlp,COREF,786,I,144778,144779,4,564,6,M_3211,Other
3212,pdnc,qID,Q488-1,She,144839,144842,31,564,6,M_3212,Other
3213,booknlp,COREF,168,her,144861,144864,31,564,6,M_3213,Other
3214,exp,exp_name,mother,mother,144869,144875,40,564,6,M_3214,PROPN
3215,booknlp,COREF,786,I,144877,144878,4,564,6,M_3215,Other
3216,booknlp,COREF,786,my,144895,144897,4,564,6,M_3216,Other
3217,booknlp,COREF,786,I,144953,144954,4,564,6,M_3217,Other
3218,booknlp,COREF,786,I,144967,144968,4,564,6,M_3218,Other
3219,booknlp,COREF,786,I,145015,145016,4,564,6,M_3219,Other
3220,booknlp,COREF,786,I,145029,145030,4,564,6,M_3220,Other
3221,booknlp,COREF,786,I,145037,145038,4,564,6,M_3221,Other
3222,pdnc,qID,Q488-1,Basil,145056,145061,2,564,6,M_3222,PROPN
3223,booknlp,COREF,786,I,145071,145072,4,564,6,M_3223,Other
3224,booknlp,COREF,786,my,145082,145084,4,564,6,M_3224,Other
3225,booknlp,COREF,786,my,145116,145118,4,564,6,M_3225,Other
3226,pdnc,qID,Q488-1,their,145201,145206,19,564,6,M_3226,Other
3227,booknlp,COREF,786,my,145217,145219,4,564,6,M_3227,Other
3228,booknlp,COREF,786,I,145225,145226,4,564,6,M_3228,Other
3229,booknlp,COREF,786,me,145264,145266,4,564,6,M_3229,Other
3230,exp,exp_name,juliet,Juliet,145279,145285,12,564,6,M_3230,PROPN
3231,pdnc,qID,Q489-0,Dorian,145308,145314,4,565,6,M_3231,Other
3232,booknlp,COREF,121,I,145316,145317,2,565,6,M_3232,Other
3233,pdnc,qID,Q489-0,you,145326,145329,4,565,6,M_3233,Other
3234,exp,exp_name,hallward,Hallward,145348,145356,2,565,6,M_3234,PROPN
3235,pdnc,qID,Q490-0,you,145372,145375,4,566,6,M_3235,Other
3236,pdnc,qID,Q490-0,her,145381,145384,31,566,6,M_3236,Other
3237,exp,exp_name,lord henry,Lord Henry,145400,145410,19,566,6,M_3237,PROPN
3238,exp,exp_name,dorian gray,Dorian Gray,145413,145424,4,567,6,M_3238,PROPN
3239,booknlp,COREF,117,his,145431,145434,4,567,6,M_3239,Other
3240,booknlp,COREF,117,I,145442,145443,4,567,6,M_3240,Other
3241,pdnc,qID,Q491-0,her,145449,145452,31,567,6,M_3241,Other
3242,booknlp,COREF,117,I,145477,145478,4,567,6,M_3242,Other
3243,pdnc,qID,Q491-0,her,145490,145493,31,567,6,M_3243,Other
3244,exp,exp_name,lord henry,Lord Henry,145521,145531,19,568,6,M_3244,PROPN
3245,booknlp,COREF,120,his,145539,145542,19,568,6,M_3245,Other
3246,pdnc,qID,Q492-0,you,145607,145610,4,568,6,M_3246,Other
3247,pdnc,qID,Q492-0,Dorian,145638,145644,4,568,6,M_3247,Other
3248,pdnc,qID,Q492-0,she,145659,145662,31,568,6,M_3248,Other
3249,pdnc,qID,Q492-0,you,145686,145689,4,568,6,M_3249,Other
3250,pdnc,qID,Q493-0,My dear Harry,145714,145727,19,569,6,M_3250,Other
3251,booknlp,COREF,117,I,145729,145730,4,569,6,M_3251,Other
3252,booknlp,COREF,117,I,145779,145780,4,569,6,M_3252,Other
3253,booknlp,COREF,117,I,145815,145816,4,569,6,M_3253,Other
3254,pdnc,qID,Q493-0,her,145822,145825,31,569,6,M_3254,Other
3255,booknlp,COREF,117,I,145831,145832,4,569,6,M_3255,Other
3256,pdnc,qID,Q493-0,her,145839,145842,31,569,6,M_3256,Other
3257,pdnc,qID,Q493-0,she,145848,145851,31,569,6,M_3257,Other
3258,pdnc,qID,Q493-0,she,145857,145860,31,569,6,M_3258,Other
3259,booknlp,COREF,117,my,145882,145884,4,569,6,M_3259,Other
3260,booknlp,COREF,117,me,145938,145940,4,569,6,M_3260,Other
3261,pdnc,qID,Q493-0,her,145955,145958,31,569,6,M_3261,Other
3262,exp,exp_name,lord henry,Lord Henry,146006,146016,19,570,6,M_3262,PROPN
3263,exp,exp_name,hallward,Hallward,146156,146164,2,571,6,M_3263,PROPN
3264,booknlp,COREF,121,his,146170,146173,2,571,6,M_3264,Other
3265,booknlp,COREF,121,his,146184,146187,2,571,6,M_3265,Other
3266,pdnc,qID,Q495-0,Harry,146201,146206,19,571,6,M_3266,PROPN
3267,pdnc,qID,Q495-0,You,146208,146211,19,571,6,M_3267,Other
3268,pdnc,qID,Q495-0,Dorian,146225,146231,4,571,6,M_3268,Other
3269,pdnc,qID,Q495-0,He,146233,146235,4,571,6,M_3269,Other
3270,pdnc,qID,Q495-0,He,146259,146261,4,571,6,M_3270,Other
3271,pdnc,qID,Q495-0,His,146301,146304,4,571,6,M_3271,Other
3272,exp,exp_name,lord henry,Lord Henry,146336,146346,19,572,6,M_3272,PROPN
3273,pdnc,qID,Q496-0,Dorian,146373,146379,4,572,6,M_3273,Other
3274,booknlp,COREF,120,me,146402,146404,19,572,6,M_3274,Other
3275,booknlp,COREF,120,he,146407,146409,19,572,6,M_3275,Other
3276,booknlp,COREF,120,I,146421,146422,19,572,6,M_3276,Other
3277,booknlp,COREF,120,I,146560,146561,19,572,6,M_3277,Other
3278,exp,exp_name,dorian gray,Dorian Gray,146747,146758,4,573,6,M_3278,PROPN
3279,booknlp,COREF,117,his,146779,146782,4,573,6,M_3279,Other
3280,pdnc,qID,Q497-0,You,146790,146793,19,573,6,M_3280,Other
3281,pdnc,qID,Q497-0,Harry,146818,146823,19,573,6,M_3281,PROPN
3282,booknlp,COREF,117,I,146829,146830,4,573,6,M_3282,Other
3283,pdnc,qID,Q497-0,you,146877,146880,19,573,6,M_3283,Other
3284,pdnc,qID,Q497-0,you,146887,146890,19,573,6,M_3284,Other
3285,pdnc,qID,Q497-0,Sibyl Vane,146895,146905,31,573,6,M_3285,PROPN
3286,pdnc,qID,Q497-0,you,146907,146910,19,573,6,M_3286,Other
3287,exp,exp_name,the man,the man,146926,146933,10,573,6,M_3287,PROPN
3288,pdnc,qID,Q497-0,her,146950,146953,31,573,6,M_3288,Other
3289,booknlp,COREF,117,I,146997,146998,4,573,6,M_3289,Other
3290,booknlp,COREF,117,I,147067,147068,4,573,6,M_3290,Other
3291,pdnc,qID,Q497-0,Sibyl Vane,147074,147084,31,573,6,M_3291,PROPN
3292,booknlp,COREF,117,I,147086,147087,4,573,6,M_3292,Other
3293,pdnc,qID,Q497-0,her,147102,147105,31,573,6,M_3293,Other
3294,booknlp,COREF,117,mine,147174,147178,4,573,6,M_3294,Other
3295,pdnc,qID,Q497-0,You,147218,147221,19,573,6,M_3295,Other
3296,booknlp,COREF,117,I,147289,147290,4,573,6,M_3296,Other
3297,pdnc,qID,Q497-0,Her,147305,147308,31,573,6,M_3297,Other
3298,booknlp,COREF,117,me,147321,147323,4,573,6,M_3298,Other
3299,pdnc,qID,Q497-0,her,147334,147337,31,573,6,M_3299,Other
3300,booknlp,COREF,117,me,147351,147353,4,573,6,M_3300,Other
3301,booknlp,COREF,117,I,147365,147366,4,573,6,M_3301,Other
3302,pdnc,qID,Q497-0,her,147375,147378,31,573,6,M_3302,Other
3303,booknlp,COREF,117,I,147380,147381,4,573,6,M_3303,Other
3304,pdnc,qID,Q497-0,you,147398,147401,19,573,6,M_3304,Other
3305,booknlp,COREF,117,me,147414,147416,4,573,6,M_3305,Other
3306,booknlp,COREF,117,I,147418,147419,4,573,6,M_3306,Other
3307,pdnc,qID,Q497-0,you,147447,147450,19,573,6,M_3307,Other
3308,booknlp,COREF,117,me,147462,147464,4,573,6,M_3308,Other
3309,booknlp,COREF,117,I,147472,147473,4,573,6,M_3309,Other
3310,pdnc,qID,Q497-0,Sibyl Vane,147508,147518,31,573,6,M_3310,PROPN
3311,booknlp,COREF,117,me,147532,147534,4,573,6,M_3311,Other
3312,pdnc,qID,Q497-0,you,147542,147545,19,573,6,M_3312,Other
3313,pdnc,qID,Q497-0,your,147554,147558,19,573,6,M_3313,Other
3314,exp,exp_name,lord henry,Lord Henry,147640,147650,19,574,6,M_3314,PROPN
3315,booknlp,COREF,120,himself,147660,147667,19,574,6,M_3315,Other
3316,pdnc,qID,Q499-0,your,147689,147693,19,575,6,M_3316,Other
3317,pdnc,qID,Q499-0,your,147715,147719,19,575,6,M_3317,Other
3318,pdnc,qID,Q499-0,your,147741,147745,19,575,6,M_3318,Other
3319,pdnc,qID,Q499-0,your,147775,147779,19,575,6,M_3319,Other
3320,pdnc,qID,Q499-0,Harry,147799,147804,19,575,6,M_3320,PROPN
3321,booknlp,COREF,120,he,147866,147868,19,576,6,M_3321,Other
3322,booknlp,COREF,120,his,147881,147884,19,576,6,M_3322,Other
3323,booknlp,COREF,120,I,147912,147913,19,576,6,M_3323,Other
3324,booknlp,COREF,120,I,147924,147925,19,576,6,M_3324,Other
3325,booknlp,COREF,120,my,147939,147941,19,576,6,M_3325,Other
3326,booknlp,COREF,120,my,147952,147954,19,576,6,M_3326,Other
3327,booknlp,COREF,120,me,147989,147991,19,576,6,M_3327,Other
3328,pdnc,qID,Q500-1,her,148020,148023,4,576,6,M_3328,Other
3329,pdnc,qID,Q501-0,you,148147,148150,19,577,6,M_3329,Other
3330,exp,exp_name,basil hallward,Basil Hallward,148172,148186,2,577,6,M_3330,PROPN
3331,exp,exp_name,dorian,Dorian,148203,148209,4,578,6,M_3331,PROPN
3332,booknlp,COREF,117,his,148227,148230,4,578,6,M_3332,Other
3333,exp,exp_name,lord henry,Lord Henry,148252,148262,19,578,6,M_3333,PROPN
3334,pdnc,qID,Q502-1,you,148359,148362,19,578,6,M_3334,Other
3335,pdnc,qID,Q502-1,Harry,148377,148382,19,578,6,M_3335,PROPN
3336,booknlp,COREF,120,he,148436,148438,19,579,6,M_3336,Other
3337,booknlp,COREF,120,his,148474,148477,19,579,6,M_3337,Other
3338,booknlp,COREF,120,his,148489,148492,19,579,6,M_3338,Other
3339,pdnc,qID,Q503-1,them,148738,148742,4,579,6,M_3339,Other
3340,booknlp,COREF,120,I,148891,148892,19,579,6,M_3340,Other
3341,exp,exp_name,man,man,148915,148918,30,579,6,M_3341,PROPN
3342,pdnc,qID,Q504-0,Harry,149054,149059,19,580,6,M_3342,PROPN
3343,exp,exp_name,the painter,the painter,149112,149123,42,580,6,M_3343,PROPN
3344,booknlp,COREF,120,I,149176,149177,19,581,6,M_3344,Other
3345,pdnc,qID,Q507-0,Basil,149409,149414,2,583,6,M_3345,PROPN
3346,booknlp,COREF,120,I,149423,149424,19,584,6,M_3346,Other
3347,exp,exp_name,lord henry,Lord Henry,149516,149526,19,585,6,M_3347,PROPN
3348,booknlp,COREF,120,his,149536,149539,19,585,6,M_3348,Other
3349,pdnc,qID,Q509-0,My dear fellow,149552,149566,2,585,6,M_3349,Other
3350,booknlp,COREF,120,me,149785,149787,19,585,6,M_3350,Other
3351,exp,exp_name,man,man,149802,149805,30,585,6,M_3351,PROPN
3352,exp,exp_name,man,man,149850,149853,30,585,6,M_3352,PROPN
3353,booknlp,COREF,117,I,149888,149889,4,586,6,M_3353,Other
3354,exp,exp_name,dorian gray,Dorian Gray,149920,149931,4,586,6,M_3354,PROPN
3355,booknlp,COREF,117,he,150007,150009,4,587,6,M_3355,Other
3356,booknlp,COREF,427,I,150197,150198,41,588,6,M_3356,Other
3357,exp,exp_name,the lad,the lad,150281,150288,41,588,6,M_3357,PROPN
3358,pdnc,qID,Q513-0,Dorian,150392,150398,4,589,6,M_3358,Other
3359,exp,exp_name,hallward,Hallward,150407,150415,2,589,6,M_3359,PROPN
3360,exp,exp_name,lord henry,Lord Henry,150453,150463,19,590,6,M_3360,PROPN
3361,exp,exp_name,dorian,Dorian,150489,150495,4,591,6,M_3361,PROPN
3362,pdnc,qID,Q515-1,You,150498,150501,19,591,6,M_3362,Other
3363,pdnc,qID,Q515-1,Harry,150514,150519,19,591,6,M_3363,PROPN
3364,pdnc,qID,Q515-1,their,150561,150566,31,591,6,M_3364,Other
3365,booknlp,COREF,120,he,150588,150590,19,592,6,M_3365,Other
3366,pdnc,qID,Q516-1,they,150604,150608,31,592,6,M_3366,Other
3367,pdnc,qID,Q517-0,Harry,150818,150823,19,593,6,M_3367,PROPN
3368,pdnc,qID,Q517-0,you,150825,150828,19,593,6,M_3368,Other
3369,booknlp,COREF,117,I,150843,150844,4,593,6,M_3369,Other
3370,booknlp,COREF,117,I,150860,150861,4,593,6,M_3370,Other
3371,pdnc,qID,Q517-0,you,150867,150870,19,593,6,M_3371,Other
3372,pdnc,qID,Q518-0,You,150883,150886,4,594,6,M_3372,Other
3373,booknlp,COREF,120,me,150904,150906,19,594,6,M_3373,Other
3374,pdnc,qID,Q518-0,Dorian,150908,150914,4,594,6,M_3374,Other
3375,booknlp,COREF,120,he,150917,150919,19,594,6,M_3375,Other
3376,pdnc,qID,Q518-1,you,150935,150938,4,594,6,M_3376,Other
3377,booknlp,COREF,120,you,150957,150960,19,594,6,M_3377,Other
3378,booknlp,COREF,120,I,151065,151066,19,594,6,M_3378,Other
3379,pdnc,qID,Q518-1,Basil,151078,151083,2,594,6,M_3379,PROPN
3380,booknlp,COREF,120,I,151085,151086,19,594,6,M_3380,Other
3381,pdnc,qID,Q518-1,you,151099,151102,2,594,6,M_3381,Other
3382,pdnc,qID,Q518-1,You,151120,151123,2,594,6,M_3382,Other
3383,pdnc,qID,Q518-1,Dorian,151279,151285,4,594,6,M_3383,Other
3384,pdnc,qID,Q518-1,you,151287,151290,4,594,6,M_3384,Other
3385,booknlp,COREF,120,me,151314,151316,19,594,6,M_3385,Other
3386,booknlp,COREF,120,I,151318,151319,19,594,6,M_3386,Other
3387,pdnc,qID,Q518-1,you,151333,151336,4,594,6,M_3387,Other
3388,pdnc,qID,Q518-1,you,151350,151353,4,594,6,M_3388,Other
3389,pdnc,qID,Q519-0,you,151409,151412,19,595,6,M_3389,Other
3390,pdnc,qID,Q519-0,Harry,151419,151424,19,595,6,M_3390,PROPN
3391,exp,exp_name,the lad,the lad,151433,151440,41,595,6,M_3391,PROPN
3392,pdnc,qID,Q519-1,Sibyl,151571,151576,31,595,6,M_3392,PROPN
3393,pdnc,qID,Q519-1,you,151596,151599,19,595,6,M_3393,Other
3394,pdnc,qID,Q519-1,She,151631,151634,31,595,6,M_3394,Other
3395,pdnc,qID,Q519-1,you,151663,151666,19,595,6,M_3395,Other
3396,pdnc,qID,Q519-1,you,151672,151675,19,595,6,M_3396,Other
3397,booknlp,COREF,120,I,151697,151698,19,596,6,M_3397,Other
3398,exp,exp_name,lord henry,Lord Henry,151728,151738,19,596,6,M_3398,PROPN
3399,booknlp,COREF,120,his,151761,151764,19,596,6,M_3399,Other
3400,booknlp,COREF,120,I,151776,151777,19,596,6,M_3400,Other
3401,booknlp,COREF,120,I,151813,151814,19,596,6,M_3401,Other
3402,booknlp,COREF,120,me,151845,151847,19,596,6,M_3402,Other
3403,pdnc,qID,Q520-1,your wonderful girl,151892,151911,31,596,6,M_3403,Other
3404,booknlp,COREF,120,me,151923,151925,19,596,6,M_3404,Other
3405,booknlp,COREF,120,I,151927,151928,19,596,6,M_3405,Other
3406,pdnc,qID,Q520-1,Dorian,151988,151994,4,596,6,M_3406,Other
3407,pdnc,qID,Q520-1,you,151996,151999,4,596,6,M_3407,Other
3408,booknlp,COREF,120,me,152015,152017,19,596,6,M_3408,Other
3409,booknlp,COREF,120,I,152019,152020,19,596,6,M_3409,Other
3410,pdnc,qID,Q520-1,Basil,152034,152039,2,596,6,M_3410,PROPN
3411,pdnc,qID,Q520-1,You,152089,152092,2,596,6,M_3411,Other
3412,exp,exp_name,the painter,The painter,152190,152201,42,597,6,M_3412,PROPN
3413,booknlp,COREF,389,him,152253,152256,42,597,6,M_3413,Other
3414,booknlp,COREF,389,He,152258,152260,42,597,6,M_3414,Other
3415,booknlp,COREF,389,him,152312,152315,42,597,6,M_3415,Other
3416,booknlp,COREF,389,He,152427,152429,42,597,6,M_3416,Other
3417,booknlp,COREF,389,himself,152443,152450,42,597,6,M_3417,Other
3418,booknlp,COREF,389,him,152541,152544,42,597,6,M_3418,Other
3419,booknlp,COREF,389,him,152580,152583,42,597,6,M_3419,Other
3420,booknlp,COREF,389,He,152585,152587,42,597,6,M_3420,Other
3421,exp,exp_name,dorian gray,Dorian Gray,152598,152609,4,597,6,M_3421,PROPN
3422,booknlp,COREF,389,him,152634,152637,42,597,6,M_3422,Other
3423,booknlp,COREF,389,he,152647,152649,42,597,6,M_3423,Other
3424,booknlp,COREF,389,His,152703,152706,42,597,6,M_3424,Other
3425,booknlp,COREF,389,his,152772,152775,42,597,6,M_3425,Other
3426,booknlp,COREF,389,him,152832,152835,42,597,6,M_3426,Other
3427,booknlp,COREF,389,he,152841,152843,42,597,6,M_3427,Other
3428,exp,exp_name,dorian gray,Dorian Gray,153183,153194,4,599,7,M_3428,PROPN
3429,booknlp,COREF,117,him,153203,153206,4,599,7,M_3429,Other
3430,booknlp,COREF,117,He,153223,153225,4,599,7,M_3430,Other
3431,booknlp,COREF,117,he,153237,153239,4,599,7,M_3431,Other
3432,exp,exp_name,lord henry,Lord Henry,153298,153308,19,599,7,M_3432,PROPN
3433,booknlp,COREF,117,him,153344,153347,4,599,7,M_3433,Other
3434,booknlp,COREF,117,him,153402,153405,4,599,7,M_3434,Other
3435,booknlp,COREF,117,him,153431,153434,4,599,7,M_3435,Other
3436,exp,exp_name,man,man,153463,153466,30,599,7,M_3436,PROPN
3437,exp,exp_name,hallward,Hallward,153531,153539,2,599,7,M_3437,PROPN
3438,booknlp,COREF,121,himself,153547,153554,2,599,7,M_3438,Other
3439,exp,exp_name,lord henry,Lord Henry,154103,154113,19,600,7,M_3439,PROPN
3440,exp,exp_name,dorian gray,Dorian Gray,154132,154143,4,601,7,M_3440,PROPN
3441,booknlp,COREF,117,I,154158,154159,4,601,7,M_3441,Other
3442,pdnc,qID,Q521-1,her,154166,154169,31,601,7,M_3442,Other
3443,pdnc,qID,Q521-1,she,154175,154178,31,601,7,M_3443,Other
3444,pdnc,qID,Q521-1,she,154220,154223,31,601,7,M_3444,Other
3445,pdnc,qID,Q521-1,she,154358,154361,31,601,7,M_3445,Other
3446,pdnc,qID,Q521-1,her,154407,154410,31,601,7,M_3446,Other
3447,pdnc,qID,Q521-1,she,154435,154438,31,601,7,M_3447,Other
3448,pdnc,qID,Q521-1,She,154457,154460,31,601,7,M_3448,Other
3449,pdnc,qID,Q521-1,She,154499,154502,31,601,7,M_3449,Other
3450,booknlp,COREF,120,I,154641,154642,19,602,7,M_3450,Other
3451,exp,exp_name,lord henry,Lord Henry,154664,154674,19,602,7,M_3451,PROPN
3452,booknlp,COREF,120,his,154730,154733,19,602,7,M_3452,Other
3453,pdnc,qID,Q523-0,him,154776,154779,19,603,7,M_3453,Other
3454,pdnc,qID,Q523-0,Dorian,154781,154787,4,603,7,M_3454,Other
3455,exp,exp_name,the painter,the painter,154795,154806,42,603,7,M_3455,PROPN
3456,booknlp,COREF,389,I,154809,154810,42,603,7,M_3456,Other
3457,pdnc,qID,Q523-1,you,154827,154830,4,603,7,M_3457,Other
3458,booknlp,COREF,389,I,154841,154842,42,603,7,M_3458,Other
3459,pdnc,qID,Q523-1,this girl,154854,154863,31,603,7,M_3459,Other
3460,pdnc,qID,Q523-1,you,154873,154876,4,603,7,M_3460,Other
3461,pdnc,qID,Q523-1,you,154934,154937,4,603,7,M_3461,Other
3462,pdnc,qID,Q523-1,she,155097,155100,31,603,7,M_3462,Other
3463,pdnc,qID,Q523-1,she,155184,155187,31,603,7,M_3463,Other
3464,pdnc,qID,Q523-1,she,155280,155283,31,603,7,M_3464,Other
3465,pdnc,qID,Q523-1,your,155301,155305,4,603,7,M_3465,Other
3466,booknlp,COREF,389,I,155385,155386,42,603,7,M_3466,Other
3467,booknlp,COREF,389,I,155418,155419,42,603,7,M_3467,Other
3468,pdnc,qID,Q523-1,Sibyl Vane,155448,155458,31,603,7,M_3468,PROPN
3469,pdnc,qID,Q523-1,you,155463,155466,4,603,7,M_3469,Other
3470,pdnc,qID,Q523-1,her,155476,155479,31,603,7,M_3470,Other
3471,pdnc,qID,Q523-1,you,155480,155483,4,603,7,M_3471,Other
3472,pdnc,qID,Q524-0,Basil,155523,155528,2,604,7,M_3472,PROPN
3473,exp,exp_name,dorian gray,Dorian Gray,155540,155551,4,604,7,M_3473,PROPN
3474,booknlp,COREF,117,his,155562,155565,4,604,7,M_3474,Other
3475,booknlp,COREF,117,I,155573,155574,4,604,7,M_3475,Other
3476,pdnc,qID,Q524-1,you,155585,155588,2,604,7,M_3476,Other
3477,booknlp,COREF,117,me,155606,155608,4,604,7,M_3477,Other
3478,pdnc,qID,Q524-1,Harry,155610,155615,19,604,7,M_3478,PROPN
3479,pdnc,qID,Q524-1,he,155631,155633,19,604,7,M_3479,Other
3480,booknlp,COREF,117,me,155644,155646,4,604,7,M_3480,Other
3481,pdnc,qID,Q524-1,you,155767,155770,2,604,7,M_3481,Other
3482,pdnc,qID,Q524-1,the girl to whom I am going to give all my life,155780,155827,31,604,7,M_3482,Other
3483,booknlp,COREF,117,I,155837,155838,4,604,7,M_3483,Other
3484,booknlp,COREF,117,me,155877,155879,4,604,7,M_3484,Other
3485,exp,exp_name,sibyl vane,Sibyl Vane,155961,155971,31,605,7,M_3485,PROPN
3486,booknlp,COREF,168,she,156002,156005,31,605,7,M_3486,Other
3487,exp,exp_name,lord henry,Lord Henry,156070,156080,19,605,7,M_3487,PROPN
3488,booknlp,COREF,120,he,156095,156097,19,605,7,M_3488,Other
3489,booknlp,COREF,168,her,156148,156151,31,605,7,M_3489,Other
3490,booknlp,COREF,168,her,156253,156256,31,605,7,M_3490,Other
3491,booknlp,COREF,168,she,156267,156270,31,605,7,M_3491,Other
3492,booknlp,COREF,168,She,156314,156317,31,605,7,M_3492,Other
3493,booknlp,COREF,168,her,156347,156350,31,605,7,M_3493,Other
3494,exp,exp_name,basil hallward,Basil Hallward,156375,156389,2,605,7,M_3494,PROPN
3495,booknlp,COREF,121,his,156400,156403,2,605,7,M_3495,Other
3496,exp,exp_name,dorian gray,Dorian Gray,156470,156481,4,605,7,M_3496,PROPN
3497,booknlp,COREF,168,her,156493,156496,31,605,7,M_3497,Other
3498,exp,exp_name,lord henry,Lord Henry,156498,156508,19,605,7,M_3498,PROPN
3499,booknlp,COREF,120,his,156524,156527,19,605,7,M_3499,Other
3500,exp,exp_name,sibyl vane,Sibyl Vane,156830,156840,31,606,7,M_3500,PROPN
3501,booknlp,COREF,168,Her,156883,156886,31,606,7,M_3501,Other
3502,booknlp,COREF,168,she,156906,156909,31,606,7,M_3502,Other
3503,booknlp,COREF,168,her,156963,156966,31,606,7,M_3503,Other
3504,booknlp,COREF,168,Her,157007,157010,31,606,7,M_3504,Other
3505,booknlp,COREF,168,she,157055,157058,31,607,7,M_3505,Other
3506,booknlp,COREF,168,She,157083,157086,31,607,7,M_3506,Other
3507,booknlp,COREF,168,her,157114,157117,31,607,7,M_3507,Other
3508,booknlp,COREF,168,she,157154,157157,31,607,7,M_3508,Other
3509,exp,exp_name,dorian gray,Dorian Gray,157627,157638,4,610,7,M_3509,PROPN
3510,booknlp,COREF,117,he,157652,157654,4,610,7,M_3510,Other
3511,booknlp,COREF,168,her,157663,157666,31,610,7,M_3511,Other
3512,booknlp,COREF,117,He,157668,157670,4,610,7,M_3512,Other
3513,booknlp,COREF,117,his,157707,157710,4,610,7,M_3513,Other
3514,booknlp,COREF,117,him,157744,157747,4,610,7,M_3514,Other
3515,booknlp,COREF,168,She,157749,157752,31,610,7,M_3515,Other
3516,exp,exp_name,juliet,Juliet,157872,157878,12,611,7,M_3516,PROPN
3517,booknlp,COREF,168,she,157944,157947,31,611,7,M_3517,Other
3518,booknlp,COREF,168,her,157983,157986,31,611,7,M_3518,Other
3519,booknlp,COREF,168,She,157989,157992,31,612,7,M_3519,Other
3520,booknlp,COREF,168,she,158012,158015,31,612,7,M_3520,Other
3521,booknlp,COREF,168,her,158090,158093,31,612,7,M_3521,Other
3522,booknlp,COREF,168,she,158135,158138,31,612,7,M_3522,Other
3523,booknlp,COREF,168,Her,158148,158151,31,612,7,M_3523,Other
3524,booknlp,COREF,168,She,158189,158192,31,612,7,M_3524,Other
3525,booknlp,COREF,168,she,158224,158227,31,612,7,M_3525,Other
3526,booknlp,COREF,168,she,158541,158544,31,614,7,M_3526,Other
3527,booknlp,COREF,168,she,158906,158909,31,616,7,M_3527,Other
3528,booknlp,COREF,168,her,158964,158967,31,616,7,M_3528,Other
3529,booknlp,COREF,168,she,159028,159031,31,616,7,M_3529,Other
3530,booknlp,COREF,168,She,159086,159089,31,616,7,M_3530,Other
3531,exp,exp_name,lord henry,Lord Henry,159474,159484,19,618,7,M_3531,PROPN
3532,booknlp,COREF,120,his,159497,159500,19,618,7,M_3532,Other
3533,booknlp,COREF,120,his,159518,159521,19,618,7,M_3533,Other
3534,pdnc,qID,Q526-0,She,159529,159532,31,618,7,M_3534,Other
3535,pdnc,qID,Q526-0,Dorian,159553,159559,4,618,7,M_3535,Other
3536,booknlp,COREF,120,he,159562,159564,19,618,7,M_3536,Other
3537,pdnc,qID,Q526-1,she,159576,159579,31,618,7,M_3537,Other
3538,booknlp,COREF,427,I,159605,159606,41,619,7,M_3538,Other
3539,exp,exp_name,the lad,the lad,159651,159658,41,619,7,M_3539,PROPN
3540,booknlp,COREF,427,I,159685,159686,41,619,7,M_3540,Other
3541,booknlp,COREF,427,I,159709,159710,41,619,7,M_3541,Other
3542,pdnc,qID,Q527-1,you,159721,159724,19,619,7,M_3542,Other
3543,pdnc,qID,Q527-1,Harry,159743,159748,19,619,7,M_3543,PROPN
3544,booknlp,COREF,427,I,159750,159751,41,619,7,M_3544,Other
3545,booknlp,COREF,120,you,159765,159768,19,619,7,M_3545,Other
3546,pdnc,qID,Q528-0,My dear Dorian,159778,159792,4,620,7,M_3546,Other
3547,booknlp,COREF,121,I,159794,159795,2,620,7,M_3547,Other
3548,pdnc,qID,Q528-0,Miss Vane,159809,159818,31,620,7,M_3548,PROPN
3549,exp,exp_name,hallward,Hallward,159841,159849,2,620,7,M_3549,PROPN
3550,booknlp,COREF,121,I,159886,159887,2,621,7,M_3550,Other
3551,pdnc,qID,Q529-0,she,159893,159896,31,621,7,M_3551,Other
3552,booknlp,COREF,121,he,159908,159910,2,621,7,M_3552,Other
3553,pdnc,qID,Q529-1,she,159926,159929,31,621,7,M_3553,Other
3554,booknlp,COREF,121,me,159939,159941,2,621,7,M_3554,Other
3555,pdnc,qID,Q529-1,She,159973,159976,31,621,7,M_3555,Other
3556,pdnc,qID,Q529-1,she,160010,160013,31,621,7,M_3556,Other
3557,pdnc,qID,Q529-1,she,160047,160050,31,621,7,M_3557,Other
3558,pdnc,qID,Q530-0,you,160131,160134,4,622,7,M_3558,Other
3559,pdnc,qID,Q530-0,Dorian,160141,160147,4,622,7,M_3559,Other
3560,pdnc,qID,Q531-0,They,160193,160197,31,623,7,M_3560,Other
3561,exp,exp_name,lord henry,Lord Henry,160244,160254,19,623,7,M_3561,PROPN
3562,pdnc,qID,Q531-1,Dorian,160275,160281,4,623,7,M_3562,Other
3563,pdnc,qID,Q531-1,you,160283,160286,4,623,7,M_3563,Other
3564,booknlp,COREF,120,I,160378,160379,19,623,7,M_3564,Other
3565,pdnc,qID,Q531-1,you,160394,160397,4,623,7,M_3565,Other
3566,booknlp,COREF,2717,your,160408,160412,4,623,7,M_3566,Other
3567,pdnc,qID,Q531-1,she,160452,160455,31,623,7,M_3567,Other
3568,exp,exp_name,juliet,Juliet,160462,160468,12,623,7,M_3568,PROPN
3569,pdnc,qID,Q531-1,She,160489,160492,31,623,7,M_3569,Other
3570,pdnc,qID,Q531-1,she,160516,160519,31,623,7,M_3570,Other
3571,pdnc,qID,Q531-1,she,160550,160553,31,623,7,M_3571,Other
3572,pdnc,qID,Q531-1,she,160573,160576,31,623,7,M_3572,Other
3573,booknlp,COREF,120,my,160765,160767,19,623,7,M_3573,Other
3574,pdnc,qID,Q531-1,Basil,160900,160905,2,623,7,M_3574,PROPN
3575,booknlp,COREF,120,myself,160910,160916,19,623,7,M_3575,Other
3576,pdnc,qID,Q531-1,Sibyl Vane,160970,160980,31,623,7,M_3576,PROPN
3577,pdnc,qID,Q531-1,She,160982,160985,31,623,7,M_3577,Other
3578,pdnc,qID,Q531-1,you,161014,161017,4,623,7,M_3578,Other
3579,pdnc,qID,Q532-0,Harry,161036,161041,19,624,7,M_3579,PROPN
3580,exp,exp_name,the lad,the lad,161050,161057,41,624,7,M_3580,PROPN
3581,booknlp,COREF,427,I,161060,161061,41,624,7,M_3581,Other
3582,pdnc,qID,Q532-1,Basil,161080,161085,2,624,7,M_3582,PROPN
3583,pdnc,qID,Q532-1,you,161087,161090,2,624,7,M_3583,Other
3584,booknlp,COREF,121,you,161110,161113,2,624,7,M_3584,Other
3585,booknlp,COREF,427,my,161123,161125,41,624,7,M_3585,Other
3586,booknlp,COREF,427,his,161168,161171,41,624,7,M_3586,Other
3587,booknlp,COREF,427,His,161178,161181,41,624,7,M_3587,Other
3588,booknlp,COREF,427,he,161233,161235,41,624,7,M_3588,Other
3589,booknlp,COREF,427,his,161271,161274,41,624,7,M_3589,Other
3590,booknlp,COREF,427,his,161283,161286,41,624,7,M_3590,Other
3591,pdnc,qID,Q533-0,Basil,161307,161312,2,625,7,M_3591,PROPN
3592,exp,exp_name,lord henry,Lord Henry,161320,161330,19,625,7,M_3592,PROPN
3593,booknlp,COREF,120,his,161360,161363,19,625,7,M_3593,Other
3594,exp,exp_name,dorian gray,Dorian Gray,161504,161515,4,626,7,M_3594,PROPN
3595,booknlp,COREF,117,his,161529,161532,4,626,7,M_3595,Other
3596,booknlp,COREF,117,He,161539,161541,4,626,7,M_3596,Other
3597,exp,exp_name,dorian gray,Dorian Gray,161855,161866,4,627,7,M_3597,PROPN
3598,booknlp,COREF,117,he,162123,162125,4,628,7,M_3598,Other
3599,booknlp,COREF,117,him,162149,162152,4,628,7,M_3599,Other
3600,pdnc,qID,Q534-0,Dorian,162232,162238,4,628,7,M_3600,Other
3601,booknlp,COREF,117,he,162265,162267,4,629,7,M_3601,Other
3602,pdnc,qID,Q535-1,you,162338,162341,31,629,7,M_3602,Other
3603,pdnc,qID,Q535-1,You,162347,162350,31,629,7,M_3603,Other
3604,pdnc,qID,Q535-1,You,162377,162380,31,629,7,M_3604,Other
3605,booknlp,COREF,117,I,162399,162400,4,629,7,M_3605,Other
3606,pdnc,qID,Q536-0,Dorian,162431,162437,4,630,7,M_3606,Other
3607,booknlp,COREF,117,his,162469,162472,4,630,7,M_3607,Other
3608,pdnc,qID,Q536-1,Dorian,162584,162590,4,630,7,M_3608,Other
3609,pdnc,qID,Q536-1,you,162592,162595,4,630,7,M_3609,Other
3610,pdnc,qID,Q536-1,you,162624,162627,4,630,7,M_3610,Other
3611,pdnc,qID,Q536-1,you,162650,162653,4,630,7,M_3611,Other
3612,booknlp,COREF,117,he,162676,162678,4,631,7,M_3612,Other
3613,booknlp,COREF,117,He,162787,162789,4,633,7,M_3613,Other
3614,booknlp,COREF,117,his,162799,162802,4,633,7,M_3614,Other
3615,pdnc,qID,Q539-0,You,162815,162818,31,633,7,M_3615,Other
3616,booknlp,COREF,117,I,162828,162829,4,633,7,M_3616,Other
3617,pdnc,qID,Q539-0,you,162844,162847,31,633,7,M_3617,Other
3618,pdnc,qID,Q539-0,you,162856,162859,31,633,7,M_3618,Other
3619,pdnc,qID,Q539-0,You,162875,162878,31,633,7,M_3619,Other
3620,booknlp,COREF,117,My,162905,162907,4,633,7,M_3620,Other
3621,booknlp,COREF,117,I,162928,162929,4,633,7,M_3621,Other
3622,booknlp,COREF,117,him,162971,162974,4,634,7,M_3622,Other
3623,pdnc,qID,Q540-0,Dorian,163048,163054,4,635,7,M_3623,Other
3624,pdnc,qID,Q540-0,Dorian,163056,163062,4,635,7,M_3624,Other
3625,pdnc,qID,Q540-1,you,163091,163094,4,635,7,M_3625,Other
3626,pdnc,qID,Q540-1,You,163508,163511,4,635,7,M_3626,Other
3627,pdnc,qID,Q540-1,my beautiful love,163521,163538,4,635,7,M_3627,Other
3628,pdnc,qID,Q540-1,you,163544,163547,4,635,7,M_3628,Other
3629,pdnc,qID,Q540-1,You,163575,163578,4,635,7,M_3629,Other
3630,pdnc,qID,Q540-1,You,164029,164032,4,635,7,M_3630,Other
3631,pdnc,qID,Q540-1,You,164114,164117,4,635,7,M_3631,Other
3632,pdnc,qID,Q540-1,My love,164162,164169,4,635,7,M_3632,Other
3633,pdnc,qID,Q540-1,My love,164171,164178,4,635,7,M_3633,Other
3634,pdnc,qID,Q540-1,Prince Charming,164180,164195,4,635,7,M_3634,PROPN
3635,pdnc,qID,Q540-1,Prince of life,164197,164211,4,635,7,M_3635,Other
3636,pdnc,qID,Q540-1,You,164243,164246,4,635,7,M_3636,Other
3637,pdnc,qID,Q540-1,Dorian,164681,164687,4,635,7,M_3637,Other
3638,pdnc,qID,Q540-1,you,164706,164709,4,635,7,M_3638,Other
3639,pdnc,qID,Q540-1,Dorian,164854,164860,4,635,7,M_3639,Other
3640,pdnc,qID,Q540-1,Dorian,164862,164868,4,635,7,M_3640,Other
3641,pdnc,qID,Q540-1,you,164870,164873,4,635,7,M_3641,Other
3642,pdnc,qID,Q540-1,You,164988,164991,4,635,7,M_3642,Other
3643,pdnc,qID,Q541-0,You,165078,165081,31,636,7,M_3643,Other
3644,pdnc,qID,Q542-1,you,165407,165410,31,638,7,M_3644,Other
3645,pdnc,qID,Q542-1,You,165432,165435,31,638,7,M_3645,Other
3646,pdnc,qID,Q542-1,you,165469,165472,31,638,7,M_3646,Other
3647,pdnc,qID,Q542-1,You,165503,165506,31,638,7,M_3647,Other
3648,pdnc,qID,Q542-1,you,165541,165544,31,638,7,M_3648,Other
3649,pdnc,qID,Q542-1,you,165553,165556,31,638,7,M_3649,Other
3650,pdnc,qID,Q542-1,you,165582,165585,31,638,7,M_3650,Other
3651,pdnc,qID,Q542-1,you,165620,165623,31,638,7,M_3651,Other
3652,pdnc,qID,Q542-1,You,165711,165714,31,638,7,M_3652,Other
3653,pdnc,qID,Q542-1,You,165740,165743,31,638,7,M_3653,Other
3654,pdnc,qID,Q542-1,you,165798,165801,31,638,7,M_3654,Other
3655,pdnc,qID,Q542-1,You,165828,165831,31,638,7,M_3655,Other
3656,pdnc,qID,Q542-1,you,165872,165875,31,638,7,M_3656,Other
3657,pdnc,qID,Q542-1,you,165905,165908,31,638,7,M_3657,Other
3658,pdnc,qID,Q542-1,your,165931,165935,31,638,7,M_3658,Other
3659,pdnc,qID,Q542-1,You,165942,165945,31,638,7,M_3659,Other
3660,pdnc,qID,Q542-1,you,165962,165965,31,638,7,M_3660,Other
3661,pdnc,qID,Q542-1,you,166065,166068,31,638,7,M_3661,Other
3662,pdnc,qID,Q542-1,You,166070,166073,31,638,7,M_3662,Other
3663,pdnc,qID,Q542-1,you,166122,166125,31,638,7,M_3663,Other
3664,pdnc,qID,Q542-1,you,166147,166150,31,638,7,M_3664,Other
3665,pdnc,qID,Q542-1,your,166163,166167,31,638,7,M_3665,Other
3666,pdnc,qID,Q542-1,your,166181,166185,31,638,7,M_3666,Other
3667,pdnc,qID,Q542-1,you,166191,166194,31,638,7,M_3667,Other
3668,pdnc,qID,Q542-1,you,166226,166229,31,638,7,M_3668,Other
3669,pdnc,qID,Q542-1,you,166293,166296,31,638,7,M_3669,Other
3670,pdnc,qID,Q542-1,you,166302,166305,31,638,7,M_3670,Other
3671,pdnc,qID,Q542-1,you,166341,166344,31,638,7,M_3671,Other
3672,pdnc,qID,Q542-1,A third-rate actress with a pretty face,166350,166389,31,638,7,M_3672,Other
3673,pdnc,qID,Q543-0,You,166507,166510,4,639,7,M_3673,Other
3674,pdnc,qID,Q543-0,Dorian,166528,166534,4,639,7,M_3674,Other
3675,pdnc,qID,Q543-1,You,166552,166555,4,639,7,M_3675,Other
3676,pdnc,qID,Q544-0,you,166595,166598,31,640,7,M_3676,Other
3677,pdnc,qID,Q544-0,You,166600,166603,31,640,7,M_3677,Other
3678,pdnc,qID,Q546-0,Dorian,166953,166959,4,642,7,M_3678,Other
3679,pdnc,qID,Q546-0,Dorian,166961,166967,4,642,7,M_3679,Other
3680,pdnc,qID,Q546-1,you,167053,167056,4,642,7,M_3680,Other
3681,pdnc,qID,Q546-1,you,167149,167152,4,642,7,M_3681,Other
3682,pdnc,qID,Q546-1,you,167194,167197,4,642,7,M_3682,Other
3683,pdnc,qID,Q546-1,My brother,167343,167353,11,642,7,M_3683,Other
3684,pdnc,qID,Q546-1,He,167374,167376,11,642,7,M_3684,Other
3685,pdnc,qID,Q546-1,He,167393,167395,11,642,7,M_3685,Other
3686,pdnc,qID,Q546-1,you,167416,167419,4,642,7,M_3686,Other
3687,pdnc,qID,Q546-1,you,167431,167434,4,642,7,M_3687,Other
3688,pdnc,qID,Q546-1,you,167537,167540,4,642,7,M_3688,Other
3689,pdnc,qID,Q546-1,you,167627,167630,4,642,7,M_3689,Other
3690,pdnc,qID,Q546-1,you,167636,167639,4,642,7,M_3690,Other
3691,pdnc,qID,Q546-1,Dorian,167657,167663,4,642,7,M_3691,Other
3692,exp,exp_name,dorian gray,Dorian Gray,167890,167901,4,642,7,M_3692,PROPN
3693,booknlp,COREF,117,his,167908,167911,4,642,7,M_3693,Other
3694,booknlp,COREF,117,his,167952,167955,4,642,7,M_3694,Other
3695,exp,exp_name,sibyl vane,Sibyl Vane,168095,168105,31,642,7,M_3695,PROPN
3696,booknlp,COREF,117,him,168116,168119,4,642,7,M_3696,Other
3697,booknlp,COREF,168,Her,168149,168152,31,642,7,M_3697,Other
3698,booknlp,COREF,117,him,168176,168179,4,642,7,M_3698,Other
3699,booknlp,COREF,117,I,168183,168184,4,643,7,M_3699,Other
3700,booknlp,COREF,117,he,168196,168198,4,643,7,M_3700,Other
3701,booknlp,COREF,117,his,168215,168218,4,643,7,M_3701,Other
3702,booknlp,COREF,117,I,168238,168239,4,643,7,M_3702,Other
3703,booknlp,COREF,117,I,168269,168270,4,643,7,M_3703,Other
3704,pdnc,qID,Q547-1,you,168281,168284,31,643,7,M_3704,Other
3705,pdnc,qID,Q547-1,You,168292,168295,31,643,7,M_3705,Other
3706,booknlp,COREF,117,me,168314,168316,4,643,7,M_3706,Other
3707,booknlp,COREF,117,him,168448,168451,4,644,7,M_3707,Other
3708,booknlp,COREF,117,He,168453,168455,4,644,7,M_3708,Other
3709,booknlp,COREF,117,his,168466,168469,4,644,7,M_3709,Other
3710,booknlp,COREF,117,he,168511,168513,4,644,7,M_3710,Other
3711,booknlp,COREF,117,he,168545,168547,4,645,7,M_3711,Other
3712,booknlp,COREF,117,he,168556,168558,4,645,7,M_3712,Other
3713,booknlp,COREF,117,He,168572,168574,4,645,7,M_3713,Other
3714,booknlp,COREF,117,him,168745,168748,4,645,7,M_3714,Other
3715,booknlp,COREF,117,He,168833,168835,4,645,7,M_3715,Other
3716,booknlp,COREF,117,he,168969,168971,4,646,7,M_3716,Other
3717,booknlp,COREF,117,himself,168978,168985,4,646,7,M_3717,Other
3718,booknlp,COREF,117,him,169277,169280,4,646,7,M_3718,Other
3719,booknlp,COREF,117,his,169296,169299,4,646,7,M_3719,Other
3720,booknlp,COREF,117,He,169306,169308,4,646,7,M_3720,Other
3721,booknlp,COREF,117,him,169410,169413,4,646,7,M_3721,Other
3722,booknlp,COREF,117,He,169429,169431,4,646,7,M_3722,Other
3723,booknlp,COREF,117,he,169458,169460,4,646,7,M_3723,Other
3724,booknlp,COREF,117,him,169724,169727,4,646,7,M_3724,Other
3725,booknlp,COREF,117,he,170263,170265,4,647,7,M_3725,Other
3726,booknlp,COREF,117,he,170316,170318,4,647,7,M_3726,Other
3727,booknlp,COREF,117,He,170911,170913,4,648,7,M_3727,Other
3728,booknlp,COREF,117,his,170949,170952,4,648,7,M_3728,Other
3729,booknlp,COREF,117,his,171027,171030,4,648,7,M_3729,Other
3730,booknlp,COREF,117,his,171095,171098,4,648,7,M_3730,Other
3731,booknlp,COREF,117,he,171128,171130,4,648,7,M_3731,Other
3732,booknlp,COREF,117,himself,171158,171165,4,648,7,M_3732,Other
3733,booknlp,COREF,117,he,171286,171288,4,648,7,M_3733,Other
3734,booknlp,COREF,117,his,171325,171328,4,648,7,M_3734,Other
3735,exp,exp_name,basil hallward,Basil Hallward,171356,171370,2,648,7,M_3735,PROPN
3736,booknlp,COREF,117,him,171386,171389,4,648,7,M_3736,Other
3737,booknlp,COREF,117,He,171391,171393,4,648,7,M_3737,Other
3738,booknlp,COREF,117,he,171431,171433,4,648,7,M_3738,Other
3739,booknlp,COREF,117,his,171447,171450,4,648,7,M_3739,Other
3740,booknlp,COREF,117,he,171493,171495,4,648,7,M_3740,Other
3741,booknlp,COREF,117,his,171529,171532,4,648,7,M_3741,Other
3742,booknlp,COREF,117,he,171539,171541,4,648,7,M_3742,Other
3743,booknlp,COREF,117,he,171571,171573,4,648,7,M_3743,Other
3744,booknlp,COREF,117,him,171730,171733,4,648,7,M_3744,Other
3745,booknlp,COREF,117,He,171886,171888,4,649,7,M_3745,Other
3746,booknlp,COREF,117,he,172093,172095,4,649,7,M_3746,Other
3747,booknlp,COREF,117,him,172226,172229,4,649,7,M_3747,Other
3748,booknlp,COREF,117,he,172284,172286,4,649,7,M_3748,Other
3749,booknlp,COREF,117,he,172324,172326,4,649,7,M_3749,Other
3750,booknlp,COREF,117,He,172358,172360,4,650,7,M_3750,Other
3751,exp,exp_name,lord henry,Lord Henry,172443,172453,19,650,7,M_3751,PROPN
3752,booknlp,COREF,117,him,172473,172476,4,650,7,M_3752,Other
3753,booknlp,COREF,117,his,172547,172550,4,650,7,M_3753,Other
3754,booknlp,COREF,117,He,172580,172582,4,651,7,M_3754,Other
3755,booknlp,COREF,117,his,172590,172593,4,651,7,M_3755,Other
3756,booknlp,COREF,117,he,172693,172695,4,651,7,M_3756,Other
3757,booknlp,COREF,117,his,172822,172825,4,651,7,M_3757,Other
3758,booknlp,COREF,117,He,172865,172867,4,652,7,M_3758,Other
3759,booknlp,COREF,117,himself,172874,172881,4,652,7,M_3759,Other
3760,booknlp,COREF,117,his,172945,172948,4,652,7,M_3760,Other
3761,booknlp,COREF,117,he,172959,172961,4,652,7,M_3761,Other
3762,exp,exp_name,basil hallward,Basil Hallward,172974,172988,2,652,7,M_3762,PROPN
3763,booknlp,COREF,117,he,173042,173044,4,652,7,M_3763,Other
3764,booknlp,COREF,117,He,173070,173072,4,652,7,M_3764,Other
3765,booknlp,COREF,117,he,173101,173103,4,652,7,M_3765,Other
3766,booknlp,COREF,117,himself,173104,173111,4,652,7,M_3766,Other
3767,booknlp,COREF,117,his,173164,173167,4,652,7,M_3767,Other
3768,booknlp,COREF,117,his,173247,173250,4,652,7,M_3768,Other
3769,booknlp,COREF,117,his,173264,173267,4,652,7,M_3769,Other
3770,booknlp,COREF,117,he,173363,173365,4,652,7,M_3770,Other
3771,booknlp,COREF,117,his,173418,173421,4,652,7,M_3771,Other
3772,booknlp,COREF,117,his,173458,173461,4,652,7,M_3772,Other
3773,booknlp,COREF,117,him,173602,173605,4,652,7,M_3773,Other
3774,booknlp,COREF,117,he,173661,173663,4,653,7,M_3774,Other
3775,booknlp,COREF,117,his,173705,173708,4,653,7,M_3775,Other
3776,booknlp,COREF,117,He,173710,173712,4,653,7,M_3776,Other
3777,booknlp,COREF,117,his,173761,173764,4,653,7,M_3777,Other
3778,booknlp,COREF,117,he,173785,173787,4,653,7,M_3778,Other
3779,booknlp,COREF,117,him,173837,173840,4,653,7,M_3779,Other
3780,booknlp,COREF,117,him,173926,173929,4,653,7,M_3780,Other
3781,booknlp,COREF,117,he,173934,173936,4,653,7,M_3781,Other
3782,booknlp,COREF,117,his,173961,173964,4,653,7,M_3782,Other
3783,booknlp,COREF,117,He,173999,174001,4,653,7,M_3783,Other
3784,booknlp,COREF,117,he,174035,174037,4,653,7,M_3784,Other
3785,booknlp,COREF,117,he,174063,174065,4,653,7,M_3785,Other
3786,booknlp,COREF,117,him,174121,174124,4,653,7,M_3786,Other
3787,booknlp,COREF,117,he,174130,174132,4,653,7,M_3787,Other
3788,booknlp,COREF,117,he,174210,174212,4,653,7,M_3788,Other
3789,booknlp,COREF,117,His,174269,174272,4,653,7,M_3789,Other
3790,booknlp,COREF,117,him,174314,174317,4,653,7,M_3790,Other
3791,booknlp,COREF,117,he,174335,174337,4,653,7,M_3791,Other
3792,exp,exp_name,lord henry,Lord Henry,174580,174590,19,653,7,M_3792,PROPN
3793,booknlp,COREF,117,him,174600,174603,4,653,7,M_3793,Other
3794,exp,exp_name,lord henry,Lord Henry,174614,174624,19,653,7,M_3794,PROPN
3795,booknlp,COREF,117,he,174658,174660,4,653,7,M_3795,Other
3796,exp,exp_name,sibyl vane,Sibyl Vane,174675,174685,31,653,7,M_3796,PROPN
3797,booknlp,COREF,168,She,174687,174690,31,653,7,M_3797,Other
3798,booknlp,COREF,117,him,174706,174709,4,653,7,M_3798,Other
3799,booknlp,COREF,117,he,174742,174744,4,654,7,M_3799,Other
3800,booknlp,COREF,117,his,174783,174786,4,654,7,M_3800,Other
3801,booknlp,COREF,117,his,174802,174805,4,654,7,M_3801,Other
3802,booknlp,COREF,117,him,174827,174830,4,654,7,M_3802,Other
3803,booknlp,COREF,117,his,174839,174842,4,654,7,M_3803,Other
3804,booknlp,COREF,117,him,174870,174873,4,654,7,M_3804,Other
3805,booknlp,COREF,117,his,174884,174887,4,654,7,M_3805,Other
3806,booknlp,COREF,117,he,174904,174906,4,654,7,M_3806,Other
3807,booknlp,COREF,117,he,175017,175019,4,655,7,M_3807,Other
3808,booknlp,COREF,117,his,175091,175094,4,655,7,M_3808,Other
3809,booknlp,COREF,117,him,175221,175224,4,656,7,M_3809,Other
3810,booknlp,COREF,117,his,175343,175346,4,656,7,M_3810,Other
3811,booknlp,COREF,117,himself,175386,175393,4,656,7,M_3811,Other
3812,booknlp,COREF,117,himself,175424,175431,4,656,7,M_3812,Other
3813,booknlp,COREF,117,him,175443,175446,4,656,7,M_3813,Other
3814,booknlp,COREF,117,he,175581,175583,4,656,7,M_3814,Other
3815,booknlp,COREF,117,he,175643,175645,4,656,7,M_3815,Other
3816,booknlp,COREF,117,him,175708,175711,4,656,7,M_3816,Other
3817,booknlp,COREF,117,He,175746,175748,4,656,7,M_3817,Other
3818,booknlp,COREF,117,He,175774,175776,4,656,7,M_3818,Other
3819,exp,exp_name,lord henry,Lord Henry,175791,175801,19,656,7,M_3819,PROPN
3820,exp,exp_name,basil hallward,Basil Hallward,175885,175899,2,656,7,M_3820,PROPN
3821,booknlp,COREF,117,him,175934,175937,4,656,7,M_3821,Other
3822,booknlp,COREF,117,He,175973,175975,4,656,7,M_3822,Other
3823,exp,exp_name,sibyl vane,Sibyl Vane,175993,176003,31,656,7,M_3823,PROPN
3824,booknlp,COREF,168,her,176010,176013,31,656,7,M_3824,Other
3825,booknlp,COREF,168,her,176028,176031,31,656,7,M_3825,Other
3826,booknlp,COREF,168,her,176045,176048,31,656,7,M_3826,Other
3827,booknlp,COREF,117,his,176068,176071,4,656,7,M_3827,Other
3828,booknlp,COREF,168,She,176087,176090,31,656,7,M_3828,Other
3829,booknlp,COREF,117,he,176120,176122,4,656,7,M_3829,Other
3830,booknlp,COREF,117,He,176140,176142,4,656,7,M_3830,Other
3831,booknlp,COREF,168,her,176173,176176,31,656,7,M_3831,Other
3832,booknlp,COREF,168,she,176199,176202,31,656,7,M_3832,Other
3833,booknlp,COREF,117,him,176222,176225,4,656,7,M_3833,Other
3834,booknlp,COREF,117,His,176270,176273,4,656,7,M_3834,Other
3835,booknlp,COREF,168,her,176284,176287,31,656,7,M_3835,Other
3836,booknlp,COREF,117,He,176318,176320,4,657,7,M_3836,Other
3837,booknlp,COREF,117,his,176333,176336,4,657,7,M_3837,Other
3838,booknlp,COREF,117,he,176413,176415,4,657,7,M_3838,Other
3839,booknlp,COREF,117,he,176447,176449,4,657,7,M_3839,Other
3840,booknlp,COREF,117,himself,176462,176469,4,657,7,M_3840,Other
3841,booknlp,COREF,117,he,176475,176477,4,657,7,M_3841,Other
3842,booknlp,COREF,117,he,176526,176528,4,657,7,M_3842,Other
3843,booknlp,COREF,117,he,176558,176560,4,657,7,M_3843,Other
3844,booknlp,COREF,117,his,176628,176631,4,657,7,M_3844,Other
3845,booknlp,COREF,117,He,176649,176651,4,657,7,M_3845,Other
3846,exp,exp_name,sibyl,Sibyl,176668,176673,31,657,7,M_3846,PROPN
3847,booknlp,COREF,117,his,176691,176694,4,657,7,M_3847,Other
3848,booknlp,COREF,117,him,176713,176716,4,657,7,M_3848,Other
3849,booknlp,COREF,117,He,176718,176720,4,657,7,M_3849,Other
3850,booknlp,COREF,168,her,176730,176733,31,657,7,M_3850,Other
3851,booknlp,COREF,168,her,176854,176857,31,657,7,M_3851,Other
3852,booknlp,COREF,117,he,176906,176908,4,659,8,M_3852,Other
3853,booknlp,COREF,117,His,176916,176919,4,659,8,M_3853,Other
3854,booknlp,COREF,117,he,176984,176986,4,659,8,M_3854,Other
3855,booknlp,COREF,117,his,177028,177031,4,659,8,M_3855,Other
3856,booknlp,COREF,117,his,177068,177071,4,659,8,M_3856,Other
3857,exp,exp_name,victor,Victor,177090,177096,36,659,8,M_3857,PROPN
3858,booknlp,COREF,195,he,177353,177355,36,660,8,M_3858,Other
3859,exp,exp_name,victor,Victor,177393,177399,36,661,8,M_3859,PROPN
3860,exp,exp_name,dorian gray,Dorian Gray,177408,177419,4,661,8,M_3860,PROPN
3861,booknlp,COREF,117,He,177485,177487,4,663,8,M_3861,Other
3862,booknlp,COREF,117,his,177536,177539,4,663,8,M_3862,Other
3863,exp,exp_name,lord henry,Lord Henry,177570,177580,19,663,8,M_3863,PROPN
3864,booknlp,COREF,117,He,177625,177627,4,663,8,M_3864,Other
3865,booknlp,COREF,117,he,177686,177688,4,663,8,M_3865,Other
3866,booknlp,COREF,117,he,178004,178006,4,663,8,M_3866,Other
3867,booknlp,COREF,117,his,178049,178052,4,663,8,M_3867,Other
3868,booknlp,COREF,117,he,178421,178423,4,664,8,M_3868,Other
3869,booknlp,COREF,117,him,178572,178575,4,664,8,M_3869,Other
3870,booknlp,COREF,117,his,178582,178585,4,664,8,M_3870,Other
3871,booknlp,COREF,117,He,178598,178600,4,664,8,M_3871,Other
3872,booknlp,COREF,117,he,178635,178637,4,664,8,M_3872,Other
3873,booknlp,COREF,117,him,178721,178724,4,664,8,M_3873,Other
3874,booknlp,COREF,117,he,178801,178803,4,665,8,M_3874,Other
3875,booknlp,COREF,117,he,178817,178819,4,665,8,M_3875,Other
3876,booknlp,COREF,117,him,178910,178913,4,665,8,M_3876,Other
3877,booknlp,COREF,117,him,179132,179135,4,665,8,M_3877,Other
3878,booknlp,COREF,117,He,179137,179139,4,665,8,M_3878,Other
3879,booknlp,COREF,117,his,179172,179175,4,666,8,M_3879,Other
3880,booknlp,COREF,117,he,179204,179206,4,666,8,M_3880,Other
3881,booknlp,COREF,117,he,179248,179250,4,666,8,M_3881,Other
3882,booknlp,COREF,117,his,179292,179295,4,667,8,M_3882,Other
3883,exp,exp_name,dorian,Dorian,179359,179365,4,668,8,M_3883,PROPN
3884,booknlp,COREF,117,his,179372,179375,4,668,8,M_3884,Other
3885,booknlp,COREF,117,I,179383,179384,4,668,8,M_3885,Other
3886,booknlp,COREF,117,he,179399,179401,4,668,8,M_3886,Other
3887,booknlp,COREF,117,his,179485,179488,4,669,8,M_3887,Other
3888,booknlp,COREF,117,him,179519,179522,4,669,8,M_3888,Other
3889,exp,exp_name,basil,Basil,179674,179679,2,669,8,M_3889,PROPN
3890,booknlp,COREF,117,him,179704,179707,4,669,8,M_3890,Other
3891,booknlp,COREF,117,his,179740,179743,4,670,8,M_3891,Other
3892,booknlp,COREF,117,he,179833,179835,4,670,8,M_3892,Other
3893,booknlp,COREF,117,He,179889,179891,4,670,8,M_3893,Other
3894,booknlp,COREF,117,his,179907,179910,4,670,8,M_3894,Other
3895,booknlp,COREF,117,He,179935,179937,4,670,8,M_3895,Other
3896,booknlp,COREF,117,he,179953,179955,4,670,8,M_3896,Other
3897,booknlp,COREF,117,he,179966,179968,4,670,8,M_3897,Other
3898,booknlp,COREF,117,He,180005,180007,4,670,8,M_3898,Other
3899,exp,exp_name,the man,the man,180085,180092,10,670,8,M_3899,PROPN
3900,booknlp,COREF,117,he,180107,180109,4,670,8,M_3900,Other
3901,booknlp,COREF,2023,him,180137,180140,10,670,8,M_3901,Other
3902,booknlp,COREF,117,him,180183,180186,4,670,8,M_3902,Other
3903,booknlp,COREF,117,he,180188,180190,4,670,8,M_3903,Other
3904,booknlp,COREF,2023,him,180198,180201,10,670,8,M_3904,Other
3905,exp,exp_name,the man,The man,180208,180215,10,670,8,M_3905,PROPN
3906,booknlp,COREF,117,his,180234,180237,4,670,8,M_3906,Other
3907,exp,exp_name,dorian,Dorian,180246,180252,4,670,8,M_3907,PROPN
3908,booknlp,COREF,2023,him,180263,180266,10,670,8,M_3908,Other
3909,booknlp,COREF,117,I,180282,180283,4,670,8,M_3909,Other
3910,exp,exp_name,victor,Victor,180311,180317,36,670,8,M_3910,PROPN
3911,booknlp,COREF,117,he,180320,180322,4,670,8,M_3911,Other
3912,exp,exp_name,the man,The man,180341,180348,10,670,8,M_3912,PROPN
3913,booknlp,COREF,2023,he,180374,180376,10,671,8,M_3913,Other
3914,booknlp,COREF,2023,himself,180425,180432,10,671,8,M_3914,Other
3915,booknlp,COREF,117,He,180618,180620,4,671,8,M_3915,Other
3916,exp,exp_name,man,man,180701,180704,30,671,8,M_3916,PROPN
3917,booknlp,COREF,117,he,180721,180723,4,672,8,M_3917,Other
3918,booknlp,COREF,117,his,180950,180953,4,672,8,M_3918,Other
3919,booknlp,COREF,117,he,181008,181010,4,672,8,M_3919,Other
3920,exp,exp_name,basil hallward,Basil Hallward,181017,181031,2,672,8,M_3920,PROPN
3921,booknlp,COREF,117,his,181058,181061,4,672,8,M_3921,Other
3922,exp,exp_name,basil,Basil,181075,181080,2,672,8,M_3922,PROPN
3923,booknlp,COREF,117,He,181215,181217,4,673,8,M_3923,Other
3924,booknlp,COREF,117,he,181257,181259,4,673,8,M_3924,Other
3925,booknlp,COREF,117,he,181280,181282,4,673,8,M_3925,Other
3926,booknlp,COREF,117,his,181307,181310,4,673,8,M_3926,Other
3927,booknlp,COREF,117,he,181323,181325,4,673,8,M_3927,Other
3928,booknlp,COREF,117,himself,181356,181363,4,673,8,M_3928,Other
3929,booknlp,COREF,117,he,181431,181433,4,674,8,M_3929,Other
3930,booknlp,COREF,117,he,181496,181498,4,674,8,M_3930,Other
3931,booknlp,COREF,117,himself,181505,181512,4,674,8,M_3931,Other
3932,booknlp,COREF,117,him,181652,181655,4,674,8,M_3932,Other
3933,booknlp,COREF,117,him,181825,181828,4,674,8,M_3933,Other
3934,booknlp,COREF,117,He,181971,181973,4,674,8,M_3934,Other
3935,booknlp,COREF,117,he,182106,182108,4,675,8,M_3935,Other
3936,booknlp,COREF,117,him,182135,182138,4,675,8,M_3936,Other
3937,booknlp,COREF,117,him,182152,182155,4,675,8,M_3937,Other
3938,booknlp,COREF,117,he,182189,182191,4,675,8,M_3938,Other
3939,exp,exp_name,sibyl vane,Sibyl Vane,182204,182214,31,675,8,M_3939,PROPN
3940,booknlp,COREF,168,She,182265,182268,31,675,8,M_3940,Other
3941,booknlp,COREF,117,his,182284,182287,4,675,8,M_3941,Other
3942,booknlp,COREF,117,His,182294,182297,4,675,8,M_3942,Other
3943,exp,exp_name,basil hallward,Basil Hallward,182429,182443,2,675,8,M_3943,PROPN
3944,booknlp,COREF,117,him,182459,182462,4,675,8,M_3944,Other
3945,booknlp,COREF,117,him,182483,182486,4,675,8,M_3945,Other
3946,booknlp,COREF,117,him,182513,182516,4,675,8,M_3946,Other
3947,exp,exp_name,dorian gray,Dorian Gray,182887,182898,4,676,8,M_3947,PROPN
3948,booknlp,COREF,117,He,182913,182915,4,676,8,M_3948,Other
3949,booknlp,COREF,117,his,183010,183013,4,676,8,M_3949,Other
3950,booknlp,COREF,117,he,183074,183076,4,676,8,M_3950,Other
3951,booknlp,COREF,117,He,183092,183094,4,676,8,M_3951,Other
3952,booknlp,COREF,117,he,183147,183149,4,676,8,M_3952,Other
3953,booknlp,COREF,117,he,183215,183217,4,676,8,M_3953,Other
3954,booknlp,COREF,117,himself,183268,183275,4,676,8,M_3954,Other
3955,booknlp,COREF,117,He,183288,183290,4,676,8,M_3955,Other
3956,exp,exp_name,dorian,Dorian,183547,183553,4,676,8,M_3956,PROPN
3957,booknlp,COREF,117,he,183579,183581,4,676,8,M_3957,Other
3958,booknlp,COREF,117,he,183592,183594,4,676,8,M_3958,Other
3959,booknlp,COREF,117,he,183660,183662,4,677,8,M_3959,Other
3960,exp,exp_name,lord henry,Lord Henry,183669,183679,19,677,8,M_3960,PROPN
3961,pdnc,qID,Q552-0,My dear boy,183698,183709,4,677,8,M_3961,Other
3962,booknlp,COREF,120,I,183711,183712,19,677,8,M_3962,Other
3963,pdnc,qID,Q552-0,you,183722,183725,4,677,8,M_3963,Other
3964,booknlp,COREF,120,me,183731,183733,19,677,8,M_3964,Other
3965,booknlp,COREF,120,I,183746,183747,19,677,8,M_3965,Other
3966,pdnc,qID,Q552-0,your,183759,183763,4,677,8,M_3966,Other
3967,booknlp,COREF,117,He,183798,183800,4,678,8,M_3967,Other
3968,exp,exp_name,lord henry,Lord Henry,183924,183934,19,678,8,M_3968,PROPN
3969,booknlp,COREF,120,him,183957,183960,19,678,8,M_3969,Other
3970,booknlp,COREF,120,he,183974,183976,19,678,8,M_3970,Other
3971,booknlp,COREF,120,him,184012,184015,19,678,8,M_3971,Other
3972,booknlp,COREF,117,He,184086,184088,4,678,8,M_3972,Other
3973,booknlp,COREF,120,I,184169,184170,19,679,8,M_3973,Other
3974,pdnc,qID,Q553-0,Dorian,184195,184201,4,679,8,M_3974,Other
3975,exp,exp_name,lord henry,Lord Henry,184209,184219,19,679,8,M_3975,PROPN
3976,booknlp,COREF,120,he,184223,184225,19,679,8,M_3976,Other
3977,pdnc,qID,Q553-1,you,184240,184243,4,679,8,M_3977,Other
3978,pdnc,qID,Q554-0,you,184284,184287,19,680,8,M_3978,Other
3979,pdnc,qID,Q554-0,Sibyl Vane,184299,184309,31,680,8,M_3979,PROPN
3980,exp,exp_name,the lad,the lad,184318,184325,41,680,8,M_3980,PROPN
3981,exp,exp_name,lord henry,Lord Henry,184355,184365,19,681,8,M_3981,PROPN
3982,booknlp,COREF,120,his,184411,184414,19,681,8,M_3982,Other
3983,pdnc,qID,Q555-1,your,184486,184490,4,681,8,M_3983,Other
3984,booknlp,COREF,120,me,184503,184505,19,681,8,M_3984,Other
3985,pdnc,qID,Q555-1,you,184511,184514,4,681,8,M_3985,Other
3986,pdnc,qID,Q555-1,her,184533,184536,31,681,8,M_3986,Other
3987,booknlp,COREF,120,I,184574,184575,19,683,8,M_3987,Other
3988,pdnc,qID,Q557-0,you,184586,184589,4,683,8,M_3988,Other
3989,pdnc,qID,Q557-0,you,184599,184602,4,683,8,M_3989,Other
3990,pdnc,qID,Q557-0,her,184621,184624,31,683,8,M_3990,Other
3991,booknlp,COREF,120,I,184629,184630,19,684,8,M_3991,Other
3992,pdnc,qID,Q558-0,Harry,184643,184648,19,684,8,M_3992,PROPN
3993,booknlp,COREF,120,I,184692,184693,19,684,8,M_3993,Other
3994,booknlp,COREF,120,me,184753,184755,19,684,8,M_3994,Other
3995,booknlp,COREF,120,myself,184764,184770,19,684,8,M_3995,Other
3996,pdnc,qID,Q559-0,Dorian,184786,184792,4,685,8,M_3996,Other
3997,booknlp,COREF,120,I,184794,184795,19,685,8,M_3997,Other
3998,pdnc,qID,Q559-0,you,184807,184810,4,685,8,M_3998,Other
3999,booknlp,COREF,120,I,184832,184833,19,685,8,M_3999,Other
4000,booknlp,COREF,120,I,184845,184846,19,685,8,M_4000,Other
4001,pdnc,qID,Q559-0,you,184858,184861,4,685,8,M_4001,Other
4002,booknlp,COREF,117,I,184927,184928,4,686,8,M_4002,Other
4003,exp,exp_name,dorian,Dorian,184962,184968,4,686,8,M_4003,PROPN
4004,booknlp,COREF,117,his,184978,184981,4,686,8,M_4004,Other
4005,booknlp,COREF,117,I,185001,185002,4,686,8,M_4005,Other
4006,booknlp,COREF,117,I,185027,185028,4,686,8,M_4006,Other
4007,pdnc,qID,Q560-1,you,185084,185087,19,686,8,M_4007,Other
4008,booknlp,COREF,117,me,185093,185095,4,686,8,M_4008,Other
4009,pdnc,qID,Q560-1,Harry,185155,185160,19,686,8,M_4009,PROPN
4010,booknlp,COREF,117,me,185191,185193,4,686,8,M_4010,Other
4011,booknlp,COREF,117,I,185195,185196,4,686,8,M_4011,Other
4012,booknlp,COREF,117,I,185214,185215,4,686,8,M_4012,Other
4013,booknlp,COREF,117,my,185239,185241,4,686,8,M_4013,Other
4014,pdnc,qID,Q561-0,Dorian,185308,185314,4,687,8,M_4014,Other
4015,booknlp,COREF,120,I,185316,185317,19,687,8,M_4015,Other
4016,pdnc,qID,Q561-0,you,185331,185334,4,687,8,M_4016,Other
4017,pdnc,qID,Q561-0,you,185354,185357,4,687,8,M_4017,Other
4018,pdnc,qID,Q562-0,Sibyl Vane,185389,185399,31,688,8,M_4018,PROPN
4019,pdnc,qID,Q563-0,Sibyl Vane,185413,185423,31,689,8,M_4019,PROPN
4020,exp,exp_name,lord henry,Lord Henry,185432,185442,19,689,8,M_4020,PROPN
4021,booknlp,COREF,117,him,185471,185474,4,689,8,M_4021,Other
4022,pdnc,qID,Q563-1,my dear Dorian,185505,185519,4,689,8,M_4022,Other
4023,pdnc,qID,Q564-0,Harry,185529,185534,19,690,8,M_4023,PROPN
4024,booknlp,COREF,117,I,185536,185537,4,690,8,M_4024,Other
4025,pdnc,qID,Q564-0,you,185548,185551,19,690,8,M_4025,Other
4026,booknlp,COREF,117,me,185657,185659,4,690,8,M_4026,Other
4027,booknlp,COREF,117,I,185680,185681,4,690,8,M_4027,Other
4028,pdnc,qID,Q564-0,Sibyl,185688,185693,31,690,8,M_4028,PROPN
4029,booknlp,COREF,117,me,185703,185705,4,690,8,M_4029,Other
4030,booknlp,COREF,117,I,185707,185708,4,690,8,M_4030,Other
4031,booknlp,COREF,117,my,185731,185733,4,690,8,M_4031,Other
4032,pdnc,qID,Q564-0,her,185742,185745,31,690,8,M_4032,Other
4033,pdnc,qID,Q564-0,She,185747,185750,31,690,8,M_4033,Other
4034,pdnc,qID,Q564-0,my wife,185760,185767,31,690,8,M_4034,Other
4035,booknlp,COREF,117,Your,185772,185776,4,691,8,M_4035,Other
4036,pdnc,qID,Q565-0,Dorian,185783,185789,4,691,8,M_4036,Other
4037,pdnc,qID,Q565-0,you,185802,185805,4,691,8,M_4037,Other
4038,booknlp,COREF,120,my,185810,185812,19,691,8,M_4038,Other
4039,booknlp,COREF,120,I,185821,185822,19,691,8,M_4039,Other
4040,pdnc,qID,Q565-0,you,185832,185835,4,691,8,M_4040,Other
4041,booknlp,COREF,120,my,185876,185878,19,691,8,M_4041,Other
4042,exp,exp_name,man,man,185883,185886,30,691,8,M_4042,PROPN
4043,pdnc,qID,Q566-0,Your,185891,185895,19,692,8,M_4043,Other
4044,booknlp,COREF,117,I,185913,185914,4,692,8,M_4044,Other
4045,booknlp,COREF,117,I,185925,185926,4,692,8,M_4045,Other
4046,pdnc,qID,Q566-0,Harry,185949,185954,19,692,8,M_4046,PROPN
4047,booknlp,COREF,117,I,185956,185957,4,692,8,M_4047,Other
4048,booknlp,COREF,117,I,186005,186006,4,692,8,M_4048,Other
4049,pdnc,qID,Q566-0,You,186022,186025,19,692,8,M_4049,Other
4050,pdnc,qID,Q566-0,your,186050,186054,19,692,8,M_4050,Other
4051,pdnc,qID,Q567-0,You,186068,186071,4,693,8,M_4051,Other
4052,pdnc,qID,Q568-0,you,186102,186105,19,694,8,M_4052,Other
4053,exp,exp_name,lord henry,Lord Henry,186114,186124,19,695,8,M_4053,PROPN
4054,exp,exp_name,dorian gray,Dorian Gray,186169,186180,4,695,8,M_4054,PROPN
4055,booknlp,COREF,117,his,186192,186195,4,695,8,M_4055,Other
4056,booknlp,COREF,120,his,186205,186208,19,695,8,M_4056,Other
4057,pdnc,qID,Q569-0,Dorian,186237,186243,4,695,8,M_4057,Other
4058,booknlp,COREF,120,he,186246,186248,19,695,8,M_4058,Other
4059,booknlp,COREF,120,my,186256,186258,19,695,8,M_4059,Other
4060,pdnc,qID,Q569-1,you,186298,186301,4,695,8,M_4060,Other
4061,pdnc,qID,Q569-1,Sibyl Vane,186307,186317,31,695,8,M_4061,PROPN
4062,exp,exp_name,the lad,the lad,186354,186361,41,696,8,M_4062,PROPN
4063,booknlp,COREF,427,he,186374,186376,41,696,8,M_4063,Other
4064,booknlp,COREF,427,his,186387,186390,41,696,8,M_4064,Other
4065,booknlp,COREF,427,his,186405,186408,41,696,8,M_4065,Other
4066,exp,exp_name,lord henry,Lord Henry,186425,186435,19,696,8,M_4066,PROPN
4067,pdnc,qID,Q570-0,Sibyl,186452,186457,31,696,8,M_4067,PROPN
4068,pdnc,qID,Q570-0,you,186511,186514,19,696,8,M_4068,Other
4069,pdnc,qID,Q571-0,Dorian,186544,186550,4,697,8,M_4069,Other
4070,exp,exp_name,lord henry,Lord Henry,186558,186568,19,697,8,M_4070,PROPN
4071,booknlp,COREF,120,I,186613,186614,19,697,8,M_4071,Other
4072,pdnc,qID,Q571-1,you,186629,186632,4,697,8,M_4072,Other
4073,pdnc,qID,Q571-1,you,186640,186643,4,697,8,M_4073,Other
4074,booknlp,COREF,120,I,186668,186669,19,697,8,M_4074,Other
4075,pdnc,qID,Q571-1,you,186725,186728,4,697,8,M_4075,Other
4076,exp,exp_name,man,man,186781,186784,30,697,8,M_4076,PROPN
4077,booknlp,COREF,120,I,186967,186968,19,697,8,M_4077,Other
4078,pdnc,qID,Q571-1,they,186977,186981,31,697,8,M_4078,Other
4079,pdnc,qID,Q571-1,your,186993,186997,4,697,8,M_4079,Other
4080,pdnc,qID,Q571-1,they,187022,187026,4,697,8,M_4080,Other
4081,pdnc,qID,Q571-1,you,187067,187070,4,697,8,M_4081,Other
4082,pdnc,qID,Q571-1,her,187086,187089,31,697,8,M_4082,Other
4083,exp,exp_name,dorian,Dorian,187126,187132,4,698,8,M_4083,PROPN
4084,booknlp,COREF,117,He,187167,187169,4,698,8,M_4084,Other
4085,booknlp,COREF,117,he,187201,187203,4,698,8,M_4085,Other
4086,pdnc,qID,Q572-0,Harry,187236,187241,19,698,8,M_4086,PROPN
4087,pdnc,qID,Q572-0,you,187247,187250,19,698,8,M_4087,Other
4088,pdnc,qID,Q572-0,you,187276,187279,19,698,8,M_4088,Other
4089,pdnc,qID,Q572-0,Sibyl,187298,187303,31,698,8,M_4089,PROPN
4090,pdnc,qID,Q572-0,Harry,187310,187315,19,698,8,M_4090,PROPN
4091,booknlp,COREF,117,I,187317,187318,4,698,8,M_4091,Other
4092,booknlp,COREF,117,me,187353,187355,4,698,8,M_4092,Other
4093,booknlp,COREF,120,I,187379,187380,19,699,8,M_4093,Other
4094,pdnc,qID,Q573-0,Dorian,187419,187425,4,699,8,M_4094,Other
4095,pdnc,qID,Q573-0,she,187493,187496,31,699,8,M_4095,Other
4096,booknlp,COREF,168,her,187526,187529,31,699,8,M_4096,Other
4097,exp,exp_name,mother,mother,187530,187536,40,699,8,M_4097,PROPN
4098,pdnc,qID,Q573-0,she,187568,187571,31,699,8,M_4098,Other
4099,pdnc,qID,Q573-0,she,187577,187580,31,699,8,M_4099,Other
4100,pdnc,qID,Q573-0,her,187641,187644,31,699,8,M_4100,Other
4101,pdnc,qID,Q573-0,she,187650,187653,31,699,8,M_4101,Other
4102,pdnc,qID,Q573-0,her,187701,187704,31,699,8,M_4102,Other
4103,pdnc,qID,Q573-0,her,187732,187735,31,699,8,M_4103,Other
4104,pdnc,qID,Q573-0,She,187751,187754,31,699,8,M_4104,Other
4105,booknlp,COREF,120,I,187833,187834,19,699,8,M_4105,Other
4106,booknlp,COREF,120,I,187911,187912,19,699,8,M_4106,Other
4107,pdnc,qID,Q573-0,she,187950,187953,31,699,8,M_4107,Other
4108,pdnc,qID,Q574-0,Harry,187993,187998,19,700,8,M_4108,PROPN
4109,pdnc,qID,Q574-0,Harry,188000,188005,19,700,8,M_4109,PROPN
4110,exp,exp_name,the lad,the lad,188030,188037,41,700,8,M_4110,PROPN
4111,pdnc,qID,Q575-0,you,188080,188083,4,701,8,M_4111,Other
4112,booknlp,COREF,120,yourself,188097,188105,19,701,8,M_4112,Other
4113,booknlp,COREF,120,I,188122,188123,19,701,8,M_4113,Other
4114,pdnc,qID,Q575-0,she,188151,188154,31,701,8,M_4114,Other
4115,booknlp,COREF,120,I,188170,188171,19,701,8,M_4115,Other
4116,pdnc,qID,Q575-0,she,188192,188195,31,701,8,M_4116,Other
4117,pdnc,qID,Q575-0,She,188226,188229,31,701,8,M_4117,Other
4118,pdnc,qID,Q575-0,Dorian,188294,188300,4,701,8,M_4118,Other
4119,pdnc,qID,Q575-0,you,188302,188305,4,701,8,M_4119,Other
4120,pdnc,qID,Q575-0,your,188336,188340,4,701,8,M_4120,Other
4121,pdnc,qID,Q575-0,You,188349,188352,4,701,8,M_4121,Other
4122,booknlp,COREF,120,me,188377,188379,19,701,8,M_4122,Other
4123,pdnc,qID,Q575-0,You,188476,188479,4,701,8,M_4123,Other
4124,booknlp,COREF,120,my,188492,188494,19,701,8,M_4124,Other
4125,booknlp,COREF,168,She,188509,188512,31,701,8,M_4125,Other
4126,booknlp,COREF,168,her,188543,188546,31,701,8,M_4126,Other
4127,booknlp,COREF,117,I,188554,188555,4,702,8,M_4127,Other
4128,pdnc,qID,Q576-0,Sibyl Vane,188570,188580,31,702,8,M_4128,PROPN
4129,exp,exp_name,dorian gray,Dorian Gray,188588,188599,4,702,8,M_4129,PROPN
4130,booknlp,COREF,117,himself,188609,188616,4,702,8,M_4130,Other
4131,pdnc,qID,Q576-1,her,188628,188631,31,702,8,M_4131,Other
4132,booknlp,COREF,117,I,188648,188649,4,702,8,M_4132,Other
4133,pdnc,qID,Q576-1,her,188658,188661,31,702,8,M_4133,Other
4134,booknlp,COREF,117,my,188772,188774,4,702,8,M_4134,Other
4135,booknlp,COREF,117,I,188796,188797,4,702,8,M_4135,Other
4136,pdnc,qID,Q576-1,you,188814,188817,19,702,8,M_4136,Other
4137,booknlp,COREF,117,I,188867,188868,4,702,8,M_4137,Other
4138,booknlp,COREF,117,I,188931,188932,4,702,8,M_4138,Other
4139,pdnc,qID,Q576-1,Harry,188962,188967,19,702,8,M_4139,PROPN
4140,booknlp,COREF,117,I,188969,188970,4,702,8,M_4140,Other
4141,booknlp,COREF,117,I,188977,188978,4,702,8,M_4141,Other
4142,booknlp,COREF,117,me,189055,189057,4,702,8,M_4142,Other
4143,booknlp,COREF,117,I,189138,189139,4,702,8,M_4143,Other
4144,booknlp,COREF,117,my,189161,189163,4,702,8,M_4144,Other
4145,booknlp,COREF,117,my,189184,189186,4,702,8,M_4145,Other
4146,pdnc,qID,Q576-1,they,189263,189267,31,702,8,M_4146,Other
4147,booknlp,COREF,117,I,189274,189275,4,702,8,M_4147,Other
4148,pdnc,qID,Q576-1,Sibyl,189328,189333,31,702,8,M_4148,PROPN
4149,pdnc,qID,Q576-1,she,189339,189342,31,702,8,M_4149,Other
4150,pdnc,qID,Q576-1,Harry,189373,189378,19,702,8,M_4150,PROPN
4151,booknlp,COREF,117,I,189384,189385,4,702,8,M_4151,Other
4152,pdnc,qID,Q576-1,her,189392,189395,31,702,8,M_4152,Other
4153,booknlp,COREF,117,me,189424,189426,4,702,8,M_4153,Other
4154,pdnc,qID,Q576-1,She,189432,189435,31,702,8,M_4154,Other
4155,booknlp,COREF,117,me,189454,189456,4,702,8,M_4155,Other
4156,pdnc,qID,Q576-1,she,189524,189527,31,702,8,M_4156,Other
4157,booknlp,COREF,117,my,189549,189551,4,702,8,M_4157,Other
4158,pdnc,qID,Q576-1,She,189572,189575,31,702,8,M_4158,Other
4159,booknlp,COREF,117,me,189596,189598,4,702,8,M_4159,Other
4160,booknlp,COREF,117,I,189630,189631,4,702,8,M_4160,Other
4161,booknlp,COREF,117,I,189653,189654,4,702,8,M_4161,Other
4162,pdnc,qID,Q576-1,her,189663,189666,31,702,8,M_4162,Other
4163,booknlp,COREF,117,me,189714,189716,4,702,8,M_4163,Other
4164,booknlp,COREF,117,I,189725,189726,4,702,8,M_4164,Other
4165,pdnc,qID,Q576-1,you,189738,189741,19,702,8,M_4165,Other
4166,booknlp,COREF,117,I,189776,189777,4,702,8,M_4166,Other
4167,booknlp,COREF,117,I,189783,189784,4,702,8,M_4167,Other
4168,pdnc,qID,Q576-1,her,189802,189805,31,702,8,M_4168,Other
4169,booknlp,COREF,117,I,189807,189808,4,702,8,M_4169,Other
4170,booknlp,COREF,117,I,189814,189815,4,702,8,M_4170,Other
4171,pdnc,qID,Q576-1,she,189840,189843,31,702,8,M_4171,Other
4172,booknlp,COREF,117,My,189853,189855,4,702,8,M_4172,Other
4173,booknlp,COREF,117,My,189861,189863,4,702,8,M_4173,Other
4174,pdnc,qID,Q576-1,Harry,189869,189874,19,702,8,M_4174,PROPN
4175,booknlp,COREF,117,I,189887,189888,4,702,8,M_4175,Other
4176,pdnc,qID,Q576-1,You,189893,189896,19,702,8,M_4176,Other
4177,booknlp,COREF,117,I,189919,189920,4,702,8,M_4177,Other
4178,booknlp,COREF,117,me,189957,189959,4,702,8,M_4178,Other
4179,pdnc,qID,Q576-1,She,189970,189973,31,702,8,M_4179,Other
4180,booknlp,COREF,117,me,189999,190001,4,702,8,M_4180,Other
4181,pdnc,qID,Q576-1,She,190003,190006,31,702,8,M_4181,Other
4182,booknlp,COREF,168,herself,190028,190035,31,702,8,M_4182,Other
4183,pdnc,qID,Q576-1,her,190055,190058,31,702,8,M_4183,Other
4184,pdnc,qID,Q577-0,My dear Dorian,190063,190077,4,703,8,M_4184,Other
4185,exp,exp_name,lord henry,Lord Henry,190089,190099,19,703,8,M_4185,PROPN
4186,booknlp,COREF,120,his,190125,190128,19,703,8,M_4186,Other
4187,exp,exp_name,man,man,190212,190215,30,703,8,M_4187,PROPN
4188,pdnc,qID,Q577-1,you,190295,190298,4,703,8,M_4188,Other
4189,pdnc,qID,Q577-1,this girl,190311,190320,31,703,8,M_4189,Other
4190,pdnc,qID,Q577-1,you,190322,190325,4,703,8,M_4190,Other
4191,pdnc,qID,Q577-1,you,190363,190366,4,703,8,M_4191,Other
4192,pdnc,qID,Q577-1,her,190386,190389,31,703,8,M_4192,Other
4193,pdnc,qID,Q577-1,she,190465,190468,31,703,8,M_4193,Other
4194,pdnc,qID,Q577-1,you,190500,190503,4,703,8,M_4194,Other
4195,pdnc,qID,Q577-1,her,190535,190538,31,703,8,M_4195,Other
4196,booknlp,COREF,120,I,190704,190705,19,703,8,M_4196,Other
4197,booknlp,COREF,120,I,190791,190792,19,703,8,M_4197,Other
4198,booknlp,COREF,120,I,190820,190821,19,703,8,M_4198,Other
4199,pdnc,qID,Q577-1,you,190829,190832,4,703,8,M_4199,Other
4200,booknlp,COREF,427,I,190906,190907,41,704,8,M_4200,Other
4201,exp,exp_name,the lad,the lad,190936,190943,41,704,8,M_4201,PROPN
4202,booknlp,COREF,427,I,191006,191007,41,704,8,M_4202,Other
4203,booknlp,COREF,427,my,191023,191025,41,704,8,M_4203,Other
4204,booknlp,COREF,427,my,191042,191044,41,704,8,M_4204,Other
4205,booknlp,COREF,427,my,191092,191094,41,704,8,M_4205,Other
4206,booknlp,COREF,427,I,191117,191118,41,704,8,M_4206,Other
4207,pdnc,qID,Q578-1,your,191128,191132,19,704,8,M_4207,Other
4208,booknlp,COREF,427,Mine,191229,191233,41,704,8,M_4208,Other
4209,pdnc,qID,Q579-0,Their,191326,191331,31,705,8,M_4209,Other
4210,pdnc,qID,Q579-0,They,191389,191393,31,705,8,M_4210,Other
4211,pdnc,qID,Q580-0,Harry,191616,191621,19,706,8,M_4211,PROPN
4212,exp,exp_name,dorian gray,Dorian Gray,191630,191641,4,706,8,M_4212,PROPN
4213,booknlp,COREF,427,him,191679,191682,41,706,8,M_4213,Other
4214,booknlp,COREF,117,I,191700,191701,4,706,8,M_4214,Other
4215,booknlp,COREF,117,I,191738,191739,4,706,8,M_4215,Other
4216,booknlp,COREF,117,I,191749,191750,4,706,8,M_4216,Other
4217,booknlp,COREF,117,I,191763,191764,4,706,8,M_4217,Other
4218,pdnc,qID,Q580-1,you,191782,191785,19,706,8,M_4218,Other
4219,pdnc,qID,Q581-0,You,191790,191793,4,707,8,M_4219,Other
4220,booknlp,COREF,117,yourself,191877,191885,4,707,8,M_4220,Other
4221,pdnc,qID,Q581-0,Dorian,191897,191903,4,707,8,M_4221,Other
4222,exp,exp_name,lord henry,Lord Henry,191915,191925,19,707,8,M_4222,PROPN
4223,booknlp,COREF,120,his,191931,191934,19,707,8,M_4223,Other
4224,exp,exp_name,the lad,The lad,191960,191967,41,708,8,M_4224,PROPN
4225,booknlp,COREF,120,I,191978,191979,19,708,8,M_4225,Other
4226,pdnc,qID,Q582-0,Harry,192009,192014,19,708,8,M_4226,PROPN
4227,booknlp,COREF,120,he,192017,192019,19,708,8,M_4227,Other
4228,booknlp,COREF,120,I,192035,192036,19,708,8,M_4228,Other
4229,pdnc,qID,Q582-1,you,192045,192048,19,708,8,M_4229,Other
4230,booknlp,COREF,120,I,192061,192062,19,708,8,M_4230,Other
4231,booknlp,COREF,120,I,192077,192078,19,708,8,M_4231,Other
4232,booknlp,COREF,120,I,192103,192104,19,708,8,M_4232,Other
4233,booknlp,COREF,120,I,192110,192111,19,708,8,M_4233,Other
4234,booknlp,COREF,120,I,192128,192129,19,708,8,M_4234,Other
4235,booknlp,COREF,120,me,192191,192193,19,708,8,M_4235,Other
4236,booknlp,COREF,120,me,192220,192222,19,708,8,M_4236,Other
4237,booknlp,COREF,120,I,192351,192352,19,708,8,M_4237,Other
4238,booknlp,COREF,120,I,192385,192386,19,708,8,M_4238,Other
4239,exp,exp_name,lord henry,Lord Henry,192450,192460,19,709,8,M_4239,PROPN
4240,exp,exp_name,the lad,the lad,192508,192515,41,709,8,M_4240,PROPN
4241,booknlp,COREF,120,I,192575,192576,19,709,8,M_4241,Other
4242,pdnc,qID,Q583-1,their,192723,192728,31,709,8,M_4242,Other
4243,pdnc,qID,Q583-1,They,192831,192835,31,709,8,M_4243,Other
4244,pdnc,qID,Q583-1,you,193422,193425,4,709,8,M_4244,Other
4245,booknlp,COREF,120,I,193427,193428,19,709,8,M_4245,Other
4246,booknlp,COREF,120,I,193439,193440,19,709,8,M_4246,Other
4247,booknlp,COREF,120,me,193493,193495,19,709,8,M_4247,Other
4248,booknlp,COREF,120,my,193530,193532,19,709,8,M_4248,Other
4249,booknlp,COREF,120,me,193566,193568,19,709,8,M_4249,Other
4250,booknlp,COREF,120,I,193671,193672,19,709,8,M_4250,Other
4251,booknlp,COREF,120,me,193722,193724,19,709,8,M_4251,Other
4252,booknlp,COREF,120,I,193771,193772,19,709,8,M_4252,Other
4253,booknlp,COREF,117,I,194043,194044,4,710,8,M_4253,Other
4254,booknlp,COREF,117,my,194065,194067,4,710,8,M_4254,Other
4255,exp,exp_name,dorian,Dorian,194084,194090,4,710,8,M_4255,PROPN
4256,booknlp,COREF,117,his,194127,194130,4,711,8,M_4256,Other
4257,pdnc,qID,Q585-1,you,194552,194555,4,711,8,M_4257,Other
4258,pdnc,qID,Q585-1,their,195239,195244,31,711,8,M_4258,Other
4259,pdnc,qID,Q585-1,They,195341,195345,31,711,8,M_4259,Other
4260,pdnc,qID,Q585-1,You,195404,195407,4,711,8,M_4260,Other
4261,pdnc,qID,Q585-1,you,195447,195450,4,711,8,M_4261,Other
4262,pdnc,qID,Q585-1,Dorian,195452,195458,4,711,8,M_4262,Other
4263,exp,exp_name,one of the women,one of the women,195469,195485,26,711,8,M_4263,PROPN
4264,pdnc,qID,Q585-1,Sibyl Vane,195527,195537,31,711,8,M_4264,PROPN
4265,pdnc,qID,Q585-1,you,195546,195549,4,711,8,M_4265,Other
4266,booknlp,COREF,168,her,195695,195698,31,711,8,M_4266,Other
4267,pdnc,qID,Q585-1,their,195888,195893,31,711,8,M_4267,Other
4268,pdnc,qID,Q585-1,They,195904,195908,31,711,8,M_4268,Other
4269,pdnc,qID,Q586-0,Harry,196384,196389,19,712,8,M_4269,PROPN
4270,exp,exp_name,the lad,the lad,196397,196404,41,712,8,M_4270,PROPN
4271,pdnc,qID,Q587-0,Dorian,196566,196572,4,713,8,M_4271,Other
4272,pdnc,qID,Q587-0,Sibyl Vane,196588,196598,31,713,8,M_4272,PROPN
4273,pdnc,qID,Q587-0,her,196691,196694,31,713,8,M_4273,Other
4274,pdnc,qID,Q588-0,her,196895,196898,31,714,8,M_4274,Other
4275,pdnc,qID,Q588-0,You,196900,196903,19,714,8,M_4275,Other
4276,pdnc,qID,Q589-0,you,197177,197180,4,715,8,M_4276,Other
4277,pdnc,qID,Q589-0,you,197214,197217,4,715,8,M_4277,Other
4278,pdnc,qID,Q589-0,you,197278,197281,4,715,8,M_4278,Other
4279,pdnc,qID,Q589-0,you,197306,197309,4,715,8,M_4279,Other
4280,pdnc,qID,Q590-0,Harry,197503,197508,19,716,8,M_4280,PROPN
4281,pdnc,qID,Q591-0,You,197513,197516,4,717,8,M_4281,Other
4282,pdnc,qID,Q591-0,Sibyl Vane,197533,197543,31,717,8,M_4282,PROPN
4283,pdnc,qID,Q591-0,you,197559,197562,4,717,8,M_4283,Other
4284,pdnc,qID,Q591-0,she,197596,197599,31,717,8,M_4284,Other
4285,pdnc,qID,Q591-0,she,197656,197659,31,717,8,M_4285,Other
4286,pdnc,qID,Q591-0,Juliet,197668,197674,4,717,8,M_4286,PROPN
4287,pdnc,qID,Q591-0,she,197676,197679,31,717,8,M_4287,Other
4288,pdnc,qID,Q592-0,She,197707,197710,31,718,8,M_4288,Other
4289,exp,exp_name,the lad,the lad,197756,197763,41,718,8,M_4289,PROPN
4290,booknlp,COREF,427,his,197773,197776,41,718,8,M_4290,Other
4291,booknlp,COREF,427,his,197785,197788,41,718,8,M_4291,Other
4292,pdnc,qID,Q593-0,she,197802,197805,31,719,8,M_4292,Other
4293,pdnc,qID,Q593-0,She,197831,197834,31,719,8,M_4293,Other
4294,pdnc,qID,Q593-0,her,197846,197849,31,719,8,M_4294,Other
4295,pdnc,qID,Q593-0,you,197865,197868,4,719,8,M_4295,Other
4296,pdnc,qID,Q593-0,The girl ,198055,198064,31,719,8,M_4296,Other
4297,pdnc,qID,Q593-0,she,198091,198094,31,719,8,M_4297,Other
4298,pdnc,qID,Q593-0,you,198121,198124,4,719,8,M_4298,Other
4299,pdnc,qID,Q593-0,she,198134,198137,31,719,8,M_4299,Other
4300,pdnc,qID,Q593-0,she,198339,198342,31,719,8,M_4300,Other
4301,pdnc,qID,Q593-0,she,198364,198367,31,719,8,M_4301,Other
4302,pdnc,qID,Q593-0,her,198393,198396,31,719,8,M_4302,Other
4303,pdnc,qID,Q593-0,she,198405,198408,31,719,8,M_4303,Other
4304,pdnc,qID,Q593-0,you,198444,198447,4,719,8,M_4304,Other
4305,pdnc,qID,Q593-0,your,198467,198471,4,719,8,M_4305,Other
4306,pdnc,qID,Q593-0,your,198588,198592,4,719,8,M_4306,Other
4307,pdnc,qID,Q593-0,Sibyl Vane,198604,198614,31,719,8,M_4307,PROPN
4308,pdnc,qID,Q593-0,She,198616,198619,31,719,8,M_4308,Other
4309,exp,exp_name,dorian gray,Dorian Gray,198837,198848,4,721,8,M_4309,PROPN
4310,pdnc,qID,Q594-0,You,198861,198864,19,721,8,M_4310,Other
4311,booknlp,COREF,117,me,198880,198882,4,721,8,M_4311,Other
4312,booknlp,COREF,117,myself,198886,198892,4,721,8,M_4312,Other
4313,pdnc,qID,Q594-0,Harry,198894,198899,19,721,8,M_4313,PROPN
4314,booknlp,COREF,117,he,198902,198904,4,721,8,M_4314,Other
4315,booknlp,COREF,117,I,198951,198952,4,721,8,M_4315,Other
4316,pdnc,qID,Q594-1,you,198967,198970,19,721,8,M_4316,Other
4317,booknlp,COREF,117,I,198994,198995,4,721,8,M_4317,Other
4318,booknlp,COREF,117,I,199018,199019,4,721,8,M_4318,Other
4319,booknlp,COREF,117,myself,199044,199050,4,721,8,M_4319,Other
4320,pdnc,qID,Q594-1,you,199061,199064,19,721,8,M_4320,Other
4321,booknlp,COREF,117,me,199070,199072,4,721,8,M_4321,Other
4322,pdnc,qID,Q594-1,we,199078,199080,19,721,8,M_4322,Other
4323,booknlp,COREF,117,I,199173,199174,4,721,8,M_4323,Other
4324,booknlp,COREF,117,me,199213,199215,4,721,8,M_4324,Other
4325,pdnc,qID,Q595-0,you,199276,199279,4,722,8,M_4325,Other
4326,pdnc,qID,Q595-0,Dorian,199281,199287,4,722,8,M_4326,Other
4327,pdnc,qID,Q595-0,you,199311,199314,4,722,8,M_4327,Other
4328,pdnc,qID,Q595-0,your,199321,199325,4,722,8,M_4328,Other
4329,pdnc,qID,Q596-0,Harry,199392,199397,19,723,8,M_4329,PROPN
4330,booknlp,COREF,117,I,199399,199400,4,723,8,M_4330,Other
4331,exp,exp_name,lord henry,Lord Henry,199470,199480,19,724,8,M_4331,PROPN
4332,pdnc,qID,Q597-1,my dear Dorian,199503,199517,4,724,8,M_4332,Other
4333,pdnc,qID,Q597-1,you,199519,199522,4,724,8,M_4333,Other
4334,pdnc,qID,Q597-1,your,199547,199551,4,724,8,M_4334,Other
4335,pdnc,qID,Q597-1,you,199593,199596,4,724,8,M_4335,Other
4336,pdnc,qID,Q597-1,you,199602,199605,4,724,8,M_4336,Other
4337,pdnc,qID,Q597-1,your,199616,199620,4,724,8,M_4337,Other
4338,pdnc,qID,Q597-1,you,199741,199744,4,724,8,M_4338,Other
4339,pdnc,qID,Q597-1,you,199754,199757,4,724,8,M_4339,Other
4340,booknlp,COREF,117,I,199836,199837,4,725,8,M_4340,Other
4341,booknlp,COREF,117,I,199844,199845,4,725,8,M_4341,Other
4342,pdnc,qID,Q598-0,you,199857,199860,19,725,8,M_4342,Other
4343,pdnc,qID,Q598-0,Harry,199875,199880,19,725,8,M_4343,PROPN
4344,booknlp,COREF,117,I,199882,199883,4,725,8,M_4344,Other
4345,pdnc,qID,Q598-0,your,199938,199942,19,725,8,M_4345,Other
4346,booknlp,COREF,120,I,199974,199975,19,726,8,M_4346,Other
4347,pdnc,qID,Q599-0,You,200010,200013,4,726,8,M_4347,Other
4348,pdnc,qID,Q599-0,her,200023,200026,29,726,8,M_4348,Other
4349,booknlp,COREF,120,I,200049,200050,19,726,8,M_4349,Other
4350,pdnc,qID,Q599-0,you,200060,200063,4,726,8,M_4350,Other
4351,booknlp,COREF,117,I,200088,200089,4,727,8,M_4351,Other
4352,exp,exp_name,dorian,Dorian,200117,200123,4,727,8,M_4352,PROPN
4353,booknlp,COREF,117,I,200141,200142,4,727,8,M_4353,Other
4354,pdnc,qID,Q600-1,you,200165,200168,19,727,8,M_4354,Other
4355,pdnc,qID,Q600-1,you,200182,200185,19,727,8,M_4355,Other
4356,booknlp,COREF,117,me,200199,200201,4,727,8,M_4356,Other
4357,pdnc,qID,Q600-1,You,200203,200206,19,727,8,M_4357,Other
4358,pdnc,qID,Q600-1,my best friend,200221,200235,19,727,8,M_4358,Other
4359,booknlp,COREF,117,me,200264,200266,4,727,8,M_4359,Other
4360,pdnc,qID,Q600-1,you,200270,200273,19,727,8,M_4360,Other
4361,pdnc,qID,Q601-0,Dorian,200331,200337,4,728,8,M_4361,Other
4362,exp,exp_name,lord henry,Lord Henry,200349,200359,19,728,8,M_4362,PROPN
4363,booknlp,COREF,117,him,200369,200372,4,728,8,M_4363,Other
4364,booknlp,COREF,120,I,200397,200398,19,728,8,M_4364,Other
4365,pdnc,qID,Q601-1,you,200409,200412,4,728,8,M_4365,Other
4366,booknlp,COREF,120,I,200433,200434,19,728,8,M_4366,Other
4367,booknlp,COREF,120,he,200474,200476,19,729,8,M_4367,Other
4368,booknlp,COREF,120,him,200500,200503,19,729,8,M_4368,Other
4369,exp,exp_name,dorian gray,Dorian Gray,200505,200516,4,729,8,M_4369,PROPN
4370,exp,exp_name,victor,Victor,200556,200562,36,729,8,M_4370,PROPN
4371,booknlp,COREF,195,He,200613,200615,36,729,8,M_4371,Other
4372,booknlp,COREF,195,him,200639,200642,36,729,8,M_4372,Other
4373,exp,exp_name,the man,The man,200650,200657,10,729,8,M_4373,PROPN
4374,booknlp,COREF,2023,he,200723,200725,10,730,8,M_4374,Other
4375,booknlp,COREF,2023,he,200736,200738,10,730,8,M_4375,Other
4376,exp,exp_name,sibyl vane,Sibyl Vane,200854,200864,31,730,8,M_4376,PROPN
4377,booknlp,COREF,2023,he,200880,200882,10,730,8,M_4377,Other
4378,booknlp,COREF,2023,himself,200899,200906,10,730,8,M_4378,Other
4379,booknlp,COREF,2023,He,201217,201219,10,730,8,M_4379,Other
4380,booknlp,COREF,2023,he,201254,201256,10,730,8,M_4380,Other
4381,booknlp,COREF,2023,his,201298,201301,10,730,8,M_4381,Other
4382,booknlp,COREF,2023,he,201327,201329,10,730,8,M_4382,Other
4383,exp,exp_name,sibyl,Sibyl,201346,201351,31,731,8,M_4383,PROPN
4384,booknlp,COREF,2023,him,201547,201550,10,731,8,M_4384,Other
4385,booknlp,COREF,2023,him,201594,201597,10,731,8,M_4385,Other
4386,booknlp,COREF,2023,him,201639,201642,10,731,8,M_4386,Other
4387,booknlp,COREF,2023,He,201721,201723,10,731,8,M_4387,Other
4388,booknlp,COREF,2023,him,201770,201773,10,731,8,M_4388,Other
4389,booknlp,COREF,2023,he,201830,201832,10,731,8,M_4389,Other
4390,booknlp,COREF,2023,his,201997,202000,10,731,8,M_4390,Other
4391,booknlp,COREF,2023,he,202009,202011,10,731,8,M_4391,Other
4392,booknlp,COREF,2023,He,202095,202097,10,731,8,M_4392,Other
4393,booknlp,COREF,2023,He,202158,202160,10,732,8,M_4393,Other
4394,booknlp,COREF,2023,his,202207,202210,10,732,8,M_4394,Other
4395,booknlp,COREF,2023,his,202226,202229,10,732,8,M_4395,Other
4396,booknlp,COREF,2023,him,202287,202290,10,732,8,M_4396,Other
4397,booknlp,COREF,2023,his,202301,202304,10,732,8,M_4397,Other
4398,booknlp,COREF,2023,he,202428,202430,10,732,8,M_4398,Other
4399,booknlp,COREF,2023,his,202500,202503,10,732,8,M_4399,Other
4400,booknlp,COREF,2023,him,202555,202558,10,733,8,M_4400,Other
4401,booknlp,COREF,2023,he,202562,202564,10,733,8,M_4401,Other
4402,booknlp,COREF,2023,he,202681,202683,10,733,8,M_4402,Other
4403,booknlp,COREF,2023,him,202765,202768,10,733,8,M_4403,Other
4404,booknlp,COREF,2023,he,202792,202794,10,733,8,M_4404,Other
4405,booknlp,COREF,2023,him,202888,202891,10,733,8,M_4405,Other
4406,booknlp,COREF,2023,he,202947,202949,10,733,8,M_4406,Other
4407,booknlp,COREF,2023,he,203199,203201,10,734,8,M_4407,Other
4408,booknlp,COREF,2023,him,203269,203272,10,734,8,M_4408,Other
4409,booknlp,COREF,2023,his,203620,203623,10,734,8,M_4409,Other
4410,booknlp,COREF,2023,He,204115,204117,10,734,8,M_4410,Other
4411,booknlp,COREF,2023,He,204319,204321,10,735,8,M_4411,Other
4412,booknlp,COREF,2023,his,204346,204349,10,735,8,M_4412,Other
4413,booknlp,COREF,2023,him,204405,204408,10,735,8,M_4413,Other
4414,booknlp,COREF,2023,him,204460,204463,10,735,8,M_4414,Other
4415,booknlp,COREF,2023,his,204464,204467,10,735,8,M_4415,Other
4416,booknlp,COREF,2023,him,204500,204503,10,735,8,M_4416,Other
4417,booknlp,COREF,2023,his,204504,204507,10,735,8,M_4417,Other
4418,booknlp,COREF,2023,he,204548,204550,10,735,8,M_4418,Other
4419,booknlp,COREF,2023,he,204714,204716,10,735,8,M_4419,Other
4420,booknlp,COREF,2023,his,204771,204774,10,735,8,M_4420,Other
4421,booknlp,COREF,2023,his,204820,204823,10,735,8,M_4421,Other
4422,booknlp,COREF,2023,he,204877,204879,10,735,8,M_4422,Other
4423,booknlp,COREF,2023,He,204990,204992,10,735,8,M_4423,Other
4424,booknlp,COREF,2023,He,205030,205032,10,736,8,M_4424,Other
4425,booknlp,COREF,2023,he,205112,205114,10,736,8,M_4425,Other
4426,booknlp,COREF,2023,his,205139,205142,10,736,8,M_4426,Other
4427,booknlp,COREF,2023,his,205158,205161,10,736,8,M_4427,Other
4428,booknlp,COREF,2023,him,205192,205195,10,736,8,M_4428,Other
4429,booknlp,COREF,2023,he,205211,205213,10,736,8,M_4429,Other
4430,exp,exp_name,lord henry,Lord Henry,205236,205246,19,736,8,M_4430,PROPN
4431,booknlp,COREF,120,his,205264,205267,19,736,8,M_4431,Other
4432,booknlp,COREF,2023,he,205296,205298,10,738,9,M_4432,Other
4433,exp,exp_name,basil hallward,Basil Hallward,205338,205352,2,738,9,M_4433,PROPN
4434,booknlp,COREF,121,I,205380,205381,2,739,9,M_4434,Other
4435,booknlp,COREF,121,I,205393,205394,2,739,9,M_4435,Other
4436,pdnc,qID,Q602-0,you,205406,205409,4,739,9,M_4436,Other
4437,pdnc,qID,Q602-0,Dorian,205411,205417,4,739,9,M_4437,Other
4438,booknlp,COREF,121,he,205420,205422,2,739,9,M_4438,Other
4439,booknlp,COREF,121,I,205438,205439,2,739,9,M_4439,Other
4440,booknlp,COREF,121,me,205473,205475,2,739,9,M_4440,Other
4441,pdnc,qID,Q602-1,you,205476,205479,4,739,9,M_4441,Other
4442,booknlp,COREF,121,I,205510,205511,2,739,9,M_4442,Other
4443,booknlp,COREF,121,I,205542,205543,2,739,9,M_4443,Other
4444,pdnc,qID,Q602-1,you,205549,205552,4,739,9,M_4444,Other
4445,pdnc,qID,Q602-1,you,205573,205576,4,739,9,M_4445,Other
4446,booknlp,COREF,121,I,205597,205598,2,739,9,M_4446,Other
4447,booknlp,COREF,121,I,205685,205686,2,739,9,M_4447,Other
4448,pdnc,qID,Q602-1,you,205693,205696,4,739,9,M_4448,Other
4449,booknlp,COREF,121,me,205724,205726,2,739,9,M_4449,Other
4450,pdnc,qID,Q602-1,you,205732,205735,4,739,9,M_4450,Other
4451,booknlp,COREF,121,I,205755,205756,2,739,9,M_4451,Other
4452,booknlp,COREF,121,I,205822,205823,2,739,9,M_4452,Other
4453,booknlp,COREF,121,I,205847,205848,2,739,9,M_4453,Other
4454,pdnc,qID,Q602-1,you,205900,205903,4,739,9,M_4454,Other
4455,booknlp,COREF,121,I,205905,205906,2,739,9,M_4455,Other
4456,pdnc,qID,Q602-1,you,205918,205921,4,739,9,M_4456,Other
4457,booknlp,COREF,121,I,205939,205940,2,739,9,M_4457,Other
4458,booknlp,COREF,121,I,205967,205968,2,739,9,M_4458,Other
4459,pdnc,qID,Q602-1,you,205979,205982,4,739,9,M_4459,Other
4460,pdnc,qID,Q602-1,you,206011,206014,4,739,9,M_4460,Other
4461,pdnc,qID,Q602-1,you,206020,206023,4,739,9,M_4461,Other
4462,pdnc,qID,Q602-1,the girl s mother,206040,206057,25,739,9,M_4462,Other
4463,booknlp,COREF,121,I,206072,206073,2,739,9,M_4463,Other
4464,pdnc,qID,Q602-1,you,206095,206098,4,739,9,M_4464,Other
4465,booknlp,COREF,121,I,206186,206187,2,739,9,M_4465,Other
4466,booknlp,COREF,121,I,206231,206232,2,739,9,M_4466,Other
4467,pdnc,qID,Q602-1,Poor woman,206252,206262,25,739,9,M_4467,Other
4468,pdnc,qID,Q602-1,her only child,206297,206311,31,739,9,M_4468,Other
4469,pdnc,qID,Q603-0,My dear Basil,206352,206365,2,740,9,M_4469,Other
4470,booknlp,COREF,117,I,206374,206375,4,740,9,M_4470,Other
4471,exp,exp_name,dorian gray,Dorian Gray,206392,206403,4,740,9,M_4471,PROPN
4472,booknlp,COREF,121,I,206520,206521,2,740,9,M_4472,Other
4473,pdnc,qID,Q603-1,You,206540,206543,2,740,9,M_4473,Other
4474,booknlp,COREF,121,I,206571,206572,2,740,9,M_4474,Other
4475,pdnc,qID,Q603-1,Harry,206593,206598,19,740,9,M_4475,PROPN
4476,pdnc,qID,Q603-1,Harry,206821,206826,19,740,9,M_4476,PROPN
4477,booknlp,COREF,121,I,206863,206864,2,740,9,M_4477,Other
4478,pdnc,qID,Q603-1,she,206882,206885,31,740,9,M_4478,Other
4479,pdnc,qID,Q603-1,a charming fellow,206934,206951,11,740,9,M_4479,Other
4480,booknlp,COREF,121,I,206953,206954,2,740,9,M_4480,Other
4481,pdnc,qID,Q603-1,he,206968,206970,11,740,9,M_4481,Other
4482,pdnc,qID,Q603-1,He,206992,206994,11,740,9,M_4482,Other
4483,exp,exp_name,sailor,sailor,207000,207006,30,740,9,M_4483,PROPN
4484,booknlp,COREF,121,me,207036,207038,2,740,9,M_4484,Other
4485,pdnc,qID,Q603-1,you,207063,207066,2,740,9,M_4485,Other
4486,pdnc,qID,Q604-0,You,207084,207087,4,741,9,M_4486,Other
4487,exp,exp_name,hallward,Hallward,207113,207121,2,741,9,M_4487,PROPN
4488,booknlp,COREF,121,his,207181,207184,2,741,9,M_4488,Other
4489,pdnc,qID,Q604-1,You,207193,207196,4,741,9,M_4489,Other
4490,pdnc,qID,Q604-1,Sibyl Vane,207221,207231,31,741,9,M_4490,PROPN
4491,pdnc,qID,Q604-1,You,207271,207274,4,741,9,M_4491,Other
4492,booknlp,COREF,121,me,207287,207289,2,741,9,M_4492,Other
4493,pdnc,qID,Q604-1,the girl you loved,207359,207377,31,741,9,M_4493,Other
4494,pdnc,qID,Q604-1,man,207426,207429,4,741,9,M_4494,Other
4495,pdnc,qID,Q604-1,hers,207488,207492,31,741,9,M_4495,Other
4496,pdnc,qID,Q605-0,Basil,207503,207508,2,742,9,M_4496,PROPN
4497,booknlp,COREF,961,I,207510,207511,4,742,9,M_4497,Other
4498,exp,exp_name,dorian,Dorian,207534,207540,4,742,9,M_4498,PROPN
4499,booknlp,COREF,961,his,207553,207556,4,742,9,M_4499,Other
4500,pdnc,qID,Q605-1,You,207564,207567,2,742,9,M_4500,Other
4501,booknlp,COREF,961,me,207582,207584,4,742,9,M_4501,Other
4502,pdnc,qID,Q606-0,You,207646,207649,4,743,9,M_4502,Other
4503,exp,exp_name,man,man,207803,207806,30,744,9,M_4503,PROPN
4504,booknlp,COREF,961,I,207888,207889,4,744,9,M_4504,Other
4505,booknlp,COREF,961,my,207923,207925,4,744,9,M_4505,Other
4506,booknlp,COREF,961,I,207936,207937,4,744,9,M_4506,Other
4507,pdnc,qID,Q608-0,Dorian,207996,208002,4,745,9,M_4507,Other
4508,pdnc,qID,Q608-0,you,208044,208047,4,745,9,M_4508,Other
4509,pdnc,qID,Q608-0,You,208060,208063,4,745,9,M_4509,Other
4510,pdnc,qID,Q608-0,the same wonderful boy,208077,208099,4,745,9,M_4510,Other
4511,booknlp,COREF,121,my,208141,208143,2,745,9,M_4511,Other
4512,pdnc,qID,Q608-0,his,208162,208165,4,745,9,M_4512,Other
4513,pdnc,qID,Q608-0,you,208179,208182,4,745,9,M_4513,Other
4514,pdnc,qID,Q608-0,You,208228,208231,4,745,9,M_4514,Other
4515,booknlp,COREF,121,I,208290,208291,2,745,9,M_4515,Other
4516,pdnc,qID,Q608-0,you,208322,208325,4,745,9,M_4516,Other
4517,pdnc,qID,Q608-0,You,208327,208330,4,745,9,M_4517,Other
4518,pdnc,qID,Q608-0,you,208342,208345,4,745,9,M_4518,Other
4519,pdnc,qID,Q608-0,you,208371,208374,4,745,9,M_4519,Other
4520,pdnc,qID,Q608-0,Harry,208386,208391,19,745,9,M_4520,PROPN
4521,booknlp,COREF,121,I,208405,208406,2,745,9,M_4521,Other
4522,exp,exp_name,the lad,The lad,208419,208426,41,746,9,M_4522,PROPN
4523,booknlp,COREF,427,I,208539,208540,41,746,9,M_4523,Other
4524,pdnc,qID,Q609-0,Harry,208561,208566,19,746,9,M_4524,PROPN
4525,pdnc,qID,Q609-0,Basil,208568,208573,2,746,9,M_4525,PROPN
4526,booknlp,COREF,427,he,208576,208578,41,746,9,M_4526,Other
4527,booknlp,COREF,427,I,208604,208605,41,746,9,M_4527,Other
4528,pdnc,qID,Q609-1,you,208613,208616,2,746,9,M_4528,Other
4529,pdnc,qID,Q609-1,You,208618,208621,2,746,9,M_4529,Other
4530,booknlp,COREF,427,me,208634,208636,41,746,9,M_4530,Other
4531,booknlp,COREF,427,I,208658,208659,41,747,9,M_4531,Other
4532,pdnc,qID,Q610-0,Dorian,208682,208688,4,747,9,M_4532,Other
4533,booknlp,COREF,427,I,208714,208715,41,748,9,M_4533,Other
4534,pdnc,qID,Q611-0,you,208732,208735,2,748,9,M_4534,Other
4535,pdnc,qID,Q611-0,Basil,208742,208747,2,748,9,M_4535,PROPN
4536,booknlp,COREF,427,he,208750,208752,41,748,9,M_4536,Other
4537,booknlp,COREF,427,I,208780,208781,41,748,9,M_4537,Other
4538,pdnc,qID,Q611-1,you,208798,208801,2,748,9,M_4538,Other
4539,pdnc,qID,Q611-1,you,208816,208819,2,748,9,M_4539,Other
4540,booknlp,COREF,357,I,208829,208830,39,749,9,M_4540,Other
4541,pdnc,qID,Q612-0,Dorian Gray,208840,208851,4,749,9,M_4541,PROPN
4542,booknlp,COREF,357,I,208852,208853,39,749,9,M_4542,Other
4543,exp,exp_name,the artist,the artist,208875,208885,39,749,9,M_4543,PROPN
4544,pdnc,qID,Q613-0,Basil,208895,208900,2,750,9,M_4544,PROPN
4545,exp,exp_name,the lad,the lad,208908,208915,41,750,9,M_4545,PROPN
4546,booknlp,COREF,427,him,208931,208934,41,750,9,M_4546,Other
4547,booknlp,COREF,427,his,208947,208950,41,750,9,M_4547,Other
4548,booknlp,COREF,427,his,208959,208962,41,750,9,M_4548,Other
4549,pdnc,qID,Q613-1,you,208974,208977,2,750,9,M_4549,Other
4550,booknlp,COREF,427,I,209014,209015,41,750,9,M_4550,Other
4551,pdnc,qID,Q613-1,Sibyl Vane,209027,209037,31,750,9,M_4551,PROPN
4552,booknlp,COREF,168,herself,209049,209056,31,750,9,M_4552,Other
4553,booknlp,COREF,168,herself,209068,209075,31,751,9,M_4553,Other
4554,exp,exp_name,hallward,Hallward,209128,209136,2,751,9,M_4554,PROPN
4555,booknlp,COREF,427,him,209152,209155,41,751,9,M_4555,Other
4556,pdnc,qID,Q615-0,My dear Basil,209188,209201,2,752,9,M_4556,Other
4557,pdnc,qID,Q615-0,you,209210,209213,2,752,9,M_4557,Other
4558,pdnc,qID,Q615-0,she,209262,209265,31,752,9,M_4558,Other
4559,booknlp,COREF,168,herself,209273,209280,31,752,9,M_4559,Other
4560,exp,exp_name,man,man,209294,209297,30,753,9,M_4560,PROPN
4561,exp,exp_name,dorian gray,Dorian Gray,209399,209410,4,754,9,M_4561,PROPN
4562,pdnc,qID,Q617-1,You,209626,209629,2,754,9,M_4562,Other
4563,booknlp,COREF,117,I,209640,209641,4,754,9,M_4563,Other
4564,pdnc,qID,Q617-1,Sibyl,209709,209714,31,754,9,M_4564,PROPN
4565,pdnc,qID,Q617-1,She,209720,209723,31,754,9,M_4565,Other
4566,pdnc,qID,Q617-1,her,209730,209733,31,754,9,M_4566,Other
4567,pdnc,qID,Q617-1,She,209750,209753,31,754,9,M_4567,Other
4568,pdnc,qID,Q617-1,she,209791,209794,31,754,9,M_4568,Other
4569,pdnc,qID,Q617-1,you,209812,209815,2,754,9,M_4569,Other
4570,pdnc,qID,Q617-1,her,209820,209823,31,754,9,M_4570,Other
4571,pdnc,qID,Q617-1,she,209824,209827,31,754,9,M_4571,Other
4572,pdnc,qID,Q617-1,she,209848,209851,31,754,9,M_4572,Other
4573,pdnc,qID,Q617-1,she,209888,209891,31,754,9,M_4573,Other
4574,pdnc,qID,Q617-1,she,209912,209915,31,754,9,M_4574,Other
4575,exp,exp_name,juliet,Juliet,209925,209931,12,754,9,M_4575,PROPN
4576,pdnc,qID,Q617-1,She,209949,209952,31,754,9,M_4576,Other
4577,pdnc,qID,Q617-1,her,210029,210032,31,754,9,M_4577,Other
4578,pdnc,qID,Q617-1,Her,210034,210037,31,754,9,M_4578,Other
4579,booknlp,COREF,117,I,210122,210123,4,754,9,M_4579,Other
4580,pdnc,qID,Q617-1,you,210136,210139,2,754,9,M_4580,Other
4581,booknlp,COREF,117,I,210155,210156,4,754,9,M_4581,Other
4582,pdnc,qID,Q617-1,you,210179,210182,2,754,9,M_4582,Other
4583,pdnc,qID,Q617-1,you,210279,210282,2,754,9,M_4583,Other
4584,booknlp,COREF,117,me,210300,210302,4,754,9,M_4584,Other
4585,pdnc,qID,Q617-1,Harry,210318,210323,19,754,9,M_4585,PROPN
4586,booknlp,COREF,117,me,210351,210353,4,754,9,M_4586,Other
4587,booknlp,COREF,117,I,210390,210391,4,754,9,M_4587,Other
4588,booknlp,COREF,117,I,210411,210412,4,754,9,M_4588,Other
4589,booknlp,COREF,117,I,210454,210455,4,754,9,M_4589,Other
4590,pdnc,qID,Q617-1,you,210522,210525,2,754,9,M_4590,Other
4591,pdnc,qID,Q617-1,Basil,210546,210551,2,754,9,M_4591,PROPN
4592,pdnc,qID,Q617-1,You,210553,210556,2,754,9,M_4592,Other
4593,booknlp,COREF,117,me,210583,210585,4,754,9,M_4593,Other
4594,pdnc,qID,Q617-1,you,210607,210610,2,754,9,M_4594,Other
4595,pdnc,qID,Q617-1,You,210612,210615,2,754,9,M_4595,Other
4596,booknlp,COREF,117,me,210621,210623,4,754,9,M_4596,Other
4597,pdnc,qID,Q617-1,you,210638,210641,2,754,9,M_4597,Other
4598,pdnc,qID,Q617-1,You,210686,210689,2,754,9,M_4598,Other
4599,booknlp,COREF,117,me,210697,210699,4,754,9,M_4599,Other
4600,pdnc,qID,Q617-1,Harry,210711,210716,19,754,9,M_4600,PROPN
4601,booknlp,COREF,117,me,210722,210724,4,754,9,M_4601,Other
4602,pdnc,qID,Q617-1,his,210782,210785,19,754,9,M_4602,Other
4603,booknlp,COREF,117,I,210861,210862,4,754,9,M_4603,Other
4604,pdnc,qID,Q617-1,he,210899,210901,19,754,9,M_4604,Other
4605,pdnc,qID,Q617-1,his,210938,210941,19,754,9,M_4605,Other
4606,pdnc,qID,Q617-1,He,210958,210960,19,754,9,M_4606,Other
4607,pdnc,qID,Q617-1,my dear old Basil,211064,211081,2,754,9,M_4607,Other
4608,pdnc,qID,Q617-1,you,211086,211089,2,754,9,M_4608,Other
4609,booknlp,COREF,117,me,211113,211115,4,754,9,M_4609,Other
4610,booknlp,COREF,117,me,211123,211125,4,754,9,M_4610,Other
4611,booknlp,COREF,117,I,211283,211284,4,754,9,M_4611,Other
4612,pdnc,qID,Q617-1,your,211337,211341,2,754,9,M_4612,Other
4613,booknlp,COREF,117,I,211403,211404,4,754,9,M_4613,Other
4614,pdnc,qID,Q617-1,that young man,211417,211431,4,754,9,M_4614,Other
4615,pdnc,qID,Q617-1,you,211432,211435,2,754,9,M_4615,Other
4616,booknlp,COREF,117,me,211441,211443,4,754,9,M_4616,Other
4617,pdnc,qID,Q617-1,the young man who used to say that yellow satin could console one for all the miseries of life,211485,211579,4,754,9,M_4617,Other
4618,booknlp,COREF,117,I,211581,211582,4,754,9,M_4618,Other
4619,pdnc,qID,Q617-1,they,211806,211810,4,754,9,M_4619,Other
4620,booknlp,COREF,117,me,211859,211861,4,754,9,M_4620,Other
4621,pdnc,qID,Q617-1,Harry,211909,211914,19,754,9,M_4621,PROPN
4622,booknlp,COREF,117,I,211957,211958,4,754,9,M_4622,Other
4623,pdnc,qID,Q617-1,you,211964,211967,2,754,9,M_4623,Other
4624,booknlp,COREF,117,my,211985,211987,4,754,9,M_4624,Other
4625,pdnc,qID,Q617-1,you,211999,212002,2,754,9,M_4625,Other
4626,pdnc,qID,Q617-1,You,212014,212017,2,754,9,M_4626,Other
4627,booknlp,COREF,117,I,212040,212041,4,754,9,M_4627,Other
4628,booknlp,COREF,117,I,212058,212059,4,754,9,M_4628,Other
4629,pdnc,qID,Q617-1,you,212081,212084,2,754,9,M_4629,Other
4630,booknlp,COREF,117,me,212090,212092,4,754,9,M_4630,Other
4631,booknlp,COREF,117,I,212094,212095,4,754,9,M_4631,Other
4632,exp,exp_name,man,man,212101,212104,30,754,9,M_4632,PROPN
4633,booknlp,COREF,117,I,212110,212111,4,754,9,M_4633,Other
4634,booknlp,COREF,117,I,212156,212157,4,754,9,M_4634,Other
4635,pdnc,qID,Q617-1,you,212176,212179,2,754,9,M_4635,Other
4636,booknlp,COREF,117,me,212194,212196,4,754,9,M_4636,Other
4637,booknlp,COREF,117,I,212203,212204,4,754,9,M_4637,Other
4638,pdnc,qID,Q617-1,you,212221,212224,2,754,9,M_4638,Other
4639,booknlp,COREF,117,my,212240,212242,4,754,9,M_4639,Other
4640,booknlp,COREF,117,I,212262,212263,4,754,9,M_4640,Other
4641,pdnc,qID,Q617-1,Harry,212280,212285,19,754,9,M_4641,PROPN
4642,booknlp,COREF,117,I,212291,212292,4,754,9,M_4642,Other
4643,pdnc,qID,Q617-1,you,212303,212306,2,754,9,M_4643,Other
4644,pdnc,qID,Q617-1,he,212323,212325,19,754,9,M_4644,Other
4645,pdnc,qID,Q617-1,You,212330,212333,2,754,9,M_4645,Other
4646,pdnc,qID,Q617-1,you,212351,212354,2,754,9,M_4646,Other
4647,pdnc,qID,Q617-1,you,212387,212390,2,754,9,M_4647,Other
4648,booknlp,COREF,117,me,212453,212455,4,754,9,M_4648,Other
4649,pdnc,qID,Q617-1,Basil,212457,212462,2,754,9,M_4649,PROPN
4650,booknlp,COREF,117,me,212487,212489,4,754,9,M_4650,Other
4651,booknlp,COREF,117,I,212491,212492,4,754,9,M_4651,Other
4652,booknlp,COREF,117,I,212501,212502,4,754,9,M_4652,Other
4653,exp,exp_name,the painter,The painter,212543,212554,42,755,9,M_4653,PROPN
4654,exp,exp_name,the lad,The lad,212577,212584,41,755,9,M_4654,PROPN
4655,booknlp,COREF,389,him,212608,212611,42,755,9,M_4655,Other
4656,booknlp,COREF,427,his,212617,212620,41,755,9,M_4656,Other
4657,booknlp,COREF,427,his,212669,212672,41,755,9,M_4657,Other
4658,booknlp,COREF,389,He,212678,212680,42,755,9,M_4658,Other
4659,booknlp,COREF,427,him,212720,212723,41,755,9,M_4659,Other
4660,booknlp,COREF,427,his,212745,212748,41,755,9,M_4660,Other
4661,booknlp,COREF,427,him,212832,212835,41,755,9,M_4661,Other
4662,booknlp,COREF,427,him,212862,212865,41,755,9,M_4662,Other
4663,pdnc,qID,Q618-0,Dorian,212890,212896,4,756,9,M_4663,Other
4664,booknlp,COREF,427,he,212899,212901,41,756,9,M_4664,Other
4665,booknlp,COREF,427,I,212937,212938,41,756,9,M_4665,Other
4666,pdnc,qID,Q618-1,you,212954,212957,4,756,9,M_4666,Other
4667,booknlp,COREF,427,I,213005,213006,41,756,9,M_4667,Other
4668,pdnc,qID,Q618-1,your,213018,213022,4,756,9,M_4668,Other
4669,pdnc,qID,Q618-1,you,213134,213137,4,756,9,M_4669,Other
4670,exp,exp_name,dorian,Dorian,213141,213147,4,757,9,M_4670,PROPN
4671,booknlp,COREF,117,his,213154,213157,4,757,9,M_4671,Other
4672,booknlp,COREF,117,his,213200,213203,4,757,9,M_4672,Other
4673,booknlp,COREF,117,my,213334,213336,4,757,9,M_4673,Other
4674,booknlp,COREF,117,he,213344,213346,4,757,9,M_4674,Other
4675,pdnc,qID,Q620-0,she,213370,213373,31,758,9,M_4675,Other
4676,booknlp,COREF,117,my,213387,213389,4,759,9,M_4676,Other
4677,booknlp,COREF,117,I,213415,213416,4,759,9,M_4677,Other
4678,pdnc,qID,Q621-0,she,213431,213434,31,759,9,M_4678,Other
4679,pdnc,qID,Q621-0,She,213463,213466,31,759,9,M_4679,Other
4680,booknlp,COREF,117,me,213472,213474,4,759,9,M_4680,Other
4681,booknlp,COREF,117,I,213527,213528,4,759,9,M_4681,Other
4682,pdnc,qID,Q621-0,she,213543,213546,31,759,9,M_4682,Other
4683,booknlp,COREF,117,my,213568,213570,4,759,9,M_4683,Other
4684,exp,exp_name,prince charming,Prince Charming,213580,213595,4,759,9,M_4684,PROPN
4685,pdnc,qID,Q621-0,her,213614,213617,31,759,9,M_4685,Other
4686,pdnc,qID,Q621-0,You,213619,213622,2,759,9,M_4686,Other
4687,booknlp,COREF,117,me,213631,213633,4,759,9,M_4687,Other
4688,pdnc,qID,Q621-0,Sibyl,213647,213652,31,759,9,M_4688,PROPN
4689,pdnc,qID,Q621-0,Basil,213654,213659,2,759,9,M_4689,PROPN
4690,booknlp,COREF,117,I,213661,213662,4,759,9,M_4690,Other
4691,pdnc,qID,Q621-0,her,213701,213704,31,759,9,M_4691,Other
4692,booknlp,COREF,117,I,213772,213773,4,760,9,M_4692,Other
4693,pdnc,qID,Q622-0,Dorian,213801,213807,4,760,9,M_4693,Other
4694,pdnc,qID,Q622-0,you,213828,213831,4,760,9,M_4694,Other
4695,pdnc,qID,Q622-0,you,213837,213840,4,760,9,M_4695,Other
4696,booknlp,COREF,117,me,213862,213864,4,760,9,M_4696,Other
4697,booknlp,COREF,117,yourself,213865,213873,4,760,9,M_4697,Other
4698,booknlp,COREF,117,I,213881,213882,4,760,9,M_4698,Other
4699,pdnc,qID,Q622-0,you,213904,213907,4,760,9,M_4699,Other
4700,pdnc,qID,Q623-0,you,213931,213934,2,761,9,M_4700,Other
4701,pdnc,qID,Q623-0,Basil,213942,213947,2,761,9,M_4701,PROPN
4702,exp,exp_name,the painter,The painter,213998,214009,42,762,9,M_4702,PROPN
4703,pdnc,qID,Q624-0,My dear boy,214026,214037,4,762,9,M_4703,Other
4704,pdnc,qID,Q624-1,you,214069,214072,4,762,9,M_4704,Other
4705,pdnc,qID,Q624-1,you,214085,214088,4,762,9,M_4705,Other
4706,pdnc,qID,Q624-1,you,214114,214117,4,762,9,M_4706,Other
4707,pdnc,qID,Q624-1,you,214141,214144,4,762,9,M_4707,Other
4708,pdnc,qID,Q624-1,Dorian,214262,214268,4,762,9,M_4708,Other
4709,pdnc,qID,Q624-1,your servant,214298,214310,36,762,9,M_4709,Other
4710,pdnc,qID,Q625-0,My servant,214387,214397,36,763,9,M_4710,Other
4711,pdnc,qID,Q625-0,Basil,214425,214430,2,763,9,M_4711,PROPN
4712,pdnc,qID,Q625-0,You,214432,214435,2,763,9,M_4712,Other
4713,pdnc,qID,Q625-0,him,214456,214459,36,763,9,M_4713,Other
4714,pdnc,qID,Q625-0,He,214484,214486,36,763,9,M_4714,Other
4715,booknlp,COREF,121,my,214626,214628,2,764,9,M_4715,Other
4716,booknlp,COREF,121,me,214679,214681,2,764,9,M_4716,Other
4717,exp,exp_name,hallward,Hallward,214695,214703,2,764,9,M_4717,PROPN
4718,exp,exp_name,dorian gray,Dorian Gray,214771,214782,4,765,9,M_4718,PROPN
4719,booknlp,COREF,117,he,214795,214797,4,765,9,M_4719,Other
4720,exp,exp_name,the painter,the painter,214813,214824,42,765,9,M_4720,PROPN
4721,pdnc,qID,Q627-0,Basil,214842,214847,2,765,9,M_4721,PROPN
4722,booknlp,COREF,117,he,214850,214852,4,765,9,M_4722,Other
4723,pdnc,qID,Q627-1,you,214879,214882,2,765,9,M_4723,Other
4724,booknlp,COREF,117,I,214904,214905,4,765,9,M_4724,Other
4725,pdnc,qID,Q627-1,you,214917,214920,2,765,9,M_4725,Other
4726,booknlp,COREF,121,my,214940,214942,2,766,9,M_4726,Other
4727,pdnc,qID,Q628-0,You,214953,214956,4,766,9,M_4727,Other
4728,booknlp,COREF,121,I,214988,214989,2,766,9,M_4728,Other
4729,exp,exp_name,hallward,Hallward,215013,215021,2,766,9,M_4729,PROPN
4730,pdnc,qID,Q629-0,you,215038,215041,2,767,9,M_4730,Other
4731,pdnc,qID,Q629-0,Basil,215061,215066,2,767,9,M_4731,PROPN
4732,booknlp,COREF,117,my,215071,215073,4,767,9,M_4732,Other
4733,booknlp,COREF,117,I,215089,215090,4,767,9,M_4733,Other
4734,pdnc,qID,Q629-0,you,215111,215114,2,767,9,M_4734,Other
4735,booknlp,COREF,117,I,215132,215133,4,767,9,M_4735,Other
4736,booknlp,COREF,117,I,215140,215141,4,767,9,M_4736,Other
4737,booknlp,COREF,117,I,215160,215161,4,767,9,M_4737,Other
4738,pdnc,qID,Q629-0,you,215195,215198,2,767,9,M_4738,Other
4739,pdnc,qID,Q629-0,you,215241,215244,2,767,9,M_4739,Other
4740,exp,exp_name,hallward,Hallward,215297,215305,2,768,9,M_4740,PROPN
4741,booknlp,COREF,121,He,215325,215327,2,768,9,M_4741,Other
4742,exp,exp_name,dorian gray,Dorian Gray,215338,215349,4,768,9,M_4742,PROPN
4743,booknlp,COREF,121,He,215373,215375,2,768,9,M_4743,Other
4744,booknlp,COREF,117,him,215391,215394,4,768,9,M_4744,Other
4745,exp,exp_name,the lad,The lad,215413,215420,41,768,9,M_4745,PROPN
4746,booknlp,COREF,427,His,215452,215455,41,768,9,M_4746,Other
4747,booknlp,COREF,427,his,215495,215498,41,768,9,M_4747,Other
4748,booknlp,COREF,427,He,215534,215536,41,768,9,M_4748,Other
4749,pdnc,qID,Q630-0,Dorian,215563,215569,4,769,9,M_4749,Other
4750,booknlp,COREF,427,I,215624,215625,41,771,9,M_4750,Other
4751,pdnc,qID,Q632-0,you,215646,215649,4,771,9,M_4751,Other
4752,booknlp,COREF,427,me,215661,215663,41,771,9,M_4752,Other
4753,booknlp,COREF,427,he,215669,215671,41,771,9,M_4753,Other
4754,booknlp,COREF,427,his,215704,215707,41,771,9,M_4754,Other
4755,booknlp,COREF,427,I,215790,215791,41,771,9,M_4755,Other
4756,booknlp,COREF,427,my,215806,215808,41,771,9,M_4756,Other
4757,booknlp,COREF,427,I,215833,215834,41,771,9,M_4757,Other
4758,booknlp,COREF,427,I,215882,215883,41,771,9,M_4758,Other
4759,booknlp,COREF,427,I,215955,215956,41,771,9,M_4759,Other
4760,pdnc,qID,Q633-0,You,216017,216020,2,772,9,M_4760,Other
4761,exp,exp_name,dorian gray,Dorian Gray,216052,216063,4,772,9,M_4761,PROPN
4762,booknlp,COREF,117,him,216105,216108,4,772,9,M_4762,Other
4763,booknlp,COREF,117,his,216142,216145,4,772,9,M_4763,Other
4764,booknlp,COREF,117,his,216192,216195,4,772,9,M_4764,Other
4765,booknlp,COREF,117,he,216233,216235,4,772,9,M_4765,Other
4766,booknlp,COREF,117,I,216285,216286,4,773,9,M_4766,Other
4767,pdnc,qID,Q634-0,you,216301,216304,4,773,9,M_4767,Other
4768,booknlp,COREF,117,my,216364,216366,4,773,9,M_4768,Other
4769,booknlp,COREF,117,I,216509,216510,4,773,9,M_4769,Other
4770,pdnc,qID,Q634-0,you,216524,216527,4,773,9,M_4770,Other
4771,pdnc,qID,Q634-0,you,216574,216577,4,773,9,M_4771,Other
4772,pdnc,qID,Q634-0,you,216613,216616,4,773,9,M_4772,Other
4773,pdnc,qID,Q634-0,you,216649,216652,4,773,9,M_4773,Other
4774,exp,exp_name,dorian gray,Dorian Gray,216681,216692,4,774,9,M_4774,PROPN
4775,booknlp,COREF,117,his,216700,216703,4,774,9,M_4775,Other
4776,booknlp,COREF,117,his,216714,216717,4,774,9,M_4776,Other
4777,booknlp,COREF,117,He,216768,216770,4,774,9,M_4777,Other
4778,booknlp,COREF,117,he,216781,216783,4,774,9,M_4778,Other
4779,booknlp,COREF,2939,You,216824,216827,4,774,9,M_4779,Other
4780,booknlp,COREF,117,me,216833,216835,4,774,9,M_4780,Other
4781,booknlp,COREF,2939,you,216853,216856,4,774,9,M_4781,Other
4782,booknlp,COREF,117,he,216882,216884,4,774,9,M_4782,Other
4783,booknlp,COREF,2939,you,216902,216905,4,774,9,M_4783,Other
4784,booknlp,COREF,2939,your,216914,216918,4,774,9,M_4784,Other
4785,pdnc,qID,Q635-1,You,216925,216928,4,774,9,M_4785,Other
4786,pdnc,qID,Q635-1,your,217035,217039,4,774,9,M_4786,Other
4787,booknlp,COREF,2939,You,217070,217073,4,774,9,M_4787,Other
4788,booknlp,COREF,2939,you,217100,217103,4,774,9,M_4788,Other
4789,booknlp,COREF,117,me,217112,217114,4,774,9,M_4789,Other
4790,booknlp,COREF,2939,you,217168,217171,4,774,9,M_4790,Other
4791,booknlp,COREF,2939,You,217202,217205,4,774,9,M_4791,Other
4792,pdnc,qID,Q635-1,Harry,217211,217216,19,774,9,M_4792,PROPN
4793,booknlp,COREF,117,He,217242,217244,4,774,9,M_4793,Other
4794,booknlp,COREF,117,his,217294,217297,4,774,9,M_4794,Other
4795,booknlp,COREF,117,He,217304,217306,4,774,9,M_4795,Other
4796,exp,exp_name,lord henry,Lord Henry,217323,217333,19,774,9,M_4796,PROPN
4797,booknlp,COREF,117,him,217346,217349,4,774,9,M_4797,Other
4798,booknlp,COREF,117,you,217393,217396,4,774,9,M_4798,Other
4799,exp,exp_name,basil,Basil,217444,217449,2,774,9,M_4799,PROPN
4800,booknlp,COREF,117,you,217458,217461,4,774,9,M_4800,Other
4801,booknlp,COREF,121,he,217466,217468,2,774,9,M_4801,Other
4802,booknlp,COREF,117,your,217483,217487,4,774,9,M_4802,Other
4803,booknlp,COREF,121,He,217497,217499,2,774,9,M_4803,Other
4804,booknlp,COREF,120,me,217505,217507,19,774,9,M_4804,Other
4805,booknlp,COREF,121,he,217512,217514,2,774,9,M_4805,Other
4806,booknlp,COREF,120,me,217552,217554,19,774,9,M_4806,Other
4807,exp,exp_name,basil,Basil,217570,217575,2,774,9,M_4807,PROPN
4808,booknlp,COREF,121,his,217586,217589,2,774,9,M_4808,Other
4809,booknlp,COREF,121,He,217598,217600,2,774,9,M_4809,Other
4810,booknlp,COREF,121,him,217611,217614,2,774,9,M_4810,Other
4811,pdnc,qID,Q636-0,Basil,217626,217631,2,775,9,M_4811,PROPN
4812,booknlp,COREF,117,he,217634,217636,4,775,9,M_4812,Other
4813,booknlp,COREF,117,him,217679,217682,4,775,9,M_4813,Other
4814,booknlp,COREF,117,me,217739,217741,4,775,9,M_4814,Other
4815,pdnc,qID,Q636-1,yours,217747,217752,2,775,9,M_4815,Other
4816,booknlp,COREF,117,I,217758,217759,4,775,9,M_4816,Other
4817,pdnc,qID,Q636-1,you,217771,217774,2,775,9,M_4817,Other
4818,booknlp,COREF,117,mine,217775,217779,4,775,9,M_4818,Other
4819,pdnc,qID,Q636-1,your,217790,217794,2,775,9,M_4819,Other
4820,booknlp,COREF,117,my,217826,217828,4,775,9,M_4820,Other
4821,exp,exp_name,the painter,The painter,217840,217851,42,776,9,M_4821,PROPN
4822,booknlp,COREF,389,himself,217874,217881,42,776,9,M_4822,Other
4823,pdnc,qID,Q637-0,Dorian,217884,217890,4,776,9,M_4823,Other
4824,booknlp,COREF,389,I,217895,217896,42,776,9,M_4824,Other
4825,pdnc,qID,Q637-0,you,217902,217905,4,776,9,M_4825,Other
4826,pdnc,qID,Q637-0,you,217907,217910,4,776,9,M_4826,Other
4827,booknlp,COREF,389,me,217922,217924,42,776,9,M_4827,Other
4828,pdnc,qID,Q637-0,you,217935,217938,4,776,9,M_4828,Other
4829,pdnc,qID,Q637-0,you,217947,217950,4,776,9,M_4829,Other
4830,booknlp,COREF,389,me,217976,217978,42,776,9,M_4830,Other
4831,booknlp,COREF,389,I,217980,217981,42,776,9,M_4831,Other
4832,pdnc,qID,Q637-0,your,217997,218001,4,776,9,M_4832,Other
4833,pdnc,qID,Q637-0,you,218039,218042,4,776,9,M_4833,Other
4834,booknlp,COREF,389,me,218048,218050,42,776,9,M_4834,Other
4835,pdnc,qID,Q637-0,your,218068,218072,4,776,9,M_4835,Other
4836,booknlp,COREF,389,I,218088,218089,42,776,9,M_4836,Other
4837,booknlp,COREF,389,I,218102,218103,42,776,9,M_4837,Other
4838,pdnc,qID,Q637-0,you,218116,218119,4,776,9,M_4838,Other
4839,pdnc,qID,Q637-0,you,218135,218138,4,776,9,M_4839,Other
4840,booknlp,COREF,389,I,218158,218159,42,776,9,M_4840,Other
4841,booknlp,COREF,389,I,218204,218205,42,776,9,M_4841,Other
4842,pdnc,qID,Q637-0,Your,218220,218224,4,776,9,M_4842,Other
4843,booknlp,COREF,389,me,218249,218251,42,776,9,M_4843,Other
4844,pdnc,qID,Q638-0,Basil,218288,218293,2,777,9,M_4844,PROPN
4845,pdnc,qID,Q638-0,you,218295,218298,2,777,9,M_4845,Other
4846,booknlp,COREF,117,me,218309,218311,4,777,9,M_4846,Other
4847,exp,exp_name,dorian gray,Dorian Gray,218323,218334,4,777,9,M_4847,PROPN
4848,booknlp,COREF,117,I,218337,218338,4,777,9,M_4848,Other
4849,booknlp,COREF,117,I,218345,218346,4,777,9,M_4849,Other
4850,booknlp,COREF,117,His,218370,218373,4,777,9,M_4850,Other
4851,booknlp,COREF,117,He,218444,218446,4,777,9,M_4851,Other
4852,exp,exp_name,basil hallward,Basil Hallward,218474,218488,2,777,9,M_4852,PROPN
4853,pdnc,qID,Q639-0,Dorian,218519,218525,4,778,9,M_4853,Other
4854,exp,exp_name,the painter,the painter,218533,218544,42,778,9,M_4854,PROPN
4855,booknlp,COREF,389,me,218598,218600,42,778,9,M_4855,Other
4856,pdnc,qID,Q639-1,you,218620,218623,4,778,9,M_4856,Other
4857,pdnc,qID,Q639-1,you,218714,218717,4,778,9,M_4857,Other
4858,pdnc,qID,Q639-1,you,218747,218750,4,778,9,M_4858,Other
4859,pdnc,qID,Q640-0,Basil,218764,218769,2,779,9,M_4859,PROPN
4860,exp,exp_name,the lad,the lad,218778,218785,41,779,9,M_4860,PROPN
4861,booknlp,COREF,427,his,218809,218812,41,779,9,M_4861,Other
4862,booknlp,COREF,427,him,218854,218857,41,779,9,M_4862,Other
4863,booknlp,COREF,389,I,218885,218886,42,780,9,M_4863,Other
4864,pdnc,qID,Q641-0,you,218891,218894,4,780,9,M_4864,Other
4865,pdnc,qID,Q641-0,you,218923,218926,4,780,9,M_4865,Other
4866,booknlp,COREF,389,I,218937,218938,42,780,9,M_4866,Other
4867,pdnc,qID,Q641-0,Dorian,218952,218958,4,780,9,M_4867,Other
4868,booknlp,COREF,389,I,218976,218977,42,780,9,M_4868,Other
4869,pdnc,qID,Q641-0,you,218982,218985,4,780,9,M_4869,Other
4870,pdnc,qID,Q641-0,your,218987,218991,4,780,9,M_4870,Other
4871,booknlp,COREF,389,me,219046,219048,42,780,9,M_4871,Other
4872,booknlp,COREF,389,I,219050,219051,42,780,9,M_4872,Other
4873,pdnc,qID,Q641-0,you,219094,219097,4,780,9,M_4873,Other
4874,pdnc,qID,Q641-0,You,219099,219102,4,780,9,M_4874,Other
4875,booknlp,COREF,389,me,219113,219115,42,780,9,M_4875,Other
4876,booknlp,COREF,389,I,219217,219218,42,780,9,M_4876,Other
4877,pdnc,qID,Q641-0,you,219230,219233,4,780,9,M_4877,Other
4878,booknlp,COREF,389,I,219235,219236,42,780,9,M_4878,Other
4879,pdnc,qID,Q641-0,you,219271,219274,4,780,9,M_4879,Other
4880,booknlp,COREF,389,I,219282,219283,42,780,9,M_4880,Other
4881,pdnc,qID,Q641-0,you,219299,219302,4,780,9,M_4881,Other
4882,booknlp,COREF,389,myself,219310,219316,42,780,9,M_4882,Other
4883,booknlp,COREF,389,I,219318,219319,42,780,9,M_4883,Other
4884,booknlp,COREF,389,I,219340,219341,42,780,9,M_4884,Other
4885,pdnc,qID,Q641-0,you,219351,219354,4,780,9,M_4885,Other
4886,pdnc,qID,Q641-0,you,219361,219364,4,780,9,M_4886,Other
4887,booknlp,COREF,389,me,219380,219382,42,780,9,M_4887,Other
4888,pdnc,qID,Q641-0,you,219384,219387,4,780,9,M_4888,Other
4889,booknlp,COREF,389,my,219410,219412,42,780,9,M_4889,Other
4890,booknlp,COREF,389,I,219432,219433,42,780,9,M_4890,Other
4891,pdnc,qID,Q641-0,you,219444,219447,4,780,9,M_4891,Other
4892,pdnc,qID,Q641-0,You,219505,219508,4,780,9,M_4892,Other
4893,booknlp,COREF,389,I,219539,219540,42,780,9,M_4893,Other
4894,booknlp,COREF,389,myself,219562,219568,42,780,9,M_4894,Other
4895,booknlp,COREF,389,I,219570,219571,42,780,9,M_4895,Other
4896,booknlp,COREF,389,I,219587,219588,42,780,9,M_4896,Other
4897,booknlp,COREF,389,my,219666,219668,42,780,9,M_4897,Other
4898,booknlp,COREF,389,I,219837,219838,42,780,9,M_4898,Other
4899,pdnc,qID,Q641-0,you,219870,219873,4,780,9,M_4899,Other
4900,booknlp,COREF,389,I,219904,219905,42,780,9,M_4900,Other
4901,pdnc,qID,Q641-0,you,219916,219919,4,780,9,M_4901,Other
4902,pdnc,qID,Q641-0,you,220042,220045,4,780,9,M_4902,Other
4903,booknlp,COREF,211,Adrian,220069,220075,0,780,9,M_4903,Other
4904,pdnc,qID,Q641-0,You,220122,220125,4,780,9,M_4904,Other
4905,pdnc,qID,Q641-0,your,220232,220236,4,780,9,M_4905,Other
4906,booknlp,COREF,389,I,220339,220340,42,780,9,M_4906,Other
4907,booknlp,COREF,389,I,220358,220359,42,780,9,M_4907,Other
4908,pdnc,qID,Q641-0,you,220404,220407,4,780,9,M_4908,Other
4909,pdnc,qID,Q641-0,you,220411,220414,4,780,9,M_4909,Other
4910,pdnc,qID,Q641-0,your,220469,220473,4,780,9,M_4910,Other
4911,pdnc,qID,Q641-0,your,220491,220495,4,780,9,M_4911,Other
4912,pdnc,qID,Q641-0,your,220570,220574,4,780,9,M_4912,Other
4913,booknlp,COREF,389,me,220619,220621,42,780,9,M_4913,Other
4914,booknlp,COREF,389,I,220644,220645,42,780,9,M_4914,Other
4915,booknlp,COREF,389,I,220663,220664,42,780,9,M_4915,Other
4916,booknlp,COREF,389,I,220678,220679,42,780,9,M_4916,Other
4917,booknlp,COREF,389,me,220735,220737,42,780,9,M_4917,Other
4918,booknlp,COREF,389,my,220748,220750,42,780,9,M_4918,Other
4919,booknlp,COREF,389,I,220759,220760,42,780,9,M_4919,Other
4920,booknlp,COREF,389,my,220799,220801,42,780,9,M_4920,Other
4921,booknlp,COREF,389,I,220812,220813,42,780,9,M_4921,Other
4922,pdnc,qID,Q641-0,Dorian,220820,220826,4,780,9,M_4922,Other
4923,booknlp,COREF,389,I,220833,220834,42,780,9,M_4923,Other
4924,booknlp,COREF,389,I,220859,220860,42,780,9,M_4924,Other
4925,booknlp,COREF,389,myself,220881,220887,42,780,9,M_4925,Other
4926,booknlp,COREF,389,I,220914,220915,42,780,9,M_4926,Other
4927,pdnc,qID,Q641-0,You,220969,220972,4,780,9,M_4927,Other
4928,pdnc,qID,Q641-0,you,221005,221008,4,780,9,M_4928,Other
4929,booknlp,COREF,389,me,221046,221048,42,780,9,M_4929,Other
4930,pdnc,qID,Q641-0,Harry,221050,221055,19,780,9,M_4930,PROPN
4931,booknlp,COREF,389,I,221065,221066,42,780,9,M_4931,Other
4932,booknlp,COREF,389,me,221095,221097,42,780,9,M_4932,Other
4933,booknlp,COREF,389,I,221103,221104,42,780,9,M_4933,Other
4934,booknlp,COREF,389,I,221159,221160,42,780,9,M_4934,Other
4935,booknlp,COREF,389,I,221180,221181,42,780,9,M_4935,Other
4936,booknlp,COREF,389,I,221192,221193,42,780,9,M_4936,Other
4937,booknlp,COREF,389,my,221246,221248,42,780,9,M_4937,Other
4938,booknlp,COREF,389,I,221272,221273,42,780,9,M_4938,Other
4939,booknlp,COREF,389,me,221347,221349,42,780,9,M_4939,Other
4940,booknlp,COREF,389,I,221355,221356,42,780,9,M_4940,Other
4941,booknlp,COREF,389,I,221392,221393,42,780,9,M_4941,Other
4942,pdnc,qID,Q641-0,you,221434,221437,4,780,9,M_4942,Other
4943,booknlp,COREF,389,I,221475,221476,42,780,9,M_4943,Other
4944,booknlp,COREF,389,I,221499,221500,42,780,9,M_4944,Other
4945,booknlp,COREF,389,me,221753,221755,42,780,9,M_4945,Other
4946,exp,exp_name,the artist,the artist,221774,221784,39,780,9,M_4946,PROPN
4947,booknlp,COREF,357,him,221826,221829,39,780,9,M_4947,Other
4948,booknlp,COREF,389,I,221843,221844,42,780,9,M_4948,Other
4949,booknlp,COREF,389,I,221872,221873,42,780,9,M_4949,Other
4950,pdnc,qID,Q641-0,your,221893,221897,4,780,9,M_4950,Other
4951,booknlp,COREF,389,my,221930,221932,42,780,9,M_4951,Other
4952,booknlp,COREF,389,me,221966,221968,42,780,9,M_4952,Other
4953,pdnc,qID,Q641-0,you,221974,221977,4,780,9,M_4953,Other
4954,booknlp,COREF,389,I,221992,221993,42,780,9,M_4954,Other
4955,pdnc,qID,Q641-0,you,222007,222010,4,780,9,M_4955,Other
4956,pdnc,qID,Q641-0,You,222052,222055,4,780,9,M_4956,Other
4957,booknlp,COREF,389,me,222079,222081,42,780,9,M_4957,Other
4958,pdnc,qID,Q641-0,Dorian,222083,222089,4,780,9,M_4958,Other
4959,booknlp,COREF,389,I,222100,222101,42,780,9,M_4959,Other
4960,pdnc,qID,Q641-0,you,222112,222115,4,780,9,M_4960,Other
4961,booknlp,COREF,389,I,222120,222121,42,780,9,M_4961,Other
4962,pdnc,qID,Q641-0,Harry,222130,222135,19,780,9,M_4962,PROPN
4963,pdnc,qID,Q641-0,you,222143,222146,4,780,9,M_4963,Other
4964,exp,exp_name,dorian gray,Dorian Gray,222176,222187,4,781,9,M_4964,PROPN
4965,booknlp,COREF,117,his,222232,222235,4,781,9,M_4965,Other
4966,booknlp,COREF,117,his,222269,222272,4,781,9,M_4966,Other
4967,booknlp,COREF,117,He,222299,222301,4,781,9,M_4967,Other
4968,booknlp,COREF,117,he,222329,222331,4,781,9,M_4968,Other
4969,exp,exp_name,the painter,the painter,222373,222384,42,781,9,M_4969,PROPN
4970,booknlp,COREF,117,him,222430,222433,4,781,9,M_4970,Other
4971,booknlp,COREF,117,he,222451,222453,4,781,9,M_4971,Other
4972,booknlp,COREF,117,himself,222454,222461,4,781,9,M_4972,Other
4973,exp,exp_name,lord henry,Lord Henry,222521,222531,19,781,9,M_4973,PROPN
4974,booknlp,COREF,120,He,222589,222591,19,781,9,M_4974,Other
4975,booknlp,COREF,117,him,222689,222692,4,781,9,M_4975,Other
4976,booknlp,COREF,121,me,222794,222796,2,782,9,M_4976,Other
4977,pdnc,qID,Q642-0,Dorian,222798,222804,4,782,9,M_4977,Other
4978,exp,exp_name,hallward,Hallward,222812,222820,2,782,9,M_4978,PROPN
4979,pdnc,qID,Q642-1,you,222828,222831,4,782,9,M_4979,Other
4980,pdnc,qID,Q642-1,you,222875,222878,4,782,9,M_4980,Other
4981,booknlp,COREF,117,I,222897,222898,4,783,9,M_4981,Other
4982,booknlp,COREF,117,he,222921,222923,4,783,9,M_4982,Other
4983,booknlp,COREF,117,me,222960,222962,4,783,9,M_4983,Other
4984,pdnc,qID,Q644-0,you,222986,222989,4,784,9,M_4984,Other
4985,exp,exp_name,dorian,Dorian,223032,223038,4,785,9,M_4985,PROPN
4986,booknlp,COREF,117,his,223045,223048,4,785,9,M_4986,Other
4987,pdnc,qID,Q645-0,You,223056,223059,2,785,9,M_4987,Other
4988,booknlp,COREF,117,me,223073,223075,4,785,9,M_4988,Other
4989,pdnc,qID,Q645-0,Basil,223082,223087,2,785,9,M_4989,PROPN
4990,booknlp,COREF,117,I,223089,223090,4,785,9,M_4990,Other
4991,pdnc,qID,Q645-0,you,223114,223117,2,785,9,M_4991,Other
4992,pdnc,qID,Q646-0,You,223153,223156,4,786,9,M_4992,Other
4993,pdnc,qID,Q648-0,you,223207,223210,4,788,9,M_4993,Other
4994,pdnc,qID,Q648-0,Dorian,223240,223246,4,788,9,M_4994,Other
4995,pdnc,qID,Q648-0,You,223248,223251,4,788,9,M_4995,Other
4996,pdnc,qID,Q648-0,you,223366,223369,4,788,9,M_4996,Other
4997,pdnc,qID,Q648-0,you,223375,223378,4,788,9,M_4997,Other
4998,pdnc,qID,Q648-0,you,223414,223417,4,788,9,M_4998,Other
4999,pdnc,qID,Q648-0,you,223439,223442,4,788,9,M_4999,Other
5000,pdnc,qID,Q649-0,My dear Basil,223447,223460,2,789,9,M_5000,Other
5001,exp,exp_name,dorian,Dorian,223468,223474,4,789,9,M_5001,PROPN
5002,pdnc,qID,Q649-1,you,223487,223490,2,789,9,M_5002,Other
5003,booknlp,COREF,117,me,223496,223498,4,789,9,M_5003,Other
5004,pdnc,qID,Q649-1,you,223512,223515,2,789,9,M_5004,Other
5005,pdnc,qID,Q649-1,you,223526,223529,2,789,9,M_5005,Other
5006,booknlp,COREF,117,me,223538,223540,4,789,9,M_5006,Other
5007,pdnc,qID,Q652-0,you,223823,223826,4,792,9,M_5007,Other
5008,pdnc,qID,Q652-0,Dorian,223835,223841,4,792,9,M_5008,Other
5009,pdnc,qID,Q652-0,You,223843,223846,4,792,9,M_5009,Other
5010,pdnc,qID,Q652-0,you,223892,223895,4,792,9,M_5010,Other
5011,pdnc,qID,Q653-0,you,223973,223976,2,793,9,M_5011,Other
5012,pdnc,qID,Q653-0,you,223986,223989,2,793,9,M_5012,Other
5013,pdnc,qID,Q653-0,You,224033,224036,2,793,9,M_5013,Other
5014,booknlp,COREF,117,I,224041,224042,4,793,9,M_5014,Other
5015,pdnc,qID,Q653-0,Basil,224056,224061,2,793,9,M_5015,PROPN
5016,pdnc,qID,Q654-0,You,224096,224099,4,794,9,M_5016,Other
5017,pdnc,qID,Q654-0,Harry,224109,224114,19,794,9,M_5017,PROPN
5018,exp,exp_name,the painter,the painter,224122,224133,42,794,9,M_5018,PROPN
5019,pdnc,qID,Q655-0,Harry,224147,224152,19,795,9,M_5019,PROPN
5020,exp,exp_name,the lad,the lad,224161,224168,41,795,9,M_5020,PROPN
5021,pdnc,qID,Q655-1,Harry,224198,224203,19,795,9,M_5021,PROPN
5022,pdnc,qID,Q655-1,his,224211,224214,19,795,9,M_5022,Other
5023,pdnc,qID,Q655-1,his,224253,224256,19,795,9,M_5023,Other
5024,booknlp,COREF,427,I,224317,224318,41,795,9,M_5024,Other
5025,booknlp,COREF,427,I,224349,224350,41,795,9,M_5025,Other
5026,booknlp,COREF,427,I,224363,224364,41,795,9,M_5026,Other
5027,pdnc,qID,Q655-1,Harry,224377,224382,19,795,9,M_5027,PROPN
5028,booknlp,COREF,427,I,224386,224387,41,795,9,M_5028,Other
5029,booknlp,COREF,427,I,224405,224406,41,795,9,M_5029,Other
5030,pdnc,qID,Q655-1,you,224426,224429,2,795,9,M_5030,Other
5031,pdnc,qID,Q655-1,Basil,224431,224436,2,795,9,M_5031,PROPN
5032,pdnc,qID,Q656-0,You,224441,224444,4,796,9,M_5032,Other
5033,booknlp,COREF,117,me,224457,224459,4,796,9,M_5033,Other
5034,pdnc,qID,Q658-0,You,224485,224488,4,798,9,M_5034,Other
5035,booknlp,COREF,117,my,224495,224497,4,798,9,M_5035,Other
5036,pdnc,qID,Q658-0,Dorian,224529,224535,4,798,9,M_5036,Other
5037,exp,exp_name,man,man,224540,224543,30,798,9,M_5037,PROPN
5038,booknlp,COREF,427,I,224599,224600,41,799,9,M_5038,Other
5039,pdnc,qID,Q659-0,you,224621,224624,2,799,9,M_5039,Other
5040,pdnc,qID,Q659-0,Basil,224626,224631,2,799,9,M_5040,PROPN
5041,booknlp,COREF,427,I,224637,224638,41,799,9,M_5041,Other
5042,pdnc,qID,Q659-0,you,224657,224660,2,799,9,M_5042,Other
5043,booknlp,COREF,427,I,224737,224738,41,799,9,M_5043,Other
5044,pdnc,qID,Q659-0,you,224767,224770,2,799,9,M_5044,Other
5045,pdnc,qID,Q660-0,you,224821,224824,4,800,9,M_5045,Other
5046,booknlp,COREF,121,I,224826,224827,2,800,9,M_5046,Other
5047,exp,exp_name,hallward,Hallward,224849,224857,2,800,9,M_5047,PROPN
5048,booknlp,COREF,121,I,224890,224891,2,800,9,M_5048,Other
5049,pdnc,qID,Q660-1,you,224901,224904,4,800,9,M_5049,Other
5050,booknlp,COREF,121,me,224915,224917,2,800,9,M_5050,Other
5051,booknlp,COREF,121,I,224976,224977,2,800,9,M_5051,Other
5052,pdnc,qID,Q660-1,you,225000,225003,4,800,9,M_5052,Other
5053,booknlp,COREF,121,he,225024,225026,2,801,9,M_5053,Other
5054,exp,exp_name,dorian gray,Dorian Gray,225042,225053,4,801,9,M_5054,PROPN
5055,booknlp,COREF,117,himself,225064,225071,4,801,9,M_5055,Other
5056,exp,exp_name,basil,Basil,225078,225083,2,801,9,M_5056,PROPN
5057,booknlp,COREF,121,he,225096,225098,2,801,9,M_5057,Other
5058,booknlp,COREF,121,his,225193,225196,2,801,9,M_5058,Other
5059,booknlp,COREF,121,he,225209,225211,2,801,9,M_5059,Other
5060,booknlp,COREF,121,his,225271,225274,2,801,9,M_5060,Other
5061,booknlp,COREF,121,him,225329,225332,2,801,9,M_5061,Other
5062,exp,exp_name,the painter,The painter,225334,225345,42,801,9,M_5062,PROPN
5063,booknlp,COREF,389,his,225373,225376,42,801,9,M_5063,Other
5064,booknlp,COREF,389,his,225392,225395,42,801,9,M_5064,Other
5065,booknlp,COREF,389,his,225420,225423,42,801,9,M_5065,Other
5066,booknlp,COREF,121,he,225443,225445,2,801,9,M_5066,Other
5067,booknlp,COREF,121,he,225475,225477,2,801,9,M_5067,Other
5068,booknlp,COREF,121,him,225506,225509,2,801,9,M_5068,Other
5069,booknlp,COREF,121,He,225574,225576,2,802,9,M_5069,Other
5070,booknlp,COREF,121,He,225653,225655,2,802,9,M_5070,Other
5071,booknlp,COREF,121,him,225721,225724,2,802,9,M_5071,Other
5072,booknlp,COREF,121,his,225806,225809,2,802,9,M_5072,Other
5073,booknlp,COREF,121,his,225852,225855,2,804,10,M_5073,Other
5074,booknlp,COREF,121,he,225873,225875,2,804,10,M_5074,Other
5075,booknlp,COREF,121,he,225918,225920,2,804,10,M_5075,Other
5076,exp,exp_name,the man,The man,225963,225970,10,804,10,M_5076,PROPN
5077,booknlp,COREF,121,his,226006,226009,2,804,10,M_5077,Other
5078,exp,exp_name,dorian,Dorian,226018,226024,4,804,10,M_5078,PROPN
5079,booknlp,COREF,991,He,226091,226093,4,804,10,M_5079,Other
5080,exp,exp_name,victor,Victor,226122,226128,36,804,10,M_5080,PROPN
5081,booknlp,COREF,991,he,226233,226235,4,804,10,M_5081,Other
5082,booknlp,COREF,991,his,226261,226264,4,804,10,M_5082,Other
5083,booknlp,COREF,991,he,226295,226297,4,805,10,M_5083,Other
5084,booknlp,COREF,991,he,226337,226339,4,805,10,M_5084,Other
5085,booknlp,COREF,121,his,226420,226423,2,805,10,M_5085,Other
5086,booknlp,COREF,991,him,226456,226459,4,805,10,M_5086,Other
5087,exp,exp_name,the man,the man,226468,226475,10,805,10,M_5087,PROPN
5088,booknlp,COREF,2023,his,226490,226493,10,805,10,M_5088,Other
5089,booknlp,COREF,2023,his,226559,226562,10,805,10,M_5089,Other
5090,exp,exp_name,mrs. leaf,Mrs. Leaf,226678,226687,23,806,10,M_5090,PROPN
5091,booknlp,COREF,991,He,226714,226716,4,806,10,M_5091,Other
5092,exp,exp_name,dorian,Dorian,226784,226790,4,807,10,M_5092,PROPN
5093,booknlp,COREF,991,you,226881,226884,4,807,10,M_5093,Other
5094,booknlp,COREF,991,you,226915,226918,4,807,10,M_5094,Other
5095,exp,exp_name,leaf,Leaf,226984,226988,23,808,10,M_5095,PROPN
5096,booknlp,COREF,991,you,227025,227028,4,809,10,M_5096,Other
5097,booknlp,COREF,991,you,227059,227062,4,809,10,M_5097,Other
5098,booknlp,COREF,991,He,227155,227157,4,810,10,M_5098,Other
5099,booknlp,COREF,991,his,227183,227186,4,810,10,M_5099,Other
5100,booknlp,COREF,991,He,227200,227202,4,810,10,M_5100,Other
5101,booknlp,COREF,991,he,227256,227258,4,810,10,M_5101,Other
5102,booknlp,COREF,991,I,227270,227271,4,810,10,M_5102,Other
5103,booknlp,COREF,991,me,227319,227321,4,810,10,M_5103,Other
5104,booknlp,COREF,991,he,227595,227597,4,812,10,M_5104,Other
5105,exp,exp_name,leaf,Leaf,227628,227632,23,812,10,M_5105,PROPN
5106,booknlp,COREF,991,He,227735,227737,4,813,10,M_5106,Other
5107,exp,exp_name,dorian,Dorian,227856,227862,4,814,10,M_5107,PROPN
5108,booknlp,COREF,117,his,227878,227881,4,814,10,M_5108,Other
5109,booknlp,COREF,117,His,227916,227919,4,814,10,M_5109,Other
5110,booknlp,COREF,117,his,228058,228061,4,814,10,M_5110,Other
5111,booknlp,COREF,117,his,228414,228417,4,814,10,M_5111,Other
5112,booknlp,COREF,117,He,228627,228629,4,815,10,M_5112,Other
5113,booknlp,COREF,117,he,228658,228660,4,815,10,M_5113,Other
5114,booknlp,COREF,117,he,228676,228678,4,815,10,M_5114,Other
5115,exp,exp_name,basil,Basil,228692,228697,2,815,10,M_5115,PROPN
5116,booknlp,COREF,117,he,228718,228720,4,815,10,M_5116,Other
5117,exp,exp_name,basil,Basil,228758,228763,2,815,10,M_5117,PROPN
5118,booknlp,COREF,117,him,228782,228785,4,815,10,M_5118,Other
5119,exp,exp_name,lord henry,Lord Henry,228796,228806,19,815,10,M_5119,PROPN
5120,booknlp,COREF,117,his,228875,228878,4,815,10,M_5120,Other
5121,booknlp,COREF,117,he,228910,228912,4,815,10,M_5121,Other
5122,booknlp,COREF,117,him,228918,228921,4,815,10,M_5122,Other
5123,exp,exp_name,basil,Basil,229220,229225,2,815,10,M_5123,PROPN
5124,booknlp,COREF,117,him,229243,229246,4,815,10,M_5124,Other
5125,booknlp,COREF,117,him,229413,229416,4,815,10,M_5125,Other
5126,booknlp,COREF,117,He,229511,229513,4,816,10,M_5126,Other
5127,booknlp,COREF,117,his,229607,229610,4,816,10,M_5127,Other
5128,booknlp,COREF,117,him,229703,229706,4,816,10,M_5128,Other
5129,booknlp,COREF,117,his,229738,229741,4,816,10,M_5129,Other
5130,booknlp,COREF,117,he,229933,229935,4,816,10,M_5130,Other
5131,exp,exp_name,basil,Basil,229980,229985,2,816,10,M_5131,PROPN
5132,exp,exp_name,sibyl vane,Sibyl Vane,230005,230015,31,816,10,M_5132,PROPN
5133,booknlp,COREF,117,His,230067,230070,4,816,10,M_5133,Other
5134,booknlp,COREF,117,him,230099,230102,4,816,10,M_5134,Other
5135,booknlp,COREF,117,him,230131,230134,4,816,10,M_5135,Other
5136,booknlp,COREF,117,him,230176,230179,4,816,10,M_5136,Other
5137,booknlp,COREF,117,he,230185,230187,4,816,10,M_5137,Other
5138,booknlp,COREF,117,he,230229,230231,4,816,10,M_5138,Other
5139,booknlp,COREF,117,He,230266,230268,4,816,10,M_5139,Other
5140,booknlp,COREF,117,his,230283,230286,4,816,10,M_5140,Other
5141,pdnc,qID,Q663-0,Monsieur,230328,230336,4,817,10,M_5141,PROPN
5142,booknlp,COREF,117,He,230340,230342,4,818,10,M_5142,Other
5143,exp,exp_name,the man,the man,230353,230360,10,818,10,M_5143,PROPN
5144,booknlp,COREF,117,He,230389,230391,4,818,10,M_5144,Other
5145,booknlp,COREF,117,him,230488,230491,4,818,10,M_5145,Other
5146,booknlp,COREF,117,he,230497,230499,4,818,10,M_5146,Other
5147,booknlp,COREF,117,he,230568,230570,4,818,10,M_5147,Other
5148,exp,exp_name,lord henry,Lord Henry,230591,230601,19,818,10,M_5148,PROPN
5149,booknlp,COREF,120,him,230610,230613,19,818,10,M_5149,Other
5150,booknlp,COREF,120,him,230622,230625,19,818,10,M_5150,Other
5151,booknlp,COREF,120,him,230664,230667,19,818,10,M_5151,Other
5152,booknlp,COREF,117,he,230745,230747,4,819,10,M_5152,Other
5153,booknlp,COREF,120,him,230768,230771,19,819,10,M_5153,Other
5154,exp,exp_name,mr. hubbard,Mr. Hubbard,230855,230866,21,820,10,M_5154,PROPN
5155,booknlp,COREF,217,himself,230867,230874,21,820,10,M_5155,Other
5156,exp,exp_name,mr. hubbard,Mr. Hubbard,230982,230993,21,820,10,M_5156,PROPN
5157,exp,exp_name,man,man,231029,231032,30,820,10,M_5157,PROPN
5158,booknlp,COREF,217,him,231155,231158,21,820,10,M_5158,Other
5159,booknlp,COREF,217,he,231171,231173,21,820,10,M_5159,Other
5160,booknlp,COREF,217,his,231185,231188,21,820,10,M_5160,Other
5161,booknlp,COREF,217,He,231195,231197,21,820,10,M_5161,Other
5162,booknlp,COREF,217,him,231227,231230,21,820,10,M_5162,Other
5163,booknlp,COREF,217,he,231236,231238,21,820,10,M_5163,Other
5164,exp,exp_name,dorian gray,Dorian Gray,231277,231288,4,820,10,M_5164,PROPN
5165,exp,exp_name,dorian,Dorian,231316,231322,4,820,10,M_5165,PROPN
5166,booknlp,COREF,117,him,231377,231380,4,820,10,M_5166,Other
5167,booknlp,COREF,217,I,231393,231394,21,821,10,M_5167,Other
5168,pdnc,qID,Q665-0,you,231402,231405,4,821,10,M_5168,Other
5169,pdnc,qID,Q665-0,Mr. Gray,231407,231415,4,821,10,M_5169,PROPN
5170,booknlp,COREF,217,he,231418,231420,21,821,10,M_5170,Other
5171,booknlp,COREF,217,his,231435,231438,21,821,10,M_5171,Other
5172,booknlp,COREF,217,I,231460,231461,21,821,10,M_5172,Other
5173,booknlp,COREF,217,I,231470,231471,21,821,10,M_5173,Other
5174,booknlp,COREF,217,myself,231481,231487,21,821,10,M_5174,Other
5175,booknlp,COREF,217,I,231526,231527,21,821,10,M_5175,Other
5176,pdnc,qID,Q665-1,sir,231563,231566,4,821,10,M_5176,PROPN
5177,booknlp,COREF,217,I,231628,231629,21,821,10,M_5177,Other
5178,pdnc,qID,Q665-1,Mr. Gray,231681,231689,4,821,10,M_5178,PROPN
5179,pdnc,qID,Q666-0,you,231708,231711,21,822,10,M_5179,Other
5180,pdnc,qID,Q666-0,Mr. Hubbard,231761,231772,21,822,10,M_5180,PROPN
5181,pdnc,qID,Q666-0,you,231995,231998,21,822,10,M_5181,Other
5182,pdnc,qID,Q666-0,your,232022,232026,21,822,10,M_5182,Other
5183,pdnc,qID,Q667-0,Mr. Gray,232054,232062,4,823,10,M_5183,PROPN
5184,booknlp,COREF,217,I,232064,232065,21,823,10,M_5184,Other
5185,pdnc,qID,Q667-0,you,232103,232106,4,823,10,M_5185,Other
5186,pdnc,qID,Q667-0,sir,232134,232137,4,823,10,M_5186,PROPN
5187,exp,exp_name,dorian,Dorian,232157,232163,4,824,10,M_5187,PROPN
5188,pdnc,qID,Q668-1,you,232194,232197,21,824,10,M_5188,Other
5189,booknlp,COREF,117,I,232240,232241,4,824,10,M_5189,Other
5190,pdnc,qID,Q669-0,sir,232321,232324,4,825,10,M_5190,PROPN
5191,pdnc,qID,Q669-1,Mr. Gray,232513,232521,4,825,10,M_5191,PROPN
5192,pdnc,qID,Q670-0,you,232538,232541,21,826,10,M_5192,Other
5193,pdnc,qID,Q670-0,Mr. Hubbard,232551,232562,21,826,10,M_5193,PROPN
5194,pdnc,qID,Q670-0,you,232567,232570,21,826,10,M_5194,Other
5195,pdnc,qID,Q670-0,you,232605,232608,21,826,10,M_5195,Other
5196,exp,exp_name,mr. hubbard,Mr. Hubbard,232958,232969,21,827,10,M_5196,PROPN
5197,exp,exp_name,dorian,Dorian,233062,233068,4,827,10,M_5197,PROPN
5198,booknlp,COREF,1028,his,233073,233076,4,827,10,M_5198,Other
5199,pdnc,qID,Q671-0,sir,233140,233143,4,828,10,M_5199,PROPN
5200,exp,exp_name,man,man,233164,233167,30,828,10,M_5200,PROPN
5201,booknlp,COREF,117,I,233238,233239,4,829,10,M_5201,Other
5202,exp,exp_name,dorian,Dorian,233280,233286,4,829,10,M_5202,PROPN
5203,booknlp,COREF,117,he,233290,233292,4,829,10,M_5203,Other
5204,booknlp,COREF,117,He,233434,233436,4,830,10,M_5204,Other
5205,booknlp,COREF,117,he,233507,233509,4,830,10,M_5205,Other
5206,booknlp,COREF,117,he,233548,233550,4,830,10,M_5206,Other
5207,booknlp,COREF,117,he,233589,233591,4,830,10,M_5207,Other
5208,booknlp,COREF,117,his,233752,233755,4,830,10,M_5208,Other
5209,booknlp,COREF,117,his,233776,233779,4,830,10,M_5209,Other
5210,exp,exp_name,mother,mother,233780,233786,40,830,10,M_5210,PROPN
5211,booknlp,COREF,117,he,233816,233818,4,830,10,M_5211,Other
5212,exp,exp_name,dorian,Dorian,233886,233892,4,830,10,M_5212,PROPN
5213,booknlp,COREF,117,he,234040,234042,4,830,10,M_5213,Other
5214,booknlp,COREF,117,himself,234063,234070,4,830,10,M_5214,Other
5215,booknlp,COREF,117,his,234123,234126,4,830,10,M_5215,Other
5216,booknlp,COREF,117,he,234373,234375,4,830,10,M_5216,Other
5217,booknlp,COREF,117,his,234411,234414,4,830,10,M_5217,Other
5218,booknlp,COREF,117,him,234445,234448,4,830,10,M_5218,Other
5219,booknlp,COREF,117,he,234452,234454,4,830,10,M_5219,Other
5220,booknlp,COREF,117,He,234469,234471,4,830,10,M_5220,Other
5221,booknlp,COREF,117,his,234505,234508,4,830,10,M_5221,Other
5222,booknlp,COREF,117,him,234548,234551,4,830,10,M_5222,Other
5223,booknlp,COREF,117,he,234622,234624,4,830,10,M_5223,Other
5224,booknlp,COREF,117,him,234687,234690,4,830,10,M_5224,Other
5225,booknlp,COREF,117,He,234771,234773,4,831,10,M_5225,Other
5226,booknlp,COREF,117,He,234957,234959,4,831,10,M_5226,Other
5227,booknlp,COREF,117,himself,234960,234967,4,831,10,M_5227,Other
5228,booknlp,COREF,117,he,234997,234999,4,831,10,M_5228,Other
5229,booknlp,COREF,117,his,235032,235035,4,831,10,M_5229,Other
5230,booknlp,COREF,117,He,235042,235044,4,831,10,M_5230,Other
5231,booknlp,COREF,117,his,235050,235053,4,831,10,M_5231,Other
5232,booknlp,COREF,117,his,235101,235104,4,831,10,M_5232,Other
5233,booknlp,COREF,117,his,235227,235230,4,831,10,M_5233,Other
5234,booknlp,COREF,117,him,235248,235251,4,831,10,M_5234,Other
5235,booknlp,COREF,117,him,235264,235267,4,831,10,M_5235,Other
5236,booknlp,COREF,117,he,235528,235530,4,831,10,M_5236,Other
5237,exp,exp_name,basil hallward,Basil Hallward,235555,235569,2,831,10,M_5237,PROPN
5238,booknlp,COREF,117,he,236106,236108,4,832,10,M_5238,Other
5239,booknlp,COREF,117,him,236164,236167,4,832,10,M_5239,Other
5240,booknlp,COREF,117,his,236171,236174,4,832,10,M_5240,Other
5241,pdnc,qID,Q673-0,Mr. Hubbard,236258,236269,21,833,10,M_5241,PROPN
5242,booknlp,COREF,117,he,236280,236282,4,833,10,M_5242,Other
5243,booknlp,COREF,117,I,236314,236315,4,833,10,M_5243,Other
5244,booknlp,COREF,117,I,236325,236326,4,833,10,M_5244,Other
5245,pdnc,qID,Q673-1,you,236332,236335,21,833,10,M_5245,Other
5246,booknlp,COREF,117,I,236345,236346,4,833,10,M_5246,Other
5247,pdnc,qID,Q674-0,Mr. Gray,236410,236418,4,834,10,M_5247,PROPN
5248,pdnc,qID,Q674-1,sir,236505,236508,4,834,10,M_5248,PROPN
5249,booknlp,COREF,2023,I,236547,236548,10,835,10,M_5249,Other
5250,pdnc,qID,Q676-0,sir,236657,236660,4,836,10,M_5250,PROPN
5251,exp,exp_name,dorian,Dorian,236664,236670,4,837,10,M_5251,PROPN
5252,pdnc,qID,Q677-0,you,236703,236706,21,837,10,M_5252,Other
5253,pdnc,qID,Q677-0,Mr. Hubbard,236708,236719,21,837,10,M_5253,PROPN
5254,booknlp,COREF,117,he,236722,236724,4,837,10,M_5254,Other
5255,booknlp,COREF,117,his,236739,236742,4,837,10,M_5255,Other
5256,exp,exp_name,the man,the man,236750,236757,10,837,10,M_5256,PROPN
5257,booknlp,COREF,117,He,236759,236761,4,837,10,M_5257,Other
5258,booknlp,COREF,2023,him,236786,236789,10,837,10,M_5258,Other
5259,booknlp,COREF,2023,him,236800,236803,10,837,10,M_5259,Other
5260,booknlp,COREF,117,he,236821,236823,4,837,10,M_5260,Other
5261,booknlp,COREF,2023,his,236888,236891,10,837,10,M_5261,Other
5262,booknlp,COREF,117,I,236899,236900,4,837,10,M_5262,Other
5263,pdnc,qID,Q677-1,you,236916,236919,21,837,10,M_5263,Other
5264,booknlp,COREF,117,I,236934,236935,4,837,10,M_5264,Other
5265,pdnc,qID,Q677-1,your,236956,236960,21,837,10,M_5265,Other
5266,pdnc,qID,Q678-0,Mr. Gray,237014,237022,4,838,10,M_5266,PROPN
5267,pdnc,qID,Q678-0,you,237054,237057,4,838,10,M_5267,Other
5268,pdnc,qID,Q678-0,sir,237059,237062,4,838,10,M_5268,PROPN
5269,exp,exp_name,mr. hubbard,Mr. Hubbard,237069,237080,21,838,10,M_5269,PROPN
5270,exp,exp_name,dorian,Dorian,237148,237154,4,838,10,M_5270,PROPN
5271,booknlp,COREF,117,He,237209,237211,4,838,10,M_5271,Other
5272,exp,exp_name,dorian,Dorian,237300,237306,4,839,10,M_5272,PROPN
5273,booknlp,COREF,117,his,237342,237345,4,839,10,M_5273,Other
5274,booknlp,COREF,117,He,237354,237356,4,839,10,M_5274,Other
5275,booknlp,COREF,117,his,237431,237434,4,839,10,M_5275,Other
5276,booknlp,COREF,117,his,237450,237453,4,839,10,M_5276,Other
5277,booknlp,COREF,117,he,237487,237489,4,840,10,M_5277,Other
5278,booknlp,COREF,117,his,237676,237679,4,840,10,M_5278,Other
5279,exp,exp_name,lord henry,Lord Henry,237794,237804,19,840,10,M_5279,PROPN
5280,exp,exp_name,james,James,237940,237945,11,840,10,M_5280,PROPN
5281,exp,exp_name,victor,Victor,238010,238016,36,840,10,M_5281,PROPN
5282,booknlp,COREF,117,He,238031,238033,4,840,10,M_5282,Other
5283,booknlp,COREF,117,he,238046,238048,4,840,10,M_5283,Other
5284,booknlp,COREF,117,He,238161,238163,4,840,10,M_5284,Other
5285,booknlp,COREF,117,he,238236,238238,4,840,10,M_5285,Other
5286,booknlp,COREF,117,he,238367,238369,4,840,10,M_5286,Other
5287,booknlp,COREF,117,him,238381,238384,4,840,10,M_5287,Other
5288,booknlp,COREF,117,He,238499,238501,4,840,10,M_5288,Other
5289,booknlp,COREF,117,He,238744,238746,4,841,10,M_5289,Other
5290,booknlp,COREF,117,himself,238773,238780,4,841,10,M_5290,Other
5291,exp,exp_name,lord henry,Lord Henry,238802,238812,19,841,10,M_5291,PROPN
5292,booknlp,COREF,120,he,238847,238849,19,841,10,M_5292,Other
5293,booknlp,COREF,117,him,238855,238858,4,841,10,M_5293,Other
5294,booknlp,COREF,117,him,238915,238918,4,841,10,M_5294,Other
5295,booknlp,COREF,117,he,238929,238931,4,841,10,M_5295,Other
5296,booknlp,COREF,117,He,238971,238973,4,841,10,M_5296,Other
5297,exp,exp_name,james,James,238990,238995,11,841,10,M_5297,PROPN
5298,booknlp,COREF,117,his,239076,239079,4,841,10,M_5298,Other
5299,exp,exp_name,sibyl vane,Sibyl Vane,239272,239282,31,842,10,M_5299,PROPN
5300,exp,exp_name,mother,mother,239441,239447,40,842,10,M_5300,PROPN
5301,booknlp,COREF,117,He,239614,239616,4,843,10,M_5301,Other
5302,booknlp,COREF,117,He,239769,239771,4,843,10,M_5302,Other
5303,exp,exp_name,lord henry,Lord Henry,239799,239809,19,843,10,M_5303,PROPN
5304,booknlp,COREF,117,him,239826,239829,4,843,10,M_5304,Other
5305,booknlp,COREF,117,him,239873,239876,4,843,10,M_5305,Other
5306,exp,exp_name,victor,Victor,239912,239918,36,843,10,M_5306,PROPN
5307,exp,exp_name,the man,The man,239939,239946,10,843,10,M_5307,PROPN
5308,booknlp,COREF,2023,he,239996,239998,10,844,10,M_5308,Other
5309,exp,exp_name,dorian gray,Dorian Gray,240086,240097,4,844,10,M_5309,PROPN
5310,exp,exp_name,sibyl vane,Sibyl Vane,240109,240119,31,844,10,M_5310,PROPN
5311,exp,exp_name,dorian gray,Dorian Gray,240156,240167,4,844,10,M_5311,PROPN
5312,booknlp,COREF,168,her,240183,240186,31,844,10,M_5312,Other
5313,booknlp,COREF,117,His,240189,240192,4,845,10,M_5313,Other
5314,exp,exp_name,lord henry,Lord Henry,240226,240236,19,845,10,M_5314,PROPN
5315,booknlp,COREF,117,him,240246,240249,4,845,10,M_5315,Other
5316,booknlp,COREF,117,he,240264,240266,4,845,10,M_5316,Other
5317,booknlp,COREF,117,He,240277,240279,4,845,10,M_5317,Other
5318,booknlp,COREF,117,him,240362,240365,4,845,10,M_5318,Other
5319,booknlp,COREF,117,himself,240466,240473,4,845,10,M_5319,Other
5320,booknlp,COREF,117,he,240547,240549,4,845,10,M_5320,Other
5321,booknlp,COREF,117,he,240598,240600,4,845,10,M_5321,Other
5322,booknlp,COREF,117,him,240629,240632,4,845,10,M_5322,Other
5323,booknlp,COREF,117,him,240752,240755,4,845,10,M_5323,Other
5324,booknlp,COREF,117,he,240769,240771,4,845,10,M_5324,Other
5325,booknlp,COREF,117,him,240820,240823,4,845,10,M_5325,Other
5326,booknlp,COREF,117,he,240841,240843,4,845,10,M_5326,Other
5327,exp,exp_name,the lad,the lad,242282,242289,41,846,10,M_5327,PROPN
5328,booknlp,COREF,117,he,242294,242296,4,846,10,M_5328,Other
5329,booknlp,COREF,117,him,242380,242383,4,846,10,M_5329,Other
5330,booknlp,COREF,117,He,242531,242533,4,847,10,M_5330,Other
5331,booknlp,COREF,117,he,242564,242566,4,847,10,M_5331,Other
5332,booknlp,COREF,117,his,242599,242602,4,847,10,M_5332,Other
5333,booknlp,COREF,117,him,242622,242625,4,847,10,M_5333,Other
5334,booknlp,COREF,117,he,242669,242671,4,847,10,M_5334,Other
5335,booknlp,COREF,117,his,242778,242781,4,847,10,M_5335,Other
5336,booknlp,COREF,117,he,242856,242858,4,848,10,M_5336,Other
5337,booknlp,COREF,117,he,242883,242885,4,848,10,M_5337,Other
5338,exp,exp_name,lord henry,Lord Henry,242892,242902,19,848,10,M_5338,PROPN
5339,booknlp,COREF,117,I,242966,242967,4,849,10,M_5339,Other
5340,pdnc,qID,Q679-0,Harry,242981,242986,19,849,10,M_5340,PROPN
5341,booknlp,COREF,117,he,242989,242991,4,849,10,M_5341,Other
5342,pdnc,qID,Q679-1,your,243026,243030,19,849,10,M_5342,Other
5343,pdnc,qID,Q679-1,you,243048,243051,19,849,10,M_5343,Other
5344,booknlp,COREF,117,me,243057,243059,4,849,10,M_5344,Other
5345,booknlp,COREF,117,me,243074,243076,4,849,10,M_5345,Other
5346,booknlp,COREF,117,I,243082,243083,4,849,10,M_5346,Other
5347,pdnc,qID,Q680-0,you,243133,243136,4,850,10,M_5347,Other
5348,booknlp,COREF,117,his,243161,243164,4,850,10,M_5348,Other
5349,booknlp,COREF,117,I,243196,243197,4,851,10,M_5349,Other
5350,booknlp,COREF,117,I,243209,243210,4,851,10,M_5350,Other
5351,pdnc,qID,Q681-0,Harry,243221,243226,19,851,10,M_5351,PROPN
5352,booknlp,COREF,117,I,243228,243229,4,851,10,M_5352,Other
5353,booknlp,COREF,117,me,243249,243251,4,851,10,M_5353,Other
5354,pdnc,qID,Q682-0,you,243289,243292,4,852,10,M_5354,Other
5355,exp,exp_name,lord henry,Lord Henry,243325,243335,19,852,10,M_5355,PROPN
5356,exp,exp_name,dorian gray,Dorian Gray,243404,243415,4,854,11,M_5356,PROPN
5357,booknlp,COREF,117,himself,243431,243438,4,854,11,M_5357,Other
5358,booknlp,COREF,117,he,243521,243523,4,854,11,M_5358,Other
5359,booknlp,COREF,117,himself,243545,243552,4,854,11,M_5359,Other
5360,booknlp,COREF,117,He,243562,243564,4,854,11,M_5360,Other
5361,booknlp,COREF,117,his,243709,243712,4,854,11,M_5361,Other
5362,booknlp,COREF,117,he,243775,243777,4,854,11,M_5362,Other
5363,booknlp,COREF,117,him,243963,243966,4,854,11,M_5363,Other
5364,booknlp,COREF,117,himself,243997,244004,4,854,11,M_5364,Other
5365,booknlp,COREF,117,him,244044,244047,4,854,11,M_5365,Other
5366,booknlp,COREF,117,his,244072,244075,4,854,11,M_5366,Other
5367,booknlp,COREF,117,he,244101,244103,4,854,11,M_5367,Other
5368,booknlp,COREF,117,he,244132,244134,4,855,11,M_5368,Other
5369,booknlp,COREF,117,He,244187,244189,4,855,11,M_5369,Other
5370,booknlp,COREF,117,his,244372,244375,4,855,11,M_5370,Other
5371,booknlp,COREF,117,he,244602,244604,4,855,11,M_5371,Other
5372,booknlp,COREF,117,himself,244748,244755,4,855,11,M_5372,Other
5373,booknlp,COREF,117,he,244792,244794,4,855,11,M_5373,Other
5374,exp,exp_name,basil hallward,Basil Hallward,244868,244882,2,856,11,M_5374,PROPN
5375,booknlp,COREF,117,him,244908,244911,4,856,11,M_5375,Other
5376,booknlp,COREF,117,him,244935,244938,4,856,11,M_5376,Other
5377,booknlp,COREF,117,him,244994,244997,4,856,11,M_5377,Other
5378,booknlp,COREF,117,his,245042,245045,4,856,11,M_5378,Other
5379,booknlp,COREF,117,his,245146,245149,4,856,11,M_5379,Other
5380,booknlp,COREF,117,him,245174,245177,4,856,11,M_5380,Other
5381,booknlp,COREF,117,He,245179,245181,4,856,11,M_5381,Other
5382,booknlp,COREF,117,himself,245222,245229,4,856,11,M_5382,Other
5383,exp,exp_name,dorian gray,Dorian Gray,245298,245309,4,856,11,M_5383,PROPN
5384,booknlp,COREF,117,his,245365,245368,4,856,11,M_5384,Other
5385,booknlp,COREF,117,His,245393,245396,4,856,11,M_5385,Other
5386,booknlp,COREF,117,he,245539,245541,4,856,11,M_5386,Other
5387,booknlp,COREF,117,his,245763,245766,4,857,11,M_5387,Other
5388,booknlp,COREF,117,he,245806,245808,4,857,11,M_5388,Other
5389,booknlp,COREF,117,himself,245809,245816,4,857,11,M_5389,Other
5390,booknlp,COREF,117,him,245901,245904,4,857,11,M_5390,Other
5391,exp,exp_name,basil hallward,Basil Hallward,245966,245980,2,857,11,M_5391,PROPN
5392,booknlp,COREF,117,him,245996,245999,4,857,11,M_5392,Other
5393,booknlp,COREF,117,him,246107,246110,4,857,11,M_5393,Other
5394,booknlp,COREF,117,his,246187,246190,4,857,11,M_5394,Other
5395,booknlp,COREF,117,He,246210,246212,4,857,11,M_5395,Other
5396,booknlp,COREF,117,his,246245,246248,4,857,11,M_5396,Other
5397,booknlp,COREF,117,his,246307,246310,4,857,11,M_5397,Other
5398,booknlp,COREF,117,He,246321,246323,4,857,11,M_5398,Other
5399,booknlp,COREF,117,He,246593,246595,4,857,11,M_5399,Other
5400,booknlp,COREF,117,his,246608,246611,4,857,11,M_5400,Other
5401,booknlp,COREF,117,He,246683,246685,4,857,11,M_5401,Other
5402,booknlp,COREF,117,his,246799,246802,4,858,11,M_5402,Other
5403,booknlp,COREF,117,his,246956,246959,4,858,11,M_5403,Other
5404,booknlp,COREF,117,he,246979,246981,4,858,11,M_5404,Other
5405,booknlp,COREF,117,he,247006,247008,4,858,11,M_5405,Other
5406,booknlp,COREF,117,his,247026,247029,4,858,11,M_5406,Other
5407,exp,exp_name,lord henry,Lord Henry,247178,247188,19,858,11,M_5407,PROPN
5408,booknlp,COREF,117,him,247210,247213,4,858,11,M_5408,Other
5409,booknlp,COREF,117,he,247315,247317,4,858,11,M_5409,Other
5410,booknlp,COREF,117,he,247333,247335,4,858,11,M_5410,Other
5411,booknlp,COREF,117,He,247353,247355,4,858,11,M_5411,Other
5412,booknlp,COREF,117,he,247399,247401,4,858,11,M_5412,Other
5413,booknlp,COREF,117,he,247417,247419,4,859,11,M_5413,Other
5414,booknlp,COREF,117,his,247460,247463,4,859,11,M_5414,Other
5415,booknlp,COREF,117,he,247586,247588,4,859,11,M_5415,Other
5416,booknlp,COREF,117,his,247619,247622,4,859,11,M_5416,Other
5417,booknlp,COREF,117,his,247698,247701,4,859,11,M_5417,Other
5418,booknlp,COREF,117,His,247740,247743,4,859,11,M_5418,Other
5419,exp,exp_name,lord henry,Lord Henry,247785,247795,19,859,11,M_5419,PROPN
5420,booknlp,COREF,117,him,247812,247815,4,859,11,M_5420,Other
5421,exp,exp_name,dorian gray,Dorian Gray,248177,248188,4,859,11,M_5421,PROPN
5422,booknlp,COREF,117,he,248437,248439,4,859,11,M_5422,Other
5423,booknlp,COREF,117,he,248584,248586,4,859,11,M_5423,Other
5424,booknlp,COREF,117,him,248653,248656,4,860,11,M_5424,Other
5425,booknlp,COREF,117,him,248981,248984,4,860,11,M_5425,Other
5426,booknlp,COREF,117,His,248986,248989,4,860,11,M_5426,Other
5427,booknlp,COREF,117,he,249057,249059,4,860,11,M_5427,Other
5428,booknlp,COREF,117,him,249181,249184,4,860,11,M_5428,Other
5429,booknlp,COREF,117,he,249204,249206,4,860,11,M_5429,Other
5430,booknlp,COREF,117,his,249259,249262,4,860,11,M_5430,Other
5431,booknlp,COREF,117,him,249283,249286,4,860,11,M_5431,Other
5432,booknlp,COREF,117,he,249329,249331,4,861,11,M_5432,Other
5433,booknlp,COREF,117,him,249412,249415,4,861,11,M_5433,Other
5434,booknlp,COREF,117,his,249419,249422,4,861,11,M_5434,Other
5435,booknlp,COREF,117,he,249495,249497,4,861,11,M_5435,Other
5436,booknlp,COREF,117,his,249535,249538,4,861,11,M_5436,Other
5437,booknlp,COREF,117,his,249628,249631,4,861,11,M_5437,Other
5438,booknlp,COREF,117,he,249645,249647,4,861,11,M_5438,Other
5439,booknlp,COREF,117,He,249812,249814,4,861,11,M_5439,Other
5440,exp,exp_name,dorian gray,Dorian Gray,250288,250299,4,862,11,M_5440,PROPN
5441,booknlp,COREF,117,he,250642,250644,4,862,11,M_5441,Other
5442,exp,exp_name,man,man,250662,250665,30,862,11,M_5442,PROPN
5443,booknlp,COREF,117,he,250690,250692,4,862,11,M_5443,Other
5444,booknlp,COREF,117,his,251197,251200,4,862,11,M_5444,Other
5445,exp,exp_name,lord henry,Lord Henry,251239,251249,19,863,11,M_5445,PROPN
5446,exp,exp_name,man,man,251832,251835,30,863,11,M_5446,PROPN
5447,booknlp,COREF,364,himself,251851,251858,30,863,11,M_5447,Other
5448,exp,exp_name,dorian gray,Dorian Gray,254207,254218,4,865,11,M_5448,PROPN
5449,booknlp,COREF,117,his,254287,254290,4,865,11,M_5449,Other
5450,booknlp,COREF,117,he,254428,254430,4,865,11,M_5450,Other
5451,booknlp,COREF,117,he,254479,254481,4,865,11,M_5451,Other
5452,booknlp,COREF,117,his,254509,254512,4,865,11,M_5452,Other
5453,booknlp,COREF,117,himself,254529,254536,4,865,11,M_5453,Other
5454,booknlp,COREF,117,his,254629,254632,4,865,11,M_5454,Other
5455,booknlp,COREF,117,him,254868,254871,4,866,11,M_5455,Other
5456,booknlp,COREF,117,he,254882,254884,4,866,11,M_5456,Other
5457,booknlp,COREF,117,him,254998,255001,4,866,11,M_5457,Other
5458,booknlp,COREF,117,him,255096,255099,4,866,11,M_5458,Other
5459,booknlp,COREF,117,He,255282,255284,4,866,11,M_5459,Other
5460,booknlp,COREF,117,his,255727,255730,4,866,11,M_5460,Other
5461,booknlp,COREF,117,his,255742,255745,4,866,11,M_5461,Other
5462,booknlp,COREF,117,him,255896,255899,4,866,11,M_5462,Other
5463,booknlp,COREF,117,he,255904,255906,4,866,11,M_5463,Other
5464,booknlp,COREF,117,he,255919,255921,4,866,11,M_5464,Other
5465,booknlp,COREF,117,he,256123,256125,4,867,11,M_5465,Other
5466,booknlp,COREF,117,his,256165,256168,4,867,11,M_5466,Other
5467,booknlp,COREF,117,him,256574,256577,4,867,11,M_5467,Other
5468,booknlp,COREF,117,he,256609,256611,4,867,11,M_5468,Other
5469,booknlp,COREF,117,him,257000,257003,4,867,11,M_5469,Other
5470,booknlp,COREF,117,him,257040,257043,4,867,11,M_5470,Other
5471,booknlp,COREF,117,He,257095,257097,4,867,11,M_5471,Other
5472,booknlp,COREF,117,He,257209,257211,4,867,11,M_5472,Other
5473,booknlp,COREF,117,he,257307,257309,4,868,11,M_5473,Other
5474,booknlp,COREF,117,He,257445,257447,4,868,11,M_5474,Other
5475,booknlp,COREF,117,himself,257546,257553,4,868,11,M_5475,Other
5476,booknlp,COREF,117,he,258196,258198,4,869,11,M_5476,Other
5477,booknlp,COREF,117,himself,258207,258214,4,869,11,M_5477,Other
5478,booknlp,COREF,117,he,258331,258333,4,869,11,M_5478,Other
5479,booknlp,COREF,117,him,258811,258814,4,869,11,M_5479,Other
5480,booknlp,COREF,117,his,258943,258946,4,869,11,M_5480,Other
5481,booknlp,COREF,117,He,258952,258954,4,869,11,M_5481,Other
5482,booknlp,COREF,117,He,259204,259206,4,869,11,M_5482,Other
5483,booknlp,COREF,117,He,259636,259638,4,869,11,M_5483,Other
5484,booknlp,COREF,117,him,260506,260509,4,869,11,M_5484,Other
5485,booknlp,COREF,117,he,260515,260517,4,869,11,M_5485,Other
5486,booknlp,COREF,117,he,260668,260670,4,869,11,M_5486,Other
5487,booknlp,COREF,117,his,260705,260708,4,869,11,M_5487,Other
5488,exp,exp_name,lord henry,Lord Henry,260748,260758,19,869,11,M_5488,PROPN
5489,booknlp,COREF,117,his,260888,260891,4,869,11,M_5489,Other
5490,booknlp,COREF,117,he,260919,260921,4,870,11,M_5490,Other
5491,booknlp,COREF,117,him,261098,261101,4,870,11,M_5491,Other
5492,booknlp,COREF,117,him,261157,261160,4,870,11,M_5492,Other
5493,booknlp,COREF,117,He,261162,261164,4,870,11,M_5493,Other
5494,booknlp,COREF,117,he,261258,261260,4,870,11,M_5494,Other
5495,booknlp,COREF,117,He,261636,261638,4,870,11,M_5495,Other
5496,booknlp,COREF,117,He,261755,261757,4,870,11,M_5496,Other
5497,booknlp,COREF,117,He,261929,261931,4,871,11,M_5497,Other
5498,exp,exp_name,man,man,262508,262511,30,871,11,M_5498,PROPN
5499,exp,exp_name,man,man,263469,263472,30,872,11,M_5499,PROPN
5500,exp,exp_name,henry,Henry,264908,264913,19,873,11,M_5500,PROPN
5501,exp,exp_name,james,James,265146,265151,11,873,11,M_5501,PROPN
5502,exp,exp_name,henry,Henry,265375,265380,19,873,11,M_5502,PROPN
5503,exp,exp_name,lord henry,Lord Henry,272736,272746,19,879,11,M_5503,PROPN
5504,exp,exp_name,dorian gray,Dorian Gray,275625,275636,4,883,11,M_5504,PROPN
5505,exp,exp_name,the man,the man,276184,276191,10,884,11,M_5505,PROPN
5506,exp,exp_name,lord henry,Lord Henry,276344,276354,19,884,11,M_5506,PROPN
5507,booknlp,COREF,120,his,276451,276454,19,884,11,M_5507,Other
5508,exp,exp_name,dorian gray,Dorian Gray,276912,276923,4,885,11,M_5508,PROPN
5509,booknlp,COREF,117,He,276935,276937,4,885,11,M_5509,Other
5510,exp,exp_name,man,man,277012,277015,30,885,11,M_5510,PROPN
5511,booknlp,COREF,117,him,277079,277082,4,885,11,M_5511,Other
5512,exp,exp_name,man,man,277084,277087,30,885,11,M_5512,PROPN
5513,booknlp,COREF,117,He,277309,277311,4,885,11,M_5513,Other
5514,booknlp,COREF,117,his,277370,277373,4,885,11,M_5514,Other
5515,booknlp,COREF,117,his,277453,277456,4,885,11,M_5515,Other
5516,exp,exp_name,francis,Francis,277502,277509,7,885,11,M_5516,PROPN
5517,booknlp,COREF,269,his,277522,277525,7,885,11,M_5517,Other
5518,exp,exp_name,james,James,277577,277582,11,885,11,M_5518,PROPN
5519,booknlp,COREF,117,he,277712,277714,4,885,11,M_5519,Other
5520,booknlp,COREF,117,his,277806,277809,4,885,11,M_5520,Other
5521,booknlp,COREF,117,him,277872,277875,4,885,11,M_5521,Other
5522,exp,exp_name,basil hallward,Basil Hallward,277934,277948,2,885,11,M_5522,PROPN
5523,booknlp,COREF,117,his,277997,278000,4,885,11,M_5523,Other
5524,exp,exp_name,man,man,278193,278196,30,885,11,M_5524,PROPN
5525,exp,exp_name,man,man,278351,278354,30,885,11,M_5525,PROPN
5526,booknlp,COREF,117,He,278720,278722,4,885,11,M_5526,Other
5527,booknlp,COREF,117,he,278799,278801,4,885,11,M_5527,Other
5528,booknlp,COREF,117,him,278834,278837,4,885,11,M_5528,Other
5529,booknlp,COREF,117,him,278897,278900,4,885,11,M_5529,Other
5530,booknlp,COREF,117,He,279176,279178,4,885,11,M_5530,Other
5531,booknlp,COREF,117,his,279245,279248,4,885,11,M_5531,Other
5532,booknlp,COREF,117,he,279458,279460,4,885,11,M_5532,Other
5533,booknlp,COREF,117,his,279471,279474,4,885,11,M_5533,Other
5534,booknlp,COREF,117,he,279527,279529,4,885,11,M_5534,Other
5535,booknlp,COREF,117,him,279568,279571,4,885,11,M_5535,Other
5536,booknlp,COREF,117,He,279585,279587,4,885,11,M_5536,Other
5537,booknlp,COREF,117,his,279663,279666,4,885,11,M_5537,Other
5538,booknlp,COREF,117,him,279682,279685,4,885,11,M_5538,Other
5539,booknlp,COREF,117,his,279707,279710,4,885,11,M_5539,Other
5540,booknlp,COREF,117,him,279787,279790,4,885,11,M_5540,Other
5541,booknlp,COREF,117,his,279823,279826,4,885,11,M_5541,Other
5542,exp,exp_name,mother,mother,279827,279833,40,885,11,M_5542,PROPN
5543,booknlp,COREF,117,he,279894,279896,4,885,11,M_5543,Other
5544,booknlp,COREF,117,he,279907,279909,4,885,11,M_5544,Other
5545,booknlp,COREF,117,He,279928,279930,4,885,11,M_5545,Other
5546,booknlp,COREF,117,his,279948,279951,4,885,11,M_5546,Other
5547,booknlp,COREF,117,his,279964,279967,4,885,11,M_5547,Other
5548,booknlp,COREF,117,him,280017,280020,4,885,11,M_5548,Other
5549,booknlp,COREF,117,him,280278,280281,4,885,11,M_5549,Other
5550,booknlp,COREF,117,he,280291,280293,4,885,11,M_5550,Other
5551,exp,exp_name,dorian gray,Dorian Gray,280534,280545,4,886,11,M_5551,PROPN
5552,booknlp,COREF,117,his,280597,280600,4,886,11,M_5552,Other
5553,booknlp,COREF,117,he,280618,280620,4,886,11,M_5553,Other
5554,booknlp,COREF,117,his,280666,280669,4,886,11,M_5554,Other
5555,booknlp,COREF,117,him,280701,280704,4,886,11,M_5555,Other
5556,booknlp,COREF,117,his,280724,280727,4,886,11,M_5556,Other
5557,booknlp,COREF,117,his,280741,280744,4,886,11,M_5557,Other
5558,booknlp,COREF,117,He,280755,280757,4,886,11,M_5558,Other
5559,booknlp,COREF,117,he,280768,280770,4,886,11,M_5559,Other
5560,booknlp,COREF,117,him,280938,280941,4,886,11,M_5560,Other
5561,booknlp,COREF,117,his,280991,280994,4,886,11,M_5561,Other
5562,booknlp,COREF,117,his,281056,281059,4,887,11,M_5562,Other
5563,booknlp,COREF,117,he,281126,281128,4,887,11,M_5563,Other
5564,booknlp,COREF,117,him,281189,281192,4,887,11,M_5564,Other
5565,booknlp,COREF,117,he,281194,281196,4,887,11,M_5565,Other
5566,booknlp,COREF,117,him,281324,281327,4,887,11,M_5566,Other
5567,exp,exp_name,dorian,Dorian,282250,282256,4,888,11,M_5567,PROPN
5568,exp,exp_name,man,man,283984,283987,30,888,11,M_5568,PROPN
5569,exp,exp_name,dorian gray,Dorian Gray,285071,285082,4,889,11,M_5569,PROPN
5570,booknlp,COREF,117,he,285136,285138,4,889,11,M_5570,Other
5571,booknlp,COREF,117,he,285185,285187,4,889,11,M_5571,Other
5572,booknlp,COREF,117,his,285202,285205,4,889,11,M_5572,Other
5573,exp,exp_name,lord henry,Lord Henry,285408,285418,19,892,12,M_5573,PROPN
5574,exp,exp_name,man,man,285573,285576,30,892,12,M_5574,PROPN
5575,exp,exp_name,dorian,Dorian,285695,285701,4,892,12,M_5575,PROPN
5576,exp,exp_name,basil hallward,Basil Hallward,285725,285739,2,892,12,M_5576,PROPN
5577,booknlp,COREF,117,he,285776,285778,4,892,12,M_5577,Other
5578,booknlp,COREF,117,him,285808,285811,4,892,12,M_5578,Other
5579,booknlp,COREF,117,He,285813,285815,4,892,12,M_5579,Other
5580,booknlp,COREF,117,his,285884,285887,4,892,12,M_5580,Other
5581,exp,exp_name,hallward,Hallward,285904,285912,2,893,12,M_5581,PROPN
5582,booknlp,COREF,117,him,285922,285925,4,893,12,M_5582,Other
5583,exp,exp_name,dorian,Dorian,285927,285933,4,893,12,M_5583,PROPN
5584,booknlp,COREF,121,him,285940,285943,2,893,12,M_5584,Other
5585,booknlp,COREF,121,him,285999,286002,2,893,12,M_5585,Other
5586,booknlp,COREF,121,his,286022,286025,2,893,12,M_5586,Other
5587,booknlp,COREF,117,his,286038,286041,4,893,12,M_5587,Other
5588,pdnc,qID,Q683-0,Dorian,286049,286055,4,894,12,M_5588,Other
5589,booknlp,COREF,117,I,286094,286095,4,894,12,M_5589,Other
5590,pdnc,qID,Q683-0,you,286118,286121,4,894,12,M_5590,Other
5591,pdnc,qID,Q683-0,your,286125,286129,4,894,12,M_5591,Other
5592,booknlp,COREF,117,I,286171,286172,4,894,12,M_5592,Other
5593,pdnc,qID,Q683-0,your tired servant,286186,286204,7,894,12,M_5593,Other
5594,pdnc,qID,Q683-0,him,286214,286217,7,894,12,M_5594,Other
5595,pdnc,qID,Q683-0,he,286235,286237,7,894,12,M_5595,Other
5596,booknlp,COREF,117,me,286242,286244,4,894,12,M_5596,Other
5597,booknlp,COREF,117,I,286250,286251,4,894,12,M_5597,Other
5598,booknlp,COREF,117,I,286295,286296,4,894,12,M_5598,Other
5599,pdnc,qID,Q683-0,you,286324,286327,4,894,12,M_5599,Other
5600,booknlp,COREF,117,I,286335,286336,4,894,12,M_5600,Other
5601,booknlp,COREF,117,I,286343,286344,4,894,12,M_5601,Other
5602,pdnc,qID,Q683-0,you,286360,286363,4,894,12,M_5602,Other
5603,pdnc,qID,Q683-0,your,286375,286379,4,894,12,M_5603,Other
5604,pdnc,qID,Q683-0,you,286393,286396,4,894,12,M_5604,Other
5605,booknlp,COREF,117,me,286404,286406,4,894,12,M_5605,Other
5606,booknlp,COREF,117,I,286412,286413,4,894,12,M_5606,Other
5607,pdnc,qID,Q683-0,you,286440,286443,4,894,12,M_5607,Other
5608,booknlp,COREF,117,me,286454,286456,4,894,12,M_5608,Other
5609,booknlp,COREF,117,my,286474,286476,4,895,12,M_5609,Other
5610,pdnc,qID,Q684-0,Basil,286482,286487,2,895,12,M_5610,PROPN
5611,booknlp,COREF,117,I,286494,286495,4,895,12,M_5611,Other
5612,booknlp,COREF,117,I,286535,286536,4,895,12,M_5612,Other
5613,booknlp,COREF,117,my,286545,286547,4,895,12,M_5613,Other
5614,booknlp,COREF,117,I,286583,286584,4,895,12,M_5614,Other
5615,booknlp,COREF,117,I,286621,286622,4,895,12,M_5615,Other
5616,pdnc,qID,Q684-0,you,286632,286635,2,895,12,M_5616,Other
5617,booknlp,COREF,117,I,286655,286656,4,895,12,M_5617,Other
5618,pdnc,qID,Q684-0,you,286671,286674,2,895,12,M_5618,Other
5619,booknlp,COREF,117,I,286689,286690,4,895,12,M_5619,Other
5620,pdnc,qID,Q684-0,you,286699,286702,2,895,12,M_5620,Other
5621,booknlp,COREF,117,I,286729,286730,4,896,12,M_5621,Other
5622,booknlp,COREF,117,I,286777,286778,4,896,12,M_5622,Other
5623,booknlp,COREF,117,myself,286821,286827,4,896,12,M_5623,Other
5624,booknlp,COREF,117,I,286836,286837,4,896,12,M_5624,Other
5625,booknlp,COREF,117,I,286868,286869,4,896,12,M_5625,Other
5626,booknlp,COREF,117,my,286878,286880,4,896,12,M_5626,Other
5627,booknlp,COREF,117,myself,286912,286918,4,896,12,M_5627,Other
5628,booknlp,COREF,117,I,286919,286920,4,896,12,M_5628,Other
5629,pdnc,qID,Q685-0,your,286952,286956,4,896,12,M_5629,Other
5630,booknlp,COREF,117,me,286967,286969,4,896,12,M_5630,Other
5631,booknlp,COREF,117,I,286992,286993,4,896,12,M_5631,Other
5632,pdnc,qID,Q685-0,you,287019,287022,4,896,12,M_5632,Other
5633,booknlp,COREF,117,I,287027,287028,4,897,12,M_5633,Other
5634,pdnc,qID,Q686-0,you,287057,287060,2,897,12,M_5634,Other
5635,pdnc,qID,Q686-0,your,287066,287070,2,897,12,M_5635,Other
5636,exp,exp_name,dorian gray,Dorian Gray,287084,287095,4,897,12,M_5636,PROPN
5637,booknlp,COREF,117,he,287109,287111,4,897,12,M_5637,Other
5638,booknlp,COREF,117,his,287157,287160,4,897,12,M_5638,Other
5639,exp,exp_name,hallward,Hallward,287222,287230,2,898,12,M_5639,PROPN
5640,booknlp,COREF,121,his,287241,287244,2,898,12,M_5640,Other
5641,booknlp,COREF,121,I,287253,287254,2,898,12,M_5641,Other
5642,booknlp,COREF,121,he,287276,287278,2,898,12,M_5642,Other
5643,booknlp,COREF,121,I,287369,287370,2,898,12,M_5643,Other
5644,booknlp,COREF,121,my,287378,287380,2,898,12,M_5644,Other
5645,pdnc,qID,Q687-1,you,287409,287412,4,898,12,M_5645,Other
5646,booknlp,COREF,121,I,287419,287420,2,898,12,M_5646,Other
5647,pdnc,qID,Q687-1,you,287425,287428,4,898,12,M_5647,Other
5648,pdnc,qID,Q687-1,You,287430,287433,4,898,12,M_5648,Other
5649,booknlp,COREF,121,I,287439,287440,2,898,12,M_5649,Other
5650,booknlp,COREF,121,I,287481,287482,2,898,12,M_5650,Other
5651,booknlp,COREF,121,my,287496,287498,2,898,12,M_5651,Other
5652,booknlp,COREF,121,I,287517,287518,2,898,12,M_5652,Other
5653,booknlp,COREF,121,me,287529,287531,2,898,12,M_5653,Other
5654,booknlp,COREF,121,I,287552,287553,2,898,12,M_5654,Other
5655,exp,exp_name,victoria,Victoria,287572,287580,15,898,12,M_5655,PROPN
5656,exp,exp_name,dorian,Dorian,287602,287608,4,899,12,M_5656,PROPN
5657,booknlp,COREF,117,him,287619,287622,4,899,12,M_5657,Other
5658,pdnc,qID,Q688-0,you,287769,287772,2,899,12,M_5658,Other
5659,exp,exp_name,hallward,Hallward,287867,287875,2,900,12,M_5659,PROPN
5660,booknlp,COREF,121,his,287882,287885,2,900,12,M_5660,Other
5661,booknlp,COREF,121,he,287895,287897,2,900,12,M_5661,Other
5662,exp,exp_name,dorian,Dorian,287920,287926,4,900,12,M_5662,PROPN
5663,pdnc,qID,Q689-0,You,288167,288170,4,901,12,M_5663,Other
5664,pdnc,qID,Q689-0,your servant,288175,288187,7,901,12,M_5664,Other
5665,booknlp,COREF,121,me,288193,288195,2,901,12,M_5665,Other
5666,pdnc,qID,Q689-0,Dorian,288211,288217,4,901,12,M_5666,Other
5667,pdnc,qID,Q689-0,He,288219,288221,7,901,12,M_5667,Other
5668,booknlp,COREF,121,me,288227,288229,2,901,12,M_5668,Other
5669,booknlp,COREF,121,I,288241,288242,2,901,12,M_5669,Other
5670,pdnc,qID,Q689-0,your,288261,288265,4,901,12,M_5670,Other
5671,pdnc,qID,Q689-0,He,288295,288297,7,901,12,M_5671,Other
5672,booknlp,COREF,121,I,288329,288330,2,901,12,M_5672,Other
5673,pdnc,qID,Q689-0,him,288336,288339,7,901,12,M_5673,Other
5674,pdnc,qID,Q689-0,the Frenchman,288357,288370,36,901,12,M_5674,Other
5675,pdnc,qID,Q689-0,you,288371,288374,4,901,12,M_5675,Other
5676,pdnc,qID,Q689-0,the Frenchman,288408,288421,36,901,12,M_5676,Other
5677,exp,exp_name,dorian,Dorian,288437,288443,4,902,12,M_5677,PROPN
5678,booknlp,COREF,117,his,288453,288456,4,902,12,M_5678,Other
5679,booknlp,COREF,117,I,288469,288470,4,902,12,M_5679,Other
5680,pdnc,qID,Q690-0,he,288479,288481,36,902,12,M_5680,Other
5681,booknlp,COREF,117,I,288618,288619,4,902,12,M_5681,Other
5682,pdnc,qID,Q690-0,you,288675,288678,2,902,12,M_5682,Other
5683,pdnc,qID,Q690-0,he,288685,288687,36,902,12,M_5683,Other
5684,booknlp,COREF,117,I,288718,288719,4,902,12,M_5684,Other
5685,pdnc,qID,Q690-0,him,288732,288735,36,902,12,M_5685,Other
5686,booknlp,COREF,117,I,288741,288742,4,902,12,M_5686,Other
5687,pdnc,qID,Q690-0,He,288823,288825,36,902,12,M_5687,Other
5688,booknlp,COREF,117,me,288853,288855,4,902,12,M_5688,Other
5689,pdnc,qID,Q690-0,he,288884,288886,36,902,12,M_5689,Other
5690,pdnc,qID,Q690-0,you,288937,288940,2,902,12,M_5690,Other
5691,booknlp,COREF,117,I,288964,288965,4,902,12,M_5691,Other
5692,booknlp,COREF,117,myself,288995,289001,4,902,12,M_5692,Other
5693,booknlp,COREF,389,I,289057,289058,42,903,12,M_5693,Other
5694,exp,exp_name,the painter,the painter,289091,289102,42,903,12,M_5694,PROPN
5695,booknlp,COREF,389,his,289111,289114,42,903,12,M_5695,Other
5696,booknlp,COREF,389,he,289166,289168,42,903,12,M_5696,Other
5697,pdnc,qID,Q691-1,my dear fellow,289205,289219,4,903,12,M_5697,Other
5698,booknlp,COREF,389,I,289221,289222,42,903,12,M_5698,Other
5699,pdnc,qID,Q691-1,you,289240,289243,4,903,12,M_5699,Other
5700,pdnc,qID,Q691-1,You,289278,289281,4,903,12,M_5700,Other
5701,booknlp,COREF,389,me,289317,289319,42,903,12,M_5701,Other
5702,exp,exp_name,dorian,Dorian,289353,289359,4,904,12,M_5702,PROPN
5703,booknlp,COREF,1390,his,289363,289366,4,904,12,M_5703,Other
5704,booknlp,COREF,1390,himself,289390,289397,4,904,12,M_5704,Other
5705,booknlp,COREF,1390,I,289417,289418,4,904,12,M_5705,Other
5706,booknlp,COREF,1390,myself,289440,289446,4,904,12,M_5706,Other
5707,booknlp,COREF,1390,I,289448,289449,4,904,12,M_5707,Other
5708,booknlp,COREF,1390,myself,289462,289468,4,904,12,M_5708,Other
5709,booknlp,COREF,1390,I,289479,289480,4,904,12,M_5709,Other
5710,booknlp,COREF,3009,yourself,289529,289537,4,905,12,M_5710,Other
5711,exp,exp_name,hallward,Hallward,289549,289557,2,905,12,M_5711,PROPN
5712,booknlp,COREF,121,his,289561,289564,2,905,12,M_5712,Other
5713,booknlp,COREF,121,I,289588,289589,2,905,12,M_5713,Other
5714,pdnc,qID,Q693-1,you,289605,289608,4,905,12,M_5714,Other
5715,booknlp,COREF,121,I,289610,289611,2,905,12,M_5715,Other
5716,pdnc,qID,Q693-1,you,289628,289631,4,905,12,M_5716,Other
5717,exp,exp_name,dorian,Dorian,289648,289654,4,906,12,M_5717,PROPN
5718,booknlp,COREF,117,he,289699,289701,4,906,12,M_5718,Other
5719,pdnc,qID,Q695-0,you,289739,289742,4,907,12,M_5719,Other
5720,pdnc,qID,Q695-0,Dorian,289744,289750,4,907,12,M_5720,Other
5721,pdnc,qID,Q695-0,your,289775,289779,4,907,12,M_5721,Other
5722,booknlp,COREF,1390,I,289794,289795,4,907,12,M_5722,Other
5723,booknlp,COREF,1390,I,289809,289810,4,907,12,M_5723,Other
5724,pdnc,qID,Q695-0,you,289831,289834,4,907,12,M_5724,Other
5725,pdnc,qID,Q695-0,you,289900,289903,4,907,12,M_5725,Other
5726,booknlp,COREF,1390,I,289918,289919,4,908,12,M_5726,Other
5727,booknlp,COREF,1390,I,289960,289961,4,908,12,M_5727,Other
5728,booknlp,COREF,1390,myself,290015,290021,4,908,12,M_5728,Other
5729,booknlp,COREF,1390,me,290037,290039,4,908,12,M_5729,Other
5730,pdnc,qID,Q697-0,you,290103,290106,4,909,12,M_5730,Other
5731,pdnc,qID,Q697-0,Dorian,290108,290114,4,909,12,M_5731,Other
5732,pdnc,qID,Q697-0,You,290164,290167,4,909,12,M_5732,Other
5733,pdnc,qID,Q697-0,you,290197,290200,4,909,12,M_5733,Other
5734,pdnc,qID,Q697-0,you,290244,290247,4,909,12,M_5734,Other
5735,pdnc,qID,Q697-0,your,290253,290257,4,909,12,M_5735,Other
5736,pdnc,qID,Q697-0,your,290272,290276,4,909,12,M_5736,Other
5737,pdnc,qID,Q697-0,you,290362,290365,4,909,12,M_5737,Other
5738,booknlp,COREF,1390,I,290367,290368,4,909,12,M_5738,Other
5739,booknlp,COREF,1390,I,290415,290416,4,909,12,M_5739,Other
5740,booknlp,COREF,1390,I,290441,290442,4,909,12,M_5740,Other
5741,pdnc,qID,Q697-0,you,290447,290450,4,909,12,M_5741,Other
5742,exp,exp_name,man,man,290495,290498,30,909,12,M_5742,PROPN
5743,exp,exp_name,man,man,290610,290613,30,909,12,M_5743,PROPN
5744,booknlp,COREF,1390,I,290736,290737,4,909,12,M_5744,Other
5745,pdnc,qID,Q697-0,you,290766,290769,4,909,12,M_5745,Other
5746,booknlp,COREF,1390,me,290787,290789,4,909,12,M_5746,Other
5747,booknlp,COREF,1390,I,290827,290828,4,909,12,M_5747,Other
5748,booknlp,COREF,1390,I,290915,290916,4,909,12,M_5748,Other
5749,booknlp,COREF,1390,I,290980,290981,4,909,12,M_5749,Other
5750,booknlp,COREF,1390,I,291048,291049,4,909,12,M_5750,Other
5751,booknlp,COREF,1390,I,291057,291058,4,909,12,M_5751,Other
5752,booknlp,COREF,1390,I,291073,291074,4,909,12,M_5752,Other
5753,booknlp,COREF,1390,I,291099,291100,4,909,12,M_5753,Other
5754,pdnc,qID,Q697-0,you,291146,291149,4,909,12,M_5754,Other
5755,pdnc,qID,Q697-0,Dorian,291151,291157,4,909,12,M_5755,Other
5756,pdnc,qID,Q697-0,your,291164,291168,4,909,12,M_5756,Other
5757,pdnc,qID,Q697-0,your,291202,291206,4,909,12,M_5757,Other
5758,booknlp,COREF,1390,I,291235,291236,4,909,12,M_5758,Other
5759,pdnc,qID,Q697-0,you,291268,291271,4,909,12,M_5759,Other
5760,booknlp,COREF,1390,I,291281,291282,4,909,12,M_5760,Other
5761,pdnc,qID,Q697-0,you,291287,291290,4,909,12,M_5761,Other
5762,pdnc,qID,Q697-0,you,291308,291311,4,909,12,M_5762,Other
5763,booknlp,COREF,1390,I,291356,291357,4,909,12,M_5763,Other
5764,pdnc,qID,Q697-0,you,291371,291374,4,909,12,M_5764,Other
5765,booknlp,COREF,1390,I,291380,291381,4,909,12,M_5765,Other
5766,pdnc,qID,Q697-0,you,291445,291448,4,909,12,M_5766,Other
5767,booknlp,COREF,1390,I,291450,291451,4,909,12,M_5767,Other
5768,pdnc,qID,Q697-0,Dorian,291487,291493,4,909,12,M_5768,Other
5769,exp,exp_name,man,man,291502,291505,30,909,12,M_5769,PROPN
5770,pdnc,qID,Q697-0,you,291562,291565,4,909,12,M_5770,Other
5771,pdnc,qID,Q697-0,your,291638,291642,4,909,12,M_5771,Other
5772,pdnc,qID,Q697-0,you,291659,291662,4,909,12,M_5772,Other
5773,pdnc,qID,Q697-0,You,291674,291677,4,909,12,M_5773,Other
5774,booknlp,COREF,1390,I,291716,291717,4,909,12,M_5774,Other
5775,pdnc,qID,Q697-0,him,291722,291725,4,909,12,M_5775,Other
5776,pdnc,qID,Q697-0,Your,291747,291751,4,909,12,M_5776,Other
5777,pdnc,qID,Q697-0,you,291828,291831,4,909,12,M_5777,Other
5778,pdnc,qID,Q697-0,his,291891,291894,4,909,12,M_5778,Other
5779,pdnc,qID,Q697-0,you,291913,291916,4,909,12,M_5779,Other
5780,pdnc,qID,Q697-0,you,291963,291966,4,909,12,M_5780,Other
5781,exp,exp_name,man,man,291974,291977,30,909,12,M_5781,PROPN
5782,booknlp,COREF,1390,I,292089,292090,4,909,12,M_5782,Other
5783,booknlp,COREF,1390,I,292109,292110,4,909,12,M_5783,Other
5784,booknlp,COREF,1390,me,292171,292173,4,909,12,M_5784,Other
5785,booknlp,COREF,1390,me,292183,292185,4,909,12,M_5785,Other
5786,pdnc,qID,Q697-0,your,292238,292242,4,909,12,M_5786,Other
5787,pdnc,qID,Q697-0,You,292342,292345,4,909,12,M_5787,Other
5788,exp,exp_name,henry,Henry,292383,292388,19,909,12,M_5788,PROPN
5789,pdnc,qID,Q697-0,You,292445,292448,4,909,12,M_5789,Other
5790,booknlp,COREF,304,he,292453,292455,19,909,12,M_5790,Other
5791,pdnc,qID,Q697-0,Adrian Singleton,292485,292501,0,909,12,M_5791,PROPN
5792,pdnc,qID,Q697-0,his,292506,292509,0,909,12,M_5792,Other
5793,booknlp,COREF,211,his,292560,292563,0,909,12,M_5793,Other
5794,booknlp,COREF,1390,I,292572,292573,4,909,12,M_5794,Other
5795,booknlp,COREF,211,his,292578,292581,0,909,12,M_5795,Other
5796,exp,exp_name,james,James,292606,292611,11,909,12,M_5796,PROPN
5797,pdnc,qID,Q698-0,Basil,292782,292787,2,910,12,M_5797,PROPN
5798,pdnc,qID,Q698-0,You,292789,292792,2,910,12,M_5798,Other
5799,pdnc,qID,Q698-0,you,292827,292830,2,910,12,M_5799,Other
5800,exp,exp_name,dorian gray,Dorian Gray,292851,292862,4,910,12,M_5800,PROPN
5801,booknlp,COREF,117,his,292871,292874,4,910,12,M_5801,Other
5802,booknlp,COREF,117,his,292920,292923,4,910,12,M_5802,Other
5803,pdnc,qID,Q698-1,You,292932,292935,2,910,12,M_5803,Other
5804,booknlp,COREF,117,me,292940,292942,4,910,12,M_5804,Other
5805,booknlp,COREF,117,I,292974,292975,4,910,12,M_5805,Other
5806,booknlp,COREF,117,I,293000,293001,4,910,12,M_5806,Other
5807,booknlp,COREF,117,mine,293070,293074,4,910,12,M_5807,Other
5808,pdnc,qID,Q698-1,You,293147,293150,2,910,12,M_5808,Other
5809,booknlp,COREF,117,me,293155,293157,4,910,12,M_5809,Other
5810,exp,exp_name,henry,Henry,293164,293169,19,910,12,M_5810,PROPN
5811,booknlp,COREF,117,I,293198,293199,4,910,12,M_5811,Other
5812,booknlp,COREF,117,me,293324,293326,4,910,12,M_5812,Other
5813,exp,exp_name,adrian singleton,Adrian Singleton,293331,293347,0,910,12,M_5813,PROPN
5814,booknlp,COREF,211,his,293355,293358,0,910,12,M_5814,Other
5815,booknlp,COREF,117,I,293391,293392,4,910,12,M_5815,Other
5816,booknlp,COREF,211,his,293393,293396,0,910,12,M_5816,Other
5817,booknlp,COREF,117,I,293405,293406,4,910,12,M_5817,Other
5818,exp,exp_name,man,man,293735,293738,30,910,12,M_5818,PROPN
5819,pdnc,qID,Q698-1,My dear fellow,293896,293910,2,910,12,M_5819,Other
5820,pdnc,qID,Q698-1,you,293912,293915,2,910,12,M_5820,Other
5821,pdnc,qID,Q699-0,Dorian,293975,293981,4,911,12,M_5821,Other
5822,exp,exp_name,hallward,Hallward,293990,293998,2,911,12,M_5822,PROPN
5823,booknlp,COREF,121,I,294049,294050,2,911,12,M_5823,Other
5824,booknlp,COREF,121,I,294114,294115,2,911,12,M_5824,Other
5825,pdnc,qID,Q699-1,you,294121,294124,4,911,12,M_5825,Other
5826,pdnc,qID,Q699-1,You,294137,294140,4,911,12,M_5826,Other
5827,exp,exp_name,man,man,294191,294194,30,911,12,M_5827,PROPN
5828,booknlp,COREF,3082,Yours,294234,294239,4,911,12,M_5828,Other
5829,pdnc,qID,Q699-1,You,294298,294301,4,911,12,M_5829,Other
5830,pdnc,qID,Q699-1,You,294385,294388,4,911,12,M_5830,Other
5831,pdnc,qID,Q699-1,you,294410,294413,4,911,12,M_5831,Other
5832,pdnc,qID,Q699-1,you,294438,294441,4,911,12,M_5832,Other
5833,pdnc,qID,Q699-1,you,294456,294459,4,911,12,M_5833,Other
5834,booknlp,COREF,121,I,294504,294505,2,911,12,M_5834,Other
5835,pdnc,qID,Q699-1,you,294511,294514,4,911,12,M_5835,Other
5836,pdnc,qID,Q699-1,Harry,294519,294524,19,911,12,M_5836,PROPN
5837,pdnc,qID,Q699-1,you,294585,294588,4,911,12,M_5837,Other
5838,pdnc,qID,Q699-1,his,294610,294613,19,911,12,M_5838,Other
5839,pdnc,qID,Q700-0,Basil,294653,294658,2,912,12,M_5839,PROPN
5840,pdnc,qID,Q700-0,You,294660,294663,2,912,12,M_5840,Other
5841,booknlp,COREF,121,I,294679,294680,2,913,12,M_5841,Other
5842,pdnc,qID,Q701-0,you,294697,294700,4,913,12,M_5842,Other
5843,pdnc,qID,Q701-0,You,294714,294717,4,913,12,M_5843,Other
5844,pdnc,qID,Q701-0,you,294737,294740,4,913,12,M_5844,Other
5845,pdnc,qID,Q701-0,you,294989,294992,4,913,12,M_5845,Other
5846,booknlp,COREF,121,I,295144,295145,2,913,12,M_5846,Other
5847,booknlp,COREF,121,I,295164,295165,2,913,12,M_5847,Other
5848,booknlp,COREF,121,I,295175,295176,2,913,12,M_5848,Other
5849,booknlp,COREF,121,me,295206,295208,2,913,12,M_5849,Other
5850,pdnc,qID,Q701-0,your,295229,295233,4,913,12,M_5850,Other
5851,pdnc,qID,Q701-0,Dorian,295280,295286,4,913,12,M_5851,Other
5852,pdnc,qID,Q701-0,you,295288,295291,4,913,12,M_5852,Other
5853,pdnc,qID,Q701-0,you,295322,295325,4,913,12,M_5853,Other
5854,booknlp,COREF,121,I,295327,295328,2,913,12,M_5854,Other
5855,pdnc,qID,Q701-0,you,295340,295343,4,913,12,M_5855,Other
5856,booknlp,COREF,121,I,295349,295350,2,913,12,M_5856,Other
5857,pdnc,qID,Q701-0,you,295375,295378,4,913,12,M_5857,Other
5858,booknlp,COREF,121,I,295380,295381,2,913,12,M_5858,Other
5859,pdnc,qID,Q701-0,Harry,295391,295396,19,913,12,M_5859,PROPN
5860,exp,exp_name,man,man,295420,295423,30,913,12,M_5860,PROPN
5861,booknlp,COREF,121,I,295548,295549,2,913,12,M_5861,Other
5862,pdnc,qID,Q701-0,you,295571,295574,4,913,12,M_5862,Other
5863,booknlp,COREF,121,I,295576,295577,2,913,12,M_5863,Other
5864,pdnc,qID,Q701-0,you,295583,295586,4,913,12,M_5864,Other
5865,pdnc,qID,Q701-0,you,295638,295641,4,913,12,M_5865,Other
5866,booknlp,COREF,121,I,295643,295644,2,913,12,M_5866,Other
5867,pdnc,qID,Q701-0,you,295650,295653,4,913,12,M_5867,Other
5868,booknlp,COREF,121,I,295694,295695,2,913,12,M_5868,Other
5869,pdnc,qID,Q701-0,you,295701,295704,4,913,12,M_5869,Other
5870,pdnc,qID,Q701-0,you,295739,295742,4,913,12,M_5870,Other
5871,pdnc,qID,Q701-0,your,295771,295775,4,913,12,M_5871,Other
5872,pdnc,qID,Q701-0,You,295822,295825,4,913,12,M_5872,Other
5873,pdnc,qID,Q701-0,you,295902,295905,4,913,12,M_5873,Other
5874,pdnc,qID,Q701-0,you,295934,295937,4,913,12,M_5874,Other
5875,pdnc,qID,Q701-0,you,295991,295994,4,913,12,M_5875,Other
5876,booknlp,COREF,121,I,296052,296053,2,913,12,M_5876,Other
5877,booknlp,COREF,121,I,296101,296102,2,913,12,M_5877,Other
5878,pdnc,qID,Q701-0,you,296127,296130,4,913,12,M_5878,Other
5879,booknlp,COREF,121,I,296132,296133,2,913,12,M_5879,Other
5880,booknlp,COREF,121,my,296211,296213,2,913,12,M_5880,Other
5881,booknlp,COREF,121,me,296252,296254,2,913,12,M_5881,Other
5882,pdnc,qID,Q701-0,Your,296347,296351,4,913,12,M_5882,Other
5883,booknlp,COREF,121,I,296404,296405,2,913,12,M_5883,Other
5884,booknlp,COREF,121,I,296417,296418,2,913,12,M_5884,Other
5885,booknlp,COREF,121,I,296452,296453,2,913,12,M_5885,Other
5886,pdnc,qID,Q701-0,you,296459,296462,4,913,12,M_5886,Other
5887,pdnc,qID,Q701-0,you,296483,296486,4,913,12,M_5887,Other
5888,pdnc,qID,Q701-0,you,296532,296535,4,913,12,M_5888,Other
5889,booknlp,COREF,121,I,296537,296538,2,913,12,M_5889,Other
5890,booknlp,COREF,121,I,296549,296550,2,913,12,M_5890,Other
5891,pdnc,qID,Q701-0,you,296556,296559,4,913,12,M_5891,Other
5892,booknlp,COREF,121,I,296568,296569,2,913,12,M_5892,Other
5893,booknlp,COREF,121,I,296589,296590,2,913,12,M_5893,Other
5894,pdnc,qID,Q701-0,your,296610,296614,4,913,12,M_5894,Other
5895,booknlp,COREF,117,my,296631,296633,4,914,12,M_5895,Other
5896,exp,exp_name,dorian gray,Dorian Gray,296650,296661,4,914,12,M_5896,PROPN
5897,exp,exp_name,hallward,Hallward,296742,296750,2,915,12,M_5897,PROPN
5898,booknlp,COREF,121,his,296790,296793,2,915,12,M_5898,Other
5899,pdnc,qID,Q703-1,your,296809,296813,4,915,12,M_5899,Other
5900,exp,exp_name,man,man,296909,296912,30,916,12,M_5900,PROPN
5901,pdnc,qID,Q704-0,You,296915,296918,2,916,12,M_5901,Other
5902,booknlp,COREF,3082,yourself,296932,296940,4,916,12,M_5902,Other
5903,booknlp,COREF,121,he,296953,296955,2,916,12,M_5903,Other
5904,pdnc,qID,Q704-1,your,297007,297011,2,916,12,M_5904,Other
5905,pdnc,qID,Q704-1,you,297041,297044,2,916,12,M_5905,Other
5906,pdnc,qID,Q704-1,You,297057,297060,2,916,12,M_5906,Other
5907,pdnc,qID,Q704-1,you,297108,297111,2,916,12,M_5907,Other
5908,pdnc,qID,Q704-1,you,297141,297144,2,916,12,M_5908,Other
5909,pdnc,qID,Q704-1,you,297166,297169,2,916,12,M_5909,Other
5910,booknlp,COREF,121,me,297187,297189,2,916,12,M_5910,Other
5911,booknlp,COREF,121,I,297213,297214,2,916,12,M_5911,Other
5912,pdnc,qID,Q704-1,you,297240,297243,2,916,12,M_5912,Other
5913,pdnc,qID,Q704-1,you,297255,297258,2,916,12,M_5913,Other
5914,booknlp,COREF,121,I,297299,297300,2,916,12,M_5914,Other
5915,pdnc,qID,Q704-1,you,297306,297309,2,916,12,M_5915,Other
5916,pdnc,qID,Q704-1,You,297311,297314,2,916,12,M_5916,Other
5917,pdnc,qID,Q704-1,you,297359,297362,2,916,12,M_5917,Other
5918,booknlp,COREF,121,he,297441,297443,2,917,12,M_5918,Other
5919,booknlp,COREF,121,He,297453,297455,2,917,12,M_5919,Other
5920,booknlp,COREF,121,his,297464,297467,2,917,12,M_5920,Other
5921,booknlp,COREF,121,his,297492,297495,2,917,12,M_5921,Other
5922,booknlp,COREF,121,He,297520,297522,2,917,12,M_5922,Other
5923,booknlp,COREF,121,his,297590,297593,2,917,12,M_5923,Other
5924,exp,exp_name,the man,the man,297611,297618,10,917,12,M_5924,PROPN
5925,booknlp,COREF,121,his,297675,297678,2,917,12,M_5925,Other
5926,booknlp,COREF,121,his,297720,297723,2,917,12,M_5926,Other
5927,booknlp,COREF,121,he,297761,297763,2,917,12,M_5927,Other
5928,booknlp,COREF,121,he,297782,297784,2,918,12,M_5928,Other
5929,booknlp,COREF,121,him,297813,297816,2,918,12,M_5929,Other
5930,booknlp,COREF,121,his,297846,297849,2,918,12,M_5930,Other
5931,booknlp,COREF,121,I,297863,297864,2,918,12,M_5931,Other
5932,pdnc,qID,Q705-1,you,297876,297879,2,918,12,M_5932,Other
5933,booknlp,COREF,121,my,297880,297882,2,918,12,M_5933,Other
5934,pdnc,qID,Q705-1,You,297889,297892,2,918,12,M_5934,Other
5935,pdnc,qID,Q705-1,you,297918,297921,2,918,12,M_5935,Other
5936,exp,exp_name,hallward,Hallward,297948,297956,2,919,12,M_5936,PROPN
5937,pdnc,qID,Q706-0,Dorian,297991,297997,4,919,12,M_5937,Other
5938,booknlp,COREF,121,he,298000,298002,2,919,12,M_5938,Other
5939,pdnc,qID,Q706-1,You,298011,298014,4,919,12,M_5939,Other
5940,pdnc,qID,Q707-0,You,298098,298101,2,920,12,M_5940,Other
5941,booknlp,COREF,121,He,298113,298115,2,920,12,M_5941,Other
5942,booknlp,COREF,121,I,298133,298134,2,921,12,M_5942,Other
5943,booknlp,COREF,121,I,298156,298157,2,921,12,M_5943,Other
5944,pdnc,qID,Q708-0,you,298166,298169,4,921,12,M_5944,Other
5945,booknlp,COREF,121,I,298180,298181,2,921,12,M_5945,Other
5946,pdnc,qID,Q708-0,your,298194,298198,4,921,12,M_5946,Other
5947,pdnc,qID,Q708-0,You,298205,298208,4,921,12,M_5947,Other
5948,booknlp,COREF,121,I,298214,298215,2,921,12,M_5948,Other
5949,pdnc,qID,Q708-0,you,298252,298255,4,921,12,M_5949,Other
5950,booknlp,COREF,121,me,298272,298274,2,922,12,M_5950,Other
5951,pdnc,qID,Q709-0,you,298288,298291,2,922,12,M_5951,Other
5952,exp,exp_name,the painter,the painter,298343,298354,42,923,12,M_5952,PROPN
5953,booknlp,COREF,121,He,298363,298365,2,923,12,M_5953,Other
5954,booknlp,COREF,121,him,298424,298427,2,923,12,M_5954,Other
5955,booknlp,COREF,121,he,298455,298457,2,923,12,M_5955,Other
5956,exp,exp_name,dorian gray,Dorian Gray,298482,298493,4,923,12,M_5956,PROPN
5957,booknlp,COREF,121,he,298498,298500,2,923,12,M_5957,Other
5958,booknlp,COREF,121,him,298545,298548,2,923,12,M_5958,Other
5959,booknlp,COREF,121,he,298559,298561,2,923,12,M_5959,Other
5960,booknlp,COREF,121,he,298587,298589,2,923,12,M_5960,Other
5961,booknlp,COREF,121,himself,298603,298610,2,923,12,M_5961,Other
5962,pdnc,qID,Q710-0,Basil,298774,298779,2,924,12,M_5962,PROPN
5963,exp,exp_name,man,man,298797,298800,30,924,12,M_5963,PROPN
5964,pdnc,qID,Q711-1,You,298883,298886,4,925,12,M_5964,Other
5965,pdnc,qID,Q711-1,you,298960,298963,4,925,12,M_5965,Other
5966,pdnc,qID,Q711-1,you,298968,298971,4,925,12,M_5966,Other
5967,pdnc,qID,Q711-1,you,299051,299054,4,925,12,M_5967,Other
5968,pdnc,qID,Q711-1,Dorian,299067,299073,4,925,12,M_5968,Other
5969,pdnc,qID,Q711-1,you,299092,299095,4,925,12,M_5969,Other
5970,pdnc,qID,Q711-1,you,299152,299155,4,925,12,M_5970,Other
5971,exp,exp_name,dorian gray,Dorian Gray,299194,299205,4,926,12,M_5971,PROPN
5972,booknlp,COREF,117,his,299246,299249,4,926,12,M_5972,Other
5973,pdnc,qID,Q712-0,Basil,299272,299277,2,926,12,M_5973,PROPN
5974,booknlp,COREF,117,he,299280,299282,4,926,12,M_5974,Other
5975,booknlp,COREF,117,I,299298,299299,4,926,12,M_5975,Other
5976,booknlp,COREF,117,my,299316,299318,4,926,12,M_5976,Other
5977,booknlp,COREF,117,I,299394,299395,4,926,12,M_5977,Other
5978,pdnc,qID,Q712-1,you,299413,299416,2,926,12,M_5978,Other
5979,pdnc,qID,Q712-1,you,299420,299423,2,926,12,M_5979,Other
5980,booknlp,COREF,117,me,299434,299436,4,926,12,M_5980,Other
5981,pdnc,qID,Q713-0,you,299459,299462,4,927,12,M_5981,Other
5982,pdnc,qID,Q713-0,Dorian,299464,299470,4,927,12,M_5982,Other
5983,pdnc,qID,Q713-0,you,299475,299478,4,927,12,M_5983,Other
5984,pdnc,qID,Q714-0,you,299675,299678,2,928,12,M_5984,Other
5985,booknlp,COREF,117,I,299689,299690,4,928,12,M_5985,Other
5986,pdnc,qID,Q714-0,You,299715,299718,2,928,12,M_5986,Other
5987,exp,exp_name,basil hallward,Basil Hallward,299816,299830,2,930,13,M_5987,PROPN
5988,exp,exp_name,dorian,Dorian,300051,300057,4,931,13,M_5988,PROPN
5989,pdnc,qID,Q715-0,You,300138,300141,2,931,13,M_5989,Other
5990,pdnc,qID,Q715-0,Basil,300161,300166,2,931,13,M_5990,PROPN
5991,booknlp,COREF,117,he,300169,300171,4,931,13,M_5991,Other
5992,booknlp,COREF,117,I,300204,300205,4,933,13,M_5992,Other
5993,booknlp,COREF,117,he,300221,300223,4,933,13,M_5993,Other
5994,booknlp,COREF,117,he,300248,300250,4,933,13,M_5994,Other
5995,pdnc,qID,Q718-0,You,300277,300280,2,933,13,M_5995,Other
5996,exp,exp_name,man,man,300293,300296,30,933,13,M_5996,PROPN
5997,booknlp,COREF,117,me,300351,300353,4,933,13,M_5997,Other
5998,pdnc,qID,Q718-0,You,300355,300358,2,933,13,M_5998,Other
5999,booknlp,COREF,117,my,300384,300386,4,933,13,M_5999,Other
6000,pdnc,qID,Q718-0,you,300397,300400,2,933,13,M_6000,Other
6001,booknlp,COREF,117,he,300434,300436,4,933,13,M_6001,Other
6002,booknlp,COREF,117,He,300564,300566,4,933,13,M_6002,Other
6003,pdnc,qID,Q719-0,you,300600,300603,2,933,13,M_6003,Other
6004,booknlp,COREF,117,he,300606,300608,4,933,13,M_6004,Other
6005,booknlp,COREF,117,he,300623,300625,4,933,13,M_6005,Other
6006,exp,exp_name,hallward,Hallward,300657,300665,2,934,13,M_6006,PROPN
6007,booknlp,COREF,117,him,300680,300683,4,934,13,M_6007,Other
6008,exp,exp_name,dorian gray,Dorian Gray,300944,300955,4,934,13,M_6008,PROPN
6009,booknlp,COREF,117,he,301028,301030,4,934,13,M_6009,Other
6010,pdnc,qID,Q720-0,you,301197,301200,2,935,13,M_6010,Other
6011,pdnc,qID,Q720-0,Basil,301246,301251,2,935,13,M_6011,PROPN
6012,pdnc,qID,Q720-0,you,301281,301284,2,935,13,M_6012,Other
6013,booknlp,COREF,121,mine,301294,301298,2,935,13,M_6013,Other
6014,pdnc,qID,Q721-0,You,301344,301347,4,936,13,M_6014,Other
6015,pdnc,qID,Q721-0,Dorian,301357,301363,4,936,13,M_6015,Other
6016,exp,exp_name,hallward,Hallward,301394,301402,2,936,13,M_6016,PROPN
6017,pdnc,qID,Q722-0,You,301416,301419,2,937,13,M_6017,Other
6018,exp,exp_name,man,man,301469,301472,30,937,13,M_6018,PROPN
6019,exp,exp_name,the painter,the painter,301576,301587,42,938,13,M_6019,PROPN
6020,booknlp,COREF,117,he,301598,301600,4,938,13,M_6020,Other
6021,booknlp,COREF,117,him,301665,301668,4,938,13,M_6021,Other
6022,booknlp,COREF,117,him,301720,301723,4,938,13,M_6022,Other
6023,exp,exp_name,dorian gray,Dorian Gray,301772,301783,4,938,13,M_6023,PROPN
6024,booknlp,COREF,117,he,301800,301802,4,938,13,M_6024,Other
6025,exp,exp_name,dorian,Dorian,302168,302174,4,938,13,M_6025,PROPN
6026,booknlp,COREF,1407,himself,302175,302182,4,938,13,M_6026,Other
6027,booknlp,COREF,1407,He,302205,302207,4,938,13,M_6027,Other
6028,booknlp,COREF,1407,his,302228,302231,4,938,13,M_6028,Other
6029,booknlp,COREF,1407,his,302265,302268,4,938,13,M_6029,Other
6030,booknlp,COREF,1407,he,302309,302311,4,938,13,M_6030,Other
6031,booknlp,COREF,1407,He,302325,302327,4,938,13,M_6031,Other
6032,booknlp,COREF,1407,his,302411,302414,4,938,13,M_6032,Other
6033,booknlp,COREF,1407,He,302525,302527,4,939,13,M_6033,Other
6034,booknlp,COREF,1407,his,302563,302566,4,939,13,M_6034,Other
6035,booknlp,COREF,1407,He,302580,302582,4,939,13,M_6035,Other
6036,booknlp,COREF,1407,he,302596,302598,4,939,13,M_6036,Other
6037,booknlp,COREF,1407,his,302610,302613,4,939,13,M_6037,Other
6038,booknlp,COREF,1407,His,302671,302674,4,939,13,M_6038,Other
6039,booknlp,COREF,1407,He,302726,302728,4,939,13,M_6039,Other
6040,exp,exp_name,dorian gray,Dorian Gray,302750,302761,4,939,13,M_6040,PROPN
6041,exp,exp_name,man,man,302786,302789,30,939,13,M_6041,PROPN
6042,booknlp,COREF,117,His,302791,302794,4,939,13,M_6042,Other
6043,booknlp,COREF,117,his,302815,302818,4,939,13,M_6043,Other
6044,booknlp,COREF,1407,He,302863,302865,4,939,13,M_6044,Other
6045,booknlp,COREF,1407,his,302873,302876,4,939,13,M_6045,Other
6046,booknlp,COREF,1407,his,302889,302892,4,939,13,M_6046,Other
6047,exp,exp_name,man,man,302945,302948,30,940,13,M_6047,PROPN
6048,booknlp,COREF,117,him,302995,302998,4,940,13,M_6048,Other
6049,booknlp,COREF,117,his,303259,303262,4,940,13,M_6049,Other
6050,booknlp,COREF,117,He,303269,303271,4,940,13,M_6050,Other
6051,booknlp,COREF,117,his,303300,303303,4,940,13,M_6051,Other
6052,exp,exp_name,hallward,Hallward,303385,303393,2,941,13,M_6052,PROPN
6053,booknlp,COREF,121,His,303404,303407,2,941,13,M_6053,Other
6054,booknlp,COREF,121,his,303448,303451,2,941,13,M_6054,Other
6055,booknlp,COREF,117,I,303476,303477,4,942,13,M_6055,Other
6056,exp,exp_name,dorian gray,Dorian Gray,303495,303506,4,942,13,M_6056,PROPN
6057,booknlp,COREF,117,his,303531,303534,4,942,13,M_6057,Other
6058,pdnc,qID,Q724-1,you,303542,303545,2,942,13,M_6058,Other
6059,booknlp,COREF,117,me,303550,303552,4,942,13,M_6059,Other
6060,booknlp,COREF,117,me,303564,303566,4,942,13,M_6060,Other
6061,booknlp,COREF,117,me,303579,303581,4,942,13,M_6061,Other
6062,booknlp,COREF,117,my,303596,303598,4,942,13,M_6062,Other
6063,pdnc,qID,Q724-1,you,303619,303622,2,942,13,M_6063,Other
6064,booknlp,COREF,117,me,303634,303636,4,942,13,M_6064,Other
6065,pdnc,qID,Q724-1,a friend of yours,303640,303657,19,942,13,M_6065,Other
6066,booknlp,COREF,117,me,303676,303678,4,942,13,M_6066,Other
6067,pdnc,qID,Q724-1,you,303704,303707,2,942,13,M_6067,Other
6068,booknlp,COREF,117,me,303731,303733,4,942,13,M_6068,Other
6069,booknlp,COREF,117,me,303751,303753,4,942,13,M_6069,Other
6070,booknlp,COREF,117,I,303808,303809,4,942,13,M_6070,Other
6071,booknlp,COREF,117,I,303829,303830,4,942,13,M_6071,Other
6072,booknlp,COREF,117,I,303846,303847,4,942,13,M_6072,Other
6073,pdnc,qID,Q724-1,you,303869,303872,2,942,13,M_6073,Other
6074,booknlp,COREF,121,I,303903,303904,2,943,13,M_6074,Other
6075,booknlp,COREF,121,I,303931,303932,2,943,13,M_6075,Other
6076,booknlp,COREF,121,I,304036,304037,2,943,13,M_6076,Other
6077,booknlp,COREF,121,I,304085,304086,2,943,13,M_6077,Other
6078,pdnc,qID,Q725-0,you,304092,304095,4,943,13,M_6078,Other
6079,exp,exp_name,man,man,304168,304171,30,944,13,M_6079,PROPN
6080,pdnc,qID,Q727-0,You,304263,304266,4,945,13,M_6080,Other
6081,booknlp,COREF,117,me,304272,304274,4,945,13,M_6081,Other
6082,pdnc,qID,Q727-0,you,304275,304278,4,945,13,M_6082,Other
6083,booknlp,COREF,117,I,304300,304301,4,946,13,M_6083,Other
6084,booknlp,COREF,117,me,304330,304332,4,946,13,M_6084,Other
6085,booknlp,COREF,117,I,304337,304338,4,947,13,M_6085,Other
6086,booknlp,COREF,117,my,304359,304361,4,947,13,M_6086,Other
6087,pdnc,qID,Q730-0,you,304380,304383,2,948,13,M_6087,Other
6088,pdnc,qID,Q730-0,your,304388,304392,2,948,13,M_6088,Other
6089,exp,exp_name,dorian,Dorian,304412,304418,4,948,13,M_6089,PROPN
6090,booknlp,COREF,117,My,304431,304433,4,949,13,M_6090,Other
6091,pdnc,qID,Q731-0,you,304444,304447,4,949,13,M_6091,Other
6092,pdnc,qID,Q732-0,you,304465,304468,2,950,13,M_6092,Other
6093,pdnc,qID,Q733-0,You,304531,304534,4,951,13,M_6093,Other
6094,booknlp,COREF,117,me,304543,304545,4,951,13,M_6094,Other
6095,booknlp,COREF,117,I,304563,304564,4,951,13,M_6095,Other
6096,booknlp,COREF,117,my,304639,304641,4,952,13,M_6096,Other
6097,booknlp,COREF,117,I,304672,304673,4,953,13,M_6097,Other
6098,pdnc,qID,Q736-0,Basil,304766,304771,2,954,13,M_6098,PROPN
6099,exp,exp_name,dorian,Dorian,304780,304786,4,954,13,M_6099,PROPN
6100,exp,exp_name,hallward,Hallward,304820,304828,2,955,13,M_6100,PROPN
6101,booknlp,COREF,121,My,304876,304878,2,955,13,M_6101,Other
6102,booknlp,COREF,121,he,304900,304902,2,955,13,M_6102,Other
6103,pdnc,qID,Q737-1,you,304932,304935,4,955,13,M_6103,Other
6104,pdnc,qID,Q737-1,your,304951,304955,4,955,13,M_6104,Other
6105,pdnc,qID,Q737-1,you,304967,304970,4,955,13,M_6105,Other
6106,pdnc,qID,Q737-1,you,305018,305021,4,955,13,M_6106,Other
6107,pdnc,qID,Q737-1,you,305028,305031,4,955,13,M_6107,Other
6108,booknlp,COREF,121,He,305040,305042,2,955,13,M_6108,Other
6109,booknlp,COREF,121,he,305148,305150,2,955,13,M_6109,Other
6110,booknlp,COREF,121,His,305400,305403,2,956,13,M_6110,Other
6111,booknlp,COREF,121,He,305491,305493,2,956,13,M_6111,Other
6112,booknlp,COREF,121,his,305501,305504,2,956,13,M_6112,Other
6113,booknlp,COREF,121,he,305537,305539,2,956,13,M_6113,Other
6114,booknlp,COREF,121,himself,305546,305553,2,956,13,M_6114,Other
6115,booknlp,COREF,121,his,305619,305622,2,956,13,M_6115,Other
6116,booknlp,COREF,121,his,305631,305634,2,956,13,M_6116,Other
6117,pdnc,qID,Q738-0,Dorian,305654,305660,4,957,13,M_6117,Other
6118,booknlp,COREF,121,he,305725,305727,2,957,13,M_6118,Other
6119,exp,exp_name,man,man,305749,305752,30,957,13,M_6119,PROPN
6120,pdnc,qID,Q739-0,Dorian,305783,305789,4,957,13,M_6120,Other
6121,booknlp,COREF,121,he,305798,305800,2,957,13,M_6121,Other
6122,pdnc,qID,Q739-2,your,305986,305990,4,957,13,M_6122,Other
6123,pdnc,qID,Q739-2,your,306030,306034,4,957,13,M_6123,Other
6124,booknlp,COREF,121,I,306069,306070,2,957,13,M_6124,Other
6125,pdnc,qID,Q739-2,you,306082,306085,4,957,13,M_6125,Other
6126,booknlp,COREF,121,I,306096,306097,2,957,13,M_6126,Other
6127,pdnc,qID,Q739-2,You,306118,306121,4,957,13,M_6127,Other
6128,booknlp,COREF,117,yourself,306133,306141,4,957,13,M_6128,Other
6129,exp,exp_name,dorian gray,Dorian Gray,306176,306187,4,958,13,M_6129,PROPN
6130,booknlp,COREF,117,him,306223,306226,4,958,13,M_6130,Other
6131,pdnc,qID,Q740-0,Basil,306267,306272,2,958,13,M_6131,PROPN
6132,booknlp,COREF,121,he,306275,306277,2,958,13,M_6132,Other
6133,pdnc,qID,Q741-0,Dorian,306312,306318,4,959,13,M_6133,Other
6134,pdnc,qID,Q741-0,your,306417,306421,4,959,13,M_6134,Other
6135,booknlp,COREF,121,I,306446,306447,2,959,13,M_6135,Other
6136,booknlp,COREF,117,me,306513,306515,4,960,13,M_6136,Other
6137,pdnc,qID,Q743-0,You,306546,306549,4,961,13,M_6137,Other
6138,pdnc,qID,Q743-0,your,306575,306579,4,961,13,M_6138,Other
6139,booknlp,COREF,121,My,306586,306588,2,961,13,M_6139,Other
6140,pdnc,qID,Q743-0,you,306600,306603,4,961,13,M_6140,Other
6141,exp,exp_name,dorian gray,Dorian Gray,306645,306656,4,962,13,M_6141,PROPN
6142,exp,exp_name,basil hallward,Basil Hallward,306734,306748,2,962,13,M_6142,PROPN
6143,booknlp,COREF,117,him,306759,306762,4,962,13,M_6143,Other
6144,booknlp,COREF,117,him,306799,306802,4,962,13,M_6144,Other
6145,booknlp,COREF,117,his,306846,306849,4,962,13,M_6145,Other
6146,booknlp,COREF,117,him,306929,306932,4,962,13,M_6146,Other
6147,booknlp,COREF,117,he,306938,306940,4,962,13,M_6147,Other
6148,exp,exp_name,the man,the man,306949,306956,10,962,13,M_6148,PROPN
6149,booknlp,COREF,117,his,306999,307002,4,962,13,M_6149,Other
6150,booknlp,COREF,117,he,307014,307016,4,962,13,M_6150,Other
6151,booknlp,COREF,117,He,307044,307046,4,962,13,M_6151,Other
6152,booknlp,COREF,117,him,307133,307136,4,962,13,M_6152,Other
6153,booknlp,COREF,117,His,307138,307141,4,962,13,M_6153,Other
6154,booknlp,COREF,117,He,307158,307160,4,962,13,M_6154,Other
6155,booknlp,COREF,117,he,307199,307201,4,962,13,M_6155,Other
6156,booknlp,COREF,117,him,307296,307299,4,962,13,M_6156,Other
6157,booknlp,COREF,117,He,307301,307303,4,962,13,M_6157,Other
6158,exp,exp_name,hallward,Hallward,307337,307345,2,962,13,M_6158,PROPN
6159,booknlp,COREF,117,he,307349,307351,4,962,13,M_6159,Other
6160,booknlp,COREF,117,he,307371,307373,4,962,13,M_6160,Other
6161,booknlp,COREF,117,him,307385,307388,4,962,13,M_6161,Other
6162,booknlp,COREF,117,he,307390,307392,4,962,13,M_6162,Other
6163,exp,exp_name,hallward,Hallward,307421,307429,2,962,13,M_6163,PROPN
6164,booknlp,COREF,121,his,307441,307444,2,962,13,M_6164,Other
6165,booknlp,COREF,121,he,307457,307459,2,962,13,M_6165,Other
6166,booknlp,COREF,121,He,307479,307481,2,962,13,M_6166,Other
6167,booknlp,COREF,121,him,307492,307495,2,962,13,M_6167,Other
6168,exp,exp_name,the man,the man,307567,307574,10,962,13,M_6168,PROPN
6169,booknlp,COREF,121,He,307819,307821,2,963,13,M_6169,Other
6170,booknlp,COREF,2023,him,307830,307833,10,963,13,M_6170,Other
6171,exp,exp_name,the man,the man,307850,307857,10,963,13,M_6171,PROPN
6172,booknlp,COREF,117,He,307913,307915,4,963,13,M_6172,Other
6173,booknlp,COREF,117,he,307972,307974,4,963,13,M_6173,Other
6174,booknlp,COREF,117,He,308020,308022,4,964,13,M_6174,Other
6175,booknlp,COREF,117,He,308088,308090,4,964,13,M_6175,Other
6176,booknlp,COREF,117,he,308204,308206,4,964,13,M_6176,Other
6177,booknlp,COREF,117,he,308305,308307,4,964,13,M_6177,Other
6178,booknlp,COREF,117,himself,308359,308366,4,964,13,M_6178,Other
6179,booknlp,COREF,117,he,308373,308375,4,964,13,M_6179,Other
6180,exp,exp_name,the man,the man,308653,308660,10,965,13,M_6180,PROPN
6181,booknlp,COREF,117,He,308715,308717,4,966,13,M_6181,Other
6182,booknlp,COREF,117,He,308932,308934,4,966,13,M_6182,Other
6183,exp,exp_name,the policeman,the policeman,308955,308968,3,966,13,M_6183,PROPN
6184,booknlp,COREF,1429,his,308975,308978,3,966,13,M_6184,Other
6185,booknlp,COREF,1429,his,309016,309019,3,966,13,M_6185,Other
6186,exp,exp_name,the policeman,The policeman,309318,309331,3,966,13,M_6186,PROPN
6187,booknlp,COREF,117,He,309550,309552,4,966,13,M_6187,Other
6188,booknlp,COREF,117,him,309603,309606,4,966,13,M_6188,Other
6189,booknlp,COREF,117,he,309634,309636,4,967,13,M_6189,Other
6190,booknlp,COREF,117,He,309667,309669,4,967,13,M_6190,Other
6191,exp,exp_name,man,man,309706,309709,30,967,13,M_6191,PROPN
6192,booknlp,COREF,117,He,309711,309713,4,967,13,M_6192,Other
6193,booknlp,COREF,117,his,309847,309850,4,967,13,M_6193,Other
6194,booknlp,COREF,117,his,309887,309890,4,967,13,M_6194,Other
6195,booknlp,COREF,117,he,309920,309922,4,968,13,M_6195,Other
6196,booknlp,COREF,117,his,310125,310128,4,968,13,M_6196,Other
6197,booknlp,COREF,117,He,310168,310170,4,968,13,M_6197,Other
6198,booknlp,COREF,117,he,310200,310202,4,968,13,M_6198,Other
6199,booknlp,COREF,117,He,310243,310245,4,968,13,M_6199,Other
6200,booknlp,COREF,117,him,310409,310412,4,969,13,M_6200,Other
6201,booknlp,COREF,117,he,310414,310416,4,969,13,M_6201,Other
6202,booknlp,COREF,117,He,310501,310503,4,969,13,M_6202,Other
6203,booknlp,COREF,117,his,310591,310594,4,969,13,M_6203,Other
6204,booknlp,COREF,117,he,310616,310618,4,970,13,M_6204,Other
6205,booknlp,COREF,117,he,310640,310642,4,970,13,M_6205,Other
6206,booknlp,COREF,117,He,310715,310717,4,970,13,M_6206,Other
6207,booknlp,COREF,117,he,310788,310790,4,970,13,M_6207,Other
6208,booknlp,COREF,117,his,310796,310799,4,970,13,M_6208,Other
6209,booknlp,COREF,117,He,310845,310847,4,970,13,M_6209,Other
6210,booknlp,COREF,117,he,310888,310890,4,970,13,M_6210,Other
6211,booknlp,COREF,117,his,310902,310905,4,970,13,M_6211,Other
6212,booknlp,COREF,117,He,310944,310946,4,971,13,M_6212,Other
6213,booknlp,COREF,117,he,311046,311048,4,971,13,M_6213,Other
6214,booknlp,COREF,117,him,311197,311200,4,971,13,M_6214,Other
6215,exp,exp_name,basil hallward,Basil Hallward,311202,311216,2,971,13,M_6215,PROPN
6216,booknlp,COREF,121,him,311263,311266,2,971,13,M_6216,Other
6217,booknlp,COREF,121,His,311324,311327,2,971,13,M_6217,Other
6218,exp,exp_name,basil,Basil,311387,311392,2,971,13,M_6218,PROPN
6219,booknlp,COREF,121,he,311433,311435,2,971,13,M_6219,Other
6220,booknlp,COREF,117,his,311455,311458,4,971,13,M_6220,Other
6221,booknlp,COREF,117,him,311623,311626,4,972,13,M_6221,Other
6222,booknlp,COREF,117,He,311628,311630,4,972,13,M_6222,Other
6223,booknlp,COREF,117,his,311638,311641,4,972,13,M_6223,Other
6224,booknlp,COREF,117,he,311693,311695,4,972,13,M_6224,Other
6225,exp,exp_name,the policeman,the policeman,311736,311749,3,972,13,M_6225,PROPN
6226,booknlp,COREF,117,He,311838,311840,4,972,13,M_6226,Other
6227,booknlp,COREF,117,his,311857,311860,4,972,13,M_6227,Other
6228,booknlp,COREF,117,he,311890,311892,4,973,13,M_6228,Other
6229,booknlp,COREF,117,him,311967,311970,4,973,13,M_6229,Other
6230,booknlp,COREF,117,he,311977,311979,4,973,13,M_6230,Other
6231,booknlp,COREF,121,his,312026,312029,2,973,13,M_6231,Other
6232,booknlp,COREF,117,I,312086,312087,4,974,13,M_6232,Other
6233,pdnc,qID,Q744-0,you,312117,312120,7,974,13,M_6233,Other
6234,pdnc,qID,Q744-0,Francis,312125,312132,7,974,13,M_6234,Other
6235,booknlp,COREF,117,he,312135,312137,4,974,13,M_6235,Other
6236,booknlp,COREF,117,I,312162,312163,4,974,13,M_6236,Other
6237,booknlp,COREF,117,my,312178,312180,4,974,13,M_6237,Other
6238,pdnc,qID,Q745-0,sir,312234,312237,4,975,13,M_6238,PROPN
6239,exp,exp_name,the man,the man,312249,312256,10,975,13,M_6239,PROPN
6240,pdnc,qID,Q746-0,You,312336,312339,7,976,13,M_6240,Other
6241,booknlp,COREF,2023,me,312350,312352,10,976,13,M_6241,Other
6242,booknlp,COREF,2023,I,312372,312373,10,976,13,M_6242,Other
6243,pdnc,qID,Q747-0,sir,312410,312413,4,977,13,M_6243,PROPN
6244,pdnc,qID,Q749-0,Mr. Hallward,312452,312464,2,979,13,M_6244,PROPN
6245,pdnc,qID,Q749-0,sir,312466,312469,4,979,13,M_6245,PROPN
6246,pdnc,qID,Q749-0,He,312471,312473,2,979,13,M_6246,Other
6247,pdnc,qID,Q749-0,he,312508,312510,2,979,13,M_6247,Other
6248,pdnc,qID,Q749-0,his,312530,312533,2,979,13,M_6248,Other
6249,booknlp,COREF,2023,I,312548,312549,10,980,13,M_6249,Other
6250,booknlp,COREF,2023,I,312559,312560,10,980,13,M_6250,Other
6251,pdnc,qID,Q750-0,him,312572,312575,2,980,13,M_6251,Other
6252,pdnc,qID,Q750-0,he,312581,312583,2,980,13,M_6252,Other
6253,pdnc,qID,Q751-0,sir,312610,312613,4,981,13,M_6253,PROPN
6254,pdnc,qID,Q751-0,he,312627,312629,2,981,13,M_6254,Other
6255,pdnc,qID,Q751-0,you,312645,312648,4,981,13,M_6255,Other
6256,pdnc,qID,Q751-0,he,312664,312666,2,981,13,M_6256,Other
6257,pdnc,qID,Q751-0,you,312680,312683,4,981,13,M_6257,Other
6258,pdnc,qID,Q752-0,Francis,312714,312721,7,982,13,M_6258,Other
6259,booknlp,COREF,2023,me,312744,312746,10,982,13,M_6259,Other
6260,pdnc,qID,Q753-0,sir,312773,312776,4,983,13,M_6260,PROPN
6261,exp,exp_name,the man,The man,312780,312787,10,984,13,M_6261,PROPN
6262,booknlp,COREF,2023,his,312817,312820,10,984,13,M_6262,Other
6263,exp,exp_name,dorian gray,Dorian Gray,312832,312843,4,985,13,M_6263,PROPN
6264,booknlp,COREF,117,his,312850,312853,4,985,13,M_6264,Other
6265,booknlp,COREF,117,he,312936,312938,4,985,13,M_6265,Other
6266,booknlp,COREF,117,his,312975,312978,4,985,13,M_6266,Other
6267,booknlp,COREF,117,he,313002,313004,4,985,13,M_6267,Other
6268,exp,exp_name,alan campbell,Alan Campbell,313089,313102,1,985,13,M_6268,PROPN
6269,exp,exp_name,the man,the man,313150,313157,10,985,13,M_6269,PROPN
6270,booknlp,COREF,117,he,313158,313160,4,985,13,M_6270,Other
6271,booknlp,COREF,117,his,313221,313224,4,987,14,M_6271,Other
6272,exp,exp_name,dorian,Dorian,313300,313306,4,987,14,M_6272,PROPN
6273,booknlp,COREF,1459,his,313347,313350,4,987,14,M_6273,Other
6274,booknlp,COREF,1459,his,313388,313391,4,987,14,M_6274,Other
6275,booknlp,COREF,1459,He,313399,313401,4,987,14,M_6275,Other
6276,exp,exp_name,the man,The man,313465,313472,10,988,14,M_6276,PROPN
6277,booknlp,COREF,1459,him,313486,313489,4,988,14,M_6277,Other
6278,booknlp,COREF,1459,he,313519,313521,4,988,14,M_6278,Other
6279,booknlp,COREF,1459,he,313535,313537,4,988,14,M_6279,Other
6280,booknlp,COREF,1459,his,313545,313548,4,988,14,M_6280,Other
6281,booknlp,COREF,1459,his,313582,313585,4,988,14,M_6281,Other
6282,booknlp,COREF,1459,he,313602,313604,4,988,14,M_6282,Other
6283,booknlp,COREF,1459,he,313649,313651,4,988,14,M_6283,Other
6284,booknlp,COREF,1459,His,313676,313679,4,988,14,M_6284,Other
6285,booknlp,COREF,1459,He,313816,313818,4,989,14,M_6285,Other
6286,booknlp,COREF,1459,his,313850,313853,4,989,14,M_6286,Other
6287,booknlp,COREF,1459,his,313874,313877,4,989,14,M_6287,Other
6288,booknlp,COREF,1459,his,314130,314133,4,990,14,M_6288,Other
6289,booknlp,COREF,1459,He,314203,314205,4,990,14,M_6289,Other
6290,booknlp,COREF,1459,he,314239,314241,4,990,14,M_6290,Other
6291,exp,exp_name,basil hallward,Basil Hallward,314314,314328,2,990,14,M_6291,PROPN
6292,booknlp,COREF,1459,him,314343,314346,4,990,14,M_6292,Other
6293,booknlp,COREF,1459,him,314352,314355,4,990,14,M_6293,Other
6294,booknlp,COREF,1459,he,314359,314361,4,990,14,M_6294,Other
6295,booknlp,COREF,1459,him,314392,314395,4,990,14,M_6295,Other
6296,booknlp,COREF,1459,he,314401,314403,4,990,14,M_6296,Other
6297,exp,exp_name,man,man,314437,314440,30,990,14,M_6297,PROPN
6298,booknlp,COREF,1459,He,314580,314582,4,991,14,M_6298,Other
6299,booknlp,COREF,1459,he,314596,314598,4,991,14,M_6299,Other
6300,booknlp,COREF,1459,he,314615,314617,4,991,14,M_6300,Other
6301,booknlp,COREF,1459,he,314635,314637,4,991,14,M_6301,Other
6302,booknlp,COREF,1459,he,315119,315121,4,992,14,M_6302,Other
6303,booknlp,COREF,1459,his,315129,315132,4,992,14,M_6303,Other
6304,booknlp,COREF,1459,his,315145,315148,4,992,14,M_6304,Other
6305,booknlp,COREF,1459,himself,315195,315202,4,992,14,M_6305,Other
6306,booknlp,COREF,1459,his,315223,315226,4,992,14,M_6306,Other
6307,booknlp,COREF,1459,his,315288,315291,4,992,14,M_6307,Other
6308,booknlp,COREF,1459,his,315327,315330,4,992,14,M_6308,Other
6309,booknlp,COREF,1459,He,315353,315355,4,992,14,M_6309,Other
6310,booknlp,COREF,1459,his,315434,315437,4,992,14,M_6310,Other
6311,booknlp,COREF,1459,he,315473,315475,4,992,14,M_6311,Other
6312,booknlp,COREF,1459,his,315550,315553,4,992,14,M_6312,Other
6313,booknlp,COREF,1459,he,315594,315596,4,992,14,M_6313,Other
6314,booknlp,COREF,1459,him,315625,315628,4,992,14,M_6314,Other
6315,booknlp,COREF,1459,he,315634,315636,4,992,14,M_6315,Other
6316,booknlp,COREF,1459,his,315713,315716,4,992,14,M_6316,Other
6317,exp,exp_name,lord henry,Lord Henry,315764,315774,19,992,14,M_6317,PROPN
6318,booknlp,COREF,1459,he,315797,315799,4,993,14,M_6318,Other
6319,booknlp,COREF,1459,his,315810,315813,4,993,14,M_6319,Other
6320,booknlp,COREF,1459,he,315835,315837,4,993,14,M_6320,Other
6321,booknlp,COREF,1459,his,315844,315847,4,993,14,M_6321,Other
6322,booknlp,COREF,1459,his,315887,315890,4,993,14,M_6322,Other
6323,booknlp,COREF,1459,he,315973,315975,4,993,14,M_6323,Other
6324,booknlp,COREF,1459,his,315983,315986,4,993,14,M_6324,Other
6325,booknlp,COREF,1459,he,316005,316007,4,993,14,M_6325,Other
6326,pdnc,qID,Q754-0,Francis,316072,316079,7,994,14,M_6326,Other
6327,pdnc,qID,Q754-0,Mr. Campbell,316088,316100,1,994,14,M_6327,PROPN
6328,pdnc,qID,Q754-0,his,316121,316124,1,994,14,M_6328,Other
6329,booknlp,COREF,1459,he,316147,316149,4,995,14,M_6329,Other
6330,booknlp,COREF,1459,he,316161,316163,4,995,14,M_6330,Other
6331,booknlp,COREF,1459,he,316302,316304,4,995,14,M_6331,Other
6332,booknlp,COREF,1459,he,316335,316337,4,995,14,M_6332,Other
6333,exp,exp_name,basil hallward,Basil Hallward,316382,316396,2,995,14,M_6333,PROPN
6334,booknlp,COREF,1459,He,316398,316400,4,995,14,M_6334,Other
6335,booknlp,COREF,1459,He,316486,316488,4,995,14,M_6335,Other
6336,booknlp,COREF,1459,he,316509,316511,4,995,14,M_6336,Other
6337,booknlp,COREF,1459,he,316594,316596,4,995,14,M_6337,Other
6338,booknlp,COREF,1459,he,316617,316619,4,996,14,M_6338,Other
6339,booknlp,COREF,1459,himself,316634,316641,4,996,14,M_6339,Other
6340,booknlp,COREF,1459,he,316655,316657,4,996,14,M_6340,Other
6341,booknlp,COREF,1459,him,316921,316924,4,996,14,M_6341,Other
6342,exp,exp_name,adrian singleton,Adrian Singleton,316928,316944,0,996,14,M_6342,PROPN
6343,booknlp,COREF,1459,he,316949,316951,4,996,14,M_6343,Other
6344,booknlp,COREF,1459,his,316975,316978,4,996,14,M_6344,Other
6345,booknlp,COREF,1459,He,317138,317140,4,996,14,M_6345,Other
6346,booknlp,COREF,1459,his,317152,317155,4,996,14,M_6346,Other
6347,booknlp,COREF,1459,himself,317213,317220,4,996,14,M_6347,Other
6348,booknlp,COREF,1459,he,317242,317244,4,996,14,M_6348,Other
6349,booknlp,COREF,1459,him,317894,317897,4,1000,14,M_6349,Other
6350,booknlp,COREF,1459,him,318027,318030,4,1000,14,M_6350,Other
6351,booknlp,COREF,1459,he,318241,318243,4,1000,14,M_6351,Other
6352,booknlp,COREF,1459,himself,318273,318280,4,1000,14,M_6352,Other
6353,booknlp,COREF,1459,He,318384,318386,4,1002,14,M_6353,Other
6354,booknlp,COREF,1459,he,318414,318416,4,1002,14,M_6354,Other
6355,booknlp,COREF,1459,him,318473,318476,4,1002,14,M_6355,Other
6356,exp,exp_name,basil,Basil,318676,318681,2,1002,14,M_6356,PROPN
6357,booknlp,COREF,1459,him,318696,318699,4,1002,14,M_6357,Other
6358,exp,exp_name,basil,Basil,318756,318761,2,1002,14,M_6358,PROPN
6359,exp,exp_name,man,man,318789,318792,30,1002,14,M_6359,PROPN
6360,booknlp,COREF,1459,He,318802,318804,4,1003,14,M_6360,Other
6361,booknlp,COREF,1459,He,318864,318866,4,1003,14,M_6361,Other
6362,booknlp,COREF,1459,he,319079,319081,4,1003,14,M_6362,Other
6363,booknlp,COREF,1459,he,319401,319403,4,1003,14,M_6363,Other
6364,booknlp,COREF,1459,his,319666,319669,4,1003,14,M_6364,Other
6365,booknlp,COREF,1459,He,319676,319678,4,1003,14,M_6365,Other
6366,booknlp,COREF,1459,him,319732,319735,4,1003,14,M_6366,Other
6367,exp,exp_name,alan campbell,Alan Campbell,319745,319758,1,1003,14,M_6367,PROPN
6368,booknlp,COREF,309,he,319810,319812,1,1003,14,M_6368,Other
6369,booknlp,COREF,309,he,319838,319840,1,1003,14,M_6369,Other
6370,booknlp,COREF,309,he,319874,319876,1,1003,14,M_6370,Other
6371,exp,exp_name,dorian gray,Dorian Gray,320094,320105,4,1004,14,M_6371,PROPN
6372,exp,exp_name,alan campbell,Alan Campbell,320118,320131,1,1004,14,M_6372,PROPN
6373,booknlp,COREF,309,He,320144,320146,1,1005,14,M_6373,Other
6374,exp,exp_name,man,man,320177,320180,30,1005,14,M_6374,PROPN
6375,booknlp,COREF,309,he,320189,320191,1,1005,14,M_6375,Other
6376,booknlp,COREF,309,he,320288,320290,1,1005,14,M_6376,Other
6377,booknlp,COREF,309,he,320301,320303,1,1005,14,M_6377,Other
6378,exp,exp_name,dorian,Dorian,320329,320335,4,1005,14,M_6378,PROPN
6379,booknlp,COREF,309,His,320337,320340,1,1005,14,M_6379,Other
6380,booknlp,COREF,309,he,320401,320403,1,1005,14,M_6380,Other
6381,booknlp,COREF,309,his,320430,320433,1,1005,14,M_6381,Other
6382,booknlp,COREF,309,his,320526,320529,1,1005,14,M_6382,Other
6383,booknlp,COREF,309,he,320544,320546,1,1005,14,M_6383,Other
6384,booknlp,COREF,309,his,320616,320619,1,1005,14,M_6384,Other
6385,booknlp,COREF,309,he,320633,320635,1,1005,14,M_6385,Other
6386,booknlp,COREF,309,himself,320649,320656,1,1005,14,M_6386,Other
6387,booknlp,COREF,309,his,320702,320705,1,1005,14,M_6387,Other
6388,exp,exp_name,mother,mother,320706,320712,40,1005,14,M_6388,PROPN
6389,booknlp,COREF,309,his,320739,320742,1,1005,14,M_6389,Other
6390,booknlp,COREF,309,He,320843,320845,1,1005,14,M_6390,Other
6391,booknlp,COREF,309,him,321004,321007,1,1005,14,M_6391,Other
6392,exp,exp_name,dorian gray,Dorian Gray,321012,321023,4,1005,14,M_6392,PROPN
6393,exp,exp_name,dorian,Dorian,321076,321082,4,1005,14,M_6393,PROPN
6394,booknlp,COREF,117,he,321122,321124,4,1005,14,M_6394,Other
6395,exp,exp_name,campbell,Campbell,321406,321414,1,1005,14,M_6395,PROPN
6396,booknlp,COREF,309,him,321475,321478,1,1005,14,M_6396,Other
6397,exp,exp_name,dorian gray,Dorian Gray,321499,321510,4,1005,14,M_6397,PROPN
6398,exp,exp_name,campbell,Campbell,321730,321738,1,1005,14,M_6398,PROPN
6399,exp,exp_name,dorian gray,Dorian Gray,321794,321805,4,1005,14,M_6399,PROPN
6400,booknlp,COREF,117,He,321819,321821,4,1005,14,M_6400,Other
6401,booknlp,COREF,117,himself,321932,321939,4,1005,14,M_6401,Other
6402,booknlp,COREF,117,his,321956,321959,4,1005,14,M_6402,Other
6403,booknlp,COREF,117,he,321973,321975,4,1005,14,M_6403,Other
6404,booknlp,COREF,117,he,321998,322000,4,1005,14,M_6404,Other
6405,booknlp,COREF,117,he,322033,322035,4,1005,14,M_6405,Other
6406,booknlp,COREF,117,he,322114,322116,4,1005,14,M_6406,Other
6407,booknlp,COREF,117,his,322166,322169,4,1005,14,M_6407,Other
6408,exp,exp_name,the man,the man,322290,322297,10,1006,14,M_6408,PROPN
6409,exp,exp_name,dorian gray,Dorian Gray,322298,322309,4,1006,14,M_6409,PROPN
6410,booknlp,COREF,117,he,322340,322342,4,1006,14,M_6410,Other
6411,booknlp,COREF,117,he,322394,322396,4,1006,14,M_6411,Other
6412,booknlp,COREF,117,he,322431,322433,4,1006,14,M_6412,Other
6413,booknlp,COREF,117,He,322519,322521,4,1006,14,M_6413,Other
6414,booknlp,COREF,117,His,322550,322553,4,1006,14,M_6414,Other
6415,booknlp,COREF,117,him,322629,322632,4,1007,14,M_6415,Other
6416,booknlp,COREF,117,he,322673,322675,4,1007,14,M_6416,Other
6417,booknlp,COREF,117,He,322769,322771,4,1007,14,M_6417,Other
6418,booknlp,COREF,117,him,322798,322801,4,1007,14,M_6418,Other
6419,booknlp,COREF,117,his,322866,322869,4,1007,14,M_6419,Other
6420,booknlp,COREF,117,he,322893,322895,4,1007,14,M_6420,Other
6421,booknlp,COREF,117,him,323252,323255,4,1007,14,M_6421,Other
6422,booknlp,COREF,117,him,323440,323443,4,1007,14,M_6422,Other
6423,booknlp,COREF,117,He,323445,323447,4,1007,14,M_6423,Other
6424,booknlp,COREF,117,him,323483,323486,4,1007,14,M_6424,Other
6425,booknlp,COREF,117,his,323523,323526,4,1008,14,M_6425,Other
6426,booknlp,COREF,117,him,323571,323574,4,1008,14,M_6426,Other
6427,pdnc,qID,Q755-0,Mr. Campbell,323578,323590,1,1009,14,M_6427,PROPN
6428,exp,exp_name,the man,the man,323603,323610,10,1009,14,M_6428,PROPN
6429,booknlp,COREF,117,his,323641,323644,4,1010,14,M_6429,Other
6430,booknlp,COREF,117,his,323687,323690,4,1010,14,M_6430,Other
6431,pdnc,qID,Q756-0,him,323705,323708,1,1011,14,M_6431,Other
6432,pdnc,qID,Q756-0,Francis,323729,323736,7,1011,14,M_6432,Other
6433,booknlp,COREF,117,He,323739,323741,4,1011,14,M_6433,Other
6434,booknlp,COREF,117,he,323752,323754,4,1011,14,M_6434,Other
6435,booknlp,COREF,117,himself,323759,323766,4,1011,14,M_6435,Other
6436,booknlp,COREF,117,His,323774,323777,4,1011,14,M_6436,Other
6437,exp,exp_name,the man,The man,323814,323821,10,1012,14,M_6437,PROPN
6438,exp,exp_name,alan campbell,Alan Campbell,323859,323872,1,1012,14,M_6438,PROPN
6439,booknlp,COREF,309,his,323920,323923,1,1012,14,M_6439,Other
6440,booknlp,COREF,309,his,323952,323955,1,1012,14,M_6440,Other
6441,pdnc,qID,Q757-0,Alan,323993,323997,1,1013,14,M_6441,PROPN
6442,pdnc,qID,Q757-0,you,324015,324018,1,1013,14,M_6442,Other
6443,booknlp,COREF,2023,I,324020,324021,10,1013,14,M_6443,Other
6444,pdnc,qID,Q757-0,you,324028,324031,1,1013,14,M_6444,Other
6445,booknlp,COREF,309,I,324047,324048,1,1014,14,M_6445,Other
6446,pdnc,qID,Q758-0,your,324077,324081,4,1014,14,M_6446,Other
6447,pdnc,qID,Q758-0,Gray,324095,324099,4,1014,14,M_6447,Other
6448,pdnc,qID,Q758-0,you,324105,324108,4,1014,14,M_6448,Other
6449,booknlp,COREF,309,His,324150,324153,1,1014,14,M_6449,Other
6450,booknlp,COREF,309,He,324179,324181,1,1014,14,M_6450,Other
6451,booknlp,COREF,309,he,324275,324277,1,1014,14,M_6451,Other
6452,exp,exp_name,dorian,Dorian,324288,324294,4,1014,14,M_6452,PROPN
6453,booknlp,COREF,309,He,324296,324298,1,1014,14,M_6453,Other
6454,booknlp,COREF,309,his,324304,324307,1,1014,14,M_6454,Other
6455,booknlp,COREF,309,his,324332,324335,1,1014,14,M_6455,Other
6456,booknlp,COREF,309,he,324406,324408,1,1014,14,M_6456,Other
6457,pdnc,qID,Q759-0,Alan,324468,324472,1,1015,14,M_6457,PROPN
6458,exp,exp_name,campbell,Campbell,324515,324523,1,1016,14,M_6458,PROPN
6459,exp,exp_name,dorian,Dorian,324555,324561,4,1016,14,M_6459,PROPN
6460,booknlp,COREF,309,him,324578,324581,1,1016,14,M_6460,Other
6461,exp,exp_name,dorian,Dorian,324610,324616,4,1016,14,M_6461,PROPN
6462,booknlp,COREF,117,He,324644,324646,4,1016,14,M_6462,Other
6463,booknlp,COREF,117,he,324662,324664,4,1016,14,M_6463,Other
6464,booknlp,COREF,117,he,324732,324734,4,1017,14,M_6464,Other
6465,booknlp,COREF,117,him,324827,324830,4,1017,14,M_6465,Other
6466,booknlp,COREF,117,he,324831,324833,4,1017,14,M_6466,Other
6467,pdnc,qID,Q760-0,Alan,324849,324853,1,1017,14,M_6467,PROPN
6468,booknlp,COREF,117,myself,324925,324931,4,1017,14,M_6468,Other
6469,pdnc,qID,Q760-0,a dead man,324944,324954,2,1017,14,M_6469,Other
6470,pdnc,qID,Q760-0,He,324977,324979,2,1017,14,M_6470,Other
6471,booknlp,COREF,117,me,325039,325041,4,1017,14,M_6471,Other
6472,pdnc,qID,Q760-0,the man,325057,325064,2,1017,14,M_6472,Other
6473,pdnc,qID,Q760-0,he,325073,325075,2,1017,14,M_6473,Other
6474,pdnc,qID,Q760-0,he,325086,325088,2,1017,14,M_6474,Other
6475,pdnc,qID,Q760-0,you,325127,325130,1,1017,14,M_6475,Other
6476,pdnc,qID,Q760-0,you,325137,325140,1,1017,14,M_6476,Other
6477,pdnc,qID,Q761-0,Gray,325170,325174,4,1018,14,M_6477,Other
6478,booknlp,COREF,117,I,325176,325177,4,1018,14,M_6478,Other
6479,pdnc,qID,Q761-0,you,325228,325231,4,1018,14,M_6479,Other
6480,booknlp,COREF,117,me,325242,325244,4,1018,14,M_6480,Other
6481,booknlp,COREF,117,me,325281,325283,4,1018,14,M_6481,Other
6482,booknlp,COREF,117,I,325285,325286,4,1018,14,M_6482,Other
6483,pdnc,qID,Q761-0,your,325322,325326,4,1018,14,M_6483,Other
6484,pdnc,qID,Q761-0,your,325338,325342,4,1018,14,M_6484,Other
6485,booknlp,COREF,309,yourself,325363,325371,1,1018,14,M_6485,Other
6486,booknlp,COREF,117,me,325393,325395,4,1018,14,M_6486,Other
6487,pdnc,qID,Q762-0,Alan,325409,325413,1,1019,14,M_6487,PROPN
6488,pdnc,qID,Q762-0,you,325442,325445,1,1019,14,M_6488,Other
6489,pdnc,qID,Q762-0,you,325478,325481,1,1019,14,M_6489,Other
6490,booknlp,COREF,117,I,325483,325484,4,1019,14,M_6490,Other
6491,pdnc,qID,Q762-0,you,325506,325509,1,1019,14,M_6491,Other
6492,pdnc,qID,Q762-0,Alan,325511,325515,1,1019,14,M_6492,PROPN
6493,booknlp,COREF,117,I,325521,325522,4,1019,14,M_6493,Other
6494,booknlp,COREF,117,myself,325534,325540,4,1019,14,M_6494,Other
6495,pdnc,qID,Q762-0,You,325542,325545,1,1019,14,M_6495,Other
6496,exp,exp_name,man,man,325558,325561,30,1019,14,M_6496,PROPN
6497,booknlp,COREF,117,me,325582,325584,4,1019,14,M_6497,Other
6498,booknlp,COREF,117,I,325586,325587,4,1019,14,M_6498,Other
6499,pdnc,qID,Q762-0,you,325607,325610,1,1019,14,M_6499,Other
6500,booknlp,COREF,117,I,325628,325629,4,1019,14,M_6500,Other
6501,pdnc,qID,Q762-0,Alan,325646,325650,1,1019,14,M_6501,PROPN
6502,pdnc,qID,Q762-0,you,325652,325655,1,1019,14,M_6502,Other
6503,pdnc,qID,Q762-0,You,325672,325675,1,1019,14,M_6503,Other
6504,pdnc,qID,Q762-0,You,325722,325725,1,1019,14,M_6504,Other
6505,pdnc,qID,Q762-0,you,325754,325757,1,1019,14,M_6505,Other
6506,pdnc,qID,Q762-0,this person,325881,325892,2,1019,14,M_6506,Other
6507,pdnc,qID,Q762-0,he,325944,325946,2,1019,14,M_6507,Other
6508,pdnc,qID,Q762-0,He,325975,325977,2,1019,14,M_6508,Other
6509,pdnc,qID,Q762-0,he,326014,326016,2,1019,14,M_6509,Other
6510,pdnc,qID,Q762-0,him,326054,326057,2,1019,14,M_6510,Other
6511,pdnc,qID,Q762-0,You,326070,326073,1,1019,14,M_6511,Other
6512,pdnc,qID,Q762-0,Alan,326075,326079,1,1019,14,M_6512,PROPN
6513,pdnc,qID,Q762-0,you,326081,326084,1,1019,14,M_6513,Other
6514,pdnc,qID,Q762-0,him,326097,326100,2,1019,14,M_6514,Other
6515,pdnc,qID,Q762-0,him,326133,326136,2,1019,14,M_6515,Other
6516,booknlp,COREF,117,I,326167,326168,4,1019,14,M_6516,Other
6517,pdnc,qID,Q763-0,You,326196,326199,4,1020,14,M_6517,Other
6518,pdnc,qID,Q763-0,Dorian,326209,326215,4,1020,14,M_6518,Other
6519,booknlp,COREF,117,I,326224,326225,4,1021,14,M_6519,Other
6520,pdnc,qID,Q764-0,you,326242,326245,1,1021,14,M_6520,Other
6521,booknlp,COREF,117,me,326254,326256,4,1021,14,M_6521,Other
6522,pdnc,qID,Q764-0,Dorian,326257,326263,4,1021,14,M_6522,Other
6523,pdnc,qID,Q765-0,You,326268,326271,4,1022,14,M_6523,Other
6524,booknlp,COREF,117,I,326281,326282,4,1022,14,M_6524,Other
6525,pdnc,qID,Q765-0,you,326288,326291,4,1022,14,M_6525,Other
6526,booknlp,COREF,117,I,326312,326313,4,1022,14,M_6526,Other
6527,pdnc,qID,Q765-0,you,326343,326346,4,1022,14,M_6527,Other
6528,booknlp,COREF,117,I,326387,326388,4,1022,14,M_6528,Other
6529,pdnc,qID,Q765-0,you,326450,326453,4,1022,14,M_6529,Other
6530,booknlp,COREF,117,I,326460,326461,4,1022,14,M_6530,Other
6531,booknlp,COREF,117,my,326480,326482,4,1022,14,M_6531,Other
6532,pdnc,qID,Q765-0,you,326498,326501,4,1022,14,M_6532,Other
6533,booknlp,COREF,117,me,326517,326519,4,1022,14,M_6533,Other
6534,pdnc,qID,Q765-0,you,326538,326541,4,1022,14,M_6534,Other
6535,pdnc,qID,Q766-0,Alan,326572,326576,1,1023,14,M_6535,PROPN
6536,booknlp,COREF,117,I,326581,326582,4,1024,14,M_6536,Other
6537,pdnc,qID,Q767-0,him,326614,326617,2,1024,14,M_6537,Other
6538,pdnc,qID,Q767-0,You,326625,326628,4,1024,14,M_6538,Other
6539,booknlp,COREF,117,I,326630,326631,4,1024,14,M_6539,Other
6540,pdnc,qID,Q768-0,you,326652,326655,1,1025,14,M_6540,Other
6541,booknlp,COREF,117,me,326684,326686,4,1025,14,M_6541,Other
6542,booknlp,COREF,117,I,326701,326702,4,1026,14,M_6542,Other
6543,booknlp,COREF,117,I,326711,326712,4,1026,14,M_6543,Other
6544,booknlp,COREF,117,I,326757,326758,4,1026,14,M_6544,Other
6545,pdnc,qID,Q769-0,you,326790,326793,4,1026,14,M_6545,Other
6546,pdnc,qID,Q769-0,You,326795,326798,4,1026,14,M_6546,Other
6547,booknlp,COREF,117,I,326815,326816,4,1026,14,M_6547,Other
6548,pdnc,qID,Q769-0,you,326844,326847,4,1026,14,M_6548,Other
6549,pdnc,qID,Q769-0,you,326888,326891,4,1026,14,M_6549,Other
6550,booknlp,COREF,117,me,326896,326898,4,1026,14,M_6550,Other
6551,booknlp,COREF,117,myself,326932,326938,4,1026,14,M_6551,Other
6552,booknlp,COREF,117,I,326958,326959,4,1026,14,M_6552,Other
6553,pdnc,qID,Q769-0,you,326980,326983,4,1026,14,M_6553,Other
6554,pdnc,qID,Q769-0,Your,327021,327025,4,1026,14,M_6554,Other
6555,pdnc,qID,Q769-0,Henry,327038,327043,19,1026,14,M_6555,PROPN
6556,pdnc,qID,Q769-0,you,327069,327072,4,1026,14,M_6556,Other
6557,pdnc,qID,Q769-0,he,327110,327112,19,1026,14,M_6557,Other
6558,pdnc,qID,Q769-0,you,327124,327127,4,1026,14,M_6558,Other
6559,booknlp,COREF,117,me,327149,327151,4,1026,14,M_6559,Other
6560,pdnc,qID,Q769-0,you,327175,327178,4,1026,14,M_6560,Other
6561,pdnc,qID,Q769-0,You,327180,327183,4,1026,14,M_6561,Other
6562,exp,exp_name,man,man,327207,327210,30,1026,14,M_6562,PROPN
6563,pdnc,qID,Q769-0,your,327226,327230,4,1026,14,M_6563,Other
6564,booknlp,COREF,117,me,327254,327256,4,1026,14,M_6564,Other
6565,pdnc,qID,Q770-0,Alan,327261,327265,1,1027,14,M_6565,PROPN
6566,booknlp,COREF,117,I,327282,327283,4,1027,14,M_6566,Other
6567,pdnc,qID,Q770-0,him,327291,327294,2,1027,14,M_6567,Other
6568,pdnc,qID,Q770-0,You,327296,327299,1,1027,14,M_6568,Other
6569,pdnc,qID,Q770-0,he,327316,327318,2,1027,14,M_6569,Other
6570,booknlp,COREF,117,me,327328,327330,4,1027,14,M_6570,Other
6571,booknlp,COREF,117,my,327348,327350,4,1027,14,M_6571,Other
6572,pdnc,qID,Q770-0,he,327360,327362,2,1027,14,M_6572,Other
6573,pdnc,qID,Q770-0,poor Harry,327420,327430,19,1027,14,M_6573,Other
6574,pdnc,qID,Q770-0,He,327440,327442,2,1027,14,M_6574,Other
6575,pdnc,qID,Q771-0,Dorian,327515,327521,4,1028,14,M_6575,Other
6576,pdnc,qID,Q771-0,you,327536,327539,4,1028,14,M_6576,Other
6577,booknlp,COREF,117,I,327554,327555,4,1028,14,M_6577,Other
6578,pdnc,qID,Q771-0,you,327578,327581,4,1028,14,M_6578,Other
6579,booknlp,COREF,117,my,327593,327595,4,1028,14,M_6579,Other
6580,booknlp,COREF,117,my,327623,327625,4,1028,14,M_6580,Other
6581,pdnc,qID,Q771-0,you,327650,327653,4,1028,14,M_6581,Other
6582,booknlp,COREF,117,I,327746,327747,4,1028,14,M_6582,Other
6583,pdnc,qID,Q772-0,You,327784,327787,1,1029,14,M_6583,Other
6584,booknlp,COREF,117,me,327854,327856,4,1029,14,M_6584,Other
6585,pdnc,qID,Q772-0,Alan,327871,327875,1,1029,14,M_6585,PROPN
6586,booknlp,COREF,117,I,327881,327882,4,1029,14,M_6586,Other
6587,pdnc,qID,Q772-0,you,327890,327893,1,1029,14,M_6587,Other
6588,pdnc,qID,Q772-0,You,327941,327944,1,1029,14,M_6588,Other
6589,pdnc,qID,Q772-0,you,327999,328002,1,1029,14,M_6589,Other
6590,pdnc,qID,Q772-0,you,328025,328028,1,1029,14,M_6590,Other
6591,pdnc,qID,Q772-0,you,328085,328088,1,1029,14,M_6591,Other
6592,pdnc,qID,Q772-0,this man,328095,328103,2,1029,14,M_6592,Other
6593,pdnc,qID,Q772-0,you,328194,328197,1,1029,14,M_6593,Other
6594,pdnc,qID,Q772-0,him,328221,328224,2,1029,14,M_6594,Other
6595,pdnc,qID,Q772-0,You,328250,328253,1,1029,14,M_6595,Other
6596,pdnc,qID,Q772-0,You,328277,328280,1,1029,14,M_6596,Other
6597,pdnc,qID,Q772-0,you,328304,328307,1,1029,14,M_6597,Other
6598,pdnc,qID,Q772-0,you,328352,328355,1,1029,14,M_6598,Other
6599,pdnc,qID,Q772-0,you,328381,328384,1,1029,14,M_6599,Other
6600,booknlp,COREF,117,I,328536,328537,4,1029,14,M_6600,Other
6601,pdnc,qID,Q772-0,you,328543,328546,1,1029,14,M_6601,Other
6602,pdnc,qID,Q772-0,you,328568,328571,1,1029,14,M_6602,Other
6603,pdnc,qID,Q772-0,you,328658,328661,1,1029,14,M_6603,Other
6604,booknlp,COREF,117,me,328745,328747,4,1029,14,M_6604,Other
6605,booknlp,COREF,117,I,328770,328771,4,1029,14,M_6605,Other
6606,pdnc,qID,Q772-0,you,328820,328823,1,1029,14,M_6606,Other
6607,booknlp,COREF,117,me,328829,328831,4,1029,14,M_6607,Other
6608,booknlp,COREF,117,I,328836,328837,4,1030,14,M_6608,Other
6609,pdnc,qID,Q773-0,you,328861,328864,4,1030,14,M_6609,Other
6610,pdnc,qID,Q773-0,You,328866,328869,4,1030,14,M_6610,Other
6611,booknlp,COREF,117,I,328883,328884,4,1030,14,M_6611,Other
6612,booknlp,COREF,117,me,328953,328955,4,1030,14,M_6612,Other
6613,pdnc,qID,Q774-0,Alan,328960,328964,1,1031,14,M_6613,PROPN
6614,booknlp,COREF,117,I,328966,328967,4,1031,14,M_6614,Other
6615,pdnc,qID,Q774-0,you,328976,328979,1,1031,14,M_6615,Other
6616,booknlp,COREF,117,I,329003,329004,4,1031,14,M_6616,Other
6617,pdnc,qID,Q774-0,you,329024,329027,1,1031,14,M_6617,Other
6618,booknlp,COREF,117,I,329033,329034,4,1031,14,M_6618,Other
6619,pdnc,qID,Q774-0,You,329063,329066,1,1031,14,M_6619,Other
6620,booknlp,COREF,117,yourself,329083,329091,4,1031,14,M_6620,Other
6621,pdnc,qID,Q774-0,You,329188,329191,1,1031,14,M_6621,Other
6622,pdnc,qID,Q774-0,you,329237,329240,1,1031,14,M_6622,Other
6623,booknlp,COREF,117,I,329282,329283,4,1031,14,M_6623,Other
6624,pdnc,qID,Q774-0,you,329294,329297,1,1031,14,M_6624,Other
6625,booknlp,COREF,117,I,329321,329322,4,1031,14,M_6625,Other
6626,pdnc,qID,Q774-0,you,329330,329333,1,1031,14,M_6626,Other
6627,pdnc,qID,Q774-0,Alan,329368,329372,1,1031,14,M_6627,PROPN
6628,pdnc,qID,Q775-0,Dorian,329407,329413,4,1032,14,M_6628,Other
6629,booknlp,COREF,3181,they,329414,329418,4,1032,14,M_6629,Other
6630,pdnc,qID,Q776-0,The man,329459,329466,2,1033,14,M_6630,Other
6631,pdnc,qID,Q776-0,He,329494,329496,2,1033,14,M_6631,Other
6632,pdnc,qID,Q776-0,Alan,329560,329564,1,1033,14,M_6632,PROPN
6633,pdnc,qID,Q776-0,Alan,329566,329570,1,1033,14,M_6633,PROPN
6634,pdnc,qID,Q776-0,you,329575,329578,1,1033,14,M_6634,Other
6635,booknlp,COREF,117,my,329593,329595,4,1033,14,M_6635,Other
6636,booknlp,COREF,117,I,329608,329609,4,1033,14,M_6636,Other
6637,booknlp,COREF,3181,they,329626,329630,4,1033,14,M_6637,Other
6638,booknlp,COREF,117,me,329641,329643,4,1033,14,M_6638,Other
6639,pdnc,qID,Q776-0,Alan,329645,329649,1,1033,14,M_6639,PROPN
6640,pdnc,qID,Q776-0,you,329657,329660,1,1033,14,M_6640,Other
6641,booknlp,COREF,3181,They,329673,329677,4,1033,14,M_6641,Other
6642,booknlp,COREF,117,me,329688,329690,4,1033,14,M_6642,Other
6643,booknlp,COREF,117,I,329700,329701,4,1033,14,M_6643,Other
6644,booknlp,COREF,117,I,329759,329760,4,1034,14,M_6644,Other
6645,pdnc,qID,Q777-0,you,329825,329828,4,1034,14,M_6645,Other
6646,booknlp,COREF,117,me,329836,329838,4,1034,14,M_6646,Other
6647,pdnc,qID,Q778-0,You,329843,329846,1,1035,14,M_6647,Other
6648,booknlp,COREF,117,I,329866,329867,4,1037,14,M_6648,Other
6649,pdnc,qID,Q780-0,you,329876,329879,1,1037,14,M_6649,Other
6650,pdnc,qID,Q780-0,Alan,329881,329885,1,1037,14,M_6650,PROPN
6651,exp,exp_name,dorian gray,Dorian Gray,329939,329950,4,1039,14,M_6651,PROPN
6652,booknlp,COREF,117,he,329964,329966,4,1039,14,M_6652,Other
6653,booknlp,COREF,117,his,329981,329984,4,1039,14,M_6653,Other
6654,booknlp,COREF,117,He,330041,330043,4,1039,14,M_6654,Other
6655,booknlp,COREF,117,he,330135,330137,4,1039,14,M_6655,Other
6656,exp,exp_name,campbell,Campbell,330175,330183,1,1040,14,M_6656,PROPN
6657,booknlp,COREF,117,him,330194,330197,4,1040,14,M_6657,Other
6658,booknlp,COREF,309,he,330257,330259,1,1040,14,M_6658,Other
6659,booknlp,COREF,309,his,330269,330272,1,1040,14,M_6659,Other
6660,booknlp,COREF,309,he,330302,330304,1,1040,14,M_6660,Other
6661,booknlp,COREF,309,his,330318,330321,1,1040,14,M_6661,Other
6662,booknlp,COREF,309,him,330368,330371,1,1040,14,M_6662,Other
6663,booknlp,COREF,309,He,330373,330375,1,1040,14,M_6663,Other
6664,booknlp,COREF,309,his,330387,330390,1,1040,14,M_6664,Other
6665,exp,exp_name,dorian,Dorian,330496,330502,4,1041,14,M_6665,PROPN
6666,booknlp,COREF,309,him,330542,330545,1,1041,14,M_6666,Other
6667,booknlp,COREF,117,his,330555,330558,4,1041,14,M_6667,Other
6668,booknlp,COREF,309,his,330569,330572,1,1041,14,M_6668,Other
6669,booknlp,COREF,117,I,330585,330586,4,1042,14,M_6669,Other
6670,pdnc,qID,Q782-0,you,330603,330606,1,1042,14,M_6670,Other
6671,pdnc,qID,Q782-0,Alan,330608,330612,1,1042,14,M_6671,PROPN
6672,booknlp,COREF,117,he,330615,330617,4,1042,14,M_6672,Other
6673,pdnc,qID,Q782-1,you,330633,330636,1,1042,14,M_6673,Other
6674,booknlp,COREF,117,me,330643,330645,4,1042,14,M_6674,Other
6675,booknlp,COREF,117,I,330662,330663,4,1042,14,M_6675,Other
6676,pdnc,qID,Q782-1,You,330707,330710,1,1042,14,M_6676,Other
6677,pdnc,qID,Q782-1,you,330731,330734,1,1042,14,M_6677,Other
6678,booknlp,COREF,117,me,330746,330748,4,1042,14,M_6678,Other
6679,booknlp,COREF,117,I,330750,330751,4,1042,14,M_6679,Other
6680,pdnc,qID,Q782-1,you,330769,330772,1,1042,14,M_6680,Other
6681,booknlp,COREF,117,me,330784,330786,4,1042,14,M_6681,Other
6682,booknlp,COREF,117,I,330788,330789,4,1042,14,M_6682,Other
6683,pdnc,qID,Q782-1,You,330804,330807,1,1042,14,M_6683,Other
6684,pdnc,qID,Q782-1,you,330842,330845,1,1042,14,M_6684,Other
6685,booknlp,COREF,117,me,330864,330866,4,1042,14,M_6685,Other
6686,pdnc,qID,Q782-1,you,330889,330892,1,1042,14,M_6686,Other
6687,booknlp,COREF,117,I,330908,330909,4,1042,14,M_6687,Other
6688,pdnc,qID,Q782-1,you,330925,330928,1,1042,14,M_6688,Other
6689,pdnc,qID,Q782-1,You,330930,330933,1,1042,14,M_6689,Other
6690,booknlp,COREF,117,me,330942,330944,4,1042,14,M_6690,Other
6691,pdnc,qID,Q782-1,You,330972,330975,1,1042,14,M_6691,Other
6692,pdnc,qID,Q782-1,You,331006,331009,1,1042,14,M_6692,Other
6693,booknlp,COREF,117,me,331018,331020,4,1042,14,M_6693,Other
6694,exp,exp_name,man,man,331027,331030,30,1042,14,M_6694,PROPN
6695,booknlp,COREF,117,me,331055,331057,4,1042,14,M_6695,Other
6696,exp,exp_name,man,man,331068,331071,30,1042,14,M_6696,PROPN
6697,booknlp,COREF,117,I,331086,331087,4,1042,14,M_6697,Other
6698,booknlp,COREF,117,me,331115,331117,4,1042,14,M_6698,Other
6699,exp,exp_name,campbell,Campbell,331138,331146,1,1043,14,M_6699,PROPN
6700,booknlp,COREF,309,his,331154,331157,1,1043,14,M_6700,Other
6701,booknlp,COREF,309,his,331166,331169,1,1043,14,M_6701,Other
6702,booknlp,COREF,309,him,331206,331209,1,1043,14,M_6702,Other
6703,booknlp,COREF,309,my,331224,331226,1,1044,14,M_6703,Other
6704,pdnc,qID,Q783-0,Alan,331250,331254,1,1044,14,M_6704,PROPN
6705,pdnc,qID,Q783-0,You,331256,331259,1,1044,14,M_6705,Other
6706,booknlp,COREF,309,yourself,331324,331332,1,1044,14,M_6706,Other
6707,exp,exp_name,campbell,Campbell,331417,331425,1,1045,14,M_6707,PROPN
6708,booknlp,COREF,309,he,331437,331439,1,1045,14,M_6708,Other
6709,booknlp,COREF,309,him,331513,331516,1,1045,14,M_6709,Other
6710,booknlp,COREF,309,He,331611,331613,1,1045,14,M_6710,Other
6711,booknlp,COREF,309,his,331671,331674,1,1045,14,M_6711,Other
6712,booknlp,COREF,309,he,331715,331717,1,1045,14,M_6712,Other
6713,booknlp,COREF,309,him,331755,331758,1,1045,14,M_6713,Other
6714,booknlp,COREF,309,his,331774,331777,1,1045,14,M_6714,Other
6715,booknlp,COREF,309,him,331855,331858,1,1045,14,M_6715,Other
6716,pdnc,qID,Q784-0,Alan,331868,331872,1,1046,14,M_6716,PROPN
6717,pdnc,qID,Q784-0,you,331874,331877,1,1046,14,M_6717,Other
6718,booknlp,COREF,309,I,331902,331903,1,1047,14,M_6718,Other
6719,booknlp,COREF,309,he,331919,331921,1,1047,14,M_6719,Other
6720,pdnc,qID,Q786-0,You,331980,331983,1,1048,14,M_6720,Other
6721,pdnc,qID,Q786-0,You,331990,331993,1,1048,14,M_6721,Other
6722,booknlp,COREF,309,He,332025,332027,1,1049,14,M_6722,Other
6723,booknlp,COREF,309,I,332133,332134,1,1051,14,M_6723,Other
6724,pdnc,qID,Q790-0,Alan,332205,332209,1,1052,14,M_6724,PROPN
6725,pdnc,qID,Q790-0,you,332211,332214,1,1052,14,M_6725,Other
6726,pdnc,qID,Q790-0,you,332280,332283,1,1052,14,M_6726,Other
6727,booknlp,COREF,309,my,332293,332295,1,1052,14,M_6727,Other
6728,pdnc,qID,Q790-0,you,332349,332352,1,1052,14,M_6728,Other
6729,exp,exp_name,campbell,Campbell,332356,332364,1,1053,14,M_6729,PROPN
6730,booknlp,COREF,309,his,332430,332433,1,1053,14,M_6730,Other
6731,exp,exp_name,dorian,Dorian,332445,332451,4,1053,14,M_6731,PROPN
6732,booknlp,COREF,309,he,332497,332499,1,1053,14,M_6732,Other
6733,booknlp,COREF,309,his,332529,332532,1,1053,14,M_6733,Other
6734,booknlp,COREF,309,him,332611,332614,1,1053,14,M_6734,Other
6735,exp,exp_name,campbell,Campbell,332640,332648,1,1054,14,M_6735,PROPN
6736,booknlp,COREF,309,He,332734,332736,1,1054,14,M_6736,Other
6737,exp,exp_name,campbell,Campbell,332948,332956,1,1055,14,M_6737,PROPN
6738,exp,exp_name,dorian gray,Dorian Gray,332986,332997,4,1055,14,M_6738,PROPN
6739,booknlp,COREF,309,his,333008,333011,1,1055,14,M_6739,Other
6740,booknlp,COREF,309,him,333129,333132,1,1055,14,M_6740,Other
6741,pdnc,qID,Q791-0,You,333135,333138,4,1055,14,M_6741,Other
6742,booknlp,COREF,309,he,333175,333177,1,1055,14,M_6742,Other
6743,pdnc,qID,Q792-0,Alan,333196,333200,1,1056,14,M_6743,PROPN
6744,pdnc,qID,Q792-0,You,333202,333205,1,1056,14,M_6744,Other
6745,booknlp,COREF,117,my,333217,333219,4,1056,14,M_6745,Other
6746,exp,exp_name,dorian,Dorian,333232,333238,4,1056,14,M_6746,PROPN
6747,pdnc,qID,Q793-0,Your,333242,333246,4,1057,14,M_6747,Other
6748,pdnc,qID,Q793-0,You,333288,333291,4,1057,14,M_6748,Other
6749,pdnc,qID,Q793-0,you,333341,333344,4,1057,14,M_6749,Other
6750,booknlp,COREF,309,I,333385,333386,1,1057,14,M_6750,Other
6751,pdnc,qID,Q793-0,you,333407,333410,4,1057,14,M_6751,Other
6752,booknlp,COREF,309,me,333417,333419,1,1057,14,M_6752,Other
6753,pdnc,qID,Q793-0,your,333439,333443,4,1057,14,M_6753,Other
6754,booknlp,COREF,309,I,333454,333455,1,1057,14,M_6754,Other
6755,pdnc,qID,Q794-0,Alan,333476,333480,1,1058,14,M_6755,PROPN
6756,exp,exp_name,dorian,Dorian,333492,333498,4,1058,14,M_6756,PROPN
6757,booknlp,COREF,117,I,333513,333514,4,1058,14,M_6757,Other
6758,pdnc,qID,Q794-1,you,333520,333523,1,1058,14,M_6758,Other
6759,booknlp,COREF,117,me,333562,333564,4,1058,14,M_6759,Other
6760,booknlp,COREF,117,I,333570,333571,4,1058,14,M_6760,Other
6761,pdnc,qID,Q794-1,you,333581,333584,1,1058,14,M_6761,Other
6762,booknlp,COREF,117,He,333587,333589,4,1058,14,M_6762,Other
6763,booknlp,COREF,117,he,333605,333607,4,1058,14,M_6763,Other
6764,exp,exp_name,campbell,Campbell,333651,333659,1,1058,14,M_6764,PROPN
6765,booknlp,COREF,309,I,333895,333896,1,1060,14,M_6765,Other
6766,pdnc,qID,Q795-0,sir,333920,333923,4,1060,14,M_6766,PROPN
6767,booknlp,COREF,309,he,333926,333928,1,1060,14,M_6767,Other
6768,exp,exp_name,campbell,Campbell,333935,333943,1,1060,14,M_6768,PROPN
6769,exp,exp_name,dorian,Dorian,333958,333964,4,1061,14,M_6769,PROPN
6770,booknlp,COREF,117,I,333971,333972,4,1061,14,M_6770,Other
6771,pdnc,qID,Q796-1,Francis,333984,333991,7,1061,14,M_6771,Other
6772,booknlp,COREF,117,I,333998,333999,4,1061,14,M_6772,Other
6773,pdnc,qID,Q796-1,you,334024,334027,7,1061,14,M_6773,Other
6774,exp,exp_name,the man,the man,334049,334056,10,1061,14,M_6774,PROPN
6775,pdnc,qID,Q797-0,sir,334113,334116,4,1062,14,M_6775,PROPN
6776,pdnc,qID,Q798-0,You,334133,334136,7,1063,14,M_6776,Other
6777,booknlp,COREF,117,I,334240,334241,4,1063,14,M_6777,Other
6778,booknlp,COREF,117,I,334303,334304,4,1063,14,M_6778,Other
6779,pdnc,qID,Q798-0,Francis,334352,334359,7,1063,14,M_6779,Other
6780,booknlp,COREF,117,I,334407,334408,4,1063,14,M_6780,Other
6781,pdnc,qID,Q798-0,you,334425,334428,7,1063,14,M_6781,Other
6782,pdnc,qID,Q799-0,sir,334454,334457,4,1064,14,M_6782,PROPN
6783,booknlp,COREF,309,I,334478,334479,1,1064,14,M_6783,Other
6784,exp,exp_name,dorian,Dorian,334491,334497,4,1065,14,M_6784,PROPN
6785,exp,exp_name,campbell,Campbell,334508,334516,1,1065,14,M_6785,PROPN
6786,pdnc,qID,Q800-0,your,334533,334537,1,1065,14,M_6786,Other
6787,pdnc,qID,Q800-0,Alan,334555,334559,1,1065,14,M_6787,PROPN
6788,booknlp,COREF,309,he,334562,334564,1,1065,14,M_6788,Other
6789,booknlp,COREF,309,him,334657,334660,1,1065,14,M_6789,Other
6790,exp,exp_name,campbell,Campbell,334685,334693,1,1066,14,M_6790,PROPN
6791,booknlp,COREF,309,his,334710,334713,1,1066,14,M_6791,Other
6792,booknlp,COREF,309,he,334752,334754,1,1066,14,M_6792,Other
6793,pdnc,qID,Q802-0,you,334800,334803,7,1067,14,M_6793,Other
6794,pdnc,qID,Q802-0,Francis,334833,334840,7,1067,14,M_6794,Other
6795,pdnc,qID,Q802-0,You,334890,334893,7,1067,14,M_6795,Other
6796,booknlp,COREF,309,yourself,334918,334926,1,1067,14,M_6796,Other
6797,pdnc,qID,Q802-0,you,334973,334976,7,1067,14,M_6797,Other
6798,pdnc,qID,Q803-0,you,334987,334990,4,1068,14,M_6798,Other
6799,pdnc,qID,Q803-0,sir,334992,334995,4,1068,14,M_6799,PROPN
6800,exp,exp_name,the man,the man,335003,335010,10,1068,14,M_6800,PROPN
6801,pdnc,qID,Q804-0,Alan,335037,335041,1,1069,14,M_6801,PROPN
6802,booknlp,COREF,2023,I,335102,335103,10,1069,14,M_6802,Other
6803,pdnc,qID,Q804-0,you,335119,335122,1,1069,14,M_6803,Other
6804,pdnc,qID,Q804-0,You,335124,335127,1,1069,14,M_6804,Other
6805,booknlp,COREF,2023,He,335153,335155,10,1069,14,M_6805,Other
6806,exp,exp_name,campbell,Campbell,335202,335210,1,1069,14,M_6806,PROPN
6807,booknlp,COREF,2023,him,335229,335232,10,1069,14,M_6807,Other
6808,exp,exp_name,dorian,Dorian,335299,335305,4,1070,14,M_6808,PROPN
6809,booknlp,COREF,117,he,335355,335357,4,1070,14,M_6809,Other
6810,booknlp,COREF,117,his,335397,335400,4,1070,14,M_6810,Other
6811,booknlp,COREF,117,He,335407,335409,4,1070,14,M_6811,Other
6812,booknlp,COREF,117,I,335422,335423,4,1070,14,M_6812,Other
6813,booknlp,COREF,117,I,335436,335437,4,1070,14,M_6813,Other
6814,pdnc,qID,Q805-0,Alan,335449,335453,1,1070,14,M_6814,PROPN
6815,booknlp,COREF,117,he,335456,335458,4,1070,14,M_6815,Other
6816,booknlp,COREF,309,me,335488,335490,1,1071,14,M_6816,Other
6817,booknlp,COREF,309,I,335492,335493,1,1071,14,M_6817,Other
6818,pdnc,qID,Q806-0,you,335508,335511,4,1071,14,M_6818,Other
6819,exp,exp_name,campbell,Campbell,335519,335527,1,1071,14,M_6819,PROPN
6820,exp,exp_name,dorian,Dorian,335537,335543,4,1072,14,M_6820,PROPN
6821,booknlp,COREF,1527,he,335569,335571,4,1072,14,M_6821,Other
6822,booknlp,COREF,1527,he,335580,335582,4,1072,14,M_6822,Other
6823,booknlp,COREF,1527,his,335599,335602,4,1072,14,M_6823,Other
6824,booknlp,COREF,1527,He,335693,335695,4,1072,14,M_6824,Other
6825,booknlp,COREF,1527,he,335729,335731,4,1072,14,M_6825,Other
6826,booknlp,COREF,1527,his,335769,335772,4,1072,14,M_6826,Other
6827,booknlp,COREF,1527,he,335841,335843,4,1072,14,M_6827,Other
6828,booknlp,COREF,1527,him,336047,336050,4,1073,14,M_6828,Other
6829,booknlp,COREF,1527,he,336094,336096,4,1073,14,M_6829,Other
6830,booknlp,COREF,1527,him,336206,336209,4,1073,14,M_6830,Other
6831,booknlp,COREF,1527,he,336259,336261,4,1073,14,M_6831,Other
6832,booknlp,COREF,1527,He,336276,336278,4,1074,14,M_6832,Other
6833,booknlp,COREF,1527,he,336412,336414,4,1074,14,M_6833,Other
6834,exp,exp_name,man,man,336454,336457,30,1074,14,M_6834,PROPN
6835,booknlp,COREF,1527,he,336522,336524,4,1074,14,M_6835,Other
6836,booknlp,COREF,1527,he,336565,336567,4,1075,14,M_6836,Other
6837,booknlp,COREF,1527,his,336611,336614,4,1075,14,M_6837,Other
6838,booknlp,COREF,1527,him,336678,336681,4,1075,14,M_6838,Other
6839,booknlp,COREF,1527,He,336683,336685,4,1075,14,M_6839,Other
6840,exp,exp_name,campbell,Campbell,336692,336700,1,1075,14,M_6840,PROPN
6841,booknlp,COREF,309,he,336771,336773,1,1075,14,M_6841,Other
6842,booknlp,COREF,309,his,336791,336794,1,1075,14,M_6842,Other
6843,booknlp,COREF,1527,He,336810,336812,4,1075,14,M_6843,Other
6844,booknlp,COREF,309,he,336832,336834,1,1075,14,M_6844,Other
6845,exp,exp_name,basil hallward,Basil Hallward,336839,336853,2,1075,14,M_6845,PROPN
6846,booknlp,COREF,1527,me,336925,336927,4,1076,14,M_6846,Other
6847,booknlp,COREF,1527,him,336960,336963,4,1076,14,M_6847,Other
6848,booknlp,COREF,1527,He,336966,336968,4,1077,14,M_6848,Other
6849,exp,exp_name,man,man,337022,337025,30,1077,14,M_6849,PROPN
6850,exp,exp_name,campbell,Campbell,337071,337079,1,1077,14,M_6850,PROPN
6851,booknlp,COREF,1527,he,337125,337127,4,1077,14,M_6851,Other
6852,booknlp,COREF,1527,he,337150,337152,4,1077,14,M_6852,Other
6853,exp,exp_name,campbell,Campbell,337223,337231,1,1078,14,M_6853,PROPN
6854,booknlp,COREF,309,He,337260,337262,1,1078,14,M_6854,Other
6855,booknlp,COREF,1527,I,337295,337296,4,1078,14,M_6855,Other
6856,pdnc,qID,Q808-0,you,337312,337315,4,1078,14,M_6856,Other
6857,booknlp,COREF,1527,me,337322,337324,4,1078,14,M_6857,Other
6858,booknlp,COREF,1527,he,337333,337335,4,1078,14,M_6858,Other
6859,pdnc,qID,Q809-0,You,337404,337407,1,1079,14,M_6859,Other
6860,booknlp,COREF,117,me,337419,337421,4,1079,14,M_6860,Other
6861,pdnc,qID,Q809-0,Alan,337433,337437,1,1079,14,M_6861,PROPN
6862,booknlp,COREF,117,I,337439,337440,4,1079,14,M_6862,Other
6863,exp,exp_name,dorian,Dorian,337467,337473,4,1079,14,M_6863,PROPN
6864,exp,exp_name,campbell,Campbell,337494,337502,1,1080,14,M_6864,PROPN
6865,booknlp,COREF,1527,he,337513,337515,4,1080,14,M_6865,Other
6866,exp,exp_name,dorian gray,Dorian Gray,337764,337775,4,1082,15,M_6866,PROPN
6867,exp,exp_name,lady narborough,Lady Narborough,337793,337808,16,1082,15,M_6867,PROPN
6868,booknlp,COREF,117,His,337844,337847,4,1082,15,M_6868,Other
6869,booknlp,COREF,117,he,337897,337899,4,1082,15,M_6869,Other
6870,booknlp,COREF,117,his,337925,337928,4,1082,15,M_6870,Other
6871,booknlp,COREF,117,he,337939,337941,4,1082,15,M_6871,Other
6872,booknlp,COREF,117,his,337952,337955,4,1082,15,M_6872,Other
6873,exp,exp_name,dorian gray,Dorian Gray,338111,338122,4,1082,15,M_6873,PROPN
6874,booknlp,COREF,117,he,338159,338161,4,1082,15,M_6874,Other
6875,booknlp,COREF,117,He,338360,338362,4,1082,15,M_6875,Other
6876,booknlp,COREF,117,himself,338363,338370,4,1082,15,M_6876,Other
6877,booknlp,COREF,117,his,338411,338414,4,1082,15,M_6877,Other
6878,exp,exp_name,lady narborough,Lady Narborough,338546,338561,16,1083,15,M_6878,PROPN
6879,exp,exp_name,lord henry,Lord Henry,338601,338611,19,1083,15,M_6879,PROPN
6880,booknlp,COREF,318,She,338675,338678,16,1083,15,M_6880,Other
6881,booknlp,COREF,318,her,338766,338769,16,1083,15,M_6881,Other
6882,booknlp,COREF,318,she,338816,338819,16,1083,15,M_6882,Other
6883,booknlp,COREF,318,herself,338824,338831,16,1083,15,M_6883,Other
6884,booknlp,COREF,318,her,338858,338861,16,1083,15,M_6884,Other
6885,booknlp,COREF,318,she,338906,338909,16,1083,15,M_6885,Other
6886,booknlp,COREF,318,herself,338918,338925,16,1083,15,M_6886,Other
6887,booknlp,COREF,318,she,339007,339010,16,1083,15,M_6887,Other
6888,exp,exp_name,dorian,Dorian,339026,339032,4,1084,15,M_6888,PROPN
6889,booknlp,COREF,318,her,339044,339047,16,1084,15,M_6889,Other
6890,booknlp,COREF,318,she,339073,339076,16,1084,15,M_6890,Other
6891,booknlp,COREF,117,him,339089,339092,4,1084,15,M_6891,Other
6892,booknlp,COREF,318,she,339098,339101,16,1084,15,M_6892,Other
6893,booknlp,COREF,318,she,339121,339124,16,1084,15,M_6893,Other
6894,booknlp,COREF,117,him,339137,339140,4,1084,15,M_6894,Other
6895,booknlp,COREF,318,I,339157,339158,16,1084,15,M_6895,Other
6896,booknlp,COREF,318,my,339165,339167,16,1084,15,M_6896,Other
6897,booknlp,COREF,318,I,339174,339175,16,1084,15,M_6897,Other
6898,pdnc,qID,Q810-0,you,339214,339217,4,1084,15,M_6898,Other
6899,booknlp,COREF,318,she,339220,339223,16,1084,15,M_6899,Other
6900,booknlp,COREF,318,my,339249,339251,16,1084,15,M_6900,Other
6901,pdnc,qID,Q810-1,your,339284,339288,4,1084,15,M_6901,Other
6902,pdnc,qID,Q810-1,you,339321,339324,4,1084,15,M_6902,Other
6903,booknlp,COREF,318,I,339466,339467,16,1084,15,M_6903,Other
6904,exp,exp_name,narborough,Narborough,339532,339542,16,1084,15,M_6904,PROPN
6905,booknlp,COREF,117,He,339552,339554,4,1084,15,M_6905,Other
6906,booknlp,COREF,318,Her,339660,339663,16,1085,15,M_6906,Other
6907,booknlp,COREF,318,she,339722,339725,16,1085,15,M_6907,Other
6908,exp,exp_name,dorian,Dorian,339739,339745,4,1085,15,M_6908,PROPN
6909,booknlp,COREF,318,her,339780,339783,16,1085,15,M_6909,Other
6910,booknlp,COREF,318,her,339842,339845,16,1085,15,M_6910,Other
6911,booknlp,COREF,318,her,339896,339899,16,1085,15,M_6911,Other
6912,booknlp,COREF,318,her,339913,339916,16,1085,15,M_6912,Other
6913,booknlp,COREF,318,I,339919,339920,16,1085,15,M_6913,Other
6914,booknlp,COREF,318,her,339948,339951,16,1085,15,M_6914,Other
6915,pdnc,qID,Q811-0,my dear,339953,339960,4,1085,15,M_6915,Other
6916,booknlp,COREF,318,she,339963,339966,16,1085,15,M_6916,Other
6917,booknlp,COREF,318,I,339989,339990,16,1085,15,M_6917,Other
6918,booknlp,COREF,318,I,340032,340033,16,1085,15,M_6918,Other
6919,booknlp,COREF,318,me,340080,340082,16,1085,15,M_6919,Other
6920,booknlp,COREF,318,I,340127,340128,16,1085,15,M_6920,Other
6921,pdnc,qID,Q811-1,You,340150,340153,4,1085,15,M_6921,Other
6922,pdnc,qID,Q811-1,You,340498,340501,4,1085,15,M_6922,Other
6923,pdnc,qID,Q811-1,You,340534,340537,4,1085,15,M_6923,Other
6924,booknlp,COREF,318,me,340551,340553,16,1085,15,M_6924,Other
6925,booknlp,COREF,318,me,340564,340566,16,1085,15,M_6925,Other
6926,exp,exp_name,dorian,Dorian,340570,340576,4,1086,15,M_6926,PROPN
6927,booknlp,COREF,117,he,340692,340694,4,1086,15,M_6927,Other
6928,exp,exp_name,ernest harrowden,Ernest Harrowden,340746,340762,6,1086,15,M_6928,PROPN
6929,exp,exp_name,lady ruxton,Lady Ruxton,340895,340906,17,1086,15,M_6929,PROPN
6930,booknlp,COREF,320,herself,340994,341001,17,1086,15,M_6930,Other
6931,booknlp,COREF,320,her,341051,341054,17,1086,15,M_6931,Other
6932,booknlp,COREF,320,her,341119,341122,17,1086,15,M_6932,Other
6933,exp,exp_name,erlynne,Erlynne,341129,341136,22,1086,15,M_6933,PROPN
6934,exp,exp_name,lady alice chapman,Lady Alice Chapman,341202,341220,14,1086,15,M_6934,PROPN
6935,booknlp,COREF,117,his,341222,341225,4,1086,15,M_6935,Other
6936,booknlp,COREF,322,her,341355,341358,14,1086,15,M_6936,Other
6937,booknlp,COREF,117,his,341429,341432,4,1086,15,M_6937,Other
6938,booknlp,COREF,117,He,341531,341533,4,1087,15,M_6938,Other
6939,booknlp,COREF,117,he,341551,341553,4,1087,15,M_6939,Other
6940,exp,exp_name,lady narborough,Lady Narborough,341569,341584,16,1087,15,M_6940,PROPN
6941,pdnc,qID,Q812-0,Henry Wotton,341714,341726,19,1087,15,M_6941,PROPN
6942,booknlp,COREF,318,I,341742,341743,16,1087,15,M_6942,Other
6943,pdnc,qID,Q812-0,him,341758,341761,19,1087,15,M_6943,Other
6944,pdnc,qID,Q812-0,he,341789,341791,19,1087,15,M_6944,Other
6945,booknlp,COREF,318,me,341830,341832,16,1087,15,M_6945,Other
6946,exp,exp_name,harry,Harry,341865,341870,19,1088,15,M_6946,PROPN
6947,booknlp,COREF,117,he,341917,341919,4,1088,15,M_6947,Other
6948,booknlp,COREF,117,his,341926,341929,4,1088,15,M_6948,Other
6949,booknlp,COREF,117,he,341990,341992,4,1088,15,M_6949,Other
6950,booknlp,COREF,117,he,342030,342032,4,1089,15,M_6950,Other
6951,exp,exp_name,lady narborough,Lady Narborough,342095,342110,16,1089,15,M_6951,PROPN
6952,booknlp,COREF,117,him,342125,342128,4,1089,15,M_6952,Other
6953,booknlp,COREF,318,she,342138,342141,16,1089,15,M_6953,Other
6954,pdnc,qID,Q813-0,you,342215,342218,4,1089,15,M_6954,Other
6955,exp,exp_name,lord henry,Lord Henry,342238,342248,19,1089,15,M_6955,PROPN
6956,booknlp,COREF,117,him,342266,342269,4,1089,15,M_6956,Other
6957,booknlp,COREF,117,his,342284,342287,4,1089,15,M_6957,Other
6958,exp,exp_name,the butler,the butler,342337,342347,29,1089,15,M_6958,PROPN
6959,booknlp,COREF,419,his,342355,342358,29,1089,15,M_6959,Other
6960,booknlp,COREF,117,He,342381,342383,4,1089,15,M_6960,Other
6961,booknlp,COREF,117,his,342403,342406,4,1089,15,M_6961,Other
6962,pdnc,qID,Q814-0,Dorian,342436,342442,4,1090,15,M_6962,Other
6963,exp,exp_name,lord henry,Lord Henry,342450,342460,19,1090,15,M_6963,PROPN
6964,pdnc,qID,Q814-1,you,342540,342543,4,1090,15,M_6964,Other
6965,pdnc,qID,Q814-1,You,342554,342557,4,1090,15,M_6965,Other
6966,booknlp,COREF,318,I,342585,342586,16,1091,15,M_6966,Other
6967,pdnc,qID,Q815-0,he,342595,342597,4,1091,15,M_6967,Other
6968,exp,exp_name,lady narborough,Lady Narborough,342617,342632,16,1091,15,M_6968,PROPN
6969,pdnc,qID,Q815-1,he,342644,342646,4,1091,15,M_6969,Other
6970,booknlp,COREF,318,me,342665,342667,16,1091,15,M_6970,Other
6971,booknlp,COREF,318,I,342677,342678,16,1091,15,M_6971,Other
6972,pdnc,qID,Q815-1,He,342698,342700,4,1091,15,M_6972,Other
6973,booknlp,COREF,318,I,342717,342718,16,1091,15,M_6973,Other
6974,exp,exp_name,lady narborough,Lady Narborough,342745,342760,16,1092,15,M_6974,PROPN
6975,exp,exp_name,dorian,Dorian,342772,342778,4,1092,15,M_6975,PROPN
6976,booknlp,COREF,117,I,342790,342791,4,1092,15,M_6976,Other
6977,booknlp,COREF,3209,you,342886,342889,4,1093,15,M_6977,Other
6978,pdnc,qID,Q818-0,you,343023,343026,16,1094,15,M_6978,Other
6979,pdnc,qID,Q818-0,you,343032,343035,16,1094,15,M_6979,Other
6980,pdnc,qID,Q818-0,Lady Narborough,343056,343071,16,1094,15,M_6980,PROPN
6981,exp,exp_name,lord henry,Lord Henry,343079,343089,19,1094,15,M_6981,PROPN
6982,pdnc,qID,Q818-1,us,343120,343122,19,1094,15,M_6982,Other
6983,pdnc,qID,Q818-1,your,343127,343131,16,1094,15,M_6983,Other
6984,pdnc,qID,Q819-0,Lord Henry,343195,343205,19,1095,15,M_6984,PROPN
6985,booknlp,COREF,120,he,343330,343332,19,1096,15,M_6985,Other
6986,booknlp,COREF,120,his,343362,343365,19,1096,15,M_6986,Other
6987,pdnc,qID,Q821-0,you,343656,343659,19,1097,15,M_6987,Other
6988,pdnc,qID,Q821-0,Harry,343661,343666,19,1097,15,M_6988,PROPN
6989,exp,exp_name,dorian,Dorian,343675,343681,4,1097,15,M_6989,PROPN
6990,pdnc,qID,Q822-1,Lord Henry,343766,343776,19,1098,15,M_6990,PROPN
6991,pdnc,qID,Q822-1,You,343778,343781,19,1098,15,M_6991,Other
6992,pdnc,qID,Q823-0,Lady Narborough,343836,343851,16,1099,15,M_6992,PROPN
6993,pdnc,qID,Q825-0,Mr. Gray,343899,343907,4,1101,15,M_6993,PROPN
6994,pdnc,qID,Q825-0,He,343909,343911,4,1101,15,M_6994,Other
6995,pdnc,qID,Q825-0,her,343922,343925,4,1101,15,M_6995,Other
6996,pdnc,qID,Q826-0,Mr. Gray,343964,343972,4,1102,15,M_6996,PROPN
6997,booknlp,COREF,117,me,343989,343991,4,1103,15,M_6997,Other
6998,exp,exp_name,lady narborough,Lady Narborough,343996,344011,16,1103,15,M_6998,PROPN
6999,exp,exp_name,dorian,Dorian,344019,344025,4,1103,15,M_6999,PROPN
7000,booknlp,COREF,117,I,344028,344029,4,1103,15,M_7000,Other
7001,booknlp,COREF,117,me,344140,344142,4,1103,15,M_7001,Other
7002,booknlp,COREF,117,I,344278,344279,4,1105,15,M_7002,Other
7003,exp,exp_name,dorian,Dorian,344296,344302,4,1105,15,M_7003,PROPN
7004,booknlp,COREF,120,him,344395,344398,19,1106,15,M_7004,Other
7005,exp,exp_name,lord henry,Lord Henry,344478,344488,19,1107,15,M_7005,PROPN
7006,booknlp,COREF,120,his,344498,344501,19,1107,15,M_7006,Other
7007,exp,exp_name,lady narborough,Lady Narborough,344509,344524,16,1108,15,M_7007,PROPN
7008,booknlp,COREF,120,him,344529,344532,19,1108,15,M_7008,Other
7009,booknlp,COREF,318,her,344538,344541,16,1108,15,M_7009,Other
7010,pdnc,qID,Q832-0,Lord ,344548,344553,19,1108,15,M_7010,PROPN
7011,booknlp,COREF,318,I,344560,344561,16,1108,15,M_7011,Other
7012,pdnc,qID,Q832-0,you,344611,344614,19,1108,15,M_7012,Other
7013,exp,exp_name,lord henry,Lord Henry,344673,344683,19,1109,15,M_7013,PROPN
7014,booknlp,COREF,120,his,344695,344698,19,1109,15,M_7014,Other
7015,booknlp,COREF,120,I,344756,344757,19,1109,15,M_7015,Other
7016,pdnc,qID,Q834-0,you,344807,344810,19,1110,15,M_7016,Other
7017,exp,exp_name,lord henry,Lord Henry,344868,344878,19,1111,15,M_7017,PROPN
7018,booknlp,COREF,120,he,344941,344943,19,1111,15,M_7018,Other
7019,pdnc,qID,Q836-0,he,345085,345087,19,1112,15,M_7019,Other
7020,exp,exp_name,dorian,Dorian,345109,345115,4,1112,15,M_7020,PROPN
7021,booknlp,COREF,1576,his,345136,345139,4,1112,15,M_7021,Other
7022,booknlp,COREF,1576,his,345166,345169,4,1113,15,M_7022,Other
7023,booknlp,COREF,120,you,345205,345208,19,1113,15,M_7023,Other
7024,pdnc,qID,Q838-0,You,345321,345324,16,1114,15,M_7024,Other
7025,pdnc,qID,Q838-0,Lady Narborough,345349,345364,16,1114,15,M_7025,PROPN
7026,exp,exp_name,lord henry,Lord Henry,345376,345386,19,1114,15,M_7026,PROPN
7027,pdnc,qID,Q838-1,You,345389,345392,16,1114,15,M_7027,Other
7028,exp,exp_name,man,man,345494,345497,30,1114,15,M_7028,PROPN
7029,exp,exp_name,narborough,Narborough,345595,345605,16,1115,15,M_7029,PROPN
7030,pdnc,qID,Q840-0,you,345661,345664,16,1116,15,M_7030,Other
7031,pdnc,qID,Q840-0,my dear lady,345691,345703,16,1116,15,M_7031,Other
7032,pdnc,qID,Q841-0,You,345838,345841,16,1116,15,M_7032,Other
7033,pdnc,qID,Q841-0,Lady Narborough,345908,345923,16,1116,15,M_7033,PROPN
7034,pdnc,qID,Q842-0,Lord,345972,345976,19,1117,15,M_7034,PROPN
7035,booknlp,COREF,120,you,346009,346012,19,1117,15,M_7035,Other
7036,booknlp,COREF,120,your,346017,346021,19,1117,15,M_7036,Other
7037,booknlp,COREF,120,you,346043,346046,19,1117,15,M_7037,Other
7038,booknlp,COREF,120,you,346066,346069,19,1117,15,M_7038,Other
7039,booknlp,COREF,120,You,346093,346096,19,1117,15,M_7039,Other
7040,booknlp,COREF,120,you,346174,346177,19,1117,15,M_7040,Other
7041,exp,exp_name,lord henry,Lord Henry,346304,346314,19,1118,15,M_7041,PROPN
7042,booknlp,COREF,120,his,346344,346347,19,1119,15,M_7042,Other
7043,booknlp,COREF,117,I,346359,346360,4,1120,15,M_7043,Other
7044,exp,exp_name,dorian,Dorian,346396,346402,4,1120,15,M_7044,PROPN
7045,pdnc,qID,Q846-0,my dear,346456,346463,4,1121,15,M_7045,Other
7046,exp,exp_name,lady narborough,Lady Narborough,346472,346487,16,1121,15,M_7046,PROPN
7047,booknlp,COREF,318,her,346500,346503,16,1121,15,M_7047,Other
7048,booknlp,COREF,318,me,346524,346526,16,1121,15,M_7048,Other
7049,exp,exp_name,man,man,346564,346567,30,1121,15,M_7049,PROPN
7050,pdnc,qID,Q846-1,Lord Henry,346617,346627,19,1121,15,M_7050,PROPN
7051,booknlp,COREF,318,I,346648,346649,16,1121,15,M_7051,Other
7052,booknlp,COREF,318,I,346670,346671,16,1121,15,M_7052,Other
7053,pdnc,qID,Q846-1,you,346686,346689,4,1121,15,M_7053,Other
7054,pdnc,qID,Q846-1,you,346710,346713,4,1121,15,M_7054,Other
7055,booknlp,COREF,318,I,346728,346729,16,1121,15,M_7055,Other
7056,pdnc,qID,Q846-1,you,346740,346743,4,1121,15,M_7056,Other
7057,pdnc,qID,Q846-1,Lord Henry,346757,346767,19,1121,15,M_7057,PROPN
7058,pdnc,qID,Q846-1,you,346775,346778,4,1121,15,M_7058,Other
7059,pdnc,qID,Q846-1,Mr. Gray,346790,346798,4,1121,15,M_7059,PROPN
7060,booknlp,COREF,120,I,346822,346823,19,1122,15,M_7060,Other
7061,pdnc,qID,Q847-0,him,346842,346845,4,1122,15,M_7061,Other
7062,pdnc,qID,Q847-0,Lady Narborough,346850,346865,16,1122,15,M_7062,PROPN
7063,exp,exp_name,lord henry,Lord Henry,346873,346883,19,1122,15,M_7063,PROPN
7064,pdnc,qID,Q848-0,him,346946,346949,4,1123,15,M_7064,Other
7065,booknlp,COREF,318,I,346951,346952,16,1123,15,M_7065,Other
7066,pdnc,qID,Q849-0,Lady Narborough,347071,347086,16,1124,15,M_7066,PROPN
7067,exp,exp_name,dorian,Dorian,347095,347101,4,1124,15,M_7067,PROPN
7068,booknlp,COREF,318,I,347187,347188,16,1125,15,M_7068,Other
7069,booknlp,COREF,318,I,347258,347259,16,1125,15,M_7069,Other
7070,exp,exp_name,lord henry,Lord Henry,347350,347360,19,1126,15,M_7070,PROPN
7071,exp,exp_name,man,man,347365,347368,30,1126,15,M_7071,PROPN
7072,pdnc,qID,Q851-1,he,347409,347411,19,1126,15,M_7072,Other
7073,pdnc,qID,Q851-1,her,347426,347429,19,1126,15,M_7073,Other
7074,pdnc,qID,Q852-0,you,347451,347454,19,1127,15,M_7074,Other
7075,exp,exp_name,lady ruxton,Lady Ruxton,347519,347530,17,1127,15,M_7075,PROPN
7076,pdnc,qID,Q852-1,You,347533,347536,19,1127,15,M_7076,Other
7077,pdnc,qID,Q852-1,You,347576,347579,19,1127,15,M_7077,Other
7078,pdnc,qID,Q852-1,You,347663,347666,19,1127,15,M_7078,Other
7079,pdnc,qID,Q852-1,you,347692,347695,19,1127,15,M_7079,Other
7080,pdnc,qID,Q855-0,my dear Lady Ruxton,347965,347984,17,1129,15,M_7080,Other
7081,pdnc,qID,Q855-1,you,348012,348015,17,1129,15,M_7081,Other
7082,pdnc,qID,Q855-1,your,348032,348036,17,1129,15,M_7082,Other
7083,pdnc,qID,Q856-0,Lady Narborough,348063,348078,16,1130,15,M_7083,PROPN
7084,pdnc,qID,Q857-0,Lady Ruxton,348170,348181,17,1131,15,M_7084,PROPN
7085,exp,exp_name,lord henry,Lord Henry,348189,348199,19,1131,15,M_7085,PROPN
7086,exp,exp_name,lady ruxton,Lady Ruxton,348301,348312,17,1132,15,M_7086,PROPN
7087,pdnc,qID,Q858-0,You,348340,348343,19,1132,15,M_7087,Other
7088,pdnc,qID,Q858-0,Lord Henry,348393,348403,19,1132,15,M_7088,PROPN
7089,pdnc,qID,Q859-0,you,348494,348497,19,1133,15,M_7089,Other
7090,pdnc,qID,Q859-0,your,348523,348527,19,1133,15,M_7090,Other
7091,exp,exp_name,lady narborough,Lady Narborough,348557,348572,16,1133,15,M_7091,PROPN
7092,pdnc,qID,Q859-1,you,348592,348595,19,1133,15,M_7092,Other
7093,exp,exp_name,dorian gray,Dorian Gray,348736,348747,4,1134,15,M_7093,PROPN
7094,booknlp,COREF,117,his,348756,348759,4,1134,15,M_7094,Other
7095,exp,exp_name,lord henry,Lord Henry,348785,348795,19,1134,15,M_7095,PROPN
7096,exp,exp_name,lord henry,Lord Henry,349293,349303,19,1135,15,M_7096,PROPN
7097,exp,exp_name,dorian,Dorian,349346,349352,4,1135,15,M_7097,PROPN
7098,pdnc,qID,Q860-0,you,349360,349363,4,1136,15,M_7098,Other
7099,pdnc,qID,Q860-0,my dear fellow,349372,349386,4,1136,15,M_7099,Other
7100,pdnc,qID,Q860-1,You,349400,349403,4,1136,15,M_7100,Other
7101,pdnc,qID,Q861-0,Harry,349462,349467,19,1137,15,M_7101,PROPN
7102,pdnc,qID,Q862-0,You,349497,349500,4,1138,15,M_7102,Other
7103,pdnc,qID,Q862-0,The little duchess,349527,349545,9,1138,15,M_7103,Other
7104,pdnc,qID,Q862-0,you,349566,349569,4,1138,15,M_7104,Other
7105,pdnc,qID,Q862-0,She,349571,349574,9,1138,15,M_7105,Other
7106,pdnc,qID,Q862-0,she,349584,349587,9,1138,15,M_7106,Other
7107,pdnc,qID,Q863-0,She,349615,349618,9,1139,15,M_7107,Other
7108,pdnc,qID,Q865-0,Harry.,349703,349709,19,1141,15,M_7108,Other
7109,pdnc,qID,Q866-0,her,349764,349767,9,1142,15,M_7109,Other
7110,pdnc,qID,Q866-0,She,349769,349772,9,1142,15,M_7110,Other
7111,pdnc,qID,Q866-0,She,349813,349816,9,1142,15,M_7111,Other
7112,pdnc,qID,Q866-0,Her,349923,349926,9,1142,15,M_7112,Other
7113,pdnc,qID,Q866-0,you,350005,350008,4,1142,15,M_7113,Other
7114,pdnc,qID,Q866-0,She,350092,350095,9,1142,15,M_7114,Other
7115,pdnc,qID,Q867-0,she,350133,350136,9,1143,15,M_7115,Other
7116,exp,exp_name,dorian,Dorian,350158,350164,4,1143,15,M_7116,PROPN
7117,pdnc,qID,Q868-0,she,350181,350184,9,1144,15,M_7117,Other
7118,exp,exp_name,geoffrey clouston,Geoffrey Clouston,350410,350427,32,1145,15,M_7118,PROPN
7119,booknlp,COREF,120,I,350475,350476,19,1146,15,M_7119,Other
7120,exp,exp_name,lord henry,Lord Henry,350493,350503,19,1146,15,M_7120,PROPN
7121,booknlp,COREF,120,I,350537,350538,19,1146,15,M_7121,Other
7122,booknlp,COREF,117,I,350683,350684,4,1147,15,M_7122,Other
7123,pdnc,qID,Q871-0,Harry,350724,350729,19,1147,15,M_7123,PROPN
7124,pdnc,qID,Q872-0,Dorian,350860,350866,4,1148,15,M_7124,Other
7125,pdnc,qID,Q872-0,you,350868,350871,4,1148,15,M_7125,Other
7126,pdnc,qID,Q872-0,You,350903,350906,4,1148,15,M_7126,Other
7127,pdnc,qID,Q872-0,you,350936,350939,4,1148,15,M_7127,Other
7128,pdnc,qID,Q872-0,you,350959,350962,4,1148,15,M_7128,Other
7129,exp,exp_name,dorian,Dorian,350983,350989,4,1149,15,M_7129,PROPN
7130,booknlp,COREF,117,him,351001,351004,4,1149,15,M_7130,Other
7131,pdnc,qID,Q873-0,Harry,351034,351039,19,1150,15,M_7131,PROPN
7132,booknlp,COREF,117,he,351042,351044,4,1150,15,M_7132,Other
7133,booknlp,COREF,117,I,351060,351061,4,1150,15,M_7133,Other
7134,pdnc,qID,Q874-0,you,351105,351108,4,1151,15,M_7134,Other
7135,booknlp,COREF,117,he,351134,351136,4,1152,15,M_7135,Other
7136,booknlp,COREF,117,he,351152,351154,4,1152,15,M_7136,Other
7137,booknlp,COREF,117,his,351159,351162,4,1152,15,M_7137,Other
7138,booknlp,COREF,117,I,351173,351174,4,1152,15,M_7138,Other
7139,booknlp,COREF,117,I,351192,351193,4,1152,15,M_7139,Other
7140,booknlp,COREF,117,I,351217,351218,4,1152,15,M_7140,Other
7141,booknlp,COREF,117,I,351233,351234,4,1152,15,M_7141,Other
7142,booknlp,COREF,117,I,351247,351248,4,1152,15,M_7142,Other
7143,pdnc,qID,Q875-1,you,351273,351276,19,1152,15,M_7143,Other
7144,pdnc,qID,Q875-1,Harry,351282,351287,19,1152,15,M_7144,PROPN
7145,pdnc,qID,Q875-1,You,351289,351292,19,1152,15,M_7145,Other
7146,booknlp,COREF,117,I,351338,351339,4,1152,15,M_7146,Other
7147,booknlp,COREF,117,I,351367,351368,4,1152,15,M_7147,Other
7148,booknlp,COREF,117,I,351386,351387,4,1152,15,M_7148,Other
7149,pdnc,qID,Q875-1,you,351417,351420,19,1152,15,M_7149,Other
7150,booknlp,COREF,117,I,351450,351451,4,1152,15,M_7150,Other
7151,booknlp,COREF,117,my,351461,351463,4,1152,15,M_7151,Other
7152,pdnc,qID,Q875-1,my servant,351487,351497,7,1152,15,M_7152,Other
7153,booknlp,COREF,117,me,351509,351511,4,1152,15,M_7153,Other
7154,pdnc,qID,Q875-1,you,351519,351522,19,1152,15,M_7154,Other
7155,pdnc,qID,Q875-1,you,351571,351574,19,1152,15,M_7155,Other
7156,pdnc,qID,Q875-1,him,351583,351586,7,1152,15,M_7156,Other
7157,exp,exp_name,lord henry,Lord Henry,351590,351600,19,1153,15,M_7157,PROPN
7158,booknlp,COREF,120,his,351610,351613,19,1153,15,M_7158,Other
7159,pdnc,qID,Q876-0,My dear fellow,351626,351640,4,1153,15,M_7159,Other
7160,booknlp,COREF,120,I,351648,351649,19,1153,15,M_7160,Other
7161,pdnc,qID,Q876-0,you,351708,351711,4,1153,15,M_7161,Other
7162,pdnc,qID,Q876-0,you,351752,351755,4,1153,15,M_7162,Other
7163,pdnc,qID,Q876-0,Dorian,351757,351763,4,1153,15,M_7163,Other
7164,booknlp,COREF,120,me,351770,351772,19,1153,15,M_7164,Other
7165,pdnc,qID,Q876-0,You,351785,351788,4,1153,15,M_7165,Other
7166,booknlp,COREF,120,yourself,351797,351805,19,1153,15,M_7166,Other
7167,booknlp,COREF,120,me,351830,351832,19,1154,15,M_7167,Other
7168,pdnc,qID,Q877-0,Harry,351834,351839,19,1154,15,M_7168,PROPN
7169,booknlp,COREF,120,I,351841,351842,19,1154,15,M_7169,Other
7170,booknlp,COREF,120,I,351876,351877,19,1154,15,M_7170,Other
7171,pdnc,qID,Q877-0,you,351903,351906,19,1154,15,M_7171,Other
7172,booknlp,COREF,120,my,351936,351938,19,1154,15,M_7172,Other
7173,pdnc,qID,Q877-0,Lady Narborough,351950,351965,16,1154,15,M_7173,PROPN
7174,booknlp,COREF,120,I,351967,351968,19,1154,15,M_7174,Other
7175,booknlp,COREF,120,I,351989,351990,19,1154,15,M_7175,Other
7176,booknlp,COREF,120,I,352006,352007,19,1154,15,M_7176,Other
7177,pdnc,qID,Q878-0,Dorian,352036,352042,4,1155,15,M_7177,Other
7178,booknlp,COREF,120,I,352044,352045,19,1155,15,M_7178,Other
7179,booknlp,COREF,120,I,352055,352056,19,1155,15,M_7179,Other
7180,booknlp,COREF,120,you,352067,352070,19,1155,15,M_7180,Other
7181,pdnc,qID,Q878-0,The duchess,352094,352105,9,1155,15,M_7181,Other
7182,pdnc,qID,Q879-0,Harry,352144,352149,19,1156,15,M_7182,PROPN
7183,exp,exp_name,lord henry,Lord Henry,352306,352316,19,1156,15,M_7183,PROPN
7184,exp,exp_name,basil hallward,Basil Hallward,352655,352669,2,1157,15,M_7184,PROPN
7185,exp,exp_name,dorian gray,Dorian Gray,354526,354537,4,1160,15,M_7185,PROPN
7186,booknlp,COREF,117,his,354590,354593,4,1160,15,M_7186,Other
7187,exp,exp_name,driver,driver,354727,354733,10,1160,15,M_7187,PROPN
7188,exp,exp_name,the man,The man,354747,354754,10,1161,15,M_7188,PROPN
7189,booknlp,COREF,2023,his,354761,354764,10,1161,15,M_7189,Other
7190,booknlp,COREF,2023,me,354790,354792,10,1161,15,M_7190,Other
7191,booknlp,COREF,2023,he,354795,354797,10,1161,15,M_7191,Other
7192,pdnc,qID,Q881-0,you,354834,354837,10,1162,15,M_7192,Other
7193,exp,exp_name,dorian,Dorian,354845,354851,4,1162,15,M_7193,PROPN
7194,pdnc,qID,Q881-1,You,354854,354857,10,1162,15,M_7194,Other
7195,pdnc,qID,Q881-1,you,354880,354883,10,1162,15,M_7195,Other
7196,pdnc,qID,Q882-0,sir,354910,354913,4,1163,15,M_7196,PROPN
7197,exp,exp_name,the man,the man,354925,354932,10,1163,15,M_7197,PROPN
7198,pdnc,qID,Q882-1,you,354935,354938,4,1163,15,M_7198,Other
7199,booknlp,COREF,2023,his,354976,354979,10,1163,15,M_7199,Other
7200,booknlp,COREF,2023,he,354996,354998,10,1163,15,M_7200,Other
7201,booknlp,COREF,2023,his,355006,355009,10,1163,15,M_7201,Other
7202,booknlp,COREF,2023,his,355416,355419,10,1166,16,M_7202,Other
7203,booknlp,COREF,2023,his,355436,355439,10,1166,16,M_7203,Other
7204,exp,exp_name,dorian gray,Dorian Gray,355450,355461,4,1166,16,M_7204,PROPN
7205,booknlp,COREF,117,he,355542,355544,4,1166,16,M_7205,Other
7206,booknlp,COREF,117,himself,355557,355564,4,1166,16,M_7206,Other
7207,exp,exp_name,lord henry,Lord Henry,355580,355590,19,1166,16,M_7207,PROPN
7208,booknlp,COREF,117,him,355603,355606,4,1166,16,M_7208,Other
7209,booknlp,COREF,117,He,355744,355746,4,1166,16,M_7209,Other
7210,exp,exp_name,the man,the man,356151,356158,10,1167,16,M_7210,PROPN
7211,booknlp,COREF,2023,his,356164,356167,10,1167,16,M_7211,Other
7212,booknlp,COREF,117,his,356438,356441,4,1168,16,M_7212,Other
7213,booknlp,COREF,117,His,356448,356451,4,1168,16,M_7213,Other
7214,booknlp,COREF,117,he,356705,356707,4,1168,16,M_7214,Other
7215,exp,exp_name,basil,Basil,356842,356847,2,1168,16,M_7215,PROPN
7216,booknlp,COREF,117,him,356866,356869,4,1168,16,M_7216,Other
7217,booknlp,COREF,117,he,356873,356875,4,1168,16,M_7217,Other
7218,booknlp,COREF,117,him,356899,356902,4,1168,16,M_7218,Other
7219,booknlp,COREF,117,He,356924,356926,4,1168,16,M_7219,Other
7220,booknlp,COREF,117,him,357050,357053,4,1169,16,M_7220,Other
7221,booknlp,COREF,117,He,357069,357071,4,1169,16,M_7221,Other
7222,exp,exp_name,the man,the man,357105,357112,10,1169,16,M_7222,PROPN
7223,booknlp,COREF,117,him,357176,357179,4,1169,16,M_7223,Other
7224,booknlp,COREF,117,His,357181,357184,4,1169,16,M_7224,Other
7225,booknlp,COREF,117,his,357203,357206,4,1169,16,M_7225,Other
7226,booknlp,COREF,117,He,357251,357253,4,1169,16,M_7226,Other
7227,booknlp,COREF,117,his,357285,357288,4,1169,16,M_7227,Other
7228,exp,exp_name,driver,driver,357300,357306,10,1169,16,M_7228,PROPN
7229,exp,exp_name,the man,the man,357357,357364,10,1169,16,M_7229,PROPN
7230,booknlp,COREF,117,he,357527,357529,4,1170,16,M_7230,Other
7231,booknlp,COREF,117,he,357614,357616,4,1171,16,M_7231,Other
7232,booknlp,COREF,117,He,358066,358068,4,1172,16,M_7232,Other
7233,booknlp,COREF,117,He,358167,358169,4,1172,16,M_7233,Other
7234,booknlp,COREF,117,his,358201,358204,4,1172,16,M_7234,Other
7235,exp,exp_name,driver,driver,358353,358359,10,1172,16,M_7235,PROPN
7236,exp,exp_name,dorian gray,Dorian Gray,358494,358505,4,1173,16,M_7236,PROPN
7237,booknlp,COREF,117,he,358582,358584,4,1173,16,M_7237,Other
7238,booknlp,COREF,117,his,358639,358642,4,1173,16,M_7238,Other
7239,booknlp,COREF,117,his,358758,358761,4,1173,16,M_7239,Other
7240,booknlp,COREF,117,his,358791,358794,4,1173,16,M_7240,Other
7241,exp,exp_name,man,man,358874,358877,30,1173,16,M_7241,PROPN
7242,booknlp,COREF,117,him,358983,358986,4,1173,16,M_7242,Other
7243,booknlp,COREF,117,him,359031,359034,4,1173,16,M_7243,Other
7244,booknlp,COREF,117,he,359346,359348,4,1173,16,M_7244,Other
7245,booknlp,COREF,117,he,359389,359391,4,1173,16,M_7245,Other
7246,exp,exp_name,the man,the man,359417,359424,10,1174,16,M_7246,PROPN
7247,pdnc,qID,Q883-0,sir,359647,359650,4,1175,16,M_7247,PROPN
7248,booknlp,COREF,2023,he,359663,359665,10,1175,16,M_7248,Other
7249,exp,exp_name,dorian,Dorian,359699,359705,4,1176,16,M_7249,PROPN
7250,booknlp,COREF,117,he,359748,359750,4,1176,16,M_7250,Other
7251,exp,exp_name,driver,driver,359802,359808,10,1176,16,M_7251,PROPN
7252,booknlp,COREF,117,he,359824,359826,4,1176,16,M_7252,Other
7253,booknlp,COREF,117,him,359840,359843,4,1176,16,M_7253,Other
7254,booknlp,COREF,117,he,359845,359847,4,1176,16,M_7254,Other
7255,booknlp,COREF,117,He,360127,360129,4,1177,16,M_7255,Other
7256,booknlp,COREF,117,he,360196,360198,4,1177,16,M_7256,Other
7257,booknlp,COREF,117,he,360251,360253,4,1177,16,M_7257,Other
7258,booknlp,COREF,117,He,360371,360373,4,1177,16,M_7258,Other
7259,booknlp,COREF,117,he,360430,360432,4,1178,16,M_7259,Other
7260,booknlp,COREF,117,he,360519,360521,4,1178,16,M_7260,Other
7261,booknlp,COREF,117,he,360623,360625,4,1178,16,M_7261,Other
7262,booknlp,COREF,117,him,360746,360749,4,1178,16,M_7262,Other
7263,booknlp,COREF,117,He,360770,360772,4,1178,16,M_7263,Other
7264,booknlp,COREF,117,his,361361,361364,4,1178,16,M_7264,Other
7265,booknlp,COREF,117,his,361380,361383,4,1178,16,M_7265,Other
7266,exp,exp_name,sailor,sailor,361392,361398,30,1178,16,M_7266,PROPN
7267,exp,exp_name,man,man,361528,361531,30,1178,16,M_7267,PROPN
7268,exp,exp_name,dorian,Dorian,361666,361672,4,1178,16,M_7268,PROPN
7269,exp,exp_name,the man,The man,361684,361691,10,1178,16,M_7269,PROPN
7270,exp,exp_name,dorian,Dorian,361826,361832,4,1179,16,M_7270,PROPN
7271,booknlp,COREF,117,him,361898,361901,4,1179,16,M_7271,Other
7272,booknlp,COREF,117,He,361903,361905,4,1179,16,M_7272,Other
7273,booknlp,COREF,117,his,361932,361935,4,1179,16,M_7273,Other
7274,booknlp,COREF,117,he,361974,361976,4,1179,16,M_7274,Other
7275,exp,exp_name,a young man,a young man,361986,361997,28,1179,16,M_7275,PROPN
7276,booknlp,COREF,117,him,362091,362094,4,1179,16,M_7276,Other
7277,pdnc,qID,Q885-0,You,362132,362135,0,1180,16,M_7277,Other
7278,pdnc,qID,Q885-0,Adrian,362142,362148,0,1180,16,M_7278,Other
7279,exp,exp_name,dorian,Dorian,362160,362166,4,1180,16,M_7279,PROPN
7280,booknlp,COREF,117,I,362188,362189,4,1181,16,M_7280,Other
7281,booknlp,COREF,117,he,362195,362197,4,1181,16,M_7281,Other
7282,booknlp,COREF,117,me,362253,362255,4,1181,16,M_7282,Other
7283,pdnc,qID,Q887-0,you,362274,362277,0,1182,16,M_7283,Other
7284,booknlp,COREF,117,My,362339,362341,4,1183,16,M_7284,Other
7285,booknlp,COREF,117,me,362397,362399,4,1183,16,M_7285,Other
7286,booknlp,COREF,117,I,362411,362412,4,1183,16,M_7286,Other
7287,booknlp,COREF,117,he,362426,362428,4,1183,16,M_7287,Other
7288,booknlp,COREF,117,I,362506,362507,4,1183,16,M_7288,Other
7289,booknlp,COREF,117,I,362514,362515,4,1183,16,M_7289,Other
7290,exp,exp_name,dorian,Dorian,362545,362551,4,1184,16,M_7290,PROPN
7291,booknlp,COREF,117,him,362740,362743,4,1184,16,M_7291,Other
7292,booknlp,COREF,117,He,362745,362747,4,1184,16,M_7292,Other
7293,booknlp,COREF,117,he,362891,362893,4,1184,16,M_7293,Other
7294,booknlp,COREF,117,He,362899,362901,4,1184,16,M_7294,Other
7295,booknlp,COREF,117,his,362970,362973,4,1184,16,M_7295,Other
7296,booknlp,COREF,117,he,363003,363005,4,1184,16,M_7296,Other
7297,exp,exp_name,basil hallward,Basil Hallward,363032,363046,2,1184,16,M_7297,PROPN
7298,booknlp,COREF,117,him,363058,363061,4,1184,16,M_7298,Other
7299,booknlp,COREF,117,he,363067,363069,4,1184,16,M_7299,Other
7300,booknlp,COREF,117,he,363075,363077,4,1184,16,M_7300,Other
7301,exp,exp_name,adrian singleton,Adrian Singleton,363110,363126,0,1184,16,M_7301,PROPN
7302,booknlp,COREF,117,him,363136,363139,4,1184,16,M_7302,Other
7303,booknlp,COREF,117,He,363141,363143,4,1184,16,M_7303,Other
7304,booknlp,COREF,117,he,363185,363187,4,1184,16,M_7304,Other
7305,booknlp,COREF,117,He,363193,363195,4,1184,16,M_7305,Other
7306,booknlp,COREF,117,himself,363218,363225,4,1184,16,M_7306,Other
7307,booknlp,COREF,117,I,363229,363230,4,1185,16,M_7307,Other
7308,booknlp,COREF,117,he,363264,363266,4,1185,16,M_7308,Other
7309,exp,exp_name,dorian,Dorian,363389,363395,4,1189,16,M_7309,PROPN
7310,booknlp,COREF,117,his,363405,363408,4,1189,16,M_7310,Other
7311,booknlp,COREF,117,I,363421,363422,4,1189,16,M_7311,Other
7312,booknlp,COREF,117,I,363551,363552,4,1191,16,M_7312,Other
7313,booknlp,COREF,117,I,363603,363604,4,1191,16,M_7313,Other
7314,exp,exp_name,man,man,363672,363675,30,1192,16,M_7314,PROPN
7315,exp,exp_name,adrian singleton,Adrian Singleton,363693,363709,0,1194,16,M_7315,PROPN
7316,exp,exp_name,dorian,Dorian,363739,363745,4,1194,16,M_7316,PROPN
7317,booknlp,COREF,211,he,363842,363844,0,1194,16,M_7317,Other
7318,exp,exp_name,dorian,Dorian,363948,363954,4,1194,16,M_7318,PROPN
7319,booknlp,COREF,117,his,363962,363965,4,1194,16,M_7319,Other
7320,exp,exp_name,adrian singleton,Adrian Singleton,364016,364032,0,1194,16,M_7320,PROPN
7321,exp,exp_name,one of the women,one of the women,364100,364116,26,1195,16,M_7321,PROPN
7322,pdnc,qID,Q898-0,We,364119,364121,4,1195,16,M_7322,Other
7323,booknlp,COREF,1669,she,364148,364151,26,1195,16,M_7323,Other
7324,booknlp,COREF,117,me,364192,364194,4,1196,16,M_7324,Other
7325,exp,exp_name,dorian,Dorian,364203,364209,4,1196,16,M_7325,PROPN
7326,booknlp,COREF,117,his,364220,364223,4,1196,16,M_7326,Other
7327,booknlp,COREF,1669,you,364253,364256,26,1196,16,M_7327,Other
7328,booknlp,COREF,117,me,364301,364303,4,1196,16,M_7328,Other
7329,exp,exp_name,adrian singleton,Adrian Singleton,364564,364580,0,1198,16,M_7329,PROPN
7330,booknlp,COREF,211,I,364583,364584,0,1198,16,M_7330,Other
7331,booknlp,COREF,211,I,364629,364630,0,1198,16,M_7331,Other
7332,pdnc,qID,Q901-0,You,364655,364658,0,1199,16,M_7332,Other
7333,booknlp,COREF,117,me,364673,364675,4,1199,16,M_7333,Other
7334,pdnc,qID,Q901-0,you,364679,364682,0,1199,16,M_7334,Other
7335,pdnc,qID,Q901-0,you,364704,364707,0,1199,16,M_7335,Other
7336,exp,exp_name,dorian,Dorian,364715,364721,4,1199,16,M_7336,PROPN
7337,exp,exp_name,man,man,364805,364808,30,1202,16,M_7337,PROPN
7338,exp,exp_name,dorian,Dorian,364882,364888,4,1203,16,M_7338,PROPN
7339,booknlp,COREF,117,his,364931,364934,4,1203,16,M_7339,Other
7340,booknlp,COREF,117,he,364944,364946,4,1203,16,M_7340,Other
7341,booknlp,COREF,117,his,365042,365045,4,1203,16,M_7341,Other
7342,booknlp,COREF,117,he,365136,365138,4,1204,16,M_7342,Other
7343,booknlp,COREF,117,me,365161,365163,4,1204,16,M_7343,Other
7344,pdnc,qID,Q907-0,Prince Charming,365198,365213,4,1205,16,M_7344,PROPN
7345,pdnc,qID,Q907-0,you,365222,365225,4,1205,16,M_7345,Other
7346,booknlp,COREF,117,him,365273,365276,4,1205,16,M_7346,Other
7347,exp,exp_name,sailor,sailor,365290,365296,30,1206,16,M_7347,PROPN
7348,exp,exp_name,dorian gray,Dorian Gray,365448,365459,4,1207,16,M_7348,PROPN
7349,booknlp,COREF,117,His,365511,365514,4,1207,16,M_7349,Other
7350,exp,exp_name,adrian singleton,Adrian Singleton,365528,365544,0,1207,16,M_7350,PROPN
7351,booknlp,COREF,117,him,365565,365568,4,1207,16,M_7351,Other
7352,booknlp,COREF,117,he,365574,365576,4,1207,16,M_7352,Other
7353,booknlp,COREF,117,his,365642,365645,4,1207,16,M_7353,Other
7354,exp,exp_name,basil hallward,Basil Hallward,365655,365669,2,1207,16,M_7354,PROPN
7355,booknlp,COREF,117,him,365682,365685,4,1207,16,M_7355,Other
7356,booknlp,COREF,117,He,365714,365716,4,1207,16,M_7356,Other
7357,booknlp,COREF,117,his,365721,365724,4,1207,16,M_7357,Other
7358,booknlp,COREF,117,his,365752,365755,4,1207,16,M_7358,Other
7359,booknlp,COREF,117,him,365809,365812,4,1207,16,M_7359,Other
7360,exp,exp_name,man,man,365904,365907,30,1207,16,M_7360,PROPN
7361,exp,exp_name,man,man,366092,366095,30,1207,16,M_7361,PROPN
7362,exp,exp_name,dorian gray,Dorian Gray,366892,366903,4,1209,16,M_7362,PROPN
7363,booknlp,COREF,117,his,366928,366931,4,1209,16,M_7363,Other
7364,booknlp,COREF,117,he,366940,366942,4,1209,16,M_7364,Other
7365,booknlp,COREF,117,he,366956,366958,4,1209,16,M_7365,Other
7366,booknlp,COREF,117,him,367008,367011,4,1209,16,M_7366,Other
7367,booknlp,COREF,117,he,367062,367064,4,1209,16,M_7367,Other
7368,booknlp,COREF,117,he,367076,367078,4,1209,16,M_7368,Other
7369,booknlp,COREF,117,himself,367084,367091,4,1209,16,M_7369,Other
7370,booknlp,COREF,117,he,367132,367134,4,1209,16,M_7370,Other
7371,booknlp,COREF,117,himself,367154,367161,4,1209,16,M_7371,Other
7372,booknlp,COREF,117,he,367163,367165,4,1209,16,M_7372,Other
7373,booknlp,COREF,117,his,367225,367228,4,1209,16,M_7373,Other
7374,booknlp,COREF,117,He,367238,367240,4,1210,16,M_7374,Other
7375,booknlp,COREF,117,he,367342,367344,4,1210,16,M_7375,Other
7376,booknlp,COREF,117,his,367437,367440,4,1210,16,M_7376,Other
7377,exp,exp_name,man,man,367488,367491,30,1210,16,M_7377,PROPN
7378,booknlp,COREF,117,him,367499,367502,4,1210,16,M_7378,Other
7379,pdnc,qID,Q908-0,you,367514,367517,11,1211,16,M_7379,Other
7380,booknlp,COREF,117,he,367525,367527,4,1211,16,M_7380,Other
7381,exp,exp_name,the man,the man,367556,367563,10,1212,16,M_7381,PROPN
7382,pdnc,qID,Q909-1,you,367569,367572,4,1212,16,M_7382,Other
7383,booknlp,COREF,2023,I,367579,367580,10,1212,16,M_7383,Other
7384,pdnc,qID,Q909-1,you,367587,367590,4,1212,16,M_7384,Other
7385,pdnc,qID,Q910-0,You,367595,367598,11,1213,16,M_7385,Other
7386,pdnc,qID,Q910-0,you,367628,367631,11,1213,16,M_7386,Other
7387,pdnc,qID,Q911-0,You,367636,367639,4,1214,16,M_7387,Other
7388,pdnc,qID,Q911-0,Sibyl Vane,367660,367670,31,1214,16,M_7388,PROPN
7389,pdnc,qID,Q912-0,Sibyl,367694,367699,31,1214,16,M_7389,PROPN
7390,pdnc,qID,Q912-0,my sister,367709,367718,31,1214,16,M_7390,Other
7391,pdnc,qID,Q912-0,She,367720,367723,31,1214,16,M_7391,Other
7392,booknlp,COREF,168,herself,367731,367738,31,1214,16,M_7392,Other
7393,booknlp,COREF,2023,I,367740,367741,10,1214,16,M_7393,Other
7394,pdnc,qID,Q912-0,Her,367751,367754,31,1214,16,M_7394,Other
7395,pdnc,qID,Q912-0,your,367767,367771,4,1214,16,M_7395,Other
7396,booknlp,COREF,2023,I,367778,367779,10,1214,16,M_7396,Other
7397,booknlp,COREF,2023,I,367786,367787,10,1214,16,M_7397,Other
7398,pdnc,qID,Q912-0,you,367799,367802,4,1214,16,M_7398,Other
7399,booknlp,COREF,2023,I,367824,367825,10,1214,16,M_7399,Other
7400,pdnc,qID,Q912-0,you,367838,367841,4,1214,16,M_7400,Other
7401,booknlp,COREF,2023,I,367843,367844,10,1214,16,M_7401,Other
7402,pdnc,qID,Q912-0,you,367908,367911,4,1214,16,M_7402,Other
7403,booknlp,COREF,2023,I,367923,367924,10,1214,16,M_7403,Other
7404,pdnc,qID,Q912-0,you,367941,367944,4,1214,16,M_7404,Other
7405,pdnc,qID,Q912-0,she,367962,367965,31,1214,16,M_7405,Other
7406,pdnc,qID,Q912-0,you,367979,367982,4,1214,16,M_7406,Other
7407,booknlp,COREF,2023,I,367984,367985,10,1214,16,M_7407,Other
7408,pdnc,qID,Q912-0,your,368020,368024,4,1214,16,M_7408,Other
7409,pdnc,qID,Q912-0,you,368054,368057,4,1214,16,M_7409,Other
7410,exp,exp_name,dorian gray,Dorian Gray,368078,368089,4,1215,16,M_7410,PROPN
7411,booknlp,COREF,117,I,368112,368113,4,1215,16,M_7411,Other
7412,pdnc,qID,Q913-0,her,368125,368128,31,1215,16,M_7412,Other
7413,booknlp,COREF,117,he,368131,368133,4,1215,16,M_7413,Other
7414,booknlp,COREF,117,I,368146,368147,4,1215,16,M_7414,Other
7415,pdnc,qID,Q913-1,her,368163,368166,31,1215,16,M_7415,Other
7416,pdnc,qID,Q913-1,You,368168,368171,11,1215,16,M_7416,Other
7417,pdnc,qID,Q914-0,You,368184,368187,4,1216,16,M_7417,Other
7418,pdnc,qID,Q914-0,your,368207,368211,4,1216,16,M_7418,Other
7419,booknlp,COREF,2023,I,368232,368233,10,1216,16,M_7419,Other
7420,pdnc,qID,Q914-0,James,368237,368242,11,1216,16,M_7420,PROPN
7421,pdnc,qID,Q914-0,you,368249,368252,4,1216,16,M_7421,Other
7422,exp,exp_name,dorian,Dorian,368301,368307,4,1216,16,M_7422,PROPN
7423,pdnc,qID,Q915-0,your,368349,368353,4,1216,16,M_7423,Other
7424,exp,exp_name,the man,the man,368370,368377,10,1216,16,M_7424,PROPN
7425,booknlp,COREF,2023,I,368380,368381,10,1216,16,M_7425,Other
7426,pdnc,qID,Q915-1,you,368387,368390,4,1216,16,M_7426,Other
7427,pdnc,qID,Q915-1,your,368410,368414,4,1216,16,M_7427,Other
7428,booknlp,COREF,2023,I,368430,368431,10,1216,16,M_7428,Other
7429,booknlp,COREF,2023,I,368468,368469,10,1216,16,M_7429,Other
7430,booknlp,COREF,2023,my,368478,368480,10,1216,16,M_7430,Other
7431,exp,exp_name,dorian,Dorian,368518,368524,4,1217,16,M_7431,PROPN
7432,booknlp,COREF,117,his,368540,368543,4,1217,16,M_7432,Other
7433,booknlp,COREF,117,he,368573,368575,4,1217,16,M_7433,Other
7434,booknlp,COREF,117,his,368637,368640,4,1217,16,M_7434,Other
7435,booknlp,COREF,117,he,368656,368658,4,1217,16,M_7435,Other
7436,pdnc,qID,Q916-1,your,368692,368696,31,1217,16,M_7436,Other
7437,booknlp,COREF,117,me,368722,368724,4,1217,16,M_7437,Other
7438,exp,exp_name,the man,the man,368751,368758,10,1218,16,M_7438,PROPN
7439,pdnc,qID,Q917-1,you,368768,368771,4,1218,16,M_7439,Other
7440,booknlp,COREF,2023,me,368776,368778,10,1218,16,M_7440,Other
7441,exp,exp_name,dorian gray,Dorian Gray,368830,368841,4,1219,16,M_7441,PROPN
7442,booknlp,COREF,117,his,368870,368873,4,1219,16,M_7442,Other
7443,booknlp,COREF,117,me,368902,368904,4,1219,16,M_7443,Other
7444,booknlp,COREF,117,my,368932,368934,4,1219,16,M_7444,Other
7445,exp,exp_name,james vane,James Vane,368943,368953,11,1220,16,M_7445,PROPN
7446,booknlp,COREF,183,he,369017,369019,11,1220,16,M_7446,Other
7447,exp,exp_name,dorian gray,Dorian Gray,369027,369038,4,1220,16,M_7447,PROPN
7448,booknlp,COREF,117,him,369051,369054,4,1220,16,M_7448,Other
7449,booknlp,COREF,183,him,369142,369145,11,1221,16,M_7449,Other
7450,booknlp,COREF,183,he,369190,369192,11,1221,16,M_7450,Other
7451,exp,exp_name,the man,the man,369221,369228,10,1221,16,M_7451,PROPN
7452,booknlp,COREF,183,he,369229,369231,11,1221,16,M_7452,Other
7453,booknlp,COREF,183,He,369316,369318,11,1221,16,M_7453,Other
7454,booknlp,COREF,183,his,369411,369414,11,1221,16,M_7454,Other
7455,exp,exp_name,the man,the man,369504,369511,10,1221,16,M_7455,PROPN
7456,booknlp,COREF,117,He,369541,369543,4,1222,16,M_7456,Other
7457,booknlp,COREF,117,his,369553,369556,4,1222,16,M_7457,Other
7458,booknlp,COREF,117,My,369580,369582,4,1222,16,M_7458,Other
7459,booknlp,COREF,117,my,369588,369590,4,1222,16,M_7459,Other
7460,booknlp,COREF,117,he,369597,369599,4,1222,16,M_7460,Other
7461,booknlp,COREF,117,I,369612,369613,4,1222,16,M_7461,Other
7462,pdnc,qID,Q919-1,you,369634,369637,4,1222,16,M_7462,Other
7463,exp,exp_name,dorian gray,Dorian Gray,369641,369652,4,1223,16,M_7463,PROPN
7464,pdnc,qID,Q920-0,You,369674,369677,11,1223,16,M_7464,Other
7465,booknlp,COREF,117,my,369733,369735,4,1223,16,M_7465,Other
7466,exp,exp_name,man,man,369736,369739,30,1223,16,M_7466,PROPN
7467,booknlp,COREF,117,he,369742,369744,4,1223,16,M_7467,Other
7468,pdnc,qID,Q920-1,you,369801,369804,11,1223,16,M_7468,Other
7469,pdnc,qID,Q920-1,your,369832,369836,11,1223,16,M_7469,Other
7470,booknlp,COREF,183,me,369859,369861,11,1224,16,M_7470,Other
7471,pdnc,qID,Q921-0,sir,369863,369866,4,1224,16,M_7471,PROPN
7472,exp,exp_name,james vane,James Vane,369878,369888,11,1224,16,M_7472,PROPN
7473,booknlp,COREF,183,I,369891,369892,11,1224,16,M_7473,Other
7474,booknlp,COREF,183,I,369921,369922,11,1224,16,M_7474,Other
7475,booknlp,COREF,183,me,369952,369954,11,1224,16,M_7475,Other
7476,pdnc,qID,Q922-0,You,369978,369981,11,1225,16,M_7476,Other
7477,pdnc,qID,Q922-0,you,370030,370033,11,1225,16,M_7477,Other
7478,exp,exp_name,dorian,Dorian,370062,370068,4,1225,16,M_7478,PROPN
7479,booknlp,COREF,117,his,370081,370084,4,1225,16,M_7479,Other
7480,exp,exp_name,james vane,James Vane,370125,370135,11,1226,16,M_7480,PROPN
7481,booknlp,COREF,183,He,370169,370171,11,1226,16,M_7481,Other
7482,booknlp,COREF,183,him,370332,370335,11,1226,16,M_7482,Other
7483,booknlp,COREF,183,He,370361,370363,11,1226,16,M_7483,Other
7484,booknlp,COREF,183,his,370384,370387,11,1226,16,M_7484,Other
7485,exp,exp_name,one of the women who had been drinking at the bar,one of the women who had been drinking at the bar,370430,370479,27,1226,16,M_7485,PROPN
7486,pdnc,qID,Q923-0,you,370494,370497,11,1227,16,M_7486,Other
7487,pdnc,qID,Q923-0,him,370503,370506,4,1227,16,M_7487,Other
7488,booknlp,COREF,1707,she,370509,370512,27,1227,16,M_7488,Other
7489,booknlp,COREF,183,his,370561,370564,11,1227,16,M_7489,Other
7490,booknlp,COREF,1707,I,370567,370568,27,1227,16,M_7490,Other
7491,pdnc,qID,Q923-1,you,370574,370577,11,1227,16,M_7491,Other
7492,pdnc,qID,Q923-1,him,370593,370596,4,1227,16,M_7492,Other
7493,pdnc,qID,Q923-1,you,370602,370605,11,1227,16,M_7493,Other
7494,pdnc,qID,Q923-1,You fool,370630,370638,11,1227,16,M_7494,Other
7495,pdnc,qID,Q923-1,You,370640,370643,11,1227,16,M_7495,Other
7496,pdnc,qID,Q923-1,him,370663,370666,4,1227,16,M_7496,Other
7497,pdnc,qID,Q923-1,He,370668,370670,4,1227,16,M_7497,Other
7498,pdnc,qID,Q923-1,he,370694,370696,4,1227,16,M_7498,Other
7499,pdnc,qID,Q924-0,He,370717,370719,4,1228,16,M_7499,Other
7500,pdnc,qID,Q924-0,the man I am looking for,370727,370751,4,1228,16,M_7500,Other
7501,booknlp,COREF,183,he,370754,370756,11,1228,16,M_7501,Other
7502,booknlp,COREF,183,I,370772,370773,11,1228,16,M_7502,Other
7503,exp,exp_name,man,man,370782,370785,30,1228,16,M_7503,PROPN
7504,booknlp,COREF,183,I,370795,370796,11,1228,16,M_7504,Other
7505,exp,exp_name,man,man,370804,370807,30,1228,16,M_7505,PROPN
7506,pdnc,qID,Q924-1,The man whose life I want,370816,370841,4,1228,16,M_7506,Other
7507,pdnc,qID,Q924-1,This one,370868,370876,4,1228,16,M_7507,Other
7508,booknlp,COREF,183,I,370915,370916,11,1228,16,M_7508,Other
7509,pdnc,qID,Q924-1,his,370930,370933,4,1228,16,M_7509,Other
7510,booknlp,COREF,183,my,370945,370947,11,1228,16,M_7510,Other
7511,exp,exp_name,man,man,371033,371036,30,1229,16,M_7511,PROPN
7512,pdnc,qID,Q925-1,Prince Charming,371072,371087,4,1229,16,M_7512,PROPN
7513,booknlp,COREF,183,You,371110,371113,11,1230,16,M_7513,Other
7514,exp,exp_name,james vane,James Vane,371126,371136,11,1230,16,M_7514,PROPN
7515,pdnc,qID,Q929-0,He,371269,371271,4,1233,16,M_7515,Other
7516,pdnc,qID,Q929-0,he,371315,371317,4,1233,16,M_7516,Other
7517,pdnc,qID,Q929-0,him,371407,371410,4,1233,16,M_7517,Other
7518,pdnc,qID,Q929-0,He,371412,371414,4,1233,16,M_7518,Other
7519,booknlp,COREF,183,You,371497,371500,11,1234,16,M_7519,Other
7520,pdnc,qID,Q932-0,him,371597,371600,4,1235,16,M_7520,Other
7521,pdnc,qID,Q932-1,him,371631,371634,4,1235,16,M_7521,Other
7522,exp,exp_name,dorian gray,Dorian Gray,371760,371771,4,1236,16,M_7522,PROPN
7523,exp,exp_name,dorian gray,Dorian Gray,371872,371883,4,1238,17,M_7523,PROPN
7524,exp,exp_name,duchess of monmouth,Duchess of Monmouth,371954,371973,9,1238,17,M_7524,PROPN
7525,exp,exp_name,man,man,372013,372016,30,1238,17,M_7525,PROPN
7526,exp,exp_name,dorian,Dorian,372347,372353,4,1238,17,M_7526,PROPN
7527,exp,exp_name,lord henry,Lord Henry,372376,372386,19,1238,17,M_7527,PROPN
7528,exp,exp_name,lady narborough,Lady Narborough,372480,372495,16,1238,17,M_7528,PROPN
7529,exp,exp_name,lord henry,Lord Henry,372838,372848,19,1239,17,M_7529,PROPN
7530,booknlp,COREF,120,his,372890,372893,19,1239,17,M_7530,Other
7531,booknlp,COREF,120,I,372905,372906,19,1239,17,M_7531,Other
7532,pdnc,qID,Q933-1,Dorian,372912,372918,4,1239,17,M_7532,Other
7533,pdnc,qID,Q933-1,you,372928,372931,9,1239,17,M_7533,Other
7534,booknlp,COREF,120,my,372938,372940,19,1239,17,M_7534,Other
7535,pdnc,qID,Q933-1,Gladys,372976,372982,9,1239,17,M_7535,PROPN
7536,pdnc,qID,Q934-0,Harry,373049,373054,19,1240,17,M_7536,PROPN
7537,booknlp,COREF,120,him,373093,373096,19,1240,17,M_7537,Other
7538,pdnc,qID,Q934-1,Mr. Gray,373176,373184,4,1240,17,M_7538,PROPN
7539,pdnc,qID,Q934-1,his,373210,373213,4,1240,17,M_7539,Other
7540,pdnc,qID,Q935-0,My dear Gladys,373218,373232,9,1241,17,M_7540,Other
7541,booknlp,COREF,120,I,373234,373235,19,1241,17,M_7541,Other
7542,booknlp,COREF,120,I,373302,373303,19,1241,17,M_7542,Other
7543,booknlp,COREF,120,I,373347,373348,19,1241,17,M_7543,Other
7544,booknlp,COREF,120,my,373368,373370,19,1241,17,M_7544,Other
7545,booknlp,COREF,120,I,373482,373483,19,1241,17,M_7545,Other
7546,booknlp,COREF,120,me,373539,373541,19,1241,17,M_7546,Other
7547,booknlp,COREF,120,I,373724,373725,19,1241,17,M_7547,Other
7548,booknlp,COREF,120,My,373754,373756,19,1241,17,M_7548,Other
7549,booknlp,COREF,120,I,373803,373804,19,1241,17,M_7549,Other
7550,exp,exp_name,the man,The man,373840,373847,10,1241,17,M_7550,PROPN
7551,pdnc,qID,Q936-0,we,373967,373969,4,1242,17,M_7551,Other
7552,pdnc,qID,Q936-0,you,373975,373978,19,1242,17,M_7552,Other
7553,pdnc,qID,Q936-0,Harry,373980,373985,19,1242,17,M_7553,PROPN
7554,pdnc,qID,Q937-0,His,374001,374004,19,1243,17,M_7554,Other
7555,pdnc,qID,Q937-0,Prince Paradox,374013,374027,19,1243,17,M_7555,PROPN
7556,exp,exp_name,dorian,Dorian,374035,374041,4,1243,17,M_7556,PROPN
7557,pdnc,qID,Q938-0,him,374057,374060,19,1244,17,M_7557,Other
7558,booknlp,COREF,120,I,374099,374100,19,1245,17,M_7558,Other
7559,exp,exp_name,lord henry,Lord Henry,374128,374138,19,1245,17,M_7559,PROPN
7560,booknlp,COREF,120,I,374196,374197,19,1245,17,M_7560,Other
7561,pdnc,qID,Q941-0,You,374286,374289,9,1247,17,M_7561,Other
7562,booknlp,COREF,120,me,374295,374297,19,1247,17,M_7562,Other
7563,booknlp,COREF,120,my,374308,374310,19,1247,17,M_7563,Other
7564,booknlp,COREF,120,I,374336,374337,19,1249,17,M_7564,Other
7565,pdnc,qID,Q945-0,You,374421,374424,9,1251,17,M_7565,Other
7566,booknlp,COREF,120,me,374432,374434,19,1251,17,M_7566,Other
7567,pdnc,qID,Q945-0,Gladys,374436,374442,9,1251,17,M_7567,PROPN
7568,booknlp,COREF,120,he,374445,374447,19,1251,17,M_7568,Other
7569,pdnc,qID,Q946-0,your,374497,374501,19,1252,17,M_7569,Other
7570,pdnc,qID,Q946-0,Harry,374510,374515,19,1252,17,M_7570,PROPN
7571,pdnc,qID,Q946-0,your,374524,374528,19,1252,17,M_7571,Other
7572,booknlp,COREF,120,I,374539,374540,19,1253,17,M_7572,Other
7573,booknlp,COREF,120,he,374569,374571,19,1253,17,M_7573,Other
7574,booknlp,COREF,120,his,374593,374596,19,1253,17,M_7574,Other
7575,pdnc,qID,Q948-0,your,374613,374617,19,1254,17,M_7575,Other
7576,pdnc,qID,Q948-0,Harry,374625,374630,19,1254,17,M_7576,PROPN
7577,booknlp,COREF,120,me,374640,374642,19,1254,17,M_7577,Other
7578,pdnc,qID,Q948-0,You,374644,374647,19,1254,17,M_7578,Other
7579,pdnc,qID,Q949-0,you,374686,374689,9,1255,17,M_7579,Other
7580,booknlp,COREF,120,I,374700,374701,19,1255,17,M_7580,Other
7581,booknlp,COREF,120,I,374713,374714,19,1255,17,M_7581,Other
7582,booknlp,COREF,120,I,374821,374822,19,1255,17,M_7582,Other
7583,pdnc,qID,Q950-1,your,374975,374979,19,1256,17,M_7583,Other
7584,pdnc,qID,Q951-0,Gladys,375053,375059,9,1257,17,M_7584,PROPN
7585,pdnc,qID,Q951-0,You,375061,375064,9,1257,17,M_7585,Other
7586,pdnc,qID,Q952-0,You,375191,375194,19,1258,17,M_7586,Other
7587,pdnc,qID,Q952-0,your,375206,375210,19,1258,17,M_7587,Other
7588,booknlp,COREF,120,I,375240,375241,19,1259,17,M_7588,Other
7589,pdnc,qID,Q954-0,you,375262,375265,19,1260,17,M_7589,Other
7590,pdnc,qID,Q955-0,you,375302,375305,9,1261,17,M_7590,Other
7591,booknlp,COREF,120,me,375311,375313,19,1261,17,M_7591,Other
7592,pdnc,qID,Q958-0,yours,375460,375465,19,1264,17,M_7592,Other
7593,pdnc,qID,Q958-0,Harry,375467,375472,19,1264,17,M_7593,PROPN
7594,booknlp,COREF,120,I,375477,375478,19,1265,17,M_7594,Other
7595,pdnc,qID,Q959-0,you,375490,375493,9,1265,17,M_7595,Other
7596,booknlp,COREF,120,I,375498,375499,19,1266,17,M_7596,Other
7597,pdnc,qID,Q961-0,You,375537,375540,9,1267,17,M_7597,Other
7598,pdnc,qID,Q965-0,Gladys,375837,375843,9,1271,17,M_7598,PROPN
7599,booknlp,COREF,120,me,376062,376064,19,1277,17,M_7599,Other
7600,pdnc,qID,Q978-0,You,376200,376203,19,1284,17,M_7600,Other
7601,pdnc,qID,Q980-0,you,376279,376282,19,1286,17,M_7601,Other
7602,booknlp,COREF,120,me,376318,376320,19,1288,17,M_7602,Other
7603,pdnc,qID,Q983-0,You,376346,376349,9,1289,17,M_7603,Other
7604,pdnc,qID,Q983-0,your,376361,376365,9,1289,17,M_7604,Other
7605,pdnc,qID,Q984-0,You,376391,376394,19,1290,17,M_7605,Other
7606,booknlp,COREF,120,me,376404,376406,19,1290,17,M_7606,Other
7607,pdnc,qID,Q985-0,Our host,376441,376449,4,1291,17,M_7607,Other
7608,pdnc,qID,Q985-0,he,376483,376485,4,1291,17,M_7608,Other
7609,pdnc,qID,Q985-0,Prince Charming,376501,376516,4,1291,17,M_7609,PROPN
7610,booknlp,COREF,117,me,376538,376540,4,1292,17,M_7610,Other
7611,exp,exp_name,dorian gray,Dorian Gray,376557,376568,4,1292,17,M_7611,PROPN
7612,pdnc,qID,Q987-0,Our host,376572,376580,4,1293,17,M_7612,Other
7613,booknlp,COREF,120,I,376647,376648,19,1293,17,M_7613,Other
7614,pdnc,qID,Q987-1,he,376657,376659,4,1293,17,M_7614,Other
7615,booknlp,COREF,120,me,376689,376691,19,1293,17,M_7615,Other
7616,booknlp,COREF,117,I,376791,376792,4,1294,17,M_7616,Other
7617,pdnc,qID,Q988-0,you,376823,376826,9,1294,17,M_7617,Other
7618,pdnc,qID,Q988-0,Duchess,376828,376835,9,1294,17,M_7618,Other
7619,exp,exp_name,dorian,Dorian,376846,376852,4,1294,17,M_7619,PROPN
7620,booknlp,COREF,120,my,376860,376862,19,1295,17,M_7620,Other
7621,pdnc,qID,Q989-0,Mr. Gray,376887,376895,4,1295,17,M_7621,PROPN
7622,booknlp,COREF,120,me,376922,376924,19,1295,17,M_7622,Other
7623,pdnc,qID,Q990-0,you,376964,376967,9,1296,17,M_7623,Other
7624,pdnc,qID,Q990-0,Duchess,376975,376982,9,1296,17,M_7624,Other
7625,pdnc,qID,Q991-0,Mr. Gray,377016,377024,4,1297,17,M_7625,PROPN
7626,booknlp,COREF,120,I,377026,377027,19,1297,17,M_7626,Other
7627,pdnc,qID,Q991-0,you,377035,377038,4,1297,17,M_7627,Other
7628,booknlp,COREF,120,I,377056,377057,19,1297,17,M_7628,Other
7629,booknlp,COREF,120,I,377107,377108,19,1297,17,M_7629,Other
7630,pdnc,qID,Q992-0,You,377173,377176,9,1298,17,M_7630,Other
7631,booknlp,COREF,120,I,377205,377206,19,1299,17,M_7631,Other
7632,pdnc,qID,Q993-0,Mr. Gray,377216,377224,4,1299,17,M_7632,PROPN
7633,booknlp,COREF,120,me,377252,377254,19,1299,17,M_7633,Other
7634,pdnc,qID,Q993-0,You,377256,377259,4,1299,17,M_7634,Other
7635,booknlp,COREF,120,I,377277,377278,19,1299,17,M_7635,Other
7636,pdnc,qID,Q993-0,You,377317,377320,4,1299,17,M_7636,Other
7637,pdnc,qID,Q993-0,you,377346,377349,4,1299,17,M_7637,Other
7638,pdnc,qID,Q993-0,you,377366,377369,4,1299,17,M_7638,Other
7639,pdnc,qID,Q994-0,Gladys,377477,377483,9,1300,17,M_7639,PROPN
7640,exp,exp_name,lord henry,Lord Henry,377498,377508,19,1300,17,M_7640,PROPN
7641,pdnc,qID,Q995-1,you,377694,377697,4,1301,17,M_7641,Other
7642,booknlp,COREF,117,you,377782,377785,4,1301,17,M_7642,Other
7643,booknlp,COREF,117,your,377800,377804,4,1301,17,M_7643,Other
7644,booknlp,COREF,117,you,377814,377817,4,1301,17,M_7644,Other
7645,booknlp,COREF,117,me,377851,377853,4,1302,17,M_7645,Other
7646,exp,exp_name,dorian,Dorian,377896,377902,4,1302,17,M_7646,PROPN
7647,pdnc,qID,Q997-0,you,377916,377919,4,1303,17,M_7647,Other
7648,pdnc,qID,Q997-0,Mr. Gray,377939,377947,4,1303,17,M_7648,PROPN
7649,pdnc,qID,Q998-0,My dear Gladys,377992,378006,9,1304,17,M_7649,Other
7650,exp,exp_name,lord henry,Lord Henry,378015,378025,19,1304,17,M_7650,PROPN
7651,pdnc,qID,Q998-1,you,378036,378039,9,1304,17,M_7651,Other
7652,pdnc,qID,Q999-0,Harry,378456,378461,19,1305,17,M_7652,PROPN
7653,exp,exp_name,lord henry,Lord Henry,378553,378563,19,1306,17,M_7653,PROPN
7654,exp,exp_name,dorian gray,Dorian Gray,378599,378610,4,1307,17,M_7654,PROPN
7655,pdnc,qID,Q1001-0,you,378659,378662,4,1307,17,M_7655,Other
7656,pdnc,qID,Q1001-0,Mr. Gray,378676,378684,4,1307,17,M_7656,PROPN
7657,exp,exp_name,dorian,Dorian,378702,378708,4,1308,17,M_7657,PROPN
7658,booknlp,COREF,117,he,378738,378740,4,1308,17,M_7658,Other
7659,booknlp,COREF,117,his,378747,378750,4,1308,17,M_7659,Other
7660,booknlp,COREF,117,I,378775,378776,4,1308,17,M_7660,Other
7661,pdnc,qID,Q1002-0,Harry,378795,378800,19,1308,17,M_7661,PROPN
7662,pdnc,qID,Q1002-0,Duchess,378802,378809,9,1308,17,M_7662,Other
7663,pdnc,qID,Q1003-0,he,378824,378826,19,1309,17,M_7663,Other
7664,pdnc,qID,Q1004-0,Harry,378840,378845,19,1310,17,M_7664,PROPN
7665,pdnc,qID,Q1004-0,Duchess,378862,378869,9,1310,17,M_7665,Other
7666,pdnc,qID,Q1005-0,his,378883,378886,19,1311,17,M_7666,Other
7667,pdnc,qID,Q1005-0,you,378903,378906,4,1311,17,M_7667,Other
7668,booknlp,COREF,117,I,378917,378918,4,1312,17,M_7668,Other
7669,booknlp,COREF,117,I,378975,378976,4,1312,17,M_7669,Other
7670,pdnc,qID,Q1007-0,Mr. Gray,379022,379030,4,1313,17,M_7670,PROPN
7671,booknlp,COREF,117,me,379182,379184,4,1316,17,M_7671,Other
7672,pdnc,qID,Q1010-0,you,379189,379192,9,1316,17,M_7672,Other
7673,pdnc,qID,Q1010-0,Duchess,379207,379214,9,1316,17,M_7673,Other
7674,exp,exp_name,dorian,Dorian,379223,379229,4,1316,17,M_7674,PROPN
7675,booknlp,COREF,117,his,379243,379246,4,1316,17,M_7675,Other
7676,pdnc,qID,Q1011-0,You,379289,379292,9,1317,17,M_7676,Other
7677,pdnc,qID,Q1011-0,him,379325,379328,4,1317,17,M_7677,Other
7678,exp,exp_name,lord henry,Lord Henry,379336,379346,19,1317,17,M_7678,PROPN
7679,booknlp,COREF,120,his,379350,379353,19,1317,17,M_7679,Other
7680,pdnc,qID,Q1011-1,You,379363,379366,9,1317,17,M_7680,Other
7681,pdnc,qID,Q1011-1,He,379389,379391,4,1317,17,M_7681,Other
7682,pdnc,qID,Q1012-0,he,379419,379421,4,1318,17,M_7682,Other
7683,pdnc,qID,Q1017-0,You,379627,379630,9,1323,17,M_7683,Other
7684,pdnc,qID,Q1023-0,You,379837,379840,9,1329,17,M_7684,Other
7685,pdnc,qID,Q1025-0,You,379956,379959,9,1331,17,M_7685,Other
7686,pdnc,qID,Q1027-0,Lady Narborough,379997,380012,16,1333,17,M_7686,PROPN
7687,pdnc,qID,Q1027-1,She,380030,380033,16,1333,17,M_7687,Other
7688,pdnc,qID,Q1027-1,him,380051,380054,4,1333,17,M_7688,Other
7689,booknlp,COREF,117,You,380059,380062,4,1334,17,M_7689,Other
7690,pdnc,qID,Q1029-0,You,380168,380171,9,1335,17,M_7690,Other
7691,pdnc,qID,Q1034-0,Mr. Gray,380369,380377,4,1340,17,M_7691,PROPN
7692,pdnc,qID,Q1034-1,him,380413,380416,4,1340,17,M_7692,Other
7693,pdnc,qID,Q1034-1,him,380438,380441,4,1340,17,M_7693,Other
7694,pdnc,qID,Q1035-0,you,380473,380476,9,1341,17,M_7694,Other
7695,pdnc,qID,Q1035-0,your,380487,380491,9,1341,17,M_7695,Other
7696,pdnc,qID,Q1035-0,his,380501,380504,4,1341,17,M_7696,Other
7697,pdnc,qID,Q1035-0,Gladys,380514,380520,9,1341,17,M_7697,PROPN
7698,exp,exp_name,lord henry,Lord Henry,381024,381034,19,1347,17,M_7698,PROPN
7699,exp,exp_name,dorian gray,Dorian Gray,381077,381088,4,1347,17,M_7699,PROPN
7700,booknlp,COREF,117,He,381152,381154,4,1348,17,M_7700,Other
7701,booknlp,COREF,117,he,381254,381256,4,1348,17,M_7701,Other
7702,booknlp,COREF,117,himself,381265,381272,4,1348,17,M_7702,Other
7703,booknlp,COREF,117,he,381337,381339,4,1349,17,M_7703,Other
7704,booknlp,COREF,117,I,381352,381353,4,1349,17,M_7704,Other
7705,booknlp,COREF,117,I,381367,381368,4,1349,17,M_7705,Other
7706,pdnc,qID,Q1042-1,Harry,381380,381385,19,1349,17,M_7706,PROPN
7707,booknlp,COREF,117,He,381388,381390,4,1349,17,M_7707,Other
7708,pdnc,qID,Q1043-0,My dear Dorian,381411,381425,4,1350,17,M_7708,Other
7709,exp,exp_name,lord henry,Lord Henry,381437,381447,19,1350,17,M_7709,PROPN
7710,pdnc,qID,Q1043-1,you,381450,381453,4,1350,17,M_7710,Other
7711,pdnc,qID,Q1043-1,You,381484,381487,4,1350,17,M_7711,Other
7712,booknlp,COREF,117,yourself,381508,381516,4,1350,17,M_7712,Other
7713,pdnc,qID,Q1043-1,You,381518,381521,4,1350,17,M_7713,Other
7714,booknlp,COREF,120,I,381558,381559,19,1350,17,M_7714,Other
7715,pdnc,qID,Q1043-1,your,381570,381574,4,1350,17,M_7715,Other
7716,booknlp,COREF,117,I,381589,381590,4,1351,17,M_7716,Other
7717,booknlp,COREF,117,he,381608,381610,4,1351,17,M_7717,Other
7718,booknlp,COREF,117,his,381631,381634,4,1351,17,M_7718,Other
7719,booknlp,COREF,117,I,381642,381643,4,1351,17,M_7719,Other
7720,booknlp,COREF,117,I,381668,381669,4,1351,17,M_7720,Other
7721,booknlp,COREF,117,He,381691,381693,4,1352,17,M_7721,Other
7722,booknlp,COREF,117,his,381702,381705,4,1352,17,M_7722,Other
7723,booknlp,COREF,117,his,381767,381770,4,1352,17,M_7723,Other
7724,booknlp,COREF,117,he,381781,381783,4,1352,17,M_7724,Other
7725,booknlp,COREF,117,him,381846,381849,4,1352,17,M_7725,Other
7726,booknlp,COREF,117,he,381855,381857,4,1352,17,M_7726,Other
7727,booknlp,COREF,117,he,381950,381952,4,1352,17,M_7727,Other
7728,exp,exp_name,james vane,James Vane,381974,381984,11,1352,17,M_7728,PROPN
7729,booknlp,COREF,117,him,381994,381997,4,1352,17,M_7729,Other
7730,booknlp,COREF,117,he,382033,382035,4,1354,18,M_7730,Other
7731,booknlp,COREF,117,his,382100,382103,4,1354,18,M_7731,Other
7732,booknlp,COREF,117,him,382263,382266,4,1354,18,M_7732,Other
7733,booknlp,COREF,117,he,382313,382315,4,1354,18,M_7733,Other
7734,booknlp,COREF,117,him,382390,382393,4,1354,18,M_7734,Other
7735,booknlp,COREF,117,his,382399,382402,4,1354,18,M_7735,Other
7736,booknlp,COREF,117,he,382449,382451,4,1354,18,M_7736,Other
7737,booknlp,COREF,117,his,382459,382462,4,1354,18,M_7737,Other
7738,booknlp,COREF,117,he,382469,382471,4,1354,18,M_7738,Other
7739,exp,exp_name,sailor,sailor,382486,382492,30,1354,18,M_7739,PROPN
7740,booknlp,COREF,117,his,382589,382592,4,1354,18,M_7740,Other
7741,booknlp,COREF,117,his,382630,382633,4,1355,18,M_7741,Other
7742,booknlp,COREF,117,him,382731,382734,4,1355,18,M_7742,Other
7743,booknlp,COREF,117,he,383169,383171,4,1355,18,M_7743,Other
7744,exp,exp_name,sibyl vane,Sibyl Vane,383344,383354,31,1355,18,M_7744,PROPN
7745,booknlp,COREF,117,him,383391,383394,4,1355,18,M_7745,Other
7746,booknlp,COREF,117,He,383396,383398,4,1355,18,M_7746,Other
7747,booknlp,COREF,117,his,383418,383421,4,1355,18,M_7747,Other
7748,booknlp,COREF,117,him,383463,383466,4,1355,18,M_7748,Other
7749,booknlp,COREF,117,he,383481,383483,4,1355,18,M_7749,Other
7750,exp,exp_name,the man,the man,383499,383506,10,1355,18,M_7750,PROPN
7751,booknlp,COREF,2023,he,383524,383526,10,1355,18,M_7751,Other
7752,booknlp,COREF,2023,he,383551,383553,10,1355,18,M_7752,Other
7753,booknlp,COREF,2023,him,383587,383590,10,1355,18,M_7753,Other
7754,booknlp,COREF,2023,his,383799,383802,10,1356,18,M_7754,Other
7755,booknlp,COREF,2023,his,383836,383839,10,1356,18,M_7755,Other
7756,booknlp,COREF,2023,him,383862,383865,10,1356,18,M_7756,Other
7757,booknlp,COREF,2023,him,383895,383898,10,1356,18,M_7757,Other
7758,booknlp,COREF,2023,his,383933,383936,10,1356,18,M_7758,Other
7759,booknlp,COREF,2023,he,383944,383946,10,1356,18,M_7759,Other
7760,booknlp,COREF,2023,him,383973,383976,10,1356,18,M_7760,Other
7761,booknlp,COREF,2023,he,383997,383999,10,1356,18,M_7761,Other
7762,booknlp,COREF,2023,his,384041,384044,10,1356,18,M_7762,Other
7763,booknlp,COREF,2023,he,384052,384054,10,1356,18,M_7763,Other
7764,booknlp,COREF,2023,him,384100,384103,10,1356,18,M_7764,Other
7765,booknlp,COREF,2023,he,384171,384173,10,1356,18,M_7765,Other
7766,booknlp,COREF,2023,his,384185,384188,10,1356,18,M_7766,Other
7767,booknlp,COREF,2023,He,384239,384241,10,1356,18,M_7767,Other
7768,booknlp,COREF,2023,him,384293,384296,10,1356,18,M_7768,Other
7769,booknlp,COREF,2023,his,384398,384401,10,1356,18,M_7769,Other
7770,exp,exp_name,lord henry,Lord Henry,384412,384422,19,1356,18,M_7770,PROPN
7771,booknlp,COREF,120,he,384447,384449,19,1356,18,M_7771,Other
7772,booknlp,COREF,2023,him,384456,384459,10,1356,18,M_7772,Other
7773,booknlp,COREF,2023,he,384534,384536,10,1357,18,M_7773,Other
7774,booknlp,COREF,2023,him,384652,384655,10,1357,18,M_7774,Other
7775,booknlp,COREF,2023,his,384661,384664,10,1357,18,M_7775,Other
7776,booknlp,COREF,2023,his,384680,384683,10,1357,18,M_7776,Other
7777,booknlp,COREF,2023,His,384790,384793,10,1357,18,M_7777,Other
7778,exp,exp_name,the man,the man,385036,385043,10,1357,18,M_7778,PROPN
7779,booknlp,COREF,2023,he,385191,385193,10,1357,18,M_7779,Other
7780,booknlp,COREF,2023,himself,385208,385215,10,1357,18,M_7780,Other
7781,booknlp,COREF,2023,he,385221,385223,10,1357,18,M_7781,Other
7782,booknlp,COREF,2023,his,385301,385304,10,1357,18,M_7782,Other
7783,booknlp,COREF,2023,he,385382,385384,10,1358,18,M_7783,Other
7784,booknlp,COREF,2023,he,385670,385672,10,1359,18,M_7784,Other
7785,exp,exp_name,sir geoffrey clouston,Sir Geoffrey Clouston,385689,385710,32,1359,18,M_7785,PROPN
7786,booknlp,COREF,332,his,385771,385774,32,1359,18,M_7786,Other
7787,booknlp,COREF,2023,He,385780,385782,10,1359,18,M_7787,Other
7788,booknlp,COREF,2023,his,385859,385862,10,1359,18,M_7788,Other
7789,booknlp,COREF,2023,his,385875,385878,10,1359,18,M_7789,Other
7790,pdnc,qID,Q1045-0,you,385944,385947,32,1360,18,M_7790,Other
7791,pdnc,qID,Q1045-0,Geoffrey,385964,385972,32,1360,18,M_7791,PROPN
7792,booknlp,COREF,2023,he,385975,385977,10,1360,18,M_7792,Other
7793,pdnc,qID,Q1046-0,Dorian,386002,386008,4,1361,18,M_7793,Other
7794,booknlp,COREF,2023,I,386010,386011,10,1361,18,M_7794,Other
7795,booknlp,COREF,2023,I,386059,386060,10,1361,18,M_7795,Other
7796,pdnc,qID,Q1046-0,we,386106,386108,32,1361,18,M_7796,Other
7797,exp,exp_name,dorian,Dorian,386130,386136,4,1362,18,M_7797,PROPN
7798,booknlp,COREF,332,his,386155,386158,32,1362,18,M_7798,Other
7799,booknlp,COREF,117,him,386362,386365,4,1362,18,M_7799,Other
7800,booknlp,COREF,117,him,386377,386380,4,1362,18,M_7800,Other
7801,booknlp,COREF,117,He,386417,386419,4,1362,18,M_7801,Other
7802,exp,exp_name,geoffrey,Geoffrey,386708,386716,32,1363,18,M_7802,PROPN
7803,booknlp,COREF,332,his,386721,386724,32,1363,18,M_7803,Other
7804,booknlp,COREF,332,his,386732,386735,32,1363,18,M_7804,Other
7805,exp,exp_name,dorian gray,Dorian Gray,386827,386838,4,1363,18,M_7805,PROPN
7806,booknlp,COREF,332,he,386844,386846,32,1363,18,M_7806,Other
7807,pdnc,qID,Q1047-0,Geoffrey,386883,386891,32,1363,18,M_7807,PROPN
7808,pdnc,qID,Q1048-0,Dorian,386924,386930,4,1364,18,M_7808,Other
7809,booknlp,COREF,332,his,386941,386944,32,1364,18,M_7809,Other
7810,booknlp,COREF,332,he,386998,387000,32,1364,18,M_7810,Other
7811,exp,exp_name,man,man,387095,387098,30,1364,18,M_7811,PROPN
7812,booknlp,COREF,332,I,387141,387142,32,1365,18,M_7812,Other
7813,exp,exp_name,geoffrey,Geoffrey,387177,387185,32,1365,18,M_7813,PROPN
7814,exp,exp_name,the man,the man,387200,387207,10,1365,18,M_7814,PROPN
7815,booknlp,COREF,332,he,387263,387265,32,1365,18,M_7815,Other
7816,booknlp,COREF,332,his,387291,387294,32,1365,18,M_7816,Other
7817,pdnc,qID,Q1050-1,A man,387303,387308,11,1365,18,M_7817,Other
7818,exp,exp_name,the head-keeper,The head-keeper,387320,387335,35,1366,18,M_7818,PROPN
7819,pdnc,qID,Q1051-0,sir,387387,387390,32,1367,18,M_7819,PROPN
7820,exp,exp_name,geoffrey,Geoffrey,387492,387500,32,1368,18,M_7820,PROPN
7821,pdnc,qID,Q1052-1,you,387560,387563,35,1368,18,M_7821,Other
7822,pdnc,qID,Q1052-1,your,387569,387573,35,1368,18,M_7822,Other
7823,booknlp,COREF,332,my,387592,387594,32,1368,18,M_7823,Other
7824,exp,exp_name,dorian,Dorian,387619,387625,4,1369,18,M_7824,PROPN
7825,booknlp,COREF,117,He,387798,387800,4,1369,18,M_7825,Other
7826,booknlp,COREF,117,him,387837,387840,4,1369,18,M_7826,Other
7827,booknlp,COREF,117,he,387875,387877,4,1369,18,M_7827,Other
7828,booknlp,COREF,117,He,387884,387886,4,1369,18,M_7828,Other
7829,exp,exp_name,geoffrey,Geoffrey,387897,387905,32,1369,18,M_7829,PROPN
7830,exp,exp_name,the man,the man,387913,387920,10,1369,18,M_7830,PROPN
7831,booknlp,COREF,117,him,387999,388002,4,1369,18,M_7831,Other
7832,booknlp,COREF,117,him,388221,388224,4,1370,18,M_7832,Other
7833,booknlp,COREF,117,his,388229,388232,4,1370,18,M_7833,Other
7834,booknlp,COREF,117,he,388277,388279,4,1370,18,M_7834,Other
7835,booknlp,COREF,117,his,388300,388303,4,1370,18,M_7835,Other
7836,booknlp,COREF,117,He,388314,388316,4,1370,18,M_7836,Other
7837,pdnc,qID,Q1053-0,Dorian,388345,388351,4,1371,18,M_7837,Other
7838,exp,exp_name,lord henry,Lord Henry,388359,388369,19,1371,18,M_7838,PROPN
7839,booknlp,COREF,120,I,388372,388373,19,1371,18,M_7839,Other
7840,booknlp,COREF,117,I,388472,388473,4,1372,18,M_7840,Other
7841,pdnc,qID,Q1054-0,Harry,388505,388510,19,1372,18,M_7841,PROPN
7842,booknlp,COREF,117,he,388513,388515,4,1372,18,M_7842,Other
7843,pdnc,qID,Q1054-1,the man,388577,388584,11,1372,18,M_7843,Other
7844,booknlp,COREF,117,He,388592,388594,4,1373,18,M_7844,Other
7845,booknlp,COREF,120,I,388628,388629,19,1374,18,M_7845,Other
7846,exp,exp_name,lord henry,Lord Henry,388654,388664,19,1374,18,M_7846,PROPN
7847,booknlp,COREF,2023,He,388667,388669,10,1374,18,M_7847,Other
7848,pdnc,qID,Q1055-1,his,388702,388705,11,1374,18,M_7848,Other
7849,pdnc,qID,Q1055-1,He,388713,388715,11,1374,18,M_7849,Other
7850,exp,exp_name,dorian,Dorian,388881,388887,4,1375,18,M_7850,PROPN
7851,exp,exp_name,lord henry,Lord Henry,388898,388908,19,1375,18,M_7851,PROPN
7852,pdnc,qID,Q1056-0,Harry,388957,388962,19,1375,18,M_7852,PROPN
7853,exp,exp_name,lord henry,Lord Henry,389000,389010,19,1376,18,M_7853,PROPN
7854,booknlp,COREF,120,I,389032,389033,19,1376,18,M_7854,Other
7855,booknlp,COREF,120,My,389043,389045,19,1376,18,M_7855,Other
7856,exp,exp_name,the man,the man,389086,389093,10,1376,18,M_7856,PROPN
7857,pdnc,qID,Q1057-1,he,389115,389117,11,1376,18,M_7857,Other
7858,pdnc,qID,Q1057-1,Geoffrey,389199,389207,32,1376,18,M_7858,PROPN
7859,pdnc,qID,Q1057-1,Geoffrey,389305,389313,32,1376,18,M_7859,PROPN
7860,pdnc,qID,Q1057-1,he,389322,389324,32,1376,18,M_7860,Other
7861,exp,exp_name,dorian,Dorian,389395,389401,4,1377,18,M_7861,PROPN
7862,booknlp,COREF,117,his,389408,389411,4,1377,18,M_7862,Other
7863,exp,exp_name,harry,Harry,389437,389442,19,1377,18,M_7863,PROPN
7864,booknlp,COREF,117,I,389444,389445,4,1377,18,M_7864,Other
7865,booknlp,COREF,117,myself,389515,389521,4,1377,18,M_7865,Other
7866,booknlp,COREF,117,he,389533,389535,4,1377,18,M_7866,Other
7867,booknlp,COREF,117,his,389551,389554,4,1377,18,M_7867,Other
7868,booknlp,COREF,117,his,389565,389568,4,1377,18,M_7868,Other
7869,exp,exp_name,man,man,389610,389613,30,1378,18,M_7869,PROPN
7870,pdnc,qID,Q1059-0,Dorian,389673,389679,4,1378,18,M_7870,Other
7871,pdnc,qID,Q1059-0,you,390054,390057,4,1378,18,M_7871,Other
7872,pdnc,qID,Q1059-0,Dorian,390059,390065,4,1378,18,M_7872,Other
7873,pdnc,qID,Q1059-0,You,390067,390070,4,1378,18,M_7873,Other
7874,exp,exp_name,man,man,390107,390110,30,1378,18,M_7874,PROPN
7875,pdnc,qID,Q1059-0,you,390186,390189,4,1378,18,M_7875,Other
7876,pdnc,qID,Q1060-0,Harry,390247,390252,19,1379,18,M_7876,PROPN
7877,pdnc,qID,Q1060-0,you,390290,390293,19,1379,18,M_7877,Other
7878,pdnc,qID,Q1060-0,you,390524,390527,19,1379,18,M_7878,Other
7879,pdnc,qID,Q1060-0,a man,390532,390537,8,1379,18,M_7879,Other
7880,exp,exp_name,lord henry,Lord Henry,390600,390610,19,1380,18,M_7880,PROPN
7881,booknlp,COREF,120,he,390691,390693,19,1380,18,M_7881,Other
7882,booknlp,COREF,120,I,390710,390711,19,1380,18,M_7882,Other
7883,pdnc,qID,Q1061-1,the gardener,390716,390728,8,1380,18,M_7883,Other
7884,pdnc,qID,Q1061-1,you,390741,390744,4,1380,18,M_7884,Other
7885,booknlp,COREF,120,I,390746,390747,19,1380,18,M_7885,Other
7886,pdnc,qID,Q1061-1,he,390756,390758,8,1380,18,M_7886,Other
7887,pdnc,qID,Q1061-1,you,390772,390775,4,1380,18,M_7887,Other
7888,pdnc,qID,Q1061-1,you,390789,390792,4,1380,18,M_7888,Other
7889,pdnc,qID,Q1061-1,you,390850,390853,4,1380,18,M_7889,Other
7890,pdnc,qID,Q1061-1,my dear fellow,390859,390873,4,1380,18,M_7890,Other
7891,pdnc,qID,Q1061-1,You,390875,390878,4,1380,18,M_7891,Other
7892,booknlp,COREF,120,my,390897,390899,19,1380,18,M_7892,Other
7893,exp,exp_name,dorian,Dorian,390936,390942,4,1381,18,M_7893,PROPN
7894,booknlp,COREF,117,he,390970,390972,4,1381,18,M_7894,Other
7895,exp,exp_name,the gardener,the gardener,390977,390989,8,1381,18,M_7895,PROPN
7896,exp,exp_name,the man,The man,391003,391010,10,1381,18,M_7896,PROPN
7897,booknlp,COREF,2023,his,391019,391022,10,1381,18,M_7897,Other
7898,exp,exp_name,lord henry,Lord Henry,391052,391062,19,1381,18,M_7898,PROPN
7899,booknlp,COREF,2023,he,391121,391123,10,1381,18,M_7899,Other
7900,booknlp,COREF,2023,his,391134,391137,10,1381,18,M_7900,Other
7901,pdnc,qID,Q1062-0,Her Grace,391147,391156,9,1381,18,M_7901,Other
7902,booknlp,COREF,2023,me,391162,391164,10,1381,18,M_7902,Other
7903,booknlp,COREF,2023,he,391189,391191,10,1381,18,M_7903,Other
7904,exp,exp_name,dorian,Dorian,391203,391209,4,1382,18,M_7904,PROPN
7905,booknlp,COREF,117,his,391230,391233,4,1382,18,M_7905,Other
7906,pdnc,qID,Q1063-0,her Grace,391248,391257,9,1382,18,M_7906,Other
7907,booknlp,COREF,117,I,391263,391264,4,1382,18,M_7907,Other
7908,booknlp,COREF,117,he,391280,391282,4,1382,18,M_7908,Other
7909,exp,exp_name,the man,The man,391297,391304,10,1382,18,M_7909,PROPN
7910,exp,exp_name,lord henry,Lord Henry,391423,391433,19,1383,18,M_7910,PROPN
7911,booknlp,COREF,120,I,391476,391477,19,1383,18,M_7911,Other
7912,pdnc,qID,Q1065-0,you,391588,391591,19,1384,18,M_7912,Other
7913,pdnc,qID,Q1065-0,Harry,391624,391629,19,1384,18,M_7913,PROPN
7914,pdnc,qID,Q1065-0,you,391656,391659,19,1384,18,M_7914,Other
7915,booknlp,COREF,2023,I,391678,391679,10,1384,18,M_7915,Other
7916,pdnc,qID,Q1065-0,the duchess,391685,391696,9,1384,18,M_7916,Other
7917,booknlp,COREF,2023,I,391712,391713,10,1384,18,M_7917,Other
7918,pdnc,qID,Q1065-0,her,391725,391728,9,1384,18,M_7918,Other
7919,pdnc,qID,Q1066-0,the duchess,391737,391748,9,1385,18,M_7919,Other
7920,pdnc,qID,Q1066-0,you,391755,391758,4,1385,18,M_7920,Other
7921,pdnc,qID,Q1066-0,she,391774,391777,9,1385,18,M_7921,Other
7922,pdnc,qID,Q1066-0,you,391784,391787,4,1385,18,M_7922,Other
7923,pdnc,qID,Q1066-0,you,391797,391800,4,1385,18,M_7923,Other
7924,booknlp,COREF,117,You,391829,391832,4,1386,18,M_7924,Other
7925,exp,exp_name,harry,Harry,391854,391859,19,1386,18,M_7925,PROPN
7926,exp,exp_name,lord henry,Lord Henry,391964,391974,19,1387,18,M_7926,PROPN
7927,booknlp,COREF,117,You,392000,392003,4,1388,18,M_7927,Other
7928,exp,exp_name,harry,Harry,392029,392034,19,1388,18,M_7928,PROPN
7929,booknlp,COREF,117,I,392133,392134,4,1390,18,M_7929,Other
7930,booknlp,COREF,117,I,392140,392141,4,1390,18,M_7930,Other
7931,exp,exp_name,dorian gray,Dorian Gray,392161,392172,4,1390,18,M_7931,PROPN
7932,booknlp,COREF,117,his,392203,392206,4,1390,18,M_7932,Other
7933,booknlp,COREF,117,I,392219,392220,4,1390,18,M_7933,Other
7934,booknlp,COREF,117,I,392277,392278,4,1390,18,M_7934,Other
7935,booknlp,COREF,117,myself,392307,392313,4,1390,18,M_7935,Other
7936,booknlp,COREF,117,My,392315,392317,4,1390,18,M_7936,Other
7937,booknlp,COREF,117,me,392357,392359,4,1390,18,M_7937,Other
7938,booknlp,COREF,117,I,392361,392362,4,1390,18,M_7938,Other
7939,booknlp,COREF,117,me,392418,392420,4,1390,18,M_7939,Other
7940,booknlp,COREF,117,I,392447,392448,4,1390,18,M_7940,Other
7941,booknlp,COREF,117,I,392455,392456,4,1390,18,M_7941,Other
7942,pdnc,qID,Q1072-0,Dorian,392557,392563,4,1391,18,M_7942,Other
7943,pdnc,qID,Q1072-0,You,392565,392568,4,1391,18,M_7943,Other
7944,booknlp,COREF,117,me,392603,392605,4,1391,18,M_7944,Other
7945,pdnc,qID,Q1072-0,You,392618,392621,4,1391,18,M_7945,Other
7946,booknlp,COREF,117,I,392627,392628,4,1391,18,M_7946,Other
7947,pdnc,qID,Q1072-0,you,392640,392643,4,1391,18,M_7947,Other
7948,exp,exp_name,harry,Harry,392666,392671,19,1392,18,M_7948,PROPN
7949,pdnc,qID,Q1075-0,the duchess,392929,392940,9,1394,18,M_7949,Other
7950,pdnc,qID,Q1075-0,You,392986,392989,9,1394,18,M_7950,Other
7951,pdnc,qID,Q1075-0,Duchess,393013,393020,9,1394,18,M_7951,Other
7952,pdnc,qID,Q1076-0,Mr. Gray,393052,393060,4,1395,18,M_7952,PROPN
7953,pdnc,qID,Q1076-1,Poor Geoffrey,393078,393091,32,1395,18,M_7953,Other
7954,pdnc,qID,Q1076-1,you,393129,393132,4,1395,18,M_7954,Other
7955,pdnc,qID,Q1076-1,him,393139,393142,32,1395,18,M_7955,Other
7956,pdnc,qID,Q1077-0,you,393336,393339,9,1396,18,M_7956,Other
7957,pdnc,qID,Q1077-0,the man,393346,393353,11,1396,18,M_7957,Other
7958,exp,exp_name,lord henry,Lord Henry,393420,393430,19,1397,18,M_7958,PROPN
7959,pdnc,qID,Q1078-1,Geoffrey,393478,393486,32,1397,18,M_7959,PROPN
7960,pdnc,qID,Q1078-1,he,393534,393536,32,1397,18,M_7960,Other
7961,booknlp,COREF,120,I,393547,393548,19,1397,18,M_7961,Other
7962,booknlp,COREF,1800,you,393628,393631,4,1398,18,M_7962,Other
7963,exp,exp_name,harry,Harry,393633,393638,19,1398,18,M_7963,PROPN
7964,pdnc,qID,Q1079-1,Mr. Gray,393671,393679,4,1398,18,M_7964,PROPN
7965,exp,exp_name,harry,Harry,393681,393686,19,1398,18,M_7965,PROPN
7966,pdnc,qID,Q1079-1,Mr. Gray,393688,393696,4,1398,18,M_7966,PROPN
7967,pdnc,qID,Q1079-1,He,393711,393713,4,1398,18,M_7967,Other
7968,exp,exp_name,dorian,Dorian,393735,393741,4,1399,18,M_7968,PROPN
7969,booknlp,COREF,1800,himself,393747,393754,4,1399,18,M_7969,Other
7970,pdnc,qID,Q1080-0,Duchess,393801,393808,9,1399,18,M_7970,Other
7971,booknlp,COREF,1800,he,393811,393813,4,1399,18,M_7971,Other
7972,booknlp,COREF,1800,my,393825,393827,4,1399,18,M_7972,Other
7973,booknlp,COREF,1800,I,393877,393878,4,1399,18,M_7973,Other
7974,booknlp,COREF,1800,I,393889,393890,4,1399,18,M_7974,Other
7975,booknlp,COREF,1800,I,393920,393921,4,1399,18,M_7975,Other
7976,pdnc,qID,Q1080-1,Harry,393939,393944,19,1399,18,M_7976,PROPN
7977,pdnc,qID,Q1080-1,You,393968,393971,9,1399,18,M_7977,Other
7978,booknlp,COREF,1800,me,393982,393984,4,1399,18,M_7978,Other
7979,booknlp,COREF,1800,I,394002,394003,4,1399,18,M_7979,Other
7980,booknlp,COREF,1800,I,394010,394011,4,1399,18,M_7980,Other
7981,pdnc,qID,Q1080-1,You,394034,394037,9,1399,18,M_7981,Other
7982,booknlp,COREF,1800,me,394050,394052,4,1399,18,M_7982,Other
7983,pdnc,qID,Q1080-1,you,394060,394063,9,1399,18,M_7983,Other
7984,exp,exp_name,dorian,Dorian,394192,394198,4,1400,18,M_7984,PROPN
7985,exp,exp_name,lord henry,Lord Henry,394200,394210,19,1400,18,M_7985,PROPN
7986,booknlp,COREF,120,his,394249,394252,19,1400,18,M_7986,Other
7987,pdnc,qID,Q1081-0,you,394275,394278,9,1400,18,M_7987,Other
7988,pdnc,qID,Q1081-0,him,394302,394305,4,1400,18,M_7988,Other
7989,booknlp,COREF,120,he,394308,394310,19,1400,18,M_7989,Other
7990,booknlp,COREF,120,He,394424,394426,19,1402,18,M_7990,Other
7991,booknlp,COREF,120,his,394433,394436,19,1402,18,M_7991,Other
7992,pdnc,qID,Q1085-0,my dear Gladys,394602,394616,9,1404,18,M_7992,Other
7993,pdnc,qID,Q1089-0,you,394707,394710,9,1408,18,M_7993,Other
7994,pdnc,qID,Q1091-0,you,394771,394774,9,1410,18,M_7994,Other
7995,pdnc,qID,Q1093-0,You,394798,394801,9,1412,18,M_7995,Other
7996,exp,exp_name,lord henry,Lord Henry,394825,394835,19,1412,18,M_7996,PROPN
7997,booknlp,COREF,120,He,394977,394979,19,1418,18,M_7997,Other
7998,pdnc,qID,Q1099-0,you,395034,395037,19,1418,18,M_7998,Other
7999,pdnc,qID,Q1100-0,your,395084,395088,9,1419,18,M_7999,Other
8000,booknlp,COREF,120,he,395096,395098,19,1419,18,M_8000,Other
8001,pdnc,qID,Q1100-1,You,395110,395113,9,1419,18,M_8001,Other
8002,pdnc,qID,Q1102-0,your,395182,395186,9,1421,18,M_8002,Other
8003,booknlp,COREF,120,his,395207,395210,19,1421,18,M_8003,Other
8004,exp,exp_name,dorian gray,Dorian Gray,395320,395331,4,1423,18,M_8004,PROPN
8005,exp,exp_name,lord henry,Lord Henry,395633,395643,19,1423,18,M_8005,PROPN
8006,booknlp,COREF,120,he,395707,395709,19,1424,18,M_8006,Other
8007,booknlp,COREF,120,his,395715,395718,19,1424,18,M_8007,Other
8008,booknlp,COREF,120,his,395728,395731,19,1424,18,M_8008,Other
8009,booknlp,COREF,120,his,395768,395771,19,1424,18,M_8009,Other
8010,exp,exp_name,lord henry,Lord Henry,396067,396077,19,1425,18,M_8010,PROPN
8011,booknlp,COREF,120,him,396087,396090,19,1425,18,M_8011,Other
8012,booknlp,COREF,120,him,396153,396156,19,1425,18,M_8012,Other
8013,exp,exp_name,the head-keeper,the head-keeper,396295,396310,35,1425,18,M_8013,PROPN
8014,pdnc,qID,Q1103-0,him,396364,396367,35,1425,18,M_8014,Other
8015,exp,exp_name,the man,the man,396430,396437,10,1426,18,M_8015,PROPN
8016,exp,exp_name,dorian,Dorian,396447,396453,4,1426,18,M_8016,PROPN
8017,booknlp,COREF,117,his,396461,396464,4,1426,18,M_8017,Other
8018,booknlp,COREF,117,him,396517,396520,4,1426,18,M_8018,Other
8019,pdnc,qID,Q1104-0,you,396534,396537,35,1427,18,M_8019,Other
8020,pdnc,qID,Q1104-0,Thornton,396596,396604,35,1427,18,M_8020,PROPN
8021,pdnc,qID,Q1105-0,sir,396640,396643,4,1428,18,M_8021,PROPN
8022,exp,exp_name,the gamekeeper,the gamekeeper,396655,396669,35,1428,18,M_8022,PROPN
8023,pdnc,qID,Q1106-0,the poor fellow,396677,396692,11,1429,18,M_8023,Other
8024,pdnc,qID,Q1106-0,he,396706,396708,11,1429,18,M_8024,Other
8025,pdnc,qID,Q1106-0,him,396733,396736,11,1429,18,M_8025,Other
8026,exp,exp_name,dorian,Dorian,396745,396751,4,1429,18,M_8026,PROPN
8027,booknlp,COREF,117,I,396776,396777,4,1429,18,M_8027,Other
8028,pdnc,qID,Q1106-1,you,396855,396858,35,1429,18,M_8028,Other
8029,pdnc,qID,Q1107-0,We,396883,396885,35,1430,18,M_8029,Other
8030,pdnc,qID,Q1107-0,he,396901,396903,11,1430,18,M_8030,Other
8031,pdnc,qID,Q1107-0,sir,396908,396911,4,1430,18,M_8031,PROPN
8032,booknlp,COREF,1821,I,396926,396927,35,1430,18,M_8032,Other
8033,pdnc,qID,Q1107-0,you,396958,396961,4,1430,18,M_8033,Other
8034,pdnc,qID,Q1108-0,he,396987,396989,11,1431,18,M_8034,Other
8035,exp,exp_name,dorian,Dorian,397000,397006,4,1431,18,M_8035,PROPN
8036,pdnc,qID,Q1108-1,you,397029,397032,35,1431,18,M_8036,Other
8037,pdnc,qID,Q1108-1,he,397046,397048,11,1431,18,M_8037,Other
8038,pdnc,qID,Q1108-1,your,397056,397060,35,1431,18,M_8038,Other
8039,pdnc,qID,Q1109-0,sir,397073,397076,4,1432,18,M_8039,PROPN
8040,pdnc,qID,Q1109-0,him,397088,397091,11,1432,18,M_8040,Other
8041,exp,exp_name,sailor,sailor,397113,397119,30,1432,18,M_8041,PROPN
8042,pdnc,qID,Q1109-0,sir,397121,397124,4,1432,18,M_8042,PROPN
8043,exp,exp_name,dorian gray,Dorian Gray,397149,397160,4,1433,18,M_8043,PROPN
8044,booknlp,COREF,117,he,397173,397175,4,1433,18,M_8044,Other
8045,booknlp,COREF,117,his,397187,397190,4,1433,18,M_8045,Other
8046,exp,exp_name,sailor,sailor,397230,397236,30,1433,18,M_8046,PROPN
8047,booknlp,COREF,117,he,397239,397241,4,1433,18,M_8047,Other
8048,pdnc,qID,Q1110-1,you,397258,397261,35,1433,18,M_8048,Other
8049,exp,exp_name,sailor,sailor,397268,397274,30,1433,18,M_8049,PROPN
8050,pdnc,qID,Q1111-0,sir,397284,397287,4,1434,18,M_8050,PROPN
8051,pdnc,qID,Q1111-0,He,397289,397291,11,1434,18,M_8051,Other
8052,pdnc,qID,Q1111-0,he,397304,397306,11,1434,18,M_8052,Other
8053,exp,exp_name,sailor,sailor,397326,397332,30,1434,18,M_8053,PROPN
8054,pdnc,qID,Q1112-0,him,397412,397415,11,1435,18,M_8054,Other
8055,exp,exp_name,dorian,Dorian,397423,397429,4,1435,18,M_8055,PROPN
8056,exp,exp_name,the man,the man,397462,397469,10,1435,18,M_8056,PROPN
8057,pdnc,qID,Q1112-1,his,397516,397519,11,1435,18,M_8057,Other
8058,pdnc,qID,Q1113-0,sir,397541,397544,4,1436,18,M_8058,PROPN
8059,pdnc,qID,Q1113-0,A decent-looking man,397605,397625,11,1436,18,M_8059,Other
8060,pdnc,qID,Q1113-0,sir,397627,397630,4,1436,18,M_8060,PROPN
8061,pdnc,qID,Q1113-0,A sort of sailor,397648,397664,11,1436,18,M_8061,Other
8062,pdnc,qID,Q1113-0,we,397665,397667,35,1436,18,M_8062,Other
8063,exp,exp_name,dorian,Dorian,397677,397683,4,1437,18,M_8063,PROPN
8064,booknlp,COREF,117,his,397695,397698,4,1437,18,M_8064,Other
8065,booknlp,COREF,117,him,397736,397739,4,1437,18,M_8065,Other
8066,booknlp,COREF,117,He,397741,397743,4,1437,18,M_8066,Other
8067,booknlp,COREF,117,he,397787,397789,4,1437,18,M_8067,Other
8068,booknlp,COREF,117,I,397809,397810,4,1437,18,M_8068,Other
8069,pdnc,qID,Q1115-0,sir,397878,397881,4,1438,18,M_8069,PROPN
8070,booknlp,COREF,117,me,398026,398028,4,1439,18,M_8070,Other
8071,booknlp,COREF,117,my,398062,398064,4,1439,18,M_8071,Other
8072,booknlp,COREF,117,I,398094,398095,4,1439,18,M_8072,Other
8073,booknlp,COREF,117,myself,398117,398123,4,1439,18,M_8073,Other
8074,exp,exp_name,dorian gray,Dorian Gray,398181,398192,4,1440,18,M_8074,PROPN
8075,booknlp,COREF,117,he,398239,398241,4,1440,18,M_8075,Other
8076,booknlp,COREF,117,him,398283,398286,4,1440,18,M_8076,Other
8077,booknlp,COREF,117,his,398355,398358,4,1440,18,M_8077,Other
8078,booknlp,COREF,117,him,398425,398428,4,1440,18,M_8078,Other
8079,booknlp,COREF,117,He,398430,398432,4,1440,18,M_8079,Other
8080,booknlp,COREF,117,his,398465,398468,4,1440,18,M_8080,Other
8081,booknlp,COREF,117,he,398555,398557,4,1441,18,M_8081,Other
8082,booknlp,COREF,117,He,398617,398619,4,1441,18,M_8082,Other
8083,booknlp,COREF,117,him,398751,398754,4,1441,18,M_8083,Other
8084,booknlp,COREF,117,he,398784,398786,4,1441,18,M_8084,Other
8085,booknlp,COREF,117,his,398815,398818,4,1441,18,M_8085,Other
8086,booknlp,COREF,117,he,398847,398849,4,1442,18,M_8086,Other
8087,booknlp,COREF,117,he,398884,398886,4,1442,18,M_8087,Other
8088,booknlp,COREF,117,his,398949,398952,4,1442,18,M_8088,Other
8089,booknlp,COREF,117,he,398964,398966,4,1442,18,M_8089,Other
8090,exp,exp_name,man,man,399070,399073,30,1443,18,M_8090,PROPN
8091,exp,exp_name,dorian gray,Dorian Gray,399241,399252,4,1444,18,M_8091,PROPN
8092,booknlp,COREF,117,He,399264,399266,4,1444,18,M_8092,Other
8093,booknlp,COREF,117,his,399277,399280,4,1444,18,M_8093,Other
8094,booknlp,COREF,117,him,399388,399391,4,1444,18,M_8094,Other
8095,booknlp,COREF,117,I,399425,399426,4,1445,18,M_8095,Other
8096,booknlp,COREF,117,he,399444,399446,4,1445,18,M_8096,Other
8097,booknlp,COREF,117,he,399529,399531,4,1446,18,M_8097,Other
8098,booknlp,COREF,117,his,399573,399576,4,1446,18,M_8098,Other
8099,exp,exp_name,the man,The man,399583,399590,10,1446,18,M_8099,PROPN
8100,exp,exp_name,james vane,James Vane,399628,399638,11,1446,18,M_8100,PROPN
8101,booknlp,COREF,183,He,399641,399643,11,1447,18,M_8101,Other
8102,booknlp,COREF,183,he,399702,399704,11,1447,18,M_8102,Other
8103,booknlp,COREF,183,his,399716,399719,11,1447,18,M_8103,Other
8104,booknlp,COREF,183,he,399749,399751,11,1447,18,M_8104,Other
8105,booknlp,COREF,183,he,399757,399759,11,1447,18,M_8105,Other
8106,pdnc,qID,Q1118-0,your,399806,399810,4,1449,19,M_8106,Other
8107,booknlp,COREF,120,me,399819,399821,19,1449,19,M_8107,Other
8108,pdnc,qID,Q1118-0,you,399827,399830,4,1449,19,M_8108,Other
8109,exp,exp_name,lord henry,Lord Henry,399860,399870,19,1449,19,M_8109,PROPN
8110,booknlp,COREF,120,his,399880,399883,19,1449,19,M_8110,Other
8111,pdnc,qID,Q1118-1,You,399946,399949,4,1449,19,M_8111,Other
8112,exp,exp_name,dorian gray,Dorian Gray,399991,400002,4,1450,19,M_8112,PROPN
8113,booknlp,COREF,117,his,400009,400012,4,1450,19,M_8113,Other
8114,exp,exp_name,harry,Harry,400024,400029,19,1450,19,M_8114,PROPN
8115,booknlp,COREF,117,I,400031,400032,4,1450,19,M_8115,Other
8116,booknlp,COREF,117,my,400071,400073,4,1450,19,M_8116,Other
8117,booknlp,COREF,117,I,400080,400081,4,1450,19,M_8117,Other
8118,booknlp,COREF,117,I,400111,400112,4,1450,19,M_8118,Other
8119,booknlp,COREF,117,my,400119,400121,4,1450,19,M_8119,Other
8120,pdnc,qID,Q1120-0,you,400160,400163,4,1451,19,M_8120,Other
8121,exp,exp_name,harry,Harry,400194,400199,19,1452,19,M_8121,PROPN
8122,booknlp,COREF,117,I,400201,400202,4,1452,19,M_8122,Other
8123,booknlp,COREF,117,myself,400234,400240,4,1452,19,M_8123,Other
8124,pdnc,qID,Q1122-0,My dear boy,400245,400256,4,1453,19,M_8124,Other
8125,exp,exp_name,lord henry,Lord Henry,400264,400274,19,1453,19,M_8125,PROPN
8126,exp,exp_name,man,man,400530,400533,30,1453,19,M_8126,PROPN
8127,exp,exp_name,dorian,Dorian,400707,400713,4,1454,19,M_8127,PROPN
8128,booknlp,COREF,117,I,400716,400717,4,1454,19,M_8128,Other
8129,booknlp,COREF,117,me,400769,400771,4,1454,19,M_8129,Other
8130,booknlp,COREF,117,I,400821,400822,4,1454,19,M_8130,Other
8131,pdnc,qID,Q1123-1,Harry,400841,400846,19,1454,19,M_8131,PROPN
8132,booknlp,COREF,117,I,400848,400849,4,1454,19,M_8132,Other
8133,booknlp,COREF,117,I,400869,400870,4,1454,19,M_8133,Other
8134,booknlp,COREF,117,I,400877,400878,4,1454,19,M_8134,Other
8135,pdnc,qID,Q1124-0,You,400896,400899,4,1455,19,M_8135,Other
8136,pdnc,qID,Q1124-0,your,400926,400930,4,1455,19,M_8136,Other
8137,pdnc,qID,Q1124-0,you,400955,400958,4,1455,19,M_8137,Other
8138,pdnc,qID,Q1124-0,you,400963,400966,4,1455,19,M_8138,Other
8139,booknlp,COREF,117,his,400998,401001,4,1455,19,M_8139,Other
8140,booknlp,COREF,117,he,401015,401017,4,1455,19,M_8140,Other
8141,booknlp,COREF,117,his,401031,401034,4,1455,19,M_8141,Other
8142,booknlp,COREF,120,I,401168,401169,19,1456,19,M_8142,Other
8143,pdnc,qID,Q1125-0,you,401179,401182,19,1456,19,M_8143,Other
8144,pdnc,qID,Q1125-0,Harry,401184,401189,19,1456,19,M_8144,PROPN
8145,booknlp,COREF,120,I,401209,401210,19,1456,19,M_8145,Other
8146,booknlp,COREF,120,I,401239,401240,19,1456,19,M_8146,Other
8147,pdnc,qID,Q1125-0,you,401278,401281,19,1456,19,M_8147,Other
8148,booknlp,COREF,120,I,401298,401299,19,1456,19,M_8148,Other
8149,pdnc,qID,Q1125-0,Sibyl Vane,401351,401361,31,1456,19,M_8149,PROPN
8150,booknlp,COREF,120,I,401363,401364,19,1456,19,M_8150,Other
8151,booknlp,COREF,120,me,401405,401407,19,1456,19,M_8151,Other
8152,pdnc,qID,Q1125-0,You,401416,401419,19,1456,19,M_8152,Other
8153,pdnc,qID,Q1125-0,Sibyl,401429,401434,31,1456,19,M_8153,PROPN
8154,pdnc,qID,Q1125-0,you,401442,401445,19,1456,19,M_8154,Other
8155,booknlp,COREF,120,I,401565,401566,19,1456,19,M_8155,Other
8156,booknlp,COREF,120,I,401585,401586,19,1456,19,M_8156,Other
8157,booknlp,COREF,120,I,401606,401607,19,1456,19,M_8157,Other
8158,booknlp,COREF,120,I,401675,401676,19,1456,19,M_8158,Other
8159,booknlp,COREF,120,me,401751,401753,19,1456,19,M_8159,Other
8160,booknlp,COREF,120,I,401914,401915,19,1456,19,M_8160,Other
8161,booknlp,COREF,120,I,401957,401958,19,1456,19,M_8161,Other
8162,booknlp,COREF,120,I,401977,401978,19,1457,19,M_8162,Other
8163,pdnc,qID,Q1126-0,you,402035,402038,4,1457,19,M_8163,Other
8164,pdnc,qID,Q1126-0,Dorian,402066,402072,4,1457,19,M_8164,Other
8165,exp,exp_name,lord henry,Lord Henry,402087,402097,19,1457,19,M_8165,PROPN
8166,booknlp,COREF,120,I,402104,402105,19,1457,19,M_8166,Other
8167,pdnc,qID,Q1126-1,your,402117,402121,4,1457,19,M_8167,Other
8168,pdnc,qID,Q1126-1,you,402132,402135,4,1457,19,M_8168,Other
8169,pdnc,qID,Q1126-1,You,402137,402140,4,1457,19,M_8169,Other
8170,pdnc,qID,Q1126-1,your,402209,402213,4,1457,19,M_8170,Other
8171,pdnc,qID,Q1127-0,Harry,402230,402235,19,1458,19,M_8171,PROPN
8172,pdnc,qID,Q1127-0,you,402237,402240,19,1458,19,M_8172,Other
8173,pdnc,qID,Q1127-0,You,402255,402258,19,1458,19,M_8173,Other
8174,exp,exp_name,lord henry,Lord Henry,402502,402512,19,1459,19,M_8174,PROPN
8175,booknlp,COREF,120,he,402527,402529,19,1459,19,M_8175,Other
8176,booknlp,COREF,120,his,402545,402548,19,1459,19,M_8176,Other
8177,pdnc,qID,Q1128-1,My dear Dorian,402557,402571,4,1459,19,M_8177,Other
8178,pdnc,qID,Q1128-1,you,402573,402576,4,1459,19,M_8178,Other
8179,pdnc,qID,Q1128-1,you,402618,402621,4,1459,19,M_8179,Other
8180,booknlp,COREF,120,I,402700,402701,19,1459,19,M_8180,Other
8181,pdnc,qID,Q1128-1,you,402811,402814,4,1459,19,M_8181,Other
8182,pdnc,qID,Q1128-1,you,402826,402829,4,1459,19,M_8182,Other
8183,booknlp,COREF,120,I,402924,402925,19,1459,19,M_8183,Other
8184,booknlp,COREF,120,I,402942,402943,19,1459,19,M_8184,Other
8185,pdnc,qID,Q1128-1,your,402958,402962,4,1459,19,M_8185,Other
8186,pdnc,qID,Q1128-1,you,403032,403035,4,1459,19,M_8186,Other
8187,booknlp,COREF,120,I,403169,403170,19,1460,19,M_8187,Other
8188,pdnc,qID,Q1129-0,Harry,403188,403193,19,1460,19,M_8188,PROPN
8189,pdnc,qID,Q1129-0,You,403195,403198,19,1460,19,M_8189,Other
8190,booknlp,COREF,120,I,403264,403265,19,1460,19,M_8190,Other
8191,booknlp,COREF,120,I,403275,403276,19,1460,19,M_8191,Other
8192,pdnc,qID,Q1129-0,you,403282,403285,19,1460,19,M_8192,Other
8193,booknlp,COREF,120,I,403291,403292,19,1460,19,M_8193,Other
8194,pdnc,qID,Q1129-0,you,403309,403312,19,1460,19,M_8194,Other
8195,booknlp,COREF,120,me,403320,403322,19,1460,19,M_8195,Other
8196,booknlp,COREF,120,I,403324,403325,19,1460,19,M_8196,Other
8197,booknlp,COREF,120,I,403331,403332,19,1460,19,M_8197,Other
8198,booknlp,COREF,120,I,403356,403357,19,1460,19,M_8198,Other
8199,booknlp,COREF,120,I,403378,403379,19,1460,19,M_8199,Other
8200,booknlp,COREF,120,I,403413,403414,19,1460,19,M_8200,Other
8201,booknlp,COREF,120,me,403537,403539,19,1460,19,M_8201,Other
8202,booknlp,COREF,120,I,403567,403568,19,1460,19,M_8202,Other
8203,booknlp,COREF,120,I,403629,403630,19,1460,19,M_8203,Other
8204,booknlp,COREF,120,I,403673,403674,19,1460,19,M_8204,Other
8205,booknlp,COREF,120,I,403694,403695,19,1460,19,M_8205,Other
8206,booknlp,COREF,120,me,403724,403726,19,1460,19,M_8206,Other
8207,booknlp,COREF,120,yourself,403743,403751,19,1460,19,M_8207,Other
8208,booknlp,COREF,120,I,403779,403780,19,1460,19,M_8208,Other
8209,pdnc,qID,Q1130-0,poor Basil,403852,403862,2,1461,19,M_8209,Other
8210,booknlp,COREF,117,I,403883,403884,4,1462,19,M_8210,Other
8211,exp,exp_name,dorian,Dorian,403952,403958,4,1462,19,M_8211,PROPN
8212,booknlp,COREF,117,himself,403968,403975,4,1462,19,M_8212,Other
8213,pdnc,qID,Q1132-0,My dear boy,404015,404026,4,1463,19,M_8213,Other
8214,booknlp,COREF,120,my,404256,404258,19,1463,19,M_8214,Other
8215,pdnc,qID,Q1132-0,Alan Campbell,404280,404293,1,1463,19,M_8215,PROPN
8216,exp,exp_name,the man,the man,404399,404406,10,1463,19,M_8216,PROPN
8217,pdnc,qID,Q1132-0,Basil,404501,404506,2,1463,19,M_8217,PROPN
8218,pdnc,qID,Q1132-0,Basil,404543,404548,2,1463,19,M_8218,PROPN
8219,booknlp,COREF,120,I,404580,404581,19,1463,19,M_8219,Other
8220,pdnc,qID,Q1132-0,he,404633,404635,2,1463,19,M_8220,Other
8221,pdnc,qID,Q1133-0,you,404846,404849,19,1464,19,M_8221,Other
8222,pdnc,qID,Q1133-0,Basil,404872,404877,2,1464,19,M_8222,PROPN
8223,exp,exp_name,dorian,Dorian,404886,404892,4,1464,19,M_8223,PROPN
8224,booknlp,COREF,117,his,404905,404908,4,1464,19,M_8224,Other
8225,booknlp,COREF,117,he,404966,404968,4,1464,19,M_8225,Other
8226,booknlp,COREF,120,I,405007,405008,19,1465,19,M_8226,Other
8227,pdnc,qID,Q1134-0,Basil,405041,405046,2,1465,19,M_8227,PROPN
8228,booknlp,COREF,121,himself,405063,405070,2,1465,19,M_8228,Other
8229,booknlp,COREF,120,mine,405093,405097,19,1465,19,M_8229,Other
8230,pdnc,qID,Q1134-0,he,405102,405104,2,1465,19,M_8230,Other
8231,booknlp,COREF,120,I,405114,405115,19,1465,19,M_8231,Other
8232,pdnc,qID,Q1134-0,him,405142,405145,2,1465,19,M_8232,Other
8233,booknlp,COREF,120,me,405191,405193,19,1465,19,M_8233,Other
8234,booknlp,COREF,120,I,405195,405196,19,1465,19,M_8234,Other
8235,exp,exp_name,man,man,405232,405235,30,1466,19,M_8235,PROPN
8236,exp,exp_name,lord henry,Lord Henry,405262,405272,19,1467,19,M_8236,PROPN
8237,booknlp,COREF,120,his,405290,405293,19,1467,19,M_8237,Other
8238,pdnc,qID,Q1136-1,Dorian,405539,405545,4,1467,19,M_8238,Other
8239,pdnc,qID,Q1136-1,You,405547,405550,4,1467,19,M_8239,Other
8240,booknlp,COREF,120,me,405571,405573,19,1467,19,M_8240,Other
8241,exp,exp_name,the man,The man,405575,405582,10,1467,19,M_8241,PROPN
8242,pdnc,qID,Q1136-1,my wife,405593,405600,15,1467,19,M_8242,Other
8243,pdnc,qID,Q1136-1,Poor Victoria,405637,405650,15,1467,19,M_8243,PROPN
8244,booknlp,COREF,120,I,405652,405653,19,1467,19,M_8244,Other
8245,pdnc,qID,Q1136-1,her,405671,405674,15,1467,19,M_8245,Other
8246,pdnc,qID,Q1136-1,her,405711,405714,15,1467,19,M_8246,Other
8247,exp,exp_name,dorian,Dorian,405921,405927,4,1468,19,M_8247,PROPN
8248,booknlp,COREF,117,his,406029,406032,4,1468,19,M_8248,Other
8249,booknlp,COREF,117,he,406131,406133,4,1468,19,M_8249,Other
8250,exp,exp_name,lord henry,Lord Henry,406163,406173,19,1468,19,M_8250,PROPN
8251,pdnc,qID,Q1137-0,Harry,406182,406187,19,1468,19,M_8251,PROPN
8252,pdnc,qID,Q1137-0,you,406210,406213,19,1468,19,M_8252,Other
8253,pdnc,qID,Q1137-0,Basil,406219,406224,2,1468,19,M_8253,PROPN
8254,exp,exp_name,lord henry,Lord Henry,406241,406251,19,1469,19,M_8254,PROPN
8255,pdnc,qID,Q1138-0,Basil,406261,406266,2,1469,19,M_8255,PROPN
8256,pdnc,qID,Q1138-0,he,406331,406333,2,1469,19,M_8256,Other
8257,pdnc,qID,Q1138-0,He,406354,406356,2,1469,19,M_8257,Other
8258,pdnc,qID,Q1138-0,he,406407,406409,2,1469,19,M_8258,Other
8259,exp,exp_name,man,man,406453,406456,30,1469,19,M_8259,PROPN
8260,pdnc,qID,Q1138-0,Basil,406514,406519,2,1469,19,M_8260,PROPN
8261,pdnc,qID,Q1138-0,He,406544,406546,2,1469,19,M_8261,Other
8262,booknlp,COREF,120,me,406563,406565,19,1469,19,M_8262,Other
8263,pdnc,qID,Q1138-0,he,406590,406592,2,1469,19,M_8263,Other
8264,booknlp,COREF,120,me,406598,406600,19,1469,19,M_8264,Other
8265,pdnc,qID,Q1138-0,he,406618,406620,2,1469,19,M_8265,Other
8266,pdnc,qID,Q1138-0,you,406646,406649,4,1469,19,M_8266,Other
8267,pdnc,qID,Q1138-0,you,406659,406662,4,1469,19,M_8267,Other
8268,pdnc,qID,Q1138-0,his,406691,406694,2,1469,19,M_8268,Other
8269,booknlp,COREF,117,I,406703,406704,4,1470,19,M_8269,Other
8270,pdnc,qID,Q1139-0,Basil,406722,406727,2,1470,19,M_8270,PROPN
8271,exp,exp_name,dorian,Dorian,406735,406741,4,1470,19,M_8271,PROPN
8272,booknlp,COREF,117,his,406768,406771,4,1470,19,M_8272,Other
8273,pdnc,qID,Q1139-1,he,406806,406808,2,1470,19,M_8273,Other
8274,booknlp,COREF,120,me,406873,406875,19,1471,19,M_8274,Other
8275,booknlp,COREF,120,I,406899,406900,19,1471,19,M_8275,Other
8276,pdnc,qID,Q1140-0,Basil,406946,406951,2,1471,19,M_8276,PROPN
8277,exp,exp_name,man,man,406972,406975,30,1471,19,M_8277,PROPN
8278,pdnc,qID,Q1140-0,He,406998,407000,2,1471,19,M_8278,Other
8279,pdnc,qID,Q1140-0,his,407026,407029,2,1471,19,M_8279,Other
8280,pdnc,qID,Q1141-0,you,407058,407061,19,1472,19,M_8280,Other
8281,pdnc,qID,Q1141-0,Harry,407067,407072,19,1472,19,M_8281,PROPN
8282,pdnc,qID,Q1141-0,you,407084,407087,19,1472,19,M_8282,Other
8283,pdnc,qID,Q1141-0,Basil,407108,407113,2,1472,19,M_8283,PROPN
8284,exp,exp_name,man,man,407133,407136,30,1472,19,M_8284,PROPN
8285,booknlp,COREF,117,him,407149,407152,4,1472,19,M_8285,Other
8286,booknlp,COREF,117,he,407168,407170,4,1472,19,M_8286,Other
8287,booknlp,COREF,120,I,407185,407186,19,1473,19,M_8287,Other
8288,pdnc,qID,Q1142-0,my dear fellow,407198,407212,4,1473,19,M_8288,Other
8289,pdnc,qID,Q1142-0,you,407219,407222,4,1473,19,M_8289,Other
8290,pdnc,qID,Q1142-0,you,407269,407272,4,1473,19,M_8290,Other
8291,pdnc,qID,Q1142-0,you,407340,407343,4,1473,19,M_8291,Other
8292,pdnc,qID,Q1142-0,Dorian,407345,407351,4,1473,19,M_8292,Other
8293,booknlp,COREF,120,I,407373,407374,19,1473,19,M_8293,Other
8294,booknlp,COREF,120,I,407387,407388,19,1473,19,M_8294,Other
8295,pdnc,qID,Q1142-0,your,407394,407398,4,1473,19,M_8295,Other
8296,booknlp,COREF,120,I,407424,407425,19,1473,19,M_8296,Other
8297,pdnc,qID,Q1142-0,you,407433,407436,4,1473,19,M_8297,Other
8298,booknlp,COREF,120,I,407496,407497,19,1473,19,M_8298,Other
8299,booknlp,COREF,120,I,407539,407540,19,1473,19,M_8299,Other
8300,pdnc,qID,Q1143-0,you,407691,407694,19,1474,19,M_8300,Other
8301,exp,exp_name,man,man,407715,407718,30,1474,19,M_8301,PROPN
8302,booknlp,COREF,120,me,407802,407804,19,1474,19,M_8302,Other
8303,exp,exp_name,lord henry,Lord Henry,407879,407889,19,1475,19,M_8303,PROPN
8304,booknlp,COREF,120,I,407953,407954,19,1475,19,M_8304,Other
8305,pdnc,qID,Q1144-1,poor Basil,408102,408112,2,1475,19,M_8305,Other
8306,booknlp,COREF,120,I,408114,408115,19,1475,19,M_8306,Other
8307,booknlp,COREF,120,I,408121,408122,19,1475,19,M_8307,Other
8308,pdnc,qID,Q1144-1,he,408142,408144,2,1475,19,M_8308,Other
8309,pdnc,qID,Q1144-1,you,408187,408190,4,1475,19,M_8309,Other
8310,booknlp,COREF,120,I,408204,408205,19,1475,19,M_8310,Other
8311,booknlp,COREF,120,I,408213,408214,19,1475,19,M_8311,Other
8312,pdnc,qID,Q1144-1,he,408224,408226,2,1475,19,M_8312,Other
8313,booknlp,COREF,120,I,408313,408314,19,1475,19,M_8313,Other
8314,pdnc,qID,Q1144-1,his,408337,408340,2,1475,19,M_8314,Other
8315,booknlp,COREF,120,I,408346,408347,19,1475,19,M_8315,Other
8316,pdnc,qID,Q1144-1,him,408352,408355,2,1475,19,M_8316,Other
8317,pdnc,qID,Q1144-1,his,408369,408372,2,1475,19,M_8317,Other
8318,pdnc,qID,Q1144-1,him,408445,408448,2,1475,19,M_8318,Other
8319,pdnc,qID,Q1144-1,his,408476,408479,2,1475,19,M_8319,Other
8320,pdnc,qID,Q1144-1,you,408489,408492,4,1475,19,M_8320,Other
8321,booknlp,COREF,120,I,408499,408500,19,1475,19,M_8321,Other
8322,pdnc,qID,Q1144-1,he,408513,408515,2,1475,19,M_8322,Other
8323,pdnc,qID,Q1144-1,his,408579,408582,2,1475,19,M_8323,Other
8324,exp,exp_name,dorian,Dorian,408618,408624,4,1476,19,M_8324,PROPN
8325,exp,exp_name,lord henry,Lord Henry,408644,408654,19,1476,19,M_8325,PROPN
8326,booknlp,COREF,120,his,408839,408842,19,1476,19,M_8326,Other
8327,booknlp,COREF,120,he,408992,408994,19,1477,19,M_8327,Other
8328,booknlp,COREF,120,his,409031,409034,19,1477,19,M_8328,Other
8329,booknlp,COREF,120,his,409055,409058,19,1477,19,M_8329,Other
8330,pdnc,qID,Q1145-1,his,409068,409071,2,1477,19,M_8330,Other
8331,booknlp,COREF,120,me,409114,409116,19,1477,19,M_8331,Other
8332,pdnc,qID,Q1145-1,you,409168,409171,4,1477,19,M_8332,Other
8333,pdnc,qID,Q1145-1,he,409176,409178,2,1477,19,M_8333,Other
8334,pdnc,qID,Q1145-1,he,409207,409209,2,1477,19,M_8334,Other
8335,pdnc,qID,Q1145-1,you,409261,409264,4,1477,19,M_8335,Other
8336,booknlp,COREF,120,I,409266,409267,19,1477,19,M_8336,Other
8337,pdnc,qID,Q1145-1,he,409276,409278,2,1477,19,M_8337,Other
8338,pdnc,qID,Q1145-1,you,409285,409288,4,1477,19,M_8338,Other
8339,pdnc,qID,Q1145-1,he,409297,409299,2,1477,19,M_8339,Other
8340,pdnc,qID,Q1145-1,you,409314,409317,4,1477,19,M_8340,Other
8341,pdnc,qID,Q1145-1,he,409399,409401,2,1477,19,M_8341,Other
8342,pdnc,qID,Q1145-1,you,409409,409412,4,1477,19,M_8342,Other
8343,booknlp,COREF,120,I,409414,409415,19,1477,19,M_8343,Other
8344,booknlp,COREF,120,I,409428,409429,19,1477,19,M_8344,Other
8345,pdnc,qID,Q1145-1,he,409454,409456,2,1477,19,M_8345,Other
8346,booknlp,COREF,120,I,409474,409475,19,1477,19,M_8346,Other
8347,pdnc,qID,Q1145-1,your,409485,409489,4,1477,19,M_8347,Other
8348,booknlp,COREF,120,me,409498,409500,19,1477,19,M_8348,Other
8349,pdnc,qID,Q1145-1,you,409516,409519,4,1477,19,M_8349,Other
8350,pdnc,qID,Q1145-1,You,409597,409600,4,1477,19,M_8350,Other
8351,booknlp,COREF,120,I,409662,409663,19,1477,19,M_8351,Other
8352,booknlp,COREF,120,I,409673,409674,19,1477,19,M_8352,Other
8353,booknlp,COREF,120,I,409693,409694,19,1477,19,M_8353,Other
8354,booknlp,COREF,120,I,409700,409701,19,1477,19,M_8354,Other
8355,pdnc,qID,Q1145-1,Basil,409726,409731,2,1477,19,M_8355,PROPN
8356,pdnc,qID,Q1145-1,his,409759,409762,2,1477,19,M_8356,Other
8357,exp,exp_name,man,man,409852,409855,30,1477,19,M_8357,PROPN
8358,pdnc,qID,Q1145-1,you,409906,409909,4,1477,19,M_8358,Other
8359,pdnc,qID,Q1145-1,You,409928,409931,4,1477,19,M_8359,Other
8360,booknlp,COREF,117,I,409943,409944,4,1478,19,M_8360,Other
8361,exp,exp_name,dorian,Dorian,409959,409965,4,1478,19,M_8361,PROPN
8362,booknlp,COREF,117,I,409968,409969,4,1478,19,M_8362,Other
8363,booknlp,COREF,117,I,409978,409979,4,1478,19,M_8363,Other
8364,booknlp,COREF,117,I,409989,409990,4,1478,19,M_8364,Other
8365,booknlp,COREF,117,I,410014,410015,4,1478,19,M_8365,Other
8366,booknlp,COREF,117,I,410025,410026,4,1478,19,M_8366,Other
8367,booknlp,COREF,117,me,410077,410079,4,1478,19,M_8367,Other
8368,pdnc,qID,Q1146-1,you,410088,410091,19,1478,19,M_8368,Other
8369,booknlp,COREF,117,me,410122,410124,4,1478,19,M_8369,Other
8370,booknlp,COREF,117,I,410169,410170,4,1478,19,M_8370,Other
8371,exp,exp_name,lord henry,Lord Henry,410288,410298,19,1481,19,M_8371,PROPN
8372,exp,exp_name,man,man,410314,410317,30,1481,19,M_8372,PROPN
8373,booknlp,COREF,120,he,410369,410371,19,1481,19,M_8373,Other
8374,exp,exp_name,dorian gray,Dorian Gray,410410,410421,4,1482,19,M_8374,PROPN
8375,booknlp,COREF,117,his,410428,410431,4,1482,19,M_8375,Other
8376,booknlp,COREF,117,he,410514,410516,4,1482,19,M_8376,Other
8377,exp,exp_name,man,man,410566,410569,30,1483,19,M_8377,PROPN
8378,booknlp,COREF,117,him,410593,410596,4,1483,19,M_8378,Other
8379,pdnc,qID,Q1148-0,Dorian,410633,410639,4,1483,19,M_8379,Other
8380,booknlp,COREF,117,he,410642,410644,4,1483,19,M_8380,Other
8381,exp,exp_name,man,man,410689,410692,30,1483,19,M_8381,PROPN
8382,exp,exp_name,dorian gray,Dorian Gray,410796,410807,4,1484,19,M_8382,PROPN
8383,booknlp,COREF,117,his,410830,410833,4,1484,19,M_8383,Other
8384,pdnc,qID,Q1149-0,you,410850,410853,19,1484,19,M_8384,Other
8385,booknlp,COREF,117,me,410858,410860,4,1484,19,M_8385,Other
8386,pdnc,qID,Q1149-0,Harry,410867,410872,19,1484,19,M_8386,PROPN
8387,pdnc,qID,Q1150-0,My dear fellow,410877,410891,4,1485,19,M_8387,Other
8388,exp,exp_name,lord henry,Lord Henry,410899,410909,19,1485,19,M_8388,PROPN
8389,booknlp,COREF,120,his,410921,410924,19,1485,19,M_8389,Other
8390,booknlp,COREF,120,I,410948,410949,19,1485,19,M_8390,Other
8391,pdnc,qID,Q1150-1,you,410956,410959,4,1485,19,M_8391,Other
8392,booknlp,COREF,120,I,410968,410969,19,1485,19,M_8392,Other
8393,pdnc,qID,Q1150-1,you,410978,410981,4,1485,19,M_8393,Other
8394,booknlp,COREF,120,me,411004,411006,19,1485,19,M_8394,Other
8395,booknlp,COREF,120,I,411031,411032,19,1485,19,M_8395,Other
8396,booknlp,COREF,120,I,411199,411200,19,1485,19,M_8396,Other
8397,booknlp,COREF,120,I,411212,411213,19,1485,19,M_8397,Other
8398,exp,exp_name,the man,the man,411220,411227,10,1485,19,M_8398,PROPN
8399,booknlp,COREF,2023,his,411257,411260,10,1485,19,M_8399,Other
8400,booknlp,COREF,120,me,411281,411283,19,1485,19,M_8400,Other
8401,booknlp,COREF,120,I,411611,411612,19,1485,19,M_8401,Other
8402,exp,exp_name,man,man,411674,411677,30,1485,19,M_8402,PROPN
8403,booknlp,COREF,120,I,411687,411688,19,1485,19,M_8403,Other
8404,booknlp,COREF,120,me,411738,411740,19,1485,19,M_8404,Other
8405,pdnc,qID,Q1151-0,Harry,411752,411757,19,1486,19,M_8405,PROPN
8406,booknlp,COREF,117,I,411910,411911,4,1486,19,M_8406,Other
8407,pdnc,qID,Q1152-0,you,411927,411930,4,1487,19,M_8407,Other
8408,pdnc,qID,Q1152-0,Dorian,411956,411962,4,1487,19,M_8408,Other
8409,pdnc,qID,Q1154-0,you,412145,412148,4,1489,19,M_8409,Other
8410,pdnc,qID,Q1154-0,you,412185,412188,4,1489,19,M_8410,Other
8411,booknlp,COREF,120,I,412192,412193,19,1489,19,M_8411,Other
8412,booknlp,COREF,120,me,412285,412287,19,1489,19,M_8412,Other
8413,booknlp,COREF,120,me,412304,412306,19,1489,19,M_8413,Other
8414,pdnc,qID,Q1154-0,Dorian,412319,412325,4,1489,19,M_8414,Other
8415,pdnc,qID,Q1154-0,you,412335,412338,4,1489,19,M_8415,Other
8416,booknlp,COREF,120,me,412350,412352,19,1489,19,M_8416,Other
8417,pdnc,qID,Q1154-0,you,412374,412377,4,1489,19,M_8417,Other
8418,pdnc,qID,Q1154-0,your,412388,412392,4,1489,19,M_8418,Other
8419,pdnc,qID,Q1154-0,You,412400,412403,4,1489,19,M_8419,Other
8420,booknlp,COREF,120,I,412427,412428,19,1489,19,M_8420,Other
8421,pdnc,qID,Q1154-0,you,412458,412461,4,1489,19,M_8421,Other
8422,booknlp,COREF,120,I,412471,412472,19,1489,19,M_8422,Other
8423,pdnc,qID,Q1154-0,You,412508,412511,4,1489,19,M_8423,Other
8424,pdnc,qID,Q1154-0,Dorian,412534,412540,4,1489,19,M_8424,Other
8425,pdnc,qID,Q1154-0,You,412542,412545,4,1489,19,M_8425,Other
8426,pdnc,qID,Q1154-0,you,412583,412586,4,1489,19,M_8426,Other
8427,pdnc,qID,Q1154-0,You,412600,412603,4,1489,19,M_8427,Other
8428,booknlp,COREF,120,me,412611,412613,19,1489,19,M_8428,Other
8429,booknlp,COREF,120,I,412625,412626,19,1489,19,M_8429,Other
8430,pdnc,qID,Q1154-0,you,412631,412634,4,1489,19,M_8430,Other
8431,pdnc,qID,Q1154-0,You,412642,412645,4,1489,19,M_8431,Other
8432,pdnc,qID,Q1154-0,You,412706,412709,4,1489,19,M_8432,Other
8433,booknlp,COREF,120,I,412758,412759,19,1489,19,M_8433,Other
8434,pdnc,qID,Q1154-0,you,412765,412768,4,1489,19,M_8434,Other
8435,booknlp,COREF,120,me,412780,412782,19,1489,19,M_8435,Other
8436,pdnc,qID,Q1154-0,your,412783,412787,4,1489,19,M_8436,Other
8437,booknlp,COREF,120,my,412808,412810,19,1489,19,M_8437,Other
8438,booknlp,COREF,120,I,412817,412818,19,1489,19,M_8438,Other
8439,booknlp,COREF,120,I,413020,413021,19,1489,19,M_8439,Other
8440,booknlp,COREF,120,myself,413079,413085,19,1489,19,M_8440,Other
8441,booknlp,COREF,120,me,413109,413111,19,1489,19,M_8441,Other
8442,booknlp,COREF,120,I,413175,413176,19,1489,19,M_8442,Other
8443,booknlp,COREF,120,I,413205,413206,19,1489,19,M_8443,Other
8444,booknlp,COREF,3558,you,413230,413233,4,1489,19,M_8444,Other
8445,booknlp,COREF,3558,you,413314,413317,4,1489,19,M_8445,Other
8446,pdnc,qID,Q1154-0,you,413453,413456,4,1489,19,M_8446,Other
8447,booknlp,COREF,120,I,413473,413474,19,1489,19,M_8447,Other
8448,booknlp,COREF,120,I,413717,413718,19,1489,19,M_8448,Other
8449,booknlp,COREF,120,me,413752,413754,19,1489,19,M_8449,Other
8450,pdnc,qID,Q1154-0,you,413760,413763,4,1489,19,M_8450,Other
8451,booknlp,COREF,120,I,413794,413795,19,1489,19,M_8451,Other
8452,pdnc,qID,Q1154-0,you,413820,413823,4,1489,19,M_8452,Other
8453,booknlp,COREF,120,I,413825,413826,19,1489,19,M_8453,Other
8454,pdnc,qID,Q1154-0,Dorian,413841,413847,4,1489,19,M_8454,Other
8455,booknlp,COREF,120,my,413852,413854,19,1489,19,M_8455,Other
8456,pdnc,qID,Q1154-0,you,413870,413873,4,1489,19,M_8456,Other
8457,booknlp,COREF,120,I,413961,413962,19,1489,19,M_8457,Other
8458,booknlp,COREF,120,my,413986,413988,19,1489,19,M_8458,Other
8459,pdnc,qID,Q1154-0,Dorian,414008,414014,4,1489,19,M_8459,Other
8460,pdnc,qID,Q1154-0,you,414026,414029,4,1489,19,M_8460,Other
8461,pdnc,qID,Q1154-0,you,414058,414061,4,1489,19,M_8461,Other
8462,pdnc,qID,Q1154-0,You,414072,414075,4,1489,19,M_8462,Other
8463,pdnc,qID,Q1154-0,You,414109,414112,4,1489,19,M_8463,Other
8464,pdnc,qID,Q1154-0,your,414145,414149,4,1489,19,M_8464,Other
8465,pdnc,qID,Q1154-0,you,414187,414190,4,1489,19,M_8465,Other
8466,pdnc,qID,Q1154-0,you,414215,414218,4,1489,19,M_8466,Other
8467,pdnc,qID,Q1154-0,you,414270,414273,4,1489,19,M_8467,Other
8468,pdnc,qID,Q1154-0,You,414275,414278,4,1489,19,M_8468,Other
8469,booknlp,COREF,117,I,414302,414303,4,1490,19,M_8469,Other
8470,pdnc,qID,Q1155-0,Harry,414321,414326,19,1490,19,M_8470,PROPN
8471,pdnc,qID,Q1156-0,you,414336,414339,4,1491,19,M_8471,Other
8472,booknlp,COREF,120,I,414354,414355,19,1491,19,M_8472,Other
8473,pdnc,qID,Q1156-0,your,414380,414384,4,1491,19,M_8473,Other
8474,pdnc,qID,Q1156-0,you,414443,414446,4,1491,19,M_8474,Other
8475,booknlp,COREF,117,yourself,414478,414486,4,1491,19,M_8475,Other
8476,pdnc,qID,Q1156-0,You,414499,414502,4,1491,19,M_8476,Other
8477,pdnc,qID,Q1156-0,You,414527,414530,4,1491,19,M_8477,Other
8478,pdnc,qID,Q1156-0,your,414546,414550,4,1491,19,M_8478,Other
8479,pdnc,qID,Q1156-0,you,414557,414560,4,1491,19,M_8479,Other
8480,pdnc,qID,Q1156-0,you,414566,414569,4,1491,19,M_8480,Other
8481,pdnc,qID,Q1156-0,Dorian,414584,414590,4,1491,19,M_8481,Other
8482,booknlp,COREF,117,yourself,414606,414614,4,1491,19,M_8482,Other
8483,pdnc,qID,Q1156-0,You,414785,414788,4,1491,19,M_8483,Other
8484,booknlp,COREF,117,yourself,414799,414807,4,1491,19,M_8484,Other
8485,booknlp,COREF,117,yourself,414823,414831,4,1491,19,M_8485,Other
8486,pdnc,qID,Q1156-0,you,414922,414925,4,1491,19,M_8486,Other
8487,pdnc,qID,Q1156-0,you,415016,415019,4,1491,19,M_8487,Other
8488,pdnc,qID,Q1156-0,you,415080,415083,4,1491,19,M_8488,Other
8489,booknlp,COREF,120,I,415103,415104,19,1491,19,M_8489,Other
8490,pdnc,qID,Q1156-0,you,415110,415113,4,1491,19,M_8490,Other
8491,pdnc,qID,Q1156-0,Dorian,415115,415121,4,1491,19,M_8491,Other
8492,booknlp,COREF,120,me,415334,415336,19,1491,19,M_8492,Other
8493,booknlp,COREF,120,I,415342,415343,19,1491,19,M_8493,Other
8494,booknlp,COREF,120,my,415380,415382,19,1491,19,M_8494,Other
8495,booknlp,COREF,120,I,415400,415401,19,1491,19,M_8495,Other
8496,booknlp,COREF,120,I,415407,415408,19,1491,19,M_8496,Other
8497,pdnc,qID,Q1156-0,you,415434,415437,4,1491,19,M_8497,Other
8498,pdnc,qID,Q1156-0,Dorian,415439,415445,4,1491,19,M_8498,Other
8499,pdnc,qID,Q1156-0,you,415517,415520,4,1491,19,M_8499,Other
8500,pdnc,qID,Q1156-0,you,415545,415548,4,1491,19,M_8500,Other
8501,pdnc,qID,Q1156-0,You,415550,415553,4,1491,19,M_8501,Other
8502,booknlp,COREF,120,I,415637,415638,19,1491,19,M_8502,Other
8503,pdnc,qID,Q1156-0,you,415655,415658,4,1491,19,M_8503,Other
8504,booknlp,COREF,117,yourself,415762,415770,4,1491,19,M_8504,Other
8505,pdnc,qID,Q1156-0,your,415786,415790,4,1491,19,M_8505,Other
8506,pdnc,qID,Q1156-0,You,415796,415799,4,1491,19,M_8506,Other
8507,booknlp,COREF,117,yourself,415809,415817,4,1491,19,M_8507,Other
8508,pdnc,qID,Q1156-0,Your,415828,415832,4,1491,19,M_8508,Other
8509,pdnc,qID,Q1156-0,your,415842,415846,4,1491,19,M_8509,Other
8510,exp,exp_name,dorian,Dorian,415858,415864,4,1492,19,M_8510,PROPN
8511,booknlp,COREF,117,his,415899,415902,4,1492,19,M_8511,Other
8512,booknlp,COREF,117,his,415916,415919,4,1492,19,M_8512,Other
8513,booknlp,COREF,117,he,415958,415960,4,1492,19,M_8513,Other
8514,booknlp,COREF,117,I,415976,415977,4,1492,19,M_8514,Other
8515,pdnc,qID,Q1157-1,Harry,416014,416019,19,1492,19,M_8515,PROPN
8516,pdnc,qID,Q1157-1,you,416025,416028,19,1492,19,M_8516,Other
8517,booknlp,COREF,117,me,416070,416072,4,1492,19,M_8517,Other
8518,pdnc,qID,Q1157-1,You,416074,416077,19,1492,19,M_8518,Other
8519,booknlp,COREF,117,me,416106,416108,4,1492,19,M_8519,Other
8520,booknlp,COREF,117,I,416110,416111,4,1492,19,M_8520,Other
8521,pdnc,qID,Q1157-1,you,416126,416129,19,1492,19,M_8521,Other
8522,pdnc,qID,Q1157-1,you,416140,416143,19,1492,19,M_8522,Other
8523,booknlp,COREF,117,me,416160,416162,4,1492,19,M_8523,Other
8524,pdnc,qID,Q1157-1,You,416164,416167,19,1492,19,M_8524,Other
8525,pdnc,qID,Q1158-0,you,416200,416203,4,1493,19,M_8525,Other
8526,pdnc,qID,Q1158-0,Dorian,416221,416227,4,1493,19,M_8526,Other
8527,booknlp,COREF,117,me,416246,416248,4,1493,19,M_8527,Other
8528,pdnc,qID,Q1158-0,you,416362,416365,4,1493,19,M_8528,Other
8529,pdnc,qID,Q1158-0,you,416387,416390,4,1493,19,M_8529,Other
8530,pdnc,qID,Q1158-0,You,416431,416434,4,1493,19,M_8530,Other
8531,pdnc,qID,Q1158-0,you,416591,416594,4,1493,19,M_8531,Other
8532,pdnc,qID,Q1158-0,your,416661,416665,4,1493,19,M_8532,Other
8533,booknlp,COREF,117,me,416691,416693,4,1493,19,M_8533,Other
8534,pdnc,qID,Q1158-0,you,416714,416717,4,1493,19,M_8534,Other
8535,booknlp,COREF,117,me,416761,416763,4,1493,19,M_8535,Other
8536,pdnc,qID,Q1158-0,you,416767,416770,4,1493,19,M_8536,Other
8537,booknlp,COREF,117,I,416775,416776,4,1494,19,M_8537,Other
8538,exp,exp_name,dorian,Dorian,416793,416799,4,1494,19,M_8538,PROPN
8539,booknlp,COREF,117,his,416819,416822,4,1494,19,M_8539,Other
8540,booknlp,COREF,117,I,416834,416835,4,1494,19,M_8540,Other
8541,pdnc,qID,Q1159-1,Harry,416855,416860,19,1494,19,M_8541,PROPN
8542,booknlp,COREF,117,I,416862,416863,4,1494,19,M_8542,Other
8543,booknlp,COREF,117,I,416912,416913,4,1494,19,M_8543,Other
8544,pdnc,qID,Q1160-0,You,416951,416954,4,1495,19,M_8544,Other
8545,pdnc,qID,Q1160-0,your,417017,417021,4,1495,19,M_8545,Other
8546,booknlp,COREF,117,I,417076,417077,4,1495,19,M_8546,Other
8547,booknlp,COREF,117,I,417126,417127,4,1496,19,M_8547,Other
8548,booknlp,COREF,117,he,417150,417152,4,1496,19,M_8548,Other
8549,booknlp,COREF,117,I,417173,417174,4,1496,19,M_8549,Other
8550,pdnc,qID,Q1162-0,You,417207,417210,4,1497,19,M_8550,Other
8551,booknlp,COREF,120,me,417228,417230,19,1497,19,M_8551,Other
8552,pdnc,qID,Q1162-0,Dorian,417232,417238,4,1497,19,M_8552,Other
8553,exp,exp_name,lord henry,Lord Henry,417246,417256,19,1497,19,M_8553,PROPN
8554,pdnc,qID,Q1162-1,You,417259,417262,4,1497,19,M_8554,Other
8555,booknlp,COREF,120,I,417267,417268,19,1497,19,M_8555,Other
8556,pdnc,qID,Q1163-0,you,417300,417303,19,1498,19,M_8556,Other
8557,booknlp,COREF,117,me,417313,417315,4,1498,19,M_8557,Other
8558,booknlp,COREF,117,I,417334,417335,4,1498,19,M_8558,Other
8559,pdnc,qID,Q1163-0,Harry,417361,417366,19,1498,19,M_8559,PROPN
8560,booknlp,COREF,117,me,417376,417378,4,1498,19,M_8560,Other
8561,pdnc,qID,Q1163-0,you,417384,417387,19,1498,19,M_8561,Other
8562,pdnc,qID,Q1164-0,My dear boy,417443,417454,4,1499,19,M_8562,Other
8563,pdnc,qID,Q1164-0,you,417456,417459,4,1499,19,M_8563,Other
8564,pdnc,qID,Q1164-0,You,417494,417497,4,1499,19,M_8564,Other
8565,pdnc,qID,Q1164-0,you,417608,417611,4,1499,19,M_8565,Other
8566,pdnc,qID,Q1164-0,You,417630,417633,4,1499,19,M_8566,Other
8567,pdnc,qID,Q1164-0,You,417693,417696,4,1499,19,M_8567,Other
8568,booknlp,COREF,120,I,417701,417702,19,1499,19,M_8568,Other
8569,booknlp,COREF,120,I,418058,418059,19,1499,19,M_8569,Other
8570,booknlp,COREF,120,I,418114,418115,19,1499,19,M_8570,Other
8571,pdnc,qID,Q1164-0,you,418126,418129,4,1499,19,M_8571,Other
8572,pdnc,qID,Q1164-0,you,418217,418220,4,1499,19,M_8572,Other
8573,pdnc,qID,Q1164-0,you,418275,418278,4,1499,19,M_8573,Other
8574,pdnc,qID,Q1164-0,our little duchess,418308,418326,9,1499,19,M_8574,Other
8575,pdnc,qID,Q1164-0,She,418328,418331,9,1499,19,M_8575,Other
8576,pdnc,qID,Q1164-0,she,418337,418340,9,1499,19,M_8576,Other
8577,pdnc,qID,Q1164-0,you,418352,418355,4,1499,19,M_8577,Other
8578,pdnc,qID,Q1164-0,you,418369,418372,4,1499,19,M_8578,Other
8579,pdnc,qID,Q1164-0,Gladys,418386,418392,9,1499,19,M_8579,PROPN
8580,booknlp,COREF,120,I,418394,418395,19,1499,19,M_8580,Other
8581,pdnc,qID,Q1164-0,you,418404,418407,4,1499,19,M_8581,Other
8582,pdnc,qID,Q1164-0,Her,418418,418421,9,1499,19,M_8582,Other
8583,booknlp,COREF,117,I,418504,418505,4,1500,19,M_8583,Other
8584,pdnc,qID,Q1165-0,Harry,418519,418524,19,1500,19,M_8584,PROPN
8585,booknlp,COREF,120,I,418570,418571,19,1501,19,M_8585,Other
8586,booknlp,COREF,120,I,418627,418628,19,1501,19,M_8586,Other
8587,pdnc,qID,Q1166-0,you,418633,418636,4,1501,19,M_8587,Other
8588,booknlp,COREF,117,I,418652,418653,4,1502,19,M_8588,Other
8589,exp,exp_name,dorian,Dorian,418685,418691,4,1502,19,M_8589,PROPN
8590,pdnc,qID,Q1167-1,Harry,418706,418711,19,1502,19,M_8590,PROPN
8591,booknlp,COREF,117,he,418717,418719,4,1502,19,M_8591,Other
8592,booknlp,COREF,117,he,418738,418740,4,1502,19,M_8592,Other
8593,booknlp,COREF,117,he,418771,418773,4,1502,19,M_8593,Other
8594,booknlp,COREF,117,he,418806,418808,4,1502,19,M_8594,Other
8595,booknlp,COREF,117,he,418884,418886,4,1504,20,M_8595,Other
8596,booknlp,COREF,117,his,418893,418896,4,1504,20,M_8596,Other
8597,booknlp,COREF,117,his,418907,418910,4,1504,20,M_8597,Other
8598,booknlp,COREF,117,his,418936,418939,4,1504,20,M_8598,Other
8599,booknlp,COREF,117,his,418957,418960,4,1504,20,M_8599,Other
8600,booknlp,COREF,117,he,418972,418974,4,1504,20,M_8600,Other
8601,booknlp,COREF,117,his,418998,419001,4,1504,20,M_8601,Other
8602,booknlp,COREF,117,him,419051,419054,4,1504,20,M_8602,Other
8603,booknlp,COREF,117,He,419056,419058,4,1504,20,M_8603,Other
8604,pdnc,qID,Q1168-0,Dorian Gray,419108,419119,4,1504,20,M_8604,PROPN
8605,booknlp,COREF,117,He,419122,419124,4,1504,20,M_8605,Other
8606,booknlp,COREF,117,he,419148,419150,4,1504,20,M_8606,Other
8607,booknlp,COREF,117,he,419167,419169,4,1504,20,M_8607,Other
8608,booknlp,COREF,117,He,419218,419220,4,1504,20,M_8608,Other
8609,booknlp,COREF,117,his,419242,419245,4,1504,20,M_8609,Other
8610,booknlp,COREF,117,he,419303,419305,4,1504,20,M_8610,Other
8611,booknlp,COREF,117,he,419356,419358,4,1504,20,M_8611,Other
8612,booknlp,COREF,117,He,419364,419366,4,1504,20,M_8612,Other
8613,booknlp,COREF,117,he,419396,419398,4,1504,20,M_8613,Other
8614,booknlp,COREF,117,him,419417,419420,4,1504,20,M_8614,Other
8615,booknlp,COREF,117,he,419426,419428,4,1504,20,M_8615,Other
8616,booknlp,COREF,117,him,419460,419463,4,1504,20,M_8616,Other
8617,booknlp,COREF,117,He,419465,419467,4,1504,20,M_8617,Other
8618,booknlp,COREF,117,he,419491,419493,4,1504,20,M_8618,Other
8619,booknlp,COREF,117,him,419529,419532,4,1504,20,M_8619,Other
8620,booknlp,COREF,117,he,419767,419769,4,1504,20,M_8620,Other
8621,booknlp,COREF,117,he,419786,419788,4,1505,20,M_8621,Other
8622,booknlp,COREF,117,he,419803,419805,4,1505,20,M_8622,Other
8623,booknlp,COREF,117,his,419812,419815,4,1505,20,M_8623,Other
8624,booknlp,COREF,117,him,419839,419842,4,1505,20,M_8624,Other
8625,booknlp,COREF,117,He,419844,419846,4,1505,20,M_8625,Other
8626,booknlp,COREF,117,himself,419874,419881,4,1505,20,M_8626,Other
8627,exp,exp_name,lord henry,Lord Henry,419963,419973,19,1505,20,M_8627,PROPN
8628,booknlp,COREF,117,him,419986,419989,4,1505,20,M_8628,Other
8629,booknlp,COREF,117,He,420040,420042,4,1506,20,M_8629,Other
8630,booknlp,COREF,117,his,420091,420094,4,1506,20,M_8630,Other
8631,exp,exp_name,lord henry,Lord Henry,420130,420140,19,1506,20,M_8631,PROPN
8632,booknlp,COREF,117,He,420161,420163,4,1506,20,M_8632,Other
8633,booknlp,COREF,117,he,420174,420176,4,1506,20,M_8633,Other
8634,booknlp,COREF,117,himself,420191,420198,4,1506,20,M_8634,Other
8635,booknlp,COREF,117,his,420207,420210,4,1506,20,M_8635,Other
8636,booknlp,COREF,117,his,420252,420255,4,1506,20,M_8636,Other
8637,booknlp,COREF,117,he,420268,420270,4,1506,20,M_8637,Other
8638,booknlp,COREF,117,his,420396,420399,4,1506,20,M_8638,Other
8639,booknlp,COREF,117,he,420463,420465,4,1506,20,M_8639,Other
8640,booknlp,COREF,117,him,420540,420543,4,1506,20,M_8640,Other
8641,booknlp,COREF,117,he,420598,420600,4,1507,20,M_8641,Other
8642,booknlp,COREF,117,his,420656,420659,4,1507,20,M_8642,Other
8643,booknlp,COREF,117,he,420670,420672,4,1507,20,M_8643,Other
8644,booknlp,COREF,117,his,420724,420727,4,1507,20,M_8644,Other
8645,booknlp,COREF,117,him,420769,420772,4,1507,20,M_8645,Other
8646,booknlp,COREF,117,his,420790,420793,4,1507,20,M_8646,Other
8647,exp,exp_name,man,man,420971,420974,30,1507,20,M_8647,PROPN
8648,exp,exp_name,lord henry,Lord Henry,421029,421039,19,1508,20,M_8648,PROPN
8649,booknlp,COREF,117,him,421053,421056,4,1508,20,M_8649,Other
8650,booknlp,COREF,117,He,421164,421166,4,1508,20,M_8650,Other
8651,booknlp,COREF,117,he,421182,421184,4,1508,20,M_8651,Other
8652,booknlp,COREF,117,he,421223,421225,4,1508,20,M_8652,Other
8653,booknlp,COREF,117,him,421378,421381,4,1508,20,M_8653,Other
8654,booknlp,COREF,117,him,421397,421400,4,1508,20,M_8654,Other
8655,booknlp,COREF,117,you,421481,421484,4,1508,20,M_8655,Other
8656,booknlp,COREF,117,your,421527,421531,4,1508,20,M_8656,Other
8657,booknlp,COREF,117,his,421580,421583,4,1508,20,M_8657,Other
8658,booknlp,COREF,117,he,421596,421598,4,1508,20,M_8658,Other
8659,booknlp,COREF,117,himself,421630,421637,4,1508,20,M_8659,Other
8660,booknlp,COREF,117,he,421644,421646,4,1508,20,M_8660,Other
8661,booknlp,COREF,117,his,421655,421658,4,1508,20,M_8661,Other
8662,booknlp,COREF,117,his,421750,421753,4,1508,20,M_8662,Other
8663,booknlp,COREF,117,his,421767,421770,4,1508,20,M_8663,Other
8664,booknlp,COREF,117,him,421794,421797,4,1508,20,M_8664,Other
8665,booknlp,COREF,117,his,421799,421802,4,1508,20,M_8665,Other
8666,booknlp,COREF,117,he,421829,421831,4,1508,20,M_8666,Other
8667,booknlp,COREF,117,his,421874,421877,4,1508,20,M_8667,Other
8668,booknlp,COREF,117,His,421916,421919,4,1508,20,M_8668,Other
8669,booknlp,COREF,117,him,421939,421942,4,1508,20,M_8669,Other
8670,booknlp,COREF,117,his,421955,421958,4,1508,20,M_8670,Other
8671,booknlp,COREF,117,he,422083,422085,4,1508,20,M_8671,Other
8672,booknlp,COREF,117,him,422121,422124,4,1508,20,M_8672,Other
8673,booknlp,COREF,117,himself,422203,422210,4,1509,20,M_8673,Other
8674,booknlp,COREF,117,his,422219,422222,4,1509,20,M_8674,Other
8675,booknlp,COREF,117,he,422240,422242,4,1509,20,M_8675,Other
8676,exp,exp_name,james vane,James Vane,422257,422267,11,1509,20,M_8676,PROPN
8677,exp,exp_name,alan campbell,Alan Campbell,422320,422333,1,1509,20,M_8677,PROPN
8678,booknlp,COREF,309,himself,422343,422350,1,1509,20,M_8678,Other
8679,booknlp,COREF,309,his,422364,422367,1,1509,20,M_8679,Other
8680,booknlp,COREF,309,he,422417,422419,1,1509,20,M_8680,Other
8681,exp,exp_name,basil hallward,Basil Hallward,422482,422496,2,1509,20,M_8681,PROPN
8682,booknlp,COREF,117,He,422558,422560,4,1509,20,M_8682,Other
8683,exp,exp_name,basil hallward,Basil Hallward,422620,422634,2,1509,20,M_8683,PROPN
8684,booknlp,COREF,117,his,422658,422661,4,1509,20,M_8684,Other
8685,booknlp,COREF,117,his,422695,422698,4,1509,20,M_8685,Other
8686,booknlp,COREF,117,him,422722,422725,4,1509,20,M_8686,Other
8687,exp,exp_name,basil,Basil,422727,422732,2,1509,20,M_8687,PROPN
8688,booknlp,COREF,117,his,422774,422777,4,1509,20,M_8688,Other
8689,booknlp,COREF,117,He,422784,422786,4,1509,20,M_8689,Other
8690,booknlp,COREF,117,him,422805,422808,4,1509,20,M_8690,Other
8691,exp,exp_name,basil,Basil,422861,422866,2,1509,20,M_8691,PROPN
8692,booknlp,COREF,117,him,422886,422889,4,1509,20,M_8692,Other
8693,booknlp,COREF,117,he,422921,422923,4,1509,20,M_8693,Other
8694,exp,exp_name,alan campbell,Alan Campbell,423012,423025,1,1509,20,M_8694,PROPN
8695,booknlp,COREF,309,his,423027,423030,1,1509,20,M_8695,Other
8696,booknlp,COREF,309,his,423048,423051,1,1509,20,M_8696,Other
8697,booknlp,COREF,309,He,423061,423063,1,1509,20,M_8697,Other
8698,booknlp,COREF,309,him,423103,423106,1,1509,20,M_8698,Other
8699,booknlp,COREF,309,he,423135,423137,1,1510,20,M_8699,Other
8700,booknlp,COREF,309,he,423160,423162,1,1510,20,M_8700,Other
8701,booknlp,COREF,309,he,423187,423189,1,1510,20,M_8701,Other
8702,booknlp,COREF,309,He,423212,423214,1,1510,20,M_8702,Other
8703,booknlp,COREF,309,He,423259,423261,1,1510,20,M_8703,Other
8704,booknlp,COREF,309,He,423297,423299,1,1510,20,M_8704,Other
8705,booknlp,COREF,309,he,423319,423321,1,1511,20,M_8705,Other
8706,booknlp,COREF,309,he,423347,423349,1,1511,20,M_8706,Other
8707,booknlp,COREF,309,his,423477,423480,1,1511,20,M_8707,Other
8708,booknlp,COREF,309,he,423499,423501,1,1511,20,M_8708,Other
8709,booknlp,COREF,309,He,423616,423618,1,1511,20,M_8709,Other
8710,booknlp,COREF,309,He,423639,423641,1,1512,20,M_8710,Other
8711,booknlp,COREF,309,he,423694,423696,1,1512,20,M_8711,Other
8712,booknlp,COREF,309,his,423746,423749,1,1512,20,M_8712,Other
8713,booknlp,COREF,309,his,423811,423814,1,1512,20,M_8713,Other
8714,booknlp,COREF,309,he,423826,423828,1,1512,20,M_8714,Other
8715,booknlp,COREF,309,he,423871,423873,1,1512,20,M_8715,Other
8716,booknlp,COREF,309,him,423921,423924,1,1512,20,M_8716,Other
8717,booknlp,COREF,309,He,423926,423928,1,1512,20,M_8717,Other
8718,booknlp,COREF,309,him,423970,423973,1,1512,20,M_8718,Other
8719,booknlp,COREF,309,He,423984,423986,1,1513,20,M_8719,Other
8720,booknlp,COREF,309,him,424028,424031,1,1513,20,M_8720,Other
8721,booknlp,COREF,309,his,424040,424043,1,1513,20,M_8721,Other
8722,booknlp,COREF,309,him,424143,424146,1,1513,20,M_8722,Other
8723,booknlp,COREF,309,He,424148,424150,1,1513,20,M_8723,Other
8724,booknlp,COREF,309,he,424446,424448,1,1513,20,M_8724,Other
8725,booknlp,COREF,309,him,424499,424502,1,1513,20,M_8725,Other
8726,booknlp,COREF,309,his,424506,424509,1,1513,20,M_8726,Other
8727,exp,exp_name,lord henry,Lord Henry,424563,424573,19,1513,20,M_8727,PROPN
8728,booknlp,COREF,120,his,424591,424594,19,1513,20,M_8728,Other
8729,booknlp,COREF,309,he,425000,425002,1,1513,20,M_8729,Other
8730,booknlp,COREF,309,himself,425027,425034,1,1513,20,M_8730,Other
8731,booknlp,COREF,309,He,425059,425061,1,1513,20,M_8731,Other
8732,booknlp,COREF,309,He,425071,425073,1,1513,20,M_8732,Other
8733,booknlp,COREF,309,he,425125,425127,1,1513,20,M_8733,Other
8734,booknlp,COREF,309,him,425159,425162,1,1513,20,M_8734,Other
8735,exp,exp_name,man,man,425199,425202,30,1513,20,M_8735,PROPN
8736,booknlp,COREF,309,him,425237,425240,1,1513,20,M_8736,Other
8737,booknlp,COREF,309,He,425261,425263,1,1513,20,M_8737,Other
8738,booknlp,COREF,309,himself,425264,425271,1,1513,20,M_8738,Other
8739,booknlp,COREF,309,he,425343,425345,1,1513,20,M_8739,Other
8740,booknlp,COREF,309,him,425371,425374,1,1513,20,M_8740,Other
8741,booknlp,COREF,309,he,425381,425383,1,1513,20,M_8741,Other
8742,booknlp,COREF,309,his,425397,425400,1,1513,20,M_8742,Other
8743,booknlp,COREF,309,his,425422,425425,1,1513,20,M_8743,Other
8744,booknlp,COREF,309,He,425665,425667,1,1513,20,M_8744,Other
8745,booknlp,COREF,309,his,425677,425680,1,1513,20,M_8745,Other
8746,exp,exp_name,basil hallward,Basil Hallward,425705,425719,2,1513,20,M_8746,PROPN
8747,booknlp,COREF,309,him,425742,425745,1,1513,20,M_8747,Other
8748,booknlp,COREF,309,He,425747,425749,1,1513,20,M_8748,Other
8749,booknlp,COREF,309,his,425824,425827,1,1513,20,M_8749,Other
8750,booknlp,COREF,309,he,425838,425840,1,1513,20,M_8750,Other
8751,booknlp,COREF,309,his,425918,425921,1,1513,20,M_8751,Other
8752,booknlp,COREF,309,he,425986,425988,1,1513,20,M_8752,Other
8753,booknlp,COREF,309,he,426073,426075,1,1513,20,M_8753,Other
8754,booknlp,COREF,309,he,426105,426107,1,1513,20,M_8754,Other
8755,booknlp,COREF,309,he,426160,426162,1,1513,20,M_8755,Other
8756,booknlp,COREF,309,He,426193,426195,1,1513,20,M_8756,Other
8757,booknlp,COREF,309,him,426248,426251,1,1514,20,M_8757,Other
8758,booknlp,COREF,309,his,426256,426259,1,1514,20,M_8758,Other
8759,booknlp,COREF,309,he,426270,426272,1,1514,20,M_8759,Other
8760,booknlp,COREF,309,his,426298,426301,1,1514,20,M_8760,Other
8761,booknlp,COREF,309,he,426312,426314,1,1514,20,M_8761,Other
8762,booknlp,COREF,309,him,426389,426392,1,1514,20,M_8762,Other
8763,booknlp,COREF,309,He,426432,426434,1,1514,20,M_8763,Other
8764,booknlp,COREF,309,he,426461,426463,1,1514,20,M_8764,Other
8765,booknlp,COREF,309,him,426499,426502,1,1514,20,M_8765,Other
8766,booknlp,COREF,309,he,426558,426560,1,1514,20,M_8766,Other
8767,booknlp,COREF,309,him,426600,426603,1,1514,20,M_8767,Other
8768,booknlp,COREF,309,he,426625,426627,1,1514,20,M_8768,Other
8769,booknlp,COREF,309,he,426643,426645,1,1514,20,M_8769,Other
8770,booknlp,COREF,309,his,426744,426747,1,1514,20,M_8770,Other
8771,booknlp,COREF,309,him,426837,426840,1,1514,20,M_8771,Other
8772,booknlp,COREF,309,He,426871,426873,1,1514,20,M_8772,Other
8773,booknlp,COREF,309,He,426893,426895,1,1515,20,M_8773,Other
8774,exp,exp_name,basil hallward,Basil Hallward,426944,426958,2,1515,20,M_8774,PROPN
8775,booknlp,COREF,309,He,426960,426962,1,1515,20,M_8775,Other
8776,exp,exp_name,the painter,the painter,427075,427086,42,1515,20,M_8776,PROPN
8777,exp,exp_name,the painter,the painter,427105,427116,42,1515,20,M_8777,PROPN
8778,booknlp,COREF,309,he,427198,427200,1,1515,20,M_8778,Other
8779,booknlp,COREF,309,he,427290,427292,1,1515,20,M_8779,Other
8780,booknlp,COREF,309,He,427312,427314,1,1515,20,M_8780,Other
8781,exp,exp_name,the man,The man,427662,427669,10,1516,20,M_8781,PROPN
8782,pdnc,qID,Q1169-0,Constable,427891,427900,3,1517,20,M_8782,Other
8783,exp,exp_name,the elder of the two gentlemen,the elder of the two gentlemen,427909,427939,34,1517,20,M_8783,PROPN
8784,pdnc,qID,Q1170-0,Mr. Dorian Gray,427943,427958,4,1518,20,M_8784,PROPN
8785,pdnc,qID,Q1170-0,sir,427962,427965,34,1518,20,M_8785,PROPN
8786,exp,exp_name,the policeman,the policeman,427977,427990,3,1518,20,M_8786,PROPN
8787,exp,exp_name,henry,Henry,428074,428079,19,1519,20,M_8787,PROPN
8788,exp,exp_name,mrs. leaf,Mrs. Leaf,428213,428222,23,1520,20,M_8788,PROPN
8789,booknlp,COREF,213,her,428247,428250,23,1520,20,M_8789,Other
8790,exp,exp_name,francis,Francis,428258,428265,7,1520,20,M_8790,PROPN
8791,booknlp,COREF,269,he,428323,428325,7,1521,20,M_8791,Other
8792,exp,exp_name,man,man,428816,428819,30,1522,20,M_8792,PROPN
