,source,idColName,iden,text,startByte,endByte,pdncID,paraID,chapID,mID,mention_type
0,exp,exp_name,robert cohn,Robert Cohn,803,814,23,10,1,M_0,PROPN
1,exp,exp_name,cohn,Cohn,959,963,23,10,1,M_1,PROPN
2,exp,exp_name,cohn,Cohn,1560,1564,23,10,1,M_2,PROPN
3,exp,exp_name,cohn,Cohn,1698,1702,23,10,1,M_3,PROPN
4,exp,exp_name,robert cohn,Robert Cohn,2152,2163,23,11,1,M_4,PROPN
5,exp,exp_name,cohn,Cohn,2482,2486,23,11,1,M_5,PROPN
6,exp,exp_name,robert cohn,Robert Cohn,2535,2546,23,12,1,M_6,PROPN
7,exp,exp_name,robert cohn,Robert Cohn,3734,3745,23,13,1,M_7,PROPN
8,exp,exp_name,cohn,Cohn,4038,4042,23,13,1,M_8,PROPN
9,exp,exp_name,cohn,Cohn,4513,4517,23,14,1,M_9,PROPN
10,exp,exp_name,cohn,Cohn,4696,4700,23,14,1,M_10,PROPN
11,exp,exp_name,cohn,Cohn,4848,4852,23,14,1,M_11,PROPN
12,exp,exp_name,robert cohn,Robert Cohn,5021,5032,23,14,1,M_12,PROPN
13,exp,exp_name,braddocks,Braddocks,5050,5059,13,14,1,M_13,PROPN
14,exp,exp_name,braddocks,Braddocks,5072,5081,13,14,1,M_14,PROPN
15,booknlp,COREF,200,Frances,5168,5175,9,15,1,M_15,Other
16,exp,exp_name,robert cohn,Robert Cohn,5541,5552,23,15,1,M_16,PROPN
17,exp,exp_name,cohn,Cohn,6183,6187,23,16,1,M_17,PROPN
18,booknlp,COREF,200,Frances,6710,6717,9,18,1,M_18,Other
19,booknlp,COREF,200,her,6734,6737,9,18,1,M_19,Other
20,booknlp,COREF,200,her,6755,6758,9,18,1,M_20,Other
21,exp,exp_name,cohn,Cohn,6863,6867,23,20,1,M_21,PROPN
22,exp,exp_name,cohn,Cohn,6941,6945,23,20,1,M_22,PROPN
23,pdnc,qID,Q3-1,you,7050,7053,15,20,1,M_23,Other
24,pdnc,qID,Q3-1,you,7105,7108,15,20,1,M_24,Other
25,pdnc,qID,Q3-1,Frances,7113,7120,9,20,1,M_25,Other
26,pdnc,qID,Q4-0,Frances,7218,7225,9,21,1,M_26,Other
27,pdnc,qID,Q7-0,You,7328,7331,15,24,1,M_27,Other
28,pdnc,qID,Q7-0,Frances,7343,7350,9,24,1,M_28,Other
29,pdnc,qID,Q7-0,you,7376,7379,15,24,1,M_29,Other
30,pdnc,qID,Q7-0,she,7392,7395,9,24,1,M_30,Other
31,pdnc,qID,Q12-0,you,7630,7633,23,29,1,M_31,Other
32,pdnc,qID,Q13-0,Jake,7682,7686,15,30,1,M_32,Other
33,pdnc,qID,Q14-0,You,7730,7733,23,31,1,M_33,Other
34,pdnc,qID,Q14-0,your,7748,7752,23,31,1,M_34,Other
35,pdnc,qID,Q16-0,You,7835,7838,15,32,1,M_35,Other
36,pdnc,qID,Q16-0,you,7857,7860,15,32,1,M_36,Other
37,pdnc,qID,Q16-0,Jake,7862,7866,15,32,1,M_37,Other
38,pdnc,qID,Q18-0,you,7937,7940,15,34,1,M_38,Other
39,exp,exp_name,robert cohn,Robert Cohn,8171,8182,23,36,2,M_39,PROPN
40,booknlp,COREF,200,Frances,8332,8339,9,36,2,M_40,Other
41,booknlp,COREF,200,Frances,8857,8864,9,36,2,M_41,Other
42,booknlp,COREF,200,Frances,8990,8997,9,37,2,M_42,Other
43,exp,exp_name,cohn,Cohn,9774,9778,23,38,2,M_43,PROPN
44,exp,exp_name,cohn,Cohn,10287,10291,23,38,2,M_44,PROPN
45,pdnc,qID,Q19-0,Robert,10634,10640,23,39,2,M_45,PROPN
46,pdnc,qID,Q19-1,you,10656,10659,23,39,2,M_46,Other
47,pdnc,qID,Q20-0,you,10693,10696,15,40,2,M_47,Other
48,pdnc,qID,Q20-0,Jake,10726,10730,15,40,2,M_48,Other
49,pdnc,qID,Q23-0,You,10815,10818,23,43,2,M_49,Other
50,pdnc,qID,Q23-0,you,10851,10854,23,43,2,M_50,Other
51,pdnc,qID,Q26-0,you,11045,11048,23,47,2,M_51,Other
52,pdnc,qID,Q28-0,your,11091,11095,23,49,2,M_52,Other
53,pdnc,qID,Q29-0,Jake,11149,11153,15,50,2,M_53,Other
54,pdnc,qID,Q29-0,you,11193,11196,15,50,2,M_54,Other
55,pdnc,qID,Q31-0,You,11240,11243,15,52,2,M_55,Other
56,exp,exp_name,cohn,Cohn,11430,11434,23,54,2,M_56,PROPN
57,pdnc,qID,Q34-1,You,11526,11529,23,55,2,M_57,Other
58,pdnc,qID,Q34-1,you,11546,11549,23,55,2,M_58,Other
59,pdnc,qID,Q34-1,You,11556,11559,23,55,2,M_59,Other
60,pdnc,qID,Q40-0,you,12041,12044,23,62,2,M_60,Other
61,pdnc,qID,Q42-0,you,12151,12154,23,64,2,M_61,Other
62,pdnc,qID,Q44-0,you,12207,12210,23,66,2,M_62,Other
63,pdnc,qID,Q47-0,you,12455,12458,15,70,2,M_63,Other
64,exp,exp_name,cohn,Cohn,12962,12966,23,71,2,M_64,PROPN
65,pdnc,qID,Q51-0,Jake,13095,13099,15,73,2,M_65,Other
66,pdnc,qID,Q51-1,you,13139,13142,15,73,2,M_66,Other
67,pdnc,qID,Q51-1,your,13173,13177,15,73,2,M_67,Other
68,pdnc,qID,Q51-1,you,13199,13202,15,73,2,M_68,Other
69,pdnc,qID,Q51-1,you,13237,13240,15,73,2,M_69,Other
70,pdnc,qID,Q51-1,you,13249,13252,15,73,2,M_70,Other
71,pdnc,qID,Q51-1,you,13283,13286,15,73,2,M_71,Other
72,pdnc,qID,Q53-0,you,13346,13349,15,75,2,M_72,Other
73,pdnc,qID,Q54-0,Robert,13425,13431,23,76,2,M_73,PROPN
74,pdnc,qID,Q57-0,You,13524,13527,15,79,2,M_74,Other
75,pdnc,qID,Q60-0,Robert,13664,13670,23,82,2,M_75,PROPN
76,pdnc,qID,Q60-0,You,13747,13750,23,82,2,M_76,Other
77,booknlp,COREF,202,yourself,13771,13779,15,82,2,M_77,Other
78,pdnc,qID,Q61-0,you,13849,13852,15,83,2,M_78,Other
79,pdnc,qID,Q62-0,you,13911,13914,23,84,2,M_79,Other
80,pdnc,qID,Q62-0,you,13934,13937,23,84,2,M_80,Other
81,pdnc,qID,Q62-0,you,14008,14011,23,84,2,M_81,Other
82,pdnc,qID,Q62-0,your,14025,14029,23,84,2,M_82,Other
83,booknlp,COREF,202,yourself,14144,14152,15,86,2,M_83,Other
84,pdnc,qID,Q64-0,you,14177,14180,23,86,2,M_84,Other
85,pdnc,qID,Q69-0,you,14749,14752,15,92,2,M_85,Other
86,pdnc,qID,Q71-0,you,14820,14823,15,94,2,M_86,Other
87,exp,exp_name,robert cohn,Robert Cohn,15202,15213,23,96,2,M_87,PROPN
88,pdnc,qID,Q78-0,you,15728,15731,23,101,2,M_88,Other
89,exp,exp_name,the waiter,The waiter,16761,16771,37,107,3,M_89,PROPN
90,pdnc,qID,Q82-0,you,16799,16802,10,108,3,M_90,Other
91,pdnc,qID,Q88-0,you,17011,17014,10,114,3,M_91,Other
92,pdnc,qID,Q89-0,You,17033,17036,15,115,3,M_92,Other
93,pdnc,qID,Q90-0,you,17071,17074,10,116,3,M_93,Other
94,pdnc,qID,Q92-0,you,17107,17110,10,118,3,M_94,Other
95,pdnc,qID,Q94-0,You,17157,17160,10,120,3,M_95,Other
96,pdnc,qID,Q96-1,you,17425,17428,10,123,3,M_96,Other
97,exp,exp_name,the driver,the driver,17650,17660,46,124,3,M_97,PROPN
98,pdnc,qID,Q101-0,You,18364,18367,15,130,3,M_98,Other
99,pdnc,qID,Q104-0,You,18533,18536,15,134,3,M_99,Other
100,pdnc,qID,Q104-0,you,18565,18568,15,134,3,M_100,Other
101,pdnc,qID,Q105-0,You,18581,18584,10,135,3,M_101,Other
102,pdnc,qID,Q107-0,you,18694,18697,10,137,3,M_102,Other
103,exp,exp_name,georgette,Georgette,18709,18718,10,138,3,M_103,PROPN
104,pdnc,qID,Q108-0,you,18728,18731,15,138,3,M_104,Other
105,exp,exp_name,jacob,Jacob,18743,18748,15,139,3,M_105,PROPN
106,pdnc,qID,Q112-0,You,18796,18799,15,142,3,M_106,Other
107,exp,exp_name,georgette,Georgette,18952,18961,10,145,3,M_107,PROPN
108,pdnc,qID,Q116-1,you,19063,19066,10,146,3,M_108,Other
109,pdnc,qID,Q116-1,you,19105,19108,10,146,3,M_109,Other
110,booknlp,COREF,205,her,19148,19151,10,147,3,M_110,Other
111,exp,exp_name,georgette,Georgette,19417,19426,10,147,3,M_111,PROPN
112,booknlp,COREF,205,she,19485,19488,10,148,3,M_112,Other
113,pdnc,qID,Q118-0,you,19553,19556,10,149,3,M_113,Other
114,pdnc,qID,Q119-0,you,19584,19587,15,150,3,M_114,Other
115,exp,exp_name,georgette,Georgette,19630,19639,10,151,3,M_115,PROPN
116,booknlp,COREF,205,She,19653,19656,10,151,3,M_116,Other
117,booknlp,COREF,205,her,19679,19682,10,151,3,M_117,Other
118,pdnc,qID,Q120-0,You,19719,19722,15,151,3,M_118,Other
119,booknlp,COREF,205,she,19743,19746,10,151,3,M_119,Other
120,pdnc,qID,Q120-1,you,19767,19770,15,151,3,M_120,Other
121,pdnc,qID,Q120-1,you,19819,19822,15,151,3,M_121,Other
122,pdnc,qID,Q123-0,Barnes,20119,20125,15,154,3,M_122,Other
123,pdnc,qID,Q123-0,Barnes,20134,20140,15,154,3,M_123,Other
124,pdnc,qID,Q123-0,Jacob Barnes,20142,20154,15,154,3,M_124,Other
125,exp,exp_name,braddocks,Braddocks,20224,20233,13,156,3,M_125,PROPN
126,exp,exp_name,cohn,Cohn,20263,20267,23,156,3,M_126,PROPN
127,exp,exp_name,frances clyne,Frances Clyne,20269,20282,9,156,3,M_127,PROPN
128,exp,exp_name,mrs. braddocks,Mrs. Braddocks,20284,20298,21,156,3,M_128,PROPN
129,pdnc,qID,Q125-0,You,20333,20336,15,157,3,M_129,Other
130,pdnc,qID,Q125-0,you,20368,20371,15,157,3,M_130,Other
131,exp,exp_name,braddocks,Braddocks,20374,20383,13,157,3,M_131,PROPN
132,pdnc,qID,Q127-0,you,20433,20436,15,159,3,M_132,Other
133,exp,exp_name,mrs. braddocks,Mrs. Braddocks,20463,20477,21,159,3,M_133,PROPN
134,pdnc,qID,Q128-0,You,20488,20491,15,160,3,M_134,Other
135,pdnc,qID,Q128-0,Jake,20503,20507,15,160,3,M_135,Other
136,booknlp,COREF,200,Frances,20527,20534,9,160,3,M_136,Other
137,booknlp,COREF,200,She,20567,20570,9,160,3,M_137,Other
138,pdnc,qID,Q129-0,he,20610,20612,15,161,3,M_138,Other
139,exp,exp_name,braddocks,Braddocks,20624,20633,13,161,3,M_139,PROPN
140,pdnc,qID,Q129-1,Barnes,20674,20680,15,161,3,M_140,Other
141,pdnc,qID,Q131-0,your friend,20705,20716,10,163,3,M_141,Other
142,exp,exp_name,mrs. braddocks,Mrs. Braddocks,20724,20738,21,163,3,M_142,PROPN
143,pdnc,qID,Q133-0,your,20879,20883,15,165,3,M_143,Other
144,exp,exp_name,georgette,Georgette,20894,20903,10,165,3,M_144,PROPN
145,exp,exp_name,georgette,Georgette,21163,21172,10,172,3,M_145,PROPN
146,booknlp,COREF,205,her,21180,21183,10,172,3,M_146,Other
147,booknlp,COREF,205,her,21210,21213,10,172,3,M_147,Other
148,booknlp,COREF,205,she,21222,21225,10,172,3,M_148,Other
149,booknlp,COREF,205,her,21266,21269,10,172,3,M_149,Other
150,booknlp,COREF,205,her,21311,21314,10,172,3,M_150,Other
151,booknlp,COREF,205,she,21329,21332,10,173,3,M_151,Other
152,exp,exp_name,braddocks,Braddocks,21381,21390,13,174,3,M_152,PROPN
153,pdnc,qID,Q141-0,my fianc e,21446,21456,10,175,3,M_153,Other
154,pdnc,qID,Q141-0,Mademoiselle Georgette Leblanc,21458,21488,10,175,3,M_154,PROPN
155,exp,exp_name,georgette,Georgette,21499,21508,10,175,3,M_155,PROPN
156,pdnc,qID,Q142-0,you,21574,21577,10,176,3,M_156,Other
157,exp,exp_name,georgette leblanc,Georgette Leblanc,21589,21606,10,176,3,M_157,PROPN
158,exp,exp_name,mrs. braddocks,Mrs. Braddocks,21621,21635,21,176,3,M_158,PROPN
159,exp,exp_name,georgette,Georgette,21659,21668,10,177,3,M_159,PROPN
160,pdnc,qID,Q144-0,you,21685,21688,10,178,3,M_160,Other
161,exp,exp_name,mrs. braddocks,Mrs. Braddocks,21710,21724,21,178,3,M_161,PROPN
162,exp,exp_name,georgette,Georgette,21757,21766,10,179,3,M_162,PROPN
163,booknlp,COREF,205,My,21781,21783,10,179,3,M_163,Other
164,exp,exp_name,hobin,Hobin,21792,21797,10,179,3,M_164,PROPN
165,pdnc,qID,Q146-0,Mr. Barnes,21806,21816,15,180,3,M_165,PROPN
166,pdnc,qID,Q146-0,you,21828,21831,10,180,3,M_166,Other
167,exp,exp_name,mademoiselle georgette leblanc,Mademoiselle Georgette Leblanc,21835,21865,10,180,3,M_167,PROPN
168,pdnc,qID,Q146-0,he,21874,21876,15,180,3,M_168,Other
169,exp,exp_name,mrs. braddocks,Mrs. Braddocks,21892,21906,21,180,3,M_169,PROPN
170,pdnc,qID,Q147-0,He,21998,22000,15,181,3,M_170,Other
171,exp,exp_name,georgette,Georgette,22012,22021,10,181,3,M_171,PROPN
172,exp,exp_name,mrs. braddocks,Mrs. Braddocks,22056,22070,21,182,3,M_172,PROPN
173,exp,exp_name,georgette,Georgette,22090,22099,10,183,3,M_173,PROPN
174,pdnc,qID,Q150-0,you,22122,22125,13,184,3,M_174,Other
175,pdnc,qID,Q150-0,Henry,22137,22142,13,184,3,M_175,PROPN
176,exp,exp_name,mrs. braddocks,Mrs. Braddocks,22145,22159,21,184,3,M_176,PROPN
177,exp,exp_name,braddocks,Braddocks,22185,22194,13,184,3,M_177,PROPN
178,pdnc,qID,Q150-1,Mr. Barnes,22197,22207,15,184,3,M_178,PROPN
179,booknlp,COREF,210,his,22219,22222,15,184,3,M_179,Other
180,exp,exp_name,mademoiselle leblanc,Mademoiselle Leblanc,22234,22254,10,184,3,M_180,PROPN
181,pdnc,qID,Q150-1,her,22260,22263,10,184,3,M_181,Other
182,pdnc,qID,Q150-1,Hobin,22281,22286,10,184,3,M_182,PROPN
183,pdnc,qID,Q151-0,darling,22302,22309,10,185,3,M_183,Other
184,pdnc,qID,Q151-0,Mademoiselle Hobin,22311,22329,10,185,3,M_184,PROPN
185,booknlp,COREF,205,I,22331,22332,10,185,3,M_185,Other
186,pdnc,qID,Q151-0,her,22342,22345,10,185,3,M_186,Other
187,pdnc,qID,Q152-0,Mademoiselle Hobin,22375,22393,10,186,3,M_187,PROPN
188,exp,exp_name,frances clyne,Frances Clyne,22396,22409,9,186,3,M_188,PROPN
189,exp,exp_name,mrs. braddocks,Mrs. Braddocks,22490,22504,21,186,3,M_189,PROPN
190,pdnc,qID,Q152-1,you,22544,22547,10,186,3,M_190,Other
191,pdnc,qID,Q152-1,you,22571,22574,10,186,3,M_191,Other
192,pdnc,qID,Q152-1,You,22589,22592,10,186,3,M_192,Other
193,pdnc,qID,Q152-1,you,22608,22611,10,186,3,M_193,Other
194,pdnc,qID,Q153-0,she,22626,22629,9,187,3,M_194,Other
195,exp,exp_name,georgette,Georgette,22632,22641,10,187,3,M_195,PROPN
196,booknlp,COREF,205,I,22660,22661,10,187,3,M_196,Other
197,pdnc,qID,Q153-1,her,22678,22681,9,187,3,M_197,Other
198,booknlp,COREF,205,She,22685,22688,10,188,3,M_198,Other
199,booknlp,COREF,200,Frances,22699,22706,9,188,3,M_199,Other
200,booknlp,COREF,200,her,22725,22728,9,188,3,M_200,Other
201,booknlp,COREF,200,her,22743,22746,9,188,3,M_201,Other
202,booknlp,COREF,200,her,22762,22765,9,188,3,M_202,Other
203,booknlp,COREF,200,her,22777,22780,9,188,3,M_203,Other
204,booknlp,COREF,200,I,22829,22830,9,189,3,M_204,Other
205,booknlp,COREF,200,I,22886,22887,9,190,3,M_205,Other
206,booknlp,COREF,200,I,22967,22968,9,191,3,M_206,Other
207,pdnc,qID,Q157-0,you,23012,23015,10,192,3,M_207,Other
208,booknlp,COREF,200,I,23049,23050,9,193,3,M_208,Other
209,exp,exp_name,georgette,Georgette,23139,23148,10,195,3,M_209,PROPN
210,pdnc,qID,Q160-0,You,23164,23167,15,195,3,M_210,Other
211,booknlp,COREF,200,Frances,23189,23196,9,196,3,M_211,Other
212,exp,exp_name,braddocks,Braddocks,23355,23364,13,196,3,M_212,PROPN
213,exp,exp_name,the wife,the wife,23695,23703,38,197,3,M_213,PROPN
214,exp,exp_name,braddocks,Braddocks,23959,23968,13,198,3,M_214,PROPN
215,booknlp,COREF,205,My,24293,24295,10,199,3,M_215,Other
216,exp,exp_name,georgette,Georgette,24302,24311,10,199,3,M_216,PROPN
217,booknlp,COREF,205,my,24364,24366,10,201,3,M_217,Other
218,pdnc,qID,Q165-0,your,24384,24388,10,202,3,M_218,Other
219,exp,exp_name,georgette,Georgette,24434,24443,10,204,3,M_219,PROPN
220,exp,exp_name,brett,Brett,25092,25097,6,204,3,M_220,PROPN
221,booknlp,COREF,212,She,25099,25102,6,204,3,M_221,Other
222,booknlp,COREF,212,she,25126,25129,6,204,3,M_222,Other
223,exp,exp_name,georgette,Georgette,25172,25181,10,205,3,M_223,PROPN
224,exp,exp_name,lett,Lett,25263,25267,17,205,3,M_224,PROPN
225,booknlp,COREF,213,You,25269,25272,17,205,3,M_225,Other
226,exp,exp_name,the tall dark one,The tall dark one,25285,25302,17,206,3,M_226,PROPN
227,exp,exp_name,lett,Lett,25311,25315,17,206,3,M_227,PROPN
228,booknlp,COREF,205,you,25330,25333,10,206,3,M_228,Other
229,exp,exp_name,the wavy blond one,The wavy blond one,25345,25363,49,207,3,M_229,PROPN
230,booknlp,COREF,205,you,25381,25384,10,207,3,M_230,Other
231,exp,exp_name,brett,Brett,25417,25422,6,207,3,M_231,PROPN
232,exp,exp_name,georgette,Georgette,25863,25872,10,208,3,M_232,PROPN
233,exp,exp_name,the tall blond youth,the tall blond youth,25890,25910,49,208,3,M_233,PROPN
234,exp,exp_name,cohn,Cohn,26189,26193,23,209,3,M_234,PROPN
235,booknlp,COREF,200,Frances,26213,26220,9,209,3,M_235,Other
236,exp,exp_name,mrs. braddocks,Mrs. Braddocks,26234,26248,21,209,3,M_236,PROPN
237,exp,exp_name,robert prentiss,Robert Prentiss,26291,26306,24,209,3,M_237,PROPN
238,pdnc,qID,Q171-0,You,26609,26612,15,214,3,M_238,Other
239,pdnc,qID,Q173-0,you,26671,26674,15,216,3,M_239,Other
240,pdnc,qID,Q176-1,you,26841,26844,24,220,3,M_240,Other
241,pdnc,qID,Q177-0,you,26868,26871,15,221,3,M_241,Other
242,exp,exp_name,mrs. braddocks,Mrs. Braddocks,26974,26988,21,222,3,M_242,PROPN
243,pdnc,qID,Q178-0,Robert,27023,27029,24,222,3,M_243,PROPN
244,pdnc,qID,Q178-1,He,27043,27045,24,222,3,M_244,Other
245,pdnc,qID,Q178-1,you,27068,27071,15,222,3,M_245,Other
246,pdnc,qID,Q180-0,Your fianc e,27158,27170,10,224,3,M_246,Other
247,exp,exp_name,mrs. braddocks,Mrs. Braddocks,27199,27213,21,224,3,M_247,PROPN
248,exp,exp_name,georgette,Georgette,27244,27253,10,224,3,M_248,PROPN
249,exp,exp_name,lett,Lett,27308,27312,17,224,3,M_249,PROPN
250,pdnc,qID,Q181-0,she,27322,27325,10,225,3,M_250,Other
251,exp,exp_name,mrs. braddocks,Mrs. Braddocks,27352,27366,21,226,3,M_251,PROPN
252,exp,exp_name,cohn,Cohn,27369,27373,23,227,3,M_252,PROPN
253,pdnc,qID,Q183-0,Jake,27393,27397,15,227,3,M_253,Other
254,pdnc,qID,Q184-0,you,27476,27479,15,227,3,M_254,Other
255,pdnc,qID,Q184-0,You,27481,27484,15,227,3,M_255,Other
256,booknlp,COREF,212,me,27554,27556,6,228,3,M_256,Other
257,exp,exp_name,brett,Brett,27572,27577,6,229,3,M_257,PROPN
258,booknlp,COREF,212,you,27607,27610,6,230,3,M_258,Other
259,pdnc,qID,Q187-0,Brett,27628,27633,6,231,3,M_259,PROPN
260,pdnc,qID,Q187-1,you,27656,27659,6,231,3,M_260,Other
261,booknlp,COREF,212,I,27705,27706,6,232,3,M_261,Other
262,booknlp,COREF,212,She,27745,27748,6,233,3,M_262,Other
263,exp,exp_name,robert cohn,Robert Cohn,27783,27794,23,233,3,M_263,PROPN
264,booknlp,COREF,212,her,27806,27809,6,233,3,M_264,Other
265,exp,exp_name,cohn,Cohn,27900,27904,23,233,3,M_265,PROPN
266,exp,exp_name,brett,Brett,27990,27995,6,234,3,M_266,PROPN
267,booknlp,COREF,212,She,28021,28024,6,234,3,M_267,Other
268,booknlp,COREF,212,her,28079,28082,6,234,3,M_268,Other
269,booknlp,COREF,212,She,28119,28122,6,234,3,M_269,Other
270,booknlp,COREF,212,She,28141,28144,6,234,3,M_270,Other
271,pdnc,qID,Q189-0,you,28269,28272,6,235,3,M_271,Other
272,pdnc,qID,Q189-0,Brett,28282,28287,6,235,3,M_272,PROPN
273,pdnc,qID,Q190-0,they,28307,28311,17,236,3,M_273,Other
274,pdnc,qID,Q190-0,you,28324,28327,15,236,3,M_274,Other
275,pdnc,qID,Q190-0,my dear,28329,28336,15,236,3,M_275,Other
276,pdnc,qID,Q190-0,you,28348,28351,15,236,3,M_276,Other
277,pdnc,qID,Q190-0,it,28356,28358,10,236,3,M_277,Other
278,pdnc,qID,Q192-0,you,28394,28397,15,238,3,M_278,Other
279,exp,exp_name,brett,Brett,28448,28453,6,240,3,M_279,PROPN
280,pdnc,qID,Q194-0,you,28478,28481,15,240,3,M_280,Other
281,pdnc,qID,Q194-0,Jake,28483,28487,15,240,3,M_281,Other
282,pdnc,qID,Q194-0,Frances,28526,28533,9,240,3,M_282,Other
283,exp,exp_name,cohn,Cohn,28560,28564,23,241,3,M_283,PROPN
284,exp,exp_name,brett,Brett,28607,28612,6,242,3,M_284,PROPN
285,booknlp,COREF,212,She,28619,28622,6,242,3,M_285,Other
286,pdnc,qID,Q196-0,You,28640,28643,6,243,3,M_286,Other
287,exp,exp_name,robert cohn,Robert Cohn,28791,28802,23,245,3,M_287,PROPN
288,pdnc,qID,Q198-0,you,28815,28818,6,245,3,M_288,Other
289,pdnc,qID,Q198-0,Lady Brett,28839,28849,6,245,3,M_289,PROPN
290,exp,exp_name,brett,Brett,28853,28858,6,246,3,M_290,PROPN
291,booknlp,COREF,212,I,28875,28876,6,246,3,M_291,Other
292,pdnc,qID,Q199-0,Jacob,28908,28913,15,246,3,M_292,PROPN
293,booknlp,COREF,212,she,28916,28919,6,246,3,M_293,Other
294,pdnc,qID,Q199-1,You,28930,28933,15,246,3,M_294,Other
295,pdnc,qID,Q199-1,Jake,28964,28968,15,246,3,M_295,Other
296,exp,exp_name,cohn,Cohn,29000,29004,23,247,3,M_296,PROPN
297,exp,exp_name,brett,Brett,29022,29027,6,248,3,M_297,PROPN
298,exp,exp_name,brett,Brett,29090,29095,6,248,3,M_298,PROPN
299,exp,exp_name,cohn,Cohn,29115,29119,23,248,3,M_299,PROPN
300,booknlp,COREF,212,her,29157,29160,6,248,3,M_300,Other
301,pdnc,qID,Q202-0,You,29164,29167,6,249,3,M_301,Other
302,booknlp,COREF,212,her,29204,29207,6,249,3,M_302,Other
303,pdnc,qID,Q203-0,Poor chap,29232,29241,23,250,3,M_303,Other
304,booknlp,COREF,212,I,29243,29244,6,250,3,M_304,Other
305,pdnc,qID,Q204-1,you,29307,29310,6,251,3,M_305,Other
306,booknlp,COREF,212,You,29362,29365,6,253,3,M_306,Other
307,booknlp,COREF,212,I,29391,29392,6,254,3,M_307,Other
308,exp,exp_name,georgette,Georgette,29535,29544,10,255,3,M_308,PROPN
309,pdnc,qID,Q209-0,you,29596,29599,15,256,3,M_309,Other
310,pdnc,qID,Q209-0,her,29609,29612,10,256,3,M_310,Other
311,pdnc,qID,Q210-0,her,29646,29649,10,257,3,M_311,Other
312,pdnc,qID,Q211-0,You,29654,29657,15,258,3,M_312,Other
313,pdnc,qID,Q215-0,'s,29730,29732,15,262,3,M_313,Other
314,pdnc,qID,Q215-0,She,29750,29753,10,262,3,M_314,Other
315,pdnc,qID,Q216-0,you,29782,29785,6,263,3,M_315,Other
316,pdnc,qID,Q217-0,you,29810,29813,15,264,3,M_316,Other
317,exp,exp_name,brett,Brett,29914,29919,6,265,3,M_317,PROPN
318,exp,exp_name,cohn,Cohn,29938,29942,23,265,3,M_318,PROPN
319,booknlp,COREF,212,her,29958,29961,6,265,3,M_319,Other
320,exp,exp_name,the patronne,The patronne,30016,30028,35,265,3,M_320,PROPN
321,exp,exp_name,the patronne,the patronne,30134,30146,35,265,3,M_321,PROPN
322,pdnc,qID,Q218-0,the girl I came with,30153,30173,10,266,3,M_322,Other
323,pdnc,qID,Q218-0,you,30192,30195,35,266,3,M_323,Other
324,pdnc,qID,Q218-0,her,30201,30204,10,266,3,M_324,Other
325,pdnc,qID,Q218-1,she,30224,30227,10,266,3,M_325,Other
326,pdnc,qID,Q218-1,you,30271,30274,35,266,3,M_326,Other
327,pdnc,qID,Q219-0,Monsieur,30311,30319,15,267,3,M_327,PROPN
328,exp,exp_name,the patronne,the patronne,30322,30334,35,267,3,M_328,PROPN
329,pdnc,qID,Q219-1,You,30342,30345,15,267,3,M_329,Other
330,exp,exp_name,cohn,Cohn,30407,30411,23,269,3,M_330,PROPN
331,exp,exp_name,brett,Brett,30433,30438,6,269,3,M_331,PROPN
332,booknlp,COREF,212,She,30440,30443,6,269,3,M_332,Other
333,pdnc,qID,Q221-0,Cohn,30490,30494,23,269,3,M_333,Other
334,pdnc,qID,Q222-0,You,30551,30554,15,270,3,M_334,Other
335,pdnc,qID,Q222-0,your,30572,30576,15,270,3,M_335,Other
336,exp,exp_name,brett,Brett,30592,30597,6,270,3,M_336,PROPN
337,pdnc,qID,Q227-0,You,30752,30755,6,275,3,M_337,Other
338,exp,exp_name,a waiter,a waiter,30855,30863,2,277,3,M_338,PROPN
339,exp,exp_name,the waiter,The waiter,31000,31010,37,279,3,M_339,PROPN
340,exp,exp_name,brett,Brett,31047,31052,6,279,3,M_340,PROPN
341,exp,exp_name,the waiter,the waiter,31082,31092,37,279,3,M_341,PROPN
342,booknlp,COREF,454,him,31139,31142,46,279,3,M_342,Other
343,booknlp,COREF,454,him,31165,31168,46,280,3,M_343,Other
344,exp,exp_name,the driver,the driver,31195,31205,46,281,3,M_344,PROPN
345,exp,exp_name,brett,Brett,31270,31275,6,281,3,M_345,PROPN
346,booknlp,COREF,212,her,31308,31311,6,281,3,M_346,Other
347,booknlp,COREF,212,her,31349,31352,6,281,3,M_347,Other
348,pdnc,qID,Q232-0,darling,31389,31396,15,282,3,M_348,Other
349,booknlp,COREF,212,I,31398,31399,6,282,3,M_349,Other
350,exp,exp_name,brett,Brett,31423,31428,6,282,3,M_350,PROPN
351,exp,exp_name,brett,Brett,31981,31986,6,284,4,M_351,PROPN
352,booknlp,COREF,212,Her,32002,32005,6,284,4,M_352,Other
353,booknlp,COREF,212,her,32027,32030,6,284,4,M_353,Other
354,booknlp,COREF,212,her,32100,32103,6,284,4,M_354,Other
355,exp,exp_name,brett,Brett,32256,32261,6,284,4,M_355,PROPN
356,booknlp,COREF,212,her,32300,32303,6,284,4,M_356,Other
357,booknlp,COREF,212,her,32390,32393,6,284,4,M_357,Other
358,booknlp,COREF,212,she,32433,32436,6,284,4,M_358,Other
359,booknlp,COREF,212,she,32508,32511,6,284,4,M_359,Other
360,booknlp,COREF,212,Her,32523,32526,6,284,4,M_360,Other
361,booknlp,COREF,212,me,32556,32558,6,285,4,M_361,Other
362,booknlp,COREF,212,she,32561,32564,6,285,4,M_362,Other
363,booknlp,COREF,212,me,32591,32593,6,285,4,M_363,Other
364,booknlp,COREF,212,I,32620,32621,6,287,4,M_364,Other
365,pdnc,qID,Q236-0,Brett,32645,32650,6,288,4,M_365,PROPN
366,pdnc,qID,Q237-0,You,32655,32658,15,289,4,M_366,Other
367,pdnc,qID,Q237-0,You,32668,32671,15,289,4,M_367,Other
368,booknlp,COREF,212,I,32683,32684,6,289,4,M_368,Other
369,pdnc,qID,Q237-0,darling,32717,32724,15,289,4,M_369,Other
370,pdnc,qID,Q238-0,you,32754,32757,6,290,4,M_370,Other
371,booknlp,COREF,212,me,32763,32765,6,290,4,M_371,Other
372,pdnc,qID,Q239-0,you,32775,32778,15,291,4,M_372,Other
373,booknlp,COREF,212,I,32780,32781,6,291,4,M_373,Other
374,pdnc,qID,Q239-0,you,32812,32815,15,291,4,M_374,Other
375,booknlp,COREF,212,me,32822,32824,6,291,4,M_375,Other
376,booknlp,COREF,212,She,32872,32875,6,293,4,M_376,Other
377,booknlp,COREF,212,her,32914,32917,6,293,4,M_377,Other
378,booknlp,COREF,212,she,32922,32925,6,293,4,M_378,Other
379,booknlp,COREF,212,She,32979,32982,6,293,4,M_379,Other
380,booknlp,COREF,212,she,33022,33025,6,293,4,M_380,Other
381,booknlp,COREF,212,she,33070,33073,6,293,4,M_381,Other
382,booknlp,COREF,212,her,33092,33095,6,293,4,M_382,Other
383,booknlp,COREF,212,She,33201,33204,6,293,4,M_383,Other
384,booknlp,COREF,212,she,33250,33253,6,293,4,M_384,Other
385,booknlp,COREF,212,she,33294,33297,6,293,4,M_385,Other
386,booknlp,COREF,212,I,33383,33384,6,295,4,M_386,Other
387,booknlp,COREF,212,she,33398,33401,6,295,4,M_387,Other
388,booknlp,COREF,212,I,33409,33410,6,295,4,M_388,Other
389,pdnc,qID,Q244-0,darling,33503,33510,15,297,4,M_389,Other
390,booknlp,COREF,212,I,33512,33513,6,297,4,M_390,Other
391,pdnc,qID,Q244-0,you,33526,33529,15,297,4,M_391,Other
392,pdnc,qID,Q244-0,you,33549,33552,15,297,4,M_392,Other
393,booknlp,COREF,212,my,33602,33604,6,299,4,M_393,Other
394,booknlp,COREF,212,She,33661,33664,6,300,4,M_394,Other
395,booknlp,COREF,212,Her,33709,33712,6,300,4,M_395,Other
396,booknlp,COREF,212,I,33826,33827,6,301,4,M_396,Other
397,booknlp,COREF,212,I,33846,33847,6,301,4,M_397,Other
398,booknlp,COREF,212,I,33870,33871,6,301,4,M_398,Other
399,booknlp,COREF,212,I,34023,34024,6,303,4,M_399,Other
400,pdnc,qID,Q249-0,you,34032,34035,15,303,4,M_400,Other
401,booknlp,COREF,212,I,34079,34080,6,305,4,M_401,Other
402,booknlp,COREF,212,myself,34103,34109,6,305,4,M_402,Other
403,booknlp,COREF,212,She,34118,34121,6,305,4,M_403,Other
404,booknlp,COREF,212,my,34157,34159,6,305,4,M_404,Other
405,pdnc,qID,Q254-0,you,34681,34684,15,309,4,M_405,Other
406,booknlp,COREF,212,her,34696,34699,6,309,4,M_406,Other
407,booknlp,COREF,212,she,34797,34800,6,311,4,M_407,Other
408,booknlp,COREF,212,I,34808,34809,6,311,4,M_408,Other
409,booknlp,COREF,212,I,34875,34876,6,313,4,M_409,Other
410,pdnc,qID,Q259-0,you,34905,34908,6,314,4,M_410,Other
411,booknlp,COREF,212,I,34921,34922,6,315,4,M_411,Other
412,exp,exp_name,the driver,The driver,35136,35146,46,316,4,M_412,PROPN
413,booknlp,COREF,454,his,35154,35157,46,316,4,M_413,Other
414,pdnc,qID,Q261-0,you,35182,35185,6,317,4,M_414,Other
415,exp,exp_name,brett,Brett,35208,35213,6,317,4,M_415,PROPN
416,booknlp,COREF,212,her,35221,35224,6,317,4,M_416,Other
417,exp,exp_name,the driver,the driver,35284,35294,46,319,4,M_417,PROPN
418,exp,exp_name,brett,Brett,35422,35427,6,319,4,M_418,PROPN
419,exp,exp_name,brett,Brett,35519,35524,6,319,4,M_419,PROPN
420,pdnc,qID,Q264-0,you,35538,35541,15,319,4,M_420,Other
421,booknlp,COREF,212,I,35560,35561,6,319,4,M_421,Other
422,pdnc,qID,Q264-0,you,35568,35571,15,319,4,M_422,Other
423,booknlp,COREF,212,me,35616,35618,6,321,4,M_423,Other
424,exp,exp_name,brett,Brett,35699,35704,6,322,4,M_424,PROPN
425,booknlp,COREF,212,her,35725,35728,6,322,4,M_425,Other
426,booknlp,COREF,212,She,35734,35737,6,322,4,M_426,Other
427,booknlp,COREF,212,her,35746,35749,6,322,4,M_427,Other
428,booknlp,COREF,212,she,35758,35761,6,322,4,M_428,Other
429,booknlp,COREF,212,Her,35776,35779,6,322,4,M_429,Other
430,booknlp,COREF,212,I,35797,35798,6,322,4,M_430,Other
431,booknlp,COREF,212,I,35807,35808,6,322,4,M_431,Other
432,booknlp,COREF,212,She,35835,35838,6,322,4,M_432,Other
433,booknlp,COREF,212,her,35846,35849,6,322,4,M_433,Other
434,exp,exp_name,brett,Brett,36006,36011,6,323,4,M_434,PROPN
435,booknlp,COREF,212,I,36019,36020,6,323,4,M_435,Other
436,pdnc,qID,Q269-0,Brett,36053,36058,6,324,4,M_436,PROPN
437,pdnc,qID,Q269-0,Brett,36060,36065,6,324,4,M_437,PROPN
438,exp,exp_name,zizi,Zizi,36156,36160,42,324,4,M_438,PROPN
439,booknlp,COREF,212,her,36175,36178,6,324,4,M_439,Other
440,booknlp,COREF,212,I,36181,36182,6,324,4,M_440,Other
441,pdnc,qID,Q269-1,you,36210,36213,6,324,4,M_441,Other
442,pdnc,qID,Q270-0,Zizi,36225,36229,42,325,4,M_442,PROPN
443,exp,exp_name,brett,Brett,36232,36237,6,325,4,M_443,PROPN
444,booknlp,COREF,216,I,36246,36247,42,326,4,M_444,Other
445,pdnc,qID,Q271-0,you,36253,36256,6,326,4,M_445,Other
446,pdnc,qID,Q271-0,a friend,36265,36273,7,326,4,M_446,Other
447,exp,exp_name,zizi,Zizi,36276,36280,42,326,4,M_447,PROPN
448,pdnc,qID,Q272-0,Count Mippipopolous,36308,36327,7,327,4,M_448,Other
449,pdnc,qID,Q272-0,my friend Lady Ashley,36334,36355,6,327,4,M_449,Other
450,pdnc,qID,Q273-0,you,36367,36370,7,328,4,M_450,Other
451,exp,exp_name,brett,Brett,36381,36386,6,328,4,M_451,PROPN
452,pdnc,qID,Q274-0,your Ladyship,36401,36414,6,329,4,M_452,Other
453,exp,exp_name,count mippipopolous,Count Mippipopolous,36454,36473,7,329,4,M_453,PROPN
454,booknlp,COREF,217,his,36502,36505,7,329,4,M_454,Other
455,exp,exp_name,brett,Brett,36535,36540,6,330,4,M_455,PROPN
456,pdnc,qID,Q276-1,you,36606,36609,6,331,4,M_456,Other
457,exp,exp_name,brett,Brett,36676,36681,6,332,4,M_457,PROPN
458,exp,exp_name,braddocks,Braddocks,36696,36705,13,333,4,M_458,PROPN
459,pdnc,qID,Q278-0,Barnes,36734,36740,15,333,4,M_459,Other
460,pdnc,qID,Q278-1,That girl of yours,36767,36785,10,333,4,M_460,Other
461,pdnc,qID,Q280-0,the patronne,36838,36850,35,335,4,M_461,Other
462,pdnc,qID,Q280-0,She,36883,36886,10,335,4,M_462,Other
463,pdnc,qID,Q280-0,her,36925,36928,10,335,4,M_463,Other
464,pdnc,qID,Q280-0,the patronne,36954,36966,35,335,4,M_464,Other
465,pdnc,qID,Q282-0,her,37052,37055,10,337,4,M_465,Other
466,pdnc,qID,Q283-1,Cohn,37184,37188,23,338,4,M_466,Other
467,pdnc,qID,Q284-0,He,37193,37195,23,339,4,M_467,Other
468,pdnc,qID,Q284-0,Frances,37211,37218,9,339,4,M_468,Other
469,pdnc,qID,Q285-0,Poor chap,37245,37254,23,340,4,M_469,Other
470,pdnc,qID,Q285-0,he,37256,37258,23,340,4,M_470,Other
471,exp,exp_name,braddocks,Braddocks,37280,37289,13,340,4,M_471,PROPN
472,pdnc,qID,Q286-0,he,37309,37311,23,341,4,M_472,Other
473,exp,exp_name,mrs. braddocks,Mrs. Braddocks,37322,37336,21,341,4,M_473,PROPN
474,exp,exp_name,brett,Brett,37406,37411,6,343,4,M_474,PROPN
475,pdnc,qID,Q288-0,you,37462,37465,15,343,4,M_475,Other
476,pdnc,qID,Q288-0,sir,37496,37499,15,343,4,M_476,PROPN
477,exp,exp_name,brett,Brett,37566,37571,6,345,4,M_477,PROPN
478,pdnc,qID,Q292-0,you,37636,37639,15,347,4,M_478,Other
479,pdnc,qID,Q295-0,you,37714,37717,6,350,4,M_479,Other
480,exp,exp_name,brett,Brett,37879,37884,6,355,4,M_480,PROPN
481,booknlp,COREF,212,I,37892,37893,6,355,4,M_481,Other
482,pdnc,qID,Q300-1,you,37907,37910,15,355,4,M_482,Other
483,booknlp,COREF,212,I,37922,37923,6,355,4,M_483,Other
484,booknlp,COREF,219,Mike,37939,37943,19,356,4,M_484,PROPN
485,pdnc,qID,Q303-0,sir,37978,37981,15,358,4,M_485,PROPN
486,exp,exp_name,the concierge,the concierge,38898,38911,29,360,4,M_486,PROPN
487,booknlp,COREF,625,she,38949,38952,29,360,4,M_487,Other
488,booknlp,COREF,625,her,38979,38982,29,360,4,M_488,Other
489,exp,exp_name,the man,the man,39528,39535,33,360,4,M_489,PROPN
490,exp,exp_name,zizi,Zizi,39749,39753,42,360,4,M_490,PROPN
491,exp,exp_name,brett,Brett,39807,39812,6,360,4,M_491,PROPN
492,exp,exp_name,lady ashley,Lady Ashley,39831,39842,6,360,4,M_492,PROPN
493,exp,exp_name,brett,Brett,39857,39862,6,360,4,M_493,PROPN
494,booknlp,COREF,212,you,39877,39880,6,360,4,M_494,Other
495,exp,exp_name,lady ashley,Lady Ashley,39882,39893,6,360,4,M_495,PROPN
496,exp,exp_name,the liaison colonel,the liaison colonel,41302,41321,34,362,4,M_496,PROPN
497,booknlp,COREF,652,him,41435,41438,34,362,4,M_497,Other
498,booknlp,COREF,652,he,41454,41456,34,362,4,M_498,Other
499,pdnc,qID,Q304-0,You,41486,41489,15,362,4,M_499,Other
500,pdnc,qID,Q304-1,your,41575,41579,15,362,4,M_500,Other
501,booknlp,COREF,652,He,41661,41663,34,362,4,M_501,Other
502,booknlp,COREF,652,He,41679,41681,34,362,4,M_502,Other
503,booknlp,COREF,652,himself,41694,41701,34,362,4,M_503,Other
504,exp,exp_name,brett,Brett,41927,41932,6,363,4,M_504,PROPN
505,booknlp,COREF,212,she,41976,41979,6,363,4,M_505,Other
506,booknlp,COREF,212,she,41997,42000,6,363,4,M_506,Other
507,exp,exp_name,brett,Brett,42357,42362,6,364,4,M_507,PROPN
508,exp,exp_name,brett,Brett,42418,42423,6,364,4,M_508,PROPN
509,exp,exp_name,the concierge,The concierge,42820,42833,29,365,4,M_509,PROPN
510,booknlp,COREF,625,She,42859,42862,29,365,4,M_510,Other
511,pdnc,qID,Q305-0,you,42933,42936,15,366,4,M_511,Other
512,pdnc,qID,Q305-0,Monsieur Barnes,42938,42953,15,366,4,M_512,Other
513,exp,exp_name,the concierge,the concierge,42956,42969,29,366,4,M_513,PROPN
514,booknlp,COREF,625,me,42990,42992,29,367,4,M_514,Other
515,pdnc,qID,Q307-0,She,43115,43118,6,368,4,M_515,Other
516,pdnc,qID,Q307-0,she,43124,43127,6,368,4,M_516,Other
517,pdnc,qID,Q307-0,you,43137,43140,15,368,4,M_517,Other
518,booknlp,COREF,625,I,43142,43143,29,368,4,M_518,Other
519,pdnc,qID,Q307-0,her,43152,43155,6,368,4,M_519,Other
520,pdnc,qID,Q307-0,you,43156,43159,15,368,4,M_520,Other
521,exp,exp_name,brett,Brett,43186,43191,6,369,4,M_521,PROPN
522,exp,exp_name,georgette,Georgette,43236,43245,10,369,4,M_522,PROPN
523,booknlp,COREF,205,She,43265,43268,10,369,4,M_523,Other
524,pdnc,qID,Q308-0,you,43309,43312,29,370,4,M_524,Other
525,pdnc,qID,Q308-0,her,43318,43321,6,370,4,M_525,Other
526,exp,exp_name,brett,Brett,43336,43341,6,371,4,M_526,PROPN
527,booknlp,COREF,212,she,43368,43371,6,371,4,M_527,Other
528,booknlp,COREF,212,she,43410,43413,6,371,4,M_528,Other
529,booknlp,COREF,212,I,43440,43441,6,371,4,M_529,Other
530,pdnc,qID,Q309-1,you,43447,43450,15,371,4,M_530,Other
531,pdnc,qID,Q309-1,you,43472,43475,15,371,4,M_531,Other
532,pdnc,qID,Q310-0,you,43489,43492,6,372,4,M_532,Other
533,exp,exp_name,brett,Brett,43624,43629,6,374,4,M_533,PROPN
534,booknlp,COREF,212,I,43637,43638,6,374,4,M_534,Other
535,pdnc,qID,Q312-1,darling,43681,43688,15,374,4,M_535,Other
536,pdnc,qID,Q312-1,the count,43700,43709,7,374,4,M_536,Other
537,pdnc,qID,Q312-1,He,43711,43713,7,374,4,M_537,Other
538,booknlp,COREF,212,me,43722,43724,6,374,4,M_538,Other
539,pdnc,qID,Q313-0,he,43741,43743,7,375,4,M_539,Other
540,exp,exp_name,brett,Brett,43817,43822,6,376,4,M_540,PROPN
541,booknlp,COREF,212,me,43844,43846,6,376,4,M_541,Other
542,pdnc,qID,Q314-1,The count,43854,43863,7,376,4,M_542,Other
543,pdnc,qID,Q314-1,He,43877,43879,7,376,4,M_543,Other
544,pdnc,qID,Q315-0,he,43905,43907,7,377,4,M_544,Other
545,booknlp,COREF,212,I,43932,43933,6,378,4,M_545,Other
546,pdnc,qID,Q316-0,you,43951,43954,15,378,4,M_546,Other
547,pdnc,qID,Q316-0,he,44040,44042,7,378,4,M_547,Other
548,booknlp,COREF,212,She,44099,44102,6,379,4,M_548,Other
549,booknlp,COREF,212,her,44113,44116,6,379,4,M_549,Other
550,pdnc,qID,Q317-0,he,44132,44134,7,380,4,M_550,Other
551,booknlp,COREF,212,me,44200,44202,6,380,4,M_551,Other
552,pdnc,qID,Q317-0,He,44242,44244,7,380,4,M_552,Other
553,booknlp,COREF,212,She,44310,44313,6,381,4,M_553,Other
554,booknlp,COREF,212,I,44343,44344,6,382,4,M_554,Other
555,pdnc,qID,Q318-0,You,44369,44372,15,382,4,M_555,Other
556,pdnc,qID,Q318-0,you,44388,44391,15,382,4,M_556,Other
557,pdnc,qID,Q318-0,He,44393,44395,7,382,4,M_557,Other
558,pdnc,qID,Q318-0,Zizi,44413,44417,42,382,4,M_558,PROPN
559,pdnc,qID,Q318-0,you,44419,44422,15,382,4,M_559,Other
560,pdnc,qID,Q319-0,Zizi,44435,44439,42,383,4,M_560,PROPN
561,booknlp,COREF,212,I,44463,44464,6,384,4,M_561,Other
562,pdnc,qID,Q320-0,you,44490,44493,15,384,4,M_562,Other
563,booknlp,COREF,212,I,44516,44517,6,384,4,M_563,Other
564,pdnc,qID,Q320-0,the count,44531,44540,7,384,4,M_564,Other
565,pdnc,qID,Q321-0,you,44555,44558,6,385,4,M_565,Other
566,pdnc,qID,Q321-0,him,44567,44570,7,385,4,M_566,Other
567,pdnc,qID,Q322-0,He,44591,44593,7,386,4,M_567,Other
568,booknlp,COREF,212,me,44607,44609,6,386,4,M_568,Other
569,booknlp,COREF,212,me,44628,44630,6,386,4,M_569,Other
570,pdnc,qID,Q322-0,him,44675,44678,7,386,4,M_570,Other
571,booknlp,COREF,212,I,44749,44750,6,388,4,M_571,Other
572,pdnc,qID,Q324-0,him,44756,44759,7,388,4,M_572,Other
573,booknlp,COREF,212,I,44760,44761,6,388,4,M_573,Other
574,pdnc,qID,Q324-0,He,44778,44780,7,388,4,M_574,Other
575,pdnc,qID,Q324-0,him,44813,44816,7,388,4,M_575,Other
576,booknlp,COREF,212,I,44817,44818,6,388,4,M_576,Other
577,exp,exp_name,brett,Brett,44855,44860,6,389,4,M_577,PROPN
578,pdnc,qID,Q325-0,you,44879,44882,15,390,4,M_578,Other
579,exp,exp_name,brett,Brett,45008,45013,6,391,4,M_579,PROPN
580,pdnc,qID,Q326-1,he,45026,45028,7,391,4,M_580,Other
581,booknlp,COREF,212,me,45036,45038,6,391,4,M_581,Other
582,pdnc,qID,Q326-1,him,45060,45063,7,391,4,M_582,Other
583,pdnc,qID,Q326-1,him,45070,45073,7,391,4,M_583,Other
584,booknlp,COREF,212,I,45074,45075,6,391,4,M_584,Other
585,pdnc,qID,Q326-1,him,45126,45129,7,391,4,M_585,Other
586,booknlp,COREF,212,I,45130,45131,6,391,4,M_586,Other
587,pdnc,qID,Q326-1,him,45174,45177,7,391,4,M_587,Other
588,booknlp,COREF,212,I,45178,45179,6,391,4,M_588,Other
589,booknlp,COREF,212,I,45233,45234,6,391,4,M_589,Other
590,pdnc,qID,Q326-1,him,45241,45244,7,391,4,M_590,Other
591,booknlp,COREF,212,me,45254,45256,6,391,4,M_591,Other
592,pdnc,qID,Q327-1,him,45364,45367,7,392,4,M_592,Other
593,pdnc,qID,Q327-1,you,45387,45390,15,392,4,M_593,Other
594,pdnc,qID,Q327-1,He,45425,45427,7,392,4,M_594,Other
595,pdnc,qID,Q331-0,you,45577,45580,15,396,4,M_595,Other
596,pdnc,qID,Q331-0,He,45636,45638,7,396,4,M_596,Other
597,pdnc,qID,Q332-0,The count,45676,45685,7,397,4,M_597,Other
598,pdnc,qID,Q333-0,you,45845,45848,15,398,4,M_598,Other
599,pdnc,qID,Q334-1,you,45913,45916,6,399,4,M_599,Other
600,pdnc,qID,Q337-0,him,46000,46003,7,402,4,M_600,Other
601,pdnc,qID,Q339-0,darling,46062,46069,15,404,4,M_601,Other
602,pdnc,qID,Q341-0,You,46099,46102,15,406,4,M_602,Other
603,exp,exp_name,brett,Brett,46143,46148,6,407,4,M_603,PROPN
604,pdnc,qID,Q342-1,darling,46199,46206,15,407,4,M_604,Other
605,pdnc,qID,Q343-0,You,46211,46214,6,408,4,M_605,Other
606,exp,exp_name,the concierge,the concierge,46304,46317,29,410,4,M_606,PROPN
607,exp,exp_name,brett,Brett,46409,46414,6,410,4,M_607,PROPN
608,booknlp,COREF,212,She,46500,46503,6,410,4,M_608,Other
609,exp,exp_name,brett,Brett,46815,46820,6,410,4,M_609,PROPN
610,booknlp,COREF,212,her,46875,46878,6,410,4,M_610,Other
611,booknlp,COREF,212,her,46947,46950,6,410,4,M_611,Other
612,exp,exp_name,the man,the man,47891,47898,33,412,5,M_612,PROPN
613,exp,exp_name,the man,the man,47926,47933,33,412,5,M_613,PROPN
614,exp,exp_name,the man,The man,48121,48128,33,412,5,M_614,PROPN
615,exp,exp_name,woolsey,Woolsey,49168,49175,40,413,5,M_615,PROPN
616,exp,exp_name,krum,Krum,49180,49184,16,413,5,M_616,PROPN
617,pdnc,qID,Q345-0,you,49196,49199,15,414,5,M_617,Other
618,pdnc,qID,Q345-0,Jake,49211,49215,15,414,5,M_618,Other
619,exp,exp_name,krum,Krum,49224,49228,16,414,5,M_619,PROPN
620,booknlp,COREF,227,I,49231,49232,16,414,5,M_620,Other
621,pdnc,qID,Q345-1,you,49243,49246,15,414,5,M_621,Other
622,booknlp,COREF,227,I,49290,49291,16,416,5,M_622,Other
623,booknlp,COREF,227,I,49410,49411,16,418,5,M_623,Other
624,exp,exp_name,krum,Krum,49440,49444,16,418,5,M_624,PROPN
625,pdnc,qID,Q349-1,You,49447,49450,15,418,5,M_625,Other
626,exp,exp_name,woolsey,Woolsey,49521,49528,40,419,5,M_626,PROPN
627,exp,exp_name,krum,Krum,49554,49558,16,420,5,M_627,PROPN
628,booknlp,COREF,227,I,49561,49562,16,420,5,M_628,Other
629,booknlp,COREF,227,I,49573,49574,16,420,5,M_629,Other
630,booknlp,COREF,227,I,49600,49601,16,420,5,M_630,Other
631,exp,exp_name,woolsey,Woolsey,49736,49743,40,421,5,M_631,PROPN
632,exp,exp_name,krum,Krum,49773,49777,16,422,5,M_632,PROPN
633,booknlp,COREF,227,I,49786,49787,16,422,5,M_633,Other
634,booknlp,COREF,226,you,49796,49799,40,422,5,M_634,Other
635,booknlp,COREF,227,I,49810,49811,16,422,5,M_635,Other
636,booknlp,COREF,227,I,49858,49859,16,422,5,M_636,Other
637,booknlp,COREF,227,I,49987,49988,16,424,5,M_637,Other
638,exp,exp_name,the chauffeur,The chauffeur,50067,50080,28,425,5,M_638,PROPN
639,pdnc,qID,Q357-0,old man,50156,50163,15,426,5,M_639,Other
640,exp,exp_name,krum,Krum,50166,50170,16,426,5,M_640,PROPN
641,exp,exp_name,woolsey,Woolsey,50177,50184,40,426,5,M_641,PROPN
642,booknlp,COREF,226,his,50191,50194,40,426,5,M_642,Other
643,booknlp,COREF,226,I,50202,50203,40,426,5,M_643,Other
644,booknlp,COREF,227,he,50229,50231,16,426,5,M_644,Other
645,exp,exp_name,krum,Krum,50283,50287,16,427,5,M_645,PROPN
646,pdnc,qID,Q359-0,You,50298,50301,15,428,5,M_646,Other
647,pdnc,qID,Q359-0,Jake,50312,50316,15,428,5,M_647,Other
648,booknlp,COREF,227,he,50319,50321,16,428,5,M_648,Other
649,booknlp,COREF,227,me,50340,50342,16,428,5,M_649,Other
650,booknlp,COREF,227,I,50388,50389,16,430,5,M_650,Other
651,exp,exp_name,krum,Krum,50425,50429,16,431,5,M_651,PROPN
652,booknlp,COREF,227,his,50434,50437,16,431,5,M_652,Other
653,pdnc,qID,Q362-0,you,50453,50456,15,431,5,M_653,Other
654,pdnc,qID,Q363-0,You,50487,50490,16,432,5,M_654,Other
655,exp,exp_name,robert cohn,Robert Cohn,50536,50547,23,433,5,M_655,PROPN
656,pdnc,qID,Q364-0,Jake,50576,50580,15,433,5,M_656,Other
657,booknlp,COREF,227,me,50625,50627,16,434,5,M_657,Other
658,pdnc,qID,Q368-0,you,50733,50736,23,437,5,M_658,Other
659,exp,exp_name,sommelier,sommelier,50866,50875,25,439,5,M_659,PROPN
660,booknlp,COREF,227,I,51045,51046,16,441,5,M_660,Other
661,booknlp,COREF,227,I,51102,51103,16,443,5,M_661,Other
662,booknlp,COREF,227,I,51175,51176,16,445,5,M_662,Other
663,booknlp,COREF,227,me,51201,51203,16,445,5,M_663,Other
664,booknlp,COREF,227,I,51274,51275,16,447,5,M_664,Other
665,pdnc,qID,Q378-0,you,51306,51309,23,448,5,M_665,Other
666,pdnc,qID,Q379-0,Frances,51324,51331,9,449,5,M_666,Other
667,pdnc,qID,Q380-1,her,51357,51360,9,450,5,M_667,Other
668,pdnc,qID,Q380-1,you,51366,51369,23,450,5,M_668,Other
669,pdnc,qID,Q381-0,She,51374,51377,9,451,5,M_669,Other
670,pdnc,qID,Q381-0,she,51425,51428,9,451,5,M_670,Other
671,pdnc,qID,Q381-0,She,51436,51439,9,451,5,M_671,Other
672,pdnc,qID,Q382-0,her,51478,51481,9,452,5,M_672,Other
673,booknlp,COREF,227,I,51500,51501,16,453,5,M_673,Other
674,booknlp,COREF,227,I,51509,51510,16,453,5,M_674,Other
675,pdnc,qID,Q383-0,her,51541,51544,9,453,5,M_675,Other
676,pdnc,qID,Q384-0,you,51622,51625,15,455,5,M_676,Other
677,pdnc,qID,Q384-0,Lady Brett Ashley,51637,51654,6,455,5,M_677,PROPN
678,pdnc,qID,Q384-0,Jake,51656,51660,15,455,5,M_678,Other
679,pdnc,qID,Q385-0,Her,51665,51668,6,456,5,M_679,Other
680,pdnc,qID,Q385-0,Lady Ashley,51676,51687,6,456,5,M_680,PROPN
681,pdnc,qID,Q385-0,Brett,51689,51694,6,456,5,M_681,PROPN
682,pdnc,qID,Q385-0,her,51697,51700,6,456,5,M_682,Other
683,pdnc,qID,Q385-0,She,51711,51714,6,456,5,M_683,Other
684,pdnc,qID,Q385-1,She,51740,51743,6,456,5,M_684,Other
685,pdnc,qID,Q385-1,she,51768,51771,6,456,5,M_685,Other
686,pdnc,qID,Q385-1,Mike Campbell,51789,51802,19,456,5,M_686,PROPN
687,pdnc,qID,Q385-1,He,51804,51806,19,456,5,M_687,Other
688,pdnc,qID,Q386-0,She,51839,51842,6,457,5,M_688,Other
689,pdnc,qID,Q387-0,she,51885,51888,6,458,5,M_689,Other
690,pdnc,qID,Q388-0,her,51925,51928,6,459,5,M_690,Other
691,pdnc,qID,Q388-0,She,51950,51953,6,459,5,M_691,Other
692,pdnc,qID,Q389-0,She,51999,52002,6,460,5,M_692,Other
693,exp,exp_name,cohn,Cohn,52062,52066,23,461,5,M_693,PROPN
694,pdnc,qID,Q391-0,You,52102,52105,23,462,5,M_694,Other
695,pdnc,qID,Q391-0,you,52122,52125,23,462,5,M_695,Other
696,pdnc,qID,Q391-0,her,52132,52135,6,462,5,M_696,Other
697,pdnc,qID,Q392-0,her,52200,52203,6,463,5,M_697,Other
698,pdnc,qID,Q393-0,She,52208,52211,6,464,5,M_698,Other
699,pdnc,qID,Q393-1,She,52233,52236,6,464,5,M_699,Other
700,pdnc,qID,Q393-1,Mike Campbell,52252,52265,19,464,5,M_700,PROPN
701,pdnc,qID,Q393-1,she,52271,52274,6,464,5,M_701,Other
702,pdnc,qID,Q393-1,him,52292,52295,19,464,5,M_702,Other
703,pdnc,qID,Q393-1,He,52297,52299,19,464,5,M_703,Other
704,pdnc,qID,Q394-0,she,52356,52359,6,465,5,M_704,Other
705,pdnc,qID,Q394-0,him,52374,52377,19,465,5,M_705,Other
706,pdnc,qID,Q396-0,you,52438,52441,15,467,5,M_706,Other
707,pdnc,qID,Q396-0,her,52448,52451,6,467,5,M_707,Other
708,pdnc,qID,Q397-1,She,52483,52486,6,468,5,M_708,Other
709,pdnc,qID,Q398-0,She,52544,52547,6,469,5,M_709,Other
710,pdnc,qID,Q399-0,She,52583,52586,6,470,5,M_710,Other
711,pdnc,qID,Q400-0,she,52618,52621,6,471,5,M_711,Other
712,exp,exp_name,ashley,Ashley,52628,52634,6,471,5,M_712,PROPN
713,pdnc,qID,Q401-0,Her,52655,52658,6,472,5,M_713,Other
714,pdnc,qID,Q402-0,You,52716,52719,15,473,5,M_714,Other
715,pdnc,qID,Q403-0,you,52795,52798,23,474,5,M_715,Other
716,pdnc,qID,Q404-0,she,52829,52832,6,475,5,M_716,Other
717,pdnc,qID,Q404-0,she,52853,52856,6,475,5,M_717,Other
718,pdnc,qID,Q405-1,She,52889,52892,6,476,5,M_718,Other
719,pdnc,qID,Q407-1,you,52992,52995,23,478,5,M_719,Other
720,pdnc,qID,Q408-0,you,53036,53039,15,479,5,M_720,Other
721,pdnc,qID,Q409-0,You,53049,53052,23,480,5,M_721,Other
722,pdnc,qID,Q409-0,Brett Ashley,53080,53092,6,480,5,M_722,PROPN
723,pdnc,qID,Q410-0,you,53110,53113,15,481,5,M_723,Other
724,pdnc,qID,Q410-0,her,53124,53127,6,481,5,M_724,Other
725,pdnc,qID,Q413-0,You,53311,53314,15,485,5,M_725,Other
726,pdnc,qID,Q416-0,Brett Ashley,53432,53444,6,488,5,M_726,PROPN
727,exp,exp_name,cohn,Cohn,53577,53581,23,491,5,M_727,PROPN
728,pdnc,qID,Q419-0,You,53694,53697,15,491,5,M_728,Other
729,pdnc,qID,Q419-0,Jake,53732,53736,15,491,5,M_729,Other
730,exp,exp_name,cohn,Cohn,53833,53837,23,493,5,M_730,PROPN
731,pdnc,qID,Q421-1,You,53845,53848,15,493,5,M_731,Other
732,pdnc,qID,Q421-1,Jake,53889,53893,15,493,5,M_732,Other
733,exp,exp_name,cohn,Cohn,54170,54174,23,497,5,M_733,PROPN
734,exp,exp_name,brett,Brett,54194,54199,6,497,5,M_734,PROPN
735,exp,exp_name,brett,Brett,54445,54450,6,499,6,M_735,PROPN
736,booknlp,COREF,212,She,54452,54455,6,499,6,M_736,Other
737,exp,exp_name,brett,Brett,54604,54609,6,499,6,M_737,PROPN
738,exp,exp_name,the barman,the barman,54706,54716,44,499,6,M_738,PROPN
739,exp,exp_name,brett,Brett,54718,54723,6,499,6,M_739,PROPN
740,booknlp,COREF,212,her,54776,54779,6,499,6,M_740,Other
741,exp,exp_name,robert cohn,Robert Cohn,55735,55746,23,500,6,M_741,PROPN
742,exp,exp_name,cohn,Cohn,55788,55792,23,500,6,M_742,PROPN
743,exp,exp_name,harvey stone,Harvey Stone,56336,56348,12,501,6,M_743,PROPN
744,booknlp,COREF,231,He,56350,56352,12,501,6,M_744,Other
745,booknlp,COREF,231,him,56387,56390,12,501,6,M_745,Other
746,booknlp,COREF,231,he,56396,56398,12,501,6,M_746,Other
747,booknlp,COREF,231,Harvey,56433,56439,12,502,6,M_747,Other
748,booknlp,COREF,231,I,56442,56443,12,502,6,M_748,Other
749,pdnc,qID,Q425-1,you,56464,56467,15,502,6,M_749,Other
750,pdnc,qID,Q427-0,you,56520,56523,15,504,6,M_750,Other
751,pdnc,qID,Q430-0,you,56587,56590,12,507,6,M_751,Other
752,booknlp,COREF,231,I,56670,56671,12,510,6,M_752,Other
753,booknlp,COREF,231,I,56684,56685,12,510,6,M_753,Other
754,booknlp,COREF,231,I,56707,56708,12,510,6,M_754,Other
755,booknlp,COREF,231,He,56743,56745,12,511,6,M_755,Other
756,pdnc,qID,Q434-0,you,56792,56795,15,512,6,M_756,Other
757,pdnc,qID,Q434-0,Jake,56820,56824,15,512,6,M_757,Other
758,booknlp,COREF,231,I,56837,56838,12,514,6,M_758,Other
759,booknlp,COREF,231,Harvey,56946,56952,12,515,6,M_759,Other
760,booknlp,COREF,231,he,57082,57084,12,517,6,M_760,Other
761,booknlp,COREF,231,I,57094,57095,12,517,6,M_761,Other
762,pdnc,qID,Q438-1,you,57101,57104,15,517,6,M_762,Other
763,pdnc,qID,Q438-1,Jake,57119,57123,15,517,6,M_763,Other
764,booknlp,COREF,231,I,57130,57131,12,517,6,M_764,Other
765,booknlp,COREF,231,I,57144,57145,12,517,6,M_765,Other
766,booknlp,COREF,231,I,57169,57170,12,517,6,M_766,Other
767,booknlp,COREF,231,my,57187,57189,12,517,6,M_767,Other
768,booknlp,COREF,231,I,57200,57201,12,517,6,M_768,Other
769,pdnc,qID,Q439-0,you,57262,57265,12,519,6,M_769,Other
770,pdnc,qID,Q439-0,Harvey,57271,57277,12,519,6,M_770,Other
771,pdnc,qID,Q441-0,'s,57302,57304,15,521,6,M_771,Other
772,booknlp,COREF,231,Harvey,57448,57454,12,525,6,M_772,Other
773,booknlp,COREF,231,his,57474,57477,12,525,6,M_773,Other
774,pdnc,qID,Q445-0,you,57493,57496,12,526,6,M_774,Other
775,pdnc,qID,Q445-0,Harvey,57511,57517,12,526,6,M_775,Other
776,booknlp,COREF,231,I,57614,57615,12,529,6,M_776,Other
777,booknlp,COREF,231,Harvey,57775,57781,12,531,6,M_777,Other
778,booknlp,COREF,231,Harvey,57974,57980,12,533,6,M_778,Other
779,booknlp,COREF,231,Harvey,58120,58126,12,535,6,M_779,Other
780,booknlp,COREF,231,Harvey,58211,58217,12,537,6,M_780,Other
781,pdnc,qID,Q459-0,Cohn,58233,58237,23,538,6,M_781,Other
782,exp,exp_name,robert cohn,Robert Cohn,58248,58259,23,538,6,M_782,PROPN
783,pdnc,qID,Q460-0,That moron,58287,58297,23,539,6,M_783,Other
784,booknlp,COREF,231,Harvey,58305,58311,12,539,6,M_784,Other
785,exp,exp_name,cohn,Cohn,58313,58317,23,539,6,M_785,PROPN
786,pdnc,qID,Q462-0,Robert,58378,58384,23,541,6,M_786,PROPN
787,booknlp,COREF,231,Harvey,58387,58393,12,541,6,M_787,Other
788,booknlp,COREF,231,I,58401,58402,12,541,6,M_788,Other
789,pdnc,qID,Q462-1,Jake,58420,58424,15,541,6,M_789,Other
790,pdnc,qID,Q462-1,you,58435,58438,23,541,6,M_790,Other
791,pdnc,qID,Q463-0,you,58462,58465,12,542,6,M_791,Other
792,pdnc,qID,Q464-0,you,58518,58521,23,543,6,M_792,Other
793,pdnc,qID,Q464-0,you,58535,58538,23,543,6,M_793,Other
794,pdnc,qID,Q464-0,you,58557,58560,23,543,6,M_794,Other
795,exp,exp_name,cohn,Cohn,58571,58575,23,544,6,M_795,PROPN
796,exp,exp_name,cohn,Cohn,58650,58654,23,546,6,M_796,PROPN
797,booknlp,COREF,231,I,58694,58695,12,547,6,M_797,Other
798,pdnc,qID,Q467-0,you,58712,58715,23,547,6,M_798,Other
799,pdnc,qID,Q467-0,your,58743,58747,23,547,6,M_799,Other
800,exp,exp_name,cohn,Cohn,58805,58809,23,548,6,M_800,PROPN
801,booknlp,COREF,231,I,58904,58905,12,549,6,M_801,Other
802,pdnc,qID,Q469-0,you,58916,58919,23,549,6,M_802,Other
803,booknlp,COREF,231,Harvey,58922,58928,12,549,6,M_803,Other
804,pdnc,qID,Q469-1,You,58936,58939,23,549,6,M_804,Other
805,pdnc,qID,Q469-1,You,58956,58959,23,549,6,M_805,Other
806,pdnc,qID,Q470-0,You,59003,59006,12,550,6,M_806,Other
807,pdnc,qID,Q470-0,Harvey,59025,59031,12,550,6,M_807,Other
808,exp,exp_name,cohn,Cohn,59034,59038,23,550,6,M_808,PROPN
809,pdnc,qID,Q470-1,your,59074,59078,12,550,6,M_809,Other
810,exp,exp_name,harvey stone,Harvey Stone,59090,59102,12,551,6,M_810,PROPN
811,pdnc,qID,Q471-0,You,59113,59116,23,551,6,M_811,Other
812,booknlp,COREF,231,me,59190,59192,12,551,6,M_812,Other
813,booknlp,COREF,231,I,59194,59195,12,551,6,M_813,Other
814,pdnc,qID,Q472-0,you,59246,59249,12,552,6,M_814,Other
815,pdnc,qID,Q473-0,you,59302,59305,23,553,6,M_815,Other
816,pdnc,qID,Q473-0,your,59311,59315,23,553,6,M_816,Other
817,pdnc,qID,Q473-0,you,59337,59340,23,553,6,M_817,Other
818,booknlp,COREF,231,me,59381,59383,12,554,6,M_818,Other
819,booknlp,COREF,231,Harvey,59400,59406,12,555,6,M_819,Other
820,booknlp,COREF,231,me,59443,59445,12,555,6,M_820,Other
821,pdnc,qID,Q475-1,You,59447,59450,23,555,6,M_821,Other
822,booknlp,COREF,231,me,59474,59476,12,555,6,M_822,Other
823,pdnc,qID,Q476-0,Harvey,59490,59496,12,556,6,M_823,Other
824,booknlp,COREF,231,he,59536,59538,12,557,6,M_824,Other
825,booknlp,COREF,231,I,59546,59547,12,557,6,M_825,Other
826,pdnc,qID,Q477-1,you,59583,59586,15,557,6,M_826,Other
827,pdnc,qID,Q477-1,Jake,59594,59598,15,557,6,M_827,Other
828,booknlp,COREF,231,He,59602,59604,12,558,6,M_828,Other
829,booknlp,COREF,231,him,59645,59648,12,558,6,M_829,Other
830,booknlp,COREF,231,himself,59717,59724,12,558,6,M_830,Other
831,pdnc,qID,Q478-0,He,59743,59745,12,559,6,M_831,Other
832,exp,exp_name,cohn,Cohn,59768,59772,23,559,6,M_832,PROPN
833,pdnc,qID,Q478-1,him,59794,59797,12,559,6,M_833,Other
834,pdnc,qID,Q479-0,him,59809,59812,12,560,6,M_834,Other
835,pdnc,qID,Q479-1,him,59836,59839,12,560,6,M_835,Other
836,pdnc,qID,Q479-1,You,59841,59844,23,560,6,M_836,Other
837,pdnc,qID,Q479-1,him,59871,59874,12,560,6,M_837,Other
838,exp,exp_name,cohn,Cohn,59891,59895,23,561,6,M_838,PROPN
839,pdnc,qID,Q480-1,He,59903,59905,12,561,6,M_839,Other
840,booknlp,COREF,231,he,60096,60098,12,564,6,M_840,Other
841,booknlp,COREF,231,he,60108,60110,12,564,6,M_841,Other
842,booknlp,COREF,231,he,60168,60170,12,564,6,M_842,Other
843,booknlp,COREF,231,his,60188,60191,12,564,6,M_843,Other
844,exp,exp_name,robert cohn,Robert Cohn,60306,60317,23,564,6,M_844,PROPN
845,booknlp,COREF,231,he,60352,60354,12,564,6,M_845,Other
846,exp,exp_name,brett,Brett,60373,60378,6,564,6,M_846,PROPN
847,booknlp,COREF,231,him,60394,60397,12,564,6,M_847,Other
848,booknlp,COREF,231,him,60445,60448,12,564,6,M_848,Other
849,booknlp,COREF,231,He,60468,60470,12,564,6,M_849,Other
850,booknlp,COREF,231,he,60510,60512,12,564,6,M_850,Other
851,booknlp,COREF,231,he,60534,60536,12,564,6,M_851,Other
852,booknlp,COREF,231,he,60555,60557,12,564,6,M_852,Other
853,booknlp,COREF,231,his,60566,60569,12,564,6,M_853,Other
854,booknlp,COREF,231,he,60596,60598,12,564,6,M_854,Other
855,booknlp,COREF,231,him,60647,60650,12,564,6,M_855,Other
856,booknlp,COREF,231,he,60655,60657,12,564,6,M_856,Other
857,booknlp,COREF,231,he,60682,60684,12,564,6,M_857,Other
858,booknlp,COREF,231,He,60701,60703,12,564,6,M_858,Other
859,booknlp,COREF,231,he,60789,60791,12,564,6,M_859,Other
860,booknlp,COREF,231,he,60842,60844,12,564,6,M_860,Other
861,booknlp,COREF,231,his,60859,60862,12,564,6,M_861,Other
862,booknlp,COREF,231,he,60888,60890,12,564,6,M_862,Other
863,booknlp,COREF,231,he,60932,60934,12,564,6,M_863,Other
864,booknlp,COREF,231,him,60985,60988,12,564,6,M_864,Other
865,booknlp,COREF,231,He,60990,60992,12,564,6,M_865,Other
866,booknlp,COREF,231,him,61068,61071,12,564,6,M_866,Other
867,booknlp,COREF,231,He,61113,61115,12,564,6,M_867,Other
868,booknlp,COREF,231,He,61140,61142,12,564,6,M_868,Other
869,booknlp,COREF,231,he,61218,61220,12,564,6,M_869,Other
870,booknlp,COREF,231,he,61257,61259,12,564,6,M_870,Other
871,exp,exp_name,brett,Brett,61278,61283,6,564,6,M_871,PROPN
872,booknlp,COREF,231,his,61284,61287,12,564,6,M_872,Other
873,booknlp,COREF,231,him,61332,61335,12,564,6,M_873,Other
874,booknlp,COREF,231,him,61368,61371,12,564,6,M_874,Other
875,booknlp,COREF,231,He,61373,61375,12,564,6,M_875,Other
876,exp,exp_name,harvey stone,Harvey Stone,61464,61476,12,565,6,M_876,PROPN
877,pdnc,qID,Q486-0,Frances,61576,61583,9,569,6,M_877,Other
878,pdnc,qID,Q487-0,she,61626,61629,9,570,6,M_878,Other
879,exp,exp_name,frances clyne,Frances Clyne,61636,61649,9,571,6,M_879,PROPN
880,booknlp,COREF,200,She,61695,61698,9,571,6,M_880,Other
881,booknlp,COREF,200,She,61762,61765,9,571,6,M_881,Other
882,booknlp,COREF,200,her,61795,61798,9,571,6,M_882,Other
883,booknlp,COREF,200,she,61827,61830,9,572,6,M_883,Other
884,booknlp,COREF,200,I,61838,61839,9,572,6,M_884,Other
885,pdnc,qID,Q488-1,you,61850,61853,15,572,6,M_885,Other
886,pdnc,qID,Q488-1,Jake,61863,61867,15,572,6,M_886,Other
887,booknlp,COREF,200,I,61869,61870,9,572,6,M_887,Other
888,pdnc,qID,Q488-1,you,61898,61901,15,572,6,M_888,Other
889,pdnc,qID,Q489-0,Frances,61913,61920,9,573,6,M_889,Other
890,exp,exp_name,cohn,Cohn,61928,61932,23,573,6,M_890,PROPN
891,pdnc,qID,Q490-0,Robert,61959,61965,23,574,6,M_891,PROPN
892,pdnc,qID,Q490-0,you,61971,61974,23,574,6,M_892,Other
893,booknlp,COREF,200,She,61982,61985,9,574,6,M_893,Other
894,booknlp,COREF,200,I,62013,62014,9,574,6,M_894,Other
895,pdnc,qID,Q490-1,This one,62041,62049,23,574,6,M_895,Other
896,booknlp,COREF,200,her,62060,62063,9,574,6,M_896,Other
897,exp,exp_name,cohn,Cohn,62072,62076,23,574,6,M_897,PROPN
898,booknlp,COREF,200,I,62110,62111,9,575,6,M_898,Other
899,booknlp,COREF,200,I,62139,62140,9,576,6,M_899,Other
900,pdnc,qID,Q492-0,you,62151,62154,23,576,6,M_900,Other
901,booknlp,COREF,200,I,62202,62203,9,576,6,M_901,Other
902,booknlp,COREF,200,myself,62215,62221,9,576,6,M_902,Other
903,booknlp,COREF,200,I,62255,62256,9,576,6,M_903,Other
904,booknlp,COREF,200,I,62328,62329,9,576,6,M_904,Other
905,pdnc,qID,Q493-0,you,62392,62395,9,577,6,M_905,Other
906,booknlp,COREF,200,She,62429,62432,9,578,6,M_906,Other
907,booknlp,COREF,200,I,62478,62479,9,578,6,M_907,Other
908,booknlp,COREF,200,my,62492,62494,9,578,6,M_908,Other
909,booknlp,COREF,200,I,62540,62541,9,578,6,M_909,Other
910,pdnc,qID,Q494-1,you,62572,62575,15,578,6,M_910,Other
911,pdnc,qID,Q494-1,Jake,62577,62581,15,578,6,M_911,Other
912,pdnc,qID,Q496-0,a fine girl,62612,62623,10,580,6,M_912,Other
913,pdnc,qID,Q496-0,you,62624,62627,15,580,6,M_913,Other
914,pdnc,qID,Q496-0,that Brett one,62669,62683,6,580,6,M_914,Other
915,pdnc,qID,Q497-0,you,62694,62697,9,581,6,M_915,Other
916,pdnc,qID,Q497-0,her,62703,62706,6,581,6,M_916,Other
917,exp,exp_name,cohn,Cohn,62709,62713,23,581,6,M_917,PROPN
918,pdnc,qID,Q498-0,she,62731,62734,6,582,6,M_918,Other
919,pdnc,qID,Q498-0,you,62763,62766,23,582,6,M_919,Other
920,exp,exp_name,cohn,Cohn,62770,62774,23,583,6,M_920,PROPN
921,pdnc,qID,Q499-0,Jake,62797,62801,15,584,6,M_921,Other
922,booknlp,COREF,200,I,62803,62804,9,584,6,M_922,Other
923,pdnc,qID,Q499-0,you,62823,62826,15,584,6,M_923,Other
924,pdnc,qID,Q499-0,you,62834,62837,15,584,6,M_924,Other
925,booknlp,COREF,200,me,62853,62855,9,584,6,M_925,Other
926,pdnc,qID,Q499-0,You,62869,62872,23,584,6,M_926,Other
927,pdnc,qID,Q499-0,you,62893,62896,23,584,6,M_927,Other
928,pdnc,qID,Q499-0,Robert,62898,62904,23,584,6,M_928,PROPN
929,pdnc,qID,Q499-0,Jake,62915,62919,15,584,6,M_929,Other
930,pdnc,qID,Q500-0,Frances,63077,63084,9,586,6,M_930,Other
931,pdnc,qID,Q501-1,he,63126,63128,23,587,6,M_931,Other
932,pdnc,qID,Q502-0,you,63158,63161,9,588,6,M_932,Other
933,pdnc,qID,Q503-0,he,63175,63177,23,589,6,M_933,Other
934,pdnc,qID,Q503-0,he,63271,63273,23,589,6,M_934,Other
935,pdnc,qID,Q505-0,He,63322,63324,23,591,6,M_935,Other
936,pdnc,qID,Q505-0,he,63335,63337,23,591,6,M_936,Other
937,pdnc,qID,Q505-0,he,63387,63389,23,591,6,M_937,Other
938,pdnc,qID,Q506-0,him,63499,63502,23,593,6,M_938,Other
939,pdnc,qID,Q506-0,he,63506,63508,23,593,6,M_939,Other
940,pdnc,qID,Q506-0,him,63565,63568,23,593,6,M_940,Other
941,pdnc,qID,Q507-0,he,63833,63835,23,595,6,M_941,Other
942,pdnc,qID,Q507-0,he,63876,63878,23,595,6,M_942,Other
943,pdnc,qID,Q507-0,he,63884,63886,23,595,6,M_943,Other
944,pdnc,qID,Q509-0,him,63997,64000,23,597,6,M_944,Other
945,pdnc,qID,Q510-0,you,64272,64275,9,598,6,M_945,Other
946,pdnc,qID,Q511-0,him,64340,64343,23,599,6,M_946,Other
947,pdnc,qID,Q513-0,He,64584,64586,23,601,6,M_947,Other
948,pdnc,qID,Q514-0,He,64615,64617,23,602,6,M_948,Other
949,pdnc,qID,Q514-0,he,64638,64640,23,602,6,M_949,Other
950,pdnc,qID,Q514-0,he,64658,64660,23,602,6,M_950,Other
951,pdnc,qID,Q514-0,he,64686,64688,23,602,6,M_951,Other
952,pdnc,qID,Q515-0,him,65021,65024,23,604,6,M_952,Other
953,pdnc,qID,Q515-0,he,65025,65027,23,604,6,M_953,Other
954,pdnc,qID,Q515-0,he,65048,65050,23,604,6,M_954,Other
955,pdnc,qID,Q515-0,he,65074,65076,23,604,6,M_955,Other
956,pdnc,qID,Q515-0,him,65140,65143,23,604,6,M_956,Other
957,pdnc,qID,Q519-0,him,65382,65385,23,608,6,M_957,Other
958,pdnc,qID,Q519-0,you,65403,65406,15,608,6,M_958,Other
959,pdnc,qID,Q519-0,he,65420,65422,23,608,6,M_959,Other
960,pdnc,qID,Q520-0,He,65505,65507,23,608,6,M_960,Other
961,pdnc,qID,Q520-0,his,65562,65565,23,608,6,M_961,Other
962,pdnc,qID,Q520-0,he,65635,65637,23,608,6,M_962,Other
963,pdnc,qID,Q521-0,he,65688,65690,23,609,6,M_963,Other
964,pdnc,qID,Q522-0,You,65714,65717,15,610,6,M_964,Other
965,pdnc,qID,Q522-0,him,65729,65732,23,610,6,M_965,Other
966,pdnc,qID,Q522-0,Jake,65744,65748,15,610,6,M_966,Other
967,pdnc,qID,Q522-0,he,65762,65764,23,610,6,M_967,Other
968,pdnc,qID,Q522-0,he,65811,65813,23,610,6,M_968,Other
969,pdnc,qID,Q522-0,He,65837,65839,23,610,6,M_969,Other
970,exp,exp_name,cohn,Cohn,66061,66065,23,613,6,M_970,PROPN
971,pdnc,qID,Q525-0,you,66138,66141,23,614,6,M_971,Other
972,booknlp,COREF,200,Frances,66155,66162,9,614,6,M_972,Other
973,pdnc,qID,Q526-0,you,66214,66217,9,615,6,M_973,Other
974,pdnc,qID,Q526-0,Jake,66222,66226,15,615,6,M_974,Other
975,booknlp,COREF,200,I,66258,66259,9,616,6,M_975,Other
976,pdnc,qID,Q527-0,Jake,66268,66272,15,616,6,M_976,Other
977,booknlp,COREF,200,I,66327,66328,9,616,6,M_977,Other
978,pdnc,qID,Q527-0,Jake,66349,66353,15,616,6,M_978,Other
979,pdnc,qID,Q528-0,your,66394,66398,9,617,6,M_979,Other
980,booknlp,COREF,200,my,66431,66433,9,618,6,M_980,Other
981,pdnc,qID,Q529-0,Jake,66456,66460,15,618,6,M_981,Other
982,booknlp,COREF,200,I,66462,66463,9,618,6,M_982,Other
983,pdnc,qID,Q529-0,you,66479,66482,15,618,6,M_983,Other
984,booknlp,COREF,200,I,66484,66485,9,618,6,M_984,Other
985,pdnc,qID,Q531-0,Robert,66586,66592,23,620,6,M_985,PROPN
986,booknlp,COREF,200,me,66603,66605,9,620,6,M_986,Other
987,pdnc,qID,Q531-0,He,66607,66609,23,620,6,M_987,Other
988,booknlp,COREF,200,me,66626,66628,9,620,6,M_988,Other
989,booknlp,COREF,200,I,66657,66658,9,620,6,M_989,Other
990,exp,exp_name,cohn,Cohn,66759,66763,23,621,6,M_990,PROPN
991,pdnc,qID,Q532-0,You,66809,66812,23,622,6,M_991,Other
992,booknlp,COREF,200,me,66837,66839,9,622,6,M_992,Other
993,pdnc,qID,Q532-0,you,66866,66869,23,622,6,M_993,Other
994,pdnc,qID,Q532-0,Robert,66871,66877,23,622,6,M_994,PROPN
995,booknlp,COREF,200,I,66883,66884,9,622,6,M_995,Other
996,pdnc,qID,Q532-0,him,66890,66893,23,622,6,M_996,Other
997,booknlp,COREF,200,me,66899,66901,9,622,6,M_997,Other
998,pdnc,qID,Q532-0,He,66915,66917,23,622,6,M_998,Other
999,pdnc,qID,Q532-0,you,66949,66952,23,622,6,M_999,Other
1000,pdnc,qID,Q532-0,Robert,66954,66960,23,622,6,M_1000,PROPN
1001,exp,exp_name,robert cohn,Robert Cohn,67023,67034,23,623,6,M_1001,PROPN
1002,exp,exp_name,cohn,Cohn,67243,67247,23,623,6,M_1002,PROPN
1003,pdnc,qID,Q533-0,you,67423,67426,9,624,6,M_1003,Other
1004,pdnc,qID,Q533-0,Frances,67444,67451,9,624,6,M_1004,Other
1005,exp,exp_name,cohn,Cohn,67454,67458,23,624,6,M_1005,PROPN
1006,pdnc,qID,Q534-0,him,67484,67487,23,625,6,M_1006,Other
1007,pdnc,qID,Q534-0,Robert,67865,67871,23,625,6,M_1007,PROPN
1008,pdnc,qID,Q534-0,Robert,67910,67916,23,625,6,M_1008,PROPN
1009,pdnc,qID,Q534-0,Robert,68043,68049,23,625,6,M_1009,PROPN
1010,pdnc,qID,Q534-0,you,68057,68060,15,625,6,M_1010,Other
1011,pdnc,qID,Q534-0,Jake,68083,68087,15,625,6,M_1011,Other
1012,pdnc,qID,Q535-0,you,68219,68222,23,627,6,M_1012,Other
1013,pdnc,qID,Q535-0,Robert,68236,68242,23,627,6,M_1013,PROPN
1014,pdnc,qID,Q535-0,you,68310,68313,23,627,6,M_1014,Other
1015,pdnc,qID,Q535-0,your,68325,68329,23,627,6,M_1015,Other
1016,pdnc,qID,Q535-0,you,68385,68388,23,627,6,M_1016,Other
1017,pdnc,qID,Q535-0,Jake,68419,68423,15,627,6,M_1017,Other
1018,pdnc,qID,Q535-0,him,68463,68466,15,627,6,M_1018,Other
1019,pdnc,qID,Q536-0,Frances,68480,68487,9,628,6,M_1019,Other
1020,pdnc,qID,Q537-0,him,68523,68526,15,629,6,M_1020,Other
1021,pdnc,qID,Q537-0,Robert,68528,68534,23,629,6,M_1021,PROPN
1022,pdnc,qID,Q537-0,he,68624,68626,23,629,6,M_1022,Other
1023,pdnc,qID,Q537-0,he,68680,68682,23,629,6,M_1023,Other
1024,pdnc,qID,Q537-0,him,68730,68733,23,629,6,M_1024,Other
1025,pdnc,qID,Q537-0,he,68754,68756,23,629,6,M_1025,Other
1026,pdnc,qID,Q537-0,he,68806,68808,23,629,6,M_1026,Other
1027,pdnc,qID,Q537-0,he,68833,68835,23,629,6,M_1027,Other
1028,pdnc,qID,Q537-0,He,68898,68900,23,629,6,M_1028,Other
1029,pdnc,qID,Q537-0,you,68941,68944,23,629,6,M_1029,Other
1030,pdnc,qID,Q537-0,Robert,68946,68952,23,629,6,M_1030,PROPN
1031,pdnc,qID,Q538-0,You,68957,68960,15,630,6,M_1031,Other
1032,pdnc,qID,Q538-0,Jake,68984,68988,15,630,6,M_1032,Other
1033,pdnc,qID,Q538-0,he,69118,69120,23,630,6,M_1033,Other
1034,pdnc,qID,Q538-0,You,69252,69255,23,630,6,M_1034,Other
1035,pdnc,qID,Q538-0,your,69282,69286,23,630,6,M_1035,Other
1036,pdnc,qID,Q538-0,Robert,69298,69304,23,630,6,M_1036,PROPN
1037,pdnc,qID,Q539-0,Robert,69317,69323,23,631,6,M_1037,PROPN
1038,pdnc,qID,Q539-0,you,69372,69375,23,631,6,M_1038,Other
1039,pdnc,qID,Q539-0,Robert,69377,69383,23,631,6,M_1039,PROPN
1040,pdnc,qID,Q539-0,he,69396,69398,23,631,6,M_1040,Other
1041,pdnc,qID,Q539-0,He,69413,69415,23,631,6,M_1041,Other
1042,pdnc,qID,Q539-0,You,69445,69448,15,631,6,M_1042,Other
1043,pdnc,qID,Q539-0,he,69454,69456,23,631,6,M_1043,Other
1044,pdnc,qID,Q539-0,he,69539,69541,23,631,6,M_1044,Other
1045,pdnc,qID,Q539-0,he,69585,69587,23,631,6,M_1045,Other
1046,pdnc,qID,Q539-0,he,69640,69642,23,631,6,M_1046,Other
1047,pdnc,qID,Q540-0,Robert,69693,69699,23,632,6,M_1047,PROPN
1048,pdnc,qID,Q540-0,dear,69701,69705,23,632,6,M_1048,Other
1049,pdnc,qID,Q540-0,you,69719,69722,23,632,6,M_1049,Other
1050,pdnc,qID,Q540-0,You,69734,69737,23,632,6,M_1050,Other
1051,pdnc,qID,Q540-0,you,69755,69758,23,632,6,M_1051,Other
1052,pdnc,qID,Q540-0,your,69783,69787,23,632,6,M_1052,Other
1053,pdnc,qID,Q540-0,you,69822,69825,23,632,6,M_1053,Other
1054,pdnc,qID,Q540-0,you,69869,69872,23,632,6,M_1054,Other
1055,pdnc,qID,Q540-0,you,69895,69898,23,632,6,M_1055,Other
1056,pdnc,qID,Q540-0,You,69944,69947,23,632,6,M_1056,Other
1057,pdnc,qID,Q540-0,you,70246,70249,15,632,6,M_1057,Other
1058,pdnc,qID,Q540-0,Jake,70260,70264,15,632,6,M_1058,Other
1059,pdnc,qID,Q540-0,you,70301,70304,23,632,6,M_1059,Other
1060,pdnc,qID,Q540-0,Robert,70306,70312,23,632,6,M_1060,PROPN
1061,pdnc,qID,Q540-0,You,70314,70317,23,632,6,M_1061,Other
1062,pdnc,qID,Q540-0,Robert,70457,70463,23,632,6,M_1062,PROPN
1063,pdnc,qID,Q540-0,his,70509,70512,23,632,6,M_1063,Other
1064,pdnc,qID,Q540-0,him,70533,70536,23,632,6,M_1064,Other
1065,pdnc,qID,Q540-0,He,70538,70540,23,632,6,M_1065,Other
1066,pdnc,qID,Q540-0,you,70609,70612,23,632,6,M_1066,Other
1067,pdnc,qID,Q540-0,Robert,70626,70632,23,632,6,M_1067,PROPN
1068,pdnc,qID,Q540-0,you,70637,70640,23,632,6,M_1068,Other
1069,pdnc,qID,Q540-0,you,70696,70699,23,632,6,M_1069,Other
1070,pdnc,qID,Q541-0,Robert,70895,70901,23,632,6,M_1070,PROPN
1071,pdnc,qID,Q541-0,Jake,70918,70922,15,632,6,M_1071,Other
1072,pdnc,qID,Q541-0,you,71071,71074,23,632,6,M_1072,Other
1073,pdnc,qID,Q541-0,Robert,71089,71095,23,632,6,M_1073,PROPN
1074,pdnc,qID,Q541-0,you,71107,71110,23,632,6,M_1074,Other
1075,pdnc,qID,Q541-0,you,71172,71175,23,632,6,M_1075,Other
1076,pdnc,qID,Q541-0,Robert,71181,71187,23,632,6,M_1076,PROPN
1077,pdnc,qID,Q541-0,he,71231,71233,23,632,6,M_1077,Other
1078,pdnc,qID,Q541-0,he,71262,71264,23,632,6,M_1078,Other
1079,pdnc,qID,Q541-0,She,71276,71279,9,632,6,M_1079,Other
1080,pdnc,qID,Q541-0,his,71284,71287,23,632,6,M_1080,Other
1081,pdnc,qID,Q541-0,he,71339,71341,23,632,6,M_1081,Other
1082,pdnc,qID,Q541-0,he,71359,71361,23,632,6,M_1082,Other
1083,pdnc,qID,Q541-0,he,71380,71382,23,632,6,M_1083,Other
1084,booknlp,COREF,202,you,71438,71441,15,632,6,M_1084,Other
1085,pdnc,qID,Q541-0,him,71512,71515,23,632,6,M_1085,Other
1086,pdnc,qID,Q541-0,you,71547,71550,15,632,6,M_1086,Other
1087,pdnc,qID,Q541-0,Jake,71558,71562,15,632,6,M_1087,Other
1088,pdnc,qID,Q542-0,Harvey Stone,71593,71605,12,633,6,M_1088,PROPN
1089,exp,exp_name,cohn,Cohn,71618,71622,23,634,6,M_1089,PROPN
1090,exp,exp_name,the barman,the barman,71996,72006,44,635,6,M_1090,PROPN
1091,exp,exp_name,the driver,the driver,72300,72310,46,635,6,M_1091,PROPN
1092,exp,exp_name,the concierge,the concierge,72445,72458,29,637,7,M_1092,PROPN
1093,booknlp,COREF,625,her,72495,72498,29,637,7,M_1093,Other
1094,booknlp,COREF,625,she,72523,72526,29,637,7,M_1094,Other
1095,booknlp,COREF,625,She,72537,72540,29,637,7,M_1095,Other
1096,pdnc,qID,Q543-0,a lady,72608,72614,6,638,7,M_1096,Other
1097,pdnc,qID,Q543-0,you,72627,72630,15,638,7,M_1097,Other
1098,pdnc,qID,Q544-0,she,72639,72642,6,639,7,M_1098,Other
1099,pdnc,qID,Q545-0,She,72664,72667,6,640,7,M_1099,Other
1100,pdnc,qID,Q545-0,a gentleman,72677,72688,7,640,7,M_1100,Other
1101,pdnc,qID,Q545-0,he one who was here last night,72698,72728,6,640,7,M_1101,Other
1102,booknlp,COREF,625,I,72741,72742,29,640,7,M_1102,Other
1103,pdnc,qID,Q545-0,she,72748,72751,6,640,7,M_1103,Other
1104,pdnc,qID,Q546-0,she,72773,72776,6,641,7,M_1104,Other
1105,booknlp,COREF,625,I,72803,72804,29,642,7,M_1105,Other
1106,pdnc,qID,Q547-0,He,72817,72819,7,642,7,M_1106,Other
1107,pdnc,qID,Q547-0,He,72843,72845,7,642,7,M_1107,Other
1108,pdnc,qID,Q547-0,She,72880,72883,6,642,7,M_1108,Other
1109,pdnc,qID,Q547-0,she,72927,72930,6,642,7,M_1109,Other
1110,booknlp,COREF,625,She,72957,72960,29,642,7,M_1110,Other
1111,booknlp,COREF,625,her,72965,72968,29,642,7,M_1111,Other
1112,booknlp,COREF,625,I,73014,73015,29,642,7,M_1112,Other
1113,pdnc,qID,Q548-0,Monsieur Barnes,73044,73059,15,642,7,M_1113,Other
1114,booknlp,COREF,625,I,73072,73073,29,642,7,M_1114,Other
1115,pdnc,qID,Q548-0,her,73080,73083,6,642,7,M_1115,Other
1116,booknlp,COREF,625,I,73112,73113,29,642,7,M_1116,Other
1117,pdnc,qID,Q548-0,her,73137,73140,6,642,7,M_1117,Other
1118,booknlp,COREF,625,I,73161,73162,29,642,7,M_1118,Other
1119,pdnc,qID,Q548-0,you,73168,73171,15,642,7,M_1119,Other
1120,pdnc,qID,Q548-0,She,73173,73176,6,642,7,M_1120,Other
1121,pdnc,qID,Q548-0,She,73201,73204,6,642,7,M_1121,Other
1122,pdnc,qID,Q548-0,you,73243,73246,15,642,7,M_1122,Other
1123,pdnc,qID,Q552-0,Monsieur Barnes,73377,73392,15,646,7,M_1123,Other
1124,pdnc,qID,Q552-0,that lady,73398,73407,6,646,7,M_1124,Other
1125,pdnc,qID,Q552-0,that lady,73409,73418,6,646,7,M_1125,Other
1126,exp,exp_name,the concierge,The concierge,73491,73504,29,647,7,M_1126,PROPN
1127,booknlp,COREF,625,she,73513,73516,29,647,7,M_1127,Other
1128,booknlp,COREF,625,Her,73601,73604,29,647,7,M_1128,Other
1129,booknlp,COREF,625,she,73639,73642,29,647,7,M_1129,Other
1130,booknlp,COREF,625,she,73688,73691,29,647,7,M_1130,Other
1131,exp,exp_name,barnes,Barnes,74005,74011,15,647,7,M_1131,PROPN
1132,exp,exp_name,madame duzinell,Madame Duzinell,74092,74107,29,647,7,M_1132,PROPN
1133,exp,exp_name,the concierge,the concierge,74227,74240,29,647,7,M_1133,PROPN
1134,exp,exp_name,brett,Brett,74340,74345,6,648,7,M_1134,PROPN
1135,exp,exp_name,the concierge,the concierge,74358,74371,29,648,7,M_1135,PROPN
1136,exp,exp_name,bill gorton,Bill Gorton,74399,74410,5,648,7,M_1136,PROPN
1137,exp,exp_name,brett,Brett,74649,74654,6,648,7,M_1137,PROPN
1138,pdnc,qID,Q553-0,darling,74731,74738,15,649,7,M_1138,Other
1139,exp,exp_name,brett,Brett,74746,74751,6,649,7,M_1139,PROPN
1140,pdnc,qID,Q553-1,you,74761,74764,15,649,7,M_1140,Other
1141,pdnc,qID,Q555-0,you,74827,74830,15,651,7,M_1141,Other
1142,pdnc,qID,Q556-0,Count Mippipopolous,74887,74906,7,652,7,M_1142,Other
1143,pdnc,qID,Q556-0,you,74918,74921,7,652,7,M_1143,Other
1144,pdnc,qID,Q557-0,you,74953,74956,15,653,7,M_1144,Other
1145,pdnc,qID,Q557-0,sir,74971,74974,15,653,7,M_1145,PROPN
1146,booknlp,COREF,212,me,75069,75071,6,654,7,M_1146,Other
1147,exp,exp_name,brett,Brett,75074,75079,6,654,7,M_1147,PROPN
1148,booknlp,COREF,212,me,75096,75098,6,654,7,M_1148,Other
1149,pdnc,qID,Q559-0,Jake,75119,75123,15,654,7,M_1149,Other
1150,exp,exp_name,brett,Brett,75190,75195,6,654,7,M_1150,PROPN
1151,pdnc,qID,Q561-0,You,75304,75307,6,656,7,M_1151,Other
1152,pdnc,qID,Q563-0,You,75420,75423,6,658,7,M_1152,Other
1153,pdnc,qID,Q563-0,my dear,75442,75449,6,658,7,M_1153,Other
1154,pdnc,qID,Q564-0,the count,75492,75501,7,659,7,M_1154,Other
1155,pdnc,qID,Q565-0,You,75533,75536,6,660,7,M_1155,Other
1156,pdnc,qID,Q565-0,the concierge,75565,75578,29,660,7,M_1156,Other
1157,pdnc,qID,Q566-0,her,75609,75612,29,661,7,M_1157,Other
1158,pdnc,qID,Q568-0,His,75663,75666,7,663,7,M_1158,Other
1159,pdnc,qID,Q569-0,her,75733,75736,29,664,7,M_1159,Other
1160,pdnc,qID,Q570-0,He,75793,75795,7,665,7,M_1160,Other
1161,exp,exp_name,brett,Brett,75810,75815,6,665,7,M_1161,PROPN
1162,pdnc,qID,Q570-1,He,75823,75825,7,665,7,M_1162,Other
1163,pdnc,qID,Q571-0,you,75873,75876,6,666,7,M_1163,Other
1164,pdnc,qID,Q571-0,my dear,75878,75885,6,666,7,M_1164,Other
1165,exp,exp_name,brett,Brett,75903,75908,6,667,7,M_1165,PROPN
1166,booknlp,COREF,212,I,75926,75927,6,667,7,M_1166,Other
1167,pdnc,qID,Q572-1,Jake,75933,75937,15,667,7,M_1167,Other
1168,pdnc,qID,Q573-0,You,75963,75966,6,668,7,M_1168,Other
1169,pdnc,qID,Q573-0,You,75999,76002,6,668,7,M_1169,Other
1170,exp,exp_name,brett,Brett,76058,76063,6,670,7,M_1170,PROPN
1171,exp,exp_name,brett,Brett,76199,76204,6,670,7,M_1171,PROPN
1172,booknlp,COREF,212,her,76234,76237,6,670,7,M_1172,Other
1173,pdnc,qID,Q575-0,darling,76285,76292,15,671,7,M_1173,Other
1174,pdnc,qID,Q575-0,you,76297,76300,15,671,7,M_1174,Other
1175,booknlp,COREF,212,She,76315,76318,6,672,7,M_1175,Other
1176,pdnc,qID,Q576-0,Brett,76359,76364,6,673,7,M_1176,PROPN
1177,booknlp,COREF,212,I,76366,76367,6,673,7,M_1177,Other
1178,pdnc,qID,Q576-0,you,76373,76376,6,673,7,M_1178,Other
1179,pdnc,qID,Q577-0,Darling,76389,76396,15,674,7,M_1179,Other
1180,booknlp,COREF,212,she,76399,76402,6,674,7,M_1180,Other
1181,pdnc,qID,Q577-1,you,76419,76422,15,674,7,M_1181,Other
1182,booknlp,COREF,212,me,76428,76430,6,674,7,M_1182,Other
1183,pdnc,qID,Q577-1,him,76439,76442,7,674,7,M_1183,Other
1184,pdnc,qID,Q578-0,He,76456,76458,7,675,7,M_1184,Other
1185,booknlp,COREF,212,I,76470,76471,6,676,7,M_1185,Other
1186,pdnc,qID,Q579-0,him,76480,76483,7,676,7,M_1186,Other
1187,booknlp,COREF,212,I,76512,76513,6,678,7,M_1187,Other
1188,pdnc,qID,Q581-0,him,76522,76525,7,678,7,M_1188,Other
1189,pdnc,qID,Q582-0,You,76535,76538,6,679,7,M_1189,Other
1190,booknlp,COREF,212,I,76570,76571,6,680,7,M_1190,Other
1191,pdnc,qID,Q583-0,You,76581,76584,15,680,7,M_1191,Other
1192,pdnc,qID,Q583-0,He,76596,76598,7,680,7,M_1192,Other
1193,booknlp,COREF,212,me,76611,76613,6,680,7,M_1193,Other
1194,booknlp,COREF,212,I,76615,76616,6,680,7,M_1194,Other
1195,pdnc,qID,Q583-0,you,76622,76625,15,680,7,M_1195,Other
1196,booknlp,COREF,212,She,76629,76632,6,681,7,M_1196,Other
1197,exp,exp_name,brett,Brett,76755,76760,6,681,7,M_1197,PROPN
1198,pdnc,qID,Q584-0,Poor old darling,76791,76807,15,682,7,M_1198,Other
1199,booknlp,COREF,212,She,76810,76813,6,682,7,M_1199,Other
1200,pdnc,qID,Q585-0,you,76842,76845,6,683,7,M_1200,Other
1201,pdnc,qID,Q585-0,him,76853,76856,7,683,7,M_1201,Other
1202,booknlp,COREF,212,her,76894,76897,6,683,7,M_1202,Other
1203,booknlp,COREF,212,her,76921,76924,6,683,7,M_1203,Other
1204,pdnc,qID,Q586-0,him,76933,76936,7,684,7,M_1204,Other
1205,pdnc,qID,Q586-0,He,76952,76954,7,684,7,M_1205,Other
1206,pdnc,qID,Q587-0,you,77000,77003,15,685,7,M_1206,Other
1207,pdnc,qID,Q587-0,darling,77017,77024,15,685,7,M_1207,Other
1208,pdnc,qID,Q589-0,He,77080,77082,7,687,7,M_1208,Other
1209,pdnc,qID,Q590-0,Brett,77147,77152,6,688,7,M_1209,PROPN
1210,booknlp,COREF,212,I,77189,77190,6,689,7,M_1210,Other
1211,booknlp,COREF,212,I,77207,77208,6,689,7,M_1211,Other
1212,pdnc,qID,Q591-0,you,77226,77229,15,689,7,M_1212,Other
1213,pdnc,qID,Q591-0,You,77246,77249,15,689,7,M_1213,Other
1214,booknlp,COREF,212,I,77272,77273,6,690,7,M_1214,Other
1215,booknlp,COREF,212,my,77321,77323,6,691,7,M_1215,Other
1216,pdnc,qID,Q593-0,Jake,77331,77335,15,691,7,M_1216,Other
1217,booknlp,COREF,212,I,77350,77351,6,691,7,M_1217,Other
1218,booknlp,COREF,212,I,77438,77439,6,693,7,M_1218,Other
1219,pdnc,qID,Q595-0,you,77449,77452,15,693,7,M_1219,Other
1220,booknlp,COREF,212,I,77463,77464,6,693,7,M_1220,Other
1221,booknlp,COREF,212,my,77512,77514,6,693,7,M_1221,Other
1222,booknlp,COREF,212,I,77533,77534,6,694,7,M_1222,Other
1223,booknlp,COREF,212,my,77581,77583,6,695,7,M_1223,Other
1224,pdnc,qID,Q597-0,you,77592,77595,15,695,7,M_1224,Other
1225,booknlp,COREF,212,I,77596,77597,6,695,7,M_1225,Other
1226,pdnc,qID,Q597-0,you,77603,77606,15,695,7,M_1226,Other
1227,pdnc,qID,Q598-0,You,77611,77614,6,696,7,M_1227,Other
1228,booknlp,COREF,212,I,77620,77621,6,696,7,M_1228,Other
1229,pdnc,qID,Q598-0,you,77627,77630,6,696,7,M_1229,Other
1230,booknlp,COREF,212,I,77672,77673,6,697,7,M_1230,Other
1231,pdnc,qID,Q599-0,you,77692,77695,15,697,7,M_1231,Other
1232,pdnc,qID,Q599-0,Michael,77706,77713,19,697,7,M_1232,PROPN
1233,pdnc,qID,Q600-0,you,77740,77743,6,698,7,M_1233,Other
1234,pdnc,qID,Q601-0,you,77770,77773,15,699,7,M_1234,Other
1235,booknlp,COREF,212,me,77786,77788,6,699,7,M_1235,Other
1236,pdnc,qID,Q602-0,you,77802,77805,6,700,7,M_1236,Other
1237,booknlp,COREF,212,I,77824,77825,6,701,7,M_1237,Other
1238,pdnc,qID,Q609-0,you,77981,77984,15,707,7,M_1238,Other
1239,booknlp,COREF,212,I,78001,78002,6,707,7,M_1239,Other
1240,pdnc,qID,Q609-0,darling,78027,78034,15,707,7,M_1240,Other
1241,pdnc,qID,Q610-1,you,78066,78069,6,708,7,M_1241,Other
1242,pdnc,qID,Q611-0,darling,78239,78246,15,710,7,M_1242,Other
1243,pdnc,qID,Q612-0,you,78258,78261,6,711,7,M_1243,Other
1244,booknlp,COREF,212,me,78267,78269,6,711,7,M_1244,Other
1245,pdnc,qID,Q616-0,The count,78403,78412,7,715,7,M_1245,Other
1246,pdnc,qID,Q617-0,He,78435,78437,7,716,7,M_1246,Other
1247,pdnc,qID,Q617-0,You,78454,78457,15,716,7,M_1247,Other
1248,pdnc,qID,Q617-0,he,78463,78465,7,716,7,M_1248,Other
1249,pdnc,qID,Q617-0,him,78529,78532,7,716,7,M_1249,Other
1250,exp,exp_name,brett,Brett,78605,78610,6,717,7,M_1250,PROPN
1251,exp,exp_name,the chauffeur,the chauffeur,78733,78746,28,717,7,M_1251,PROPN
1252,pdnc,qID,Q618-0,him,78801,78804,28,718,7,M_1252,Other
1253,pdnc,qID,Q618-0,sir,78813,78816,15,718,7,M_1253,PROPN
1254,exp,exp_name,brett,Brett,78855,78860,6,719,7,M_1254,PROPN
1255,pdnc,qID,Q620-0,Henry,78886,78891,28,720,7,M_1255,PROPN
1256,booknlp,COREF,211,you,79013,79016,28,720,7,M_1256,Other
1257,pdnc,qID,Q622-0,you,79202,79205,7,721,7,M_1257,Other
1258,exp,exp_name,brett,Brett,79242,79247,6,721,7,M_1258,PROPN
1259,exp,exp_name,brett,Brett,79351,79356,6,723,7,M_1259,PROPN
1260,exp,exp_name,brett,Brett,79449,79454,6,725,7,M_1260,PROPN
1261,pdnc,qID,Q626-1,you,79489,79492,15,725,7,M_1261,Other
1262,pdnc,qID,Q626-1,Jake,79502,79506,15,725,7,M_1262,Other
1263,pdnc,qID,Q627-0,you,79520,79523,15,726,7,M_1263,Other
1264,pdnc,qID,Q627-0,sir,79525,79528,15,726,7,M_1264,PROPN
1265,pdnc,qID,Q627-1,you,79622,79625,15,726,7,M_1265,Other
1266,booknlp,COREF,212,I,79640,79641,6,727,7,M_1266,Other
1267,exp,exp_name,brett,Brett,79685,79690,6,727,7,M_1267,PROPN
1268,pdnc,qID,Q631-0,count,79833,79838,7,730,7,M_1268,Other
1269,exp,exp_name,brett,Brett,79901,79906,6,731,7,M_1269,PROPN
1270,pdnc,qID,Q632-0,Jake,80038,80042,15,731,7,M_1270,Other
1271,pdnc,qID,Q632-0,your,80065,80069,15,731,7,M_1271,Other
1272,pdnc,qID,Q632-0,you,80082,80085,15,731,7,M_1272,Other
1273,exp,exp_name,the chauffeur,The chauffeur,80160,80173,28,732,7,M_1273,PROPN
1274,pdnc,qID,Q633-0,Henry,80240,80245,28,732,7,M_1274,PROPN
1275,pdnc,qID,Q634-0,sir,80283,80286,7,733,7,M_1275,PROPN
1276,booknlp,COREF,720,He,80318,80320,28,734,7,M_1276,Other
1277,exp,exp_name,brett,Brett,80331,80336,6,734,7,M_1277,PROPN
1278,pdnc,qID,Q637-0,you,80402,80405,7,735,7,M_1278,Other
1279,exp,exp_name,brett,Brett,80413,80418,6,735,7,M_1279,PROPN
1280,booknlp,COREF,212,I,80426,80427,6,735,7,M_1280,Other
1281,booknlp,COREF,720,I,80506,80507,28,737,7,M_1281,Other
1282,pdnc,qID,Q639-0,sir,80527,80530,7,737,7,M_1282,PROPN
1283,exp,exp_name,the chauffeur,the chauffeur,80539,80552,28,737,7,M_1283,PROPN
1284,pdnc,qID,Q640-0,Henry,80574,80579,28,738,7,M_1284,PROPN
1285,booknlp,COREF,211,you,80901,80904,28,741,7,M_1285,Other
1286,exp,exp_name,brett,Brett,80985,80990,6,742,7,M_1286,PROPN
1287,pdnc,qID,Q644-0,you,81002,81005,6,742,7,M_1287,Other
1288,pdnc,qID,Q644-0,Lady Ashley,81019,81030,6,742,7,M_1288,PROPN
1289,pdnc,qID,Q644-0,you,81037,81040,6,742,7,M_1289,Other
1290,pdnc,qID,Q646-1,You,81106,81109,6,744,7,M_1290,Other
1291,pdnc,qID,Q646-1,You,81130,81133,6,744,7,M_1291,Other
1292,pdnc,qID,Q646-1,you,81153,81156,6,744,7,M_1292,Other
1293,pdnc,qID,Q647-0,you,81187,81190,7,745,7,M_1293,Other
1294,pdnc,qID,Q648-0,you,81210,81213,6,746,7,M_1294,Other
1295,pdnc,qID,Q648-1,You,81250,81253,6,746,7,M_1295,Other
1296,pdnc,qID,Q648-1,You,81297,81300,6,746,7,M_1296,Other
1297,pdnc,qID,Q649-0,you,81332,81335,7,747,7,M_1297,Other
1298,exp,exp_name,brett,Brett,81343,81348,6,747,7,M_1298,PROPN
1299,pdnc,qID,Q649-1,you,81384,81387,7,747,7,M_1299,Other
1300,booknlp,COREF,212,I,81406,81407,6,747,7,M_1300,Other
1301,pdnc,qID,Q650-0,her,81451,81454,6,748,7,M_1301,Other
1302,pdnc,qID,Q650-1,you,81494,81497,6,748,7,M_1302,Other
1303,booknlp,COREF,211,you,81536,81539,28,748,7,M_1303,Other
1304,pdnc,qID,Q651-0,You,81583,81586,7,749,7,M_1304,Other
1305,exp,exp_name,brett,Brett,81598,81603,6,749,7,M_1305,PROPN
1306,pdnc,qID,Q651-1,You,81611,81614,7,749,7,M_1306,Other
1307,booknlp,COREF,212,I,81634,81635,6,749,7,M_1307,Other
1308,booknlp,COREF,212,I,81659,81660,6,749,7,M_1308,Other
1309,pdnc,qID,Q651-1,Jake,81699,81703,15,749,7,M_1309,Other
1310,pdnc,qID,Q652-0,You,81713,81716,6,750,7,M_1310,Other
1311,pdnc,qID,Q652-0,him,81728,81731,15,750,7,M_1311,Other
1312,pdnc,qID,Q654-0,you,81753,81756,6,752,7,M_1312,Other
1313,pdnc,qID,Q654-1,you,81785,81788,6,752,7,M_1313,Other
1314,pdnc,qID,Q654-1,him,81794,81797,15,752,7,M_1314,Other
1315,exp,exp_name,brett,Brett,81801,81806,6,753,7,M_1315,PROPN
1316,booknlp,COREF,212,her,81851,81854,6,753,7,M_1316,Other
1317,booknlp,COREF,212,she,81868,81871,6,754,7,M_1317,Other
1318,booknlp,COREF,212,I,81879,81880,6,754,7,M_1318,Other
1319,pdnc,qID,Q655-1,him,81895,81898,15,754,7,M_1319,Other
1320,pdnc,qID,Q656-1,You,81926,81929,6,755,7,M_1320,Other
1321,pdnc,qID,Q656-1,him,81941,81944,15,755,7,M_1321,Other
1322,exp,exp_name,brett,Brett,81981,81986,6,756,7,M_1322,PROPN
1323,pdnc,qID,Q658-0,You,82119,82122,6,757,7,M_1323,Other
1324,pdnc,qID,Q658-0,my dear,82143,82150,6,757,7,M_1324,Other
1325,pdnc,qID,Q658-0,you,82162,82165,6,757,7,M_1325,Other
1326,booknlp,COREF,212,I,82180,82181,6,758,7,M_1326,Other
1327,booknlp,COREF,212,I,82208,82209,6,758,7,M_1327,Other
1328,booknlp,COREF,212,myself,82220,82226,6,758,7,M_1328,Other
1329,pdnc,qID,Q659-0,Jake,82238,82242,15,758,7,M_1329,Other
1330,pdnc,qID,Q660-0,you,82269,82272,6,759,7,M_1330,Other
1331,pdnc,qID,Q660-0,my dear,82286,82293,6,759,7,M_1331,Other
1332,pdnc,qID,Q660-0,you,82300,82303,6,759,7,M_1332,Other
1333,pdnc,qID,Q660-0,you,82315,82318,6,759,7,M_1333,Other
1334,pdnc,qID,Q660-0,your,82332,82336,6,759,7,M_1334,Other
1335,pdnc,qID,Q661-0,you,82372,82375,7,760,7,M_1335,Other
1336,pdnc,qID,Q662-1,you,82543,82546,6,761,7,M_1336,Other
1337,pdnc,qID,Q663-0,he,82572,82574,7,762,7,M_1337,Other
1338,exp,exp_name,brett,Brett,82584,82589,6,762,7,M_1338,PROPN
1339,booknlp,COREF,212,I,82885,82886,6,765,7,M_1339,Other
1340,pdnc,qID,Q666-0,You,82892,82895,7,765,7,M_1340,Other
1341,exp,exp_name,brett,Brett,82912,82917,6,765,7,M_1341,PROPN
1342,pdnc,qID,Q667-0,my dear,82936,82943,6,766,7,M_1342,Other
1343,booknlp,COREF,212,I,82993,82994,6,768,7,M_1343,Other
1344,exp,exp_name,brett,Brett,83014,83019,6,768,7,M_1344,PROPN
1345,pdnc,qID,Q670-0,my dear,83135,83142,6,769,7,M_1345,Other
1346,pdnc,qID,Q670-0,You,83144,83147,6,769,7,M_1346,Other
1347,pdnc,qID,Q670-0,You,83201,83204,6,769,7,M_1347,Other
1348,exp,exp_name,brett,Brett,83223,83228,6,770,7,M_1348,PROPN
1349,pdnc,qID,Q671-0,You,83250,83253,7,771,7,M_1349,Other
1350,pdnc,qID,Q671-0,count,83286,83291,7,771,7,M_1350,Other
1351,pdnc,qID,Q672-0,Mr. Barnes,83304,83314,15,772,7,M_1351,PROPN
1352,exp,exp_name,brett,Brett,83419,83424,6,773,7,M_1352,PROPN
1353,booknlp,COREF,212,her,83432,83435,6,773,7,M_1353,Other
1354,pdnc,qID,Q674-0,my dear,83492,83499,6,773,7,M_1354,Other
1355,pdnc,qID,Q674-0,you,83505,83508,6,773,7,M_1355,Other
1356,pdnc,qID,Q674-0,you,83537,83540,6,773,7,M_1356,Other
1357,pdnc,qID,Q676-0,My dear,83576,83583,6,775,7,M_1357,Other
1358,pdnc,qID,Q676-0,you,83585,83588,6,775,7,M_1358,Other
1359,pdnc,qID,Q676-0,you,83607,83610,6,775,7,M_1359,Other
1360,pdnc,qID,Q677-0,the man,83635,83642,7,776,7,M_1360,Other
1361,pdnc,qID,Q678-0,Mr. Barnes,83647,83657,15,777,7,M_1361,PROPN
1362,pdnc,qID,Q678-1,She,83693,83696,6,777,7,M_1362,Other
1363,pdnc,qID,Q678-1,she,83757,83760,6,777,7,M_1363,Other
1364,pdnc,qID,Q678-1,she,83779,83782,6,777,7,M_1364,Other
1365,pdnc,qID,Q679-0,You,83797,83800,7,778,7,M_1365,Other
1366,pdnc,qID,Q679-0,you,83832,83835,7,778,7,M_1366,Other
1367,pdnc,qID,Q680-0,my dear,83845,83852,6,779,7,M_1367,Other
1368,pdnc,qID,Q681-0,your,83931,83935,7,780,7,M_1368,Other
1369,exp,exp_name,brett,Brett,83948,83953,6,780,7,M_1369,PROPN
1370,booknlp,COREF,212,I,83979,83980,6,780,7,M_1370,Other
1371,pdnc,qID,Q681-1,Jake,83990,83994,15,780,7,M_1371,Other
1372,pdnc,qID,Q681-1,you,84020,84023,7,780,7,M_1372,Other
1373,pdnc,qID,Q682-0,My dear,84033,84040,6,781,7,M_1373,Other
1374,pdnc,qID,Q682-0,Mr. Barnes,84052,84062,15,781,7,M_1374,PROPN
1375,pdnc,qID,Q682-0,sir,84109,84112,15,781,7,M_1375,PROPN
1376,pdnc,qID,Q683-0,you,84151,84154,7,782,7,M_1376,Other
1377,pdnc,qID,Q683-0,my dear,84161,84168,7,782,7,M_1377,Other
1378,exp,exp_name,brett,Brett,84171,84176,6,782,7,M_1378,PROPN
1379,booknlp,COREF,212,I,84184,84185,6,782,7,M_1379,Other
1380,exp,exp_name,brett,Brett,84287,84292,6,784,7,M_1380,PROPN
1381,pdnc,qID,Q686-0,my dear,84313,84320,6,785,7,M_1381,Other
1382,pdnc,qID,Q686-0,you,84356,84359,6,785,7,M_1382,Other
1383,pdnc,qID,Q688-0,You,84601,84604,6,788,7,M_1383,Other
1384,pdnc,qID,Q692-0,you,84903,84906,7,793,7,M_1384,Other
1385,pdnc,qID,Q694-0,you,84990,84993,7,795,7,M_1385,Other
1386,exp,exp_name,brett,Brett,85008,85013,6,795,7,M_1386,PROPN
1387,pdnc,qID,Q694-1,you,85021,85024,7,795,7,M_1387,Other
1388,pdnc,qID,Q695-0,my dear,85067,85074,6,796,7,M_1388,Other
1389,booknlp,COREF,212,I,85079,85080,6,797,7,M_1389,Other
1390,pdnc,qID,Q696-0,you,85086,85089,15,797,7,M_1390,Other
1391,pdnc,qID,Q696-0,he,85090,85092,7,797,7,M_1391,Other
1392,booknlp,COREF,212,I,85115,85116,6,797,7,M_1392,Other
1393,exp,exp_name,brett,Brett,85119,85124,6,797,7,M_1393,PROPN
1394,booknlp,COREF,212,I,85140,85141,6,797,7,M_1394,Other
1395,pdnc,qID,Q697-0,you,85147,85150,7,797,7,M_1395,Other
1396,pdnc,qID,Q697-0,count,85152,85157,7,797,7,M_1396,Other
1397,pdnc,qID,Q697-0,You,85159,85162,7,797,7,M_1397,Other
1398,pdnc,qID,Q698-0,You,85180,85183,6,798,7,M_1398,Other
1399,pdnc,qID,Q698-0,my dear,85204,85211,6,798,7,M_1399,Other
1400,pdnc,qID,Q700-0,You,85255,85258,15,800,7,M_1400,Other
1401,pdnc,qID,Q700-0,Mr. Barnes,85264,85274,15,800,7,M_1401,PROPN
1402,pdnc,qID,Q700-0,you,85360,85363,15,800,7,M_1402,Other
1403,pdnc,qID,Q703-0,your,85520,85524,7,803,7,M_1403,Other
1404,exp,exp_name,brett,Brett,85534,85539,6,803,7,M_1404,PROPN
1405,pdnc,qID,Q707-0,your,85664,85668,7,807,7,M_1405,Other
1406,pdnc,qID,Q709-0,You,85724,85727,7,809,7,M_1406,Other
1407,pdnc,qID,Q709-0,You,85748,85751,7,809,7,M_1407,Other
1408,pdnc,qID,Q710-0,my dear,85780,85787,6,810,7,M_1408,Other
1409,pdnc,qID,Q710-0,You,85789,85792,6,810,7,M_1409,Other
1410,exp,exp_name,brett,Brett,86090,86095,6,811,7,M_1410,PROPN
1411,exp,exp_name,brett,Brett,86335,86340,6,813,7,M_1411,PROPN
1412,exp,exp_name,brett,Brett,86597,86602,6,817,7,M_1412,PROPN
1413,pdnc,qID,Q719-0,You,86747,86750,7,821,7,M_1413,Other
1414,pdnc,qID,Q719-0,your,86755,86759,7,821,7,M_1414,Other
1415,exp,exp_name,brett,Brett,86773,86778,6,821,7,M_1415,PROPN
1416,pdnc,qID,Q720-1,you,86852,86855,6,822,7,M_1416,Other
1417,pdnc,qID,Q720-1,my dear,86868,86875,6,822,7,M_1417,Other
1418,exp,exp_name,brett,Brett,86897,86902,6,823,7,M_1418,PROPN
1419,pdnc,qID,Q722-0,Sommelier,86924,86933,25,824,7,M_1419,Other
1420,pdnc,qID,Q723-0,sir,86961,86964,7,825,7,M_1420,PROPN
1421,pdnc,qID,Q724-0,you,86995,86998,25,826,7,M_1421,Other
1422,pdnc,qID,Q725-0,sir,87025,87028,7,827,7,M_1422,PROPN
1423,booknlp,COREF,212,I,87055,87056,6,829,7,M_1423,Other
1424,pdnc,qID,Q727-0,him,87090,87093,7,829,7,M_1424,Other
1425,pdnc,qID,Q727-0,Jake,87099,87103,15,829,7,M_1425,Other
1426,pdnc,qID,Q728-0,my dear,87116,87123,6,830,7,M_1426,Other
1427,booknlp,COREF,212,I,87125,87126,6,830,7,M_1427,Other
1428,booknlp,COREF,212,my,87146,87148,6,830,7,M_1428,Other
1429,booknlp,COREF,212,I,87228,87229,6,832,7,M_1429,Other
1430,exp,exp_name,brett,Brett,87365,87370,6,833,7,M_1430,PROPN
1431,exp,exp_name,brett,Brett,87453,87458,6,833,7,M_1431,PROPN
1432,pdnc,qID,Q731-0,you,87533,87536,6,834,7,M_1432,Other
1433,pdnc,qID,Q734-0,He,87595,87597,32,838,7,M_1433,Other
1434,booknlp,COREF,212,mine,87618,87622,6,838,7,M_1434,Other
1435,exp,exp_name,brett,Brett,87625,87630,6,838,7,M_1435,PROPN
1436,pdnc,qID,Q734-1,Damn good drummer,87638,87655,32,838,7,M_1436,Other
1437,exp,exp_name,brett,Brett,87886,87891,6,841,7,M_1437,PROPN
1438,pdnc,qID,Q736-0,You,87979,87982,15,842,7,M_1438,Other
1439,pdnc,qID,Q736-0,Jake,88004,88008,15,842,7,M_1439,Other
1440,pdnc,qID,Q736-0,Michael,88010,88017,19,842,7,M_1440,PROPN
1441,pdnc,qID,Q737-0,He,88047,88049,19,843,7,M_1441,Other
1442,pdnc,qID,Q738-0,He,88065,88067,19,844,7,M_1442,Other
1443,pdnc,qID,Q738-0,his,88074,88077,19,844,7,M_1443,Other
1444,pdnc,qID,Q739-0,him,88096,88099,19,845,7,M_1444,Other
1445,pdnc,qID,Q739-1,him,88130,88133,19,845,7,M_1445,Other
1446,booknlp,COREF,212,I,88138,88139,6,846,7,M_1446,Other
1447,pdnc,qID,Q740-0,him,88157,88160,19,846,7,M_1447,Other
1448,exp,exp_name,brett,Brett,88163,88168,6,846,7,M_1448,PROPN
1449,booknlp,COREF,212,I,88183,88184,6,846,7,M_1449,Other
1450,pdnc,qID,Q740-1,him,88207,88210,19,846,7,M_1450,Other
1451,pdnc,qID,Q741-0,you,88232,88235,6,847,7,M_1451,Other
1452,pdnc,qID,Q741-0,him,88242,88245,19,847,7,M_1452,Other
1453,booknlp,COREF,212,I.,88254,88256,6,848,7,M_1453,Other
1454,pdnc,qID,Q743-0,he,88290,88292,19,849,7,M_1454,Other
1455,pdnc,qID,Q743-0,you,88303,88306,6,849,7,M_1455,Other
1456,pdnc,qID,Q745-0,you,88357,88360,6,851,7,M_1456,Other
1457,booknlp,COREF,212,I,88393,88394,6,852,7,M_1457,Other
1458,pdnc,qID,Q746-0,Michael,88436,88443,19,852,7,M_1458,PROPN
1459,pdnc,qID,Q746-0,his,88460,88463,19,852,7,M_1459,Other
1460,pdnc,qID,Q747-0,you,88505,88508,6,853,7,M_1460,Other
1461,pdnc,qID,Q748-0,Michael,88530,88537,19,854,7,M_1461,PROPN
1462,pdnc,qID,Q749-1,You,88662,88665,6,856,7,M_1462,Other
1463,pdnc,qID,Q750-0,you,88699,88702,7,857,7,M_1463,Other
1464,pdnc,qID,Q750-0,count,88710,88715,7,857,7,M_1464,Other
1465,exp,exp_name,brett,Brett,88767,88772,6,859,7,M_1465,PROPN
1466,pdnc,qID,Q753-0,My dear,88781,88788,6,860,7,M_1466,Other
1467,pdnc,qID,Q753-0,you,88842,88845,6,860,7,M_1467,Other
1468,exp,exp_name,brett,Brett,88867,88872,6,861,7,M_1468,PROPN
1469,booknlp,COREF,212,I,88880,88881,6,861,7,M_1469,Other
1470,pdnc,qID,Q754-1,you,88901,88904,7,861,7,M_1470,Other
1471,booknlp,COREF,212,I,88916,88917,6,861,7,M_1471,Other
1472,pdnc,qID,Q754-1,your little friend,88934,88952,42,861,7,M_1472,Other
1473,pdnc,qID,Q754-1,Zizi,88954,88958,42,861,7,M_1473,PROPN
1474,pdnc,qID,Q755-0,you,88975,88978,6,862,7,M_1474,Other
1475,pdnc,qID,Q755-0,that boy,88990,88998,42,862,7,M_1475,Other
1476,pdnc,qID,Q755-0,him,89025,89028,42,862,7,M_1476,Other
1477,pdnc,qID,Q756-0,He,89040,89042,42,863,7,M_1477,Other
1478,pdnc,qID,Q757-0,You,89062,89065,6,864,7,M_1478,Other
1479,pdnc,qID,Q757-0,that boy,89079,89087,42,864,7,M_1479,Other
1480,pdnc,qID,Q757-0,him,89132,89135,42,864,7,M_1480,Other
1481,pdnc,qID,Q758-0,Jake,89147,89151,15,865,7,M_1481,Other
1482,pdnc,qID,Q759-0,He,89178,89180,42,866,7,M_1482,Other
1483,pdnc,qID,Q760-1,his,89253,89256,42,867,7,M_1483,Other
1484,pdnc,qID,Q760-1,his,89293,89296,42,867,7,M_1484,Other
1485,exp,exp_name,brett,Brett,89363,89368,6,868,7,M_1485,PROPN
1486,pdnc,qID,Q762-0,darling,89419,89426,15,870,7,M_1486,Other
1487,exp,exp_name,brett,Brett,89429,89434,6,870,7,M_1487,PROPN
1488,booknlp,COREF,212,I,89442,89443,6,870,7,M_1488,Other
1489,pdnc,qID,Q763-0,You,89539,89542,6,871,7,M_1489,Other
1490,exp,exp_name,the drummer,The drummer,89570,89581,32,872,7,M_1490,PROPN
1491,booknlp,COREF,212,You,89592,89595,6,872,7,M_1491,Other
1492,booknlp,COREF,899,I,89656,89657,32,875,7,M_1492,Other
1493,booknlp,COREF,899,I,89670,89671,32,875,7,M_1493,Other
1494,exp,exp_name,the drummer,the drummer,89708,89719,32,876,7,M_1494,PROPN
1495,booknlp,COREF,899,his,89744,89747,32,876,7,M_1495,Other
1496,exp,exp_name,the drummer,the drummer,89926,89937,32,879,7,M_1496,PROPN
1497,exp,exp_name,brett,Brett,89969,89974,6,880,7,M_1497,PROPN
1498,pdnc,qID,Q771-1,You,89977,89980,15,880,7,M_1498,Other
1499,exp,exp_name,the drummer,the drummer,90009,90020,32,881,7,M_1499,PROPN
1500,exp,exp_name,brett,Brett,90044,90049,6,881,7,M_1500,PROPN
1501,exp,exp_name,brett,Brett,90100,90105,6,882,7,M_1501,PROPN
1502,pdnc,qID,Q774-0,Brett,90135,90140,6,883,7,M_1502,PROPN
1503,pdnc,qID,Q775-0,she,90193,90196,6,883,7,M_1503,Other
1504,pdnc,qID,Q775-0,You,90211,90214,15,883,7,M_1504,Other
1505,pdnc,qID,Q775-0,Mr. Barnes,90265,90275,15,883,7,M_1505,PROPN
1506,pdnc,qID,Q776-1,you,90339,90342,7,885,7,M_1506,Other
1507,pdnc,qID,Q777-0,Mr. Barnes,90401,90411,15,886,7,M_1507,PROPN
1508,exp,exp_name,brett,Brett,90452,90457,6,887,7,M_1508,PROPN
1509,booknlp,COREF,212,her,90473,90476,6,887,7,M_1509,Other
1510,booknlp,COREF,212,She,90486,90489,6,887,7,M_1510,Other
1511,booknlp,COREF,212,her,90515,90518,6,887,7,M_1511,Other
1512,exp,exp_name,brett,Brett,90674,90679,6,887,7,M_1512,PROPN
1513,exp,exp_name,the chauffeur,the chauffeur,90685,90698,28,887,7,M_1513,PROPN
1514,booknlp,COREF,212,her,90714,90717,6,887,7,M_1514,Other
1515,booknlp,COREF,212,she,90747,90750,6,888,7,M_1515,Other
1516,booknlp,COREF,212,She,90770,90773,6,888,7,M_1516,Other
1517,pdnc,qID,Q781-0,Brett,90851,90856,6,891,7,M_1517,PROPN
1518,pdnc,qID,Q781-1,you,90878,90881,6,891,7,M_1518,Other
1519,pdnc,qID,Q782-0,Jake,90910,90914,15,892,7,M_1519,Other
1520,pdnc,qID,Q782-0,darling,90928,90935,15,892,7,M_1520,Other
1521,pdnc,qID,Q782-0,you,90949,90952,15,892,7,M_1521,Other
1522,booknlp,COREF,212,She,90993,90996,6,892,7,M_1522,Other
1523,exp,exp_name,brett,Brett,91043,91048,6,892,7,M_1523,PROPN
1524,booknlp,COREF,212,She,91056,91059,6,893,7,M_1524,Other
1525,exp,exp_name,the chauffeur,The chauffeur,91100,91113,28,893,7,M_1525,PROPN
1526,booknlp,COREF,720,him,91149,91152,28,893,7,M_1526,Other
1527,booknlp,COREF,720,he,91171,91173,28,893,7,M_1527,Other
1528,booknlp,COREF,720,his,91182,91185,28,893,7,M_1528,Other
1529,pdnc,qID,Q784-0,sir,91213,91216,15,893,7,M_1529,PROPN
1530,exp,exp_name,brett,Brett,91446,91451,6,896,8,M_1530,PROPN
1531,booknlp,COREF,212,she,91464,91467,6,896,8,M_1531,Other
1532,booknlp,COREF,212,her,91517,91520,6,896,8,M_1532,Other
1533,exp,exp_name,brett,BRETT,91632,91637,6,896,8,M_1533,PROPN
1534,exp,exp_name,robert cohn,Robert Cohn,91655,91666,23,897,8,M_1534,PROPN
1535,exp,exp_name,cohn,Cohn,91733,91737,23,897,8,M_1535,PROPN
1536,exp,exp_name,brett,Brett,91973,91978,6,898,8,M_1536,PROPN
1537,exp,exp_name,cohn,Cohn,92011,92015,23,898,8,M_1537,PROPN
1538,exp,exp_name,bill gorton,Bill Gorton,92264,92275,5,898,8,M_1538,PROPN
1539,exp,exp_name,bill gorton,Bill Gorton,92325,92336,5,898,8,M_1539,PROPN
1540,booknlp,COREF,240,Bill,92660,92664,5,898,8,M_1540,Other
1541,booknlp,COREF,240,He,92681,92683,5,898,8,M_1541,Other
1542,booknlp,COREF,240,his,92711,92714,5,898,8,M_1542,Other
1543,booknlp,COREF,240,he,92785,92787,5,898,8,M_1543,Other
1544,booknlp,COREF,240,he,92811,92813,5,898,8,M_1544,Other
1545,booknlp,COREF,240,He,92834,92836,5,898,8,M_1545,Other
1546,booknlp,COREF,240,He,92954,92956,5,898,8,M_1546,Other
1547,booknlp,COREF,202,Jake,93018,93022,15,898,8,M_1547,Other
1548,booknlp,COREF,240,he,93101,93103,5,899,8,M_1548,Other
1549,booknlp,COREF,240,his,93135,93138,5,899,8,M_1549,Other
1550,booknlp,COREF,240,him,93186,93189,5,899,8,M_1550,Other
1551,booknlp,COREF,240,he,93191,93193,5,899,8,M_1551,Other
1552,booknlp,COREF,240,his,93231,93234,5,899,8,M_1552,Other
1553,booknlp,COREF,240,him,93247,93250,5,899,8,M_1553,Other
1554,pdnc,qID,Q785-1,you,93317,93320,5,900,8,M_1554,Other
1555,booknlp,COREF,240,he,93358,93360,5,901,8,M_1555,Other
1556,pdnc,qID,Q788-0,Jake,93439,93443,15,903,8,M_1556,Other
1557,pdnc,qID,Q789-0,you,93498,93501,5,904,8,M_1557,Other
1558,pdnc,qID,Q790-0,Jake,93554,93558,15,905,8,M_1558,Other
1559,booknlp,COREF,240,Bill,93615,93619,5,907,8,M_1559,Other
1560,booknlp,COREF,240,his,93627,93630,5,907,8,M_1560,Other
1561,booknlp,COREF,240,he,93661,93663,5,907,8,M_1561,Other
1562,pdnc,qID,Q794-0,Jake,93749,93753,15,909,8,M_1562,Other
1563,pdnc,qID,Q795-0,you,93791,93794,5,910,8,M_1563,Other
1564,pdnc,qID,Q796-0,you,93824,93827,15,911,8,M_1564,Other
1565,pdnc,qID,Q800-0,you,93965,93968,15,915,8,M_1565,Other
1566,booknlp,COREF,240,I,93978,93979,5,915,8,M_1566,Other
1567,booknlp,COREF,240,Bill,94065,94069,5,917,8,M_1567,Other
1568,booknlp,COREF,240,me,94334,94336,5,919,8,M_1568,Other
1569,booknlp,COREF,240,my,94652,94654,5,919,8,M_1569,Other
1570,booknlp,COREF,240,me,94906,94908,5,921,8,M_1570,Other
1571,pdnc,qID,Q807-0,you,94932,94935,5,922,8,M_1571,Other
1572,pdnc,qID,Q808-0,You,94940,94943,15,923,8,M_1572,Other
1573,booknlp,COREF,240,me,94961,94963,5,923,8,M_1573,Other
1574,pdnc,qID,Q809-0,you,95078,95081,5,924,8,M_1574,Other
1575,booknlp,COREF,202,Jake,95108,95112,15,925,8,M_1575,Other
1576,booknlp,COREF,240,My,95262,95264,5,925,8,M_1576,Other
1577,booknlp,COREF,240,I,95300,95301,5,925,8,M_1577,Other
1578,booknlp,COREF,240,me,95423,95425,5,925,8,M_1578,Other
1579,booknlp,COREF,240,I,95427,95428,5,925,8,M_1579,Other
1580,pdnc,qID,Q812-0,you,95456,95459,5,926,8,M_1580,Other
1581,pdnc,qID,Q813-0,Jake,95488,95492,15,927,8,M_1581,Other
1582,pdnc,qID,Q813-0,Jake,95629,95633,15,927,8,M_1582,Other
1583,booknlp,COREF,240,me,95754,95756,5,929,8,M_1583,Other
1584,booknlp,COREF,240,me,95775,95777,5,929,8,M_1584,Other
1585,booknlp,COREF,240,I,95788,95789,5,929,8,M_1585,Other
1586,booknlp,COREF,240,I,95825,95826,5,929,8,M_1586,Other
1587,pdnc,qID,Q816-0,You,95858,95861,5,930,8,M_1587,Other
1588,booknlp,COREF,240,Bill,95910,95914,5,931,8,M_1588,Other
1589,pdnc,qID,Q817-1,you,95924,95927,15,931,8,M_1589,Other
1590,booknlp,COREF,240,me,95933,95935,5,931,8,M_1590,Other
1591,pdnc,qID,Q817-1,you,95944,95947,15,931,8,M_1591,Other
1592,booknlp,COREF,240,I,96282,96283,5,939,8,M_1592,Other
1593,booknlp,COREF,240,Bill,96304,96308,5,939,8,M_1593,Other
1594,booknlp,COREF,240,me,96381,96383,5,939,8,M_1594,Other
1595,booknlp,COREF,240,Bill,96435,96439,5,941,8,M_1595,Other
1596,pdnc,qID,Q826-1,You,96509,96512,5,942,8,M_1596,Other
1597,booknlp,COREF,240,Bill,96556,96560,5,943,8,M_1597,Other
1598,pdnc,qID,Q827-1,your,96590,96594,15,943,8,M_1598,Other
1599,booknlp,COREF,240,I,96638,96639,5,945,8,M_1599,Other
1600,pdnc,qID,Q829-0,Jake,96685,96689,15,945,8,M_1600,Other
1601,pdnc,qID,Q831-0,you,96760,96763,15,947,8,M_1601,Other
1602,pdnc,qID,Q831-0,you,96770,96773,15,947,8,M_1602,Other
1603,pdnc,qID,Q831-0,You,96812,96815,15,947,8,M_1603,Other
1604,pdnc,qID,Q831-0,you,96843,96846,15,947,8,M_1604,Other
1605,pdnc,qID,Q833-0,your,96918,96922,15,949,8,M_1605,Other
1606,booknlp,COREF,240,my,96983,96985,5,949,8,M_1606,Other
1607,pdnc,qID,Q834-0,you,97015,97018,5,951,8,M_1607,Other
1608,booknlp,COREF,240,Bill,97195,97199,5,954,8,M_1608,Other
1609,pdnc,qID,Q836-1,You,97207,97210,15,954,8,M_1609,Other
1610,pdnc,qID,Q836-1,Jake,97239,97243,15,954,8,M_1610,Other
1611,pdnc,qID,Q837-0,You,97248,97251,5,955,8,M_1611,Other
1612,pdnc,qID,Q838-0,you,97321,97324,15,956,8,M_1612,Other
1613,booknlp,COREF,240,my,97354,97356,5,956,8,M_1613,Other
1614,pdnc,qID,Q839-0,you,97430,97433,5,957,8,M_1614,Other
1615,booknlp,COREF,240,me,97483,97485,5,958,8,M_1615,Other
1616,pdnc,qID,Q841-0,You,97587,97590,5,959,8,M_1616,Other
1617,booknlp,COREF,240,I,97658,97659,5,960,8,M_1617,Other
1618,booknlp,COREF,240,I,97682,97683,5,960,8,M_1618,Other
1619,booknlp,COREF,240,myself,97697,97703,5,960,8,M_1619,Other
1620,booknlp,COREF,240,I,97705,97706,5,960,8,M_1620,Other
1621,pdnc,qID,Q843-0,you,97742,97745,5,961,8,M_1621,Other
1622,pdnc,qID,Q843-0,Harvey Stone,97750,97762,12,961,8,M_1622,PROPN
1623,pdnc,qID,Q844-0,Harvey,97783,97789,12,962,8,M_1623,Other
1624,pdnc,qID,Q845-0,He,97909,97911,12,963,8,M_1624,Other
1625,pdnc,qID,Q846-0,he,97943,97945,12,964,8,M_1625,Other
1626,booknlp,COREF,240,me,97996,97998,5,964,8,M_1626,Other
1627,booknlp,COREF,240,Bill,98317,98321,5,968,8,M_1627,Other
1628,booknlp,COREF,240,Bill,98420,98424,5,970,8,M_1628,Other
1629,pdnc,qID,Q852-0,you,98502,98505,15,971,8,M_1629,Other
1630,booknlp,COREF,240,my,98539,98541,5,971,8,M_1630,Other
1631,booknlp,COREF,240,I,98567,98568,5,971,8,M_1631,Other
1632,exp,exp_name,the driver,the driver,98643,98653,46,972,8,M_1632,PROPN
1633,exp,exp_name,brett,Brett,98705,98710,6,972,8,M_1633,PROPN
1634,pdnc,qID,Q853-0,Beautiful lady,98714,98728,6,973,8,M_1634,Other
1635,booknlp,COREF,240,Bill,98736,98740,5,973,8,M_1635,Other
1636,exp,exp_name,brett,Brett,98774,98779,6,974,8,M_1636,PROPN
1637,pdnc,qID,Q855-0,Bill Gorton,98805,98816,5,975,8,M_1637,PROPN
1638,pdnc,qID,Q855-0,Lady Ashley,98818,98829,6,975,8,M_1638,PROPN
1639,exp,exp_name,brett,Brett,98833,98838,6,976,8,M_1639,PROPN
1640,booknlp,COREF,240,Bill,98849,98853,5,976,8,M_1640,Other
1641,booknlp,COREF,212,I,98856,98857,6,976,8,M_1641,Other
1642,booknlp,COREF,212,I,98862,98863,6,976,8,M_1642,Other
1643,pdnc,qID,Q856-0,Michael,98898,98905,19,976,8,M_1643,PROPN
1644,pdnc,qID,Q857-0,him,98984,98987,19,977,8,M_1644,Other
1645,booknlp,COREF,212,myself,99003,99009,6,978,8,M_1645,Other
1646,pdnc,qID,Q860-0,He,99047,99049,19,980,8,M_1646,Other
1647,pdnc,qID,Q861-0,you,99115,99118,6,981,8,M_1647,Other
1648,booknlp,COREF,212,you,99148,99151,6,982,8,M_1648,Other
1649,exp,exp_name,the driver,The driver,99194,99204,46,983,8,M_1649,PROPN
1650,exp,exp_name,brett,Brett,99299,99304,6,985,8,M_1650,PROPN
1651,booknlp,COREF,212,I,99312,99313,6,985,8,M_1651,Other
1652,exp,exp_name,brett,Brett,99374,99379,6,987,8,M_1652,PROPN
1653,booknlp,COREF,240,Bill,99390,99394,5,987,8,M_1653,Other
1654,pdnc,qID,Q866-0,you,99403,99406,5,988,8,M_1654,Other
1655,pdnc,qID,Q870-0,him,99547,99550,5,992,8,M_1655,Other
1656,booknlp,COREF,240,Bill,99582,99586,5,993,8,M_1656,Other
1657,exp,exp_name,brett,Brett,99634,99639,6,994,8,M_1657,PROPN
1658,booknlp,COREF,240,him,99650,99653,5,994,8,M_1658,Other
1659,booknlp,COREF,212,her,99680,99683,6,994,8,M_1659,Other
1660,booknlp,COREF,240,Bill,99702,99706,5,995,8,M_1660,Other
1661,pdnc,qID,Q874-0,You,99754,99757,5,996,8,M_1661,Other
1662,exp,exp_name,brett,Brett,99822,99827,6,997,8,M_1662,PROPN
1663,booknlp,COREF,240,Bill,99877,99881,5,997,8,M_1663,Other
1664,pdnc,qID,Q875-0,you,99913,99916,15,998,8,M_1664,Other
1665,pdnc,qID,Q875-0,Jake,99918,99922,15,998,8,M_1665,Other
1666,exp,exp_name,brett,Brett,99968,99973,6,1000,8,M_1666,PROPN
1667,booknlp,COREF,212,I,99989,99990,6,1000,8,M_1667,Other
1668,booknlp,COREF,212,she,100015,100018,6,1000,8,M_1668,Other
1669,pdnc,qID,Q878-0,you,100062,100065,6,1001,8,M_1669,Other
1670,booknlp,COREF,212,I,100179,100180,6,1004,8,M_1670,Other
1671,pdnc,qID,Q882-0,you,100207,100210,6,1005,8,M_1671,Other
1672,booknlp,COREF,240,Bill,100267,100271,5,1007,8,M_1672,Other
1673,exp,exp_name,brett,Brett,100279,100284,6,1008,8,M_1673,PROPN
1674,booknlp,COREF,212,her,100312,100315,6,1008,8,M_1674,Other
1675,booknlp,COREF,240,him,100324,100327,5,1008,8,M_1675,Other
1676,exp,exp_name,brett,Brett,100406,100411,6,1011,8,M_1676,PROPN
1677,booknlp,COREF,240,him,100422,100425,5,1011,8,M_1677,Other
1678,pdnc,qID,Q887-0,You,100435,100438,15,1012,8,M_1678,Other
1679,pdnc,qID,Q887-0,Jake,100457,100461,15,1012,8,M_1679,Other
1680,pdnc,qID,Q888-0,He,100466,100468,5,1013,8,M_1680,Other
1681,pdnc,qID,Q888-1,He,100492,100494,5,1013,8,M_1681,Other
1682,booknlp,COREF,240,Bill,100545,100549,5,1014,8,M_1682,Other
1683,exp,exp_name,brett,Brett,100610,100615,6,1015,8,M_1683,PROPN
1684,booknlp,COREF,212,I,100627,100628,6,1015,8,M_1684,Other
1685,exp,exp_name,the waiter,the waiter,100647,100657,37,1015,8,M_1685,PROPN
1686,exp,exp_name,brett,Brett,100753,100758,6,1018,8,M_1686,PROPN
1687,booknlp,COREF,212,her,100764,100767,6,1018,8,M_1687,Other
1688,pdnc,qID,Q893-0,you,100781,100784,15,1019,8,M_1688,Other
1689,booknlp,COREF,240,him,100819,100822,5,1019,8,M_1689,Other
1690,pdnc,qID,Q893-0,Michael,100829,100836,19,1019,8,M_1690,PROPN
1691,booknlp,COREF,240,Bill,100872,100876,5,1020,8,M_1691,Other
1692,exp,exp_name,brett,Brett,100904,100909,6,1020,8,M_1692,PROPN
1693,booknlp,COREF,240,Bill,100934,100938,5,1021,8,M_1693,Other
1694,pdnc,qID,Q895-1,She,100946,100949,6,1021,8,M_1694,Other
1695,pdnc,qID,Q895-1,Michael,100971,100978,19,1021,8,M_1695,PROPN
1696,pdnc,qID,Q896-0,The man she's going to marry,100983,101011,19,1022,8,M_1696,Other
1697,booknlp,COREF,240,Bill,101029,101033,5,1023,8,M_1697,Other
1698,booknlp,COREF,240,I,101070,101071,5,1023,8,M_1698,Other
1699,booknlp,COREF,240,I,101094,101095,5,1023,8,M_1699,Other
1700,pdnc,qID,Q899-0,she,101182,101185,6,1025,8,M_1700,Other
1701,booknlp,COREF,240,Bill,101219,101223,5,1025,8,M_1701,Other
1702,exp,exp_name,madame lecomte,Madame Lecomte,101360,101374,18,1028,8,M_1702,PROPN
1703,booknlp,COREF,240,Bill,101671,101675,5,1028,8,M_1703,Other
1704,exp,exp_name,madame lecomte,Madame Lecomte,101748,101762,18,1028,8,M_1704,PROPN
1705,booknlp,COREF,240,him,101793,101796,5,1028,8,M_1705,Other
1706,booknlp,COREF,240,Bill,101833,101837,5,1029,8,M_1706,Other
1707,pdnc,qID,Q902-1,Grand woman,101845,101856,6,1029,8,M_1707,Other
1708,pdnc,qID,Q903-0,You,101981,101984,18,1031,8,M_1708,Other
1709,booknlp,COREF,240,Bill,102019,102023,5,1031,8,M_1709,Other
1710,exp,exp_name,madame lecomte,Madame Lecomte,102032,102046,18,1031,8,M_1710,PROPN
1711,booknlp,COREF,252,She,102048,102051,18,1031,8,M_1711,Other
1712,booknlp,COREF,252,her,102059,102062,18,1031,8,M_1712,Other
1713,booknlp,COREF,252,my,102074,102076,18,1031,8,M_1713,Other
1714,pdnc,qID,Q905-0,You,102085,102088,18,1032,8,M_1714,Other
1715,booknlp,COREF,252,I,102104,102105,18,1033,8,M_1715,Other
1716,pdnc,qID,Q907-0,You,102291,102294,15,1035,8,M_1716,Other
1717,pdnc,qID,Q907-0,Monsieur Barnes,102321,102336,15,1035,8,M_1717,Other
1718,exp,exp_name,madame lecomte,Madame Lecomte,102339,102353,18,1035,8,M_1718,PROPN
1719,booknlp,COREF,252,I,102439,102440,18,1038,8,M_1719,Other
1720,booknlp,COREF,240,Bill,102700,102704,5,1041,8,M_1720,Other
1721,booknlp,COREF,240,Bill,103238,103242,5,1043,8,M_1721,Other
1722,booknlp,COREF,240,I,103255,103256,5,1043,8,M_1722,Other
1723,exp,exp_name,an old man,an old man,104125,104135,3,1045,8,M_1723,PROPN
1724,booknlp,COREF,240,Bill,104225,104229,5,1047,8,M_1724,Other
1725,booknlp,COREF,240,I,104232,104233,5,1047,8,M_1725,Other
1726,pdnc,qID,Q915-0,you,104710,104713,5,1049,8,M_1726,Other
1727,pdnc,qID,Q915-1,Brett,104763,104768,6,1049,8,M_1727,PROPN
1728,pdnc,qID,Q915-1,Mike,104773,104777,19,1049,8,M_1728,PROPN
1729,exp,exp_name,michael,Michael,105002,105009,19,1052,8,M_1729,PROPN
1730,booknlp,COREF,219,He,105042,105044,19,1052,8,M_1730,Other
1731,pdnc,qID,Q917-0,Jake,105087,105091,15,1053,8,M_1731,Other
1732,booknlp,COREF,219,he,105094,105096,19,1053,8,M_1732,Other
1733,pdnc,qID,Q917-1,you,105128,105131,15,1053,8,M_1733,Other
1734,pdnc,qID,Q917-1,old lad,105133,105140,15,1053,8,M_1734,Other
1735,pdnc,qID,Q918-0,You,105145,105148,19,1054,8,M_1735,Other
1736,pdnc,qID,Q918-0,Mike,105164,105168,19,1054,8,M_1736,PROPN
1737,booknlp,COREF,219,I,105177,105178,19,1055,8,M_1737,Other
1738,booknlp,COREF,219,I,105183,105184,19,1055,8,M_1738,Other
1739,booknlp,COREF,219,I,105204,105205,19,1055,8,M_1739,Other
1740,booknlp,COREF,219,my,105272,105274,19,1055,8,M_1740,Other
1741,booknlp,COREF,240,Bill,105292,105296,5,1056,8,M_1741,Other
1742,booknlp,COREF,240,He,105320,105322,5,1056,8,M_1742,Other
1743,exp,exp_name,brett,Brett,105349,105354,6,1056,8,M_1743,PROPN
1744,booknlp,COREF,212,her,105389,105392,6,1056,8,M_1744,Other
1745,booknlp,COREF,212,She,105407,105410,6,1056,8,M_1745,Other
1746,pdnc,qID,Q920-0,you,105451,105454,15,1057,8,M_1746,Other
1747,pdnc,qID,Q920-0,Jake,105456,105460,15,1057,8,M_1747,Other
1748,exp,exp_name,michael,Michael,105463,105470,19,1057,8,M_1748,PROPN
1749,booknlp,COREF,219,I,105478,105479,19,1057,8,M_1749,Other
1750,pdnc,qID,Q920-1,you,105497,105500,15,1057,8,M_1750,Other
1751,pdnc,qID,Q920-1,you,105530,105533,15,1057,8,M_1751,Other
1752,booknlp,COREF,219,my,105538,105540,19,1057,8,M_1752,Other
1753,booknlp,COREF,240,his,105599,105602,5,1058,8,M_1753,Other
1754,booknlp,COREF,219,Mike,105641,105645,19,1059,8,M_1754,PROPN
1755,booknlp,COREF,219,I,105653,105654,19,1059,8,M_1755,Other
1756,booknlp,COREF,219,me,105705,105707,19,1059,8,M_1756,Other
1757,exp,exp_name,brett,Brett,105711,105716,6,1060,8,M_1757,PROPN
1758,booknlp,COREF,219,him,105729,105732,19,1060,8,M_1758,Other
1759,booknlp,COREF,212,her,105751,105754,6,1060,8,M_1759,Other
1760,booknlp,COREF,212,her,105800,105803,6,1060,8,M_1760,Other
1761,booknlp,COREF,219,Mike,105831,105835,19,1061,8,M_1761,PROPN
1762,booknlp,COREF,219,me,105857,105859,19,1061,8,M_1762,Other
1763,pdnc,qID,Q922-1,Brett,105881,105886,6,1061,8,M_1763,PROPN
1764,booknlp,COREF,219,I,105888,105889,19,1061,8,M_1764,Other
1765,pdnc,qID,Q922-1,she,105895,105898,6,1061,8,M_1765,Other
1766,pdnc,qID,Q923-0,You,105911,105914,6,1061,8,M_1766,Other
1767,pdnc,qID,Q923-0,Brett,105936,105941,6,1061,8,M_1767,PROPN
1768,pdnc,qID,Q923-0,you,105953,105956,6,1061,8,M_1768,Other
1769,booknlp,COREF,212,me,105993,105995,6,1062,8,M_1769,Other
1770,pdnc,qID,Q924-0,you,106003,106006,19,1062,8,M_1770,Other
1771,exp,exp_name,brett,Brett,106092,106097,6,1064,8,M_1771,PROPN
1772,booknlp,COREF,212,I,106105,106106,6,1064,8,M_1772,Other
1773,pdnc,qID,Q926-1,you,106120,106123,19,1064,8,M_1773,Other
1774,pdnc,qID,Q926-1,Bill,106128,106132,5,1064,8,M_1774,Other
1775,pdnc,qID,Q926-1,You,106138,106141,15,1064,8,M_1775,Other
1776,pdnc,qID,Q926-1,Jake,106163,106167,15,1064,8,M_1776,Other
1777,booknlp,COREF,212,She,106171,106174,6,1065,8,M_1777,Other
1778,booknlp,COREF,219,Mike,106185,106189,19,1065,8,M_1778,PROPN
1779,pdnc,qID,Q927-0,Bill Gorton,106200,106211,5,1065,8,M_1779,PROPN
1780,pdnc,qID,Q927-0,Mike Campbell,106230,106243,19,1065,8,M_1780,PROPN
1781,pdnc,qID,Q927-0,Mr. Campbell,106245,106257,19,1065,8,M_1781,PROPN
1782,booknlp,COREF,219,I,106297,106298,19,1066,8,M_1782,Other
1783,pdnc,qID,Q928-0,You,106308,106311,6,1066,8,M_1783,Other
1784,booknlp,COREF,219,I,106317,106318,19,1066,8,M_1784,Other
1785,booknlp,COREF,219,my,106323,106325,19,1066,8,M_1785,Other
1786,booknlp,COREF,219,me,106371,106373,19,1066,8,M_1786,Other
1787,booknlp,COREF,219,me,106408,106410,19,1068,8,M_1787,Other
1788,booknlp,COREF,219,I,106420,106421,19,1068,8,M_1788,Other
1789,booknlp,COREF,219,I,106430,106431,19,1068,8,M_1789,Other
1790,booknlp,COREF,219,I,106455,106456,19,1068,8,M_1790,Other
1791,pdnc,qID,Q930-0,Brett,106462,106467,6,1068,8,M_1791,PROPN
1792,pdnc,qID,Q930-0,you,106469,106472,6,1068,8,M_1792,Other
1793,booknlp,COREF,212,you,106501,106504,6,1068,8,M_1793,Other
1794,pdnc,qID,Q930-0,she,106511,106514,6,1068,8,M_1794,Other
1795,booknlp,COREF,219,me,106600,106602,19,1070,8,M_1795,Other
1796,pdnc,qID,Q932-0,she,106610,106613,6,1070,8,M_1796,Other
1797,exp,exp_name,the man,the man,106655,106662,33,1071,8,M_1797,PROPN
1798,booknlp,COREF,219,I,106679,106680,19,1072,8,M_1798,Other
1799,pdnc,qID,Q934-0,Brett,106686,106691,6,1072,8,M_1799,PROPN
1800,pdnc,qID,Q934-0,'s,106696,106698,6,1072,8,M_1800,Other
1801,pdnc,qID,Q935-0,Michael,106736,106743,19,1073,8,M_1801,PROPN
1802,pdnc,qID,Q936-0,she,106793,106796,6,1074,8,M_1802,Other
1803,pdnc,qID,Q936-0,you,106819,106822,15,1074,8,M_1803,Other
1804,pdnc,qID,Q936-0,Jake,106833,106837,15,1074,8,M_1804,Other
1805,booknlp,COREF,240,Bill,106869,106873,5,1075,8,M_1805,Other
1806,booknlp,COREF,219,Mike,106909,106913,19,1076,8,M_1806,PROPN
1807,booknlp,COREF,219,Mike,106984,106988,19,1078,8,M_1807,PROPN
1808,booknlp,COREF,240,I,107080,107081,5,1078,8,M_1808,Other
1809,booknlp,COREF,240,I,107092,107093,5,1078,8,M_1809,Other
1810,booknlp,COREF,240,I,107127,107128,5,1078,8,M_1810,Other
1811,pdnc,qID,Q940-2,Brett,107134,107139,6,1078,8,M_1811,PROPN
1812,exp,exp_name,brett,Brett,107161,107166,6,1079,8,M_1812,PROPN
1813,booknlp,COREF,212,I,107272,107273,6,1079,8,M_1813,Other
1814,pdnc,qID,Q941-0,Mr. Campbell,107295,107307,19,1079,8,M_1814,PROPN
1815,booknlp,COREF,219,I,107326,107327,19,1080,8,M_1815,Other
1816,booknlp,COREF,219,Mike,107342,107346,19,1080,8,M_1816,PROPN
1817,booknlp,COREF,219,I,107377,107378,19,1080,8,M_1817,Other
1818,pdnc,qID,Q942-1,Brett,107384,107389,6,1080,8,M_1818,PROPN
1819,pdnc,qID,Q942-1,you,107391,107394,6,1080,8,M_1819,Other
1820,exp,exp_name,brett,Brett,107439,107444,6,1081,8,M_1820,PROPN
1821,pdnc,qID,Q943-1,Mr. Campbell,107452,107464,19,1081,8,M_1821,PROPN
1822,pdnc,qID,Q943-1,Michael,107525,107532,19,1081,8,M_1822,PROPN
1823,booknlp,COREF,219,I,107537,107538,19,1082,8,M_1823,Other
1824,pdnc,qID,Q944-0,you,107544,107547,6,1082,8,M_1824,Other
1825,booknlp,COREF,219,I,107591,107592,19,1083,8,M_1825,Other
1826,booknlp,COREF,219,I,107601,107602,19,1083,8,M_1826,Other
1827,booknlp,COREF,219,Mike,107614,107618,19,1083,8,M_1827,PROPN
1828,exp,exp_name,brett,Brett,107625,107630,6,1083,8,M_1828,PROPN
1829,booknlp,COREF,219,Mike,107669,107673,19,1083,8,M_1829,PROPN
1830,exp,exp_name,brett,Brett,107721,107726,6,1083,8,M_1830,PROPN
1831,exp,exp_name,brett,Brett,107737,107742,6,1083,8,M_1831,PROPN
1832,booknlp,COREF,219,him,107758,107761,19,1083,8,M_1832,Other
1833,booknlp,COREF,212,her,107795,107798,6,1083,8,M_1833,Other
1834,pdnc,qID,Q946-0,you,107855,107858,5,1084,8,M_1834,Other
1835,booknlp,COREF,240,Bill,107899,107903,5,1085,8,M_1835,Other
1836,pdnc,qID,Q948-0,Mike,107935,107939,19,1086,8,M_1836,PROPN
1837,pdnc,qID,Q948-0,his girl friend,107965,107980,6,1086,8,M_1837,Other
1838,booknlp,COREF,240,Bill,108017,108021,5,1087,8,M_1838,Other
1839,pdnc,qID,Q949-1,him,108040,108043,19,1087,8,M_1839,Other
1840,exp,exp_name,robert cohn,Robert Cohn,108283,108294,23,1089,9,M_1840,PROPN
1841,exp,exp_name,cohn,Cohn,108607,108611,23,1090,9,M_1841,PROPN
1842,booknlp,COREF,240,Bill,108633,108637,5,1090,9,M_1842,Other
1843,exp,exp_name,michael,Michael,108863,108870,19,1090,9,M_1843,PROPN
1844,exp,exp_name,brett,Brett,108875,108880,6,1090,9,M_1844,PROPN
1845,pdnc,qID,Q950-0,darling,108979,108986,15,1091,9,M_1845,Other
1846,exp,exp_name,brett,Brett,108989,108994,6,1091,9,M_1846,PROPN
1847,booknlp,COREF,212,her,109003,109006,6,1091,9,M_1847,Other
1848,pdnc,qID,Q951-0,Jake,109022,109026,15,1092,9,M_1848,Other
1849,booknlp,COREF,219,Mike,109029,109033,19,1092,9,M_1849,PROPN
1850,booknlp,COREF,219,I,109041,109042,19,1092,9,M_1850,Other
1851,booknlp,COREF,219,I,109054,109055,19,1092,9,M_1851,Other
1852,pdnc,qID,Q952-0,you,109089,109092,19,1093,9,M_1852,Other
1853,exp,exp_name,brett,Brett,109103,109108,6,1093,9,M_1853,PROPN
1854,booknlp,COREF,219,Mike,109153,109157,19,1094,9,M_1854,PROPN
1855,pdnc,qID,Q953-1,you,109168,109171,15,1094,9,M_1855,Other
1856,pdnc,qID,Q953-1,you,109196,109199,15,1094,9,M_1856,Other
1857,pdnc,qID,Q953-1,you,109226,109229,15,1094,9,M_1857,Other
1858,pdnc,qID,Q955-0,You,109256,109259,15,1096,9,M_1858,Other
1859,booknlp,COREF,219,I,109283,109284,19,1096,9,M_1859,Other
1860,pdnc,qID,Q955-0,you,109306,109309,15,1096,9,M_1860,Other
1861,pdnc,qID,Q955-0,Brett,109316,109321,6,1096,9,M_1861,PROPN
1862,pdnc,qID,Q955-0,You,109335,109338,15,1096,9,M_1862,Other
1863,booknlp,COREF,219,I,109416,109417,19,1098,9,M_1863,Other
1864,booknlp,COREF,219,you,109436,109439,19,1098,9,M_1864,Other
1865,booknlp,COREF,219,I,109446,109447,19,1098,9,M_1865,Other
1866,booknlp,COREF,219,you,109461,109464,19,1098,9,M_1866,Other
1867,booknlp,COREF,219,I,109478,109479,19,1098,9,M_1867,Other
1868,booknlp,COREF,219,You,109489,109492,19,1098,9,M_1868,Other
1869,booknlp,COREF,219,you,109501,109504,19,1098,9,M_1869,Other
1870,pdnc,qID,Q958-0,Michael,109533,109540,19,1099,9,M_1870,PROPN
1871,exp,exp_name,brett,Brett,109543,109548,6,1099,9,M_1871,PROPN
1872,pdnc,qID,Q958-1,the man,109564,109571,15,1099,9,M_1872,Other
1873,pdnc,qID,Q958-1,he,109576,109578,15,1099,9,M_1873,Other
1874,booknlp,COREF,212,I,109591,109592,6,1099,9,M_1874,Other
1875,pdnc,qID,Q958-1,him,109600,109603,15,1099,9,M_1875,Other
1876,pdnc,qID,Q959-0,you,109618,109621,15,1100,9,M_1876,Other
1877,pdnc,qID,Q959-0,you,109637,109640,15,1100,9,M_1877,Other
1878,pdnc,qID,Q960-0,you,109673,109676,19,1101,9,M_1878,Other
1879,booknlp,COREF,212,me,109690,109692,6,1101,9,M_1879,Other
1880,pdnc,qID,Q960-0,Bill,109699,109703,5,1101,9,M_1880,Other
1881,booknlp,COREF,212,I,109708,109709,6,1101,9,M_1881,Other
1882,pdnc,qID,Q961-0,Bill,109770,109774,5,1102,9,M_1882,Other
1883,exp,exp_name,brett,Brett,109777,109782,6,1102,9,M_1883,PROPN
1884,pdnc,qID,Q962-0,He,109792,109794,5,1103,9,M_1884,Other
1885,pdnc,qID,Q963-0,He,109842,109844,5,1104,9,M_1885,Other
1886,booknlp,COREF,219,Mike,109884,109888,19,1105,9,M_1886,PROPN
1887,pdnc,qID,Q964-1,He,109891,109893,5,1105,9,M_1887,Other
1888,booknlp,COREF,212,you,109898,109901,6,1105,9,M_1888,Other
1889,booknlp,COREF,219,You,109911,109914,19,1106,9,M_1889,Other
1890,pdnc,qID,Q965-0,him,109930,109933,5,1106,9,M_1890,Other
1891,exp,exp_name,brett,Brett,109936,109941,6,1106,9,M_1891,PROPN
1892,booknlp,COREF,212,I,109950,109951,6,1107,9,M_1892,Other
1893,pdnc,qID,Q966-0,him,109965,109968,5,1107,9,M_1893,Other
1894,pdnc,qID,Q966-0,Jake,109986,109990,15,1107,9,M_1894,Other
1895,pdnc,qID,Q966-0,Brett,110031,110036,6,1107,9,M_1895,PROPN
1896,pdnc,qID,Q968-0,you,110107,110110,15,1109,9,M_1896,Other
1897,pdnc,qID,Q968-0,you,110119,110122,15,1109,9,M_1897,Other
1898,booknlp,COREF,219,I,110163,110164,19,1110,9,M_1898,Other
1899,booknlp,COREF,212,me,110189,110191,6,1111,9,M_1899,Other
1900,booknlp,COREF,212,I,110284,110285,6,1113,9,M_1900,Other
1901,exp,exp_name,brett,Brett,110299,110304,6,1113,9,M_1901,PROPN
1902,pdnc,qID,Q973-0,Bill,110339,110343,5,1114,9,M_1902,Other
1903,booknlp,COREF,219,Mike,110383,110387,19,1115,9,M_1903,PROPN
1904,booknlp,COREF,219,I,110390,110391,19,1115,9,M_1904,Other
1905,exp,exp_name,brett,Brett,110448,110453,6,1116,9,M_1905,PROPN
1906,booknlp,COREF,219,I,110563,110564,19,1120,9,M_1906,Other
1907,booknlp,COREF,219,Mike,110576,110580,19,1120,9,M_1907,PROPN
1908,booknlp,COREF,219,I,110583,110584,19,1120,9,M_1908,Other
1909,booknlp,COREF,212,I,110613,110614,6,1121,9,M_1909,Other
1910,exp,exp_name,brett,Brett,110633,110638,6,1121,9,M_1910,PROPN
1911,booknlp,COREF,212,me,110667,110669,6,1121,9,M_1911,Other
1912,pdnc,qID,Q980-1,Jake,110671,110675,15,1121,9,M_1912,Other
1913,booknlp,COREF,219,Mike,110732,110736,19,1122,9,M_1913,PROPN
1914,booknlp,COREF,219,I,110744,110745,19,1122,9,M_1914,Other
1915,booknlp,COREF,219,I,110962,110963,19,1124,9,M_1915,Other
1916,booknlp,COREF,219,Mike,110990,110994,19,1124,9,M_1916,PROPN
1917,booknlp,COREF,219,I,111007,111008,19,1124,9,M_1917,Other
1918,pdnc,qID,Q984-0,your,111053,111057,19,1125,9,M_1918,Other
1919,booknlp,COREF,219,Mike,111070,111074,19,1126,9,M_1919,PROPN
1920,exp,exp_name,brett,Brett,111085,111090,6,1126,9,M_1920,PROPN
1921,booknlp,COREF,212,I,111145,111146,6,1129,9,M_1921,Other
1922,exp,exp_name,brett,Brett,111161,111166,6,1129,9,M_1922,PROPN
1923,booknlp,COREF,212,I,111207,111208,6,1131,9,M_1923,Other
1924,pdnc,qID,Q985-1,you,111222,111225,15,1131,9,M_1924,Other
1925,booknlp,COREF,212,I,111232,111233,6,1131,9,M_1925,Other
1926,exp,exp_name,brett,Brett,111249,111254,6,1131,9,M_1926,PROPN
1927,pdnc,qID,Q987-0,you,111280,111283,15,1133,9,M_1927,Other
1928,pdnc,qID,Q987-0,Jake,111285,111289,15,1133,9,M_1928,Other
1929,exp,exp_name,brett,Brett,111302,111307,6,1135,9,M_1929,PROPN
1930,booknlp,COREF,212,I,111323,111324,6,1135,9,M_1930,Other
1931,booknlp,COREF,212,she,111331,111334,6,1135,9,M_1931,Other
1932,pdnc,qID,Q989-1,Robert Cohn,111345,111356,23,1135,9,M_1932,PROPN
1933,pdnc,qID,Q991-0,you,111399,111402,15,1137,9,M_1933,Other
1934,pdnc,qID,Q991-0,him,111435,111438,23,1137,9,M_1934,Other
1935,pdnc,qID,Q993-0,you,111469,111472,15,1139,9,M_1935,Other
1936,booknlp,COREF,212,I,111479,111480,6,1139,9,M_1936,Other
1937,pdnc,qID,Q995-0,you,111572,111575,15,1142,9,M_1937,Other
1938,booknlp,COREF,212,I,111593,111594,6,1143,9,M_1938,Other
1939,pdnc,qID,Q996-0,you,111618,111621,6,1143,9,M_1939,Other
1940,booknlp,COREF,212,me,111627,111629,6,1143,9,M_1940,Other
1941,pdnc,qID,Q997-0,He,111679,111681,23,1145,9,M_1941,Other
1942,pdnc,qID,Q997-0,He,111708,111710,23,1145,9,M_1942,Other
1943,pdnc,qID,Q998-0,he,111739,111741,23,1146,9,M_1943,Other
1944,booknlp,COREF,212,I,111746,111747,6,1147,9,M_1944,Other
1945,pdnc,qID,Q999-0,him,111784,111787,23,1147,9,M_1945,Other
1946,pdnc,qID,Q1000-0,You,111792,111795,6,1148,9,M_1946,Other
1947,booknlp,COREF,212,I,111848,111849,6,1150,9,M_1947,Other
1948,pdnc,qID,Q1003-0,you,111867,111870,15,1151,9,M_1948,Other
1949,pdnc,qID,Q1005-0,you,111940,111943,15,1153,9,M_1949,Other
1950,pdnc,qID,Q1005-0,him,111974,111977,23,1153,9,M_1950,Other
1951,pdnc,qID,Q1006-0,him,111995,111998,23,1154,9,M_1951,Other
1952,pdnc,qID,Q1006-1,him,112015,112018,23,1154,9,M_1952,Other
1953,pdnc,qID,Q1006-1,you,112019,112022,6,1154,9,M_1953,Other
1954,pdnc,qID,Q1006-1,He,112034,112036,23,1154,9,M_1954,Other
1955,booknlp,COREF,212,I,112061,112062,6,1155,9,M_1955,Other
1956,pdnc,qID,Q1007-0,him,112072,112075,23,1155,9,M_1956,Other
1957,pdnc,qID,Q1007-0,him,112085,112088,23,1155,9,M_1957,Other
1958,exp,exp_name,brett,Brett,112133,112138,6,1156,9,M_1958,PROPN
1959,pdnc,qID,Q1008-0,you,112188,112191,6,1157,9,M_1959,Other
1960,pdnc,qID,Q1008-0,Cohn,112202,112206,23,1157,9,M_1960,Other
1961,pdnc,qID,Q1009-0,He,112219,112221,23,1158,9,M_1961,Other
1962,booknlp,COREF,212,My,112242,112244,6,1159,9,M_1962,Other
1963,booknlp,COREF,212,I,112253,112254,6,1160,9,M_1963,Other
1964,booknlp,COREF,212,myself,112281,112287,6,1160,9,M_1964,Other
1965,pdnc,qID,Q1012-0,he,112297,112299,23,1161,9,M_1965,Other
1966,booknlp,COREF,212,me,112318,112320,6,1161,9,M_1966,Other
1967,pdnc,qID,Q1013-0,he,112330,112332,23,1162,9,M_1967,Other
1968,pdnc,qID,Q1013-0,you,112339,112342,6,1162,9,M_1968,Other
1969,booknlp,COREF,212,I,112367,112368,6,1163,9,M_1969,Other
1970,pdnc,qID,Q1014-0,him,112374,112377,23,1163,9,M_1970,Other
1971,pdnc,qID,Q1014-0,Michael,112412,112419,19,1163,9,M_1971,PROPN
1972,pdnc,qID,Q1015-0,He,112432,112434,23,1164,9,M_1972,Other
1973,pdnc,qID,Q1016-0,he,112457,112459,23,1165,9,M_1973,Other
1974,exp,exp_name,montoya,Montoya,112632,112639,20,1166,9,M_1974,PROPN
1975,booknlp,COREF,240,Bill,112853,112857,5,1167,9,M_1975,Other
1976,exp,exp_name,the conductor,the conductor,113068,113081,30,1167,9,M_1976,PROPN
1977,exp,exp_name,the dining-car conductor,the dining-car conductor,113297,113321,30,1171,9,M_1977,PROPN
1978,booknlp,COREF,240,Bill,113407,113411,5,1172,9,M_1978,Other
1979,pdnc,qID,Q1021-0,him,113420,113423,30,1173,9,M_1979,Other
1980,exp,exp_name,the conductor,The conductor,113494,113507,30,1175,9,M_1980,PROPN
1981,booknlp,COREF,1045,his,113530,113533,30,1175,9,M_1981,Other
1982,pdnc,qID,Q1023-0,you,113550,113553,15,1176,9,M_1982,Other
1983,booknlp,COREF,1045,he,113556,113558,30,1176,9,M_1983,Other
1984,booknlp,COREF,1045,I,113566,113567,30,1176,9,M_1984,Other
1985,booknlp,COREF,240,you,113581,113584,5,1176,9,M_1985,Other
1986,pdnc,qID,Q1024-0,You,113709,113712,30,1177,9,M_1986,Other
1987,pdnc,qID,Q1024-0,brother,113731,113738,30,1177,9,M_1987,Other
1988,booknlp,COREF,240,Bill,113741,113745,5,1177,9,M_1988,Other
1989,booknlp,COREF,240,him,113754,113757,5,1177,9,M_1989,Other
1990,booknlp,COREF,240,I,113771,113772,5,1177,9,M_1990,Other
1991,booknlp,COREF,240,I,113784,113785,5,1177,9,M_1991,Other
1992,pdnc,qID,Q1024-1,you,113794,113797,30,1177,9,M_1992,Other
1993,pdnc,qID,Q1024-1,you,113810,113813,30,1177,9,M_1993,Other
1994,booknlp,COREF,240,Bill,113894,113898,5,1179,9,M_1994,Other
1995,pdnc,qID,Q1026-1,You,113947,113950,15,1179,9,M_1995,Other
1996,pdnc,qID,Q1026-1,him,113956,113959,30,1179,9,M_1996,Other
1997,pdnc,qID,Q1026-1,Jake,113961,113965,15,1179,9,M_1997,Other
1998,booknlp,COREF,702,I,114097,114098,33,1182,9,M_1998,Other
1999,booknlp,COREF,240,you,114107,114110,5,1182,9,M_1999,Other
2000,booknlp,COREF,240,you,114132,114135,5,1182,9,M_2000,Other
2001,exp,exp_name,the man,the man,114138,114145,33,1182,9,M_2001,PROPN
2002,booknlp,COREF,240,Bill,114194,114198,5,1183,9,M_2002,Other
2003,booknlp,COREF,240,you,114214,114217,5,1184,9,M_2003,Other
2004,booknlp,COREF,240,you,114243,114246,5,1184,9,M_2004,Other
2005,booknlp,COREF,702,I,114268,114269,33,1184,9,M_2005,Other
2006,pdnc,qID,Q1031-0,You,114328,114331,33,1185,9,M_2006,Other
2007,pdnc,qID,Q1031-0,you,114371,114374,33,1185,9,M_2007,Other
2008,exp,exp_name,the wife,the wife,114389,114397,38,1185,9,M_2008,PROPN
2009,pdnc,qID,Q1031-1,you,114410,114413,33,1185,9,M_2009,Other
2010,booknlp,COREF,1057,I,114452,114453,38,1185,9,M_2010,Other
2011,exp,exp_name,the husband,the husband,114568,114579,33,1186,9,M_2011,PROPN
2012,booknlp,COREF,240,Bill,114784,114788,5,1187,9,M_2012,Other
2013,pdnc,qID,Q1035-1,He,114862,114864,5,1189,9,M_2013,Other
2014,booknlp,COREF,1058,I,114958,114959,33,1192,9,M_2014,Other
2015,booknlp,COREF,1058,myself,114980,114986,33,1192,9,M_2015,Other
2016,booknlp,COREF,1058,I,115021,115022,33,1192,9,M_2016,Other
2017,booknlp,COREF,1058,I,115099,115100,33,1192,9,M_2017,Other
2018,booknlp,COREF,1058,I,115132,115133,33,1192,9,M_2018,Other
2019,pdnc,qID,Q1039-0,you,115183,115186,33,1193,9,M_2019,Other
2020,pdnc,qID,Q1041-1,him,115477,115480,33,1196,9,M_2020,Other
2021,pdnc,qID,Q1041-1,he,115538,115540,33,1196,9,M_2021,Other
2022,booknlp,COREF,240,Bill,115623,115627,5,1197,9,M_2022,Other
2023,pdnc,qID,Q1043-0,you,115748,115751,5,1198,9,M_2023,Other
2024,pdnc,qID,Q1044-0,You,115794,115797,33,1199,9,M_2024,Other
2025,pdnc,qID,Q1045-0,mother,115826,115832,38,1200,9,M_2025,Other
2026,pdnc,qID,Q1046-0,Hubert,115993,115999,14,1202,9,M_2026,PROPN
2027,exp,exp_name,a waiter,A waiter,116255,116263,2,1203,9,M_2027,PROPN
2028,booknlp,COREF,557,him,116348,116351,2,1203,9,M_2028,Other
2029,pdnc,qID,Q1047-0,You,116358,116361,2,1204,9,M_2029,Other
2030,booknlp,COREF,557,He,116397,116399,2,1205,9,M_2030,Other
2031,booknlp,COREF,557,his,116407,116410,2,1205,9,M_2031,Other
2032,booknlp,COREF,557,I,116484,116485,2,1207,9,M_2032,Other
2033,booknlp,COREF,557,He,116493,116495,2,1208,9,M_2033,Other
2034,booknlp,COREF,557,him,116541,116544,2,1208,9,M_2034,Other
2035,booknlp,COREF,557,him,116575,116578,2,1208,9,M_2035,Other
2036,booknlp,COREF,557,I,116582,116583,2,1209,9,M_2036,Other
2037,booknlp,COREF,557,he,116604,116606,2,1209,9,M_2037,Other
2038,booknlp,COREF,557,his,117039,117042,2,1211,9,M_2038,Other
2039,booknlp,COREF,557,his,117052,117055,2,1211,9,M_2039,Other
2040,exp,exp_name,hubert,Hubert,117061,117067,14,1211,9,M_2040,PROPN
2041,exp,exp_name,hubert,Hubert,117140,117146,14,1212,9,M_2041,PROPN
2042,pdnc,qID,Q1053-0,That boy,117150,117158,14,1213,9,M_2042,Other
2043,pdnc,qID,Q1053-0,he,117177,117179,14,1213,9,M_2043,Other
2044,booknlp,COREF,240,you,117343,117346,5,1215,9,M_2044,Other
2045,booknlp,COREF,240,Bill,117360,117364,5,1215,9,M_2045,Other
2046,exp,exp_name,the man,the man,117631,117638,33,1217,9,M_2046,PROPN
2047,booknlp,COREF,240,Bill,117876,117880,5,1219,9,M_2047,Other
2048,booknlp,COREF,240,He,117920,117922,5,1219,9,M_2048,Other
2049,exp,exp_name,a priest,a priest,117935,117943,1,1219,9,M_2049,PROPN
2050,pdnc,qID,Q1059-0,father,118057,118063,1,1220,9,M_2050,PROPN
2051,booknlp,COREF,240,Bill,118170,118174,5,1222,9,M_2051,Other
2052,exp,exp_name,priest,priest,118185,118191,1,1222,9,M_2052,PROPN
2053,booknlp,COREF,240,him,118207,118210,5,1222,9,M_2053,Other
2054,exp,exp_name,the waiter,The waiter,118294,118304,37,1223,9,M_2054,PROPN
2055,exp,exp_name,the man,The man,119179,119186,33,1228,9,M_2055,PROPN
2056,booknlp,COREF,702,his,119191,119194,33,1228,9,M_2056,Other
2057,exp,exp_name,hubert,Hubert,119204,119210,14,1228,9,M_2057,PROPN
2058,booknlp,COREF,702,I,119301,119302,33,1229,9,M_2058,Other
2059,booknlp,COREF,702,he,119332,119334,33,1229,9,M_2059,Other
2060,exp,exp_name,hubert,Hubert,119416,119422,14,1231,9,M_2060,PROPN
2061,exp,exp_name,robert cohn,Robert Cohn,119609,119620,23,1232,9,M_2061,PROPN
2062,pdnc,qID,Q1065-0,Jake,119684,119688,15,1233,9,M_2062,Other
2063,pdnc,qID,Q1066-1,Bill Gorton,119735,119746,5,1234,9,M_2063,PROPN
2064,pdnc,qID,Q1067-0,you,119759,119762,23,1235,9,M_2064,Other
2065,booknlp,COREF,240,Bill,119887,119891,5,1236,9,M_2065,Other
2066,booknlp,COREF,240,him,119908,119911,5,1236,9,M_2066,Other
2067,pdnc,qID,Q1070-0,you,120188,120191,5,1239,9,M_2067,Other
2068,booknlp,COREF,240,Bill,120209,120213,5,1239,9,M_2068,Other
2069,pdnc,qID,Q1070-1,you,120241,120244,5,1239,9,M_2069,Other
2070,pdnc,qID,Q1070-1,Jake,120250,120254,15,1239,9,M_2070,Other
2071,pdnc,qID,Q1070-1,your,120269,120273,5,1239,9,M_2071,Other
2072,pdnc,qID,Q1070-1,you,120285,120288,15,1239,9,M_2072,Other
2073,pdnc,qID,Q1070-1,Jake,120302,120306,15,1239,9,M_2073,Other
2074,booknlp,COREF,219,Mike,120907,120911,19,1243,10,M_2074,PROPN
2075,exp,exp_name,the man,The man,121048,121055,33,1243,10,M_2075,PROPN
2076,exp,exp_name,cohn,Cohn,121276,121280,23,1244,10,M_2076,PROPN
2077,exp,exp_name,cohn,Cohn,122395,122399,23,1244,10,M_2077,PROPN
2078,booknlp,COREF,240,Bill,122470,122474,5,1244,10,M_2078,Other
2079,exp,exp_name,robert cohn,Robert Cohn,122569,122580,23,1244,10,M_2079,PROPN
2080,booknlp,COREF,240,Bill,122712,122716,5,1244,10,M_2080,Other
2081,exp,exp_name,cohn,Cohn,122838,122842,23,1245,10,M_2081,PROPN
2082,exp,exp_name,the basque,the Basque,123399,123409,26,1245,10,M_2082,PROPN
2083,exp,exp_name,the chauffeur,The chauffeur,124399,124412,28,1246,10,M_2083,PROPN
2084,booknlp,COREF,240,Bill,124540,124544,5,1246,10,M_2084,Other
2085,exp,exp_name,robert cohn,Robert Cohn,124628,124639,23,1246,10,M_2085,PROPN
2086,exp,exp_name,the carabineer,the carabineer,124716,124730,27,1246,10,M_2086,PROPN
2087,booknlp,COREF,1204,him,124764,124767,27,1247,10,M_2087,Other
2088,booknlp,COREF,1204,he,124771,124773,27,1247,10,M_2088,Other
2089,booknlp,COREF,1204,he,124791,124793,27,1247,10,M_2089,Other
2090,booknlp,COREF,1204,he,124808,124810,27,1247,10,M_2090,Other
2091,exp,exp_name,an old man,an old man,124842,124852,3,1248,10,M_2091,PROPN
2092,exp,exp_name,the carabineer,The carabineer,125102,125116,27,1249,10,M_2092,PROPN
2093,booknlp,COREF,1204,his,125137,125140,27,1249,10,M_2093,Other
2094,exp,exp_name,the man,The man,125148,125155,33,1249,10,M_2094,PROPN
2095,exp,exp_name,the guard,the guard,125325,125334,27,1252,10,M_2095,PROPN
2096,booknlp,COREF,1211,He,125348,125350,27,1252,10,M_2096,Other
2097,exp,exp_name,the guard,The guard,125405,125414,27,1254,10,M_2097,PROPN
2098,pdnc,qID,Q1075-0,you,125480,125483,27,1256,10,M_2098,Other
2099,booknlp,COREF,1211,he,125513,125515,27,1257,10,M_2099,Other
2100,exp,exp_name,the chauffeur,The chauffeur,125542,125555,28,1258,10,M_2100,PROPN
2101,booknlp,COREF,720,his,125629,125632,28,1258,10,M_2101,Other
2102,exp,exp_name,the driver,the driver,126074,126084,46,1258,10,M_2102,PROPN
2103,exp,exp_name,the driver,the driver,127085,127095,46,1259,10,M_2103,PROPN
2104,exp,exp_name,robert cohn,Robert Cohn,127117,127128,23,1259,10,M_2104,PROPN
2105,booknlp,COREF,240,Bill,127145,127149,5,1259,10,M_2105,Other
2106,booknlp,COREF,240,his,127168,127171,5,1259,10,M_2106,Other
2107,exp,exp_name,montoya,Montoya,128041,128048,20,1260,10,M_2107,PROPN
2108,exp,exp_name,the driver,The driver,128051,128061,46,1261,10,M_2108,PROPN
2109,exp,exp_name,montoya,Montoya,128335,128342,20,1261,10,M_2109,PROPN
2110,exp,exp_name,the driver,The driver,128514,128524,46,1261,10,M_2110,PROPN
2111,booknlp,COREF,454,him,128570,128573,46,1261,10,M_2111,Other
2112,booknlp,COREF,454,he,128578,128580,46,1261,10,M_2112,Other
2113,exp,exp_name,montoya,Montoya,128641,128648,20,1262,10,M_2113,PROPN
2114,exp,exp_name,robert cohn,Robert Cohn,129201,129212,23,1262,10,M_2114,PROPN
2115,exp,exp_name,cohn,Cohn,129406,129410,23,1262,10,M_2115,PROPN
2116,exp,exp_name,brett,Brett,129501,129506,6,1262,10,M_2116,PROPN
2117,pdnc,qID,Q1077-1,Brett,129593,129598,6,1263,10,M_2117,PROPN
2118,pdnc,qID,Q1077-1,Mike,129603,129607,19,1263,10,M_2118,PROPN
2119,exp,exp_name,cohn,Cohn,129665,129669,23,1264,10,M_2119,PROPN
2120,booknlp,COREF,240,Bill,129688,129692,5,1265,10,M_2120,Other
2121,exp,exp_name,robert cohn,Robert Cohn,129795,129806,23,1267,10,M_2121,PROPN
2122,booknlp,COREF,240,I,129888,129889,5,1269,10,M_2122,Other
2123,pdnc,qID,Q1082-0,you,129897,129900,23,1269,10,M_2123,Other
2124,booknlp,COREF,240,Bill,129939,129943,5,1269,10,M_2124,Other
2125,booknlp,COREF,240,He,129950,129952,5,1269,10,M_2125,Other
2126,booknlp,COREF,240,he,129970,129972,5,1269,10,M_2126,Other
2127,booknlp,COREF,240,he,129992,129994,5,1269,10,M_2127,Other
2128,exp,exp_name,cohn,Cohn,130036,130040,23,1270,10,M_2128,PROPN
2129,pdnc,qID,Q1083-1,You,130054,130057,15,1270,10,M_2129,Other
2130,pdnc,qID,Q1083-1,Jake,130071,130075,15,1270,10,M_2130,Other
2131,booknlp,COREF,240,I,130095,130096,5,1271,10,M_2131,Other
2132,booknlp,COREF,240,myself,130112,130118,5,1271,10,M_2132,Other
2133,booknlp,COREF,240,Bill,130121,130125,5,1271,10,M_2133,Other
2134,booknlp,COREF,240,he,130138,130140,5,1271,10,M_2134,Other
2135,booknlp,COREF,240,him,130172,130175,5,1271,10,M_2135,Other
2136,pdnc,qID,Q1085-0,they,130202,130206,6,1272,10,M_2136,Other
2137,exp,exp_name,cohn,Cohn,130275,130279,23,1273,10,M_2137,PROPN
2138,pdnc,qID,Q1087-0,you,130328,130331,23,1274,10,M_2138,Other
2139,pdnc,qID,Q1089-1,you,130399,130402,23,1276,10,M_2139,Other
2140,exp,exp_name,cohn,Cohn,130469,130473,23,1277,10,M_2140,PROPN
2141,pdnc,qID,Q1090-1,You,130492,130495,5,1277,10,M_2141,Other
2142,pdnc,qID,Q1091-0,You,130542,130545,23,1278,10,M_2142,Other
2143,booknlp,COREF,240,Bill,130567,130571,5,1278,10,M_2143,Other
2144,exp,exp_name,cohn,Cohn,130653,130657,23,1279,10,M_2144,PROPN
2145,booknlp,COREF,240,Bill,130706,130710,5,1280,10,M_2145,Other
2146,booknlp,COREF,240,I,130729,130730,5,1280,10,M_2146,Other
2147,pdnc,qID,Q1093-0,You,130762,130765,5,1281,10,M_2147,Other
2148,booknlp,COREF,240,I,130899,130900,5,1282,10,M_2148,Other
2149,booknlp,COREF,240,I,130922,130923,5,1282,10,M_2149,Other
2150,booknlp,COREF,240,my,130931,130933,5,1282,10,M_2150,Other
2151,booknlp,COREF,240,I,130945,130946,5,1282,10,M_2151,Other
2152,pdnc,qID,Q1094-0,him,130959,130962,23,1282,10,M_2152,Other
2153,pdnc,qID,Q1094-0,He,130964,130966,23,1282,10,M_2153,Other
2154,booknlp,COREF,240,I,130980,130981,5,1282,10,M_2154,Other
2155,pdnc,qID,Q1094-0,he,131004,131006,23,1282,10,M_2155,Other
2156,pdnc,qID,Q1094-0,Mike,131030,131034,19,1282,10,M_2156,PROPN
2157,pdnc,qID,Q1094-0,Brett,131039,131044,6,1282,10,M_2157,PROPN
2158,exp,exp_name,cohn,Cohn,131097,131101,23,1283,10,M_2158,PROPN
2159,pdnc,qID,Q1095-0,he,131140,131142,23,1284,10,M_2159,Other
2160,pdnc,qID,Q1096-0,him,131163,131166,23,1285,10,M_2160,Other
2161,exp,exp_name,cohn,Cohn,131226,131230,23,1286,10,M_2161,PROPN
2162,booknlp,COREF,240,Bill,131403,131407,5,1287,10,M_2162,Other
2163,exp,exp_name,cohn,Cohn,131439,131443,23,1287,10,M_2163,PROPN
2164,exp,exp_name,the porter,the porter,132311,132321,36,1287,10,M_2164,PROPN
2165,pdnc,qID,Q1098-0,You,132357,132360,15,1288,10,M_2165,Other
2166,booknlp,COREF,1308,he,132393,132395,36,1288,10,M_2166,Other
2167,booknlp,COREF,1308,he,132515,132517,36,1291,10,M_2167,Other
2168,booknlp,COREF,1308,I,132525,132526,36,1291,10,M_2168,Other
2169,pdnc,qID,Q1100-1,you,132532,132535,15,1291,10,M_2169,Other
2170,booknlp,COREF,1308,him,132594,132597,36,1291,10,M_2170,Other
2171,exp,exp_name,brett,Brett,132997,133002,6,1292,10,M_2171,PROPN
2172,booknlp,COREF,219,Mike,133007,133011,19,1292,10,M_2172,PROPN
2173,booknlp,COREF,240,Bill,133016,133020,5,1292,10,M_2173,Other
2174,exp,exp_name,robert cohn,Robert Cohn,133025,133036,23,1292,10,M_2174,PROPN
2175,exp,exp_name,brett,Brett,133740,133745,6,1292,10,M_2175,PROPN
2176,exp,exp_name,robert cohn,Robert Cohn,134480,134491,23,1293,10,M_2176,PROPN
2177,exp,exp_name,brett,Brett,134733,134738,6,1293,10,M_2177,PROPN
2178,booknlp,COREF,219,Mike,134743,134747,19,1293,10,M_2178,PROPN
2179,exp,exp_name,robert cohn,Robert Cohn,134841,134852,23,1293,10,M_2179,PROPN
2180,booknlp,COREF,240,Bill,134959,134963,5,1293,10,M_2180,Other
2181,booknlp,COREF,240,he,134969,134971,5,1293,10,M_2181,Other
2182,booknlp,COREF,240,he,134991,134993,5,1293,10,M_2182,Other
2183,booknlp,COREF,240,his,135006,135009,5,1293,10,M_2183,Other
2184,exp,exp_name,cohn,Cohn,135091,135095,23,1294,10,M_2184,PROPN
2185,exp,exp_name,brett,Brett,135119,135124,6,1294,10,M_2185,PROPN
2186,exp,exp_name,robert cohn,Robert Cohn,135297,135308,23,1294,10,M_2186,PROPN
2187,exp,exp_name,cohn,Cohn,135387,135391,23,1294,10,M_2187,PROPN
2188,booknlp,COREF,240,Bill,136087,136091,5,1299,10,M_2188,Other
2189,pdnc,qID,Q1105-0,you,136189,136192,23,1302,10,M_2189,Other
2190,booknlp,COREF,240,I,136201,136202,5,1302,10,M_2190,Other
2191,pdnc,qID,Q1105-0,you,136208,136211,23,1302,10,M_2191,Other
2192,pdnc,qID,Q1105-0,Cohn,136249,136253,23,1302,10,M_2192,Other
2193,booknlp,COREF,240,Bill,136256,136260,5,1302,10,M_2193,Other
2194,booknlp,COREF,240,I,136269,136270,5,1302,10,M_2194,Other
2195,exp,exp_name,robert cohn,Robert Cohn,136332,136343,23,1303,10,M_2195,PROPN
2196,booknlp,COREF,240,Bill,136423,136427,5,1304,10,M_2196,Other
2197,exp,exp_name,montoya,Montoya,136594,136601,20,1307,10,M_2197,PROPN
2198,booknlp,COREF,260,He,136624,136626,20,1307,10,M_2198,Other
2199,booknlp,COREF,260,his,136645,136648,20,1307,10,M_2199,Other
2200,pdnc,qID,Q1110-0,you,136665,136668,15,1307,10,M_2200,Other
2201,booknlp,COREF,260,He,136671,136673,20,1307,10,M_2201,Other
2202,pdnc,qID,Q1111-2,you,136896,136899,23,1310,10,M_2202,Other
2203,booknlp,COREF,260,him,136936,136939,20,1311,10,M_2203,Other
2204,booknlp,COREF,260,him,137035,137038,20,1311,10,M_2204,Other
2205,booknlp,COREF,260,him,137131,137134,20,1311,10,M_2205,Other
2206,booknlp,COREF,260,him,137171,137174,20,1311,10,M_2206,Other
2207,booknlp,COREF,260,he,137181,137183,20,1311,10,M_2207,Other
2208,booknlp,COREF,260,he,137245,137247,20,1311,10,M_2208,Other
2209,exp,exp_name,cohn,Cohn,137607,137611,23,1314,10,M_2209,PROPN
2210,booknlp,COREF,240,me,137683,137685,5,1316,10,M_2210,Other
2211,booknlp,COREF,240,Bill,137702,137706,5,1316,10,M_2211,Other
2212,booknlp,COREF,240,Bill,137966,137970,5,1317,10,M_2212,Other
2213,exp,exp_name,cohn,Cohn,137975,137979,23,1317,10,M_2213,PROPN
2214,exp,exp_name,robert cohn,Robert Cohn,138261,138272,23,1318,10,M_2214,PROPN
2215,pdnc,qID,Q1115-1,you,138410,138413,15,1319,10,M_2215,Other
2216,pdnc,qID,Q1115-1,Jake,138433,138437,15,1319,10,M_2216,Other
2217,pdnc,qID,Q1117-0,Bill,138491,138495,5,1321,10,M_2217,Other
2218,pdnc,qID,Q1123-0,You,138872,138875,15,1327,10,M_2218,Other
2219,pdnc,qID,Q1123-0,Bill,138880,138884,5,1327,10,M_2219,Other
2220,pdnc,qID,Q1124-0,your,138910,138914,23,1328,10,M_2220,Other
2221,exp,exp_name,robert cohn,Robert Cohn,138990,139001,23,1331,10,M_2221,PROPN
2222,pdnc,qID,Q1127-1,You,139087,139090,15,1332,10,M_2222,Other
2223,pdnc,qID,Q1130-0,you,139392,139395,23,1335,10,M_2223,Other
2224,pdnc,qID,Q1131-0,Brett,139442,139447,6,1336,10,M_2224,PROPN
2225,pdnc,qID,Q1132-0,you,139471,139474,23,1337,10,M_2225,Other
2226,exp,exp_name,brett,Brett,139775,139780,6,1338,10,M_2226,PROPN
2227,pdnc,qID,Q1133-0,Bill,139790,139794,5,1339,10,M_2227,Other
2228,pdnc,qID,Q1136-0,Bill,140051,140055,5,1341,10,M_2228,Other
2229,pdnc,qID,Q1138-0,you,140105,140108,23,1343,10,M_2229,Other
2230,booknlp,COREF,240,Bill,140129,140133,5,1344,10,M_2230,Other
2231,booknlp,COREF,240,his,140140,140143,5,1344,10,M_2231,Other
2232,booknlp,COREF,240,He,140150,140152,5,1344,10,M_2232,Other
2233,pdnc,qID,Q1139-0,he,140177,140179,23,1345,10,M_2233,Other
2234,booknlp,COREF,240,me,140185,140187,5,1345,10,M_2234,Other
2235,booknlp,COREF,240,Bill,140214,140218,5,1345,10,M_2235,Other
2236,pdnc,qID,Q1139-1,He,140226,140228,23,1345,10,M_2236,Other
2237,pdnc,qID,Q1139-1,He,140256,140258,23,1345,10,M_2237,Other
2238,pdnc,qID,Q1139-1,he,140264,140266,23,1345,10,M_2238,Other
2239,pdnc,qID,Q1139-1,Brett,140283,140288,6,1345,10,M_2239,PROPN
2240,pdnc,qID,Q1140-0,The lying bastard,140310,140327,23,1346,10,M_2240,Other
2241,booknlp,COREF,240,Bill,140346,140350,5,1347,10,M_2241,Other
2242,pdnc,qID,Q1141-1,you,140419,140422,15,1347,10,M_2242,Other
2243,pdnc,qID,Q1141-1,this fellow,140443,140454,23,1347,10,M_2243,Other
2244,booknlp,COREF,240,Bill,140486,140490,5,1349,10,M_2244,Other
2245,booknlp,COREF,240,he,140566,140568,5,1349,10,M_2245,Other
2246,booknlp,COREF,240,his,140578,140581,5,1349,10,M_2246,Other
2247,pdnc,qID,Q1143-0,you,140597,140600,15,1350,10,M_2247,Other
2248,pdnc,qID,Q1143-0,him,140606,140609,23,1350,10,M_2248,Other
2249,booknlp,COREF,240,me,140627,140629,5,1350,10,M_2249,Other
2250,booknlp,COREF,240,I,140666,140667,5,1350,10,M_2250,Other
2251,pdnc,qID,Q1143-0,you,140696,140699,15,1350,10,M_2251,Other
2252,pdnc,qID,Q1143-0,you,140729,140732,15,1350,10,M_2252,Other
2253,booknlp,COREF,240,He,140753,140755,5,1350,10,M_2253,Other
2254,booknlp,COREF,240,his,140763,140766,5,1350,10,M_2254,Other
2255,booknlp,COREF,240,his,140777,140780,5,1350,10,M_2255,Other
2256,pdnc,qID,Q1144-0,You,140837,140840,5,1351,10,M_2256,Other
2257,booknlp,COREF,240,I,140885,140886,5,1352,10,M_2257,Other
2258,pdnc,qID,Q1145-0,Robert Cohn,140932,140943,23,1352,10,M_2258,PROPN
2259,pdnc,qID,Q1145-0,he,140964,140966,23,1352,10,M_2259,Other
2260,booknlp,COREF,240,I,140980,140981,5,1352,10,M_2260,Other
2261,pdnc,qID,Q1145-0,him,140987,140990,23,1352,10,M_2261,Other
2262,pdnc,qID,Q1145-0,he,140996,140998,23,1352,10,M_2262,Other
2263,pdnc,qID,Q1146-0,He,141019,141021,23,1353,10,M_2263,Other
2264,booknlp,COREF,240,I,141043,141044,5,1354,10,M_2264,Other
2265,booknlp,COREF,240,Bill,141123,141127,5,1356,10,M_2265,Other
2266,pdnc,qID,Q1148-1,You,141130,141133,15,1356,10,M_2266,Other
2267,pdnc,qID,Q1148-1,him,141151,141154,23,1356,10,M_2267,Other
2268,pdnc,qID,Q1149-0,he,141192,141194,23,1357,10,M_2268,Other
2269,pdnc,qID,Q1150-0,him,141237,141240,23,1358,10,M_2269,Other
2270,pdnc,qID,Q1150-0,Brett,141245,141250,6,1358,10,M_2270,PROPN
2271,pdnc,qID,Q1150-0,she,141264,141267,6,1358,10,M_2271,Other
2272,pdnc,qID,Q1150-0,him,141298,141301,23,1358,10,M_2272,Other
2273,booknlp,COREF,240,He,141305,141307,5,1359,10,M_2273,Other
2274,booknlp,COREF,240,his,141315,141318,5,1359,10,M_2274,Other
2275,pdnc,qID,Q1151-0,She,141368,141371,6,1360,10,M_2275,Other
2276,pdnc,qID,Q1151-0,him,141404,141407,23,1360,10,M_2276,Other
2277,pdnc,qID,Q1152-0,she,141450,141453,6,1361,10,M_2277,Other
2278,pdnc,qID,Q1153-0,She,141466,141469,6,1362,10,M_2278,Other
2279,pdnc,qID,Q1153-0,she,141500,141503,6,1362,10,M_2279,Other
2280,pdnc,qID,Q1153-0,She,141529,141532,6,1362,10,M_2280,Other
2281,pdnc,qID,Q1153-0,she,141538,141541,6,1362,10,M_2281,Other
2282,pdnc,qID,Q1153-0,him,141571,141574,23,1362,10,M_2282,Other
2283,pdnc,qID,Q1154-0,she,141625,141628,6,1363,10,M_2283,Other
2284,pdnc,qID,Q1154-0,her,141649,141652,6,1363,10,M_2284,Other
2285,pdnc,qID,Q1154-0,you,141668,141671,15,1363,10,M_2285,Other
2286,booknlp,COREF,240,me,141701,141703,5,1363,10,M_2286,Other
2287,booknlp,COREF,240,me,141713,141715,5,1363,10,M_2287,Other
2288,booknlp,COREF,240,He,141718,141720,5,1363,10,M_2288,Other
2289,booknlp,COREF,240,his,141731,141734,5,1363,10,M_2289,Other
2290,pdnc,qID,Q1155-0,She,141875,141878,6,1364,10,M_2290,Other
2291,pdnc,qID,Q1156-0,She,141899,141902,6,1365,10,M_2291,Other
2292,booknlp,COREF,240,My,142137,142139,5,1365,10,M_2292,Other
2293,booknlp,COREF,240,He,142230,142232,5,1366,10,M_2293,Other
2294,booknlp,COREF,240,his,142265,142268,5,1366,10,M_2294,Other
2295,booknlp,COREF,240,himself,142331,142338,5,1366,10,M_2295,Other
2296,booknlp,COREF,240,his,142376,142379,5,1366,10,M_2296,Other
2297,booknlp,COREF,240,My,142398,142400,5,1367,10,M_2297,Other
2298,booknlp,COREF,240,he,142407,142409,5,1367,10,M_2298,Other
2299,booknlp,COREF,240,He,142443,142445,5,1368,10,M_2299,Other
2300,pdnc,qID,Q1159-0,"this Robert Cohn,",142480,142497,23,1369,10,M_2300,Other
2301,booknlp,COREF,240,Bill,142499,142503,5,1369,10,M_2301,Other
2302,pdnc,qID,Q1159-1,he,142511,142513,23,1369,10,M_2302,Other
2303,booknlp,COREF,240,me,142520,142522,5,1369,10,M_2303,Other
2304,pdnc,qID,Q1159-1,he,142533,142535,23,1369,10,M_2304,Other
2305,booknlp,COREF,240,I,142556,142557,5,1369,10,M_2305,Other
2306,pdnc,qID,Q1159-1,he,142570,142572,23,1369,10,M_2306,Other
2307,pdnc,qID,Q1159-1,him,142605,142608,23,1369,10,M_2307,Other
2308,pdnc,qID,Q1160-0,You,142629,142632,5,1370,10,M_2308,Other
2309,booknlp,COREF,240,Bill,143149,143153,5,1374,11,M_2309,Other
2310,booknlp,COREF,240,Bill,143184,143188,5,1374,11,M_2310,Other
2311,exp,exp_name,robert cohn,Robert Cohn,143578,143589,23,1375,11,M_2311,PROPN
2312,booknlp,COREF,240,Bill,143804,143808,5,1375,11,M_2312,Other
2313,exp,exp_name,the man,The man,144145,144152,33,1375,11,M_2313,PROPN
2314,booknlp,COREF,240,Bill,144161,144165,5,1375,11,M_2314,Other
2315,booknlp,COREF,240,him,144181,144184,5,1375,11,M_2315,Other
2316,booknlp,COREF,240,Bill,144200,144204,5,1375,11,M_2316,Other
2317,booknlp,COREF,240,he,144228,144230,5,1375,11,M_2317,Other
2318,exp,exp_name,the man,the man,144239,144246,33,1375,11,M_2318,PROPN
2319,exp,exp_name,the man,The man,144275,144282,33,1375,11,M_2319,PROPN
2320,booknlp,COREF,702,He,144298,144300,33,1375,11,M_2320,Other
2321,booknlp,COREF,702,he,144325,144327,33,1375,11,M_2321,Other
2322,booknlp,COREF,240,Bill,144362,144366,5,1375,11,M_2322,Other
2323,booknlp,COREF,240,he,144402,144404,5,1375,11,M_2323,Other
2324,exp,exp_name,robert cohn,Robert Cohn,144739,144750,23,1376,11,M_2324,PROPN
2325,exp,exp_name,the basque,The Basque,145169,145179,26,1376,11,M_2325,PROPN
2326,booknlp,COREF,1396,He,145276,145278,26,1376,11,M_2326,Other
2327,booknlp,COREF,1396,his,145286,145289,26,1376,11,M_2327,Other
2328,booknlp,COREF,240,Bill,145351,145355,5,1378,11,M_2328,Other
2329,exp,exp_name,the basque,The Basque,145363,145373,26,1379,11,M_2329,PROPN
2330,booknlp,COREF,1396,He,145436,145438,26,1379,11,M_2330,Other
2331,booknlp,COREF,1396,his,145500,145503,26,1379,11,M_2331,Other
2332,booknlp,COREF,1396,He,145517,145519,26,1379,11,M_2332,Other
2333,booknlp,COREF,1396,his,145546,145549,26,1379,11,M_2333,Other
2334,booknlp,COREF,240,Bill,145562,145566,5,1379,11,M_2334,Other
2335,booknlp,COREF,240,Bill,145568,145572,5,1379,11,M_2335,Other
2336,booknlp,COREF,1396,him,145580,145583,26,1379,11,M_2336,Other
2337,exp,exp_name,the basque,The Basque,145604,145614,26,1379,11,M_2337,PROPN
2338,booknlp,COREF,1396,him,145638,145641,26,1379,11,M_2338,Other
2339,booknlp,COREF,1396,his,145708,145711,26,1379,11,M_2339,Other
2340,booknlp,COREF,1396,He,145718,145720,26,1379,11,M_2340,Other
2341,booknlp,COREF,1396,he,145764,145766,26,1380,11,M_2341,Other
2342,booknlp,COREF,240,Bill,145788,145792,5,1381,11,M_2342,Other
2343,booknlp,COREF,240,his,145860,145863,5,1381,11,M_2343,Other
2344,booknlp,COREF,240,his,145871,145874,5,1381,11,M_2344,Other
2345,booknlp,COREF,240,he,145898,145900,5,1381,11,M_2345,Other
2346,booknlp,COREF,240,his,145974,145977,5,1381,11,M_2346,Other
2347,exp,exp_name,the driver,the driver,146803,146813,46,1385,11,M_2347,PROPN
2348,booknlp,COREF,240,Bill,148235,148239,5,1387,11,M_2348,Other
2349,exp,exp_name,the woman,the woman,148743,148752,39,1388,11,M_2349,PROPN
2350,booknlp,COREF,1443,she,148787,148790,39,1388,11,M_2350,Other
2351,exp,exp_name,the basque,the Basque,149212,149222,26,1389,11,M_2351,PROPN
2352,exp,exp_name,the woman,The woman,149278,149287,39,1389,11,M_2352,PROPN
2353,exp,exp_name,the driver,the driver,149399,149409,46,1389,11,M_2353,PROPN
2354,booknlp,COREF,240,Bill,149587,149591,5,1390,11,M_2354,Other
2355,exp,exp_name,an old man,an old man,149801,149811,3,1393,11,M_2355,PROPN
2356,pdnc,qID,Q1171-0,you,149894,149897,15,1395,11,M_2356,Other
2357,pdnc,qID,Q1174-0,you,149975,149978,3,1398,11,M_2357,Other
2358,pdnc,qID,Q1175-0,you,149994,149997,15,1399,11,M_2358,Other
2359,pdnc,qID,Q1176-0,you,150014,150017,3,1400,11,M_2359,Other
2360,pdnc,qID,Q1177-0,you,150136,150139,15,1401,11,M_2360,Other
2361,pdnc,qID,Q1180-0,you,150313,150316,3,1405,11,M_2361,Other
2362,pdnc,qID,Q1185-0,you,150501,150504,15,1410,11,M_2362,Other
2363,pdnc,qID,Q1187-0,You,150570,150573,15,1412,11,M_2363,Other
2364,pdnc,qID,Q1188-0,you,150611,150614,3,1413,11,M_2364,Other
2365,pdnc,qID,Q1190-0,you,150687,150690,15,1416,11,M_2365,Other
2366,pdnc,qID,Q1192-1,you,150753,150756,15,1418,11,M_2366,Other
2367,booknlp,COREF,240,Bill,152537,152541,5,1424,11,M_2367,Other
2368,booknlp,COREF,240,Bill,152626,152630,5,1426,11,M_2368,Other
2369,exp,exp_name,the driver,the driver,152937,152947,46,1427,11,M_2369,PROPN
2370,exp,exp_name,a carabineer in his cocked hat,A carabineer in his cocked hat,152987,153017,0,1427,11,M_2370,PROPN
2371,booknlp,COREF,454,he,153079,153081,46,1428,11,M_2371,Other
2372,booknlp,COREF,454,him,153131,153134,46,1429,11,M_2372,Other
2373,booknlp,COREF,454,He,153136,153138,46,1429,11,M_2373,Other
2374,booknlp,COREF,454,He,153192,153194,46,1429,11,M_2374,Other
2375,exp,exp_name,the fat woman,The fat woman,153406,153419,39,1433,11,M_2375,PROPN
2376,exp,exp_name,the woman,The woman,153617,153626,39,1433,11,M_2376,PROPN
2377,booknlp,COREF,240,My,154078,154080,5,1434,11,M_2377,Other
2378,booknlp,COREF,240,Bill,154092,154096,5,1434,11,M_2378,Other
2379,booknlp,COREF,240,I,154132,154133,5,1434,11,M_2379,Other
2380,booknlp,COREF,240,Bill,154268,154272,5,1435,11,M_2380,Other
2381,booknlp,COREF,240,I,154306,154307,5,1436,11,M_2381,Other
2382,booknlp,COREF,240,he,154327,154329,5,1436,11,M_2382,Other
2383,exp,exp_name,the woman,the woman,154356,154365,39,1437,11,M_2383,PROPN
2384,booknlp,COREF,1443,her,154374,154377,39,1437,11,M_2384,Other
2385,booknlp,COREF,1443,She,154411,154414,39,1437,11,M_2385,Other
2386,booknlp,COREF,1443,her,154419,154422,39,1437,11,M_2386,Other
2387,booknlp,COREF,1443,her,154435,154438,39,1437,11,M_2387,Other
2388,booknlp,COREF,1443,She,154529,154532,39,1440,11,M_2388,Other
2389,booknlp,COREF,1443,her,154569,154572,39,1440,11,M_2389,Other
2390,booknlp,COREF,1443,her,154599,154602,39,1440,11,M_2390,Other
2391,pdnc,qID,Q1208-0,you,154723,154726,39,1443,11,M_2391,Other
2392,booknlp,COREF,240,Bill,154959,154963,5,1449,11,M_2392,Other
2393,booknlp,COREF,240,He,154965,154967,5,1449,11,M_2393,Other
2394,booknlp,COREF,240,his,154973,154976,5,1449,11,M_2394,Other
2395,booknlp,COREF,240,Bill,155311,155315,5,1449,11,M_2395,Other
2396,booknlp,COREF,240,he,155364,155366,5,1449,11,M_2396,Other
2397,booknlp,COREF,240,me,155399,155401,5,1449,11,M_2397,Other
2398,exp,exp_name,the woman,the woman,155442,155451,39,1450,11,M_2398,PROPN
2399,booknlp,COREF,240,Bill,155567,155571,5,1450,11,M_2399,Other
2400,booknlp,COREF,240,Bill,155813,155817,5,1453,11,M_2400,Other
2401,booknlp,COREF,240,Bill,155923,155927,5,1455,11,M_2401,Other
2402,booknlp,COREF,240,Bill,156949,156953,5,1460,12,M_2402,Other
2403,exp,exp_name,the woman,the woman,157816,157825,39,1461,12,M_2403,PROPN
2404,booknlp,COREF,1443,her,157863,157866,39,1461,12,M_2404,Other
2405,booknlp,COREF,240,Bill,157917,157921,5,1461,12,M_2405,Other
2406,booknlp,COREF,240,I,157970,157971,5,1462,12,M_2406,Other
2407,pdnc,qID,Q1217-0,you,157976,157979,15,1462,12,M_2407,Other
2408,booknlp,COREF,240,he,158000,158002,5,1462,12,M_2408,Other
2409,pdnc,qID,Q1217-1,you,158035,158038,15,1462,12,M_2409,Other
2410,pdnc,qID,Q1217-1,you,158050,158053,15,1462,12,M_2410,Other
2411,pdnc,qID,Q1217-1,your,158069,158073,15,1462,12,M_2411,Other
2412,pdnc,qID,Q1218-0,You lazy bum,158084,158096,5,1463,12,M_2412,Other
2413,booknlp,COREF,240,I,158145,158146,5,1464,12,M_2413,Other
2414,booknlp,COREF,240,I,158229,158230,5,1466,12,M_2414,Other
2415,booknlp,COREF,240,He,158247,158249,5,1467,12,M_2415,Other
2416,booknlp,COREF,240,his,158294,158297,5,1467,12,M_2416,Other
2417,booknlp,COREF,240,me,158320,158322,5,1468,12,M_2417,Other
2418,pdnc,qID,Q1223-0,you,158431,158434,15,1470,12,M_2418,Other
2419,booknlp,COREF,240,Bill,158448,158452,5,1470,12,M_2419,Other
2420,pdnc,qID,Q1225-0,you,158505,158508,15,1472,12,M_2420,Other
2421,pdnc,qID,Q1225-0,you,158528,158531,15,1472,12,M_2421,Other
2422,pdnc,qID,Q1225-0,you,158581,158584,15,1472,12,M_2422,Other
2423,pdnc,qID,Q1225-0,You,158600,158603,15,1472,12,M_2423,Other
2424,booknlp,COREF,240,Bill,158708,158712,5,1474,12,M_2424,Other
2425,booknlp,COREF,240,his,158726,158729,5,1474,12,M_2425,Other
2426,pdnc,qID,Q1230-0,you,158899,158902,15,1478,12,M_2426,Other
2427,booknlp,COREF,240,Bill,159015,159019,5,1481,12,M_2427,Other
2428,booknlp,COREF,240,He,159207,159209,5,1481,12,M_2428,Other
2429,booknlp,COREF,240,he,159232,159234,5,1481,12,M_2429,Other
2430,pdnc,qID,Q1234-0,you,159399,159402,15,1483,12,M_2430,Other
2431,booknlp,COREF,240,Bill,159678,159682,5,1487,12,M_2431,Other
2432,booknlp,COREF,240,I,159761,159762,5,1489,12,M_2432,Other
2433,booknlp,COREF,240,I,159768,159769,5,1489,12,M_2433,Other
2434,booknlp,COREF,240,you,159905,159908,5,1491,12,M_2434,Other
2435,booknlp,COREF,240,Bill,159939,159943,5,1492,12,M_2435,Other
2436,booknlp,COREF,240,Bill,160111,160115,5,1494,12,M_2436,Other
2437,pdnc,qID,Q1243-1,You,160129,160132,15,1494,12,M_2437,Other
2438,pdnc,qID,Q1243-1,You,160158,160161,15,1494,12,M_2438,Other
2439,pdnc,qID,Q1243-1,You,160186,160189,15,1494,12,M_2439,Other
2440,pdnc,qID,Q1244-0,Robert Cohn,160230,160241,23,1495,12,M_2440,PROPN
2441,pdnc,qID,Q1245-0,Cohn,160284,160288,23,1496,12,M_2441,Other
2442,booknlp,COREF,240,He,160311,160313,5,1497,12,M_2442,Other
2443,pdnc,qID,Q1247-0,you,160403,160406,15,1499,12,M_2443,Other
2444,pdnc,qID,Q1247-0,you,160415,160418,15,1499,12,M_2444,Other
2445,pdnc,qID,Q1247-0,you,160425,160428,15,1499,12,M_2445,Other
2446,pdnc,qID,Q1247-0,You,160455,160458,15,1499,12,M_2446,Other
2447,pdnc,qID,Q1247-0,You,160514,160517,15,1499,12,M_2447,Other
2448,pdnc,qID,Q1247-0,you,160550,160553,15,1499,12,M_2448,Other
2449,pdnc,qID,Q1247-0,You,160570,160573,15,1499,12,M_2449,Other
2450,pdnc,qID,Q1247-0,your,160596,160600,15,1499,12,M_2450,Other
2451,pdnc,qID,Q1248-1,you,160649,160652,5,1500,12,M_2451,Other
2452,pdnc,qID,Q1249-0,you,160694,160697,15,1501,12,M_2452,Other
2453,pdnc,qID,Q1249-0,you,160710,160713,15,1501,12,M_2453,Other
2454,pdnc,qID,Q1249-0,You,160732,160735,15,1501,12,M_2454,Other
2455,pdnc,qID,Q1249-0,you,160746,160749,15,1501,12,M_2455,Other
2456,pdnc,qID,Q1249-0,You,160755,160758,15,1501,12,M_2456,Other
2457,pdnc,qID,Q1249-0,you,160787,160790,15,1501,12,M_2457,Other
2458,pdnc,qID,Q1249-0,you,160814,160817,15,1501,12,M_2458,Other
2459,pdnc,qID,Q1249-0,you,160847,160850,15,1501,12,M_2459,Other
2460,booknlp,COREF,240,me,160856,160858,5,1501,12,M_2460,Other
2461,pdnc,qID,Q1249-0,you,160890,160893,15,1501,12,M_2461,Other
2462,pdnc,qID,Q1251-0,you,160968,160971,15,1503,12,M_2462,Other
2463,pdnc,qID,Q1251-0,You,161080,161083,15,1503,12,M_2463,Other
2464,pdnc,qID,Q1251-0,you,161113,161116,15,1503,12,M_2464,Other
2465,pdnc,qID,Q1251-0,You,161118,161121,15,1503,12,M_2465,Other
2466,pdnc,qID,Q1251-0,you,161171,161174,15,1503,12,M_2466,Other
2467,pdnc,qID,Q1252-0,You,161316,161319,15,1505,12,M_2467,Other
2468,pdnc,qID,Q1252-0,You,161338,161341,15,1505,12,M_2468,Other
2469,pdnc,qID,Q1252-0,You,161371,161374,15,1505,12,M_2469,Other
2470,pdnc,qID,Q1252-0,you,161425,161428,15,1505,12,M_2470,Other
2471,pdnc,qID,Q1252-0,You,161430,161433,15,1505,12,M_2471,Other
2472,booknlp,COREF,240,yourself,161440,161448,5,1505,12,M_2472,Other
2473,pdnc,qID,Q1252-0,You,161459,161462,15,1505,12,M_2473,Other
2474,pdnc,qID,Q1252-0,You,161487,161490,15,1505,12,M_2474,Other
2475,pdnc,qID,Q1252-0,your,161501,161505,15,1505,12,M_2475,Other
2476,pdnc,qID,Q1252-0,You,161533,161536,15,1505,12,M_2476,Other
2477,pdnc,qID,Q1252-0,You,161561,161564,15,1505,12,M_2477,Other
2478,pdnc,qID,Q1254-0,You,161645,161648,15,1507,12,M_2478,Other
2479,pdnc,qID,Q1254-0,you,161692,161695,15,1507,12,M_2479,Other
2480,pdnc,qID,Q1254-0,you,161718,161721,15,1507,12,M_2480,Other
2481,booknlp,COREF,240,Bill,161800,161804,5,1509,12,M_2481,Other
2482,pdnc,qID,Q1256-1,you,161874,161877,15,1509,12,M_2482,Other
2483,exp,exp_name,henry,Henry,161916,161921,28,1509,12,M_2483,PROPN
2484,booknlp,COREF,240,He,161935,161937,5,1510,12,M_2484,Other
2485,booknlp,COREF,240,he,161969,161971,5,1510,12,M_2485,Other
2486,booknlp,COREF,240,he,161994,161996,5,1510,12,M_2486,Other
2487,booknlp,COREF,240,he,162005,162007,5,1510,12,M_2487,Other
2488,booknlp,COREF,240,him,162076,162079,5,1510,12,M_2488,Other
2489,booknlp,COREF,240,He,162120,162122,5,1511,12,M_2489,Other
2490,booknlp,COREF,240,I,162148,162149,5,1512,12,M_2490,Other
2491,booknlp,COREF,240,you,162270,162273,5,1514,12,M_2491,Other
2492,booknlp,COREF,240,you,162315,162318,5,1515,12,M_2492,Other
2493,booknlp,COREF,240,Bill,162359,162363,5,1516,12,M_2493,Other
2494,booknlp,COREF,240,I,162383,162384,5,1517,12,M_2494,Other
2495,booknlp,COREF,240,I,162427,162428,5,1518,12,M_2495,Other
2496,booknlp,COREF,240,he,162435,162437,5,1518,12,M_2496,Other
2497,booknlp,COREF,240,Bill,162461,162465,5,1518,12,M_2497,Other
2498,pdnc,qID,Q1264-1,you,162477,162480,15,1518,12,M_2498,Other
2499,pdnc,qID,Q1264-1,you,162524,162527,15,1518,12,M_2499,Other
2500,pdnc,qID,Q1264-1,you,162528,162531,15,1518,12,M_2500,Other
2501,booknlp,COREF,240,I,162552,162553,5,1519,12,M_2501,Other
2502,pdnc,qID,Q1266-0,You,162583,162586,15,1520,12,M_2502,Other
2503,booknlp,COREF,240,I,162616,162617,5,1520,12,M_2503,Other
2504,pdnc,qID,Q1266-0,you,162630,162633,15,1520,12,M_2504,Other
2505,booknlp,COREF,240,I,162657,162658,5,1520,12,M_2505,Other
2506,pdnc,qID,Q1266-0,you,162673,162676,15,1520,12,M_2506,Other
2507,booknlp,COREF,240,I,162705,162706,5,1520,12,M_2507,Other
2508,pdnc,qID,Q1269-0,you,163124,163127,15,1524,12,M_2508,Other
2509,pdnc,qID,Q1270-0,Old Bill,163151,163159,5,1525,12,M_2509,PROPN
2510,pdnc,qID,Q1271-0,You bum,163172,163179,15,1526,12,M_2510,Other
2511,booknlp,COREF,240,Bill,163248,163252,5,1527,12,M_2511,Other
2512,booknlp,COREF,240,Bill,164748,164752,5,1531,12,M_2512,Other
2513,booknlp,COREF,240,Bill,165665,165669,5,1534,12,M_2513,Other
2514,booknlp,COREF,240,Bill,166374,166378,5,1540,12,M_2514,Other
2515,pdnc,qID,Q1277-0,You,166505,166508,15,1541,12,M_2515,Other
2516,booknlp,COREF,240,Bill,166546,166550,5,1541,12,M_2516,Other
2517,booknlp,COREF,240,I,166582,166583,5,1543,12,M_2517,Other
2518,pdnc,qID,Q1279-0,You,166607,166610,15,1543,12,M_2518,Other
2519,pdnc,qID,Q1281-0,You,166658,166661,15,1545,12,M_2519,Other
2520,booknlp,COREF,240,I,166691,166692,5,1546,12,M_2520,Other
2521,booknlp,COREF,240,I,166732,166733,5,1547,12,M_2521,Other
2522,booknlp,COREF,240,He,166763,166765,5,1547,12,M_2522,Other
2523,booknlp,COREF,240,I,166790,166791,5,1547,12,M_2523,Other
2524,booknlp,COREF,240,Bill,166868,166872,5,1549,12,M_2524,Other
2525,booknlp,COREF,240,I,166919,166920,5,1551,12,M_2525,Other
2526,booknlp,COREF,240,I,166962,166963,5,1551,12,M_2526,Other
2527,booknlp,COREF,240,Bill,166991,166995,5,1552,12,M_2527,Other
2528,booknlp,COREF,240,he,167040,167042,5,1553,12,M_2528,Other
2529,booknlp,COREF,240,Bill,167165,167169,5,1554,12,M_2529,Other
2530,booknlp,COREF,240,his,167176,167179,5,1554,12,M_2530,Other
2531,booknlp,COREF,240,Bill,169678,169682,5,1558,12,M_2531,Other
2532,booknlp,COREF,240,Bill,170178,170182,5,1559,12,M_2532,Other
2533,booknlp,COREF,240,he,170204,170206,5,1560,12,M_2533,Other
2534,booknlp,COREF,240,He,170214,170216,5,1560,12,M_2534,Other
2535,booknlp,COREF,240,his,170221,170224,5,1560,12,M_2535,Other
2536,booknlp,COREF,240,his,170233,170236,5,1560,12,M_2536,Other
2537,booknlp,COREF,240,his,170245,170248,5,1560,12,M_2537,Other
2538,booknlp,COREF,240,he,170274,170276,5,1560,12,M_2538,Other
2539,booknlp,COREF,240,him,170306,170309,5,1560,12,M_2539,Other
2540,booknlp,COREF,240,you,170370,170373,5,1561,12,M_2540,Other
2541,booknlp,COREF,240,Bill,170381,170385,5,1562,12,M_2541,Other
2542,booknlp,COREF,240,his,170406,170409,5,1562,12,M_2542,Other
2543,booknlp,COREF,240,He,170446,170448,5,1562,12,M_2543,Other
2544,booknlp,COREF,240,His,170565,170568,5,1562,12,M_2544,Other
2545,pdnc,qID,Q1292-0,yours,170606,170611,15,1563,12,M_2545,Other
2546,pdnc,qID,Q1297-0,your,170724,170728,5,1568,12,M_2546,Other
2547,pdnc,qID,Q1298-0,You,170742,170745,15,1569,12,M_2547,Other
2548,booknlp,COREF,240,me,170768,170770,5,1569,12,M_2548,Other
2549,booknlp,COREF,240,I,170775,170776,5,1570,12,M_2549,Other
2550,booknlp,COREF,240,I,170782,170783,5,1570,12,M_2550,Other
2551,pdnc,qID,Q1302-0,You lazy bum,170827,170839,15,1573,12,M_2551,Other
2552,booknlp,COREF,240,Bill,170843,170847,5,1574,12,M_2552,Other
2553,booknlp,COREF,240,He,170923,170925,5,1574,12,M_2553,Other
2554,booknlp,COREF,240,he,170965,170967,5,1574,12,M_2554,Other
2555,booknlp,COREF,240,Bill,171243,171247,5,1575,12,M_2555,Other
2556,booknlp,COREF,240,his,171263,171266,5,1575,12,M_2556,Other
2557,booknlp,COREF,240,his,171274,171277,5,1575,12,M_2557,Other
2558,booknlp,COREF,240,he,171326,171328,5,1576,12,M_2558,Other
2559,booknlp,COREF,240,He,171335,171337,5,1576,12,M_2559,Other
2560,booknlp,COREF,240,my,171409,171411,5,1576,12,M_2560,Other
2561,booknlp,COREF,240,Bill,171522,171526,5,1579,12,M_2561,Other
2562,booknlp,COREF,240,Bill,171688,171692,5,1585,12,M_2562,Other
2563,booknlp,COREF,240,I,171754,171755,5,1586,12,M_2563,Other
2564,booknlp,COREF,240,Bill,171831,171835,5,1589,12,M_2564,Other
2565,booknlp,COREF,240,he,171854,171856,5,1589,12,M_2565,Other
2566,booknlp,COREF,240,he,171884,171886,5,1590,12,M_2566,Other
2567,booknlp,COREF,240,I,171947,171948,5,1590,12,M_2567,Other
2568,booknlp,COREF,240,Bill,172112,172116,5,1592,12,M_2568,Other
2569,booknlp,COREF,240,Bill,172282,172286,5,1594,12,M_2569,Other
2570,pdnc,qID,Q1318-0,you,172481,172484,15,1595,12,M_2570,Other
2571,pdnc,qID,Q1318-0,brother,172503,172510,15,1595,12,M_2571,Other
2572,pdnc,qID,Q1319-0,you,172521,172524,5,1596,12,M_2572,Other
2573,pdnc,qID,Q1319-0,brother,172526,172533,5,1596,12,M_2573,Other
2574,booknlp,COREF,240,Bill,172537,172541,5,1597,12,M_2574,Other
2575,pdnc,qID,Q1320-0,brother,172581,172588,15,1598,12,M_2575,Other
2576,booknlp,COREF,240,he,172591,172593,5,1598,12,M_2576,Other
2577,booknlp,COREF,240,I,172759,172760,5,1598,12,M_2577,Other
2578,pdnc,qID,Q1320-1,you,172766,172769,15,1598,12,M_2578,Other
2579,booknlp,COREF,240,me,172783,172785,5,1598,12,M_2579,Other
2580,pdnc,qID,Q1320-1,brother,172816,172823,15,1598,12,M_2580,Other
2581,booknlp,COREF,240,He,172826,172828,5,1598,12,M_2581,Other
2582,booknlp,COREF,240,me,172875,172877,5,1598,12,M_2582,Other
2583,pdnc,qID,Q1321-0,you,172883,172886,15,1598,12,M_2583,Other
2584,booknlp,COREF,240,I,172905,172906,5,1598,12,M_2584,Other
2585,booknlp,COREF,240,I,172936,172937,5,1598,12,M_2585,Other
2586,pdnc,qID,Q1321-0,you,172943,172946,15,1598,12,M_2586,Other
2587,booknlp,COREF,240,me,172959,172961,5,1598,12,M_2587,Other
2588,pdnc,qID,Q1321-0,your,172966,172970,15,1598,12,M_2588,Other
2589,pdnc,qID,Q1322-3,you,173272,173275,5,1601,12,M_2589,Other
2590,booknlp,COREF,240,I,173291,173292,5,1602,12,M_2590,Other
2591,booknlp,COREF,240,Bill,173312,173316,5,1602,12,M_2591,Other
2592,pdnc,qID,Q1324-0,you,173355,173358,5,1603,12,M_2592,Other
2593,booknlp,COREF,240,I,173391,173392,5,1604,12,M_2593,Other
2594,booknlp,COREF,240,Bill,173571,173575,5,1608,12,M_2594,Other
2595,booknlp,COREF,240,I,173583,173584,5,1608,12,M_2595,Other
2596,booknlp,COREF,240,myself,173620,173626,5,1608,12,M_2596,Other
2597,pdnc,qID,Q1330-0,You,173631,173634,5,1609,12,M_2597,Other
2598,booknlp,COREF,240,Bill,173704,173708,5,1612,12,M_2598,Other
2599,pdnc,qID,Q1337-0,you,173839,173842,15,1616,12,M_2599,Other
2600,pdnc,qID,Q1337-0,you,173853,173856,15,1616,12,M_2600,Other
2601,booknlp,COREF,240,Bill,173863,173867,5,1616,12,M_2601,Other
2602,pdnc,qID,Q1339-0,You,173922,173925,15,1618,12,M_2602,Other
2603,booknlp,COREF,240,I,173970,173971,5,1619,12,M_2603,Other
2604,booknlp,COREF,240,Bill,174035,174039,5,1620,12,M_2604,Other
2605,booknlp,COREF,240,I,174042,174043,5,1620,12,M_2605,Other
2606,pdnc,qID,Q1343-0,You,174165,174168,15,1622,12,M_2606,Other
2607,booknlp,COREF,240,Bill,174201,174205,5,1622,12,M_2607,Other
2608,booknlp,COREF,240,I,174237,174238,5,1622,12,M_2608,Other
2609,booknlp,COREF,240,me,174257,174259,5,1622,12,M_2609,Other
2610,pdnc,qID,Q1344-0,You,174264,174267,5,1623,12,M_2610,Other
2611,booknlp,COREF,240,I,174321,174322,5,1626,12,M_2611,Other
2612,pdnc,qID,Q1350-0,You,174433,174436,5,1630,12,M_2612,Other
2613,booknlp,COREF,240,Bill,174453,174457,5,1631,12,M_2613,Other
2614,booknlp,COREF,240,I,174465,174466,5,1631,12,M_2614,Other
2615,booknlp,COREF,240,Bill,174541,174545,5,1633,12,M_2615,Other
2616,exp,exp_name,brett,Brett,174569,174574,6,1633,12,M_2616,PROPN
2617,pdnc,qID,Q1353-0,you,174611,174614,15,1635,12,M_2617,Other
2618,pdnc,qID,Q1353-0,her,174633,174636,6,1635,12,M_2618,Other
2619,booknlp,COREF,240,Bill,174719,174723,5,1639,12,M_2619,Other
2620,booknlp,COREF,240,I,174731,174732,5,1639,12,M_2620,Other
2621,pdnc,qID,Q1361-0,You,174884,174887,15,1643,12,M_2621,Other
2622,pdnc,qID,Q1361-0,you,174908,174911,15,1643,12,M_2622,Other
2623,booknlp,COREF,240,I,174945,174946,5,1645,12,M_2623,Other
2624,booknlp,COREF,240,Bill,174966,174970,5,1645,12,M_2624,Other
2625,booknlp,COREF,240,He,174977,174979,5,1645,12,M_2625,Other
2626,booknlp,COREF,240,his,175001,175004,5,1645,12,M_2626,Other
2627,pdnc,qID,Q1364-0,Jake,175021,175025,15,1646,12,M_2627,Other
2628,booknlp,COREF,240,he,175028,175030,5,1646,12,M_2628,Other
2629,pdnc,qID,Q1364-1,you,175042,175045,15,1646,12,M_2629,Other
2630,booknlp,COREF,240,I,175136,175137,5,1650,12,M_2630,Other
2631,booknlp,COREF,240,he,175159,175161,5,1650,12,M_2631,Other
2632,booknlp,COREF,240,me,175180,175182,5,1650,12,M_2632,Other
2633,booknlp,COREF,240,Bill,175248,175252,5,1651,12,M_2633,Other
2634,pdnc,qID,Q1369-0,you,175426,175429,15,1652,12,M_2634,Other
2635,booknlp,COREF,240,Bill,175444,175448,5,1652,12,M_2635,Other
2636,pdnc,qID,Q1369-1,you,175468,175471,15,1652,12,M_2636,Other
2637,booknlp,COREF,240,I,175524,175525,5,1653,12,M_2637,Other
2638,booknlp,COREF,240,Bill,175547,175551,5,1653,12,M_2638,Other
2639,booknlp,COREF,240,I,175559,175560,5,1653,12,M_2639,Other
2640,booknlp,COREF,240,I,175625,175626,5,1654,12,M_2640,Other
2641,booknlp,COREF,240,I,175639,175640,5,1654,12,M_2641,Other
2642,pdnc,qID,Q1372-0,You,175652,175655,15,1655,12,M_2642,Other
2643,booknlp,COREF,240,Bill,175673,175677,5,1655,12,M_2643,Other
2644,booknlp,COREF,240,Bill,175844,175848,5,1656,12,M_2644,Other
2645,booknlp,COREF,240,Bill,175919,175923,5,1656,12,M_2645,Other
2646,booknlp,COREF,240,Bill,176020,176024,5,1657,12,M_2646,Other
2647,pdnc,qID,Q1375-0,Your,176068,176072,15,1659,12,M_2647,Other
2648,booknlp,COREF,240,He,176101,176103,5,1660,12,M_2648,Other
2649,booknlp,COREF,240,his,176120,176123,5,1660,12,M_2649,Other
2650,pdnc,qID,Q1376-0,You,176191,176194,15,1661,12,M_2650,Other
2651,exp,exp_name,harris,Harris,176921,176927,11,1665,12,M_2651,PROPN
2652,booknlp,COREF,287,He,177023,177025,11,1665,12,M_2652,Other
2653,exp,exp_name,robert cohn,Robert Cohn,177110,177121,23,1665,12,M_2653,PROPN
2654,exp,exp_name,brett,Brett,177131,177136,6,1665,12,M_2654,PROPN
2655,booknlp,COREF,219,Mike,177141,177145,19,1665,12,M_2655,PROPN
2656,exp,exp_name,harris,Harris,177288,177294,11,1667,13,M_2656,PROPN
2657,booknlp,COREF,287,He,177322,177324,11,1667,13,M_2657,Other
2658,booknlp,COREF,287,He,177367,177369,11,1667,13,M_2658,Other
2659,booknlp,COREF,287,he,177409,177411,11,1668,13,M_2659,Other
2660,pdnc,qID,Q1378-1,you,177430,177433,15,1668,13,M_2660,Other
2661,booknlp,COREF,287,I,177435,177436,11,1668,13,M_2661,Other
2662,booknlp,COREF,287,me,177474,177476,11,1668,13,M_2662,Other
2663,booknlp,COREF,287,mine,177482,177486,11,1668,13,M_2663,Other
2664,exp,exp_name,harris,Harris,177561,177567,11,1669,13,M_2664,PROPN
2665,exp,exp_name,brett,Brett,177732,177737,6,1671,13,M_2665,PROPN
2666,booknlp,COREF,212,her,177778,177781,6,1671,13,M_2666,Other
2667,exp,exp_name,montoya,Montoya,177842,177849,20,1671,13,M_2667,PROPN
2668,exp,exp_name,brett,Brett,178047,178052,6,1671,13,M_2668,PROPN
2669,booknlp,COREF,212,her,178147,178150,6,1671,13,M_2669,Other
2670,booknlp,COREF,212,her,178185,178188,6,1671,13,M_2670,Other
2671,exp,exp_name,michael,MICHAEL,178293,178300,19,1672,13,M_2671,PROPN
2672,exp,exp_name,harris,Harris,178341,178347,11,1673,13,M_2672,PROPN
2673,booknlp,COREF,212,I,178362,178363,6,1674,13,M_2673,Other
2674,booknlp,COREF,212,I,178504,178505,6,1676,13,M_2674,Other
2675,booknlp,COREF,287,you,178511,178514,11,1676,13,M_2675,Other
2676,booknlp,COREF,212,I,178585,178586,6,1677,13,M_2676,Other
2677,booknlp,COREF,212,I,178624,178625,6,1678,13,M_2677,Other
2678,booknlp,COREF,212,me,178770,178772,6,1680,13,M_2678,Other
2679,booknlp,COREF,212,I,178922,178923,6,1682,13,M_2679,Other
2680,pdnc,qID,Q1388-0,you,178951,178954,15,1682,13,M_2680,Other
2681,booknlp,COREF,212,me,178962,178964,6,1682,13,M_2681,Other
2682,booknlp,COREF,212,I,178966,178967,6,1682,13,M_2682,Other
2683,booknlp,COREF,212,I,178997,178998,6,1682,13,M_2683,Other
2684,pdnc,qID,Q1389-0,You,179033,179036,11,1683,13,M_2684,Other
2685,booknlp,COREF,212,I,179074,179075,6,1684,13,M_2685,Other
2686,booknlp,COREF,212,I,179081,179082,6,1684,13,M_2686,Other
2687,pdnc,qID,Q1390-0,you,179087,179090,15,1684,13,M_2687,Other
2688,booknlp,COREF,212,I,179130,179131,6,1685,13,M_2688,Other
2689,booknlp,COREF,240,Bill,179286,179290,5,1689,13,M_2689,Other
2690,exp,exp_name,barnes,Barnes,179599,179605,15,1691,13,M_2690,PROPN
2691,exp,exp_name,cohn,Cohn,179758,179762,23,1693,13,M_2691,PROPN
2692,booknlp,COREF,240,Bill,179781,179785,5,1694,13,M_2692,Other
2693,pdnc,qID,Q1396-0,Cohn,179808,179812,23,1695,13,M_2693,Other
2694,booknlp,COREF,240,he,179820,179822,5,1695,13,M_2694,Other
2695,pdnc,qID,Q1397-1,He,179865,179867,23,1696,13,M_2695,Other
2696,booknlp,COREF,240,you,179939,179942,5,1696,13,M_2696,Other
2697,booknlp,COREF,240,you,179982,179985,5,1697,13,M_2697,Other
2698,pdnc,qID,Q1398-0,Cohn,180021,180025,23,1697,13,M_2698,Other
2699,pdnc,qID,Q1399-1,Brett,180094,180099,6,1698,13,M_2699,PROPN
2700,pdnc,qID,Q1399-1,Mike,180104,180108,19,1698,13,M_2700,PROPN
2701,booknlp,COREF,240,Bill,180194,180198,5,1699,13,M_2701,Other
2702,booknlp,COREF,240,Bill,180326,180330,5,1701,13,M_2702,Other
2703,exp,exp_name,harris,Harris,180430,180436,11,1703,13,M_2703,PROPN
2704,exp,exp_name,harris,Harris,180553,180559,11,1704,13,M_2704,PROPN
2705,booknlp,COREF,240,you,180589,180592,5,1704,13,M_2705,Other
2706,booknlp,COREF,287,I,180598,180599,11,1704,13,M_2706,Other
2707,booknlp,COREF,240,Me,180639,180641,5,1705,13,M_2707,Other
2708,booknlp,COREF,240,Bill,180651,180655,5,1705,13,M_2708,Other
2709,exp,exp_name,harris,Harris,180698,180704,11,1706,13,M_2709,PROPN
2710,booknlp,COREF,287,I,180712,180713,11,1706,13,M_2710,Other
2711,booknlp,COREF,287,I,180741,180742,11,1706,13,M_2711,Other
2712,booknlp,COREF,240,Bill,180829,180833,5,1707,13,M_2712,Other
2713,booknlp,COREF,240,He,180841,180843,5,1707,13,M_2713,Other
2714,exp,exp_name,harris,Harris,180850,180856,11,1707,13,M_2714,PROPN
2715,booknlp,COREF,287,I,180860,180861,11,1708,13,M_2715,Other
2716,exp,exp_name,harris,Harris,180971,180977,11,1710,13,M_2716,PROPN
2717,booknlp,COREF,287,my,180992,180994,11,1710,13,M_2717,Other
2718,booknlp,COREF,287,me,181008,181010,11,1710,13,M_2718,Other
2719,booknlp,COREF,240,Bill,181042,181046,5,1711,13,M_2719,Other
2720,booknlp,COREF,287,I,181093,181094,11,1713,13,M_2720,Other
2721,exp,exp_name,harris,Harris,181106,181112,11,1713,13,M_2721,PROPN
2722,booknlp,COREF,287,He,181134,181136,11,1713,13,M_2722,Other
2723,booknlp,COREF,240,Bill,181165,181169,5,1713,13,M_2723,Other
2724,exp,exp_name,harris,Harris,181204,181210,11,1714,13,M_2724,PROPN
2725,booknlp,COREF,287,He,181233,181235,11,1714,13,M_2725,Other
2726,booknlp,COREF,287,I,181309,181310,11,1715,13,M_2726,Other
2727,booknlp,COREF,240,You,181316,181319,5,1715,13,M_2727,Other
2728,booknlp,COREF,287,me,181350,181352,11,1715,13,M_2728,Other
2729,booknlp,COREF,240,you,181361,181364,5,1715,13,M_2729,Other
2730,pdnc,qID,Q1413-0,Harris,181407,181413,11,1716,13,M_2730,PROPN
2731,exp,exp_name,harris,Harris,181417,181423,11,1717,13,M_2731,PROPN
2732,booknlp,COREF,287,I,181446,181447,11,1718,13,M_2732,Other
2733,booknlp,COREF,240,you,181460,181463,5,1718,13,M_2733,Other
2734,booknlp,COREF,287,I,181494,181495,11,1718,13,M_2734,Other
2735,pdnc,qID,Q1415-0,you,181578,181581,11,1719,13,M_2735,Other
2736,pdnc,qID,Q1415-0,Harris,181593,181599,11,1719,13,M_2736,PROPN
2737,exp,exp_name,harris,Harris,181713,181719,11,1722,13,M_2737,PROPN
2738,booknlp,COREF,240,mine,181731,181735,5,1723,13,M_2738,Other
2739,booknlp,COREF,240,Bill,181743,181747,5,1723,13,M_2739,Other
2740,booknlp,COREF,287,I,181775,181776,11,1724,13,M_2740,Other
2741,pdnc,qID,Q1420-0,you,181782,181785,5,1724,13,M_2741,Other
2742,booknlp,COREF,287,me,181792,181794,11,1724,13,M_2742,Other
2743,booknlp,COREF,287,me,181822,181824,11,1724,13,M_2743,Other
2744,pdnc,qID,Q1420-0,you,181835,181838,5,1724,13,M_2744,Other
2745,booknlp,COREF,240,me,181870,181872,5,1725,13,M_2745,Other
2746,booknlp,COREF,240,Bill,181884,181888,5,1725,13,M_2746,Other
2747,exp,exp_name,harris,Harris,181970,181976,11,1726,13,M_2747,PROPN
2748,booknlp,COREF,287,his,181984,181987,11,1726,13,M_2748,Other
2749,booknlp,COREF,287,I,181997,181998,11,1727,13,M_2749,Other
2750,booknlp,COREF,240,You,182004,182007,5,1727,13,M_2750,Other
2751,booknlp,COREF,240,Bill,182039,182043,5,1728,13,M_2751,Other
2752,booknlp,COREF,287,him,182052,182055,11,1728,13,M_2752,Other
2753,pdnc,qID,Q1423-0,Good old Harris,182071,182086,11,1729,13,M_2753,Other
2754,booknlp,COREF,287,I,182091,182092,11,1730,13,M_2754,Other
2755,booknlp,COREF,240,You,182098,182101,5,1730,13,M_2755,Other
2756,booknlp,COREF,287,my,182107,182109,11,1730,13,M_2756,Other
2757,exp,exp_name,harris,Harris,182128,182134,11,1730,13,M_2757,PROPN
2758,exp,exp_name,wilson-harris,Wilson-Harris,182141,182154,11,1730,13,M_2758,PROPN
2759,booknlp,COREF,240,you,182185,182188,5,1730,13,M_2759,Other
2760,pdnc,qID,Q1425-0,Good old Wilson-Harris,182198,182220,11,1731,13,M_2760,Other
2761,booknlp,COREF,240,Bill,182223,182227,5,1731,13,M_2761,Other
2762,pdnc,qID,Q1425-1,you,182243,182246,11,1731,13,M_2762,Other
2763,exp,exp_name,harris,Harris,182247,182253,11,1731,13,M_2763,PROPN
2764,pdnc,qID,Q1425-1,you,182279,182282,11,1731,13,M_2764,Other
2765,booknlp,COREF,287,I,182287,182288,11,1732,13,M_2765,Other
2766,pdnc,qID,Q1426-0,Barnes,182294,182300,15,1732,13,M_2766,Other
2767,pdnc,qID,Q1426-0,You,182302,182305,15,1732,13,M_2767,Other
2768,booknlp,COREF,287,me,182340,182342,11,1732,13,M_2768,Other
2769,exp,exp_name,barnes,Barnes,182393,182399,15,1734,13,M_2769,PROPN
2770,pdnc,qID,Q1428-0,Barnes,182409,182415,15,1734,13,M_2770,Other
2771,pdnc,qID,Q1428-0,you,182417,182420,15,1734,13,M_2771,Other
2772,pdnc,qID,Q1429-0,Harris,182458,182464,11,1735,13,M_2772,PROPN
2773,exp,exp_name,harris,Harris,182520,182526,11,1736,13,M_2773,PROPN
2774,exp,exp_name,harris,Harris,182567,182573,11,1736,13,M_2774,PROPN
2775,booknlp,COREF,287,He,182599,182601,11,1736,13,M_2775,Other
2776,booknlp,COREF,287,his,182610,182613,11,1736,13,M_2776,Other
2777,booknlp,COREF,287,his,182625,182628,11,1736,13,M_2777,Other
2778,booknlp,COREF,287,his,182651,182654,11,1736,13,M_2778,Other
2779,booknlp,COREF,287,his,182664,182667,11,1736,13,M_2779,Other
2780,booknlp,COREF,287,he,182711,182713,11,1736,13,M_2780,Other
2781,exp,exp_name,harris,Harris,182792,182798,11,1736,13,M_2781,PROPN
2782,booknlp,COREF,287,himself,182813,182820,11,1736,13,M_2782,Other
2783,booknlp,COREF,287,He,182822,182824,11,1736,13,M_2783,Other
2784,booknlp,COREF,287,his,182834,182837,11,1736,13,M_2784,Other
2785,exp,exp_name,harris,Harris,182858,182864,11,1737,13,M_2785,PROPN
2786,booknlp,COREF,287,he,182888,182890,11,1738,13,M_2786,Other
2787,booknlp,COREF,287,He,182897,182899,11,1738,13,M_2787,Other
2788,booknlp,COREF,287,I,182970,182971,11,1738,13,M_2788,Other
2789,pdnc,qID,Q1431-1,you,182988,182991,15,1738,13,M_2789,Other
2790,pdnc,qID,Q1431-1,you,183030,183033,15,1738,13,M_2790,Other
2791,exp,exp_name,harris,Harris,183081,183087,11,1739,13,M_2791,PROPN
2792,booknlp,COREF,287,He,183123,183125,11,1739,13,M_2792,Other
2793,booknlp,COREF,287,he,183162,183164,11,1739,13,M_2793,Other
2794,pdnc,qID,Q1432-0,that Harris,183218,183229,11,1740,13,M_2794,Other
2795,booknlp,COREF,240,Bill,183237,183241,5,1740,13,M_2795,Other
2796,booknlp,COREF,287,I,183250,183251,11,1741,13,M_2796,Other
2797,pdnc,qID,Q1433-0,he,183258,183260,11,1741,13,M_2797,Other
2798,pdnc,qID,Q1434-0,Harris,183293,183299,11,1742,13,M_2798,PROPN
2799,pdnc,qID,Q1434-0,You,183301,183304,15,1742,13,M_2799,Other
2800,pdnc,qID,Q1434-0,he,183309,183311,11,1742,13,M_2800,Other
2801,booknlp,COREF,287,I,183320,183321,11,1743,13,M_2801,Other
2802,pdnc,qID,Q1435-0,he,183327,183329,11,1743,13,M_2802,Other
2803,pdnc,qID,Q1436-0,He,183355,183357,11,1744,13,M_2803,Other
2804,booknlp,COREF,287,You,183382,183385,11,1745,13,M_2804,Other
2805,booknlp,COREF,287,I,183450,183451,11,1746,13,M_2805,Other
2806,exp,exp_name,montoya,Montoya,183552,183559,20,1747,13,M_2806,PROPN
2807,exp,exp_name,montoya,Montoya,183859,183866,20,1747,13,M_2807,PROPN
2808,booknlp,COREF,260,He,183868,183870,20,1747,13,M_2808,Other
2809,booknlp,COREF,260,his,183903,183906,20,1747,13,M_2809,Other
2810,booknlp,COREF,260,he,183950,183952,20,1748,13,M_2810,Other
2811,pdnc,qID,Q1440-0,Mr. Campbell,183961,183973,19,1749,13,M_2811,PROPN
2812,pdnc,qID,Q1441-0,Mr. Cohn,183983,183991,23,1750,13,M_2812,PROPN
2813,pdnc,qID,Q1441-0,Mr. Campbell,183996,184008,19,1750,13,M_2813,PROPN
2814,pdnc,qID,Q1441-0,Lady Ashley,184013,184024,6,1750,13,M_2814,PROPN
2815,booknlp,COREF,260,He,184028,184030,20,1751,13,M_2815,Other
2816,booknlp,COREF,260,I,184127,184128,20,1753,13,M_2816,Other
2817,pdnc,qID,Q1444-0,you,184181,184184,20,1754,13,M_2817,Other
2818,pdnc,qID,Q1444-0,Mr. Campbell,184190,184202,19,1754,13,M_2818,PROPN
2819,booknlp,COREF,260,I,184295,184296,20,1757,13,M_2819,Other
2820,exp,exp_name,montoya,Montoya,184358,184365,20,1759,13,M_2820,PROPN
2821,booknlp,COREF,260,he,184386,184388,20,1759,13,M_2821,Other
2822,exp,exp_name,montoya,Montoya,184555,184562,20,1761,13,M_2822,PROPN
2823,booknlp,COREF,260,his,184567,184570,20,1761,13,M_2823,Other
2824,booknlp,COREF,260,I,184594,184595,20,1762,13,M_2824,Other
2825,pdnc,qID,Q1451-0,you,184603,184606,15,1762,13,M_2825,Other
2826,booknlp,COREF,260,He,184616,184618,20,1763,13,M_2826,Other
2827,booknlp,COREF,260,He,184633,184635,20,1763,13,M_2827,Other
2828,booknlp,COREF,260,He,184790,184792,20,1763,13,M_2828,Other
2829,pdnc,qID,Q1452-0,Your friend,184987,184998,5,1764,13,M_2829,Other
2830,pdnc,qID,Q1452-0,he,185003,185005,5,1764,13,M_2830,Other
2831,exp,exp_name,montoya,Montoya,185024,185031,20,1764,13,M_2831,PROPN
2832,booknlp,COREF,240,Bill,185042,185046,5,1764,13,M_2832,Other
2833,pdnc,qID,Q1453-0,He,185055,185057,5,1765,13,M_2833,Other
2834,exp,exp_name,montoya,Montoya,185123,185130,20,1766,13,M_2834,PROPN
2835,pdnc,qID,Q1454-1,he,185158,185160,5,1766,13,M_2835,Other
2836,pdnc,qID,Q1454-1,you,185183,185186,15,1766,13,M_2836,Other
2837,booknlp,COREF,260,He,185190,185192,20,1767,13,M_2837,Other
2838,booknlp,COREF,260,his,185197,185200,20,1767,13,M_2838,Other
2839,pdnc,qID,Q1455-1,He,185259,185261,5,1768,13,M_2839,Other
2840,pdnc,qID,Q1456-0,he,185290,185292,5,1769,13,M_2840,Other
2841,pdnc,qID,Q1456-0,you,185315,185318,15,1769,13,M_2841,Other
2842,exp,exp_name,montoya,Montoya,185448,185455,20,1770,13,M_2842,PROPN
2843,exp,exp_name,montoya,Montoya,185619,185626,20,1770,13,M_2843,PROPN
2844,exp,exp_name,montoya,Montoya,185700,185707,20,1770,13,M_2844,PROPN
2845,booknlp,COREF,260,his,185714,185717,20,1770,13,M_2845,Other
2846,exp,exp_name,montoya,Montoya,185759,185766,20,1770,13,M_2846,PROPN
2847,exp,exp_name,montoya,Montoya,185861,185868,20,1770,13,M_2847,PROPN
2848,booknlp,COREF,260,his,185889,185892,20,1770,13,M_2848,Other
2849,exp,exp_name,montoya,Montoya,185988,185995,20,1770,13,M_2849,PROPN
2850,booknlp,COREF,260,He,186052,186054,20,1770,13,M_2850,Other
2851,exp,exp_name,montoya,Montoya,186150,186157,20,1771,13,M_2851,PROPN
2852,exp,exp_name,montoya,Montoya,186383,186390,20,1771,13,M_2852,PROPN
2853,exp,exp_name,montoya,Montoya,186512,186519,20,1771,13,M_2853,PROPN
2854,exp,exp_name,montoya,Montoya,187235,187242,20,1772,13,M_2854,PROPN
2855,booknlp,COREF,260,He,187301,187303,20,1772,13,M_2855,Other
2856,booknlp,COREF,240,Bill,187627,187631,5,1773,13,M_2856,Other
2857,booknlp,COREF,240,him,187678,187681,5,1773,13,M_2857,Other
2858,booknlp,COREF,240,his,187706,187709,5,1773,13,M_2858,Other
2859,booknlp,COREF,240,he,187725,187727,5,1774,13,M_2859,Other
2860,pdnc,qID,Q1458-0,He,187761,187763,20,1775,13,M_2860,Other
2861,booknlp,COREF,240,me,187776,187778,5,1775,13,M_2861,Other
2862,pdnc,qID,Q1461-0,you,187906,187909,15,1778,13,M_2862,Other
2863,booknlp,COREF,240,I,187931,187932,5,1779,13,M_2863,Other
2864,booknlp,COREF,240,He,187986,187988,5,1780,13,M_2864,Other
2865,booknlp,COREF,240,his,188001,188004,5,1780,13,M_2865,Other
2866,exp,exp_name,brett,Brett,189126,189131,6,1790,13,M_2866,PROPN
2867,booknlp,COREF,219,Mike,189136,189140,19,1790,13,M_2867,PROPN
2868,exp,exp_name,brett,Brett,189173,189178,6,1790,13,M_2868,PROPN
2869,booknlp,COREF,219,Mike,189183,189187,19,1790,13,M_2869,PROPN
2870,exp,exp_name,robert cohn,Robert Cohn,189192,189203,23,1790,13,M_2870,PROPN
2871,exp,exp_name,brett,Brett,189205,189210,6,1790,13,M_2871,PROPN
2872,booknlp,COREF,219,Mike,189246,189250,19,1790,13,M_2872,PROPN
2873,exp,exp_name,robert cohn,Robert Cohn,189252,189263,23,1790,13,M_2873,PROPN
2874,exp,exp_name,brett,Brett,189308,189313,6,1790,13,M_2874,PROPN
2875,booknlp,COREF,212,Her,189339,189342,6,1790,13,M_2875,Other
2876,booknlp,COREF,212,she,189409,189412,6,1791,13,M_2876,Other
2877,exp,exp_name,brett,Brett,189422,189427,6,1792,13,M_2877,PROPN
2878,booknlp,COREF,219,Mike,189439,189443,19,1792,13,M_2878,PROPN
2879,exp,exp_name,robert cohn,Robert Cohn,189509,189520,23,1792,13,M_2879,PROPN
2880,pdnc,qID,Q1473-0,you,189577,189580,23,1793,13,M_2880,Other
2881,exp,exp_name,cohn,Cohn,189624,189628,23,1794,13,M_2881,PROPN
2882,exp,exp_name,brett,Brett,189648,189653,6,1795,13,M_2882,PROPN
2883,pdnc,qID,Q1475-1,you,189694,189697,23,1795,13,M_2883,Other
2884,pdnc,qID,Q1477-0,Bill,189786,189790,5,1797,13,M_2884,Other
2885,booknlp,COREF,219,Mike,189822,189826,19,1798,13,M_2885,PROPN
2886,exp,exp_name,cohn,Cohn,189913,189917,23,1800,13,M_2886,PROPN
2887,pdnc,qID,Q1481-0,You,189965,189968,23,1801,13,M_2887,Other
2888,booknlp,COREF,219,Mike,190013,190017,19,1802,13,M_2888,PROPN
2889,pdnc,qID,Q1483-0,an Englishman,190092,190105,11,1803,13,M_2889,Other
2890,pdnc,qID,Q1484-0,Harris,190125,190131,11,1804,13,M_2890,PROPN
2891,booknlp,COREF,240,Bill,190134,190138,5,1804,13,M_2891,Other
2892,pdnc,qID,Q1484-1,him,190156,190159,11,1804,13,M_2892,Other
2893,pdnc,qID,Q1484-1,Mike,190161,190165,19,1804,13,M_2893,PROPN
2894,pdnc,qID,Q1484-1,He,190167,190169,11,1804,13,M_2894,Other
2895,pdnc,qID,Q1485-0,Fortunate fellow,190194,190210,11,1805,13,M_2895,Other
2896,booknlp,COREF,219,Mike,190213,190217,19,1805,13,M_2896,PROPN
2897,booknlp,COREF,219,I,190248,190249,19,1805,13,M_2897,Other
2898,pdnc,qID,Q1487-0,you,190310,190313,19,1807,13,M_2898,Other
2899,pdnc,qID,Q1487-0,Mike,190326,190330,19,1807,13,M_2899,PROPN
2900,exp,exp_name,cohn,Cohn,190333,190337,23,1807,13,M_2900,PROPN
2901,booknlp,COREF,212,I,190351,190352,6,1808,13,M_2901,Other
2902,pdnc,qID,Q1489-0,He,190361,190363,19,1809,13,M_2902,Other
2903,exp,exp_name,brett,Brett,190399,190404,6,1809,13,M_2903,PROPN
2904,pdnc,qID,Q1489-1,your,190437,190441,19,1809,13,M_2904,Other
2905,booknlp,COREF,212,I,190475,190476,6,1810,13,M_2905,Other
2906,booknlp,COREF,212,I,190485,190486,6,1810,13,M_2906,Other
2907,pdnc,qID,Q1491-0,You,190515,190518,19,1811,13,M_2907,Other
2908,booknlp,COREF,212,me,190530,190532,6,1811,13,M_2908,Other
2909,exp,exp_name,robert cohn,Robert Cohn,190535,190546,23,1811,13,M_2909,PROPN
2910,booknlp,COREF,212,I,190555,190556,6,1812,13,M_2910,Other
2911,booknlp,COREF,212,me,190606,190608,6,1812,13,M_2911,Other
2912,pdnc,qID,Q1493-0,your,190629,190633,19,1813,13,M_2912,Other
2913,booknlp,COREF,212,I,190645,190646,6,1814,13,M_2913,Other
2914,booknlp,COREF,212,me,190694,190696,6,1814,13,M_2914,Other
2915,pdnc,qID,Q1496-0,Brett,190723,190728,6,1816,13,M_2915,PROPN
2916,pdnc,qID,Q1496-0,you,190739,190742,23,1816,13,M_2916,Other
2917,pdnc,qID,Q1496-0,She,190744,190747,6,1816,13,M_2917,Other
2918,booknlp,COREF,212,me,190796,190798,6,1816,13,M_2918,Other
2919,pdnc,qID,Q1497-0,Brett,190819,190824,6,1817,13,M_2919,PROPN
2920,booknlp,COREF,212,I,190836,190837,6,1818,13,M_2920,Other
2921,booknlp,COREF,212,I,190842,190843,6,1819,13,M_2921,Other
2922,booknlp,COREF,212,myself,190855,190861,6,1819,13,M_2922,Other
2923,pdnc,qID,Q1500-0,you,190883,190886,19,1820,13,M_2923,Other
2924,pdnc,qID,Q1500-0,Mike,190892,190896,19,1820,13,M_2924,PROPN
2925,booknlp,COREF,212,I,190901,190902,6,1821,13,M_2925,Other
2926,pdnc,qID,Q1502-0,You,190930,190933,19,1822,13,M_2926,Other
2927,booknlp,COREF,212,I,190953,190954,6,1823,13,M_2927,Other
2928,booknlp,COREF,212,I,190963,190964,6,1823,13,M_2928,Other
2929,booknlp,COREF,212,I,190990,190991,6,1823,13,M_2929,Other
2930,booknlp,COREF,212,I,191153,191154,6,1823,13,M_2930,Other
2931,booknlp,COREF,212,I,191174,191175,6,1823,13,M_2931,Other
2932,booknlp,COREF,212,my,191187,191189,6,1823,13,M_2932,Other
2933,booknlp,COREF,212,I,191243,191244,6,1823,13,M_2933,Other
2934,booknlp,COREF,212,I,191290,191291,6,1823,13,M_2934,Other
2935,booknlp,COREF,212,me,191324,191326,6,1823,13,M_2935,Other
2936,booknlp,COREF,212,I,191382,191383,6,1823,13,M_2936,Other
2937,booknlp,COREF,212,me,191417,191419,6,1823,13,M_2937,Other
2938,booknlp,COREF,212,I,191482,191483,6,1823,13,M_2938,Other
2939,booknlp,COREF,212,I,191502,191503,6,1823,13,M_2939,Other
2940,booknlp,COREF,212,I,191524,191525,6,1823,13,M_2940,Other
2941,booknlp,COREF,212,my,191536,191538,6,1823,13,M_2941,Other
2942,booknlp,COREF,212,me,191583,191585,6,1823,13,M_2942,Other
2943,booknlp,COREF,212,yourself,191612,191620,6,1823,13,M_2943,Other
2944,booknlp,COREF,212,me,191633,191635,6,1823,13,M_2944,Other
2945,booknlp,COREF,212,you,191649,191652,6,1823,13,M_2945,Other
2946,booknlp,COREF,212,me,191688,191690,6,1823,13,M_2946,Other
2947,booknlp,COREF,212,I,191704,191705,6,1823,13,M_2947,Other
2948,booknlp,COREF,212,my,191716,191718,6,1823,13,M_2948,Other
2949,booknlp,COREF,212,I,191747,191748,6,1823,13,M_2949,Other
2950,exp,exp_name,henry,Henry,191802,191807,28,1823,13,M_2950,PROPN
2951,booknlp,COREF,212,I,191955,191956,6,1823,13,M_2951,Other
2952,booknlp,COREF,212,my,191969,191971,6,1823,13,M_2952,Other
2953,booknlp,COREF,212,I,192048,192049,6,1826,13,M_2953,Other
2954,pdnc,qID,Q1512-0,You,192075,192078,19,1827,13,M_2954,Other
2955,exp,exp_name,brett,Brett,192093,192098,6,1827,13,M_2955,PROPN
2956,booknlp,COREF,219,Mike,192157,192161,19,1829,13,M_2956,PROPN
2957,booknlp,COREF,219,I,192164,192165,19,1829,13,M_2957,Other
2958,booknlp,COREF,219,I,192207,192208,19,1829,13,M_2958,Other
2959,booknlp,COREF,219,I,192231,192232,19,1829,13,M_2959,Other
2960,booknlp,COREF,219,I,192263,192264,19,1829,13,M_2960,Other
2961,booknlp,COREF,219,my,192282,192284,19,1829,13,M_2961,Other
2962,booknlp,COREF,219,I,192306,192307,19,1829,13,M_2962,Other
2963,booknlp,COREF,219,I,192349,192350,19,1829,13,M_2963,Other
2964,booknlp,COREF,219,I,192499,192500,19,1829,13,M_2964,Other
2965,exp,exp_name,brett,Brett,192606,192611,6,1830,13,M_2965,PROPN
2966,booknlp,COREF,212,you,192626,192629,6,1831,13,M_2966,Other
2967,booknlp,COREF,219,Mike,192653,192657,19,1831,13,M_2967,PROPN
2968,booknlp,COREF,219,I,192696,192697,19,1831,13,M_2968,Other
2969,booknlp,COREF,219,my,192722,192724,19,1831,13,M_2969,Other
2970,booknlp,COREF,219,me,192738,192740,19,1831,13,M_2970,Other
2971,booknlp,COREF,219,Mike,192919,192923,19,1831,13,M_2971,PROPN
2972,booknlp,COREF,219,he,192962,192964,19,1831,13,M_2972,Other
2973,pdnc,qID,Q1517-0,You,192973,192976,19,1832,13,M_2973,Other
2974,booknlp,COREF,240,Bill,192993,192997,5,1832,13,M_2974,Other
2975,booknlp,COREF,240,I,193005,193006,5,1832,13,M_2975,Other
2976,booknlp,COREF,219,me,193113,193115,19,1833,13,M_2976,Other
2977,booknlp,COREF,219,Mike,193122,193126,19,1833,13,M_2977,PROPN
2978,booknlp,COREF,219,I,193134,193135,19,1833,13,M_2978,Other
2979,booknlp,COREF,219,me,193220,193222,19,1833,13,M_2979,Other
2980,booknlp,COREF,219,I,193261,193262,19,1833,13,M_2980,Other
2981,pdnc,qID,Q1519-0,you,193359,193362,19,1834,13,M_2981,Other
2982,booknlp,COREF,240,Bill,193377,193381,5,1834,13,M_2982,Other
2983,booknlp,COREF,219,Mike,193402,193406,19,1835,13,M_2983,PROPN
2984,booknlp,COREF,219,Mike,193484,193488,19,1837,13,M_2984,PROPN
2985,booknlp,COREF,219,I,193491,193492,19,1837,13,M_2985,Other
2986,booknlp,COREF,219,I,193535,193536,19,1837,13,M_2986,Other
2987,exp,exp_name,brett,Brett,193644,193649,6,1838,13,M_2987,PROPN
2988,booknlp,COREF,219,I,193658,193659,19,1839,13,M_2988,Other
2989,booknlp,COREF,219,Mike,193677,193681,19,1839,13,M_2989,PROPN
2990,booknlp,COREF,219,I,193689,193690,19,1839,13,M_2990,Other
2991,exp,exp_name,brett,Brett,193727,193732,6,1840,13,M_2991,PROPN
2992,pdnc,qID,Q1525-1,You,193745,193748,19,1840,13,M_2992,Other
2993,booknlp,COREF,219,Mike,193786,193790,19,1841,13,M_2993,PROPN
2994,booknlp,COREF,219,my,193802,193804,19,1841,13,M_2994,Other
2995,booknlp,COREF,219,me,193850,193852,19,1841,13,M_2995,Other
2996,pdnc,qID,Q1527-0,your,193881,193885,19,1842,13,M_2996,Other
2997,exp,exp_name,brett,Brett,193904,193909,6,1842,13,M_2997,PROPN
2998,booknlp,COREF,219,I,193918,193919,19,1843,13,M_2998,Other
2999,booknlp,COREF,219,Mike,193931,193935,19,1843,13,M_2999,PROPN
3000,booknlp,COREF,219,My,193943,193945,19,1843,13,M_3000,Other
3001,booknlp,COREF,219,I,193978,193979,19,1843,13,M_3001,Other
3002,exp,exp_name,the waiter,the waiter,194095,194105,37,1845,13,M_3002,PROPN
3003,exp,exp_name,brett,Brett,194178,194183,6,1845,13,M_3003,PROPN
3004,exp,exp_name,robert cohn,Robert Cohn,194189,194200,23,1845,13,M_3004,PROPN
3005,booknlp,COREF,212,her,194220,194223,6,1845,13,M_3005,Other
3006,exp,exp_name,brett,Brett,194805,194810,6,1846,13,M_3006,PROPN
3007,exp,exp_name,the woman,The woman,194818,194827,39,1847,13,M_3007,PROPN
3008,exp,exp_name,brett,Brett,194997,195002,6,1847,13,M_3008,PROPN
3009,exp,exp_name,brett,Brett,196466,196471,6,1852,13,M_3009,PROPN
3010,booknlp,COREF,219,Mike,196510,196514,19,1854,13,M_3010,PROPN
3011,booknlp,COREF,240,Bill,196519,196523,5,1854,13,M_3011,Other
3012,exp,exp_name,robert cohn,Robert Cohn,196722,196733,23,1855,13,M_3012,PROPN
3013,exp,exp_name,brett,Brett,197268,197273,6,1857,13,M_3013,PROPN
3014,exp,exp_name,the man,the man,198290,198297,33,1860,13,M_3014,PROPN
3015,booknlp,COREF,212,My,198411,198413,6,1861,13,M_3015,Other
3016,exp,exp_name,brett,Brett,198440,198445,6,1861,13,M_3016,PROPN
3017,pdnc,qID,Q1538-0,You,198604,198607,6,1864,13,M_3017,Other
3018,exp,exp_name,brett,Brett,199237,199242,6,1869,13,M_3018,PROPN
3019,booknlp,COREF,212,She,199244,199247,6,1869,13,M_3019,Other
3020,pdnc,qID,Q1542-1,you,199311,199314,6,1870,13,M_3020,Other
3021,booknlp,COREF,212,I,199319,199320,6,1871,13,M_3021,Other
3022,booknlp,COREF,212,she,199330,199333,6,1871,13,M_3022,Other
3023,booknlp,COREF,212,I,199341,199342,6,1871,13,M_3023,Other
3024,booknlp,COREF,219,Mike,200692,200696,19,1876,13,M_3024,PROPN
3025,booknlp,COREF,240,Bill,200701,200705,5,1876,13,M_3025,Other
3026,exp,exp_name,brett,Brett,200849,200854,6,1878,13,M_3026,PROPN
3027,exp,exp_name,robert cohn,Robert Cohn,200913,200924,23,1879,13,M_3027,PROPN
3028,pdnc,qID,Q1548-0,you,201105,201108,15,1881,13,M_3028,Other
3029,booknlp,COREF,240,Bill,201127,201131,5,1881,13,M_3029,Other
3030,booknlp,COREF,240,me,201168,201170,5,1881,13,M_3030,Other
3031,booknlp,COREF,240,you,201232,201235,5,1882,13,M_3031,Other
3032,booknlp,COREF,240,you,201250,201253,5,1882,13,M_3032,Other
3033,booknlp,COREF,240,Bill,201350,201354,5,1883,13,M_3033,Other
3034,pdnc,qID,Q1550-1,you,201368,201371,19,1883,13,M_3034,Other
3035,booknlp,COREF,240,me,201384,201386,5,1883,13,M_3035,Other
3036,pdnc,qID,Q1550-1,Mike,201402,201406,19,1883,13,M_3036,PROPN
3037,booknlp,COREF,219,I,201411,201412,19,1884,13,M_3037,Other
3038,booknlp,COREF,219,Mike,201419,201423,19,1884,13,M_3038,PROPN
3039,pdnc,qID,Q1551-1,you,201473,201476,6,1884,13,M_3039,Other
3040,booknlp,COREF,212,I,201501,201502,6,1885,13,M_3040,Other
3041,exp,exp_name,brett,Brett,201514,201519,6,1885,13,M_3041,PROPN
3042,booknlp,COREF,212,I,201522,201523,6,1885,13,M_3042,Other
3043,pdnc,qID,Q1553-0,you,201564,201567,6,1886,13,M_3043,Other
3044,booknlp,COREF,219,Mike,201597,201601,19,1886,13,M_3044,PROPN
3045,exp,exp_name,robert cohn,Robert Cohn,201666,201677,23,1887,13,M_3045,PROPN
3046,pdnc,qID,Q1555-0,you,201692,201695,23,1888,13,M_3046,Other
3047,booknlp,COREF,219,Mike,201707,201711,19,1888,13,M_3047,PROPN
3048,booknlp,COREF,219,I,201719,201720,19,1888,13,M_3048,Other
3049,pdnc,qID,Q1555-1,you,201740,201743,23,1888,13,M_3049,Other
3050,pdnc,qID,Q1555-1,Robert,201767,201773,23,1888,13,M_3050,PROPN
3051,pdnc,qID,Q1556-0,you,201786,201789,19,1889,13,M_3051,Other
3052,pdnc,qID,Q1556-0,Mike,201796,201800,19,1889,13,M_3052,PROPN
3053,booknlp,COREF,240,Bill,201918,201922,5,1891,13,M_3053,Other
3054,exp,exp_name,robert cohn,Robert Cohn,201932,201943,23,1891,13,M_3054,PROPN
3055,booknlp,COREF,219,Mike,201955,201959,19,1891,13,M_3055,PROPN
3056,pdnc,qID,Q1558-0,you,201994,201997,23,1892,13,M_3056,Other
3057,pdnc,qID,Q1558-0,You,202009,202012,23,1892,13,M_3057,Other
3058,pdnc,qID,Q1558-0,Robert,202050,202056,23,1892,13,M_3058,PROPN
3059,pdnc,qID,Q1559-0,Mike,202119,202123,19,1893,13,M_3059,PROPN
3060,pdnc,qID,Q1559-0,you,202131,202134,19,1893,13,M_3060,Other
3061,pdnc,qID,Q1560-0,you,202217,202220,23,1894,13,M_3061,Other
3062,pdnc,qID,Q1561-0,Michael,202276,202283,19,1895,13,M_3062,PROPN
3063,pdnc,qID,Q1561-0,You,202285,202288,19,1895,13,M_3063,Other
3064,exp,exp_name,brett,Brett,202300,202305,6,1895,13,M_3064,PROPN
3065,pdnc,qID,Q1562-0,Robert Cohn,202353,202364,23,1896,13,M_3065,PROPN
3066,pdnc,qID,Q1562-0,Brett,202381,202386,6,1896,13,M_3066,PROPN
3067,pdnc,qID,Q1563-0,Michael,202433,202440,19,1897,13,M_3067,PROPN
3068,pdnc,qID,Q1564-0,you,202576,202579,5,1898,13,M_3068,Other
3069,pdnc,qID,Q1564-0,Bill,202591,202595,5,1898,13,M_3069,Other
3070,pdnc,qID,Q1564-0,you,202607,202610,23,1898,13,M_3070,Other
3071,pdnc,qID,Q1564-0,Robert,202626,202632,23,1898,13,M_3071,PROPN
3072,pdnc,qID,Q1564-0,Brett,202689,202694,6,1898,13,M_3072,PROPN
3073,pdnc,qID,Q1564-0,you,202710,202713,23,1898,13,M_3073,Other
3074,pdnc,qID,Q1564-0,She,202715,202718,6,1898,13,M_3074,Other
3075,pdnc,qID,Q1564-0,you,202759,202762,23,1898,13,M_3075,Other
3076,exp,exp_name,cohn,Cohn,202777,202781,23,1899,13,M_3076,PROPN
3077,pdnc,qID,Q1565-1,Mike,202811,202815,19,1899,13,M_3077,PROPN
3078,pdnc,qID,Q1566-0,you,202857,202860,23,1900,13,M_3078,Other
3079,pdnc,qID,Q1566-0,Robert,202930,202936,23,1900,13,M_3079,PROPN
3080,pdnc,qID,Q1566-0,you,202945,202948,23,1900,13,M_3080,Other
3081,pdnc,qID,Q1566-0,Brett,202956,202961,6,1900,13,M_3081,PROPN
3082,pdnc,qID,Q1566-0,you,203001,203004,23,1900,13,M_3082,Other
3083,pdnc,qID,Q1566-0,you,203010,203013,23,1900,13,M_3083,Other
3084,pdnc,qID,Q1566-0,you,203067,203070,23,1900,13,M_3084,Other
3085,pdnc,qID,Q1566-0,you,203081,203084,23,1900,13,M_3085,Other
3086,pdnc,qID,Q1566-0,You,203100,203103,23,1900,13,M_3086,Other
3087,pdnc,qID,Q1566-0,you,203137,203140,23,1900,13,M_3087,Other
3088,pdnc,qID,Q1566-0,Brett,203170,203175,6,1900,13,M_3088,PROPN
3089,pdnc,qID,Q1566-0,you,203207,203210,23,1900,13,M_3089,Other
3090,pdnc,qID,Q1567-0,You,203243,203246,19,1901,13,M_3090,Other
3091,pdnc,qID,Q1568-0,you,203291,203294,23,1902,13,M_3091,Other
3092,pdnc,qID,Q1568-0,you,203312,203315,23,1902,13,M_3092,Other
3093,pdnc,qID,Q1568-0,Robert,203332,203338,23,1902,13,M_3093,PROPN
3094,pdnc,qID,Q1568-0,You,203340,203343,23,1902,13,M_3094,Other
3095,pdnc,qID,Q1568-0,you,203349,203352,23,1902,13,M_3095,Other
3096,pdnc,qID,Q1568-0,you,203435,203438,23,1902,13,M_3096,Other
3097,pdnc,qID,Q1568-0,You,203462,203465,23,1902,13,M_3097,Other
3098,pdnc,qID,Q1568-0,you,203495,203498,23,1902,13,M_3098,Other
3099,pdnc,qID,Q1568-0,You,203538,203541,23,1902,13,M_3099,Other
3100,pdnc,qID,Q1568-0,you,203569,203572,23,1902,13,M_3100,Other
3101,pdnc,qID,Q1568-0,you,203594,203597,23,1902,13,M_3101,Other
3102,pdnc,qID,Q1569-0,Mike,203625,203629,19,1903,13,M_3102,PROPN
3103,pdnc,qID,Q1570-0,you,203658,203661,23,1904,13,M_3103,Other
3104,pdnc,qID,Q1570-0,you,203681,203684,23,1904,13,M_3104,Other
3105,pdnc,qID,Q1570-0,Brett,203692,203697,6,1904,13,M_3105,PROPN
3106,pdnc,qID,Q1570-0,you,203714,203717,23,1904,13,M_3106,Other
3107,pdnc,qID,Q1570-0,you,203738,203741,23,1904,13,M_3107,Other
3108,pdnc,qID,Q1571-0,You,203771,203774,19,1905,13,M_3108,Other
3109,exp,exp_name,brett,Brett,203817,203822,6,1905,13,M_3109,PROPN
3110,pdnc,qID,Q1571-1,You,203830,203833,19,1905,13,M_3110,Other
3111,pdnc,qID,Q1572-0,Robert,203870,203876,23,1906,13,M_3111,PROPN
3112,booknlp,COREF,240,Bill,203879,203883,5,1906,13,M_3112,Other
3113,pdnc,qID,Q1573-0,you,203900,203903,23,1907,13,M_3113,Other
3114,pdnc,qID,Q1573-0,her,203911,203914,6,1907,13,M_3114,Other
3115,booknlp,COREF,240,Bill,203929,203933,5,1908,13,M_3115,Other
3116,exp,exp_name,cohn,Cohn,203960,203964,23,1908,13,M_3116,PROPN
3117,booknlp,COREF,219,Mike,203979,203983,19,1909,13,M_3117,PROPN
3118,pdnc,qID,Q1574-1,Robert Cohn,203991,204002,23,1909,13,M_3118,PROPN
3119,booknlp,COREF,240,Bill,204029,204033,5,1910,13,M_3119,Other
3120,exp,exp_name,cohn,Cohn,204048,204052,23,1910,13,M_3120,PROPN
3121,exp,exp_name,cohn,Cohn,204054,204058,23,1910,13,M_3121,PROPN
3122,booknlp,COREF,219,Mike,204078,204082,19,1910,13,M_3122,PROPN
3123,exp,exp_name,brett,Brett,204132,204137,6,1910,13,M_3123,PROPN
3124,pdnc,qID,Q1575-0,Michael,204165,204172,19,1911,13,M_3124,PROPN
3125,pdnc,qID,Q1575-0,you,204174,204177,19,1911,13,M_3125,Other
3126,pdnc,qID,Q1575-1,he,204244,204246,19,1911,13,M_3126,Other
3127,pdnc,qID,Q1575-1,you,204260,204263,15,1911,13,M_3127,Other
3128,booknlp,COREF,219,Mike,204307,204311,19,1912,13,M_3128,PROPN
3129,booknlp,COREF,219,I,204353,204354,19,1913,13,M_3129,Other
3130,booknlp,COREF,219,I,204378,204379,19,1913,13,M_3130,Other
3131,booknlp,COREF,219,he,204390,204392,19,1913,13,M_3131,Other
3132,booknlp,COREF,212,I,204401,204402,6,1914,13,M_3132,Other
3133,pdnc,qID,Q1577-0,you,204408,204411,19,1914,13,M_3133,Other
3134,exp,exp_name,brett,Brett,204421,204426,6,1914,13,M_3134,PROPN
3135,pdnc,qID,Q1580-0,you,204514,204517,19,1917,13,M_3135,Other
3136,exp,exp_name,brett,Brett,204536,204541,6,1917,13,M_3136,PROPN
3137,pdnc,qID,Q1581-0,He,204553,204555,23,1918,13,M_3137,Other
3138,pdnc,qID,Q1581-0,He,204576,204578,23,1918,13,M_3138,Other
3139,pdnc,qID,Q1581-0,he,204612,204614,23,1918,13,M_3139,Other
3140,pdnc,qID,Q1581-0,He,204640,204642,23,1918,13,M_3140,Other
3141,pdnc,qID,Q1581-0,Brett,204655,204660,6,1918,13,M_3141,PROPN
3142,pdnc,qID,Q1581-0,her,204682,204685,6,1918,13,M_3142,Other
3143,booknlp,COREF,219,me,204695,204697,19,1918,13,M_3143,Other
3144,pdnc,qID,Q1582-0,He,204719,204721,23,1919,13,M_3144,Other
3145,exp,exp_name,brett,Brett,204746,204751,6,1919,13,M_3145,PROPN
3146,pdnc,qID,Q1583-0,you,204765,204768,15,1920,13,M_3146,Other
3147,pdnc,qID,Q1583-0,Brett,204770,204775,6,1920,13,M_3147,PROPN
3148,pdnc,qID,Q1583-0,She,204807,204810,6,1920,13,M_3148,Other
3149,booknlp,COREF,219,me,204817,204819,19,1920,13,M_3149,Other
3150,pdnc,qID,Q1583-0,She,204842,204845,6,1920,13,M_3150,Other
3151,booknlp,COREF,219,me,204851,204853,19,1920,13,M_3151,Other
3152,pdnc,qID,Q1583-0,Cohn,204864,204868,23,1920,13,M_3152,Other
3153,booknlp,COREF,219,I,204888,204889,19,1920,13,M_3153,Other
3154,pdnc,qID,Q1584-0,you,204929,204932,19,1921,13,M_3154,Other
3155,pdnc,qID,Q1585-0,Jake,204949,204953,15,1922,13,M_3155,Other
3156,pdnc,qID,Q1585-0,Brett,204955,204960,6,1922,13,M_3156,PROPN
3157,exp,exp_name,brett,Brett,205080,205085,6,1923,13,M_3157,PROPN
3158,pdnc,qID,Q1586-1,Michael,205124,205131,19,1923,13,M_3158,PROPN
3159,booknlp,COREF,212,I,205136,205137,6,1923,13,M_3159,Other
3160,pdnc,qID,Q1587-0,She,205164,205167,6,1924,13,M_3160,Other
3161,booknlp,COREF,219,me,205173,205175,19,1924,13,M_3161,Other
3162,pdnc,qID,Q1587-0,Robert Cohn,205176,205187,23,1924,13,M_3162,PROPN
3163,booknlp,COREF,219,I,205199,205200,19,1924,13,M_3163,Other
3164,pdnc,qID,Q1588-0,You,205224,205227,19,1925,13,M_3164,Other
3165,pdnc,qID,Q1588-0,darling,205255,205262,19,1925,13,M_3165,Other
3166,pdnc,qID,Q1588-0,You,205264,205267,19,1925,13,M_3166,Other
3167,booknlp,COREF,219,mine,205282,205286,19,1925,13,M_3167,Other
3168,booknlp,COREF,219,I,205291,205292,19,1926,13,M_3168,Other
3169,booknlp,COREF,219,Mike,205314,205318,19,1926,13,M_3169,PROPN
3170,pdnc,qID,Q1590-0,You,205346,205349,19,1927,13,M_3170,Other
3171,pdnc,qID,Q1591-0,You,205378,205381,6,1928,13,M_3171,Other
3172,booknlp,COREF,219,I,205398,205399,19,1928,13,M_3172,Other
3173,booknlp,COREF,219,I,205418,205419,19,1928,13,M_3173,Other
3174,booknlp,COREF,219,I,205430,205431,19,1928,13,M_3174,Other
3175,pdnc,qID,Q1592-0,You,205446,205449,19,1929,13,M_3175,Other
3176,exp,exp_name,brett,Brett,205471,205476,6,1929,13,M_3176,PROPN
3177,pdnc,qID,Q1592-1,Michael,205493,205500,19,1929,13,M_3177,PROPN
3178,pdnc,qID,Q1592-1,You,205514,205517,19,1929,13,M_3178,Other
3179,pdnc,qID,Q1592-1,He,205560,205562,23,1929,13,M_3179,Other
3180,pdnc,qID,Q1593-0,him,205608,205611,23,1930,13,M_3180,Other
3181,pdnc,qID,Q1594-0,He,205629,205631,23,1931,13,M_3181,Other
3182,booknlp,COREF,212,I,205643,205644,6,1931,13,M_3182,Other
3183,pdnc,qID,Q1594-0,him,205653,205656,23,1931,13,M_3183,Other
3184,pdnc,qID,Q1595-0,You,205661,205664,15,1932,13,M_3184,Other
3185,pdnc,qID,Q1595-0,him,205670,205673,23,1932,13,M_3185,Other
3186,pdnc,qID,Q1595-0,Jake,205675,205679,15,1932,13,M_3186,Other
3187,pdnc,qID,Q1595-0,him,205686,205689,23,1932,13,M_3187,Other
3188,pdnc,qID,Q1595-0,he,205697,205699,23,1932,13,M_3188,Other
3189,pdnc,qID,Q1596-1,him,205774,205777,23,1933,13,M_3189,Other
3190,pdnc,qID,Q1597-0,Brett,205788,205793,6,1934,13,M_3190,PROPN
3191,pdnc,qID,Q1597-0,Jake,205800,205804,15,1934,13,M_3191,Other
3192,pdnc,qID,Q1597-0,Robert,205810,205816,23,1934,13,M_3192,PROPN
3193,pdnc,qID,Q1597-0,you,205823,205826,6,1934,13,M_3193,Other
3194,pdnc,qID,Q1597-0,you,205845,205848,6,1934,13,M_3194,Other
3195,pdnc,qID,Q1599-0,Jake,205927,205931,15,1936,13,M_3195,Other
3196,pdnc,qID,Q1600-0,him,205949,205952,15,1937,13,M_3196,Other
3197,booknlp,COREF,219,I,205978,205979,19,1938,13,M_3197,Other
3198,pdnc,qID,Q1601-0,him,205988,205991,15,1938,13,M_3198,Other
3199,pdnc,qID,Q1602-0,You,205996,205999,19,1939,13,M_3199,Other
3200,pdnc,qID,Q1602-0,Michael,206007,206014,19,1939,13,M_3200,PROPN
3201,pdnc,qID,Q1603-0,He,206036,206038,23,1940,13,M_3201,Other
3202,pdnc,qID,Q1603-0,her,206045,206048,6,1940,13,M_3202,Other
3203,booknlp,COREF,219,Mike,206057,206061,19,1940,13,M_3203,PROPN
3204,pdnc,qID,Q1603-1,He,206069,206071,23,1940,13,M_3204,Other
3205,pdnc,qID,Q1603-1,she,206079,206082,6,1940,13,M_3205,Other
3206,booknlp,COREF,219,I,206116,206117,19,1940,13,M_3206,Other
3207,booknlp,COREF,219,I,206123,206124,19,1940,13,M_3207,Other
3208,pdnc,qID,Q1604-0,you,206176,206179,15,1941,13,M_3208,Other
3209,exp,exp_name,brett,Brett,206187,206192,6,1941,13,M_3209,PROPN
3210,exp,exp_name,brett,Brett,206300,206305,6,1943,13,M_3210,PROPN
3211,pdnc,qID,Q1607-0,She,206354,206357,6,1944,13,M_3211,Other
3212,booknlp,COREF,219,me,206363,206365,19,1944,13,M_3212,Other
3213,pdnc,qID,Q1607-0,She,206378,206381,6,1944,13,M_3213,Other
3214,booknlp,COREF,212,I,206409,206410,6,1945,13,M_3214,Other
3215,booknlp,COREF,219,I,206492,206493,19,1947,13,M_3215,Other
3216,pdnc,qID,Q1610-0,Cohn,206499,206503,23,1947,13,M_3216,Other
3217,booknlp,COREF,219,Mike,206506,206510,19,1947,13,M_3217,PROPN
3218,booknlp,COREF,219,me,206589,206591,19,1949,13,M_3218,Other
3219,booknlp,COREF,219,Mike,206594,206598,19,1949,13,M_3219,PROPN
3220,booknlp,COREF,219,I,206606,206607,19,1949,13,M_3220,Other
3221,pdnc,qID,Q1613-0,he,206633,206635,23,1950,13,M_3221,Other
3222,pdnc,qID,Q1613-0,you,206660,206663,19,1950,13,M_3222,Other
3223,booknlp,COREF,219,I,206709,206710,19,1951,13,M_3223,Other
3224,booknlp,COREF,219,I,206717,206718,19,1951,13,M_3224,Other
3225,exp,exp_name,brett,Brett,206743,206748,6,1952,13,M_3225,PROPN
3226,booknlp,COREF,212,I,206793,206794,6,1952,13,M_3226,Other
3227,exp,exp_name,montoya,Montoya,207047,207054,20,1954,13,M_3227,PROPN
3228,pdnc,qID,Q1616-0,you,207072,207075,15,1955,13,M_3228,Other
3229,booknlp,COREF,260,he,207093,207095,20,1955,13,M_3229,Other
3230,exp,exp_name,montoya,Montoya,207156,207163,20,1957,13,M_3230,PROPN
3231,booknlp,COREF,260,his,207170,207173,20,1957,13,M_3231,Other
3232,pdnc,qID,Q1620-0,you,207222,207225,20,1958,13,M_3232,Other
3233,booknlp,COREF,260,I,207324,207325,20,1960,13,M_3233,Other
3234,pdnc,qID,Q1622-0,you,207336,207339,20,1960,13,M_3234,Other
3235,exp,exp_name,montoya,Montoya,207449,207456,20,1965,13,M_3235,PROPN
3236,booknlp,COREF,240,Bill,207482,207486,5,1966,13,M_3236,Other
3237,booknlp,COREF,240,his,207494,207497,5,1966,13,M_3237,Other
3238,booknlp,COREF,240,him,207569,207572,5,1966,13,M_3238,Other
3239,pdnc,qID,Q1628-0,Cohn,207584,207588,23,1967,13,M_3239,Other
3240,pdnc,qID,Q1629-0,his,207606,207609,23,1968,13,M_3240,Other
3241,pdnc,qID,Q1630-0,he,207628,207630,23,1969,13,M_3241,Other
3242,pdnc,qID,Q1631-0,Mike,207662,207666,19,1970,13,M_3242,PROPN
3243,booknlp,COREF,240,I,207755,207756,5,1972,13,M_3243,Other
3244,pdnc,qID,Q1633-0,we,207767,207769,5,1972,13,M_3244,Other
3245,pdnc,qID,Q1633-0,we,207781,207783,5,1972,13,M_3245,Other
3246,booknlp,COREF,240,I,207856,207857,5,1974,13,M_3246,Other
3247,pdnc,qID,Q1635-0,Cohn,207869,207873,23,1974,13,M_3247,Other
3248,booknlp,COREF,240,I,207890,207891,5,1974,13,M_3248,Other
3249,pdnc,qID,Q1635-0,him,207923,207926,23,1974,13,M_3249,Other
3250,pdnc,qID,Q1635-0,Mike,207997,208001,19,1974,13,M_3250,PROPN
3251,pdnc,qID,Q1636-0,you,208012,208015,5,1975,13,M_3251,Other
3252,pdnc,qID,Q1641-0,Mike,208188,208192,19,1980,13,M_3252,PROPN
3253,exp,exp_name,brett,Brett,208392,208397,6,1984,13,M_3253,PROPN
3254,booknlp,COREF,212,She,208438,208441,6,1984,13,M_3254,Other
3255,booknlp,COREF,219,Mike,208466,208470,19,1984,13,M_3255,PROPN
3256,exp,exp_name,robert cohn,Robert Cohn,208534,208545,23,1984,13,M_3256,PROPN
3257,exp,exp_name,brett,Brett,208676,208681,6,1984,13,M_3257,PROPN
3258,booknlp,COREF,212,her,208754,208757,6,1984,13,M_3258,Other
3259,booknlp,COREF,212,her,208808,208811,6,1984,13,M_3259,Other
3260,booknlp,COREF,240,Bill,208880,208884,5,1984,13,M_3260,Other
3261,exp,exp_name,michael,Michael,208908,208915,19,1984,13,M_3261,PROPN
3262,exp,exp_name,brett,Brett,209948,209953,6,1988,14,M_3262,PROPN
3263,exp,exp_name,robert cohn,Robert Cohn,209958,209969,23,1988,14,M_3263,PROPN
3264,exp,exp_name,cohn,Cohn,209990,209994,23,1988,14,M_3264,PROPN
3265,exp,exp_name,brett,Brett,210064,210069,6,1988,14,M_3265,PROPN
3266,booknlp,COREF,219,Mike,210098,210102,19,1988,14,M_3266,PROPN
3267,booknlp,COREF,219,He,210123,210125,19,1988,14,M_3267,Other
3268,booknlp,COREF,219,He,210162,210164,19,1988,14,M_3268,Other
3269,exp,exp_name,brett ashley,Brett Ashley,210697,210709,6,1989,14,M_3269,PROPN
3270,exp,exp_name,brett,Brett,210862,210867,6,1990,14,M_3270,PROPN
3271,exp,exp_name,the woman,the woman,211140,211149,39,1991,14,M_3271,PROPN
3272,booknlp,COREF,219,Mike,212083,212087,19,1993,14,M_3272,PROPN
3273,exp,exp_name,cohn,Cohn,212120,212124,23,1993,14,M_3273,PROPN
3274,booknlp,COREF,219,Mike,212134,212138,19,1993,14,M_3274,PROPN
3275,exp,exp_name,brett,Brett,212156,212161,6,1993,14,M_3275,PROPN
3276,booknlp,COREF,240,Bill,212180,212184,5,1993,14,M_3276,Other
3277,exp,exp_name,cohn,Cohn,212203,212207,23,1993,14,M_3277,PROPN
3278,booknlp,COREF,219,Mike,212225,212229,19,1993,14,M_3278,PROPN
3279,booknlp,COREF,219,he,212251,212253,19,1993,14,M_3279,Other
3280,booknlp,COREF,219,him,212293,212296,19,1993,14,M_3280,Other
3281,exp,exp_name,cohn,Cohn,212302,212306,23,1993,14,M_3281,PROPN
3282,booknlp,COREF,219,he,212317,212319,19,1993,14,M_3282,Other
3283,exp,exp_name,brett,Brett,212583,212588,6,1993,14,M_3283,PROPN
3284,exp,exp_name,harris,Harris,213087,213093,11,1993,14,M_3284,PROPN
3285,exp,exp_name,harris,Harris,213101,213107,11,1993,14,M_3285,PROPN
3286,exp,exp_name,the man,the man,215427,215434,33,1997,14,M_3286,PROPN
3287,booknlp,COREF,240,Bill,215923,215927,5,1999,14,M_3287,Other
3288,booknlp,COREF,240,he,215950,215952,5,1999,14,M_3288,Other
3289,booknlp,COREF,240,his,215962,215965,5,1999,14,M_3289,Other
3290,exp,exp_name,robert cohn,Robert Cohn,215972,215983,23,1999,14,M_3290,PROPN
3291,exp,exp_name,brett,Brett,216065,216070,6,1999,14,M_3291,PROPN
3292,booknlp,COREF,219,Mike,216075,216079,19,1999,14,M_3292,PROPN
3293,exp,exp_name,brett,Brett,216228,216233,6,1999,14,M_3293,PROPN
3294,booknlp,COREF,212,She,216235,216238,6,1999,14,M_3294,Other
3295,booknlp,COREF,212,she,216244,216247,6,1999,14,M_3295,Other
3296,booknlp,COREF,212,her,216295,216298,6,1999,14,M_3296,Other
3297,booknlp,COREF,212,she,216416,216419,6,1999,14,M_3297,Other
3298,exp,exp_name,cohn,Cohn,216441,216445,23,1999,14,M_3298,PROPN
3299,exp,exp_name,brett,Brett,216615,216620,6,1999,14,M_3299,PROPN
3300,booknlp,COREF,212,her,216625,216628,6,1999,14,M_3300,Other
3301,exp,exp_name,cohn,Cohn,216894,216898,23,2000,14,M_3301,PROPN
3302,exp,exp_name,robert cohn,Robert Cohn,218349,218360,23,2005,15,M_3302,PROPN
3303,booknlp,COREF,240,Bill,218365,218369,5,2005,15,M_3303,Other
3304,exp,exp_name,a waiter,A waiter,218699,218707,2,2005,15,M_3304,PROPN
3305,booknlp,COREF,240,Bill,218773,218777,5,2006,15,M_3305,Other
3306,exp,exp_name,cohn,Cohn,218801,218805,23,2007,15,M_3306,PROPN
3307,exp,exp_name,the waiter,the waiter,218832,218842,37,2008,15,M_3307,PROPN
3308,exp,exp_name,the waiter,the waiter,218852,218862,37,2009,15,M_3308,PROPN
3309,exp,exp_name,the waiter,the waiter,219407,219417,37,2009,15,M_3309,PROPN
3310,booknlp,COREF,447,his,219451,219454,37,2009,15,M_3310,Other
3311,booknlp,COREF,240,Bill,220447,220451,5,2011,15,M_3311,Other
3312,booknlp,COREF,240,My,220459,220461,5,2011,15,M_3312,Other
3313,exp,exp_name,robert cohn,Robert Cohn,220961,220972,23,2014,15,M_3313,PROPN
3314,booknlp,COREF,240,Bill,221005,221009,5,2015,15,M_3314,Other
3315,pdnc,qID,Q1651-0,Brett,221169,221174,6,2017,15,M_3315,PROPN
3316,pdnc,qID,Q1651-0,Mike,221179,221183,19,2017,15,M_3316,PROPN
3317,booknlp,COREF,240,Bill,221186,221190,5,2017,15,M_3317,Other
3318,exp,exp_name,cohn,Cohn,221223,221227,23,2018,15,M_3318,PROPN
3319,exp,exp_name,brett,Brett,222824,222829,6,2022,15,M_3319,PROPN
3320,booknlp,COREF,212,she,222871,222874,6,2022,15,M_3320,Other
3321,exp,exp_name,brett,Brett,223119,223124,6,2022,15,M_3321,PROPN
3322,booknlp,COREF,240,Bill,223216,223220,5,2022,15,M_3322,Other
3323,booknlp,COREF,240,Bill,223266,223270,5,2022,15,M_3323,Other
3324,exp,exp_name,brett,Brett,223318,223323,6,2022,15,M_3324,PROPN
3325,booknlp,COREF,212,her,223362,223365,6,2022,15,M_3325,Other
3326,booknlp,COREF,212,her,223382,223385,6,2022,15,M_3326,Other
3327,exp,exp_name,brett,Brett,223531,223536,6,2023,15,M_3327,PROPN
3328,booknlp,COREF,240,I,223781,223782,5,2024,15,M_3328,Other
3329,booknlp,COREF,240,Bill,223812,223816,5,2024,15,M_3329,Other
3330,exp,exp_name,brett,Brett,223987,223992,6,2026,15,M_3330,PROPN
3331,booknlp,COREF,212,her,224003,224006,6,2026,15,M_3331,Other
3332,booknlp,COREF,212,her,224080,224083,6,2026,15,M_3332,Other
3333,booknlp,COREF,212,her,224118,224121,6,2026,15,M_3333,Other
3334,booknlp,COREF,240,Bill,224153,224157,5,2026,15,M_3334,Other
3335,booknlp,COREF,240,his,224182,224185,5,2026,15,M_3335,Other
3336,booknlp,COREF,240,Bill,224207,224211,5,2026,15,M_3336,Other
3337,exp,exp_name,the man,The man,225255,225262,33,2036,15,M_3337,PROPN
3338,exp,exp_name,brett,Brett,225511,225516,6,2038,15,M_3338,PROPN
3339,booknlp,COREF,240,Bill,225521,225525,5,2038,15,M_3339,Other
3340,exp,exp_name,the man,The man,225849,225856,33,2038,15,M_3340,PROPN
3341,exp,exp_name,brett,Brett,226178,226183,6,2040,15,M_3341,PROPN
3342,booknlp,COREF,240,Bill,226188,226192,5,2040,15,M_3342,Other
3343,booknlp,COREF,219,Mike,226325,226329,19,2040,15,M_3343,PROPN
3344,pdnc,qID,Q1658-0,Jake,226549,226553,15,2041,15,M_3344,Other
3345,booknlp,COREF,219,Mike,226563,226567,19,2041,15,M_3345,PROPN
3346,booknlp,COREF,219,I,226588,226589,19,2041,15,M_3346,Other
3347,pdnc,qID,Q1658-1,you,226595,226598,15,2041,15,M_3347,Other
3348,booknlp,COREF,219,my,226607,226609,19,2041,15,M_3348,Other
3349,booknlp,COREF,219,Mike,226730,226734,19,2042,15,M_3349,PROPN
3350,pdnc,qID,Q1659-0,Michael,226791,226798,19,2043,15,M_3350,PROPN
3351,exp,exp_name,brett,Brett,226801,226806,6,2043,15,M_3351,PROPN
3352,booknlp,COREF,219,Mike,227209,227213,19,2048,15,M_3352,PROPN
3353,pdnc,qID,Q1662-0,you,227310,227313,19,2050,15,M_3353,Other
3354,booknlp,COREF,219,Mike,227324,227328,19,2050,15,M_3354,PROPN
3355,booknlp,COREF,219,me,227349,227351,19,2051,15,M_3355,Other
3356,booknlp,COREF,219,Mike,227359,227363,19,2051,15,M_3356,PROPN
3357,pdnc,qID,Q1663-1,you,227381,227384,15,2051,15,M_3357,Other
3358,pdnc,qID,Q1664-0,Cohn,227407,227411,23,2052,15,M_3358,Other
3359,pdnc,qID,Q1665-0,He,227416,227418,23,2053,15,M_3359,Other
3360,exp,exp_name,brett,Brett,227434,227439,6,2053,15,M_3360,PROPN
3361,pdnc,qID,Q1665-1,him,227461,227464,23,2053,15,M_3361,Other
3362,pdnc,qID,Q1666-0,he,227493,227495,23,2054,15,M_3362,Other
3363,booknlp,COREF,212,I,227500,227501,6,2055,15,M_3363,Other
3364,booknlp,COREF,240,Bill,227538,227542,5,2056,15,M_3364,Other
3365,booknlp,COREF,240,I,227550,227551,5,2056,15,M_3365,Other
3366,pdnc,qID,Q1668-1,he,227558,227560,23,2056,15,M_3366,Other
3367,pdnc,qID,Q1669-0,He,227572,227574,23,2057,15,M_3367,Other
3368,booknlp,COREF,219,Mike,227588,227592,19,2057,15,M_3368,PROPN
3369,booknlp,COREF,219,I,227600,227601,19,2057,15,M_3369,Other
3370,pdnc,qID,Q1669-1,he,227607,227609,23,2057,15,M_3370,Other
3371,pdnc,qID,Q1669-1,He,227622,227624,23,2057,15,M_3371,Other
3372,booknlp,COREF,219,he,227666,227668,19,2058,15,M_3372,Other
3373,booknlp,COREF,219,his,227760,227763,19,2058,15,M_3373,Other
3374,pdnc,qID,Q1671-0,Cohn,227984,227988,23,2062,15,M_3374,Other
3375,booknlp,COREF,219,I,227993,227994,19,2063,15,M_3375,Other
3376,booknlp,COREF,219,Mike,228008,228012,19,2063,15,M_3376,PROPN
3377,booknlp,COREF,219,I,228020,228021,19,2063,15,M_3377,Other
3378,pdnc,qID,Q1673-0,the drunken comrade,228039,228058,23,2063,15,M_3378,Other
3379,booknlp,COREF,219,he,228061,228063,19,2063,15,M_3379,Other
3380,booknlp,COREF,219,me,228128,228130,19,2066,15,M_3380,Other
3381,booknlp,COREF,219,Mike,228138,228142,19,2066,15,M_3381,PROPN
3382,pdnc,qID,Q1675-1,This gent,228145,228154,15,2066,15,M_3382,Other
3383,exp,exp_name,robert cohn,Robert Cohn,228238,228249,23,2069,15,M_3383,PROPN
3384,exp,exp_name,the man,the man,228496,228503,33,2070,15,M_3384,PROPN
3385,exp,exp_name,cohn,Cohn,228550,228554,23,2071,15,M_3385,PROPN
3386,exp,exp_name,cohn,Cohn,228682,228686,23,2071,15,M_3386,PROPN
3387,exp,exp_name,brett,Brett,228773,228778,6,2073,15,M_3387,PROPN
3388,pdnc,qID,Q1678-0,You,228787,228790,23,2074,15,M_3388,Other
3389,booknlp,COREF,240,Bill,228808,228812,5,2074,15,M_3389,Other
3390,exp,exp_name,cohn,Cohn,228866,228870,23,2075,15,M_3390,PROPN
3391,pdnc,qID,Q1680-0,you,228883,228886,23,2076,15,M_3391,Other
3392,pdnc,qID,Q1682-0,Robert,228951,228957,23,2078,15,M_3392,PROPN
3393,booknlp,COREF,219,Mike,228960,228964,19,2078,15,M_3393,PROPN
3394,booknlp,COREF,219,I,228972,228973,19,2078,15,M_3394,Other
3395,exp,exp_name,cohn,Cohn,229003,229007,23,2079,15,M_3395,PROPN
3396,exp,exp_name,brett,Brett,229085,229090,6,2080,15,M_3396,PROPN
3397,booknlp,COREF,212,I,229098,229099,6,2080,15,M_3397,Other
3398,booknlp,COREF,240,Bill,229130,229134,5,2081,15,M_3398,Other
3399,pdnc,qID,Q1684-1,Brett,229158,229163,6,2081,15,M_3399,PROPN
3400,booknlp,COREF,219,you,229301,229304,19,2083,15,M_3400,Other
3401,exp,exp_name,cohn,Cohn,229315,229319,23,2083,15,M_3401,PROPN
3402,booknlp,COREF,219,Mike,229346,229350,19,2084,15,M_3402,PROPN
3403,pdnc,qID,Q1686-1,You,229358,229361,23,2084,15,M_3403,Other
3404,exp,exp_name,cohn,Cohn,229400,229404,23,2085,15,M_3404,PROPN
3405,pdnc,qID,Q1690-0,You,229475,229478,23,2088,15,M_3405,Other
3406,pdnc,qID,Q1690-0,You,229510,229513,23,2088,15,M_3406,Other
3407,exp,exp_name,cohn,Cohn,230224,230228,23,2091,15,M_3407,PROPN
3408,exp,exp_name,cohn,Cohn,230604,230608,23,2091,15,M_3408,PROPN
3409,exp,exp_name,cohn,Cohn,231627,231631,23,2093,15,M_3409,PROPN
3410,pdnc,qID,Q1691-0,you,231808,231811,23,2094,15,M_3410,Other
3411,pdnc,qID,Q1695-0,Brett,231977,231982,6,2098,15,M_3411,PROPN
3412,pdnc,qID,Q1698-0,you,232111,232114,15,2101,15,M_3412,Other
3413,pdnc,qID,Q1698-0,your,232132,232136,15,2101,15,M_3413,Other
3414,exp,exp_name,cohn,Cohn,232268,232272,23,2105,15,M_3414,PROPN
3415,booknlp,COREF,240,Bill,232331,232335,5,2107,15,M_3415,Other
3416,booknlp,COREF,240,his,232360,232363,5,2107,15,M_3416,Other
3417,pdnc,qID,Q1704-0,you,232386,232389,15,2108,15,M_3417,Other
3418,pdnc,qID,Q1704-0,Jake,232391,232395,15,2108,15,M_3418,Other
3419,pdnc,qID,Q1707-0,you,232471,232474,5,2111,15,M_3419,Other
3420,booknlp,COREF,219,Mike,233175,233179,19,2114,15,M_3420,PROPN
3421,exp,exp_name,brett,Brett,233188,233193,6,2114,15,M_3421,PROPN
3422,booknlp,COREF,212,her,233219,233222,6,2114,15,M_3422,Other
3423,exp,exp_name,cohn,Cohn,233239,233243,23,2114,15,M_3423,PROPN
3424,booknlp,COREF,240,Bill,233269,233273,5,2114,15,M_3424,Other
3425,exp,exp_name,a waiter,a waiter,233346,233354,2,2114,15,M_3425,PROPN
3426,booknlp,COREF,240,Bill,233364,233368,5,2114,15,M_3426,Other
3427,exp,exp_name,cohn,Cohn,233387,233391,23,2114,15,M_3427,PROPN
3428,booknlp,COREF,240,Bill,233458,233462,5,2114,15,M_3428,Other
3429,exp,exp_name,cohn,Cohn,233575,233579,23,2115,15,M_3429,PROPN
3430,pdnc,qID,Q1710-0,You,233588,233591,23,2116,15,M_3430,Other
3431,exp,exp_name,brett,Brett,233668,233673,6,2117,15,M_3431,PROPN
3432,booknlp,COREF,212,I,233811,233812,6,2118,15,M_3432,Other
3433,exp,exp_name,brett,Brett,233841,233846,6,2118,15,M_3433,PROPN
3434,booknlp,COREF,212,I,233854,233855,6,2118,15,M_3434,Other
3435,booknlp,COREF,212,I,233874,233875,6,2118,15,M_3435,Other
3436,pdnc,qID,Q1713-0,You,233923,233926,6,2119,15,M_3436,Other
3437,pdnc,qID,Q1713-0,you,233997,234000,6,2119,15,M_3437,Other
3438,pdnc,qID,Q1714-0,She,234091,234094,6,2120,15,M_3438,Other
3439,booknlp,COREF,219,Mike,234113,234117,19,2120,15,M_3439,PROPN
3440,booknlp,COREF,219,I,234125,234126,19,2120,15,M_3440,Other
3441,pdnc,qID,Q1714-1,her,234141,234144,6,2120,15,M_3441,Other
3442,booknlp,COREF,240,I,234149,234150,5,2121,15,M_3442,Other
3443,pdnc,qID,Q1715-0,you,234163,234166,23,2121,15,M_3443,Other
3444,booknlp,COREF,240,Bill,234181,234185,5,2121,15,M_3444,Other
3445,booknlp,COREF,240,you,234274,234277,5,2122,15,M_3445,Other
3446,booknlp,COREF,240,I,234313,234314,5,2123,15,M_3446,Other
3447,booknlp,COREF,240,Bill,234331,234335,5,2123,15,M_3447,Other
3448,exp,exp_name,brett,Brett,234342,234347,6,2123,15,M_3448,PROPN
3449,pdnc,qID,Q1718-0,Cohn,234439,234443,23,2125,15,M_3449,Other
3450,booknlp,COREF,240,me,234449,234451,5,2125,15,M_3450,Other
3451,booknlp,COREF,240,Bill,234454,234458,5,2125,15,M_3451,Other
3452,pdnc,qID,Q1718-1,He,234466,234468,23,2125,15,M_3452,Other
3453,pdnc,qID,Q1718-1,he,234514,234516,23,2125,15,M_3453,Other
3454,pdnc,qID,Q1718-1,he,234541,234543,23,2125,15,M_3454,Other
3455,pdnc,qID,Q1719-0,him,234604,234607,23,2126,15,M_3455,Other
3456,pdnc,qID,Q1720-0,him,234654,234657,23,2127,15,M_3456,Other
3457,pdnc,qID,Q1721-0,He,234662,234664,23,2128,15,M_3457,Other
3458,booknlp,COREF,240,I,234696,234697,5,2129,15,M_3458,Other
3459,pdnc,qID,Q1722-0,him,234703,234706,23,2129,15,M_3459,Other
3460,exp,exp_name,montoya,Montoya,234758,234765,20,2130,15,M_3460,PROPN
3461,exp,exp_name,montoya,Montoya,234784,234791,20,2131,15,M_3461,PROPN
3462,booknlp,COREF,240,you,234797,234800,5,2131,15,M_3462,Other
3463,pdnc,qID,Q1723-1,Pedro Romero,234814,234826,22,2131,15,M_3463,PROPN
3464,booknlp,COREF,240,Bill,234843,234847,5,2132,15,M_3464,Other
3465,pdnc,qID,Q1724-1,him,234863,234866,22,2132,15,M_3465,Other
3466,exp,exp_name,montoya,Montoya,234882,234889,20,2133,15,M_3466,PROPN
3467,pdnc,qID,Q1725-0,He,234927,234929,22,2134,15,M_3467,Other
3468,exp,exp_name,montoya,Montoya,234955,234962,20,2134,15,M_3468,PROPN
3469,pdnc,qID,Q1725-1,He,234975,234977,22,2134,15,M_3469,Other
3470,exp,exp_name,montoya,Montoya,235018,235025,20,2135,15,M_3470,PROPN
3471,exp,exp_name,pedro romero,Pedro Romero,235535,235547,22,2135,15,M_3471,PROPN
3472,exp,exp_name,montoya,Montoya,235613,235620,20,2135,15,M_3472,PROPN
3473,booknlp,COREF,306,him,235701,235704,22,2135,15,M_3473,Other
3474,exp,exp_name,romero,Romero,235711,235717,22,2135,15,M_3474,PROPN
3475,booknlp,COREF,306,he,235748,235750,22,2135,15,M_3475,Other
3476,booknlp,COREF,306,He,235765,235767,22,2135,15,M_3476,Other
3477,booknlp,COREF,306,he,235840,235842,22,2136,15,M_3477,Other
3478,pdnc,qID,Q1727-0,You,235862,235865,22,2137,15,M_3478,Other
3479,booknlp,COREF,306,he,235919,235921,22,2138,15,M_3479,Other
3480,exp,exp_name,pedro romero,Pedro Romero,236117,236129,22,2139,15,M_3480,PROPN
3481,pdnc,qID,Q1729-0,He,236524,236526,22,2141,15,M_3481,Other
3482,exp,exp_name,montoya,Montoya,236562,236569,20,2141,15,M_3482,PROPN
3483,pdnc,qID,Q1730-0,He,236579,236581,22,2142,15,M_3483,Other
3484,pdnc,qID,Q1731-0,He,236615,236617,22,2143,15,M_3484,Other
3485,exp,exp_name,montoya,Montoya,236640,236647,20,2143,15,M_3485,PROPN
3486,pdnc,qID,Q1731-1,He,236655,236657,22,2143,15,M_3486,Other
3487,pdnc,qID,Q1732-0,He,236675,236677,22,2144,15,M_3487,Other
3488,pdnc,qID,Q1733-0,he,236709,236711,22,2145,15,M_3488,Other
3489,exp,exp_name,montoya,Montoya,236729,236736,20,2145,15,M_3489,PROPN
3490,booknlp,COREF,240,Bill,236915,236919,5,2147,15,M_3490,Other
3491,exp,exp_name,pedro romero,Pedro Romero,236950,236962,22,2147,15,M_3491,PROPN
3492,exp,exp_name,montoya,Montoya,236964,236971,20,2147,15,M_3492,PROPN
3493,exp,exp_name,romero,Romero,237013,237019,22,2147,15,M_3493,PROPN
3494,booknlp,COREF,306,his,237031,237034,22,2147,15,M_3494,Other
3495,exp,exp_name,montoya,Montoya,237046,237053,20,2147,15,M_3495,PROPN
3496,booknlp,COREF,260,his,237079,237082,20,2147,15,M_3496,Other
3497,exp,exp_name,romero,Romero,237263,237269,22,2147,15,M_3497,PROPN
3498,booknlp,COREF,306,his,237291,237294,22,2147,15,M_3498,Other
3499,booknlp,COREF,219,Mike,237363,237367,19,2148,15,M_3499,PROPN
3500,exp,exp_name,brett,Brett,237372,237377,6,2148,15,M_3500,PROPN
3501,exp,exp_name,cohn,Cohn,237382,237386,23,2148,15,M_3501,PROPN
3502,exp,exp_name,brett,Brett,237435,237440,6,2148,15,M_3502,PROPN
3503,booknlp,COREF,240,me,237540,237542,5,2149,15,M_3503,Other
3504,booknlp,COREF,240,Bill,237562,237566,5,2149,15,M_3504,Other
3505,pdnc,qID,Q1735-0,Cohn,237580,237584,23,2150,15,M_3505,Other
3506,exp,exp_name,the waiter,The waiter,238310,238320,37,2152,15,M_3506,PROPN
3507,pdnc,qID,Q1737-0,you,238445,238448,15,2153,15,M_3507,Other
3508,booknlp,COREF,240,Bill,238473,238477,5,2153,15,M_3508,Other
3509,booknlp,COREF,240,Bill,238538,238542,5,2155,15,M_3509,Other
3510,booknlp,COREF,240,Bill,239069,239073,5,2158,15,M_3510,Other
3511,exp,exp_name,brett,Brett,239156,239161,6,2161,15,M_3511,PROPN
3512,booknlp,COREF,212,You,239164,239167,6,2161,15,M_3512,Other
3513,booknlp,COREF,219,I,239197,239198,19,2162,15,M_3513,Other
3514,booknlp,COREF,219,Mike,239205,239209,19,2162,15,M_3514,PROPN
3515,pdnc,qID,Q1744-1,Romero,239222,239228,22,2162,15,M_3515,PROPN
3516,booknlp,COREF,219,I,239259,239260,19,2162,15,M_3516,Other
3517,pdnc,qID,Q1745-0,he,239281,239283,22,2163,15,M_3517,Other
3518,exp,exp_name,brett,Brett,239293,239298,6,2163,15,M_3518,PROPN
3519,pdnc,qID,Q1746-0,Brett,239335,239340,6,2164,15,M_3519,PROPN
3520,pdnc,qID,Q1746-0,her,239352,239355,6,2164,15,M_3520,Other
3521,booknlp,COREF,212,I,239374,239375,6,2165,15,M_3521,Other
3522,booknlp,COREF,212,I,239381,239382,6,2165,15,M_3522,Other
3523,pdnc,qID,Q1747-0,your,239395,239399,15,2165,15,M_3523,Other
3524,booknlp,COREF,212,I,239469,239470,6,2167,15,M_3524,Other
3525,booknlp,COREF,212,I,239523,239524,6,2169,15,M_3525,Other
3526,pdnc,qID,Q1752-0,She,239559,239562,6,2170,15,M_3526,Other
3527,pdnc,qID,Q1752-0,her,239577,239580,6,2170,15,M_3527,Other
3528,booknlp,COREF,219,Mike,239597,239601,19,2170,15,M_3528,PROPN
3529,pdnc,qID,Q1752-1,She,239609,239612,6,2170,15,M_3529,Other
3530,exp,exp_name,brett,Brett,239697,239702,6,2171,15,M_3530,PROPN
3531,booknlp,COREF,212,I,239710,239711,6,2171,15,M_3531,Other
3532,pdnc,qID,Q1754-0,you,239747,239750,6,2172,15,M_3532,Other
3533,booknlp,COREF,212,I,239770,239771,6,2173,15,M_3533,Other
3534,pdnc,qID,Q1756-0,Robert Cohn,239801,239812,23,2174,15,M_3534,PROPN
3535,booknlp,COREF,219,Mike,239819,239823,19,2174,15,M_3535,PROPN
3536,pdnc,qID,Q1756-1,You,239833,239836,23,2174,15,M_3536,Other
3537,pdnc,qID,Q1756-1,Robert,239855,239861,23,2174,15,M_3537,PROPN
3538,exp,exp_name,cohn,Cohn,239898,239902,23,2175,15,M_3538,PROPN
3539,pdnc,qID,Q1758-0,You,239911,239914,23,2176,15,M_3539,Other
3540,pdnc,qID,Q1758-0,you,239935,239938,23,2176,15,M_3540,Other
3541,booknlp,COREF,240,Bill,239947,239951,5,2176,15,M_3541,Other
3542,exp,exp_name,cohn,Cohn,239954,239958,23,2177,15,M_3542,PROPN
3543,pdnc,qID,Q1759-0,you,239997,240000,5,2178,15,M_3543,Other
3544,booknlp,COREF,240,Bill,240040,240044,5,2179,15,M_3544,Other
3545,pdnc,qID,Q1760-1,you,240063,240066,23,2179,15,M_3545,Other
3546,pdnc,qID,Q1761-0,He,240085,240087,23,2180,15,M_3546,Other
3547,booknlp,COREF,219,Mike,240108,240112,19,2180,15,M_3547,PROPN
3548,booknlp,COREF,219,I,240120,240121,19,2180,15,M_3548,Other
3549,pdnc,qID,Q1761-1,he,240130,240132,23,2180,15,M_3549,Other
3550,booknlp,COREF,219,I,240210,240211,19,2182,15,M_3550,Other
3551,pdnc,qID,Q1763-0,he,240220,240222,23,2182,15,M_3551,Other
3552,pdnc,qID,Q1763-0,You,240245,240248,23,2182,15,M_3552,Other
3553,pdnc,qID,Q1763-0,you,240269,240272,23,2182,15,M_3553,Other
3554,pdnc,qID,Q1763-0,Robert,240274,240280,23,2182,15,M_3554,PROPN
3555,pdnc,qID,Q1764-0,Mike,240301,240305,19,2183,15,M_3555,PROPN
3556,pdnc,qID,Q1765-0,He,240340,240342,23,2184,15,M_3556,Other
3557,booknlp,COREF,212,you,240348,240351,6,2184,15,M_3557,Other
3558,pdnc,qID,Q1765-0,He,240358,240360,23,2184,15,M_3558,Other
3559,pdnc,qID,Q1766-0,Michael,240406,240413,19,2185,15,M_3559,PROPN
3560,pdnc,qID,Q1767-0,You,240418,240421,23,2186,15,M_3560,Other
3561,pdnc,qID,Q1767-0,your,240448,240452,23,2186,15,M_3561,Other
3562,pdnc,qID,Q1767-0,Robert,240471,240477,23,2186,15,M_3562,PROPN
3563,booknlp,COREF,219,Mike,240480,240484,19,2186,15,M_3563,PROPN
3564,pdnc,qID,Q1768-0,Michael,240542,240549,19,2187,15,M_3564,PROPN
3565,exp,exp_name,brett,Brett,240552,240557,6,2187,15,M_3565,PROPN
3566,pdnc,qID,Q1769-0,He,240566,240568,23,2188,15,M_3566,Other
3567,pdnc,qID,Q1769-0,Brett,240574,240579,6,2188,15,M_3567,PROPN
3568,booknlp,COREF,219,Mike,240595,240599,19,2188,15,M_3568,PROPN
3569,pdnc,qID,Q1769-1,Brett,240607,240612,6,2188,15,M_3569,PROPN
3570,pdnc,qID,Q1769-1,She,240629,240632,6,2188,15,M_3570,Other
3571,pdnc,qID,Q1770-0,you,240672,240675,6,2189,15,M_3571,Other
3572,pdnc,qID,Q1770-0,Brett,240686,240691,6,2189,15,M_3572,PROPN
3573,pdnc,qID,Q1772-0,He,240718,240720,23,2191,15,M_3573,Other
3574,pdnc,qID,Q1772-0,Brett,240726,240731,6,2191,15,M_3574,PROPN
3575,pdnc,qID,Q1772-0,she,240758,240761,6,2191,15,M_3575,Other
3576,booknlp,COREF,240,Bill,240819,240823,5,2193,15,M_3576,Other
3577,booknlp,COREF,219,Mike,240828,240832,19,2193,15,M_3577,PROPN
3578,exp,exp_name,cohn,Cohn,240864,240868,23,2193,15,M_3578,PROPN
3579,exp,exp_name,the waiter,The waiter,240870,240880,37,2193,15,M_3579,PROPN
3580,pdnc,qID,Q1773-0,you,240917,240920,23,2194,15,M_3580,Other
3581,booknlp,COREF,240,Bill,240938,240942,5,2194,15,M_3581,Other
3582,exp,exp_name,cohn,Cohn,240949,240953,23,2194,15,M_3582,PROPN
3583,booknlp,COREF,447,I,240961,240962,37,2195,15,M_3583,Other
3584,booknlp,COREF,447,I,240973,240974,37,2195,15,M_3584,Other
3585,booknlp,COREF,447,I,240985,240986,37,2195,15,M_3585,Other
3586,exp,exp_name,brett,Brett,241048,241053,6,2196,15,M_3586,PROPN
3587,exp,exp_name,cohn,Cohn,241103,241107,23,2197,15,M_3587,PROPN
3588,booknlp,COREF,240,Bill,241140,241144,5,2198,15,M_3588,Other
3589,exp,exp_name,brett,Brett,241246,241251,6,2199,15,M_3589,PROPN
3590,booknlp,COREF,212,me,241289,241291,6,2199,15,M_3590,Other
3591,exp,exp_name,cohn,Cohn,241358,241362,23,2200,15,M_3591,PROPN
3592,booknlp,COREF,219,Mike,241393,241397,19,2201,15,M_3592,PROPN
3593,booknlp,COREF,212,I,241406,241407,6,2202,15,M_3593,Other
3594,exp,exp_name,brett,Brett,241444,241449,6,2202,15,M_3594,PROPN
3595,booknlp,COREF,212,her,241461,241464,6,2202,15,M_3595,Other
3596,pdnc,qID,Q1782-0,She,241486,241489,6,2203,15,M_3596,Other
3597,booknlp,COREF,219,Mike,241532,241536,19,2203,15,M_3597,PROPN
3598,exp,exp_name,brett,Brett,241566,241571,6,2204,15,M_3598,PROPN
3599,pdnc,qID,Q1783-1,That Romero lad,241579,241594,22,2204,15,M_3599,Other
3600,pdnc,qID,Q1784-0,He,241615,241617,22,2205,15,M_3600,Other
3601,pdnc,qID,Q1784-1,his,241676,241679,22,2205,15,M_3601,Other
3602,pdnc,qID,Q1785-0,you,241733,241736,15,2206,15,M_3602,Other
3603,pdnc,qID,Q1785-0,he,241745,241747,22,2206,15,M_3603,Other
3604,exp,exp_name,brett,Brett,241865,241870,6,2209,15,M_3604,PROPN
3605,booknlp,COREF,219,Mike,241883,241887,19,2209,15,M_3605,PROPN
3606,booknlp,COREF,240,Bill,241915,241919,5,2209,15,M_3606,Other
3607,exp,exp_name,cohn,Cohn,241924,241928,23,2209,15,M_3607,PROPN
3608,exp,exp_name,romero,Romero,241944,241950,22,2209,15,M_3608,PROPN
3609,exp,exp_name,brett,Brett,241986,241991,6,2209,15,M_3609,PROPN
3610,exp,exp_name,romero,Romero,242092,242098,22,2209,15,M_3610,PROPN
3611,exp,exp_name,brett,Brett,242168,242173,6,2209,15,M_3611,PROPN
3612,exp,exp_name,brett,Brett,242191,242196,6,2209,15,M_3612,PROPN
3613,booknlp,COREF,212,her,242227,242230,6,2209,15,M_3613,Other
3614,booknlp,COREF,212,her,242316,242319,6,2209,15,M_3614,Other
3615,booknlp,COREF,212,she,242379,242382,6,2209,15,M_3615,Other
3616,booknlp,COREF,212,her,242538,242541,6,2209,15,M_3616,Other
3617,exp,exp_name,romero,Romero,242552,242558,22,2209,15,M_3617,PROPN
3618,booknlp,COREF,306,his,242603,242606,22,2209,15,M_3618,Other
3619,booknlp,COREF,306,he,242621,242623,22,2209,15,M_3619,Other
3620,booknlp,COREF,306,him,242629,242632,22,2209,15,M_3620,Other
3621,booknlp,COREF,306,him,242658,242661,22,2209,15,M_3621,Other
3622,booknlp,COREF,212,She,242709,242712,6,2209,15,M_3622,Other
3623,exp,exp_name,romero,Romero,242721,242727,22,2209,15,M_3623,PROPN
3624,booknlp,COREF,306,his,242769,242772,22,2209,15,M_3624,Other
3625,booknlp,COREF,306,he,242797,242799,22,2209,15,M_3625,Other
3626,booknlp,COREF,212,She,242864,242867,6,2209,15,M_3626,Other
3627,exp,exp_name,romero,Romero,242882,242888,22,2209,15,M_3627,PROPN
3628,booknlp,COREF,212,her,242937,242940,6,2209,15,M_3628,Other
3629,booknlp,COREF,212,She,243034,243037,6,2209,15,M_3629,Other
3630,booknlp,COREF,212,she,243046,243049,6,2209,15,M_3630,Other
3631,exp,exp_name,romero,Romero,243056,243062,22,2209,15,M_3631,PROPN
3632,booknlp,COREF,212,she,243083,243086,6,2209,15,M_3632,Other
3633,exp,exp_name,romero,Romero,243113,243119,22,2210,15,M_3633,PROPN
3634,booknlp,COREF,306,his,243317,243320,22,2210,15,M_3634,Other
3635,exp,exp_name,romero,Romero,243444,243450,22,2210,15,M_3635,PROPN
3636,booknlp,COREF,306,he,243494,243496,22,2210,15,M_3636,Other
3637,booknlp,COREF,306,his,243533,243536,22,2210,15,M_3637,Other
3638,booknlp,COREF,306,him,243596,243599,22,2210,15,M_3638,Other
3639,booknlp,COREF,306,He,243617,243619,22,2210,15,M_3639,Other
3640,exp,exp_name,brett,Brett,243663,243668,6,2210,15,M_3640,PROPN
3641,booknlp,COREF,212,her,243785,243788,6,2210,15,M_3641,Other
3642,exp,exp_name,romero,Romero,243997,244003,22,2210,15,M_3642,PROPN
3643,booknlp,COREF,306,his,244038,244041,22,2210,15,M_3643,Other
3644,booknlp,COREF,306,he,244096,244098,22,2210,15,M_3644,Other
3645,booknlp,COREF,306,him,244128,244131,22,2210,15,M_3645,Other
3646,booknlp,COREF,306,he,244140,244142,22,2210,15,M_3646,Other
3647,booknlp,COREF,306,he,244167,244169,22,2210,15,M_3647,Other
3648,booknlp,COREF,306,him,244179,244182,22,2210,15,M_3648,Other
3649,booknlp,COREF,212,I,244202,244203,6,2211,15,M_3649,Other
3650,pdnc,qID,Q1788-0,him,244218,244221,22,2211,15,M_3650,Other
3651,exp,exp_name,brett,Brett,244244,244249,6,2211,15,M_3651,PROPN
3652,pdnc,qID,Q1789-0,You,244258,244261,6,2212,15,M_3652,Other
3653,pdnc,qID,Q1789-0,he,244274,244276,22,2212,15,M_3653,Other
3654,pdnc,qID,Q1790-0,He,244305,244307,22,2213,15,M_3654,Other
3655,booknlp,COREF,219,Mike,244333,244337,19,2213,15,M_3655,PROPN
3656,pdnc,qID,Q1790-1,He,244345,244347,22,2213,15,M_3656,Other
3657,pdnc,qID,Q1791-0,He,244374,244376,22,2214,15,M_3657,Other
3658,pdnc,qID,Q1791-0,he,244398,244400,22,2214,15,M_3658,Other
3659,pdnc,qID,Q1791-0,he,244443,244445,22,2214,15,M_3659,Other
3660,exp,exp_name,brett,Brett,244486,244491,6,2215,15,M_3660,PROPN
3661,booknlp,COREF,219,I,244500,244501,19,2216,15,M_3661,Other
3662,pdnc,qID,Q1793-0,you,244511,244514,15,2216,15,M_3662,Other
3663,pdnc,qID,Q1793-0,she,244526,244529,6,2216,15,M_3663,Other
3664,pdnc,qID,Q1793-0,this bull-fighter chap,244553,244575,22,2216,15,M_3664,Other
3665,booknlp,COREF,219,Mike,244578,244582,19,2216,15,M_3665,PROPN
3666,booknlp,COREF,212,I,244591,244592,6,2217,15,M_3666,Other
3667,pdnc,qID,Q1795-0,Jake,244635,244639,15,2218,15,M_3667,Other
3668,pdnc,qID,Q1795-0,her,244652,244655,6,2218,15,M_3668,Other
3669,pdnc,qID,Q1795-0,him,244676,244679,22,2218,15,M_3669,Other
3670,pdnc,qID,Q1795-0,her,244686,244689,6,2218,15,M_3670,Other
3671,booknlp,COREF,212,me,244731,244733,6,2219,15,M_3671,Other
3672,booknlp,COREF,219,Mike,244775,244779,19,2220,15,M_3672,PROPN
3673,pdnc,qID,Q1798-0,He,244861,244863,22,2221,15,M_3673,Other
3674,exp,exp_name,brett,Brett,244881,244886,6,2221,15,M_3674,PROPN
3675,pdnc,qID,Q1799-0,he,244903,244905,22,2222,15,M_3675,Other
3676,exp,exp_name,brett,Brett,245232,245237,6,2225,15,M_3676,PROPN
3677,booknlp,COREF,212,She,245244,245247,6,2225,15,M_3677,Other
3678,exp,exp_name,romero,Romero,245279,245285,22,2225,15,M_3678,PROPN
3679,booknlp,COREF,306,his,245292,245295,22,2225,15,M_3679,Other
3680,booknlp,COREF,306,his,245334,245337,22,2225,15,M_3680,Other
3681,booknlp,COREF,306,his,245351,245354,22,2225,15,M_3681,Other
3682,exp,exp_name,brett,Brett,245526,245531,6,2227,15,M_3682,PROPN
3683,booknlp,COREF,212,I,245539,245540,6,2227,15,M_3683,Other
3684,pdnc,qID,Q1802-0,you,245565,245568,6,2228,15,M_3684,Other
3685,booknlp,COREF,219,Mike,245586,245590,19,2228,15,M_3685,PROPN
3686,exp,exp_name,pedro romero,Pedro Romero,245611,245623,22,2229,15,M_3686,PROPN
3687,exp,exp_name,montoya,Montoya,247363,247370,20,2236,16,M_3687,PROPN
3688,pdnc,qID,Q1804-0,you,247392,247395,15,2237,16,M_3688,Other
3689,booknlp,COREF,260,he,247398,247400,20,2237,16,M_3689,Other
3690,exp,exp_name,montoya,Montoya,247529,247536,20,2243,16,M_3690,PROPN
3691,booknlp,COREF,260,his,247544,247547,20,2243,16,M_3691,Other
3692,booknlp,COREF,260,he,247576,247578,20,2244,16,M_3692,Other
3693,pdnc,qID,Q1810-1,you,247589,247592,15,2244,16,M_3693,Other
3694,booknlp,COREF,260,I,247753,247754,20,2248,16,M_3694,Other
3695,exp,exp_name,montoya,Montoya,247775,247782,20,2248,16,M_3695,PROPN
3696,booknlp,COREF,260,He,247789,247791,20,2248,16,M_3696,Other
3697,exp,exp_name,montoya,Montoya,247987,247994,20,2251,16,M_3697,PROPN
3698,booknlp,COREF,260,he,248049,248051,20,2252,16,M_3698,Other
3699,booknlp,COREF,260,I,248059,248060,20,2252,16,M_3699,Other
3700,pdnc,qID,Q1817-1,Pedro Romero,248127,248139,22,2252,16,M_3700,PROPN
3701,booknlp,COREF,260,I,248349,248350,20,2254,16,M_3701,Other
3702,exp,exp_name,montoya,Montoya,248391,248398,20,2255,16,M_3702,PROPN
3703,booknlp,COREF,260,He,248418,248420,20,2255,16,M_3703,Other
3704,pdnc,qID,Q1820-0,Romero ,248462,248469,22,2256,16,M_3704,PROPN
3705,booknlp,COREF,260,You,248493,248496,20,2257,16,M_3705,Other
3706,exp,exp_name,montoya,Montoya,248524,248531,20,2259,16,M_3706,PROPN
3707,booknlp,COREF,260,I,248552,248553,20,2260,16,M_3707,Other
3708,pdnc,qID,Q1823-0,you,248568,248571,15,2260,16,M_3708,Other
3709,pdnc,qID,Q1823-0,you,248580,248583,15,2260,16,M_3709,Other
3710,booknlp,COREF,260,he,248603,248605,20,2260,16,M_3710,Other
3711,exp,exp_name,montoya,Montoya,248649,248656,20,2262,16,M_3711,PROPN
3712,pdnc,qID,Q1825-1,a boy like that,248671,248686,22,2262,16,M_3712,Other
3713,pdnc,qID,Q1825-1,he,248709,248711,22,2262,16,M_3713,Other
3714,pdnc,qID,Q1825-1,he,248742,248744,22,2262,16,M_3714,Other
3715,pdnc,qID,Q1825-1,him,248778,248781,22,2262,16,M_3715,Other
3716,pdnc,qID,Q1828-1,one American woman,248944,248962,6,2265,16,M_3716,Other
3717,pdnc,qID,Q1832-1,you,249146,249149,20,2269,16,M_3717,Other
3718,pdnc,qID,Q1832-1,him,249173,249176,22,2269,16,M_3718,Other
3719,pdnc,qID,Q1833-0,He,249193,249195,22,2270,16,M_3719,Other
3720,exp,exp_name,montoya,Montoya,249221,249228,20,2270,16,M_3720,PROPN
3721,pdnc,qID,Q1833-1,He,249231,249233,22,2270,16,M_3721,Other
3722,pdnc,qID,Q1833-1,his,249253,249256,22,2270,16,M_3722,Other
3723,pdnc,qID,Q1833-1,He,249269,249271,22,2270,16,M_3723,Other
3724,pdnc,qID,Q1834-0,you,249310,249313,20,2271,16,M_3724,Other
3725,exp,exp_name,montoya,Montoya,249350,249357,20,2272,16,M_3725,PROPN
3726,booknlp,COREF,260,I,249360,249361,20,2272,16,M_3726,Other
3727,booknlp,COREF,260,He,249375,249377,20,2272,16,M_3727,Other
3728,booknlp,COREF,240,Bill,249752,249756,5,2274,16,M_3728,Other
3729,booknlp,COREF,219,Mike,249784,249788,19,2274,16,M_3729,PROPN
3730,booknlp,COREF,240,Bill,249837,249841,5,2274,16,M_3730,Other
3731,booknlp,COREF,219,Mike,249877,249881,19,2274,16,M_3731,PROPN
3732,booknlp,COREF,219,my,249911,249913,19,2275,16,M_3732,Other
3733,booknlp,COREF,219,Mike,249941,249945,19,2275,16,M_3733,PROPN
3734,booknlp,COREF,219,I,249953,249954,19,2275,16,M_3734,Other
3735,booknlp,COREF,240,Bill,249960,249964,5,2275,16,M_3735,Other
3736,booknlp,COREF,240,Bill,250071,250075,5,2277,16,M_3736,Other
3737,booknlp,COREF,240,Bill,250089,250093,5,2278,16,M_3737,Other
3738,booknlp,COREF,219,Mike,250177,250181,19,2279,16,M_3738,PROPN
3739,pdnc,qID,Q1838-0,Bill,250238,250242,5,2280,16,M_3739,Other
3740,booknlp,COREF,219,Mike,250266,250270,19,2280,16,M_3740,PROPN
3741,exp,exp_name,pedro romero,Pedro Romero,250438,250450,22,2281,16,M_3741,PROPN
3742,booknlp,COREF,306,He,250452,250454,22,2281,16,M_3742,Other
3743,booknlp,COREF,306,His,250524,250527,22,2281,16,M_3743,Other
3744,exp,exp_name,romero,Romero,250653,250659,22,2281,16,M_3744,PROPN
3745,booknlp,COREF,306,his,250677,250680,22,2281,16,M_3745,Other
3746,booknlp,COREF,306,he,250691,250693,22,2281,16,M_3746,Other
3747,exp,exp_name,the critic,the critic,250734,250744,31,2281,16,M_3747,PROPN
3748,exp,exp_name,the critic,the critic,250814,250824,31,2281,16,M_3748,PROPN
3749,exp,exp_name,romero,Romero,250838,250844,22,2281,16,M_3749,PROPN
3750,booknlp,COREF,306,he,250869,250871,22,2282,16,M_3750,Other
3751,booknlp,COREF,306,He,250890,250892,22,2283,16,M_3751,Other
3752,booknlp,COREF,306,his,250916,250919,22,2283,16,M_3752,Other
3753,booknlp,COREF,306,he,250933,250935,22,2283,16,M_3753,Other
3754,booknlp,COREF,306,he,250995,250997,22,2283,16,M_3754,Other
3755,booknlp,COREF,306,he,251016,251018,22,2283,16,M_3755,Other
3756,booknlp,COREF,306,He,251061,251063,22,2283,16,M_3756,Other
3757,booknlp,COREF,306,he,251154,251156,22,2283,16,M_3757,Other
3758,exp,exp_name,the critic,The critic,251358,251368,31,2283,16,M_3758,PROPN
3759,exp,exp_name,pedro romero,Pedro Romero,251424,251436,22,2284,16,M_3759,PROPN
3760,booknlp,COREF,306,he,251442,251444,22,2284,16,M_3760,Other
3761,booknlp,COREF,306,He,251488,251490,22,2284,16,M_3761,Other
3762,booknlp,COREF,306,He,251543,251545,22,2284,16,M_3762,Other
3763,booknlp,COREF,306,He,251613,251615,22,2284,16,M_3763,Other
3764,booknlp,COREF,306,him,251677,251680,22,2284,16,M_3764,Other
3765,booknlp,COREF,306,he,251725,251727,22,2284,16,M_3765,Other
3766,booknlp,COREF,306,He,251734,251736,22,2284,16,M_3766,Other
3767,booknlp,COREF,306,he,251761,251763,22,2284,16,M_3767,Other
3768,booknlp,COREF,306,His,251770,251773,22,2284,16,M_3768,Other
3769,booknlp,COREF,306,him,251797,251800,22,2284,16,M_3769,Other
3770,booknlp,COREF,306,he,251824,251826,22,2284,16,M_3770,Other
3771,booknlp,COREF,306,He,251855,251857,22,2284,16,M_3771,Other
3772,exp,exp_name,romero,Romero,251920,251926,22,2284,16,M_3772,PROPN
3773,booknlp,COREF,306,He,251928,251930,22,2284,16,M_3773,Other
3774,booknlp,COREF,306,him,251966,251969,22,2284,16,M_3774,Other
3775,booknlp,COREF,306,him,251990,251993,22,2284,16,M_3775,Other
3776,pdnc,qID,Q1840-0,you,252102,252105,15,2285,16,M_3776,Other
3777,booknlp,COREF,306,me,252110,252112,22,2285,16,M_3777,Other
3778,booknlp,COREF,306,his,252184,252187,22,2286,16,M_3778,Other
3779,booknlp,COREF,306,I,252309,252310,22,2289,16,M_3779,Other
3780,booknlp,COREF,306,he,252326,252328,22,2289,16,M_3780,Other
3781,booknlp,COREF,306,I,252352,252353,22,2289,16,M_3781,Other
3782,pdnc,qID,Q1844-1,You,252366,252369,31,2289,16,M_3782,Other
3783,booknlp,COREF,306,He,252381,252383,22,2289,16,M_3783,Other
3784,exp,exp_name,the critic,the critic,252394,252404,31,2289,16,M_3784,PROPN
3785,booknlp,COREF,306,He,252407,252409,22,2290,16,M_3785,Other
3786,booknlp,COREF,306,He,252438,252440,22,2290,16,M_3786,Other
3787,booknlp,COREF,306,his,252451,252454,22,2290,16,M_3787,Other
3788,booknlp,COREF,306,himself,252495,252502,22,2290,16,M_3788,Other
3789,booknlp,COREF,306,him,252552,252555,22,2290,16,M_3789,Other
3790,booknlp,COREF,306,I,252559,252560,22,2291,16,M_3790,Other
3791,pdnc,qID,Q1844-2,you,252584,252587,15,2291,16,M_3791,Other
3792,booknlp,COREF,306,my,252593,252595,22,2291,16,M_3792,Other
3793,booknlp,COREF,306,he,252603,252605,22,2291,16,M_3793,Other
3794,pdnc,qID,Q1844-3,you,252617,252620,15,2291,16,M_3794,Other
3795,booknlp,COREF,306,I,252656,252657,22,2291,16,M_3795,Other
3796,booknlp,COREF,306,I,252675,252676,22,2291,16,M_3796,Other
3797,pdnc,qID,Q1844-3,you,252701,252704,15,2291,16,M_3797,Other
3798,booknlp,COREF,306,he,252713,252715,22,2292,16,M_3798,Other
3799,booknlp,COREF,306,he,252726,252728,22,2292,16,M_3799,Other
3800,booknlp,COREF,306,he,252798,252800,22,2292,16,M_3800,Other
3801,booknlp,COREF,2316,I,252817,252818,31,2293,16,M_3801,Other
3802,exp,exp_name,the critic,the critic,252842,252852,31,2293,16,M_3802,PROPN
3803,booknlp,COREF,2316,I,252860,252861,31,2293,16,M_3803,Other
3804,pdnc,qID,Q1846-0,He,252893,252895,31,2294,16,M_3804,Other
3805,booknlp,COREF,306,my,252909,252911,22,2294,16,M_3805,Other
3806,exp,exp_name,romero,Romero,252924,252930,22,2294,16,M_3806,PROPN
3807,booknlp,COREF,306,He,252945,252947,22,2294,16,M_3807,Other
3808,exp,exp_name,the critic,The critic,252962,252972,31,2295,16,M_3808,PROPN
3809,booknlp,COREF,306,he,252988,252990,22,2295,16,M_3809,Other
3810,pdnc,qID,Q1848-0,you,253107,253110,15,2297,16,M_3810,Other
3811,exp,exp_name,the critic,the critic,253142,253152,31,2297,16,M_3811,PROPN
3812,booknlp,COREF,2316,I,253170,253171,31,2298,16,M_3812,Other
3813,exp,exp_name,pedro romero,Pedro Romero,253193,253205,22,2299,16,M_3813,PROPN
3814,pdnc,qID,Q1850-0,you,253233,253236,15,2300,16,M_3814,Other
3815,pdnc,qID,Q1851-1,you,253328,253331,22,2301,16,M_3815,Other
3816,exp,exp_name,romero,Romero,253361,253367,22,2302,16,M_3816,PROPN
3817,exp,exp_name,the critic,the critic,253414,253424,31,2303,16,M_3817,PROPN
3818,exp,exp_name,romero,Romero,253438,253444,22,2304,16,M_3818,PROPN
3819,exp,exp_name,the critic,the critic,253480,253490,31,2305,16,M_3819,PROPN
3820,booknlp,COREF,2316,You,253499,253502,31,2306,16,M_3820,Other
3821,exp,exp_name,romero,Romero,253529,253535,22,2306,16,M_3821,PROPN
3822,booknlp,COREF,306,He,253537,253539,22,2306,16,M_3822,Other
3823,pdnc,qID,Q1856-1,You,253567,253570,15,2306,16,M_3823,Other
3824,exp,exp_name,pedro romero,Pedro Romero,253671,253683,22,2308,16,M_3824,PROPN
3825,booknlp,COREF,212,I,253735,253736,6,2309,16,M_3825,Other
3826,pdnc,qID,Q1859-0,Jake,253742,253746,15,2309,16,M_3826,Other
3827,exp,exp_name,brett,Brett,253749,253754,6,2309,16,M_3827,PROPN
3828,pdnc,qID,Q1859-1,you,253784,253787,15,2309,16,M_3828,Other
3829,pdnc,qID,Q1861-0,You,253863,253866,15,2311,16,M_3829,Other
3830,pdnc,qID,Q1862-0,him,253891,253894,22,2312,16,M_3830,Other
3831,booknlp,COREF,219,Mike,253922,253926,19,2312,16,M_3831,PROPN
3832,booknlp,COREF,219,He,253936,253938,19,2312,16,M_3832,Other
3833,exp,exp_name,romero,Romero,253951,253957,22,2313,16,M_3833,PROPN
3834,pdnc,qID,Q1864-0,You,254030,254033,15,2315,16,M_3834,Other
3835,exp,exp_name,brett,Brett,254065,254070,6,2315,16,M_3835,PROPN
3836,booknlp,COREF,212,She,254077,254080,6,2315,16,M_3836,Other
3837,exp,exp_name,pedro romero,Pedro Romero,254108,254120,22,2315,16,M_3837,PROPN
3838,exp,exp_name,romero,Romero,254198,254204,22,2315,16,M_3838,PROPN
3839,booknlp,COREF,306,He,254228,254230,22,2315,16,M_3839,Other
3840,booknlp,COREF,219,Mike,254411,254415,19,2316,16,M_3840,PROPN
3841,pdnc,qID,Q1865-0,him,254515,254518,22,2317,16,M_3841,Other
3842,booknlp,COREF,240,I,254519,254520,5,2317,16,M_3842,Other
3843,booknlp,COREF,240,Bill,254546,254550,5,2317,16,M_3843,Other
3844,pdnc,qID,Q1865-1,him,254570,254573,22,2317,16,M_3844,Other
3845,pdnc,qID,Q1865-1,him,254580,254583,22,2317,16,M_3845,Other
3846,booknlp,COREF,240,I,254584,254585,5,2317,16,M_3846,Other
3847,exp,exp_name,pedro romero,Pedro Romero,254617,254629,22,2318,16,M_3847,PROPN
3848,exp,exp_name,brett,Brett,254649,254654,6,2318,16,M_3848,PROPN
3849,booknlp,COREF,212,her,254672,254675,6,2318,16,M_3849,Other
3850,pdnc,qID,Q1865-2,him,254691,254694,22,2319,16,M_3850,Other
3851,booknlp,COREF,240,Bill,254697,254701,5,2319,16,M_3851,Other
3852,exp,exp_name,romero,Romero,254709,254715,22,2320,16,M_3852,PROPN
3853,pdnc,qID,Q1866-0,This gentleman,254737,254751,5,2321,16,M_3853,Other
3854,exp,exp_name,romero,Romero,254778,254784,22,2322,16,M_3854,PROPN
3855,pdnc,qID,Q1866-2,"This other one, too",254801,254820,23,2322,16,M_3855,Other
3856,exp,exp_name,cohn,Cohn,254843,254847,23,2322,16,M_3856,PROPN
3857,pdnc,qID,Q1867-0,He,254851,254853,23,2323,16,M_3857,Other
3858,exp,exp_name,romero,Romero,254876,254882,22,2323,16,M_3858,PROPN
3859,booknlp,COREF,240,Bill,254900,254904,5,2323,16,M_3859,Other
3860,pdnc,qID,Q1867-1,Rafael,254907,254913,31,2323,16,M_3860,PROPN
3861,pdnc,qID,Q1867-1,he,254923,254925,23,2323,16,M_3861,Other
3862,booknlp,COREF,2316,I,254949,254950,31,2324,16,M_3862,Other
3863,exp,exp_name,the critic,the critic,254966,254976,31,2324,16,M_3863,PROPN
3864,exp,exp_name,romero,Romero,254994,255000,22,2325,16,M_3864,PROPN
3865,pdnc,qID,Q1869-1,He,255019,255021,23,2325,16,M_3865,Other
3866,pdnc,qID,Q1869-1,the drunken one ,255059,255075,19,2325,16,M_3866,Other
3867,pdnc,qID,Q1871-0,he,255106,255108,19,2327,16,M_3867,Other
3868,pdnc,qID,Q1872-0,He,255124,255126,19,2328,16,M_3868,Other
3869,pdnc,qID,Q1872-0,this lady,255146,255155,6,2328,16,M_3869,Other
3870,pdnc,qID,Q1873-0,him,255165,255168,22,2329,16,M_3870,Other
3871,booknlp,COREF,219,Mike,255191,255195,19,2329,16,M_3871,PROPN
3872,pdnc,qID,Q1874-0,he,255262,255264,19,2330,16,M_3872,Other
3873,pdnc,qID,Q1875-0,He,255273,255275,19,2331,16,M_3873,Other
3874,pdnc,qID,Q1876-0,Jake,255288,255292,15,2332,16,M_3874,Other
3875,booknlp,COREF,219,Mike,255295,255299,19,2332,16,M_3875,PROPN
3876,pdnc,qID,Q1876-1,him,255314,255317,22,2332,16,M_3876,Other
3877,pdnc,qID,Q1877-0,You,255342,255345,22,2333,16,M_3877,Other
3878,booknlp,COREF,219,he,255387,255389,19,2335,16,M_3878,Other
3879,pdnc,qID,Q1879-0,him,255426,255429,22,2336,16,M_3879,Other
3880,pdnc,qID,Q1879-0,Brett ,255430,255436,6,2336,16,M_3880,PROPN
3881,pdnc,qID,Q1879-0,him,255449,255452,22,2336,16,M_3881,Other
3882,pdnc,qID,Q1880-0,Mike,255493,255497,19,2337,16,M_3882,PROPN
3883,pdnc,qID,Q1881-0,him,255507,255510,22,2338,16,M_3883,Other
3884,pdnc,qID,Q1881-0,Brett ,255511,255517,6,2338,16,M_3884,PROPN
3885,pdnc,qID,Q1881-0,he,255538,255540,22,2338,16,M_3885,Other
3886,exp,exp_name,romero,Romero,255595,255601,22,2340,16,M_3886,PROPN
3887,booknlp,COREF,306,his,255616,255619,22,2340,16,M_3887,Other
3888,exp,exp_name,brett,Brett,255643,255648,6,2340,16,M_3888,PROPN
3889,exp,exp_name,brett,Brett,255650,255655,6,2340,16,M_3889,PROPN
3890,booknlp,COREF,306,he,255679,255681,22,2340,16,M_3890,Other
3891,booknlp,COREF,240,Bill,255739,255743,5,2341,16,M_3891,Other
3892,pdnc,qID,Q1883-0,him,255776,255779,22,2342,16,M_3892,Other
3893,pdnc,qID,Q1883-0,Brett ,255780,255786,6,2342,16,M_3893,PROPN
3894,pdnc,qID,Q1884-0,Mike,255827,255831,19,2343,16,M_3894,PROPN
3895,exp,exp_name,romero,Romero,255854,255860,22,2344,16,M_3895,PROPN
3896,booknlp,COREF,306,I,255892,255893,22,2344,16,M_3896,Other
3897,booknlp,COREF,306,he,255906,255908,22,2344,16,M_3897,Other
3898,exp,exp_name,montoya,Montoya,255926,255933,20,2345,16,M_3898,PROPN
3899,booknlp,COREF,260,He,255954,255956,20,2345,16,M_3899,Other
3900,booknlp,COREF,260,he,255986,255988,20,2345,16,M_3900,Other
3901,exp,exp_name,pedro romero,Pedro Romero,255993,256005,22,2345,16,M_3901,PROPN
3902,booknlp,COREF,306,his,256036,256039,22,2345,16,M_3902,Other
3903,booknlp,COREF,306,He,256134,256136,22,2345,16,M_3903,Other
3904,exp,exp_name,montoya,Montoya,256156,256163,20,2346,16,M_3904,PROPN
3905,booknlp,COREF,219,Mike,256186,256190,19,2346,16,M_3905,PROPN
3906,booknlp,COREF,219,his,256198,256201,19,2346,16,M_3906,Other
3907,booknlp,COREF,219,he,256249,256251,19,2346,16,M_3907,Other
3908,pdnc,qID,Q1886-1,Pedro Romero,256260,256272,22,2346,16,M_3908,PROPN
3909,exp,exp_name,romero,Romero,256303,256309,22,2346,16,M_3909,PROPN
3910,booknlp,COREF,219,Mike,256406,256410,19,2346,16,M_3910,PROPN
3911,booknlp,COREF,219,he,256469,256471,19,2346,16,M_3911,Other
3912,exp,exp_name,pedro romero,Pedro Romero,256526,256538,22,2346,16,M_3912,PROPN
3913,booknlp,COREF,306,he,256570,256572,22,2346,16,M_3913,Other
3914,exp,exp_name,the critic,the critic,256577,256587,31,2346,16,M_3914,PROPN
3915,booknlp,COREF,212,My,256609,256611,6,2347,16,M_3915,Other
3916,pdnc,qID,Q1887-0,he,256617,256619,22,2347,16,M_3916,Other
3917,exp,exp_name,brett,Brett,256637,256642,6,2347,16,M_3917,PROPN
3918,booknlp,COREF,212,I,256658,256659,6,2347,16,M_3918,Other
3919,pdnc,qID,Q1887-1,him,256678,256681,22,2347,16,M_3919,Other
3920,pdnc,qID,Q1887-1,He,256706,256708,22,2347,16,M_3920,Other
3921,booknlp,COREF,219,I,256734,256735,19,2348,16,M_3921,Other
3922,pdnc,qID,Q1888-0,him,256752,256755,22,2348,16,M_3922,Other
3923,booknlp,COREF,219,Mike,256758,256762,19,2348,16,M_3923,PROPN
3924,pdnc,qID,Q1888-1,Jake ,256775,256780,15,2348,16,M_3924,PROPN
3925,booknlp,COREF,219,me,256798,256800,19,2348,16,M_3925,Other
3926,pdnc,qID,Q1888-1,you,256809,256812,15,2348,16,M_3926,Other
3927,booknlp,COREF,219,me,256823,256825,19,2348,16,M_3927,Other
3928,pdnc,qID,Q1888-1,you,256830,256833,15,2348,16,M_3928,Other
3929,pdnc,qID,Q1888-1,you,256840,256843,15,2348,16,M_3929,Other
3930,booknlp,COREF,219,I,256869,256870,19,2348,16,M_3930,Other
3931,pdnc,qID,Q1889-0,Mike,256891,256895,19,2349,16,M_3931,PROPN
3932,pdnc,qID,Q1889-0,you,256916,256919,19,2349,16,M_3932,Other
3933,booknlp,COREF,219,I,256928,256929,19,2350,16,M_3933,Other
3934,booknlp,COREF,219,He,256959,256961,19,2350,16,M_3934,Other
3935,pdnc,qID,Q1891-0,you,256987,256990,23,2350,16,M_3935,Other
3936,pdnc,qID,Q1891-0,you,256997,257000,23,2350,16,M_3936,Other
3937,pdnc,qID,Q1891-0,Cohn,257022,257026,23,2350,16,M_3937,Other
3938,pdnc,qID,Q1891-0,you,257031,257034,23,2350,16,M_3938,Other
3939,pdnc,qID,Q1891-0,you,257041,257044,23,2350,16,M_3939,Other
3940,pdnc,qID,Q1891-0,Cohn,257141,257145,23,2350,16,M_3940,Other
3941,pdnc,qID,Q1892-0,Mike,257166,257170,19,2351,16,M_3941,PROPN
3942,exp,exp_name,cohn,Cohn,257173,257177,23,2351,16,M_3942,PROPN
3943,pdnc,qID,Q1893-0,you,257189,257192,23,2352,16,M_3943,Other
3944,pdnc,qID,Q1893-0,Brett ,257199,257205,6,2352,16,M_3944,PROPN
3945,pdnc,qID,Q1893-0,you,257211,257214,23,2352,16,M_3945,Other
3946,pdnc,qID,Q1893-0,you,257224,257227,23,2352,16,M_3946,Other
3947,pdnc,qID,Q1893-0,you,257234,257237,23,2352,16,M_3947,Other
3948,pdnc,qID,Q1893-0,you,257266,257269,23,2352,16,M_3948,Other
3949,booknlp,COREF,219,I,257288,257289,19,2353,16,M_3949,Other
3950,booknlp,COREF,219,I,257299,257300,19,2353,16,M_3950,Other
3951,pdnc,qID,Q1894-0,Mike,257329,257333,19,2353,16,M_3951,PROPN
3952,booknlp,COREF,219,I,257338,257339,19,2354,16,M_3952,Other
3953,booknlp,COREF,219,you,257353,257356,19,2354,16,M_3953,Other
3954,booknlp,COREF,219,Mike,257374,257378,19,2354,16,M_3954,PROPN
3955,booknlp,COREF,219,I,257424,257425,19,2354,16,M_3955,Other
3956,booknlp,COREF,219,I,257444,257445,19,2354,16,M_3956,Other
3957,booknlp,COREF,219,I,257459,257460,19,2354,16,M_3957,Other
3958,pdnc,qID,Q1896-0,you,257485,257488,23,2354,16,M_3958,Other
3959,pdnc,qID,Q1896-0,you,257498,257501,23,2354,16,M_3959,Other
3960,pdnc,qID,Q1896-0,Cohn,257517,257521,23,2354,16,M_3960,Other
3961,booknlp,COREF,219,you,257595,257598,19,2354,16,M_3961,Other
3962,booknlp,COREF,219,I,257605,257606,19,2354,16,M_3962,Other
3963,booknlp,COREF,219,He,257618,257620,19,2355,16,M_3963,Other
3964,pdnc,qID,Q1898-0,you,257698,257701,15,2357,16,M_3964,Other
3965,booknlp,COREF,219,I,257708,257709,19,2357,16,M_3965,Other
3966,booknlp,COREF,219,I,257719,257720,19,2357,16,M_3966,Other
3967,pdnc,qID,Q1898-0,that woman,257726,257736,6,2357,16,M_3967,Other
3968,pdnc,qID,Q1899-0,Michael,257788,257795,19,2358,16,M_3968,PROPN
3969,exp,exp_name,brett,Brett,257798,257803,6,2358,16,M_3969,PROPN
3970,pdnc,qID,Q1900-0,you,257818,257821,15,2359,16,M_3970,Other
3971,booknlp,COREF,219,I,257828,257829,19,2359,16,M_3971,Other
3972,pdnc,qID,Q1900-0,Jake,257839,257843,15,2359,16,M_3972,Other
3973,exp,exp_name,cohn,Cohn,257847,257851,23,2360,16,M_3973,PROPN
3974,booknlp,COREF,219,His,257876,257879,19,2360,16,M_3974,Other
3975,booknlp,COREF,219,he,257925,257927,19,2360,16,M_3975,Other
3976,booknlp,COREF,219,he,257954,257956,19,2360,16,M_3976,Other
3977,booknlp,COREF,219,his,258027,258030,19,2360,16,M_3977,Other
3978,pdnc,qID,Q1901-0,Jake,258062,258066,15,2361,16,M_3978,Other
3979,booknlp,COREF,219,Mike,258069,258073,19,2361,16,M_3979,PROPN
3980,booknlp,COREF,219,He,258080,258082,19,2361,16,M_3980,Other
3981,pdnc,qID,Q1901-1,You,258103,258106,15,2361,16,M_3981,Other
3982,booknlp,COREF,219,I,258112,258113,19,2361,16,M_3982,Other
3983,booknlp,COREF,202,you,258131,258134,15,2361,16,M_3983,Other
3984,booknlp,COREF,219,He,258137,258139,19,2361,16,M_3984,Other
3985,exp,exp_name,cohn,Cohn,258150,258154,23,2361,16,M_3985,PROPN
3986,pdnc,qID,Q1903-0,Mike,258198,258202,19,2362,16,M_3986,PROPN
3987,exp,exp_name,cohn,Cohn,258210,258214,23,2362,16,M_3987,PROPN
3988,booknlp,COREF,219,I,258223,258224,19,2363,16,M_3988,Other
3989,pdnc,qID,Q1904-0,you,258233,258236,23,2363,16,M_3989,Other
3990,booknlp,COREF,219,Mike,258239,258243,19,2363,16,M_3990,PROPN
3991,exp,exp_name,cohn,Cohn,258281,258285,23,2363,16,M_3991,PROPN
3992,booknlp,COREF,219,Mike,258471,258475,19,2364,16,M_3992,PROPN
3993,pdnc,qID,Q1905-1,You,258509,258512,19,2364,16,M_3993,Other
3994,pdnc,qID,Q1905-1,him,258523,258526,23,2364,16,M_3994,Other
3995,booknlp,COREF,219,Mike,258561,258565,19,2365,16,M_3995,PROPN
3996,booknlp,COREF,219,Mike,258614,258618,19,2366,16,M_3996,PROPN
3997,exp,exp_name,cohn,Cohn,258650,258654,23,2366,16,M_3997,PROPN
3998,booknlp,COREF,240,Bill,258685,258689,5,2366,16,M_3998,Other
3999,exp,exp_name,brett,Brett,258750,258755,6,2366,16,M_3999,PROPN
4000,exp,exp_name,brett,Brett,259380,259385,6,2368,16,M_4000,PROPN
4001,booknlp,COREF,240,Bill,259400,259404,5,2368,16,M_4001,Other
4002,booknlp,COREF,240,Bill,259988,259992,5,2369,16,M_4002,Other
4003,pdnc,qID,Q1908-0,you,260008,260011,5,2370,16,M_4003,Other
4004,exp,exp_name,brett,Brett,260035,260040,6,2370,16,M_4004,PROPN
4005,booknlp,COREF,219,Mike,260154,260158,19,2372,16,M_4005,PROPN
4006,booknlp,COREF,212,I,260269,260270,6,2374,16,M_4006,Other
4007,booknlp,COREF,212,I,260276,260277,6,2374,16,M_4007,Other
4008,exp,exp_name,brett,Brett,260301,260306,6,2374,16,M_4008,PROPN
4009,booknlp,COREF,240,He,260350,260352,5,2375,16,M_4009,Other
4010,booknlp,COREF,240,Bill,260440,260444,5,2375,16,M_4010,Other
4011,booknlp,COREF,219,Mike,260474,260478,19,2376,16,M_4011,PROPN
4012,exp,exp_name,brett,Brett,260542,260547,6,2377,16,M_4012,PROPN
4013,pdnc,qID,Q1915-0,Her ladyship,260574,260586,6,2378,16,M_4013,Other
4014,booknlp,COREF,219,Mike,260603,260607,19,2378,16,M_4014,PROPN
4015,pdnc,qID,Q1916-0,you,260620,260623,19,2379,16,M_4015,Other
4016,exp,exp_name,brett,Brett,260638,260643,6,2379,16,M_4016,PROPN
4017,booknlp,COREF,240,Bill,260819,260823,5,2381,16,M_4017,Other
4018,booknlp,COREF,240,Bill,261080,261084,5,2382,16,M_4018,Other
4019,booknlp,COREF,219,Mike,261226,261230,19,2383,16,M_4019,PROPN
4020,booknlp,COREF,240,Bill,261485,261489,5,2384,16,M_4020,Other
4021,booknlp,COREF,240,Bill,261561,261565,5,2386,16,M_4021,Other
4022,booknlp,COREF,240,I,261573,261574,5,2386,16,M_4022,Other
4023,booknlp,COREF,219,Mike,261658,261662,19,2387,16,M_4023,PROPN
4024,booknlp,COREF,219,I,261670,261671,19,2387,16,M_4024,Other
4025,booknlp,COREF,240,Bill,261720,261724,5,2388,16,M_4025,Other
4026,booknlp,COREF,219,Mike,261791,261795,19,2389,16,M_4026,PROPN
4027,booknlp,COREF,240,I,261873,261874,5,2390,16,M_4027,Other
4028,booknlp,COREF,240,Bill,261891,261895,5,2390,16,M_4028,Other
4029,pdnc,qID,Q1926-0,You,261904,261907,8,2391,16,M_4029,Other
4030,booknlp,COREF,219,Mike,261947,261951,19,2391,16,M_4030,PROPN
4031,booknlp,COREF,240,Bill,261962,261966,5,2391,16,M_4031,Other
4032,pdnc,qID,Q1927-0,you,261987,261990,8,2391,16,M_4032,Other
4033,pdnc,qID,Q1928-0,Michael,262018,262025,19,2392,16,M_4033,PROPN
4034,booknlp,COREF,219,I,262030,262031,19,2393,16,M_4034,Other
4035,pdnc,qID,Q1929-0,she,262037,262040,8,2393,16,M_4035,Other
4036,booknlp,COREF,219,I,262072,262073,19,2393,16,M_4036,Other
4037,booknlp,COREF,219,I,262091,262092,19,2393,16,M_4037,Other
4038,pdnc,qID,Q1929-0,You,262122,262125,8,2393,16,M_4038,Other
4039,booknlp,COREF,219,me,262176,262178,19,2393,16,M_4039,Other
4040,pdnc,qID,Q1929-0,Bill,262183,262187,5,2393,16,M_4040,Other
4041,booknlp,COREF,240,I,262226,262227,5,2394,16,M_4041,Other
4042,booknlp,COREF,240,Bill,262244,262248,5,2394,16,M_4042,Other
4043,booknlp,COREF,219,Mike,262314,262318,19,2395,16,M_4043,PROPN
4044,booknlp,COREF,219,I,262382,262383,19,2395,16,M_4044,Other
4045,pdnc,qID,Q1931-1,you,262389,262392,8,2395,16,M_4045,Other
4046,booknlp,COREF,219,I,262409,262410,19,2395,16,M_4046,Other
4047,booknlp,COREF,219,I,262421,262422,19,2395,16,M_4047,Other
4048,booknlp,COREF,219,I,262441,262442,19,2395,16,M_4048,Other
4049,pdnc,qID,Q1931-1,Bill,262475,262479,5,2395,16,M_4049,Other
4050,booknlp,COREF,212,I,262599,262600,6,2397,16,M_4050,Other
4051,exp,exp_name,brett,Brett,262623,262628,6,2397,16,M_4051,PROPN
4052,pdnc,qID,Q1933-0,you,262652,262655,6,2398,16,M_4052,Other
4053,exp,exp_name,cohn,Cohn,262658,262662,23,2398,16,M_4053,PROPN
4054,exp,exp_name,brett,Brett,262683,262688,6,2399,16,M_4054,PROPN
4055,pdnc,qID,Q1934-1,you,262736,262739,23,2399,16,M_4055,Other
4056,pdnc,qID,Q1934-1,Jake ,262744,262749,15,2399,16,M_4056,PROPN
4057,booknlp,COREF,212,I,262753,262754,6,2399,16,M_4057,Other
4058,exp,exp_name,cohn,Cohn,262783,262787,23,2400,16,M_4058,PROPN
4059,pdnc,qID,Q1936-0,you,262905,262908,23,2401,16,M_4059,Other
4060,booknlp,COREF,212,I,262951,262952,6,2402,16,M_4060,Other
4061,pdnc,qID,Q1937-0,him,262968,262971,23,2402,16,M_4061,Other
4062,exp,exp_name,brett,Brett,262974,262979,6,2402,16,M_4062,PROPN
4063,exp,exp_name,cohn,Cohn,262987,262991,23,2402,16,M_4063,PROPN
4064,pdnc,qID,Q1937-1,him,263026,263029,23,2402,16,M_4064,Other
4065,pdnc,qID,Q1938-0,He,263034,263036,23,2403,16,M_4065,Other
4066,pdnc,qID,Q1939-0,He,263072,263074,23,2404,16,M_4066,Other
4067,pdnc,qID,Q1940-0,He,263095,263097,23,2405,16,M_4067,Other
4068,pdnc,qID,Q1941-0,He,263137,263139,23,2406,16,M_4068,Other
4069,pdnc,qID,Q1942-0,He,263175,263177,23,2407,16,M_4069,Other
4070,pdnc,qID,Q1943-0,He,263232,263234,23,2408,16,M_4070,Other
4071,pdnc,qID,Q1943-0,You,263242,263245,15,2408,16,M_4071,Other
4072,pdnc,qID,Q1943-0,he,263265,263267,23,2408,16,M_4072,Other
4073,pdnc,qID,Q1943-0,He,263275,263277,23,2408,16,M_4073,Other
4074,booknlp,COREF,212,I,263320,263321,6,2409,16,M_4074,Other
4075,pdnc,qID,Q1945-0,Michael,263406,263413,19,2410,16,M_4075,PROPN
4076,pdnc,qID,Q1945-0,Michael,263415,263422,19,2410,16,M_4076,PROPN
4077,pdnc,qID,Q1946-0,Mike,263471,263475,19,2411,16,M_4077,PROPN
4078,booknlp,COREF,219,he,263489,263491,19,2412,16,M_4078,Other
4079,pdnc,qID,Q1949-0,You,263589,263592,15,2414,16,M_4079,Other
4080,exp,exp_name,brett,Brett,263617,263622,6,2414,16,M_4080,PROPN
4081,pdnc,qID,Q1950-0,Cohn,263663,263667,23,2415,16,M_4081,Other
4082,pdnc,qID,Q1951-0,Darling,263680,263687,15,2416,16,M_4082,Other
4083,pdnc,qID,Q1953-0,You,263787,263790,15,2418,16,M_4083,Other
4084,pdnc,qID,Q1954-0,You,263857,263860,6,2419,16,M_4084,Other
4085,pdnc,qID,Q1954-0,Mike,263868,263872,19,2419,16,M_4085,PROPN
4086,pdnc,qID,Q1955-0,Mike,263882,263886,19,2420,16,M_4086,PROPN
4087,pdnc,qID,Q1955-0,he,263895,263897,19,2420,16,M_4087,Other
4088,pdnc,qID,Q1956-1,Mike,263955,263959,19,2421,16,M_4088,PROPN
4089,pdnc,qID,Q1956-1,Cohn ,263968,263973,23,2421,16,M_4089,PROPN
4090,pdnc,qID,Q1956-1,him,263991,263994,23,2421,16,M_4090,Other
4091,pdnc,qID,Q1956-1,you,264000,264003,6,2421,16,M_4091,Other
4092,booknlp,COREF,212,I,264014,264015,6,2422,16,M_4092,Other
4093,booknlp,COREF,212,me,264052,264054,6,2422,16,M_4093,Other
4094,booknlp,COREF,212,I,264075,264076,6,2422,16,M_4094,Other
4095,exp,exp_name,brett,Brett,264083,264088,6,2423,16,M_4095,PROPN
4096,booknlp,COREF,212,her,264121,264124,6,2423,16,M_4096,Other
4097,booknlp,COREF,212,She,264133,264136,6,2423,16,M_4097,Other
4098,exp,exp_name,brett,Brett,264338,264343,6,2427,16,M_4098,PROPN
4099,booknlp,COREF,212,My,264351,264353,6,2427,16,M_4099,Other
4100,exp,exp_name,brett,Brett,264448,264453,6,2429,16,M_4100,PROPN
4101,exp,exp_name,cohn,Cohn,264486,264490,23,2430,16,M_4101,PROPN
4102,pdnc,qID,Q1960-0,He,264525,264527,23,2431,16,M_4102,Other
4103,exp,exp_name,brett,Brett,264542,264547,6,2431,16,M_4103,PROPN
4104,pdnc,qID,Q1961-0,He,264556,264558,23,2432,16,M_4104,Other
4105,pdnc,qID,Q1961-0,you,264578,264581,6,2432,16,M_4105,Other
4106,pdnc,qID,Q1963-0,him,264619,264622,23,2434,16,M_4106,Other
4107,pdnc,qID,Q1963-0,him,264631,264634,23,2434,16,M_4107,Other
4108,booknlp,COREF,212,I,264647,264648,6,2435,16,M_4108,Other
4109,pdnc,qID,Q1964-0,him,264654,264657,23,2435,16,M_4109,Other
4110,booknlp,COREF,212,she,264665,264668,6,2435,16,M_4110,Other
4111,booknlp,COREF,212,I,264680,264681,6,2435,16,M_4111,Other
4112,pdnc,qID,Q1964-1,his,264687,264690,23,2435,16,M_4112,Other
4113,exp,exp_name,brett,Brett,265160,265165,6,2439,16,M_4113,PROPN
4114,booknlp,COREF,212,I,265474,265475,6,2441,16,M_4114,Other
4115,exp,exp_name,brett,Brett,265493,265498,6,2441,16,M_4115,PROPN
4116,exp,exp_name,brett,Brett,265871,265876,6,2442,16,M_4116,PROPN
4117,booknlp,COREF,212,she,265909,265912,6,2442,16,M_4117,Other
4118,pdnc,qID,Q1970-0,you,266072,266075,15,2447,16,M_4118,Other
4119,booknlp,COREF,212,me,266087,266089,6,2447,16,M_4119,Other
4120,pdnc,qID,Q1970-0,Jake,266091,266095,15,2447,16,M_4120,Other
4121,booknlp,COREF,212,I,266124,266125,6,2449,16,M_4121,Other
4122,exp,exp_name,brett,Brett,266138,266143,6,2449,16,M_4122,PROPN
4123,booknlp,COREF,212,I,266160,266161,6,2451,16,M_4123,Other
4124,booknlp,COREF,212,I,266173,266174,6,2451,16,M_4124,Other
4125,pdnc,qID,Q1974-0,the Romero boy,266187,266201,22,2451,16,M_4125,Other
4126,booknlp,COREF,212,I,266203,266204,6,2451,16,M_4126,Other
4127,pdnc,qID,Q1974-0,him,266220,266223,22,2451,16,M_4127,Other
4128,booknlp,COREF,212,I,266225,266226,6,2451,16,M_4128,Other
4129,booknlp,COREF,212,I,266237,266238,6,2452,16,M_4129,Other
4130,booknlp,COREF,212,I,266254,266255,6,2452,16,M_4130,Other
4131,pdnc,qID,Q1975-0,you,266261,266264,6,2452,16,M_4131,Other
4132,booknlp,COREF,212,I,266269,266270,6,2453,16,M_4132,Other
4133,booknlp,COREF,212,I,266286,266287,6,2453,16,M_4133,Other
4134,booknlp,COREF,212,me,266312,266314,6,2453,16,M_4134,Other
4135,booknlp,COREF,212,I,266349,266350,6,2455,16,M_4135,Other
4136,booknlp,COREF,212,I,266366,266367,6,2455,16,M_4136,Other
4137,pdnc,qID,Q1979-0,You,266408,266411,6,2456,16,M_4137,Other
4138,booknlp,COREF,212,I,266441,266442,6,2457,16,M_4138,Other
4139,booknlp,COREF,212,I,266452,266453,6,2457,16,M_4139,Other
4140,booknlp,COREF,212,Her,266486,266489,6,2458,16,M_4140,Other
4141,booknlp,COREF,212,I,266512,266513,6,2459,16,M_4141,Other
4142,pdnc,qID,Q1982-0,You,266542,266545,6,2460,16,M_4142,Other
4143,booknlp,COREF,212,I,266568,266569,6,2461,16,M_4143,Other
4144,booknlp,COREF,212,I,266585,266586,6,2461,16,M_4144,Other
4145,pdnc,qID,Q1983-0,you,266616,266619,15,2461,16,M_4145,Other
4146,booknlp,COREF,212,I,266650,266651,6,2463,16,M_4146,Other
4147,booknlp,COREF,212,I,266676,266677,6,2463,16,M_4147,Other
4148,booknlp,COREF,212,I,266701,266702,6,2463,16,M_4148,Other
4149,booknlp,COREF,212,I,266722,266723,6,2463,16,M_4149,Other
4150,booknlp,COREF,212,my,266732,266734,6,2463,16,M_4150,Other
4151,pdnc,qID,Q1986-0,You,266752,266755,6,2464,16,M_4151,Other
4152,pdnc,qID,Q1987-0,you,266823,266826,15,2465,16,M_4152,Other
4153,pdnc,qID,Q1987-0,that damned Jew,266852,266867,23,2465,16,M_4153,Other
4154,pdnc,qID,Q1987-0,Mike ,266879,266884,19,2465,16,M_4154,PROPN
4155,pdnc,qID,Q1987-0,he,266892,266894,19,2465,16,M_4155,Other
4156,booknlp,COREF,212,I,266916,266917,6,2467,16,M_4156,Other
4157,pdnc,qID,Q1991-0,darling,266968,266975,15,2469,16,M_4157,Other
4158,booknlp,COREF,212,me,266992,266994,6,2469,16,M_4158,Other
4159,booknlp,COREF,212,me,267011,267013,6,2469,16,M_4159,Other
4160,booknlp,COREF,212,me,267022,267024,6,2469,16,M_4160,Other
4161,booknlp,COREF,212,I,267051,267052,6,2471,16,M_4161,Other
4162,booknlp,COREF,212,me,267098,267100,6,2471,16,M_4162,Other
4163,booknlp,COREF,212,I,267113,267114,6,2471,16,M_4163,Other
4164,booknlp,COREF,212,you,267154,267157,6,2472,16,M_4164,Other
4165,booknlp,COREF,212,me,267163,267165,6,2472,16,M_4165,Other
4166,exp,exp_name,brett,Brett,267186,267191,6,2473,16,M_4166,PROPN
4167,pdnc,qID,Q1995-1,him,267217,267220,22,2473,16,M_4167,Other
4168,exp,exp_name,pedro romero,Pedro Romero,267394,267406,22,2475,16,M_4168,PROPN
4169,booknlp,COREF,306,He,267424,267426,22,2475,16,M_4169,Other
4170,exp,exp_name,romero,Romero,267549,267555,22,2475,16,M_4170,PROPN
4171,pdnc,qID,Q1996-0,him,267627,267630,22,2476,16,M_4171,Other
4172,pdnc,qID,Q1997-0,He,267674,267676,22,2477,16,M_4172,Other
4173,pdnc,qID,Q1998-0,him,267710,267713,22,2478,16,M_4173,Other
4174,pdnc,qID,Q1999-0,He,267718,267720,22,2479,16,M_4174,Other
4175,booknlp,COREF,212,My,267846,267848,6,2484,16,M_4175,Other
4176,exp,exp_name,brett,Brett,267860,267865,6,2484,16,M_4176,PROPN
4177,booknlp,COREF,212,I,267916,267917,6,2486,16,M_4177,Other
4178,exp,exp_name,pedro romero,Pedro Romero,267972,267984,22,2487,16,M_4178,PROPN
4179,booknlp,COREF,306,He,267993,267995,22,2487,16,M_4179,Other
4180,booknlp,COREF,306,his,268034,268037,22,2487,16,M_4180,Other
4181,booknlp,COREF,306,He,268059,268061,22,2487,16,M_4181,Other
4182,pdnc,qID,Q2007-0,you,268125,268128,22,2488,16,M_4182,Other
4183,pdnc,qID,Q2008-0,You,268146,268149,15,2489,16,M_4183,Other
4184,booknlp,COREF,306,me,268173,268175,22,2489,16,M_4184,Other
4185,booknlp,COREF,306,he,268178,268180,22,2489,16,M_4185,Other
4186,booknlp,COREF,306,He,268187,268189,22,2489,16,M_4186,Other
4187,booknlp,COREF,306,himself,268197,268204,22,2489,16,M_4187,Other
4188,exp,exp_name,brett,Brett,268213,268218,6,2489,16,M_4188,PROPN
4189,booknlp,COREF,306,He,268257,268259,22,2489,16,M_4189,Other
4190,booknlp,COREF,306,he,268287,268289,22,2489,16,M_4190,Other
4191,booknlp,COREF,306,his,268306,268309,22,2489,16,M_4191,Other
4192,booknlp,COREF,306,his,268335,268338,22,2489,16,M_4192,Other
4193,pdnc,qID,Q2009-0,You,268347,268350,22,2490,16,M_4193,Other
4194,booknlp,COREF,306,I,268385,268386,22,2491,16,M_4194,Other
4195,booknlp,COREF,306,his,268425,268428,22,2492,16,M_4195,Other
4196,booknlp,COREF,306,him,268458,268461,22,2492,16,M_4196,Other
4197,booknlp,COREF,306,his,268484,268487,22,2492,16,M_4197,Other
4198,booknlp,COREF,306,his,268565,268568,22,2492,16,M_4198,Other
4199,booknlp,COREF,306,he,268587,268589,22,2492,16,M_4199,Other
4200,exp,exp_name,brett,Brett,268603,268608,6,2492,16,M_4200,PROPN
4201,booknlp,COREF,306,He,268610,268612,22,2492,16,M_4201,Other
4202,booknlp,COREF,306,He,268652,268654,22,2492,16,M_4202,Other
4203,exp,exp_name,brett,Brett,268678,268683,6,2492,16,M_4203,PROPN
4204,booknlp,COREF,306,him,268689,268692,22,2492,16,M_4204,Other
4205,booknlp,COREF,212,her,268693,268696,6,2492,16,M_4205,Other
4206,booknlp,COREF,306,He,268703,268705,22,2492,16,M_4206,Other
4207,booknlp,COREF,306,he,268738,268740,22,2492,16,M_4207,Other
4208,booknlp,COREF,306,he,268755,268757,22,2492,16,M_4208,Other
4209,pdnc,qID,Q2011-0,You,268794,268797,22,2493,16,M_4209,Other
4210,booknlp,COREF,306,he,268832,268834,22,2494,16,M_4210,Other
4211,pdnc,qID,Q2012-1,you,268882,268885,15,2494,16,M_4211,Other
4212,booknlp,COREF,306,He,268918,268920,22,2496,16,M_4212,Other
4213,booknlp,COREF,306,his,268927,268930,22,2496,16,M_4213,Other
4214,booknlp,COREF,306,he,268955,268957,22,2497,16,M_4214,Other
4215,booknlp,COREF,306,his,268965,268968,22,2497,16,M_4215,Other
4216,exp,exp_name,brett,Brett,268975,268980,6,2497,16,M_4216,PROPN
4217,booknlp,COREF,306,he,269030,269032,22,2498,16,M_4217,Other
4218,pdnc,qID,Q2015-1,you,269051,269054,6,2498,16,M_4218,Other
4219,pdnc,qID,Q2016-0,you,269087,269090,22,2499,16,M_4219,Other
4220,booknlp,COREF,306,I,269104,269105,22,2500,16,M_4220,Other
4221,booknlp,COREF,306,He,269116,269118,22,2500,16,M_4221,Other
4222,booknlp,COREF,306,his,269126,269129,22,2500,16,M_4222,Other
4223,booknlp,COREF,306,me,269160,269162,22,2500,16,M_4223,Other
4224,booknlp,COREF,306,I,269163,269164,22,2500,16,M_4224,Other
4225,booknlp,COREF,306,He,269206,269208,22,2501,16,M_4225,Other
4226,booknlp,COREF,306,he,269236,269238,22,2501,16,M_4226,Other
4227,booknlp,COREF,306,himself,269252,269259,22,2501,16,M_4227,Other
4228,booknlp,COREF,306,he,269269,269271,22,2501,16,M_4228,Other
4229,pdnc,qID,Q2019-1,you,269282,269285,6,2501,16,M_4229,Other
4230,booknlp,COREF,306,my,269303,269305,22,2501,16,M_4230,Other
4231,booknlp,COREF,306,He,269314,269316,22,2502,16,M_4231,Other
4232,booknlp,COREF,306,His,269326,269329,22,2502,16,M_4232,Other
4233,exp,exp_name,brett,Brett,269407,269412,6,2503,16,M_4233,PROPN
4234,booknlp,COREF,212,She,269419,269422,6,2503,16,M_4234,Other
4235,booknlp,COREF,212,She,269451,269454,6,2503,16,M_4235,Other
4236,exp,exp_name,romero,Romero,269479,269485,22,2504,16,M_4236,PROPN
4237,booknlp,COREF,306,he,269525,269527,22,2504,16,M_4237,Other
4238,booknlp,COREF,306,me,269557,269559,22,2504,16,M_4238,Other
4239,exp,exp_name,brett,Brett,269593,269598,6,2505,16,M_4239,PROPN
4240,booknlp,COREF,212,I,269606,269607,6,2505,16,M_4240,Other
4241,pdnc,qID,Q2024-1,he,269614,269616,22,2505,16,M_4241,Other
4242,booknlp,COREF,306,me,269651,269653,22,2506,16,M_4242,Other
4243,pdnc,qID,Q2025-0,your friend,269662,269673,15,2506,16,M_4243,Other
4244,booknlp,COREF,212,I,269678,269679,6,2507,16,M_4244,Other
4245,pdnc,qID,Q2026-0,you,269685,269688,22,2507,16,M_4245,Other
4246,booknlp,COREF,306,I,269712,269713,22,2508,16,M_4246,Other
4247,exp,exp_name,romero,Romero,269724,269730,22,2508,16,M_4247,PROPN
4248,booknlp,COREF,306,I,269738,269739,22,2508,16,M_4248,Other
4249,exp,exp_name,romero,Romero,269807,269813,22,2509,16,M_4249,PROPN
4250,booknlp,COREF,306,He,269822,269824,22,2509,16,M_4250,Other
4251,booknlp,COREF,306,his,269831,269834,22,2509,16,M_4251,Other
4252,booknlp,COREF,306,my,269876,269878,22,2510,16,M_4252,Other
4253,exp,exp_name,brett,Brett,269911,269916,6,2511,16,M_4253,PROPN
4254,pdnc,qID,Q2029-0,You,269920,269923,22,2512,16,M_4254,Other
4255,pdnc,qID,Q2029-0,your,269929,269933,22,2512,16,M_4255,Other
4256,booknlp,COREF,212,she,269944,269947,6,2512,16,M_4256,Other
4257,booknlp,COREF,306,he,269966,269968,22,2513,16,M_4257,Other
4258,booknlp,COREF,306,me,270019,270021,22,2513,16,M_4258,Other
4259,booknlp,COREF,306,He,270024,270026,22,2513,16,M_4259,Other
4260,booknlp,COREF,212,her,270037,270040,6,2513,16,M_4260,Other
4261,pdnc,qID,Q2031-0,You,270061,270064,22,2514,16,M_4261,Other
4262,booknlp,COREF,306,he,270093,270095,22,2515,16,M_4262,Other
4263,booknlp,COREF,306,I,270131,270132,22,2515,16,M_4263,Other
4264,exp,exp_name,brett,Brett,270226,270231,6,2516,16,M_4264,PROPN
4265,booknlp,COREF,306,He,270397,270399,22,2521,16,M_4265,Other
4266,booknlp,COREF,306,his,270419,270422,22,2521,16,M_4266,Other
4267,booknlp,COREF,306,his,270437,270440,22,2521,16,M_4267,Other
4268,booknlp,COREF,306,his,270471,270474,22,2521,16,M_4268,Other
4269,booknlp,COREF,306,his,270503,270506,22,2521,16,M_4269,Other
4270,booknlp,COREF,306,he,270535,270537,22,2522,16,M_4270,Other
4271,booknlp,COREF,306,He,270560,270562,22,2522,16,M_4271,Other
4272,booknlp,COREF,306,He,270612,270614,22,2522,16,M_4272,Other
4273,booknlp,COREF,306,his,270623,270626,22,2522,16,M_4273,Other
4274,booknlp,COREF,306,I,270652,270653,22,2522,16,M_4274,Other
4275,exp,exp_name,brett,Brett,270701,270706,6,2523,16,M_4275,PROPN
4276,booknlp,COREF,306,He,270742,270744,22,2527,16,M_4276,Other
4277,booknlp,COREF,212,I,270762,270763,6,2528,16,M_4277,Other
4278,exp,exp_name,brett,Brett,270793,270798,6,2528,16,M_4278,PROPN
4279,booknlp,COREF,306,I,270813,270814,22,2529,16,M_4279,Other
4280,pdnc,qID,Q2044-0,you,270822,270825,6,2529,16,M_4280,Other
4281,pdnc,qID,Q2045-0,you,270850,270853,22,2530,16,M_4281,Other
4282,booknlp,COREF,306,I,270861,270862,22,2531,16,M_4282,Other
4283,booknlp,COREF,306,I,270869,270870,22,2531,16,M_4283,Other
4284,pdnc,qID,Q2046-0,you,270878,270881,6,2531,16,M_4284,Other
4285,exp,exp_name,romero,Romero,270910,270916,22,2532,16,M_4285,PROPN
4286,booknlp,COREF,306,He,271004,271006,22,2534,16,M_4286,Other
4287,exp,exp_name,brett,Brett,271113,271118,6,2535,16,M_4287,PROPN
4288,booknlp,COREF,306,him,271127,271130,22,2535,16,M_4288,Other
4289,pdnc,qID,Q2048-1,You,271133,271136,22,2535,16,M_4289,Other
4290,booknlp,COREF,212,me,271148,271150,6,2535,16,M_4290,Other
4291,booknlp,COREF,306,He,271162,271164,22,2536,16,M_4291,Other
4292,exp,exp_name,brett,Brett,271368,271373,6,2536,16,M_4292,PROPN
4293,exp,exp_name,pedro romero,Pedro Romero,271378,271390,22,2536,16,M_4293,PROPN
4294,exp,exp_name,a waiter,A waiter,271475,271483,2,2536,16,M_4294,PROPN
4295,booknlp,COREF,240,Bill,271669,271673,5,2538,17,M_4295,Other
4296,booknlp,COREF,219,Mike,271678,271682,19,2538,17,M_4296,PROPN
4297,exp,exp_name,edna,Edna,271687,271691,8,2538,17,M_4297,PROPN
4298,exp,exp_name,edna,Edna,271693,271697,8,2538,17,M_4298,PROPN
4299,exp,exp_name,edna,Edna,271745,271749,8,2539,17,M_4299,PROPN
4300,booknlp,COREF,219,Mike,271779,271783,19,2540,17,M_4300,PROPN
4301,booknlp,COREF,219,me,271831,271833,19,2540,17,M_4301,Other
4302,booknlp,COREF,321,I,271838,271839,8,2541,17,M_4302,Other
4303,exp,exp_name,edna,Edna,271874,271878,8,2541,17,M_4303,PROPN
4304,pdnc,qID,Q2051-1,You,271886,271889,15,2541,17,M_4304,Other
4305,booknlp,COREF,321,me,271905,271907,8,2541,17,M_4305,Other
4306,booknlp,COREF,240,Bill,271911,271915,5,2542,17,M_4306,Other
4307,pdnc,qID,Q2052-0,Edna,271948,271952,8,2543,17,M_4307,PROPN
4308,booknlp,COREF,240,he,271955,271957,5,2543,17,M_4308,Other
4309,pdnc,qID,Q2052-1,Mike,271995,271999,19,2543,17,M_4309,PROPN
4310,exp,exp_name,edna,Edna,272017,272021,8,2544,17,M_4310,PROPN
4311,booknlp,COREF,240,Bill,272086,272090,5,2545,17,M_4311,Other
4312,booknlp,COREF,219,Mike,272109,272113,19,2546,17,M_4312,PROPN
4313,pdnc,qID,Q2056-0,Good old Mike,272178,272191,19,2547,17,M_4313,Other
4314,booknlp,COREF,240,Bill,272194,272198,5,2547,17,M_4314,Other
4315,booknlp,COREF,219,Mike,272248,272252,19,2547,17,M_4315,PROPN
4316,booknlp,COREF,219,Mike,272306,272310,19,2548,17,M_4316,PROPN
4317,booknlp,COREF,219,I,272318,272319,19,2548,17,M_4317,Other
4318,pdnc,qID,Q2058-0,Mike,272359,272363,19,2549,17,M_4318,PROPN
4319,booknlp,COREF,240,Bill,272366,272370,5,2549,17,M_4319,Other
4320,pdnc,qID,Q2058-1,Mike ,272378,272383,19,2549,17,M_4320,PROPN
4321,pdnc,qID,Q2058-1,Mike,272420,272424,19,2549,17,M_4321,PROPN
4322,booknlp,COREF,219,I,272426,272427,19,2549,17,M_4322,Other
4323,pdnc,qID,Q2058-1,he,272457,272459,19,2549,17,M_4323,Other
4324,booknlp,COREF,219,His,272481,272484,19,2549,17,M_4324,Other
4325,booknlp,COREF,219,Mike,272512,272516,19,2550,17,M_4325,PROPN
4326,booknlp,COREF,219,I,272524,272525,19,2550,17,M_4326,Other
4327,pdnc,qID,Q2059-1,Jake ,272538,272543,15,2550,17,M_4327,PROPN
4328,pdnc,qID,Q2059-1,you,272561,272564,8,2550,17,M_4328,Other
4329,exp,exp_name,edna,Edna,272580,272584,8,2551,17,M_4329,PROPN
4330,pdnc,qID,Q2060-1,you,272596,272599,19,2551,17,M_4330,Other
4331,booknlp,COREF,240,I,272625,272626,5,2552,17,M_4331,Other
4332,pdnc,qID,Q2061-0,You,272631,272634,5,2552,17,M_4332,Other
4333,pdnc,qID,Q2061-0,you,272650,272653,5,2552,17,M_4333,Other
4334,pdnc,qID,Q2061-0,Bill,272655,272659,5,2552,17,M_4334,Other
4335,booknlp,COREF,240,Bill,272663,272667,5,2553,17,M_4335,Other
4336,booknlp,COREF,240,his,272672,272675,5,2553,17,M_4336,Other
4337,booknlp,COREF,219,Mike,272687,272691,19,2553,17,M_4337,PROPN
4338,booknlp,COREF,240,I,272706,272707,5,2554,17,M_4338,Other
4339,booknlp,COREF,240,I,272721,272722,5,2554,17,M_4339,Other
4340,booknlp,COREF,240,I,272739,272740,5,2554,17,M_4340,Other
4341,booknlp,COREF,219,Mike,272790,272794,19,2555,17,M_4341,PROPN
4342,booknlp,COREF,240,Bill,272875,272879,5,2556,17,M_4342,Other
4343,booknlp,COREF,240,I,272887,272888,5,2556,17,M_4343,Other
4344,pdnc,qID,Q2065-0,Bill,272919,272923,5,2557,17,M_4344,Other
4345,exp,exp_name,edna,Edna,272926,272930,8,2557,17,M_4345,PROPN
4346,pdnc,qID,Q2065-1,Bill,272972,272976,5,2557,17,M_4346,Other
4347,booknlp,COREF,219,Mike,273017,273021,19,2558,17,M_4347,PROPN
4348,booknlp,COREF,219,I,273040,273041,19,2558,17,M_4348,Other
4349,pdnc,qID,Q2067-0,Mike,273110,273114,19,2559,17,M_4349,PROPN
4350,booknlp,COREF,240,Bill,273117,273121,5,2559,17,M_4350,Other
4351,pdnc,qID,Q2068-0,you,273133,273136,19,2560,17,M_4351,Other
4352,booknlp,COREF,219,Mike,273157,273161,19,2560,17,M_4352,PROPN
4353,booknlp,COREF,219,I,273169,273170,19,2561,17,M_4353,Other
4354,booknlp,COREF,219,me,273206,273208,19,2561,17,M_4354,Other
4355,booknlp,COREF,240,I,273213,273214,5,2562,17,M_4355,Other
4356,booknlp,COREF,240,Bill,273232,273236,5,2562,17,M_4356,Other
4357,pdnc,qID,Q2072-0,Edna,273312,273316,8,2564,17,M_4357,PROPN
4358,booknlp,COREF,240,Bill,273343,273347,5,2564,17,M_4358,Other
4359,exp,exp_name,edna,Edna,273380,273384,8,2565,17,M_4359,PROPN
4360,booknlp,COREF,240,Bill,273440,273444,5,2566,17,M_4360,Other
4361,booknlp,COREF,219,I,273453,273454,19,2567,17,M_4361,Other
4362,booknlp,COREF,219,Mike,273478,273482,19,2567,17,M_4362,PROPN
4363,exp,exp_name,edna,Edna,273490,273494,8,2568,17,M_4363,PROPN
4364,booknlp,COREF,321,me,273539,273541,8,2569,17,M_4364,Other
4365,booknlp,COREF,321,she,273559,273562,8,2569,17,M_4365,Other
4366,exp,exp_name,edna,Edna,273624,273628,8,2570,17,M_4366,PROPN
4367,booknlp,COREF,240,Bill,273678,273682,5,2570,17,M_4367,Other
4368,pdnc,qID,Q2078-0,Mike ,273766,273771,19,2571,17,M_4368,PROPN
4369,pdnc,qID,Q2078-0,Mike ,273831,273836,19,2571,17,M_4369,PROPN
4370,pdnc,qID,Q2078-0,Mike,273870,273874,19,2571,17,M_4370,PROPN
4371,pdnc,qID,Q2079-0,he,273888,273890,19,2572,17,M_4371,Other
4372,exp,exp_name,robert cohn,Robert Cohn,274397,274408,23,2574,17,M_4372,PROPN
4373,pdnc,qID,Q2080-0,Brett,274428,274433,6,2575,17,M_4373,PROPN
4374,pdnc,qID,Q2082-0,She,274465,274468,6,2577,17,M_4374,Other
4375,pdnc,qID,Q2082-0,you,274478,274481,15,2577,17,M_4375,Other
4376,pdnc,qID,Q2083-0,She,274486,274489,6,2578,17,M_4376,Other
4377,pdnc,qID,Q2084-0,She,274516,274519,6,2579,17,M_4377,Other
4378,pdnc,qID,Q2085-0,she,274549,274552,6,2580,17,M_4378,Other
4379,pdnc,qID,Q2086-0,she,274632,274635,6,2582,17,M_4379,Other
4380,pdnc,qID,Q2087-1,she,274682,274685,6,2583,17,M_4380,Other
4381,pdnc,qID,Q2088-0,you,274702,274705,15,2584,17,M_4381,Other
4382,pdnc,qID,Q2089-0,You,274716,274719,23,2585,17,M_4382,Other
4383,pdnc,qID,Q2089-0,your,274729,274733,23,2585,17,M_4383,Other
4384,pdnc,qID,Q2090-0,Brett ,274757,274763,6,2586,17,M_4384,PROPN
4385,pdnc,qID,Q2091-0,you,274784,274787,23,2587,17,M_4385,Other
4386,pdnc,qID,Q2092-0,You,274805,274808,15,2588,17,M_4386,Other
4387,pdnc,qID,Q2092-0,she,274820,274823,6,2588,17,M_4387,Other
4388,pdnc,qID,Q2093-0,you,274856,274859,23,2589,17,M_4388,Other
4389,pdnc,qID,Q2094-0,Cohn,274880,274884,23,2590,17,M_4389,Other
4390,booknlp,COREF,219,Mike,274887,274891,19,2590,17,M_4390,PROPN
4391,pdnc,qID,Q2094-1,Brett,274916,274921,6,2590,17,M_4391,PROPN
4392,pdnc,qID,Q2094-1,the bull-fighter chap,274938,274959,22,2590,17,M_4392,Other
4393,booknlp,COREF,219,Mike,275025,275029,19,2592,17,M_4393,PROPN
4394,pdnc,qID,Q2097-0,she,275062,275065,6,2593,17,M_4394,Other
4395,exp,exp_name,cohn,Cohn,275071,275075,23,2593,17,M_4395,PROPN
4396,pdnc,qID,Q2099-0,She,275107,275110,6,2595,17,M_4396,Other
4397,pdnc,qID,Q2099-0,you,275120,275123,15,2595,17,M_4397,Other
4398,pdnc,qID,Q2099-0,she,275139,275142,6,2595,17,M_4398,Other
4399,pdnc,qID,Q2101-0,you,275175,275178,15,2597,17,M_4399,Other
4400,pdnc,qID,Q2101-1,you damned pimp,275210,275225,15,2597,17,M_4400,Other
4401,booknlp,COREF,219,Mike,275530,275534,19,2598,17,M_4401,PROPN
4402,booknlp,COREF,219,Mike,275595,275599,19,2598,17,M_4402,PROPN
4403,booknlp,COREF,219,Mike,275660,275664,19,2598,17,M_4403,PROPN
4404,booknlp,COREF,219,I,275691,275692,19,2599,17,M_4404,Other
4405,pdnc,qID,Q2102-0,you,275698,275701,15,2599,17,M_4405,Other
4406,booknlp,COREF,219,Mike,275714,275718,19,2599,17,M_4406,PROPN
4407,pdnc,qID,Q2103-0,you,275747,275750,19,2600,17,M_4407,Other
4408,booknlp,COREF,219,I,275759,275760,19,2601,17,M_4408,Other
4409,pdnc,qID,Q2105-0,You,275776,275779,19,2602,17,M_4409,Other
4410,pdnc,qID,Q2106-0,He,275809,275811,23,2603,17,M_4410,Other
4411,pdnc,qID,Q2106-0,Mike ,275820,275825,19,2603,17,M_4411,PROPN
4412,exp,exp_name,edna,Edna,275837,275841,8,2603,17,M_4412,PROPN
4413,pdnc,qID,Q2107-0,He,275850,275852,23,2604,17,M_4413,Other
4414,booknlp,COREF,219,me,275866,275868,19,2604,17,M_4414,Other
4415,booknlp,COREF,219,Mike,275875,275879,19,2604,17,M_4415,PROPN
4416,booknlp,COREF,219,I,275887,275888,19,2604,17,M_4416,Other
4417,pdnc,qID,Q2108-0,your,275940,275944,15,2605,17,M_4417,Other
4418,exp,exp_name,edna,Edna,275955,275959,8,2605,17,M_4418,PROPN
4419,pdnc,qID,Q2108-1,Mr. Cohn,275980,275988,23,2605,17,M_4419,PROPN
4420,booknlp,COREF,219,Mike,276127,276131,19,2608,17,M_4420,PROPN
4421,exp,exp_name,edna,Edna,276222,276226,8,2610,17,M_4421,PROPN
4422,pdnc,qID,Q2111-1,He,276234,276236,23,2610,17,M_4422,Other
4423,pdnc,qID,Q2112-0,He,276257,276259,23,2611,17,M_4423,Other
4424,booknlp,COREF,321,I,276267,276268,8,2612,17,M_4424,Other
4425,pdnc,qID,Q2113-0,Bill,276274,276278,5,2612,17,M_4425,Other
4426,exp,exp_name,edna,Edna,276295,276299,8,2612,17,M_4426,PROPN
4427,booknlp,COREF,321,I,276307,276308,8,2612,17,M_4427,Other
4428,pdnc,qID,Q2113-1,Bill,276329,276333,5,2612,17,M_4428,Other
4429,booknlp,COREF,321,I,276353,276354,8,2612,17,M_4429,Other
4430,pdnc,qID,Q2113-1,Bill ,276379,276384,5,2612,17,M_4430,PROPN
4431,pdnc,qID,Q2113-1,He,276398,276400,5,2612,17,M_4431,Other
4432,booknlp,COREF,219,I,276414,276415,19,2613,17,M_4432,Other
4433,pdnc,qID,Q2114-0,he,276427,276429,23,2613,17,M_4433,Other
4434,exp,exp_name,a waiter,a waiter,276447,276455,2,2613,17,M_4434,PROPN
4435,booknlp,COREF,219,Mike,276458,276462,19,2613,17,M_4435,PROPN
4436,booknlp,COREF,219,I,276488,276489,19,2613,17,M_4436,Other
4437,pdnc,qID,Q2114-1,Mr. Robert Cohn,276504,276519,23,2613,17,M_4437,PROPN
4438,exp,exp_name,edna,Edna,276561,276565,8,2615,17,M_4438,PROPN
4439,pdnc,qID,Q2116-1,You,276568,276571,19,2615,17,M_4439,Other
4440,booknlp,COREF,219,I,276592,276593,19,2616,17,M_4440,Other
4441,booknlp,COREF,219,Mike,276607,276611,19,2616,17,M_4441,PROPN
4442,booknlp,COREF,219,I,276619,276620,19,2616,17,M_4442,Other
4443,booknlp,COREF,219,I,276673,276674,19,2616,17,M_4443,Other
4444,booknlp,COREF,219,Mike,276701,276705,19,2617,17,M_4444,PROPN
4445,booknlp,COREF,321,I,276722,276723,8,2618,17,M_4445,Other
4446,pdnc,qID,Q2118-0,you,276745,276748,8,2618,17,M_4446,Other
4447,pdnc,qID,Q2118-0,you,276809,276812,8,2618,17,M_4447,Other
4448,pdnc,qID,Q2118-0,you,276821,276824,15,2618,17,M_4448,Other
4449,pdnc,qID,Q2118-0,Jake,276831,276835,15,2618,17,M_4449,Other
4450,pdnc,qID,Q2120-0,You,276854,276857,19,2620,17,M_4450,Other
4451,exp,exp_name,edna,Edna,276868,276872,8,2620,17,M_4451,PROPN
4452,booknlp,COREF,219,Mike,276881,276885,19,2620,17,M_4452,PROPN
4453,pdnc,qID,Q2120-1,you,276892,276895,19,2620,17,M_4453,Other
4454,booknlp,COREF,219,I,276918,276919,19,2621,17,M_4454,Other
4455,booknlp,COREF,219,Mike,276946,276950,19,2621,17,M_4455,PROPN
4456,booknlp,COREF,219,I,276958,276959,19,2621,17,M_4456,Other
4457,pdnc,qID,Q2121-1,you,276990,276993,8,2621,17,M_4457,Other
4458,booknlp,COREF,219,I,277021,277022,19,2623,17,M_4458,Other
4459,booknlp,COREF,219,Mike,277045,277049,19,2623,17,M_4459,PROPN
4460,booknlp,COREF,219,I,277057,277058,19,2623,17,M_4460,Other
4461,pdnc,qID,Q2123-1,Montoya ,277091,277099,20,2623,17,M_4461,PROPN
4462,pdnc,qID,Q2124-0,you,277121,277124,19,2624,17,M_4462,Other
4463,booknlp,COREF,219,I,277141,277142,19,2625,17,M_4463,Other
4464,booknlp,COREF,219,Mike,277160,277164,19,2625,17,M_4464,PROPN
4465,booknlp,COREF,219,I,277172,277173,19,2625,17,M_4465,Other
4466,pdnc,qID,Q2126-0,you,277216,277219,19,2626,17,M_4466,Other
4467,exp,exp_name,edna,Edna,277246,277250,8,2626,17,M_4467,PROPN
4468,pdnc,qID,Q2128-0,he,277432,277434,15,2629,17,M_4468,Other
4469,exp,exp_name,edna,Edna,277447,277451,8,2629,17,M_4469,PROPN
4470,pdnc,qID,Q2129-0,him,277483,277486,15,2630,17,M_4470,Other
4471,exp,exp_name,a waiter,a waiter,277672,277680,2,2632,17,M_4471,PROPN
4472,booknlp,COREF,557,his,277715,277718,2,2632,17,M_4472,Other
4473,booknlp,COREF,557,his,277727,277730,2,2632,17,M_4473,Other
4474,booknlp,COREF,240,Bill,278716,278720,5,2633,17,M_4474,Other
4475,booknlp,COREF,240,he,278762,278764,5,2634,17,M_4475,Other
4476,pdnc,qID,Q2131-1,Cohn,278786,278790,23,2634,17,M_4476,Other
4477,pdnc,qID,Q2131-1,He,278792,278794,23,2634,17,M_4477,Other
4478,pdnc,qID,Q2131-1,he,278816,278818,23,2634,17,M_4478,Other
4479,pdnc,qID,Q2131-1,you,278832,278835,15,2634,17,M_4479,Other
4480,pdnc,qID,Q2132-0,him,278854,278857,23,2635,17,M_4480,Other
4481,pdnc,qID,Q2133-0,him,278886,278889,23,2636,17,M_4481,Other
4482,booknlp,COREF,240,me,278969,278971,5,2638,17,M_4482,Other
4483,pdnc,qID,Q2135-0,you,279008,279011,15,2639,17,M_4483,Other
4484,pdnc,qID,Q2135-0,Cohn,279030,279034,23,2639,17,M_4484,Other
4485,pdnc,qID,Q2135-0,He,279036,279038,23,2639,17,M_4485,Other
4486,booknlp,COREF,240,I,279104,279105,5,2641,17,M_4486,Other
4487,booknlp,COREF,240,Bill,279120,279124,5,2641,17,M_4487,Other
4488,pdnc,qID,Q2137-1,you,279136,279139,15,2641,17,M_4488,Other
4489,pdnc,qID,Q2137-1,Cohn,279154,279158,23,2641,17,M_4489,Other
4490,pdnc,qID,Q2137-1,He,279160,279162,23,2641,17,M_4490,Other
4491,pdnc,qID,Q2137-1,you,279176,279179,15,2641,17,M_4491,Other
4492,exp,exp_name,cohn,Cohn,279330,279334,23,2642,17,M_4492,PROPN
4493,pdnc,qID,Q2140-0,Barnes,279392,279398,15,2644,17,M_4493,Other
4494,pdnc,qID,Q2141-0,Jake,279412,279416,15,2645,17,M_4494,Other
4495,exp,exp_name,cohn,Cohn,279509,279513,23,2646,17,M_4495,PROPN
4496,pdnc,qID,Q2142-0,Jake,279569,279573,15,2647,17,M_4496,Other
4497,pdnc,qID,Q2143-0,Jake,279592,279596,15,2648,17,M_4497,Other
4498,exp,exp_name,cohn,Cohn,279771,279775,23,2651,17,M_4498,PROPN
4499,pdnc,qID,Q2145-0,Jake,279908,279912,15,2652,17,M_4499,Other
4500,pdnc,qID,Q2146-0,you,279944,279947,23,2653,17,M_4500,Other
4501,pdnc,qID,Q2147-0,Jake,279977,279981,15,2654,17,M_4501,Other
4502,pdnc,qID,Q2148-0,You,280051,280054,15,2656,17,M_4502,Other
4503,pdnc,qID,Q2150-0,Brett,280130,280135,6,2658,17,M_4503,PROPN
4504,pdnc,qID,Q2151-0,You,280140,280143,23,2659,17,M_4504,Other
4505,pdnc,qID,Q2155-0,Brett,280524,280529,6,2666,17,M_4505,PROPN
4506,pdnc,qID,Q2155-0,Jake,280555,280559,15,2666,17,M_4506,Other
4507,pdnc,qID,Q2155-0,her,280595,280598,6,2666,17,M_4507,Other
4508,pdnc,qID,Q2155-0,Brett ,280609,280615,6,2666,17,M_4508,PROPN
4509,pdnc,qID,Q2155-0,you,280735,280738,15,2666,17,M_4509,Other
4510,pdnc,qID,Q2157-0,You,280849,280852,15,2669,17,M_4510,Other
4511,pdnc,qID,Q2157-0,Brett ,280893,280899,6,2669,17,M_4511,PROPN
4512,pdnc,qID,Q2161-0,you,281037,281040,15,2673,17,M_4512,Other
4513,pdnc,qID,Q2161-0,Jake,281053,281057,15,2673,17,M_4513,Other
4514,pdnc,qID,Q2163-0,Jake,281146,281150,15,2675,17,M_4514,Other
4515,pdnc,qID,Q2165-0,Jake,281307,281311,15,2678,17,M_4515,Other
4516,pdnc,qID,Q2165-1,You,281324,281327,15,2678,17,M_4516,Other
4517,pdnc,qID,Q2165-1,you,281350,281353,15,2678,17,M_4517,Other
4518,pdnc,qID,Q2167-1,you,281461,281464,23,2681,17,M_4518,Other
4519,exp,exp_name,cohn,Cohn,281549,281553,23,2684,17,M_4519,PROPN
4520,pdnc,qID,Q2170-0,you,281598,281601,15,2685,17,M_4520,Other
4521,pdnc,qID,Q2170-0,Jake,281613,281617,15,2685,17,M_4521,Other
4522,booknlp,COREF,240,Bill,282191,282195,5,2689,17,M_4522,Other
4523,exp,exp_name,edna,Edna,282205,282209,8,2689,17,M_4523,PROPN
4524,exp,exp_name,the waiter,The waiter,282588,282598,37,2689,17,M_4524,PROPN
4525,booknlp,COREF,240,Bill,282721,282725,5,2692,17,M_4525,Other
4526,booknlp,COREF,219,Mike,282730,282734,19,2692,17,M_4526,PROPN
4527,exp,exp_name,edna,Edna,282745,282749,8,2692,17,M_4527,PROPN
4528,booknlp,COREF,321,She,282751,282754,8,2692,17,M_4528,Other
4529,booknlp,COREF,321,her,282841,282844,8,2692,17,M_4529,Other
4530,exp,exp_name,the man,the man,284566,284573,33,2693,17,M_4530,PROPN
4531,booknlp,COREF,702,his,284589,284592,33,2693,17,M_4531,Other
4532,booknlp,COREF,702,his,284600,284603,33,2693,17,M_4532,Other
4533,booknlp,COREF,702,him,284660,284663,33,2693,17,M_4533,Other
4534,booknlp,COREF,702,him,284681,284684,33,2693,17,M_4534,Other
4535,exp,exp_name,the man,the man,284736,284743,33,2693,17,M_4535,PROPN
4536,exp,exp_name,the man,The man,285018,285025,33,2694,17,M_4536,PROPN
4537,exp,exp_name,the man,the man,285131,285138,33,2694,17,M_4537,PROPN
4538,booknlp,COREF,702,him,285177,285180,33,2694,17,M_4538,Other
4539,exp,exp_name,the waiter,The waiter,285945,285955,37,2699,17,M_4539,PROPN
4540,booknlp,COREF,447,his,285963,285966,37,2699,17,M_4540,Other
4541,booknlp,COREF,447,his,286013,286016,37,2699,17,M_4541,Other
4542,booknlp,COREF,447,he,286041,286043,37,2700,17,M_4542,Other
4543,booknlp,COREF,447,He,286086,286088,37,2701,17,M_4543,Other
4544,booknlp,COREF,447,He,286157,286159,37,2701,17,M_4544,Other
4545,exp,exp_name,the waiter,The waiter,286252,286262,37,2701,17,M_4545,PROPN
4546,booknlp,COREF,447,his,286270,286273,37,2701,17,M_4546,Other
4547,booknlp,COREF,447,he,286314,286316,37,2702,17,M_4547,Other
4548,booknlp,COREF,447,He,286323,286325,37,2702,17,M_4548,Other
4549,pdnc,qID,Q2177-3,you,286451,286454,15,2702,17,M_4549,Other
4550,booknlp,COREF,447,I,286473,286474,37,2703,17,M_4550,Other
4551,pdnc,qID,Q2179-0,you,286519,286522,15,2704,17,M_4551,Other
4552,pdnc,qID,Q2180-0,You,286538,286541,37,2705,17,M_4552,Other
4553,booknlp,COREF,447,Me,286567,286569,37,2706,17,M_4553,Other
4554,booknlp,COREF,447,He,286612,286614,37,2706,17,M_4554,Other
4555,booknlp,COREF,447,his,286632,286635,37,2706,17,M_4555,Other
4556,booknlp,COREF,447,his,286657,286660,37,2706,17,M_4556,Other
4557,pdnc,qID,Q2182-0,you,286735,286738,15,2706,17,M_4557,Other
4558,booknlp,COREF,447,He,286753,286755,37,2707,17,M_4558,Other
4559,booknlp,COREF,447,his,286762,286765,37,2707,17,M_4559,Other
4560,exp,exp_name,the waiter,The waiter,286851,286861,37,2707,17,M_4560,PROPN
4561,exp,exp_name,the waiter,The waiter,286946,286956,37,2708,17,M_4561,PROPN
4562,booknlp,COREF,447,his,286964,286967,37,2708,17,M_4562,Other
4563,exp,exp_name,the waiter,The waiter,287021,287031,37,2708,17,M_4563,PROPN
4564,pdnc,qID,Q2183-0,You,287057,287060,15,2709,17,M_4564,Other
4565,booknlp,COREF,447,me,287179,287181,37,2711,17,M_4565,Other
4566,exp,exp_name,the waiter,the waiter,287184,287194,37,2711,17,M_4566,PROPN
4567,booknlp,COREF,447,me,287221,287223,37,2711,17,M_4567,Other
4568,exp,exp_name,the man,the man,287260,287267,33,2712,17,M_4568,PROPN
4569,exp,exp_name,the wife,the wife,287869,287877,38,2712,17,M_4569,PROPN
4570,exp,exp_name,pedro romero,Pedro Romero,288563,288575,22,2713,17,M_4570,PROPN
4571,booknlp,COREF,306,His,288618,288621,22,2713,17,M_4571,Other
4572,exp,exp_name,pedro romero,Pedro Romero,288670,288682,22,2713,17,M_4572,PROPN
4573,exp,exp_name,brett,Brett,288709,288714,6,2713,17,M_4573,PROPN
4574,booknlp,COREF,212,her,288919,288922,6,2713,17,M_4574,Other
4575,exp,exp_name,montoya,Montoya,288940,288947,20,2713,17,M_4575,PROPN
4576,exp,exp_name,cohn,Cohn,289677,289681,23,2715,17,M_4576,PROPN
4577,exp,exp_name,brett,Brett,289783,289788,6,2715,17,M_4577,PROPN
4578,booknlp,COREF,240,Bill,289905,289909,5,2717,17,M_4578,Other
4579,booknlp,COREF,219,Mike,289914,289918,19,2717,17,M_4579,PROPN
4580,booknlp,COREF,240,Bill,289964,289968,5,2718,17,M_4580,Other
4581,booknlp,COREF,219,I,289994,289995,19,2719,17,M_4581,Other
4582,booknlp,COREF,240,you,290009,290012,5,2719,17,M_4582,Other
4583,booknlp,COREF,219,Mike,290021,290025,19,2719,17,M_4583,PROPN
4584,pdnc,qID,Q2188-1,Bill,290054,290058,5,2719,17,M_4584,Other
4585,booknlp,COREF,240,Bill,290080,290084,5,2720,17,M_4585,Other
4586,booknlp,COREF,240,He,290091,290093,5,2720,17,M_4586,Other
4587,booknlp,COREF,240,his,290105,290108,5,2720,17,M_4587,Other
4588,pdnc,qID,Q2189-1,old Jake,290151,290159,15,2720,17,M_4588,Other
4589,pdnc,qID,Q2189-1,Old Jake,290161,290169,15,2720,17,M_4589,PROPN
4590,booknlp,COREF,240,Bill,290234,290238,5,2722,17,M_4590,Other
4591,pdnc,qID,Q2191-1,Mike,290261,290265,19,2722,17,M_4591,PROPN
4592,booknlp,COREF,219,Mike,290305,290309,19,2723,17,M_4592,PROPN
4593,booknlp,COREF,240,Bill,290460,290464,5,2724,17,M_4593,Other
4594,booknlp,COREF,219,I,290473,290474,19,2725,17,M_4594,Other
4595,pdnc,qID,Q2195-0,Edna,290504,290508,8,2726,17,M_4595,PROPN
4596,booknlp,COREF,240,Bill,290511,290515,5,2726,17,M_4596,Other
4597,booknlp,COREF,219,Mike,290684,290688,19,2729,17,M_4597,PROPN
4598,booknlp,COREF,240,Bill,290714,290718,5,2730,17,M_4598,Other
4599,booknlp,COREF,219,Mike,290857,290861,19,2731,17,M_4599,PROPN
4600,booknlp,COREF,219,Mike,290939,290943,19,2733,17,M_4600,PROPN
4601,booknlp,COREF,240,Bill,290973,290977,5,2734,17,M_4601,Other
4602,pdnc,qID,Q2203-1,You,290985,290988,19,2734,17,M_4602,Other
4603,booknlp,COREF,240,me,291041,291043,5,2734,17,M_4603,Other
4604,booknlp,COREF,219,Mike,291068,291072,19,2735,17,M_4604,PROPN
4605,pdnc,qID,Q2205-0,you,291091,291094,19,2736,17,M_4605,Other
4606,pdnc,qID,Q2205-0,the lovely Edna,291103,291118,8,2736,17,M_4606,Other
4607,pdnc,qID,Q2206-0,her,291131,291134,8,2737,17,M_4607,Other
4608,pdnc,qID,Q2206-0,She,291150,291153,8,2737,17,M_4608,Other
4609,pdnc,qID,Q2207-0,she,291180,291183,8,2738,17,M_4609,Other
4610,pdnc,qID,Q2208-0,her,291210,291213,8,2739,17,M_4610,Other
4611,pdnc,qID,Q2209-0,She,291254,291257,8,2740,17,M_4611,Other
4612,booknlp,COREF,219,Mike,291274,291278,19,2740,17,M_4612,PROPN
4613,pdnc,qID,Q2210-0,She,291287,291290,8,2741,17,M_4613,Other
4614,booknlp,COREF,240,Bill,291331,291335,5,2741,17,M_4614,Other
4615,pdnc,qID,Q2210-1,She,291343,291346,8,2741,17,M_4615,Other
4616,booknlp,COREF,219,I,291364,291365,19,2742,17,M_4616,Other
4617,booknlp,COREF,219,my,291394,291396,19,2742,17,M_4617,Other
4618,booknlp,COREF,219,Mike,291409,291413,19,2742,17,M_4618,PROPN
4619,booknlp,COREF,240,Bill,291439,291443,5,2743,17,M_4619,Other
4620,pdnc,qID,Q2213-0,your,291478,291482,15,2744,17,M_4620,Other
4621,pdnc,qID,Q2213-0,Jake,291488,291492,15,2744,17,M_4621,Other
4622,booknlp,COREF,219,Mike,291495,291499,19,2744,17,M_4622,PROPN
4623,booknlp,COREF,240,Bill,291525,291529,5,2746,17,M_4623,Other
4624,pdnc,qID,Q2215-0,you,291552,291555,15,2747,17,M_4624,Other
4625,pdnc,qID,Q2215-0,him,291560,291563,23,2747,17,M_4625,Other
4626,pdnc,qID,Q2216-0,You,291581,291584,5,2748,17,M_4626,Other
4627,booknlp,COREF,219,Mike,291596,291600,19,2748,17,M_4627,PROPN
4628,pdnc,qID,Q2216-1,He,291608,291610,23,2748,17,M_4628,Other
4629,pdnc,qID,Q2216-1,you,291626,291629,5,2748,17,M_4629,Other
4630,booknlp,COREF,219,I,291640,291641,19,2748,17,M_4630,Other
4631,pdnc,qID,Q2216-1,him,291652,291655,23,2748,17,M_4631,Other
4632,booknlp,COREF,219,me,291660,291662,19,2748,17,M_4632,Other
4633,booknlp,COREF,219,I,291664,291665,19,2748,17,M_4633,Other
4634,booknlp,COREF,219,I,291679,291680,19,2748,17,M_4634,Other
4635,pdnc,qID,Q2216-1,him,291685,291688,23,2748,17,M_4635,Other
4636,booknlp,COREF,219,I,291726,291727,19,2748,17,M_4636,Other
4637,pdnc,qID,Q2216-1,Jake ,291764,291769,15,2748,17,M_4637,PROPN
4638,pdnc,qID,Q2217-0,he,291807,291809,23,2749,17,M_4638,Other
4639,pdnc,qID,Q2218-0,she,291841,291844,45,2750,17,M_4639,Other
4640,booknlp,COREF,219,Mike,291850,291854,19,2750,17,M_4640,PROPN
4641,pdnc,qID,Q2218-1,the beautiful lady with the beer,291869,291901,45,2750,17,M_4641,Other
4642,exp,exp_name,the chambermaid,The chambermaid,291905,291920,45,2751,17,M_4642,PROPN
4643,booknlp,COREF,219,Mike,292023,292027,19,2752,17,M_4643,PROPN
4644,pdnc,qID,Q2219-0,Cohn ,292046,292051,23,2753,17,M_4644,PROPN
4645,pdnc,qID,Q2219-0,he,292060,292062,23,2753,17,M_4645,Other
4646,booknlp,COREF,240,Bill,292080,292084,5,2753,17,M_4646,Other
4647,pdnc,qID,Q2220-0,you,292094,292097,15,2754,17,M_4647,Other
4648,booknlp,COREF,219,Mike,292116,292120,19,2754,17,M_4648,PROPN
4649,booknlp,COREF,219,He,292148,292150,19,2754,17,M_4649,Other
4650,booknlp,COREF,240,Bill,292242,292246,5,2755,17,M_4650,Other
4651,pdnc,qID,Q2222-0,he,292260,292262,23,2756,17,M_4651,Other
4652,exp,exp_name,brett,Brett,292281,292286,6,2756,17,M_4652,PROPN
4653,pdnc,qID,Q2222-0,the bull-fighter chap,292291,292312,22,2756,17,M_4653,Other
4654,pdnc,qID,Q2222-0,the bull-fighter's room,292316,292339,22,2756,17,M_4654,Other
4655,pdnc,qID,Q2222-0,he,292350,292352,23,2756,17,M_4655,Other
4656,pdnc,qID,Q2222-0,"the poor, bloody bull-fighter",292363,292392,22,2756,17,M_4656,Other
4657,booknlp,COREF,240,Bill,292427,292431,5,2759,17,M_4657,Other
4658,pdnc,qID,Q2226-0,He,292440,292442,23,2760,17,M_4658,Other
4659,pdnc,qID,Q2226-0,"the poor, bloody bull-fighter",292457,292486,22,2760,17,M_4659,Other
4660,pdnc,qID,Q2226-0,Cohn,292493,292497,23,2760,17,M_4660,Other
4661,pdnc,qID,Q2226-0,Brett ,292513,292519,6,2760,17,M_4661,PROPN
4662,pdnc,qID,Q2226-0,her,292559,292562,6,2760,17,M_4662,Other
4663,booknlp,COREF,219,I,292564,292565,19,2760,17,M_4663,Other
4664,booknlp,COREF,240,He,292600,292602,5,2761,17,M_4664,Other
4665,pdnc,qID,Q2227-0,He,292636,292638,23,2762,17,M_4665,Other
4666,pdnc,qID,Q2229-0,Brett ,292671,292677,6,2764,17,M_4666,PROPN
4667,pdnc,qID,Q2229-0,him,292682,292685,23,2764,17,M_4667,Other
4668,pdnc,qID,Q2229-0,She,292696,292699,6,2764,17,M_4668,Other
4669,pdnc,qID,Q2229-0,him,292705,292708,23,2764,17,M_4669,Other
4670,booknlp,COREF,240,I,292714,292715,5,2764,17,M_4670,Other
4671,pdnc,qID,Q2229-0,she,292722,292725,6,2764,17,M_4671,Other
4672,booknlp,COREF,240,I,292746,292747,5,2765,17,M_4672,Other
4673,pdnc,qID,Q2230-0,she,292755,292758,6,2765,17,M_4673,Other
4674,booknlp,COREF,240,Bill,292765,292769,5,2765,17,M_4674,Other
4675,pdnc,qID,Q2231-0,Cohn ,292783,292788,23,2766,17,M_4675,PROPN
4676,pdnc,qID,Q2231-0,the bull-fighter fellow,292841,292864,22,2766,17,M_4676,Other
4677,pdnc,qID,Q2231-0,He,292866,292868,23,2766,17,M_4677,Other
4678,pdnc,qID,Q2231-0,Brett,292896,292901,6,2766,17,M_4678,PROPN
4679,booknlp,COREF,240,I,292911,292912,5,2767,17,M_4679,Other
4680,pdnc,qID,Q2232-0,He,292919,292921,23,2767,17,M_4680,Other
4681,booknlp,COREF,240,me,292939,292941,5,2767,17,M_4681,Other
4682,pdnc,qID,Q2233-0,he,292950,292952,23,2768,17,M_4682,Other
4683,pdnc,qID,Q2233-0,The bull-fighter fellow ,292991,293015,22,2768,17,M_4683,Other
4684,pdnc,qID,Q2233-0,He,293032,293034,22,2768,17,M_4684,Other
4685,pdnc,qID,Q2233-0,he,293056,293058,22,2768,17,M_4685,Other
4686,exp,exp_name,cohn,Cohn,293107,293111,23,2768,17,M_4686,PROPN
4687,pdnc,qID,Q2233-0,him,293127,293130,22,2768,17,M_4687,Other
4688,pdnc,qID,Q2234-0,you,293181,293184,19,2769,17,M_4688,Other
4689,pdnc,qID,Q2235-0,Brett,293203,293208,6,2770,17,M_4689,PROPN
4690,booknlp,COREF,219,I,293210,293211,19,2770,17,M_4690,Other
4691,pdnc,qID,Q2235-0,her,293216,293219,6,2770,17,M_4691,Other
4692,pdnc,qID,Q2237-0,the bull-fighter fellow,293272,293295,22,2772,17,M_4692,Other
4693,pdnc,qID,Q2237-0,He,293320,293322,22,2772,17,M_4693,Other
4694,pdnc,qID,Q2237-0,he,293368,293370,22,2772,17,M_4694,Other
4695,pdnc,qID,Q2237-0,Brett ,293398,293404,6,2772,17,M_4695,PROPN
4696,pdnc,qID,Q2237-0,him,293409,293412,22,2772,17,M_4696,Other
4697,pdnc,qID,Q2237-0,him,293430,293433,22,2772,17,M_4697,Other
4698,pdnc,qID,Q2237-0,He,293442,293444,22,2772,17,M_4698,Other
4699,pdnc,qID,Q2237-0,Brett,293459,293464,6,2772,17,M_4699,PROPN
4700,pdnc,qID,Q2237-0,him,293479,293482,22,2772,17,M_4700,Other
4701,pdnc,qID,Q2237-0,he,293488,293490,22,2772,17,M_4701,Other
4702,pdnc,qID,Q2237-0,Cohn ,293504,293509,23,2772,17,M_4702,PROPN
4703,pdnc,qID,Q2237-0,he,293514,293516,23,2772,17,M_4703,Other
4704,pdnc,qID,Q2237-0,him,293530,293533,22,2772,17,M_4704,Other
4705,pdnc,qID,Q2237-0,he,293546,293548,23,2772,17,M_4705,Other
4706,pdnc,qID,Q2237-0,the bull-fighter chap,293593,293614,22,2772,17,M_4706,Other
4707,pdnc,qID,Q2237-0,him,293648,293651,23,2772,17,M_4707,Other
4708,pdnc,qID,Q2237-0,Cohn ,293653,293658,23,2772,17,M_4708,PROPN
4709,booknlp,COREF,240,me,293706,293708,5,2773,17,M_4709,Other
4710,exp,exp_name,cohn,Cohn,293724,293728,23,2774,17,M_4710,PROPN
4711,booknlp,COREF,219,I,293731,293732,19,2774,17,M_4711,Other
4712,pdnc,qID,Q2239-0,the bull-fighter fellow,293756,293779,22,2775,17,M_4712,Other
4713,pdnc,qID,Q2239-0,him ,293784,293788,23,2775,17,M_4713,Other
4714,pdnc,qID,Q2239-0,he ,293804,293807,22,2775,17,M_4714,Other
4715,pdnc,qID,Q2239-0,He ,293858,293861,22,2775,17,M_4715,Other
4716,pdnc,qID,Q2239-0,Brett ,293878,293884,6,2775,17,M_4716,PROPN
4717,pdnc,qID,Q2239-0,Cohn ,293890,293895,23,2775,17,M_4717,PROPN
4718,pdnc,qID,Q2239-0,him ,293910,293914,22,2775,17,M_4718,Other
4719,pdnc,qID,Q2239-0,him,293927,293930,22,2775,17,M_4719,Other
4720,pdnc,qID,Q2239-0,He,293943,293945,22,2775,17,M_4720,Other
4721,pdnc,qID,Q2239-0,Cohn,293954,293958,23,2775,17,M_4721,Other
4722,pdnc,qID,Q2239-0,him,293966,293969,22,2775,17,M_4722,Other
4723,pdnc,qID,Q2239-0,he,293970,293972,22,2775,17,M_4723,Other
4724,pdnc,qID,Q2239-0,him,293980,293983,23,2775,17,M_4724,Other
4725,pdnc,qID,Q2239-0,he,293989,293991,22,2775,17,M_4725,Other
4726,pdnc,qID,Q2239-0,him ,293999,294003,23,2775,17,M_4726,Other
4727,pdnc,qID,Q2239-0,Cohn,294026,294030,23,2775,17,M_4727,Other
4728,pdnc,qID,Q2239-0,Cohn ,294051,294056,23,2775,17,M_4728,PROPN
4729,pdnc,qID,Q2239-0,Brett ,294072,294078,6,2775,17,M_4729,PROPN
4730,pdnc,qID,Q2239-0,him ,294087,294091,23,2775,17,M_4730,Other
4731,pdnc,qID,Q2239-0,he,294100,294102,23,2775,17,M_4731,Other
4732,booknlp,COREF,240,I,294126,294127,5,2775,17,M_4732,Other
4733,booknlp,COREF,240,you,294136,294139,5,2775,17,M_4733,Other
4734,booknlp,COREF,240,Bill,294172,294176,5,2776,17,M_4734,Other
4735,pdnc,qID,Q2241-0,the bull-fighter chap,294194,294215,22,2777,17,M_4735,Other
4736,pdnc,qID,Q2241-0,He ,294242,294245,22,2777,17,M_4736,Other
4737,pdnc,qID,Q2241-0,Cohn ,294298,294303,23,2777,17,M_4737,PROPN
4738,pdnc,qID,Q2241-0,Brett ,294310,294316,6,2777,17,M_4738,PROPN
4739,pdnc,qID,Q2241-0,Cohn ,294353,294358,23,2777,17,M_4739,PROPN
4740,pdnc,qID,Q2241-0,her ,294381,294385,6,2777,17,M_4740,Other
4741,pdnc,qID,Q2241-0,he ,294394,294397,23,2777,17,M_4741,Other
4742,pdnc,qID,Q2241-0,her,294403,294406,6,2777,17,M_4742,Other
4743,pdnc,qID,Q2241-0,she ,294412,294416,6,2777,17,M_4743,Other
4744,pdnc,qID,Q2241-0,him ,294428,294432,23,2777,17,M_4744,Other
4745,pdnc,qID,Q2241-0,Cohn ,294460,294465,23,2777,17,M_4745,PROPN
4746,pdnc,qID,Q2241-0,the bull-fighter fellow,294497,294520,22,2777,17,M_4746,Other
4747,booknlp,COREF,240,you,294540,294543,5,2777,17,M_4747,Other
4748,pdnc,qID,Q2241-0,the bull-fighter chap,294575,294596,22,2777,17,M_4748,Other
4749,booknlp,COREF,240,Bill,294648,294652,5,2778,17,M_4749,Other
4750,pdnc,qID,Q2243-0,Cohn,294671,294675,23,2779,17,M_4750,Other
4751,booknlp,COREF,219,Mike,294678,294682,19,2779,17,M_4751,PROPN
4752,booknlp,COREF,240,You,294690,294693,5,2779,17,M_4752,Other
4753,booknlp,COREF,219,I,294699,294700,19,2779,17,M_4753,Other
4754,pdnc,qID,Q2243-1,Cohn ,294713,294718,23,2779,17,M_4754,PROPN
4755,booknlp,COREF,219,you,294774,294777,19,2780,17,M_4755,Other
4756,pdnc,qID,Q2244-0,Brett,294782,294787,6,2780,17,M_4756,PROPN
4757,pdnc,qID,Q2245-0,She ,294806,294810,6,2781,17,M_4757,Other
4758,pdnc,qID,Q2245-0,She,294838,294841,6,2781,17,M_4758,Other
4759,pdnc,qID,Q2245-0,this Romero lad,294858,294873,22,2781,17,M_4759,Other
4760,booknlp,COREF,219,He,294877,294879,19,2782,17,M_4760,Other
4761,exp,exp_name,brett,Brett,294917,294922,6,2783,17,M_4761,PROPN
4762,booknlp,COREF,212,she,294944,294947,6,2783,17,M_4762,Other
4763,booknlp,COREF,212,She,295015,295018,6,2783,17,M_4763,Other
4764,booknlp,COREF,240,me,295037,295039,5,2783,17,M_4764,Other
4765,booknlp,COREF,219,I,295063,295064,19,2785,17,M_4765,Other
4766,booknlp,COREF,219,Mike,295082,295086,19,2785,17,M_4766,PROPN
4767,booknlp,COREF,219,I,295094,295095,19,2785,17,M_4767,Other
4768,booknlp,COREF,219,I,295102,295103,19,2785,17,M_4768,Other
4769,booknlp,COREF,219,me,295210,295212,19,2785,17,M_4769,Other
4770,booknlp,COREF,219,He,295216,295218,19,2786,17,M_4770,Other
4771,booknlp,COREF,219,I,295241,295242,19,2787,17,M_4771,Other
4772,pdnc,qID,Q2249-0,Brett ,295248,295254,6,2787,17,M_4772,PROPN
4773,booknlp,COREF,219,I,295274,295275,19,2787,17,M_4773,Other
4774,pdnc,qID,Q2249-0,she ,295284,295288,6,2787,17,M_4774,Other
4775,pdnc,qID,Q2249-0,she ,295348,295352,6,2787,17,M_4775,Other
4776,booknlp,COREF,219,He,295374,295376,19,2787,17,M_4776,Other
4777,booknlp,COREF,219,I,295394,295395,19,2787,17,M_4777,Other
4778,pdnc,qID,Q2250-0,Jake,295401,295405,15,2787,17,M_4778,Other
4779,pdnc,qID,Q2250-0,you ,295410,295414,15,2787,17,M_4779,Other
4780,booknlp,COREF,219,I,295422,295423,19,2787,17,M_4780,Other
4781,pdnc,qID,Q2250-0,yours,295445,295450,15,2787,17,M_4781,Other
4782,pdnc,qID,Q2250-0,She,295452,295455,45,2787,17,M_4782,Other
4783,booknlp,COREF,202,you,295465,295468,15,2787,17,M_4783,Other
4784,booknlp,COREF,219,Mike,295535,295539,19,2789,17,M_4784,PROPN
4785,pdnc,qID,Q2252-0,you,295575,295578,15,2789,17,M_4785,Other
4786,booknlp,COREF,219,him,295646,295649,19,2789,17,M_4786,Other
4787,pdnc,qID,Q2253-0,You ,295653,295657,15,2790,17,M_4787,Other
4788,booknlp,COREF,219,Mike,295664,295668,19,2790,17,M_4788,PROPN
4789,pdnc,qID,Q2253-1,Brett ,295679,295685,6,2790,17,M_4789,PROPN
4790,pdnc,qID,Q2253-1,She,295702,295705,6,2790,17,M_4790,Other
4791,booknlp,COREF,219,I,295728,295729,19,2790,17,M_4791,Other
4792,pdnc,qID,Q2253-1,her ,295735,295739,6,2790,17,M_4792,Other
4793,pdnc,qID,Q2253-1,she ,295837,295841,6,2790,17,M_4793,Other
4794,booknlp,COREF,219,I,295853,295854,19,2790,17,M_4794,Other
4795,booknlp,COREF,219,He,295923,295925,19,2791,17,M_4795,Other
4796,exp,exp_name,ashley,Ashley,295964,295970,6,2792,17,M_4796,PROPN
4797,pdnc,qID,Q2254-0,she,295977,295980,6,2792,17,M_4797,Other
4798,pdnc,qID,Q2254-0,Brett ,296098,296104,6,2792,17,M_4798,PROPN
4799,pdnc,qID,Q2254-0,her ,296173,296177,6,2792,17,M_4799,Other
4800,booknlp,COREF,212,her,296187,296190,6,2792,17,M_4800,Other
4801,pdnc,qID,Q2254-0,Brett ,296237,296243,6,2792,17,M_4801,PROPN
4802,pdnc,qID,Q2254-0,She ,296296,296300,6,2792,17,M_4802,Other
4803,pdnc,qID,Q2254-0,Brett,296337,296342,6,2792,17,M_4803,PROPN
4804,pdnc,qID,Q2254-0,She ,296363,296367,6,2792,17,M_4804,Other
4805,booknlp,COREF,219,He,296387,296389,19,2793,17,M_4805,Other
4806,booknlp,COREF,219,His,296400,296403,19,2793,17,M_4806,Other
4807,booknlp,COREF,219,I,296422,296423,19,2794,17,M_4807,Other
4808,booknlp,COREF,219,He,296475,296477,19,2795,17,M_4808,Other
4809,booknlp,COREF,219,I,296535,296536,19,2796,17,M_4809,Other
4810,pdnc,qID,Q2257-0,you ,296658,296662,19,2797,17,M_4810,Other
4811,booknlp,COREF,240,Bill,296685,296689,5,2797,17,M_4811,Other
4812,booknlp,COREF,219,Mike,296697,296701,19,2798,17,M_4812,PROPN
4813,booknlp,COREF,219,him,296730,296733,19,2798,17,M_4813,Other
4814,booknlp,COREF,219,He,296753,296755,19,2799,17,M_4814,Other
4815,exp,exp_name,the chambermaid,the chambermaid,296774,296789,45,2799,17,M_4815,PROPN
4816,booknlp,COREF,219,Mike,296887,296891,19,2800,17,M_4816,PROPN
4817,booknlp,COREF,2604,her,296897,296900,45,2800,17,M_4817,Other
4818,booknlp,COREF,240,I,296921,296922,5,2802,17,M_4818,Other
4819,booknlp,COREF,240,Bill,296940,296944,5,2802,17,M_4819,Other
4820,pdnc,qID,Q2259-1,Poor old Mike,296952,296965,19,2802,17,M_4820,Other
4821,booknlp,COREF,240,I,296967,296968,5,2802,17,M_4821,Other
4822,pdnc,qID,Q2259-1,him ,296995,296999,19,2802,17,M_4822,Other
4823,pdnc,qID,Q2261-0,Brett ,297096,297102,6,2804,17,M_4823,PROPN
4824,pdnc,qID,Q2261-0,Mike,297106,297110,19,2804,17,M_4824,PROPN
4825,booknlp,COREF,219,He,297132,297134,19,2804,17,M_4825,Other
4826,booknlp,COREF,2604,I,297156,297157,45,2805,17,M_4826,Other
4827,booknlp,COREF,240,I,297177,297178,5,2806,17,M_4827,Other
4828,pdnc,qID,Q2263-0,Mike,297236,297240,19,2806,17,M_4828,PROPN
4829,booknlp,COREF,240,I,297307,297308,5,2808,17,M_4829,Other
4830,booknlp,COREF,240,I,297350,297351,5,2808,17,M_4830,Other
4831,booknlp,COREF,240,I,297406,297407,5,2810,17,M_4831,Other
4832,booknlp,COREF,240,Bill,297504,297508,5,2812,17,M_4832,Other
4833,pdnc,qID,Q2270-0,Brett,298741,298746,6,2816,18,M_4833,PROPN
4834,booknlp,COREF,240,Bill,298749,298753,5,2816,18,M_4834,Other
4835,booknlp,COREF,240,Bill,299020,299024,5,2819,18,M_4835,Other
4836,exp,exp_name,the waiter,the waiter,299033,299043,37,2819,18,M_4836,PROPN
4837,pdnc,qID,Q2273-0,Cohn ,299062,299067,23,2821,18,M_4837,PROPN
4838,exp,exp_name,brett,Brett,299074,299079,6,2821,18,M_4838,PROPN
4839,booknlp,COREF,240,Bill,299095,299099,5,2822,18,M_4839,Other
4840,pdnc,qID,Q2274-1,He ,299107,299110,23,2822,18,M_4840,Other
4841,exp,exp_name,brett,Brett,299140,299145,6,2823,18,M_4841,PROPN
4842,booknlp,COREF,219,Mike,299315,299319,19,2825,18,M_4842,PROPN
4843,booknlp,COREF,219,he,299337,299339,19,2825,18,M_4843,Other
4844,booknlp,COREF,219,He,299351,299353,19,2825,18,M_4844,Other
4845,booknlp,COREF,219,he,299396,299398,19,2825,18,M_4845,Other
4846,booknlp,COREF,212,I,299429,299430,6,2826,18,M_4846,Other
4847,pdnc,qID,Q2277-0,Cohn,299437,299441,23,2826,18,M_4847,Other
4848,pdnc,qID,Q2277-0,you,299451,299454,15,2826,18,M_4848,Other
4849,pdnc,qID,Q2277-0,Jake,299456,299460,15,2826,18,M_4849,Other
4850,exp,exp_name,brett,Brett,299463,299468,6,2826,18,M_4850,PROPN
4851,booknlp,COREF,219,me,299489,299491,19,2827,18,M_4851,Other
4852,booknlp,COREF,212,I,299514,299515,6,2828,18,M_4852,Other
4853,pdnc,qID,Q2279-0,he,299521,299523,23,2828,18,M_4853,Other
4854,pdnc,qID,Q2279-0,Pedro Romero,299533,299545,22,2828,18,M_4854,PROPN
4855,exp,exp_name,brett,Brett,299548,299553,6,2828,18,M_4855,PROPN
4856,pdnc,qID,Q2279-1,He ,299561,299564,23,2828,18,M_4856,Other
4857,pdnc,qID,Q2279-1,him ,299569,299573,22,2828,18,M_4857,Other
4858,pdnc,qID,Q2280-0,he,299595,299597,22,2829,18,M_4858,Other
4859,pdnc,qID,Q2281-0,He,299602,299604,22,2830,18,M_4859,Other
4860,pdnc,qID,Q2281-0,He ,299622,299625,22,2830,18,M_4860,Other
4861,pdnc,qID,Q2282-0,he ,299659,299662,22,2831,18,M_4861,Other
4862,pdnc,qID,Q2283-0,He ,299683,299686,22,2832,18,M_4862,Other
4863,booknlp,COREF,212,I,299703,299704,6,2832,18,M_4863,Other
4864,booknlp,COREF,306,him,299710,299713,22,2832,18,M_4864,Other
4865,booknlp,COREF,212,I,299714,299715,6,2832,18,M_4865,Other
4866,booknlp,COREF,212,you,299742,299745,6,2832,18,M_4866,Other
4867,pdnc,qID,Q2284-0,he ,299772,299775,22,2833,18,M_4867,Other
4868,booknlp,COREF,212,I,299802,299803,6,2834,18,M_4868,Other
4869,pdnc,qID,Q2285-0,you,299817,299820,15,2834,18,M_4869,Other
4870,pdnc,qID,Q2285-0,you ,299825,299829,15,2834,18,M_4870,Other
4871,pdnc,qID,Q2286-0,your boy friend,299850,299865,22,2835,18,M_4871,Other
4872,booknlp,COREF,219,Mike,299868,299872,19,2835,18,M_4872,PROPN
4873,booknlp,COREF,219,He,299880,299882,19,2835,18,M_4873,Other
4874,exp,exp_name,brett,Brett,299917,299922,6,2835,18,M_4874,PROPN
4875,pdnc,qID,Q2287-0,Brett,299935,299940,6,2836,18,M_4875,PROPN
4876,pdnc,qID,Q2287-0,a bull-fighter,299947,299961,22,2836,18,M_4876,Other
4877,booknlp,COREF,219,he,299964,299966,19,2836,18,M_4877,Other
4878,pdnc,qID,Q2287-1,She ,299974,299978,6,2836,18,M_4878,Other
4879,pdnc,qID,Q2287-1,a Jew named Cohn,299982,299998,23,2836,18,M_4879,Other
4880,pdnc,qID,Q2287-1,he,300004,300006,23,2836,18,M_4880,Other
4881,exp,exp_name,brett,Brett,300027,300032,6,2837,18,M_4881,PROPN
4882,booknlp,COREF,219,I,300045,300046,19,2838,18,M_4882,Other
4883,pdnc,qID,Q2288-0,you,300095,300098,19,2838,18,M_4883,Other
4884,pdnc,qID,Q2288-0,Michael,300100,300107,19,2838,18,M_4884,PROPN
4885,pdnc,qID,Q2289-0,your boy friend,300118,300133,22,2839,18,M_4885,Other
4886,exp,exp_name,brett,Brett,300152,300157,6,2840,18,M_4886,PROPN
4887,pdnc,qID,Q2290-1,him ,300171,300175,22,2840,18,M_4887,Other
4888,pdnc,qID,Q2291-0,Brett,300194,300199,6,2841,18,M_4888,PROPN
4889,pdnc,qID,Q2291-0,a bull-fighter,300206,300220,22,2841,18,M_4889,Other
4890,booknlp,COREF,219,Mike,300223,300227,19,2841,18,M_4890,PROPN
4891,pdnc,qID,Q2291-1,"A beautiful, bloody bull-fighter",300235,300267,22,2841,18,M_4891,Other
4892,pdnc,qID,Q2292-0,you ,300278,300282,15,2842,18,M_4892,Other
4893,booknlp,COREF,212,me,300305,300307,6,2842,18,M_4893,Other
4894,booknlp,COREF,212,I,300309,300310,6,2842,18,M_4894,Other
4895,pdnc,qID,Q2292-0,you,300327,300330,15,2842,18,M_4895,Other
4896,pdnc,qID,Q2292-0,Jake,300332,300336,15,2842,18,M_4896,Other
4897,pdnc,qID,Q2293-0,him ,300346,300350,15,2843,18,M_4897,Other
4898,pdnc,qID,Q2293-0,your bull-fighter,300360,300377,22,2843,18,M_4898,Other
4899,booknlp,COREF,219,Mike,300380,300384,19,2843,18,M_4899,PROPN
4900,pdnc,qID,Q2293-1,your bull-fighter,300409,300426,22,2843,18,M_4900,Other
4901,booknlp,COREF,219,He,300429,300431,19,2843,18,M_4901,Other
4902,exp,exp_name,brett,Brett,300529,300534,6,2844,18,M_4902,PROPN
4903,pdnc,qID,Q2296-0,him ,300644,300648,22,2846,18,M_4903,Other
4904,pdnc,qID,Q2296-0,His ,300677,300681,22,2846,18,M_4904,Other
4905,pdnc,qID,Q2296-0,he ,300740,300743,22,2846,18,M_4905,Other
4906,exp,exp_name,brett,Brett,300751,300756,6,2847,18,M_4906,PROPN
4907,booknlp,COREF,212,I,300827,300828,6,2848,18,M_4907,Other
4908,exp,exp_name,brett,Brett,300855,300860,6,2848,18,M_4908,PROPN
4909,pdnc,qID,Q2297-1,Jake,300884,300888,15,2848,18,M_4909,Other
4910,pdnc,qID,Q2298-0,you ,300902,300906,6,2849,18,M_4910,Other
4911,booknlp,COREF,212,me,300954,300956,6,2850,18,M_4911,Other
4912,pdnc,qID,Q2300-0,you ,300971,300975,6,2851,18,M_4912,Other
4913,booknlp,COREF,212,I,300992,300993,6,2852,18,M_4913,Other
4914,pdnc,qID,Q2301-0,him,301008,301011,22,2852,18,M_4914,Other
4915,exp,exp_name,brett,Brett,301183,301188,6,2854,18,M_4915,PROPN
4916,booknlp,COREF,212,I,301197,301198,6,2854,18,M_4916,Other
4917,booknlp,COREF,212,I,301224,301225,6,2854,18,M_4917,Other
4918,pdnc,qID,Q2302-1,he,301232,301234,22,2854,18,M_4918,Other
4919,exp,exp_name,brett,Brett,301619,301624,6,2856,18,M_4919,PROPN
4920,booknlp,COREF,212,I,301632,301633,6,2856,18,M_4920,Other
4921,booknlp,COREF,212,I,301760,301761,6,2858,18,M_4921,Other
4922,exp,exp_name,brett,Brett,301788,301793,6,2858,18,M_4922,PROPN
4923,pdnc,qID,Q2303-3,him,301819,301822,22,2858,18,M_4923,Other
4924,booknlp,COREF,212,I.,301833,301835,6,2859,18,M_4924,Other
4925,pdnc,qID,Q2305-0,He ,301839,301842,22,2860,18,M_4925,Other
4926,exp,exp_name,brett,Brett,301916,301921,6,2863,18,M_4926,PROPN
4927,pdnc,qID,Q2309-0,you,302023,302026,15,2865,18,M_4927,Other
4928,booknlp,COREF,212,I,302033,302034,6,2865,18,M_4928,Other
4929,pdnc,qID,Q2309-0,him ,302070,302074,22,2865,18,M_4929,Other
4930,exp,exp_name,brett,Brett,302334,302339,6,2866,18,M_4930,PROPN
4931,booknlp,COREF,212,she,302367,302370,6,2866,18,M_4931,Other
4932,booknlp,COREF,212,she,302411,302414,6,2867,18,M_4932,Other
4933,booknlp,COREF,212,me,302466,302468,6,2867,18,M_4933,Other
4934,exp,exp_name,brett,Brett,302531,302536,6,2868,18,M_4934,PROPN
4935,booknlp,COREF,212,I,302638,302639,6,2869,18,M_4935,Other
4936,exp,exp_name,brett,Brett,302665,302670,6,2869,18,M_4936,PROPN
4937,booknlp,COREF,212,me,302689,302691,6,2869,18,M_4937,Other
4938,booknlp,COREF,212,I,302723,302724,6,2871,18,M_4938,Other
4939,exp,exp_name,brett,Brett,302767,302772,6,2871,18,M_4939,PROPN
4940,booknlp,COREF,212,I,302780,302781,6,2871,18,M_4940,Other
4941,pdnc,qID,Q2311-4,You,302811,302814,15,2872,18,M_4941,Other
4942,exp,exp_name,brett,Brett,302822,302827,6,2872,18,M_4942,PROPN
4943,booknlp,COREF,212,I,302835,302836,6,2872,18,M_4943,Other
4944,pdnc,qID,Q2311-5,him,302857,302860,22,2872,18,M_4944,Other
4945,booknlp,COREF,212,I,302869,302870,6,2872,18,M_4945,Other
4946,pdnc,qID,Q2311-5,him,302893,302896,22,2872,18,M_4946,Other
4947,booknlp,COREF,212,I,302910,302911,6,2874,18,M_4947,Other
4948,pdnc,qID,Q2316-0,You,303007,303010,6,2877,18,M_4948,Other
4949,booknlp,COREF,212,me,303048,303050,6,2878,18,M_4949,Other
4950,booknlp,COREF,212,I,303061,303062,6,2878,18,M_4950,Other
4951,booknlp,COREF,212,I,303088,303089,6,2878,18,M_4951,Other
4952,pdnc,qID,Q2317-0,you,303107,303110,15,2878,18,M_4952,Other
4953,exp,exp_name,brett,Brett,303142,303147,6,2880,18,M_4953,PROPN
4954,pdnc,qID,Q2319-1,You,303190,303193,15,2880,18,M_4954,Other
4955,pdnc,qID,Q2319-1,Jake,303221,303225,15,2880,18,M_4955,Other
4956,booknlp,COREF,212,I,303230,303231,6,2881,18,M_4956,Other
4957,exp,exp_name,brett,Brett,303270,303275,6,2882,18,M_4957,PROPN
4958,booknlp,COREF,212,her,303387,303390,6,2883,18,M_4958,Other
4959,booknlp,COREF,212,she,303435,303438,6,2883,18,M_4959,Other
4960,exp,exp_name,cohn,Cohn,303453,303457,23,2883,18,M_4960,PROPN
4961,pdnc,qID,Q2322-0,Mike,303598,303602,19,2884,18,M_4961,PROPN
4962,exp,exp_name,brett,Brett,303605,303610,6,2884,18,M_4962,PROPN
4963,pdnc,qID,Q2322-1,him,303628,303631,19,2884,18,M_4963,Other
4964,booknlp,COREF,212,Your,303648,303652,6,2885,18,M_4964,Other
4965,exp,exp_name,brett,Brett,303759,303764,6,2885,18,M_4965,PROPN
4966,pdnc,qID,Q2323-0,you,303788,303791,47,2886,18,M_4966,Other
4967,pdnc,qID,Q2323-0,you,303807,303810,47,2886,18,M_4967,Other
4968,exp,exp_name,brett,Brett,303864,303869,6,2888,18,M_4968,PROPN
4969,exp,exp_name,brett,Brett,304005,304010,6,2891,18,M_4969,PROPN
4970,pdnc,qID,Q2326-1,him,304079,304082,19,2893,18,M_4970,Other
4971,exp,exp_name,brett,Brett,304085,304090,6,2893,18,M_4971,PROPN
4972,pdnc,qID,Q2327-0,Mike ,304098,304103,19,2893,18,M_4972,PROPN
4973,booknlp,COREF,212,she,304133,304136,6,2893,18,M_4973,Other
4974,exp,exp_name,montoya,Montoya,304167,304174,20,2893,18,M_4974,PROPN
4975,booknlp,COREF,260,He,304190,304192,20,2893,18,M_4975,Other
4976,booknlp,COREF,212,I,304220,304221,6,2894,18,M_4976,Other
4977,booknlp,COREF,212,you,304229,304232,6,2894,18,M_4977,Other
4978,exp,exp_name,brett,Brett,304247,304252,6,2894,18,M_4978,PROPN
4979,pdnc,qID,Q2328-1,you,304266,304269,15,2894,18,M_4979,Other
4980,pdnc,qID,Q2328-1,Jake,304280,304284,15,2894,18,M_4980,Other
4981,booknlp,COREF,212,She,304335,304338,6,2895,18,M_4981,Other
4982,exp,exp_name,romero,Romero,304376,304382,22,2895,18,M_4982,PROPN
4983,booknlp,COREF,212,She,304391,304394,6,2895,18,M_4983,Other
4984,booknlp,COREF,212,She,304410,304413,6,2895,18,M_4984,Other
4985,booknlp,COREF,212,her,304468,304471,6,2895,18,M_4985,Other
4986,booknlp,COREF,219,Mike,304506,304510,19,2896,18,M_4986,PROPN
4987,booknlp,COREF,219,Mike,304721,304725,19,2896,18,M_4987,PROPN
4988,booknlp,COREF,219,himself,304770,304777,19,2896,18,M_4988,Other
4989,booknlp,COREF,219,He,304779,304781,19,2896,18,M_4989,Other
4990,booknlp,COREF,219,his,304789,304792,19,2896,18,M_4990,Other
4991,pdnc,qID,Q2329-0,Jake,304825,304829,15,2897,18,M_4991,Other
4992,booknlp,COREF,219,he,304832,304834,19,2897,18,M_4992,Other
4993,booknlp,COREF,219,I,304854,304855,19,2897,18,M_4993,Other
4994,booknlp,COREF,219,I,304883,304884,19,2897,18,M_4994,Other
4995,booknlp,COREF,219,me,304936,304938,19,2898,18,M_4995,Other
4996,pdnc,qID,Q2330-0,you,304945,304948,19,2898,18,M_4996,Other
4997,booknlp,COREF,219,I,304962,304963,19,2899,18,M_4997,Other
4998,booknlp,COREF,219,I,304991,304992,19,2900,18,M_4998,Other
4999,pdnc,qID,Q2333-0,You,305027,305030,19,2901,18,M_4999,Other
5000,pdnc,qID,Q2333-0,Mike,305041,305045,19,2901,18,M_5000,PROPN
5001,pdnc,qID,Q2333-0,boy,305060,305063,19,2901,18,M_5001,PROPN
5002,pdnc,qID,Q2334-0,Brett,305068,305073,6,2902,18,M_5002,PROPN
5003,pdnc,qID,Q2334-0,a bull-fighter,305080,305094,22,2902,18,M_5003,Other
5004,booknlp,COREF,219,Mike,305097,305101,19,2902,18,M_5004,PROPN
5005,pdnc,qID,Q2334-1,her Jew ,305113,305121,23,2902,18,M_5005,Other
5006,booknlp,COREF,219,He,305138,305140,19,2903,18,M_5006,Other
5007,booknlp,COREF,219,his,305148,305151,19,2903,18,M_5007,Other
5008,pdnc,qID,Q2336-0,Mike,305227,305231,19,2905,18,M_5008,PROPN
5009,pdnc,qID,Q2336-0,You,305233,305236,19,2905,18,M_5009,Other
5010,booknlp,COREF,219,I,305265,305266,19,2906,18,M_5010,Other
5011,booknlp,COREF,219,I,305285,305286,19,2906,18,M_5011,Other
5012,booknlp,COREF,219,He,305322,305324,19,2907,18,M_5012,Other
5013,booknlp,COREF,219,his,305330,305333,19,2907,18,M_5013,Other
5014,booknlp,COREF,240,Bill,305395,305399,5,2907,18,M_5014,Other
5015,pdnc,qID,Q2338-0,Mike,305440,305444,19,2908,18,M_5015,PROPN
5016,pdnc,qID,Q2341-0,that German head waiter,305507,305530,47,2911,18,M_5016,Other
5017,pdnc,qID,Q2341-0,He,305532,305534,47,2911,18,M_5017,Other
5018,pdnc,qID,Q2341-0,Mike ,305572,305577,19,2911,18,M_5018,PROPN
5019,pdnc,qID,Q2342-0,He,305591,305593,47,2912,18,M_5019,Other
5020,pdnc,qID,Q2344-0,Brett',305756,305762,6,2915,18,M_5020,Other
5021,booknlp,COREF,240,Bill,305772,305776,5,2915,18,M_5021,Other
5022,pdnc,qID,Q2345-0,the kid,305789,305796,22,2916,18,M_5022,Other
5023,exp,exp_name,waiter,waiter,305866,305872,2,2917,18,M_5023,PROPN
5024,booknlp,COREF,240,Bill,306001,306005,5,2919,18,M_5024,Other
5025,exp,exp_name,brett,Brett,306335,306340,6,2920,18,M_5025,PROPN
5026,booknlp,COREF,212,She,306369,306372,6,2920,18,M_5026,Other
5027,booknlp,COREF,212,she,306378,306381,6,2920,18,M_5027,Other
5028,booknlp,COREF,219,Mike,306414,306418,19,2920,18,M_5028,PROPN
5029,exp,exp_name,brett,Brett,306509,306514,6,2921,18,M_5029,PROPN
5030,booknlp,COREF,240,Bill,306543,306547,5,2921,18,M_5030,Other
5031,exp,exp_name,brett,Brett,307394,307399,6,2921,18,M_5031,PROPN
5032,booknlp,COREF,212,She,307416,307419,6,2921,18,M_5032,Other
5033,pdnc,qID,Q2347-0,He,307464,307466,22,2922,18,M_5033,Other
5034,pdnc,qID,Q2347-0,his,307469,307472,22,2922,18,M_5034,Other
5035,booknlp,COREF,212,she,307520,307523,6,2922,18,M_5035,Other
5036,booknlp,COREF,212,I,307582,307583,6,2924,18,M_5036,Other
5037,booknlp,COREF,240,Bill,307698,307702,5,2926,18,M_5037,Other
5038,exp,exp_name,brett,Brett,307719,307724,6,2927,18,M_5038,PROPN
5039,exp,exp_name,brett,Brett,308205,308210,6,2928,18,M_5039,PROPN
5040,pdnc,qID,Q2353-0,you,308261,308264,15,2929,18,M_5040,Other
5041,exp,exp_name,romero,Romero,308338,308344,22,2930,18,M_5041,PROPN
5042,exp,exp_name,belmonte,Belmonte,308364,308372,4,2930,18,M_5042,PROPN
5043,booknlp,COREF,329,his,308376,308379,4,2930,18,M_5043,Other
5044,booknlp,COREF,329,his,308397,308400,4,2930,18,M_5044,Other
5045,exp,exp_name,romero,Romero,308550,308556,22,2930,18,M_5045,PROPN
5046,booknlp,COREF,306,His,308583,308586,22,2930,18,M_5046,Other
5047,booknlp,COREF,306,his,308621,308624,22,2930,18,M_5047,Other
5048,booknlp,COREF,306,his,308647,308650,22,2930,18,M_5048,Other
5049,booknlp,COREF,306,He,308707,308709,22,2930,18,M_5049,Other
5050,exp,exp_name,belmonte,Belmonte,308805,308813,4,2930,18,M_5050,PROPN
5051,booknlp,COREF,329,his,308828,308831,4,2930,18,M_5051,Other
5052,booknlp,COREF,329,his,308853,308856,4,2930,18,M_5052,Other
5053,booknlp,COREF,306,He,308876,308878,22,2930,18,M_5053,Other
5054,booknlp,COREF,306,he,308911,308913,22,2930,18,M_5054,Other
5055,exp,exp_name,romero,Romero,308918,308924,22,2930,18,M_5055,PROPN
5056,exp,exp_name,brett,Brett,309100,309105,6,2930,18,M_5056,PROPN
5057,exp,exp_name,brett,Brett,309146,309151,6,2930,18,M_5057,PROPN
5058,booknlp,COREF,212,she,309200,309203,6,2931,18,M_5058,Other
5059,exp,exp_name,belmonte,Belmonte,309237,309245,4,2932,18,M_5059,PROPN
5060,exp,exp_name,romero,Romero,309255,309261,22,2932,18,M_5060,PROPN
5061,exp,exp_name,pedro romero,Pedro Romero,309791,309803,22,2932,18,M_5061,PROPN
5062,booknlp,COREF,306,his,309813,309816,22,2932,18,M_5062,Other
5063,booknlp,COREF,306,his,309874,309877,22,2932,18,M_5063,Other
5064,booknlp,COREF,306,He,309893,309895,22,2932,18,M_5064,Other
5065,exp,exp_name,romero,Romero,309955,309961,22,2932,18,M_5065,PROPN
5066,booknlp,COREF,306,His,310009,310012,22,2932,18,M_5066,Other
5067,exp,exp_name,brett,Brett,310092,310097,6,2932,18,M_5067,PROPN
5068,pdnc,qID,Q2355-0,you,310171,310174,6,2933,18,M_5068,Other
5069,exp,exp_name,brett,Brett,310186,310191,6,2934,18,M_5069,PROPN
5070,exp,exp_name,brett,Brett,310359,310364,6,2934,18,M_5070,PROPN
5071,booknlp,COREF,329,He,310368,310370,4,2935,18,M_5071,Other
5072,booknlp,COREF,212,you,310384,310387,6,2935,18,M_5072,Other
5073,booknlp,COREF,212,You,310413,310416,6,2935,18,M_5073,Other
5074,booknlp,COREF,212,your,310447,310451,6,2935,18,M_5074,Other
5075,exp,exp_name,brett,Brett,310459,310464,6,2936,18,M_5075,PROPN
5076,exp,exp_name,romero,Romero,310489,310495,22,2937,18,M_5076,PROPN
5077,booknlp,COREF,306,He,310519,310521,22,2937,18,M_5077,Other
5078,exp,exp_name,belmonte,Belmonte,310538,310546,4,2937,18,M_5078,PROPN
5079,exp,exp_name,belmonte,Belmonte,310548,310556,4,2937,18,M_5079,PROPN
5080,booknlp,COREF,329,his,310566,310569,4,2937,18,M_5080,Other
5081,booknlp,COREF,329,He,310604,310606,4,2937,18,M_5081,Other
5082,booknlp,COREF,329,his,310641,310644,4,2937,18,M_5082,Other
5083,exp,exp_name,romero,Romero,310686,310692,22,2937,18,M_5083,PROPN
5084,exp,exp_name,romero,Romero,310779,310785,22,2937,18,M_5084,PROPN
5085,booknlp,COREF,306,his,310819,310822,22,2937,18,M_5085,Other
5086,booknlp,COREF,306,his,310888,310891,22,2937,18,M_5086,Other
5087,exp,exp_name,brett,Brett,310928,310933,6,2938,18,M_5087,PROPN
5088,pdnc,qID,Q2358-0,His,310977,310980,22,2940,18,M_5088,Other
5089,booknlp,COREF,240,Bill,310998,311002,5,2940,18,M_5089,Other
5090,pdnc,qID,Q2359-0,He,311011,311013,22,2941,18,M_5090,Other
5091,exp,exp_name,brett,Brett,311033,311038,6,2941,18,M_5091,PROPN
5092,pdnc,qID,Q2359-1,He,311046,311048,22,2941,18,M_5092,Other
5093,exp,exp_name,belmonte,Belmonte,311088,311096,4,2942,18,M_5093,PROPN
5094,exp,exp_name,belmonte,Belmonte,311100,311108,4,2942,18,M_5094,PROPN
5095,booknlp,COREF,329,he,311136,311138,4,2942,18,M_5095,Other
5096,booknlp,COREF,329,him,311229,311232,4,2942,18,M_5096,Other
5097,booknlp,COREF,329,he,311258,311260,4,2942,18,M_5097,Other
5098,exp,exp_name,belmonte,Belmonte,311292,311300,4,2942,18,M_5098,PROPN
5099,exp,exp_name,belmonte,Belmonte,311591,311599,4,2942,18,M_5099,PROPN
5100,booknlp,COREF,329,his,311604,311607,4,2942,18,M_5100,Other
5101,booknlp,COREF,329,he,311670,311672,4,2942,18,M_5101,Other
5102,exp,exp_name,belmonte,Belmonte,311745,311753,4,2942,18,M_5102,PROPN
5103,exp,exp_name,belmonte,Belmonte,311818,311826,4,2942,18,M_5103,PROPN
5104,exp,exp_name,belmonte,Belmonte,311877,311885,4,2942,18,M_5104,PROPN
5105,booknlp,COREF,329,he,311915,311917,4,2942,18,M_5105,Other
5106,booknlp,COREF,329,he,311946,311948,4,2942,18,M_5106,Other
5107,booknlp,COREF,329,he,311993,311995,4,2942,18,M_5107,Other
5108,booknlp,COREF,329,his,312033,312036,4,2942,18,M_5108,Other
5109,booknlp,COREF,329,he,312070,312072,4,2942,18,M_5109,Other
5110,exp,exp_name,belmonte,Belmonte,312181,312189,4,2942,18,M_5110,PROPN
5111,exp,exp_name,belmonte,Belmonte,312238,312246,4,2942,18,M_5111,PROPN
5112,exp,exp_name,belmonte,Belmonte,312254,312262,4,2943,18,M_5112,PROPN
5113,booknlp,COREF,329,his,312300,312303,4,2943,18,M_5113,Other
5114,exp,exp_name,belmonte,Belmonte,312511,312519,4,2943,18,M_5114,PROPN
5115,exp,exp_name,belmonte,Belmonte,312553,312561,4,2943,18,M_5115,PROPN
5116,exp,exp_name,belmonte,Belmonte,312622,312630,4,2943,18,M_5116,PROPN
5117,booknlp,COREF,329,his,312671,312674,4,2943,18,M_5117,Other
5118,booknlp,COREF,329,he,312701,312703,4,2943,18,M_5118,Other
5119,booknlp,COREF,329,his,312737,312740,4,2943,18,M_5119,Other
5120,booknlp,COREF,329,him,312801,312804,4,2943,18,M_5120,Other
5121,booknlp,COREF,329,he,312810,312812,4,2943,18,M_5121,Other
5122,booknlp,COREF,329,He,312855,312857,4,2943,18,M_5122,Other
5123,booknlp,COREF,329,him,313039,313042,4,2943,18,M_5123,Other
5124,booknlp,COREF,329,he,313062,313064,4,2943,18,M_5124,Other
5125,booknlp,COREF,329,his,313073,313076,4,2943,18,M_5125,Other
5126,booknlp,COREF,329,His,313096,313099,4,2943,18,M_5126,Other
5127,booknlp,COREF,329,he,313137,313139,4,2943,18,M_5127,Other
5128,booknlp,COREF,329,he,313201,313203,4,2943,18,M_5128,Other
5129,booknlp,COREF,329,his,313338,313341,4,2943,18,M_5129,Other
5130,booknlp,COREF,329,his,313385,313388,4,2943,18,M_5130,Other
5131,booknlp,COREF,329,he,313465,313467,4,2943,18,M_5131,Other
5132,booknlp,COREF,329,his,313559,313562,4,2943,18,M_5132,Other
5133,booknlp,COREF,329,he,313625,313627,4,2943,18,M_5133,Other
5134,booknlp,COREF,329,his,313697,313700,4,2943,18,M_5134,Other
5135,booknlp,COREF,329,his,313709,313712,4,2943,18,M_5135,Other
5136,booknlp,COREF,329,his,313772,313775,4,2943,18,M_5136,Other
5137,booknlp,COREF,329,he,313787,313789,4,2943,18,M_5137,Other
5138,booknlp,COREF,329,he,313810,313812,4,2943,18,M_5138,Other
5139,booknlp,COREF,329,He,313841,313843,4,2943,18,M_5139,Other
5140,booknlp,COREF,329,his,313871,313874,4,2943,18,M_5140,Other
5141,booknlp,COREF,329,his,313903,313906,4,2943,18,M_5141,Other
5142,exp,exp_name,belmonte,Belmonte,313969,313977,4,2944,18,M_5142,PROPN
5143,exp,exp_name,romero,Romero,313998,314004,22,2944,18,M_5143,PROPN
5144,booknlp,COREF,329,he,314022,314024,4,2944,18,M_5144,Other
5145,booknlp,COREF,329,him,314082,314085,4,2944,18,M_5145,Other
5146,exp,exp_name,belmonte,Belmonte,314087,314095,4,2944,18,M_5146,PROPN
5147,exp,exp_name,romero,Romero,314104,314110,22,2944,18,M_5147,PROPN
5148,booknlp,COREF,306,him,314125,314128,22,2944,18,M_5148,Other
5149,booknlp,COREF,329,He,314156,314158,4,2944,18,M_5149,Other
5150,booknlp,COREF,329,he,314219,314221,4,2944,18,M_5150,Other
5151,booknlp,COREF,329,He,314238,314240,4,2944,18,M_5151,Other
5152,booknlp,COREF,329,He,314341,314343,4,2944,18,M_5152,Other
5153,booknlp,COREF,329,he,314440,314442,4,2944,18,M_5153,Other
5154,booknlp,COREF,329,his,314470,314473,4,2944,18,M_5154,Other
5155,booknlp,COREF,329,he,314584,314586,4,2944,18,M_5155,Other
5156,booknlp,COREF,329,His,314622,314625,4,2944,18,M_5156,Other
5157,exp,exp_name,romero,Romero,314669,314675,22,2944,18,M_5157,PROPN
5158,exp,exp_name,romero,Romero,314677,314683,22,2944,18,M_5158,PROPN
5159,booknlp,COREF,306,he,314736,314738,22,2944,18,M_5159,Other
5160,exp,exp_name,belmonte,Belmonte,314740,314748,4,2944,18,M_5160,PROPN
5161,booknlp,COREF,306,himself,314767,314774,22,2944,18,M_5161,Other
5162,exp,exp_name,belmonte,Belmonte,314918,314926,4,2944,18,M_5162,PROPN
5163,exp,exp_name,belmonte,Belmonte,315000,315008,4,2944,18,M_5163,PROPN
5164,booknlp,COREF,329,He,315036,315038,4,2944,18,M_5164,Other
5165,booknlp,COREF,329,his,315053,315056,4,2944,18,M_5165,Other
5166,booknlp,COREF,329,He,315092,315094,4,2944,18,M_5166,Other
5167,booknlp,COREF,329,He,315203,315205,4,2944,18,M_5167,Other
5168,booknlp,COREF,329,his,315244,315247,4,2944,18,M_5168,Other
5169,booknlp,COREF,329,he,315290,315292,4,2944,18,M_5169,Other
5170,booknlp,COREF,329,he,315329,315331,4,2944,18,M_5170,Other
5171,booknlp,COREF,329,his,315463,315466,4,2944,18,M_5171,Other
5172,booknlp,COREF,329,he,315495,315497,4,2944,18,M_5172,Other
5173,booknlp,COREF,329,he,315559,315561,4,2944,18,M_5173,Other
5174,booknlp,COREF,329,him,315653,315656,4,2944,18,M_5174,Other
5175,booknlp,COREF,329,him,315722,315725,4,2944,18,M_5175,Other
5176,booknlp,COREF,329,him,315811,315814,4,2944,18,M_5176,Other
5177,exp,exp_name,pedro romero,Pedro Romero,315826,315838,22,2945,18,M_5177,PROPN
5178,booknlp,COREF,306,He,315858,315860,22,2945,18,M_5178,Other
5179,booknlp,COREF,306,he,315894,315896,22,2945,18,M_5179,Other
5180,booknlp,COREF,306,he,315926,315928,22,2945,18,M_5180,Other
5181,exp,exp_name,brett,Brett,315935,315940,6,2945,18,M_5181,PROPN
5182,booknlp,COREF,306,he,315962,315964,22,2945,18,M_5182,Other
5183,booknlp,COREF,306,he,315992,315994,22,2945,18,M_5183,Other
5184,booknlp,COREF,212,her,316011,316014,6,2945,18,M_5184,Other
5185,booknlp,COREF,306,he,316050,316052,22,2945,18,M_5185,Other
5186,booknlp,COREF,306,He,316062,316064,22,2945,18,M_5186,Other
5187,booknlp,COREF,306,himself,316107,316114,22,2945,18,M_5187,Other
5188,booknlp,COREF,212,her,316136,316139,6,2945,18,M_5188,Other
5189,booknlp,COREF,306,he,316149,316151,22,2945,18,M_5189,Other
5190,booknlp,COREF,306,he,316189,316191,22,2945,18,M_5190,Other
5191,booknlp,COREF,306,himself,316207,316214,22,2945,18,M_5191,Other
5192,booknlp,COREF,306,him,316243,316246,22,2945,18,M_5192,Other
5193,booknlp,COREF,306,he,316256,316258,22,2945,18,M_5193,Other
5194,booknlp,COREF,212,her,316270,316273,6,2945,18,M_5194,Other
5195,booknlp,COREF,306,he,316284,316286,22,2945,18,M_5195,Other
5196,booknlp,COREF,212,her,316305,316308,6,2945,18,M_5196,Other
5197,booknlp,COREF,306,himself,316324,316331,22,2945,18,M_5197,Other
5198,booknlp,COREF,306,He,316333,316335,22,2945,18,M_5198,Other
5199,booknlp,COREF,306,His,316377,316380,22,2946,18,M_5199,Other
5200,booknlp,COREF,306,he,316477,316479,22,2946,18,M_5200,Other
5201,exp,exp_name,belmonte,Belmonte,316500,316508,4,2946,18,M_5201,PROPN
5202,exp,exp_name,romero,Romero,316558,316564,22,2946,18,M_5202,PROPN
5203,exp,exp_name,romero,Romero,316953,316959,22,2946,18,M_5203,PROPN
5204,booknlp,COREF,306,He,317008,317010,22,2946,18,M_5204,Other
5205,exp,exp_name,romero,Romero,317035,317041,22,2946,18,M_5205,PROPN
5206,booknlp,COREF,306,his,317050,317053,22,2946,18,M_5206,Other
5207,exp,exp_name,belmonte,Belmonte,317460,317468,4,2946,18,M_5207,PROPN
5208,exp,exp_name,romero,Romero,317595,317601,22,2947,18,M_5208,PROPN
5209,booknlp,COREF,306,his,317626,317629,22,2947,18,M_5209,Other
5210,booknlp,COREF,306,He,317636,317638,22,2947,18,M_5210,Other
5211,booknlp,COREF,306,he,317785,317787,22,2947,18,M_5211,Other
5212,exp,exp_name,romero,Romero,317801,317807,22,2947,18,M_5212,PROPN
5213,booknlp,COREF,306,his,317814,317817,22,2947,18,M_5213,Other
5214,booknlp,COREF,306,his,317852,317855,22,2947,18,M_5214,Other
5215,exp,exp_name,romero,Romero,317942,317948,22,2947,18,M_5215,PROPN
5216,exp,exp_name,romero,Romero,318047,318053,22,2947,18,M_5216,PROPN
5217,exp,exp_name,romero,Romero,318092,318098,22,2947,18,M_5217,PROPN
5218,booknlp,COREF,306,he,318159,318161,22,2947,18,M_5218,Other
5219,exp,exp_name,the man,the man,318194,318201,33,2947,18,M_5219,PROPN
5220,booknlp,COREF,306,he,318359,318361,22,2947,18,M_5220,Other
5221,booknlp,COREF,306,He,318394,318396,22,2947,18,M_5221,Other
5222,booknlp,COREF,306,his,318474,318477,22,2947,18,M_5222,Other
5223,booknlp,COREF,306,his,318530,318533,22,2947,18,M_5223,Other
5224,booknlp,COREF,306,his,318542,318545,22,2947,18,M_5224,Other
5225,booknlp,COREF,306,his,318551,318554,22,2947,18,M_5225,Other
5226,booknlp,COREF,306,his,318563,318566,22,2947,18,M_5226,Other
5227,booknlp,COREF,306,his,318594,318597,22,2947,18,M_5227,Other
5228,booknlp,COREF,306,his,318619,318622,22,2948,18,M_5228,Other
5229,booknlp,COREF,306,he,318633,318635,22,2948,18,M_5229,Other
5230,booknlp,COREF,306,His,318649,318652,22,2948,18,M_5230,Other
5231,exp,exp_name,romero,Romero,318723,318729,22,2948,18,M_5231,PROPN
5232,booknlp,COREF,306,He,318776,318778,22,2948,18,M_5232,Other
5233,pdnc,qID,Q2360-0,him,319073,319076,22,2949,18,M_5233,Other
5234,exp,exp_name,brett,Brett,319079,319084,6,2949,18,M_5234,PROPN
5235,pdnc,qID,Q2361-0,him,319111,319114,22,2950,18,M_5235,Other
5236,pdnc,qID,Q2362-0,Romero,319176,319182,22,2951,18,M_5236,PROPN
5237,pdnc,qID,Q2363-0,he,319197,319199,22,2952,18,M_5237,Other
5238,exp,exp_name,romero,Romero,319467,319473,22,2954,18,M_5238,PROPN
5239,booknlp,COREF,306,He,319518,319520,22,2954,18,M_5239,Other
5240,exp,exp_name,romero,Romero,319736,319742,22,2954,18,M_5240,PROPN
5241,booknlp,COREF,306,he,319772,319774,22,2954,18,M_5241,Other
5242,booknlp,COREF,306,he,319814,319816,22,2954,18,M_5242,Other
5243,booknlp,COREF,306,his,319852,319855,22,2954,18,M_5243,Other
5244,exp,exp_name,belmonte,Belmonte,319896,319904,4,2954,18,M_5244,PROPN
5245,booknlp,COREF,329,himself,319920,319927,4,2954,18,M_5245,Other
5246,exp,exp_name,belmonte,Belmonte,319954,319962,4,2954,18,M_5246,PROPN
5247,booknlp,COREF,306,he,320020,320022,22,2955,18,M_5247,Other
5248,exp,exp_name,romero,Romero,320282,320288,22,2959,18,M_5248,PROPN
5249,booknlp,COREF,306,him,320364,320367,22,2959,18,M_5249,Other
5250,booknlp,COREF,306,he,320492,320494,22,2959,18,M_5250,Other
5251,booknlp,COREF,306,him,320499,320502,22,2959,18,M_5251,Other
5252,pdnc,qID,Q2365-0,He,320748,320750,22,2960,18,M_5252,Other
5253,exp,exp_name,brett,Brett,320783,320788,6,2960,18,M_5253,PROPN
5254,pdnc,qID,Q2365-1,He,320816,320818,22,2960,18,M_5254,Other
5255,pdnc,qID,Q2365-1,himself,320833,320840,22,2960,18,M_5255,Other
5256,exp,exp_name,romero,Romero,320878,320884,22,2961,18,M_5256,PROPN
5257,booknlp,COREF,306,his,320973,320976,22,2961,18,M_5257,Other
5258,exp,exp_name,romero,Romero,321032,321038,22,2961,18,M_5258,PROPN
5259,exp,exp_name,romero,Romero,321048,321054,22,2961,18,M_5259,PROPN
5260,booknlp,COREF,306,him,321118,321121,22,2961,18,M_5260,Other
5261,booknlp,COREF,306,his,321123,321126,22,2961,18,M_5261,Other
5262,booknlp,COREF,306,he,321218,321220,22,2961,18,M_5262,Other
5263,exp,exp_name,romero,Romero,321244,321250,22,2961,18,M_5263,PROPN
5264,exp,exp_name,romero,Romero,321433,321439,22,2961,18,M_5264,PROPN
5265,booknlp,COREF,306,he,321461,321463,22,2961,18,M_5265,Other
5266,booknlp,COREF,306,his,321508,321511,22,2961,18,M_5266,Other
5267,booknlp,COREF,306,his,321540,321543,22,2961,18,M_5267,Other
5268,booknlp,COREF,306,his,321630,321633,22,2961,18,M_5268,Other
5269,booknlp,COREF,306,his,321645,321648,22,2961,18,M_5269,Other
5270,booknlp,COREF,306,his,321669,321672,22,2961,18,M_5270,Other
5271,pdnc,qID,Q2366-0,he,321696,321698,22,2962,18,M_5271,Other
5272,booknlp,COREF,240,Bill,321706,321710,5,2962,18,M_5272,Other
5273,exp,exp_name,romero,Romero,321718,321724,22,2963,18,M_5273,PROPN
5274,booknlp,COREF,306,him,321764,321767,22,2963,18,M_5274,Other
5275,booknlp,COREF,306,His,321769,321772,22,2963,18,M_5275,Other
5276,booknlp,COREF,306,he,321788,321790,22,2963,18,M_5276,Other
5277,exp,exp_name,romero,Romero,321962,321968,22,2964,18,M_5277,PROPN
5278,booknlp,COREF,306,his,322012,322015,22,2964,18,M_5278,Other
5279,booknlp,COREF,306,he,322028,322030,22,2964,18,M_5279,Other
5280,pdnc,qID,Q2367-0,He,322205,322207,22,2966,18,M_5280,Other
5281,booknlp,COREF,306,me,322213,322215,22,2966,18,M_5281,Other
5282,exp,exp_name,romero,Romero,322229,322235,22,2966,18,M_5282,PROPN
5283,booknlp,COREF,306,He,322237,322239,22,2966,18,M_5283,Other
5284,booknlp,COREF,306,his,322250,322253,22,2966,18,M_5284,Other
5285,booknlp,COREF,306,him,322285,322288,22,2966,18,M_5285,Other
5286,exp,exp_name,romero,Romero,322304,322310,22,2966,18,M_5286,PROPN
5287,booknlp,COREF,306,his,322317,322320,22,2966,18,M_5287,Other
5288,booknlp,COREF,306,him,322335,322338,22,2966,18,M_5288,Other
5289,booknlp,COREF,306,He,322364,322366,22,2966,18,M_5289,Other
5290,exp,exp_name,romero,Romero,322450,322456,22,2967,18,M_5290,PROPN
5291,exp,exp_name,the man,the man,322527,322534,33,2967,18,M_5291,PROPN
5292,exp,exp_name,romero,Romero,322567,322573,22,2968,18,M_5292,PROPN
5293,booknlp,COREF,306,his,322587,322590,22,2968,18,M_5293,Other
5294,booknlp,COREF,306,he,322638,322640,22,2968,18,M_5294,Other
5295,exp,exp_name,cohn,Cohn,322781,322785,23,2968,18,M_5295,PROPN
5296,booknlp,COREF,306,his,322802,322805,22,2968,18,M_5296,Other
5297,booknlp,COREF,306,his,322817,322820,22,2968,18,M_5297,Other
5298,booknlp,COREF,306,his,322847,322850,22,2968,18,M_5298,Other
5299,booknlp,COREF,306,He,322862,322864,22,2968,18,M_5299,Other
5300,booknlp,COREF,306,he,322910,322912,22,2968,18,M_5300,Other
5301,exp,exp_name,romero,Romero,323072,323078,22,2968,18,M_5301,PROPN
5302,booknlp,COREF,306,he,323102,323104,22,2969,18,M_5302,Other
5303,booknlp,COREF,306,his,323118,323121,22,2969,18,M_5303,Other
5304,booknlp,COREF,306,him,323181,323184,22,2969,18,M_5304,Other
5305,exp,exp_name,romero,Romero,323264,323270,22,2969,18,M_5305,PROPN
5306,booknlp,COREF,306,he,323334,323336,22,2969,18,M_5306,Other
5307,exp,exp_name,romero,Romero,323637,323643,22,2970,18,M_5307,PROPN
5308,booknlp,COREF,306,He,323670,323672,22,2970,18,M_5308,Other
5309,booknlp,COREF,306,he,323687,323689,22,2970,18,M_5309,Other
5310,booknlp,COREF,306,he,323734,323736,22,2970,18,M_5310,Other
5311,booknlp,COREF,306,He,323748,323750,22,2970,18,M_5311,Other
5312,booknlp,COREF,306,him,323883,323886,22,2970,18,M_5312,Other
5313,exp,exp_name,romero,Romero,323888,323894,22,2970,18,M_5313,PROPN
5314,exp,exp_name,romero,Romero,323962,323968,22,2970,18,M_5314,PROPN
5315,booknlp,COREF,306,he,324090,324092,22,2970,18,M_5315,Other
5316,exp,exp_name,romero,Romero,324229,324235,22,2970,18,M_5316,PROPN
5317,exp,exp_name,romero,Romero,324412,324418,22,2970,18,M_5317,PROPN
5318,booknlp,COREF,306,him,324457,324460,22,2970,18,M_5318,Other
5319,exp,exp_name,romero,Romero,324632,324638,22,2970,18,M_5319,PROPN
5320,exp,exp_name,romero,Romero,324947,324953,22,2970,18,M_5320,PROPN
5321,booknlp,COREF,306,him,325038,325041,22,2970,18,M_5321,Other
5322,booknlp,COREF,306,him,325101,325104,22,2970,18,M_5322,Other
5323,exp,exp_name,romero,Romero,325152,325158,22,2971,18,M_5323,PROPN
5324,booknlp,COREF,306,his,325177,325180,22,2971,18,M_5324,Other
5325,exp,exp_name,romero,Romero,325250,325256,22,2971,18,M_5325,PROPN
5326,booknlp,COREF,306,He,325309,325311,22,2971,18,M_5326,Other
5327,exp,exp_name,brett,Brett,325362,325367,6,2971,18,M_5327,PROPN
5328,booknlp,COREF,306,He,325369,325371,22,2971,18,M_5328,Other
5329,booknlp,COREF,306,his,325379,325382,22,2971,18,M_5329,Other
5330,booknlp,COREF,306,him,325425,325428,22,2971,18,M_5330,Other
5331,exp,exp_name,brett,Brett,325430,325435,6,2971,18,M_5331,PROPN
5332,pdnc,qID,Q2368-0,You,325458,325461,6,2972,18,M_5332,Other
5333,exp,exp_name,romero,Romero,325473,325479,22,2972,18,M_5333,PROPN
5334,exp,exp_name,brett,Brett,325489,325494,6,2973,18,M_5334,PROPN
5335,exp,exp_name,brett,Brett,325555,325560,6,2973,18,M_5335,PROPN
5336,booknlp,COREF,212,her,325576,325579,6,2973,18,M_5336,Other
5337,exp,exp_name,romero,Romero,325607,325613,22,2974,18,M_5337,PROPN
5338,booknlp,COREF,306,him,325650,325653,22,2974,18,M_5338,Other
5339,exp,exp_name,brett,Brett,325679,325684,6,2974,18,M_5339,PROPN
5340,exp,exp_name,romero,Romero,325739,325745,22,2974,18,M_5340,PROPN
5341,booknlp,COREF,306,him,325810,325813,22,2974,18,M_5341,Other
5342,booknlp,COREF,306,him,325829,325832,22,2974,18,M_5342,Other
5343,booknlp,COREF,306,him,325841,325844,22,2974,18,M_5343,Other
5344,booknlp,COREF,306,He,325865,325867,22,2974,18,M_5344,Other
5345,booknlp,COREF,306,He,325953,325955,22,2974,18,M_5345,Other
5346,booknlp,COREF,306,him,326020,326023,22,2974,18,M_5346,Other
5347,booknlp,COREF,306,him,326035,326038,22,2974,18,M_5347,Other
5348,booknlp,COREF,306,his,326065,326068,22,2974,18,M_5348,Other
5349,booknlp,COREF,306,his,326093,326096,22,2974,18,M_5349,Other
5350,booknlp,COREF,306,him,326135,326138,22,2974,18,M_5350,Other
5351,booknlp,COREF,306,He,326172,326174,22,2974,18,M_5351,Other
5352,booknlp,COREF,306,his,326179,326182,22,2974,18,M_5352,Other
5353,booknlp,COREF,306,He,326212,326214,22,2974,18,M_5353,Other
5354,booknlp,COREF,306,him,326294,326297,22,2974,18,M_5354,Other
5355,exp,exp_name,brett,Brett,326337,326342,6,2975,18,M_5355,PROPN
5356,booknlp,COREF,240,Bill,326359,326363,5,2975,18,M_5356,Other
5357,exp,exp_name,belmonte,Belmonte,326470,326478,4,2975,18,M_5357,PROPN
5358,booknlp,COREF,329,his,326492,326495,4,2975,18,M_5358,Other
5359,booknlp,COREF,329,his,326516,326519,4,2975,18,M_5359,Other
5360,exp,exp_name,belmonte,Belmonte,326583,326591,4,2975,18,M_5360,PROPN
5361,exp,exp_name,belmonte,Belmonte,326669,326677,4,2975,18,M_5361,PROPN
5362,exp,exp_name,belmonte,Belmonte,326774,326782,4,2975,18,M_5362,PROPN
5363,booknlp,COREF,329,He,326797,326799,4,2975,18,M_5363,Other
5364,booknlp,COREF,240,Bill,326826,326830,5,2976,18,M_5364,Other
5365,exp,exp_name,belmonte,Belmonte,326948,326956,4,2976,18,M_5365,PROPN
5366,booknlp,COREF,329,his,326975,326978,4,2976,18,M_5366,Other
5367,booknlp,COREF,329,him,326999,327002,4,2976,18,M_5367,Other
5368,booknlp,COREF,240,Bill,327069,327073,5,2977,18,M_5368,Other
5369,booknlp,COREF,240,I,327081,327082,5,2977,18,M_5369,Other
5370,pdnc,qID,Q2371-0,Edna,327534,327538,8,2979,18,M_5370,PROPN
5371,booknlp,COREF,240,Bill,327549,327553,5,2979,18,M_5371,Other
5372,booknlp,COREF,240,I,327768,327769,5,2982,18,M_5372,Other
5373,pdnc,qID,Q2373-0,Cohn,327787,327791,23,2982,18,M_5373,Other
5374,booknlp,COREF,240,Bill,327794,327798,5,2982,18,M_5374,Other
5375,pdnc,qID,Q2373-1,He,327806,327808,23,2982,18,M_5375,Other
5376,pdnc,qID,Q2374-0,Cohn,327848,327852,23,2983,18,M_5376,Other
5377,pdnc,qID,Q2375-0,you,327874,327877,15,2984,18,M_5377,Other
5378,pdnc,qID,Q2375-0,he,327886,327888,23,2984,18,M_5378,Other
5379,pdnc,qID,Q2377-0,you,327922,327925,15,2986,18,M_5379,Other
5380,pdnc,qID,Q2377-0,he,327934,327936,23,2986,18,M_5380,Other
5381,pdnc,qID,Q2378-0,him,327964,327967,23,2987,18,M_5381,Other
5382,pdnc,qID,Q2379-0,you,327980,327983,15,2988,18,M_5382,Other
5383,pdnc,qID,Q2379-0,he,327992,327994,23,2988,18,M_5383,Other
5384,pdnc,qID,Q2380-0,his old girl,328018,328030,9,2989,18,M_5384,Other
5385,pdnc,qID,Q2381-0,his old girl,328053,328065,9,2990,18,M_5385,Other
5386,pdnc,qID,Q2382-0,Frances,328085,328092,9,2991,18,M_5386,Other
5387,pdnc,qID,Q2383-0,you,328131,328134,5,2993,18,M_5387,Other
5388,booknlp,COREF,240,Bill,328190,328194,5,2995,18,M_5388,Other
5389,pdnc,qID,Q2387-0,You,328282,328285,15,2997,18,M_5389,Other
5390,pdnc,qID,Q2391-0,waiter,328483,328489,37,3001,18,M_5390,Other
5391,pdnc,qID,Q2391-0,se or,328517,328522,15,3001,18,M_5391,Other
5392,booknlp,COREF,240,Bill,328574,328578,5,3003,18,M_5392,Other
5393,pdnc,qID,Q2394-0,you,328715,328718,15,3005,18,M_5393,Other
5394,booknlp,COREF,240,I,328728,328729,5,3006,18,M_5394,Other
5395,pdnc,qID,Q2398-0,You,328799,328802,15,3009,18,M_5395,Other
5396,pdnc,qID,Q2398-0,waiter,328856,328862,37,3009,18,M_5396,Other
5397,pdnc,qID,Q2398-0,se or,328890,328895,15,3009,18,M_5397,Other
5398,booknlp,COREF,240,Bill,328978,328982,5,3010,18,M_5398,Other
5399,pdnc,qID,Q2401-0,you,329144,329147,15,3013,18,M_5399,Other
5400,booknlp,COREF,240,I,329214,329215,5,3015,18,M_5400,Other
5401,pdnc,qID,Q2403-0,You,329231,329234,15,3016,18,M_5401,Other
5402,pdnc,qID,Q2404-0,you,329260,329263,5,3017,18,M_5402,Other
5403,pdnc,qID,Q2405-0,your,329312,329316,15,3018,18,M_5403,Other
5404,booknlp,COREF,240,I,329343,329344,5,3019,18,M_5404,Other
5405,pdnc,qID,Q2406-0,you,329367,329370,5,3019,18,M_5405,Other
5406,exp,exp_name,brett,Brett,329551,329556,6,3022,18,M_5406,PROPN
5407,booknlp,COREF,219,Mike,329601,329605,19,3022,18,M_5407,PROPN
5408,booknlp,COREF,219,He,329630,329632,19,3022,18,M_5408,Other
5409,pdnc,qID,Q2409-0,Jake,329651,329655,15,3023,18,M_5409,Other
5410,booknlp,COREF,219,he,329658,329660,19,3023,18,M_5410,Other
5411,pdnc,qID,Q2409-1,Jake,329677,329681,15,3023,18,M_5411,Other
5412,pdnc,qID,Q2410-0,Brett,329770,329775,6,3025,18,M_5412,PROPN
5413,pdnc,qID,Q2410-0,you,329777,329780,15,3025,18,M_5413,Other
5414,pdnc,qID,Q2410-0,She,329787,329790,6,3025,18,M_5414,Other
5415,pdnc,qID,Q2410-0,the bull-fighter chap,329807,329828,22,3025,18,M_5415,Other
5416,pdnc,qID,Q2412-0,She,329845,329848,6,3027,18,M_5416,Other
5417,pdnc,qID,Q2412-0,you,329860,329863,15,3027,18,M_5417,Other
5418,booknlp,COREF,219,Mike,329953,329957,19,3029,18,M_5418,PROPN
5419,pdnc,qID,Q2414-1,She,329965,329968,6,3029,18,M_5419,Other
5420,booknlp,COREF,219,I,330028,330029,19,3031,18,M_5420,Other
5421,pdnc,qID,Q2418-0,you,330108,330111,15,3033,18,M_5421,Other
5422,booknlp,COREF,219,I,330119,330120,19,3033,18,M_5422,Other
5423,booknlp,COREF,219,myself,330131,330137,19,3033,18,M_5423,Other
5424,booknlp,COREF,219,Mike,330186,330190,19,3035,18,M_5424,PROPN
5425,pdnc,qID,Q2420-1,old Jake,330214,330222,15,3035,18,M_5425,Other
5426,booknlp,COREF,240,Bill,330451,330455,5,3036,18,M_5426,Other
5427,booknlp,COREF,219,Mike,330460,330464,19,3036,18,M_5427,PROPN
5428,pdnc,qID,Q2421-0,He,330541,330543,15,3037,18,M_5428,Other
5429,pdnc,qID,Q2421-0,him,330565,330568,15,3037,18,M_5429,Other
5430,pdnc,qID,Q2422-0,He,330579,330581,15,3038,18,M_5430,Other
5431,booknlp,COREF,219,Mike,330602,330606,19,3038,18,M_5431,PROPN
5432,pdnc,qID,Q2423-0,he,330930,330932,15,3040,18,M_5432,Other
5433,booknlp,COREF,240,Bill,330943,330947,5,3040,18,M_5433,Other
5434,pdnc,qID,Q2423-1,Good old Jake,330950,330963,15,3040,18,M_5434,Other
5435,booknlp,COREF,240,I,330965,330966,5,3040,18,M_5435,Other
5436,pdnc,qID,Q2423-1,you,330972,330975,15,3040,18,M_5436,Other
5437,pdnc,qID,Q2424-0,you old drunk,331005,331018,15,3041,18,M_5437,Other
5438,booknlp,COREF,219,Mike,331021,331025,19,3041,18,M_5438,PROPN
5439,booknlp,COREF,240,I,331034,331035,5,3042,18,M_5439,Other
5440,booknlp,COREF,240,Bill,331079,331083,5,3043,18,M_5440,Other
5441,exp,exp_name,the waiter,The waiter,331863,331873,37,3048,19,M_5441,PROPN
5442,exp,exp_name,a waiter,A waiter,332043,332051,2,3048,19,M_5442,PROPN
5443,booknlp,COREF,240,Bill,332311,332315,5,3049,19,M_5443,Other
5444,booknlp,COREF,240,him,332337,332340,5,3049,19,M_5444,Other
5445,booknlp,COREF,240,He,332373,332375,5,3049,19,M_5445,Other
5446,booknlp,COREF,240,he,332429,332431,5,3050,19,M_5446,Other
5447,pdnc,qID,Q2428-1,you,332480,332483,5,3051,19,M_5447,Other
5448,booknlp,COREF,240,I,332491,332492,5,3052,19,M_5448,Other
5449,booknlp,COREF,240,I,332526,332527,5,3052,19,M_5449,Other
5450,pdnc,qID,Q2429-0,you,332542,332545,15,3052,19,M_5450,Other
5451,booknlp,COREF,240,I,332641,332642,5,3054,19,M_5451,Other
5452,booknlp,COREF,219,Mike,332671,332675,19,3055,19,M_5452,PROPN
5453,booknlp,COREF,219,He,332692,332694,19,3056,19,M_5453,Other
5454,booknlp,COREF,240,You,332774,332777,5,3057,19,M_5454,Other
5455,exp,exp_name,montoya,Montoya,332917,332924,20,3060,19,M_5455,PROPN
5456,exp,exp_name,the chauffeur,The chauffeur,333003,333016,28,3060,19,M_5456,PROPN
5457,booknlp,COREF,720,him,333086,333089,28,3060,19,M_5457,Other
5458,booknlp,COREF,219,Mike,333288,333292,19,3060,19,M_5458,PROPN
5459,booknlp,COREF,240,Bill,333512,333516,5,3060,19,M_5459,Other
5460,booknlp,COREF,240,he,333547,333549,5,3060,19,M_5460,Other
5461,booknlp,COREF,240,His,333576,333579,5,3060,19,M_5461,Other
5462,booknlp,COREF,240,Bill,333703,333707,5,3061,19,M_5462,Other
5463,booknlp,COREF,219,Mike,333738,333742,19,3062,19,M_5463,PROPN
5464,booknlp,COREF,240,Bill,333798,333802,5,3063,19,M_5464,Other
5465,pdnc,qID,Q2441-0,Old Mike,333874,333882,19,3065,19,M_5465,PROPN
5466,booknlp,COREF,240,Bill,333897,333901,5,3065,19,M_5466,Other
5467,booknlp,COREF,219,Mike,334073,334077,19,3067,19,M_5467,PROPN
5468,booknlp,COREF,240,Bill,334163,334167,5,3069,19,M_5468,Other
5469,booknlp,COREF,219,Mike,334188,334192,19,3069,19,M_5469,PROPN
5470,booknlp,COREF,219,Mike,334316,334320,19,3069,19,M_5470,PROPN
5471,booknlp,COREF,219,he,334343,334345,19,3069,19,M_5471,Other
5472,booknlp,COREF,240,Bill,334526,334530,5,3069,19,M_5472,Other
5473,booknlp,COREF,219,Mike,334535,334539,19,3069,19,M_5473,PROPN
5474,booknlp,COREF,219,Mike,334548,334552,19,3069,19,M_5474,PROPN
5475,booknlp,COREF,240,Bill,334589,334593,5,3069,19,M_5475,Other
5476,booknlp,COREF,219,Mike,334628,334632,19,3069,19,M_5476,PROPN
5477,booknlp,COREF,219,He,334668,334670,19,3069,19,M_5477,Other
5478,booknlp,COREF,240,Bill,334694,334698,5,3069,19,M_5478,Other
5479,booknlp,COREF,240,Bill,334700,334704,5,3069,19,M_5479,Other
5480,pdnc,qID,Q2443-0,yours,334786,334791,19,3070,19,M_5480,Other
5481,pdnc,qID,Q2443-0,Mike,334793,334797,19,3070,19,M_5481,PROPN
5482,booknlp,COREF,240,Bill,334800,334804,5,3070,19,M_5482,Other
5483,pdnc,qID,Q2443-1,"Old Mike, the gambler",334812,334833,19,3070,19,M_5483,Other
5484,booknlp,COREF,219,I,334838,334839,19,3071,19,M_5484,Other
5485,booknlp,COREF,219,Mike,334853,334857,19,3071,19,M_5485,PROPN
5486,booknlp,COREF,219,I,334865,334866,19,3071,19,M_5486,Other
5487,booknlp,COREF,219,I,334906,334907,19,3073,19,M_5487,Other
5488,booknlp,COREF,219,Mike,334922,334926,19,3073,19,M_5488,PROPN
5489,booknlp,COREF,219,I,334934,334935,19,3073,19,M_5489,Other
5490,booknlp,COREF,219,I,334945,334946,19,3073,19,M_5490,Other
5491,booknlp,COREF,240,Bill,334998,335002,5,3074,19,M_5491,Other
5492,booknlp,COREF,240,I,335029,335030,5,3075,19,M_5492,Other
5493,pdnc,qID,Q2447-0,Montoya,335054,335061,20,3075,19,M_5493,Other
5494,booknlp,COREF,240,I,335096,335097,5,3076,19,M_5494,Other
5495,pdnc,qID,Q2448-0,you,335106,335109,19,3076,19,M_5495,Other
5496,booknlp,COREF,240,Bill,335120,335124,5,3076,19,M_5496,Other
5497,pdnc,qID,Q2449-0,you,335155,335158,5,3077,19,M_5497,Other
5498,pdnc,qID,Q2449-0,you,335164,335167,5,3077,19,M_5498,Other
5499,booknlp,COREF,240,I,335172,335173,5,3077,19,M_5499,Other
5500,pdnc,qID,Q2450-0,you,335206,335209,19,3078,19,M_5500,Other
5501,booknlp,COREF,240,I,335264,335265,5,3079,19,M_5501,Other
5502,booknlp,COREF,240,I,335305,335306,5,3079,19,M_5502,Other
5503,pdnc,qID,Q2452-0,you,335362,335365,15,3080,19,M_5503,Other
5504,booknlp,COREF,240,Bill,335393,335397,5,3080,19,M_5504,Other
5505,pdnc,qID,Q2452-1,you,335412,335415,15,3080,19,M_5505,Other
5506,booknlp,COREF,219,Mike,335533,335537,19,3082,19,M_5506,PROPN
5507,booknlp,COREF,240,me,335567,335569,5,3083,19,M_5507,Other
5508,booknlp,COREF,240,Bill,335572,335576,5,3083,19,M_5508,Other
5509,pdnc,qID,Q2455-1,Brett ,335588,335594,6,3083,19,M_5509,PROPN
5510,booknlp,COREF,240,He,335606,335608,5,3083,19,M_5510,Other
5511,booknlp,COREF,219,Mike,335619,335623,19,3083,19,M_5511,PROPN
5512,booknlp,COREF,240,I,335627,335628,5,3084,19,M_5512,Other
5513,pdnc,qID,Q2456-0,She,335649,335652,6,3084,19,M_5513,Other
5514,booknlp,COREF,240,I,335673,335674,5,3084,19,M_5514,Other
5515,pdnc,qID,Q2456-0,old Montoya,335683,335694,20,3084,19,M_5515,Other
5516,pdnc,qID,Q2457-0,She,335699,335702,6,3085,19,M_5516,Other
5517,pdnc,qID,Q2457-0,her,335725,335728,6,3085,19,M_5517,Other
5518,booknlp,COREF,240,I,335742,335743,5,3086,19,M_5518,Other
5519,pdnc,qID,Q2458-0,She,335764,335767,6,3086,19,M_5519,Other
5520,pdnc,qID,Q2458-0,She,335789,335792,6,3086,19,M_5520,Other
5521,booknlp,COREF,240,I,335886,335887,5,3087,19,M_5521,Other
5522,booknlp,COREF,240,Bill,335929,335933,5,3087,19,M_5522,Other
5523,booknlp,COREF,240,I,336011,336012,5,3088,19,M_5523,Other
5524,pdnc,qID,Q2461-0,she,336032,336035,6,3089,19,M_5524,Other
5525,pdnc,qID,Q2461-0,her,336052,336055,6,3089,19,M_5525,Other
5526,booknlp,COREF,240,I,336069,336070,5,3090,19,M_5526,Other
5527,pdnc,qID,Q2462-0,She,336088,336091,6,3090,19,M_5527,Other
5528,booknlp,COREF,240,me,336107,336109,5,3090,19,M_5528,Other
5529,pdnc,qID,Q2462-0,she,336115,336118,6,3090,19,M_5529,Other
5530,booknlp,COREF,240,Bill,336135,336139,5,3091,19,M_5530,Other
5531,booknlp,COREF,219,Mike,336206,336210,19,3092,19,M_5531,PROPN
5532,booknlp,COREF,240,Bill,336279,336283,5,3093,19,M_5532,Other
5533,booknlp,COREF,240,Bill,336285,336289,5,3093,19,M_5533,Other
5534,booknlp,COREF,240,Bill,336328,336332,5,3093,19,M_5534,Other
5535,pdnc,qID,Q2466-0,you,336383,336386,19,3094,19,M_5535,Other
5536,pdnc,qID,Q2466-0,Mike,336401,336405,19,3094,19,M_5536,PROPN
5537,booknlp,COREF,240,Bill,336408,336412,5,3094,19,M_5537,Other
5538,pdnc,qID,Q2470-0,You,336611,336614,19,3098,19,M_5538,Other
5539,booknlp,COREF,240,Bill,336638,336642,5,3098,19,M_5539,Other
5540,booknlp,COREF,240,Bill,337070,337074,5,3099,19,M_5540,Other
5541,booknlp,COREF,240,his,337085,337088,5,3099,19,M_5541,Other
5542,booknlp,COREF,240,He,337127,337129,5,3099,19,M_5542,Other
5543,exp,exp_name,the driver,the driver,337160,337170,46,3099,19,M_5543,PROPN
5544,exp,exp_name,the driver,The driver,337187,337197,46,3099,19,M_5544,PROPN
5545,booknlp,COREF,219,Mike,337335,337339,19,3100,19,M_5545,PROPN
5546,booknlp,COREF,219,he,337395,337397,19,3100,19,M_5546,Other
5547,exp,exp_name,the chauffeur,The chauffeur,337407,337420,28,3100,19,M_5547,PROPN
5548,booknlp,COREF,720,his,337432,337435,28,3100,19,M_5548,Other
5549,booknlp,COREF,219,Mike,337442,337446,19,3100,19,M_5549,PROPN
5550,pdnc,qID,Q2471-0,you chaps,337489,337498,5,3101,19,M_5550,Other
5551,booknlp,COREF,219,Mike,337501,337505,19,3101,19,M_5551,PROPN
5552,pdnc,qID,Q2472-0,Mike,337554,337558,19,3102,19,M_5552,PROPN
5553,booknlp,COREF,240,Bill,337561,337565,5,3102,19,M_5553,Other
5554,pdnc,qID,Q2473-0,you,337583,337586,19,3103,19,M_5554,Other
5555,booknlp,COREF,219,Mike,337632,337636,19,3104,19,M_5555,PROPN
5556,pdnc,qID,Q2474-1,You,337644,337647,15,3104,19,M_5556,Other
5557,pdnc,qID,Q2474-1,Jake,337669,337673,15,3104,19,M_5557,Other
5558,booknlp,COREF,219,I,337679,337680,19,3104,19,M_5558,Other
5559,pdnc,qID,Q2474-1,you,337689,337692,15,3104,19,M_5559,Other
5560,booknlp,COREF,219,my,337693,337695,19,3104,19,M_5560,Other
5561,pdnc,qID,Q2475-0,Mike,337715,337719,19,3105,19,M_5561,PROPN
5562,pdnc,qID,Q2476-0,you chaps,337733,337742,5,3106,19,M_5562,Other
5563,pdnc,qID,Q2476-0,You,337744,337747,5,3106,19,M_5563,Other
5564,booknlp,COREF,219,Mike,337816,337820,19,3107,19,M_5564,PROPN
5565,booknlp,COREF,219,He,337822,337824,19,3107,19,M_5565,Other
5566,booknlp,COREF,240,Bill,337916,337920,5,3107,19,M_5566,Other
5567,pdnc,qID,Q2477-0,fella,338008,338013,15,3108,19,M_5567,PROPN
5568,booknlp,COREF,240,Bill,338016,338020,5,3108,19,M_5568,Other
5569,pdnc,qID,Q2478-0,kid,338038,338041,5,3109,19,M_5569,Other
5570,booknlp,COREF,1308,I,338060,338061,36,3110,19,M_5570,Other
5571,pdnc,qID,Q2480-0,you,338091,338094,5,3111,19,M_5571,Other
5572,booknlp,COREF,1308,I,338115,338116,36,3112,19,M_5572,Other
5573,pdnc,qID,Q2481-0,fella,338152,338157,15,3112,19,M_5573,PROPN
5574,pdnc,qID,Q2482-0,old kid,338171,338178,5,3113,19,M_5574,Other
5575,booknlp,COREF,240,He,338182,338184,5,3114,19,M_5575,Other
5576,exp,exp_name,the porter,The porter,338224,338234,36,3114,19,M_5576,PROPN
5577,booknlp,COREF,240,Bill,338291,338295,5,3114,19,M_5577,Other
5578,pdnc,qID,Q2483-0,you,338447,338450,46,3115,19,M_5578,Other
5579,exp,exp_name,the driver,the driver,338461,338471,46,3115,19,M_5579,PROPN
5580,pdnc,qID,Q2484-0,you,338595,338598,46,3117,19,M_5580,Other
5581,pdnc,qID,Q2484-0,your,338628,338632,46,3117,19,M_5581,Other
5582,exp,exp_name,the driver,the driver,338793,338803,46,3122,19,M_5582,PROPN
5583,booknlp,COREF,454,him,338813,338816,46,3122,19,M_5583,Other
5584,exp,exp_name,the driver,The driver,338966,338976,46,3122,19,M_5584,PROPN
5585,booknlp,COREF,240,Bill,339160,339164,5,3122,19,M_5585,Other
5586,exp,exp_name,cohn,Cohn,339169,339173,23,3122,19,M_5586,PROPN
5587,booknlp,COREF,240,Bill,339492,339496,5,3123,19,M_5587,Other
5588,exp,exp_name,the waiter,the waiter,340062,340072,37,3124,19,M_5588,PROPN
5589,exp,exp_name,the waiter,The waiter,340481,340491,37,3127,19,M_5589,PROPN
5590,booknlp,COREF,447,He,340537,340539,37,3127,19,M_5590,Other
5591,booknlp,COREF,447,He,340595,340597,37,3127,19,M_5591,Other
5592,booknlp,COREF,447,him,340757,340760,37,3127,19,M_5592,Other
5593,exp,exp_name,the waiter,The waiter,340893,340903,37,3128,19,M_5593,PROPN
5594,booknlp,COREF,447,him,340980,340983,37,3128,19,M_5594,Other
5595,booknlp,COREF,447,him,340995,340998,37,3128,19,M_5595,Other
5596,exp,exp_name,waiter,waiter,341126,341132,2,3128,19,M_5596,PROPN
5597,exp,exp_name,the waiter,the waiter,341422,341432,37,3128,19,M_5597,PROPN
5598,booknlp,COREF,447,He,341443,341445,37,3128,19,M_5598,Other
5599,booknlp,COREF,447,He,341481,341483,37,3128,19,M_5599,Other
5600,booknlp,COREF,447,he,341553,341555,37,3128,19,M_5600,Other
5601,booknlp,COREF,447,his,341602,341605,37,3128,19,M_5601,Other
5602,exp,exp_name,the porter,the porter,341865,341875,36,3129,19,M_5602,PROPN
5603,booknlp,COREF,1308,him,341936,341939,36,3129,19,M_5603,Other
5604,exp,exp_name,the concierge,the concierge,343422,343435,29,3133,19,M_5604,PROPN
5605,booknlp,COREF,625,him,343500,343503,29,3133,19,M_5605,Other
5606,exp,exp_name,montoya,Montoya,343562,343569,20,3133,19,M_5606,PROPN
5607,exp,exp_name,the man,The man,347141,347148,33,3137,19,M_5607,PROPN
5608,exp,exp_name,the concierge,the concierge,351738,351751,29,3144,19,M_5608,PROPN
5609,booknlp,COREF,625,his,351785,351788,29,3144,19,M_5609,Other
5610,exp,exp_name,brett,BRETT,352044,352049,6,3147,19,M_5610,PROPN
5611,exp,exp_name,the concierge,the concierge,352061,352074,29,3148,19,M_5611,PROPN
5612,exp,exp_name,the concierge,The concierge,352249,352262,29,3148,19,M_5612,PROPN
5613,booknlp,COREF,212,you,352314,352317,6,3149,19,M_5613,Other
5614,pdnc,qID,Q2489-0,you,352333,352336,29,3150,19,M_5614,Other
5615,booknlp,COREF,212,YOU,352418,352421,6,3152,19,M_5615,Other
5616,exp,exp_name,brett,BRETT,352487,352492,6,3152,19,M_5616,PROPN
5617,exp,exp_name,the concierge,The concierge,352495,352508,29,3153,19,M_5617,PROPN
5618,booknlp,COREF,625,me,352707,352709,29,3156,19,M_5618,Other
5619,pdnc,qID,Q2491-0,you,352741,352744,29,3156,19,M_5619,Other
5620,booknlp,COREF,625,he,352787,352789,29,3157,19,M_5620,Other
5621,booknlp,COREF,625,I,352797,352798,29,3157,19,M_5621,Other
5622,exp,exp_name,the concierge,the concierge,352956,352969,29,3159,19,M_5622,PROPN
5623,booknlp,COREF,625,me,353003,353005,29,3160,19,M_5623,Other
5624,booknlp,COREF,625,He,353033,353035,29,3161,19,M_5624,Other
5625,exp,exp_name,lady ashley,LADY ASHLEY,353111,353122,6,3162,19,M_5625,PROPN
5626,pdnc,qID,Q2494-0,Lady Ashley,354819,354830,6,3166,19,M_5626,PROPN
5627,pdnc,qID,Q2495-0,an Englishwoman,354877,354892,6,3168,19,M_5627,Other
5628,pdnc,qID,Q2496-1,an Englishwoman,355103,355118,6,3170,19,M_5628,Other
5629,pdnc,qID,Q2496-1,this English lady,355145,355162,6,3170,19,M_5629,Other
5630,pdnc,qID,Q2497-0,She,355266,355269,6,3172,19,M_5630,Other
5631,exp,exp_name,the maid,The maid,355876,355884,48,3180,19,M_5631,PROPN
5632,pdnc,qID,Q2500-1,You,355989,355992,48,3181,19,M_5632,Other
5633,exp,exp_name,the maid,the maid,356040,356048,48,3183,19,M_5633,PROPN
5634,booknlp,COREF,3234,she,356095,356098,48,3183,19,M_5634,Other
5635,exp,exp_name,brett,Brett,356133,356138,6,3184,19,M_5635,PROPN
5636,pdnc,qID,Q2501-1,you,356147,356150,15,3184,19,M_5636,Other
5637,pdnc,qID,Q2501-1,Jake,356152,356156,15,3184,19,M_5637,Other
5638,booknlp,COREF,3234,me,356166,356168,48,3185,19,M_5638,Other
5639,exp,exp_name,the maid,The maid,356212,356220,48,3187,19,M_5639,PROPN
5640,exp,exp_name,brett,Brett,356241,356246,6,3187,19,M_5640,PROPN
5641,booknlp,COREF,212,She,356259,356262,6,3187,19,M_5641,Other
5642,booknlp,COREF,212,her,356286,356289,6,3187,19,M_5642,Other
5643,booknlp,COREF,212,her,356317,356320,6,3187,19,M_5643,Other
5644,pdnc,qID,Q2504-0,Darling,356412,356419,15,3188,19,M_5644,Other
5645,exp,exp_name,brett,Brett,356422,356427,6,3188,19,M_5645,PROPN
5646,booknlp,COREF,212,her,356481,356484,6,3189,19,M_5646,Other
5647,booknlp,COREF,212,She,356486,356489,6,3189,19,M_5647,Other
5648,booknlp,COREF,212,she,356511,356514,6,3189,19,M_5648,Other
5649,booknlp,COREF,212,she,356538,356541,6,3189,19,M_5649,Other
5650,booknlp,COREF,212,She,356574,356577,6,3189,19,M_5650,Other
5651,booknlp,COREF,212,She,356604,356607,6,3189,19,M_5651,Other
5652,pdnc,qID,Q2505-0,Darling,356627,356634,15,3190,19,M_5652,Other
5653,booknlp,COREF,212,I,356636,356637,6,3190,19,M_5653,Other
5654,booknlp,COREF,212,me,356676,356678,6,3191,19,M_5654,Other
5655,pdnc,qID,Q2507-0,He,356709,356711,22,3192,19,M_5655,Other
5656,booknlp,COREF,212,I,356733,356734,6,3192,19,M_5656,Other
5657,pdnc,qID,Q2507-0,him,356740,356743,22,3192,19,M_5657,Other
5658,pdnc,qID,Q2508-0,you,356762,356765,6,3193,19,M_5658,Other
5659,pdnc,qID,Q2508-0,him,356771,356774,22,3193,19,M_5659,Other
5660,booknlp,COREF,212,I,356779,356780,6,3194,19,M_5660,Other
5661,booknlp,COREF,212,I,356830,356831,6,3194,19,M_5661,Other
5662,booknlp,COREF,212,I,356844,356845,6,3194,19,M_5662,Other
5663,pdnc,qID,Q2509-0,him,356851,356854,22,3194,19,M_5663,Other
5664,pdnc,qID,Q2510-0,You,356863,356866,6,3195,19,M_5664,Other
5665,pdnc,qID,Q2510-0,him,356895,356898,22,3195,19,M_5665,Other
5666,pdnc,qID,Q2511-0,He,356903,356905,22,3196,19,M_5666,Other
5667,booknlp,COREF,212,I,356940,356941,6,3196,19,M_5667,Other
5668,booknlp,COREF,212,she,356989,356992,6,3198,19,M_5668,Other
5669,pdnc,qID,Q2515-0,his,357091,357094,22,3200,19,M_5669,Other
5670,booknlp,COREF,212,me,357112,357114,6,3200,19,M_5670,Other
5671,pdnc,qID,Q2515-0,He,357116,357118,22,3200,19,M_5671,Other
5672,booknlp,COREF,212,me,357134,357136,6,3200,19,M_5672,Other
5673,pdnc,qID,Q2515-0,you,357150,357153,15,3200,19,M_5673,Other
5674,pdnc,qID,Q2517-0,him,357191,357194,22,3202,19,M_5674,Other
5675,booknlp,COREF,212,me,357201,357203,6,3202,19,M_5675,Other
5676,booknlp,COREF,212,I,357217,357218,6,3202,19,M_5676,Other
5677,pdnc,qID,Q2517-0,He,357226,357228,22,3202,19,M_5677,Other
5678,booknlp,COREF,212,me,357236,357238,6,3202,19,M_5678,Other
5679,booknlp,COREF,212,my,357247,357249,6,3202,19,M_5679,Other
5680,booknlp,COREF,212,Me,357260,357262,6,3202,19,M_5680,Other
5681,booknlp,COREF,212,I,357280,357281,6,3202,19,M_5681,Other
5682,pdnc,qID,Q2519-0,He,357321,357323,22,3204,19,M_5682,Other
5683,booknlp,COREF,212,me,357343,357345,6,3204,19,M_5683,Other
5684,booknlp,COREF,212,I,357360,357361,6,3204,19,M_5684,Other
5685,pdnc,qID,Q2521-0,he,357404,357406,22,3206,19,M_5685,Other
5686,pdnc,qID,Q2521-0,He,357422,357424,22,3206,19,M_5686,Other
5687,booknlp,COREF,212,me,357443,357445,6,3206,19,M_5687,Other
5688,booknlp,COREF,212,I,357494,357495,6,3208,19,M_5688,Other
5689,booknlp,COREF,212,I,357516,357517,6,3208,19,M_5689,Other
5690,pdnc,qID,Q2523-0,him,357529,357532,22,3208,19,M_5690,Other
5691,booknlp,COREF,212,I,357541,357542,6,3208,19,M_5691,Other
5692,pdnc,qID,Q2523-0,him,357582,357585,22,3208,19,M_5692,Other
5693,pdnc,qID,Q2523-0,He,357587,357589,22,3208,19,M_5693,Other
5694,booknlp,COREF,212,me,357604,357606,6,3208,19,M_5694,Other
5695,pdnc,qID,Q2523-0,you,357623,357626,15,3208,19,M_5695,Other
5696,booknlp,COREF,212,I,357633,357634,6,3208,19,M_5696,Other
5697,pdnc,qID,Q2523-0,him,357640,357643,22,3208,19,M_5697,Other
5698,booknlp,COREF,212,I,357644,357645,6,3208,19,M_5698,Other
5699,pdnc,qID,Q2523-0,He,357663,357665,22,3208,19,M_5699,Other
5700,booknlp,COREF,212,I,357687,357688,6,3208,19,M_5700,Other
5701,pdnc,qID,Q2523-0,his,357703,357706,22,3208,19,M_5701,Other
5702,pdnc,qID,Q2523-0,you,357714,357717,15,3208,19,M_5702,Other
5703,booknlp,COREF,212,me,357809,357811,6,3210,19,M_5703,Other
5704,pdnc,qID,Q2526-0,He,357850,357852,22,3212,19,M_5704,Other
5705,pdnc,qID,Q2526-0,his,357861,357864,22,3212,19,M_5705,Other
5706,exp,exp_name,a waiter,a waiter,357876,357884,2,3212,19,M_5706,PROPN
5707,pdnc,qID,Q2528-0,He,357904,357906,22,3214,19,M_5707,Other
5708,booknlp,COREF,212,me,357923,357925,6,3214,19,M_5708,Other
5709,booknlp,COREF,212,I,357961,357962,6,3216,19,M_5709,Other
5710,pdnc,qID,Q2530-0,Mike,357980,357984,19,3216,19,M_5710,PROPN
5711,pdnc,qID,Q2531-0,he,357995,357997,22,3217,19,M_5711,Other
5712,pdnc,qID,Q2531-0,him,358022,358025,22,3217,19,M_5712,Other
5713,exp,exp_name,ashley,Ashley,358031,358037,6,3217,19,M_5713,PROPN
5714,pdnc,qID,Q2532-0,He,358062,358064,22,3218,19,M_5714,Other
5715,booknlp,COREF,212,me,358088,358090,6,3218,19,M_5715,Other
5716,booknlp,COREF,212,I,358095,358096,6,3218,19,M_5716,Other
5717,pdnc,qID,Q2532-0,him,358119,358122,22,3218,19,M_5717,Other
5718,pdnc,qID,Q2532-0,he,358124,358126,22,3218,19,M_5718,Other
5719,pdnc,qID,Q2532-0,He,358133,358135,22,3218,19,M_5719,Other
5720,booknlp,COREF,212,I,358159,358160,6,3218,19,M_5720,Other
5721,pdnc,qID,Q2532-0,him,358186,358189,22,3218,19,M_5721,Other
5722,booknlp,COREF,212,I,358197,358198,6,3218,19,M_5722,Other
5723,pdnc,qID,Q2533-0,You,358236,358239,6,3219,19,M_5723,Other
5724,booknlp,COREF,212,I,358265,358266,6,3220,19,M_5724,Other
5725,booknlp,COREF,212,I,358271,358272,6,3220,19,M_5725,Other
5726,pdnc,qID,Q2534-0,He,358292,358294,22,3220,19,M_5726,Other
5727,pdnc,qID,Q2534-0,that damned Cohn,358307,358323,23,3220,19,M_5727,Other
5728,pdnc,qID,Q2536-0,You,358337,358340,15,3222,19,M_5728,Other
5729,booknlp,COREF,212,I,358346,358347,6,3222,19,M_5729,Other
5730,pdnc,qID,Q2536-0,him,358366,358369,22,3222,19,M_5730,Other
5731,booknlp,COREF,212,I,358373,358374,6,3222,19,M_5731,Other
5732,pdnc,qID,Q2536-0,him,358402,358405,22,3222,19,M_5732,Other
5733,pdnc,qID,Q2537-0,your,358447,358451,6,3223,19,M_5733,Other
5734,pdnc,qID,Q2538-0,he,358480,358482,22,3224,19,M_5734,Other
5735,pdnc,qID,Q2539-0,you,358559,358562,15,3226,19,M_5735,Other
5736,pdnc,qID,Q2541-0,you,358691,358694,15,3228,19,M_5736,Other
5737,pdnc,qID,Q2544-0,Dear Brett,358996,359006,6,3232,19,M_5737,PROPN
5738,pdnc,qID,Q2545-0,Mike,359029,359033,19,3233,19,M_5738,PROPN
5739,pdnc,qID,Q2546-0,He,359082,359084,19,3233,19,M_5739,Other
5740,pdnc,qID,Q2546-0,he,359106,359108,19,3233,19,M_5740,Other
5741,pdnc,qID,Q2546-0,He,359121,359123,19,3233,19,M_5741,Other
5742,pdnc,qID,Q2547-1,Jake,359271,359275,15,3235,19,M_5742,Other
5743,exp,exp_name,the woman,The woman,359340,359349,39,3236,19,M_5743,PROPN
5744,exp,exp_name,brett,Brett,359447,359452,6,3237,19,M_5744,PROPN
5745,exp,exp_name,the barman,the barman,359688,359698,44,3238,19,M_5745,PROPN
5746,pdnc,qID,Q2549-0,you,359787,359790,6,3239,19,M_5746,Other
5747,pdnc,qID,Q2554-0,You,360010,360013,15,3244,19,M_5747,Other
5748,exp,exp_name,brett,Brett,360021,360026,6,3244,19,M_5748,PROPN
5749,booknlp,COREF,736,He,360051,360053,44,3244,19,M_5749,Other
5750,exp,exp_name,the barman,the barman,360286,360296,44,3246,19,M_5750,PROPN
5751,booknlp,COREF,736,you,360306,360309,44,3247,19,M_5751,Other
5752,booknlp,COREF,736,you,360326,360329,44,3247,19,M_5752,Other
5753,booknlp,COREF,736,I,360349,360350,44,3249,19,M_5753,Other
5754,booknlp,COREF,736,you,360370,360373,44,3249,19,M_5754,Other
5755,exp,exp_name,the barman,The barman,360382,360392,44,3250,19,M_5755,PROPN
5756,booknlp,COREF,736,he,360428,360430,44,3250,19,M_5756,Other
5757,exp,exp_name,brett,Brett,360464,360469,6,3250,19,M_5757,PROPN
5758,booknlp,COREF,212,she,360529,360532,6,3250,19,M_5758,Other
5759,booknlp,COREF,212,Her,360547,360550,6,3250,19,M_5759,Other
5760,pdnc,qID,Q2559-0,You,360670,360673,15,3253,19,M_5760,Other
5761,booknlp,COREF,212,I,360679,360680,6,3253,19,M_5761,Other
5762,pdnc,qID,Q2559-0,He,360709,360711,22,3253,19,M_5762,Other
5763,booknlp,COREF,212,I,360730,360731,6,3253,19,M_5763,Other
5764,pdnc,qID,Q2560-0,you,360789,360792,6,3254,19,M_5764,Other
5765,booknlp,COREF,212,me,360798,360800,6,3254,19,M_5765,Other
5766,pdnc,qID,Q2561-0,you,360848,360851,15,3255,19,M_5766,Other
5767,pdnc,qID,Q2561-0,a lady,360856,360862,6,3255,19,M_5767,Other
5768,exp,exp_name,brett,Brett,360959,360964,6,3258,19,M_5768,PROPN
5769,exp,exp_name,brett,Brett,361018,361023,6,3260,19,M_5769,PROPN
5770,pdnc,qID,Q2566-0,You,361043,361046,15,3262,19,M_5770,Other
5771,exp,exp_name,brett,Brett,361054,361059,6,3262,19,M_5771,PROPN
5772,pdnc,qID,Q2566-1,he,361067,361069,22,3262,19,M_5772,Other
5773,pdnc,qID,Q2566-1,He,361105,361107,22,3262,19,M_5773,Other
5774,pdnc,qID,Q2567-0,He,361157,361159,22,3263,19,M_5774,Other
5775,booknlp,COREF,212,I,361185,361186,6,3264,19,M_5775,Other
5776,pdnc,qID,Q2568-0,He,361199,361201,22,3264,19,M_5776,Other
5777,booknlp,COREF,212,me,361216,361218,6,3264,19,M_5777,Other
5778,pdnc,qID,Q2569-0,you,361261,361264,6,3265,19,M_5778,Other
5779,booknlp,COREF,736,It,361274,361276,44,3266,19,M_5779,Other
5780,booknlp,COREF,212,me,361281,361283,6,3266,19,M_5780,Other
5781,booknlp,COREF,212,I,361288,361289,6,3267,19,M_5781,Other
5782,pdnc,qID,Q2571-0,you,361298,361301,6,3267,19,M_5782,Other
5783,booknlp,COREF,212,I,361350,361351,6,3268,19,M_5783,Other
5784,pdnc,qID,Q2573-0,You,361364,361367,6,3269,19,M_5784,Other
5785,pdnc,qID,Q2573-0,you,361382,361385,6,3269,19,M_5785,Other
5786,booknlp,COREF,212,I,361404,361405,6,3270,19,M_5786,Other
5787,pdnc,qID,Q2574-0,You,361427,361430,15,3270,19,M_5787,Other
5788,booknlp,COREF,212,I,361436,361437,6,3270,19,M_5788,Other
5789,pdnc,qID,Q2574-0,Jake,361463,361467,15,3270,19,M_5789,Other
5790,pdnc,qID,Q2575-0,You,361472,361475,6,3271,19,M_5790,Other
5791,pdnc,qID,Q2576-0,You,361487,361490,15,3272,19,M_5791,Other
5792,pdnc,qID,Q2580-0,He,361658,361660,22,3276,19,M_5792,Other
5793,booknlp,COREF,212,me,361689,361691,6,3276,19,M_5793,Other
5794,exp,exp_name,the barman,The barman,361730,361740,44,3278,19,M_5794,PROPN
5795,exp,exp_name,brett,Brett,361845,361850,6,3279,19,M_5795,PROPN
5796,exp,exp_name,brett,Brett,361937,361942,6,3280,19,M_5796,PROPN
5797,pdnc,qID,Q2584-0,you,361980,361983,44,3281,19,M_5797,Other
5798,exp,exp_name,the barman,the barman,362022,362032,44,3281,19,M_5798,PROPN
5799,booknlp,COREF,736,you,362052,362055,44,3282,19,M_5799,Other
5800,booknlp,COREF,736,me,362069,362071,44,3282,19,M_5800,Other
5801,pdnc,qID,Q2585-0,you,362104,362107,44,3283,19,M_5801,Other
5802,exp,exp_name,brett,Brett,362248,362253,6,3284,19,M_5802,PROPN
5803,booknlp,COREF,212,She,362272,362275,6,3284,19,M_5803,Other
5804,pdnc,qID,Q2586-0,you,362364,362367,15,3285,19,M_5804,Other
5805,pdnc,qID,Q2586-0,Jake,362374,362378,15,3285,19,M_5805,Other
5806,exp,exp_name,brett,Brett,362381,362386,6,3285,19,M_5806,PROPN
5807,booknlp,COREF,212,My,362395,362397,6,3285,19,M_5807,Other
5808,pdnc,qID,Q2586-1,you,362415,362418,15,3285,19,M_5808,Other
5809,booknlp,COREF,212,I,362432,362433,6,3286,19,M_5809,Other
5810,pdnc,qID,Q2587-0,you,362448,362451,6,3286,19,M_5810,Other
5811,exp,exp_name,brett,Brett,362483,362488,6,3288,19,M_5811,PROPN
5812,pdnc,qID,Q2589-0,You,362504,362507,15,3289,19,M_5812,Other
5813,pdnc,qID,Q2589-0,you,362527,362530,15,3289,19,M_5813,Other
5814,booknlp,COREF,212,she,362533,362536,6,3289,19,M_5814,Other
5815,pdnc,qID,Q2591-0,you,362601,362604,15,3291,19,M_5815,Other
5816,pdnc,qID,Q2592-1,you,362670,362673,6,3292,19,M_5816,Other
5817,pdnc,qID,Q2593-0,You,362693,362696,15,3293,19,M_5817,Other
5818,booknlp,COREF,212,me,362703,362705,6,3293,19,M_5818,Other
5819,exp,exp_name,brett,Brett,362718,362723,6,3293,19,M_5819,PROPN
5820,pdnc,qID,Q2596-0,You,362822,362825,6,3296,19,M_5820,Other
5821,pdnc,qID,Q2597-0,You,362871,362874,15,3297,19,M_5821,Other
5822,exp,exp_name,brett,Brett,362990,362995,6,3298,19,M_5822,PROPN
5823,exp,exp_name,brett,Brett,363050,363055,6,3299,19,M_5823,PROPN
5824,exp,exp_name,brett,Brett,363103,363108,6,3299,19,M_5824,PROPN
5825,booknlp,COREF,212,her,363113,363116,6,3299,19,M_5825,Other
5826,pdnc,qID,Q2600-0,Jake,363152,363156,15,3300,19,M_5826,Other
5827,booknlp,COREF,212,she,363159,363162,6,3300,19,M_5827,Other
5828,pdnc,qID,Q2600-1,You,363170,363173,15,3300,19,M_5828,Other
5829,pdnc,qID,Q2601-0,you,363199,363202,6,3301,19,M_5829,Other
5830,booknlp,COREF,212,she,363220,363223,6,3302,19,M_5830,Other
5831,pdnc,qID,Q2602-1,You,363231,363234,15,3302,19,M_5831,Other
5832,booknlp,COREF,212,she,363364,363367,6,3304,19,M_5832,Other
5833,pdnc,qID,Q2604-1,Jake,363375,363379,15,3304,19,M_5833,Other
5834,exp,exp_name,brett,Brett,363476,363481,6,3306,19,M_5834,PROPN
5835,booknlp,COREF,212,I,363489,363490,6,3306,19,M_5835,Other
5836,booknlp,COREF,212,I,363512,363513,6,3306,19,M_5836,Other
5837,exp,exp_name,a waiter,A waiter,363639,363647,2,3308,19,M_5837,PROPN
5838,exp,exp_name,the waiter,the waiter,363801,363811,37,3308,19,M_5838,PROPN
5839,booknlp,COREF,557,him,363846,363849,2,3308,19,M_5839,Other
5840,exp,exp_name,the driver,the driver,363859,363869,46,3308,19,M_5840,PROPN
5841,exp,exp_name,brett,Brett,363904,363909,6,3308,19,M_5841,PROPN
5842,exp,exp_name,the driver,The driver,363911,363921,46,3308,19,M_5842,PROPN
5843,exp,exp_name,brett,Brett,363961,363966,6,3308,19,M_5843,PROPN
5844,booknlp,COREF,212,her,364039,364042,6,3308,19,M_5844,Other
5845,booknlp,COREF,212,she,364047,364050,6,3308,19,M_5845,Other
5846,pdnc,qID,Q2608-0,Jake,364186,364190,15,3309,19,M_5846,Other
5847,exp,exp_name,brett,Brett,364193,364198,6,3309,19,M_5847,PROPN
5848,exp,exp_name,brett,Brett,364372,364377,6,3310,19,M_5848,PROPN
