,source,idColName,iden,text,startByte,endByte,pdncID,paraID,chapID,mID,mention_type
0,exp,exp_name,helen,Helen,73,78,16,4,1,M_0,PROPN
1,exp,exp_name,meg,Meg,143,146,25,7,1,M_1,PROPN
2,exp,exp_name,paul,Paul,325,329,34,8,1,M_2,PROPN
3,exp,exp_name,mrs. wilcox,Mrs. Wilcox,1347,1358,32,9,1,M_3,PROPN
4,exp,exp_name,mr. wilcox,Mr. Wilcox,1410,1420,17,9,1,M_4,PROPN
5,exp,exp_name,tibby,Tibby,1592,1597,45,10,1,M_5,PROPN
6,booknlp,COREF,259,he,1615,1617,45,10,1,M_6,Other
7,booknlp,COREF,259,he,1669,1671,45,10,1,M_7,Other
8,booknlp,COREF,259,he,1714,1716,45,10,1,M_8,Other
9,booknlp,COREF,259,him,1803,1806,45,10,1,M_9,Other
10,exp,exp_name,charles wilcox,Charles Wilcox,1812,1826,8,10,1,M_10,PROPN
11,exp,exp_name,tibby,Tibby,1962,1967,45,10,1,M_11,PROPN
12,exp,exp_name,mrs. wilcox,Mrs. Wilcox,2193,2204,32,11,1,M_12,PROPN
13,exp,exp_name,charles wilcox,Charles Wilcox,2728,2742,8,11,1,M_13,PROPN
14,exp,exp_name,mr. wilcox,Mr. Wilcox,2869,2879,17,11,1,M_14,PROPN
15,exp,exp_name,evie,Evie,2949,2953,14,11,1,M_15,PROPN
16,booknlp,COREF,262,she,3091,3094,14,11,1,M_16,Other
17,booknlp,COREF,262,she,3119,3122,14,11,1,M_17,Other
18,exp,exp_name,mrs. wilcox,Mrs. Wilcox,3141,3152,32,11,1,M_18,PROPN
19,exp,exp_name,meg,Meg,3428,3431,25,11,1,M_19,PROPN
20,exp,exp_name,mrs. wilcox,Mrs. Wilcox,3564,3575,32,11,1,M_20,PROPN
21,exp,exp_name,mrs. wilcox,Mrs. Wilcox,3634,3645,32,12,1,M_21,PROPN
22,exp,exp_name,evie,Evie,3670,3674,14,12,1,M_22,PROPN
23,exp,exp_name,tibby,Tibby,4161,4166,45,12,1,M_23,PROPN
24,exp,exp_name,aunt juley,Aunt Juley,4176,4186,6,12,1,M_24,PROPN
25,booknlp,COREF,263,her,4200,4203,6,12,1,M_25,Other
26,exp,exp_name,helen,HELEN,4292,4297,16,13,1,M_26,PROPN
27,exp,exp_name,meg,Meg,4337,4340,25,16,1,M_27,PROPN
28,exp,exp_name,mrs. wilcox,Mrs. Wilcox,4391,4402,32,17,1,M_28,PROPN
29,exp,exp_name,mr. wilcox,Mr. Wilcox,4757,4767,17,17,1,M_29,PROPN
30,exp,exp_name,meg,Meg,5033,5036,25,17,1,M_30,PROPN
31,exp,exp_name,mr. wilcox,Mr. Wilcox,5458,5468,17,17,1,M_31,PROPN
32,exp,exp_name,charles,Charles,5588,5595,8,17,1,M_32,PROPN
33,exp,exp_name,evie,Evie,5866,5870,14,17,1,M_33,PROPN
34,exp,exp_name,helen,HELEN,6093,6098,16,19,1,M_34,PROPN
35,exp,exp_name,meg,Meg,6149,6152,25,22,1,M_35,PROPN
36,exp,exp_name,paul,Paul,6188,6192,34,22,1,M_36,PROPN
37,exp,exp_name,margaret,Margaret,6274,6282,25,24,2,M_37,PROPN
38,pdnc,qID,Q0-0,you,6437,6440,6,25,2,M_38,Other
39,pdnc,qID,Q0-0,Aunt Juley,6450,6460,6,25,2,M_39,PROPN
40,pdnc,qID,Q0-0,you,6482,6485,6,25,2,M_40,Other
41,pdnc,qID,Q0-0,the father and mother,6510,6531,17,25,2,M_41,Other
42,pdnc,qID,Q0-0,their son,6593,6602,34,25,2,M_42,Other
43,pdnc,qID,Q2-0,Aunt Juley,6718,6728,6,27,2,M_43,PROPN
44,pdnc,qID,Q3-0,Margaret,6749,6757,25,28,2,M_44,PROPN
45,pdnc,qID,Q3-0,dear,6759,6763,25,28,2,M_45,Other
46,pdnc,qID,Q5-0,Margaret,6877,6885,25,30,2,M_46,PROPN
47,pdnc,qID,Q5-0,dear,6887,6891,25,30,2,M_47,Other
48,pdnc,qID,Q6-0,her,6909,6912,16,31,2,M_48,Other
49,exp,exp_name,margaret,Margaret,6934,6942,25,31,2,M_49,PROPN
50,pdnc,qID,Q6-1,Helen,7092,7097,16,31,2,M_50,PROPN
51,pdnc,qID,Q7-0,Margaret,7409,7417,25,32,2,M_51,PROPN
52,pdnc,qID,Q8-0,Helen,7877,7882,16,33,2,M_52,PROPN
53,pdnc,qID,Q8-0,Helen,8051,8056,16,33,2,M_53,PROPN
54,pdnc,qID,Q8-0,Tibby,8110,8115,45,33,2,M_54,PROPN
55,pdnc,qID,Q8-0,she,8155,8158,16,33,2,M_55,Other
56,pdnc,qID,Q8-0,You,8183,8186,6,33,2,M_56,Other
57,pdnc,qID,Q8-0,a young man,8218,8229,34,33,2,M_57,Other
58,pdnc,qID,Q8-0,She,8250,8253,16,33,2,M_58,Other
59,exp,exp_name,mrs. munt,Mrs. Munt,9105,9114,6,36,2,M_59,PROPN
60,booknlp,COREF,264,her,9119,9122,6,36,2,M_60,Other
61,booknlp,COREF,264,her,9150,9153,6,36,2,M_61,Other
62,booknlp,COREF,264,She,9162,9165,6,36,2,M_62,Other
63,exp,exp_name,margaret,Margaret,9179,9187,25,36,2,M_63,PROPN
64,booknlp,COREF,264,she,9288,9291,6,36,2,M_64,Other
65,booknlp,COREF,264,she,9359,9362,6,36,2,M_65,Other
66,booknlp,COREF,264,her,9408,9411,6,36,2,M_66,Other
67,booknlp,COREF,264,she,9505,9508,6,36,2,M_67,Other
68,exp,exp_name,margaret,Margaret,9624,9632,25,37,2,M_68,PROPN
69,booknlp,COREF,264,I,9703,9704,6,38,2,M_69,Other
70,exp,exp_name,mrs. munt,Mrs. Munt,9744,9753,6,38,2,M_70,PROPN
71,exp,exp_name,margaret,Margaret,9791,9799,25,39,2,M_71,PROPN
72,booknlp,COREF,264,me,9856,9858,6,40,2,M_72,Other
73,pdnc,qID,Q12-0,Helen,9860,9865,16,40,2,M_73,PROPN
74,pdnc,qID,Q13-0,Aunt Juley,9887,9897,6,41,2,M_74,PROPN
75,pdnc,qID,Q13-0,Helen,9929,9934,16,41,2,M_75,PROPN
76,pdnc,qID,Q13-0,her,9976,9979,16,41,2,M_76,Other
77,pdnc,qID,Q13-0,her,10001,10004,16,41,2,M_77,Other
78,exp,exp_name,mrs. munt,Mrs. Munt,10073,10082,6,42,2,M_78,PROPN
79,booknlp,COREF,264,her,10099,10102,6,42,2,M_79,Other
80,pdnc,qID,Q14-1,Margaret,10141,10149,25,42,2,M_80,PROPN
81,booknlp,COREF,264,I,10154,10155,6,42,2,M_81,Other
82,pdnc,qID,Q14-1,you,10207,10210,25,42,2,M_82,Other
83,pdnc,qID,Q14-1,Helen,10299,10304,16,42,2,M_83,PROPN
84,booknlp,COREF,264,my,10316,10318,6,42,2,M_84,Other
85,pdnc,qID,Q14-1,you,10422,10425,25,42,2,M_85,Other
86,pdnc,qID,Q14-1,the son,10497,10504,34,42,2,M_86,Other
87,pdnc,qID,Q14-1,She,10509,10512,16,42,2,M_87,Other
88,pdnc,qID,Q14-1,he,10539,10541,34,42,2,M_88,Other
89,pdnc,qID,Q14-1,he,10572,10574,34,42,2,M_89,Other
90,pdnc,qID,Q14-1,Helen,10590,10595,16,42,2,M_90,PROPN
91,pdnc,qID,Q14-1,you,10607,10610,25,42,2,M_91,Other
92,pdnc,qID,Q17-0,you,10738,10741,6,46,2,M_92,Other
93,pdnc,qID,Q19-0,Helen,10809,10814,16,48,2,M_93,PROPN
94,exp,exp_name,margaret,Margaret,10875,10883,25,50,2,M_94,PROPN
95,exp,exp_name,helen,Helen,11221,11226,16,50,2,M_95,PROPN
96,booknlp,COREF,264,I,11344,11345,6,51,2,M_96,Other
97,exp,exp_name,mrs. munt,Mrs. Munt,11381,11390,6,51,2,M_97,PROPN
98,pdnc,qID,Q21-1,you,11468,11471,25,51,2,M_98,Other
99,booknlp,COREF,264,I,11500,11501,6,51,2,M_99,Other
100,pdnc,qID,Q21-1,you,11507,11510,25,51,2,M_100,Other
101,pdnc,qID,Q21-1,Dear,11569,11573,25,51,2,M_101,Other
102,booknlp,COREF,264,I,11575,11576,6,51,2,M_102,Other
103,booknlp,COREF,264,me,11598,11600,6,51,2,M_103,Other
104,booknlp,COREF,264,She,11619,11622,6,51,2,M_104,Other
105,booknlp,COREF,264,her,11634,11637,6,51,2,M_105,Other
106,booknlp,COREF,264,I,11651,11652,6,51,2,M_106,Other
107,pdnc,qID,Q21-2,your,11663,11667,25,51,2,M_107,Other
108,booknlp,COREF,264,me,11682,11684,6,51,2,M_108,Other
109,booknlp,COREF,264,I,11718,11719,6,51,2,M_109,Other
110,pdnc,qID,Q21-2,you,11738,11741,25,51,2,M_110,Other
111,pdnc,qID,Q22-0,Aunt Juley,11746,11756,6,52,2,M_111,PROPN
112,pdnc,qID,Q23-0,You,11829,11832,6,52,2,M_112,Other
113,pdnc,qID,Q23-0,you,11884,11887,6,52,2,M_113,Other
114,booknlp,COREF,264,I,11914,11915,6,53,2,M_114,Other
115,exp,exp_name,mrs. munt,Mrs. Munt,11941,11950,6,53,2,M_115,PROPN
116,booknlp,COREF,264,I,11978,11979,6,53,2,M_116,Other
117,booknlp,COREF,264,I,12071,12072,6,53,2,M_117,Other
118,pdnc,qID,Q24-1,You,12094,12097,25,53,2,M_118,Other
119,pdnc,qID,Q24-1,you,12140,12143,25,53,2,M_119,Other
120,pdnc,qID,Q24-1,your,12154,12158,25,53,2,M_120,Other
121,pdnc,qID,Q24-1,Helen,12171,12176,16,53,2,M_121,PROPN
122,pdnc,qID,Q24-1,you,12189,12192,25,53,2,M_122,Other
123,pdnc,qID,Q24-1,your,12251,12255,25,53,2,M_123,Other
124,pdnc,qID,Q25-0,Helen,12354,12359,16,54,2,M_124,PROPN
125,pdnc,qID,Q25-0,she,12375,12378,16,54,2,M_125,Other
126,pdnc,qID,Q25-0,she,12441,12444,16,54,2,M_126,Other
127,pdnc,qID,Q25-0,you,12515,12518,6,54,2,M_127,Other
128,pdnc,qID,Q25-0,Aunt Juley,12579,12589,6,54,2,M_128,PROPN
129,booknlp,COREF,264,she,12602,12605,6,55,2,M_129,Other
130,booknlp,COREF,264,she,12814,12817,6,55,2,M_130,Other
131,booknlp,COREF,264,her,12833,12836,6,55,2,M_131,Other
132,pdnc,qID,Q26-0,Helen,12861,12866,16,56,2,M_132,PROPN
133,booknlp,COREF,264,me,12891,12893,6,56,2,M_133,Other
134,pdnc,qID,Q27-0,Dear Margaret,12943,12956,25,57,2,M_134,PROPN
135,pdnc,qID,Q27-0,Your,13002,13006,25,57,2,M_135,Other
136,pdnc,qID,Q28-0,she,13056,13059,16,58,2,M_136,Other
137,exp,exp_name,the man,the man,13080,13087,40,58,2,M_137,PROPN
138,booknlp,COREF,264,I,13119,13120,6,58,2,M_138,Other
139,booknlp,COREF,264,her,13194,13197,6,58,2,M_139,Other
140,booknlp,COREF,264,she,13208,13211,6,58,2,M_140,Other
141,booknlp,COREF,264,she,13277,13280,6,58,2,M_141,Other
142,booknlp,COREF,264,she,13308,13311,6,58,2,M_142,Other
143,booknlp,COREF,264,I,13358,13359,6,58,2,M_143,Other
144,booknlp,COREF,264,I,13412,13413,6,58,2,M_144,Other
145,booknlp,COREF,264,I,13427,13428,6,59,2,M_145,Other
146,exp,exp_name,mrs. munt,Mrs. Munt,13452,13461,6,59,2,M_146,PROPN
147,booknlp,COREF,264,I,13477,13478,6,59,2,M_147,Other
148,pdnc,qID,Q29-1,you,13499,13502,25,59,2,M_148,Other
149,pdnc,qID,Q29-1,you,13525,13528,25,59,2,M_149,Other
150,booknlp,COREF,264,I,13573,13574,6,59,2,M_150,Other
151,pdnc,qID,Q29-1,you,13623,13626,25,59,2,M_151,Other
152,pdnc,qID,Q29-1,Helen,13662,13667,16,59,2,M_152,PROPN
153,exp,exp_name,margaret,Margaret,13804,13812,25,60,2,M_153,PROPN
154,pdnc,qID,Q30-0,you,13837,13840,6,61,2,M_154,Other
155,booknlp,COREF,264,I,13901,13902,6,62,2,M_155,Other
156,pdnc,qID,Q32-0,you,13946,13949,6,63,2,M_156,Other
157,pdnc,qID,Q34-0,you,14247,14250,25,64,2,M_157,Other
158,pdnc,qID,Q34-0,you,14299,14302,25,64,2,M_158,Other
159,exp,exp_name,margaret,Margaret,14474,14482,25,65,2,M_159,PROPN
160,exp,exp_name,helen,Helen,14983,14988,16,68,2,M_160,PROPN
161,exp,exp_name,the doctor,the doctor,15178,15188,24,68,2,M_161,PROPN
162,exp,exp_name,tibby,Tibby,15212,15217,45,68,2,M_162,PROPN
163,exp,exp_name,aunt juley,Aunt Juley,15267,15277,6,68,2,M_163,PROPN
164,booknlp,COREF,263,her,15304,15307,6,68,2,M_164,Other
165,exp,exp_name,margaret,Margaret,15352,15360,25,69,2,M_165,PROPN
166,pdnc,qID,Q35-0,you,15521,15524,6,69,2,M_166,Other
167,exp,exp_name,tibby,Tibby,15601,15606,45,70,2,M_167,PROPN
168,exp,exp_name,margaret,Margaret,15652,15660,25,70,2,M_168,PROPN
169,pdnc,qID,Q36-0,You,15706,15709,6,71,2,M_169,Other
170,pdnc,qID,Q36-0,Aunt Juley,15725,15735,6,71,2,M_170,PROPN
171,pdnc,qID,Q36-0,Helen,15803,15808,16,71,2,M_171,PROPN
172,pdnc,qID,Q36-0,you,15827,15830,6,71,2,M_172,Other
173,exp,exp_name,mrs. munt,Mrs. Munt,16019,16028,6,72,2,M_173,PROPN
174,booknlp,COREF,264,she,16043,16046,6,72,2,M_174,Other
175,pdnc,qID,Q38-0,you,16144,16147,6,73,2,M_175,Other
176,pdnc,qID,Q38-0,Helen,16185,16190,16,73,2,M_176,PROPN
177,pdnc,qID,Q39-0,Helen,16205,16210,16,74,2,M_177,PROPN
178,exp,exp_name,margaret,Margaret,16292,16300,25,75,2,M_178,PROPN
179,exp,exp_name,margaret,Margaret,17317,17325,25,77,2,M_179,PROPN
180,exp,exp_name,margaret,Margaret,17870,17878,25,77,2,M_180,PROPN
181,exp,exp_name,mrs. munt,Mrs. Munt,17986,17995,6,77,2,M_181,PROPN
182,booknlp,COREF,264,she,18004,18007,6,77,2,M_182,Other
183,exp,exp_name,margaret,Margaret,18194,18202,25,77,2,M_183,PROPN
184,exp,exp_name,helen,HELEN,18333,18338,16,78,2,M_184,PROPN
185,exp,exp_name,aunt juley,Aunt Juley,18346,18356,6,79,2,M_185,PROPN
186,booknlp,COREF,263,her,18418,18421,6,79,2,M_186,Other
187,exp,exp_name,mrs. munt,Mrs. Munt,18461,18470,6,81,3,M_187,PROPN
188,booknlp,COREF,264,her,18480,18483,6,81,3,M_188,Other
189,booknlp,COREF,264,Her,18493,18496,6,81,3,M_189,Other
190,booknlp,COREF,264,she,18560,18563,6,81,3,M_190,Other
191,exp,exp_name,emily,Emily,18587,18592,12,81,3,M_191,PROPN
192,exp,exp_name,tibby,Tibby,18679,18684,45,81,3,M_192,PROPN
193,exp,exp_name,helen,Helen,18700,18705,16,81,3,M_193,PROPN
194,exp,exp_name,margaret,Margaret,18719,18727,25,81,3,M_194,PROPN
195,exp,exp_name,mrs. munt,Mrs. Munt,18815,18824,6,81,3,M_195,PROPN
196,booknlp,COREF,264,her,18900,18903,6,81,3,M_196,Other
197,exp,exp_name,margaret,Margaret,18980,18988,25,81,3,M_197,PROPN
198,exp,exp_name,mr. schlegel,Mr. Schlegel,19094,19106,13,81,3,M_198,PROPN
199,exp,exp_name,mrs. munt,Mrs. Munt,19125,19134,6,81,3,M_199,PROPN
200,booknlp,COREF,264,her,19148,19151,6,81,3,M_200,Other
201,exp,exp_name,margaret,Margaret,19159,19167,25,81,3,M_201,PROPN
202,booknlp,COREF,264,I,19276,19277,6,81,3,M_202,Other
203,exp,exp_name,mrs. munt,Mrs. Munt,19320,19329,6,81,3,M_203,PROPN
204,booknlp,COREF,264,she,19350,19353,6,81,3,M_204,Other
205,booknlp,COREF,264,She,19359,19362,6,81,3,M_205,Other
206,booknlp,COREF,264,her,19374,19377,6,81,3,M_206,Other
207,exp,exp_name,margaret,Margaret,19391,19399,25,81,3,M_207,PROPN
208,pdnc,qID,Q41-0,dear,19685,19689,25,81,3,M_208,Other
209,exp,exp_name,margaret,Margaret,19693,19701,25,81,3,M_209,PROPN
210,exp,exp_name,mrs. munt,Mrs. Munt,19927,19936,6,81,3,M_210,PROPN
211,booknlp,COREF,264,I,19975,19976,6,81,3,M_211,Other
212,pdnc,qID,Q42-0,poor Margaret,20030,20043,25,81,3,M_212,Other
213,exp,exp_name,helen,Helen,20095,20100,16,81,3,M_213,PROPN
214,exp,exp_name,helen,Helen,20153,20158,16,81,3,M_214,PROPN
215,exp,exp_name,mrs. munt,Mrs. Munt,20879,20888,6,81,3,M_215,PROPN
216,booknlp,COREF,264,she,20954,20957,6,81,3,M_216,Other
217,exp,exp_name,mrs. munt,Mrs. Munt,21108,21117,6,82,3,M_217,PROPN
218,booknlp,COREF,264,She,21169,21172,6,82,3,M_218,Other
219,booknlp,COREF,264,She,21290,21293,6,82,3,M_219,Other
220,booknlp,COREF,264,She,21398,21401,6,82,3,M_220,Other
221,booknlp,COREF,264,her,21478,21481,6,82,3,M_221,Other
222,exp,exp_name,mrs. munt,Mrs. Munt,21760,21769,6,82,3,M_222,PROPN
223,booknlp,COREF,264,hers,21800,21804,6,82,3,M_223,Other
224,booknlp,COREF,264,her,21838,21841,6,82,3,M_224,Other
225,exp,exp_name,helen,Helen,21870,21875,16,82,3,M_225,PROPN
226,exp,exp_name,mrs. munt,Mrs. Munt,22302,22311,6,83,3,M_226,PROPN
227,exp,exp_name,helen,Helen,22605,22610,16,84,3,M_227,PROPN
228,exp,exp_name,mrs. munt,Mrs. Munt,22872,22881,6,84,3,M_228,PROPN
229,booknlp,COREF,264,I,22901,22902,6,85,3,M_229,Other
230,booknlp,COREF,264,she,22918,22921,6,85,3,M_230,Other
231,exp,exp_name,the ticket boy,the ticket boy,22934,22948,43,85,3,M_231,PROPN
232,pdnc,qID,Q43-1,you,22981,22984,43,85,3,M_232,Other
233,pdnc,qID,Q44-0,Mr. Wilcox,23006,23016,8,86,3,M_233,PROPN
234,pdnc,qID,Q45-0,She,23082,23085,6,88,3,M_234,Other
235,exp,exp_name,mrs. munt,Mrs. Munt,23162,23171,6,89,3,M_235,PROPN
236,booknlp,COREF,264,she,23271,23274,6,89,3,M_236,Other
237,booknlp,COREF,264,me,23312,23314,6,89,3,M_237,Other
238,pdnc,qID,Q46-0,the younger Mr. Wilcox,23335,23357,34,89,3,M_238,Other
239,pdnc,qID,Q47-0,you,23410,23413,6,90,3,M_239,Other
240,booknlp,COREF,264,herself,23444,23451,6,91,3,M_240,Other
241,booknlp,COREF,264,I--,23487,23490,6,91,3,M_241,PROPN
242,booknlp,COREF,264,She,23492,23495,6,91,3,M_242,Other
243,exp,exp_name,the ticket boy,the ticket boy,23513,23527,43,91,3,M_243,PROPN
244,booknlp,COREF,264,her,23540,23543,6,91,3,M_244,Other
245,booknlp,COREF,264,I,23552,23553,6,91,3,M_245,Other
246,exp,exp_name,miss schlegel,Miss Schlegel,23557,23570,25,91,3,M_246,PROPN
247,booknlp,COREF,264,I,23579,23580,6,91,3,M_247,Other
248,booknlp,COREF,264,myself,23600,23606,6,91,3,M_248,Other
249,booknlp,COREF,264,I,23617,23618,6,91,3,M_249,Other
250,booknlp,COREF,264,My,23620,23622,6,91,3,M_250,Other
251,exp,exp_name,mrs. munt,Mrs. Munt,23631,23640,6,91,3,M_251,PROPN
252,booknlp,COREF,264,She,23644,23647,6,92,3,M_252,Other
253,booknlp,COREF,661,he,23667,23669,43,92,3,M_253,Other
254,booknlp,COREF,661,his,23677,23680,43,92,3,M_254,Other
255,pdnc,qID,Q51-0,Miss Schlegel,23721,23734,16,92,3,M_255,PROPN
256,pdnc,qID,Q51-0,you,23760,23763,6,92,3,M_256,Other
257,pdnc,qID,Q51-0,her,23776,23779,16,92,3,M_257,Other
258,booknlp,COREF,661,I,23797,23798,43,94,3,M_258,Other
259,pdnc,qID,Q53-0,you,23807,23810,6,94,3,M_259,Other
260,booknlp,COREF,661,He,23835,23837,43,94,3,M_260,Other
261,booknlp,COREF,661,I,23866,23867,43,94,3,M_261,Other
262,pdnc,qID,Q54-0,you,23875,23878,6,94,3,M_262,Other
263,pdnc,qID,Q56-0,you,23929,23932,6,96,3,M_263,Other
264,pdnc,qID,Q57-0,My niece,24005,24013,16,97,3,M_264,Other
265,booknlp,COREF,264,you,24026,24029,6,97,3,M_265,Other
266,booknlp,COREF,661,I,24052,24053,43,98,3,M_266,Other
267,pdnc,qID,Q58-0,my father,24069,24078,17,98,3,M_267,Other
268,pdnc,qID,Q58-0,He,24080,24082,17,98,3,M_268,Other
269,pdnc,qID,Q58-0,your,24104,24108,6,98,3,M_269,Other
270,booknlp,COREF,264,You,24116,24119,6,98,3,M_270,Other
271,pdnc,qID,Q58-0,Miss Schlegel,24127,24140,16,98,3,M_271,PROPN
272,pdnc,qID,Q58-0,You,24151,24154,6,98,3,M_272,Other
273,booknlp,COREF,661,I,24178,24179,43,98,3,M_273,Other
274,booknlp,COREF,264,I,24189,24190,6,99,3,M_274,Other
275,exp,exp_name,mrs. munt,Mrs. Munt,24221,24230,6,99,3,M_275,PROPN
276,booknlp,COREF,264,herself,24247,24254,6,99,3,M_276,Other
277,booknlp,COREF,264,she,24276,24279,6,99,3,M_277,Other
278,exp,exp_name,helen,Helen,24292,24297,16,99,3,M_278,PROPN
279,booknlp,COREF,264,her,24363,24366,6,99,3,M_279,Other
280,booknlp,COREF,264,her,24378,24381,6,99,3,M_280,Other
281,booknlp,COREF,264,She,24417,24420,6,99,3,M_281,Other
282,pdnc,qID,Q60-0,you,24693,24696,6,101,3,M_282,Other
283,booknlp,COREF,264,you,24925,24928,6,103,3,M_283,Other
284,booknlp,COREF,264,you,24940,24943,6,103,3,M_284,Other
285,pdnc,qID,Q63-0,you,25173,25176,6,104,3,M_285,Other
286,exp,exp_name,mrs. munt,Mrs. Munt,25216,25225,6,105,3,M_286,PROPN
287,booknlp,COREF,264,she,25230,25233,6,105,3,M_287,Other
288,booknlp,COREF,264,herself,25242,25249,6,105,3,M_288,Other
289,booknlp,COREF,264,her,25303,25306,6,105,3,M_289,Other
290,booknlp,COREF,264,She,25349,25352,6,105,3,M_290,Other
291,booknlp,COREF,264,she,25373,25376,6,105,3,M_291,Other
292,booknlp,COREF,264,she,25442,25445,6,105,3,M_292,Other
293,booknlp,COREF,264,she,25533,25536,6,105,3,M_293,Other
294,booknlp,COREF,264,I,25572,25573,6,105,3,M_294,Other
295,pdnc,qID,Q67-0,you,25610,25613,6,106,3,M_295,Other
296,exp,exp_name,mrs. munt,Mrs. Munt,25709,25718,6,106,3,M_296,PROPN
297,pdnc,qID,Q67-1,my father,25752,25761,17,106,3,M_297,Other
298,booknlp,COREF,264,You,25795,25798,6,107,3,M_298,Other
299,pdnc,qID,Q68-0,Helen,25818,25823,16,107,3,M_299,PROPN
300,exp,exp_name,mrs. munt,Mrs. Munt,26009,26018,6,108,3,M_300,PROPN
301,pdnc,qID,Q69-0,The mater,26100,26109,32,108,3,M_301,Other
302,pdnc,qID,Q69-0,you,26135,26138,6,108,3,M_302,Other
303,exp,exp_name,a bearded porter,A bearded porter,26217,26233,0,109,3,M_303,PROPN
304,pdnc,qID,Q71-0,you,26488,26491,0,109,3,M_304,Other
305,pdnc,qID,Q72-0,Mrs. Munt,26603,26612,6,110,3,M_305,PROPN
306,exp,exp_name,mr. wilcox,Mr. Wilcox,26629,26639,17,111,3,M_306,PROPN
307,pdnc,qID,Q74-0,you,26651,26654,6,112,3,M_307,Other
308,exp,exp_name,margaret,Margaret,26917,26925,25,114,3,M_308,PROPN
309,exp,exp_name,margaret,Margaret,26986,26994,25,114,3,M_309,PROPN
310,exp,exp_name,the bearded porter,the bearded porter,27298,27316,0,115,3,M_310,PROPN
311,exp,exp_name,mrs. munt,Mrs. Munt,27459,27468,6,116,3,M_311,PROPN
312,exp,exp_name,mr. wilcox,Mr. Wilcox,27638,27648,17,118,3,M_312,PROPN
313,pdnc,qID,Q78-1,Margaret,27670,27678,25,118,3,M_313,PROPN
314,pdnc,qID,Q78-1,Helen,27727,27732,16,118,3,M_314,PROPN
315,pdnc,qID,Q80-0,Helen,27977,27982,16,120,3,M_315,PROPN
316,pdnc,qID,Q80-0,Helen,27984,27989,16,120,3,M_316,PROPN
317,pdnc,qID,Q80-0,Helen,28002,28007,16,120,3,M_317,PROPN
318,pdnc,qID,Q80-0,her,28090,28093,16,120,3,M_318,Other
319,pdnc,qID,Q82-0,Margaret,28813,28821,25,122,3,M_319,PROPN
320,pdnc,qID,Q82-0,poor Tibby,28860,28870,45,122,3,M_320,Other
321,pdnc,qID,Q82-0,her,28898,28901,25,122,3,M_321,Other
322,pdnc,qID,Q84-0,Helen,29052,29057,16,124,3,M_322,PROPN
323,exp,exp_name,mr. wilcox,Mr. Wilcox,29059,29069,17,124,3,M_323,PROPN
324,pdnc,qID,Q84-0,my niece,29071,29079,16,124,3,M_324,Other
325,pdnc,qID,Q85-0,Miss Schlegel,29318,29331,16,126,3,M_325,PROPN
326,booknlp,COREF,264,I,29379,29380,6,127,3,M_326,Other
327,exp,exp_name,mrs. munt,Mrs. Munt,29433,29442,6,127,3,M_327,PROPN
328,pdnc,qID,Q86-1,Her,29445,29448,16,127,3,M_328,Other
329,pdnc,qID,Q88-0,she,29510,29513,16,129,3,M_329,Other
330,pdnc,qID,Q89-0,your,29573,29577,6,130,3,M_330,Other
331,pdnc,qID,Q91-1,Paul,29938,29942,34,132,3,M_331,PROPN
332,pdnc,qID,Q92-0,Paul,29961,29965,34,133,3,M_332,PROPN
333,pdnc,qID,Q94-0,you,29995,29998,8,135,3,M_333,Other
334,pdnc,qID,Q96-0,your,30093,30097,6,138,3,M_334,Other
335,exp,exp_name,charles,Charles,30128,30135,8,138,3,M_335,PROPN
336,pdnc,qID,Q97-0,Paul,30368,30372,34,140,3,M_336,PROPN
337,pdnc,qID,Q98-0,you,30533,30536,6,142,3,M_337,Other
338,pdnc,qID,Q98-0,Paul,30558,30562,34,142,3,M_338,PROPN
339,pdnc,qID,Q98-0,your niece,30567,30577,16,142,3,M_339,Other
340,exp,exp_name,mrs. munt,Mrs. Munt,30582,30591,6,143,3,M_340,PROPN
341,booknlp,COREF,264,she,30631,30634,6,143,3,M_341,Other
342,booknlp,COREF,264,She,30662,30665,6,143,3,M_342,Other
343,pdnc,qID,Q99-1,you,30805,30808,8,143,3,M_343,Other
344,exp,exp_name,charles,Charles,30858,30865,8,144,3,M_344,PROPN
345,pdnc,qID,Q100-0,The idiot,30896,30905,34,144,3,M_345,Other
346,pdnc,qID,Q100-0,the idiot,30907,30916,34,144,3,M_346,Other
347,pdnc,qID,Q100-0,the little fool,30918,30933,34,144,3,M_347,Other
348,exp,exp_name,mrs. munt,Mrs. Munt,30937,30946,6,145,3,M_348,PROPN
349,booknlp,COREF,264,herself,30963,30970,6,145,3,M_349,Other
350,booknlp,COREF,264,her,30974,30977,6,145,3,M_350,Other
351,pdnc,qID,Q101-0,your,30996,31000,8,145,3,M_351,Other
352,pdnc,qID,Q101-0,Mr. Wilcox,31011,31021,8,145,3,M_352,PROPN
353,booknlp,COREF,264,I,31023,31024,6,145,3,M_353,Other
354,pdnc,qID,Q102-0,you,31050,31053,6,146,3,M_354,Other
355,pdnc,qID,Q102-0,you,31084,31087,6,146,3,M_355,Other
356,pdnc,qID,Q102-0,you,31129,31132,6,146,3,M_356,Other
357,exp,exp_name,mrs. munt,Mrs. Munt,31180,31189,6,147,3,M_357,PROPN
358,booknlp,COREF,264,her,31209,31212,6,147,3,M_358,Other
359,booknlp,COREF,264,she,31230,31233,6,147,3,M_359,Other
360,booknlp,COREF,264,she,31272,31275,6,147,3,M_360,Other
361,booknlp,COREF,264,she,31300,31303,6,147,3,M_361,Other
362,booknlp,COREF,264,I,31317,31318,6,147,3,M_362,Other
363,pdnc,qID,Q103-0,sir,31332,31335,8,147,3,M_363,PROPN
364,booknlp,COREF,264,I,31366,31367,6,147,3,M_364,Other
365,pdnc,qID,Q103-0,My niece,31394,31402,16,147,3,M_365,Other
366,booknlp,COREF,264,I,31437,31438,6,147,3,M_366,Other
367,pdnc,qID,Q103-0,she,31474,31477,16,147,3,M_367,Other
368,pdnc,qID,Q103-0,her,31531,31534,16,147,3,M_368,Other
369,exp,exp_name,charles,Charles,31538,31545,8,148,3,M_369,PROPN
370,pdnc,qID,Q104-0,she,31577,31580,16,149,3,M_370,Other
371,pdnc,qID,Q104-0,your brother,31596,31608,34,149,3,M_371,Other
372,pdnc,qID,Q104-0,your father and mother,31639,31661,17,149,3,M_372,Other
373,pdnc,qID,Q105-0,you,31690,31693,6,150,3,M_373,Other
374,pdnc,qID,Q105-0,your,31709,31713,6,150,3,M_374,Other
375,exp,exp_name,mrs. munt,Mrs. Munt,31810,31819,6,151,3,M_375,PROPN
376,booknlp,COREF,264,She,31821,31824,6,151,3,M_376,Other
377,pdnc,qID,Q106-0,you,32050,32053,6,154,3,M_377,Other
378,pdnc,qID,Q106-0,Paul,32055,32059,34,154,3,M_378,PROPN
379,pdnc,qID,Q107-0,Mr. Wilcox,32113,32123,8,155,3,M_379,PROPN
380,pdnc,qID,Q107-0,you,32134,32137,8,155,3,M_380,Other
381,pdnc,qID,Q107-0,My niece ,32173,32182,16,155,3,M_381,Other
382,pdnc,qID,Q107-0,her,32222,32225,16,155,3,M_382,Other
383,pdnc,qID,Q107-0,her,32251,32254,16,155,3,M_383,Other
384,pdnc,qID,Q108-0,He,32282,32284,34,156,3,M_384,Other
385,pdnc,qID,Q108-0,his,32297,32300,34,156,3,M_385,Other
386,pdnc,qID,Q108-0,He,32321,32323,34,156,3,M_386,Other
387,pdnc,qID,Q108-0,he,32371,32373,34,156,3,M_387,Other
388,pdnc,qID,Q108-0,he,32458,32460,34,156,3,M_388,Other
389,pdnc,qID,Q108-0,he,32480,32482,34,156,3,M_389,Other
390,pdnc,qID,Q108-0,He,32494,32496,34,156,3,M_390,Other
391,pdnc,qID,Q108-0,he,32503,32505,34,156,3,M_391,Other
392,pdnc,qID,Q108-0,he,32528,32530,34,156,3,M_392,Other
393,pdnc,qID,Q109-0,Miss Schlegel,32584,32597,16,158,3,M_393,PROPN
394,pdnc,qID,Q110-0,Mr. Wilcox,32659,32669,8,159,3,M_394,PROPN
395,pdnc,qID,Q110-0,your,32700,32704,8,159,3,M_395,Other
396,pdnc,qID,Q110-0,You,32711,32714,8,159,3,M_396,Other
397,pdnc,qID,Q110-0,my niece,32735,32743,16,159,3,M_397,Other
398,pdnc,qID,Q110-0,her,32782,32785,16,159,3,M_398,Other
399,pdnc,qID,Q110-0,you,32791,32794,8,159,3,M_399,Other
400,pdnc,qID,Q110-0,you,32801,32804,8,159,3,M_400,Other
401,pdnc,qID,Q111-0,she,32877,32880,16,160,3,M_401,Other
402,pdnc,qID,Q111-0,he,32904,32906,34,160,3,M_402,Other
403,pdnc,qID,Q111-0,my father,32919,32928,17,160,3,M_403,Other
404,exp,exp_name,charles,Charles,33020,33027,8,164,3,M_404,PROPN
405,exp,exp_name,the man,The man,33401,33408,40,166,3,M_405,PROPN
406,exp,exp_name,helen,Helen,33712,33717,16,166,3,M_406,PROPN
407,pdnc,qID,Q115-0,Aunt Juley,33766,33776,6,167,3,M_407,PROPN
408,pdnc,qID,Q115-0,Margaret,33810,33818,25,167,3,M_408,PROPN
409,pdnc,qID,Q115-0,your,33839,33843,6,167,3,M_409,Other
410,exp,exp_name,mrs. munt,Mrs. Munt,33903,33912,6,168,3,M_410,PROPN
411,booknlp,COREF,264,She,33914,33917,6,168,3,M_411,Other
412,pdnc,qID,Q116-0,Aunt Juley dear,33938,33953,6,169,3,M_412,Other
413,booknlp,COREF,264,I,33982,33983,6,169,3,M_413,Other
414,booknlp,COREF,264,my,34037,34039,6,169,3,M_414,Other
415,pdnc,qID,Q117-0,Paul,34049,34053,34,170,3,M_415,PROPN
416,exp,exp_name,charles wilcox,Charles Wilcox,34062,34076,8,170,3,M_416,PROPN
417,pdnc,qID,Q119-0,my darling Helen,34156,34172,16,172,3,M_417,Other
418,pdnc,qID,Q120-0,Paul,34178,34182,34,173,3,M_418,PROPN
419,pdnc,qID,Q120-0,Paul,34184,34188,34,173,3,M_419,PROPN
420,pdnc,qID,Q121-0,Paul,34234,34238,34,175,3,M_420,PROPN
421,pdnc,qID,Q123-0,Miss Schlegel,34354,34367,16,177,3,M_421,PROPN
422,pdnc,qID,Q124-0,Charles,34373,34380,8,178,3,M_422,PROPN
423,pdnc,qID,Q124-0,dear,34382,34386,8,178,3,M_423,Other
424,pdnc,qID,Q124-1,Charles,34420,34427,8,178,3,M_424,PROPN
425,pdnc,qID,Q124-1,dear Charles,34429,34441,8,178,3,M_425,Other
426,exp,exp_name,mrs. wilcox,Mrs. Wilcox,34533,34544,32,179,3,M_426,PROPN
427,exp,exp_name,helen,Helen,34570,34575,16,180,3,M_427,PROPN
428,exp,exp_name,charles,Charles,35100,35107,8,180,3,M_428,PROPN
429,exp,exp_name,paul,Paul,35115,35119,34,180,3,M_429,PROPN
430,exp,exp_name,mrs. munt,Mrs. Munt,35136,35145,6,180,3,M_430,PROPN
431,pdnc,qID,Q125-0,Miss Schlegel,35408,35421,16,180,3,M_431,PROPN
432,pdnc,qID,Q125-0,you,35429,35432,16,180,3,M_432,Other
433,pdnc,qID,Q125-0,your aunt,35438,35447,6,180,3,M_433,Other
434,pdnc,qID,Q125-0,your,35454,35458,16,180,3,M_434,Other
435,pdnc,qID,Q125-0,you,35489,35492,16,180,3,M_435,Other
436,pdnc,qID,Q125-0,Paul,35505,35509,34,180,3,M_436,PROPN
437,pdnc,qID,Q125-0,Evie,35519,35523,14,180,3,M_437,Other
438,pdnc,qID,Q125-0,her,35534,35537,14,180,3,M_438,Other
439,pdnc,qID,Q126-0,Mother,35827,35833,32,181,3,M_439,Other
440,pdnc,qID,Q126-1,you,35852,35855,32,181,3,M_440,Other
441,pdnc,qID,Q126-1,Paul,35867,35871,34,181,3,M_441,PROPN
442,pdnc,qID,Q127-0,dear,35925,35929,8,182,3,M_442,Other
443,pdnc,qID,Q129-0,you,36020,36023,8,184,3,M_443,Other
444,exp,exp_name,mrs. wilcox,Mrs. Wilcox,36054,36065,32,184,3,M_444,PROPN
445,exp,exp_name,helen,Helen,36113,36118,16,186,4,M_445,PROPN
446,exp,exp_name,margaret,Margaret,36204,36212,25,186,4,M_446,PROPN
447,exp,exp_name,mrs. munt,Mrs. Munt,36246,36255,6,186,4,M_447,PROPN
448,booknlp,COREF,264,She,36272,36275,6,186,4,M_448,Other
449,booknlp,COREF,264,she,36374,36377,6,186,4,M_449,Other
450,booknlp,COREF,264,her,36411,36414,6,186,4,M_450,Other
451,booknlp,COREF,264,she,36469,36472,6,186,4,M_451,Other
452,pdnc,qID,Q130-0,poor Margaret,36501,36514,25,186,4,M_452,Other
453,booknlp,COREF,264,I,36689,36690,6,186,4,M_453,Other
454,exp,exp_name,emily,Emily,36707,36712,12,186,4,M_454,PROPN
455,exp,exp_name,helen,Helen,36756,36761,16,186,4,M_455,PROPN
456,exp,exp_name,paul,Paul,36996,37000,34,188,4,M_456,PROPN
457,booknlp,COREF,256,his,37049,37052,34,188,4,M_457,Other
458,exp,exp_name,mr. wilcox,Mr. Wilcox,37385,37395,17,188,4,M_458,PROPN
459,exp,exp_name,evie,Evie,37400,37404,14,188,4,M_459,PROPN
460,exp,exp_name,charles,Charles,37409,37416,8,188,4,M_460,PROPN
461,exp,exp_name,mr. wilcox,Mr. Wilcox,37770,37780,17,188,4,M_461,PROPN
462,exp,exp_name,charles,Charles,38011,38018,8,188,4,M_462,PROPN
463,exp,exp_name,paul,Paul,38380,38384,34,188,4,M_463,PROPN
464,exp,exp_name,paul,Paul,38386,38390,34,188,4,M_464,PROPN
465,exp,exp_name,charles,Charles,38407,38414,8,188,4,M_465,PROPN
466,exp,exp_name,mr. wilcox,Mr. Wilcox,38447,38457,17,188,4,M_466,PROPN
467,exp,exp_name,evie,Evie,38470,38474,14,188,4,M_467,PROPN
468,exp,exp_name,mrs. wilcox,Mrs. Wilcox,38485,38496,32,188,4,M_468,PROPN
469,exp,exp_name,evie,Evie,38738,38742,14,188,4,M_469,PROPN
470,exp,exp_name,paul,Paul,38769,38773,34,188,4,M_470,PROPN
471,booknlp,COREF,256,his,38789,38792,34,188,4,M_471,Other
472,booknlp,COREF,256,He,38802,38804,34,188,4,M_472,Other
473,exp,exp_name,paul,Paul,38871,38875,34,188,4,M_473,PROPN
474,exp,exp_name,helen,Helen,38987,38992,16,188,4,M_474,PROPN
475,booknlp,COREF,256,him,38997,39000,34,188,4,M_475,Other
476,booknlp,COREF,256,him,39051,39054,34,188,4,M_476,Other
477,booknlp,COREF,256,He,39079,39081,34,189,4,M_477,Other
478,booknlp,COREF,256,his,39102,39105,34,189,4,M_478,Other
479,booknlp,COREF,256,he,39140,39142,34,189,4,M_479,Other
480,booknlp,COREF,256,him,39253,39256,34,189,4,M_480,Other
481,booknlp,COREF,256,he,39284,39286,34,189,4,M_481,Other
482,booknlp,COREF,256,him,39319,39322,34,189,4,M_482,Other
483,booknlp,COREF,256,you,39365,39368,34,189,4,M_483,Other
484,booknlp,COREF,256,you,39379,39382,34,189,4,M_484,Other
485,exp,exp_name,helen,Helen,39465,39470,16,190,4,M_485,PROPN
486,exp,exp_name,helen,Helen,40291,40296,16,190,4,M_486,PROPN
487,pdnc,qID,Q134-0,you,40630,40633,16,190,4,M_487,Other
488,exp,exp_name,margaret,Margaret,40838,40846,25,191,4,M_488,PROPN
489,pdnc,qID,Q137-0,Helen,41001,41006,16,193,4,M_489,PROPN
490,pdnc,qID,Q138-0,Evie,41156,41160,14,194,4,M_490,Other
491,pdnc,qID,Q138-0,Mr. Wilcox,41205,41215,17,194,4,M_491,PROPN
492,pdnc,qID,Q139-0,Paul,41242,41246,34,195,4,M_492,PROPN
493,pdnc,qID,Q140-0,Charles,41266,41273,8,196,4,M_493,PROPN
494,pdnc,qID,Q140-0,him,41289,41292,34,196,4,M_494,Other
495,pdnc,qID,Q140-0,he,41322,41324,34,196,4,M_495,Other
496,exp,exp_name,margaret,Margaret,41413,41421,25,197,4,M_496,PROPN
497,exp,exp_name,helen,Helen,41458,41463,16,197,4,M_497,PROPN
498,pdnc,qID,Q141-0,father,41636,41642,13,198,4,M_498,PROPN
499,pdnc,qID,Q141-0,Paul,41722,41726,34,198,4,M_499,PROPN
500,pdnc,qID,Q142-0,the wife,42055,42063,32,199,4,M_500,Other
501,pdnc,qID,Q143-0,Paul,42103,42107,34,200,4,M_501,PROPN
502,pdnc,qID,Q143-0,him,42234,42237,34,200,4,M_502,Other
503,pdnc,qID,Q144-0,he,42328,42330,34,200,4,M_503,Other
504,pdnc,qID,Q144-0,He,42382,42384,34,200,4,M_504,Other
505,pdnc,qID,Q144-0,him,42447,42450,34,200,4,M_505,Other
506,pdnc,qID,Q144-0,him,42477,42480,34,200,4,M_506,Other
507,pdnc,qID,Q144-0,he,42487,42489,34,200,4,M_507,Other
508,exp,exp_name,miss schlegel,Miss Schlegel,42531,42544,25,200,4,M_508,PROPN
509,pdnc,qID,Q146-0,you,42724,42727,25,200,4,M_509,Other
510,pdnc,qID,Q146-0,him,42766,42769,34,200,4,M_510,Other
511,pdnc,qID,Q146-0,him,42785,42788,34,200,4,M_511,Other
512,pdnc,qID,Q146-0,he,42820,42822,34,200,4,M_512,Other
513,pdnc,qID,Q146-0,you,42828,42831,25,200,4,M_513,Other
514,pdnc,qID,Q146-0,he,42866,42868,34,200,4,M_514,Other
515,pdnc,qID,Q146-0,Charles,42905,42912,8,200,4,M_515,PROPN
516,pdnc,qID,Q146-0,Mr. Wilcox,42917,42927,17,200,4,M_516,PROPN
517,pdnc,qID,Q146-0,Charles,42964,42971,8,200,4,M_517,PROPN
518,pdnc,qID,Q146-0,Paul,43076,43080,34,200,4,M_518,PROPN
519,pdnc,qID,Q146-0,Charles,43086,43093,8,200,4,M_519,PROPN
520,pdnc,qID,Q146-0,he,43150,43152,34,200,4,M_520,Other
521,pdnc,qID,Q146-0,He,43197,43199,34,200,4,M_521,Other
522,booknlp,COREF,256,himself,43208,43215,34,200,4,M_522,Other
523,pdnc,qID,Q146-0,he,43241,43243,34,200,4,M_523,Other
524,pdnc,qID,Q146-0,Paul,43408,43412,34,200,4,M_524,PROPN
525,pdnc,qID,Q146-0,Evie,43444,43448,14,200,4,M_525,Other
526,pdnc,qID,Q146-0,her,43524,43527,14,200,4,M_526,Other
527,pdnc,qID,Q146-0,Charles,43556,43563,8,200,4,M_527,PROPN
528,pdnc,qID,Q146-0,his father,43568,43578,17,200,4,M_528,Other
529,pdnc,qID,Q146-0,your,43618,43622,25,200,4,M_529,Other
530,pdnc,qID,Q146-0,Aunt Juley,43648,43658,6,200,4,M_530,PROPN
531,pdnc,qID,Q146-0,Paul,43689,43693,34,200,4,M_531,PROPN
532,pdnc,qID,Q146-0,Mrs. Wilcox,43748,43759,32,200,4,M_532,PROPN
533,pdnc,qID,Q148-0,her,43824,43827,32,202,4,M_533,Other
534,pdnc,qID,Q148-0,she,43840,43843,32,202,4,M_534,Other
535,pdnc,qID,Q149-0,she,43881,43884,32,203,4,M_535,Other
536,pdnc,qID,Q150-0,Charles,43957,43964,8,204,4,M_536,PROPN
537,pdnc,qID,Q150-0,Aunt Juley,43969,43979,6,204,4,M_537,PROPN
538,pdnc,qID,Q150-0,Mrs. Wilcox,44016,44027,32,204,4,M_538,PROPN
539,pdnc,qID,Q151-0,you,44187,44190,16,205,4,M_539,Other
540,pdnc,qID,Q151-0,a young man,44195,44206,34,205,4,M_540,Other
541,exp,exp_name,margaret,Margaret,44281,44289,25,205,4,M_541,PROPN
542,exp,exp_name,helen,Helen,44292,44297,16,206,4,M_542,PROPN
543,pdnc,qID,Q152-0,Helen,44337,44342,16,207,4,M_543,PROPN
544,pdnc,qID,Q153-0,Meg,44863,44866,25,208,4,M_544,PROPN
545,pdnc,qID,Q154-0,you,45006,45009,16,209,4,M_545,Other
546,pdnc,qID,Q155-0,Paul,45037,45041,34,210,4,M_546,PROPN
547,exp,exp_name,helen,Helen,45062,45067,16,210,4,M_547,PROPN
548,pdnc,qID,Q155-1,him,45099,45102,34,210,4,M_548,Other
549,pdnc,qID,Q155-1,He,45104,45106,34,210,4,M_549,Other
550,exp,exp_name,helen,Helen,45369,45374,16,212,4,M_550,PROPN
551,exp,exp_name,emily,Emily,47838,47843,12,213,4,M_551,PROPN
552,booknlp,COREF,276,she,47893,47896,12,213,4,M_552,Other
553,pdnc,qID,Q157-0,you,48156,48159,13,213,4,M_553,Other
554,pdnc,qID,Q157-0,Uncle Ernst,48194,48205,13,213,4,M_554,PROPN
555,exp,exp_name,a haughty and magnificent nephew,a haughty and magnificent nephew,48218,48250,51,213,4,M_555,PROPN
556,exp,exp_name,uncle ernst,Uncle Ernst,48252,48263,13,213,4,M_556,PROPN
557,booknlp,COREF,281,my,48277,48279,13,213,4,M_557,Other
558,booknlp,COREF,812,You,48286,48289,51,213,4,M_558,Other
559,booknlp,COREF,812,you,48313,48316,51,213,4,M_559,Other
560,booknlp,COREF,281,I,48347,48348,13,213,4,M_560,Other
561,exp,exp_name,the haughty nephew,the haughty nephew,48369,48387,51,213,4,M_561,PROPN
562,booknlp,COREF,281,he,48404,48406,13,213,4,M_562,Other
563,booknlp,COREF,812,You,48419,48422,51,213,4,M_563,Other
564,booknlp,COREF,812,you,48455,48458,51,213,4,M_564,Other
565,booknlp,COREF,812,Your,49063,49067,51,213,4,M_565,Other
566,booknlp,COREF,812,your,49089,49093,51,213,4,M_566,Other
567,booknlp,COREF,812,your,49108,49112,51,213,4,M_567,Other
568,booknlp,COREF,812,Your,49280,49284,51,213,4,M_568,Other
569,booknlp,COREF,812,you,49307,49310,51,213,4,M_569,Other
570,exp,exp_name,margaret,Margaret,49505,49513,25,214,4,M_570,PROPN
571,exp,exp_name,the haughty nephew,the haughty nephew,49535,49553,51,214,4,M_571,PROPN
572,exp,exp_name,the haughty nephew,The haughty nephew,49611,49629,51,215,4,M_572,PROPN
573,booknlp,COREF,813,him,49679,49682,51,215,4,M_573,Other
574,exp,exp_name,aunt juley,Aunt Juley,49777,49787,6,215,4,M_574,PROPN
575,exp,exp_name,margaret,Margaret,49977,49985,25,215,4,M_575,PROPN
576,pdnc,qID,Q160-0,Papa,50125,50129,13,215,4,M_576,PROPN
577,exp,exp_name,margaret,Margaret,50331,50339,25,215,4,M_577,PROPN
578,exp,exp_name,helen,Helen,50806,50811,16,216,4,M_578,PROPN
579,exp,exp_name,margaret,Margaret,51225,51233,25,216,4,M_579,PROPN
580,exp,exp_name,helen,Helen,51312,51317,16,216,4,M_580,PROPN
581,exp,exp_name,margaret,Margaret,51347,51355,25,216,4,M_581,PROPN
582,exp,exp_name,tibby,Tibby,51767,51772,45,217,4,M_582,PROPN
583,booknlp,COREF,259,He,51774,51776,45,217,4,M_583,Other
584,exp,exp_name,mrs. munt,Mrs. Munt,52060,52069,6,219,5,M_584,PROPN
585,exp,exp_name,helen,Helen,52168,52173,16,219,5,M_585,PROPN
586,exp,exp_name,margaret,Margaret,52239,52247,25,219,5,M_586,PROPN
587,exp,exp_name,tibby,Tibby,52285,52290,45,219,5,M_587,PROPN
588,booknlp,COREF,259,his,52367,52370,45,219,5,M_588,Other
589,exp,exp_name,fraulein mosebach,Fraulein Mosebach,52399,52416,15,219,5,M_589,PROPN
590,exp,exp_name,fraulein mosebach,Fraulein Mosebach,52485,52502,15,219,5,M_590,PROPN
591,exp,exp_name,fraulein mosebach,Fraulein Mosebach,52545,52562,15,219,5,M_591,PROPN
592,pdnc,qID,Q162-0,Margaret,52993,53001,25,220,5,M_592,PROPN
593,exp,exp_name,mrs. munt,Mrs. Munt,53020,53029,6,220,5,M_593,PROPN
594,booknlp,COREF,264,She,53072,53075,6,220,5,M_594,Other
595,exp,exp_name,helen,Helen,53126,53131,16,221,5,M_595,PROPN
596,pdnc,qID,Q163-0,she,53249,53252,25,222,5,M_596,Other
597,exp,exp_name,helen,Helen,53292,53297,16,223,5,M_597,PROPN
598,exp,exp_name,helen,Helen,53678,53683,16,225,5,M_598,PROPN
599,exp,exp_name,helen,Helen,54190,54195,16,225,5,M_599,PROPN
600,exp,exp_name,frieda,Frieda,54311,54317,15,225,5,M_600,PROPN
601,exp,exp_name,frieda,Frieda,54323,54329,15,225,5,M_601,PROPN
602,exp,exp_name,herr liesecke,Herr Liesecke,54380,54393,19,225,5,M_602,PROPN
603,booknlp,COREF,288,him,54440,54443,19,225,5,M_603,Other
604,booknlp,COREF,288,his,54481,54484,19,225,5,M_604,Other
605,booknlp,COREF,288,his,54495,54498,19,225,5,M_605,Other
606,booknlp,COREF,288,his,54517,54520,19,225,5,M_606,Other
607,booknlp,COREF,288,his,54550,54553,19,225,5,M_607,Other
608,booknlp,COREF,288,he,54564,54566,19,225,5,M_608,Other
609,exp,exp_name,aunt juley,Aunt Juley,54632,54642,6,225,5,M_609,PROPN
610,exp,exp_name,margaret,Margaret,54965,54973,25,225,5,M_610,PROPN
611,exp,exp_name,helen,Helen,55012,55017,16,225,5,M_611,PROPN
612,exp,exp_name,tibby,Tibby,55140,55145,45,225,5,M_612,PROPN
613,pdnc,qID,Q168-0,dear,55246,55250,45,226,5,M_613,Other
614,pdnc,qID,Q169-0,Aunt Juley,55268,55278,6,227,5,M_614,PROPN
615,exp,exp_name,helen,Helen,55386,55391,16,228,5,M_615,PROPN
616,exp,exp_name,helen,Helen,55579,55584,16,228,5,M_616,PROPN
617,exp,exp_name,helen,Helen,55787,55792,16,228,5,M_617,PROPN
618,exp,exp_name,helen,Helen,57850,57855,16,231,5,M_618,PROPN
619,pdnc,qID,Q171-0,Margaret,58331,58339,25,233,5,M_619,PROPN
620,exp,exp_name,mrs. munt,Mrs. Munt,58349,58358,6,233,5,M_620,PROPN
621,pdnc,qID,Q171-1,Helen,58364,58369,16,233,5,M_621,PROPN
622,pdnc,qID,Q173-0,She,58395,58398,16,235,5,M_622,Other
623,exp,exp_name,tibby,Tibby,58456,58461,45,235,5,M_623,PROPN
624,pdnc,qID,Q174-0,her,58495,58498,16,236,5,M_624,Other
625,exp,exp_name,fraulein mosebach,Fraulein Mosebach,58513,58530,15,236,5,M_625,PROPN
626,exp,exp_name,margaret,Margaret,58551,58559,25,237,5,M_626,PROPN
627,pdnc,qID,Q175-1,that lady,58627,58636,16,237,5,M_627,Other
628,pdnc,qID,Q176-0,Tibby,58723,58728,45,238,5,M_628,PROPN
629,pdnc,qID,Q176-0,Helen,58740,58745,16,238,5,M_629,PROPN
630,pdnc,qID,Q178-0,Tibby,58798,58803,45,240,5,M_630,PROPN
631,pdnc,qID,Q178-0,love,58805,58809,45,240,5,M_631,Other
632,pdnc,qID,Q178-0,you,58811,58814,45,240,5,M_632,Other
633,pdnc,qID,Q180-0,Tibby,58945,58950,45,242,5,M_633,PROPN
634,pdnc,qID,Q180-0,Tibby,58952,58957,45,242,5,M_634,PROPN
635,exp,exp_name,tibby,Tibby,58961,58966,45,243,5,M_635,PROPN
636,booknlp,COREF,259,his,58975,58978,45,243,5,M_636,Other
637,booknlp,COREF,259,his,59005,59008,45,243,5,M_637,Other
638,booknlp,COREF,259,he,59056,59058,45,243,5,M_638,Other
639,booknlp,COREF,259,his,59096,59099,45,243,5,M_639,Other
640,booknlp,COREF,259,his,59123,59126,45,243,5,M_640,Other
641,exp,exp_name,helen,Helen,59179,59184,16,243,5,M_641,PROPN
642,pdnc,qID,Q181-0,My sister,59271,59280,16,244,5,M_642,Other
643,exp,exp_name,margaret,Margaret,59308,59316,25,244,5,M_643,PROPN
644,pdnc,qID,Q183-0,you,59394,59397,22,246,5,M_644,Other
645,exp,exp_name,margaret,Margaret,59549,59557,25,248,5,M_645,PROPN
646,exp,exp_name,helen,Helen,59738,59743,16,248,5,M_646,PROPN
647,exp,exp_name,tibby,Tibby,59748,59753,45,248,5,M_647,PROPN
648,exp,exp_name,margaret,Margaret,59956,59964,25,248,5,M_648,PROPN
649,pdnc,qID,Q185-0,you,60216,60219,22,248,5,M_649,Other
650,pdnc,qID,Q185-0,you,60231,60234,22,248,5,M_650,Other
651,pdnc,qID,Q185-0,you,60311,60314,22,248,5,M_651,Other
652,exp,exp_name,margaret,Margaret,60777,60785,25,250,5,M_652,PROPN
653,exp,exp_name,herr liesecke,Herr Liesecke,60974,60987,19,251,5,M_653,PROPN
654,pdnc,qID,Q189-0,Margaret,61056,61064,25,252,5,M_654,PROPN
655,pdnc,qID,Q189-0,you tiresome girl,61066,61083,25,252,5,M_655,Other
656,pdnc,qID,Q190-0,Herr Liesecke,61132,61145,19,253,5,M_656,PROPN
657,pdnc,qID,Q190-0,you,61187,61190,25,253,5,M_657,Other
658,pdnc,qID,Q190-0,him,61236,61239,19,253,5,M_658,Other
659,pdnc,qID,Q190-0,you,61281,61284,25,253,5,M_659,Other
660,pdnc,qID,Q190-0,Margaret,61324,61332,25,253,5,M_660,PROPN
661,booknlp,COREF,285,my,61341,61343,15,254,5,M_661,Other
662,booknlp,COREF,285,I,61350,61351,15,254,5,M_662,Other
663,exp,exp_name,fraulein mosebach,Fraulein Mosebach,61397,61414,15,254,5,M_663,PROPN
664,pdnc,qID,Q192-0,Frieda,61464,61470,15,255,5,M_664,Other
665,pdnc,qID,Q192-0,you,61472,61475,15,255,5,M_665,Other
666,pdnc,qID,Q192-0,You,61499,61502,15,255,5,M_666,Other
667,pdnc,qID,Q192-0,you,61508,61511,15,255,5,M_667,Other
668,pdnc,qID,Q192-0,Frieda,61607,61613,15,255,5,M_668,Other
669,pdnc,qID,Q192-0,you,61615,61618,15,255,5,M_669,Other
670,exp,exp_name,herr liesecke,Herr Liesecke,61830,61843,19,257,5,M_670,PROPN
671,booknlp,COREF,288,he,61848,61850,19,257,5,M_671,Other
672,pdnc,qID,Q194-0,Margaret,61919,61927,25,258,5,M_672,PROPN
673,exp,exp_name,aunt juley,Aunt Juley,61951,61961,6,258,5,M_673,PROPN
674,pdnc,qID,Q195-0,Margaret,61965,61973,25,259,5,M_674,PROPN
675,pdnc,qID,Q195-0,Margaret,61975,61983,25,259,5,M_675,PROPN
676,pdnc,qID,Q195-0,Fraulein Mosebach,61985,62002,15,259,5,M_676,PROPN
677,pdnc,qID,Q195-0,her,62012,62015,15,259,5,M_677,Other
678,pdnc,qID,Q195-0,her,62044,62047,15,259,5,M_678,Other
679,exp,exp_name,frieda,Frieda,62086,62092,15,260,5,M_679,PROPN
680,booknlp,COREF,287,her,62116,62119,15,260,5,M_680,Other
681,booknlp,COREF,287,her,62134,62137,15,260,5,M_681,Other
682,booknlp,COREF,287,her,62157,62160,15,260,5,M_682,Other
683,booknlp,COREF,287,her,62180,62183,15,260,5,M_683,Other
684,pdnc,qID,Q196-0,Fr,62234,62236,15,261,5,M_684,Other
685,pdnc,qID,Q196-0,frieda,62238,62244,15,261,5,M_685,Other
686,booknlp,COREF,287,I,62432,62433,15,265,5,M_686,Other
687,exp,exp_name,margaret,Margaret,63290,63298,25,267,5,M_687,PROPN
688,pdnc,qID,Q200-0,you,63354,63357,22,267,5,M_688,Other
689,pdnc,qID,Q200-0,we,63382,63384,25,267,5,M_689,Other
690,pdnc,qID,Q201-0,you,63425,63428,25,267,5,M_690,Other
691,pdnc,qID,Q203-0,you,63888,63891,25,269,5,M_691,Other
692,pdnc,qID,Q206-0,you,64035,64038,22,272,5,M_692,Other
693,exp,exp_name,helen,Helen,64123,64128,16,274,5,M_693,PROPN
694,exp,exp_name,helen,Helen,64231,64236,16,274,5,M_694,PROPN
695,exp,exp_name,margaret,Margaret,64264,64272,25,274,5,M_695,PROPN
696,exp,exp_name,margaret,Margaret,64640,64648,25,276,5,M_696,PROPN
697,exp,exp_name,mrs. munt,Mrs. Munt,64769,64778,6,276,5,M_697,PROPN
698,booknlp,COREF,264,her,64819,64822,6,276,5,M_698,Other
699,booknlp,COREF,264,I,64833,64834,6,277,5,M_699,Other
700,pdnc,qID,Q209-0,Tibby,64869,64874,45,277,5,M_700,PROPN
701,booknlp,COREF,264,I,64978,64979,6,277,5,M_701,Other
702,pdnc,qID,Q209-0,you,64993,64996,45,277,5,M_702,Other
703,pdnc,qID,Q209-0,Helen,65001,65006,16,277,5,M_703,PROPN
704,booknlp,COREF,264,me,65012,65014,6,277,5,M_704,Other
705,booknlp,COREF,264,I,65083,65084,6,277,5,M_705,Other
706,pdnc,qID,Q210-0,you,65162,65165,6,278,5,M_706,Other
707,pdnc,qID,Q210-0,Aunt Juley,65224,65234,6,278,5,M_707,PROPN
708,exp,exp_name,tibby,Tibby,65242,65247,45,278,5,M_708,PROPN
709,exp,exp_name,mrs. munt,Mrs. Munt,65327,65336,6,279,5,M_709,PROPN
710,booknlp,COREF,264,I,65349,65350,6,279,5,M_710,Other
711,booknlp,COREF,264,she,65384,65387,6,279,5,M_711,Other
712,booknlp,COREF,264,I,65414,65415,6,279,5,M_712,Other
713,booknlp,COREF,264,I,65471,65472,6,279,5,M_713,Other
714,booknlp,COREF,264,myself,65491,65497,6,279,5,M_714,Other
715,booknlp,COREF,264,I,65499,65500,6,279,5,M_715,Other
716,booknlp,COREF,264,I,65514,65515,6,279,5,M_716,Other
717,booknlp,COREF,264,I,65538,65539,6,279,5,M_717,Other
718,booknlp,COREF,264,I,65698,65699,6,279,5,M_718,Other
719,booknlp,COREF,264,my,65765,65767,6,279,5,M_719,Other
720,booknlp,COREF,264,I,65797,65798,6,279,5,M_720,Other
721,booknlp,COREF,264,I,65825,65826,6,279,5,M_721,Other
722,pdnc,qID,Q211-2,you,65834,65837,45,279,5,M_722,Other
723,pdnc,qID,Q211-2,Tibby,65839,65844,45,279,5,M_723,PROPN
724,booknlp,COREF,264,I,65846,65847,6,279,5,M_724,Other
725,pdnc,qID,Q211-2,Helen,65945,65950,16,279,5,M_725,PROPN
726,booknlp,COREF,264,I,65981,65982,6,279,5,M_726,Other
727,booknlp,COREF,264,I,66042,66043,6,279,5,M_727,Other
728,booknlp,COREF,264,my,66052,66054,6,279,5,M_728,Other
729,pdnc,qID,Q212-0,you,66074,66077,22,280,5,M_729,Other
730,exp,exp_name,margaret,Margaret,66092,66100,25,280,5,M_730,PROPN
731,pdnc,qID,Q212-1,you,66106,66109,22,280,5,M_731,Other
732,pdnc,qID,Q214-0,my sister,66224,66233,16,282,5,M_732,Other
733,pdnc,qID,Q214-0,She,66299,66302,16,282,5,M_733,Other
734,pdnc,qID,Q214-0,she,66325,66328,16,282,5,M_734,Other
735,pdnc,qID,Q214-1,you,66403,66406,22,282,5,M_735,Other
736,pdnc,qID,Q214-1,you,66505,66508,22,282,5,M_736,Other
737,pdnc,qID,Q214-1,Helen,66530,66535,16,282,5,M_737,PROPN
738,pdnc,qID,Q214-1,she,66665,66668,16,282,5,M_738,Other
739,pdnc,qID,Q214-2,she,66992,66995,16,284,5,M_739,Other
740,pdnc,qID,Q214-2,She,67016,67019,16,284,5,M_740,Other
741,pdnc,qID,Q214-2,my brother,67192,67202,45,284,5,M_741,Other
742,pdnc,qID,Q214-2,He,67262,67264,45,284,5,M_742,Other
743,pdnc,qID,Q214-2,him,67317,67320,45,284,5,M_743,Other
744,exp,exp_name,margaret,Margaret,69316,69324,25,287,5,M_744,PROPN
745,exp,exp_name,margaret,Margaret,69375,69383,25,288,5,M_745,PROPN
746,pdnc,qID,Q217-0,you,69426,69429,22,288,5,M_746,Other
747,pdnc,qID,Q217-0,you,69446,69449,22,288,5,M_747,Other
748,pdnc,qID,Q219-0,you,69938,69941,22,288,5,M_748,Other
749,pdnc,qID,Q219-0,you,70009,70012,22,288,5,M_749,Other
750,exp,exp_name,margaret,Margaret,70336,70344,25,289,5,M_750,PROPN
751,pdnc,qID,Q220-0,Helen,70510,70515,16,290,5,M_751,PROPN
752,pdnc,qID,Q222-0,You,70559,70562,16,292,5,M_752,Other
753,pdnc,qID,Q222-0,this gentleman,70578,70592,22,292,5,M_753,Other
754,exp,exp_name,helen,Helen,70628,70633,16,293,5,M_754,PROPN
755,pdnc,qID,Q223-1,you,70690,70693,22,293,5,M_755,Other
756,pdnc,qID,Q224-0,Helen,70701,70706,16,294,5,M_756,PROPN
757,pdnc,qID,Q224-0,you,70708,70711,16,294,5,M_757,Other
758,pdnc,qID,Q224-0,You,70739,70742,16,294,5,M_758,Other
759,pdnc,qID,Q224-0,this gentleman,70748,70762,22,294,5,M_759,Other
760,pdnc,qID,Q224-0,he,70802,70804,22,294,5,M_760,Other
761,exp,exp_name,helen,Helen,70878,70883,16,295,5,M_761,PROPN
762,pdnc,qID,Q225-1,yours,71097,71102,22,295,5,M_762,Other
763,exp,exp_name,helen,Helen,71228,71233,16,296,5,M_763,PROPN
764,pdnc,qID,Q226-0,you,71329,71332,25,297,5,M_764,Other
765,pdnc,qID,Q226-0,Meg,71339,71342,25,297,5,M_765,PROPN
766,pdnc,qID,Q226-0,You,71344,71347,25,297,5,M_766,Other
767,pdnc,qID,Q226-0,she,71392,71395,25,297,5,M_767,Other
768,pdnc,qID,Q226-0,Aunt Juley,71401,71411,6,297,5,M_768,PROPN
769,pdnc,qID,Q226-0,She,71436,71439,25,297,5,M_769,Other
770,pdnc,qID,Q226-0,Frieda,71523,71529,15,297,5,M_770,Other
771,pdnc,qID,Q226-0,Tibby,71531,71536,45,297,5,M_771,PROPN
772,pdnc,qID,Q226-0,you,71548,71551,45,297,5,M_772,Other
773,exp,exp_name,margaret,Margaret,71937,71945,25,300,5,M_773,PROPN
774,pdnc,qID,Q228-1,Helen,71953,71958,16,300,5,M_774,PROPN
775,pdnc,qID,Q228-1,you,71971,71974,16,300,5,M_775,Other
776,pdnc,qID,Q230-0,you,72018,72021,16,302,5,M_776,Other
777,pdnc,qID,Q230-0,you,72031,72034,16,302,5,M_777,Other
778,pdnc,qID,Q230-0,him,72049,72052,22,302,5,M_778,Other
779,pdnc,qID,Q230-0,him,72067,72070,22,302,5,M_779,Other
780,pdnc,qID,Q230-0,You,72087,72090,16,302,5,M_780,Other
781,pdnc,qID,Q230-0,his,72154,72157,22,302,5,M_781,Other
782,exp,exp_name,helen,Helen,72227,72232,16,302,5,M_782,PROPN
783,booknlp,COREF,264,I,72292,72293,6,303,5,M_783,Other
784,exp,exp_name,mrs. munt,Mrs. Munt,72335,72344,6,303,5,M_784,PROPN
785,pdnc,qID,Q232-1,the young man,72369,72382,22,303,5,M_785,Other
786,pdnc,qID,Q232-1,Margaret,72384,72392,25,303,5,M_786,PROPN
787,pdnc,qID,Q232-1,your,72398,72402,25,303,5,M_787,Other
788,exp,exp_name,helen,Helen,72462,72467,16,304,5,M_788,PROPN
789,pdnc,qID,Q233-0,Aunt Juley,72476,72486,6,304,5,M_789,PROPN
790,pdnc,qID,Q233-0,you,72496,72499,6,304,5,M_790,Other
791,pdnc,qID,Q233-0,You,72501,72504,6,304,5,M_791,Other
792,pdnc,qID,Q233-0,he,72547,72549,22,304,5,M_792,Other
793,pdnc,qID,Q233-0,Helen,72679,72684,16,304,5,M_793,PROPN
794,exp,exp_name,margaret,Margaret,72752,72760,25,305,5,M_794,PROPN
795,pdnc,qID,Q234-1,You,72815,72818,6,305,5,M_795,Other
796,pdnc,qID,Q234-1,father,72850,72856,13,305,5,M_796,PROPN
797,pdnc,qID,Q234-1,he,72936,72938,13,305,5,M_797,Other
798,pdnc,qID,Q234-1,him,72981,72984,13,305,5,M_798,Other
799,pdnc,qID,Q234-1,he,72985,72987,13,305,5,M_799,Other
800,booknlp,COREF,264,I,73157,73158,6,306,5,M_800,Other
801,exp,exp_name,mrs. munt,Mrs. Munt,73201,73210,6,306,5,M_801,PROPN
802,booknlp,COREF,264,she,73231,73234,6,306,5,M_802,Other
803,pdnc,qID,Q236-0,your father,73269,73280,13,306,5,M_803,Other
804,booknlp,COREF,264,she,73334,73337,6,306,5,M_804,Other
805,booknlp,COREF,264,herself,73348,73355,6,306,5,M_805,Other
806,pdnc,qID,Q237-0,he,73368,73370,22,306,5,M_806,Other
807,exp,exp_name,helen,Helen,73455,73460,16,307,5,M_807,PROPN
808,pdnc,qID,Q239-0,Aunt Juley,73489,73499,6,308,5,M_808,PROPN
809,exp,exp_name,margaret,Margaret,73507,73515,25,308,5,M_809,PROPN
810,pdnc,qID,Q240-0,Auntie Tibby,73976,73988,45,310,5,M_810,PROPN
811,exp,exp_name,helen,Helen,73998,74003,16,310,5,M_811,PROPN
812,exp,exp_name,margaret,Margaret,74011,74019,25,310,5,M_812,PROPN
813,pdnc,qID,Q242-1,Tibby,74204,74209,45,311,5,M_813,PROPN
814,pdnc,qID,Q243-0,you,74321,74324,45,311,5,M_814,Other
815,pdnc,qID,Q243-0,that young man,74330,74344,22,311,5,M_815,Other
816,pdnc,qID,Q243-0,Tibby,74354,74359,45,311,5,M_816,PROPN
817,pdnc,qID,Q243-0,You,74361,74364,45,311,5,M_817,Other
818,pdnc,qID,Q243-0,you,74392,74395,45,311,5,M_818,Other
819,pdnc,qID,Q243-0,You,74402,74405,45,311,5,M_819,Other
820,pdnc,qID,Q243-0,his,74426,74429,22,311,5,M_820,Other
821,pdnc,qID,Q243-0,him,74445,74448,22,311,5,M_821,Other
822,pdnc,qID,Q243-0,him,74483,74486,22,311,5,M_822,Other
823,exp,exp_name,tibby,Tibby,74520,74525,45,312,5,M_823,PROPN
824,booknlp,COREF,259,his,74570,74573,45,312,5,M_824,Other
825,pdnc,qID,Q245-0,Tibby,74649,74654,45,314,5,M_825,PROPN
826,exp,exp_name,margaret,Margaret,74668,74676,25,314,5,M_826,PROPN
827,exp,exp_name,helen,Helen,74773,74778,16,315,5,M_827,PROPN
828,booknlp,COREF,264,my,74786,74788,6,316,5,M_828,Other
829,exp,exp_name,mrs. munt,Mrs. Munt,74806,74815,6,316,5,M_829,PROPN
830,pdnc,qID,Q247-1,you,74826,74829,16,316,5,M_830,Other
831,pdnc,qID,Q247-1,you,74874,74877,16,316,5,M_831,Other
832,booknlp,COREF,264,me,74909,74911,6,316,5,M_832,Other
833,pdnc,qID,Q248-0,Helen,75002,75007,16,317,5,M_833,PROPN
834,exp,exp_name,helen,Helen,75042,75047,16,318,5,M_834,PROPN
835,pdnc,qID,Q249-1,Tibby,75124,75129,45,318,5,M_835,PROPN
836,exp,exp_name,helen,Helen,75243,75248,16,320,5,M_836,PROPN
837,exp,exp_name,tibby,Tibby,75295,75300,45,321,5,M_837,PROPN
838,pdnc,qID,Q252-0,Meg,75329,75332,25,322,5,M_838,PROPN
839,pdnc,qID,Q252-0,Aunt Juley,75337,75347,6,322,5,M_839,PROPN
840,pdnc,qID,Q252-0,you,75363,75366,45,322,5,M_840,Other
841,exp,exp_name,margaret,Margaret,75432,75440,25,323,5,M_841,PROPN
842,pdnc,qID,Q253-1,Aunt Juley,75476,75486,6,323,5,M_842,PROPN
843,pdnc,qID,Q253-1,father,75631,75637,13,323,5,M_843,PROPN
844,pdnc,qID,Q253-1,you,75659,75662,6,323,5,M_844,Other
845,pdnc,qID,Q253-1,you,75691,75694,6,323,5,M_845,Other
846,pdnc,qID,Q253-1,you,75724,75727,6,323,5,M_846,Other
847,pdnc,qID,Q253-1,you,75890,75893,6,323,5,M_847,Other
848,pdnc,qID,Q253-1,they,76001,76005,6,323,5,M_848,Other
849,booknlp,COREF,259,I,76307,76308,45,324,5,M_849,Other
850,exp,exp_name,tibby,Tibby,76324,76329,45,324,5,M_850,PROPN
851,pdnc,qID,Q255-0,You,76333,76336,45,325,5,M_851,Other
852,pdnc,qID,Q255-0,my child,76376,76384,45,325,5,M_852,Other
853,exp,exp_name,helen,Helen,76387,76392,16,325,5,M_853,PROPN
854,pdnc,qID,Q255-1,you,76410,76413,45,325,5,M_854,Other
855,pdnc,qID,Q255-1,you ,76473,76477,45,325,5,M_855,Other
856,pdnc,qID,Q255-1,you,76496,76499,45,325,5,M_856,Other
857,pdnc,qID,Q255-1,you,76506,76509,45,325,5,M_857,Other
858,pdnc,qID,Q256-0,You,76575,76578,16,326,5,M_858,Other
859,pdnc,qID,Q256-0,you,76587,76590,16,326,5,M_859,Other
860,exp,exp_name,margaret,Margaret,76616,76624,25,326,5,M_860,PROPN
861,pdnc,qID,Q257-0,you,76666,76669,25,327,5,M_861,Other
862,exp,exp_name,margaret,Margaret,77136,77144,25,330,5,M_862,PROPN
863,exp,exp_name,helen,Helen,77278,77283,16,330,5,M_863,PROPN
864,pdnc,qID,Q261-0,Margaret,77630,77638,25,331,5,M_864,PROPN
865,pdnc,qID,Q261-0,that young man,77660,77674,22,331,5,M_865,Other
866,pdnc,qID,Q261-0,he,77804,77806,22,331,5,M_866,Other
867,exp,exp_name,leonard bast,Leonard Bast,78440,78452,22,335,6,M_867,PROPN
868,pdnc,qID,Q262-0,Mr. Bast,80239,80247,22,337,6,M_868,PROPN
869,pdnc,qID,Q263-0,Mr. Dealtry,80261,80272,30,338,6,M_869,PROPN
870,exp,exp_name,mr. dealtry,Mr. Dealtry,80305,80316,30,341,6,M_870,PROPN
871,exp,exp_name,leonard,Leonard,80349,80356,22,341,6,M_871,PROPN
872,pdnc,qID,Q266-0,Mr. Bast,81951,81959,22,343,6,M_872,PROPN
873,pdnc,qID,Q267-0,Mr. Cunningham,81973,81987,29,344,6,M_873,PROPN
874,booknlp,COREF,315,I,82060,82061,29,346,6,M_874,Other
875,pdnc,qID,Q269-0,your,82066,82070,29,346,6,M_875,Other
876,exp,exp_name,mr. cunningham,Mr. Cunningham,82158,82172,29,347,6,M_876,PROPN
877,booknlp,COREF,315,him,82261,82264,29,347,6,M_877,Other
878,exp,exp_name,leonard,Leonard,82283,82290,22,348,6,M_878,PROPN
879,booknlp,COREF,311,he,82325,82327,22,348,6,M_879,Other
880,pdnc,qID,Q273-0,You,82448,82451,29,350,6,M_880,Other
881,booknlp,COREF,315,I,82469,82470,29,351,6,M_881,Other
882,pdnc,qID,Q275-0,Mr. Cunningham,82522,82536,29,352,6,M_882,PROPN
883,pdnc,qID,Q276-0,Mr. Bast,82555,82563,22,353,6,M_883,PROPN
884,exp,exp_name,leonard,Leonard,82572,82579,22,354,6,M_884,PROPN
885,booknlp,COREF,311,He,82731,82733,22,354,6,M_885,Other
886,booknlp,COREF,311,he,82842,82844,22,354,6,M_886,Other
887,booknlp,COREF,311,his,82959,82962,22,354,6,M_887,Other
888,booknlp,COREF,311,he,82973,82975,22,354,6,M_888,Other
889,booknlp,COREF,311,himself,82982,82989,22,354,6,M_889,Other
890,exp,exp_name,leonard,Leonard,83665,83672,22,356,6,M_890,PROPN
891,booknlp,COREF,311,his,83689,83692,22,356,6,M_891,Other
892,booknlp,COREF,311,he,83699,83701,22,356,6,M_892,Other
893,booknlp,COREF,311,He,83841,83843,22,356,6,M_893,Other
894,exp,exp_name,jacky,Jacky,83944,83949,20,356,6,M_894,PROPN
895,exp,exp_name,jacky,Jacky,84007,84012,20,356,6,M_895,PROPN
896,exp,exp_name,jacky,Jacky,84114,84119,20,356,6,M_896,PROPN
897,exp,exp_name,jacky,Jacky,84376,84381,20,356,6,M_897,PROPN
898,exp,exp_name,leonard,Leonard,84443,84450,22,357,6,M_898,PROPN
899,booknlp,COREF,311,his,84501,84504,22,357,6,M_899,Other
900,booknlp,COREF,311,He,84627,84629,22,357,6,M_900,Other
901,booknlp,COREF,311,he,84688,84690,22,357,6,M_901,Other
902,booknlp,COREF,311,his,84698,84701,22,357,6,M_902,Other
903,booknlp,COREF,311,his,84800,84803,22,357,6,M_903,Other
904,booknlp,COREF,311,He,84810,84812,22,357,6,M_904,Other
905,booknlp,COREF,311,his,84893,84896,22,357,6,M_905,Other
906,booknlp,COREF,311,he,84983,84985,22,358,6,M_906,Other
907,booknlp,COREF,311,he,85030,85032,22,358,6,M_907,Other
908,booknlp,COREF,311,he,85065,85067,22,358,6,M_908,Other
909,booknlp,COREF,311,his,85075,85078,22,358,6,M_909,Other
910,booknlp,COREF,311,his,85087,85090,22,358,6,M_910,Other
911,booknlp,COREF,311,He,85163,85165,22,358,6,M_911,Other
912,booknlp,COREF,311,himself,85173,85180,22,358,6,M_912,Other
913,booknlp,COREF,311,He,85191,85193,22,358,6,M_913,Other
914,booknlp,COREF,311,He,85273,85275,22,358,6,M_914,Other
915,booknlp,COREF,311,he,85320,85322,22,358,6,M_915,Other
916,booknlp,COREF,311,himself,85362,85369,22,358,6,M_916,Other
917,exp,exp_name,ruskin,Ruskin,85406,85412,35,358,6,M_917,PROPN
918,exp,exp_name,leonard,Leonard,85885,85892,22,362,6,M_918,PROPN
919,booknlp,COREF,311,his,85912,85915,22,362,6,M_919,Other
920,exp,exp_name,ruskin,Ruskin,85925,85931,35,362,6,M_920,PROPN
921,booknlp,COREF,311,he,85933,85935,22,362,6,M_921,Other
922,booknlp,COREF,319,him,85947,85950,35,362,6,M_922,Other
923,booknlp,COREF,311,He,85995,85997,22,362,6,M_923,Other
924,booknlp,COREF,311,he,86302,86304,22,364,6,M_924,Other
925,booknlp,COREF,311,he,86348,86350,22,364,6,M_925,Other
926,booknlp,COREF,311,he,86390,86392,22,364,6,M_926,Other
927,booknlp,COREF,311,his,86416,86419,22,364,6,M_927,Other
928,booknlp,COREF,311,him,86669,86672,22,366,6,M_928,Other
929,booknlp,COREF,311,he,86734,86736,22,366,6,M_929,Other
930,booknlp,COREF,311,My,86781,86783,22,366,6,M_930,Other
931,booknlp,COREF,311,him,86842,86845,22,366,6,M_931,Other
932,exp,exp_name,leonard,Leonard,87075,87082,22,367,6,M_932,PROPN
933,exp,exp_name,leonard,Leonard,87215,87222,22,368,6,M_933,PROPN
934,booknlp,COREF,311,He,87254,87256,22,368,6,M_934,Other
935,booknlp,COREF,311,he,87267,87269,22,368,6,M_935,Other
936,booknlp,COREF,311,he,87306,87308,22,368,6,M_936,Other
937,exp,exp_name,ruskin,Ruskin,87322,87328,35,368,6,M_937,PROPN
938,booknlp,COREF,311,he,87389,87391,22,368,6,M_938,Other
939,booknlp,COREF,311,his,87411,87414,22,368,6,M_939,Other
940,booknlp,COREF,311,He,87465,87467,22,368,6,M_940,Other
941,booknlp,COREF,311,I,87777,87778,22,368,6,M_941,Other
942,booknlp,COREF,311,He,87837,87839,22,368,6,M_942,Other
943,booknlp,COREF,311,he,87929,87931,22,368,6,M_943,Other
944,booknlp,COREF,311,I,87946,87947,22,368,6,M_944,Other
945,exp,exp_name,leonard,Leonard,88026,88033,22,368,6,M_945,PROPN
946,booknlp,COREF,311,he,88064,88066,22,368,6,M_946,Other
947,booknlp,COREF,311,he,88137,88139,22,368,6,M_947,Other
948,booknlp,COREF,311,he,88194,88196,22,368,6,M_948,Other
949,booknlp,COREF,311,he,88216,88218,22,368,6,M_949,Other
950,booknlp,COREF,311,his,88429,88432,22,368,6,M_950,Other
951,booknlp,COREF,311,He,88514,88516,22,369,6,M_951,Other
952,exp,exp_name,margaret,Margaret,88525,88533,25,369,6,M_952,PROPN
953,exp,exp_name,ruskin,Ruskin,88557,88563,35,369,6,M_953,PROPN
954,exp,exp_name,jacky,Jacky,89621,89626,20,369,6,M_954,PROPN
955,exp,exp_name,leonard,Leonard,89808,89815,22,370,6,M_955,PROPN
956,exp,exp_name,jacky,Jacky,89893,89898,20,371,6,M_956,PROPN
957,booknlp,COREF,318,he,89949,89951,20,372,6,M_957,Other
958,pdnc,qID,Q285-0,You,90084,90087,20,373,6,M_958,Other
959,booknlp,COREF,318,I,90105,90106,20,375,6,M_959,Other
960,booknlp,COREF,318,he,90122,90124,20,375,6,M_960,Other
961,pdnc,qID,Q288-0,Len,90152,90155,22,376,6,M_961,Other
962,booknlp,COREF,311,I,90175,90176,22,377,6,M_962,Other
963,booknlp,COREF,311,I,90211,90212,22,377,6,M_963,Other
964,pdnc,qID,Q289-0,you,90218,90221,20,377,6,M_964,Other
965,exp,exp_name,leonard,Leonard,90235,90242,22,377,6,M_965,PROPN
966,exp,exp_name,jacky,Jacky,90341,90346,20,380,6,M_966,PROPN
967,pdnc,qID,Q293-0,Mr. Cunningham,90376,90390,29,381,6,M_967,PROPN
968,pdnc,qID,Q294-0,Mr. Cunningham,90442,90456,29,382,6,M_968,PROPN
969,pdnc,qID,Q296-0,you,90473,90476,22,384,6,M_969,Other
970,pdnc,qID,Q296-0,Mr. Cunningham,90482,90496,29,384,6,M_970,PROPN
971,pdnc,qID,Q297-0,Mr. Cunningham,90506,90520,29,385,6,M_971,PROPN
972,exp,exp_name,jacky,Jacky,90669,90674,20,387,6,M_972,PROPN
973,exp,exp_name,leonard,Leonard,91152,91159,22,390,6,M_973,PROPN
974,booknlp,COREF,311,him,91188,91191,22,390,6,M_974,Other
975,booknlp,COREF,311,him,91258,91261,22,390,6,M_975,Other
976,booknlp,COREF,311,he,91267,91269,22,390,6,M_976,Other
977,pdnc,qID,Q299-0,you,91335,91338,22,390,6,M_977,Other
978,booknlp,COREF,311,he,91357,91359,22,390,6,M_978,Other
979,exp,exp_name,margaret,Margaret,91423,91431,25,390,6,M_979,PROPN
980,booknlp,COREF,311,he,91483,91485,22,390,6,M_980,Other
981,pdnc,qID,Q302-0,Len,91512,91515,22,391,6,M_981,Other
982,booknlp,COREF,311,he,91534,91536,22,392,6,M_982,Other
983,booknlp,COREF,311,his,91623,91626,22,392,6,M_983,Other
984,pdnc,qID,Q304-0,You,91635,91638,22,393,6,M_984,Other
985,booknlp,COREF,311,me,91647,91649,22,393,6,M_985,Other
986,pdnc,qID,Q305-0,Jacky,91654,91659,20,394,6,M_986,PROPN
987,pdnc,qID,Q305-0,you,91661,91664,20,394,6,M_987,Other
988,booknlp,COREF,311,I,91675,91676,22,394,6,M_988,Other
989,pdnc,qID,Q305-0,you,91689,91692,20,394,6,M_989,Other
990,pdnc,qID,Q306-0,you,91720,91723,22,395,6,M_990,Other
991,booknlp,COREF,311,me,91732,91734,22,395,6,M_991,Other
992,pdnc,qID,Q306-0,Len,91736,91739,22,395,6,M_992,Other
993,pdnc,qID,Q306-0,you,91747,91750,22,395,6,M_993,Other
994,booknlp,COREF,311,I,91765,91766,22,396,6,M_994,Other
995,pdnc,qID,Q308-0,Len,91816,91819,22,398,6,M_995,Other
996,pdnc,qID,Q310-0,Len,91846,91849,22,400,6,M_996,Other
997,pdnc,qID,Q310-0,you,91851,91854,22,400,6,M_997,Other
998,pdnc,qID,Q311-0,you,91895,91898,20,401,6,M_998,Other
999,pdnc,qID,Q311-1,you,91991,91994,20,401,6,M_999,Other
1000,pdnc,qID,Q311-1,you,92073,92076,20,401,6,M_1000,Other
1001,pdnc,qID,Q311-1,you,92191,92194,20,401,6,M_1001,Other
1002,pdnc,qID,Q311-1,Jacky,92312,92317,20,401,6,M_1002,PROPN
1003,pdnc,qID,Q311-1,you,92358,92361,20,401,6,M_1003,Other
1004,booknlp,COREF,318,your,92400,92404,20,402,6,M_1004,Other
1005,pdnc,qID,Q312-0,Len,92415,92418,22,402,6,M_1005,Other
1006,pdnc,qID,Q313-0,you,92433,92436,20,403,6,M_1006,Other
1007,exp,exp_name,jacky,Jacky,92551,92556,20,404,6,M_1007,PROPN
1008,exp,exp_name,leonard,Leonard,92664,92671,22,404,6,M_1008,PROPN
1009,booknlp,COREF,311,He,92741,92743,22,404,6,M_1009,Other
1010,booknlp,COREF,311,he,92847,92849,22,404,6,M_1010,Other
1011,booknlp,COREF,311,his,92868,92871,22,404,6,M_1011,Other
1012,booknlp,COREF,311,he,92897,92899,22,404,6,M_1012,Other
1013,booknlp,COREF,311,he,92912,92914,22,404,6,M_1013,Other
1014,booknlp,COREF,311,I,93031,93032,22,405,6,M_1014,Other
1015,pdnc,qID,Q314-0,you,93070,93073,20,405,6,M_1015,Other
1016,booknlp,COREF,311,my,93077,93079,22,405,6,M_1016,Other
1017,pdnc,qID,Q314-0,you,93108,93111,20,405,6,M_1017,Other
1018,booknlp,COREF,311,my,93121,93123,22,405,6,M_1018,Other
1019,booknlp,COREF,311,I,93134,93135,22,405,6,M_1019,Other
1020,pdnc,qID,Q314-0,you,93146,93149,20,405,6,M_1020,Other
1021,booknlp,COREF,311,I,93172,93173,22,405,6,M_1021,Other
1022,booknlp,COREF,311,I,93227,93228,22,405,6,M_1022,Other
1023,pdnc,qID,Q314-0,you,93249,93252,20,405,6,M_1023,Other
1024,booknlp,COREF,311,I,93273,93274,22,405,6,M_1024,Other
1025,booknlp,COREF,311,I,93307,93308,22,405,6,M_1025,Other
1026,booknlp,COREF,311,He,93327,93329,22,405,6,M_1026,Other
1027,booknlp,COREF,311,his,93338,93341,22,405,6,M_1027,Other
1028,booknlp,COREF,311,He,93350,93352,22,405,6,M_1028,Other
1029,booknlp,COREF,311,he,93415,93417,22,405,6,M_1029,Other
1030,booknlp,COREF,311,My,93429,93431,22,405,6,M_1030,Other
1031,booknlp,COREF,311,I,93451,93452,22,405,6,M_1031,Other
1032,pdnc,qID,Q314-2,Jacky,93486,93491,20,405,6,M_1032,PROPN
1033,pdnc,qID,Q314-3,Jacky,93513,93518,20,406,6,M_1033,PROPN
1034,pdnc,qID,Q314-3,your,93640,93644,20,406,6,M_1034,Other
1035,pdnc,qID,Q314-3,you,93758,93761,20,406,6,M_1035,Other
1036,booknlp,COREF,311,I,93765,93766,22,407,6,M_1036,Other
1037,pdnc,qID,Q314-4,you,93775,93778,20,407,6,M_1037,Other
1038,booknlp,COREF,311,I,93798,93799,22,407,6,M_1038,Other
1039,booknlp,COREF,311,myself,93833,93839,22,407,6,M_1039,Other
1040,pdnc,qID,Q314-4,you,93923,93926,20,407,6,M_1040,Other
1041,booknlp,COREF,311,I,93935,93936,22,407,6,M_1041,Other
1042,exp,exp_name,ruskin,Ruskin,93949,93955,35,407,6,M_1042,PROPN
1043,booknlp,COREF,311,I,93976,93977,22,407,6,M_1043,Other
1044,pdnc,qID,Q314-4,you,94020,94023,20,407,6,M_1044,Other
1045,booknlp,COREF,311,I,94040,94041,22,407,6,M_1045,Other
1046,booknlp,COREF,311,I,94046,94047,22,407,6,M_1046,Other
1047,pdnc,qID,Q314-4,you,94057,94060,20,407,6,M_1047,Other
1048,booknlp,COREF,311,I,94062,94063,22,407,6,M_1048,Other
1049,exp,exp_name,jacky,Jacky,94130,94135,20,408,6,M_1049,PROPN
1050,pdnc,qID,Q315-0,you,94248,94251,22,408,6,M_1050,Other
1051,pdnc,qID,Q315-0,you,94270,94273,22,408,6,M_1051,Other
1052,exp,exp_name,leonard,Leonard,94314,94321,22,409,6,M_1052,PROPN
1053,exp,exp_name,leonard,Leonard,94570,94577,22,409,6,M_1053,PROPN
1054,exp,exp_name,jacky,Jacky,94611,94616,20,409,6,M_1054,PROPN
1055,exp,exp_name,leonard,Leonard,94797,94804,22,409,6,M_1055,PROPN
1056,booknlp,COREF,311,his,94825,94828,22,409,6,M_1056,Other
1057,booknlp,COREF,311,He,94994,94996,22,410,6,M_1057,Other
1058,booknlp,COREF,311,he,95049,95051,22,410,6,M_1058,Other
1059,booknlp,COREF,311,his,95138,95141,22,410,6,M_1059,Other
1060,booknlp,COREF,311,me,95373,95375,22,411,6,M_1060,Other
1061,exp,exp_name,leonard,Leonard,95392,95399,22,411,6,M_1061,PROPN
1062,exp,exp_name,jacky,Jacky,95402,95407,20,412,6,M_1062,PROPN
1063,booknlp,COREF,311,I,95488,95489,22,413,6,M_1063,Other
1064,pdnc,qID,Q317-0,you,95498,95501,20,413,6,M_1064,Other
1065,pdnc,qID,Q317-0,dear,95528,95532,20,413,6,M_1065,Other
1066,booknlp,COREF,311,He,95550,95552,22,414,6,M_1066,Other
1067,booknlp,COREF,311,He,95603,95605,22,414,6,M_1067,Other
1068,exp,exp_name,jacky,Jacky,95685,95690,20,414,6,M_1068,PROPN
1069,exp,exp_name,miss schlegel,Miss Schlegel,95857,95870,25,414,6,M_1069,PROPN
1070,exp,exp_name,helen,Helen,95992,95997,16,414,6,M_1070,PROPN
1071,booknlp,COREF,288,Herr,96087,96091,19,414,6,M_1071,Other
1072,pdnc,qID,Q318-0,Len,96586,96589,22,415,6,M_1072,Other
1073,pdnc,qID,Q319-0,You,96594,96597,20,416,6,M_1073,Other
1074,pdnc,qID,Q325-0,Jacky,96896,96901,20,425,6,M_1074,PROPN
1075,exp,exp_name,ruskin,Ruskin,97030,97036,35,429,6,M_1075,PROPN
1076,booknlp,COREF,319,his,97089,97092,35,429,6,M_1076,Other
1077,booknlp,COREF,319,him,97112,97115,35,429,6,M_1077,Other
1078,exp,exp_name,leonard,Leonard,97311,97318,22,429,6,M_1078,PROPN
1079,pdnc,qID,Q328-0,Margaret,97341,97349,25,431,7,M_1079,PROPN
1080,pdnc,qID,Q328-1,you,97442,97445,25,431,7,M_1080,Other
1081,exp,exp_name,mrs. munt,Mrs. Munt,97670,97679,6,432,7,M_1081,PROPN
1082,booknlp,COREF,264,she,97751,97754,6,432,7,M_1082,Other
1083,booknlp,COREF,264,she,97792,97795,6,432,7,M_1083,Other
1084,booknlp,COREF,264,she,97857,97860,6,432,7,M_1084,Other
1085,booknlp,COREF,264,she,98004,98007,6,432,7,M_1085,Other
1086,booknlp,COREF,264,her,98014,98017,6,432,7,M_1086,Other
1087,booknlp,COREF,264,her,98151,98154,6,432,7,M_1087,Other
1088,booknlp,COREF,264,her,98188,98191,6,432,7,M_1088,Other
1089,booknlp,COREF,264,She,98221,98224,6,432,7,M_1089,Other
1090,booknlp,COREF,264,her,98573,98576,6,432,7,M_1090,Other
1091,exp,exp_name,margaret,Margaret,98680,98688,25,433,7,M_1091,PROPN
1092,exp,exp_name,helen,Helen,98778,98783,16,433,7,M_1092,PROPN
1093,pdnc,qID,Q331-0,Helen,98802,98807,16,434,7,M_1093,PROPN
1094,pdnc,qID,Q331-1,She,98857,98860,16,434,7,M_1094,Other
1095,pdnc,qID,Q331-1,She,98921,98924,16,434,7,M_1095,Other
1096,pdnc,qID,Q331-1,she,98967,98970,16,434,7,M_1096,Other
1097,pdnc,qID,Q332-0,dear,99058,99062,25,435,7,M_1097,Other
1098,pdnc,qID,Q332-0,you,99079,99082,25,435,7,M_1098,Other
1099,pdnc,qID,Q332-0,Helen,99092,99097,16,435,7,M_1099,PROPN
1100,pdnc,qID,Q332-0,She,99177,99180,16,435,7,M_1100,Other
1101,pdnc,qID,Q332-0,that Paul,99190,99199,34,435,7,M_1101,Other
1102,pdnc,qID,Q332-0,She,99215,99218,16,435,7,M_1102,Other
1103,pdnc,qID,Q333-0,she,99258,99261,16,436,7,M_1103,Other
1104,pdnc,qID,Q333-0,him,99358,99361,34,436,7,M_1104,Other
1105,pdnc,qID,Q333-0,you,99441,99444,6,436,7,M_1105,Other
1106,pdnc,qID,Q333-0,Helen,99488,99493,16,436,7,M_1106,PROPN
1107,pdnc,qID,Q333-0,she,99510,99513,16,436,7,M_1107,Other
1108,pdnc,qID,Q333-0,you,99809,99812,6,436,7,M_1108,Other
1109,exp,exp_name,mrs. munt,Mrs. Munt,99820,99829,6,437,7,M_1109,PROPN
1110,exp,exp_name,margaret,Margaret,99854,99862,25,437,7,M_1110,PROPN
1111,pdnc,qID,Q334-0,you,100009,100012,6,438,7,M_1111,Other
1112,pdnc,qID,Q334-0,you,100064,100067,6,438,7,M_1112,Other
1113,pdnc,qID,Q334-0,you,100100,100103,6,438,7,M_1113,Other
1114,pdnc,qID,Q334-0,you,100115,100118,6,438,7,M_1114,Other
1115,pdnc,qID,Q334-0,you,100139,100142,6,438,7,M_1115,Other
1116,pdnc,qID,Q334-0,Mrs. W,100168,100174,32,438,7,M_1116,PROPN
1117,pdnc,qID,Q334-0,Helen,100212,100217,16,438,7,M_1117,PROPN
1118,pdnc,qID,Q334-0,She,100234,100237,32,438,7,M_1118,Other
1119,pdnc,qID,Q337-0,Margaret,100314,100322,25,441,7,M_1119,PROPN
1120,exp,exp_name,mrs. munt,Mrs. Munt,100387,100396,6,443,7,M_1120,PROPN
1121,booknlp,COREF,264,She,100405,100408,6,443,7,M_1121,Other
1122,booknlp,COREF,264,her,100458,100461,6,443,7,M_1122,Other
1123,booknlp,COREF,264,her,100482,100485,6,443,7,M_1123,Other
1124,booknlp,COREF,264,her,100519,100522,6,443,7,M_1124,Other
1125,booknlp,COREF,264,she,100556,100559,6,443,7,M_1125,Other
1126,exp,exp_name,charles,Charles,100575,100582,8,443,7,M_1126,PROPN
1127,booknlp,COREF,264,she,100586,100589,6,443,7,M_1127,Other
1128,booknlp,COREF,264,She,100616,100619,6,443,7,M_1128,Other
1129,booknlp,COREF,264,her,100755,100758,6,443,7,M_1129,Other
1130,booknlp,COREF,264,she,100771,100774,6,443,7,M_1130,Other
1131,booknlp,COREF,264,she,100793,100796,6,443,7,M_1131,Other
1132,pdnc,qID,Q339-0,you,100844,100847,25,444,7,M_1132,Other
1133,pdnc,qID,Q339-0,you,100871,100874,25,444,7,M_1133,Other
1134,booknlp,COREF,264,she,100877,100880,6,444,7,M_1134,Other
1135,pdnc,qID,Q341-0,Helen,100935,100940,16,446,7,M_1135,PROPN
1136,exp,exp_name,helen,Helen,100992,100997,16,447,7,M_1136,PROPN
1137,exp,exp_name,margaret,Margaret,101068,101076,25,448,7,M_1137,PROPN
1138,pdnc,qID,Q344-0,Aunt Juley,101136,101146,6,449,7,M_1138,PROPN
1139,exp,exp_name,mrs. munt,Mrs. Munt,101150,101159,6,450,7,M_1139,PROPN
1140,pdnc,qID,Q345-0,you,101262,101265,16,450,7,M_1140,Other
1141,exp,exp_name,helen,Helen,101398,101403,16,451,7,M_1141,PROPN
1142,exp,exp_name,mrs. munt,Mrs. Munt,101475,101484,6,451,7,M_1142,PROPN
1143,booknlp,COREF,264,she,101510,101513,6,451,7,M_1143,Other
1144,pdnc,qID,Q346-0,Helen,101532,101537,16,451,7,M_1144,PROPN
1145,pdnc,qID,Q346-0,you,101539,101542,16,451,7,M_1145,Other
1146,pdnc,qID,Q346-0,you,101570,101573,16,451,7,M_1146,Other
1147,exp,exp_name,helen,Helen,101643,101648,16,452,7,M_1147,PROPN
1148,pdnc,qID,Q347-1,you,101679,101682,6,452,7,M_1148,Other
1149,pdnc,qID,Q347-1,Meg,101687,101690,25,452,7,M_1149,PROPN
1150,exp,exp_name,margaret,Margaret,101804,101812,25,453,7,M_1150,PROPN
1151,pdnc,qID,Q349-0,Frieda,101879,101885,15,454,7,M_1151,Other
1152,exp,exp_name,mrs. munt,Mrs. Munt,102010,102019,6,456,7,M_1152,PROPN
1153,booknlp,COREF,264,I,102022,102023,6,456,7,M_1153,Other
1154,exp,exp_name,fraulein mosebach,Fraulein Mosebach,102088,102105,15,457,7,M_1154,PROPN
1155,booknlp,COREF,285,I,102108,102109,15,457,7,M_1155,Other
1156,pdnc,qID,Q352-1,Bruno,102115,102120,19,457,7,M_1156,Other
1157,exp,exp_name,herr liesecke,Herr Liesecke,102146,102159,19,458,7,M_1157,PROPN
1158,booknlp,COREF,288,He,102220,102222,19,458,7,M_1158,Other
1159,booknlp,COREF,288,he,102259,102261,19,458,7,M_1159,Other
1160,exp,exp_name,frieda,Frieda,102307,102313,15,458,7,M_1160,PROPN
1161,booknlp,COREF,287,she,102359,102362,15,458,7,M_1161,Other
1162,exp,exp_name,helen,Helen,102367,102372,16,458,7,M_1162,PROPN
1163,exp,exp_name,bruno,Bruno,102398,102403,19,458,7,M_1163,PROPN
1164,exp,exp_name,margaret,Margaret,102426,102434,25,458,7,M_1164,PROPN
1165,exp,exp_name,mrs. munt,Mrs. Munt,102439,102448,6,458,7,M_1165,PROPN
1166,exp,exp_name,helen,Helen,102482,102487,16,458,7,M_1166,PROPN
1167,booknlp,COREF,287,she,102564,102567,15,458,7,M_1167,Other
1168,pdnc,qID,Q353-0,you,102607,102610,6,459,7,M_1168,Other
1169,pdnc,qID,Q353-0,Aunt Juley,102636,102646,6,459,7,M_1169,PROPN
1170,pdnc,qID,Q353-0,you,102662,102665,6,459,7,M_1170,Other
1171,booknlp,COREF,287,I,102671,102672,15,459,7,M_1171,Other
1172,pdnc,qID,Q354-0,Helen,102756,102761,16,460,7,M_1172,PROPN
1173,booknlp,COREF,287,her,102769,102772,15,460,7,M_1173,Other
1174,pdnc,qID,Q355-0,Helen,102787,102792,16,461,7,M_1174,PROPN
1175,booknlp,COREF,287,her,102800,102803,15,461,7,M_1175,Other
1176,exp,exp_name,margaret,Margaret,102827,102835,25,461,7,M_1176,PROPN
1177,pdnc,qID,Q356-0,Helen,102864,102869,16,461,7,M_1177,PROPN
1178,pdnc,qID,Q356-0,She,102889,102892,16,461,7,M_1178,Other
1179,exp,exp_name,margaret,Margaret,102927,102935,25,462,7,M_1179,PROPN
1180,pdnc,qID,Q357-1,Frieda,102938,102944,15,462,7,M_1180,Other
1181,pdnc,qID,Q357-1,you,102953,102956,6,462,7,M_1181,Other
1182,pdnc,qID,Q357-1,she,102962,102965,15,462,7,M_1182,Other
1183,pdnc,qID,Q358-0,She,102989,102992,16,463,7,M_1183,Other
1184,exp,exp_name,mrs. munt,Mrs. Munt,103011,103020,6,463,7,M_1184,PROPN
1185,pdnc,qID,Q358-1,she,103120,103123,16,463,7,M_1185,Other
1186,pdnc,qID,Q358-1,you,103244,103247,25,463,7,M_1186,Other
1187,pdnc,qID,Q358-1,Charles,103277,103284,8,463,7,M_1187,PROPN
1188,pdnc,qID,Q358-1,you,103295,103298,25,463,7,M_1188,Other
1189,pdnc,qID,Q358-1,you,103323,103326,25,463,7,M_1189,Other
1190,pdnc,qID,Q358-1,Margaret,103373,103381,25,463,7,M_1190,PROPN
1191,pdnc,qID,Q358-1,you,103383,103386,25,463,7,M_1191,Other
1192,pdnc,qID,Q358-1,Mrs. Wilcox,103483,103494,32,463,7,M_1192,PROPN
1193,pdnc,qID,Q358-1,her,103506,103509,32,463,7,M_1193,Other
1194,pdnc,qID,Q358-1,Paul,103519,103523,34,463,7,M_1194,PROPN
1195,pdnc,qID,Q358-1,Evie,103533,103537,14,463,7,M_1195,Other
1196,pdnc,qID,Q358-1,Charles,103562,103569,8,463,7,M_1196,PROPN
1197,pdnc,qID,Q358-1,him,103577,103580,8,463,7,M_1197,Other
1198,pdnc,qID,Q359-0,Mr. Wilcox,103676,103686,17,464,7,M_1198,PROPN
1199,pdnc,qID,Q360-0,Mr. Wilcox,103724,103734,17,465,7,M_1199,PROPN
1200,pdnc,qID,Q361-0,his,103760,103763,17,466,7,M_1200,Other
1201,exp,exp_name,margaret,Margaret,103796,103804,25,466,7,M_1201,PROPN
1202,pdnc,qID,Q361-1,He,103807,103809,17,466,7,M_1202,Other
1203,pdnc,qID,Q361-1,his,103856,103859,17,466,7,M_1203,Other
1204,exp,exp_name,mrs. munt,Mrs. Munt,103867,103876,6,467,7,M_1204,PROPN
1205,exp,exp_name,mr. wilcox,Mr. Wilcox,103924,103934,17,467,7,M_1205,PROPN
1206,booknlp,COREF,264,She,103951,103954,6,467,7,M_1206,Other
1207,booknlp,COREF,264,her,104002,104005,6,467,7,M_1207,Other
1208,exp,exp_name,margaret,Margaret,104042,104050,25,467,7,M_1208,PROPN
1209,booknlp,COREF,264,her,104065,104068,6,467,7,M_1209,Other
1210,pdnc,qID,Q362-0,Helen,104072,104077,16,468,7,M_1210,PROPN
1211,pdnc,qID,Q362-0,her,104153,104156,16,468,7,M_1211,Other
1212,booknlp,COREF,264,Her,104290,104293,6,473,7,M_1212,Other
1213,booknlp,COREF,264,She,104342,104345,6,473,7,M_1213,Other
1214,booknlp,COREF,264,she,104386,104389,6,473,7,M_1214,Other
1215,booknlp,COREF,264,I,104692,104693,6,473,7,M_1215,Other
1216,booknlp,COREF,264,her,104717,104720,6,473,7,M_1216,Other
1217,booknlp,COREF,264,her,104777,104780,6,474,7,M_1217,Other
1218,pdnc,qID,Q368-1,you,105223,105226,25,474,7,M_1218,Other
1219,pdnc,qID,Q368-1,you,105267,105270,25,474,7,M_1219,Other
1220,pdnc,qID,Q370-0,Margaret,105334,105342,25,476,7,M_1220,PROPN
1221,exp,exp_name,miss schlegel,Miss Schlegel,105543,105556,25,479,7,M_1221,PROPN
1222,exp,exp_name,mrs. munt,Mrs. Munt,105631,105640,6,480,7,M_1222,PROPN
1223,pdnc,qID,Q375-0,You,105814,105817,6,481,7,M_1223,Other
1224,pdnc,qID,Q375-0,our,105897,105900,25,481,7,M_1224,Other
1225,pdnc,qID,Q377-0,Helen,106289,106294,16,483,7,M_1225,PROPN
1226,pdnc,qID,Q377-0,Helen,106646,106651,16,483,7,M_1226,PROPN
1227,pdnc,qID,Q377-0,Paul Wilcox,106656,106667,34,483,7,M_1227,PROPN
1228,exp,exp_name,mrs. munt,Mrs. Munt,106785,106794,6,484,7,M_1228,PROPN
1229,pdnc,qID,Q379-0,you,106824,106827,6,485,7,M_1229,Other
1230,pdnc,qID,Q379-0,Helen,107105,107110,16,485,7,M_1230,PROPN
1231,pdnc,qID,Q379-0,Tibby,107130,107135,45,485,7,M_1231,PROPN
1232,pdnc,qID,Q380-0,Fraulein Mosebach,107573,107590,15,486,7,M_1232,PROPN
1233,pdnc,qID,Q380-0,she,107613,107616,15,486,7,M_1233,Other
1234,pdnc,qID,Q382-0,Helen,107664,107669,16,488,7,M_1234,PROPN
1235,pdnc,qID,Q383-0,she,107725,107728,16,489,7,M_1235,Other
1236,pdnc,qID,Q384-0,your,107739,107743,25,490,7,M_1236,Other
1237,pdnc,qID,Q384-0,you,107766,107769,25,490,7,M_1237,Other
1238,pdnc,qID,Q384-0,you,107783,107786,25,490,7,M_1238,Other
1239,exp,exp_name,margaret,Margaret,107867,107875,25,491,7,M_1239,PROPN
1240,booknlp,COREF,264,me,107927,107929,6,492,7,M_1240,Other
1241,pdnc,qID,Q386-0,you,107955,107958,25,492,7,M_1241,Other
1242,booknlp,COREF,264,me,108011,108013,6,493,7,M_1242,Other
1243,booknlp,COREF,264,I,108026,108027,6,493,7,M_1243,Other
1244,exp,exp_name,mrs. munt,Mrs. Munt,108109,108118,6,494,7,M_1244,PROPN
1245,booknlp,COREF,264,her,108156,108159,6,494,7,M_1245,Other
1246,booknlp,COREF,264,I,108209,108210,6,496,7,M_1246,Other
1247,booknlp,COREF,264,I,108220,108221,6,496,7,M_1247,Other
1248,booknlp,COREF,264,my,108245,108247,6,496,7,M_1248,Other
1249,booknlp,COREF,264,I,108278,108279,6,496,7,M_1249,Other
1250,pdnc,qID,Q390-0,you,108298,108301,25,496,7,M_1250,Other
1251,pdnc,qID,Q390-0,us,108313,108315,6,496,7,M_1251,Other
1252,pdnc,qID,Q391-0,you,108326,108329,6,497,7,M_1252,Other
1253,pdnc,qID,Q391-0,Aunt Juley,108339,108349,6,497,7,M_1253,PROPN
1254,booknlp,COREF,264,I,108357,108358,6,497,7,M_1254,Other
1255,pdnc,qID,Q391-0,you,108381,108384,6,497,7,M_1255,Other
1256,pdnc,qID,Q392-0,dear,108423,108427,25,498,7,M_1256,Other
1257,booknlp,COREF,264,I,108429,108430,6,498,7,M_1257,Other
1258,pdnc,qID,Q392-0,you,108436,108439,25,498,7,M_1258,Other
1259,booknlp,COREF,264,me,108450,108452,6,498,7,M_1259,Other
1260,pdnc,qID,Q392-0,you,108458,108461,25,498,7,M_1260,Other
1261,pdnc,qID,Q393-0,you,108503,108506,6,499,7,M_1261,Other
1262,pdnc,qID,Q393-0,you,108527,108530,6,499,7,M_1262,Other
1263,booknlp,COREF,264,me,108547,108549,6,499,7,M_1263,Other
1264,exp,exp_name,evie,Evie,108697,108701,14,500,7,M_1264,PROPN
1265,exp,exp_name,mrs. munt,Mrs. Munt,108758,108767,6,500,7,M_1265,PROPN
1266,exp,exp_name,helen,Helen,108822,108827,16,500,7,M_1266,PROPN
1267,exp,exp_name,margaret,Margaret,108872,108880,25,500,7,M_1267,PROPN
1268,exp,exp_name,frieda,Frieda,108994,109000,15,500,7,M_1268,PROPN
1269,exp,exp_name,frieda,Frieda,109060,109066,15,500,7,M_1269,PROPN
1270,exp,exp_name,margaret,Margaret,109523,109531,25,500,7,M_1270,PROPN
1271,exp,exp_name,aunt juley,Aunt Juley,109565,109575,6,500,7,M_1271,PROPN
1272,exp,exp_name,frieda,Frieda,109580,109586,15,500,7,M_1272,PROPN
1273,exp,exp_name,helen,Helen,109656,109661,16,500,7,M_1273,PROPN
1274,exp,exp_name,miss schlegel,Miss Schlegel,110070,110083,25,501,7,M_1274,PROPN
1275,exp,exp_name,helen,Helen,110450,110455,16,501,7,M_1275,PROPN
1276,pdnc,qID,Q395-0,Helen,110459,110464,16,502,7,M_1276,PROPN
1277,pdnc,qID,Q395-0,you,110466,110469,16,502,7,M_1277,Other
1278,pdnc,qID,Q395-0,you,110510,110513,16,502,7,M_1278,Other
1279,exp,exp_name,helen,Helen,110533,110538,16,503,7,M_1279,PROPN
1280,exp,exp_name,mrs. wilcox,Mrs. Wilcox,110691,110702,32,507,7,M_1280,PROPN
1281,exp,exp_name,mrs. wilcox,Mrs. Wilcox,110731,110742,32,507,7,M_1281,PROPN
1282,pdnc,qID,Q401-0,Paul,110877,110881,34,507,7,M_1282,PROPN
1283,pdnc,qID,Q401-0,the girl who tried to catch me,110925,110955,16,507,7,M_1283,Other
1284,pdnc,qID,Q401-0,she,110962,110965,32,507,7,M_1284,Other
1285,pdnc,qID,Q402-0,you,110997,111000,16,508,7,M_1285,Other
1286,pdnc,qID,Q403-0,Frieda,111195,111201,15,509,7,M_1286,Other
1287,pdnc,qID,Q403-0,Meg,111336,111339,25,509,7,M_1287,PROPN
1288,pdnc,qID,Q403-0,you,111360,111363,25,509,7,M_1288,Other
1289,pdnc,qID,Q404-0,you,111491,111494,16,510,7,M_1289,Other
1290,pdnc,qID,Q405-0,you,111563,111566,16,510,7,M_1290,Other
1291,pdnc,qID,Q405-0,you,111579,111582,16,510,7,M_1291,Other
1292,pdnc,qID,Q405-0,Aunt Juley,111594,111604,6,510,7,M_1292,PROPN
1293,pdnc,qID,Q405-0,you,111614,111617,16,510,7,M_1293,Other
1294,exp,exp_name,helen,Helen,111681,111686,16,511,7,M_1294,PROPN
1295,exp,exp_name,margaret,Margaret,111918,111926,25,513,8,M_1295,PROPN
1296,exp,exp_name,mrs. wilcox,Mrs. Wilcox,111931,111942,32,513,8,M_1296,PROPN
1297,exp,exp_name,helen,Helen,112182,112187,16,513,8,M_1297,PROPN
1298,exp,exp_name,margaret,Margaret,112422,112430,25,513,8,M_1298,PROPN
1299,exp,exp_name,mrs. wilcox,Mrs. Wilcox,112501,112512,32,513,8,M_1299,PROPN
1300,exp,exp_name,helen,Helen,112646,112651,16,513,8,M_1300,PROPN
1301,pdnc,qID,Q406-0,Helen,112692,112697,16,514,8,M_1301,PROPN
1302,exp,exp_name,fraulein mosebach,Fraulein Mosebach,112706,112723,15,514,8,M_1302,PROPN
1303,booknlp,COREF,285,she,112744,112747,15,514,8,M_1303,Other
1304,booknlp,COREF,285,her,112759,112762,15,514,8,M_1304,Other
1305,pdnc,qID,Q406-1,his mother,112786,112796,32,514,8,M_1305,Other
1306,pdnc,qID,Q406-1,you,112810,112813,16,514,8,M_1306,Other
1307,booknlp,COREF,285,she,112913,112916,15,514,8,M_1307,Other
1308,booknlp,COREF,285,her,112925,112928,15,514,8,M_1308,Other
1309,exp,exp_name,mrs. wilcox,Mrs. Wilcox,112975,112986,32,514,8,M_1309,PROPN
1310,exp,exp_name,margaret,Margaret,113039,113047,25,515,8,M_1310,PROPN
1311,pdnc,qID,Q407-1,Helen,113050,113055,16,515,8,M_1311,PROPN
1312,pdnc,qID,Q407-1,your,113106,113110,16,515,8,M_1312,Other
1313,pdnc,qID,Q407-1,the woman,113130,113139,32,515,8,M_1313,Other
1314,pdnc,qID,Q408-0,Meg,113193,113196,25,516,8,M_1314,PROPN
1315,exp,exp_name,helen,Helen,113199,113204,16,516,8,M_1315,PROPN
1316,pdnc,qID,Q408-1,She,113244,113247,25,516,8,M_1316,Other
1317,pdnc,qID,Q408-1,Meg,113285,113288,25,516,8,M_1317,PROPN
1318,pdnc,qID,Q408-1,Meg,113290,113293,25,516,8,M_1318,PROPN
1319,pdnc,qID,Q408-1,the young gentleman,113308,113327,34,516,8,M_1319,Other
1320,pdnc,qID,Q408-1,the young gentleman,113342,113361,34,516,8,M_1320,Other
1321,pdnc,qID,Q408-1,Meg,113363,113366,25,516,8,M_1321,PROPN
1322,pdnc,qID,Q408-1,Meg,113368,113371,25,516,8,M_1322,PROPN
1323,exp,exp_name,fraulein mosebach,Fraulein Mosebach,113446,113463,15,517,8,M_1323,PROPN
1324,pdnc,qID,Q410-0,Frieda,113490,113496,15,518,8,M_1324,Other
1325,exp,exp_name,helen,Helen,113591,113596,16,519,8,M_1325,PROPN
1326,exp,exp_name,fraulein mosebach,Fraulein Mosebach,113618,113635,15,519,8,M_1326,PROPN
1327,pdnc,qID,Q411-0,Meg,113713,113716,25,519,8,M_1327,PROPN
1328,booknlp,COREF,285,I,113749,113750,15,519,8,M_1328,Other
1329,booknlp,COREF,285,I,113773,113774,15,519,8,M_1329,Other
1330,pdnc,qID,Q412-0,you,113804,113807,16,520,8,M_1330,Other
1331,pdnc,qID,Q412-0,you,113846,113849,16,520,8,M_1331,Other
1332,pdnc,qID,Q413-0,Meg,113909,113912,25,521,8,M_1332,PROPN
1333,pdnc,qID,Q413-0,Meg,113914,113917,25,521,8,M_1333,PROPN
1334,booknlp,COREF,285,I,113919,113920,15,521,8,M_1334,Other
1335,pdnc,qID,Q413-0,the young gentleman,113932,113951,34,521,8,M_1335,Other
1336,booknlp,COREF,285,I,113953,113954,15,521,8,M_1336,Other
1337,pdnc,qID,Q413-0,the young-,113966,113976,34,521,8,M_1337,Other
1338,booknlp,COREF,285,I,114019,114020,15,521,8,M_1338,Other
1339,pdnc,qID,Q413-0,my brother,114030,114040,45,521,8,M_1339,Other
1340,exp,exp_name,tibby,Tibby,114083,114088,45,522,8,M_1340,PROPN
1341,exp,exp_name,helen,Helen,114229,114234,16,522,8,M_1341,PROPN
1342,exp,exp_name,paul,Paul,114288,114292,34,522,8,M_1342,PROPN
1343,exp,exp_name,tibby,Tibby,114465,114470,45,522,8,M_1343,PROPN
1344,booknlp,COREF,259,himself,114517,114524,45,522,8,M_1344,Other
1345,exp,exp_name,fraulein mosebach,Fraulein Mosebach,114812,114829,15,522,8,M_1345,PROPN
1346,exp,exp_name,margaret,Margaret,114894,114902,25,522,8,M_1346,PROPN
1347,pdnc,qID,Q414-0,she,114922,114925,16,522,8,M_1347,Other
1348,pdnc,qID,Q414-0,the young man,114940,114953,34,522,8,M_1348,Other
1349,pdnc,qID,Q414-0,he,114955,114957,34,522,8,M_1349,Other
1350,pdnc,qID,Q414-0,her,114981,114984,16,522,8,M_1350,Other
1351,booknlp,COREF,259,I,114994,114995,45,523,8,M_1351,Other
1352,booknlp,COREF,285,I,115023,115024,15,524,8,M_1352,Other
1353,booknlp,COREF,285,I,115033,115034,15,524,8,M_1353,Other
1354,pdnc,qID,Q416-0,you,115053,115056,25,524,8,M_1354,Other
1355,exp,exp_name,tibby,Tibby,115105,115110,45,526,8,M_1355,PROPN
1356,booknlp,COREF,259,him,115124,115127,45,526,8,M_1356,Other
1357,booknlp,COREF,259,he,115133,115135,45,526,8,M_1357,Other
1358,exp,exp_name,margaret,Margaret,115196,115204,25,527,8,M_1358,PROPN
1359,exp,exp_name,frieda,Frieda,115342,115348,15,527,8,M_1359,PROPN
1360,exp,exp_name,helen,Helen,115353,115358,16,527,8,M_1360,PROPN
1361,exp,exp_name,tibby,Tibby,115392,115397,45,527,8,M_1361,PROPN
1362,exp,exp_name,margaret,Margaret,115462,115470,25,527,8,M_1362,PROPN
1363,booknlp,COREF,259,him,115478,115481,45,527,8,M_1363,Other
1364,exp,exp_name,mrs. wilcox,Mrs. Wilcox,115898,115909,32,527,8,M_1364,PROPN
1365,exp,exp_name,mrs. wilcox,MRS. WILCOX,116111,116122,32,528,8,M_1365,PROPN
1366,exp,exp_name,margaret,Margaret,116956,116964,25,534,8,M_1366,PROPN
1367,exp,exp_name,miss schlegel,MISS SCHLEGEL,117064,117077,25,535,8,M_1367,PROPN
1368,exp,exp_name,paul,Paul,117154,117158,34,536,8,M_1368,PROPN
1369,exp,exp_name,ruth wilcox,RUTH WILCOX,117179,117190,32,537,8,M_1369,PROPN
1370,exp,exp_name,margaret,Margaret,117195,117203,25,538,8,M_1370,PROPN
1371,exp,exp_name,helen,Helen,117284,117289,16,538,8,M_1371,PROPN
1372,exp,exp_name,mrs. wilcox,Mrs. Wilcox,117516,117527,32,538,8,M_1372,PROPN
1373,exp,exp_name,margaret,Margaret,117547,117555,25,538,8,M_1373,PROPN
1374,exp,exp_name,mrs. wilcox,Mrs. Wilcox,118076,118087,32,538,8,M_1374,PROPN
1375,pdnc,qID,Q419-0,Mrs. Wilcox,118105,118116,32,539,8,M_1375,PROPN
1376,exp,exp_name,mrs. wilcox,Mrs. Wilcox,118203,118214,32,540,8,M_1376,PROPN
1377,pdnc,qID,Q420-0,he,118614,118616,34,541,8,M_1377,Other
1378,pdnc,qID,Q421-0,He,118666,118668,34,542,8,M_1378,Other
1379,exp,exp_name,mrs. wilcox,Mrs. Wilcox,118793,118804,32,544,8,M_1379,PROPN
1380,pdnc,qID,Q423-0,you,118871,118874,32,545,8,M_1380,Other
1381,pdnc,qID,Q424-0,Miss Schlegel,118914,118927,25,546,8,M_1381,PROPN
1382,pdnc,qID,Q424-0,you,118943,118946,25,546,8,M_1382,Other
1383,exp,exp_name,margaret,Margaret,119005,119013,25,547,8,M_1383,PROPN
1384,pdnc,qID,Q425-1,you,119036,119039,32,547,8,M_1384,Other
1385,pdnc,qID,Q425-1,my sister,119045,119054,16,547,8,M_1385,Other
1386,pdnc,qID,Q427-0,She,119125,119128,16,549,8,M_1386,Other
1387,pdnc,qID,Q428-0,She,119158,119161,16,550,8,M_1387,Other
1388,pdnc,qID,Q429-0,You,119258,119261,32,551,8,M_1388,Other
1389,exp,exp_name,margaret,Margaret,119295,119303,25,551,8,M_1389,PROPN
1390,pdnc,qID,Q429-1,you,119420,119423,32,551,8,M_1390,Other
1391,pdnc,qID,Q429-1,You,119430,119433,32,551,8,M_1391,Other
1392,pdnc,qID,Q429-1,Helen,119448,119453,16,551,8,M_1392,PROPN
1393,pdnc,qID,Q429-1,him,119467,119470,34,551,8,M_1393,Other
1394,exp,exp_name,mrs. wilcox,Mrs. Wilcox,119557,119568,32,554,8,M_1394,PROPN
1395,pdnc,qID,Q432-1,you,119637,119640,25,554,8,M_1395,Other
1396,pdnc,qID,Q432-1,your,119656,119660,25,554,8,M_1396,Other
1397,pdnc,qID,Q433-0,your son,119727,119735,34,555,8,M_1397,Other
1398,pdnc,qID,Q434-0,he,119754,119756,34,556,8,M_1398,Other
1399,pdnc,qID,Q434-0,my Paul,119764,119771,34,556,8,M_1399,Other
1400,pdnc,qID,Q434-0,you,119787,119790,25,556,8,M_1400,Other
1401,exp,exp_name,mrs. wilcox,Mrs. Wilcox,120114,120125,32,560,8,M_1401,PROPN
1402,pdnc,qID,Q438-1,my boy,120204,120210,34,560,8,M_1402,Other
1403,pdnc,qID,Q438-1,your sister,120221,120232,16,560,8,M_1403,Other
1404,pdnc,qID,Q439-0,you,120275,120278,32,561,8,M_1404,Other
1405,pdnc,qID,Q439-0,you,120288,120291,32,561,8,M_1405,Other
1406,pdnc,qID,Q439-0,Helen,120298,120303,16,561,8,M_1406,PROPN
1407,pdnc,qID,Q439-0,our aunt,120326,120334,6,561,8,M_1407,Other
1408,pdnc,qID,Q439-0,you,120349,120352,32,561,8,M_1408,Other
1409,pdnc,qID,Q439-0,Paul,120394,120398,34,561,8,M_1409,PROPN
1410,pdnc,qID,Q439-0,you,120404,120407,32,561,8,M_1410,Other
1411,exp,exp_name,mrs. wilcox,Mrs. Wilcox,120468,120479,32,562,8,M_1411,PROPN
1412,pdnc,qID,Q441-0,Mrs. Wilcox,120506,120517,32,563,8,M_1412,PROPN
1413,pdnc,qID,Q441-0,you,120524,120527,32,563,8,M_1413,Other
1414,pdnc,qID,Q441-0,you,120566,120569,32,563,8,M_1414,Other
1415,pdnc,qID,Q441-0,you,120583,120586,32,563,8,M_1415,Other
1416,pdnc,qID,Q442-0,your,120684,120688,25,564,8,M_1416,Other
1417,pdnc,qID,Q445-0,You,120741,120744,32,567,8,M_1417,Other
1418,pdnc,qID,Q445-0,You,120757,120760,32,567,8,M_1418,Other
1419,exp,exp_name,mrs. wilcox,Mrs. Wilcox,120843,120854,32,568,8,M_1419,PROPN
1420,pdnc,qID,Q448-0,you,121173,121176,32,571,8,M_1420,Other
1421,pdnc,qID,Q450-0,you,121294,121297,32,573,8,M_1421,Other
1422,exp,exp_name,margaret,Margaret,121441,121449,25,575,8,M_1422,PROPN
1423,exp,exp_name,paul,Paul,121625,121629,34,576,8,M_1423,PROPN
1424,pdnc,qID,Q455-0,Charles,121722,121729,8,578,8,M_1424,PROPN
1425,pdnc,qID,Q455-0,my elder son,121731,121743,8,578,8,M_1425,Other
1426,pdnc,qID,Q457-0,Paul,121827,121831,34,580,8,M_1426,PROPN
1427,pdnc,qID,Q457-0,his,121842,121845,34,580,8,M_1427,Other
1428,pdnc,qID,Q457-0,my husband,121894,121904,17,580,8,M_1428,Other
1429,pdnc,qID,Q457-0,Dolly,122010,122015,11,580,8,M_1429,Other
1430,exp,exp_name,margaret,Margaret,122055,122063,25,581,8,M_1430,PROPN
1431,exp,exp_name,dolly,Dolly,122074,122079,11,581,8,M_1431,PROPN
1432,exp,exp_name,fussell,Fussell,122097,122104,3,582,8,M_1432,PROPN
1433,exp,exp_name,helen,Helen,122254,122259,16,583,8,M_1433,PROPN
1434,exp,exp_name,margaret,Margaret,122305,122313,25,583,8,M_1434,PROPN
1435,exp,exp_name,helen,Helen,122405,122410,16,583,8,M_1435,PROPN
1436,exp,exp_name,dolly,Dolly,122491,122496,11,583,8,M_1436,PROPN
1437,exp,exp_name,fussell,Fussell,122497,122504,3,583,8,M_1437,PROPN
1438,exp,exp_name,mrs. wilcox,Mrs. Wilcox,122560,122571,32,583,8,M_1438,PROPN
1439,pdnc,qID,Q459-0,Charles,122785,122792,8,584,8,M_1439,PROPN
1440,exp,exp_name,albert fussell,Albert Fussell,122797,122811,3,584,8,M_1440,PROPN
1441,pdnc,qID,Q459-0,Dolly,122906,122911,11,584,8,M_1441,Other
1442,pdnc,qID,Q459-0,her,123010,123013,11,584,8,M_1442,Other
1443,pdnc,qID,Q459-0,Paul,123091,123095,34,584,8,M_1443,PROPN
1444,pdnc,qID,Q459-0,Charles,123104,123111,8,584,8,M_1444,PROPN
1445,pdnc,qID,Q459-0,his brother,123137,123148,34,584,8,M_1445,Other
1446,pdnc,qID,Q459-0,he,123165,123167,8,584,8,M_1446,Other
1447,pdnc,qID,Q459-0,Dolly,123310,123315,11,584,8,M_1447,Other
1448,pdnc,qID,Q460-0,you,123359,123362,32,585,8,M_1448,Other
1449,booknlp,COREF,1176,I,123382,123383,11,585,8,M_1449,Other
1450,pdnc,qID,Q460-0,Mrs. Wilcox,123404,123415,32,585,8,M_1450,PROPN
1451,booknlp,COREF,1176,I,123440,123441,11,587,8,M_1451,Other
1452,booknlp,COREF,1176,I,123453,123454,11,587,8,M_1452,Other
1453,exp,exp_name,dolly,Dolly,123474,123479,11,588,8,M_1453,PROPN
1454,exp,exp_name,mrs. wilcox,Mrs. Wilcox,123549,123560,32,588,8,M_1454,PROPN
1455,booknlp,COREF,1177,she,123586,123589,11,588,8,M_1455,Other
1456,exp,exp_name,charles,Charles,123594,123601,8,588,8,M_1456,PROPN
1457,booknlp,COREF,1177,she,123619,123622,11,588,8,M_1457,Other
1458,exp,exp_name,dolly,Dolly,123640,123645,11,588,8,M_1458,PROPN
1459,booknlp,COREF,1177,She,123746,123749,11,588,8,M_1459,Other
1460,exp,exp_name,margaret,Margaret,123776,123784,25,588,8,M_1460,PROPN
1461,exp,exp_name,charles,Charles,123795,123802,8,588,8,M_1461,PROPN
1462,pdnc,qID,Q465-0,Charles,124060,124067,8,591,8,M_1462,PROPN
1463,pdnc,qID,Q466-0,he,124089,124091,8,592,8,M_1463,Other
1464,pdnc,qID,Q467-0,He,124116,124118,8,593,8,M_1464,Other
1465,pdnc,qID,Q467-0,he,124137,124139,8,593,8,M_1465,Other
1466,pdnc,qID,Q467-0,he,124177,124179,8,593,8,M_1466,Other
1467,pdnc,qID,Q467-0,His father,124307,124317,17,593,8,M_1467,Other
1468,pdnc,qID,Q467-0,him,124323,124326,8,593,8,M_1468,Other
1469,pdnc,qID,Q468-0,you,124423,124426,32,594,8,M_1469,Other
1470,pdnc,qID,Q469-0,My husband,124456,124466,17,595,8,M_1470,Other
1471,exp,exp_name,margaret,Margaret,124688,124696,25,597,8,M_1471,PROPN
1472,pdnc,qID,Q472-0,Helen,124780,124785,16,599,8,M_1472,PROPN
1473,pdnc,qID,Q473-0,your sister,124874,124885,16,600,8,M_1473,Other
1474,pdnc,qID,Q473-0,you,124891,124894,25,600,8,M_1474,Other
1475,pdnc,qID,Q475-0,you,124944,124947,25,602,8,M_1475,Other
1476,pdnc,qID,Q477-0,you,125284,125287,25,604,8,M_1476,Other
1477,pdnc,qID,Q479-0,you,125440,125443,25,606,8,M_1477,Other
1478,pdnc,qID,Q479-0,Mr. Wilcox,125489,125499,17,606,8,M_1478,PROPN
1479,exp,exp_name,fussell,Fussell,125760,125767,3,607,8,M_1479,PROPN
1480,exp,exp_name,charles,Charles,125796,125803,8,607,8,M_1480,PROPN
1481,exp,exp_name,mr. wilcox,Mr. Wilcox,125843,125853,17,607,8,M_1481,PROPN
1482,exp,exp_name,evie,Evie,125858,125862,14,607,8,M_1482,PROPN
1483,exp,exp_name,margaret,Margaret,125896,125904,25,607,8,M_1483,PROPN
1484,exp,exp_name,dolly,Dolly,126009,126014,11,607,8,M_1484,PROPN
1485,exp,exp_name,tibby,Tibby,126185,126190,45,607,8,M_1485,PROPN
1486,pdnc,qID,Q480-0,Miss Schlegel,126261,126274,25,609,8,M_1486,PROPN
1487,pdnc,qID,Q480-0,you,126292,126295,25,609,8,M_1487,Other
1488,pdnc,qID,Q480-0,You,126308,126311,25,609,8,M_1488,Other
1489,pdnc,qID,Q482-0,you,126371,126374,25,611,8,M_1489,Other
1490,exp,exp_name,margaret,Margaret,126436,126444,25,612,8,M_1490,PROPN
1491,exp,exp_name,margaret,Margaret,126594,126602,25,616,8,M_1491,PROPN
1492,pdnc,qID,Q488-0,you,126829,126832,25,617,8,M_1492,Other
1493,pdnc,qID,Q488-0,you,126840,126843,25,617,8,M_1493,Other
1494,exp,exp_name,margaret,Margaret,126857,126865,25,618,8,M_1494,PROPN
1495,exp,exp_name,mrs. wilcox,Mrs. Wilcox,126967,126978,32,619,8,M_1495,PROPN
1496,pdnc,qID,Q490-0,you,127000,127003,32,620,8,M_1496,Other
1497,pdnc,qID,Q490-0,you,127017,127020,32,620,8,M_1497,Other
1498,pdnc,qID,Q492-0,Helen,127263,127268,16,622,8,M_1498,PROPN
1499,pdnc,qID,Q492-0,you,127270,127273,32,622,8,M_1499,Other
1500,pdnc,qID,Q492-0,her,127308,127311,16,622,8,M_1500,Other
1501,pdnc,qID,Q493-0,You,127321,127324,25,623,8,M_1501,Other
1502,exp,exp_name,margaret,Margaret,127391,127399,25,624,8,M_1502,PROPN
1503,pdnc,qID,Q495-0,Helen,127511,127516,16,625,8,M_1503,PROPN
1504,pdnc,qID,Q496-0,you,128055,128058,25,626,8,M_1504,Other
1505,exp,exp_name,mrs. wilcox,Mrs. Wilcox,128106,128117,32,626,8,M_1505,PROPN
1506,exp,exp_name,mrs. wilcox,Mrs. Wilcox,128244,128255,32,628,9,M_1506,PROPN
1507,exp,exp_name,margaret,Margaret,128284,128292,25,628,9,M_1507,PROPN
1508,exp,exp_name,margaret,Margaret,128326,128334,25,628,9,M_1508,PROPN
1509,exp,exp_name,mrs. wilcox,Mrs. Wilcox,128717,128728,32,628,9,M_1509,PROPN
1510,exp,exp_name,margaret,Margaret,129183,129191,25,628,9,M_1510,PROPN
1511,exp,exp_name,mrs. wilcox,Mrs. Wilcox,129343,129354,32,628,9,M_1511,PROPN
1512,exp,exp_name,helen,Helen,129854,129859,16,628,9,M_1512,PROPN
1513,pdnc,qID,Q497-0,your sister,129969,129980,16,628,9,M_1513,Other
1514,exp,exp_name,margaret,Margaret,130009,130017,25,628,9,M_1514,PROPN
1515,pdnc,qID,Q498-0,you,130056,130059,32,628,9,M_1515,Other
1516,pdnc,qID,Q499-0,you,130223,130226,32,629,9,M_1516,Other
1517,exp,exp_name,mrs. wilcox,Mrs. Wilcox,130280,130291,32,630,9,M_1517,PROPN
1518,exp,exp_name,a young man low down in the education office,a young man low down in the Education Office,130322,130366,40,630,9,M_1518,PROPN
1519,exp,exp_name,margaret,Margaret,130478,130486,25,630,9,M_1519,PROPN
1520,pdnc,qID,Q501-0,Mrs. Wilcox,130759,130770,32,631,9,M_1520,PROPN
1521,pdnc,qID,Q501-0,you,130772,130775,32,631,9,M_1521,Other
1522,pdnc,qID,Q502-0,Miss Schlegel,130979,130992,25,632,9,M_1522,PROPN
1523,pdnc,qID,Q503-0,Helen,131011,131016,16,633,9,M_1523,PROPN
1524,exp,exp_name,the man,the man,131497,131504,40,634,9,M_1524,PROPN
1525,exp,exp_name,margaret,Margaret,131557,131565,25,635,9,M_1525,PROPN
1526,pdnc,qID,Q508-0,you,132983,132986,32,638,9,M_1526,Other
1527,exp,exp_name,mrs. wilcox,Mrs. Wilcox,133009,133020,32,638,9,M_1527,PROPN
1528,pdnc,qID,Q509-0,Miss Schlegel,133045,133058,25,639,9,M_1528,PROPN
1529,pdnc,qID,Q510-0,Mrs. Wilcox,133132,133143,32,640,9,M_1529,PROPN
1530,pdnc,qID,Q511-0,Your,133262,133266,25,641,9,M_1530,Other
1531,pdnc,qID,Q512-0,you,133437,133440,32,642,9,M_1531,Other
1532,pdnc,qID,Q512-0,your,133472,133476,32,642,9,M_1532,Other
1533,pdnc,qID,Q513-0,my husband,133506,133516,17,643,9,M_1533,Other
1534,pdnc,qID,Q514-0,him,133639,133642,17,643,9,M_1534,Other
1535,exp,exp_name,mrs. wilcox,Mrs. Wilcox,133714,133725,32,645,9,M_1535,PROPN
1536,exp,exp_name,margaret,Margaret,133893,133901,25,645,9,M_1536,PROPN
1537,exp,exp_name,mrs. wilcox,Mrs. Wilcox,134068,134079,32,645,9,M_1537,PROPN
1538,pdnc,qID,Q516-0,You,134413,134416,32,646,9,M_1538,Other
1539,booknlp,COREF,1210,I,134624,134625,2,646,9,M_1539,Other
1540,exp,exp_name,mrs. wilcox,Mrs. Wilcox,135105,135116,32,647,9,M_1540,PROPN
1541,pdnc,qID,Q517-1,you,135161,135164,25,647,9,M_1541,Other
1542,booknlp,COREF,1210,I,135215,135216,2,647,9,M_1542,Other
1543,pdnc,qID,Q518-0,you,135279,135282,32,648,9,M_1543,Other
1544,exp,exp_name,margaret,Margaret,135299,135307,25,648,9,M_1544,PROPN
1545,exp,exp_name,mrs. wilcox,Mrs. Wilcox,135425,135436,32,649,9,M_1545,PROPN
1546,booknlp,COREF,1210,your,135649,135653,2,649,9,M_1546,Other
1547,pdnc,qID,Q519-1,my daughter,135684,135695,14,649,9,M_1547,Other
1548,pdnc,qID,Q520-0,her,135740,135743,14,650,9,M_1548,Other
1549,exp,exp_name,a girl opposite,a girl opposite,135947,135962,2,653,9,M_1549,PROPN
1550,booknlp,COREF,1210,her,135994,135997,2,653,9,M_1550,Other
1551,pdnc,qID,Q524-0,We,136100,136102,25,655,9,M_1551,Other
1552,pdnc,qID,Q524-0,we,136137,136139,25,655,9,M_1552,Other
1553,exp,exp_name,margaret,Margaret,136151,136159,25,655,9,M_1553,PROPN
1554,pdnc,qID,Q524-1,Mrs. Wilcox,136207,136218,32,655,9,M_1554,PROPN
1555,booknlp,COREF,717,I,136474,136475,40,657,9,M_1555,Other
1556,booknlp,COREF,717,my,136500,136502,40,657,9,M_1556,Other
1557,exp,exp_name,the man,the man,136532,136539,40,657,9,M_1557,PROPN
1558,exp,exp_name,mrs. wilcox,Mrs. Wilcox,136581,136592,32,658,9,M_1558,PROPN
1559,pdnc,qID,Q527-0,you,136665,136668,32,659,9,M_1559,Other
1560,pdnc,qID,Q527-0,you,136688,136691,32,659,9,M_1560,Other
1561,pdnc,qID,Q527-0,you,136728,136731,32,659,9,M_1561,Other
1562,pdnc,qID,Q527-0,you,136757,136760,32,659,9,M_1562,Other
1563,pdnc,qID,Q527-0,you,136772,136775,32,659,9,M_1563,Other
1564,exp,exp_name,mrs. wilcox,Mrs. Wilcox,136859,136870,32,660,9,M_1564,PROPN
1565,exp,exp_name,margaret,Margaret,136978,136986,25,661,9,M_1565,PROPN
1566,exp,exp_name,mrs. wilcox,Mrs. Wilcox,137054,137065,32,661,9,M_1566,PROPN
1567,pdnc,qID,Q529-1,you,137176,137179,32,661,9,M_1567,Other
1568,pdnc,qID,Q529-1,you,137199,137202,32,661,9,M_1568,Other
1569,pdnc,qID,Q529-1,you,137273,137276,32,661,9,M_1569,Other
1570,exp,exp_name,mrs. wilcox,Mrs. Wilcox,137314,137325,32,662,9,M_1570,PROPN
1571,pdnc,qID,Q530-1,you,137449,137452,25,662,9,M_1571,Other
1572,pdnc,qID,Q530-1,Miss Schlegel,137552,137565,25,662,9,M_1572,PROPN
1573,pdnc,qID,Q530-1,dear,137567,137571,25,662,9,M_1573,Other
1574,pdnc,qID,Q530-1,Charles,137759,137766,8,662,9,M_1574,PROPN
1575,pdnc,qID,Q530-1,Dolly,137780,137785,11,662,9,M_1575,Other
1576,exp,exp_name,margaret,Margaret,137984,137992,25,663,9,M_1576,PROPN
1577,exp,exp_name,mrs. wilcox,Mrs. Wilcox,138151,138162,32,666,10,M_1577,PROPN
1578,exp,exp_name,margaret,Margaret,138734,138742,25,667,10,M_1578,PROPN
1579,exp,exp_name,mrs. wilcox,Mrs. Wilcox,138938,138949,32,667,10,M_1579,PROPN
1580,exp,exp_name,a friend,a friend,138953,138961,1,667,10,M_1580,PROPN
1581,exp,exp_name,helen,Helen,139239,139244,16,667,10,M_1581,PROPN
1582,exp,exp_name,paul,Paul,139249,139253,34,667,10,M_1582,PROPN
1583,exp,exp_name,margaret,Margaret,139260,139268,25,667,10,M_1583,PROPN
1584,exp,exp_name,miss schlegel,Miss Schlegel,139439,139452,25,668,10,M_1584,PROPN
1585,exp,exp_name,mrs. wilcox,Mrs. Wilcox,139495,139506,32,668,10,M_1585,PROPN
1586,exp,exp_name,margaret,Margaret,139611,139619,25,668,10,M_1586,PROPN
1587,exp,exp_name,margaret,Margaret,139729,139737,25,669,10,M_1587,PROPN
1588,pdnc,qID,Q531-1,My aunt,139793,139800,6,669,10,M_1588,Other
1589,pdnc,qID,Q531-1,you,139859,139862,32,669,10,M_1589,Other
1590,exp,exp_name,mrs. wilcox,Mrs. Wilcox,139941,139952,32,670,10,M_1590,PROPN
1591,pdnc,qID,Q532-1,your aunt,140059,140068,6,670,10,M_1591,Other
1592,pdnc,qID,Q532-1,your,140145,140149,25,670,10,M_1592,Other
1593,exp,exp_name,margaret,Margaret,140204,140212,25,671,10,M_1593,PROPN
1594,exp,exp_name,helen,Helen,140523,140528,16,671,10,M_1594,PROPN
1595,exp,exp_name,aunt juley,Aunt Juley,140626,140636,6,671,10,M_1595,PROPN
1596,exp,exp_name,charles,Charles,140656,140663,8,671,10,M_1596,PROPN
1597,pdnc,qID,Q537-0,you,140949,140952,25,674,10,M_1597,Other
1598,pdnc,qID,Q537-0,your,140969,140973,25,674,10,M_1598,Other
1599,pdnc,qID,Q537-0,Miss Schlegel,140988,141001,25,674,10,M_1599,PROPN
1600,pdnc,qID,Q537-0,your,141016,141020,25,674,10,M_1600,Other
1601,pdnc,qID,Q537-0,you,141116,141119,25,674,10,M_1601,Other
1602,exp,exp_name,margaret,Margaret,141198,141206,25,675,10,M_1602,PROPN
1603,pdnc,qID,Q538-1,you,141244,141247,32,675,10,M_1603,Other
1604,pdnc,qID,Q538-1,you,141270,141273,32,675,10,M_1604,Other
1605,exp,exp_name,mrs. wilcox,Mrs. Wilcox,141637,141648,32,677,10,M_1605,PROPN
1606,exp,exp_name,margaret,Margaret,141693,141701,25,677,10,M_1606,PROPN
1607,exp,exp_name,margaret,Margaret,141891,141899,25,677,10,M_1607,PROPN
1608,exp,exp_name,margaret,Margaret,142406,142414,25,677,10,M_1608,PROPN
1609,pdnc,qID,Q544-0,Helen,143755,143760,16,680,10,M_1609,PROPN
1610,pdnc,qID,Q545-0,You,144167,144170,25,681,10,M_1610,Other
1611,pdnc,qID,Q545-0,Miss Schlegel,144199,144212,25,681,10,M_1611,PROPN
1612,pdnc,qID,Q545-0,you,144223,144226,25,681,10,M_1612,Other
1613,pdnc,qID,Q549-0,You,144364,144367,25,685,10,M_1613,Other
1614,pdnc,qID,Q550-0,My father,144445,144454,13,686,10,M_1614,Other
1615,exp,exp_name,mrs. wilcox,Mrs. Wilcox,144549,144560,32,686,10,M_1615,PROPN
1616,exp,exp_name,a friend,a friend,144682,144690,1,687,10,M_1616,PROPN
1617,pdnc,qID,Q552-0,My husband,144771,144781,17,687,10,M_1617,Other
1618,pdnc,qID,Q552-0,our daughter,144786,144798,14,687,10,M_1618,Other
1619,exp,exp_name,margaret,Margaret,144861,144869,25,688,10,M_1619,PROPN
1620,exp,exp_name,mrs. wilcox,Mrs. Wilcox,145016,145027,32,688,10,M_1620,PROPN
1621,exp,exp_name,mrs. wilcox,Mrs. Wilcox,145042,145053,32,688,10,M_1621,PROPN
1622,pdnc,qID,Q554-0,you,145242,145245,25,688,10,M_1622,Other
1623,pdnc,qID,Q554-0,Evie,145364,145368,14,688,10,M_1623,Other
1624,pdnc,qID,Q555-0,you,145473,145476,25,689,10,M_1624,Other
1625,pdnc,qID,Q556-0,your,145502,145506,32,690,10,M_1625,Other
1626,exp,exp_name,margaret,Margaret,145522,145530,25,690,10,M_1626,PROPN
1627,pdnc,qID,Q558-0,you,145576,145579,32,692,10,M_1627,Other
1628,pdnc,qID,Q558-0,you,145633,145636,32,692,10,M_1628,Other
1629,pdnc,qID,Q563-0,Miss Schlegel,145874,145887,25,697,10,M_1629,PROPN
1630,pdnc,qID,Q563-0,you,145946,145949,25,697,10,M_1630,Other
1631,pdnc,qID,Q563-0,you,145961,145964,25,697,10,M_1631,Other
1632,pdnc,qID,Q563-0,your father,146024,146035,13,697,10,M_1632,Other
1633,pdnc,qID,Q563-0,My dear,146234,146241,25,697,10,M_1633,Other
1634,exp,exp_name,margaret,Margaret,146260,146268,25,698,10,M_1634,PROPN
1635,exp,exp_name,mrs. wilcox,Mrs. Wilcox,146295,146306,32,698,10,M_1635,PROPN
1636,pdnc,qID,Q565-0,ours,146514,146518,25,700,10,M_1636,Other
1637,pdnc,qID,Q565-0,you,146566,146569,32,700,10,M_1637,Other
1638,pdnc,qID,Q566-0,you,146643,146646,25,701,10,M_1638,Other
1639,exp,exp_name,margaret,Margaret,146703,146711,25,702,10,M_1639,PROPN
1640,pdnc,qID,Q567-1,you,146770,146773,32,702,10,M_1640,Other
1641,pdnc,qID,Q567-1,Mrs. Wilcox,146793,146804,32,702,10,M_1641,PROPN
1642,pdnc,qID,Q567-1,you,146835,146838,32,702,10,M_1642,Other
1643,exp,exp_name,mrs. wilcox,Mrs. Wilcox,146965,146976,32,703,10,M_1643,PROPN
1644,pdnc,qID,Q568-1,you,147085,147088,25,703,10,M_1644,Other
1645,pdnc,qID,Q568-1,You,147100,147103,25,703,10,M_1645,Other
1646,pdnc,qID,Q568-1,you,147144,147147,25,703,10,M_1646,Other
1647,pdnc,qID,Q568-1,you,147166,147169,25,703,10,M_1647,Other
1648,exp,exp_name,margaret,Margaret,147202,147210,25,704,10,M_1648,PROPN
1649,exp,exp_name,mrs. wilcox,Mrs. Wilcox,147477,147488,32,705,10,M_1649,PROPN
1650,exp,exp_name,mrs. wilcox,Mrs. Wilcox,147546,147557,32,707,10,M_1650,PROPN
1651,exp,exp_name,the coachman,the coachman,147643,147655,38,707,10,M_1651,PROPN
1652,exp,exp_name,margaret,Margaret,147657,147665,25,707,10,M_1652,PROPN
1653,pdnc,qID,Q572-0,Miss Schlegel,147705,147718,25,708,10,M_1653,PROPN
1654,pdnc,qID,Q574-0,your,147855,147859,25,710,10,M_1654,Other
1655,exp,exp_name,margaret,Margaret,147920,147928,25,711,10,M_1655,PROPN
1656,pdnc,qID,Q575-0,My husband,147947,147957,17,712,10,M_1656,Other
1657,pdnc,qID,Q575-0,Evie,147962,147966,14,712,10,M_1657,Other
1658,pdnc,qID,Q575-0,you,148027,148030,25,712,10,M_1658,Other
1659,pdnc,qID,Q575-0,he,148119,148121,17,712,10,M_1659,Other
1660,pdnc,qID,Q575-0,my husband,148294,148304,17,712,10,M_1660,Other
1661,pdnc,qID,Q577-0,he,148403,148405,17,714,10,M_1661,Other
1662,pdnc,qID,Q577-0,he,148407,148409,17,714,10,M_1662,Other
1663,pdnc,qID,Q578-0,He,148431,148433,17,715,10,M_1663,Other
1664,pdnc,qID,Q578-0,He,148477,148479,17,715,10,M_1664,Other
1665,exp,exp_name,mrs. wilcox,Mrs. Wilcox,148528,148539,32,716,10,M_1665,PROPN
1666,exp,exp_name,margaret,Margaret,148918,148926,25,717,10,M_1666,PROPN
1667,exp,exp_name,mrs. wilcox,Mrs. Wilcox,149725,149736,32,718,10,M_1667,PROPN
1668,exp,exp_name,margaret,Margaret,149771,149779,25,718,10,M_1668,PROPN
1669,exp,exp_name,tibby,Tibby,150254,150259,45,719,10,M_1669,PROPN
1670,booknlp,COREF,259,him,150315,150318,45,719,10,M_1670,Other
1671,booknlp,COREF,259,he,150363,150365,45,719,10,M_1671,Other
1672,booknlp,COREF,259,he,150413,150415,45,719,10,M_1672,Other
1673,booknlp,COREF,259,him,150493,150496,45,719,10,M_1673,Other
1674,exp,exp_name,mrs. wilcox,Mrs. Wilcox,150605,150616,32,719,10,M_1674,PROPN
1675,exp,exp_name,a friend,a friend,150740,150748,1,719,10,M_1675,PROPN
1676,exp,exp_name,mrs. wilcox,Mrs. Wilcox,151295,151306,32,719,10,M_1676,PROPN
1677,exp,exp_name,mrs. wilcox,Mrs. Wilcox,151371,151382,32,720,10,M_1677,PROPN
1678,exp,exp_name,margaret,Margaret,151418,151426,25,721,10,M_1678,PROPN
1679,exp,exp_name,margaret,Margaret,152088,152096,25,723,10,M_1679,PROPN
1680,pdnc,qID,Q580-0,You,152120,152123,25,724,10,M_1680,Other
1681,pdnc,qID,Q580-0,dear,152145,152149,25,724,10,M_1681,Other
1682,pdnc,qID,Q580-0,You,152210,152213,25,724,10,M_1682,Other
1683,pdnc,qID,Q580-0,you,152248,152251,25,724,10,M_1683,Other
1684,pdnc,qID,Q581-0,you,152416,152419,25,724,10,M_1684,Other
1685,pdnc,qID,Q582-0,you,152484,152487,32,725,10,M_1685,Other
1686,pdnc,qID,Q584-0,Mother,152694,152700,14,727,10,M_1686,Other
1687,pdnc,qID,Q584-0,mother,152702,152708,14,727,10,M_1687,Other
1688,exp,exp_name,mrs. wilcox,Mrs. Wilcox,152775,152786,32,727,10,M_1688,PROPN
1689,pdnc,qID,Q585-0,Evie,152801,152805,14,728,10,M_1689,Other
1690,pdnc,qID,Q585-1,Evie,152821,152825,14,728,10,M_1690,Other
1691,pdnc,qID,Q585-1,my pet,152827,152833,14,728,10,M_1691,Other
1692,pdnc,qID,Q586-0,Father,152856,152862,17,729,10,M_1692,PROPN
1693,pdnc,qID,Q587-0,Evie,152891,152895,14,730,10,M_1693,Other
1694,pdnc,qID,Q587-0,dearest girl,152897,152909,14,730,10,M_1694,Other
1695,pdnc,qID,Q587-0,you,152922,152925,14,730,10,M_1695,Other
1696,pdnc,qID,Q588-0,father,152975,152981,17,731,10,M_1696,PROPN
1697,pdnc,qID,Q589-0,Ruth,153000,153004,32,732,10,M_1697,PROPN
1698,exp,exp_name,mr. wilcox,Mr. Wilcox,153013,153023,17,732,10,M_1698,PROPN
1699,pdnc,qID,Q589-1,you,153085,153088,32,732,10,M_1699,Other
1700,pdnc,qID,Q589-1,Ruth,153101,153105,32,732,10,M_1700,PROPN
1701,exp,exp_name,mrs. wilcox,Mrs. Wilcox,153109,153120,32,733,10,M_1701,PROPN
1702,pdnc,qID,Q590-0,Henry dear,153150,153160,17,734,10,M_1702,Other
1703,pdnc,qID,Q590-0,you,153223,153226,17,734,10,M_1703,Other
1704,pdnc,qID,Q590-0,Miss Schlegel,153232,153245,25,734,10,M_1704,PROPN
1705,booknlp,COREF,354,yourself,153306,153314,32,735,10,M_1705,Other
1706,pdnc,qID,Q591-1,Ruth,153316,153320,32,735,10,M_1706,PROPN
1707,pdnc,qID,Q594-0,Miss Schlegel,153492,153505,25,738,10,M_1707,PROPN
1708,pdnc,qID,Q596-0,Mrs. Wilcox,153643,153654,32,740,10,M_1708,PROPN
1709,exp,exp_name,margaret,Margaret,153844,153852,25,743,10,M_1709,PROPN
1710,exp,exp_name,mrs. wilcox,Mrs. Wilcox,153888,153899,32,743,10,M_1710,PROPN
1711,exp,exp_name,mr. wilcox,Mr. Wilcox,154357,154367,17,745,11,M_1711,PROPN
1712,exp,exp_name,mrs. wilcox,Mrs. Wilcox,155371,155382,32,745,11,M_1712,PROPN
1713,exp,exp_name,mr. wilcox,Mr. Wilcox,155568,155578,17,745,11,M_1713,PROPN
1714,exp,exp_name,charles,Charles,155954,155961,8,746,11,M_1714,PROPN
1715,exp,exp_name,charles wilcox,Charles Wilcox,156030,156044,8,746,11,M_1715,PROPN
1716,exp,exp_name,the young wood-cutter,The young wood-cutter,156382,156403,44,746,11,M_1716,PROPN
1717,exp,exp_name,charles,Charles,157575,157582,8,748,11,M_1717,PROPN
1718,exp,exp_name,evie,Evie,157587,157591,14,748,11,M_1718,PROPN
1719,exp,exp_name,mrs. charles,Mrs. Charles,157621,157633,11,748,11,M_1719,PROPN
1720,exp,exp_name,ruth,Ruth,158377,158381,32,749,11,M_1720,PROPN
1721,booknlp,COREF,354,her,158452,158455,32,749,11,M_1721,Other
1722,booknlp,COREF,354,her,158480,158483,32,749,11,M_1722,Other
1723,booknlp,COREF,354,Her,158491,158494,32,749,11,M_1723,Other
1724,pdnc,qID,Q599-0,Henry,158514,158519,17,749,11,M_1724,PROPN
1725,booknlp,COREF,354,Her,158581,158584,32,749,11,M_1725,Other
1726,booknlp,COREF,354,Her,158695,158698,32,749,11,M_1726,Other
1727,booknlp,COREF,354,She,158769,158772,32,749,11,M_1727,Other
1728,booknlp,COREF,354,her,158925,158928,32,749,11,M_1728,Other
1729,booknlp,COREF,354,she,158934,158937,32,749,11,M_1729,Other
1730,exp,exp_name,charles,Charles,159034,159041,8,749,11,M_1730,PROPN
1731,booknlp,COREF,354,She,159204,159207,32,750,11,M_1731,Other
1732,booknlp,COREF,354,She,159233,159236,32,750,11,M_1732,Other
1733,booknlp,COREF,354,her,159265,159268,32,750,11,M_1733,Other
1734,booknlp,COREF,354,her,159345,159348,32,750,11,M_1734,Other
1735,pdnc,qID,Q602-0,you,159362,159365,32,750,11,M_1735,Other
1736,pdnc,qID,Q602-0,you,159374,159377,32,750,11,M_1736,Other
1737,booknlp,COREF,354,her,159410,159413,32,750,11,M_1737,Other
1738,pdnc,qID,Q603-0,Henry,159459,159464,17,750,11,M_1738,PROPN
1739,booknlp,COREF,354,she,159580,159583,32,750,11,M_1739,Other
1740,booknlp,COREF,354,she,159680,159683,32,750,11,M_1740,Other
1741,booknlp,COREF,354,her,159712,159715,32,750,11,M_1741,Other
1742,booknlp,COREF,354,she,159797,159800,32,750,11,M_1742,Other
1743,exp,exp_name,evie,Evie,159896,159900,14,751,11,M_1743,PROPN
1744,booknlp,COREF,354,she,159971,159974,32,751,11,M_1744,Other
1745,booknlp,COREF,354,she,159998,160001,32,751,11,M_1745,Other
1746,exp,exp_name,charles,Charles,160541,160548,8,751,11,M_1746,PROPN
1747,pdnc,qID,Q604-0,father,160824,160830,17,751,11,M_1747,PROPN
1748,exp,exp_name,evie,Evie,160838,160842,14,751,11,M_1748,PROPN
1749,pdnc,qID,Q608-0,Charles,161014,161021,8,756,11,M_1749,PROPN
1750,pdnc,qID,Q610-0,you,161088,161091,17,758,11,M_1750,Other
1751,pdnc,qID,Q610-0,father,161107,161113,17,758,11,M_1751,PROPN
1752,pdnc,qID,Q610-0,you,161121,161124,17,758,11,M_1752,Other
1753,pdnc,qID,Q612-0,Father,161230,161236,17,761,11,M_1753,PROPN
1754,exp,exp_name,charles,Charles,161324,161331,8,762,11,M_1754,PROPN
1755,pdnc,qID,Q613-0,father,161429,161435,17,762,11,M_1755,PROPN
1756,pdnc,qID,Q613-0,you,161437,161440,17,762,11,M_1756,Other
1757,pdnc,qID,Q613-0,you,161451,161454,17,762,11,M_1757,Other
1758,pdnc,qID,Q614-0,He,161531,161533,17,762,11,M_1758,Other
1759,pdnc,qID,Q614-0,his,161550,161553,17,762,11,M_1759,Other
1760,pdnc,qID,Q614-1,he,161610,161612,17,762,11,M_1760,Other
1761,pdnc,qID,Q614-1,his,161629,161632,17,762,11,M_1761,Other
1762,exp,exp_name,mrs. charles,Mrs. Charles,161788,161800,11,763,11,M_1762,PROPN
1763,exp,exp_name,mrs. wilcox,Mrs. Wilcox,162153,162164,32,763,11,M_1763,PROPN
1764,exp,exp_name,charles,Charles,162453,162460,8,764,11,M_1764,PROPN
1765,pdnc,qID,Q622-0,Dolly,162782,162787,11,771,11,M_1765,Other
1766,pdnc,qID,Q623-0,you,162798,162801,14,772,11,M_1766,Other
1767,pdnc,qID,Q623-0,Evie dear,162803,162812,14,772,11,M_1767,Other
1768,pdnc,qID,Q623-0,Charles,162814,162821,8,772,11,M_1768,PROPN
1769,pdnc,qID,Q624-0,dear,162832,162836,11,773,11,M_1769,Other
1770,exp,exp_name,charles,Charles,163015,163022,8,776,11,M_1770,PROPN
1771,pdnc,qID,Q629-0,you,163133,163136,8,778,11,M_1771,Other
1772,exp,exp_name,helen,Helen,163547,163552,16,781,11,M_1772,PROPN
1773,exp,exp_name,charles,Charles,163874,163881,8,781,11,M_1773,PROPN
1774,exp,exp_name,evie,Evie,164480,164484,14,781,11,M_1774,PROPN
1775,booknlp,COREF,262,she,164489,164492,14,781,11,M_1775,Other
1776,booknlp,COREF,262,she,164527,164530,14,781,11,M_1776,Other
1777,booknlp,COREF,262,her,164545,164548,14,781,11,M_1777,Other
1778,exp,exp_name,the man,the man,164589,164596,40,781,11,M_1778,PROPN
1779,booknlp,COREF,262,she,164623,164626,14,781,11,M_1779,Other
1780,booknlp,COREF,262,her,164672,164675,14,781,11,M_1780,Other
1781,exp,exp_name,charles,Charles,164805,164812,8,781,11,M_1781,PROPN
1782,booknlp,COREF,717,his,164891,164894,40,781,11,M_1782,Other
1783,exp,exp_name,charles,Charles,165217,165224,8,781,11,M_1783,PROPN
1784,exp,exp_name,mr. wilcox,Mr. Wilcox,165251,165261,17,781,11,M_1784,PROPN
1785,exp,exp_name,paul,Paul,165286,165290,34,781,11,M_1785,PROPN
1786,exp,exp_name,evie,Evie,165298,165302,14,781,11,M_1786,PROPN
1787,exp,exp_name,charles,Charles,165374,165381,8,781,11,M_1787,PROPN
1788,exp,exp_name,margaret,Margaret,165464,165472,25,781,11,M_1788,PROPN
1789,exp,exp_name,mrs. wilcox,Mrs. Wilcox,165687,165698,32,781,11,M_1789,PROPN
1790,exp,exp_name,charles,Charles,165825,165832,8,782,11,M_1790,PROPN
1791,exp,exp_name,dolly,Dolly,165967,165972,11,782,11,M_1791,PROPN
1792,exp,exp_name,evie,Evie,166055,166059,14,782,11,M_1792,PROPN
1793,exp,exp_name,the man,the man,166463,166470,40,783,11,M_1793,PROPN
1794,booknlp,COREF,717,my,166524,166526,40,783,11,M_1794,Other
1795,pdnc,qID,Q633-0,sir,166561,166564,8,784,11,M_1795,PROPN
1796,exp,exp_name,charles,Charles,166580,166587,8,785,11,M_1796,PROPN
1797,exp,exp_name,the man,The man,166706,166713,40,786,11,M_1797,PROPN
1798,booknlp,COREF,717,He,166750,166752,40,786,11,M_1798,Other
1799,booknlp,COREF,717,him,166803,166806,40,786,11,M_1799,Other
1800,exp,exp_name,charles,Charles,166823,166830,8,786,11,M_1800,PROPN
1801,pdnc,qID,Q635-0,Charles,166950,166957,8,787,11,M_1801,PROPN
1802,pdnc,qID,Q636-0,Crane,167140,167145,10,788,11,M_1802,Other
1803,pdnc,qID,Q636-0,you,167173,167176,10,788,11,M_1803,Other
1804,pdnc,qID,Q637-0,sir,167211,167214,8,789,11,M_1804,PROPN
1805,pdnc,qID,Q638-0,Charles,167372,167379,8,791,11,M_1805,PROPN
1806,pdnc,qID,Q638-0,your father,167381,167392,17,791,11,M_1806,Other
1807,pdnc,qID,Q638-0,He,167423,167425,17,791,11,M_1807,Other
1808,pdnc,qID,Q638-0,you,167432,167435,8,791,11,M_1808,Other
1809,pdnc,qID,Q638-0,Charles,167462,167469,8,791,11,M_1809,PROPN
1810,pdnc,qID,Q639-0,dear,167480,167484,11,792,11,M_1810,Other
1811,pdnc,qID,Q639-0,you,167537,167540,10,792,11,M_1811,Other
1812,pdnc,qID,Q639-0,Crane,167552,167557,10,792,11,M_1812,Other
1813,pdnc,qID,Q640-0,sir,167576,167579,8,793,11,M_1813,PROPN
1814,pdnc,qID,Q641-0,you,167587,167590,10,794,11,M_1814,Other
1815,pdnc,qID,Q642-0,sir,167648,167651,8,795,11,M_1815,PROPN
1816,pdnc,qID,Q642-0,sir,167681,167684,8,795,11,M_1816,PROPN
1817,pdnc,qID,Q643-0,you,167701,167704,10,796,11,M_1817,Other
1818,pdnc,qID,Q644-0,sir,167819,167822,8,797,11,M_1818,PROPN
1819,exp,exp_name,charles,Charles,167826,167833,8,798,11,M_1819,PROPN
1820,exp,exp_name,the man,The man,167845,167852,40,798,11,M_1820,PROPN
1821,exp,exp_name,miss schlegel,Miss Schlegel,168149,168162,25,798,11,M_1821,PROPN
1822,pdnc,qID,Q645-0,Dolly,168171,168176,11,799,11,M_1822,Other
1823,pdnc,qID,Q645-0,you,168194,168197,11,799,11,M_1823,Other
1824,pdnc,qID,Q645-0,Miss Schlegel,168199,168212,25,799,11,M_1824,PROPN
1825,pdnc,qID,Q645-0,she,168224,168227,25,799,11,M_1825,Other
1826,exp,exp_name,charles,Charles,168263,168270,8,800,11,M_1826,PROPN
1827,pdnc,qID,Q646-0,She,168410,168413,25,800,11,M_1827,Other
1828,pdnc,qID,Q647-0,Crane,168454,168459,10,801,11,M_1828,Other
1829,pdnc,qID,Q648-0,sir,168515,168518,8,802,11,M_1829,PROPN
1830,pdnc,qID,Q649-0,you,168533,168536,10,803,11,M_1830,Other
1831,pdnc,qID,Q649-0,little woman,168564,168576,11,803,11,M_1831,Other
1832,pdnc,qID,Q650-0,you,168795,168798,8,804,11,M_1832,Other
1833,pdnc,qID,Q650-0,Charles,168817,168824,8,804,11,M_1833,PROPN
1834,pdnc,qID,Q652-0,you,168864,168867,8,806,11,M_1834,Other
1835,pdnc,qID,Q652-0,Miss Schlegel,168882,168895,25,806,11,M_1835,PROPN
1836,exp,exp_name,charles,Charles,168925,168932,8,807,11,M_1836,PROPN
1837,booknlp,COREF,364,you,168972,168975,10,807,11,M_1837,Other
1838,pdnc,qID,Q654-0,Charles,168999,169006,8,808,11,M_1838,PROPN
1839,pdnc,qID,Q654-0,you,169008,169011,8,808,11,M_1839,Other
1840,pdnc,qID,Q656-0,you,169131,169134,8,810,11,M_1840,Other
1841,pdnc,qID,Q656-0,you,169154,169157,8,810,11,M_1841,Other
1842,pdnc,qID,Q656-0,Miss Schlegel,169159,169172,25,810,11,M_1842,PROPN
1843,pdnc,qID,Q656-0,she,169174,169177,25,810,11,M_1843,Other
1844,pdnc,qID,Q656-0,your mother,169188,169199,32,810,11,M_1844,Other
1845,pdnc,qID,Q656-0,her,169213,169216,25,810,11,M_1845,Other
1846,pdnc,qID,Q656-0,you,169222,169225,8,810,11,M_1846,Other
1847,exp,exp_name,evie,Evie,169330,169334,14,812,11,M_1847,PROPN
1848,pdnc,qID,Q659-0,Dolly,169371,169376,11,813,11,M_1848,Other
1849,pdnc,qID,Q659-0,My father,169395,169404,17,813,11,M_1849,Other
1850,pdnc,qID,Q659-0,you,169425,169428,11,813,11,M_1850,Other
1851,exp,exp_name,charles,Charles,169430,169437,8,813,11,M_1851,PROPN
1852,pdnc,qID,Q660-0,father,169484,169490,17,813,11,M_1852,PROPN
1853,pdnc,qID,Q660-0,He,169492,169494,17,813,11,M_1853,Other
1854,exp,exp_name,charles,Charles,169530,169537,8,814,11,M_1854,PROPN
1855,exp,exp_name,dolly,Dolly,169743,169748,11,814,11,M_1855,PROPN
1856,pdnc,qID,Q662-0,her,169817,169820,25,814,11,M_1856,Other
1857,pdnc,qID,Q664-0,Dolly,169890,169895,11,816,11,M_1857,Other
1858,pdnc,qID,Q664-0,you,169906,169909,11,816,11,M_1858,Other
1859,booknlp,COREF,1448,me,169920,169922,11,816,11,M_1859,Other
1860,pdnc,qID,Q665-0,Mr. Wilcox,169931,169941,17,817,11,M_1860,PROPN
1861,booknlp,COREF,1448,I,169947,169948,11,818,11,M_1861,Other
1862,pdnc,qID,Q666-0,you,169954,169957,11,818,11,M_1862,Other
1863,booknlp,COREF,1448,I,169987,169988,11,818,11,M_1863,Other
1864,booknlp,COREF,1448,I,170030,170031,11,818,11,M_1864,Other
1865,pdnc,qID,Q667-0,Charles,170231,170238,8,820,11,M_1865,PROPN
1866,pdnc,qID,Q667-0,you,170267,170270,8,820,11,M_1866,Other
1867,exp,exp_name,charles,Charles,170279,170286,8,821,11,M_1867,PROPN
1868,exp,exp_name,mrs. wilcox,Mrs. Wilcox,170397,170408,32,821,11,M_1868,PROPN
1869,exp,exp_name,miss schlegel,Miss Schlegel,170577,170590,25,821,11,M_1869,PROPN
1870,exp,exp_name,margaret,Margaret,170592,170600,25,821,11,M_1870,PROPN
1871,pdnc,qID,Q669-0,you,170738,170741,8,823,11,M_1871,Other
1872,pdnc,qID,Q669-0,Dolly,170747,170752,11,823,11,M_1872,Other
1873,pdnc,qID,Q671-0,Evie,170789,170793,14,825,11,M_1873,Other
1874,exp,exp_name,charles,Charles,171068,171075,8,826,11,M_1874,PROPN
1875,pdnc,qID,Q672-0,my mother,171141,171150,32,826,11,M_1875,Other
1876,pdnc,qID,Q672-0,my father,171194,171203,17,826,11,M_1876,Other
1877,exp,exp_name,miss schlegel,Miss Schlegel,171236,171249,25,826,11,M_1877,PROPN
1878,exp,exp_name,margaret,Margaret,171251,171259,25,826,11,M_1878,PROPN
1879,exp,exp_name,dolly,Dolly,171382,171387,11,827,11,M_1879,PROPN
1880,booknlp,COREF,1454,I,171410,171411,11,827,11,M_1880,Other
1881,pdnc,qID,Q673-0,Charles,171476,171483,8,827,11,M_1881,PROPN
1882,booknlp,COREF,1454,Her,171495,171498,11,828,11,M_1882,Other
1883,booknlp,COREF,1454,she,171593,171596,11,828,11,M_1883,Other
1884,booknlp,COREF,1454,she,171632,171635,11,828,11,M_1884,Other
1885,booknlp,COREF,1454,she,171650,171653,11,828,11,M_1885,Other
1886,exp,exp_name,charles,Charles,171674,171681,8,828,11,M_1886,PROPN
1887,pdnc,qID,Q674-0,her,171751,171754,11,828,11,M_1887,Other
1888,booknlp,COREF,1454,She,171757,171760,11,828,11,M_1888,Other
1889,booknlp,COREF,1454,I,171822,171823,11,828,11,M_1889,Other
1890,pdnc,qID,Q676-0,Dolly,171897,171902,11,829,11,M_1890,Other
1891,exp,exp_name,mr. wilcox,Mr. Wilcox,171910,171920,17,829,11,M_1891,PROPN
1892,pdnc,qID,Q676-1,my dear,172070,172077,11,829,11,M_1892,Other
1893,pdnc,qID,Q676-1,you,172091,172094,11,829,11,M_1893,Other
1894,pdnc,qID,Q676-1,you,172142,172145,11,829,11,M_1894,Other
1895,pdnc,qID,Q676-1,you,172173,172176,11,829,11,M_1895,Other
1896,exp,exp_name,charles,Charles,172198,172205,8,830,11,M_1896,PROPN
1897,pdnc,qID,Q677-1,Miss Schlegel,172428,172441,25,830,11,M_1897,PROPN
1898,pdnc,qID,Q677-1,she,172490,172493,25,830,11,M_1898,Other
1899,pdnc,qID,Q680-0,she,172624,172627,25,833,11,M_1899,Other
1900,pdnc,qID,Q680-0,the invalid,172714,172725,32,833,11,M_1900,Other
1901,pdnc,qID,Q680-0,she,172750,172753,32,833,11,M_1901,Other
1902,pdnc,qID,Q681-0,My dear father,172764,172778,17,834,11,M_1902,Other
1903,pdnc,qID,Q681-0,you,172801,172804,17,834,11,M_1903,Other
1904,pdnc,qID,Q681-0,my mother,172835,172844,32,834,11,M_1904,Other
1905,pdnc,qID,Q682-0,you,172864,172867,8,835,11,M_1905,Other
1906,exp,exp_name,dolly,Dolly,172893,172898,11,835,11,M_1906,PROPN
1907,pdnc,qID,Q683-1,your,172949,172953,11,836,11,M_1907,Other
1908,exp,exp_name,evie,Evie,173088,173092,14,837,11,M_1908,PROPN
1909,exp,exp_name,charles,Charles,173455,173462,8,837,11,M_1909,PROPN
1910,exp,exp_name,evie,Evie,174133,174137,14,837,11,M_1910,PROPN
1911,exp,exp_name,margaret,Margaret,174682,174690,25,838,11,M_1911,PROPN
1912,exp,exp_name,mrs. wilcox,Mrs. Wilcox,176360,176371,32,839,11,M_1912,PROPN
1913,exp,exp_name,miss schlegel,Miss Schlegel,176507,176520,25,839,11,M_1913,PROPN
1914,exp,exp_name,miss schlegel,Miss Schlegel,176620,176633,25,839,11,M_1914,PROPN
1915,exp,exp_name,mr. wilcox,Mr. Wilcox,177168,177178,17,840,11,M_1915,PROPN
1916,pdnc,qID,Q685-0,Mother,177245,177251,32,841,11,M_1916,Other
1917,exp,exp_name,evie,Evie,177282,177286,14,841,11,M_1917,PROPN
1918,pdnc,qID,Q686-0,my girl,177310,177317,14,842,11,M_1918,Other
1919,pdnc,qID,Q687-0,Mother,177337,177343,32,843,11,M_1919,Other
1920,pdnc,qID,Q687-0,her,177388,177391,32,843,11,M_1920,Other
1921,pdnc,qID,Q688-1,Miss Schlegel,177503,177516,25,844,11,M_1921,PROPN
1922,pdnc,qID,Q688-1,she,177535,177538,25,844,11,M_1922,Other
1923,pdnc,qID,Q688-1,she,177595,177598,25,844,11,M_1923,Other
1924,pdnc,qID,Q688-1,her,177614,177617,25,844,11,M_1924,Other
1925,pdnc,qID,Q688-1,she,177634,177637,25,844,11,M_1925,Other
1926,pdnc,qID,Q688-1,She,177652,177655,25,844,11,M_1926,Other
1927,exp,exp_name,charles,Charles,177729,177736,8,845,11,M_1927,PROPN
1928,pdnc,qID,Q691-0,she,177777,177780,25,847,11,M_1928,Other
1929,pdnc,qID,Q691-0,mother,177788,177794,32,847,11,M_1929,Other
1930,pdnc,qID,Q691-0,her,177810,177813,25,847,11,M_1930,Other
1931,pdnc,qID,Q691-0,She,177815,177818,25,847,11,M_1931,Other
1932,pdnc,qID,Q691-0,she,177878,177881,25,847,11,M_1932,Other
1933,pdnc,qID,Q692-0,a horrid woman,177916,177930,25,848,11,M_1933,Other
1934,exp,exp_name,dolly,Dolly,177937,177942,11,848,11,M_1934,PROPN
1935,pdnc,qID,Q693-0,she,177976,177979,25,848,11,M_1935,Other
1936,exp,exp_name,charles,Charles,178021,178028,8,849,11,M_1936,PROPN
1937,booknlp,COREF,1488,her,178033,178036,11,849,11,M_1937,Other
1938,pdnc,qID,Q694-0,she,178052,178055,25,849,11,M_1938,Other
1939,pdnc,qID,Q694-1,her,178107,178110,25,849,11,M_1939,Other
1940,exp,exp_name,charles,Charles,178183,178190,8,850,11,M_1940,PROPN
1941,pdnc,qID,Q695-1,her,178403,178406,25,850,11,M_1941,Other
1942,pdnc,qID,Q695-1,she,178411,178414,25,850,11,M_1942,Other
1943,pdnc,qID,Q695-1,she,178426,178429,25,850,11,M_1943,Other
1944,pdnc,qID,Q695-1,Miss Schlegel,178467,178480,25,850,11,M_1944,PROPN
1945,pdnc,qID,Q696-0,Paul,178490,178494,34,851,11,M_1945,PROPN
1946,pdnc,qID,Q697-0,Paul,178560,178564,34,852,11,M_1946,PROPN
1947,pdnc,qID,Q697-0,Charles,178575,178582,8,852,11,M_1947,PROPN
1948,pdnc,qID,Q697-0,Margaret Schlegel,178658,178675,25,852,11,M_1948,PROPN
1949,pdnc,qID,Q697-0,her,178766,178769,25,852,11,M_1949,Other
1950,pdnc,qID,Q697-0,she,178788,178791,25,852,11,M_1950,Other
1951,pdnc,qID,Q697-0,She,178802,178805,25,852,11,M_1951,Other
1952,exp,exp_name,the doctor,the doctor,178889,178899,24,852,11,M_1952,PROPN
1953,pdnc,qID,Q697-0,She,178930,178933,25,852,11,M_1953,Other
1954,pdnc,qID,Q697-0,she,178995,178998,25,852,11,M_1954,Other
1955,pdnc,qID,Q697-0,She,179026,179029,25,852,11,M_1955,Other
1956,pdnc,qID,Q698-0,You,179087,179090,8,852,11,M_1956,Other
1957,pdnc,qID,Q698-0,Charles,179096,179103,8,852,11,M_1957,PROPN
1958,pdnc,qID,Q698-0,her,179108,179111,32,852,11,M_1958,Other
1959,pdnc,qID,Q698-0,your mother,179126,179137,32,852,11,M_1959,Other
1960,pdnc,qID,Q698-0,Paul,179169,179173,34,852,11,M_1960,PROPN
1961,pdnc,qID,Q698-0,you,179203,179206,8,852,11,M_1961,Other
1962,pdnc,qID,Q698-0,Evie,179241,179245,14,852,11,M_1962,Other
1963,pdnc,qID,Q698-0,Miss Schlegel,179296,179309,25,852,11,M_1963,PROPN
1964,pdnc,qID,Q698-0,she,179362,179365,25,852,11,M_1964,Other
1965,exp,exp_name,evie,Evie,179398,179402,14,853,11,M_1965,PROPN
1966,exp,exp_name,dolly,Dolly,179487,179492,11,854,11,M_1966,PROPN
1967,pdnc,qID,Q701-0,she,179510,179513,25,855,11,M_1967,Other
1968,pdnc,qID,Q701-0,She,179525,179528,25,855,11,M_1968,Other
1969,pdnc,qID,Q701-0,she,179551,179554,25,855,11,M_1969,Other
1970,pdnc,qID,Q701-0,her,179699,179702,25,855,11,M_1970,Other
1971,pdnc,qID,Q701-0,Evie,179704,179708,14,855,11,M_1971,Other
1972,pdnc,qID,Q701-0,you,179722,179725,14,855,11,M_1972,Other
1973,booknlp,COREF,262,I,179773,179774,14,856,11,M_1973,Other
1974,pdnc,qID,Q702-0,she,179782,179785,25,856,11,M_1974,Other
1975,exp,exp_name,evie,Evie,179815,179819,14,856,11,M_1975,PROPN
1976,pdnc,qID,Q703-0,She,179851,179854,25,857,11,M_1976,Other
1977,exp,exp_name,charles,Charles,179879,179886,8,857,11,M_1977,PROPN
1978,pdnc,qID,Q703-1,you,180152,180155,17,857,11,M_1978,Other
1979,pdnc,qID,Q703-1,Crane,180167,180172,10,857,11,M_1979,Other
1980,pdnc,qID,Q703-1,he,180196,180198,10,857,11,M_1980,Other
1981,pdnc,qID,Q704-0,he,180228,180230,10,858,11,M_1981,Other
1982,exp,exp_name,charles,Charles,180330,180337,8,861,11,M_1982,PROPN
1983,exp,exp_name,charles,Charles,180659,180666,8,863,12,M_1983,PROPN
1984,exp,exp_name,miss schlegel,Miss Schlegel,180695,180708,25,863,12,M_1984,PROPN
1985,exp,exp_name,paul,Paul,181078,181082,34,864,12,M_1985,PROPN
1986,booknlp,COREF,256,his,181087,181090,34,864,12,M_1986,Other
1987,exp,exp_name,mrs. wilcox,Mrs. Wilcox,181647,181658,32,864,12,M_1987,PROPN
1988,exp,exp_name,margaret,Margaret,182401,182409,25,865,12,M_1988,PROPN
1989,exp,exp_name,mrs. wilcox,Mrs. Wilcox,182417,182428,32,865,12,M_1989,PROPN
1990,exp,exp_name,margaret,Margaret,182737,182745,25,865,12,M_1990,PROPN
1991,exp,exp_name,mrs. wilcox,Mrs. Wilcox,182914,182925,32,865,12,M_1991,PROPN
1992,exp,exp_name,charles,Charles,183581,183588,8,866,12,M_1992,PROPN
1993,exp,exp_name,helen,Helen,183993,183998,16,866,12,M_1993,PROPN
1994,exp,exp_name,paul,Paul,184003,184007,34,866,12,M_1994,PROPN
1995,exp,exp_name,margaret,Margaret,184072,184080,25,866,12,M_1995,PROPN
1996,exp,exp_name,helen,Helen,184148,184153,16,866,12,M_1996,PROPN
1997,exp,exp_name,tibby,Tibby,184158,184163,45,866,12,M_1997,PROPN
1998,exp,exp_name,margaret,Margaret,184346,184354,25,866,12,M_1998,PROPN
1999,exp,exp_name,helen,Helen,184532,184537,16,867,12,M_1999,PROPN
2000,exp,exp_name,helen,Helen,184695,184700,16,868,12,M_2000,PROPN
2001,exp,exp_name,helen,Helen,184994,184999,16,868,12,M_2001,PROPN
2002,exp,exp_name,mrs. wilcox,Mrs. Wilcox,185556,185567,32,868,12,M_2002,PROPN
2003,exp,exp_name,helen,Helen,186018,186023,16,868,12,M_2003,PROPN
2004,exp,exp_name,margaret,Margaret,186182,186190,25,868,12,M_2004,PROPN
2005,exp,exp_name,fraulein mosebach,Fraulein Mosebach,186321,186338,15,869,12,M_2005,PROPN
2006,booknlp,COREF,285,her,186405,186408,15,869,12,M_2006,Other
2007,exp,exp_name,paul wilcox,Paul Wilcox,186468,186479,34,869,12,M_2007,PROPN
2008,exp,exp_name,herr forstmeister,Herr Forstmeister,186506,186523,18,869,12,M_2008,PROPN
2009,exp,exp_name,helen,Helen,186534,186539,16,869,12,M_2009,PROPN
2010,booknlp,COREF,371,his,186559,186562,18,869,12,M_2010,Other
2011,exp,exp_name,herr forstmeister,Herr Forstmeister,186569,186586,18,869,12,M_2011,PROPN
2012,booknlp,COREF,371,he,186650,186652,18,869,12,M_2012,Other
2013,booknlp,COREF,371,his,186669,186672,18,869,12,M_2013,Other
2014,exp,exp_name,helen,Helen,186682,186687,16,869,12,M_2014,PROPN
2015,exp,exp_name,frieda,Frieda,186833,186839,15,869,12,M_2015,PROPN
2016,booknlp,COREF,287,her,186852,186855,15,869,12,M_2016,Other
2017,booknlp,COREF,287,I,186866,186867,15,869,12,M_2017,Other
2018,pdnc,qID,Q709-0,dear Helen,186884,186894,16,869,12,M_2018,Other
2019,booknlp,COREF,287,she,186910,186913,15,869,12,M_2019,Other
2020,exp,exp_name,helen,Helen,186947,186952,16,869,12,M_2020,PROPN
2021,exp,exp_name,herr forstmeister,Herr Forstmeister,187030,187047,18,869,12,M_2021,PROPN
2022,booknlp,COREF,371,he,187057,187059,18,869,12,M_2022,Other
2023,pdnc,qID,Q710-0,Tibby,187225,187230,45,869,12,M_2023,PROPN
2024,exp,exp_name,helen,Helen,187243,187248,16,869,12,M_2024,PROPN
2025,pdnc,qID,Q710-1,Tibby,187262,187267,45,869,12,M_2025,PROPN
2026,pdnc,qID,Q710-1,Frieda,187284,187290,15,869,12,M_2026,Other
2027,pdnc,qID,Q710-1,you,187322,187325,45,869,12,M_2027,Other
2028,pdnc,qID,Q710-1,you,187499,187502,45,869,12,M_2028,Other
2029,exp,exp_name,tibby,Tibby,187511,187516,45,870,12,M_2029,PROPN
2030,booknlp,COREF,259,He,187536,187538,45,870,12,M_2030,Other
2031,booknlp,COREF,259,his,187555,187558,45,870,12,M_2031,Other
2032,booknlp,COREF,259,he,187576,187578,45,870,12,M_2032,Other
2033,exp,exp_name,tibby,Tibby,187730,187735,45,870,12,M_2033,PROPN
2034,booknlp,COREF,259,he,187789,187791,45,870,12,M_2034,Other
2035,booknlp,COREF,259,his,187814,187817,45,870,12,M_2035,Other
2036,booknlp,COREF,259,he,188035,188037,45,870,12,M_2036,Other
2037,booknlp,COREF,259,he,188060,188062,45,870,12,M_2037,Other
2038,exp,exp_name,tibby,Tibby,188298,188303,45,870,12,M_2038,PROPN
2039,booknlp,COREF,259,His,188305,188308,45,870,12,M_2039,Other
2040,booknlp,COREF,259,him,188322,188325,45,870,12,M_2040,Other
2041,booknlp,COREF,259,he,188337,188339,45,870,12,M_2041,Other
2042,booknlp,COREF,259,his,188379,188382,45,870,12,M_2042,Other
2043,booknlp,COREF,259,him,188426,188429,45,870,12,M_2043,Other
2044,booknlp,COREF,259,He,188455,188457,45,870,12,M_2044,Other
2045,booknlp,COREF,259,His,188475,188478,45,870,12,M_2045,Other
2046,booknlp,COREF,259,he,188513,188515,45,870,12,M_2046,Other
2047,booknlp,COREF,259,him,188536,188539,45,870,12,M_2047,Other
2048,exp,exp_name,margaret,Margaret,188618,188626,25,871,12,M_2048,PROPN
2049,pdnc,qID,Q711-0,Helen,188831,188836,16,873,12,M_2049,PROPN
2050,pdnc,qID,Q711-0,you,188845,188848,16,873,12,M_2050,Other
2051,pdnc,qID,Q711-0,poor Mrs. Wilcox,188855,188871,32,873,12,M_2051,Other
2052,pdnc,qID,Q713-0,her son,188936,188943,8,875,12,M_2052,Other
2053,pdnc,qID,Q713-0,He,188945,188947,8,875,12,M_2053,Other
2054,pdnc,qID,Q713-0,his mother,189003,189013,32,875,12,M_2054,Other
2055,pdnc,qID,Q713-0,him,189067,189070,8,875,12,M_2055,Other
2056,pdnc,qID,Q713-0,her,189091,189094,32,875,12,M_2056,Other
2057,pdnc,qID,Q714-0,Charles,189222,189229,8,876,12,M_2057,PROPN
2058,pdnc,qID,Q715-0,her husband,189269,189280,17,877,12,M_2058,Other
2059,pdnc,qID,Q715-0,her,189339,189342,32,877,12,M_2059,Other
2060,pdnc,qID,Q715-0,her,189365,189368,32,877,12,M_2060,Other
2061,pdnc,qID,Q715-0,you,189395,189398,16,877,12,M_2061,Other
2062,pdnc,qID,Q715-0,him,189459,189462,17,877,12,M_2062,Other
2063,pdnc,qID,Q715-0,He,189474,189476,17,877,12,M_2063,Other
2064,pdnc,qID,Q715-0,you,189543,189546,16,877,12,M_2064,Other
2065,pdnc,qID,Q715-0,Evie,189575,189579,14,877,12,M_2065,Other
2066,pdnc,qID,Q715-0,Mr. Wilcox,189612,189622,17,877,12,M_2066,PROPN
2067,pdnc,qID,Q715-0,He,189624,189626,17,877,12,M_2067,Other
2068,pdnc,qID,Q715-0,his,189640,189643,17,877,12,M_2068,Other
2069,pdnc,qID,Q715-0,he,189689,189691,17,877,12,M_2069,Other
2070,pdnc,qID,Q715-0,Charles,189717,189724,8,877,12,M_2070,PROPN
2071,pdnc,qID,Q715-0,Charles,189740,189747,8,877,12,M_2071,PROPN
2072,pdnc,qID,Q715-0, pretty little creature,189761,189784,11,877,12,M_2072,Other
2073,pdnc,qID,Q715-0,she,189790,189793,11,877,12,M_2073,Other
2074,exp,exp_name,helen,Helen,189890,189895,16,878,12,M_2074,PROPN
2075,exp,exp_name,margaret,Margaret,190163,190171,25,878,12,M_2075,PROPN
2076,exp,exp_name,the man,the man,190577,190584,40,878,12,M_2076,PROPN
2077,exp,exp_name,margaret,Margaret,191168,191176,25,878,12,M_2077,PROPN
2078,exp,exp_name,a friend,A friend,193035,193043,1,881,13,M_2078,PROPN
2079,booknlp,COREF,1221,himself,193053,193060,1,881,13,M_2079,Other
2080,exp,exp_name,margaret,Margaret,193804,193812,25,882,13,M_2080,PROPN
2081,exp,exp_name,margaret,Margaret,194849,194857,25,882,13,M_2081,PROPN
2082,exp,exp_name,tibby,Tibby,194972,194977,45,883,13,M_2082,PROPN
2083,booknlp,COREF,259,his,194986,194989,45,883,13,M_2083,Other
2084,exp,exp_name,margaret,Margaret,195051,195059,25,883,13,M_2084,PROPN
2085,booknlp,COREF,259,him,195111,195114,45,883,13,M_2085,Other
2086,booknlp,COREF,259,he,195120,195122,45,883,13,M_2086,Other
2087,booknlp,COREF,259,he,195141,195143,45,883,13,M_2087,Other
2088,exp,exp_name,tibby,Tibby,195160,195165,45,883,13,M_2088,PROPN
2089,booknlp,COREF,259,he,195183,195185,45,883,13,M_2089,Other
2090,booknlp,COREF,259,he,195200,195202,45,883,13,M_2090,Other
2091,booknlp,COREF,259,he,195220,195222,45,883,13,M_2091,Other
2092,booknlp,COREF,259,He,195237,195239,45,883,13,M_2092,Other
2093,booknlp,COREF,259,he,195294,195296,45,883,13,M_2093,Other
2094,exp,exp_name,margaret,Margaret,195347,195355,25,883,13,M_2094,PROPN
2095,exp,exp_name,tibby,Tibby,195520,195525,45,885,13,M_2095,PROPN
2096,booknlp,COREF,259,his,195541,195544,45,885,13,M_2096,Other
2097,booknlp,COREF,259,he,195583,195585,45,885,13,M_2097,Other
2098,booknlp,COREF,259,him,195699,195702,45,885,13,M_2098,Other
2099,booknlp,COREF,259,him,195726,195729,45,885,13,M_2099,Other
2100,exp,exp_name,tibby,Tibby,195807,195812,45,885,13,M_2100,PROPN
2101,exp,exp_name,helen,Helen,195826,195831,16,885,13,M_2101,PROPN
2102,exp,exp_name,helen,Helen,195837,195842,16,885,13,M_2102,PROPN
2103,pdnc,qID,Q718-0,you,196037,196040,45,886,13,M_2103,Other
2104,pdnc,qID,Q720-1,you,196267,196270,45,888,13,M_2104,Other
2105,booknlp,COREF,259,I,196611,196612,45,889,13,M_2105,Other
2106,pdnc,qID,Q721-0,you,196665,196668,25,889,13,M_2106,Other
2107,exp,exp_name,tibby,Tibby,196690,196695,45,889,13,M_2107,PROPN
2108,pdnc,qID,Q722-0,you,196733,196736,45,890,13,M_2108,Other
2109,booknlp,COREF,259,I,196741,196742,45,890,13,M_2109,Other
2110,pdnc,qID,Q722-0,you,196765,196768,45,890,13,M_2110,Other
2111,pdnc,qID,Q722-0,you,196832,196835,45,890,13,M_2111,Other
2112,booknlp,COREF,259,I,196885,196886,45,891,13,M_2112,Other
2113,exp,exp_name,tibby,Tibby,196921,196926,45,891,13,M_2113,PROPN
2114,booknlp,COREF,259,his,196961,196964,45,891,13,M_2114,Other
2115,booknlp,COREF,259,he,196976,196978,45,891,13,M_2115,Other
2116,pdnc,qID,Q724-0,you,197144,197147,45,892,13,M_2116,Other
2117,booknlp,COREF,259,I,197221,197222,45,892,13,M_2117,Other
2118,pdnc,qID,Q725-0,your,197230,197234,45,892,13,M_2118,Other
2119,booknlp,COREF,259,I,197243,197244,45,892,13,M_2119,Other
2120,pdnc,qID,Q725-0,you,197272,197275,45,892,13,M_2120,Other
2121,booknlp,COREF,259,I,197281,197282,45,892,13,M_2121,Other
2122,pdnc,qID,Q725-0,you,197326,197329,45,892,13,M_2122,Other
2123,booknlp,COREF,259,I,197335,197336,45,892,13,M_2123,Other
2124,pdnc,qID,Q725-0,You,197354,197357,45,892,13,M_2124,Other
2125,booknlp,COREF,259,I,197483,197484,45,892,13,M_2125,Other
2126,pdnc,qID,Q726-0,you,197496,197499,45,892,13,M_2126,Other
2127,booknlp,COREF,259,me,197508,197510,45,892,13,M_2127,Other
2128,pdnc,qID,Q727-0,you,197589,197592,25,893,13,M_2128,Other
2129,booknlp,COREF,259,I,197607,197608,45,894,13,M_2129,Other
2130,booknlp,COREF,259,I,197636,197637,45,894,13,M_2130,Other
2131,booknlp,COREF,259,I,197647,197648,45,894,13,M_2131,Other
2132,pdnc,qID,Q729-0,you,197684,197687,25,895,13,M_2132,Other
2133,pdnc,qID,Q731-0,Helen,197723,197728,16,897,13,M_2133,PROPN
2134,booknlp,COREF,259,me,197754,197756,45,899,13,M_2134,Other
2135,booknlp,COREF,259,me,197784,197786,45,901,13,M_2135,Other
2136,pdnc,qID,Q735-0,your,197793,197797,25,901,13,M_2136,Other
2137,pdnc,qID,Q736-1,you,197947,197950,45,902,13,M_2137,Other
2138,pdnc,qID,Q736-1,you,197970,197973,45,902,13,M_2138,Other
2139,pdnc,qID,Q736-1,you,198036,198039,45,902,13,M_2139,Other
2140,pdnc,qID,Q736-1,dear boy,198100,198108,45,902,13,M_2140,Other
2141,pdnc,qID,Q739-0,Meg,198437,198440,25,905,13,M_2141,PROPN
2142,exp,exp_name,tibby,Tibby,198497,198502,45,905,13,M_2142,PROPN
2143,booknlp,COREF,259,his,198512,198515,45,905,13,M_2143,Other
2144,pdnc,qID,Q740-0,you,198594,198597,45,906,13,M_2144,Other
2145,pdnc,qID,Q742-0,the younger son,198651,198666,34,908,13,M_2145,Other
2146,pdnc,qID,Q742-0,He,198739,198741,34,908,13,M_2146,Other
2147,pdnc,qID,Q742-0,Evie Wilcox,198766,198777,14,908,13,M_2147,PROPN
2148,pdnc,qID,Q742-0,his,198795,198798,34,908,13,M_2148,Other
2149,pdnc,qID,Q743-0,He,198841,198843,34,910,13,M_2149,Other
2150,pdnc,qID,Q743-0,he,198879,198881,34,910,13,M_2150,Other
2151,exp,exp_name,margaret,Margaret,199147,199155,25,912,13,M_2151,PROPN
2152,booknlp,COREF,259,I,199566,199567,45,915,13,M_2152,Other
2153,exp,exp_name,tibby,Tibby,199575,199580,45,915,13,M_2153,PROPN
2154,booknlp,COREF,259,I,199626,199627,45,915,13,M_2154,Other
2155,pdnc,qID,Q749-0,You,199681,199684,45,916,13,M_2155,Other
2156,pdnc,qID,Q749-0,Tibbikins,199723,199732,45,916,13,M_2156,Other
2157,pdnc,qID,Q749-0,you,199737,199740,45,916,13,M_2157,Other
2158,pdnc,qID,Q749-0,You,199752,199755,45,916,13,M_2158,Other
2159,pdnc,qID,Q751-0,you,199871,199874,45,918,13,M_2159,Other
2160,pdnc,qID,Q753-0,Helen,200093,200098,16,920,13,M_2160,PROPN
2161,exp,exp_name,helen,Helen,200487,200492,16,921,13,M_2161,PROPN
2162,pdnc,qID,Q754-0,her,200625,200628,20,922,13,M_2162,Other
2163,pdnc,qID,Q754-0,Her,200638,200641,20,922,13,M_2163,Other
2164,exp,exp_name,helen,Helen,200650,200655,16,922,13,M_2164,PROPN
2165,pdnc,qID,Q755-0,her,200707,200710,20,922,13,M_2165,Other
2166,exp,exp_name,margaret,Margaret,200786,200794,25,923,13,M_2166,PROPN
2167,pdnc,qID,Q757-0,Tibby,200929,200934,45,924,13,M_2167,PROPN
2168,pdnc,qID,Q757-0,Tibby,200947,200952,45,924,13,M_2168,PROPN
2169,pdnc,qID,Q758-0,she,201130,201133,20,924,13,M_2169,Other
2170,pdnc,qID,Q759-0,Helen,201199,201204,16,925,13,M_2170,PROPN
2171,pdnc,qID,Q761-0,She,201487,201490,20,926,13,M_2171,Other
2172,pdnc,qID,Q761-0,She,201516,201519,20,926,13,M_2172,Other
2173,pdnc,qID,Q762-0,she,201569,201572,20,926,13,M_2173,Other
2174,booknlp,COREF,311,Len,201629,201632,22,928,13,M_2174,Other
2175,pdnc,qID,Q767-0,My good Mrs. Lanoline,201722,201743,20,930,13,M_2175,Other
2176,pdnc,qID,Q767-0,Mr. Lanoline,201878,201890,22,930,13,M_2176,PROPN
2177,pdnc,qID,Q767-0,his,201898,201901,22,930,13,M_2177,Other
2178,booknlp,COREF,259,I,201920,201921,45,931,13,M_2178,Other
2179,pdnc,qID,Q768-0,you,201927,201930,16,931,13,M_2179,Other
2180,exp,exp_name,tibby,Tibby,201951,201956,45,931,13,M_2180,PROPN
2181,exp,exp_name,helen,Helen,201972,201977,16,932,13,M_2181,PROPN
2182,pdnc,qID,Q769-1,Mrs. Lanoline,202028,202041,20,932,13,M_2182,PROPN
2183,pdnc,qID,Q769-1,she,202052,202055,20,932,13,M_2183,Other
2184,pdnc,qID,Q769-1,he,202082,202084,22,932,13,M_2184,Other
2185,pdnc,qID,Q769-1,She,202103,202106,20,932,13,M_2185,Other
2186,pdnc,qID,Q769-1,him,202115,202118,22,932,13,M_2186,Other
2187,pdnc,qID,Q769-1,her,202222,202225,20,932,13,M_2187,Other
2188,pdnc,qID,Q769-1,she,202308,202311,20,932,13,M_2188,Other
2189,pdnc,qID,Q769-1,the missing article,202378,202397,22,932,13,M_2189,Other
2190,pdnc,qID,Q772-0,she,202475,202478,20,934,13,M_2190,Other
2191,pdnc,qID,Q772-0,her,202550,202553,20,934,13,M_2191,Other
2192,pdnc,qID,Q772-0,she,202559,202562,20,934,13,M_2192,Other
2193,pdnc,qID,Q772-0,she,202674,202677,20,934,13,M_2193,Other
2194,pdnc,qID,Q772-0,She,202695,202698,20,934,13,M_2194,Other
2195,pdnc,qID,Q772-0,hers,202836,202840,20,934,13,M_2195,Other
2196,pdnc,qID,Q772-0,her,202862,202865,20,934,13,M_2196,Other
2197,pdnc,qID,Q772-0,She,202887,202890,20,934,13,M_2197,Other
2198,pdnc,qID,Q772-0,Mr. Lanoline,202918,202930,22,934,13,M_2198,PROPN
2199,pdnc,qID,Q772-0,she,203011,203014,20,934,13,M_2199,Other
2200,pdnc,qID,Q772-0,Aunt Juley,203062,203072,6,934,13,M_2200,PROPN
2201,pdnc,qID,Q772-0,Meg,203090,203093,25,934,13,M_2201,PROPN
2202,exp,exp_name,margaret,Margaret,203147,203155,25,935,13,M_2202,PROPN
2203,pdnc,qID,Q773-1,Helen,203217,203222,16,935,13,M_2203,PROPN
2204,pdnc,qID,Q774-0,she,203307,203310,20,936,13,M_2204,Other
2205,pdnc,qID,Q775-0,Her husband,203384,203395,22,937,13,M_2205,Other
2206,exp,exp_name,margaret,Margaret,203418,203426,25,937,13,M_2206,PROPN
2207,pdnc,qID,Q776-0,Mrs. Lanoline,203516,203529,20,938,13,M_2207,PROPN
2208,pdnc,qID,Q777-0,she,203538,203541,20,939,13,M_2208,Other
2209,pdnc,qID,Q778-0,Her,203553,203556,20,940,13,M_2209,Other
2210,exp,exp_name,margaret,Margaret,203658,203666,25,941,13,M_2210,PROPN
2211,pdnc,qID,Q779-0,Tibby,203915,203920,45,942,13,M_2211,PROPN
2212,pdnc,qID,Q780-0,Tibby,204008,204013,45,943,13,M_2212,PROPN
2213,pdnc,qID,Q780-0,he,204043,204045,45,943,13,M_2213,Other
2214,exp,exp_name,helen,Helen,204063,204068,16,943,13,M_2214,PROPN
2215,exp,exp_name,helen,Helen,204146,204151,16,943,13,M_2215,PROPN
2216,exp,exp_name,margaret,Margaret,204186,204194,25,943,13,M_2216,PROPN
2217,exp,exp_name,mr. bast,Mr. Bast,204573,204581,22,945,14,M_2217,PROPN
2218,booknlp,COREF,313,He,204590,204592,22,945,14,M_2218,Other
2219,exp,exp_name,the porphyrion,the Porphyrion,204626,204640,54,945,14,M_2219,PROPN
2220,booknlp,COREF,313,his,204680,204683,22,945,14,M_2220,Other
2221,booknlp,COREF,313,He,204690,204692,22,945,14,M_2221,Other
2222,booknlp,COREF,313,him,204766,204769,22,945,14,M_2222,Other
2223,exp,exp_name,helen,Helen,204819,204824,16,946,14,M_2223,PROPN
2224,pdnc,qID,Q781-1,Mrs. Lanoline,204832,204845,20,946,14,M_2224,PROPN
2225,exp,exp_name,tibby,Tibby,204849,204854,45,947,14,M_2225,PROPN
2226,exp,exp_name,margaret,Margaret,205445,205453,25,947,14,M_2226,PROPN
2227,pdnc,qID,Q782-0,You,206160,206163,25,948,14,M_2227,Other
2228,pdnc,qID,Q782-0,Miss Schlegel,206198,206211,25,948,14,M_2228,PROPN
2229,pdnc,qID,Q784-0,you,206301,206304,25,950,14,M_2229,Other
2230,pdnc,qID,Q785-0,Mr. Bast,206332,206340,22,951,14,M_2230,PROPN
2231,pdnc,qID,Q786-0,you,206424,206427,25,952,14,M_2231,Other
2232,pdnc,qID,Q786-1,you,206482,206485,25,952,14,M_2232,Other
2233,pdnc,qID,Q787-0,you,206628,206631,16,953,14,M_2233,Other
2234,pdnc,qID,Q787-0,Helen,206642,206647,16,953,14,M_2234,PROPN
2235,pdnc,qID,Q790-0,you,206814,206817,16,957,14,M_2235,Other
2236,exp,exp_name,helen,Helen,206903,206908,16,958,14,M_2236,PROPN
2237,pdnc,qID,Q791-1,you,206981,206984,22,958,14,M_2237,Other
2238,pdnc,qID,Q792-0,you,207012,207015,16,959,14,M_2238,Other
2239,pdnc,qID,Q792-0,Miss Schlegel,207017,207030,16,959,14,M_2239,PROPN
2240,exp,exp_name,margaret,Margaret,207089,207097,25,960,14,M_2240,PROPN
2241,pdnc,qID,Q795-0,The lady who called here yesterday,207146,207180,20,962,14,M_2241,Other
2242,pdnc,qID,Q795-0,you,207194,207197,22,962,14,M_2242,Other
2243,pdnc,qID,Q795-0,she,207225,207228,20,962,14,M_2243,Other
2244,pdnc,qID,Q795-0,you,207240,207243,22,962,14,M_2244,Other
2245,exp,exp_name,helen,Helen,207415,207420,16,964,14,M_2245,PROPN
2246,exp,exp_name,margaret,Margaret,207426,207434,25,964,14,M_2246,PROPN
2247,pdnc,qID,Q798-0,my wife,207471,207478,20,965,14,M_2247,Other
2248,pdnc,qID,Q798-1,Mrs. Bast,207518,207527,20,965,14,M_2248,PROPN
2249,pdnc,qID,Q798-2,Mrs. Bast,207573,207582,20,965,14,M_2249,PROPN
2250,pdnc,qID,Q798-3,she,207631,207634,20,965,14,M_2250,Other
2251,pdnc,qID,Q798-3,hers,207776,207780,20,965,14,M_2251,Other
2252,booknlp,COREF,313,you,207845,207848,22,965,14,M_2252,Other
2253,exp,exp_name,helen,Helen,207877,207882,16,966,14,M_2253,PROPN
2254,exp,exp_name,mr. bast,Mr. Bast,207949,207957,22,967,14,M_2254,PROPN
2255,booknlp,COREF,313,He,207959,207961,22,967,14,M_2255,Other
2256,exp,exp_name,helen,Helen,208008,208013,16,967,14,M_2256,PROPN
2257,booknlp,COREF,313,he,208029,208031,22,967,14,M_2257,Other
2258,pdnc,qID,Q800-0,you,208158,208161,22,967,14,M_2258,Other
2259,pdnc,qID,Q800-0,you,208166,208169,22,967,14,M_2259,Other
2260,booknlp,COREF,313,he,208212,208214,22,968,14,M_2260,Other
2261,booknlp,COREF,313,he,208366,208368,22,970,14,M_2261,Other
2262,exp,exp_name,tibby,Tibby,208392,208397,45,970,14,M_2262,PROPN
2263,exp,exp_name,tibby,Tibby,208432,208437,45,970,14,M_2263,PROPN
2264,exp,exp_name,helen,Helen,208541,208546,16,972,14,M_2264,PROPN
2265,pdnc,qID,Q806-1,you,208553,208556,22,972,14,M_2265,Other
2266,pdnc,qID,Q806-1,your wife,208592,208601,20,972,14,M_2266,Other
2267,booknlp,COREF,313,I,208630,208631,22,973,14,M_2267,Other
2268,exp,exp_name,mr. bast,Mr. Bast,208660,208668,22,973,14,M_2268,PROPN
2269,booknlp,COREF,313,his,208717,208720,22,973,14,M_2269,Other
2270,booknlp,COREF,313,I,208728,208729,22,973,14,M_2270,Other
2271,pdnc,qID,Q807-1,you,208740,208743,16,973,14,M_2271,Other
2272,exp,exp_name,margaret,Margaret,208799,208807,25,974,14,M_2272,PROPN
2273,booknlp,COREF,313,he,208878,208880,22,975,14,M_2273,Other
2274,booknlp,COREF,313,his,208891,208894,22,975,14,M_2274,Other
2275,booknlp,COREF,313,I,208928,208929,22,975,14,M_2275,Other
2276,pdnc,qID,Q809-1,you,208957,208960,16,975,14,M_2276,Other
2277,pdnc,qID,Q810-0,you,208996,208999,22,976,14,M_2277,Other
2278,booknlp,COREF,313,I,209087,209088,22,977,14,M_2278,Other
2279,booknlp,COREF,313,I,209095,209096,22,977,14,M_2279,Other
2280,pdnc,qID,Q811-0,you,209110,209113,25,977,14,M_2280,Other
2281,exp,exp_name,margaret,Margaret,209157,209165,25,978,14,M_2281,PROPN
2282,booknlp,COREF,313,I,209199,209200,22,979,14,M_2282,Other
2283,pdnc,qID,Q812-0,you,209240,209243,25,979,14,M_2283,Other
2284,pdnc,qID,Q812-0,you,209287,209290,25,979,14,M_2284,Other
2285,exp,exp_name,helen,Helen,209328,209333,16,980,14,M_2285,PROPN
2286,exp,exp_name,tibby,Tibby,209338,209343,45,980,14,M_2286,PROPN
2287,booknlp,COREF,313,You,209393,209396,22,981,14,M_2287,Other
2288,booknlp,COREF,259,I,209428,209429,45,981,14,M_2288,Other
2289,booknlp,COREF,259,He,209440,209442,45,981,14,M_2289,Other
2290,booknlp,COREF,259,his,209489,209492,45,981,14,M_2290,Other
2291,booknlp,COREF,311,I,209538,209539,22,981,14,M_2291,Other
2292,exp,exp_name,leonard,Leonard,209578,209585,22,981,14,M_2292,PROPN
2293,booknlp,COREF,311,I,209588,209589,22,981,14,M_2293,Other
2294,booknlp,COREF,311,He,209674,209676,22,981,14,M_2294,Other
2295,exp,exp_name,helen,Helen,209741,209746,16,982,14,M_2295,PROPN
2296,booknlp,COREF,311,your,209813,209817,22,982,14,M_2296,Other
2297,pdnc,qID,Q819-0,you,209929,209932,22,986,14,M_2297,Other
2298,booknlp,COREF,311,he,209968,209970,22,987,14,M_2298,Other
2299,booknlp,COREF,311,himself,209991,209998,22,987,14,M_2299,Other
2300,booknlp,COREF,311,I,210170,210171,22,987,14,M_2300,Other
2301,exp,exp_name,helen,Helen,210311,210316,16,988,14,M_2301,PROPN
2302,booknlp,COREF,311,you,210401,210404,22,988,14,M_2302,Other
2303,exp,exp_name,tibby,Tibby,210537,210542,45,990,14,M_2303,PROPN
2304,booknlp,COREF,259,his,210558,210561,45,990,14,M_2304,Other
2305,booknlp,COREF,259,He,210603,210605,45,990,14,M_2305,Other
2306,booknlp,COREF,259,him,210683,210686,45,990,14,M_2306,Other
2307,exp,exp_name,margaret,Margaret,210696,210704,25,991,14,M_2307,PROPN
2308,exp,exp_name,helen,Helen,210709,210714,16,991,14,M_2308,PROPN
2309,pdnc,qID,Q823-0,you,210848,210851,22,992,14,M_2309,Other
2310,exp,exp_name,margaret,Margaret,210871,210879,25,992,14,M_2310,PROPN
2311,exp,exp_name,helen,Helen,211313,211318,16,996,14,M_2311,PROPN
2312,pdnc,qID,Q829-0,you,211391,211394,22,998,14,M_2312,Other
2313,pdnc,qID,Q831-0,Mr. Bast,211539,211547,22,1000,14,M_2313,PROPN
2314,pdnc,qID,Q831-0,you,211549,211552,22,1000,14,M_2314,Other
2315,exp,exp_name,margaret,Margaret,211584,211592,25,1000,14,M_2315,PROPN
2316,pdnc,qID,Q831-1,you,211645,211648,22,1000,14,M_2316,Other
2317,pdnc,qID,Q831-1,your,211672,211676,22,1000,14,M_2317,Other
2318,pdnc,qID,Q831-1,your wife,211724,211733,20,1000,14,M_2318,Other
2319,exp,exp_name,helen,Helen,211813,211818,16,1001,14,M_2319,PROPN
2320,pdnc,qID,Q834-0,you,211980,211983,22,1003,14,M_2320,Other
2321,exp,exp_name,helen,Helen,212445,212450,16,1005,14,M_2321,PROPN
2322,exp,exp_name,leonard,Leonard,212728,212735,22,1006,14,M_2322,PROPN
2323,booknlp,COREF,311,he,212753,212755,22,1006,14,M_2323,Other
2324,booknlp,COREF,311,he,212795,212797,22,1006,14,M_2324,Other
2325,pdnc,qID,Q841-0,you,213893,213896,22,1010,14,M_2325,Other
2326,exp,exp_name,helen,Helen,213910,213915,16,1010,14,M_2326,PROPN
2327,pdnc,qID,Q843-0,Mr. Bast,214115,214123,22,1012,14,M_2327,PROPN
2328,pdnc,qID,Q843-0,you,214129,214132,22,1012,14,M_2328,Other
2329,exp,exp_name,leonard,Leonard,214566,214573,22,1013,14,M_2329,PROPN
2330,booknlp,COREF,311,He,214603,214605,22,1013,14,M_2330,Other
2331,booknlp,COREF,311,he,214771,214773,22,1013,14,M_2331,Other
2332,booknlp,COREF,311,himself,214805,214812,22,1013,14,M_2332,Other
2333,booknlp,COREF,311,his,214821,214824,22,1013,14,M_2333,Other
2334,booknlp,COREF,311,his,214950,214953,22,1013,14,M_2334,Other
2335,booknlp,COREF,311,I,215092,215093,22,1014,14,M_2335,Other
2336,booknlp,COREF,311,he,215108,215110,22,1014,14,M_2336,Other
2337,booknlp,COREF,311,him,215190,215193,22,1014,14,M_2337,Other
2338,exp,exp_name,margaret,Margaret,215219,215227,25,1015,14,M_2338,PROPN
2339,exp,exp_name,helen,Helen,215265,215270,16,1016,14,M_2339,PROPN
2340,pdnc,qID,Q847-0,my wife,215307,215314,20,1017,14,M_2340,Other
2341,exp,exp_name,helen,Helen,215401,215406,16,1018,14,M_2341,PROPN
2342,pdnc,qID,Q848-1,You,215426,215429,22,1018,14,M_2342,Other
2343,pdnc,qID,Q848-1,you,215484,215487,22,1018,14,M_2343,Other
2344,pdnc,qID,Q849-0,You,215492,215495,22,1019,14,M_2344,Other
2345,pdnc,qID,Q851-0,you,215585,215588,22,1021,14,M_2345,Other
2346,pdnc,qID,Q853-0,you,215814,215817,22,1023,14,M_2346,Other
2347,exp,exp_name,margaret,Margaret,215836,215844,25,1023,14,M_2347,PROPN
2348,exp,exp_name,leonard,Leonard,215847,215854,22,1024,14,M_2348,PROPN
2349,booknlp,COREF,311,I,215894,215895,22,1024,14,M_2349,Other
2350,exp,exp_name,margaret,Margaret,215952,215960,25,1025,14,M_2350,PROPN
2351,booknlp,COREF,311,I,216013,216014,22,1026,14,M_2351,Other
2352,booknlp,COREF,311,my,216091,216093,22,1026,14,M_2352,Other
2353,booknlp,COREF,311,I,216108,216109,22,1026,14,M_2353,Other
2354,booknlp,COREF,311,me,216154,216156,22,1026,14,M_2354,Other
2355,exp,exp_name,helen,Helen,216299,216304,16,1029,14,M_2355,PROPN
2356,booknlp,COREF,311,He,216327,216329,22,1030,14,M_2356,Other
2357,booknlp,COREF,311,He,216357,216359,22,1030,14,M_2357,Other
2358,booknlp,COREF,311,he,216427,216429,22,1030,14,M_2358,Other
2359,booknlp,COREF,311,He,216613,216615,22,1030,14,M_2359,Other
2360,booknlp,COREF,311,he,216650,216652,22,1030,14,M_2360,Other
2361,exp,exp_name,helen,Helen,216718,216723,16,1030,14,M_2361,PROPN
2362,pdnc,qID,Q860-0,you,216749,216752,22,1030,14,M_2362,Other
2363,pdnc,qID,Q860-0,you,216781,216784,22,1030,14,M_2363,Other
2364,booknlp,COREF,311,he,216816,216818,22,1030,14,M_2364,Other
2365,booknlp,COREF,311,him,216845,216848,22,1030,14,M_2365,Other
2366,exp,exp_name,leonard,Leonard,217421,217428,22,1031,14,M_2366,PROPN
2367,booknlp,COREF,311,he,217536,217538,22,1031,14,M_2367,Other
2368,booknlp,COREF,311,his,217630,217633,22,1031,14,M_2368,Other
2369,booknlp,COREF,311,he,217727,217729,22,1031,14,M_2369,Other
2370,booknlp,COREF,311,him,217895,217898,22,1031,14,M_2370,Other
2371,booknlp,COREF,311,his,217919,217922,22,1031,14,M_2371,Other
2372,booknlp,COREF,311,he,217953,217955,22,1031,14,M_2372,Other
2373,booknlp,COREF,311,he,217993,217995,22,1031,14,M_2373,Other
2374,booknlp,COREF,311,him,218026,218029,22,1031,14,M_2374,Other
2375,booknlp,COREF,311,he,218099,218101,22,1031,14,M_2375,Other
2376,booknlp,COREF,311,him,218212,218215,22,1031,14,M_2376,Other
2377,exp,exp_name,leonard,Leonard,218263,218270,22,1031,14,M_2377,PROPN
2378,booknlp,COREF,311,his,218307,218310,22,1031,14,M_2378,Other
2379,booknlp,COREF,311,him,218419,218422,22,1031,14,M_2379,Other
2380,booknlp,COREF,311,he,218453,218455,22,1031,14,M_2380,Other
2381,booknlp,COREF,311,he,218549,218551,22,1031,14,M_2381,Other
2382,booknlp,COREF,311,He,218560,218562,22,1031,14,M_2382,Other
2383,exp,exp_name,the porphyrion,the Porphyrion,218600,218614,54,1031,14,M_2383,PROPN
2384,exp,exp_name,jacky,Jacky,218632,218637,20,1031,14,M_2384,PROPN
2385,booknlp,COREF,311,he,218749,218751,22,1031,14,M_2385,Other
2386,booknlp,COREF,311,him,218826,218829,22,1031,14,M_2386,Other
2387,booknlp,COREF,311,he,218884,218886,22,1031,14,M_2387,Other
2388,booknlp,COREF,311,His,218956,218959,22,1032,14,M_2388,Other
2389,exp,exp_name,margaret,Margaret,218975,218983,25,1032,14,M_2389,PROPN
2390,booknlp,COREF,311,His,219018,219021,22,1032,14,M_2390,Other
2391,booknlp,COREF,311,He,219143,219145,22,1032,14,M_2391,Other
2392,booknlp,COREF,311,his,219162,219165,22,1032,14,M_2392,Other
2393,booknlp,COREF,311,he,219176,219178,22,1032,14,M_2393,Other
2394,exp,exp_name,leonard,Leonard,219269,219276,22,1032,14,M_2394,PROPN
2395,exp,exp_name,jacky,Jacky,219331,219336,20,1032,14,M_2395,PROPN
2396,booknlp,COREF,318,you,219399,219402,20,1032,14,M_2396,Other
2397,booknlp,COREF,318,you,219408,219411,20,1032,14,M_2397,Other
2398,pdnc,qID,Q863-0,Len,219439,219442,22,1032,14,M_2398,Other
2399,exp,exp_name,miss schlegel,Miss Schlegel,219450,219463,25,1032,14,M_2399,PROPN
2400,exp,exp_name,leonard,Leonard,219759,219766,22,1032,14,M_2400,PROPN
2401,booknlp,COREF,311,his,219771,219774,22,1032,14,M_2401,Other
2402,booknlp,COREF,311,he,219799,219801,22,1032,14,M_2402,Other
2403,booknlp,COREF,311,my,219824,219826,22,1032,14,M_2403,Other
2404,booknlp,COREF,311,me,219850,219852,22,1032,14,M_2404,Other
2405,booknlp,COREF,311,I,219863,219864,22,1032,14,M_2405,Other
2406,booknlp,COREF,311,my,219880,219882,22,1032,14,M_2406,Other
2407,exp,exp_name,jacky,Jacky,219902,219907,20,1032,14,M_2407,PROPN
2408,booknlp,COREF,311,him,219931,219934,22,1032,14,M_2408,Other
2409,booknlp,COREF,311,he,219964,219966,22,1032,14,M_2409,Other
2410,exp,exp_name,jacky,Jacky,220066,220071,20,1032,14,M_2410,PROPN
2411,booknlp,COREF,311,he,220101,220103,22,1032,14,M_2411,Other
2412,booknlp,COREF,311,himself,220117,220124,22,1032,14,M_2412,Other
2413,exp,exp_name,jacky,Jacky,220210,220215,20,1033,14,M_2413,PROPN
2414,exp,exp_name,leonard,Leonard,220409,220416,22,1033,14,M_2414,PROPN
2415,booknlp,COREF,311,he,220509,220511,22,1033,14,M_2415,Other
2416,booknlp,COREF,311,he,220544,220546,22,1033,14,M_2416,Other
2417,exp,exp_name,leonard,Leonard,220747,220754,22,1033,14,M_2417,PROPN
2418,exp,exp_name,ruskin,Ruskin,220833,220839,35,1033,14,M_2418,PROPN
2419,booknlp,COREF,311,he,220845,220847,22,1033,14,M_2419,Other
2420,booknlp,COREF,311,he,220884,220886,22,1034,14,M_2420,Other
2421,booknlp,COREF,311,I,220940,220941,22,1034,14,M_2421,Other
2422,pdnc,qID,Q865-1,you,220953,220956,20,1034,14,M_2422,Other
2423,pdnc,qID,Q865-1,you,220970,220973,20,1034,14,M_2423,Other
2424,booknlp,COREF,311,I,220991,220992,22,1034,14,M_2424,Other
2425,exp,exp_name,jacky,Jacky,221004,221009,20,1035,14,M_2425,PROPN
2426,pdnc,qID,Q866-0,Len,221025,221028,22,1035,14,M_2426,Other
2427,booknlp,COREF,318,I,221030,221031,20,1035,14,M_2427,Other
2428,pdnc,qID,Q866-0,you,221041,221044,22,1035,14,M_2428,Other
2429,exp,exp_name,leonard,Leonard,221134,221141,22,1036,14,M_2429,PROPN
2430,booknlp,COREF,311,His,221219,221222,22,1036,14,M_2430,Other
2431,exp,exp_name,leonard,Leonard,221712,221719,22,1036,14,M_2431,PROPN
2432,booknlp,COREF,311,he,221736,221738,22,1036,14,M_2432,Other
2433,exp,exp_name,jacky,Jacky,221783,221788,20,1036,14,M_2433,PROPN
2434,booknlp,COREF,311,him,221846,221849,22,1037,14,M_2434,Other
2435,booknlp,COREF,311,He,221882,221884,22,1037,14,M_2435,Other
2436,booknlp,COREF,311,his,221892,221895,22,1037,14,M_2436,Other
2437,booknlp,COREF,311,he,221906,221908,22,1037,14,M_2437,Other
2438,booknlp,COREF,311,him,221936,221939,22,1037,14,M_2438,Other
2439,booknlp,COREF,311,he,221943,221945,22,1037,14,M_2439,Other
2440,booknlp,COREF,311,he,222048,222050,22,1037,14,M_2440,Other
2441,booknlp,COREF,311,He,222288,222290,22,1037,14,M_2441,Other
2442,booknlp,COREF,311,his,222300,222303,22,1037,14,M_2442,Other
2443,booknlp,COREF,311,He,222342,222344,22,1037,14,M_2443,Other
2444,booknlp,COREF,311,He,222613,222615,22,1038,14,M_2444,Other
2445,booknlp,COREF,311,he,222632,222634,22,1038,14,M_2445,Other
2446,booknlp,COREF,311,he,222748,222750,22,1038,14,M_2446,Other
2447,booknlp,COREF,311,him,222768,222771,22,1038,14,M_2447,Other
2448,booknlp,COREF,311,He,222846,222848,22,1038,14,M_2448,Other
2449,booknlp,COREF,311,his,222853,222856,22,1038,14,M_2449,Other
2450,booknlp,COREF,311,his,222881,222884,22,1038,14,M_2450,Other
2451,booknlp,COREF,311,He,222989,222991,22,1038,14,M_2451,Other
2452,booknlp,COREF,311,he,223149,223151,22,1038,14,M_2452,Other
2453,booknlp,COREF,311,he,223193,223195,22,1038,14,M_2453,Other
2454,booknlp,COREF,311,his,223261,223264,22,1038,14,M_2454,Other
2455,exp,exp_name,helen,Helen,223563,223568,16,1040,15,M_2455,PROPN
2456,exp,exp_name,margaret,Margaret,223595,223603,25,1040,15,M_2456,PROPN
2457,exp,exp_name,mr. bast,Mr. Bast,223632,223640,22,1040,15,M_2457,PROPN
2458,exp,exp_name,mr. bast,Mr. Bast,224045,224053,22,1040,15,M_2458,PROPN
2459,exp,exp_name,mr. bast,Mr. Bast,224845,224853,22,1040,15,M_2459,PROPN
2460,booknlp,COREF,313,him,224920,224923,22,1040,15,M_2460,Other
2461,exp,exp_name,mr. bast,Mr. Bast,225071,225079,22,1040,15,M_2461,PROPN
2462,booknlp,COREF,313,his,225082,225085,22,1040,15,M_2462,Other
2463,booknlp,COREF,313,his,225132,225135,22,1040,15,M_2463,Other
2464,booknlp,COREF,313,he,225150,225152,22,1040,15,M_2464,Other
2465,booknlp,COREF,313,his,225202,225205,22,1040,15,M_2465,Other
2466,booknlp,COREF,313,he,225243,225245,22,1040,15,M_2466,Other
2467,booknlp,COREF,313,his,225300,225303,22,1040,15,M_2467,Other
2468,booknlp,COREF,313,he,225336,225338,22,1040,15,M_2468,Other
2469,booknlp,COREF,313,his,225368,225371,22,1040,15,M_2469,Other
2470,booknlp,COREF,313,he,225430,225432,22,1040,15,M_2470,Other
2471,booknlp,COREF,313,him,225520,225523,22,1040,15,M_2471,Other
2472,exp,exp_name,helen,Helen,225549,225554,16,1040,15,M_2472,PROPN
2473,booknlp,COREF,313,he,225557,225559,22,1040,15,M_2473,Other
2474,booknlp,COREF,313,he,225685,225687,22,1040,15,M_2474,Other
2475,booknlp,COREF,313,he,225713,225715,22,1040,15,M_2475,Other
2476,exp,exp_name,margaret,Margaret,225805,225813,25,1041,15,M_2476,PROPN
2477,pdnc,qID,Q867-0,Miss Schlegel,225843,225856,25,1042,15,M_2477,PROPN
2478,exp,exp_name,the reader of the paper,the reader of the paper,225864,225887,42,1042,15,M_2478,PROPN
2479,pdnc,qID,Q867-1,You,225890,225893,25,1042,15,M_2479,Other
2480,booknlp,COREF,1714,I,225904,225905,42,1042,15,M_2480,Other
2481,booknlp,COREF,1714,me,225928,225930,42,1042,15,M_2481,Other
2482,booknlp,COREF,1714,I,226034,226035,42,1042,15,M_2482,Other
2483,pdnc,qID,Q867-1,you,226048,226051,25,1042,15,M_2483,Other
2484,pdnc,qID,Q867-1,your,226068,226072,25,1042,15,M_2484,Other
2485,booknlp,COREF,1714,my,226088,226090,42,1042,15,M_2485,Other
2486,booknlp,COREF,1714,I,226115,226116,42,1042,15,M_2486,Other
2487,pdnc,qID,Q867-1,you,226123,226126,25,1042,15,M_2487,Other
2488,booknlp,COREF,1714,I,226139,226140,42,1042,15,M_2488,Other
2489,pdnc,qID,Q868-0,Your,226157,226161,42,1043,15,M_2489,Other
2490,pdnc,qID,Q868-0,you,226190,226193,42,1043,15,M_2490,Other
2491,exp,exp_name,margaret,Margaret,226226,226234,25,1043,15,M_2491,PROPN
2492,pdnc,qID,Q868-1,You,226272,226275,42,1043,15,M_2492,Other
2493,booknlp,COREF,1714,I,226334,226335,42,1044,15,M_2493,Other
2494,booknlp,COREF,1714,I,226337,226338,42,1044,15,M_2494,Other
2495,booknlp,COREF,1714,I,226347,226348,42,1044,15,M_2495,Other
2496,pdnc,qID,Q870-0,your,226384,226388,42,1045,15,M_2496,Other
2497,pdnc,qID,Q870-0,you,226473,226476,42,1045,15,M_2497,Other
2498,pdnc,qID,Q870-0,you,226493,226496,42,1045,15,M_2498,Other
2499,pdnc,qID,Q870-0,you,226525,226528,42,1045,15,M_2499,Other
2500,exp,exp_name,an earnest girl,an earnest girl,226605,226620,4,1046,15,M_2500,PROPN
2501,pdnc,qID,Q872-0,you,226704,226707,42,1047,15,M_2501,Other
2502,exp,exp_name,margaret,Margaret,226958,226966,25,1047,15,M_2502,PROPN
2503,exp,exp_name,the man,the man,227040,227047,40,1047,15,M_2503,PROPN
2504,pdnc,qID,Q873-0,your,227291,227295,4,1049,15,M_2504,Other
2505,pdnc,qID,Q873-0,Mr. Bast,227888,227896,22,1049,15,M_2505,PROPN
2506,pdnc,qID,Q873-0,his,227927,227930,22,1049,15,M_2506,Other
2507,pdnc,qID,Q873-0,He,227939,227941,22,1049,15,M_2507,Other
2508,booknlp,COREF,313,himself,227963,227970,22,1049,15,M_2508,Other
2509,exp,exp_name,miss schlegel,Miss Schlegel,228173,228186,25,1050,15,M_2509,PROPN
2510,exp,exp_name,mr. bast,Mr. Bast,228266,228274,22,1050,15,M_2510,PROPN
2511,booknlp,COREF,313,he,228278,228280,22,1050,15,M_2511,Other
2512,booknlp,COREF,313,his,228313,228316,22,1050,15,M_2512,Other
2513,pdnc,qID,Q874-0,he,228355,228357,22,1050,15,M_2513,Other
2514,pdnc,qID,Q874-0,his,228373,228376,22,1050,15,M_2514,Other
2515,booknlp,COREF,313,he,228388,228390,22,1050,15,M_2515,Other
2516,exp,exp_name,margaret,Margaret,229259,229267,25,1051,15,M_2516,PROPN
2517,exp,exp_name,margaret,Margaret,229718,229726,25,1051,15,M_2517,PROPN
2518,exp,exp_name,helen,Helen,229794,229799,16,1051,15,M_2518,PROPN
2519,exp,exp_name,helen,Helen,230337,230342,16,1052,15,M_2519,PROPN
2520,exp,exp_name,margaret,Margaret,230347,230355,25,1052,15,M_2520,PROPN
2521,exp,exp_name,margaret,Margaret,231044,231052,25,1052,15,M_2521,PROPN
2522,exp,exp_name,helen,Helen,231057,231062,16,1052,15,M_2522,PROPN
2523,pdnc,qID,Q880-0,Helen,231399,231404,16,1058,15,M_2523,PROPN
2524,pdnc,qID,Q882-0,Mr. Bast,231452,231460,22,1060,15,M_2524,PROPN
2525,pdnc,qID,Q885-0,you,231506,231509,25,1063,15,M_2525,Other
2526,pdnc,qID,Q886-0,him,231648,231651,22,1064,15,M_2526,Other
2527,pdnc,qID,Q887-0,Mrs. Lanoline,231774,231787,20,1065,15,M_2527,PROPN
2528,exp,exp_name,helen,Helen,231795,231800,16,1065,15,M_2528,PROPN
2529,pdnc,qID,Q889-0,he,231890,231892,22,1067,15,M_2529,Other
2530,pdnc,qID,Q889-0,your,231905,231909,25,1067,15,M_2530,Other
2531,pdnc,qID,Q890-0,he,231923,231925,22,1068,15,M_2531,Other
2532,pdnc,qID,Q891-0,the wife,232000,232008,20,1069,15,M_2532,Other
2533,pdnc,qID,Q892-0,Helen,232014,232019,16,1070,15,M_2533,PROPN
2534,pdnc,qID,Q893-0,you,232104,232107,25,1071,15,M_2534,Other
2535,exp,exp_name,margaret,Margaret,232214,232222,25,1074,15,M_2535,PROPN
2536,pdnc,qID,Q899-0,Tibby,232319,232324,45,1077,15,M_2536,PROPN
2537,pdnc,qID,Q901-0,you,232357,232360,25,1079,15,M_2537,Other
2538,pdnc,qID,Q902-0,Mrs. Wilcox,232438,232449,32,1080,15,M_2538,PROPN
2539,exp,exp_name,mr. wilcox,Mr. Wilcox,232527,232537,17,1081,15,M_2539,PROPN
2540,exp,exp_name,margaret,Margaret,232742,232750,25,1082,15,M_2540,PROPN
2541,pdnc,qID,Q904-0,Meg,232759,232762,25,1083,15,M_2541,PROPN
2542,pdnc,qID,Q904-0,Herr Forstmeister,232868,232885,18,1083,15,M_2542,PROPN
2543,pdnc,qID,Q905-0,Helen,232966,232971,16,1084,15,M_2543,PROPN
2544,exp,exp_name,mr. wilcox,Mr. Wilcox,233134,233144,17,1085,15,M_2544,PROPN
2545,exp,exp_name,helen,Helen,233419,233424,16,1087,15,M_2545,PROPN
2546,exp,exp_name,margaret,Margaret,233444,233452,25,1087,15,M_2546,PROPN
2547,pdnc,qID,Q907-0,you,233538,233541,17,1088,15,M_2547,Other
2548,pdnc,qID,Q907-0,Mr. Wilcox,233543,233553,17,1088,15,M_2548,PROPN
2549,pdnc,qID,Q907-0,Evie,233561,233565,14,1088,15,M_2549,Other
2550,pdnc,qID,Q907-0,you,233602,233605,17,1088,15,M_2550,Other
2551,pdnc,qID,Q907-0,your son,233624,233632,34,1088,15,M_2551,Other
2552,pdnc,qID,Q908-0,Paul,233637,233641,34,1089,15,M_2552,PROPN
2553,exp,exp_name,mr. wilcox,Mr. Wilcox,233649,233659,17,1089,15,M_2553,PROPN
2554,pdnc,qID,Q908-1,Paul,233726,233730,34,1089,15,M_2554,PROPN
2555,pdnc,qID,Q908-1,He,233772,233774,34,1089,15,M_2555,Other
2556,exp,exp_name,helen,Helen,233818,233823,16,1090,15,M_2556,PROPN
2557,exp,exp_name,helen,Helen,234197,234202,16,1094,15,M_2557,PROPN
2558,pdnc,qID,Q913-1,Margaret,234299,234307,25,1094,15,M_2558,PROPN
2559,exp,exp_name,the man,The man,234498,234505,40,1095,15,M_2559,PROPN
2560,pdnc,qID,Q914-1,Evie,235325,235329,14,1096,15,M_2560,Other
2561,pdnc,qID,Q914-1,she,235366,235369,14,1096,15,M_2561,Other
2562,pdnc,qID,Q914-1,She,235387,235390,14,1096,15,M_2562,Other
2563,pdnc,qID,Q916-0,you,235541,235544,17,1098,15,M_2563,Other
2564,exp,exp_name,helen,Helen,235556,235561,16,1098,15,M_2564,PROPN
2565,booknlp,COREF,262,the Wilcox,235584,235594,14,1098,15,M_2565,Other
2566,exp,exp_name,margaret,Margaret,236305,236313,25,1102,15,M_2566,PROPN
2567,exp,exp_name,mr. wilcox,Mr. Wilcox,236413,236423,17,1102,15,M_2567,PROPN
2568,exp,exp_name,helen,Helen,236624,236629,16,1102,15,M_2568,PROPN
2569,exp,exp_name,margaret,Margaret,236758,236766,25,1104,15,M_2569,PROPN
2570,exp,exp_name,helen,Helen,236846,236851,16,1104,15,M_2570,PROPN
2571,pdnc,qID,Q922-1,Mr. Wilcox,236957,236967,17,1104,15,M_2571,PROPN
2572,pdnc,qID,Q923-0,Mr. Bast,236978,236986,22,1105,15,M_2572,PROPN
2573,pdnc,qID,Q923-0,He,236997,236999,17,1105,15,M_2573,Other
2574,pdnc,qID,Q924-0,Mr. Wilcox,237046,237056,17,1106,15,M_2574,PROPN
2575,pdnc,qID,Q924-0,a young fellow,237126,237140,22,1106,15,M_2575,Other
2576,pdnc,qID,Q925-0,his,237204,237207,22,1107,15,M_2576,Other
2577,pdnc,qID,Q928-0,you,237248,237251,25,1110,15,M_2577,Other
2578,pdnc,qID,Q928-0,Margaret,237262,237270,25,1110,15,M_2578,PROPN
2579,pdnc,qID,Q930-0,Aunt Juley,237346,237356,6,1112,15,M_2579,PROPN
2580,pdnc,qID,Q930-0,He,237375,237377,22,1112,15,M_2580,Other
2581,pdnc,qID,Q930-0,him,237446,237449,22,1112,15,M_2581,Other
2582,pdnc,qID,Q930-0,He,237451,237453,22,1112,15,M_2582,Other
2583,pdnc,qID,Q930-0,a wife,237468,237474,20,1112,15,M_2583,Other
2584,pdnc,qID,Q930-0,he,237480,237482,22,1112,15,M_2584,Other
2585,pdnc,qID,Q930-0,He,237514,237516,22,1112,15,M_2585,Other
2586,pdnc,qID,Q930-0,he,237578,237580,22,1112,15,M_2586,Other
2587,pdnc,qID,Q930-0,he,237599,237601,22,1112,15,M_2587,Other
2588,pdnc,qID,Q930-0,He,237614,237616,22,1112,15,M_2588,Other
2589,pdnc,qID,Q930-0,him,237747,237750,22,1112,15,M_2589,Other
2590,pdnc,qID,Q930-0,he,237760,237762,22,1112,15,M_2590,Other
2591,pdnc,qID,Q930-0,he,237780,237782,22,1112,15,M_2591,Other
2592,pdnc,qID,Q930-0,He,237811,237813,22,1112,15,M_2592,Other
2593,pdnc,qID,Q930-0,his,237865,237868,22,1112,15,M_2593,Other
2594,pdnc,qID,Q930-0,he,237962,237964,22,1112,15,M_2594,Other
2595,pdnc,qID,Q930-0,he,237983,237985,22,1112,15,M_2595,Other
2596,pdnc,qID,Q930-0,Margaret,238041,238049,25,1112,15,M_2596,PROPN
2597,pdnc,qID,Q930-0,him,238100,238103,22,1112,15,M_2597,Other
2598,pdnc,qID,Q930-0,he,238112,238114,22,1112,15,M_2598,Other
2599,pdnc,qID,Q930-0,him,238130,238133,22,1112,15,M_2599,Other
2600,pdnc,qID,Q930-0,He,238172,238174,22,1112,15,M_2600,Other
2601,pdnc,qID,Q930-0,he,238253,238255,22,1112,15,M_2601,Other
2602,pdnc,qID,Q930-0,his wife,238337,238345,20,1112,15,M_2602,Other
2603,pdnc,qID,Q930-0,she,238361,238364,20,1112,15,M_2603,Other
2604,pdnc,qID,Q930-0,you,238427,238430,17,1112,15,M_2604,Other
2605,pdnc,qID,Q930-0,you,238451,238454,17,1112,15,M_2605,Other
2606,pdnc,qID,Q930-0,you,238515,238518,17,1112,15,M_2606,Other
2607,exp,exp_name,mr. wilcox,Mr. Wilcox,238525,238535,17,1113,15,M_2607,PROPN
2608,exp,exp_name,miss schlegel,Miss Schlegel,238631,238644,25,1113,15,M_2608,PROPN
2609,pdnc,qID,Q931-0,your young friend,238833,238850,22,1113,15,M_2609,Other
2610,exp,exp_name,the porphyrion,the Porphyrion,238864,238878,54,1113,15,M_2610,PROPN
2611,exp,exp_name,margaret,Margaret,238941,238949,25,1114,15,M_2611,PROPN
2612,pdnc,qID,Q934-0,Helen,239124,239129,16,1116,15,M_2612,PROPN
2613,pdnc,qID,Q934-0,he,239151,239153,22,1116,15,M_2613,Other
2614,pdnc,qID,Q935-0,him,239202,239205,22,1117,15,M_2614,Other
2615,pdnc,qID,Q935-0,him,239242,239245,22,1117,15,M_2615,Other
2616,exp,exp_name,the man,the man,239385,239392,40,1121,15,M_2616,PROPN
2617,exp,exp_name,the man,the man,239486,239493,40,1121,15,M_2617,PROPN
2618,pdnc,qID,Q939-0,he,239520,239522,22,1121,15,M_2618,Other
2619,exp,exp_name,margaret,Margaret,239703,239711,25,1122,15,M_2619,PROPN
2620,exp,exp_name,helen,Helen,239719,239724,16,1122,15,M_2620,PROPN
2621,exp,exp_name,margaret,Margaret,239917,239925,25,1124,15,M_2621,PROPN
2622,pdnc,qID,Q945-0,you,239955,239958,17,1126,15,M_2622,Other
2623,pdnc,qID,Q945-0,this youth,239984,239994,22,1126,15,M_2623,Other
2624,exp,exp_name,the porphyrion,The Porphyrion,240206,240220,54,1127,15,M_2624,PROPN
2625,booknlp,COREF,396,It,240269,240271,54,1127,15,M_2625,Other
2626,exp,exp_name,helen,Helen,240418,240423,16,1129,15,M_2626,PROPN
2627,pdnc,qID,Q949-0,You,240490,240493,16,1130,15,M_2627,Other
2628,exp,exp_name,mr. wilcox,Mr. Wilcox,240528,240538,17,1130,15,M_2628,PROPN
2629,exp,exp_name,the porphyrion,the Porphyrion,240573,240587,54,1130,15,M_2629,PROPN
2630,booknlp,COREF,396,It,240597,240599,54,1130,15,M_2630,Other
2631,exp,exp_name,helen,Helen,240816,240821,16,1131,15,M_2631,PROPN
2632,exp,exp_name,margaret,Margaret,240867,240875,25,1131,15,M_2632,PROPN
2633,exp,exp_name,margaret,Margaret,241207,241215,25,1132,15,M_2633,PROPN
2634,exp,exp_name,mr. wilcox,Mr. Wilcox,241267,241277,17,1132,15,M_2634,PROPN
2635,pdnc,qID,Q954-0,you,241371,241374,17,1134,15,M_2635,Other
2636,pdnc,qID,Q956-0,Evie,241551,241555,14,1136,15,M_2636,Other
2637,pdnc,qID,Q957-0,you,241590,241593,25,1137,15,M_2637,Other
2638,pdnc,qID,Q957-0,Evie,241598,241602,14,1137,15,M_2638,Other
2639,pdnc,qID,Q957-0,Paul,241655,241659,34,1137,15,M_2639,PROPN
2640,pdnc,qID,Q957-0,him,241719,241722,34,1137,15,M_2640,Other
2641,pdnc,qID,Q957-0,his,241731,241734,34,1137,15,M_2641,Other
2642,pdnc,qID,Q957-0,you,241823,241826,25,1137,15,M_2642,Other
2643,pdnc,qID,Q959-0,Evie,242111,242115,14,1139,15,M_2643,Other
2644,pdnc,qID,Q959-0,You,242186,242189,25,1139,15,M_2644,Other
2645,pdnc,qID,Q959-0,your sister,242200,242211,16,1139,15,M_2645,Other
2646,exp,exp_name,margaret,Margaret,242886,242894,25,1140,15,M_2646,PROPN
2647,pdnc,qID,Q962-1,Charles,243054,243061,8,1141,15,M_2647,PROPN
2648,exp,exp_name,margaret,Margaret,243094,243102,25,1142,15,M_2648,PROPN
2649,exp,exp_name,charles,Charles,243133,243140,8,1142,15,M_2649,PROPN
2650,pdnc,qID,Q963-1,he,243159,243161,8,1142,15,M_2650,Other
2651,pdnc,qID,Q963-1,Mrs. Charles,243274,243286,11,1142,15,M_2651,PROPN
2652,pdnc,qID,Q964-0,Charles,243377,243384,8,1143,15,M_2652,PROPN
2653,pdnc,qID,Q965-0,him,243464,243467,8,1143,15,M_2653,Other
2654,pdnc,qID,Q965-0,he,243481,243483,8,1143,15,M_2654,Other
2655,pdnc,qID,Q965-0,He,243559,243561,8,1143,15,M_2655,Other
2656,pdnc,qID,Q965-0,he,243620,243622,8,1143,15,M_2656,Other
2657,pdnc,qID,Q965-0,she,243627,243630,11,1143,15,M_2657,Other
2658,exp,exp_name,margaret,Margaret,243748,243756,25,1144,15,M_2658,PROPN
2659,pdnc,qID,Q966-1,you,243784,243787,17,1144,15,M_2659,Other
2660,pdnc,qID,Q966-1,Mr. Charles Wilcox,243834,243852,8,1144,15,M_2660,PROPN
2661,exp,exp_name,bryce,Bryce,244059,244064,52,1147,15,M_2661,PROPN
2662,pdnc,qID,Q969-0,Charles,244081,244088,8,1147,15,M_2662,PROPN
2663,pdnc,qID,Q969-0,he,244109,244111,8,1147,15,M_2663,Other
2664,pdnc,qID,Q969-0,Dolly,244119,244124,11,1147,15,M_2664,Other
2665,pdnc,qID,Q970-0,You,244379,244382,17,1148,15,M_2665,Other
2666,pdnc,qID,Q970-0,Mr. Wilcox,244408,244418,17,1148,15,M_2666,PROPN
2667,exp,exp_name,helen,Helen,244459,244464,16,1149,15,M_2667,PROPN
2668,pdnc,qID,Q972-0,Evie,244478,244482,14,1150,15,M_2668,Other
2669,exp,exp_name,margaret,Margaret,244604,244612,25,1152,15,M_2669,PROPN
2670,exp,exp_name,margaret,Margaret,244680,244688,25,1154,15,M_2670,PROPN
2671,exp,exp_name,mr. wilcox,Mr. Wilcox,244734,244744,17,1154,15,M_2671,PROPN
2672,exp,exp_name,helen,Helen,244769,244774,16,1154,15,M_2672,PROPN
2673,exp,exp_name,helen,Helen,244941,244946,16,1155,15,M_2673,PROPN
2674,pdnc,qID,Q976-0,Mr. Wilcox,244998,245008,17,1155,15,M_2674,PROPN
2675,pdnc,qID,Q976-0,him,245047,245050,17,1155,15,M_2675,Other
2676,pdnc,qID,Q976-0,he,245075,245077,17,1155,15,M_2676,Other
2677,exp,exp_name,the porphyrion,the Porphyrion,245096,245110,54,1155,15,M_2677,PROPN
2678,pdnc,qID,Q976-0,Mr. Bast,245128,245136,22,1155,15,M_2678,PROPN
2679,pdnc,qID,Q976-0,him,245175,245178,22,1155,15,M_2679,Other
2680,exp,exp_name,leonard,Leonard,245264,245271,22,1158,16,M_2680,PROPN
2681,booknlp,COREF,311,he,245322,245324,22,1158,16,M_2681,Other
2682,exp,exp_name,margaret,Margaret,245391,245399,25,1159,16,M_2682,PROPN
2683,exp,exp_name,helen,Helen,245415,245420,16,1160,16,M_2683,PROPN
2684,booknlp,COREF,311,you,245471,245474,22,1160,16,M_2684,Other
2685,exp,exp_name,leonard,Leonard,245626,245633,22,1161,16,M_2685,PROPN
2686,booknlp,COREF,311,He,245649,245651,22,1161,16,M_2686,Other
2687,booknlp,COREF,311,His,245778,245781,22,1161,16,M_2687,Other
2688,exp,exp_name,helen,Helen,245846,245851,16,1161,16,M_2688,PROPN
2689,pdnc,qID,Q983-0,you,246044,246047,22,1164,16,M_2689,Other
2690,pdnc,qID,Q984-0,you,246067,246070,22,1165,16,M_2690,Other
2691,pdnc,qID,Q984-0,your,246076,246080,22,1165,16,M_2691,Other
2692,exp,exp_name,margaret,Margaret,246099,246107,25,1165,16,M_2692,PROPN
2693,booknlp,COREF,311,He,246110,246112,22,1166,16,M_2693,Other
2694,booknlp,COREF,311,He,246139,246141,22,1166,16,M_2694,Other
2695,booknlp,COREF,311,his,246181,246184,22,1166,16,M_2695,Other
2696,booknlp,COREF,311,he,246239,246241,22,1166,16,M_2696,Other
2697,booknlp,COREF,311,he,246409,246411,22,1166,16,M_2697,Other
2698,booknlp,COREF,311,his,246449,246452,22,1166,16,M_2698,Other
2699,booknlp,COREF,311,he,246511,246513,22,1167,16,M_2699,Other
2700,pdnc,qID,Q986-0,Your,246526,246530,22,1168,16,M_2700,Other
2701,exp,exp_name,the porphyrion,the Porphyrion,246542,246556,54,1168,16,M_2701,PROPN
2702,exp,exp_name,helen,Helen,246670,246675,16,1170,16,M_2702,PROPN
2703,booknlp,COREF,311,his,246712,246715,22,1170,16,M_2703,Other
2704,pdnc,qID,Q989-1,your,246758,246762,22,1170,16,M_2704,Other
2705,pdnc,qID,Q989-1,you,246797,246800,22,1170,16,M_2705,Other
2706,pdnc,qID,Q989-1,you,246817,246820,22,1170,16,M_2706,Other
2707,pdnc,qID,Q990-0,you,246861,246864,22,1171,16,M_2707,Other
2708,exp,exp_name,the porphyrion,the Porphyrion,246870,246884,54,1171,16,M_2708,PROPN
2709,exp,exp_name,margaret,Margaret,246931,246939,25,1171,16,M_2709,PROPN
2710,pdnc,qID,Q991-0,you,246962,246965,25,1172,16,M_2710,Other
2711,booknlp,COREF,396,its,247069,247072,54,1173,16,M_2711,Other
2712,pdnc,qID,Q993-0,you,247118,247121,25,1174,16,M_2712,Other
2713,booknlp,COREF,311,my,247186,247188,22,1174,16,M_2713,Other
2714,booknlp,COREF,311,his,247209,247212,22,1174,16,M_2714,Other
2715,booknlp,COREF,311,He,247370,247372,22,1175,16,M_2715,Other
2716,booknlp,COREF,311,his,247390,247393,22,1175,16,M_2716,Other
2717,booknlp,COREF,311,I,247554,247555,22,1176,16,M_2717,Other
2718,booknlp,COREF,311,I,247584,247585,22,1176,16,M_2718,Other
2719,exp,exp_name,leonard,Leonard,247650,247657,22,1177,16,M_2719,PROPN
2720,booknlp,COREF,311,He,247671,247673,22,1177,16,M_2720,Other
2721,booknlp,COREF,311,his,247685,247688,22,1177,16,M_2721,Other
2722,booknlp,COREF,311,He,247739,247741,22,1177,16,M_2722,Other
2723,booknlp,COREF,311,him,247870,247873,22,1177,16,M_2723,Other
2724,exp,exp_name,the porphyrion,the Porphyrion,247901,247915,54,1177,16,M_2724,PROPN
2725,exp,exp_name,the porphyrion,the Porphyrion,247920,247934,54,1177,16,M_2725,PROPN
2726,exp,exp_name,paul,Paul,248087,248091,34,1177,16,M_2726,PROPN
2727,exp,exp_name,leonard,Leonard,248209,248216,22,1177,16,M_2727,PROPN
2728,exp,exp_name,mrs. munt,Mrs. Munt,248404,248413,6,1177,16,M_2728,PROPN
2729,exp,exp_name,the porphyrion,the Porphyrion,248856,248870,54,1178,16,M_2729,PROPN
2730,exp,exp_name,helen,Helen,248889,248894,16,1178,16,M_2730,PROPN
2731,booknlp,COREF,311,you,248915,248918,22,1178,16,M_2731,Other
2732,pdnc,qID,Q996-0,A friend of ours,248944,248960,17,1179,16,M_2732,Other
2733,exp,exp_name,margaret,Margaret,249014,249022,25,1179,16,M_2733,PROPN
2734,exp,exp_name,leonard,Leonard,249029,249036,22,1180,16,M_2734,PROPN
2735,booknlp,COREF,311,his,249041,249044,22,1180,16,M_2735,Other
2736,booknlp,COREF,311,He,249052,249054,22,1181,16,M_2736,Other
2737,exp,exp_name,the porphyrion,the Porphyrion,249067,249081,54,1181,16,M_2737,PROPN
2738,pdnc,qID,Q997-0,You,249084,249087,25,1181,16,M_2738,Other
2739,pdnc,qID,Q997-0,your friend,249097,249108,17,1181,16,M_2739,Other
2740,booknlp,COREF,311,he,249111,249113,22,1181,16,M_2740,Other
2741,pdnc,qID,Q997-1,he,249126,249128,17,1181,16,M_2741,Other
2742,booknlp,COREF,311,his,249195,249198,22,1183,16,M_2742,Other
2743,booknlp,COREF,311,he,249390,249392,22,1184,16,M_2743,Other
2744,pdnc,qID,Q1001-0,he,249446,249448,17,1186,16,M_2744,Other
2745,pdnc,qID,Q1002-0,he,249501,249503,17,1187,16,M_2745,Other
2746,exp,exp_name,leonard,Leonard,249565,249572,22,1188,16,M_2746,PROPN
2747,pdnc,qID,Q1003-0,Mr. Bast,249636,249644,22,1189,16,M_2747,PROPN
2748,pdnc,qID,Q1003-0,you,249723,249726,22,1189,16,M_2748,Other
2749,exp,exp_name,leonard,Leonard,249778,249785,22,1190,16,M_2749,PROPN
2750,pdnc,qID,Q1004-0,Our friend,249810,249820,17,1191,16,M_2750,Other
2751,pdnc,qID,Q1004-0,He,249867,249869,17,1191,16,M_2751,Other
2752,pdnc,qID,Q1005-0,you,249909,249912,22,1192,16,M_2752,Other
2753,exp,exp_name,helen,Helen,249944,249949,16,1192,16,M_2753,PROPN
2754,pdnc,qID,Q1005-1,he,249972,249974,17,1192,16,M_2754,Other
2755,pdnc,qID,Q1005-1,you,249999,250002,22,1192,16,M_2755,Other
2756,exp,exp_name,leonard,Leonard,250009,250016,22,1193,16,M_2756,PROPN
2757,booknlp,COREF,311,his,250024,250027,22,1193,16,M_2757,Other
2758,booknlp,COREF,311,He,250035,250037,22,1193,16,M_2758,Other
2759,booknlp,COREF,311,he,250062,250064,22,1193,16,M_2759,Other
2760,booknlp,COREF,311,him,250147,250150,22,1193,16,M_2760,Other
2761,booknlp,COREF,311,he,250162,250164,22,1193,16,M_2761,Other
2762,booknlp,COREF,311,He,250291,250293,22,1193,16,M_2762,Other
2763,booknlp,COREF,311,he,250459,250461,22,1193,16,M_2763,Other
2764,booknlp,COREF,311,he,250714,250716,22,1194,16,M_2764,Other
2765,booknlp,COREF,311,He,250769,250771,22,1194,16,M_2765,Other
2766,booknlp,COREF,311,his,250825,250828,22,1194,16,M_2766,Other
2767,exp,exp_name,leonard,Leonard,250990,250997,22,1194,16,M_2767,PROPN
2768,booknlp,COREF,311,He,251029,251031,22,1194,16,M_2768,Other
2769,exp,exp_name,jacky,Jacky,251773,251778,20,1195,16,M_2769,PROPN
2770,exp,exp_name,margaret,Margaret,251934,251942,25,1195,16,M_2770,PROPN
2771,exp,exp_name,mr. wilcox,Mr. Wilcox,252002,252012,17,1195,16,M_2771,PROPN
2772,exp,exp_name,miss wilcox,Miss Wilcox,252014,252025,14,1195,16,M_2772,PROPN
2773,pdnc,qID,Q1008-0,Evie,252091,252095,14,1196,16,M_2773,Other
2774,exp,exp_name,helen,Helen,252133,252138,16,1196,16,M_2774,PROPN
2775,exp,exp_name,mr. wilcox,Mr. Wilcox,252217,252227,17,1197,16,M_2775,PROPN
2776,pdnc,qID,Q1011-0,Mr. Bast,252265,252273,22,1199,16,M_2776,PROPN
2777,booknlp,COREF,311,I,252306,252307,22,1200,16,M_2777,Other
2778,exp,exp_name,leonard,Leonard,252338,252345,22,1200,16,M_2778,PROPN
2779,exp,exp_name,evie,Evie,252433,252437,14,1202,16,M_2779,PROPN
2780,exp,exp_name,helen,Helen,252566,252571,16,1204,16,M_2780,PROPN
2781,booknlp,COREF,311,him,252617,252620,22,1204,16,M_2781,Other
2782,pdnc,qID,Q1016-0,Mr. Wilcox,252624,252634,17,1205,16,M_2782,PROPN
2783,pdnc,qID,Q1016-0,Mr. Ba,252636,252642,22,1205,16,M_2783,PROPN
2784,pdnc,qID,Q1016-0,you,252649,252652,22,1205,16,M_2784,Other
2785,exp,exp_name,helen,Helen,252695,252700,16,1206,16,M_2785,PROPN
2786,exp,exp_name,leonard,Leonard,252723,252730,22,1207,16,M_2786,PROPN
2787,booknlp,COREF,311,he,252757,252759,22,1207,16,M_2787,Other
2788,booknlp,COREF,311,He,252797,252799,22,1207,16,M_2788,Other
2789,booknlp,COREF,311,I,252819,252820,22,1207,16,M_2789,Other
2790,booknlp,COREF,311,I,252829,252830,22,1207,16,M_2790,Other
2791,booknlp,COREF,311,him,252888,252891,22,1208,16,M_2791,Other
2792,exp,exp_name,helen,Helen,253076,253081,16,1209,16,M_2792,PROPN
2793,pdnc,qID,Q1019-0,you,253133,253136,22,1209,16,M_2793,Other
2794,pdnc,qID,Q1020-0,You,253231,253234,16,1210,16,M_2794,Other
2795,pdnc,qID,Q1020-0,you,253256,253259,16,1210,16,M_2795,Other
2796,pdnc,qID,Q1022-0,you,253280,253283,16,1212,16,M_2796,Other
2797,pdnc,qID,Q1023-0,you,253321,253324,22,1213,16,M_2797,Other
2798,pdnc,qID,Q1023-0,you silly boy,253326,253339,22,1213,16,M_2798,Other
2799,exp,exp_name,helen,Helen,253348,253353,16,1213,16,M_2799,PROPN
2800,booknlp,COREF,311,your,253389,253393,22,1214,16,M_2800,Other
2801,booknlp,COREF,311,your,253418,253422,22,1214,16,M_2801,Other
2802,booknlp,COREF,311,you,253455,253458,22,1214,16,M_2802,Other
2803,exp,exp_name,mr. wilcox,Mr. Wilcox,253498,253508,17,1214,16,M_2803,PROPN
2804,pdnc,qID,Q1025-0,this gentleman,253523,253537,17,1214,16,M_2804,Other
2805,pdnc,qID,Q1025-0,you,253545,253548,17,1214,16,M_2805,Other
2806,pdnc,qID,Q1025-0,sir,253550,253553,17,1214,16,M_2806,PROPN
2807,exp,exp_name,mr. wilcox,Mr. Wilcox,253587,253597,17,1215,16,M_2807,PROPN
2808,exp,exp_name,margaret,Margaret,253608,253616,25,1215,16,M_2808,PROPN
2809,pdnc,qID,Q1026-0,Miss Schlegel,253701,253714,25,1215,16,M_2809,PROPN
2810,exp,exp_name,margaret,Margaret,253760,253768,25,1216,16,M_2810,PROPN
2811,pdnc,qID,Q1027-0,sir,253832,253835,17,1217,16,M_2811,PROPN
2812,pdnc,qID,Q1028-0,you,253971,253974,17,1217,16,M_2812,Other
2813,exp,exp_name,mr. wilcox,Mr. Wilcox,254012,254022,17,1218,16,M_2813,PROPN
2814,exp,exp_name,evie,Evie,254044,254048,14,1218,16,M_2814,PROPN
2815,booknlp,COREF,262,her,254064,254067,14,1218,16,M_2815,Other
2816,pdnc,qID,Q1030-0,you,254108,254111,25,1219,16,M_2816,Other
2817,pdnc,qID,Q1030-0,the gentleman,254136,254149,17,1219,16,M_2817,Other
2818,exp,exp_name,margaret,Margaret,254194,254202,25,1219,16,M_2818,PROPN
2819,pdnc,qID,Q1031-0,you,254205,254208,25,1219,16,M_2819,Other
2820,exp,exp_name,jacky,Jacky,254288,254293,20,1219,16,M_2820,PROPN
2821,pdnc,qID,Q1033-0,You,254531,254534,22,1220,16,M_2821,Other
2822,exp,exp_name,margaret,Margaret,254542,254550,25,1220,16,M_2822,PROPN
2823,pdnc,qID,Q1033-1,you,254553,254556,22,1220,16,M_2823,Other
2824,pdnc,qID,Q1033-1,you,254558,254561,22,1220,16,M_2824,Other
2825,exp,exp_name,evie,Evie,254580,254584,14,1221,16,M_2825,PROPN
2826,pdnc,qID,Q1034-0,You,254605,254608,22,1222,16,M_2826,Other
2827,exp,exp_name,the man,the man,254613,254620,40,1222,16,M_2827,PROPN
2828,pdnc,qID,Q1035-0,You,254676,254679,22,1224,16,M_2828,Other
2829,pdnc,qID,Q1036-0,You,254711,254714,22,1226,16,M_2829,Other
2830,pdnc,qID,Q1036-0,You,254814,254817,22,1226,16,M_2830,Other
2831,booknlp,COREF,311,I,254851,254852,22,1227,16,M_2831,Other
2832,exp,exp_name,leonard,Leonard,254887,254894,22,1227,16,M_2832,PROPN
2833,booknlp,COREF,311,I.,254927,254929,22,1228,16,M_2833,Other
2834,pdnc,qID,Q1039-0,You,254951,254954,22,1228,16,M_2834,Other
2835,pdnc,qID,Q1039-0,you,254978,254981,22,1228,16,M_2835,Other
2836,pdnc,qID,Q1039-0,Mr. Bast,254999,255007,22,1228,16,M_2836,PROPN
2837,pdnc,qID,Q1039-0,my sister,255015,255024,16,1228,16,M_2837,Other
2838,pdnc,qID,Q1039-0,you,255037,255040,22,1228,16,M_2838,Other
2839,pdnc,qID,Q1039-0,you,255065,255068,22,1228,16,M_2839,Other
2840,pdnc,qID,Q1039-0,you,255087,255090,22,1228,16,M_2840,Other
2841,pdnc,qID,Q1039-0,you,255122,255125,22,1228,16,M_2841,Other
2842,pdnc,qID,Q1039-0,your,255268,255272,22,1228,16,M_2842,Other
2843,pdnc,qID,Q1039-0,your,255290,255294,22,1228,16,M_2843,Other
2844,pdnc,qID,Q1039-0,yours,255404,255409,22,1228,16,M_2844,Other
2845,pdnc,qID,Q1039-0,you,255676,255679,22,1228,16,M_2845,Other
2846,exp,exp_name,leonard,Leonard,255755,255762,22,1229,16,M_2846,PROPN
2847,booknlp,COREF,311,I,255769,255770,22,1229,16,M_2847,Other
2848,booknlp,COREF,311,I,255792,255793,22,1229,16,M_2848,Other
2849,booknlp,COREF,311,He,255810,255812,22,1229,16,M_2849,Other
2850,booknlp,COREF,311,his,255848,255851,22,1229,16,M_2850,Other
2851,booknlp,COREF,311,him,255867,255870,22,1229,16,M_2851,Other
2852,pdnc,qID,Q1040-2,You,255889,255892,25,1229,16,M_2852,Other
2853,booknlp,COREF,311,my,255906,255908,22,1229,16,M_2853,Other
2854,booknlp,COREF,311,I,255941,255942,22,1229,16,M_2854,Other
2855,booknlp,COREF,311,I--,255957,255960,22,1229,16,M_2855,PROPN
2856,booknlp,COREF,311,He,255962,255964,22,1229,16,M_2856,Other
2857,booknlp,COREF,311,his,255970,255973,22,1229,16,M_2857,Other
2858,pdnc,qID,Q1041-0,you,256007,256010,25,1230,16,M_2858,Other
2859,exp,exp_name,mr. wilcox,Mr. Wilcox,256022,256032,17,1230,16,M_2859,PROPN
2860,exp,exp_name,margaret,Margaret,256045,256053,25,1230,16,M_2860,PROPN
2861,pdnc,qID,Q1041-1,him,256087,256090,22,1230,16,M_2861,Other
2862,pdnc,qID,Q1042-0,Helen,256107,256112,16,1231,16,M_2862,PROPN
2863,pdnc,qID,Q1042-0,him,256123,256126,22,1231,16,M_2863,Other
2864,pdnc,qID,Q1042-0,the noodle,256159,256169,22,1231,16,M_2864,Other
2865,exp,exp_name,helen,Helen,256184,256189,16,1232,16,M_2865,PROPN
2866,pdnc,qID,Q1043-1,she,256244,256247,16,1233,16,M_2866,Other
2867,booknlp,COREF,311,He,256273,256275,22,1235,16,M_2867,Other
2868,booknlp,COREF,311,I,256286,256287,22,1235,16,M_2868,Other
2869,booknlp,COREF,311,I,256314,256315,22,1235,16,M_2869,Other
2870,pdnc,qID,Q1044-0,you,256326,256329,25,1235,16,M_2870,Other
2871,booknlp,COREF,311,him,256343,256346,22,1235,16,M_2871,Other
2872,booknlp,COREF,311,I,256367,256368,22,1235,16,M_2872,Other
2873,pdnc,qID,Q1044-0,You,256387,256390,25,1235,16,M_2873,Other
2874,pdnc,qID,Q1044-0,Miss Schlegel,256406,256419,25,1235,16,M_2874,PROPN
2875,pdnc,qID,Q1044-0,You,256442,256445,25,1235,16,M_2875,Other
2876,booknlp,COREF,311,my,256455,256457,22,1235,16,M_2876,Other
2877,pdnc,qID,Q1044-0,him,256523,256526,22,1235,16,M_2877,Other
2878,exp,exp_name,margaret,Margaret,256545,256553,25,1236,16,M_2878,PROPN
2879,pdnc,qID,Q1046-0,him,256578,256581,22,1237,16,M_2879,Other
2880,booknlp,COREF,262,me,256630,256632,14,1237,16,M_2880,Other
2881,exp,exp_name,evie,Evie,256641,256645,14,1237,16,M_2881,PROPN
2882,booknlp,COREF,262,her,256672,256675,14,1238,16,M_2882,Other
2883,exp,exp_name,margaret,Margaret,256767,256775,25,1239,16,M_2883,PROPN
2884,pdnc,qID,Q1048-1,He,256798,256800,22,1239,16,M_2884,Other
2885,pdnc,qID,Q1048-1,him,256851,256854,22,1239,16,M_2885,Other
2886,pdnc,qID,Q1048-1,you,256892,256895,17,1239,16,M_2886,Other
2887,pdnc,qID,Q1050-0,you,257030,257033,25,1240,16,M_2887,Other
2888,exp,exp_name,margaret,Margaret,257063,257071,25,1241,16,M_2888,PROPN
2889,exp,exp_name,helen,Helen,257121,257126,16,1241,16,M_2889,PROPN
2890,pdnc,qID,Q1051-0,you,257132,257135,17,1241,16,M_2890,Other
2891,pdnc,qID,Q1051-0,your,257158,257162,17,1241,16,M_2891,Other
2892,pdnc,qID,Q1051-1,You,257182,257185,17,1241,16,M_2892,Other
2893,exp,exp_name,the porphyrion,the Porphyrion,257262,257276,54,1243,16,M_2893,PROPN
2894,pdnc,qID,Q1053-0,him,257286,257289,22,1243,16,M_2894,Other
2895,exp,exp_name,mr. wilcox,Mr. Wilcox,257304,257314,17,1244,16,M_2895,PROPN
2896,exp,exp_name,margaret,Margaret,257406,257414,25,1245,16,M_2896,PROPN
2897,pdnc,qID,Q1055-1,yours,257492,257497,17,1245,16,M_2897,Other
2898,pdnc,qID,Q1055-1,his,257502,257505,22,1245,16,M_2898,Other
2899,pdnc,qID,Q1056-0,his,257514,257517,22,1246,16,M_2899,Other
2900,pdnc,qID,Q1058-0,Miss Schlegel,257529,257542,25,1248,16,M_2900,PROPN
2901,pdnc,qID,Q1058-0,you,257544,257547,25,1248,16,M_2901,Other
2902,exp,exp_name,evie,Evie,257586,257590,14,1249,16,M_2902,PROPN
2903,pdnc,qID,Q1060-0,You,257619,257622,25,1250,16,M_2903,Other
2904,pdnc,qID,Q1060-0,you,257679,257682,25,1250,16,M_2904,Other
2905,pdnc,qID,Q1060-0,you,257763,257766,25,1250,16,M_2905,Other
2906,pdnc,qID,Q1060-0,You,257803,257806,25,1250,16,M_2906,Other
2907,pdnc,qID,Q1062-0,he,258010,258012,22,1252,16,M_2907,Other
2908,exp,exp_name,margaret,Margaret,258061,258069,25,1253,16,M_2908,PROPN
2909,exp,exp_name,mr. wilcox,Mr. Wilcox,258166,258176,17,1254,16,M_2909,PROPN
2910,pdnc,qID,Q1064-0,he,258225,258227,22,1255,16,M_2910,Other
2911,pdnc,qID,Q1064-0,you,258236,258239,25,1255,16,M_2911,Other
2912,pdnc,qID,Q1065-0,him,258279,258282,22,1256,16,M_2912,Other
2913,pdnc,qID,Q1066-0,you,258319,258322,25,1257,16,M_2913,Other
2914,pdnc,qID,Q1068-0,You,258559,258562,25,1259,16,M_2914,Other
2915,pdnc,qID,Q1068-0,Miss Schlegel,258589,258602,25,1259,16,M_2915,PROPN
2916,pdnc,qID,Q1068-0,Your,258604,258608,25,1259,16,M_2916,Other
2917,pdnc,qID,Q1069-0,him,258757,258760,22,1260,16,M_2917,Other
2918,pdnc,qID,Q1070-0,your,258778,258782,25,1261,16,M_2918,Other
2919,pdnc,qID,Q1070-0,you,258828,258831,25,1261,16,M_2919,Other
2920,pdnc,qID,Q1070-0,him,258837,258840,22,1261,16,M_2920,Other
2921,pdnc,qID,Q1071-0,he,258868,258870,22,1262,16,M_2921,Other
2922,pdnc,qID,Q1071-0,you,258909,258912,17,1262,16,M_2922,Other
2923,pdnc,qID,Q1071-0,you,258922,258925,17,1262,16,M_2923,Other
2924,pdnc,qID,Q1071-0,he,258952,258954,22,1262,16,M_2924,Other
2925,pdnc,qID,Q1071-0,he,258995,258997,22,1262,16,M_2925,Other
2926,pdnc,qID,Q1073-0,he,259153,259155,22,1264,16,M_2926,Other
2927,pdnc,qID,Q1073-0,His,259197,259200,22,1264,16,M_2927,Other
2928,pdnc,qID,Q1073-0,we,259261,259263,16,1264,16,M_2928,Other
2929,pdnc,qID,Q1073-0,him,259269,259272,22,1264,16,M_2929,Other
2930,pdnc,qID,Q1073-0,his,259285,259288,22,1264,16,M_2930,Other
2931,pdnc,qID,Q1073-0,We,259321,259323,16,1264,16,M_2931,Other
2932,pdnc,qID,Q1073-0,him,259337,259340,22,1264,16,M_2932,Other
2933,pdnc,qID,Q1073-0,he,259345,259347,22,1264,16,M_2933,Other
2934,exp,exp_name,mr. wilcox,Mr. Wilcox,259632,259642,17,1265,16,M_2934,PROPN
2935,pdnc,qID,Q1075-0,Your,259725,259729,25,1266,16,M_2935,Other
2936,pdnc,qID,Q1075-0,This young bounder,259780,259798,22,1266,16,M_2936,Other
2937,pdnc,qID,Q1075-0,his,259813,259816,22,1266,16,M_2937,Other
2938,pdnc,qID,Q1075-0,you,259838,259841,25,1266,16,M_2938,Other
2939,pdnc,qID,Q1075-0,you,259889,259892,25,1266,16,M_2939,Other
2940,pdnc,qID,Q1077-0,You,259938,259941,25,1268,16,M_2940,Other
2941,pdnc,qID,Q1077-0,him,259961,259964,22,1268,16,M_2941,Other
2942,pdnc,qID,Q1077-0,He,259966,259968,22,1268,16,M_2942,Other
2943,pdnc,qID,Q1077-0,his,259982,259985,22,1268,16,M_2943,Other
2944,pdnc,qID,Q1078-0,you,260114,260117,25,1268,16,M_2944,Other
2945,pdnc,qID,Q1078-0,you,260474,260477,25,1268,16,M_2945,Other
2946,pdnc,qID,Q1078-0,Miss Schlegel,260499,260512,25,1268,16,M_2946,PROPN
2947,pdnc,qID,Q1078-0,you,260574,260577,25,1268,16,M_2947,Other
2948,pdnc,qID,Q1078-0,you,260587,260590,25,1268,16,M_2948,Other
2949,pdnc,qID,Q1078-0,You,260610,260613,25,1268,16,M_2949,Other
2950,pdnc,qID,Q1078-0,your,260669,260673,25,1268,16,M_2950,Other
2951,pdnc,qID,Q1079-0,His wife,261009,261017,20,1270,16,M_2951,Other
2952,pdnc,qID,Q1079-1,He,261053,261055,22,1270,16,M_2952,Other
2953,pdnc,qID,Q1079-1,he,261100,261102,22,1270,16,M_2953,Other
2954,pdnc,qID,Q1079-1,she,261127,261130,20,1270,16,M_2954,Other
2955,pdnc,qID,Q1079-1,he,261139,261141,22,1270,16,M_2955,Other
2956,exp,exp_name,evie,Evie,261177,261181,14,1272,16,M_2956,PROPN
2957,pdnc,qID,Q1082-0,He,261193,261195,22,1272,16,M_2957,Other
2958,pdnc,qID,Q1082-0,you,261226,261229,17,1272,16,M_2958,Other
2959,pdnc,qID,Q1082-0,He,261239,261241,22,1272,16,M_2959,Other
2960,pdnc,qID,Q1083-0,Naughty young man,261270,261287,22,1273,16,M_2960,Other
2961,exp,exp_name,margaret,Margaret,261323,261331,25,1274,16,M_2961,PROPN
2962,pdnc,qID,Q1084-1,you,261376,261379,14,1274,16,M_2962,Other
2963,pdnc,qID,Q1084-1,Miss Wilcox,261391,261402,14,1274,16,M_2963,PROPN
2964,pdnc,qID,Q1084-1,you,261410,261413,14,1274,16,M_2964,Other
2965,pdnc,qID,Q1085-0,He,261441,261443,22,1275,16,M_2965,Other
2966,exp,exp_name,mr. wilcox,Mr. Wilcox,261477,261487,17,1275,16,M_2966,PROPN
2967,pdnc,qID,Q1086-0,father,261510,261516,17,1276,16,M_2967,PROPN
2968,pdnc,qID,Q1087-0,He,261521,261523,22,1277,16,M_2968,Other
2969,exp,exp_name,margaret,Margaret,261572,261580,25,1277,16,M_2969,PROPN
2970,pdnc,qID,Q1089-0,Miss Wilcox,261631,261642,14,1279,16,M_2970,PROPN
2971,pdnc,qID,Q1089-0,he,261644,261646,22,1279,16,M_2971,Other
2972,exp,exp_name,mr. wilcox,Mr. Wilcox,261673,261683,17,1280,16,M_2972,PROPN
2973,exp,exp_name,margaret,Margaret,261800,261808,25,1280,16,M_2973,PROPN
2974,pdnc,qID,Q1091-0,He,261849,261851,22,1281,16,M_2974,Other
2975,pdnc,qID,Q1091-0,he,261884,261886,22,1281,16,M_2975,Other
2976,pdnc,qID,Q1093-0,Miss Schlegel,262066,262079,25,1284,16,M_2976,PROPN
2977,pdnc,qID,Q1094-0,he,262131,262133,22,1285,16,M_2977,Other
2978,pdnc,qID,Q1094-0,He,262148,262150,22,1285,16,M_2978,Other
2979,pdnc,qID,Q1094-0,He,262183,262185,22,1285,16,M_2979,Other
2980,pdnc,qID,Q1094-0,He,262231,262233,22,1285,16,M_2980,Other
2981,pdnc,qID,Q1094-0,him,262297,262300,22,1285,16,M_2981,Other
2982,pdnc,qID,Q1094-0,him,262324,262327,22,1285,16,M_2982,Other
2983,pdnc,qID,Q1094-0,He,262373,262375,22,1285,16,M_2983,Other
2984,exp,exp_name,mr. wilcox,Mr. Wilcox,262438,262448,17,1286,16,M_2984,PROPN
2985,exp,exp_name,margaret,Margaret,262962,262970,25,1287,16,M_2985,PROPN
2986,exp,exp_name,mr. wilcox,Mr. Wilcox,263023,263033,17,1287,16,M_2986,PROPN
2987,pdnc,qID,Q1095-0,Miss Schlegel,263163,263176,25,1288,16,M_2987,PROPN
2988,pdnc,qID,Q1095-0,you,263178,263181,16,1288,16,M_2988,Other
2989,pdnc,qID,Q1095-0,you,263215,263218,16,1288,16,M_2989,Other
2990,pdnc,qID,Q1095-0,your brother,263280,263292,45,1288,16,M_2990,Other
2991,pdnc,qID,Q1097-0,he,263321,263323,45,1290,16,M_2991,Other
2992,pdnc,qID,Q1098-0,He,263345,263347,45,1291,16,M_2992,Other
2993,pdnc,qID,Q1099-0,He,263384,263386,45,1292,16,M_2993,Other
2994,pdnc,qID,Q1099-0,he,263408,263410,45,1292,16,M_2994,Other
2995,exp,exp_name,evie,Evie,263418,263422,14,1292,16,M_2995,PROPN
2996,exp,exp_name,tibby,Tibby,263449,263454,45,1292,16,M_2996,PROPN
2997,pdnc,qID,Q1100-0,Helen,263504,263509,16,1293,16,M_2997,PROPN
2998,pdnc,qID,Q1101-0,She,263522,263525,16,1294,16,M_2998,Other
2999,exp,exp_name,mr. wilcox,Mr. Wilcox,263579,263589,17,1294,16,M_2999,PROPN
3000,exp,exp_name,margaret,Margaret,263592,263600,25,1295,16,M_3000,PROPN
3001,exp,exp_name,mr. bast,Mr. Bast,263650,263658,22,1295,16,M_3001,PROPN
3002,pdnc,qID,Q1102-0,Helen,263697,263702,16,1296,16,M_3002,PROPN
3003,pdnc,qID,Q1104-0,You,263761,263764,16,1298,16,M_3003,Other
3004,pdnc,qID,Q1105-0,he,263783,263785,22,1299,16,M_3004,Other
3005,exp,exp_name,margaret,Margaret,263806,263814,25,1300,16,M_3005,PROPN
3006,pdnc,qID,Q1106-0,you,263834,263837,16,1300,16,M_3006,Other
3007,pdnc,qID,Q1107-0,Meg,263886,263889,25,1301,16,M_3007,PROPN
3008,pdnc,qID,Q1107-0,"Poor, poor creature",263891,263910,22,1301,16,M_3008,Other
3009,booknlp,COREF,313,me,263951,263953,22,1302,16,M_3009,Other
3010,pdnc,qID,Q1108-0,Mr. W,263961,263966,17,1302,16,M_3010,PROPN
3011,booknlp,COREF,313,I,264015,264016,22,1303,16,M_3011,Other
3012,pdnc,qID,Q1109-0,him,264037,264040,17,1303,16,M_3012,Other
3013,booknlp,COREF,313,I,264042,264043,22,1303,16,M_3013,Other
3014,pdnc,qID,Q1109-0,him,264049,264052,17,1303,16,M_3014,Other
3015,pdnc,qID,Q1109-0,Poor dear Mr. Bast,264054,264072,22,1303,16,M_3015,Other
3016,pdnc,qID,Q1109-0,he,264074,264076,22,1303,16,M_3016,Other
3017,booknlp,COREF,313,I,264190,264191,22,1303,16,M_3017,Other
3018,pdnc,qID,Q1109-0,him,264197,264200,22,1303,16,M_3018,Other
3019,exp,exp_name,margaret,Margaret,264238,264246,25,1304,16,M_3019,PROPN
3020,pdnc,qID,Q1110-1,him,264319,264322,22,1304,16,M_3020,Other
3021,exp,exp_name,helen,Helen,264373,264378,16,1305,16,M_3021,PROPN
3022,pdnc,qID,Q1111-0,He,264487,264489,22,1306,16,M_3022,Other
3023,exp,exp_name,mr. wilcox,Mr. Wilcox,264571,264581,17,1307,16,M_3023,PROPN
3024,pdnc,qID,Q1112-0,You,264933,264936,14,1308,16,M_3024,Other
3025,pdnc,qID,Q1112-0,you,264954,264957,14,1308,16,M_3025,Other
3026,pdnc,qID,Q1112-0,Evie,264959,264963,14,1308,16,M_3026,Other
3027,exp,exp_name,evie,Evie,264967,264971,14,1309,16,M_3027,PROPN
3028,pdnc,qID,Q1113-0,Helen,264982,264987,16,1309,16,M_3028,PROPN
3029,booknlp,COREF,262,I,265008,265009,14,1309,16,M_3029,Other
3030,pdnc,qID,Q1113-0,the toothy one,265022,265036,25,1309,16,M_3030,Other
3031,booknlp,COREF,262,I,265042,265043,14,1309,16,M_3031,Other
3032,exp,exp_name,evie,Evie,265090,265094,14,1310,16,M_3032,PROPN
3033,booknlp,COREF,262,she,265197,265200,14,1310,16,M_3033,Other
3034,booknlp,COREF,262,her,265296,265299,14,1310,16,M_3034,Other
3035,booknlp,COREF,262,she,265328,265331,14,1310,16,M_3035,Other
3036,booknlp,COREF,262,her,265387,265390,14,1310,16,M_3036,Other
3037,booknlp,COREF,262,she,265413,265416,14,1310,16,M_3037,Other
3038,exp,exp_name,percy cahill,Percy Cahill,265440,265452,28,1310,16,M_3038,PROPN
3039,exp,exp_name,mrs. charles,Mrs. Charles,265466,265478,11,1310,16,M_3039,PROPN
3040,booknlp,COREF,262,her,265506,265509,14,1310,16,M_3040,Other
3041,exp,exp_name,margaret,Margaret,265651,265659,25,1312,17,M_3041,PROPN
3042,exp,exp_name,helen,Helen,266449,266454,16,1313,17,M_3042,PROPN
3043,exp,exp_name,tibby,Tibby,266459,266464,45,1313,17,M_3043,PROPN
3044,exp,exp_name,margaret,Margaret,266486,266494,25,1313,17,M_3044,PROPN
3045,exp,exp_name,margaret,Margaret,267300,267308,25,1314,17,M_3045,PROPN
3046,exp,exp_name,mrs. munt,Mrs. Munt,267413,267422,6,1314,17,M_3046,PROPN
3047,exp,exp_name,margaret,Margaret,267760,267768,25,1314,17,M_3047,PROPN
3048,exp,exp_name,simpson,Simpson,268297,268304,36,1315,17,M_3048,PROPN
3049,exp,exp_name,miss wilcox,Miss Wilcox,268357,268368,14,1315,17,M_3049,PROPN
3050,exp,exp_name,cahill,Cahill,268400,268406,53,1315,17,M_3050,PROPN
3051,exp,exp_name,margaret,Margaret,268500,268508,25,1315,17,M_3051,PROPN
3052,exp,exp_name,evie,Evie,268534,268538,14,1315,17,M_3052,PROPN
3053,exp,exp_name,helen,Helen,268601,268606,16,1315,17,M_3053,PROPN
3054,exp,exp_name,simpson,Simpson,268639,268646,36,1315,17,M_3054,PROPN
3055,exp,exp_name,evie wilcox,Evie Wilcox,268745,268756,14,1315,17,M_3055,PROPN
3056,exp,exp_name,evie,Evie,268853,268857,14,1316,17,M_3056,PROPN
3057,exp,exp_name,miss wilcox,Miss Wilcox,268985,268996,14,1316,17,M_3057,PROPN
3058,booknlp,COREF,404,her,269027,269030,14,1316,17,M_3058,Other
3059,booknlp,COREF,404,Her,269043,269046,14,1316,17,M_3059,Other
3060,booknlp,COREF,404,her,269066,269069,14,1316,17,M_3060,Other
3061,booknlp,COREF,404,she,269097,269100,14,1316,17,M_3061,Other
3062,exp,exp_name,margaret,Margaret,269152,269160,25,1316,17,M_3062,PROPN
3063,exp,exp_name,evie,Evie,269333,269337,14,1316,17,M_3063,PROPN
3064,exp,exp_name,mr. cahill,Mr. Cahill,269342,269352,28,1316,17,M_3064,PROPN
3065,exp,exp_name,simpson,Simpson,269445,269452,36,1317,17,M_3065,PROPN
3066,pdnc,qID,Q1115-1,Evie,270089,270093,14,1318,17,M_3066,Other
3067,pdnc,qID,Q1115-1,her,270105,270108,14,1318,17,M_3067,Other
3068,pdnc,qID,Q1115-1,Evie,270193,270197,14,1318,17,M_3068,Other
3069,pdnc,qID,Q1115-1,you,270213,270216,14,1318,17,M_3069,Other
3070,booknlp,COREF,262,your,270232,270236,14,1318,17,M_3070,Other
3071,pdnc,qID,Q1115-1,you,270257,270260,14,1318,17,M_3071,Other
3072,pdnc,qID,Q1115-1,Miss Schlegel,270268,270281,25,1318,17,M_3072,PROPN
3073,pdnc,qID,Q1115-1,you,270330,270333,25,1318,17,M_3073,Other
3074,pdnc,qID,Q1115-1,your,270372,270376,25,1318,17,M_3074,Other
3075,exp,exp_name,margaret,Margaret,270418,270426,25,1319,17,M_3075,PROPN
3076,pdnc,qID,Q1117-0,you,270527,270530,25,1320,17,M_3076,Other
3077,exp,exp_name,simpson,Simpson,270629,270636,36,1322,17,M_3077,PROPN
3078,exp,exp_name,margaret,Margaret,270721,270729,25,1323,17,M_3078,PROPN
3079,exp,exp_name,leonard bast,Leonard Bast,270801,270813,22,1323,17,M_3079,PROPN
3080,pdnc,qID,Q1121-1,you,271028,271031,25,1324,17,M_3080,Other
3081,exp,exp_name,margaret,Margaret,271053,271061,25,1325,17,M_3081,PROPN
3082,exp,exp_name,mr. wilcox,Mr. Wilcox,271139,271149,17,1325,17,M_3082,PROPN
3083,exp,exp_name,mr. cahill,Mr. Cahill,271229,271239,28,1325,17,M_3083,PROPN
3084,exp,exp_name,evie,Evie,271318,271322,14,1325,17,M_3084,PROPN
3085,pdnc,qID,Q1126-0,you,271758,271761,17,1329,17,M_3085,Other
3086,pdnc,qID,Q1127-0,you,271975,271978,25,1330,17,M_3086,Other
3087,pdnc,qID,Q1127-0,your,272028,272032,25,1330,17,M_3087,Other
3088,pdnc,qID,Q1128-0,Mr. Wilcox,272114,272124,17,1331,17,M_3088,PROPN
3089,pdnc,qID,Q1128-0,you,272147,272150,17,1331,17,M_3089,Other
3090,pdnc,qID,Q1128-0,you,272160,272163,17,1331,17,M_3090,Other
3091,pdnc,qID,Q1130-0,you,272251,272254,17,1333,17,M_3091,Other
3092,pdnc,qID,Q1131-0,Evie,272368,272372,14,1334,17,M_3092,Other
3093,pdnc,qID,Q1131-0,Miss Schlegel,272387,272400,25,1334,17,M_3093,PROPN
3094,pdnc,qID,Q1131-0,her,272436,272439,25,1334,17,M_3094,Other
3095,pdnc,qID,Q1132-0,father,272457,272463,17,1335,17,M_3095,PROPN
3096,pdnc,qID,Q1134-0,Percy,272539,272544,28,1337,17,M_3096,PROPN
3097,pdnc,qID,Q1134-0,you,272549,272552,28,1337,17,M_3097,Other
3098,exp,exp_name,mr. cahill,Mr. Cahill,272598,272608,28,1338,17,M_3098,PROPN
3099,pdnc,qID,Q1136-0,you,272621,272624,28,1339,17,M_3099,Other
3100,pdnc,qID,Q1136-0,You,272626,272629,28,1339,17,M_3100,Other
3101,pdnc,qID,Q1137-0,her,272683,272686,14,1340,17,M_3101,Other
3102,pdnc,qID,Q1138-0,you,272723,272726,28,1341,17,M_3102,Other
3103,pdnc,qID,Q1138-0,Miss Schlegel,272735,272748,25,1341,17,M_3103,PROPN
3104,pdnc,qID,Q1138-0,he,272753,272755,28,1341,17,M_3104,Other
3105,exp,exp_name,margaret,Margaret,272817,272825,25,1342,17,M_3105,PROPN
3106,exp,exp_name,mr. wilcox,Mr. Wilcox,272990,273000,17,1342,17,M_3106,PROPN
3107,exp,exp_name,tom,Tom,273384,273387,46,1342,17,M_3107,PROPN
3108,exp,exp_name,mr. wilcox,Mr. Wilcox,273666,273676,17,1342,17,M_3108,PROPN
3109,pdnc,qID,Q1141-0,you,273760,273763,17,1344,17,M_3109,Other
3110,pdnc,qID,Q1141-1,you,273898,273901,17,1344,17,M_3110,Other
3111,pdnc,qID,Q1141-1,your,273910,273914,17,1344,17,M_3111,Other
3112,pdnc,qID,Q1141-1,you,273927,273930,17,1344,17,M_3112,Other
3113,pdnc,qID,Q1144-0,Helen,274148,274153,16,1348,17,M_3113,PROPN
3114,pdnc,qID,Q1144-0,she,274176,274179,16,1348,17,M_3114,Other
3115,exp,exp_name,the man,the man,274274,274281,40,1348,17,M_3115,PROPN
3116,pdnc,qID,Q1145-0,ye,274380,274382,25,1349,17,M_3116,Other
3117,pdnc,qID,Q1146-0,You,274421,274424,17,1350,17,M_3117,Other
3118,pdnc,qID,Q1147-0,Miss Schlegel,274534,274547,25,1351,17,M_3118,PROPN
3119,pdnc,qID,Q1147-0,you,274552,274555,25,1351,17,M_3119,Other
3120,pdnc,qID,Q1155-0,you,275101,275104,25,1359,17,M_3120,Other
3121,pdnc,qID,Q1155-0,your,275122,275126,25,1359,17,M_3121,Other
3122,pdnc,qID,Q1155-0,you,275137,275140,25,1359,17,M_3122,Other
3123,exp,exp_name,margaret,Margaret,275213,275221,25,1360,17,M_3123,PROPN
3124,pdnc,qID,Q1156-1,you,275376,275379,17,1360,17,M_3124,Other
3125,pdnc,qID,Q1158-0,Mr. Wilcox,275424,275434,17,1362,17,M_3125,PROPN
3126,pdnc,qID,Q1158-0,you,275436,275439,17,1362,17,M_3126,Other
3127,exp,exp_name,margaret,Margaret,275514,275522,25,1363,17,M_3127,PROPN
3128,pdnc,qID,Q1159-0,your,275586,275590,17,1364,17,M_3128,Other
3129,pdnc,qID,Q1160-0,you,275623,275626,25,1365,17,M_3129,Other
3130,pdnc,qID,Q1163-0,you,275733,275736,17,1368,17,M_3130,Other
3131,pdnc,qID,Q1164-0,you,275836,275839,25,1369,17,M_3131,Other
3132,pdnc,qID,Q1164-0,you,275855,275858,25,1369,17,M_3132,Other
3133,pdnc,qID,Q1164-0,your,275904,275908,25,1369,17,M_3133,Other
3134,pdnc,qID,Q1164-0,your,275928,275932,25,1369,17,M_3134,Other
3135,pdnc,qID,Q1166-1,you,276378,276381,25,1371,17,M_3135,Other
3136,pdnc,qID,Q1166-1,your office boy,276407,276422,22,1371,17,M_3136,Other
3137,pdnc,qID,Q1168-0,you,276546,276549,25,1373,17,M_3137,Other
3138,pdnc,qID,Q1168-0,he,276558,276560,22,1373,17,M_3138,Other
3139,pdnc,qID,Q1169-0,his,276583,276586,22,1374,17,M_3139,Other
3140,exp,exp_name,mr. wilcox,Mr. Wilcox,277139,277149,17,1375,17,M_3140,PROPN
3141,pdnc,qID,Q1170-1,you,277205,277208,25,1375,17,M_3141,Other
3142,exp,exp_name,margaret,Margaret,277268,277276,25,1376,17,M_3142,PROPN
3143,pdnc,qID,Q1171-0,You,277383,277386,25,1377,17,M_3143,Other
3144,pdnc,qID,Q1173-0,Your,277606,277610,25,1379,17,M_3144,Other
3145,pdnc,qID,Q1174-0,yours,277687,277692,17,1380,17,M_3145,Other
3146,pdnc,qID,Q1174-0,you,277738,277741,17,1380,17,M_3146,Other
3147,pdnc,qID,Q1174-0,your,277763,277767,17,1380,17,M_3147,Other
3148,pdnc,qID,Q1175-0,You,278030,278033,25,1381,17,M_3148,Other
3149,pdnc,qID,Q1175-0,you,278089,278092,25,1381,17,M_3149,Other
3150,exp,exp_name,margaret,Margaret,278137,278145,25,1382,17,M_3150,PROPN
3151,exp,exp_name,evie,Evie,278208,278212,14,1382,17,M_3151,PROPN
3152,exp,exp_name,helen,Helen,278622,278627,16,1382,17,M_3152,PROPN
3153,exp,exp_name,tibby,Tibby,278884,278889,45,1383,17,M_3153,PROPN
3154,exp,exp_name,aunt juley,Aunt Juley,279100,279110,6,1386,18,M_3154,PROPN
3155,booknlp,COREF,263,her,279151,279154,6,1386,18,M_3155,Other
3156,exp,exp_name,margaret,Margaret,279229,279237,25,1386,18,M_3156,PROPN
3157,exp,exp_name,mr. wilcox,Mr. Wilcox,279283,279293,17,1386,18,M_3157,PROPN
3158,exp,exp_name,evie,Evie,279353,279357,14,1386,18,M_3158,PROPN
3159,exp,exp_name,margaret,Margaret,279604,279612,25,1386,18,M_3159,PROPN
3160,exp,exp_name,simpson,Simpson,279945,279952,36,1387,18,M_3160,PROPN
3161,pdnc,qID,Q1176-0,You,280528,280531,25,1389,18,M_3161,Other
3162,exp,exp_name,helen,Helen,280846,280851,16,1391,18,M_3162,PROPN
3163,pdnc,qID,Q1180-0,you,281119,281122,25,1393,18,M_3163,Other
3164,pdnc,qID,Q1180-0,Margaret,281147,281155,25,1393,18,M_3164,PROPN
3165,exp,exp_name,tibby,Tibby,281219,281224,45,1395,18,M_3165,PROPN
3166,booknlp,COREF,259,his,281291,281294,45,1395,18,M_3166,Other
3167,exp,exp_name,helen,Helen,281434,281439,16,1396,18,M_3167,PROPN
3168,pdnc,qID,Q1184-1,Mr. Wilcox,281528,281538,17,1396,18,M_3168,PROPN
3169,pdnc,qID,Q1186-0,Meg,281717,281720,25,1398,18,M_3169,PROPN
3170,pdnc,qID,Q1186-0,you,281725,281728,25,1398,18,M_3170,Other
3171,pdnc,qID,Q1186-0,you,281793,281796,25,1398,18,M_3171,Other
3172,exp,exp_name,margaret,Margaret,281849,281857,25,1399,18,M_3172,PROPN
3173,pdnc,qID,Q1187-1,Tibby love,281974,281984,45,1399,18,M_3173,Other
3174,exp,exp_name,margaret,Margaret,282169,282177,25,1403,18,M_3174,PROPN
3175,exp,exp_name,helen,Helen,282394,282399,16,1404,18,M_3175,PROPN
3176,pdnc,qID,Q1191-0,father,282421,282427,13,1405,18,M_3176,PROPN
3177,pdnc,qID,Q1191-0,he,282439,282441,13,1405,18,M_3177,Other
3178,pdnc,qID,Q1191-0,he,282469,282471,13,1405,18,M_3178,Other
3179,pdnc,qID,Q1191-0,he,282482,282484,13,1405,18,M_3179,Other
3180,pdnc,qID,Q1191-0,his,282527,282530,13,1405,18,M_3180,Other
3181,pdnc,qID,Q1191-0,he,282577,282579,13,1405,18,M_3181,Other
3182,pdnc,qID,Q1191-0,he,282674,282676,13,1405,18,M_3182,Other
3183,pdnc,qID,Q1191-0,he,282694,282696,13,1405,18,M_3183,Other
3184,pdnc,qID,Q1192-0,Your father,282794,282805,13,1406,18,M_3184,Other
3185,exp,exp_name,mrs. munt,Mrs. Munt,282852,282861,6,1406,18,M_3185,PROPN
3186,pdnc,qID,Q1192-1,he,282923,282925,13,1406,18,M_3186,Other
3187,booknlp,COREF,264,I,283003,283004,6,1406,18,M_3187,Other
3188,pdnc,qID,Q1192-1,poor Emily,283017,283027,12,1406,18,M_3188,Other
3189,exp,exp_name,helen,Helen,283087,283092,16,1407,18,M_3189,PROPN
3190,pdnc,qID,Q1194-0,my dear,283208,283215,16,1408,18,M_3190,Other
3191,pdnc,qID,Q1194-0,You,283217,283220,16,1408,18,M_3191,Other
3192,pdnc,qID,Q1194-0,you,283259,283262,16,1408,18,M_3192,Other
3193,pdnc,qID,Q1194-0,Emily,283388,283393,12,1408,18,M_3193,Other
3194,pdnc,qID,Q1194-0,baby,283410,283414,25,1408,18,M_3194,Other
3195,pdnc,qID,Q1194-0,Margaret,283424,283432,25,1408,18,M_3195,PROPN
3196,booknlp,COREF,276,her,283508,283511,12,1408,18,M_3196,Other
3197,exp,exp_name,helen,Helen,283653,283658,16,1409,18,M_3197,PROPN
3198,exp,exp_name,the man,the man,283701,283708,40,1410,18,M_3198,PROPN
3199,pdnc,qID,Q1195-0,him,283830,283833,13,1410,18,M_3199,Other
3200,booknlp,COREF,259,yourself,283848,283856,45,1411,18,M_3200,Other
3201,exp,exp_name,tibby,Tibby,283864,283869,45,1411,18,M_3201,PROPN
3202,booknlp,COREF,259,I,283886,283887,45,1411,18,M_3202,Other
3203,pdnc,qID,Q1197-0,Helen,283916,283921,16,1412,18,M_3203,PROPN
3204,pdnc,qID,Q1198-0,she,283949,283952,16,1413,18,M_3204,Other
3205,exp,exp_name,helen,Helen,283968,283973,16,1413,18,M_3205,PROPN
3206,exp,exp_name,helen,Helen,283976,283981,16,1414,18,M_3206,PROPN
3207,exp,exp_name,margaret,Margaret,284031,284039,25,1414,18,M_3207,PROPN
3208,exp,exp_name,frieda,Frieda,284467,284473,15,1414,18,M_3208,PROPN
3209,exp,exp_name,frieda,Frieda,284475,284481,15,1414,18,M_3209,PROPN
3210,booknlp,COREF,287,her,284489,284492,15,1414,18,M_3210,Other
3211,exp,exp_name,mrs. munt,Mrs. Munt,284531,284540,6,1414,18,M_3211,PROPN
3212,exp,exp_name,frieda,Frieda,284591,284597,15,1414,18,M_3212,PROPN
3213,exp,exp_name,margaret,Margaret,284629,284637,25,1414,18,M_3213,PROPN
3214,exp,exp_name,mr. wilcox,Mr. Wilcox,284728,284738,17,1414,18,M_3214,PROPN
3215,exp,exp_name,margaret,Margaret,284892,284900,25,1414,18,M_3215,PROPN
3216,exp,exp_name,mr. wilcox,Mr. Wilcox,285292,285302,17,1415,18,M_3216,PROPN
3217,pdnc,qID,Q1199-0,you,285465,285468,17,1416,18,M_3217,Other
3218,pdnc,qID,Q1200-0,you,285595,285598,25,1417,18,M_3218,Other
3219,exp,exp_name,aunt juley,Aunt Juley,285808,285818,6,1420,18,M_3219,PROPN
3220,booknlp,COREF,263,her,285822,285825,6,1420,18,M_3220,Other
3221,pdnc,qID,Q1203-1,you,285904,285907,10,1421,18,M_3221,Other
3222,pdnc,qID,Q1203-1,Crane,285917,285922,10,1421,18,M_3222,Other
3223,pdnc,qID,Q1204-1,you,285990,285993,25,1422,18,M_3223,Other
3224,pdnc,qID,Q1204-1,my chauffeur,286004,286016,10,1422,18,M_3224,Other
3225,pdnc,qID,Q1204-1,Crane,286028,286033,10,1422,18,M_3225,Other
3226,pdnc,qID,Q1205-0,Crane,286050,286055,10,1423,18,M_3226,Other
3227,pdnc,qID,Q1205-0,Evie,286084,286088,14,1423,18,M_3227,Other
3228,pdnc,qID,Q1205-0,you,286107,286110,17,1423,18,M_3228,Other
3229,pdnc,qID,Q1206-0,Evie,286178,286182,14,1424,18,M_3229,Other
3230,pdnc,qID,Q1206-1,You,286214,286217,25,1424,18,M_3230,Other
3231,pdnc,qID,Q1206-1,her,286228,286231,14,1424,18,M_3231,Other
3232,pdnc,qID,Q1206-1,She,286233,286236,14,1424,18,M_3232,Other
3233,pdnc,qID,Q1206-1,Cahill,286253,286259,28,1424,18,M_3233,PROPN
3234,pdnc,qID,Q1206-1,you,286285,286288,25,1424,18,M_3234,Other
3235,pdnc,qID,Q1206-1,you,286423,286426,25,1424,18,M_3235,Other
3236,exp,exp_name,margaret,Margaret,286491,286499,25,1425,18,M_3236,PROPN
3237,pdnc,qID,Q1207-1,Helen,286610,286615,16,1425,18,M_3237,PROPN
3238,pdnc,qID,Q1207-1,Tibby,286620,286625,45,1425,18,M_3238,PROPN
3239,pdnc,qID,Q1207-1,Helen,286643,286648,16,1425,18,M_3239,PROPN
3240,pdnc,qID,Q1208-0,You,286659,286662,25,1426,18,M_3240,Other
3241,exp,exp_name,mr. wilcox,Mr. Wilcox,286723,286733,17,1428,18,M_3241,PROPN
3242,pdnc,qID,Q1210-1,you,286865,286868,25,1428,18,M_3242,Other
3243,pdnc,qID,Q1211-0,Helen,286927,286932,16,1429,18,M_3243,PROPN
3244,pdnc,qID,Q1212-0,Your sister,287128,287139,16,1430,18,M_3244,Other
3245,pdnc,qID,Q1212-0,her,287153,287156,16,1430,18,M_3245,Other
3246,pdnc,qID,Q1213-0,She,287173,287176,16,1431,18,M_3246,Other
3247,pdnc,qID,Q1213-0,my brother,287189,287199,45,1431,18,M_3247,Other
3248,pdnc,qID,Q1213-0,Mr. Wilcox,287252,287262,17,1431,18,M_3248,PROPN
3249,pdnc,qID,Q1213-0,you,287273,287276,17,1431,18,M_3249,Other
3250,pdnc,qID,Q1214-0,You,287281,287284,25,1432,18,M_3250,Other
3251,pdnc,qID,Q1214-0,you,287311,287314,25,1432,18,M_3251,Other
3252,exp,exp_name,margaret,Margaret,287352,287360,25,1433,18,M_3252,PROPN
3253,exp,exp_name,mr. wilcox,Mr. Wilcox,287680,287690,17,1433,18,M_3253,PROPN
3254,exp,exp_name,helen,Helen,288340,288345,16,1434,18,M_3254,PROPN
3255,pdnc,qID,Q1215-0,you,288649,288652,25,1435,18,M_3255,Other
3256,pdnc,qID,Q1217-0,you,288760,288763,25,1437,18,M_3256,Other
3257,pdnc,qID,Q1219-1,you,289036,289039,25,1439,18,M_3257,Other
3258,pdnc,qID,Q1219-1,you,289223,289226,25,1439,18,M_3258,Other
3259,exp,exp_name,margaret,Margaret,289264,289272,25,1440,18,M_3259,PROPN
3260,exp,exp_name,margaret,Margaret,289554,289562,25,1441,18,M_3260,PROPN
3261,exp,exp_name,crane,Crane,289902,289907,10,1441,18,M_3261,PROPN
3262,exp,exp_name,mr. wilcox,Mr. Wilcox,289980,289990,17,1441,18,M_3262,PROPN
3263,pdnc,qID,Q1222-1,Helen,290398,290403,16,1442,18,M_3263,PROPN
3264,pdnc,qID,Q1222-1,Tibby,290408,290413,45,1442,18,M_3264,PROPN
3265,pdnc,qID,Q1222-1,you,290424,290427,17,1442,18,M_3265,Other
3266,exp,exp_name,mr. wilcox,Mr. Wilcox,290579,290589,17,1444,18,M_3266,PROPN
3267,exp,exp_name,margaret,Margaret,290761,290769,25,1444,18,M_3267,PROPN
3268,exp,exp_name,margaret,Margaret,291066,291074,25,1444,18,M_3268,PROPN
3269,exp,exp_name,charles,Charles,291271,291278,8,1444,18,M_3269,PROPN
3270,exp,exp_name,margaret,Margaret,291548,291556,25,1448,18,M_3270,PROPN
3271,pdnc,qID,Q1227-0,You,291586,291589,25,1449,18,M_3271,Other
3272,pdnc,qID,Q1234-0,Mr. Wilcox,292116,292126,17,1456,18,M_3272,PROPN
3273,pdnc,qID,Q1234-0,you,292135,292138,17,1456,18,M_3273,Other
3274,exp,exp_name,mrs. wilcox,Mrs. Wilcox,292465,292476,32,1457,18,M_3274,PROPN
3275,exp,exp_name,margaret,Margaret,292549,292557,25,1457,18,M_3275,PROPN
3276,exp,exp_name,mr. wilcox,Mr. Wilcox,292567,292577,17,1457,18,M_3276,PROPN
3277,pdnc,qID,Q1235-0,Miss Schlegel,292762,292775,25,1459,18,M_3277,PROPN
3278,pdnc,qID,Q1236-0,you,292810,292813,25,1459,18,M_3278,Other
3279,exp,exp_name,margaret,Margaret,292902,292910,25,1460,18,M_3279,PROPN
3280,pdnc,qID,Q1238-0,Mr. Wilcox,292999,293009,17,1462,18,M_3280,PROPN
3281,pdnc,qID,Q1238-1,you,293108,293111,17,1462,18,M_3281,Other
3282,pdnc,qID,Q1239-0,Miss Schlegel,293157,293170,25,1463,18,M_3282,PROPN
3283,pdnc,qID,Q1239-0,Margaret,293172,293180,25,1463,18,M_3283,PROPN
3284,pdnc,qID,Q1239-0,you,293181,293184,25,1463,18,M_3284,Other
3285,exp,exp_name,margaret,Margaret,293233,293241,25,1464,18,M_3285,PROPN
3286,pdnc,qID,Q1241-0,you,293257,293260,25,1465,18,M_3286,Other
3287,exp,exp_name,margaret,Margaret,293632,293640,25,1466,18,M_3287,PROPN
3288,pdnc,qID,Q1242-0,You,293821,293824,25,1467,18,M_3288,Other
3289,pdnc,qID,Q1242-0,Miss Schlegel,293842,293855,25,1467,18,M_3289,PROPN
3290,pdnc,qID,Q1244-1,You,294282,294285,17,1470,18,M_3290,Other
3291,pdnc,qID,Q1245-0,you,294361,294364,25,1471,18,M_3291,Other
3292,pdnc,qID,Q1246-0,you,294388,294391,17,1472,18,M_3292,Other
3293,exp,exp_name,mr. wilcox,Mr. Wilcox,295755,295765,17,1479,18,M_3293,PROPN
3294,exp,exp_name,helen,Helen,296079,296084,16,1480,18,M_3294,PROPN
3295,exp,exp_name,mrs. wilcox,Mrs. Wilcox,296712,296723,32,1481,18,M_3295,PROPN
3296,exp,exp_name,margaret,Margaret,296795,296803,25,1481,18,M_3296,PROPN
3297,exp,exp_name,frieda,Frieda,298849,298855,15,1484,19,M_3297,PROPN
3298,booknlp,COREF,429,Frau Architect Liesecke,298870,298893,15,1484,19,M_3298,PROPN
3299,booknlp,COREF,287,her,298909,298912,15,1484,19,M_3299,Other
3300,booknlp,COREF,287,she,299007,299010,15,1484,19,M_3300,Other
3301,exp,exp_name,mrs. munt,Mrs. Munt,299110,299119,6,1484,19,M_3301,PROPN
3302,booknlp,COREF,287,her,299163,299166,15,1484,19,M_3302,Other
3303,exp,exp_name,mrs. munt,Mrs. Munt,299344,299353,6,1484,19,M_3303,PROPN
3304,pdnc,qID,Q1252-0,your,299422,299426,6,1485,19,M_3304,Other
3305,pdnc,qID,Q1253-0,Frau Liesecke,299493,299506,15,1486,19,M_3305,PROPN
3306,pdnc,qID,Q1254-0,MEESIS Munt,299705,299716,6,1487,19,M_3306,PROPN
3307,pdnc,qID,Q1254-0,you,299718,299721,6,1487,19,M_3307,Other
3308,booknlp,COREF,287,me,299735,299737,15,1487,19,M_3308,Other
3309,booknlp,COREF,287,my,299799,299801,15,1487,19,M_3309,Other
3310,pdnc,qID,Q1255-0,You,299846,299849,15,1487,19,M_3310,Other
3311,exp,exp_name,helen,Helen,299887,299892,16,1487,19,M_3311,PROPN
3312,pdnc,qID,Q1255-1,you,299905,299908,15,1487,19,M_3312,Other
3313,pdnc,qID,Q1255-1,you,299925,299928,15,1487,19,M_3313,Other
3314,pdnc,qID,Q1255-1,you,299942,299945,15,1487,19,M_3314,Other
3315,pdnc,qID,Q1255-1,you,299968,299971,15,1487,19,M_3315,Other
3316,pdnc,qID,Q1256-0,your,300012,300016,6,1488,19,M_3316,Other
3317,booknlp,COREF,287,I,300060,300061,15,1488,19,M_3317,Other
3318,exp,exp_name,mrs. munt,Mrs. Munt,300136,300145,6,1489,19,M_3318,PROPN
3319,exp,exp_name,frieda,Frieda,300277,300283,15,1490,19,M_3319,PROPN
3320,pdnc,qID,Q1259-1,Frau Liesecke,300543,300556,15,1491,19,M_3320,PROPN
3321,booknlp,COREF,264,I,300558,300559,6,1491,19,M_3321,Other
3322,pdnc,qID,Q1259-1,you,300571,300574,15,1491,19,M_3322,Other
3323,booknlp,COREF,264,I,300592,300593,6,1491,19,M_3323,Other
3324,pdnc,qID,Q1259-1,you,300605,300608,15,1491,19,M_3324,Other
3325,pdnc,qID,Q1260-0,Aunt Juley,300685,300695,6,1492,19,M_3325,PROPN
3326,pdnc,qID,Q1260-0,Meg,300714,300717,25,1492,19,M_3326,PROPN
3327,pdnc,qID,Q1261-0,dearest Margaret,300860,300876,25,1494,19,M_3327,Other
3328,booknlp,COREF,264,I,300878,300879,6,1494,19,M_3328,Other
3329,pdnc,qID,Q1261-0,she,300888,300891,25,1494,19,M_3329,Other
3330,booknlp,COREF,264,I,300919,300920,6,1495,19,M_3330,Other
3331,booknlp,COREF,264,I,300932,300933,6,1495,19,M_3331,Other
3332,pdnc,qID,Q1262-0,she,300952,300955,25,1495,19,M_3332,Other
3333,booknlp,COREF,264,I,300978,300979,6,1496,19,M_3333,Other
3334,pdnc,qID,Q1263-0,she,300985,300988,25,1496,19,M_3334,Other
3335,booknlp,COREF,264,I,301017,301018,6,1497,19,M_3335,Other
3336,booknlp,COREF,264,I.,301030,301032,6,1497,19,M_3336,Other
3337,exp,exp_name,frieda,Frieda,301079,301085,15,1498,19,M_3337,PROPN
3338,booknlp,COREF,264,I,301095,301096,6,1499,19,M_3338,Other
3339,pdnc,qID,Q1266-0,Mr. Wilcox,301126,301136,17,1499,19,M_3339,PROPN
3340,booknlp,COREF,264,himself,301147,301154,6,1499,19,M_3340,Other
3341,booknlp,COREF,264,I,301231,301232,6,1499,19,M_3341,Other
3342,pdnc,qID,Q1266-0,he,301249,301251,17,1499,19,M_3342,Other
3343,pdnc,qID,Q1266-0,Evie,301297,301301,14,1499,19,M_3343,Other
3344,pdnc,qID,Q1266-0,Evie,301335,301339,14,1499,19,M_3344,Other
3345,pdnc,qID,Q1268-0,You,301374,301377,15,1501,19,M_3345,Other
3346,pdnc,qID,Q1268-0,Miss Wilcox,301392,301403,14,1501,19,M_3346,PROPN
3347,pdnc,qID,Q1268-0,Frieda,301405,301411,15,1501,19,M_3347,Other
3348,pdnc,qID,Q1268-0,you,301438,301441,15,1501,19,M_3348,Other
3349,pdnc,qID,Q1269-0,that Paul,301464,301473,34,1502,19,M_3349,Other
3350,pdnc,qID,Q1271-0,that Charles,301493,301505,8,1504,19,M_3350,Other
3351,exp,exp_name,mrs. munt,Mrs. Munt,301513,301522,6,1504,19,M_3351,PROPN
3352,pdnc,qID,Q1271-1,Helen,301542,301547,16,1504,19,M_3352,PROPN
3353,pdnc,qID,Q1271-1,Helen,301549,301554,16,1504,19,M_3353,PROPN
3354,exp,exp_name,helen,Helen,301580,301585,16,1505,19,M_3354,PROPN
3355,pdnc,qID,Q1272-0,Meg,301596,301599,25,1505,19,M_3355,PROPN
3356,pdnc,qID,Q1273-0,Frau Liesecke,301703,301716,15,1506,19,M_3356,PROPN
3357,pdnc,qID,Q1273-0,my niece,301721,301729,25,1506,19,M_3357,Other
3358,pdnc,qID,Q1273-0,You,301739,301742,15,1506,19,M_3358,Other
3359,booknlp,COREF,264,I,301911,301912,6,1506,19,M_3359,Other
3360,exp,exp_name,frieda,Frieda,302004,302010,15,1507,19,M_3360,PROPN
3361,exp,exp_name,margaret,Margaret,302325,302333,25,1507,19,M_3361,PROPN
3362,exp,exp_name,tibby,Tibby,302492,302497,45,1507,19,M_3362,PROPN
3363,pdnc,qID,Q1274-0,You,302567,302570,15,1508,19,M_3363,Other
3364,exp,exp_name,helen,Helen,302587,302592,16,1508,19,M_3364,PROPN
3365,pdnc,qID,Q1274-1,your,302640,302644,15,1508,19,M_3365,Other
3366,pdnc,qID,Q1274-1,Charles,302789,302796,8,1508,19,M_3366,PROPN
3367,pdnc,qID,Q1274-1,Evie,302859,302863,14,1508,19,M_3367,Other
3368,pdnc,qID,Q1274-1,she,302887,302890,14,1508,19,M_3368,Other
3369,pdnc,qID,Q1274-1,Paul,302975,302979,34,1508,19,M_3369,PROPN
3370,pdnc,qID,Q1274-1,you,303094,303097,6,1508,19,M_3370,Other
3371,pdnc,qID,Q1274-1,Aunt Juley,303108,303118,6,1508,19,M_3371,PROPN
3372,booknlp,COREF,264,I,303123,303124,6,1509,19,M_3372,Other
3373,exp,exp_name,mrs. munt,Mrs. Munt,303172,303181,6,1509,19,M_3373,PROPN
3374,booknlp,COREF,264,I,303209,303210,6,1509,19,M_3374,Other
3375,pdnc,qID,Q1275-1,Charles Wilcox,303253,303267,8,1509,19,M_3375,PROPN
3376,pdnc,qID,Q1275-1,his,303279,303282,8,1509,19,M_3376,Other
3377,booknlp,COREF,264,I,303314,303315,6,1509,19,M_3377,Other
3378,booknlp,COREF,264,I,303338,303339,6,1509,19,M_3378,Other
3379,pdnc,qID,Q1275-1,your,303370,303374,16,1509,19,M_3379,Other
3380,booknlp,COREF,264,I.,303398,303400,6,1510,19,M_3380,Other
3381,booknlp,COREF,264,you,303506,303509,6,1510,19,M_3381,Other
3382,pdnc,qID,Q1276-0,Frieda,303515,303521,15,1510,19,M_3382,Other
3383,pdnc,qID,Q1276-0,Meg,303527,303530,25,1510,19,M_3383,PROPN
3384,pdnc,qID,Q1276-0,Mrs. Wilcox,303536,303547,32,1510,19,M_3384,PROPN
3385,pdnc,qID,Q1276-0,Paul,303599,303603,34,1510,19,M_3385,PROPN
3386,pdnc,qID,Q1277-0,You,303608,303611,16,1511,19,M_3386,Other
3387,exp,exp_name,frieda,Frieda,303627,303633,15,1511,19,M_3387,PROPN
3388,exp,exp_name,helen,Helen,303649,303654,16,1512,19,M_3388,PROPN
3389,exp,exp_name,helen,Helen,303871,303876,16,1514,19,M_3389,PROPN
3390,exp,exp_name,frieda,Frieda,303995,304001,15,1514,19,M_3390,PROPN
3391,booknlp,COREF,287,she,304036,304039,15,1514,19,M_3391,Other
3392,exp,exp_name,aunt juley,Aunt Juley,304569,304579,6,1515,19,M_3392,PROPN
3393,booknlp,COREF,263,I,304662,304663,6,1515,19,M_3393,Other
3394,pdnc,qID,Q1280-1,you,304675,304678,15,1515,19,M_3394,Other
3395,booknlp,COREF,263,I,304710,304711,6,1515,19,M_3395,Other
3396,exp,exp_name,margaret,Margaret,304781,304789,25,1516,19,M_3396,PROPN
3397,exp,exp_name,tibby,Tibby,304794,304799,45,1516,19,M_3397,PROPN
3398,booknlp,COREF,263,you,304951,304954,6,1517,19,M_3398,Other
3399,booknlp,COREF,263,she,304997,305000,6,1517,19,M_3399,Other
3400,exp,exp_name,helen,Helen,305023,305028,16,1518,19,M_3400,PROPN
3401,booknlp,COREF,263,her,305046,305049,6,1518,19,M_3401,Other
3402,pdnc,qID,Q1281-0,you,305162,305165,25,1519,19,M_3402,Other
3403,exp,exp_name,margaret,Margaret,305183,305191,25,1520,19,M_3403,PROPN
3404,exp,exp_name,tibby,Tibby,305320,305325,45,1524,19,M_3404,PROPN
3405,exp,exp_name,margaret,Margaret,305366,305374,25,1525,19,M_3405,PROPN
3406,exp,exp_name,mr. wilcox,Mr. Wilcox,305455,305465,17,1525,19,M_3406,PROPN
3407,exp,exp_name,helen,Helen,305468,305473,16,1526,19,M_3407,PROPN
3408,exp,exp_name,margaret,Margaret,305708,305716,25,1527,19,M_3408,PROPN
3409,pdnc,qID,Q1287-0,Meg,305783,305786,25,1528,19,M_3409,PROPN
3410,pdnc,qID,Q1287-0,you,305812,305815,25,1528,19,M_3410,Other
3411,exp,exp_name,margaret,Margaret,305843,305851,25,1529,19,M_3411,PROPN
3412,pdnc,qID,Q1289-0,you,305878,305881,25,1530,19,M_3412,Other
3413,pdnc,qID,Q1289-0,you,305904,305907,25,1530,19,M_3413,Other
3414,pdnc,qID,Q1290-0,Tibby,305950,305955,45,1530,19,M_3414,PROPN
3415,pdnc,qID,Q1290-0,Aunt Juley,306012,306022,6,1530,19,M_3415,PROPN
3416,pdnc,qID,Q1290-0,Aunt Juley,306031,306041,6,1530,19,M_3416,PROPN
3417,pdnc,qID,Q1290-0,you,306062,306065,6,1530,19,M_3417,Other
3418,pdnc,qID,Q1290-0,Frieda,306071,306077,15,1530,19,M_3418,Other
3419,exp,exp_name,margaret,Margaret,306202,306210,25,1531,19,M_3419,PROPN
3420,exp,exp_name,helen,Helen,306336,306341,16,1532,19,M_3420,PROPN
3421,pdnc,qID,Q1292-1,Meg,306358,306361,25,1532,19,M_3421,PROPN
3422,exp,exp_name,margaret,Margaret,306418,306426,25,1532,19,M_3422,PROPN
3423,pdnc,qID,Q1293-0,you,306570,306573,25,1533,19,M_3423,Other
3424,pdnc,qID,Q1294-0,you,306615,306618,16,1534,19,M_3424,Other
3425,exp,exp_name,helen,Helen,306657,306662,16,1535,19,M_3425,PROPN
3426,exp,exp_name,margaret,Margaret,306679,306687,25,1536,19,M_3426,PROPN
3427,pdnc,qID,Q1296-0,Helen,306698,306703,16,1536,19,M_3427,PROPN
3428,pdnc,qID,Q1296-0,her,306790,306793,16,1536,19,M_3428,Other
3429,pdnc,qID,Q1297-0,you,306867,306870,16,1536,19,M_3429,Other
3430,exp,exp_name,helen,Helen,306912,306917,16,1537,19,M_3430,PROPN
3431,pdnc,qID,Q1299-0,you,307050,307053,16,1538,19,M_3431,Other
3432,exp,exp_name,margaret,Margaret,307063,307071,25,1538,19,M_3432,PROPN
3433,exp,exp_name,helen,Helen,307254,307259,16,1538,19,M_3433,PROPN
3434,exp,exp_name,margaret,Margaret,307327,307335,25,1539,19,M_3434,PROPN
3435,exp,exp_name,helen,Helen,307389,307394,16,1539,19,M_3435,PROPN
3436,pdnc,qID,Q1303-0,you,307493,307496,25,1541,19,M_3436,Other
3437,pdnc,qID,Q1307-0,Helen,307627,307632,16,1544,19,M_3437,PROPN
3438,pdnc,qID,Q1307-0,your,307681,307685,16,1544,19,M_3438,Other
3439,pdnc,qID,Q1307-0,Mrs. Bast,307741,307750,20,1544,19,M_3439,PROPN
3440,pdnc,qID,Q1307-0,Mr. Bast,307771,307779,22,1544,19,M_3440,PROPN
3441,exp,exp_name,helen,Helen,307783,307788,16,1545,19,M_3441,PROPN
3442,pdnc,qID,Q1310-0,you,308021,308024,16,1548,19,M_3442,Other
3443,pdnc,qID,Q1310-0,Mr. Bast,308115,308123,22,1548,19,M_3443,PROPN
3444,pdnc,qID,Q1310-0,his,308145,308148,22,1548,19,M_3444,Other
3445,booknlp,COREF,313,him,308173,308176,22,1548,19,M_3445,Other
3446,pdnc,qID,Q1310-0,Mr. Wilcox,308182,308192,17,1548,19,M_3446,PROPN
3447,pdnc,qID,Q1310-0,You,308319,308322,16,1548,19,M_3447,Other
3448,pdnc,qID,Q1310-0,Mr. Wilcox ,308607,308618,17,1548,19,M_3448,PROPN
3449,pdnc,qID,Q1311-0,you,308648,308651,25,1549,19,M_3449,Other
3450,pdnc,qID,Q1311-0,him,308657,308660,17,1549,19,M_3450,Other
3451,exp,exp_name,margaret,Margaret,308664,308672,25,1550,19,M_3451,PROPN
3452,pdnc,qID,Q1312-1,him,308829,308832,17,1550,19,M_3452,Other
3453,pdnc,qID,Q1313-0,him,308879,308882,17,1551,19,M_3453,Other
3454,exp,exp_name,margaret,Margaret,308886,308894,25,1552,19,M_3454,PROPN
3455,exp,exp_name,helen,Helen,309044,309049,16,1552,19,M_3455,PROPN
3456,pdnc,qID,Q1315-0,you,309203,309206,25,1553,19,M_3456,Other
3457,exp,exp_name,margaret,Margaret,309227,309235,25,1554,19,M_3457,PROPN
3458,pdnc,qID,Q1316-1,he,309290,309292,17,1554,19,M_3458,Other
3459,pdnc,qID,Q1317-0,him,309335,309338,17,1555,19,M_3459,Other
3460,pdnc,qID,Q1318-0,him,309410,309413,17,1556,19,M_3460,Other
3461,pdnc,qID,Q1318-0,Helen,309415,309420,16,1556,19,M_3461,PROPN
3462,pdnc,qID,Q1318-0,You,309422,309425,16,1556,19,M_3462,Other
3463,exp,exp_name,helen,Helen,309446,309451,16,1557,19,M_3463,PROPN
3464,pdnc,qID,Q1319-0,Paul,309501,309505,34,1557,19,M_3464,PROPN
3465,pdnc,qID,Q1320-0,Mr. Wilcox,309541,309551,17,1558,19,M_3465,PROPN
3466,pdnc,qID,Q1320-0,Paul,309563,309567,34,1558,19,M_3466,PROPN
3467,pdnc,qID,Q1321-0,he,309576,309578,17,1559,19,M_3467,Other
3468,pdnc,qID,Q1321-0,Paul,309667,309671,34,1559,19,M_3468,PROPN
3469,exp,exp_name,the man,the man,309688,309695,40,1559,19,M_3469,PROPN
3470,pdnc,qID,Q1321-0,his,309728,309731,34,1559,19,M_3470,Other
3471,pdnc,qID,Q1322-0,we,310124,310126,25,1561,19,M_3471,Other
3472,pdnc,qID,Q1322-0,yours,310224,310229,16,1561,19,M_3472,Other
3473,pdnc,qID,Q1322-0,Yours,310231,310236,16,1561,19,M_3473,Other
3474,pdnc,qID,Q1322-0,Mr. Wilcox,310386,310396,17,1561,19,M_3474,PROPN
3475,pdnc,qID,Q1322-0,He,310407,310409,17,1561,19,M_3475,Other
3476,pdnc,qID,Q1322-0,He,310431,310433,17,1561,19,M_3476,Other
3477,pdnc,qID,Q1322-0,His,310491,310494,17,1561,19,M_3477,Other
3478,pdnc,qID,Q1323-0,he,310618,310620,17,1561,19,M_3478,Other
3479,pdnc,qID,Q1323-0,you,310667,310670,16,1561,19,M_3479,Other
3480,exp,exp_name,helen,Helen,310697,310702,16,1562,19,M_3480,PROPN
3481,pdnc,qID,Q1324-1,You,310739,310742,25,1562,19,M_3481,Other
3482,exp,exp_name,margaret,Margaret,310758,310766,25,1563,19,M_3482,PROPN
3483,pdnc,qID,Q1325-0,him,310815,310818,17,1564,19,M_3483,Other
3484,pdnc,qID,Q1325-0,he,310919,310921,17,1564,19,M_3484,Other
3485,pdnc,qID,Q1326-0,him,311522,311525,17,1566,19,M_3485,Other
3486,pdnc,qID,Q1326-1,him,311573,311576,17,1566,19,M_3486,Other
3487,pdnc,qID,Q1326-1,he,311606,311608,17,1566,19,M_3487,Other
3488,pdnc,qID,Q1326-1,He,311650,311652,17,1566,19,M_3488,Other
3489,pdnc,qID,Q1326-1,you,311690,311693,16,1566,19,M_3489,Other
3490,pdnc,qID,Q1326-2,you,311868,311871,16,1566,19,M_3490,Other
3491,pdnc,qID,Q1327-0,Paul,312292,312296,34,1567,19,M_3491,PROPN
3492,exp,exp_name,margaret,Margaret,312322,312330,25,1568,19,M_3492,PROPN
3493,exp,exp_name,helen,Helen,312594,312599,16,1571,19,M_3493,PROPN
3494,exp,exp_name,margaret,Margaret,313595,313603,25,1573,20,M_3494,PROPN
3495,exp,exp_name,margaret,Margaret,315061,315069,25,1574,20,M_3495,PROPN
3496,exp,exp_name,mr. wilcox,Mr. Wilcox,315350,315360,17,1574,20,M_3496,PROPN
3497,exp,exp_name,henry,Henry,315390,315395,17,1574,20,M_3497,PROPN
3498,exp,exp_name,henry,Henry,315397,315402,17,1574,20,M_3498,PROPN
3499,booknlp,COREF,355,him,315695,315698,17,1575,20,M_3499,Other
3500,booknlp,COREF,355,He,315701,315703,17,1576,20,M_3500,Other
3501,exp,exp_name,aunt juley,Aunt Juley,315828,315838,6,1577,20,M_3501,PROPN
3502,exp,exp_name,henry,Henry,315840,315845,17,1577,20,M_3502,PROPN
3503,booknlp,COREF,355,he,315915,315917,17,1577,20,M_3503,Other
3504,booknlp,COREF,355,he,315994,315996,17,1577,20,M_3504,Other
3505,exp,exp_name,margaret,Margaret,316003,316011,25,1577,20,M_3505,PROPN
3506,exp,exp_name,mr. wilcox,Mr. Wilcox,316341,316351,17,1577,20,M_3506,PROPN
3507,pdnc,qID,Q1332-0,you,316436,316439,17,1578,20,M_3507,Other
3508,booknlp,COREF,355,he,316511,316513,17,1579,20,M_3508,Other
3509,pdnc,qID,Q1333-1,you,316535,316538,25,1579,20,M_3509,Other
3510,pdnc,qID,Q1333-1,your sister,316543,316554,16,1579,20,M_3510,Other
3511,pdnc,qID,Q1334-0,you,316654,316657,17,1580,20,M_3511,Other
3512,booknlp,COREF,355,I,316662,316663,17,1581,20,M_3512,Other
3513,booknlp,COREF,355,I,316687,316688,17,1581,20,M_3513,Other
3514,pdnc,qID,Q1336-1,you,316753,316756,17,1582,20,M_3514,Other
3515,pdnc,qID,Q1336-1,Henry,316820,316825,17,1582,20,M_3515,PROPN
3516,exp,exp_name,henry,Henry,316842,316847,17,1583,20,M_3516,PROPN
3517,booknlp,COREF,355,he,316885,316887,17,1583,20,M_3517,Other
3518,booknlp,COREF,355,his,316913,316916,17,1583,20,M_3518,Other
3519,booknlp,COREF,355,he,316957,316959,17,1583,20,M_3519,Other
3520,booknlp,COREF,355,He,316985,316987,17,1583,20,M_3520,Other
3521,booknlp,COREF,355,him,317110,317113,17,1583,20,M_3521,Other
3522,pdnc,qID,Q1337-1,you,317163,317166,17,1584,20,M_3522,Other
3523,pdnc,qID,Q1340-0,you,317587,317590,25,1587,20,M_3523,Other
3524,pdnc,qID,Q1341-0,Tibby,317766,317771,45,1588,20,M_3524,PROPN
3525,pdnc,qID,Q1342-0,your brother,317781,317793,45,1589,20,M_3525,Other
3526,pdnc,qID,Q1347-0,Henry,317987,317992,17,1594,20,M_3526,PROPN
3527,pdnc,qID,Q1347-0,Tibby,317994,317999,45,1594,20,M_3527,PROPN
3528,pdnc,qID,Q1348-0,him,318098,318101,45,1595,20,M_3528,Other
3529,pdnc,qID,Q1355-0,you,318455,318458,17,1602,20,M_3529,Other
3530,pdnc,qID,Q1355-0,Helen,318470,318475,16,1602,20,M_3530,PROPN
3531,pdnc,qID,Q1355-0,our,318525,318528,25,1602,20,M_3531,Other
3532,pdnc,qID,Q1356-0,you,318595,318598,25,1603,20,M_3532,Other
3533,pdnc,qID,Q1357-0,You,318659,318662,17,1604,20,M_3533,Other
3534,pdnc,qID,Q1357-0,Helen,318698,318703,16,1604,20,M_3534,PROPN
3535,pdnc,qID,Q1359-0,you,318741,318744,17,1606,20,M_3535,Other
3536,pdnc,qID,Q1360-0,Your sister,318795,318806,16,1607,20,M_3536,Other
3537,pdnc,qID,Q1360-1,You,318934,318937,25,1607,20,M_3537,Other
3538,pdnc,qID,Q1360-1,Evie,318948,318952,14,1607,20,M_3538,Other
3539,pdnc,qID,Q1360-1,Percy Cahill,318971,318983,28,1607,20,M_3539,PROPN
3540,pdnc,qID,Q1361-0,Dolly s uncle,318988,319001,28,1608,20,M_3540,Other
3541,pdnc,qID,Q1362-0,The girl,319015,319023,14,1609,20,M_3541,Other
3542,pdnc,qID,Q1362-0,him,319045,319048,28,1609,20,M_3542,Other
3543,pdnc,qID,Q1362-0,he,319082,319084,28,1609,20,M_3543,Other
3544,pdnc,qID,Q1362-0,her,319133,319136,14,1609,20,M_3544,Other
3545,pdnc,qID,Q1362-0,you,319162,319165,25,1609,20,M_3545,Other
3546,pdnc,qID,Q1362-0,Charles,319202,319209,8,1609,20,M_3546,PROPN
3547,pdnc,qID,Q1362-0,Charles,319240,319247,8,1609,20,M_3547,PROPN
3548,pdnc,qID,Q1362-0,You,319271,319274,25,1609,20,M_3548,Other
3549,pdnc,qID,Q1362-0,he,319280,319282,8,1609,20,M_3549,Other
3550,pdnc,qID,Q1363-0,Poor fellow,319420,319431,8,1610,20,M_3550,Other
3551,exp,exp_name,margaret,Margaret,319443,319451,25,1610,20,M_3551,PROPN
3552,pdnc,qID,Q1364-0,Charles,319498,319505,8,1611,20,M_3552,PROPN
3553,pdnc,qID,Q1364-0,Charles,319536,319543,8,1611,20,M_3553,PROPN
3554,pdnc,qID,Q1365-1,you,319693,319696,17,1612,20,M_3554,Other
3555,pdnc,qID,Q1366-0,you,319808,319811,25,1613,20,M_3555,Other
3556,pdnc,qID,Q1366-0,you,319874,319877,25,1613,20,M_3556,Other
3557,pdnc,qID,Q1368-0,Charles,320049,320056,8,1615,20,M_3557,PROPN
3558,pdnc,qID,Q1369-0,you,320095,320098,17,1616,20,M_3558,Other
3559,pdnc,qID,Q1371-0,you,320130,320133,17,1618,20,M_3559,Other
3560,pdnc,qID,Q1373-0,you,320210,320213,17,1620,20,M_3560,Other
3561,pdnc,qID,Q1373-0,you,320250,320253,17,1620,20,M_3561,Other
3562,pdnc,qID,Q1373-0,Charles,320263,320270,8,1620,20,M_3562,PROPN
3563,pdnc,qID,Q1374-0,you,320332,320335,25,1621,20,M_3563,Other
3564,pdnc,qID,Q1375-0,you,320466,320469,17,1622,20,M_3564,Other
3565,pdnc,qID,Q1375-0,you,320497,320500,17,1622,20,M_3565,Other
3566,pdnc,qID,Q1378-0,your,320660,320664,17,1624,20,M_3566,Other
3567,pdnc,qID,Q1378-0,you,320709,320712,17,1624,20,M_3567,Other
3568,pdnc,qID,Q1378-0,Evie,320721,320725,14,1624,20,M_3568,Other
3569,pdnc,qID,Q1378-0,Charles,320739,320746,8,1624,20,M_3569,PROPN
3570,pdnc,qID,Q1378-0,Paul,320760,320764,34,1624,20,M_3570,PROPN
3571,pdnc,qID,Q1379-0,my dear,320782,320789,25,1625,20,M_3571,Other
3572,pdnc,qID,Q1379-0,you,320827,320830,25,1625,20,M_3572,Other
3573,pdnc,qID,Q1379-0,you,320866,320869,25,1625,20,M_3573,Other
3574,pdnc,qID,Q1379-0,you,320935,320938,25,1625,20,M_3574,Other
3575,exp,exp_name,margaret,Margaret,321037,321045,25,1626,20,M_3575,PROPN
3576,pdnc,qID,Q1380-1,you,321114,321117,17,1626,20,M_3576,Other
3577,pdnc,qID,Q1382-0,Helen,321292,321297,16,1628,20,M_3577,PROPN
3578,pdnc,qID,Q1382-1,Helen,321344,321349,16,1628,20,M_3578,PROPN
3579,pdnc,qID,Q1382-1,she,321398,321401,16,1628,20,M_3579,Other
3580,pdnc,qID,Q1382-1,her,321501,321504,16,1628,20,M_3580,Other
3581,pdnc,qID,Q1382-1,She,321544,321547,16,1628,20,M_3581,Other
3582,pdnc,qID,Q1382-1,her,321675,321678,16,1628,20,M_3582,Other
3583,pdnc,qID,Q1382-1,Helen,321692,321697,16,1628,20,M_3583,PROPN
3584,pdnc,qID,Q1382-1,her,321735,321738,16,1628,20,M_3584,Other
3585,exp,exp_name,mr. wilcox,Mr. Wilcox,322128,322138,17,1631,20,M_3585,PROPN
3586,pdnc,qID,Q1386-0,Evie,322465,322469,14,1632,20,M_3586,Other
3587,pdnc,qID,Q1387-0,Henry,322584,322589,17,1633,20,M_3587,PROPN
3588,pdnc,qID,Q1389-0,Helen,322812,322817,16,1635,20,M_3588,PROPN
3589,pdnc,qID,Q1389-0,Tibby,322822,322827,45,1635,20,M_3589,PROPN
3590,pdnc,qID,Q1390-0,you,323073,323076,25,1636,20,M_3590,Other
3591,pdnc,qID,Q1390-0,Margaret,323135,323143,25,1636,20,M_3591,PROPN
3592,exp,exp_name,bryce,Bryce,323189,323194,52,1636,20,M_3592,PROPN
3593,pdnc,qID,Q1390-0,You,323322,323325,25,1636,20,M_3593,Other
3594,exp,exp_name,margaret,Margaret,323502,323510,25,1637,20,M_3594,PROPN
3595,exp,exp_name,henry,Henry,323801,323806,17,1637,20,M_3595,PROPN
3596,booknlp,COREF,355,he,323829,323831,17,1637,20,M_3596,Other
3597,booknlp,COREF,355,he,323858,323860,17,1637,20,M_3597,Other
3598,booknlp,COREF,355,he,323874,323876,17,1637,20,M_3598,Other
3599,booknlp,COREF,355,he,323959,323961,17,1637,20,M_3599,Other
3600,exp,exp_name,margaret,Margaret,324315,324323,25,1637,20,M_3600,PROPN
3601,exp,exp_name,mr. wilcox,Mr. Wilcox,325145,325155,17,1644,20,M_3601,PROPN
3602,pdnc,qID,Q1397-0,your aunt,325628,325637,6,1646,20,M_3602,Other
3603,pdnc,qID,Q1397-0,you,325642,325645,25,1646,20,M_3603,Other
3604,pdnc,qID,Q1398-0,You,325759,325762,17,1647,20,M_3604,Other
3605,pdnc,qID,Q1399-0,my dear,325893,325900,25,1648,20,M_3605,Other
3606,pdnc,qID,Q1399-0,you,325920,325923,25,1648,20,M_3606,Other
3607,pdnc,qID,Q1401-0,Margaret,326045,326053,25,1650,20,M_3607,PROPN
3608,exp,exp_name,margaret,Margaret,326130,326138,25,1651,20,M_3608,PROPN
3609,exp,exp_name,aunt juley,Aunt Juley,326887,326897,6,1653,20,M_3609,PROPN
3610,exp,exp_name,mr. wilcox,Mr. Wilcox,326977,326987,17,1653,20,M_3610,PROPN
3611,pdnc,qID,Q1402-0,Margaret,327013,327021,25,1653,20,M_3611,PROPN
3612,exp,exp_name,helen,Helen,327798,327803,16,1654,20,M_3612,PROPN
3613,exp,exp_name,paul,Paul,327808,327812,34,1654,20,M_3613,PROPN
3614,exp,exp_name,charles,Charles,327830,327837,8,1656,21,M_3614,PROPN
3615,exp,exp_name,dolly,Dolly,327865,327870,11,1656,21,M_3615,PROPN
3616,pdnc,qID,Q1403-0,You,328032,328035,8,1657,21,M_3616,Other
3617,pdnc,qID,Q1403-0,you,328062,328065,8,1657,21,M_3617,Other
3618,pdnc,qID,Q1403-0,Uncle Percy,328141,328152,28,1657,21,M_3618,PROPN
3619,pdnc,qID,Q1404-0,him,328216,328219,28,1658,21,M_3619,Other
3620,pdnc,qID,Q1404-0,my sister,328248,328257,14,1658,21,M_3620,Other
3621,pdnc,qID,Q1404-0,him,328271,328274,28,1658,21,M_3621,Other
3622,pdnc,qID,Q1405-0,Charles,328325,328332,8,1659,21,M_3622,PROPN
3623,pdnc,qID,Q1406-0,Miss Schlegel,328444,328457,25,1660,21,M_3623,PROPN
3624,pdnc,qID,Q1407-0,that woman,328512,328522,25,1661,21,M_3624,Other
3625,pdnc,qID,Q1408-0,your,328584,328588,11,1662,21,M_3625,Other
3626,pdnc,qID,Q1408-0,you,328616,328619,11,1662,21,M_3626,Other
3627,pdnc,qID,Q1410-0,You,328649,328652,11,1664,21,M_3627,Other
3628,exp,exp_name,dolly,Dolly,328711,328716,11,1665,21,M_3628,PROPN
3629,booknlp,COREF,2174,herself,328736,328743,11,1665,21,M_3629,Other
3630,exp,exp_name,the child,the child,328747,328756,37,1665,21,M_3630,PROPN
3631,pdnc,qID,Q1412-0,father,328809,328815,17,1666,21,M_3631,PROPN
3632,pdnc,qID,Q1412-0,Evie,328863,328867,14,1666,21,M_3632,Other
3633,pdnc,qID,Q1412-0,you,328907,328910,11,1666,21,M_3633,Other
3634,pdnc,qID,Q1412-0,Cahill,328951,328957,28,1666,21,M_3634,PROPN
3635,pdnc,qID,Q1413-0,you,328986,328989,8,1667,21,M_3635,Other
3636,pdnc,qID,Q1413-0,Uncle Percy,329013,329024,28,1667,21,M_3636,PROPN
3637,pdnc,qID,Q1414-0,Miss Schlegel,329029,329042,25,1668,21,M_3637,PROPN
3638,pdnc,qID,Q1414-0,you,329099,329102,11,1668,21,M_3638,Other
3639,pdnc,qID,Q1414-0,she,329104,329107,25,1668,21,M_3639,Other
3640,booknlp,COREF,2175,I,329121,329122,37,1669,21,M_3640,Other
3641,pdnc,qID,Q1415-0,you,329136,329139,8,1669,21,M_3641,Other
3642,pdnc,qID,Q1415-0,You,329200,329203,8,1669,21,M_3642,Other
3643,pdnc,qID,Q1415-0,you,329234,329237,8,1669,21,M_3643,Other
3644,booknlp,COREF,2175,me,329247,329249,37,1669,21,M_3644,Other
3645,pdnc,qID,Q1415-0,he,329266,329268,8,1669,21,M_3645,Other
3646,pdnc,qID,Q1416-0,the pater,329348,329357,17,1670,21,M_3646,Other
3647,pdnc,qID,Q1416-0,He,329376,329378,17,1670,21,M_3647,Other
3648,pdnc,qID,Q1416-0,Dolly,329525,329530,11,1670,21,M_3648,Other
3649,pdnc,qID,Q1416-0,you,329536,329539,11,1670,21,M_3649,Other
3650,pdnc,qID,Q1416-0,my father,329629,329638,17,1670,21,M_3650,Other
3651,pdnc,qID,Q1416-0,him,329663,329666,17,1670,21,M_3651,Other
3652,pdnc,qID,Q1416-0,him,329680,329683,17,1670,21,M_3652,Other
3653,pdnc,qID,Q1416-0,my mother,329767,329776,32,1670,21,M_3653,Other
3654,pdnc,qID,Q1416-0,poor old Paul,329804,329817,34,1670,21,M_3654,Other
3655,pdnc,qID,Q1416-0,him,329849,329852,34,1670,21,M_3655,Other
3656,exp,exp_name,charles,Charles,329900,329907,8,1671,21,M_3656,PROPN
3657,exp,exp_name,dolly,Dolly,329935,329940,11,1671,21,M_3657,PROPN
3658,exp,exp_name,charles,Charles,330071,330078,8,1671,21,M_3658,PROPN
3659,exp,exp_name,margaret,Margaret,330289,330297,25,1673,22,M_3659,PROPN
3660,exp,exp_name,the man,the man,330731,330738,40,1673,22,M_3660,PROPN
3661,exp,exp_name,mr. wilcox,Mr. Wilcox,330917,330927,17,1674,22,M_3661,PROPN
3662,exp,exp_name,margaret,Margaret,331730,331738,25,1674,22,M_3662,PROPN
3663,exp,exp_name,henry,Henry,332436,332441,17,1677,22,M_3663,PROPN
3664,booknlp,COREF,355,his,332517,332520,17,1677,22,M_3664,Other
3665,booknlp,COREF,355,He,332533,332535,17,1677,22,M_3665,Other
3666,booknlp,COREF,355,He,332600,332602,17,1677,22,M_3666,Other
3667,exp,exp_name,helen,Helen,332622,332627,16,1677,22,M_3667,PROPN
3668,exp,exp_name,frieda,Frieda,332632,332638,15,1677,22,M_3668,PROPN
3669,exp,exp_name,tibby,Tibby,332661,332666,45,1677,22,M_3669,PROPN
3670,booknlp,COREF,355,he,332710,332712,17,1677,22,M_3670,Other
3671,booknlp,COREF,355,him,332901,332904,17,1677,22,M_3671,Other
3672,booknlp,COREF,355,He,332915,332917,17,1677,22,M_3672,Other
3673,booknlp,COREF,355,My,332958,332960,17,1677,22,M_3673,Other
3674,booknlp,COREF,355,I,332983,332984,17,1677,22,M_3674,Other
3675,booknlp,COREF,355,my,333020,333022,17,1677,22,M_3675,Other
3676,pdnc,qID,Q1418-1,you,333147,333150,17,1677,22,M_3676,Other
3677,booknlp,COREF,355,He,333167,333169,17,1677,22,M_3677,Other
3678,pdnc,qID,Q1419-0,You,333181,333184,25,1677,22,M_3678,Other
3679,booknlp,COREF,355,my,333215,333217,17,1677,22,M_3679,Other
3680,booknlp,COREF,355,he,333257,333259,17,1677,22,M_3680,Other
3681,exp,exp_name,helen,Helen,333440,333445,16,1678,22,M_3681,PROPN
3682,booknlp,COREF,355,him,333545,333548,17,1678,22,M_3682,Other
3683,pdnc,qID,Q1421-0,Helen,333628,333633,16,1679,22,M_3683,PROPN
3684,exp,exp_name,helen,Helen,333637,333642,16,1680,22,M_3684,PROPN
3685,pdnc,qID,Q1422-0,Mr. Wilcox,333667,333677,17,1680,22,M_3685,PROPN
3686,pdnc,qID,Q1423-0,Henry,333682,333687,17,1681,22,M_3686,PROPN
3687,pdnc,qID,Q1423-0,she,333689,333692,16,1681,22,M_3687,Other
3688,pdnc,qID,Q1423-0,"the queer, cross boy",333725,333745,22,1681,22,M_3688,Other
3689,pdnc,qID,Q1423-0,you,333750,333753,17,1681,22,M_3689,Other
3690,pdnc,qID,Q1423-0,him,333763,333766,22,1681,22,M_3690,Other
3691,pdnc,qID,Q1423-0,He,333768,333770,22,1681,22,M_3691,Other
3692,pdnc,qID,Q1423-0,his,333808,333811,22,1681,22,M_3692,Other
3693,pdnc,qID,Q1424-0,you,333900,333903,25,1682,22,M_3693,Other
3694,exp,exp_name,leonard bast,Leonard Bast,333910,333922,22,1682,22,M_3694,PROPN
3695,booknlp,COREF,355,him,333938,333941,17,1682,22,M_3695,Other
3696,booknlp,COREF,355,him,333965,333968,17,1682,22,M_3696,Other
3697,pdnc,qID,Q1425-0,your,334032,334036,17,1683,22,M_3697,Other
3698,pdnc,qID,Q1425-0,he,334043,334045,22,1683,22,M_3698,Other
3699,exp,exp_name,the porphyrion,the Porphyrion,334064,334078,54,1683,22,M_3699,PROPN
3700,booknlp,COREF,396,Porphyrion,334107,334117,54,1684,22,M_3700,Other
3701,booknlp,COREF,355,he,334120,334122,17,1684,22,M_3701,Other
3702,booknlp,COREF,355,he,334141,334143,17,1684,22,M_3702,Other
3703,booknlp,COREF,355,his,334149,334152,17,1684,22,M_3703,Other
3704,booknlp,COREF,355,his,334171,334174,17,1684,22,M_3704,Other
3705,booknlp,COREF,355,his,334222,334225,17,1685,22,M_3705,Other
3706,pdnc,qID,Q1428-0,our hostess,334275,334286,6,1686,22,M_3706,Other
3707,pdnc,qID,Q1428-0,Mrs. Munt,334302,334311,6,1686,22,M_3707,PROPN
3708,pdnc,qID,Q1428-0,Frau Liesecke,334347,334360,15,1686,22,M_3708,PROPN
3709,exp,exp_name,bryce,Bryce,334471,334476,52,1688,22,M_3709,PROPN
3710,booknlp,COREF,399,him,334563,334566,52,1688,22,M_3710,Other
3711,booknlp,COREF,399,he,334660,334662,52,1688,22,M_3711,Other
3712,pdnc,qID,Q1430-0,Schlegel,334754,334762,45,1688,22,M_3712,PROPN
3713,pdnc,qID,Q1430-0,you,334770,334773,25,1688,22,M_3713,Other
3714,exp,exp_name,helen,Helen,334813,334818,16,1689,22,M_3714,PROPN
3715,exp,exp_name,the porphyrion,the Porphyrion,335314,335328,54,1692,22,M_3715,PROPN
3716,pdnc,qID,Q1432-0,you,335369,335372,17,1692,22,M_3716,Other
3717,pdnc,qID,Q1432-0,Henry,335374,335379,17,1692,22,M_3717,PROPN
3718,pdnc,qID,Q1433-0,You,335476,335479,17,1694,22,M_3718,Other
3719,pdnc,qID,Q1433-0,this clerk,335557,335567,22,1694,22,M_3719,Other
3720,pdnc,qID,Q1433-0,He,335582,335584,22,1694,22,M_3720,Other
3721,pdnc,qID,Q1433-0,he,335610,335612,22,1694,22,M_3721,Other
3722,pdnc,qID,Q1433-0,you,335641,335644,17,1694,22,M_3722,Other
3723,pdnc,qID,Q1435-0,He,335815,335817,22,1696,22,M_3723,Other
3724,pdnc,qID,Q1435-0,He,335837,335839,22,1696,22,M_3724,Other
3725,pdnc,qID,Q1435-0,he,335876,335878,22,1696,22,M_3725,Other
3726,pdnc,qID,Q1435-0,he,335914,335916,22,1696,22,M_3726,Other
3727,exp,exp_name,the porphyrion,the Porphyrion,336036,336050,54,1698,22,M_3727,PROPN
3728,pdnc,qID,Q1439-0,you,336128,336131,17,1700,22,M_3728,Other
3729,pdnc,qID,Q1440-0,Margaret,336403,336411,25,1701,22,M_3729,PROPN
3730,pdnc,qID,Q1440-0,Charles,336518,336525,8,1701,22,M_3730,PROPN
3731,exp,exp_name,margaret,Margaret,336557,336565,25,1702,22,M_3731,PROPN
3732,pdnc,qID,Q1443-0,Aunt Juley,336647,336657,6,1704,22,M_3732,PROPN
3733,pdnc,qID,Q1444-0,you,336712,336715,25,1705,22,M_3733,Other
3734,exp,exp_name,margaret,Margaret,336755,336763,25,1706,22,M_3734,PROPN
3735,pdnc,qID,Q1446-0,her,336833,336836,6,1707,22,M_3735,Other
3736,pdnc,qID,Q1447-0,My aunt,336873,336880,6,1708,22,M_3736,Other
3737,pdnc,qID,Q1447-0,She,336911,336914,6,1708,22,M_3737,Other
3738,pdnc,qID,Q1447-0,she,336951,336954,6,1708,22,M_3738,Other
3739,pdnc,qID,Q1447-0,she,336984,336987,6,1708,22,M_3739,Other
3740,pdnc,qID,Q1447-0,Frieda,337003,337009,15,1708,22,M_3740,Other
3741,pdnc,qID,Q1447-0,her,337030,337033,15,1708,22,M_3741,Other
3742,pdnc,qID,Q1447-0,her,337037,337040,6,1708,22,M_3742,Other
3743,pdnc,qID,Q1447-0,she,337070,337073,6,1708,22,M_3743,Other
3744,pdnc,qID,Q1448-0,her,337148,337151,6,1709,22,M_3744,Other
3745,pdnc,qID,Q1448-0,you,337159,337162,25,1709,22,M_3745,Other
3746,pdnc,qID,Q1449-0,Henry,337174,337179,17,1710,22,M_3746,PROPN
3747,pdnc,qID,Q1450-0,You,337212,337215,25,1711,22,M_3747,Other
3748,exp,exp_name,mrs. munt,Mrs. Munt,337598,337607,6,1717,22,M_3748,PROPN
3749,exp,exp_name,helen,Helen,337682,337687,16,1717,22,M_3749,PROPN
3750,pdnc,qID,Q1456-0,Mr. Wilcox,337695,337705,17,1718,22,M_3750,PROPN
3751,exp,exp_name,the porphyrion,the Porphyrion,337713,337727,54,1718,22,M_3751,PROPN
3752,exp,exp_name,margaret,Margaret,337803,337811,25,1719,22,M_3752,PROPN
3753,pdnc,qID,Q1458-0,you,337873,337876,17,1720,22,M_3753,Other
3754,exp,exp_name,the porphyrion,the Porphyrion,337885,337899,54,1720,22,M_3754,PROPN
3755,pdnc,qID,Q1460-0,Mr. Bast,338082,338090,22,1722,22,M_3755,PROPN
3756,booknlp,COREF,396,it,338112,338114,54,1722,22,M_3756,Other
3757,pdnc,qID,Q1463-0,He,338220,338222,22,1725,22,M_3757,Other
3758,exp,exp_name,margaret,Margaret,338255,338263,25,1725,22,M_3758,PROPN
3759,exp,exp_name,mr. wilcox,Mr. Wilcox,338381,338391,17,1727,22,M_3759,PROPN
3760,exp,exp_name,mrs. munt,Mrs. Munt,338421,338430,6,1727,22,M_3760,PROPN
3761,pdnc,qID,Q1465-0,you,338512,338515,16,1727,22,M_3761,Other
3762,pdnc,qID,Q1466-0,You,338546,338549,16,1728,22,M_3762,Other
3763,pdnc,qID,Q1466-0,Helen,338565,338570,16,1728,22,M_3763,PROPN
3764,pdnc,qID,Q1467-0,You,338575,338578,16,1729,22,M_3764,Other
3765,pdnc,qID,Q1468-0,you,338649,338652,16,1729,22,M_3765,Other
3766,pdnc,qID,Q1468-0,You,338671,338674,16,1729,22,M_3766,Other
3767,exp,exp_name,the porphyrion,The Porphyrion,338806,338820,54,1729,22,M_3767,PROPN
3768,pdnc,qID,Q1468-0,you,338835,338838,16,1729,22,M_3768,Other
3769,pdnc,qID,Q1468-0,My dear Helen,339024,339037,16,1729,22,M_3769,Other
3770,pdnc,qID,Q1469-0,your,339051,339055,17,1730,22,M_3770,Other
3771,pdnc,qID,Q1469-0,A man who had little money,339063,339089,22,1730,22,M_3771,Other
3772,pdnc,qID,Q1470-0,your clerk,339133,339143,22,1731,22,M_3772,Other
3773,pdnc,qID,Q1471-0,A man who had little money,339214,339240,22,1732,22,M_3773,Other
3774,pdnc,qID,Q1472-1,you,339405,339408,16,1733,22,M_3774,Other
3775,pdnc,qID,Q1474-0,you,339509,339512,16,1735,22,M_3775,Other
3776,pdnc,qID,Q1474-0,this fellow,339552,339563,22,1735,22,M_3776,Other
3777,pdnc,qID,Q1475-0,you,339581,339584,17,1736,22,M_3777,Other
3778,pdnc,qID,Q1475-0,the fellow,339591,339601,22,1736,22,M_3778,Other
3779,exp,exp_name,helen,Helen,339623,339628,16,1736,22,M_3779,PROPN
3780,pdnc,qID,Q1475-1,You,339631,339634,17,1736,22,M_3780,Other
3781,pdnc,qID,Q1475-1,the fellow,339649,339659,22,1736,22,M_3781,Other
3782,pdnc,qID,Q1475-1,He,339661,339663,22,1736,22,M_3782,Other
3783,pdnc,qID,Q1475-1,his wife,339681,339689,20,1736,22,M_3783,Other
3784,pdnc,qID,Q1475-1,He,339718,339720,22,1736,22,M_3784,Other
3785,pdnc,qID,Q1475-1,him,339799,339802,22,1736,22,M_3785,Other
3786,pdnc,qID,Q1475-1,our,339822,339825,16,1736,22,M_3786,Other
3787,pdnc,qID,Q1478-0,she,340031,340034,16,1739,22,M_3787,Other
3788,pdnc,qID,Q1478-0,Margaret,340044,340052,25,1739,22,M_3788,PROPN
3789,pdnc,qID,Q1478-0,you,340260,340263,16,1739,22,M_3789,Other
3790,exp,exp_name,the man,the man,340294,340301,40,1739,22,M_3790,PROPN
3791,exp,exp_name,the porphyrion,the Porphyrion,340341,340355,54,1739,22,M_3791,PROPN
3792,pdnc,qID,Q1478-0,this clerk,340374,340384,22,1739,22,M_3792,Other
3793,exp,exp_name,helen,Helen,340491,340496,16,1740,22,M_3793,PROPN
3794,pdnc,qID,Q1479-0,you,340694,340697,16,1741,22,M_3794,Other
3795,pdnc,qID,Q1481-0,You,341044,341047,16,1743,22,M_3795,Other
3796,pdnc,qID,Q1482-0,You,341302,341305,16,1743,22,M_3796,Other
3797,pdnc,qID,Q1483-0,you,341364,341367,16,1743,22,M_3797,Other
3798,exp,exp_name,helen,Helen,341498,341503,16,1744,22,M_3798,PROPN
3799,pdnc,qID,Q1485-0,You,341526,341529,17,1746,22,M_3799,Other
3800,exp,exp_name,mrs. munt,Mrs. Munt,341731,341740,6,1747,22,M_3800,PROPN
3801,pdnc,qID,Q1486-0,Dolly,341780,341785,11,1747,22,M_3801,Other
3802,exp,exp_name,helen,Helen,341789,341794,16,1748,22,M_3802,PROPN
3803,pdnc,qID,Q1487-0,Henry,341862,341867,17,1749,22,M_3803,PROPN
3804,pdnc,qID,Q1488-0,he,341923,341925,17,1750,22,M_3804,Other
3805,exp,exp_name,helen,Helen,342000,342005,16,1750,22,M_3805,PROPN
3806,pdnc,qID,Q1489-0,He,342433,342435,17,1751,22,M_3806,Other
3807,pdnc,qID,Q1489-0,Helen,342469,342474,16,1751,22,M_3807,PROPN
3808,pdnc,qID,Q1490-0,Meg,342498,342501,25,1752,22,M_3808,PROPN
3809,pdnc,qID,Q1491-0,you,342532,342535,16,1753,22,M_3809,Other
3810,pdnc,qID,Q1491-0,dearie,342560,342566,16,1753,22,M_3810,Other
3811,exp,exp_name,helen,Helen,342602,342607,16,1754,22,M_3811,PROPN
3812,exp,exp_name,margaret,Margaret,342728,342736,25,1754,22,M_3812,PROPN
3813,exp,exp_name,helen,Helen,342834,342839,16,1754,22,M_3813,PROPN
3814,exp,exp_name,henry,Henry,342986,342991,17,1754,22,M_3814,PROPN
3815,exp,exp_name,henry,Henry,343006,343011,17,1754,22,M_3815,PROPN
3816,pdnc,qID,Q1493-0,Margaret,343031,343039,25,1755,22,M_3816,PROPN
3817,pdnc,qID,Q1493-1,Magsy,343060,343065,25,1755,22,M_3817,Other
3818,pdnc,qID,Q1493-1,Mr. Wilcox,343095,343105,17,1755,22,M_3818,PROPN
3819,pdnc,qID,Q1493-1,you,343117,343120,25,1755,22,M_3819,Other
3820,exp,exp_name,margaret,Margaret,343174,343182,25,1756,22,M_3820,PROPN
3821,exp,exp_name,charles,Charles,343261,343268,8,1756,22,M_3821,PROPN
3822,exp,exp_name,mrs. munt,Mrs. Munt,343353,343362,6,1757,22,M_3822,PROPN
3823,exp,exp_name,mr. wilcox,Mr. Wilcox,343446,343456,17,1759,22,M_3823,PROPN
3824,exp,exp_name,margaret,Margaret,343725,343733,25,1762,23,M_3824,PROPN
3825,exp,exp_name,helen,Helen,343972,343977,16,1762,23,M_3825,PROPN
3826,exp,exp_name,helen,Helen,344144,344149,16,1762,23,M_3826,PROPN
3827,exp,exp_name,margaret,Margaret,344348,344356,25,1762,23,M_3827,PROPN
3828,exp,exp_name,helen,Helen,344435,344440,16,1762,23,M_3828,PROPN
3829,pdnc,qID,Q1499-0,him,344542,344545,17,1762,23,M_3829,Other
3830,pdnc,qID,Q1499-0,you,344555,344558,25,1762,23,M_3830,Other
3831,pdnc,qID,Q1499-0,you,344604,344607,25,1762,23,M_3831,Other
3832,exp,exp_name,margaret,Margaret,344615,344623,25,1762,23,M_3832,PROPN
3833,pdnc,qID,Q1500-0,Paul,344732,344736,34,1762,23,M_3833,PROPN
3834,booknlp,COREF,318,Jack Robinson,345102,345115,20,1762,23,M_3834,PROPN
3835,pdnc,qID,Q1500-0,you,345153,345156,25,1762,23,M_3835,Other
3836,pdnc,qID,Q1500-0,you,345158,345161,25,1762,23,M_3836,Other
3837,pdnc,qID,Q1500-0,you,345176,345179,25,1762,23,M_3837,Other
3838,pdnc,qID,Q1501-0,Helen,345201,345206,16,1763,23,M_3838,PROPN
3839,pdnc,qID,Q1501-0,poor Henry,345241,345251,17,1763,23,M_3839,Other
3840,pdnc,qID,Q1502-0,You,345268,345271,25,1764,23,M_3840,Other
3841,pdnc,qID,Q1502-0,you,345374,345377,25,1764,23,M_3841,Other
3842,pdnc,qID,Q1502-0,him,345400,345403,17,1764,23,M_3842,Other
3843,pdnc,qID,Q1502-0,your husband,345569,345581,17,1764,23,M_3843,Other
3844,pdnc,qID,Q1502-0,him,345595,345598,17,1764,23,M_3844,Other
3845,pdnc,qID,Q1502-0,Tibby,345636,345641,45,1764,23,M_3845,PROPN
3846,pdnc,qID,Q1502-0,Tibby,345646,345651,45,1764,23,M_3846,PROPN
3847,pdnc,qID,Q1502-0,he,345675,345677,45,1764,23,M_3847,Other
3848,pdnc,qID,Q1502-0,you,345707,345710,25,1764,23,M_3848,Other
3849,pdnc,qID,Q1502-0,You,345738,345741,25,1764,23,M_3849,Other
3850,exp,exp_name,margaret,Margaret,346065,346073,25,1765,23,M_3850,PROPN
3851,exp,exp_name,helen,Helen,346200,346205,16,1765,23,M_3851,PROPN
3852,exp,exp_name,margaret,Margaret,346334,346342,25,1765,23,M_3852,PROPN
3853,exp,exp_name,henry,Henry,346381,346386,17,1765,23,M_3853,PROPN
3854,booknlp,COREF,263,I,346682,346683,6,1765,23,M_3854,Other
3855,exp,exp_name,aunt juley,Aunt Juley,346725,346735,6,1765,23,M_3855,PROPN
3856,exp,exp_name,helen,Helen,346990,346995,16,1766,23,M_3856,PROPN
3857,exp,exp_name,margaret,Margaret,347068,347076,25,1766,23,M_3857,PROPN
3858,exp,exp_name,henry,Henry,347131,347136,17,1766,23,M_3858,PROPN
3859,exp,exp_name,henry,Henry,347154,347159,17,1766,23,M_3859,PROPN
3860,booknlp,COREF,355,his,347167,347170,17,1766,23,M_3860,Other
3861,booknlp,COREF,355,him,347217,347220,17,1766,23,M_3861,Other
3862,pdnc,qID,Q1505-0,him,347255,347258,17,1766,23,M_3862,Other
3863,exp,exp_name,helen,Helen,347294,347299,16,1766,23,M_3863,PROPN
3864,pdnc,qID,Q1505-1,you,347310,347313,25,1766,23,M_3864,Other
3865,exp,exp_name,margaret,Margaret,347370,347378,25,1767,23,M_3865,PROPN
3866,exp,exp_name,aunt juley,Aunt Juley,347499,347509,6,1767,23,M_3866,PROPN
3867,exp,exp_name,tibby,Tibby,347530,347535,45,1767,23,M_3867,PROPN
3868,exp,exp_name,charles,Charles,347539,347546,8,1767,23,M_3868,PROPN
3869,exp,exp_name,margaret,Margaret,347786,347794,25,1767,23,M_3869,PROPN
3870,exp,exp_name,henry,Henry,348079,348084,17,1768,23,M_3870,PROPN
3871,booknlp,COREF,355,his,348097,348100,17,1768,23,M_3871,Other
3872,booknlp,COREF,355,his,348256,348259,17,1768,23,M_3872,Other
3873,exp,exp_name,henry,Henry,348930,348935,17,1768,23,M_3873,PROPN
3874,exp,exp_name,the porphyrion,the Porphyrion,349013,349027,54,1768,23,M_3874,PROPN
3875,exp,exp_name,mr. wilcox,Mr. Wilcox,349289,349299,17,1769,23,M_3875,PROPN
3876,exp,exp_name,charles,Charles,349377,349384,8,1769,23,M_3876,PROPN
3877,exp,exp_name,charles,Charles,349387,349394,8,1770,23,M_3877,PROPN
3878,exp,exp_name,evie,Evie,349457,349461,14,1770,23,M_3878,PROPN
3879,pdnc,qID,Q1507-0,my wife,349578,349585,11,1771,23,M_3879,Other
3880,pdnc,qID,Q1507-0,you,349594,349597,25,1771,23,M_3880,Other
3881,pdnc,qID,Q1507-0,you,349613,349616,25,1771,23,M_3881,Other
3882,pdnc,qID,Q1507-1,She,349711,349714,11,1771,23,M_3882,Other
3883,pdnc,qID,Q1507-1,you,349723,349726,25,1771,23,M_3883,Other
3884,pdnc,qID,Q1507-1,you,349751,349754,25,1771,23,M_3884,Other
3885,pdnc,qID,Q1507-1,you,349801,349804,25,1771,23,M_3885,Other
3886,exp,exp_name,margaret,Margaret,349942,349950,25,1772,23,M_3886,PROPN
3887,pdnc,qID,Q1509-0,You,349988,349991,25,1773,23,M_3887,Other
3888,exp,exp_name,bryce,Bryce,350020,350025,52,1773,23,M_3888,PROPN
3889,booknlp,COREF,399,him,350111,350114,52,1773,23,M_3889,Other
3890,booknlp,COREF,399,He,350172,350174,52,1773,23,M_3890,Other
3891,booknlp,COREF,355,I,350207,350208,17,1774,23,M_3891,Other
3892,exp,exp_name,bryce,Bryce,350249,350254,52,1774,23,M_3892,PROPN
3893,exp,exp_name,henry,Henry,350264,350269,17,1774,23,M_3893,PROPN
3894,booknlp,COREF,399,he,350304,350306,52,1775,23,M_3894,Other
3895,exp,exp_name,mr. wilcox,Mr. Wilcox,350400,350410,17,1778,23,M_3895,PROPN
3896,booknlp,COREF,399,He,350427,350429,52,1778,23,M_3896,Other
3897,pdnc,qID,Q1514-1,Charles,350532,350539,8,1778,23,M_3897,PROPN
3898,exp,exp_name,charles,Charles,350590,350597,8,1779,23,M_3898,PROPN
3899,booknlp,COREF,399,him,350637,350640,52,1780,23,M_3899,Other
3900,booknlp,COREF,399,He,350671,350673,52,1780,23,M_3900,Other
3901,booknlp,COREF,399,he,350679,350681,52,1780,23,M_3901,Other
3902,pdnc,qID,Q1517-0,we,350792,350794,8,1781,23,M_3902,Other
3903,pdnc,qID,Q1519-0,Dolly,350838,350843,11,1783,23,M_3903,Other
3904,booknlp,COREF,451,I,350871,350872,52,1783,23,M_3904,Other
3905,exp,exp_name,bryce,Bryce,350908,350913,52,1784,23,M_3905,PROPN
3906,exp,exp_name,margaret,Margaret,350927,350935,25,1784,23,M_3906,PROPN
3907,exp,exp_name,bryce,Bryce,350960,350965,52,1785,23,M_3907,PROPN
3908,booknlp,COREF,451,him,351026,351029,52,1785,23,M_3908,Other
3909,booknlp,COREF,451,his,351062,351065,52,1785,23,M_3909,Other
3910,exp,exp_name,mr. wilcox,Mr. Wilcox,351172,351182,17,1785,23,M_3910,PROPN
3911,exp,exp_name,margaret,Margaret,351280,351288,25,1786,23,M_3911,PROPN
3912,exp,exp_name,charles,Charles,351303,351310,8,1786,23,M_3912,PROPN
3913,exp,exp_name,margaret,Margaret,352496,352504,25,1787,23,M_3913,PROPN
3914,exp,exp_name,mr. wilcox,Mr. Wilcox,352603,352613,17,1788,23,M_3914,PROPN
3915,pdnc,qID,Q1524-1,you,352805,352808,25,1790,23,M_3915,Other
3916,pdnc,qID,Q1524-1,you,352866,352869,25,1790,23,M_3916,Other
3917,exp,exp_name,charles,Charles,353009,353016,8,1792,23,M_3917,PROPN
3918,exp,exp_name,dolly,Dolly,353428,353433,11,1793,23,M_3918,PROPN
3919,exp,exp_name,bryce,Bryce,353691,353696,52,1793,23,M_3919,PROPN
3920,exp,exp_name,dolly,Dolly,353734,353739,11,1793,23,M_3920,PROPN
3921,booknlp,COREF,2278,his,353750,353753,11,1793,23,M_3921,Other
3922,exp,exp_name,dolly,Dolly,353904,353909,11,1793,23,M_3922,PROPN
3923,booknlp,COREF,2278,He,353911,353913,11,1793,23,M_3923,Other
3924,exp,exp_name,margaret,Margaret,353922,353930,25,1793,23,M_3924,PROPN
3925,exp,exp_name,margaret,Margaret,353940,353948,25,1793,23,M_3925,PROPN
3926,booknlp,COREF,2278,him,354004,354007,11,1793,23,M_3926,Other
3927,exp,exp_name,dolly,Dolly,354014,354019,11,1793,23,M_3927,PROPN
3928,exp,exp_name,margaret,Margaret,354101,354109,25,1793,23,M_3928,PROPN
3929,exp,exp_name,dolly,Dolly,354181,354186,11,1793,23,M_3929,PROPN
3930,booknlp,COREF,2278,him,354229,354232,11,1793,23,M_3930,Other
3931,exp,exp_name,mr. wilcox,Mr. Wilcox,354271,354281,17,1793,23,M_3931,PROPN
3932,exp,exp_name,dolly,Dolly,354384,354389,11,1793,23,M_3932,PROPN
3933,exp,exp_name,crane,Crane,354609,354614,10,1794,23,M_3933,PROPN
3934,exp,exp_name,margaret,Margaret,354669,354677,25,1795,23,M_3934,PROPN
3935,pdnc,qID,Q1527-0,you,354689,354692,25,1796,23,M_3935,Other
3936,exp,exp_name,henry,Henry,354708,354713,17,1796,23,M_3936,PROPN
3937,exp,exp_name,henry,Henry,354983,354988,17,1801,23,M_3937,PROPN
3938,booknlp,COREF,355,he,355049,355051,17,1802,23,M_3938,Other
3939,booknlp,COREF,355,himself,355056,355063,17,1802,23,M_3939,Other
3940,booknlp,COREF,355,He,355123,355125,17,1802,23,M_3940,Other
3941,booknlp,COREF,355,he,355262,355264,17,1802,23,M_3941,Other
3942,pdnc,qID,Q1532-0,Margaret,355287,355295,25,1802,23,M_3942,PROPN
3943,pdnc,qID,Q1532-0,you,355297,355300,25,1802,23,M_3943,Other
3944,booknlp,COREF,355,I,355318,355319,17,1802,23,M_3944,Other
3945,booknlp,COREF,355,I,355380,355381,17,1803,23,M_3945,Other
3946,booknlp,COREF,355,I,355399,355400,17,1804,23,M_3946,Other
3947,booknlp,COREF,355,I,355422,355423,17,1804,23,M_3947,Other
3948,exp,exp_name,helen,Helen,355601,355606,16,1806,23,M_3948,PROPN
3949,exp,exp_name,bryce,Bryce,356269,356274,52,1806,23,M_3949,PROPN
3950,exp,exp_name,margaret,Margaret,356391,356399,25,1807,23,M_3950,PROPN
3951,exp,exp_name,charles,Charles,356590,356597,8,1808,23,M_3951,PROPN
3952,exp,exp_name,charles,Charles,356641,356648,8,1808,23,M_3952,PROPN
3953,exp,exp_name,helen,Helen,356702,356707,16,1808,23,M_3953,PROPN
3954,exp,exp_name,charles,Charles,356738,356745,8,1808,23,M_3954,PROPN
3955,exp,exp_name,margaret,Margaret,356886,356894,25,1808,23,M_3955,PROPN
3956,exp,exp_name,henry,Henry,357147,357152,17,1809,23,M_3956,PROPN
3957,booknlp,COREF,355,He,357154,357156,17,1809,23,M_3957,Other
3958,booknlp,COREF,355,himself,357221,357228,17,1809,23,M_3958,Other
3959,booknlp,COREF,355,he,357249,357251,17,1809,23,M_3959,Other
3960,exp,exp_name,helen,Helen,358963,358968,16,1813,23,M_3960,PROPN
3961,pdnc,qID,Q1536-0,you,359459,359462,17,1815,23,M_3961,Other
3962,pdnc,qID,Q1536-0,Henry,359464,359469,17,1815,23,M_3962,PROPN
3963,pdnc,qID,Q1537-0,Henry,359542,359547,17,1817,23,M_3963,PROPN
3964,pdnc,qID,Q1537-0,you,359554,359557,17,1817,23,M_3964,Other
3965,exp,exp_name,margaret,Margaret,359748,359756,25,1819,23,M_3965,PROPN
3966,exp,exp_name,an old woman,an old woman,359843,359855,26,1819,23,M_3966,PROPN
3967,pdnc,qID,Q1538-0,you,359970,359973,25,1820,23,M_3967,Other
3968,pdnc,qID,Q1538-0,Ruth Wilcox,359978,359989,32,1820,23,M_3968,PROPN
3969,exp,exp_name,margaret,Margaret,359993,360001,25,1821,23,M_3969,PROPN
3970,exp,exp_name,mrs. wilcox,Mrs. Wilcox,360017,360028,32,1821,23,M_3970,PROPN
3971,pdnc,qID,Q1540-0,You,360067,360070,25,1822,23,M_3971,Other
3972,pdnc,qID,Q1540-0,her,360075,360078,32,1822,23,M_3972,Other
3973,pdnc,qID,Q1541-0,her,360177,360180,25,1824,24,M_3973,Other
3974,exp,exp_name,mr. wilcox,Mr. Wilcox,360201,360211,17,1824,24,M_3974,PROPN
3975,exp,exp_name,dolly,Dolly,360244,360249,11,1824,24,M_3975,PROPN
3976,pdnc,qID,Q1541-1,silly old Miss Avery,360355,360375,26,1824,24,M_3976,Other
3977,pdnc,qID,Q1541-1,she,360377,360380,26,1824,24,M_3977,Other
3978,pdnc,qID,Q1541-1,you,360392,360395,25,1824,24,M_3978,Other
3979,pdnc,qID,Q1541-1,she,360404,360407,26,1824,24,M_3979,Other
3980,pdnc,qID,Q1541-1,Margaret,360409,360417,25,1824,24,M_3980,PROPN
3981,pdnc,qID,Q1541-1,you,360425,360428,25,1824,24,M_3981,Other
3982,pdnc,qID,Q1541-1,She,360463,360466,26,1824,24,M_3982,Other
3983,pdnc,qID,Q1541-1,her,360567,360570,26,1824,24,M_3983,Other
3984,pdnc,qID,Q1541-1,Miss Avery,360623,360633,26,1824,24,M_3984,PROPN
3985,pdnc,qID,Q1541-2,she,360751,360754,26,1824,24,M_3985,Other
3986,exp,exp_name,bryce,Bryce,360790,360795,52,1824,24,M_3986,PROPN
3987,pdnc,qID,Q1542-0,you,360844,360847,17,1825,24,M_3987,Other
3988,exp,exp_name,margaret,Margaret,360863,360871,25,1825,24,M_3988,PROPN
3989,pdnc,qID,Q1542-1,She,360873,360876,26,1825,24,M_3989,Other
3990,pdnc,qID,Q1543-0,you,360941,360944,25,1826,24,M_3990,Other
3991,pdnc,qID,Q1543-0,her,360950,360953,26,1826,24,M_3991,Other
3992,exp,exp_name,dolly,Dolly,360974,360979,11,1826,24,M_3992,PROPN
3993,pdnc,qID,Q1545-0,She,361063,361066,26,1828,24,M_3993,Other
3994,pdnc,qID,Q1545-0,you,361087,361090,25,1828,24,M_3994,Other
3995,exp,exp_name,henry,Henry,361098,361103,17,1828,24,M_3995,PROPN
3996,pdnc,qID,Q1545-1,Poor Margaret,361157,361170,25,1828,24,M_3996,Other
3997,pdnc,qID,Q1546-0,Miss Avery,361232,361242,26,1829,24,M_3997,PROPN
3998,exp,exp_name,margaret,Margaret,361264,361272,25,1829,24,M_3998,PROPN
3999,booknlp,COREF,457,herself,361290,361297,25,1829,24,M_3999,Other
4000,exp,exp_name,dolly,Dolly,361334,361339,11,1829,24,M_4000,PROPN
4001,pdnc,qID,Q1547-0,She,361358,361361,26,1830,24,M_4001,Other
4002,pdnc,qID,Q1547-0,She,361437,361440,26,1830,24,M_4002,Other
4003,pdnc,qID,Q1547-0,you,361449,361452,25,1830,24,M_4003,Other
4004,pdnc,qID,Q1547-0,she,361464,361467,26,1830,24,M_4004,Other
4005,pdnc,qID,Q1547-0,She,361473,361476,26,1830,24,M_4005,Other
4006,pdnc,qID,Q1547-0,you,361544,361547,25,1830,24,M_4006,Other
4007,pdnc,qID,Q1547-0,you,361563,361566,25,1830,24,M_4007,Other
4008,pdnc,qID,Q1547-0,you,361581,361584,25,1830,24,M_4008,Other
4009,pdnc,qID,Q1547-0,you,361610,361613,25,1830,24,M_4009,Other
4010,pdnc,qID,Q1547-0,her,361654,361657,26,1830,24,M_4010,Other
4011,booknlp,COREF,456,her,361673,361676,26,1830,24,M_4011,Other
4012,pdnc,qID,Q1547-0,Miss Avery,361792,361802,26,1830,24,M_4012,PROPN
4013,pdnc,qID,Q1549-0,Miss Avery,361857,361867,26,1832,24,M_4013,PROPN
4014,booknlp,COREF,2355,me,361875,361877,11,1832,24,M_4014,Other
4015,exp,exp_name,dolly,Dolly,361903,361908,11,1832,24,M_4015,PROPN
4016,exp,exp_name,dolly,Dolly,361956,361961,11,1833,24,M_4016,PROPN
4017,exp,exp_name,margaret,Margaret,361963,361971,25,1833,24,M_4017,PROPN
4018,pdnc,qID,Q1550-0,Charles,362013,362020,8,1834,24,M_4018,PROPN
4019,pdnc,qID,Q1550-0,she,362058,362061,26,1834,24,M_4019,Other
4020,pdnc,qID,Q1551-0,you,362102,362105,11,1835,24,M_4020,Other
4021,pdnc,qID,Q1551-0,my good Dorothea,362130,362146,11,1835,24,M_4021,Other
4022,pdnc,qID,Q1552-0,Mrs. Wilcox,362195,362206,32,1836,24,M_4022,PROPN
4023,pdnc,qID,Q1552-0,them,362234,362238,32,1836,24,M_4023,Other
4024,pdnc,qID,Q1552-0,Miss Avery,362243,362253,26,1836,24,M_4024,PROPN
4025,booknlp,COREF,457,Her,362299,362302,25,1837,24,M_4025,Other
4026,exp,exp_name,dolly,Dolly,362516,362521,11,1837,24,M_4026,PROPN
4027,pdnc,qID,Q1553-0,Mrs. Wilcox,362567,362578,32,1838,24,M_4027,PROPN
4028,pdnc,qID,Q1553-0,Miss Avery,362646,362656,26,1838,24,M_4028,PROPN
4029,pdnc,qID,Q1553-0,she,362658,362661,26,1838,24,M_4029,Other
4030,pdnc,qID,Q1553-0,she,362690,362693,26,1838,24,M_4030,Other
4031,pdnc,qID,Q1553-0,she,362708,362711,26,1838,24,M_4031,Other
4032,pdnc,qID,Q1553-0,Charles,362728,362735,8,1838,24,M_4032,PROPN
4033,pdnc,qID,Q1553-0,Charlie,362777,362784,8,1838,24,M_4033,PROPN
4034,pdnc,qID,Q1553-0,him,362807,362810,8,1838,24,M_4034,Other
4035,exp,exp_name,the man,the man,362841,362848,40,1838,24,M_4035,PROPN
4036,exp,exp_name,tom,Tom,362914,362917,46,1838,24,M_4036,PROPN
4037,booknlp,COREF,459,he,362926,362928,46,1838,24,M_4037,Other
4038,exp,exp_name,mr. wilcox,Mr. Wilcox,362974,362984,17,1839,24,M_4038,PROPN
4039,booknlp,COREF,2360,I,363000,363001,11,1840,24,M_4039,Other
4040,exp,exp_name,dolly,Dolly,363042,363047,11,1840,24,M_4040,PROPN
4041,booknlp,COREF,2360,I,363050,363051,11,1840,24,M_4041,Other
4042,pdnc,qID,Q1556-0,you,363101,363104,11,1841,24,M_4042,Other
4043,pdnc,qID,Q1556-0,Crane,363119,363124,10,1841,24,M_4043,Other
4044,pdnc,qID,Q1557-0,Mr. Wilcox,363141,363151,17,1842,24,M_4044,PROPN
4045,pdnc,qID,Q1557-0,you,363161,363164,17,1842,24,M_4045,Other
4046,pdnc,qID,Q1558-0,he,363181,363183,10,1843,24,M_4046,Other
4047,pdnc,qID,Q1558-0,we,363204,363206,25,1843,24,M_4047,Other
4048,pdnc,qID,Q1558-0,Dolly,363220,363225,11,1843,24,M_4048,Other
4049,pdnc,qID,Q1558-1,her,363281,363284,11,1843,24,M_4049,Other
4050,pdnc,qID,Q1558-1,her,363323,363326,11,1843,24,M_4050,Other
4051,pdnc,qID,Q1558-1,you,363330,363333,25,1843,24,M_4051,Other
4052,exp,exp_name,margaret,Margaret,363345,363353,25,1844,24,M_4052,PROPN
4053,exp,exp_name,crane,Crane,363756,363761,10,1845,24,M_4053,PROPN
4054,exp,exp_name,charles,Charles,363862,363869,8,1845,24,M_4054,PROPN
4055,exp,exp_name,henry,Henry,363997,364002,17,1845,24,M_4055,PROPN
4056,pdnc,qID,Q1559-1,you,364017,364020,25,1845,24,M_4056,Other
4057,exp,exp_name,helen,Helen,364829,364834,16,1846,24,M_4057,PROPN
4058,exp,exp_name,leonard bast,Leonard Bast,364876,364888,22,1846,24,M_4058,PROPN
4059,exp,exp_name,margaret,Margaret,364939,364947,25,1846,24,M_4059,PROPN
4060,exp,exp_name,miss avery,Miss Avery,365017,365027,26,1846,24,M_4060,PROPN
4061,exp,exp_name,henry,Henry,365278,365283,17,1847,24,M_4061,PROPN
4062,booknlp,COREF,355,his,365334,365337,17,1847,24,M_4062,Other
4063,booknlp,COREF,355,He,365418,365420,17,1847,24,M_4063,Other
4064,booknlp,COREF,355,he,365973,365975,17,1847,24,M_4064,Other
4065,booknlp,COREF,355,him,366066,366069,17,1847,24,M_4065,Other
4066,pdnc,qID,Q1560-2,you,366335,366338,25,1847,24,M_4066,Other
4067,exp,exp_name,avery,Avery,366495,366500,26,1847,24,M_4067,PROPN
4068,pdnc,qID,Q1560-3,you,366551,366554,25,1847,24,M_4068,Other
4069,exp,exp_name,henry,Henry,366652,366657,17,1847,24,M_4069,PROPN
4070,booknlp,COREF,355,he,366739,366741,17,1847,24,M_4070,Other
4071,booknlp,COREF,355,him,366770,366773,17,1847,24,M_4071,Other
4072,booknlp,COREF,355,I,366795,366796,17,1847,24,M_4072,Other
4073,booknlp,COREF,355,I,366814,366815,17,1847,24,M_4073,Other
4074,booknlp,COREF,355,I,366825,366826,17,1847,24,M_4074,Other
4075,booknlp,COREF,355,I,366968,366969,17,1847,24,M_4075,Other
4076,booknlp,COREF,355,I,367042,367043,17,1847,24,M_4076,Other
4077,pdnc,qID,Q1560-4,your,367255,367259,25,1847,24,M_4077,Other
4078,exp,exp_name,margaret,Margaret,367907,367915,25,1847,24,M_4078,PROPN
4079,exp,exp_name,mr. wilcox,Mr. Wilcox,368367,368377,17,1848,24,M_4079,PROPN
4080,pdnc,qID,Q1561-1,you,368546,368549,25,1848,24,M_4080,Other
4081,exp,exp_name,mrs. wilcox,Mrs. Wilcox,368640,368651,32,1849,24,M_4081,PROPN
4082,exp,exp_name,evie,Evie,368677,368681,14,1851,25,M_4082,PROPN
4083,booknlp,COREF,262,her,368691,368694,14,1851,25,M_4083,Other
4084,booknlp,COREF,262,she,368720,368723,14,1851,25,M_4084,Other
4085,booknlp,COREF,262,her,368760,368763,14,1851,25,M_4085,Other
4086,booknlp,COREF,262,she,368794,368797,14,1851,25,M_4086,Other
4087,exp,exp_name,charles,Charles,368915,368922,8,1851,25,M_4087,PROPN
4088,exp,exp_name,dolly,Dolly,368927,368932,11,1851,25,M_4088,PROPN
4089,booknlp,COREF,262,her,368954,368957,14,1851,25,M_4089,Other
4090,booknlp,COREF,262,I,368970,368971,14,1851,25,M_4090,Other
4091,booknlp,COREF,262,she,369003,369006,14,1851,25,M_4091,Other
4092,pdnc,qID,Q1563-1,Dad,369018,369021,17,1851,25,M_4092,PROPN
4093,booknlp,COREF,262,me,369027,369029,14,1851,25,M_4093,Other
4094,booknlp,COREF,262,me,369061,369063,14,1851,25,M_4094,Other
4095,pdnc,qID,Q1563-1,her,369068,369071,25,1851,25,M_4095,Other
4096,exp,exp_name,simpson,Simpson,369075,369082,36,1851,25,M_4096,PROPN
4097,booknlp,COREF,262,I,369092,369093,14,1851,25,M_4097,Other
4098,exp,exp_name,evie,Evie,369193,369197,14,1851,25,M_4098,PROPN
4099,exp,exp_name,mrs. wilcox,Mrs. Wilcox,369224,369235,32,1851,25,M_4099,PROPN
4100,booknlp,COREF,262,she,369303,369306,14,1851,25,M_4100,Other
4101,booknlp,COREF,262,her,369384,369387,14,1851,25,M_4101,Other
4102,booknlp,COREF,262,she,369401,369404,14,1851,25,M_4102,Other
4103,exp,exp_name,dolly,Dolly,369441,369446,11,1851,25,M_4103,PROPN
4104,booknlp,COREF,2408,she,369467,369470,11,1851,25,M_4104,Other
4105,exp,exp_name,percy,Percy,369481,369486,28,1851,25,M_4105,PROPN
4106,exp,exp_name,mr. wilcox,Mr. Wilcox,369550,369560,17,1851,25,M_4106,PROPN
4107,exp,exp_name,miss schlegel,Miss Schlegel,369580,369593,25,1851,25,M_4107,PROPN
4108,exp,exp_name,paul,Paul,369617,369621,34,1851,25,M_4108,PROPN
4109,exp,exp_name,charles,Charles,369661,369668,8,1851,25,M_4109,PROPN
4110,exp,exp_name,evie,Evie,369704,369708,14,1851,25,M_4110,PROPN
4111,booknlp,COREF,262,her,369804,369807,14,1851,25,M_4111,Other
4112,booknlp,COREF,262,her,369821,369824,14,1851,25,M_4112,Other
4113,booknlp,COREF,262,she,369924,369927,14,1851,25,M_4113,Other
4114,booknlp,COREF,262,her,369946,369949,14,1851,25,M_4114,Other
4115,exp,exp_name,margaret,Margaret,369964,369972,25,1852,25,M_4115,PROPN
4116,booknlp,COREF,457,she,369984,369987,25,1852,25,M_4116,Other
4117,exp,exp_name,henry,Henry,370090,370095,17,1852,25,M_4117,PROPN
4118,booknlp,COREF,457,her,370101,370104,25,1852,25,M_4118,Other
4119,booknlp,COREF,355,his,370120,370123,17,1852,25,M_4119,Other
4120,booknlp,COREF,355,his,370204,370207,17,1852,25,M_4120,Other
4121,exp,exp_name,mrs. warrington,Mrs. Warrington,370223,370238,31,1852,25,M_4121,PROPN
4122,exp,exp_name,henry,Henry,370303,370308,17,1852,25,M_4122,PROPN
4123,booknlp,COREF,457,she,370309,370312,25,1852,25,M_4123,Other
4124,booknlp,COREF,355,his,370324,370327,17,1852,25,M_4124,Other
4125,booknlp,COREF,355,He,370363,370365,17,1852,25,M_4125,Other
4126,booknlp,COREF,355,himself,370399,370406,17,1852,25,M_4126,Other
4127,booknlp,COREF,355,his,370465,370468,17,1852,25,M_4127,Other
4128,booknlp,COREF,355,he,370509,370511,17,1852,25,M_4128,Other
4129,booknlp,COREF,355,he,370581,370583,17,1852,25,M_4129,Other
4130,booknlp,COREF,355,his,370666,370669,17,1852,25,M_4130,Other
4131,booknlp,COREF,355,his,370694,370697,17,1852,25,M_4131,Other
4132,booknlp,COREF,457,She,370728,370731,25,1852,25,M_4132,Other
4133,booknlp,COREF,355,him,370823,370826,17,1852,25,M_4133,Other
4134,booknlp,COREF,355,he,370833,370835,17,1852,25,M_4134,Other
4135,exp,exp_name,henry,Henry,370862,370867,17,1852,25,M_4135,PROPN
4136,booknlp,COREF,457,she,370894,370897,25,1852,25,M_4136,Other
4137,booknlp,COREF,355,he,370960,370962,17,1852,25,M_4137,Other
4138,exp,exp_name,margaret,Margaret,371151,371159,25,1852,25,M_4138,PROPN
4139,booknlp,COREF,457,she,371199,371202,25,1852,25,M_4139,Other
4140,booknlp,COREF,457,she,371233,371236,25,1852,25,M_4140,Other
4141,booknlp,COREF,457,she,371253,371256,25,1852,25,M_4141,Other
4142,booknlp,COREF,457,she,371311,371314,25,1852,25,M_4142,Other
4143,exp,exp_name,henry,Henry,371335,371340,17,1852,25,M_4143,PROPN
4144,exp,exp_name,evie,Evie,371361,371365,14,1853,25,M_4144,PROPN
4145,booknlp,COREF,457,She,371407,371410,25,1853,25,M_4145,Other
4146,booknlp,COREF,457,she,371493,371496,25,1853,25,M_4146,Other
4147,booknlp,COREF,457,her,371502,371505,25,1853,25,M_4147,Other
4148,booknlp,COREF,457,her,371550,371553,25,1853,25,M_4148,Other
4149,exp,exp_name,mr. wilcox,Mr. Wilcox,371806,371816,17,1853,25,M_4149,PROPN
4150,exp,exp_name,evie,Evie,372347,372351,14,1853,25,M_4150,PROPN
4151,exp,exp_name,margaret,Margaret,372551,372559,25,1854,25,M_4151,PROPN
4152,exp,exp_name,mrs. plynlimmon,Mrs. Plynlimmon,373295,373310,50,1855,25,M_4152,PROPN
4153,exp,exp_name,lady edser,Lady Edser,373315,373325,49,1855,25,M_4153,PROPN
4154,exp,exp_name,mrs. warrington,Mrs. Warrington,373327,373342,31,1855,25,M_4154,PROPN
4155,exp,exp_name,margaret,Margaret,373484,373492,25,1855,25,M_4155,PROPN
4156,exp,exp_name,dolly,Dolly,373511,373516,11,1855,25,M_4156,PROPN
4157,booknlp,COREF,2449,her,373555,373558,11,1855,25,M_4157,Other
4158,exp,exp_name,paul,Paul,373570,373574,34,1855,25,M_4158,PROPN
4159,exp,exp_name,charles,Charles,373606,373613,8,1855,25,M_4159,PROPN
4160,exp,exp_name,helen,Helen,373668,373673,16,1855,25,M_4160,PROPN
4161,exp,exp_name,tibby,Tibby,373702,373707,45,1855,25,M_4161,PROPN
4162,booknlp,COREF,259,his,373727,373730,45,1855,25,M_4162,Other
4163,exp,exp_name,henry,Henry,373803,373808,17,1855,25,M_4163,PROPN
4164,booknlp,COREF,355,his,373841,373844,17,1855,25,M_4164,Other
4165,booknlp,COREF,355,his,373902,373905,17,1855,25,M_4165,Other
4166,exp,exp_name,margaret,Margaret,374071,374079,25,1855,25,M_4166,PROPN
4167,exp,exp_name,tibby,Tibby,374156,374161,45,1855,25,M_4167,PROPN
4168,exp,exp_name,theobald,Theobald,374168,374176,45,1855,25,M_4168,PROPN
4169,exp,exp_name,helen schlegel,Helen Schlegel,374195,374209,16,1855,25,M_4169,PROPN
4170,exp,exp_name,mrs. plynlimmon,Mrs. Plynlimmon,374234,374249,50,1855,25,M_4170,PROPN
4171,exp,exp_name,margaret,Margaret,374308,374316,25,1855,25,M_4171,PROPN
4172,exp,exp_name,margaret,Margaret,375337,375345,25,1856,25,M_4172,PROPN
4173,exp,exp_name,margaret,Margaret,375715,375723,25,1857,25,M_4173,PROPN
4174,exp,exp_name,crane,Crane,375904,375909,10,1857,25,M_4174,PROPN
4175,exp,exp_name,charles,Charles,375961,375968,8,1857,25,M_4175,PROPN
4176,exp,exp_name,albert fussell,Albert Fussell,376265,376279,3,1857,25,M_4176,PROPN
4177,booknlp,COREF,468,I,376292,376293,9,1857,25,M_4177,Other
4178,booknlp,COREF,468,I,376295,376296,9,1857,25,M_4178,Other
4179,booknlp,COREF,468,my,376305,376307,9,1857,25,M_4179,Other
4180,exp,exp_name,colonel fussell,Colonel Fussell,376320,376335,9,1857,25,M_4180,PROPN
4181,exp,exp_name,myra,Myra,376404,376408,33,1857,25,M_4181,PROPN
4182,exp,exp_name,mrs. warrington,Mrs. Warrington,376410,376425,31,1857,25,M_4182,PROPN
4183,exp,exp_name,charles,Charles,376475,376482,8,1857,25,M_4183,PROPN
4184,exp,exp_name,mrs. warrington,Mrs. Warrington,376580,376595,31,1857,25,M_4184,PROPN
4185,exp,exp_name,charles,Charles,376920,376927,8,1857,25,M_4185,PROPN
4186,exp,exp_name,mrs. warrington,Mrs. Warrington,377900,377915,31,1860,25,M_4186,PROPN
4187,pdnc,qID,Q1566-1,Miss Schlegel,378242,378255,25,1860,25,M_4187,PROPN
4188,pdnc,qID,Q1566-1,Henry,378282,378287,17,1860,25,M_4188,PROPN
4189,exp,exp_name,margaret,Margaret,378338,378346,25,1861,25,M_4189,PROPN
4190,booknlp,COREF,337,Albert,379324,379330,3,1861,25,M_4190,PROPN
4191,booknlp,COREF,337,his,379337,379340,3,1861,25,M_4191,Other
4192,booknlp,COREF,337,he,379360,379362,3,1861,25,M_4192,Other
4193,booknlp,COREF,337,I,379424,379425,3,1861,25,M_4193,Other
4194,booknlp,COREF,337,he,379441,379443,3,1861,25,M_4194,Other
4195,exp,exp_name,mrs. warrington,Mrs. Warrington,379550,379565,31,1862,25,M_4195,PROPN
4196,exp,exp_name,charles,Charles,379619,379626,8,1863,25,M_4196,PROPN
4197,exp,exp_name,margaret,Margaret,379710,379718,25,1863,25,M_4197,PROPN
4198,exp,exp_name,charles,Charles,379933,379940,8,1865,25,M_4198,PROPN
4199,exp,exp_name,margaret,Margaret,380066,380074,25,1866,25,M_4199,PROPN
4200,exp,exp_name,myra,Myra,380143,380147,33,1868,25,M_4200,PROPN
4201,exp,exp_name,margaret,Margaret,380180,380188,25,1870,25,M_4201,PROPN
4202,exp,exp_name,charles,Charles,380322,380329,8,1871,25,M_4202,PROPN
4203,exp,exp_name,mr. fussell,Mr. Fussell,380359,380370,3,1872,25,M_4203,PROPN
4204,exp,exp_name,angelo,Angelo,380399,380405,5,1872,25,M_4204,PROPN
4205,exp,exp_name,crane,Crane,380411,380416,10,1872,25,M_4205,PROPN
4206,exp,exp_name,mrs. warrington,Mrs. Warrington,380466,380481,31,1874,25,M_4206,PROPN
4207,exp,exp_name,charles,Charles,380593,380600,8,1875,25,M_4207,PROPN
4208,pdnc,qID,Q1579-1,Albert,380607,380613,3,1875,25,M_4208,PROPN
4209,exp,exp_name,margaret,Margaret,380682,380690,25,1876,25,M_4209,PROPN
4210,exp,exp_name,charles,Charles,380708,380715,8,1877,25,M_4210,PROPN
4211,pdnc,qID,Q1581-0,Charles,380928,380935,8,1878,25,M_4211,PROPN
4212,pdnc,qID,Q1581-0,you,380943,380946,8,1878,25,M_4212,Other
4213,exp,exp_name,charles,Charles,380988,380995,8,1879,25,M_4213,PROPN
4214,exp,exp_name,margaret,Margaret,381015,381023,25,1880,25,M_4214,PROPN
4215,pdnc,qID,Q1584-0,You,381158,381161,25,1880,25,M_4215,Other
4216,exp,exp_name,charles,Charles,381191,381198,8,1880,25,M_4216,PROPN
4217,exp,exp_name,margaret,Margaret,381316,381324,25,1883,25,M_4217,PROPN
4218,pdnc,qID,Q1588-0,Your,381328,381332,25,1884,25,M_4218,Other
4219,pdnc,qID,Q1590-0,the pater,381396,381405,17,1886,25,M_4219,Other
4220,pdnc,qID,Q1591-0,You,381410,381413,8,1887,25,M_4220,Other
4221,pdnc,qID,Q1591-0,Charles,381450,381457,8,1887,25,M_4221,PROPN
4222,exp,exp_name,charles,Charles,381461,381468,8,1888,25,M_4222,PROPN
4223,exp,exp_name,albert fussell,Albert Fussell,381737,381751,3,1889,25,M_4223,PROPN
4224,booknlp,COREF,337,he,381802,381804,3,1890,25,M_4224,Other
4225,exp,exp_name,charles,Charles,381849,381856,8,1891,25,M_4225,PROPN
4226,booknlp,COREF,337,your,381911,381915,3,1892,25,M_4226,Other
4227,exp,exp_name,margaret,Margaret,382020,382028,25,1892,25,M_4227,PROPN
4228,pdnc,qID,Q1595-0,Miss Schlegel,382214,382227,25,1893,25,M_4228,PROPN
4229,pdnc,qID,Q1595-0,you,382243,382246,25,1893,25,M_4229,Other
4230,pdnc,qID,Q1595-0,your,382255,382259,25,1893,25,M_4230,Other
4231,exp,exp_name,margaret,Margaret,382298,382306,25,1894,25,M_4231,PROPN
4232,pdnc,qID,Q1596-1,you,382315,382318,3,1894,25,M_4232,Other
4233,pdnc,qID,Q1596-1,Mr. Fussell,382325,382336,3,1894,25,M_4233,PROPN
4234,exp,exp_name,crane,Crane,382411,382416,10,1895,25,M_4234,PROPN
4235,booknlp,COREF,364,his,382420,382423,10,1895,25,M_4235,Other
4236,booknlp,COREF,364,He,382430,382432,10,1895,25,M_4236,Other
4237,pdnc,qID,Q1599-0,madam,382502,382507,25,1897,25,M_4237,Other
4238,exp,exp_name,angelo,Angelo,382588,382594,5,1898,25,M_4238,PROPN
4239,pdnc,qID,Q1601-0,you,382641,382644,5,1899,25,M_4239,Other
4240,exp,exp_name,miss schlegel,Miss Schlegel,382851,382864,25,1900,25,M_4240,PROPN
4241,exp,exp_name,lady edser,Lady Edser,382896,382906,49,1900,25,M_4241,PROPN
4242,booknlp,COREF,467,her,382924,382927,49,1900,25,M_4242,Other
4243,booknlp,COREF,467,She,382934,382937,49,1900,25,M_4243,Other
4244,booknlp,COREF,467,she,383147,383150,49,1900,25,M_4244,Other
4245,booknlp,COREF,467,herself,383165,383172,49,1900,25,M_4245,Other
4246,booknlp,COREF,467,she,383178,383181,49,1900,25,M_4246,Other
4247,pdnc,qID,Q1602-0,Henry,383419,383424,17,1901,25,M_4247,PROPN
4248,booknlp,COREF,467,she,383427,383430,49,1901,25,M_4248,Other
4249,booknlp,COREF,467,I,383443,383444,49,1901,25,M_4249,Other
4250,booknlp,COREF,467,she,383472,383475,49,1901,25,M_4250,Other
4251,pdnc,qID,Q1602-2,Charles,383530,383537,8,1901,25,M_4251,PROPN
4252,booknlp,COREF,467,me,383543,383545,49,1901,25,M_4252,Other
4253,booknlp,COREF,467,I,383567,383568,49,1901,25,M_4253,Other
4254,booknlp,COREF,467,She,383587,383590,49,1901,25,M_4254,Other
4255,booknlp,COREF,467,her,383600,383603,49,1901,25,M_4255,Other
4256,booknlp,COREF,355,Your,383620,383624,17,1901,25,M_4256,Other
4257,exp,exp_name,meg,Meg,383630,383633,25,1901,25,M_4257,PROPN
4258,exp,exp_name,mr. wilcox,Mr. Wilcox,383654,383664,17,1902,25,M_4258,PROPN
4259,exp,exp_name,mrs. warrington,Mrs. Warrington,383785,383800,31,1903,25,M_4259,PROPN
4260,exp,exp_name,colonel fussell,Colonel Fussell,383835,383850,9,1904,25,M_4260,PROPN
4261,booknlp,COREF,467,you,383871,383874,49,1904,25,M_4261,Other
4262,pdnc,qID,Q1605-0,you,383884,383887,25,1905,25,M_4262,Other
4263,booknlp,COREF,467,yourself,383893,383901,49,1905,25,M_4263,Other
4264,pdnc,qID,Q1605-0,Margaret,383903,383911,25,1905,25,M_4264,PROPN
4265,booknlp,COREF,468,my,383945,383947,9,1906,25,M_4265,Other
4266,booknlp,COREF,467,She,383991,383994,49,1908,25,M_4266,Other
4267,exp,exp_name,mr. wilcox,Mr. Wilcox,384022,384032,17,1908,25,M_4267,PROPN
4268,pdnc,qID,Q1608-0,Charles,384064,384071,8,1909,25,M_4268,PROPN
4269,exp,exp_name,charles,Charles,384092,384099,8,1910,25,M_4269,PROPN
4270,booknlp,COREF,337,Albert,384171,384177,3,1910,25,M_4270,PROPN
4271,exp,exp_name,miss schlegel,Miss Schlegel,384207,384220,25,1910,25,M_4271,PROPN
4272,exp,exp_name,margaret,Margaret,384538,384546,25,1910,25,M_4272,PROPN
4273,exp,exp_name,miss schlegel,Miss Schlegel,384716,384729,25,1910,25,M_4273,PROPN
4274,exp,exp_name,charles,Charles,384959,384966,8,1910,25,M_4274,PROPN
4275,exp,exp_name,mr. wilcox,Mr. Wilcox,384971,384981,17,1910,25,M_4275,PROPN
4276,exp,exp_name,miss schlegel,Miss Schlegel,385025,385038,25,1910,25,M_4276,PROPN
4277,exp,exp_name,charles,Charles,385047,385054,8,1910,25,M_4277,PROPN
4278,exp,exp_name,helen,Helen,385470,385475,16,1910,25,M_4278,PROPN
4279,exp,exp_name,margaret,Margaret,385481,385489,25,1910,25,M_4279,PROPN
4280,exp,exp_name,aunt juley,Aunt Juley,385495,385505,6,1910,25,M_4280,PROPN
4281,pdnc,qID,Q1609-1,the pater,385720,385729,17,1910,25,M_4281,Other
4282,pdnc,qID,Q1609-1,Evie,385845,385849,14,1910,25,M_4282,Other
4283,pdnc,qID,Q1609-1,the pater,385890,385899,17,1910,25,M_4283,Other
4284,pdnc,qID,Q1609-1,Dolly,385980,385985,11,1910,25,M_4284,Other
4285,pdnc,qID,Q1609-1,Percy,385989,385994,28,1910,25,M_4285,PROPN
4286,exp,exp_name,margaret,Margaret,386779,386787,25,1911,25,M_4286,PROPN
4287,exp,exp_name,charles,Charles,387038,387045,8,1911,25,M_4287,PROPN
4288,exp,exp_name,charles,Charles,387116,387123,8,1911,25,M_4288,PROPN
4289,exp,exp_name,margaret,Margaret,387288,387296,25,1911,25,M_4289,PROPN
4290,exp,exp_name,charles,Charles,387698,387705,8,1912,25,M_4290,PROPN
4291,pdnc,qID,Q1612-0,That woman,388035,388045,25,1914,25,M_4291,Other
4292,exp,exp_name,charles,Charles,388071,388078,8,1914,25,M_4292,PROPN
4293,exp,exp_name,margaret,Margaret,388491,388499,25,1916,26,M_4293,PROPN
4294,exp,exp_name,margaret,Margaret,388897,388905,25,1917,26,M_4294,PROPN
4295,exp,exp_name,henry,Henry,389376,389381,17,1917,26,M_4295,PROPN
4296,booknlp,COREF,355,himself,389382,389389,17,1917,26,M_4296,Other
4297,exp,exp_name,a friend,a friend,389525,389533,1,1917,26,M_4297,PROPN
4298,exp,exp_name,henry,Henry,389899,389904,17,1917,26,M_4298,PROPN
4299,exp,exp_name,charles wilcox,Charles Wilcox,389980,389994,8,1918,26,M_4299,PROPN
4300,exp,exp_name,albert fussell,Albert Fussell,389999,390013,3,1918,26,M_4300,PROPN
4301,exp,exp_name,charles,Charles,390345,390352,8,1918,26,M_4301,PROPN
4302,exp,exp_name,margaret,Margaret,390675,390683,25,1918,26,M_4302,PROPN
4303,exp,exp_name,tibby,Tibby,390732,390737,45,1918,26,M_4303,PROPN
4304,booknlp,COREF,259,his,390769,390772,45,1918,26,M_4304,Other
4305,booknlp,COREF,259,he,390781,390783,45,1918,26,M_4305,Other
4306,booknlp,COREF,259,he,390823,390825,45,1918,26,M_4306,Other
4307,exp,exp_name,charles,Charles,391503,391510,8,1919,26,M_4307,PROPN
4308,pdnc,qID,Q1614-0,Miss Wilcox,391619,391630,14,1920,26,M_4308,PROPN
4309,exp,exp_name,the child,the child,391640,391649,37,1920,26,M_4309,PROPN
4310,exp,exp_name,evie,Evie,391895,391899,14,1924,26,M_4310,PROPN
4311,exp,exp_name,evie,Evie,391931,391935,14,1924,26,M_4311,PROPN
4312,exp,exp_name,margaret,Margaret,392113,392121,25,1925,26,M_4312,PROPN
4313,exp,exp_name,evie,Evie,392266,392270,14,1926,26,M_4313,PROPN
4314,pdnc,qID,Q1618-0,Dolly,392280,392285,11,1926,26,M_4314,Other
4315,exp,exp_name,margaret,Margaret,392348,392356,25,1926,26,M_4315,PROPN
4316,exp,exp_name,henry,Henry,392382,392387,17,1927,26,M_4316,PROPN
4317,booknlp,COREF,355,he,392411,392413,17,1927,26,M_4317,Other
4318,exp,exp_name,margaret,Margaret,392455,392463,25,1927,26,M_4318,PROPN
4319,booknlp,COREF,355,him,392558,392561,17,1927,26,M_4319,Other
4320,booknlp,COREF,355,his,392596,392599,17,1927,26,M_4320,Other
4321,booknlp,COREF,355,his,392631,392634,17,1927,26,M_4321,Other
4322,booknlp,COREF,355,he,392652,392654,17,1927,26,M_4322,Other
4323,booknlp,COREF,355,his,392739,392742,17,1927,26,M_4323,Other
4324,booknlp,COREF,355,He,392751,392753,17,1927,26,M_4324,Other
4325,booknlp,COREF,355,he,392779,392781,17,1927,26,M_4325,Other
4326,exp,exp_name,mrs. warrington,Mrs. Warrington,392817,392832,31,1927,26,M_4326,PROPN
4327,exp,exp_name,evie,Evie,392859,392863,14,1927,26,M_4327,PROPN
4328,exp,exp_name,henry,Henry,392970,392975,17,1927,26,M_4328,PROPN
4329,exp,exp_name,henry,Henry,393165,393170,17,1927,26,M_4329,PROPN
4330,booknlp,COREF,355,his,393234,393237,17,1927,26,M_4330,Other
4331,exp,exp_name,margaret,Margaret,393367,393375,25,1928,26,M_4331,PROPN
4332,booknlp,COREF,355,him,393401,393404,17,1928,26,M_4332,Other
4333,booknlp,COREF,355,him,393437,393440,17,1928,26,M_4333,Other
4334,booknlp,COREF,355,he,393488,393490,17,1928,26,M_4334,Other
4335,exp,exp_name,helen,Helen,393556,393561,16,1928,26,M_4335,PROPN
4336,pdnc,qID,Q1620-0,dear,393584,393588,25,1929,26,M_4336,Other
4337,booknlp,COREF,355,he,393596,393598,17,1929,26,M_4337,Other
4338,booknlp,COREF,355,I,393612,393613,17,1929,26,M_4338,Other
4339,pdnc,qID,Q1620-1,you,393637,393640,25,1929,26,M_4339,Other
4340,booknlp,COREF,355,I,393662,393663,17,1931,26,M_4340,Other
4341,booknlp,COREF,355,I,393708,393709,17,1932,26,M_4341,Other
4342,pdnc,qID,Q1623-0,you,393735,393738,17,1932,26,M_4342,Other
4343,booknlp,COREF,355,his,393763,393766,17,1933,26,M_4343,Other
4344,booknlp,COREF,355,he,393774,393776,17,1933,26,M_4344,Other
4345,booknlp,COREF,355,him,393831,393834,17,1933,26,M_4345,Other
4346,booknlp,COREF,355,his,393886,393889,17,1933,26,M_4346,Other
4347,booknlp,COREF,355,him,393962,393965,17,1933,26,M_4347,Other
4348,booknlp,COREF,355,him,394057,394060,17,1933,26,M_4348,Other
4349,booknlp,COREF,355,he,394093,394095,17,1933,26,M_4349,Other
4350,booknlp,COREF,355,his,394106,394109,17,1933,26,M_4350,Other
4351,booknlp,COREF,355,him,394278,394281,17,1933,26,M_4351,Other
4352,booknlp,COREF,355,his,394296,394299,17,1933,26,M_4352,Other
4353,booknlp,COREF,355,him,394499,394502,17,1933,26,M_4353,Other
4354,booknlp,COREF,355,his,394535,394538,17,1933,26,M_4354,Other
4355,booknlp,COREF,355,he,394559,394561,17,1933,26,M_4355,Other
4356,booknlp,COREF,355,him,394652,394655,17,1933,26,M_4356,Other
4357,pdnc,qID,Q1624-1,you,394773,394776,17,1934,26,M_4357,Other
4358,pdnc,qID,Q1624-1,Evie,394781,394785,14,1934,26,M_4358,Other
4359,pdnc,qID,Q1625-0,Charles,394995,395002,8,1935,26,M_4359,PROPN
4360,pdnc,qID,Q1625-0,she,395018,395021,32,1935,26,M_4360,Other
4361,pdnc,qID,Q1625-0,the Colonel,395139,395150,9,1935,26,M_4361,Other
4362,exp,exp_name,margaret,Margaret,395222,395230,25,1936,26,M_4362,PROPN
4363,exp,exp_name,margaret,Margaret,395831,395839,25,1938,26,M_4363,PROPN
4364,exp,exp_name,evie,Evie,395987,395991,14,1938,26,M_4364,PROPN
4365,exp,exp_name,a little boy,A little boy,396015,396027,46,1938,26,M_4365,PROPN
4366,exp,exp_name,henry,Henry,396156,396161,17,1938,26,M_4366,PROPN
4367,exp,exp_name,margaret,Margaret,396445,396453,25,1938,26,M_4367,PROPN
4368,exp,exp_name,henry,Henry,396656,396661,17,1938,26,M_4368,PROPN
4369,exp,exp_name,margaret,Margaret,396692,396700,25,1938,26,M_4369,PROPN
4370,exp,exp_name,mr. cahill,Mr. Cahill,397800,397810,28,1940,26,M_4370,PROPN
4371,exp,exp_name,evie,Evie,397955,397959,14,1940,26,M_4371,PROPN
4372,exp,exp_name,margaret,Margaret,398146,398154,25,1940,26,M_4372,PROPN
4373,exp,exp_name,margaret,Margaret,398514,398522,25,1941,26,M_4373,PROPN
4374,exp,exp_name,henry,Henry,398616,398621,17,1941,26,M_4374,PROPN
4375,exp,exp_name,lady edser,Lady Edser,398858,398868,49,1941,26,M_4375,PROPN
4376,booknlp,COREF,467,her,398901,398904,49,1941,26,M_4376,Other
4377,exp,exp_name,henry,Henry,399072,399077,17,1942,26,M_4377,PROPN
4378,booknlp,COREF,355,he,399103,399105,17,1942,26,M_4378,Other
4379,booknlp,COREF,355,he,399195,399197,17,1942,26,M_4379,Other
4380,booknlp,COREF,355,he,399258,399260,17,1942,26,M_4380,Other
4381,booknlp,COREF,355,his,399339,399342,17,1942,26,M_4381,Other
4382,pdnc,qID,Q1630-1,Henry dear,399741,399751,17,1942,26,M_4382,Other
4383,pdnc,qID,Q1630-1,You,399817,399820,17,1942,26,M_4383,Other
4384,pdnc,qID,Q1630-1,my aunt,399889,399896,6,1942,26,M_4384,Other
4385,pdnc,qID,Q1630-1,she,399902,399905,6,1942,26,M_4385,Other
4386,pdnc,qID,Q1633-0,you,400187,400190,25,1945,26,M_4386,Other
4387,pdnc,qID,Q1633-0,you,400201,400204,25,1945,26,M_4387,Other
4388,pdnc,qID,Q1633-0,your,400229,400233,25,1945,26,M_4388,Other
4389,pdnc,qID,Q1634-0,Henry,400282,400287,17,1946,26,M_4389,PROPN
4390,exp,exp_name,charles,Charles,400815,400822,8,1951,26,M_4390,PROPN
4391,exp,exp_name,henry,Henry,401096,401101,17,1953,26,M_4391,PROPN
4392,booknlp,COREF,355,I,401203,401204,17,1955,26,M_4392,Other
4393,booknlp,COREF,355,He,401300,401302,17,1957,26,M_4393,Other
4394,exp,exp_name,margaret,Margaret,401317,401325,25,1958,26,M_4394,PROPN
4395,exp,exp_name,evie,Evie,401466,401470,14,1958,26,M_4395,PROPN
4396,exp,exp_name,charles,Charles,401475,401482,8,1958,26,M_4396,PROPN
4397,exp,exp_name,henry,Henry,401494,401499,17,1958,26,M_4397,PROPN
4398,exp,exp_name,helen,Helen,401612,401617,16,1958,26,M_4398,PROPN
4399,exp,exp_name,helen,Helen,401619,401624,16,1958,26,M_4399,PROPN
4400,pdnc,qID,Q1644-1,Tibby,401796,401801,45,1959,26,M_4400,PROPN
4401,exp,exp_name,helen,Helen,401809,401814,16,1960,26,M_4401,PROPN
4402,pdnc,qID,Q1646-0,you,401967,401970,16,1962,26,M_4402,Other
4403,pdnc,qID,Q1648-0,Helen,401998,402003,16,1964,26,M_4403,PROPN
4404,exp,exp_name,margaret,Margaret,402013,402021,25,1964,26,M_4404,PROPN
4405,pdnc,qID,Q1648-1,you,402038,402041,16,1964,26,M_4405,Other
4406,pdnc,qID,Q1649-0,He,402055,402057,22,1965,26,M_4406,Other
4407,pdnc,qID,Q1649-0,his,402067,402070,22,1965,26,M_4407,Other
4408,pdnc,qID,Q1649-0,He,402078,402080,22,1965,26,M_4408,Other
4409,pdnc,qID,Q1649-0,his,402104,402107,22,1965,26,M_4409,Other
4410,pdnc,qID,Q1649-0,he,402119,402121,22,1965,26,M_4410,Other
4411,pdnc,qID,Q1649-0,him,402163,402166,22,1965,26,M_4411,Other
4412,pdnc,qID,Q1649-0,you,402182,402185,25,1965,26,M_4412,Other
4413,pdnc,qID,Q1649-0,His wife,402232,402240,20,1965,26,M_4413,Other
4414,pdnc,qID,Q1649-0,She,402259,402262,20,1965,26,M_4414,Other
4415,pdnc,qID,Q1650-0,Helen,402288,402293,16,1966,26,M_4415,PROPN
4416,pdnc,qID,Q1650-0,you,402299,402302,16,1966,26,M_4416,Other
4417,pdnc,qID,Q1651-0,you,402328,402331,25,1967,26,M_4417,Other
4418,pdnc,qID,Q1652-0,you,402565,402568,16,1968,26,M_4418,Other
4419,pdnc,qID,Q1652-0,Helen,402633,402638,16,1968,26,M_4419,PROPN
4420,exp,exp_name,helen,Helen,402642,402647,16,1969,26,M_4420,PROPN
4421,pdnc,qID,Q1654-0,you,402813,402816,16,1970,26,M_4421,Other
4422,pdnc,qID,Q1654-0,you,402905,402908,16,1970,26,M_4422,Other
4423,pdnc,qID,Q1654-0,you,402924,402927,16,1970,26,M_4423,Other
4424,pdnc,qID,Q1654-1,Evie,402981,402985,14,1970,26,M_4424,Other
4425,pdnc,qID,Q1654-1,you,403036,403039,16,1970,26,M_4425,Other
4426,pdnc,qID,Q1654-2,my sister,403224,403233,16,1970,26,M_4426,Other
4427,pdnc,qID,Q1654-2,she,403283,403286,16,1970,26,M_4427,Other
4428,exp,exp_name,helen,Helen,403382,403387,16,1971,26,M_4428,PROPN
4429,exp,exp_name,margaret,Margaret,403428,403436,25,1972,26,M_4429,PROPN
4430,pdnc,qID,Q1656-1,you,403550,403553,16,1972,26,M_4430,Other
4431,pdnc,qID,Q1656-1,you,403583,403586,16,1972,26,M_4431,Other
4432,pdnc,qID,Q1657-0,Mr. Wilcox,403639,403649,17,1973,26,M_4432,PROPN
4433,exp,exp_name,margaret,Margaret,403653,403661,25,1974,26,M_4433,PROPN
4434,exp,exp_name,henry,Henry,403727,403732,17,1974,26,M_4434,PROPN
4435,pdnc,qID,Q1658-0,He,403736,403738,17,1975,26,M_4435,Other
4436,pdnc,qID,Q1658-0,he,403767,403769,17,1975,26,M_4436,Other
4437,pdnc,qID,Q1658-0,him,403793,403796,17,1975,26,M_4437,Other
4438,pdnc,qID,Q1661-0,you,403861,403864,22,1978,26,M_4438,Other
4439,pdnc,qID,Q1661-0,Mr. Bast,403869,403877,22,1978,26,M_4439,PROPN
4440,exp,exp_name,margaret,Margaret,403885,403893,25,1978,26,M_4440,PROPN
4441,pdnc,qID,Q1661-1,you,403963,403966,22,1978,26,M_4441,Other
4442,pdnc,qID,Q1662-0,Mrs. Bast,403991,404000,20,1979,26,M_4442,PROPN
4443,exp,exp_name,helen,Helen,404017,404022,16,1979,26,M_4443,PROPN
4444,exp,exp_name,jacky,Jacky,404025,404030,20,1980,26,M_4444,PROPN
4445,exp,exp_name,leonard,Leonard,404403,404410,22,1980,26,M_4445,PROPN
4446,pdnc,qID,Q1663-0,You,404800,404803,20,1980,26,M_4446,Other
4447,pdnc,qID,Q1663-1,you,404882,404885,20,1980,26,M_4447,Other
4448,booknlp,COREF,311,I,404979,404980,22,1981,26,M_4448,Other
4449,booknlp,COREF,311,I,404988,404989,22,1981,26,M_4449,Other
4450,exp,exp_name,leonard,Leonard,405020,405027,22,1981,26,M_4450,PROPN
4451,exp,exp_name,margaret,Margaret,405042,405050,25,1981,26,M_4451,PROPN
4452,pdnc,qID,Q1664-1,you,405068,405071,25,1981,26,M_4452,Other
4453,booknlp,COREF,311,me,405093,405095,22,1981,26,M_4453,Other
4454,booknlp,COREF,311,me,405119,405121,22,1981,26,M_4454,Other
4455,exp,exp_name,the porphyrion,the Porphyrion,405128,405142,54,1981,26,M_4455,PROPN
4456,booknlp,COREF,311,I,405148,405149,22,1981,26,M_4456,Other
4457,booknlp,COREF,311,I,405165,405166,22,1981,26,M_4457,Other
4458,pdnc,qID,Q1665-0,him,405210,405213,22,1982,26,M_4458,Other
4459,exp,exp_name,the porphyrion,the Porphyrion,405224,405238,54,1982,26,M_4459,PROPN
4460,exp,exp_name,helen,Helen,405256,405261,16,1982,26,M_4460,PROPN
4461,pdnc,qID,Q1665-1,Meg,405264,405267,25,1982,26,M_4461,PROPN
4462,exp,exp_name,margaret,Margaret,405362,405370,25,1983,26,M_4462,PROPN
4463,exp,exp_name,mr. bast,Mr. Bast,405402,405410,22,1983,26,M_4463,PROPN
4464,booknlp,COREF,311,I,405414,405415,22,1984,26,M_4464,Other
4465,pdnc,qID,Q1666-0,You,405434,405437,22,1984,26,M_4465,Other
4466,exp,exp_name,the porphyrion,the Porphyrion,405443,405457,54,1984,26,M_4466,PROPN
4467,pdnc,qID,Q1666-0,you,405508,405511,22,1984,26,M_4467,Other
4468,pdnc,qID,Q1669-0,you,405573,405576,25,1987,26,M_4468,Other
4469,exp,exp_name,helen,Helen,405593,405598,16,1987,26,M_4469,PROPN
4470,pdnc,qID,Q1669-1,he,405636,405638,22,1987,26,M_4470,Other
4471,pdnc,qID,Q1669-1,he,405668,405670,22,1987,26,M_4471,Other
4472,pdnc,qID,Q1669-1,our informant,405711,405724,17,1987,26,M_4472,Other
4473,booknlp,COREF,311,I,405751,405752,22,1988,26,M_4473,Other
4474,exp,exp_name,leonard,Leonard,405769,405776,22,1988,26,M_4474,PROPN
4475,booknlp,COREF,311,I,405789,405790,22,1989,26,M_4475,Other
4476,pdnc,qID,Q1671-0,you,405796,405799,22,1989,26,M_4476,Other
4477,pdnc,qID,Q1671-0,Mr. Bast,405804,405812,22,1989,26,M_4477,PROPN
4478,pdnc,qID,Q1671-0,You,405848,405851,22,1989,26,M_4478,Other
4479,pdnc,qID,Q1671-0,you,405898,405901,22,1989,26,M_4479,Other
4480,pdnc,qID,Q1671-0,Mr. Wilcox,405921,405931,17,1989,26,M_4480,PROPN
4481,pdnc,qID,Q1671-0,him,405945,405948,17,1989,26,M_4481,Other
4482,pdnc,qID,Q1671-0,you,405981,405984,22,1989,26,M_4482,Other
4483,exp,exp_name,helen,Helen,406057,406062,16,1990,26,M_4483,PROPN
4484,pdnc,qID,Q1673-0,you,406084,406087,22,1991,26,M_4484,Other
4485,pdnc,qID,Q1673-0,My sister,406103,406112,16,1991,26,M_4485,Other
4486,pdnc,qID,Q1673-0,you,406121,406124,22,1991,26,M_4486,Other
4487,pdnc,qID,Q1673-0,you,406172,406175,22,1991,26,M_4487,Other
4488,pdnc,qID,Q1673-0,you,406214,406217,22,1991,26,M_4488,Other
4489,pdnc,qID,Q1673-0,Mrs. Bast,406263,406272,20,1991,26,M_4489,PROPN
4490,booknlp,COREF,311,I,406340,406341,22,1992,26,M_4490,Other
4491,pdnc,qID,Q1674-0,Miss Schlegel,406348,406361,25,1992,26,M_4491,PROPN
4492,exp,exp_name,leonard,Leonard,406369,406376,22,1992,26,M_4492,PROPN
4493,pdnc,qID,Q1674-1,You,406379,406382,25,1992,26,M_4493,Other
4494,pdnc,qID,Q1674-1,you,406437,406440,25,1992,26,M_4494,Other
4495,booknlp,COREF,311,me,406446,406448,22,1992,26,M_4495,Other
4496,booknlp,COREF,311,I,406460,406461,22,1992,26,M_4496,Other
4497,pdnc,qID,Q1675-0,he,406496,406498,22,1993,26,M_4497,Other
4498,exp,exp_name,helen,Helen,406519,406524,16,1993,26,M_4498,PROPN
4499,pdnc,qID,Q1675-1,you,406533,406536,25,1993,26,M_4499,Other
4500,booknlp,COREF,311,he,406549,406551,22,1994,26,M_4500,Other
4501,pdnc,qID,Q1676-0,Jacky,406559,406564,20,1994,26,M_4501,PROPN
4502,pdnc,qID,Q1677-0,you,406772,406775,22,1995,26,M_4502,Other
4503,exp,exp_name,margaret,Margaret,406788,406796,25,1995,26,M_4503,PROPN
4504,pdnc,qID,Q1677-1,my sister,406841,406850,16,1995,26,M_4504,Other
4505,pdnc,qID,Q1677-1,You,406852,406855,22,1995,26,M_4505,Other
4506,pdnc,qID,Q1677-1,your,406872,406876,22,1995,26,M_4506,Other
4507,pdnc,qID,Q1677-1,you,406939,406942,22,1995,26,M_4507,Other
4508,pdnc,qID,Q1677-1,you,406974,406977,22,1995,26,M_4508,Other
4509,exp,exp_name,leonard,Leonard,406995,407002,22,1996,26,M_4509,PROPN
4510,pdnc,qID,Q1678-0,You,407061,407064,25,1996,26,M_4510,Other
4511,pdnc,qID,Q1678-0,you,407081,407084,25,1996,26,M_4511,Other
4512,booknlp,COREF,311,he,407104,407106,22,1996,26,M_4512,Other
4513,booknlp,COREF,311,I,407114,407115,22,1996,26,M_4513,Other
4514,booknlp,COREF,311,I.,407207,407209,22,1996,26,M_4514,Other
4515,booknlp,COREF,311,I,407210,407211,22,1996,26,M_4515,Other
4516,booknlp,COREF,311,my,407216,407218,22,1996,26,M_4516,Other
4517,booknlp,COREF,311,I,407231,407232,22,1996,26,M_4517,Other
4518,booknlp,COREF,311,I,407251,407252,22,1996,26,M_4518,Other
4519,pdnc,qID,Q1678-1,Miss Schlegel,407389,407402,25,1996,26,M_4519,PROPN
4520,pdnc,qID,Q1678-1,Your,407452,407456,25,1996,26,M_4520,Other
4521,pdnc,qID,Q1678-1,you,407484,407487,25,1996,26,M_4521,Other
4522,booknlp,COREF,311,me,407502,407504,22,1996,26,M_4522,Other
4523,booknlp,COREF,311,I,407506,407507,22,1996,26,M_4523,Other
4524,pdnc,qID,Q1678-1,his,407545,407548,22,1996,26,M_4524,Other
4525,pdnc,qID,Q1678-1,him,407588,407591,22,1996,26,M_4525,Other
4526,booknlp,COREF,311,I,407593,407594,22,1996,26,M_4526,Other
4527,exp,exp_name,margaret,Margaret,407843,407851,25,1997,26,M_4527,PROPN
4528,pdnc,qID,Q1679-1,Mr. Wilcox,407909,407919,17,1997,26,M_4528,PROPN
4529,pdnc,qID,Q1679-1,Helen,408048,408053,16,1997,26,M_4529,PROPN
4530,pdnc,qID,Q1679-1,Mrs. Bast,408096,408105,20,1997,26,M_4530,PROPN
4531,exp,exp_name,leonard,Leonard,408309,408316,22,1998,26,M_4531,PROPN
4532,exp,exp_name,jacky,Jacky,408326,408331,20,1998,26,M_4532,PROPN
4533,exp,exp_name,margaret,Margaret,408367,408375,25,1998,26,M_4533,PROPN
4534,exp,exp_name,helen,Helen,408437,408442,16,1998,26,M_4534,PROPN
4535,pdnc,qID,Q1680-0,Helen,408456,408461,16,1999,26,M_4535,PROPN
4536,pdnc,qID,Q1680-0,Mr. Bast,408470,408478,22,1999,26,M_4536,PROPN
4537,pdnc,qID,Q1680-0,he,408493,408495,22,1999,26,M_4537,Other
4538,pdnc,qID,Q1680-0,we,408526,408528,25,1999,26,M_4538,Other
4539,pdnc,qID,Q1681-0,Mr. Wilcox,408578,408588,17,2000,26,M_4539,PROPN
4540,pdnc,qID,Q1682-0,you,408605,408608,16,2001,26,M_4540,Other
4541,pdnc,qID,Q1682-0,you,408630,408633,16,2001,26,M_4541,Other
4542,pdnc,qID,Q1682-0,you,408683,408686,16,2001,26,M_4542,Other
4543,pdnc,qID,Q1682-0,Henry,408766,408771,17,2001,26,M_4543,PROPN
4544,exp,exp_name,helen,Helen,408809,408814,16,2002,26,M_4544,PROPN
4545,pdnc,qID,Q1683-0,you,408842,408845,16,2003,26,M_4545,Other
4546,pdnc,qID,Q1683-0,Henry,408905,408910,17,2003,26,M_4546,PROPN
4547,pdnc,qID,Q1683-0,he,409097,409099,22,2003,26,M_4547,Other
4548,pdnc,qID,Q1683-0,him,409135,409138,22,2003,26,M_4548,Other
4549,pdnc,qID,Q1683-0,Henry,409153,409158,17,2003,26,M_4549,PROPN
4550,booknlp,COREF,355,his,409172,409175,17,2004,26,M_4550,Other
4551,exp,exp_name,helen,Helen,409195,409200,16,2004,26,M_4551,PROPN
4552,pdnc,qID,Q1685-0,Mr. Wilcox ,409371,409382,17,2005,26,M_4552,PROPN
4553,pdnc,qID,Q1685-0,him,409452,409455,17,2005,26,M_4553,Other
4554,pdnc,qID,Q1686-0,You,409554,409557,25,2006,26,M_4554,Other
4555,pdnc,qID,Q1687-1,you,409724,409727,16,2007,26,M_4555,Other
4556,pdnc,qID,Q1687-1,Helen,409737,409742,16,2007,26,M_4556,PROPN
4557,pdnc,qID,Q1687-1,You,409744,409747,16,2007,26,M_4557,Other
4558,pdnc,qID,Q1687-1,You,409800,409803,16,2007,26,M_4558,Other
4559,pdnc,qID,Q1687-1,you,409844,409847,16,2007,26,M_4559,Other
4560,booknlp,COREF,355,yourself,409884,409892,17,2007,26,M_4560,Other
4561,exp,exp_name,henry,Henry,409940,409945,17,2008,26,M_4561,PROPN
4562,booknlp,COREF,355,he,409959,409961,17,2008,26,M_4562,Other
4563,booknlp,COREF,355,he,410042,410044,17,2008,26,M_4563,Other
4564,pdnc,qID,Q1689-0,You,410090,410093,17,2009,26,M_4564,Other
4565,exp,exp_name,margaret,Margaret,410121,410129,25,2009,26,M_4565,PROPN
4566,booknlp,COREF,355,him,410151,410154,17,2009,26,M_4566,Other
4567,pdnc,qID,Q1689-1,my sister,410188,410197,16,2009,26,M_4567,Other
4568,pdnc,qID,Q1690-0,Helen,410202,410207,16,2010,26,M_4568,PROPN
4569,booknlp,COREF,355,he,410215,410217,17,2010,26,M_4569,Other
4570,pdnc,qID,Q1690-1,she,410249,410252,16,2010,26,M_4570,Other
4571,booknlp,COREF,355,I,410277,410278,17,2010,26,M_4571,Other
4572,pdnc,qID,Q1691-0,She,410320,410323,16,2011,26,M_4572,Other
4573,pdnc,qID,Q1691-0,her,410366,410369,16,2011,26,M_4573,Other
4574,booknlp,COREF,355,he,410414,410416,17,2012,26,M_4574,Other
4575,pdnc,qID,Q1692-0,she,410434,410437,16,2013,26,M_4575,Other
4576,pdnc,qID,Q1692-0,her,410467,410470,16,2013,26,M_4576,Other
4577,pdnc,qID,Q1694-0,My dear Henry,410520,410533,17,2015,26,M_4577,Other
4578,pdnc,qID,Q1694-0,you,410539,410542,17,2015,26,M_4578,Other
4579,pdnc,qID,Q1696-0,Helen,410637,410642,16,2017,26,M_4579,PROPN
4580,pdnc,qID,Q1696-0,you,410652,410655,17,2017,26,M_4580,Other
4581,pdnc,qID,Q1698-0,you,410809,410812,17,2019,26,M_4581,Other
4582,exp,exp_name,henry,Henry,410989,410994,17,2020,26,M_4582,PROPN
4583,booknlp,COREF,355,me,411048,411050,17,2020,26,M_4583,Other
4584,pdnc,qID,Q1702-0,you,411197,411200,17,2023,26,M_4584,Other
4585,pdnc,qID,Q1702-0,the man,411209,411216,22,2023,26,M_4585,Other
4586,pdnc,qID,Q1702-0,your,411230,411234,17,2023,26,M_4586,Other
4587,pdnc,qID,Q1703-0,his,411255,411258,22,2024,26,M_4587,Other
4588,pdnc,qID,Q1704-0,He,411292,411294,22,2025,26,M_4588,Other
4589,pdnc,qID,Q1707-0,his,411353,411356,22,2028,26,M_4589,Other
4590,pdnc,qID,Q1708-0,Bast,411366,411370,22,2029,26,M_4590,Other
4591,exp,exp_name,margaret,Margaret,411378,411386,25,2029,26,M_4591,PROPN
4592,booknlp,COREF,355,him,411412,411415,17,2029,26,M_4592,Other
4593,pdnc,qID,Q1709-0,he,411523,411525,22,2030,26,M_4593,Other
4594,pdnc,qID,Q1711-0,he,411565,411567,22,2032,26,M_4594,Other
4595,booknlp,COREF,355,he,411576,411578,17,2032,26,M_4595,Other
4596,pdnc,qID,Q1713-0,him,411664,411667,22,2034,26,M_4596,Other
4597,exp,exp_name,mrs. plynlimmon,Mrs. Plynlimmon,411793,411808,50,2035,26,M_4597,PROPN
4598,exp,exp_name,margaret,Margaret,411953,411961,25,2035,26,M_4598,PROPN
4599,exp,exp_name,henry,Henry,411998,412003,17,2035,26,M_4599,PROPN
4600,pdnc,qID,Q1715-0,you,412131,412134,17,2036,26,M_4600,Other
4601,pdnc,qID,Q1715-0,him,412140,412143,22,2036,26,M_4601,Other
4602,pdnc,qID,Q1715-1,he,412182,412184,22,2036,26,M_4602,Other
4603,pdnc,qID,Q1716-0,Margaret,412226,412234,25,2037,26,M_4603,PROPN
4604,pdnc,qID,Q1718-0,your,412322,412326,25,2039,26,M_4604,Other
4605,pdnc,qID,Q1719-0,you,412387,412390,17,2040,26,M_4605,Other
4606,pdnc,qID,Q1719-0,he,412391,412393,22,2040,26,M_4606,Other
4607,pdnc,qID,Q1719-0,He,412406,412408,22,2040,26,M_4607,Other
4608,pdnc,qID,Q1719-0,he,412410,412412,22,2040,26,M_4608,Other
4609,exp,exp_name,henry,Henry,412604,412609,17,2042,26,M_4609,PROPN
4610,booknlp,COREF,355,he,412613,412615,17,2042,26,M_4610,Other
4611,exp,exp_name,henry,Henry,412624,412629,17,2042,26,M_4611,PROPN
4612,exp,exp_name,helen,Helen,412633,412638,16,2042,26,M_4612,PROPN
4613,pdnc,qID,Q1721-0,Your protege,413013,413025,22,2043,26,M_4613,Other
4614,exp,exp_name,henry,Henry,413139,413144,17,2044,26,M_4614,PROPN
4615,booknlp,COREF,355,he,413169,413171,17,2044,26,M_4615,Other
4616,exp,exp_name,helen,Helen,413201,413206,16,2044,26,M_4616,PROPN
4617,exp,exp_name,margaret,Margaret,413849,413857,25,2044,26,M_4617,PROPN
4618,exp,exp_name,mrs. bast,Mrs. Bast,413957,413966,20,2045,26,M_4618,PROPN
4619,exp,exp_name,helen,Helen,414008,414013,16,2045,26,M_4619,PROPN
4620,booknlp,COREF,389,her,414023,414026,20,2045,26,M_4620,Other
4621,booknlp,COREF,389,her,414043,414046,20,2045,26,M_4621,Other
4622,exp,exp_name,margaret,Margaret,414085,414093,25,2045,26,M_4622,PROPN
4623,exp,exp_name,jacky,Jacky,414362,414367,20,2045,26,M_4623,PROPN
4624,pdnc,qID,Q1722-0,She,414480,414483,20,2046,26,M_4624,Other
4625,exp,exp_name,margaret,Margaret,414498,414506,25,2046,26,M_4625,PROPN
4626,pdnc,qID,Q1723-0,She,414520,414523,20,2047,26,M_4626,Other
4627,exp,exp_name,henry,Henry,414548,414553,17,2047,26,M_4627,PROPN
4628,booknlp,COREF,355,I,414571,414572,17,2047,26,M_4628,Other
4629,pdnc,qID,Q1723-1,her,414584,414587,20,2047,26,M_4629,Other
4630,booknlp,COREF,355,my,414591,414593,17,2047,26,M_4630,Other
4631,pdnc,qID,Q1724-0,she,414622,414625,20,2048,26,M_4631,Other
4632,exp,exp_name,margaret,Margaret,414629,414637,25,2048,26,M_4632,PROPN
4633,booknlp,COREF,355,him,414696,414699,17,2048,26,M_4633,Other
4634,booknlp,COREF,355,he,414701,414703,17,2048,26,M_4634,Other
4635,booknlp,COREF,355,He,414726,414728,17,2048,26,M_4635,Other
4636,exp,exp_name,henry,Henry,414772,414777,17,2049,26,M_4636,PROPN
4637,pdnc,qID,Q1725-0,Madam,414871,414876,20,2050,26,M_4637,PROPN
4638,pdnc,qID,Q1725-0,you,414878,414881,20,2050,26,M_4638,Other
4639,booknlp,COREF,355,he,414922,414924,17,2050,26,M_4639,Other
4640,exp,exp_name,jacky,Jacky,414940,414945,20,2051,26,M_4640,PROPN
4641,pdnc,qID,Q1726-0,Hen,414968,414971,17,2051,26,M_4641,Other
4642,exp,exp_name,margaret,Margaret,415028,415036,25,2052,26,M_4642,PROPN
4643,pdnc,qID,Q1728-0,Henry,415072,415077,17,2053,26,M_4643,PROPN
4644,exp,exp_name,mr. wilcox,Mr. Wilcox,415113,415123,17,2054,26,M_4644,PROPN
4645,pdnc,qID,Q1729-0,you,415158,415161,25,2054,26,M_4645,Other
4646,pdnc,qID,Q1730-0,Hen,415196,415199,17,2055,26,M_4646,Other
4647,pdnc,qID,Q1730-0,You,415211,415214,17,2055,26,M_4647,Other
4648,pdnc,qID,Q1730-0,dear,415227,415231,17,2055,26,M_4648,Other
4649,pdnc,qID,Q1730-0,you,415239,415242,17,2055,26,M_4649,Other
4650,exp,exp_name,margaret,Margaret,415280,415288,25,2056,26,M_4650,PROPN
4651,exp,exp_name,jacky,Jacky,415316,415321,20,2057,26,M_4651,PROPN
4652,pdnc,qID,Q1732-0,You,415346,415349,17,2057,26,M_4652,Other
4653,pdnc,qID,Q1732-0,you,415365,415368,17,2057,26,M_4653,Other
4654,pdnc,qID,Q1733-0,you,415406,415409,17,2057,26,M_4654,Other
4655,pdnc,qID,Q1734-0,Henry,415414,415419,17,2058,26,M_4655,PROPN
4656,pdnc,qID,Q1736-0,you,415609,415612,17,2060,26,M_4656,Other
4657,pdnc,qID,Q1738-0,she,415673,415676,20,2063,26,M_4657,Other
4658,pdnc,qID,Q1738-0,you,415682,415685,17,2063,26,M_4658,Other
4659,exp,exp_name,margaret,Margaret,415699,415707,25,2063,26,M_4659,PROPN
4660,pdnc,qID,Q1738-1,she,415725,415728,20,2063,26,M_4660,Other
4661,pdnc,qID,Q1738-1,you,415739,415742,17,2063,26,M_4661,Other
4662,pdnc,qID,Q1739-0,Hen,415759,415762,17,2064,26,M_4662,Other
4663,exp,exp_name,jacky,Jacky,415777,415782,20,2064,26,M_4663,PROPN
4664,pdnc,qID,Q1739-1,Hen,415801,415804,17,2064,26,M_4664,Other
4665,pdnc,qID,Q1739-1,He,415806,415808,17,2064,26,M_4665,Other
4666,pdnc,qID,Q1739-1,you,415819,415822,25,2064,26,M_4666,Other
4667,booknlp,COREF,318,me,415828,415830,20,2064,26,M_4667,Other
4668,booknlp,COREF,318,my,415832,415834,20,2064,26,M_4668,Other
4669,pdnc,qID,Q1739-1,You,415841,415844,25,2064,26,M_4669,Other
4670,pdnc,qID,Q1740-0,you,415877,415880,25,2065,26,M_4670,Other
4671,exp,exp_name,henry,Henry,415897,415902,17,2065,26,M_4671,PROPN
4672,exp,exp_name,margaret,Margaret,415911,415919,25,2066,26,M_4672,PROPN
4673,booknlp,COREF,355,he,416016,416018,17,2067,26,M_4673,Other
4674,booknlp,COREF,355,He,416043,416045,17,2067,26,M_4674,Other
4675,booknlp,COREF,355,he,416054,416056,17,2067,26,M_4675,Other
4676,booknlp,COREF,355,He,416070,416072,17,2067,26,M_4676,Other
4677,booknlp,COREF,355,his,416077,416080,17,2067,26,M_4677,Other
4678,pdnc,qID,Q1742-0,you,416110,416113,25,2067,26,M_4678,Other
4679,booknlp,COREF,355,he,416123,416125,17,2067,26,M_4679,Other
4680,booknlp,COREF,355,I,416142,416143,17,2067,26,M_4680,Other
4681,booknlp,COREF,355,me,416154,416156,17,2067,26,M_4681,Other
4682,pdnc,qID,Q1742-1,you,416173,416176,25,2067,26,M_4682,Other
4683,pdnc,qID,Q1742-1,your,416195,416199,25,2067,26,M_4683,Other
4684,pdnc,qID,Q1743-0,Helen,416217,416222,16,2068,26,M_4684,PROPN
4685,booknlp,COREF,355,mine,416235,416239,17,2068,26,M_4685,Other
4686,booknlp,COREF,355,I,416244,416245,17,2069,26,M_4686,Other
4687,booknlp,COREF,355,I,416312,416313,17,2069,26,M_4687,Other
4688,pdnc,qID,Q1744-0,your,416327,416331,25,2069,26,M_4688,Other
4689,pdnc,qID,Q1744-0,Margaret,416341,416349,25,2069,26,M_4689,PROPN
4690,pdnc,qID,Q1744-0,You,416351,416354,25,2069,26,M_4690,Other
4691,booknlp,COREF,355,I,416390,416391,17,2069,26,M_4691,Other
4692,booknlp,COREF,355,I,416431,416432,17,2069,26,M_4692,Other
4693,pdnc,qID,Q1744-0,you,416460,416463,25,2069,26,M_4693,Other
4694,exp,exp_name,jacky,Jacky,416613,416618,20,2070,26,M_4694,PROPN
4695,exp,exp_name,colonel fussell,Colonel Fussell,416771,416786,9,2072,26,M_4695,PROPN
4696,pdnc,qID,Q1747-0,Henry,416850,416855,17,2073,26,M_4696,PROPN
4697,booknlp,COREF,468,I,416860,416861,9,2073,26,M_4697,Other
4698,booknlp,COREF,468,my,416902,416904,9,2073,26,M_4698,Other
4699,booknlp,COREF,468,his,416928,416931,9,2073,26,M_4699,Other
4700,booknlp,COREF,468,him,416977,416980,9,2073,26,M_4700,Other
4701,booknlp,COREF,468,He,416985,416987,9,2073,26,M_4701,Other
4702,booknlp,COREF,355,me,417047,417049,17,2074,26,M_4702,Other
4703,exp,exp_name,henry,Henry,417065,417070,17,2074,26,M_4703,PROPN
4704,pdnc,qID,Q1749-0,You,417101,417104,9,2075,26,M_4704,Other
4705,pdnc,qID,Q1749-0,he,417110,417112,17,2075,26,M_4705,Other
4706,booknlp,COREF,468,He,417203,417205,9,2077,26,M_4706,Other
4707,booknlp,COREF,468,him,417244,417247,9,2077,26,M_4707,Other
4708,exp,exp_name,margaret,Margaret,417464,417472,25,2078,26,M_4708,PROPN
4709,pdnc,qID,Q1751-0,that woman,417488,417498,20,2078,26,M_4709,Other
4710,pdnc,qID,Q1751-0,your,417508,417512,17,2078,26,M_4710,Other
4711,pdnc,qID,Q1752-0,your,417542,417546,25,2079,26,M_4711,Other
4712,booknlp,COREF,468,he,417564,417566,9,2079,26,M_4712,Other
4713,booknlp,COREF,468,him,417646,417649,9,2084,26,M_4713,Other
4714,exp,exp_name,mrs. wilcox,Mrs. Wilcox,417701,417712,32,2084,26,M_4714,PROPN
4715,exp,exp_name,helen,Helen,417732,417737,16,2086,27,M_4715,PROPN
4716,exp,exp_name,mr. bast,Mr. Bast,417903,417911,22,2086,27,M_4716,PROPN
4717,exp,exp_name,mrs. bast,Mrs. Bast,417917,417926,20,2086,27,M_4717,PROPN
4718,exp,exp_name,margaret,Margaret,418060,418068,25,2086,27,M_4718,PROPN
4719,exp,exp_name,helen,Helen,418114,418119,16,2086,27,M_4719,PROPN
4720,pdnc,qID,Q1757-0,Mr. Wilcox,418222,418232,17,2087,27,M_4720,PROPN
4721,exp,exp_name,leonard,Leonard,418268,418275,22,2087,27,M_4721,PROPN
4722,booknlp,COREF,311,his,418289,418292,22,2087,27,M_4722,Other
4723,pdnc,qID,Q1757-1,we,418361,418363,16,2087,27,M_4723,Other
4724,pdnc,qID,Q1757-1,him,418369,418372,17,2087,27,M_4724,Other
4725,pdnc,qID,Q1757-1,his,418380,418383,17,2087,27,M_4725,Other
4726,pdnc,qID,Q1757-1,you,418397,418400,22,2087,27,M_4726,Other
4727,pdnc,qID,Q1757-1,he,418405,418407,17,2087,27,M_4727,Other
4728,pdnc,qID,Q1757-1,he,418444,418446,17,2087,27,M_4728,Other
4729,pdnc,qID,Q1757-1,you,418492,418495,22,2087,27,M_4729,Other
4730,pdnc,qID,Q1757-1,you,418513,418516,22,2087,27,M_4730,Other
4731,pdnc,qID,Q1757-1,him,418525,418528,17,2087,27,M_4731,Other
4732,pdnc,qID,Q1758-0,you,418559,418562,16,2088,27,M_4732,Other
4733,pdnc,qID,Q1758-0,Miss Schlegel,418577,418590,16,2088,27,M_4733,PROPN
4734,exp,exp_name,leonard,Leonard,418606,418613,22,2088,27,M_4734,PROPN
4735,pdnc,qID,Q1759-0,you,418675,418678,22,2089,27,M_4735,Other
4736,pdnc,qID,Q1759-0,you,419133,419136,22,2089,27,M_4736,Other
4737,pdnc,qID,Q1761-0,you,419186,419189,22,2091,27,M_4737,Other
4738,exp,exp_name,leonard,Leonard,419486,419493,22,2092,27,M_4738,PROPN
4739,booknlp,COREF,311,himself,419501,419508,22,2092,27,M_4739,Other
4740,booknlp,COREF,311,his,419513,419516,22,2092,27,M_4740,Other
4741,booknlp,COREF,311,his,419610,419613,22,2092,27,M_4741,Other
4742,booknlp,COREF,311,I,419628,419629,22,2092,27,M_4742,Other
4743,booknlp,COREF,311,he,419658,419660,22,2092,27,M_4743,Other
4744,booknlp,COREF,311,I,419672,419673,22,2092,27,M_4744,Other
4745,pdnc,qID,Q1762-1,you,419729,419732,16,2092,27,M_4745,Other
4746,exp,exp_name,helen,Helen,419784,419789,16,2093,27,M_4746,PROPN
4747,exp,exp_name,leonard,Leonard,420151,420158,22,2094,27,M_4747,PROPN
4748,booknlp,COREF,311,he,420189,420191,22,2094,27,M_4748,Other
4749,booknlp,COREF,311,I,420203,420204,22,2094,27,M_4749,Other
4750,pdnc,qID,Q1764-0,Miss Schlegel,420214,420227,16,2094,27,M_4750,PROPN
4751,pdnc,qID,Q1764-0,you,420234,420237,16,2094,27,M_4751,Other
4752,booknlp,COREF,311,I,420242,420243,22,2094,27,M_4752,Other
4753,booknlp,COREF,311,I,420272,420273,22,2094,27,M_4753,Other
4754,pdnc,qID,Q1766-0,your sister,420297,420308,25,2096,27,M_4754,Other
4755,exp,exp_name,helen,Helen,420339,420344,16,2097,27,M_4755,PROPN
4756,exp,exp_name,margaret,Margaret,420385,420393,25,2097,27,M_4756,PROPN
4757,booknlp,COREF,311,I.,420456,420458,22,2097,27,M_4757,Other
4758,pdnc,qID,Q1768-0,Mr. Wilcox,420467,420477,17,2098,27,M_4758,PROPN
4759,pdnc,qID,Q1768-0,he,420479,420481,17,2098,27,M_4759,Other
4760,pdnc,qID,Q1769-0,Mr. Wilcox,420545,420555,17,2099,27,M_4760,PROPN
4761,booknlp,COREF,311,he,420588,420590,22,2100,27,M_4761,Other
4762,exp,exp_name,helen,Helen,420599,420604,16,2100,27,M_4762,PROPN
4763,booknlp,COREF,311,him,420639,420642,22,2100,27,M_4763,Other
4764,booknlp,COREF,311,him,420692,420695,22,2100,27,M_4764,Other
4765,booknlp,COREF,311,him,420730,420733,22,2100,27,M_4765,Other
4766,booknlp,COREF,311,him,420762,420765,22,2100,27,M_4766,Other
4767,booknlp,COREF,311,he,420815,420817,22,2101,27,M_4767,Other
4768,booknlp,COREF,311,he,420960,420962,22,2101,27,M_4768,Other
4769,exp,exp_name,miss schlegel,Miss Schlegel,421031,421044,25,2101,27,M_4769,PROPN
4770,exp,exp_name,helen,Helen,421077,421082,16,2101,27,M_4770,PROPN
4771,exp,exp_name,margaret,Margaret,421104,421112,25,2101,27,M_4771,PROPN
4772,booknlp,COREF,311,he,421234,421236,22,2101,27,M_4772,Other
4773,booknlp,COREF,311,him,421311,421314,22,2101,27,M_4773,Other
4774,exp,exp_name,helen,Helen,421328,421333,16,2101,27,M_4774,PROPN
4775,booknlp,COREF,311,his,421346,421349,22,2101,27,M_4775,Other
4776,exp,exp_name,miss schlegel,Miss Schlegel,421351,421364,25,2101,27,M_4776,PROPN
4777,booknlp,COREF,311,him,421378,421381,22,2101,27,M_4777,Other
4778,booknlp,COREF,311,him,421404,421407,22,2101,27,M_4778,Other
4779,exp,exp_name,margaret,Margaret,421463,421471,25,2101,27,M_4779,PROPN
4780,booknlp,COREF,311,He,421515,421517,22,2101,27,M_4780,Other
4781,booknlp,COREF,311,He,421563,421565,22,2101,27,M_4781,Other
4782,booknlp,COREF,311,his,421611,421614,22,2101,27,M_4782,Other
4783,exp,exp_name,helen,Helen,421690,421695,16,2101,27,M_4783,PROPN
4784,exp,exp_name,leonard,Leonard,421772,421779,22,2101,27,M_4784,PROPN
4785,booknlp,COREF,311,he,421806,421808,22,2101,27,M_4785,Other
4786,booknlp,COREF,311,his,421845,421848,22,2101,27,M_4786,Other
4787,booknlp,COREF,311,he,421876,421878,22,2101,27,M_4787,Other
4788,exp,exp_name,mr. wilcox,Mr. Wilcox,421890,421900,17,2101,27,M_4788,PROPN
4789,exp,exp_name,jacky,Jacky,421902,421907,20,2101,27,M_4789,PROPN
4790,booknlp,COREF,318,he,421941,421943,20,2101,27,M_4790,Other
4791,booknlp,COREF,318,he,421994,421996,20,2101,27,M_4791,Other
4792,booknlp,COREF,318,himself,422014,422021,20,2101,27,M_4792,Other
4793,booknlp,COREF,318,he,422030,422032,20,2101,27,M_4793,Other
4794,booknlp,COREF,318,his,422056,422059,20,2101,27,M_4794,Other
4795,booknlp,COREF,318,his,422189,422192,20,2101,27,M_4795,Other
4796,booknlp,COREF,318,him,422219,422222,20,2101,27,M_4796,Other
4797,exp,exp_name,helen,Helen,422244,422249,16,2101,27,M_4797,PROPN
4798,exp,exp_name,margaret,Margaret,422255,422263,25,2101,27,M_4798,PROPN
4799,exp,exp_name,helen,Helen,422268,422273,16,2101,27,M_4799,PROPN
4800,exp,exp_name,helen,Helen,422298,422303,16,2102,27,M_4800,PROPN
4801,booknlp,COREF,318,him,422317,422320,20,2102,27,M_4801,Other
4802,booknlp,COREF,318,his,422352,422355,20,2102,27,M_4802,Other
4803,pdnc,qID,Q1771-0,Mrs. Bast,422363,422372,20,2102,27,M_4803,PROPN
4804,pdnc,qID,Q1771-0,she,422379,422382,20,2102,27,M_4804,Other
4805,pdnc,qID,Q1771-1,she,422443,422446,20,2102,27,M_4805,Other
4806,pdnc,qID,Q1772-0,she,422474,422477,20,2103,27,M_4806,Other
4807,pdnc,qID,Q1772-0,her,422487,422490,20,2103,27,M_4807,Other
4808,exp,exp_name,leonard,Leonard,422503,422510,22,2103,27,M_4808,PROPN
4809,pdnc,qID,Q1773-0,her,422534,422537,20,2104,27,M_4809,Other
4810,pdnc,qID,Q1774-0,you,422552,422555,16,2105,27,M_4810,Other
4811,pdnc,qID,Q1774-0,she,422557,422560,20,2105,27,M_4811,Other
4812,exp,exp_name,mr. bast,Mr. Bast,422587,422595,22,2106,27,M_4812,PROPN
4813,pdnc,qID,Q1775-0,your wife,422619,422628,20,2106,27,M_4813,Other
4814,exp,exp_name,leonard,Leonard,422632,422639,22,2107,27,M_4814,PROPN
4815,booknlp,COREF,311,his,422654,422657,22,2107,27,M_4815,Other
4816,pdnc,qID,Q1776-0,You,422666,422669,22,2108,27,M_4816,Other
4817,pdnc,qID,Q1776-0,you,422726,422729,22,2108,27,M_4817,Other
4818,pdnc,qID,Q1777-0,Miss Schlegel,422745,422758,16,2109,27,M_4818,PROPN
4819,pdnc,qID,Q1778-0,your,422805,422809,22,2110,27,M_4819,Other
4820,pdnc,qID,Q1778-0,You,422841,422844,22,2110,27,M_4820,Other
4821,pdnc,qID,Q1778-0,she,422849,422852,20,2110,27,M_4821,Other
4822,booknlp,COREF,311,He,422883,422885,22,2111,27,M_4822,Other
4823,booknlp,COREF,311,I,422920,422921,22,2111,27,M_4823,Other
4824,pdnc,qID,Q1779-0,Jacky,422957,422962,20,2111,27,M_4824,PROPN
4825,booknlp,COREF,311,I,423026,423027,22,2111,27,M_4825,Other
4826,booknlp,COREF,311,I,423042,423043,22,2111,27,M_4826,Other
4827,pdnc,qID,Q1779-0,her,423065,423068,20,2111,27,M_4827,Other
4828,booknlp,COREF,311,I,423111,423112,22,2111,27,M_4828,Other
4829,pdnc,qID,Q1779-0,her,423134,423137,20,2111,27,M_4829,Other
4830,booknlp,COREF,311,I,423146,423147,22,2111,27,M_4830,Other
4831,booknlp,COREF,311,I,423153,423154,22,2111,27,M_4831,Other
4832,pdnc,qID,Q1779-0,her,423169,423172,20,2111,27,M_4832,Other
4833,pdnc,qID,Q1779-0,her,423182,423185,20,2111,27,M_4833,Other
4834,pdnc,qID,Q1780-0,you,423204,423207,22,2112,27,M_4834,Other
4835,booknlp,COREF,311,your,423257,423261,22,2114,27,M_4835,Other
4836,booknlp,COREF,311,I,423370,423371,22,2115,27,M_4836,Other
4837,exp,exp_name,helen,Helen,423414,423419,16,2116,27,M_4837,PROPN
4838,pdnc,qID,Q1784-0,My good boy,423457,423468,22,2116,27,M_4838,Other
4839,pdnc,qID,Q1784-1,your,423511,423515,22,2116,27,M_4839,Other
4840,pdnc,qID,Q1785-0,your,423678,423682,22,2118,27,M_4840,Other
4841,exp,exp_name,leonard,Leonard,423699,423706,22,2119,27,M_4841,PROPN
4842,booknlp,COREF,311,he,423730,423732,22,2119,27,M_4842,Other
4843,booknlp,COREF,311,he,423795,423797,22,2119,27,M_4843,Other
4844,booknlp,COREF,311,my,423894,423896,22,2121,27,M_4844,Other
4845,pdnc,qID,Q1789-0,your,424061,424065,22,2122,27,M_4845,Other
4846,pdnc,qID,Q1789-0,your,424078,424082,22,2122,27,M_4846,Other
4847,pdnc,qID,Q1789-0,Mrs. Bast,424101,424110,20,2122,27,M_4847,PROPN
4848,booknlp,COREF,311,I,424119,424120,22,2123,27,M_4848,Other
4849,pdnc,qID,Q1791-0,you,424147,424150,22,2124,27,M_4849,Other
4850,pdnc,qID,Q1791-0,you,424197,424200,22,2124,27,M_4850,Other
4851,pdnc,qID,Q1791-0,you,424223,424226,22,2124,27,M_4851,Other
4852,pdnc,qID,Q1791-0,her,424299,424302,20,2124,27,M_4852,Other
4853,exp,exp_name,helen,Helen,424357,424362,16,2126,27,M_4853,PROPN
4854,booknlp,COREF,717,I,424379,424380,40,2127,27,M_4854,Other
4855,pdnc,qID,Q1793-0,Miss Schlegel,424397,424410,16,2127,27,M_4855,PROPN
4856,booknlp,COREF,717,I,424412,424413,40,2127,27,M_4856,Other
4857,booknlp,COREF,717,I,424470,424471,40,2128,27,M_4857,Other
4858,booknlp,COREF,717,I,424486,424487,40,2128,27,M_4858,Other
4859,booknlp,COREF,717,me,424567,424569,40,2128,27,M_4859,Other
4860,booknlp,COREF,717,I,424571,424572,40,2128,27,M_4860,Other
4861,pdnc,qID,Q1794-0,you,424609,424612,22,2128,27,M_4861,Other
4862,booknlp,COREF,717,I,424614,424615,40,2128,27,M_4862,Other
4863,pdnc,qID,Q1794-0,your wife,424627,424636,20,2128,27,M_4863,Other
4864,exp,exp_name,leonard,Leonard,424666,424673,22,2129,27,M_4864,PROPN
4865,exp,exp_name,the man,the man,424720,424727,40,2129,27,M_4865,PROPN
4866,booknlp,COREF,717,him,424868,424871,40,2129,27,M_4866,Other
4867,pdnc,qID,Q1795-0,you,424902,424905,16,2129,27,M_4867,Other
4868,booknlp,COREF,717,he,424914,424916,40,2129,27,M_4868,Other
4869,booknlp,COREF,717,I,424927,424928,40,2129,27,M_4869,Other
4870,booknlp,COREF,717,I,424971,424972,40,2129,27,M_4870,Other
4871,booknlp,COREF,717,I,424986,424987,40,2129,27,M_4871,Other
4872,booknlp,COREF,717,I,425068,425069,40,2129,27,M_4872,Other
4873,booknlp,COREF,717,I,425099,425100,40,2129,27,M_4873,Other
4874,booknlp,COREF,717,I,425107,425108,40,2129,27,M_4874,Other
4875,exp,exp_name,helen,Helen,425277,425282,16,2132,27,M_4875,PROPN
4876,pdnc,qID,Q1798-1,you,425321,425324,22,2132,27,M_4876,Other
4877,booknlp,COREF,717,he,425456,425458,40,2133,27,M_4877,Other
4878,booknlp,COREF,717,I,425474,425475,40,2133,27,M_4878,Other
4879,booknlp,COREF,717,I,425586,425587,40,2133,27,M_4879,Other
4880,booknlp,COREF,717,my,425606,425608,40,2133,27,M_4880,Other
4881,booknlp,COREF,717,I,425633,425634,40,2133,27,M_4881,Other
4882,booknlp,COREF,717,My,425702,425704,40,2133,27,M_4882,Other
4883,pdnc,qID,Q1799-1,you,425737,425740,16,2133,27,M_4883,Other
4884,booknlp,COREF,717,me,425775,425777,40,2133,27,M_4884,Other
4885,booknlp,COREF,717,I,425789,425790,40,2133,27,M_4885,Other
4886,exp,exp_name,helen,Helen,425867,425872,16,2134,27,M_4886,PROPN
4887,pdnc,qID,Q1802-0,you,425944,425947,22,2136,27,M_4887,Other
4888,pdnc,qID,Q1803-0,Miss Schlegel,426203,426216,16,2137,27,M_4888,PROPN
4889,pdnc,qID,Q1804-0,You,426274,426277,22,2138,27,M_4889,Other
4890,pdnc,qID,Q1804-0,You,426294,426297,22,2138,27,M_4890,Other
4891,exp,exp_name,leonard,Leonard,426320,426327,22,2139,27,M_4891,PROPN
4892,pdnc,qID,Q1805-0,you,426378,426381,22,2140,27,M_4892,Other
4893,pdnc,qID,Q1805-0,Mr. Bast,426767,426775,22,2140,27,M_4893,PROPN
4894,exp,exp_name,the man,the man,426861,426868,40,2140,27,M_4894,PROPN
4895,pdnc,qID,Q1807-0,you,426969,426972,22,2142,27,M_4895,Other
4896,exp,exp_name,helen,Helen,427395,427400,16,2146,27,M_4896,PROPN
4897,exp,exp_name,leonard,Leonard,427429,427436,22,2147,27,M_4897,PROPN
4898,booknlp,COREF,311,he,427536,427538,22,2147,27,M_4898,Other
4899,booknlp,COREF,311,his,427571,427574,22,2147,27,M_4899,Other
4900,exp,exp_name,mr. wilcox,Mr. Wilcox,427794,427804,17,2147,27,M_4900,PROPN
4901,booknlp,COREF,311,him,427810,427813,22,2147,27,M_4901,Other
4902,exp,exp_name,mr. wilcox,Mr. Wilcox,427848,427858,17,2147,27,M_4902,PROPN
4903,exp,exp_name,helen,Helen,428010,428015,16,2149,27,M_4903,PROPN
4904,booknlp,COREF,311,his,428356,428359,22,2149,27,M_4904,Other
4905,booknlp,COREF,311,his,428369,428372,22,2149,27,M_4905,Other
4906,booknlp,COREF,311,his,428456,428459,22,2149,27,M_4906,Other
4907,booknlp,COREF,311,him,428520,428523,22,2149,27,M_4907,Other
4908,exp,exp_name,leonard,Leonard,428735,428742,22,2150,27,M_4908,PROPN
4909,exp,exp_name,margaret,Margaret,428860,428868,25,2150,27,M_4909,PROPN
4910,exp,exp_name,leonard,Leonard,428897,428904,22,2150,27,M_4910,PROPN
4911,exp,exp_name,margaret,Margaret,429010,429018,25,2152,28,M_4911,PROPN
4912,exp,exp_name,henry,Henry,429117,429122,17,2152,28,M_4912,PROPN
4913,booknlp,COREF,355,him,429139,429142,17,2152,28,M_4913,Other
4914,booknlp,COREF,355,him,429172,429175,17,2152,28,M_4914,Other
4915,booknlp,COREF,355,his,429258,429261,17,2152,28,M_4915,Other
4916,exp,exp_name,henry,Henry,429731,429736,17,2154,28,M_4916,PROPN
4917,exp,exp_name,henry,Henry,429823,429828,17,2154,28,M_4917,PROPN
4918,booknlp,COREF,355,his,429984,429987,17,2156,28,M_4918,Other
4919,booknlp,COREF,355,he,430016,430018,17,2156,28,M_4919,Other
4920,booknlp,COREF,355,his,430132,430135,17,2156,28,M_4920,Other
4921,booknlp,COREF,355,his,430165,430168,17,2156,28,M_4921,Other
4922,exp,exp_name,margaret,Margaret,431163,431171,25,2156,28,M_4922,PROPN
4923,exp,exp_name,evie,Evie,431261,431265,14,2156,28,M_4923,PROPN
4924,exp,exp_name,mr. cahill,Mr. Cahill,431270,431280,28,2156,28,M_4924,PROPN
4925,exp,exp_name,mr. bast,MR. BAST,431417,431425,22,2157,28,M_4925,PROPN
4926,exp,exp_name,mr. wilcox,Mr. Wilcox,431447,431457,17,2158,28,M_4926,PROPN
4927,booknlp,COREF,313,you,431464,431467,22,2158,28,M_4927,Other
4928,booknlp,COREF,313,you,431531,431534,22,2158,28,M_4928,Other
4929,booknlp,COREF,313,Yours,431539,431544,22,2159,28,M_4929,Other
4930,exp,exp_name,helen,Helen,431605,431610,16,2161,28,M_4930,PROPN
4931,exp,exp_name,helen,HELEN,431746,431751,16,2162,28,M_4931,PROPN
4932,exp,exp_name,henry,Henry,431794,431799,17,2163,28,M_4932,PROPN
4933,exp,exp_name,margaret,Margaret,432095,432103,25,2165,28,M_4933,PROPN
4934,exp,exp_name,helen,Helen,432289,432294,16,2165,28,M_4934,PROPN
4935,exp,exp_name,mr. wilcox,Mr. Wilcox,432353,432363,17,2165,28,M_4935,PROPN
4936,exp,exp_name,helen,Helen,432675,432680,16,2165,28,M_4936,PROPN
4937,exp,exp_name,mr. bast,Mr. Bast,432685,432693,22,2165,28,M_4937,PROPN
4938,exp,exp_name,henry,Henry,432822,432827,17,2165,28,M_4938,PROPN
4939,booknlp,COREF,355,him,432878,432881,17,2166,28,M_4939,Other
4940,booknlp,COREF,355,him,432987,432990,17,2166,28,M_4940,Other
4941,booknlp,COREF,355,he,433008,433010,17,2167,28,M_4941,Other
4942,exp,exp_name,margaret,Margaret,433043,433051,25,2168,28,M_4942,PROPN
4943,booknlp,COREF,355,him,433071,433074,17,2168,28,M_4943,Other
4944,pdnc,qID,Q1817-0,Helen,433091,433096,16,2169,28,M_4944,PROPN
4945,pdnc,qID,Q1817-1,She,433119,433122,16,2169,28,M_4945,Other
4946,booknlp,COREF,355,I,433170,433171,17,2170,28,M_4946,Other
4947,exp,exp_name,henry,Henry,433207,433212,17,2170,28,M_4947,PROPN
4948,pdnc,qID,Q1819-0,the man,433240,433247,22,2171,28,M_4948,Other
4949,pdnc,qID,Q1819-0,him,433277,433280,22,2171,28,M_4949,Other
4950,pdnc,qID,Q1820-0,you,433350,433353,25,2172,28,M_4950,Other
4951,pdnc,qID,Q1820-0,your sister,433363,433374,16,2172,28,M_4951,Other
4952,pdnc,qID,Q1822-0,she,433423,433426,16,2174,28,M_4952,Other
4953,pdnc,qID,Q1822-0,your,433445,433449,25,2174,28,M_4953,Other
4954,pdnc,qID,Q1823-0,her,433494,433497,16,2175,28,M_4954,Other
4955,pdnc,qID,Q1823-0,you,433523,433526,17,2175,28,M_4955,Other
4956,pdnc,qID,Q1823-0,Helen,433551,433556,16,2175,28,M_4956,PROPN
4957,pdnc,qID,Q1823-0,her,433585,433588,16,2175,28,M_4957,Other
4958,pdnc,qID,Q1824-0,You,433669,433672,17,2177,28,M_4958,Other
4959,pdnc,qID,Q1824-0,you,433707,433710,17,2177,28,M_4959,Other
4960,exp,exp_name,henry,Henry,433732,433737,17,2178,28,M_4960,PROPN
4961,booknlp,COREF,355,he,433832,433834,17,2178,28,M_4961,Other
4962,exp,exp_name,margaret,Margaret,433864,433872,25,2178,28,M_4962,PROPN
4963,booknlp,COREF,355,his,434051,434054,17,2178,28,M_4963,Other
4964,exp,exp_name,mrs. bast,Mrs. Bast,434294,434303,20,2179,28,M_4964,PROPN
4965,exp,exp_name,henry,Henry,434305,434310,17,2179,28,M_4965,PROPN
4966,booknlp,COREF,355,his,434351,434354,17,2179,28,M_4966,Other
4967,booknlp,COREF,355,his,434379,434382,17,2179,28,M_4967,Other
4968,booknlp,COREF,355,his,434417,434420,17,2179,28,M_4968,Other
4969,booknlp,COREF,355,him,434468,434471,17,2179,28,M_4969,Other
4970,booknlp,COREF,355,his,434480,434483,17,2179,28,M_4970,Other
4971,exp,exp_name,mrs. wilcox,Mrs. Wilcox,434660,434671,32,2179,28,M_4971,PROPN
4972,exp,exp_name,henry,Henry,434821,434826,17,2179,28,M_4972,PROPN
4973,booknlp,COREF,355,he,434843,434845,17,2179,28,M_4973,Other
4974,booknlp,COREF,355,him,434867,434870,17,2179,28,M_4974,Other
4975,booknlp,COREF,355,him,434916,434919,17,2179,28,M_4975,Other
4976,exp,exp_name,henry,Henry,435326,435331,17,2181,28,M_4976,PROPN
4977,exp,exp_name,mrs. wilcox,Mrs. Wilcox,435398,435409,32,2181,28,M_4977,PROPN
4978,exp,exp_name,the man,the man,435539,435546,40,2181,28,M_4978,PROPN
4979,exp,exp_name,mrs. wilcox,Mrs. Wilcox,435595,435606,32,2181,28,M_4979,PROPN
4980,booknlp,COREF,355,his,435616,435619,17,2181,28,M_4980,Other
4981,exp,exp_name,margaret,Margaret,435659,435667,25,2181,28,M_4981,PROPN
4982,pdnc,qID,Q1826-0,Henry dear,435964,435974,17,2183,29,M_4982,Other
4983,booknlp,COREF,355,He,435997,435999,17,2184,29,M_4983,Other
4984,booknlp,COREF,355,his,436013,436016,17,2184,29,M_4984,Other
4985,booknlp,COREF,355,His,436057,436060,17,2184,29,M_4985,Other
4986,exp,exp_name,margaret,Margaret,436088,436096,25,2184,29,M_4986,PROPN
4987,booknlp,COREF,355,him,436106,436109,17,2184,29,M_4987,Other
4988,booknlp,COREF,355,him,436134,436137,17,2184,29,M_4988,Other
4989,booknlp,COREF,355,his,436245,436248,17,2184,29,M_4989,Other
4990,pdnc,qID,Q1827-0,Henry dear,436257,436267,17,2185,29,M_4990,Other
4991,pdnc,qID,Q1827-0,you,436298,436301,17,2185,29,M_4991,Other
4992,pdnc,qID,Q1828-0,You,436346,436349,25,2186,29,M_4992,Other
4993,booknlp,COREF,355,he,436381,436383,17,2186,29,M_4993,Other
4994,booknlp,COREF,355,I,436399,436400,17,2186,29,M_4994,Other
4995,pdnc,qID,Q1828-1,you,436415,436418,25,2186,29,M_4995,Other
4996,booknlp,COREF,355,I,436441,436442,17,2186,29,M_4996,Other
4997,booknlp,COREF,355,I,436467,436468,17,2186,29,M_4997,Other
4998,booknlp,COREF,355,I,436480,436481,17,2186,29,M_4998,Other
4999,booknlp,COREF,355,I,436510,436511,17,2186,29,M_4999,Other
5000,booknlp,COREF,355,his,436567,436570,17,2187,29,M_5000,Other
5001,exp,exp_name,mr. wilcox,Mr. Wilcox,436585,436595,17,2187,29,M_5001,PROPN
5002,booknlp,COREF,355,He,436620,436622,17,2187,29,M_5002,Other
5003,booknlp,COREF,355,he,436669,436671,17,2187,29,M_5003,Other
5004,booknlp,COREF,355,himself,436681,436688,17,2187,29,M_5004,Other
5005,pdnc,qID,Q1829-0,you,436759,436762,17,2188,29,M_5005,Other
5006,pdnc,qID,Q1829-0,boy,436769,436772,17,2188,29,M_5006,PROPN
5007,booknlp,COREF,355,I,436804,436805,17,2188,29,M_5007,Other
5008,booknlp,COREF,355,I,436816,436817,17,2188,29,M_5008,Other
5009,booknlp,COREF,355,he,436886,436888,17,2189,29,M_5009,Other
5010,pdnc,qID,Q1830-1,you,436920,436923,25,2189,29,M_5010,Other
5011,booknlp,COREF,355,I,436934,436935,17,2189,29,M_5011,Other
5012,pdnc,qID,Q1830-1,you,436954,436957,25,2189,29,M_5012,Other
5013,booknlp,COREF,355,He,436968,436970,17,2189,29,M_5013,Other
5014,exp,exp_name,miss schlegel,Miss Schlegel,436988,437001,25,2189,29,M_5014,PROPN
5015,booknlp,COREF,355,He,437008,437010,17,2189,29,M_5015,Other
5016,booknlp,COREF,355,his,437103,437106,17,2189,29,M_5016,Other
5017,booknlp,COREF,355,he,437259,437261,17,2189,29,M_5017,Other
5018,booknlp,COREF,355,I,437388,437389,17,2190,29,M_5018,Other
5019,pdnc,qID,Q1831-0,you,437405,437408,25,2190,29,M_5019,Other
5020,booknlp,COREF,355,he,437411,437413,17,2190,29,M_5020,Other
5021,booknlp,COREF,355,I,437426,437427,17,2190,29,M_5021,Other
5022,booknlp,COREF,355,I,437441,437442,17,2190,29,M_5022,Other
5023,pdnc,qID,Q1831-1,you,437468,437471,25,2190,29,M_5023,Other
5024,booknlp,COREF,355,I,437494,437495,17,2190,29,M_5024,Other
5025,booknlp,COREF,355,I,437506,437507,17,2190,29,M_5025,Other
5026,booknlp,COREF,355,I,437526,437527,17,2190,29,M_5026,Other
5027,booknlp,COREF,355,his,437600,437603,17,2191,29,M_5027,Other
5028,booknlp,COREF,355,He,437610,437612,17,2191,29,M_5028,Other
5029,booknlp,COREF,355,his,437648,437651,17,2191,29,M_5029,Other
5030,pdnc,qID,Q1832-0,You,437668,437671,25,2191,29,M_5030,Other
5031,pdnc,qID,Q1832-0,your,437678,437682,25,2191,29,M_5031,Other
5032,pdnc,qID,Q1832-0,you,437745,437748,25,2191,29,M_5032,Other
5033,pdnc,qID,Q1832-0,your sister,437753,437764,16,2191,29,M_5033,Other
5034,pdnc,qID,Q1832-0,you,437781,437784,25,2191,29,M_5034,Other
5035,booknlp,COREF,355,I,437786,437787,17,2191,29,M_5035,Other
5036,pdnc,qID,Q1832-0,you,437801,437804,25,2191,29,M_5036,Other
5037,exp,exp_name,margaret,Margaret,437882,437890,25,2192,29,M_5037,PROPN
5038,pdnc,qID,Q1834-0,you,437992,437995,25,2193,29,M_5038,Other
5039,booknlp,COREF,355,I,438075,438076,17,2193,29,M_5039,Other
5040,pdnc,qID,Q1834-0,you,438112,438115,25,2193,29,M_5040,Other
5041,exp,exp_name,margaret,Margaret,438183,438191,25,2195,29,M_5041,PROPN
5042,exp,exp_name,henry,Henry,438379,438384,17,2195,29,M_5042,PROPN
5043,booknlp,COREF,355,his,438412,438415,17,2195,29,M_5043,Other
5044,booknlp,COREF,355,him,438515,438518,17,2195,29,M_5044,Other
5045,pdnc,qID,Q1836-0,Helen,438540,438545,16,2196,29,M_5045,PROPN
5046,pdnc,qID,Q1837-0,her,438634,438637,16,2198,29,M_5046,Other
5047,pdnc,qID,Q1837-0,Mrs. Bast,438653,438662,20,2198,29,M_5047,PROPN
5048,pdnc,qID,Q1838-1,you,438788,438791,25,2199,29,M_5048,Other
5049,pdnc,qID,Q1838-1,your,438796,438800,25,2199,29,M_5049,Other
5050,pdnc,qID,Q1839-0,she,438857,438860,16,2200,29,M_5050,Other
5051,pdnc,qID,Q1841-0,you,438921,438924,17,2202,29,M_5051,Other
5052,exp,exp_name,margaret,Margaret,439039,439047,25,2205,29,M_5052,PROPN
5053,exp,exp_name,miss schlegel,Miss Schlegel,439111,439124,25,2205,29,M_5053,PROPN
5054,pdnc,qID,Q1844-0,you,439225,439228,17,2206,29,M_5054,Other
5055,exp,exp_name,margaret,Margaret,439236,439244,25,2206,29,M_5055,PROPN
5056,exp,exp_name,henry,Henry,439288,439293,17,2207,29,M_5056,PROPN
5057,pdnc,qID,Q1845-1,you,439319,439322,25,2207,29,M_5057,Other
5058,booknlp,COREF,355,I,439364,439365,17,2207,29,M_5058,Other
5059,booknlp,COREF,355,I,439397,439398,17,2207,29,M_5059,Other
5060,booknlp,COREF,355,I,439419,439420,17,2207,29,M_5060,Other
5061,booknlp,COREF,355,I,439434,439435,17,2207,29,M_5061,Other
5062,booknlp,COREF,355,I,439449,439450,17,2207,29,M_5062,Other
5063,pdnc,qID,Q1845-1,Margaret,439479,439487,25,2207,29,M_5063,PROPN
5064,booknlp,COREF,355,He,439491,439493,17,2207,29,M_5064,Other
5065,booknlp,COREF,355,him,439575,439578,17,2207,29,M_5065,Other
5066,pdnc,qID,Q1845-2,We,439581,439583,17,2207,29,M_5066,Other
5067,pdnc,qID,Q1845-2,you,439633,439636,25,2207,29,M_5067,Other
5068,pdnc,qID,Q1845-3,you,439767,439770,25,2207,29,M_5068,Other
5069,pdnc,qID,Q1845-3,you,439781,439784,25,2207,29,M_5069,Other
5070,pdnc,qID,Q1845-3,you,439941,439944,25,2207,29,M_5070,Other
5071,pdnc,qID,Q1845-3,you,439966,439969,25,2207,29,M_5071,Other
5072,pdnc,qID,Q1846-0,dear,440012,440016,17,2208,29,M_5072,Other
5073,exp,exp_name,henry,Henry,440501,440506,17,2210,29,M_5073,PROPN
5074,booknlp,COREF,355,him,440557,440560,17,2210,29,M_5074,Other
5075,booknlp,COREF,355,He,440562,440564,17,2210,29,M_5075,Other
5076,booknlp,COREF,355,his,440640,440643,17,2210,29,M_5076,Other
5077,exp,exp_name,mrs. wilcox,Mrs. Wilcox,440661,440672,32,2210,29,M_5077,PROPN
5078,booknlp,COREF,355,him,440697,440700,17,2210,29,M_5078,Other
5079,exp,exp_name,mrs. wilcox,Mrs. Wilcox,440724,440735,32,2210,29,M_5079,PROPN
5080,booknlp,COREF,355,he,440883,440885,17,2211,29,M_5080,Other
5081,booknlp,COREF,355,him,440931,440934,17,2211,29,M_5081,Other
5082,pdnc,qID,Q1849-0,you,440979,440982,17,2211,29,M_5082,Other
5083,pdnc,qID,Q1849-0,Henry,440984,440989,17,2211,29,M_5083,PROPN
5084,booknlp,COREF,355,him,441036,441039,17,2211,29,M_5084,Other
5085,booknlp,COREF,355,he,441079,441081,17,2211,29,M_5085,Other
5086,booknlp,COREF,355,his,441096,441099,17,2211,29,M_5086,Other
5087,booknlp,COREF,355,his,441118,441121,17,2211,29,M_5087,Other
5088,exp,exp_name,henry,Henry,441179,441184,17,2211,29,M_5088,PROPN
5089,booknlp,COREF,355,he,441237,441239,17,2211,29,M_5089,Other
5090,exp,exp_name,margaret,Margaret,441323,441331,25,2211,29,M_5090,PROPN
5091,exp,exp_name,henry,Henry,441547,441552,17,2211,29,M_5091,PROPN
5092,exp,exp_name,henry,Henry,441636,441641,17,2212,29,M_5092,PROPN
5093,booknlp,COREF,355,He,441685,441687,17,2212,29,M_5093,Other
5094,booknlp,COREF,355,his,441770,441773,17,2212,29,M_5094,Other
5095,exp,exp_name,jacky,Jacky,441841,441846,20,2212,29,M_5095,PROPN
5096,booknlp,COREF,318,he,441985,441987,20,2212,29,M_5096,Other
5097,booknlp,COREF,318,him,442051,442054,20,2212,29,M_5097,Other
5098,booknlp,COREF,318,He,442056,442058,20,2212,29,M_5098,Other
5099,exp,exp_name,margaret,Margaret,442084,442092,25,2212,29,M_5099,PROPN
5100,exp,exp_name,helen,Helen,442145,442150,16,2212,29,M_5100,PROPN
5101,pdnc,qID,Q1850-0,the man,442198,442205,22,2213,29,M_5101,Other
5102,pdnc,qID,Q1850-0,his wife,442210,442218,20,2213,29,M_5102,Other
5103,pdnc,qID,Q1850-0,your sister,442251,442262,16,2213,29,M_5103,Other
5104,pdnc,qID,Q1851-0,Helen,442309,442314,16,2214,29,M_5104,PROPN
5105,pdnc,qID,Q1852-0,you,442480,442483,25,2215,29,M_5105,Other
5106,pdnc,qID,Q1853-0,you,442512,442515,17,2216,29,M_5106,Other
5107,pdnc,qID,Q1854-0,Dear,442544,442548,25,2217,29,M_5107,Other
5108,pdnc,qID,Q1854-0,you,442556,442559,25,2217,29,M_5108,Other
5109,exp,exp_name,margaret,Margaret,442591,442599,25,2218,29,M_5109,PROPN
5110,exp,exp_name,evie,Evie,442667,442671,14,2218,29,M_5110,PROPN
5111,pdnc,qID,Q1855-0,Helen,443066,443071,16,2219,29,M_5111,PROPN
5112,pdnc,qID,Q1855-0,she,443099,443102,16,2219,29,M_5112,Other
5113,pdnc,qID,Q1855-0,her,443182,443185,16,2219,29,M_5113,Other
5114,pdnc,qID,Q1855-0,that woman,443191,443201,20,2219,29,M_5114,Other
5115,pdnc,qID,Q1856-0,Margaret,443214,443222,25,2220,29,M_5115,PROPN
5116,pdnc,qID,Q1857-0,Henry,443281,443286,17,2221,29,M_5116,PROPN
5117,pdnc,qID,Q1858-0,you,443340,443343,25,2222,29,M_5117,Other
5118,pdnc,qID,Q1858-0,You,443405,443408,25,2222,29,M_5118,Other
5119,pdnc,qID,Q1858-0,Margaret,443438,443446,25,2222,29,M_5119,PROPN
5120,pdnc,qID,Q1858-0,that woman,443486,443496,20,2222,29,M_5120,Other
5121,pdnc,qID,Q1860-0,You,443562,443565,25,2224,29,M_5121,Other
5122,pdnc,qID,Q1862-0,you,443965,443968,25,2227,29,M_5122,Other
5123,exp,exp_name,margaret,Margaret,444084,444092,25,2228,29,M_5123,PROPN
5124,exp,exp_name,mrs. bast,Mrs. Bast,444220,444229,20,2228,29,M_5124,PROPN
5125,booknlp,COREF,389,her,444245,444248,20,2228,29,M_5125,Other
5126,booknlp,COREF,389,her,444287,444290,20,2228,29,M_5126,Other
5127,exp,exp_name,margaret,Margaret,444301,444309,25,2228,29,M_5127,PROPN
5128,exp,exp_name,margaret,Margaret,444706,444714,25,2229,29,M_5128,PROPN
5129,booknlp,COREF,389,she,444795,444798,20,2229,29,M_5129,Other
5130,exp,exp_name,mr. wilcox,Mr. Wilcox,444871,444881,17,2229,29,M_5130,PROPN
5131,exp,exp_name,margaret,Margaret,445283,445291,25,2230,29,M_5131,PROPN
5132,exp,exp_name,charles,Charles,445408,445415,8,2230,29,M_5132,PROPN
5133,exp,exp_name,evie,Evie,445420,445424,14,2230,29,M_5133,PROPN
5134,exp,exp_name,paul,Paul,445477,445481,34,2230,29,M_5134,PROPN
5135,booknlp,COREF,256,his,445488,445491,34,2230,29,M_5135,Other
5136,booknlp,COREF,256,he,445501,445503,34,2230,29,M_5136,Other
5137,booknlp,COREF,256,he,445533,445535,34,2230,29,M_5137,Other
5138,exp,exp_name,mrs. wilcox,Mrs. Wilcox,445569,445580,32,2230,29,M_5138,PROPN
5139,booknlp,COREF,256,his,445601,445604,34,2230,29,M_5139,Other
5140,booknlp,COREF,256,He,445611,445613,34,2230,29,M_5140,Other
5141,booknlp,COREF,256,he,445667,445669,34,2230,29,M_5141,Other
5142,exp,exp_name,evie,Evie,445679,445683,14,2230,29,M_5142,PROPN
5143,exp,exp_name,evie,Evie,445697,445701,14,2230,29,M_5143,PROPN
5144,booknlp,COREF,256,he,445703,445705,34,2230,29,M_5144,Other
5145,exp,exp_name,cahill,Cahill,445719,445725,53,2230,29,M_5145,PROPN
5146,exp,exp_name,margaret,Margaret,445764,445772,25,2231,29,M_5146,PROPN
5147,exp,exp_name,leonard,Leonard,445924,445931,22,2232,29,M_5147,PROPN
5148,exp,exp_name,mrs. bast,Mrs. Bast,445985,445994,20,2232,29,M_5148,PROPN
5149,exp,exp_name,henry,Henry,446062,446067,17,2232,29,M_5149,PROPN
5150,booknlp,COREF,355,His,446069,446072,17,2232,29,M_5150,Other
5151,booknlp,COREF,355,his,446086,446089,17,2232,29,M_5151,Other
5152,exp,exp_name,charles,Charles,446554,446561,8,2232,29,M_5152,PROPN
5153,exp,exp_name,tibby,Tibby,447114,447119,45,2235,30,M_5153,PROPN
5154,booknlp,COREF,259,his,447140,447143,45,2235,30,M_5154,Other
5155,booknlp,COREF,259,He,447165,447167,45,2235,30,M_5155,Other
5156,booknlp,COREF,259,him,447266,447269,45,2235,30,M_5156,Other
5157,booknlp,COREF,259,his,447276,447279,45,2235,30,M_5157,Other
5158,booknlp,COREF,259,He,447315,447317,45,2235,30,M_5158,Other
5159,exp,exp_name,tibby,Tibby,447470,447475,45,2235,30,M_5159,PROPN
5160,booknlp,COREF,259,he,447702,447704,45,2235,30,M_5160,Other
5161,booknlp,COREF,259,he,447749,447751,45,2235,30,M_5161,Other
5162,exp,exp_name,margaret,Margaret,447770,447778,25,2235,30,M_5162,PROPN
5163,booknlp,COREF,259,he,447780,447782,45,2235,30,M_5163,Other
5164,booknlp,COREF,259,He,447914,447916,45,2235,30,M_5164,Other
5165,booknlp,COREF,259,he,448071,448073,45,2235,30,M_5165,Other
5166,booknlp,COREF,259,him,448138,448141,45,2235,30,M_5166,Other
5167,exp,exp_name,helen,Helen,448156,448161,16,2235,30,M_5167,PROPN
5168,booknlp,COREF,259,He,448201,448203,45,2236,30,M_5168,Other
5169,booknlp,COREF,259,his,448236,448239,45,2236,30,M_5169,Other
5170,booknlp,COREF,259,he,448271,448273,45,2237,30,M_5170,Other
5171,exp,exp_name,tibby,Tibby,448536,448541,45,2239,30,M_5171,PROPN
5172,exp,exp_name,helen,Helen,448599,448604,16,2239,30,M_5172,PROPN
5173,booknlp,COREF,259,he,448668,448670,45,2239,30,M_5173,Other
5174,pdnc,qID,Q1868-0,Tibby,448782,448787,45,2242,30,M_5174,PROPN
5175,pdnc,qID,Q1868-0,Meg,448843,448846,25,2242,30,M_5175,PROPN
5176,pdnc,qID,Q1868-0,her,448872,448875,25,2242,30,M_5176,Other
5177,pdnc,qID,Q1868-0,you,448942,448945,45,2242,30,M_5177,Other
5178,exp,exp_name,tibby,Tibby,448993,448998,45,2243,30,M_5178,PROPN
5179,booknlp,COREF,259,his,449029,449032,45,2243,30,M_5179,Other
5180,exp,exp_name,helen,Helen,449211,449216,16,2243,30,M_5180,PROPN
5181,pdnc,qID,Q1869-0,Meg,449249,449252,25,2244,30,M_5181,PROPN
5182,pdnc,qID,Q1871-0,you,449443,449446,45,2246,30,M_5182,Other
5183,pdnc,qID,Q1871-0,she,449451,449454,25,2246,30,M_5183,Other
5184,pdnc,qID,Q1871-0,you,449476,449479,45,2246,30,M_5184,Other
5185,pdnc,qID,Q1871-0,you,449702,449705,45,2246,30,M_5185,Other
5186,pdnc,qID,Q1871-0,you,449714,449717,45,2246,30,M_5186,Other
5187,pdnc,qID,Q1873-0,your,449882,449886,45,2246,30,M_5187,Other
5188,exp,exp_name,tibby,Tibby,449920,449925,45,2247,30,M_5188,PROPN
5189,booknlp,COREF,259,His,449943,449946,45,2247,30,M_5189,Other
5190,booknlp,COREF,259,he,449994,449996,45,2247,30,M_5190,Other
5191,exp,exp_name,evie,Evie,450038,450042,14,2247,30,M_5191,PROPN
5192,exp,exp_name,helen,Helen,450073,450078,16,2248,30,M_5192,PROPN
5193,booknlp,COREF,259,He,450103,450105,45,2249,30,M_5193,Other
5194,booknlp,COREF,259,he,450169,450171,45,2249,30,M_5194,Other
5195,booknlp,COREF,259,him,450216,450219,45,2249,30,M_5195,Other
5196,booknlp,COREF,259,him,450287,450290,45,2249,30,M_5196,Other
5197,booknlp,COREF,259,He,450307,450309,45,2249,30,M_5197,Other
5198,booknlp,COREF,259,his,450320,450323,45,2249,30,M_5198,Other
5199,booknlp,COREF,259,he,450390,450392,45,2249,30,M_5199,Other
5200,booknlp,COREF,259,his,450406,450409,45,2249,30,M_5200,Other
5201,pdnc,qID,Q1875-0,you,450541,450544,16,2250,30,M_5201,Other
5202,booknlp,COREF,259,he,450576,450578,45,2250,30,M_5202,Other
5203,booknlp,COREF,259,I,450596,450597,45,2250,30,M_5203,Other
5204,booknlp,COREF,259,I,450637,450638,45,2251,30,M_5204,Other
5205,booknlp,COREF,259,my,450645,450647,45,2251,30,M_5205,Other
5206,pdnc,qID,Q1876-0,Tibby,450654,450659,45,2251,30,M_5206,PROPN
5207,booknlp,COREF,259,He,450663,450665,45,2252,30,M_5207,Other
5208,booknlp,COREF,259,his,450678,450681,45,2252,30,M_5208,Other
5209,booknlp,COREF,259,himself,450748,450755,45,2252,30,M_5209,Other
5210,booknlp,COREF,259,he,450757,450759,45,2252,30,M_5210,Other
5211,booknlp,COREF,259,His,450795,450798,45,2252,30,M_5211,Other
5212,booknlp,COREF,259,he,450844,450846,45,2252,30,M_5212,Other
5213,booknlp,COREF,259,his,450883,450886,45,2252,30,M_5213,Other
5214,booknlp,COREF,259,him,450956,450959,45,2252,30,M_5214,Other
5215,exp,exp_name,helen,Helen,450974,450979,16,2252,30,M_5215,PROPN
5216,pdnc,qID,Q1877-1,Mr. Wilcox,451176,451186,17,2253,30,M_5216,PROPN
5217,pdnc,qID,Q1877-1,He,451188,451190,17,2253,30,M_5217,Other
5218,pdnc,qID,Q1877-1,Mrs. Bast,451351,451360,20,2253,30,M_5218,PROPN
5219,exp,exp_name,helen,Helen,451386,451391,16,2255,30,M_5219,PROPN
5220,booknlp,COREF,259,I,451417,451418,45,2256,30,M_5220,Other
5221,pdnc,qID,Q1880-0,Tibbikins,451454,451463,45,2257,30,M_5221,Other
5222,pdnc,qID,Q1880-0,You,451465,451468,45,2257,30,M_5222,Other
5223,booknlp,COREF,259,me,451491,451493,45,2257,30,M_5223,Other
5224,booknlp,COREF,259,I,451495,451496,45,2257,30,M_5224,Other
5225,pdnc,qID,Q1880-0,you,451510,451513,45,2257,30,M_5225,Other
5226,booknlp,COREF,259,I,451531,451532,45,2257,30,M_5226,Other
5227,pdnc,qID,Q1880-0,you,451544,451547,45,2257,30,M_5227,Other
5228,pdnc,qID,Q1880-0,you,451569,451572,45,2257,30,M_5228,Other
5229,pdnc,qID,Q1880-0,Meg,451614,451617,25,2257,30,M_5229,PROPN
5230,booknlp,COREF,259,I,451644,451645,45,2257,30,M_5230,Other
5231,booknlp,COREF,259,I,451657,451658,45,2257,30,M_5231,Other
5232,pdnc,qID,Q1880-0,her,451671,451674,25,2257,30,M_5232,Other
5233,pdnc,qID,Q1880-0,her,451684,451687,25,2257,30,M_5233,Other
5234,pdnc,qID,Q1880-0,the man she is going to marry,451693,451722,17,2257,30,M_5234,Other
5235,booknlp,COREF,259,I,451749,451750,45,2257,30,M_5235,Other
5236,pdnc,qID,Q1880-0,she,451775,451778,25,2257,30,M_5236,Other
5237,pdnc,qID,Q1880-0,she,451808,451811,25,2257,30,M_5237,Other
5238,booknlp,COREF,259,I,451822,451823,45,2257,30,M_5238,Other
5239,pdnc,qID,Q1880-0,him,451832,451835,17,2257,30,M_5239,Other
5240,pdnc,qID,Q1880-0,she,451837,451840,25,2257,30,M_5240,Other
5241,booknlp,COREF,259,me,451854,451856,45,2257,30,M_5241,Other
5242,booknlp,COREF,259,I,451873,451874,45,2257,30,M_5242,Other
5243,pdnc,qID,Q1880-0,her,451888,451891,25,2257,30,M_5243,Other
5244,booknlp,COREF,259,I,451899,451900,45,2257,30,M_5244,Other
5245,booknlp,COREF,259,I,451949,451950,45,2257,30,M_5245,Other
5246,booknlp,COREF,259,your,451957,451961,45,2257,30,M_5246,Other
5247,pdnc,qID,Q1880-0,you,451983,451986,45,2257,30,M_5247,Other
5248,booknlp,COREF,259,I,451994,451995,45,2258,30,M_5248,Other
5249,pdnc,qID,Q1881-0,he,452003,452005,17,2258,30,M_5249,Other
5250,exp,exp_name,tibby,Tibby,452032,452037,45,2258,30,M_5250,PROPN
5251,exp,exp_name,helen,Helen,452040,452045,16,2259,30,M_5251,PROPN
5252,pdnc,qID,Q1882-0,He,452211,452213,17,2259,30,M_5252,Other
5253,pdnc,qID,Q1882-0,her,452218,452221,20,2259,30,M_5253,Other
5254,pdnc,qID,Q1882-0,he,452227,452229,17,2259,30,M_5254,Other
5255,pdnc,qID,Q1882-0,him,452289,452292,17,2259,30,M_5255,Other
5256,pdnc,qID,Q1882-0,he,452304,452306,17,2259,30,M_5256,Other
5257,pdnc,qID,Q1882-0,she,452324,452327,20,2259,30,M_5257,Other
5258,pdnc,qID,Q1882-0,him,452353,452356,17,2259,30,M_5258,Other
5259,pdnc,qID,Q1882-0,They,452375,452379,20,2259,30,M_5259,Other
5260,pdnc,qID,Q1882-0,He,452385,452387,17,2259,30,M_5260,Other
5261,pdnc,qID,Q1882-0,his,452393,452396,17,2259,30,M_5261,Other
5262,pdnc,qID,Q1882-0,she,452405,452408,20,2259,30,M_5262,Other
5263,pdnc,qID,Q1882-0,you,452428,452431,45,2259,30,M_5263,Other
5264,booknlp,COREF,259,He,452468,452470,45,2260,30,M_5264,Other
5265,exp,exp_name,mr. wilcox,Mr. Wilcox,452621,452631,17,2261,30,M_5265,PROPN
5266,pdnc,qID,Q1883-0,She,452766,452769,20,2261,30,M_5266,Other
5267,booknlp,COREF,259,I,452771,452772,45,2261,30,M_5267,Other
5268,pdnc,qID,Q1883-0,her,452785,452788,20,2261,30,M_5268,Other
5269,pdnc,qID,Q1884-1,Mr. Wilcox,452980,452990,17,2262,30,M_5269,PROPN
5270,pdnc,qID,Q1884-1,the man,453001,453008,22,2262,30,M_5270,Other
5271,pdnc,qID,Q1884-1,he,453076,453078,22,2262,30,M_5271,Other
5272,pdnc,qID,Q1884-1,Mr. Wilcox,453136,453146,17,2262,30,M_5272,PROPN
5273,pdnc,qID,Q1884-1,Meg,453163,453166,25,2262,30,M_5273,PROPN
5274,pdnc,qID,Q1884-1,he,453216,453218,17,2262,30,M_5274,Other
5275,pdnc,qID,Q1884-1,the man,453233,453240,22,2262,30,M_5275,Other
5276,pdnc,qID,Q1884-1,he,453254,453256,17,2262,30,M_5276,Other
5277,pdnc,qID,Q1884-1,the woman,453263,453272,20,2262,30,M_5277,Other
5278,pdnc,qID,Q1884-1,he,453297,453299,17,2262,30,M_5278,Other
5279,pdnc,qID,Q1884-1,he,453304,453306,17,2262,30,M_5279,Other
5280,pdnc,qID,Q1884-1,He,453346,453348,17,2262,30,M_5280,Other
5281,pdnc,qID,Q1884-1,Meg,453355,453358,25,2262,30,M_5281,PROPN
5282,pdnc,qID,Q1884-1,Leonard,453429,453436,22,2262,30,M_5282,PROPN
5283,pdnc,qID,Q1884-1,him,453449,453452,22,2262,30,M_5283,Other
5284,pdnc,qID,Q1884-1,Mrs. Bast,453521,453530,20,2262,30,M_5284,PROPN
5285,pdnc,qID,Q1884-1,Mr. Wilcox,453545,453555,17,2262,30,M_5285,PROPN
5286,pdnc,qID,Q1884-1,her,453582,453585,20,2262,30,M_5286,Other
5287,pdnc,qID,Q1884-1,him,453629,453632,17,2262,30,M_5287,Other
5288,pdnc,qID,Q1884-1,Leonard,453638,453645,22,2262,30,M_5288,PROPN
5289,pdnc,qID,Q1884-1,her,453659,453662,20,2262,30,M_5289,Other
5290,pdnc,qID,Q1884-1,Leonard,453669,453676,22,2262,30,M_5290,PROPN
5291,pdnc,qID,Q1884-1,He,453693,453695,22,2262,30,M_5291,Other
5292,pdnc,qID,Q1884-1,he,453715,453717,22,2262,30,M_5292,Other
5293,pdnc,qID,Q1884-1,you,453757,453760,45,2262,30,M_5293,Other
5294,booknlp,COREF,259,yourself,453776,453784,45,2262,30,M_5294,Other
5295,exp,exp_name,tibby,Tibby,453832,453837,45,2263,30,M_5295,PROPN
5296,booknlp,COREF,259,His,453840,453843,45,2264,30,M_5296,Other
5297,booknlp,COREF,259,his,453865,453868,45,2264,30,M_5297,Other
5298,booknlp,COREF,259,I,453878,453879,45,2264,30,M_5298,Other
5299,booknlp,COREF,259,I,453896,453897,45,2264,30,M_5299,Other
5300,pdnc,qID,Q1886-0,you,453928,453931,45,2264,30,M_5300,Other
5301,pdnc,qID,Q1886-0,you,453958,453961,45,2264,30,M_5301,Other
5302,pdnc,qID,Q1886-0,you,454029,454032,45,2264,30,M_5302,Other
5303,booknlp,COREF,259,I,454044,454045,45,2264,30,M_5303,Other
5304,pdnc,qID,Q1886-0,your,454058,454062,45,2264,30,M_5304,Other
5305,pdnc,qID,Q1887-0,Meg,454124,454127,25,2266,30,M_5305,PROPN
5306,pdnc,qID,Q1887-0,you,454143,454146,45,2266,30,M_5306,Other
5307,exp,exp_name,tibby,Tibby,454164,454169,45,2266,30,M_5307,PROPN
5308,booknlp,COREF,259,his,454218,454221,45,2266,30,M_5308,Other
5309,booknlp,COREF,259,he,454233,454235,45,2266,30,M_5309,Other
5310,booknlp,COREF,259,He,454278,454280,45,2266,30,M_5310,Other
5311,booknlp,COREF,259,him,454349,454352,45,2266,30,M_5311,Other
5312,booknlp,COREF,259,he,454358,454360,45,2266,30,M_5312,Other
5313,exp,exp_name,tibby,Tibby,454476,454481,45,2266,30,M_5313,PROPN
5314,exp,exp_name,margaret,Margaret,454559,454567,25,2266,30,M_5314,PROPN
5315,exp,exp_name,helen,Helen,454581,454586,16,2266,30,M_5315,PROPN
5316,booknlp,COREF,259,him,454639,454642,45,2266,30,M_5316,Other
5317,booknlp,COREF,259,he,454671,454673,45,2266,30,M_5317,Other
5318,booknlp,COREF,259,he,454841,454843,45,2266,30,M_5318,Other
5319,booknlp,COREF,259,his,454873,454876,45,2266,30,M_5319,Other
5320,pdnc,qID,Q1888-0,You,454922,454925,16,2267,30,M_5320,Other
5321,pdnc,qID,Q1888-0,Helen,454931,454936,16,2267,30,M_5321,PROPN
5322,pdnc,qID,Q1889-0,you,455031,455034,45,2268,30,M_5322,Other
5323,pdnc,qID,Q1890-0,you,455112,455115,16,2269,30,M_5323,Other
5324,pdnc,qID,Q1890-0,you,455152,455155,16,2269,30,M_5324,Other
5325,exp,exp_name,helen,Helen,455223,455228,16,2270,30,M_5325,PROPN
5326,pdnc,qID,Q1891-1,Meg,455257,455260,25,2270,30,M_5326,PROPN
5327,pdnc,qID,Q1891-1,her,455287,455290,25,2270,30,M_5327,Other
5328,pdnc,qID,Q1891-1,you,455477,455480,45,2270,30,M_5328,Other
5329,pdnc,qID,Q1891-1,Tibbikins,455542,455551,45,2270,30,M_5329,Other
5330,pdnc,qID,Q1891-1,you,455556,455559,45,2270,30,M_5330,Other
5331,exp,exp_name,tibby,Tibby,455632,455637,45,2273,30,M_5331,PROPN
5332,booknlp,COREF,259,I,455901,455902,45,2275,30,M_5332,Other
5333,booknlp,COREF,259,he,455948,455950,45,2275,30,M_5333,Other
5334,pdnc,qID,Q1896-1,you,456012,456015,16,2275,30,M_5334,Other
5335,booknlp,COREF,259,I,456092,456093,45,2276,30,M_5335,Other
5336,booknlp,COREF,259,I,456221,456222,45,2276,30,M_5336,Other
5337,booknlp,COREF,259,He,456293,456295,45,2276,30,M_5337,Other
5338,booknlp,COREF,259,He,456315,456317,45,2276,30,M_5338,Other
5339,booknlp,COREF,259,he,456353,456355,45,2276,30,M_5339,Other
5340,exp,exp_name,helen,Helen,456365,456370,16,2276,30,M_5340,PROPN
5341,booknlp,COREF,259,him,456421,456424,45,2276,30,M_5341,Other
5342,booknlp,COREF,259,His,456480,456483,45,2276,30,M_5342,Other
5343,booknlp,COREF,259,he,456525,456527,45,2276,30,M_5343,Other
5344,booknlp,COREF,259,him,456617,456620,45,2276,30,M_5344,Other
5345,pdnc,qID,Q1899-0,you,456651,456654,45,2277,30,M_5345,Other
5346,pdnc,qID,Q1901-0,you,456707,456710,45,2279,30,M_5346,Other
5347,pdnc,qID,Q1903-0,you,456747,456750,45,2281,30,M_5347,Other
5348,pdnc,qID,Q1903-0,Mr. Wilcox,456793,456803,17,2281,30,M_5348,PROPN
5349,pdnc,qID,Q1903-0,you,456809,456812,45,2281,30,M_5349,Other
5350,booknlp,COREF,259,your,456824,456828,45,2281,30,M_5350,Other
5351,pdnc,qID,Q1903-0,You,456933,456936,45,2281,30,M_5351,Other
5352,booknlp,COREF,259,He,456988,456990,45,2282,30,M_5352,Other
5353,booknlp,COREF,259,him,457091,457094,45,2282,30,M_5353,Other
5354,exp,exp_name,helen,Helen,457313,457318,16,2282,30,M_5354,PROPN
5355,booknlp,COREF,259,He,457519,457521,45,2282,30,M_5355,Other
5356,exp,exp_name,evie,Evie,457589,457593,14,2282,30,M_5356,PROPN
5357,pdnc,qID,Q1904-0,you,457671,457674,45,2282,30,M_5357,Other
5358,booknlp,COREF,259,him,457736,457739,45,2282,30,M_5358,Other
5359,booknlp,COREF,259,he,457818,457820,45,2282,30,M_5359,Other
5360,booknlp,COREF,259,him,457887,457890,45,2283,30,M_5360,Other
5361,booknlp,COREF,259,his,457911,457914,45,2283,30,M_5361,Other
5362,exp,exp_name,margaret,Margaret,457923,457931,25,2283,30,M_5362,PROPN
5363,booknlp,COREF,259,him,457941,457944,45,2283,30,M_5363,Other
5364,exp,exp_name,helen,Helen,457980,457985,16,2283,30,M_5364,PROPN
5365,booknlp,COREF,259,he,458000,458002,45,2283,30,M_5365,Other
5366,pdnc,qID,Q1905-0,Henry,458105,458110,17,2283,30,M_5366,PROPN
5367,booknlp,COREF,259,He,458113,458115,45,2283,30,M_5367,Other
5368,booknlp,COREF,259,I,458171,458172,45,2283,30,M_5368,Other
5369,exp,exp_name,tibby,Tibby,458191,458196,45,2283,30,M_5369,PROPN
5370,booknlp,COREF,259,He,458212,458214,45,2284,30,M_5370,Other
5371,exp,exp_name,helen,Helen,458256,458261,16,2284,30,M_5371,PROPN
5372,booknlp,COREF,259,him,458267,458270,45,2284,30,M_5372,Other
5373,booknlp,COREF,259,he,458288,458290,45,2284,30,M_5373,Other
5374,exp,exp_name,tibby,Tibby,458416,458421,45,2284,30,M_5374,PROPN
5375,booknlp,COREF,259,himself,458422,458429,45,2284,30,M_5375,Other
5376,exp,exp_name,tibby,Tibby,458531,458536,45,2284,30,M_5376,PROPN
5377,exp,exp_name,helen,Helen,458555,458560,16,2284,30,M_5377,PROPN
5378,booknlp,COREF,259,his,458587,458590,45,2284,30,M_5378,Other
5379,exp,exp_name,leonard bast,Leonard Bast,458602,458614,22,2284,30,M_5379,PROPN
5380,exp,exp_name,helen,Helen,458662,458667,16,2284,30,M_5380,PROPN
5381,booknlp,COREF,259,He,458689,458691,45,2284,30,M_5381,Other
5382,booknlp,COREF,259,He,458715,458717,45,2284,30,M_5382,Other
5383,booknlp,COREF,259,He,458780,458782,45,2284,30,M_5383,Other
5384,booknlp,COREF,259,him,458834,458837,45,2284,30,M_5384,Other
5385,exp,exp_name,helen,Helen,458936,458941,16,2284,30,M_5385,PROPN
5386,exp,exp_name,mr. wilcox,Mr. Wilcox,460265,460275,17,2287,31,M_5386,PROPN
5387,exp,exp_name,bryce,Bryce,460335,460340,52,2287,31,M_5387,PROPN
5388,booknlp,COREF,451,he,460460,460462,52,2287,31,M_5388,Other
5389,booknlp,COREF,451,himself,460511,460518,52,2287,31,M_5389,Other
5390,booknlp,COREF,451,he,460526,460528,52,2287,31,M_5390,Other
5391,exp,exp_name,margaret,Margaret,460629,460637,25,2287,31,M_5391,PROPN
5392,exp,exp_name,tibby,Tibby,460652,460657,45,2287,31,M_5392,PROPN
5393,booknlp,COREF,259,him,460694,460697,45,2287,31,M_5393,Other
5394,exp,exp_name,miss avery,Miss Avery,460903,460913,26,2287,31,M_5394,PROPN
5395,exp,exp_name,mrs. wilcox,Mrs. Wilcox,461271,461282,32,2288,31,M_5395,PROPN
5396,exp,exp_name,charles,Charles,461624,461631,8,2288,31,M_5396,PROPN
5397,exp,exp_name,mr. cahill,Mr. Cahill,461679,461689,28,2288,31,M_5397,PROPN
5398,exp,exp_name,paul,Paul,461691,461695,34,2288,31,M_5398,PROPN
5399,exp,exp_name,henry,Henry,462149,462154,17,2289,31,M_5399,PROPN
5400,exp,exp_name,margaret,Margaret,462191,462199,25,2289,31,M_5400,PROPN
5401,exp,exp_name,helen,Helen,462287,462292,16,2289,31,M_5401,PROPN
5402,exp,exp_name,henry,Henry,462492,462497,17,2289,31,M_5402,PROPN
5403,exp,exp_name,margaret,Margaret,462610,462618,25,2289,31,M_5403,PROPN
5404,exp,exp_name,helen,Helen,463051,463056,16,2289,31,M_5404,PROPN
5405,exp,exp_name,mr. wilcox,Mr. Wilcox,463172,463182,17,2290,31,M_5405,PROPN
5406,exp,exp_name,helen,Helen,463222,463227,16,2290,31,M_5406,PROPN
5407,exp,exp_name,margaret,Margaret,463339,463347,25,2290,31,M_5407,PROPN
5408,exp,exp_name,margaret,Margaret,463366,463374,25,2290,31,M_5408,PROPN
5409,exp,exp_name,jacky,Jacky,463529,463534,20,2290,31,M_5409,PROPN
5410,exp,exp_name,ruth,Ruth,463876,463880,32,2290,31,M_5410,PROPN
5411,exp,exp_name,ruth,Ruth,463891,463895,32,2290,31,M_5411,PROPN
5412,exp,exp_name,ruth,Ruth,463955,463959,32,2290,31,M_5412,PROPN
5413,exp,exp_name,margaret,Margaret,464829,464837,25,2292,31,M_5413,PROPN
5414,pdnc,qID,Q1908-0,you,465071,465074,25,2293,31,M_5414,Other
5415,exp,exp_name,margaret,Margaret,465174,465182,25,2294,31,M_5415,PROPN
5416,pdnc,qID,Q1909-1,you,465243,465246,17,2294,31,M_5416,Other
5417,pdnc,qID,Q1909-1,Henry,465283,465288,17,2294,31,M_5417,PROPN
5418,pdnc,qID,Q1911-0,My dear girl,465504,465516,25,2297,31,M_5418,Other
5419,pdnc,qID,Q1912-0,you,465549,465552,25,2297,31,M_5419,Other
5420,pdnc,qID,Q1912-0,you,465564,465567,25,2297,31,M_5420,Other
5421,exp,exp_name,margaret,Margaret,466074,466082,25,2298,31,M_5421,PROPN
5422,pdnc,qID,Q1913-0,you,466117,466120,17,2298,31,M_5422,Other
5423,pdnc,qID,Q1916-0,Evie,466472,466476,14,2301,31,M_5423,Other
5424,pdnc,qID,Q1918-0,her,466547,466550,14,2303,31,M_5424,Other
5425,pdnc,qID,Q1918-0,she,466564,466567,14,2303,31,M_5425,Other
5426,pdnc,qID,Q1918-0,she,466649,466652,14,2303,31,M_5426,Other
5427,pdnc,qID,Q1918-0,Poor little girl,466666,466682,14,2303,31,M_5427,Other
5428,pdnc,qID,Q1918-0,She,466684,466687,14,2303,31,M_5428,Other
5429,pdnc,qID,Q1918-0,She,466860,466863,14,2303,31,M_5429,Other
5430,pdnc,qID,Q1918-0,her,466872,466875,14,2303,31,M_5430,Other
5431,pdnc,qID,Q1919-0,Henry,467007,467012,17,2304,31,M_5431,PROPN
5432,exp,exp_name,margaret,Margaret,467096,467104,25,2306,31,M_5432,PROPN
5433,exp,exp_name,henry,Henry,467644,467649,17,2307,31,M_5433,PROPN
5434,pdnc,qID,Q1923-0,my dear,467866,467873,25,2309,31,M_5434,Other
5435,pdnc,qID,Q1923-0,you,467887,467890,25,2309,31,M_5435,Other
5436,booknlp,COREF,355,your,467940,467944,17,2310,31,M_5436,Other
5437,exp,exp_name,margaret,Margaret,467958,467966,25,2310,31,M_5437,PROPN
5438,pdnc,qID,Q1924-1,Evie,468135,468139,14,2310,31,M_5438,Other
5439,pdnc,qID,Q1924-1,you,468155,468158,17,2310,31,M_5439,Other
5440,pdnc,qID,Q1924-1,you,468174,468177,17,2310,31,M_5440,Other
5441,pdnc,qID,Q1925-0,it,468319,468321,25,2311,31,M_5441,Other
5442,pdnc,qID,Q1925-0,it,468333,468335,25,2311,31,M_5442,Other
5443,exp,exp_name,henry,Henry,468662,468667,17,2313,31,M_5443,PROPN
5444,booknlp,COREF,355,his,468690,468693,17,2313,31,M_5444,Other
5445,booknlp,COREF,355,He,468778,468780,17,2313,31,M_5445,Other
5446,booknlp,COREF,355,him,468847,468850,17,2313,31,M_5446,Other
5447,booknlp,COREF,355,he,468859,468861,17,2313,31,M_5447,Other
5448,booknlp,COREF,355,he,468890,468892,17,2313,31,M_5448,Other
5449,exp,exp_name,helen,Helen,468991,468996,16,2313,31,M_5449,PROPN
5450,exp,exp_name,leonard,Leonard,469128,469135,22,2313,31,M_5450,PROPN
5451,exp,exp_name,henry,Henry,469165,469170,17,2313,31,M_5451,PROPN
5452,booknlp,COREF,318,John,469733,469737,20,2313,31,M_5452,PROPN
5453,exp,exp_name,charles wilcox,Charles Wilcox,469992,470006,8,2315,32,M_5453,PROPN
5454,pdnc,qID,Q1927-0,you,470029,470032,25,2316,32,M_5454,Other
5455,exp,exp_name,dolly,Dolly,470050,470055,11,2316,32,M_5455,PROPN
5456,booknlp,COREF,3050,she,470074,470077,11,2316,32,M_5456,Other
5457,pdnc,qID,Q1927-1,Charles,470097,470104,8,2316,32,M_5457,PROPN
5458,booknlp,COREF,3050,I,470116,470117,11,2316,32,M_5458,Other
5459,pdnc,qID,Q1927-1,he,470123,470125,8,2316,32,M_5459,Other
5460,pdnc,qID,Q1927-1,you,470134,470137,25,2316,32,M_5460,Other
5461,pdnc,qID,Q1927-1,you,470170,470173,25,2316,32,M_5461,Other
5462,pdnc,qID,Q1928-0,Dolly,470194,470199,11,2317,32,M_5462,Other
5463,exp,exp_name,margaret,Margaret,470207,470215,25,2317,32,M_5463,PROPN
5464,booknlp,COREF,3050,her,470234,470237,11,2317,32,M_5464,Other
5465,exp,exp_name,dolly,Dolly,470398,470403,11,2318,32,M_5465,PROPN
5466,booknlp,COREF,3055,her,470411,470414,11,2318,32,M_5466,Other
5467,exp,exp_name,charles,Charles,470520,470527,8,2318,32,M_5467,PROPN
5468,exp,exp_name,charles,Charles,470566,470573,8,2318,32,M_5468,PROPN
5469,booknlp,COREF,3055,she,470604,470607,11,2318,32,M_5469,Other
5470,pdnc,qID,Q1929-0,you,470648,470651,25,2318,32,M_5470,Other
5471,pdnc,qID,Q1929-0,your,470673,470677,25,2318,32,M_5471,Other
5472,exp,exp_name,margaret,Margaret,470730,470738,25,2319,32,M_5472,PROPN
5473,booknlp,COREF,3055,my,470778,470780,11,2320,32,M_5473,Other
5474,pdnc,qID,Q1933-0,Charles,470815,470822,8,2322,32,M_5474,PROPN
5475,exp,exp_name,dolly,Dolly,471056,471061,11,2324,32,M_5475,PROPN
5476,booknlp,COREF,3060,She,471092,471095,11,2324,32,M_5476,Other
5477,booknlp,COREF,3055,I,471144,471145,11,2325,32,M_5477,Other
5478,booknlp,COREF,3055,me,471301,471303,11,2328,32,M_5478,Other
5479,pdnc,qID,Q1939-0,Margaret,471313,471321,25,2328,32,M_5479,PROPN
5480,booknlp,COREF,3055,I,471336,471337,11,2328,32,M_5480,Other
5481,pdnc,qID,Q1939-0,Helen,471358,471363,16,2328,32,M_5481,PROPN
5482,pdnc,qID,Q1941-0,she,471386,471389,16,2330,32,M_5482,Other
5483,pdnc,qID,Q1941-0,she,471454,471457,16,2330,32,M_5483,Other
5484,exp,exp_name,margaret,Margaret,471486,471494,25,2331,32,M_5484,PROPN
5485,pdnc,qID,Q1942-1,Helen,471572,471577,16,2331,32,M_5485,PROPN
5486,pdnc,qID,Q1942-1,She,471595,471598,16,2331,32,M_5486,Other
5487,pdnc,qID,Q1943-0,she,471645,471648,16,2332,32,M_5487,Other
5488,pdnc,qID,Q1944-0,her,471706,471709,16,2333,32,M_5488,Other
5489,pdnc,qID,Q1944-0,her,471728,471731,16,2333,32,M_5489,Other
5490,pdnc,qID,Q1944-0,you,471762,471765,11,2333,32,M_5490,Other
5491,pdnc,qID,Q1945-0,she,471808,471811,16,2334,32,M_5491,Other
5492,pdnc,qID,Q1946-0,She,471847,471850,16,2335,32,M_5492,Other
5493,pdnc,qID,Q1946-0,Evie,471867,471871,14,2335,32,M_5493,Other
5494,exp,exp_name,dolly,Dolly,471957,471962,11,2338,32,M_5494,PROPN
5495,booknlp,COREF,3061,She,472016,472019,11,2338,32,M_5495,Other
5496,booknlp,COREF,3061,her,472042,472045,11,2338,32,M_5496,Other
5497,exp,exp_name,charles,Charles,472077,472084,8,2338,32,M_5497,PROPN
5498,exp,exp_name,mr. wilcox,Mr. Wilcox,472110,472120,17,2338,32,M_5498,PROPN
5499,booknlp,COREF,3061,she,472301,472304,11,2338,32,M_5499,Other
5500,exp,exp_name,margaret,Margaret,472310,472318,25,2338,32,M_5500,PROPN
5501,exp,exp_name,margaret,Margaret,472362,472370,25,2338,32,M_5501,PROPN
5502,exp,exp_name,dolly,Dolly,472413,472418,11,2338,32,M_5502,PROPN
5503,exp,exp_name,mr. wilcox,Mr. Wilcox,472466,472476,17,2338,32,M_5503,PROPN
5504,booknlp,COREF,3061,She,472516,472519,11,2338,32,M_5504,Other
5505,booknlp,COREF,3061,she,472598,472601,11,2338,32,M_5505,Other
5506,pdnc,qID,Q1949-1,Miss Avery,472622,472632,26,2338,32,M_5506,PROPN
5507,pdnc,qID,Q1949-1,your,472652,472656,25,2338,32,M_5507,Other
5508,pdnc,qID,Q1950-0,she,472683,472686,26,2339,32,M_5508,Other
5509,booknlp,COREF,3061,I,472731,472732,11,2340,32,M_5509,Other
5510,pdnc,qID,Q1951-0,you,472741,472744,25,2340,32,M_5510,Other
5511,pdnc,qID,Q1951-0,her,472753,472756,26,2340,32,M_5511,Other
5512,pdnc,qID,Q1952-0,she,472795,472798,26,2341,32,M_5512,Other
5513,pdnc,qID,Q1952-0,She,472822,472825,26,2341,32,M_5513,Other
5514,exp,exp_name,dolly,Dolly,472907,472912,11,2342,32,M_5514,PROPN
5515,pdnc,qID,Q1953-1,Charles,472961,472968,8,2342,32,M_5515,PROPN
5516,booknlp,COREF,3069,me,472974,472976,11,2342,32,M_5516,Other
5517,pdnc,qID,Q1953-1,he,473009,473011,8,2342,32,M_5517,Other
5518,pdnc,qID,Q1953-1,you,473026,473029,25,2342,32,M_5518,Other
5519,exp,exp_name,margaret,Margaret,473059,473067,25,2343,32,M_5519,PROPN
5520,pdnc,qID,Q1954-1,Dolly,473094,473099,11,2343,32,M_5520,Other
5521,pdnc,qID,Q1954-1,you,473105,473108,11,2343,32,M_5521,Other
5522,pdnc,qID,Q1954-1,she,473122,473125,26,2343,32,M_5522,Other
5523,pdnc,qID,Q1955-0,she,473161,473164,26,2344,32,M_5523,Other
5524,pdnc,qID,Q1955-0,Charles,473215,473222,8,2344,32,M_5524,PROPN
5525,pdnc,qID,Q1955-0,you,473243,473246,25,2344,32,M_5525,Other
5526,pdnc,qID,Q1956-0,you,473288,473291,11,2345,32,M_5526,Other
5527,pdnc,qID,Q1956-0,Dolly,473293,473298,11,2345,32,M_5527,Other
5528,pdnc,qID,Q1956-0,Miss Avery,473324,473334,26,2345,32,M_5528,PROPN
5529,pdnc,qID,Q1956-0,my brother,473391,473401,45,2345,32,M_5529,Other
5530,pdnc,qID,Q1956-0,She,473429,473432,26,2345,32,M_5530,Other
5531,booknlp,COREF,3061,I,473475,473476,11,2346,32,M_5531,Other
5532,pdnc,qID,Q1957-0,she,473481,473484,26,2346,32,M_5532,Other
5533,pdnc,qID,Q1957-0,She,473494,473497,26,2346,32,M_5533,Other
5534,pdnc,qID,Q1957-0,you,473534,473537,25,2346,32,M_5534,Other
5535,booknlp,COREF,3061,I,473548,473549,11,2346,32,M_5535,Other
5536,pdnc,qID,Q1957-0,she,473564,473567,26,2346,32,M_5536,Other
5537,pdnc,qID,Q1957-0,your,473575,473579,25,2346,32,M_5537,Other
5538,booknlp,COREF,456,herself,473610,473617,26,2346,32,M_5538,Other
5539,pdnc,qID,Q1957-0,Miss Avery,473659,473669,26,2346,32,M_5539,PROPN
5540,pdnc,qID,Q1957-0,her,473706,473709,26,2346,32,M_5540,Other
5541,pdnc,qID,Q1957-0,Evie,473733,473737,14,2346,32,M_5541,Other
5542,exp,exp_name,margaret,Margaret,473772,473780,25,2347,32,M_5542,PROPN
5543,exp,exp_name,dolly,Dolly,473795,473800,11,2347,32,M_5543,PROPN
5544,pdnc,qID,Q1959-0,you,473833,473836,25,2348,32,M_5544,Other
5545,pdnc,qID,Q1959-0,she,473842,473845,26,2348,32,M_5545,Other
5546,pdnc,qID,Q1959-0,Evie,473851,473855,14,2348,32,M_5546,Other
5547,pdnc,qID,Q1959-0,Evie,473883,473887,14,2348,32,M_5547,Other
5548,pdnc,qID,Q1959-0,You,473925,473928,25,2348,32,M_5548,Other
5549,pdnc,qID,Q1959-0,Miss Avery,473957,473967,26,2348,32,M_5549,PROPN
5550,pdnc,qID,Q1960-0,Evie,473998,474002,14,2349,32,M_5550,Other
5551,pdnc,qID,Q1960-0,her,474032,474035,14,2349,32,M_5551,Other
5552,pdnc,qID,Q1962-0,Dolly,474141,474146,11,2351,32,M_5552,Other
5553,booknlp,COREF,3061,I,474190,474191,11,2352,32,M_5553,Other
5554,booknlp,COREF,5569,You,474267,474270,11,2352,32,M_5554,Other
5555,booknlp,COREF,5569,you,474341,474344,11,2352,32,M_5555,Other
5556,booknlp,COREF,5569,You,474349,474352,11,2353,32,M_5556,Other
5557,pdnc,qID,Q1964-0,Miss Avery,474377,474387,26,2353,32,M_5557,PROPN
5558,booknlp,COREF,5569,you,474393,474396,11,2353,32,M_5558,Other
5559,pdnc,qID,Q1965-0,Evie,474473,474477,14,2354,32,M_5559,Other
5560,booknlp,COREF,5569,You,474501,474504,11,2354,32,M_5560,Other
5561,booknlp,COREF,5569,you,474551,474554,11,2354,32,M_5561,Other
5562,pdnc,qID,Q1965-0,Uncle Percy,474576,474587,28,2354,32,M_5562,PROPN
5563,pdnc,qID,Q1965-0,Albert,474592,474598,3,2354,32,M_5563,PROPN
5564,pdnc,qID,Q1965-0,father,474603,474609,17,2354,32,M_5564,PROPN
5565,pdnc,qID,Q1965-0,Charles,474614,474621,8,2354,32,M_5565,PROPN
5566,pdnc,qID,Q1965-0,Evie,474703,474707,14,2354,32,M_5566,Other
5567,pdnc,qID,Q1965-0,Miss Avery,474839,474849,26,2354,32,M_5567,PROPN
5568,pdnc,qID,Q1966-0,Miss Avery,474866,474876,26,2355,32,M_5568,PROPN
5569,exp,exp_name,dolly,Dolly,474886,474891,11,2356,32,M_5569,PROPN
5570,pdnc,qID,Q1967-0,Charles,474945,474952,8,2356,32,M_5570,PROPN
5571,pdnc,qID,Q1967-0,she,475000,475003,26,2356,32,M_5571,Other
5572,pdnc,qID,Q1968-0,she,475085,475088,26,2357,32,M_5572,Other
5573,pdnc,qID,Q1969-0,she,475119,475122,26,2358,32,M_5573,Other
5574,pdnc,qID,Q1970-0,She,475184,475187,26,2359,32,M_5574,Other
5575,exp,exp_name,margaret,Margaret,475217,475225,25,2359,32,M_5575,PROPN
5576,pdnc,qID,Q1970-1,she,475242,475245,26,2359,32,M_5576,Other
5577,pdnc,qID,Q1970-1,Evie,475276,475280,14,2359,32,M_5577,Other
5578,pdnc,qID,Q1970-1,her mother,475299,475309,32,2359,32,M_5578,Other
5579,booknlp,COREF,3071,I,475367,475368,11,2360,32,M_5579,Other
5580,booknlp,COREF,3071,I,475377,475378,11,2360,32,M_5580,Other
5581,booknlp,COREF,3071,I,475448,475449,11,2360,32,M_5581,Other
5582,booknlp,COREF,3071,I,475481,475482,11,2360,32,M_5582,Other
5583,exp,exp_name,dolly,Dolly,475541,475546,11,2360,32,M_5583,PROPN
5584,exp,exp_name,margaret,Margaret,475569,475577,25,2361,32,M_5584,PROPN
5585,booknlp,COREF,3073,her,475587,475590,11,2361,32,M_5585,Other
5586,exp,exp_name,henry,Henry,475606,475611,17,2361,32,M_5586,PROPN
5587,exp,exp_name,miss avery,Miss Avery,475623,475633,26,2361,32,M_5587,PROPN
5588,booknlp,COREF,3073,I,475659,475660,11,2363,32,M_5588,Other
5589,pdnc,qID,Q1973-0,he,475679,475681,17,2363,32,M_5589,Other
5590,booknlp,COREF,3073,me,475686,475688,11,2363,32,M_5590,Other
5591,pdnc,qID,Q1973-0,her,475693,475696,26,2363,32,M_5591,Other
5592,pdnc,qID,Q1974-0,she,475729,475732,26,2364,32,M_5592,Other
5593,exp,exp_name,dolly,Dolly,475760,475765,11,2364,32,M_5593,PROPN
5594,booknlp,COREF,3075,her,475771,475774,11,2364,32,M_5594,Other
5595,exp,exp_name,henry,Henry,475803,475808,17,2364,32,M_5595,PROPN
5596,booknlp,COREF,355,him,475856,475859,17,2364,32,M_5596,Other
5597,booknlp,COREF,355,He,475861,475863,17,2364,32,M_5597,Other
5598,exp,exp_name,miss avery,Miss Avery,475874,475884,26,2364,32,M_5598,PROPN
5599,exp,exp_name,crane,Crane,475893,475898,10,2364,32,M_5599,PROPN
5600,booknlp,COREF,355,he,475908,475910,17,2364,32,M_5600,Other
5601,booknlp,COREF,355,I,475946,475947,17,2364,32,M_5601,Other
5602,booknlp,COREF,355,his,475983,475986,17,2364,32,M_5602,Other
5603,booknlp,COREF,355,he,475993,475995,17,2364,32,M_5603,Other
5604,exp,exp_name,the man,the man,476052,476059,40,2364,32,M_5604,PROPN
5605,booknlp,COREF,355,he,476090,476092,17,2364,32,M_5605,Other
5606,booknlp,COREF,355,him,476127,476130,17,2364,32,M_5606,Other
5607,booknlp,COREF,355,he,476132,476134,17,2364,32,M_5607,Other
5608,booknlp,COREF,355,his,476164,476167,17,2364,32,M_5608,Other
5609,booknlp,COREF,355,his,476215,476218,17,2364,32,M_5609,Other
5610,exp,exp_name,margaret,Margaret,476226,476234,25,2365,32,M_5610,PROPN
5611,exp,exp_name,henry,Henry,476327,476332,17,2365,32,M_5611,PROPN
5612,exp,exp_name,miss avery,Miss Avery,476376,476386,26,2365,32,M_5612,PROPN
5613,booknlp,COREF,456,her,476395,476398,26,2365,32,M_5613,Other
5614,exp,exp_name,tibby,Tibby,476622,476627,45,2365,32,M_5614,PROPN
5615,exp,exp_name,helen,Helen,476913,476918,16,2367,33,M_5615,PROPN
5616,exp,exp_name,miss avery,Miss Avery,476995,477005,26,2367,33,M_5616,PROPN
5617,exp,exp_name,dolly,Dolly,477066,477071,11,2367,33,M_5617,PROPN
5618,exp,exp_name,charles,Charles,477748,477755,8,2367,33,M_5618,PROPN
5619,exp,exp_name,margaret,Margaret,477797,477805,25,2368,33,M_5619,PROPN
5620,exp,exp_name,margaret,Margaret,479099,479107,25,2369,33,M_5620,PROPN
5621,exp,exp_name,margaret,Margaret,479348,479356,25,2369,33,M_5621,PROPN
5622,exp,exp_name,a most finished young person,A most finished young person,479595,479623,23,2370,33,M_5622,PROPN
5623,pdnc,qID,Q1977-0,Mrs. Wilcox,479644,479655,25,2370,33,M_5623,PROPN
5624,pdnc,qID,Q1977-0,Mrs. Wilcox,479661,479672,25,2370,33,M_5624,PROPN
5625,pdnc,qID,Q1977-0,Mrs. Wilcox,479682,479693,25,2370,33,M_5625,PROPN
5626,pdnc,qID,Q1977-0,auntie,479695,479701,26,2370,33,M_5626,Other
5627,pdnc,qID,Q1977-0,your,479711,479715,25,2370,33,M_5627,Other
5628,pdnc,qID,Q1977-0,Auntie,479735,479741,26,2370,33,M_5628,Other
5629,pdnc,qID,Q1977-0,your,479757,479761,25,2370,33,M_5629,Other
5630,pdnc,qID,Q1977-0,you,479833,479836,25,2370,33,M_5630,Other
5631,pdnc,qID,Q1978-0,auntie,479864,479870,26,2370,33,M_5631,Other
5632,pdnc,qID,Q1978-0,your,479901,479905,25,2370,33,M_5632,Other
5633,pdnc,qID,Q1978-0,she,479913,479916,26,2370,33,M_5633,Other
5634,pdnc,qID,Q1978-0,her,479987,479990,26,2370,33,M_5634,Other
5635,pdnc,qID,Q1978-0,She,480008,480011,26,2370,33,M_5635,Other
5636,pdnc,qID,Q1978-0,her,480034,480037,26,2370,33,M_5636,Other
5637,pdnc,qID,Q1980-0,Mrs. Wilcox,480151,480162,25,2370,33,M_5637,PROPN
5638,pdnc,qID,Q1980-0,Mrs. Wilcox,480164,480175,25,2370,33,M_5638,PROPN
5639,pdnc,qID,Q1980-0,you,480198,480201,25,2370,33,M_5639,Other
5640,pdnc,qID,Q1980-0,you,480249,480252,25,2370,33,M_5640,Other
5641,exp,exp_name,margaret,Margaret,480256,480264,25,2371,33,M_5641,PROPN
5642,exp,exp_name,miss avery,Miss Avery,480340,480350,26,2371,33,M_5642,PROPN
5643,pdnc,qID,Q1981-0,you,480375,480378,25,2372,33,M_5643,Other
5644,pdnc,qID,Q1981-0,You,480403,480406,25,2372,33,M_5644,Other
5645,pdnc,qID,Q1981-0,you,480437,480440,25,2372,33,M_5645,Other
5646,pdnc,qID,Q1982-0,Mrs. Wilcox,480506,480517,25,2372,33,M_5646,PROPN
5647,pdnc,qID,Q1982-0,you,480525,480528,25,2372,33,M_5647,Other
5648,exp,exp_name,margaret,Margaret,480561,480569,25,2373,33,M_5648,PROPN
5649,exp,exp_name,margaret,Margaret,481261,481269,25,2373,33,M_5649,PROPN
5650,exp,exp_name,miss avery,Miss Avery,481582,481592,26,2373,33,M_5650,PROPN
5651,exp,exp_name,evie,Evie,482107,482111,14,2374,33,M_5651,PROPN
5652,exp,exp_name,margaret,Margaret,482909,482917,25,2375,33,M_5652,PROPN
5653,pdnc,qID,Q1983-0,Auntie,483095,483101,25,2375,33,M_5653,Other
5654,pdnc,qID,Q1984-0,you,483178,483181,23,2376,33,M_5654,Other
5655,pdnc,qID,Q1984-0,Miss Avery,483192,483202,26,2376,33,M_5655,PROPN
5656,exp,exp_name,margaret,Margaret,483222,483230,25,2376,33,M_5656,PROPN
5657,pdnc,qID,Q1985-0,Mrs. Wilcox,483243,483254,25,2377,33,M_5657,PROPN
5658,pdnc,qID,Q1985-0,She,483268,483271,26,2377,33,M_5658,Other
5659,exp,exp_name,margaret,Margaret,483289,483297,25,2378,33,M_5659,PROPN
5660,exp,exp_name,bryce,Bryce,483566,483571,52,2378,33,M_5660,PROPN
5661,exp,exp_name,margaret,Margaret,483852,483860,25,2378,33,M_5661,PROPN
5662,pdnc,qID,Q1986-1,Mrs. Wilcox,484012,484023,25,2379,33,M_5662,PROPN
5663,booknlp,COREF,456,you,484046,484049,26,2380,33,M_5663,Other
5664,pdnc,qID,Q1988-0,Madge,484074,484079,23,2381,33,M_5664,PROPN
5665,exp,exp_name,miss avery,Miss Avery,484096,484106,26,2381,33,M_5665,PROPN
5666,booknlp,COREF,259,Auntie,484127,484133,45,2382,33,M_5666,Other
5667,pdnc,qID,Q1989-0,Mrs. Wilcox,484140,484151,25,2382,33,M_5667,PROPN
5668,exp,exp_name,margaret,Margaret,484156,484164,25,2383,33,M_5668,PROPN
5669,booknlp,COREF,456,her,484175,484178,26,2383,33,M_5669,Other
5670,pdnc,qID,Q1990-0,Your niece,484181,484191,23,2383,33,M_5670,Other
5671,pdnc,qID,Q1991-0,Madge,484221,484226,23,2384,33,M_5671,PROPN
5672,pdnc,qID,Q1991-0,your,484259,484263,23,2384,33,M_5672,Other
5673,pdnc,qID,Q1992-0,Auntie,484297,484303,26,2385,33,M_5673,Other
5674,pdnc,qID,Q1993-0,Miss Avery,484355,484365,26,2386,33,M_5674,PROPN
5675,exp,exp_name,margaret,Margaret,484375,484383,25,2386,33,M_5675,PROPN
5676,pdnc,qID,Q1993-1,you,484425,484428,26,2386,33,M_5676,Other
5677,pdnc,qID,Q1994-0,Mrs. Wilcox,484455,484466,25,2387,33,M_5677,PROPN
5678,pdnc,qID,Q1995-0,Miss Avery,484616,484626,26,2388,33,M_5678,PROPN
5679,exp,exp_name,margaret,Margaret,484649,484657,25,2388,33,M_5679,PROPN
5680,pdnc,qID,Q1996-0,you,484670,484673,25,2389,33,M_5680,Other
5681,exp,exp_name,madge,Madge,484694,484699,23,2389,33,M_5681,PROPN
5682,pdnc,qID,Q1996-1,you,484732,484735,25,2389,33,M_5682,Other
5683,pdnc,qID,Q1996-1,Auntie,484782,484788,26,2389,33,M_5683,Other
5684,exp,exp_name,miss avery,Miss Avery,484939,484949,26,2390,33,M_5684,PROPN
5685,pdnc,qID,Q1997-0,Mrs. Wilcox,484978,484989,25,2390,33,M_5685,PROPN
5686,pdnc,qID,Q1998-0,you,485029,485032,26,2391,33,M_5686,Other
5687,exp,exp_name,margaret,Margaret,485049,485057,25,2391,33,M_5687,PROPN
5688,exp,exp_name,miss avery,Miss Avery,485164,485174,26,2392,33,M_5688,PROPN
5689,booknlp,COREF,456,She,485176,485179,26,2392,33,M_5689,Other
5690,exp,exp_name,margaret,Margaret,485202,485210,25,2392,33,M_5690,PROPN
5691,booknlp,COREF,456,her,485479,485482,26,2392,33,M_5691,Other
5692,booknlp,COREF,456,her,485523,485526,26,2392,33,M_5692,Other
5693,exp,exp_name,miss avery,Miss Avery,485616,485626,26,2392,33,M_5693,PROPN
5694,pdnc,qID,Q2000-1,Mr. Wilcox,485706,485716,17,2393,33,M_5694,PROPN
5695,pdnc,qID,Q2000-1,my brother,485793,485803,45,2393,33,M_5695,Other
5696,pdnc,qID,Q2000-1,him,485831,485834,45,2393,33,M_5696,Other
5697,pdnc,qID,Q2000-1,my sister,485843,485852,16,2393,33,M_5697,Other
5698,pdnc,qID,Q2000-1,you,485874,485877,26,2393,33,M_5698,Other
5699,pdnc,qID,Q2000-1,you,485935,485938,26,2393,33,M_5699,Other
5700,exp,exp_name,margaret,Margaret,486017,486025,25,2395,33,M_5700,PROPN
5701,pdnc,qID,Q2003-0,Mrs. Wilcox,486150,486161,25,2396,33,M_5701,PROPN
5702,exp,exp_name,mrs. wilcox,Mrs. Wilcox,486226,486237,32,2396,33,M_5702,PROPN
5703,exp,exp_name,margaret,Margaret,486331,486339,25,2397,33,M_5703,PROPN
5704,pdnc,qID,Q2004-0,Mrs. Wilcox,486353,486364,32,2398,33,M_5704,PROPN
5705,exp,exp_name,charles,Charles,486392,486399,8,2398,33,M_5705,PROPN
5706,exp,exp_name,miss avery,Miss Avery,486432,486442,26,2399,33,M_5706,PROPN
5707,exp,exp_name,margaret,Margaret,486496,486504,25,2400,33,M_5707,PROPN
5708,pdnc,qID,Q2008-0,you,486714,486717,26,2402,33,M_5708,Other
5709,pdnc,qID,Q2008-0,Miss Avery,486729,486739,26,2402,33,M_5709,PROPN
5710,exp,exp_name,miss avery,Miss Avery,487039,487049,26,2403,33,M_5710,PROPN
5711,booknlp,COREF,456,Her,487100,487103,26,2403,33,M_5711,Other
5712,exp,exp_name,margaret,Margaret,487124,487132,25,2403,33,M_5712,PROPN
5713,booknlp,COREF,456,her,487139,487142,26,2403,33,M_5713,Other
5714,booknlp,COREF,456,I,487174,487175,26,2403,33,M_5714,Other
5715,booknlp,COREF,456,she,487203,487206,26,2403,33,M_5715,Other
5716,pdnc,qID,Q2012-1,your,487283,487287,25,2403,33,M_5716,Other
5717,exp,exp_name,margaret,Margaret,487399,487407,25,2404,33,M_5717,PROPN
5718,pdnc,qID,Q2013-1,Mr. Wilcox,487471,487481,17,2404,33,M_5718,PROPN
5719,pdnc,qID,Q2014-0,his,487555,487558,17,2405,33,M_5719,Other
5720,exp,exp_name,miss avery,Miss Avery,487716,487726,26,2406,33,M_5720,PROPN
5721,booknlp,COREF,456,Her,487816,487819,26,2407,33,M_5721,Other
5722,booknlp,COREF,456,She,487855,487858,26,2407,33,M_5722,Other
5723,pdnc,qID,Q2016-0,You,487937,487940,25,2407,33,M_5723,Other
5724,pdnc,qID,Q2016-0,you,487952,487955,25,2407,33,M_5724,Other
5725,pdnc,qID,Q2016-0,Mrs. Wilcox,487986,487997,25,2407,33,M_5725,PROPN
5726,pdnc,qID,Q2016-0,you,488003,488006,25,2407,33,M_5726,Other
5727,exp,exp_name,margaret,Margaret,488047,488055,25,2408,33,M_5727,PROPN
5728,exp,exp_name,miss avery,Miss Avery,488251,488261,26,2409,33,M_5728,PROPN
5729,booknlp,COREF,456,You,488322,488325,26,2409,33,M_5729,Other
5730,pdnc,qID,Q2020-0,You,488359,488362,25,2411,33,M_5730,Other
5731,pdnc,qID,Q2020-0,you,488423,488426,25,2411,33,M_5731,Other
5732,booknlp,COREF,456,me,488431,488433,26,2411,33,M_5732,Other
5733,exp,exp_name,margaret,Margaret,488503,488511,25,2412,33,M_5733,PROPN
5734,exp,exp_name,henry,Henry,488547,488552,17,2412,33,M_5734,PROPN
5735,exp,exp_name,helen,Helen,488827,488832,16,2412,33,M_5735,PROPN
5736,exp,exp_name,miss avery,Miss Avery,488862,488872,26,2412,33,M_5736,PROPN
5737,exp,exp_name,tibby,Tibby,488884,488889,45,2412,33,M_5737,PROPN
5738,booknlp,COREF,456,she,488924,488927,26,2413,33,M_5738,Other
5739,exp,exp_name,margaret,Margaret,488935,488943,25,2414,33,M_5739,PROPN
5740,booknlp,COREF,456,her,489248,489251,26,2415,33,M_5740,Other
5741,exp,exp_name,evie,Evie,489352,489356,14,2415,33,M_5741,PROPN
5742,exp,exp_name,evie,Evie,489391,489395,14,2415,33,M_5742,PROPN
5743,exp,exp_name,miss avery,Miss Avery,489416,489426,26,2415,33,M_5743,PROPN
5744,exp,exp_name,margaret,Margaret,489442,489450,25,2415,33,M_5744,PROPN
5745,exp,exp_name,miss avery,Miss Avery,489908,489918,26,2417,33,M_5745,PROPN
5746,booknlp,COREF,456,she,489978,489981,26,2417,33,M_5746,Other
5747,booknlp,COREF,456,I,490004,490005,26,2417,33,M_5747,Other
5748,pdnc,qID,Q2023-2,Charlie Wilcox,490014,490028,8,2417,33,M_5748,PROPN
5749,booknlp,COREF,456,my,490039,490041,26,2417,33,M_5749,Other
5750,pdnc,qID,Q2023-2,he,490109,490111,8,2417,33,M_5750,Other
5751,pdnc,qID,Q2023-2,him,490169,490172,8,2417,33,M_5751,Other
5752,pdnc,qID,Q2023-2,He,490174,490176,8,2417,33,M_5752,Other
5753,pdnc,qID,Q2023-2,his father,490189,490199,17,2417,33,M_5753,Other
5754,booknlp,COREF,456,I,490286,490287,26,2417,33,M_5754,Other
5755,pdnc,qID,Q2023-2,he,490315,490317,17,2417,33,M_5755,Other
5756,pdnc,qID,Q2023-2,Ruth,490331,490335,32,2417,33,M_5756,PROPN
5757,pdnc,qID,Q2024-0,My brother,490340,490350,45,2418,33,M_5757,Other
5758,exp,exp_name,margaret,Margaret,490377,490385,25,2418,33,M_5758,PROPN
5759,booknlp,COREF,456,I,490531,490532,26,2419,33,M_5759,Other
5760,pdnc,qID,Q2025-0,you,490537,490540,25,2419,33,M_5760,Other
5761,exp,exp_name,margaret,Margaret,490553,490561,25,2420,33,M_5761,PROPN
5762,booknlp,COREF,456,my,490666,490668,26,2422,33,M_5762,Other
5763,exp,exp_name,miss avery,Miss Avery,490684,490694,26,2423,33,M_5763,PROPN
5764,booknlp,COREF,456,I,490826,490827,26,2423,33,M_5764,Other
5765,pdnc,qID,Q2028-0,Mrs. Charlie,490840,490852,11,2423,33,M_5765,PROPN
5766,pdnc,qID,Q2028-0,her,490866,490869,11,2423,33,M_5766,Other
5767,exp,exp_name,margaret,Margaret,490945,490953,25,2424,33,M_5767,PROPN
5768,pdnc,qID,Q2029-1,my husband,491122,491132,17,2424,33,M_5768,Other
5769,exp,exp_name,miss avery,Miss Avery,491240,491250,26,2425,33,M_5769,PROPN
5770,exp,exp_name,margaret,Margaret,491383,491391,25,2426,33,M_5770,PROPN
5771,pdnc,qID,Q2031-0,Ruth,491504,491508,32,2426,33,M_5771,PROPN
5772,pdnc,qID,Q2031-0,her,491515,491518,32,2426,33,M_5772,Other
5773,pdnc,qID,Q2031-0,their,491730,491735,32,2426,33,M_5773,Other
5774,pdnc,qID,Q2032-0,they,491831,491835,32,2427,33,M_5774,Other
5775,pdnc,qID,Q2032-0,them,491851,491855,32,2427,33,M_5775,Other
5776,exp,exp_name,margaret,Margaret,491858,491866,25,2427,33,M_5776,PROPN
5777,exp,exp_name,miss avery,Miss Avery,491875,491885,26,2428,33,M_5777,PROPN
5778,pdnc,qID,Q2034-0,Mr. Wilcox,491945,491955,17,2429,33,M_5778,PROPN
5779,exp,exp_name,margaret,Margaret,491979,491987,25,2429,33,M_5779,PROPN
5780,booknlp,COREF,456,I,492041,492042,26,2430,33,M_5780,Other
5781,pdnc,qID,Q2035-0,Ruth,492059,492063,32,2430,33,M_5781,PROPN
5782,pdnc,qID,Q2035-0,you,492104,492107,25,2430,33,M_5782,Other
5783,booknlp,COREF,456,I,492125,492126,26,2430,33,M_5783,Other
5784,pdnc,qID,Q2035-0,you,492135,492138,25,2430,33,M_5784,Other
5785,pdnc,qID,Q2035-0,Wilcox,492160,492166,17,2430,33,M_5785,PROPN
5786,booknlp,COREF,354,she,492184,492187,32,2430,33,M_5786,Other
5787,pdnc,qID,Q2035-0,him,492192,492195,17,2430,33,M_5787,Other
5788,pdnc,qID,Q2036-0,she,492224,492227,32,2431,33,M_5788,Other
5789,exp,exp_name,margaret,Margaret,492304,492312,25,2433,33,M_5789,PROPN
5790,exp,exp_name,henry,Henry,492347,492352,17,2433,33,M_5790,PROPN
5791,pdnc,qID,Q2038-1,you,492502,492505,25,2434,33,M_5791,Other
5792,pdnc,qID,Q2038-1,your,492568,492572,25,2434,33,M_5792,Other
5793,pdnc,qID,Q2038-1,you,492625,492628,25,2434,33,M_5793,Other
5794,exp,exp_name,margaret,Margaret,492675,492683,25,2435,33,M_5794,PROPN
5795,exp,exp_name,miss avery,Miss Avery,492706,492716,26,2435,33,M_5795,PROPN
5796,pdnc,qID,Q2039-1,you,492909,492912,26,2435,33,M_5796,Other
5797,pdnc,qID,Q2040-0,Mrs. Wilcox,492948,492959,25,2436,33,M_5797,PROPN
5798,exp,exp_name,miss avery,Miss Avery,492967,492977,26,2436,33,M_5798,PROPN
5799,booknlp,COREF,456,her,492992,492995,26,2436,33,M_5799,Other
5800,exp,exp_name,madge,Madge,493082,493087,23,2437,33,M_5800,PROPN
5801,exp,exp_name,margaret,Margaret,493089,493097,25,2437,33,M_5801,PROPN
5802,exp,exp_name,henry,Henry,493299,493304,17,2437,33,M_5802,PROPN
5803,booknlp,COREF,355,He,493340,493342,17,2437,33,M_5803,Other
5804,booknlp,COREF,355,he,493393,493395,17,2437,33,M_5804,Other
5805,exp,exp_name,aunt juley,Aunt Juley,493588,493598,6,2440,34,M_5805,PROPN
5806,booknlp,COREF,263,She,493633,493636,6,2440,34,M_5806,Other
5807,booknlp,COREF,263,She,493722,493725,6,2440,34,M_5807,Other
5808,booknlp,COREF,263,her,493748,493751,6,2440,34,M_5808,Other
5809,booknlp,COREF,263,she,493807,493810,6,2440,34,M_5809,Other
5810,exp,exp_name,margaret,Margaret,493857,493865,25,2440,34,M_5810,PROPN
5811,exp,exp_name,tibby,Tibby,493870,493875,45,2440,34,M_5811,PROPN
5812,exp,exp_name,helen,Helen,493898,493903,16,2440,34,M_5812,PROPN
5813,exp,exp_name,margaret,Margaret,494168,494176,25,2440,34,M_5813,PROPN
5814,exp,exp_name,aunt juley,Aunt Juley,494527,494537,6,2440,34,M_5814,PROPN
5815,exp,exp_name,margaret,Margaret,495016,495024,25,2440,34,M_5815,PROPN
5816,exp,exp_name,tibby,Tibby,495080,495085,45,2440,34,M_5816,PROPN
5817,exp,exp_name,helen,Helen,495124,495129,16,2440,34,M_5817,PROPN
5818,booknlp,COREF,3204,she,495155,495158,25,2440,34,M_5818,Other
5819,exp,exp_name,helen,Helen,495182,495187,16,2440,34,M_5819,PROPN
5820,booknlp,COREF,3204,hers,495267,495271,25,2440,34,M_5820,Other
5821,exp,exp_name,margaret,Margaret,495319,495327,25,2440,34,M_5821,PROPN
5822,pdnc,qID,Q2042-0,Margaret dear,495462,495475,25,2441,34,M_5822,Other
5823,pdnc,qID,Q2042-0,Helen,495500,495505,16,2441,34,M_5823,PROPN
5824,pdnc,qID,Q2043-0,Helen,495516,495521,16,2442,34,M_5824,PROPN
5825,pdnc,qID,Q2043-0,Aunt Juley,495545,495555,6,2442,34,M_5825,PROPN
5826,pdnc,qID,Q2043-0,She,495557,495560,16,2442,34,M_5826,Other
5827,pdnc,qID,Q2043-0,she,495582,495585,16,2442,34,M_5827,Other
5828,pdnc,qID,Q2043-0,you,495616,495619,6,2442,34,M_5828,Other
5829,pdnc,qID,Q2043-0,She,495621,495624,16,2442,34,M_5829,Other
5830,pdnc,qID,Q2043-0,you,495660,495663,6,2442,34,M_5830,Other
5831,pdnc,qID,Q2044-0,Helen,495693,495698,16,2443,34,M_5831,PROPN
5832,pdnc,qID,Q2044-0,Mr. Wilcox,495700,495710,17,2443,34,M_5832,PROPN
5833,pdnc,qID,Q2045-0,dear,495721,495725,6,2444,34,M_5833,Other
5834,pdnc,qID,Q2046-0,he,495734,495736,17,2445,34,M_5834,Other
5835,pdnc,qID,Q2046-0,you,495743,495746,25,2445,34,M_5835,Other
5836,exp,exp_name,henry,Henry,495750,495755,17,2446,34,M_5836,PROPN
5837,exp,exp_name,margaret,Margaret,495810,495818,25,2446,34,M_5837,PROPN
5838,exp,exp_name,mrs. munt,Mrs. Munt,495829,495838,6,2447,34,M_5838,PROPN
5839,booknlp,COREF,264,her,495866,495869,6,2447,34,M_5839,Other
5840,booknlp,COREF,264,her,495912,495915,6,2447,34,M_5840,Other
5841,booknlp,COREF,264,her,495928,495931,6,2447,34,M_5841,Other
5842,booknlp,COREF,264,She,495955,495958,6,2447,34,M_5842,Other
5843,booknlp,COREF,264,she,496024,496027,6,2447,34,M_5843,Other
5844,pdnc,qID,Q2047-0,Margaret,496049,496057,25,2448,34,M_5844,PROPN
5845,booknlp,COREF,264,I,496084,496085,6,2448,34,M_5845,Other
5846,pdnc,qID,Q2047-1,you,496098,496101,25,2448,34,M_5846,Other
5847,booknlp,COREF,264,I,496168,496169,6,2449,34,M_5847,Other
5848,pdnc,qID,Q2049-0,you,496262,496265,25,2450,34,M_5848,Other
5849,pdnc,qID,Q2049-0,Helen,496270,496275,16,2450,34,M_5849,PROPN
5850,booknlp,COREF,264,I,496280,496281,6,2451,34,M_5850,Other
5851,pdnc,qID,Q2050-0,Tibby,496287,496292,45,2451,34,M_5851,PROPN
5852,pdnc,qID,Q2050-0,Aunt Juley,496294,496304,6,2451,34,M_5852,PROPN
5853,pdnc,qID,Q2051-0,he,496317,496319,45,2452,34,M_5853,Other
5854,pdnc,qID,Q2051-0,his,496330,496333,45,2452,34,M_5854,Other
5855,pdnc,qID,Q2051-0,you,496371,496374,25,2452,34,M_5855,Other
5856,pdnc,qID,Q2051-0,Helen,496389,496394,16,2452,34,M_5856,PROPN
5857,pdnc,qID,Q2052-0,Helen,496406,496411,16,2453,34,M_5857,PROPN
5858,exp,exp_name,margaret,Margaret,496434,496442,25,2453,34,M_5858,PROPN
5859,pdnc,qID,Q2053-0,she,496486,496489,16,2454,34,M_5859,Other
5860,pdnc,qID,Q2054-0,she,496533,496536,16,2455,34,M_5860,Other
5861,pdnc,qID,Q2054-0,her,496549,496552,16,2455,34,M_5861,Other
5862,pdnc,qID,Q2054-0,she,496563,496566,16,2455,34,M_5862,Other
5863,pdnc,qID,Q2054-0,She,496576,496579,16,2455,34,M_5863,Other
5864,exp,exp_name,helen,Helen,496644,496649,16,2456,34,M_5864,PROPN
5865,exp,exp_name,margaret,Margaret,496655,496663,25,2456,34,M_5865,PROPN
5866,exp,exp_name,helen,Helen,496902,496907,16,2456,34,M_5866,PROPN
5867,exp,exp_name,henry,Henry,497177,497182,17,2456,34,M_5867,PROPN
5868,exp,exp_name,henry,Henry,497194,497199,17,2456,34,M_5868,PROPN
5869,booknlp,COREF,355,his,497218,497221,17,2456,34,M_5869,Other
5870,booknlp,COREF,355,his,497268,497271,17,2456,34,M_5870,Other
5871,exp,exp_name,margaret,Margaret,497321,497329,25,2456,34,M_5871,PROPN
5872,exp,exp_name,helen,Helen,497391,497396,16,2456,34,M_5872,PROPN
5873,exp,exp_name,paul,Paul,497549,497553,34,2456,34,M_5873,PROPN
5874,exp,exp_name,margaret,Margaret,497627,497635,25,2456,34,M_5874,PROPN
5875,exp,exp_name,mrs. wilcox,Mrs. Wilcox,497640,497651,32,2456,34,M_5875,PROPN
5876,exp,exp_name,an old woman,an old woman,497883,497895,26,2456,34,M_5876,PROPN
5877,exp,exp_name,margaret,Margaret,497907,497915,25,2457,34,M_5877,PROPN
5878,exp,exp_name,helen,Helen,498093,498098,16,2457,34,M_5878,PROPN
5879,exp,exp_name,helen,Helen,498454,498459,16,2457,34,M_5879,PROPN
5880,exp,exp_name,paul,Paul,498522,498526,34,2457,34,M_5880,PROPN
5881,booknlp,COREF,256,his,498555,498558,34,2457,34,M_5881,Other
5882,exp,exp_name,margaret,Margaret,499080,499088,25,2458,34,M_5882,PROPN
5883,exp,exp_name,helen,Helen,499093,499098,16,2458,34,M_5883,PROPN
5884,exp,exp_name,margaret,Margaret,499148,499156,25,2458,34,M_5884,PROPN
5885,exp,exp_name,helen,Helen,499298,499303,16,2458,34,M_5885,PROPN
5886,exp,exp_name,mrs. munt,Mrs. Munt,499348,499357,6,2459,34,M_5886,PROPN
5887,exp,exp_name,helen,Helen,499366,499371,16,2459,34,M_5887,PROPN
5888,booknlp,COREF,264,She,499390,499393,6,2459,34,M_5888,Other
5889,booknlp,COREF,264,herself,499442,499449,6,2459,34,M_5889,Other
5890,exp,exp_name,meg,MEG,499551,499554,25,2460,34,M_5890,PROPN
5891,exp,exp_name,helen,Helen,499563,499568,16,2461,34,M_5891,PROPN
5892,exp,exp_name,aunt juley,Aunt Juley,499579,499589,6,2461,34,M_5892,PROPN
5893,booknlp,COREF,263,her,499596,499599,6,2461,34,M_5893,Other
5894,booknlp,COREF,263,her,499628,499631,6,2461,34,M_5894,Other
5895,exp,exp_name,aunt juley,Aunt Juley,499826,499836,6,2462,34,M_5895,PROPN
5896,exp,exp_name,meg,Meg,500224,500227,25,2463,34,M_5896,PROPN
5897,exp,exp_name,helen,HELEN,500314,500319,16,2464,34,M_5897,PROPN
5898,exp,exp_name,margaret,Margaret,500365,500373,25,2465,34,M_5898,PROPN
5899,exp,exp_name,aunt juley,Aunt Juley,500407,500417,6,2465,34,M_5899,PROPN
5900,exp,exp_name,helen,Helen,500616,500621,16,2465,34,M_5900,PROPN
5901,exp,exp_name,tibby,Tibby,500802,500807,45,2466,34,M_5901,PROPN
5902,booknlp,COREF,259,he,500850,500852,45,2466,34,M_5902,Other
5903,booknlp,COREF,259,him,500918,500921,45,2466,34,M_5903,Other
5904,booknlp,COREF,259,He,500923,500925,45,2466,34,M_5904,Other
5905,booknlp,COREF,259,his,500935,500938,45,2466,34,M_5905,Other
5906,booknlp,COREF,259,his,500967,500970,45,2466,34,M_5906,Other
5907,booknlp,COREF,259,his,500998,501001,45,2466,34,M_5907,Other
5908,booknlp,COREF,259,he,501024,501026,45,2466,34,M_5908,Other
5909,booknlp,COREF,259,him,501130,501133,45,2466,34,M_5909,Other
5910,booknlp,COREF,259,He,501169,501171,45,2466,34,M_5910,Other
5911,exp,exp_name,mr. wilcox,Mr. Wilcox,501262,501272,17,2466,34,M_5911,PROPN
5912,booknlp,COREF,259,He,501296,501298,45,2466,34,M_5912,Other
5913,booknlp,COREF,259,his,501331,501334,45,2466,34,M_5913,Other
5914,booknlp,COREF,259,He,501361,501363,45,2466,34,M_5914,Other
5915,exp,exp_name,helen,Helen,501372,501377,16,2466,34,M_5915,PROPN
5916,exp,exp_name,margaret,Margaret,501388,501396,25,2466,34,M_5916,PROPN
5917,booknlp,COREF,259,him,501435,501438,45,2466,34,M_5917,Other
5918,booknlp,COREF,259,He,501490,501492,45,2466,34,M_5918,Other
5919,pdnc,qID,Q2055-0,you,501567,501570,25,2467,34,M_5919,Other
5920,pdnc,qID,Q2055-0,Mr. Wilcox,501576,501586,17,2467,34,M_5920,PROPN
5921,pdnc,qID,Q2056-0,Helen,501597,501602,16,2468,34,M_5921,PROPN
5922,pdnc,qID,Q2057-0,he,501615,501617,17,2469,34,M_5922,Other
5923,pdnc,qID,Q2058-0,He,501657,501659,17,2470,34,M_5923,Other
5924,pdnc,qID,Q2058-0,he,501673,501675,17,2470,34,M_5924,Other
5925,pdnc,qID,Q2059-0,you,501696,501699,25,2471,34,M_5925,Other
5926,pdnc,qID,Q2059-0,he,501715,501717,17,2471,34,M_5926,Other
5927,exp,exp_name,margaret,Margaret,501774,501782,25,2472,34,M_5927,PROPN
5928,exp,exp_name,helen,Helen,501826,501831,16,2472,34,M_5928,PROPN
5929,exp,exp_name,margaret,Margaret,501941,501949,25,2472,34,M_5929,PROPN
5930,exp,exp_name,tibby,Tibby,502017,502022,45,2472,34,M_5930,PROPN
5931,exp,exp_name,helen,Helen,502042,502047,16,2472,34,M_5931,PROPN
5932,exp,exp_name,helen,Helen,502108,502113,16,2472,34,M_5932,PROPN
5933,exp,exp_name,margaret,Margaret,502138,502146,25,2473,34,M_5933,PROPN
5934,pdnc,qID,Q2060-0,Tibby love,502254,502264,45,2474,34,M_5934,Other
5935,pdnc,qID,Q2062-0,Dear,502316,502320,45,2476,34,M_5935,Other
5936,pdnc,qID,Q2062-0,your,502322,502326,45,2476,34,M_5936,Other
5937,pdnc,qID,Q2062-0,you,502368,502371,45,2476,34,M_5937,Other
5938,exp,exp_name,margaret,Margaret,502461,502469,25,2478,34,M_5938,PROPN
5939,exp,exp_name,tibby,Tibby,502620,502625,45,2478,34,M_5939,PROPN
5940,exp,exp_name,helen,Helen,502882,502887,16,2478,34,M_5940,PROPN
5941,exp,exp_name,margaret,Margaret,503045,503053,25,2478,34,M_5941,PROPN
5942,exp,exp_name,henry,Henry,503332,503337,17,2479,34,M_5942,PROPN
5943,exp,exp_name,henry,Henry,503357,503362,17,2479,34,M_5943,PROPN
5944,booknlp,COREF,355,He,503377,503379,17,2479,34,M_5944,Other
5945,exp,exp_name,tibby,Tibby,503473,503478,45,2479,34,M_5945,PROPN
5946,booknlp,COREF,355,his,503516,503519,17,2479,34,M_5946,Other
5947,booknlp,COREF,355,his,503545,503548,17,2479,34,M_5947,Other
5948,booknlp,COREF,355,He,503557,503559,17,2479,34,M_5948,Other
5949,exp,exp_name,paul,Paul,503626,503630,34,2479,34,M_5949,PROPN
5950,exp,exp_name,paul,Paul,503734,503738,34,2479,34,M_5950,PROPN
5951,exp,exp_name,helen,Helen,503959,503964,16,2479,34,M_5951,PROPN
5952,exp,exp_name,henry,Henry,503972,503977,17,2480,34,M_5952,PROPN
5953,booknlp,COREF,355,He,504030,504032,17,2480,34,M_5953,Other
5954,booknlp,COREF,355,him,504139,504142,17,2480,34,M_5954,Other
5955,booknlp,COREF,355,he,504160,504162,17,2480,34,M_5955,Other
5956,exp,exp_name,tibby,Tibby,504176,504181,45,2480,34,M_5956,PROPN
5957,pdnc,qID,Q2065-0,Helen,504247,504252,16,2480,34,M_5957,PROPN
5958,exp,exp_name,margaret,Margaret,504322,504330,25,2481,34,M_5958,PROPN
5959,pdnc,qID,Q2066-1,Helen,504364,504369,16,2481,34,M_5959,PROPN
5960,pdnc,qID,Q2066-1,she,504382,504385,16,2481,34,M_5960,Other
5961,pdnc,qID,Q2067-0,you,504514,504517,25,2482,34,M_5961,Other
5962,pdnc,qID,Q2067-0,Margaret,504540,504548,25,2482,34,M_5962,PROPN
5963,pdnc,qID,Q2067-0,you,504550,504553,25,2482,34,M_5963,Other
5964,pdnc,qID,Q2067-0,your,504585,504589,25,2482,34,M_5964,Other
5965,pdnc,qID,Q2067-0,You,504596,504599,25,2482,34,M_5965,Other
5966,pdnc,qID,Q2067-0,your aunt,504638,504647,6,2482,34,M_5966,Other
5967,pdnc,qID,Q2067-0,your sister,504654,504665,16,2482,34,M_5967,Other
5968,pdnc,qID,Q2067-0,Theobald,504707,504715,45,2482,34,M_5968,PROPN
5969,pdnc,qID,Q2068-0,you,504747,504750,25,2482,34,M_5969,Other
5970,pdnc,qID,Q2068-0,you,504770,504773,25,2482,34,M_5970,Other
5971,pdnc,qID,Q2068-0,my girl,504816,504823,25,2482,34,M_5971,Other
5972,pdnc,qID,Q2069-0,you,504872,504875,17,2483,34,M_5972,Other
5973,exp,exp_name,tibby,Tibby,504913,504918,45,2483,34,M_5973,PROPN
5974,exp,exp_name,mr. wilcox,Mr. Wilcox,504921,504931,17,2484,34,M_5974,PROPN
5975,exp,exp_name,margaret,Margaret,505110,505118,25,2484,34,M_5975,PROPN
5976,pdnc,qID,Q2071-0,Margaret,505188,505196,25,2485,34,M_5976,PROPN
5977,pdnc,qID,Q2071-1,Our sister,505225,505235,16,2485,34,M_5977,Other
5978,exp,exp_name,charles,Charles,505250,505257,8,2486,34,M_5978,PROPN
5979,pdnc,qID,Q2072-0,Charles,505319,505326,8,2487,34,M_5979,PROPN
5980,exp,exp_name,margaret,Margaret,505334,505342,25,2487,34,M_5980,PROPN
5981,pdnc,qID,Q2072-1,you,505358,505361,8,2487,34,M_5981,Other
5982,pdnc,qID,Q2073-0,you,505476,505479,25,2488,34,M_5982,Other
5983,exp,exp_name,tibby,Tibby,505539,505544,45,2489,34,M_5983,PROPN
5984,pdnc,qID,Q2074-1,she,505604,505607,16,2489,34,M_5984,Other
5985,pdnc,qID,Q2074-1,She,505664,505667,16,2489,34,M_5985,Other
5986,pdnc,qID,Q2074-1,her,505705,505708,16,2489,34,M_5986,Other
5987,pdnc,qID,Q2074-1,She,505718,505721,16,2489,34,M_5987,Other
5988,pdnc,qID,Q2074-1,Margaret,505751,505759,25,2489,34,M_5988,PROPN
5989,pdnc,qID,Q2074-1,her,505766,505769,16,2489,34,M_5989,Other
5990,pdnc,qID,Q2075-0,She,505849,505852,16,2490,34,M_5990,Other
5991,exp,exp_name,henry,Henry,505902,505907,17,2490,34,M_5991,PROPN
5992,booknlp,COREF,355,his,505932,505935,17,2491,34,M_5992,Other
5993,pdnc,qID,Q2077-0,my dear,505964,505971,25,2492,34,M_5993,Other
5994,booknlp,COREF,259,I,505980,505981,45,2492,34,M_5994,Other
5995,pdnc,qID,Q2078-0,You,506040,506043,17,2493,34,M_5995,Other
5996,pdnc,qID,Q2078-0,Helen,506065,506070,16,2493,34,M_5996,PROPN
5997,pdnc,qID,Q2078-1,You,506113,506116,17,2493,34,M_5997,Other
5998,pdnc,qID,Q2078-1,her,506148,506151,16,2493,34,M_5998,Other
5999,pdnc,qID,Q2079-0,she,506172,506175,16,2494,34,M_5999,Other
6000,pdnc,qID,Q2080-0,Henry,506222,506227,17,2495,34,M_6000,PROPN
6001,pdnc,qID,Q2080-0,you,506235,506238,17,2495,34,M_6001,Other
6002,exp,exp_name,charles,Charles,506304,506311,8,2496,34,M_6002,PROPN
6003,pdnc,qID,Q2081-0,she,506405,506408,16,2497,34,M_6003,Other
6004,pdnc,qID,Q2081-0,She,506490,506493,16,2497,34,M_6004,Other
6005,pdnc,qID,Q2081-0,she,506516,506519,16,2497,34,M_6005,Other
6006,pdnc,qID,Q2081-0,her,506595,506598,16,2497,34,M_6006,Other
6007,pdnc,qID,Q2081-0,She,506604,506607,16,2497,34,M_6007,Other
6008,pdnc,qID,Q2081-0,she,506662,506665,16,2497,34,M_6008,Other
6009,pdnc,qID,Q2081-0,she,506713,506716,16,2497,34,M_6009,Other
6010,pdnc,qID,Q2081-0,my sister,506776,506785,16,2497,34,M_6010,Other
6011,pdnc,qID,Q2081-0,you,506791,506794,17,2497,34,M_6011,Other
6012,pdnc,qID,Q2081-0,she,506808,506811,16,2497,34,M_6012,Other
6013,pdnc,qID,Q2081-0,you,506830,506833,17,2497,34,M_6013,Other
6014,pdnc,qID,Q2081-0,her,506840,506843,16,2497,34,M_6014,Other
6015,exp,exp_name,henry,Henry,506855,506860,17,2498,34,M_6015,PROPN
6016,booknlp,COREF,355,him,506902,506905,17,2498,34,M_6016,Other
6017,booknlp,COREF,355,himself,506951,506958,17,2498,34,M_6017,Other
6018,booknlp,COREF,355,he,506960,506962,17,2498,34,M_6018,Other
6019,booknlp,COREF,355,his,507114,507117,17,2498,34,M_6019,Other
6020,booknlp,COREF,355,he,507141,507143,17,2498,34,M_6020,Other
6021,exp,exp_name,helen,Helen,507246,507251,16,2498,34,M_6021,PROPN
6022,booknlp,COREF,355,he,507285,507287,17,2498,34,M_6022,Other
6023,pdnc,qID,Q2082-0,You,507391,507394,25,2499,34,M_6023,Other
6024,pdnc,qID,Q2082-0,her,507415,507418,16,2499,34,M_6024,Other
6025,booknlp,COREF,355,he,507421,507423,17,2499,34,M_6025,Other
6026,pdnc,qID,Q2082-1,She,507461,507464,16,2499,34,M_6026,Other
6027,pdnc,qID,Q2083-0,she,507508,507511,16,2500,34,M_6027,Other
6028,booknlp,COREF,355,He,507565,507567,17,2501,34,M_6028,Other
6029,booknlp,COREF,355,his,507576,507579,17,2501,34,M_6029,Other
6030,exp,exp_name,the man,the man,507668,507675,40,2501,34,M_6030,PROPN
6031,booknlp,COREF,355,I,507786,507787,17,2501,34,M_6031,Other
6032,booknlp,COREF,355,he,507800,507802,17,2501,34,M_6032,Other
6033,booknlp,COREF,355,me,507851,507853,17,2501,34,M_6033,Other
6034,pdnc,qID,Q2085-1,her,507866,507869,16,2501,34,M_6034,Other
6035,pdnc,qID,Q2086-0,you,507903,507906,17,2502,34,M_6035,Other
6036,pdnc,qID,Q2087-0,her,507925,507928,16,2503,34,M_6036,Other
6037,pdnc,qID,Q2087-0,her,507941,507944,16,2503,34,M_6037,Other
6038,pdnc,qID,Q2087-0,she,507950,507953,16,2503,34,M_6038,Other
6039,pdnc,qID,Q2087-0,you,507985,507988,25,2503,34,M_6039,Other
6040,pdnc,qID,Q2087-0,her,507998,508001,16,2503,34,M_6040,Other
6041,pdnc,qID,Q2088-0,Henry,508017,508022,17,2504,34,M_6041,PROPN
6042,pdnc,qID,Q2088-0,she,508041,508044,16,2504,34,M_6042,Other
6043,pdnc,qID,Q2088-0,her,508075,508078,16,2504,34,M_6043,Other
6044,pdnc,qID,Q2089-0,you,508126,508129,25,2505,34,M_6044,Other
6045,pdnc,qID,Q2089-0,her,508141,508144,16,2505,34,M_6045,Other
6046,pdnc,qID,Q2089-0,you,508145,508148,25,2505,34,M_6046,Other
6047,pdnc,qID,Q2089-0,she,508164,508167,16,2505,34,M_6047,Other
6048,pdnc,qID,Q2089-0,you,508200,508203,25,2505,34,M_6048,Other
6049,pdnc,qID,Q2089-0,her,508248,508251,16,2505,34,M_6049,Other
6050,pdnc,qID,Q2089-0,her,508332,508335,16,2505,34,M_6050,Other
6051,exp,exp_name,margaret,Margaret,508366,508374,25,2506,34,M_6051,PROPN
6052,booknlp,COREF,259,me,508456,508458,45,2508,34,M_6052,Other
6053,exp,exp_name,tibby,Tibby,508466,508471,45,2508,34,M_6053,PROPN
6054,pdnc,qID,Q2094-0,Helen,508610,508615,16,2509,34,M_6054,PROPN
6055,pdnc,qID,Q2094-0,you,508631,508634,17,2509,34,M_6055,Other
6056,pdnc,qID,Q2095-0,Helen,508719,508724,16,2510,34,M_6056,PROPN
6057,exp,exp_name,tibby,Tibby,508745,508750,45,2510,34,M_6057,PROPN
6058,pdnc,qID,Q2095-1,She,508782,508785,16,2510,34,M_6058,Other
6059,booknlp,COREF,355,your,508797,508801,17,2510,34,M_6059,Other
6060,pdnc,qID,Q2095-1,you,508843,508846,25,2510,34,M_6060,Other
6061,pdnc,qID,Q2095-1,she,508853,508856,16,2510,34,M_6061,Other
6062,pdnc,qID,Q2096-0,Henry,508871,508876,17,2511,34,M_6062,PROPN
6063,pdnc,qID,Q2096-0,you,508892,508895,17,2511,34,M_6063,Other
6064,booknlp,COREF,259,I,508901,508902,45,2511,34,M_6064,Other
6065,pdnc,qID,Q2097-1,you,508934,508937,25,2512,34,M_6065,Other
6066,pdnc,qID,Q2099-0,you,509005,509008,25,2514,34,M_6066,Other
6067,pdnc,qID,Q2099-0,your sister,509020,509031,16,2514,34,M_6067,Other
6068,pdnc,qID,Q2099-0,You,509040,509043,25,2514,34,M_6068,Other
6069,pdnc,qID,Q2099-0,her,509059,509062,16,2514,34,M_6069,Other
6070,pdnc,qID,Q2099-0,you,509094,509097,25,2514,34,M_6070,Other
6071,pdnc,qID,Q2101-0,You,509287,509290,25,2516,34,M_6071,Other
6072,pdnc,qID,Q2102-0,you,509351,509354,17,2517,34,M_6072,Other
6073,exp,exp_name,henry,Henry,509365,509370,17,2518,34,M_6073,PROPN
6074,booknlp,COREF,355,his,509380,509383,17,2518,34,M_6074,Other
6075,pdnc,qID,Q2103-0,Margaret,509396,509404,25,2518,34,M_6075,PROPN
6076,pdnc,qID,Q2103-0,Margaret,509406,509414,25,2518,34,M_6076,PROPN
6077,booknlp,COREF,355,he,509417,509419,17,2518,34,M_6077,Other
6078,pdnc,qID,Q2103-1,my dear,509473,509480,25,2518,34,M_6078,Other
6079,booknlp,COREF,355,my,509482,509484,17,2518,34,M_6079,Other
6080,pdnc,qID,Q2103-1,you,509506,509509,25,2518,34,M_6080,Other
6081,booknlp,COREF,355,me,509515,509517,17,2518,34,M_6081,Other
6082,pdnc,qID,Q2103-1,you,509526,509529,25,2518,34,M_6082,Other
6083,booknlp,COREF,355,my,509568,509570,17,2520,34,M_6083,Other
6084,exp,exp_name,charles,Charles,509618,509625,8,2521,34,M_6084,PROPN
6085,pdnc,qID,Q2106-0,Pater,509659,509664,17,2521,34,M_6085,Other
6086,pdnc,qID,Q2107-0,Charles,509726,509733,8,2522,34,M_6086,PROPN
6087,exp,exp_name,charles,Charles,509737,509744,8,2523,34,M_6087,PROPN
6088,exp,exp_name,margaret,Margaret,509771,509779,25,2523,34,M_6088,PROPN
6089,pdnc,qID,Q2109-1,My boy,509981,509987,8,2525,34,M_6089,Other
6090,pdnc,qID,Q2110-0,your,510025,510029,17,2526,34,M_6090,Other
6091,exp,exp_name,charles,Charles,510044,510051,8,2526,34,M_6091,PROPN
6092,exp,exp_name,margaret,Margaret,510096,510104,25,2527,34,M_6092,PROPN
6093,exp,exp_name,helen,Helen,510259,510264,16,2527,34,M_6093,PROPN
6094,exp,exp_name,margaret,Margaret,510430,510438,25,2527,34,M_6094,PROPN
6095,exp,exp_name,helen,Helen,510712,510717,16,2527,34,M_6095,PROPN
6096,exp,exp_name,henry,Henry,510775,510780,17,2527,34,M_6096,PROPN
6097,exp,exp_name,dolly,Dolly,510800,510805,11,2527,34,M_6097,PROPN
6098,exp,exp_name,mr. wilcox,Mr. Wilcox,510871,510881,17,2528,34,M_6098,PROPN
6099,pdnc,qID,Q2111-0,my boy,510937,510943,8,2528,34,M_6099,Other
6100,pdnc,qID,Q2111-0,Margaret,510945,510953,25,2528,34,M_6100,PROPN
6101,pdnc,qID,Q2111-0,her,510998,511001,25,2528,34,M_6101,Other
6102,exp,exp_name,charles,Charles,511005,511012,8,2529,34,M_6102,PROPN
6103,pdnc,qID,Q2112-0,you,511054,511057,8,2530,34,M_6103,Other
6104,pdnc,qID,Q2112-0,Charles,511059,511066,8,2530,34,M_6104,PROPN
6105,pdnc,qID,Q2113-0,pater,511091,511096,17,2531,34,M_6105,Other
6106,pdnc,qID,Q2113-0,you,511102,511105,17,2531,34,M_6106,Other
6107,pdnc,qID,Q2113-0,you,511146,511149,17,2531,34,M_6107,Other
6108,exp,exp_name,margaret,Margaret,511599,511607,25,2535,35,M_6108,PROPN
6109,exp,exp_name,miss avery,Miss Avery,511623,511633,26,2535,35,M_6109,PROPN
6110,exp,exp_name,helen,Helen,511675,511680,16,2535,35,M_6110,PROPN
6111,exp,exp_name,henry,Henry,511913,511918,17,2536,35,M_6111,PROPN
6112,booknlp,COREF,355,he,511939,511941,17,2536,35,M_6112,Other
6113,booknlp,COREF,355,him,512009,512012,17,2536,35,M_6113,Other
6114,booknlp,COREF,355,him,512029,512032,17,2536,35,M_6114,Other
6115,booknlp,COREF,355,he,512056,512058,17,2536,35,M_6115,Other
6116,booknlp,COREF,355,his,512084,512087,17,2536,35,M_6116,Other
6117,booknlp,COREF,355,He,512109,512111,17,2536,35,M_6117,Other
6118,exp,exp_name,helen,Helen,512170,512175,16,2536,35,M_6118,PROPN
6119,exp,exp_name,evie,Evie,512227,512231,14,2536,35,M_6119,PROPN
6120,booknlp,COREF,355,he,512281,512283,17,2537,35,M_6120,Other
6121,booknlp,COREF,355,his,512340,512343,17,2537,35,M_6121,Other
6122,booknlp,COREF,355,he,512352,512354,17,2537,35,M_6122,Other
6123,booknlp,COREF,355,he,512475,512477,17,2537,35,M_6123,Other
6124,exp,exp_name,margaret,Margaret,512484,512492,25,2537,35,M_6124,PROPN
6125,pdnc,qID,Q2116-0,She,512639,512642,16,2538,35,M_6125,Other
6126,exp,exp_name,henry,Henry,512669,512674,17,2538,35,M_6126,PROPN
6127,pdnc,qID,Q2116-1,her,512691,512694,16,2538,35,M_6127,Other
6128,exp,exp_name,margaret,Margaret,512733,512741,25,2539,35,M_6128,PROPN
6129,pdnc,qID,Q2118-0,your,512775,512779,25,2540,35,M_6129,Other
6130,pdnc,qID,Q2118-0,dear,512788,512792,25,2540,35,M_6130,Other
6131,pdnc,qID,Q2118-0,We,512794,512796,25,2540,35,M_6131,Other
6132,pdnc,qID,Q2119-0,Margaret,512818,512826,25,2541,35,M_6132,PROPN
6133,pdnc,qID,Q2119-0,you,512828,512831,25,2541,35,M_6133,Other
6134,pdnc,qID,Q2119-0,you,512837,512840,25,2541,35,M_6134,Other
6135,exp,exp_name,dolly,Dolly,512865,512870,11,2541,35,M_6135,PROPN
6136,exp,exp_name,margaret,Margaret,512873,512881,25,2542,35,M_6136,PROPN
6137,exp,exp_name,dolly,Dolly,512931,512936,11,2542,35,M_6137,PROPN
6138,booknlp,COREF,3282,her,512954,512957,11,2542,35,M_6138,Other
6139,pdnc,qID,Q2120-0,You,513048,513051,25,2543,35,M_6139,Other
6140,exp,exp_name,margaret,Margaret,513163,513171,25,2544,35,M_6140,PROPN
6141,pdnc,qID,Q2121-1,Helen,513245,513250,16,2544,35,M_6141,PROPN
6142,pdnc,qID,Q2121-1,Her,513268,513271,16,2544,35,M_6142,Other
6143,pdnc,qID,Q2121-1,Her,513332,513335,16,2544,35,M_6143,Other
6144,pdnc,qID,Q2121-1,your driver,513373,513384,10,2544,35,M_6144,Other
6145,pdnc,qID,Q2121-1,her,513396,513399,16,2544,35,M_6145,Other
6146,pdnc,qID,Q2121-1,Charles,513459,513466,8,2544,35,M_6146,PROPN
6147,pdnc,qID,Q2121-1,he,513482,513484,8,2544,35,M_6147,Other
6148,exp,exp_name,dolly,Dolly,513502,513507,11,2544,35,M_6148,PROPN
6149,pdnc,qID,Q2121-2,Dolly,513538,513543,11,2544,35,M_6149,Other
6150,exp,exp_name,henry,Henry,513588,513593,17,2545,35,M_6150,PROPN
6151,booknlp,COREF,3285,her,513614,513617,11,2545,35,M_6151,Other
6152,booknlp,COREF,355,He,513627,513629,17,2545,35,M_6152,Other
6153,pdnc,qID,Q2122-0,you,513667,513670,25,2546,35,M_6153,Other
6154,booknlp,COREF,3285,yourself,513684,513692,11,2546,35,M_6154,Other
6155,booknlp,COREF,355,he,513695,513697,17,2546,35,M_6155,Other
6156,booknlp,COREF,3285,She,513738,513741,11,2549,35,M_6156,Other
6157,exp,exp_name,mr. wilcox,Mr. Wilcox,513815,513825,17,2549,35,M_6157,PROPN
6158,exp,exp_name,dolly,Dolly,513842,513847,11,2550,35,M_6158,PROPN
6159,pdnc,qID,Q2125-0,her,513867,513870,25,2550,35,M_6159,Other
6160,exp,exp_name,dolly,Dolly,513874,513879,11,2551,35,M_6160,PROPN
6161,booknlp,COREF,3285,She,513918,513921,11,2551,35,M_6161,Other
6162,pdnc,qID,Q2126-0,her,513968,513971,25,2552,35,M_6162,Other
6163,pdnc,qID,Q2127-0,Mr. Wilcox,513999,514009,17,2553,35,M_6163,PROPN
6164,pdnc,qID,Q2128-0,you,514034,514037,11,2554,35,M_6164,Other
6165,exp,exp_name,crane,Crane,514231,514236,10,2555,35,M_6165,PROPN
6166,exp,exp_name,dolly,Dolly,514302,514307,11,2555,35,M_6166,PROPN
6167,exp,exp_name,margaret,Margaret,514318,514326,25,2555,35,M_6167,PROPN
6168,booknlp,COREF,3285,She,514409,514412,11,2555,35,M_6168,Other
6169,booknlp,COREF,3285,her,514458,514461,11,2555,35,M_6169,Other
6170,booknlp,COREF,3285,she,514465,514468,11,2555,35,M_6170,Other
6171,exp,exp_name,helen,Helen,514481,514486,16,2555,35,M_6171,PROPN
6172,booknlp,COREF,3285,her,514492,514495,11,2555,35,M_6172,Other
6173,exp,exp_name,helen,Helen,514548,514553,16,2555,35,M_6173,PROPN
6174,booknlp,COREF,3285,She,514579,514582,11,2555,35,M_6174,Other
6175,booknlp,COREF,3285,I,514593,514594,11,2555,35,M_6175,Other
6176,booknlp,COREF,3285,I,514607,514608,11,2555,35,M_6176,Other
6177,booknlp,COREF,3285,my,514634,514636,11,2555,35,M_6177,Other
6178,booknlp,COREF,3285,she,514651,514654,11,2555,35,M_6178,Other
6179,pdnc,qID,Q2130-0,you,514734,514737,25,2556,35,M_6179,Other
6180,booknlp,COREF,3285,I,514785,514786,11,2557,35,M_6180,Other
6181,booknlp,COREF,3285,me,514850,514852,11,2557,35,M_6181,Other
6182,booknlp,COREF,3285,I,514861,514862,11,2558,35,M_6182,Other
6183,booknlp,COREF,3285,me,514909,514911,11,2559,35,M_6183,Other
6184,pdnc,qID,Q2133-0,your,514912,514916,17,2559,35,M_6184,Other
6185,pdnc,qID,Q2133-0,you,514929,514932,17,2559,35,M_6185,Other
6186,pdnc,qID,Q2134-0,dear girl,514979,514988,25,2560,35,M_6186,Other
6187,pdnc,qID,Q2134-0,you,514994,514997,25,2560,35,M_6187,Other
6188,booknlp,COREF,3285,My,515022,515024,11,2561,35,M_6188,Other
6189,booknlp,COREF,3285,me,515082,515084,11,2562,35,M_6189,Other
6190,booknlp,COREF,3285,Her,515099,515102,11,2562,35,M_6190,Other
6191,pdnc,qID,Q2136-0,A certain gentleman,515308,515327,10,2562,35,M_6191,Other
6192,exp,exp_name,crane,Crane,515344,515349,10,2562,35,M_6192,PROPN
6193,pdnc,qID,Q2137-0,you,515448,515451,25,2562,35,M_6193,Other
6194,pdnc,qID,Q2139-0,you,515521,515524,25,2564,35,M_6194,Other
6195,pdnc,qID,Q2141-0,her,515584,515587,16,2566,35,M_6195,Other
6196,exp,exp_name,the doctor,the doctor,515683,515693,24,2567,35,M_6196,PROPN
6197,pdnc,qID,Q2142-0,my wife,515718,515725,25,2568,35,M_6197,Other
6198,pdnc,qID,Q2142-0,Mansbridge,515727,515737,24,2568,35,M_6198,Other
6199,pdnc,qID,Q2142-0,Miss Schlegel,515779,515792,16,2568,35,M_6199,PROPN
6200,pdnc,qID,Q2142-0,you,515808,515811,24,2568,35,M_6200,Other
6201,pdnc,qID,Q2142-0,you,515929,515932,25,2568,35,M_6201,Other
6202,pdnc,qID,Q2142-0,Margaret,515941,515949,25,2568,35,M_6202,PROPN
6203,exp,exp_name,the doctor,The doctor,515953,515963,24,2569,35,M_6203,PROPN
6204,exp,exp_name,helen,Helen,516012,516017,16,2569,35,M_6204,PROPN
6205,exp,exp_name,margaret,Margaret,516172,516180,25,2570,35,M_6205,PROPN
6206,pdnc,qID,Q2144-0,my husband,516258,516268,17,2570,35,M_6206,Other
6207,pdnc,qID,Q2145-0,She,516286,516289,16,2571,35,M_6207,Other
6208,exp,exp_name,henry,Henry,516325,516330,17,2571,35,M_6208,PROPN
6209,booknlp,COREF,355,I,516487,516488,17,2571,35,M_6209,Other
6210,pdnc,qID,Q2145-1,a very charming girl,516508,516528,16,2571,35,M_6210,Other
6211,exp,exp_name,margaret,Margaret,516532,516540,25,2572,35,M_6211,PROPN
6212,exp,exp_name,helen,Helen,516728,516733,16,2572,35,M_6212,PROPN
6213,exp,exp_name,margaret,Margaret,516778,516786,25,2572,35,M_6213,PROPN
6214,exp,exp_name,miss avery,Miss Avery,517237,517247,26,2573,35,M_6214,PROPN
6215,exp,exp_name,henry,Henry,517262,517267,17,2573,35,M_6215,PROPN
6216,exp,exp_name,helen,Helen,517451,517456,16,2573,35,M_6216,PROPN
6217,exp,exp_name,margaret,Margaret,517728,517736,25,2574,35,M_6217,PROPN
6218,exp,exp_name,helen,Helen,517942,517947,16,2574,35,M_6218,PROPN
6219,exp,exp_name,margaret,Margaret,517949,517957,25,2574,35,M_6219,PROPN
6220,pdnc,qID,Q2146-0,the truant,518111,518121,16,2575,35,M_6220,Other
6221,exp,exp_name,henry,Henry,518141,518146,17,2575,35,M_6221,PROPN
6222,pdnc,qID,Q2147-0,my darling,518179,518189,16,2576,35,M_6222,Other
6223,exp,exp_name,helen,Helen,518269,518274,16,2576,35,M_6223,PROPN
6224,pdnc,qID,Q2149-0,Margaret,518367,518375,25,2578,36,M_6224,PROPN
6225,pdnc,qID,Q2149-0,you,518377,518380,25,2578,36,M_6225,Other
6226,exp,exp_name,henry,Henry,518399,518404,17,2578,36,M_6226,PROPN
6227,exp,exp_name,mansbridge,Mansbridge,518407,518417,24,2579,36,M_6227,PROPN
6228,exp,exp_name,crane,Crane,518432,518437,10,2579,36,M_6228,PROPN
6229,exp,exp_name,margaret,Margaret,518495,518503,25,2579,36,M_6229,PROPN
6230,exp,exp_name,henry,Henry,518632,518637,17,2579,36,M_6230,PROPN
6231,booknlp,COREF,355,His,518691,518694,17,2579,36,M_6231,Other
6232,booknlp,COREF,355,him,518725,518728,17,2579,36,M_6232,Other
6233,exp,exp_name,helen,Helen,518752,518757,16,2579,36,M_6233,PROPN
6234,booknlp,COREF,355,me,518784,518786,17,2579,36,M_6234,Other
6235,booknlp,COREF,355,his,518826,518829,17,2579,36,M_6235,Other
6236,exp,exp_name,henry,Henry,518919,518924,17,2579,36,M_6236,PROPN
6237,booknlp,COREF,355,He,518938,518940,17,2579,36,M_6237,Other
6238,pdnc,qID,Q2152-0,Margaret,518952,518960,25,2579,36,M_6238,PROPN
6239,pdnc,qID,Q2152-0,you,518962,518965,25,2579,36,M_6239,Other
6240,pdnc,qID,Q2152-0,My dear,518984,518991,25,2579,36,M_6240,Other
6241,booknlp,COREF,355,me,518998,519000,17,2579,36,M_6241,Other
6242,pdnc,qID,Q2152-0,you,519020,519023,25,2579,36,M_6242,Other
6243,pdnc,qID,Q2152-0,Helen,519035,519040,16,2579,36,M_6243,PROPN
6244,pdnc,qID,Q2153-0,dearest,519049,519056,17,2580,36,M_6244,Other
6245,booknlp,COREF,355,He,519114,519116,17,2582,36,M_6245,Other
6246,booknlp,COREF,355,his,519131,519134,17,2582,36,M_6246,Other
6247,exp,exp_name,the doctor,the doctor,519199,519209,24,2582,36,M_6247,PROPN
6248,exp,exp_name,the doctor,the doctor,519254,519264,24,2583,36,M_6248,PROPN
6249,exp,exp_name,the driver,the driver,519302,519312,39,2583,36,M_6249,PROPN
6250,exp,exp_name,helen,Helen,519316,519321,16,2583,36,M_6250,PROPN
6251,exp,exp_name,the doctor,The doctor,519545,519555,24,2585,36,M_6251,PROPN
6252,exp,exp_name,mr. wilcox,Mr. Wilcox,519601,519611,17,2585,36,M_6252,PROPN
6253,exp,exp_name,henry,Henry,519655,519660,17,2585,36,M_6253,PROPN
6254,exp,exp_name,margaret,Margaret,519714,519722,25,2586,36,M_6254,PROPN
6255,exp,exp_name,crane,Crane,519824,519829,10,2587,36,M_6255,PROPN
6256,pdnc,qID,Q2158-0,you,519851,519854,25,2588,36,M_6256,Other
6257,pdnc,qID,Q2158-0,Mrs. Wilcox,519867,519878,25,2588,36,M_6257,PROPN
6258,pdnc,qID,Q2158-1,you,519911,519914,25,2588,36,M_6258,Other
6259,pdnc,qID,Q2158-1,your sister,519934,519945,16,2588,36,M_6259,Other
6260,exp,exp_name,margaret,Margaret,519985,519993,25,2589,36,M_6260,PROPN
6261,booknlp,COREF,355,him,520012,520015,17,2589,36,M_6261,Other
6262,booknlp,COREF,355,he,520080,520082,17,2590,36,M_6262,Other
6263,pdnc,qID,Q2160-0,your,520137,520141,24,2591,36,M_6263,Other
6264,pdnc,qID,Q2160-0,You,520181,520184,24,2591,36,M_6264,Other
6265,pdnc,qID,Q2160-0,my sister,520213,520222,16,2591,36,M_6265,Other
6266,pdnc,qID,Q2160-0,Mr. Mansbridge,520224,520238,24,2591,36,M_6266,PROPN
6267,pdnc,qID,Q2160-0,we,520243,520245,25,2591,36,M_6267,Other
6268,pdnc,qID,Q2160-0,your,520254,520258,24,2591,36,M_6268,Other
6269,pdnc,qID,Q2160-0,we,520269,520271,25,2591,36,M_6269,Other
6270,pdnc,qID,Q2160-0,you,520281,520284,24,2591,36,M_6270,Other
6271,booknlp,COREF,355,I,520294,520295,17,2592,36,M_6271,Other
6272,pdnc,qID,Q2161-0,you,520334,520337,25,2592,36,M_6272,Other
6273,booknlp,COREF,355,he,520345,520347,17,2592,36,M_6273,Other
6274,pdnc,qID,Q2162-0,You,520360,520363,24,2593,36,M_6274,Other
6275,pdnc,qID,Q2162-0,you,520375,520378,24,2593,36,M_6275,Other
6276,pdnc,qID,Q2162-0,You,520389,520392,24,2593,36,M_6276,Other
6277,pdnc,qID,Q2162-0,my sister,520433,520442,16,2593,36,M_6277,Other
6278,pdnc,qID,Q2163-0,Margaret,520459,520467,25,2594,36,M_6278,PROPN
6279,exp,exp_name,henry,Henry,520475,520480,17,2594,36,M_6279,PROPN
6280,booknlp,COREF,355,his,520496,520499,17,2594,36,M_6280,Other
6281,pdnc,qID,Q2163-1,doctor,520564,520570,24,2594,36,M_6281,Other
6282,booknlp,COREF,577,me,520607,520609,24,2595,36,M_6282,Other
6283,booknlp,COREF,577,I,520615,520616,24,2595,36,M_6283,Other
6284,booknlp,COREF,355,I,520630,520631,17,2596,36,M_6284,Other
6285,exp,exp_name,margaret,Margaret,520647,520655,25,2597,36,M_6285,PROPN
6286,exp,exp_name,the doctor,the doctor,520723,520733,24,2598,36,M_6286,PROPN
6287,pdnc,qID,Q2166-1,You,520769,520772,25,2598,36,M_6287,Other
6288,pdnc,qID,Q2166-1,Mrs. Wilcox,520782,520793,25,2598,36,M_6288,PROPN
6289,pdnc,qID,Q2166-1,you,520807,520810,25,2598,36,M_6289,Other
6290,exp,exp_name,henry,Henry,520831,520836,17,2599,36,M_6290,PROPN
6291,pdnc,qID,Q2168-0,you,520854,520857,24,2600,36,M_6291,Other
6292,exp,exp_name,margaret,Margaret,520878,520886,25,2600,36,M_6292,PROPN
6293,pdnc,qID,Q2169-0,my sister,520948,520957,16,2602,36,M_6293,Other
6294,pdnc,qID,Q2169-0,her,520988,520991,16,2602,36,M_6294,Other
6295,pdnc,qID,Q2170-0,Margaret,521008,521016,25,2603,36,M_6295,PROPN
6296,pdnc,qID,Q2170-0,Margaret,521018,521026,25,2603,36,M_6296,PROPN
6297,pdnc,qID,Q2171-0,Henry,521037,521042,17,2604,36,M_6297,PROPN
6298,pdnc,qID,Q2171-0,your doctor,521049,521060,24,2604,36,M_6298,Other
6299,exp,exp_name,mr. wilcox,Mr. Wilcox,521098,521108,17,2605,36,M_6299,PROPN
6300,exp,exp_name,the doctor,the doctor,521196,521206,24,2605,36,M_6300,PROPN
6301,exp,exp_name,margaret,Margaret,521307,521315,25,2606,36,M_6301,PROPN
6302,pdnc,qID,Q2172-1,you,521335,521338,17,2606,36,M_6302,Other
6303,pdnc,qID,Q2172-2,you,521430,521433,17,2606,36,M_6303,Other
6304,pdnc,qID,Q2172-2,Helen,521446,521451,16,2606,36,M_6304,PROPN
6305,pdnc,qID,Q2172-2,you,521463,521466,17,2606,36,M_6305,Other
6306,pdnc,qID,Q2172-2,Mr. Mansbridge,521480,521494,24,2606,36,M_6306,PROPN
6307,pdnc,qID,Q2172-2,her,521508,521511,16,2606,36,M_6307,Other
6308,pdnc,qID,Q2172-2,your,521590,521594,24,2606,36,M_6308,Other
6309,pdnc,qID,Q2172-2,Mr. Mansbridge,521606,521620,24,2606,36,M_6309,PROPN
6310,exp,exp_name,henry,Henry,521647,521652,17,2607,36,M_6310,PROPN
6311,booknlp,COREF,355,You,521676,521679,17,2608,36,M_6311,Other
6312,booknlp,COREF,355,you,521696,521699,17,2608,36,M_6312,Other
6313,booknlp,COREF,355,yourselves,521705,521715,17,2608,36,M_6313,Other
6314,exp,exp_name,margaret,Margaret,521723,521731,25,2608,36,M_6314,PROPN
6315,booknlp,COREF,355,you,521787,521790,17,2608,36,M_6315,Other
6316,booknlp,COREF,355,you,521799,521802,17,2608,36,M_6316,Other
6317,booknlp,COREF,355,You,521819,521822,17,2608,36,M_6317,Other
6318,pdnc,qID,Q2172-4,my sister,521837,521846,16,2608,36,M_6318,Other
6319,pdnc,qID,Q2173-0,Mansbridge,521923,521933,24,2609,36,M_6319,Other
6320,exp,exp_name,henry,Henry,521941,521946,17,2609,36,M_6320,PROPN
6321,booknlp,COREF,355,his,522024,522027,17,2610,36,M_6321,Other
6322,exp,exp_name,crane,Crane,522036,522041,10,2610,36,M_6322,PROPN
6323,pdnc,qID,Q2174-0,Henry,522078,522083,17,2611,36,M_6323,PROPN
6324,pdnc,qID,Q2174-0,you,522085,522088,17,2611,36,M_6324,Other
6325,booknlp,COREF,355,him,522152,522155,17,2611,36,M_6325,Other
6326,pdnc,qID,Q2174-1,dear,522171,522175,17,2611,36,M_6326,Other
6327,pdnc,qID,Q2174-1,your,522190,522194,17,2611,36,M_6327,Other
6328,pdnc,qID,Q2174-1,you,522268,522271,17,2611,36,M_6328,Other
6329,booknlp,COREF,355,He,522283,522285,17,2612,36,M_6329,Other
6330,exp,exp_name,mansbridge,Mansbridge,522330,522340,24,2612,36,M_6330,PROPN
6331,booknlp,COREF,355,him,522370,522373,17,2612,36,M_6331,Other
6332,pdnc,qID,Q2175-0,you,522395,522398,17,2613,36,M_6332,Other
6333,pdnc,qID,Q2175-0,Dolly,522407,522412,11,2613,36,M_6333,Other
6334,pdnc,qID,Q2176-0,my darling,522748,522758,16,2613,36,M_6334,Other
6335,pdnc,qID,Q2176-1,My darling,522772,522782,16,2613,36,M_6335,Other
6336,exp,exp_name,helen,Helen,522798,522803,16,2613,36,M_6336,PROPN
6337,exp,exp_name,margaret,Margaret,522849,522857,25,2615,37,M_6337,PROPN
6338,exp,exp_name,helen,Helen,522932,522937,16,2615,37,M_6338,PROPN
6339,pdnc,qID,Q2177-0,You,523011,523014,25,2616,37,M_6339,Other
6340,pdnc,qID,Q2178-0,you,523115,523118,16,2617,37,M_6340,Other
6341,pdnc,qID,Q2179-0,Aunt Juley,523190,523200,6,2618,37,M_6341,PROPN
6342,pdnc,qID,Q2180-0,Helen,523214,523219,16,2619,37,M_6342,PROPN
6343,pdnc,qID,Q2180-0,you,523221,523224,16,2619,37,M_6343,Other
6344,exp,exp_name,helen,Helen,523281,523286,16,2620,37,M_6344,PROPN
6345,exp,exp_name,helen,Helen,523450,523455,16,2622,37,M_6345,PROPN
6346,exp,exp_name,helen,Helen,523725,523730,16,2624,37,M_6346,PROPN
6347,exp,exp_name,helen,Helen,523838,523843,16,2625,37,M_6347,PROPN
6348,pdnc,qID,Q2184-1,Aunt Juley,523954,523964,6,2625,37,M_6348,PROPN
6349,exp,exp_name,margaret,Margaret,524076,524084,25,2626,37,M_6349,PROPN
6350,pdnc,qID,Q2185-1,Helen,524087,524092,16,2626,37,M_6350,PROPN
6351,pdnc,qID,Q2188-0,you,524700,524703,16,2628,37,M_6351,Other
6352,pdnc,qID,Q2188-0,dearest,524713,524720,16,2628,37,M_6352,Other
6353,exp,exp_name,helen,Helen,524739,524744,16,2629,37,M_6353,PROPN
6354,pdnc,qID,Q2190-0,you,524806,524809,16,2630,37,M_6354,Other
6355,pdnc,qID,Q2191-0,We,524857,524859,16,2631,37,M_6355,Other
6356,exp,exp_name,margaret,Margaret,524891,524899,25,2632,37,M_6356,PROPN
6357,pdnc,qID,Q2192-0,we,524933,524935,16,2633,37,M_6357,Other
6358,exp,exp_name,monica,Monica,524955,524961,27,2633,37,M_6358,PROPN
6359,booknlp,COREF,527,her,524971,524974,27,2633,37,M_6359,Other
6360,exp,exp_name,monica,Monica,525047,525053,27,2634,37,M_6360,PROPN
6361,pdnc,qID,Q2194-0,You,525058,525061,25,2635,37,M_6361,Other
6362,booknlp,COREF,527,She,525077,525080,27,2635,37,M_6362,Other
6363,booknlp,COREF,527,She,525114,525117,27,2635,37,M_6363,Other
6364,booknlp,COREF,527,her,525124,525127,27,2635,37,M_6364,Other
6365,booknlp,COREF,527,her,525156,525159,27,2635,37,M_6365,Other
6366,exp,exp_name,monica,Monica,525181,525187,27,2635,37,M_6366,PROPN
6367,pdnc,qID,Q2195-0,You,525234,525237,16,2636,37,M_6367,Other
6368,booknlp,COREF,527,her,525255,525258,27,2636,37,M_6368,Other
6369,booknlp,COREF,527,She,525269,525272,27,2637,37,M_6369,Other
6370,exp,exp_name,margaret,Margaret,525318,525326,25,2638,37,M_6370,PROPN
6371,exp,exp_name,monica,Monica,525338,525344,27,2638,37,M_6371,PROPN
6372,exp,exp_name,helen,Helen,525461,525466,16,2638,37,M_6372,PROPN
6373,pdnc,qID,Q2197-0,You,525499,525502,25,2639,37,M_6373,Other
6374,exp,exp_name,helen,Helen,525550,525555,16,2639,37,M_6374,PROPN
6375,pdnc,qID,Q2197-1,you,525615,525618,25,2639,37,M_6375,Other
6376,pdnc,qID,Q2197-1,you,525624,525627,25,2639,37,M_6376,Other
6377,pdnc,qID,Q2197-1,you,525658,525661,25,2639,37,M_6377,Other
6378,pdnc,qID,Q2197-1,you,525693,525696,25,2639,37,M_6378,Other
6379,pdnc,qID,Q2197-1,Meg,525721,525724,25,2639,37,M_6379,PROPN
6380,pdnc,qID,Q2197-1,you,525765,525768,25,2639,37,M_6380,Other
6381,pdnc,qID,Q2197-1,you,525789,525792,25,2639,37,M_6381,Other
6382,pdnc,qID,Q2198-0,Helen,525961,525966,16,2640,37,M_6382,PROPN
6383,pdnc,qID,Q2198-0,you,525968,525971,16,2640,37,M_6383,Other
6384,pdnc,qID,Q2198-0,You,526009,526012,16,2640,37,M_6384,Other
6385,pdnc,qID,Q2198-0,you,526046,526049,16,2640,37,M_6385,Other
6386,pdnc,qID,Q2199-0,Meg dear,526062,526070,25,2641,37,M_6386,Other
6387,pdnc,qID,Q2206-0,you,526357,526360,25,2647,37,M_6387,Other
6388,exp,exp_name,margaret,Margaret,526413,526421,25,2648,37,M_6388,PROPN
6389,pdnc,qID,Q2208-0,Helen,526547,526552,16,2649,37,M_6389,PROPN
6390,pdnc,qID,Q2209-0,you,526715,526718,16,2650,37,M_6390,Other
6391,pdnc,qID,Q2209-0,you,526743,526746,16,2650,37,M_6391,Other
6392,pdnc,qID,Q2209-0,My husband,526759,526769,17,2650,37,M_6392,Other
6393,pdnc,qID,Q2209-0,Miss Avery,526846,526856,26,2650,37,M_6393,PROPN
6394,pdnc,qID,Q2210-0,you,526929,526932,16,2650,37,M_6394,Other
6395,pdnc,qID,Q2210-0,Helen,526942,526947,16,2650,37,M_6395,PROPN
6396,pdnc,qID,Q2210-0,you,526960,526963,16,2650,37,M_6396,Other
6397,pdnc,qID,Q2210-0,you,527009,527012,16,2650,37,M_6397,Other
6398,pdnc,qID,Q2210-0,Henry,527018,527023,17,2650,37,M_6398,PROPN
6399,pdnc,qID,Q2211-0,him,527041,527044,17,2651,37,M_6399,Other
6400,exp,exp_name,helen,Helen,527056,527061,16,2651,37,M_6400,PROPN
6401,pdnc,qID,Q2211-1,Meg,527104,527107,25,2651,37,M_6401,PROPN
6402,pdnc,qID,Q2211-1,your,527170,527174,25,2651,37,M_6402,Other
6403,exp,exp_name,margaret,Margaret,527287,527295,25,2652,37,M_6403,PROPN
6404,exp,exp_name,margaret,Margaret,527570,527578,25,2652,37,M_6404,PROPN
6405,exp,exp_name,helen,Helen,527695,527700,16,2653,37,M_6405,PROPN
6406,pdnc,qID,Q2213-0,your,527800,527804,25,2655,37,M_6406,Other
6407,pdnc,qID,Q2213-0,Meg,527830,527833,25,2655,37,M_6407,PROPN
6408,pdnc,qID,Q2215-0,You,527881,527884,25,2657,37,M_6408,Other
6409,exp,exp_name,helen,Helen,528073,528078,16,2660,37,M_6409,PROPN
6410,pdnc,qID,Q2218-0,Meg,528272,528275,25,2661,37,M_6410,PROPN
6411,pdnc,qID,Q2219-0,You,528300,528303,16,2662,37,M_6411,Other
6412,pdnc,qID,Q2219-0,you,528314,528317,16,2662,37,M_6412,Other
6413,pdnc,qID,Q2220-0,dear old lady,528360,528373,25,2663,37,M_6413,Other
6414,pdnc,qID,Q2220-0,Aunt Juley,528447,528457,6,2663,37,M_6414,PROPN
6415,pdnc,qID,Q2220-0,Tibby,528462,528467,45,2663,37,M_6415,PROPN
6416,pdnc,qID,Q2221-0,dearest,528566,528573,16,2664,37,M_6416,Other
6417,exp,exp_name,helen,Helen,528645,528650,16,2666,37,M_6417,PROPN
6418,exp,exp_name,monica,Monica,528667,528673,27,2666,37,M_6418,PROPN
6419,pdnc,qID,Q2223-0,you,528738,528741,25,2667,37,M_6419,Other
6420,exp,exp_name,margaret,Margaret,528840,528848,25,2668,37,M_6420,PROPN
6421,pdnc,qID,Q2224-0,your,528912,528916,16,2668,37,M_6421,Other
6422,exp,exp_name,the driver,The driver,529027,529037,39,2669,37,M_6422,PROPN
6423,pdnc,qID,Q2225-0,lady,529089,529093,25,2669,37,M_6423,PROPN
6424,exp,exp_name,henry,Henry,529122,529127,17,2669,37,M_6424,PROPN
6425,exp,exp_name,crane,Crane,529196,529201,10,2671,37,M_6425,PROPN
6426,exp,exp_name,dolly,Dolly,529400,529405,11,2672,37,M_6426,PROPN
6427,exp,exp_name,helen,Helen,529446,529451,16,2672,37,M_6427,PROPN
6428,exp,exp_name,charles,Charles,529575,529582,8,2672,37,M_6428,PROPN
6429,pdnc,qID,Q2227-0,Henry,529651,529656,17,2673,37,M_6429,PROPN
6430,pdnc,qID,Q2227-0,he,529678,529680,17,2673,37,M_6430,Other
6431,exp,exp_name,helen,Helen,529707,529712,16,2674,37,M_6431,PROPN
6432,exp,exp_name,helen,Helen,529887,529892,16,2674,37,M_6432,PROPN
6433,pdnc,qID,Q2228-0,Mr. Wilcox,529932,529942,17,2675,37,M_6433,PROPN
6434,pdnc,qID,Q2229-0,you,529976,529979,16,2676,37,M_6434,Other
6435,pdnc,qID,Q2231-0,Miss Avery,530074,530084,26,2678,37,M_6435,PROPN
6436,exp,exp_name,margaret,Margaret,530110,530118,25,2678,37,M_6436,PROPN
6437,pdnc,qID,Q2231-1,She,530265,530268,26,2678,37,M_6437,Other
6438,pdnc,qID,Q2231-1,Mrs. Wilcox,530275,530286,32,2678,37,M_6438,PROPN
6439,pdnc,qID,Q2231-1,her,530313,530316,32,2678,37,M_6439,Other
6440,pdnc,qID,Q2232-0,She,530431,530434,26,2679,37,M_6440,Other
6441,pdnc,qID,Q2232-0,she,530475,530478,26,2679,37,M_6441,Other
6442,pdnc,qID,Q2232-0,her,530488,530491,26,2679,37,M_6442,Other
6443,pdnc,qID,Q2236-0,Meg,530632,530635,25,2683,37,M_6443,PROPN
6444,exp,exp_name,helen,Helen,530763,530768,16,2687,37,M_6444,PROPN
6445,pdnc,qID,Q2241-0,You,530865,530868,16,2688,37,M_6445,Other
6446,pdnc,qID,Q2241-0,you,530916,530919,16,2688,37,M_6446,Other
6447,pdnc,qID,Q2241-0,you,530961,530964,16,2688,37,M_6447,Other
6448,exp,exp_name,helen,Helen,531112,531117,16,2690,37,M_6448,PROPN
6449,pdnc,qID,Q2247-0,Miss Avery,531359,531369,26,2695,37,M_6449,PROPN
6450,pdnc,qID,Q2248-0,Meg,531426,531429,25,2696,37,M_6450,PROPN
6451,exp,exp_name,margaret,Margaret,531483,531491,25,2697,37,M_6451,PROPN
6452,exp,exp_name,helen,Helen,531507,531512,16,2697,37,M_6452,PROPN
6453,pdnc,qID,Q2252-0,Helen,531716,531721,16,2701,37,M_6453,PROPN
6454,pdnc,qID,Q2252-0,you,531737,531740,16,2701,37,M_6454,Other
6455,pdnc,qID,Q2252-0,You,531763,531766,16,2701,37,M_6455,Other
6456,pdnc,qID,Q2254-0,Tibby,531976,531981,45,2703,37,M_6456,PROPN
6457,exp,exp_name,helen,Helen,532033,532038,16,2705,37,M_6457,PROPN
6458,pdnc,qID,Q2256-0,Tibby,532068,532073,45,2705,37,M_6458,PROPN
6459,pdnc,qID,Q2257-0,father,532132,532138,13,2706,37,M_6459,PROPN
6460,pdnc,qID,Q2259-0,Aunt Juley,532260,532270,6,2708,37,M_6460,PROPN
6461,pdnc,qID,Q2259-0,she,532279,532282,6,2708,37,M_6461,Other
6462,pdnc,qID,Q2259-0,Tibby,532303,532308,45,2708,37,M_6462,PROPN
6463,pdnc,qID,Q2259-0,he,532347,532349,45,2708,37,M_6463,Other
6464,pdnc,qID,Q2259-0,she,532430,532433,6,2708,37,M_6464,Other
6465,pdnc,qID,Q2259-0,him,532442,532445,45,2708,37,M_6465,Other
6466,pdnc,qID,Q2260-0,Tibby,532550,532555,45,2709,37,M_6466,PROPN
6467,exp,exp_name,helen,Helen,532670,532675,16,2711,37,M_6467,PROPN
6468,exp,exp_name,margaret,Margaret,532845,532853,25,2712,37,M_6468,PROPN
6469,pdnc,qID,Q2263-1,Tibby,533012,533017,45,2714,37,M_6469,PROPN
6470,pdnc,qID,Q2264-0,Tibby,533031,533036,45,2715,37,M_6470,PROPN
6471,exp,exp_name,helen,Helen,533069,533074,16,2715,37,M_6471,PROPN
6472,pdnc,qID,Q2265-0,you,533092,533095,16,2716,37,M_6472,Other
6473,pdnc,qID,Q2265-0,he,533129,533131,45,2716,37,M_6473,Other
6474,exp,exp_name,helen,Helen,533182,533187,16,2719,37,M_6474,PROPN
6475,exp,exp_name,helen,Helen,533774,533779,16,2721,37,M_6475,PROPN
6476,pdnc,qID,Q2269-0,Meg,533843,533846,25,2721,37,M_6476,PROPN
6477,exp,exp_name,margaret,Margaret,533965,533973,25,2722,37,M_6477,PROPN
6478,exp,exp_name,a little boy,a little boy,534069,534081,46,2722,37,M_6478,PROPN
6479,pdnc,qID,Q2270-0,Little boy,534125,534135,46,2723,37,M_6479,Other
6480,pdnc,qID,Q2270-0,you,534145,534148,46,2723,37,M_6480,Other
6481,pdnc,qID,Q2272-0,Miss Avery,534188,534198,26,2725,37,M_6481,PROPN
6482,pdnc,qID,Q2272-0,you,534204,534207,46,2725,37,M_6482,Other
6483,exp,exp_name,margaret,Margaret,534215,534223,25,2725,37,M_6483,PROPN
6484,exp,exp_name,helen,Helen,534326,534331,16,2727,37,M_6484,PROPN
6485,exp,exp_name,helen,Helen,534438,534443,16,2728,37,M_6485,PROPN
6486,pdnc,qID,Q2277-0,you,534470,534473,16,2729,37,M_6486,Other
6487,pdnc,qID,Q2277-0,he,534526,534528,46,2729,37,M_6487,Other
6488,pdnc,qID,Q2281-0,you,534695,534698,46,2733,37,M_6488,Other
6489,exp,exp_name,the child,The child,534753,534762,37,2734,37,M_6489,PROPN
6490,booknlp,COREF,2175,his,534768,534771,37,2734,37,M_6490,Other
6491,pdnc,qID,Q2283-0,Nice little boy,534815,534830,46,2736,37,M_6491,Other
6492,exp,exp_name,helen,Helen,534843,534848,16,2736,37,M_6492,PROPN
6493,pdnc,qID,Q2283-1,your,534865,534869,46,2736,37,M_6493,Other
6494,exp,exp_name,helen,Helen,534883,534888,16,2736,37,M_6494,PROPN
6495,exp,exp_name,tom,Tom,534893,534896,46,2737,37,M_6495,PROPN
6496,exp,exp_name,helen,Helen,534909,534914,16,2738,37,M_6496,PROPN
6497,pdnc,qID,Q2285-0,Tom,535017,535020,46,2739,37,M_6497,PROPN
6498,pdnc,qID,Q2285-0,Margaret,535039,535047,25,2739,37,M_6498,PROPN
6499,pdnc,qID,Q2285-0,Tibby,535082,535087,45,2739,37,M_6499,PROPN
6500,booknlp,COREF,459,Mine,535092,535096,46,2740,37,M_6500,Other
6501,exp,exp_name,tom,Tom,535122,535125,46,2740,37,M_6501,PROPN
6502,exp,exp_name,tibby,Tibby,535137,535142,45,2740,37,M_6502,PROPN
6503,pdnc,qID,Q2287-0,You,535161,535164,46,2741,37,M_6503,Other
6504,pdnc,qID,Q2287-0,you,535217,535220,46,2741,37,M_6504,Other
6505,pdnc,qID,Q2287-0,he,535240,535242,46,2741,37,M_6505,Other
6506,exp,exp_name,margaret,Margaret,535275,535283,25,2742,37,M_6506,PROPN
6507,pdnc,qID,Q2288-1,He,535286,535288,46,2742,37,M_6507,Other
6508,pdnc,qID,Q2288-1,Madge,535312,535317,23,2742,37,M_6508,PROPN
6509,pdnc,qID,Q2288-1,Madge,535323,535328,23,2742,37,M_6509,PROPN
6510,pdnc,qID,Q2289-0,you,535390,535393,25,2743,37,M_6510,Other
6511,booknlp,COREF,2175,I,535428,535429,37,2745,37,M_6511,Other
6512,pdnc,qID,Q2291-0,you,535450,535453,25,2745,37,M_6512,Other
6513,exp,exp_name,helen,Helen,535539,535544,16,2747,37,M_6513,PROPN
6514,pdnc,qID,Q2293-1,you,535575,535578,25,2747,37,M_6514,Other
6515,pdnc,qID,Q2295-0,Meg,535874,535877,25,2749,37,M_6515,PROPN
6516,pdnc,qID,Q2297-0,you,535946,535949,25,2751,37,M_6516,Other
6517,exp,exp_name,margaret,Margaret,535953,535961,25,2752,37,M_6517,PROPN
6518,pdnc,qID,Q2298-0,you,535989,535992,25,2753,37,M_6518,Other
6519,exp,exp_name,helen,Helen,536004,536009,16,2753,37,M_6519,PROPN
6520,pdnc,qID,Q2298-1,you,536020,536023,25,2753,37,M_6520,Other
6521,exp,exp_name,helen,Helen,536235,536240,16,2754,37,M_6521,PROPN
6522,exp,exp_name,miss avery,Miss Avery,536363,536373,26,2754,37,M_6522,PROPN
6523,exp,exp_name,helen,Helen,536476,536481,16,2754,37,M_6523,PROPN
6524,pdnc,qID,Q2300-0,you,536608,536611,25,2754,37,M_6524,Other
6525,exp,exp_name,margaret,Margaret,536702,536710,25,2755,37,M_6525,PROPN
6526,pdnc,qID,Q2303-0,Henry,536806,536811,17,2757,37,M_6526,PROPN
6527,pdnc,qID,Q2304-0,you,536966,536969,25,2758,37,M_6527,Other
6528,pdnc,qID,Q2304-0,Meg lovey,537013,537022,25,2758,37,M_6528,Other
6529,pdnc,qID,Q2305-0,Helen,537042,537047,16,2759,37,M_6529,PROPN
6530,pdnc,qID,Q2305-0,my pet,537049,537055,16,2759,37,M_6530,Other
6531,exp,exp_name,margaret,Margaret,537063,537071,25,2759,37,M_6531,PROPN
6532,pdnc,qID,Q2305-1,we,537074,537076,25,2759,37,M_6532,Other
6533,pdnc,qID,Q2305-1,Henry,537099,537104,17,2759,37,M_6533,PROPN
6534,pdnc,qID,Q2305-1,he,537125,537127,17,2759,37,M_6534,Other
6535,pdnc,qID,Q2305-1,you,537147,537150,16,2759,37,M_6535,Other
6536,pdnc,qID,Q2305-1,you,537170,537173,16,2759,37,M_6536,Other
6537,pdnc,qID,Q2306-0,his,537259,537262,17,2760,37,M_6537,Other
6538,pdnc,qID,Q2306-0,Tom,537378,537381,46,2760,37,M_6538,PROPN
6539,exp,exp_name,margaret,Margaret,537438,537446,25,2761,37,M_6539,PROPN
6540,pdnc,qID,Q2307-0,Charles,537466,537473,8,2761,37,M_6540,PROPN
6541,pdnc,qID,Q2307-1,him,537539,537542,8,2761,37,M_6541,Other
6542,pdnc,qID,Q2307-1,Aunt Juley,537581,537591,6,2761,37,M_6542,PROPN
6543,pdnc,qID,Q2307-1,Charles,537634,537641,8,2761,37,M_6543,PROPN
6544,pdnc,qID,Q2307-1,He,537643,537645,8,2761,37,M_6544,Other
6545,pdnc,qID,Q2307-1,his mother,537657,537667,32,2761,37,M_6545,Other
6546,pdnc,qID,Q2307-1,He,537677,537679,8,2761,37,M_6546,Other
6547,pdnc,qID,Q2307-1,Henry,537716,537721,17,2761,37,M_6547,PROPN
6548,pdnc,qID,Q2307-1,Charles,537746,537753,8,2761,37,M_6548,PROPN
6549,pdnc,qID,Q2308-0,he,537765,537767,8,2762,37,M_6549,Other
6550,exp,exp_name,helen,Helen,537789,537794,16,2762,37,M_6550,PROPN
6551,pdnc,qID,Q2308-1,she,537903,537906,16,2762,37,M_6551,Other
6552,pdnc,qID,Q2309-0,you,537955,537958,16,2763,37,M_6552,Other
6553,pdnc,qID,Q2309-0,you,537964,537967,16,2763,37,M_6553,Other
6554,pdnc,qID,Q2309-0,We,537996,537998,25,2763,37,M_6554,Other
6555,pdnc,qID,Q2311-0,you,538064,538067,16,2765,37,M_6555,Other
6556,exp,exp_name,helen,Helen,538150,538155,16,2766,37,M_6556,PROPN
6557,pdnc,qID,Q2312-1,you,538218,538221,25,2766,37,M_6557,Other
6558,pdnc,qID,Q2313-0,you,538488,538491,16,2767,37,M_6558,Other
6559,exp,exp_name,margaret,Margaret,538515,538523,25,2767,37,M_6559,PROPN
6560,pdnc,qID,Q2315-0,you,538746,538749,25,2768,37,M_6560,Other
6561,exp,exp_name,margaret,Margaret,538925,538933,25,2773,37,M_6561,PROPN
6562,exp,exp_name,henry,Henry,539070,539075,17,2773,37,M_6562,PROPN
6563,pdnc,qID,Q2320-0,Charles,539234,539241,8,2774,37,M_6563,PROPN
6564,exp,exp_name,helen,Helen,539264,539269,16,2774,37,M_6564,PROPN
6565,pdnc,qID,Q2321-0,him,539291,539294,8,2775,37,M_6565,Other
6566,pdnc,qID,Q2322-0,you,539305,539308,25,2776,37,M_6566,Other
6567,exp,exp_name,helen,Helen,539415,539420,16,2777,37,M_6567,PROPN
6568,exp,exp_name,margaret,Margaret,539542,539550,25,2777,37,M_6568,PROPN
6569,pdnc,qID,Q2323-0,you,539640,539643,16,2778,37,M_6569,Other
6570,exp,exp_name,helen,Helen,539725,539730,16,2779,37,M_6570,PROPN
6571,exp,exp_name,margaret,Margaret,539783,539791,25,2779,37,M_6571,PROPN
6572,exp,exp_name,miss avery,Miss Avery,539848,539858,26,2780,37,M_6572,PROPN
6573,exp,exp_name,tom,Tom,540006,540009,46,2780,37,M_6573,PROPN
6574,exp,exp_name,the man,the man,540131,540138,40,2782,38,M_6574,PROPN
6575,booknlp,COREF,717,his,540159,540162,40,2782,38,M_6575,Other
6576,exp,exp_name,henry,Henry,540176,540181,17,2782,38,M_6576,PROPN
6577,exp,exp_name,the driver,the driver,540205,540215,39,2782,38,M_6577,PROPN
6578,exp,exp_name,dolly,Dolly,540331,540336,11,2782,38,M_6578,PROPN
6579,booknlp,COREF,717,He,540391,540393,40,2782,38,M_6579,Other
6580,booknlp,COREF,717,he,540521,540523,40,2783,38,M_6580,Other
6581,exp,exp_name,margaret,Margaret,540731,540739,25,2785,38,M_6581,PROPN
6582,booknlp,COREF,717,he,540766,540768,40,2786,38,M_6582,Other
6583,pdnc,qID,Q2329-0,Dear girl,540788,540797,25,2788,38,M_6583,Other
6584,booknlp,COREF,717,he,540800,540802,40,2788,38,M_6584,Other
6585,exp,exp_name,margaret,Margaret,540937,540945,25,2788,38,M_6585,PROPN
6586,pdnc,qID,Q2329-2,you,540987,540990,25,2788,38,M_6586,Other
6587,pdnc,qID,Q2329-2,you,541043,541046,25,2788,38,M_6587,Other
6588,pdnc,qID,Q2329-2,your,541069,541073,25,2788,38,M_6588,Other
6589,pdnc,qID,Q2329-2,you,541243,541246,25,2788,38,M_6589,Other
6590,exp,exp_name,margaret,Margaret,541283,541291,25,2789,38,M_6590,PROPN
6591,pdnc,qID,Q2330-0,you,541451,541454,25,2790,38,M_6591,Other
6592,pdnc,qID,Q2330-0,My poor little wife,541476,541495,25,2790,38,M_6592,Other
6593,pdnc,qID,Q2330-0,you,541559,541562,25,2790,38,M_6593,Other
6594,pdnc,qID,Q2330-0,your sister,541568,541579,16,2790,38,M_6594,Other
6595,exp,exp_name,margaret,Margaret,541606,541614,25,2791,38,M_6595,PROPN
6596,pdnc,qID,Q2332-0,Henry,541668,541673,17,2793,38,M_6596,PROPN
6597,pdnc,qID,Q2333-0,her,541788,541791,16,2794,38,M_6597,Other
6598,pdnc,qID,Q2334-0,your,541972,541976,25,2796,38,M_6598,Other
6599,pdnc,qID,Q2334-1,you,542052,542055,25,2796,38,M_6599,Other
6600,pdnc,qID,Q2335-0,her,542172,542175,16,2797,38,M_6600,Other
6601,pdnc,qID,Q2336-0,she,542201,542204,16,2798,38,M_6601,Other
6602,pdnc,qID,Q2336-0,you,542214,542217,25,2798,38,M_6602,Other
6603,pdnc,qID,Q2337-0,her,542241,542244,16,2799,38,M_6603,Other
6604,pdnc,qID,Q2337-0,her,542257,542260,16,2799,38,M_6604,Other
6605,exp,exp_name,margaret,Margaret,542268,542276,25,2799,38,M_6605,PROPN
6606,pdnc,qID,Q2339-0,dear girl,542386,542395,25,2800,38,M_6606,Other
6607,pdnc,qID,Q2339-0,you,542402,542405,25,2800,38,M_6607,Other
6608,pdnc,qID,Q2339-0,you,542507,542510,25,2800,38,M_6608,Other
6609,pdnc,qID,Q2339-0,you,542528,542531,25,2800,38,M_6609,Other
6610,pdnc,qID,Q2339-0,you,542574,542577,25,2800,38,M_6610,Other
6611,exp,exp_name,margaret,Margaret,542581,542589,25,2801,38,M_6611,PROPN
6612,pdnc,qID,Q2340-0,you,542621,542624,17,2801,38,M_6612,Other
6613,pdnc,qID,Q2341-0,you,542693,542696,25,2802,38,M_6613,Other
6614,pdnc,qID,Q2342-0,you,542711,542714,17,2803,38,M_6614,Other
6615,pdnc,qID,Q2342-0,Henry,542740,542745,17,2803,38,M_6615,PROPN
6616,pdnc,qID,Q2343-0,you,542755,542758,25,2804,38,M_6616,Other
6617,pdnc,qID,Q2343-0,you,542780,542783,25,2804,38,M_6617,Other
6618,pdnc,qID,Q2343-0,your,542829,542833,25,2804,38,M_6618,Other
6619,pdnc,qID,Q2343-0,dear,542843,542847,25,2804,38,M_6619,Other
6620,pdnc,qID,Q2343-0,You,542881,542884,25,2804,38,M_6620,Other
6621,pdnc,qID,Q2343-0,your sister,542925,542936,16,2804,38,M_6621,Other
6622,pdnc,qID,Q2345-0,Charles,543033,543040,8,2806,38,M_6622,PROPN
6623,exp,exp_name,margaret,Margaret,543073,543081,25,2807,38,M_6623,PROPN
6624,pdnc,qID,Q2346-1,Charles,543120,543127,8,2807,38,M_6624,PROPN
6625,pdnc,qID,Q2347-0,He,543154,543156,8,2808,38,M_6625,Other
6626,pdnc,qID,Q2349-0,dear,543247,543251,25,2810,38,M_6626,Other
6627,pdnc,qID,Q2349-0,You,543276,543279,25,2810,38,M_6627,Other
6628,pdnc,qID,Q2349-0,my son,543303,543309,8,2810,38,M_6628,Other
6629,pdnc,qID,Q2349-0,Helen,543345,543350,16,2810,38,M_6629,PROPN
6630,pdnc,qID,Q2349-0,her,543416,543419,16,2810,38,M_6630,Other
6631,exp,exp_name,margaret,Margaret,543433,543441,25,2811,38,M_6631,PROPN
6632,pdnc,qID,Q2350-0,her,543486,543489,16,2811,38,M_6632,Other
6633,pdnc,qID,Q2350-0,her,543504,543507,16,2811,38,M_6633,Other
6634,pdnc,qID,Q2352-0,Henry,543549,543554,17,2813,38,M_6634,PROPN
6635,booknlp,COREF,355,he,543564,543566,17,2813,38,M_6635,Other
6636,booknlp,COREF,355,he,543646,543648,17,2814,38,M_6636,Other
6637,booknlp,COREF,355,his,543670,543673,17,2814,38,M_6637,Other
6638,booknlp,COREF,355,his,543720,543723,17,2814,38,M_6638,Other
6639,exp,exp_name,henry,Henry,543835,543840,17,2815,38,M_6639,PROPN
6640,booknlp,COREF,355,himself,543879,543886,17,2815,38,M_6640,Other
6641,booknlp,COREF,355,him,543942,543945,17,2815,38,M_6641,Other
6642,booknlp,COREF,355,he,543949,543951,17,2815,38,M_6642,Other
6643,booknlp,COREF,355,he,543972,543974,17,2815,38,M_6643,Other
6644,pdnc,qID,Q2354-0,you,544017,544020,17,2815,38,M_6644,Other
6645,pdnc,qID,Q2355-0,my dear,544052,544059,25,2816,38,M_6645,Other
6646,pdnc,qID,Q2356-0,Helen,544074,544079,16,2817,38,M_6646,PROPN
6647,pdnc,qID,Q2357-0,she,544115,544118,16,2818,38,M_6647,Other
6648,exp,exp_name,henry,Henry,544132,544137,17,2819,38,M_6648,PROPN
6649,pdnc,qID,Q2358-0,she,544168,544171,16,2819,38,M_6649,Other
6650,pdnc,qID,Q2358-0,your,544193,544197,17,2819,38,M_6650,Other
6651,pdnc,qID,Q2358-0,she,544210,544213,16,2819,38,M_6651,Other
6652,booknlp,COREF,355,his,544273,544276,17,2820,38,M_6652,Other
6653,booknlp,COREF,355,him,544421,544424,17,2820,38,M_6653,Other
6654,booknlp,COREF,355,he,544464,544466,17,2820,38,M_6654,Other
6655,booknlp,COREF,355,him,544485,544488,17,2820,38,M_6655,Other
6656,booknlp,COREF,355,he,544564,544566,17,2821,38,M_6656,Other
6657,pdnc,qID,Q2359-1,she,544588,544591,16,2821,38,M_6657,Other
6658,booknlp,COREF,355,I,544620,544621,17,2821,38,M_6658,Other
6659,exp,exp_name,margaret,Margaret,544649,544657,25,2822,38,M_6659,PROPN
6660,booknlp,COREF,355,him,544675,544678,17,2822,38,M_6660,Other
6661,pdnc,qID,Q2360-0,you,544715,544718,17,2822,38,M_6661,Other
6662,pdnc,qID,Q2360-0,Helen,544729,544734,16,2822,38,M_6662,PROPN
6663,pdnc,qID,Q2360-0,her,544756,544759,16,2822,38,M_6663,Other
6664,booknlp,COREF,355,He,544772,544774,17,2822,38,M_6664,Other
6665,pdnc,qID,Q2361-0,She,544806,544809,16,2822,38,M_6665,Other
6666,pdnc,qID,Q2361-0,your,544841,544845,17,2822,38,M_6666,Other
6667,pdnc,qID,Q2361-0,her,544863,544866,16,2822,38,M_6667,Other
6668,pdnc,qID,Q2361-0,her,544883,544886,16,2822,38,M_6668,Other
6669,booknlp,COREF,355,I,544893,544894,17,2822,38,M_6669,Other
6670,pdnc,qID,Q2361-0,she,544901,544904,16,2822,38,M_6670,Other
6671,pdnc,qID,Q2361-0,her,545004,545007,16,2822,38,M_6671,Other
6672,pdnc,qID,Q2361-0,her,545042,545045,16,2822,38,M_6672,Other
6673,pdnc,qID,Q2361-0,Her,545056,545059,16,2822,38,M_6673,Other
6674,booknlp,COREF,355,me,545074,545076,17,2822,38,M_6674,Other
6675,pdnc,qID,Q2362-0,She,545108,545111,16,2823,38,M_6675,Other
6676,pdnc,qID,Q2363-0,You,545183,545186,17,2824,38,M_6676,Other
6677,pdnc,qID,Q2363-0,her,545216,545219,16,2824,38,M_6677,Other
6678,pdnc,qID,Q2364-0,my dear,545272,545279,25,2825,38,M_6678,Other
6679,pdnc,qID,Q2364-0,Helen,545281,545286,16,2825,38,M_6679,PROPN
6680,pdnc,qID,Q2364-0,her,545297,545300,16,2825,38,M_6680,Other
6681,pdnc,qID,Q2364-0,she,545329,545332,16,2825,38,M_6681,Other
6682,pdnc,qID,Q2364-0,her,545358,545361,16,2825,38,M_6682,Other
6683,pdnc,qID,Q2364-0,you,545373,545376,25,2825,38,M_6683,Other
6684,pdnc,qID,Q2364-0,her,545392,545395,16,2825,38,M_6684,Other
6685,pdnc,qID,Q2364-0,you,545401,545404,25,2825,38,M_6685,Other
6686,pdnc,qID,Q2364-0,her,545412,545415,16,2825,38,M_6686,Other
6687,pdnc,qID,Q2364-0,yours,545428,545433,25,2825,38,M_6687,Other
6688,pdnc,qID,Q2364-0,she,545439,545442,16,2825,38,M_6688,Other
6689,pdnc,qID,Q2364-0,you,545461,545464,25,2825,38,M_6689,Other
6690,pdnc,qID,Q2364-0,her,545526,545529,16,2825,38,M_6690,Other
6691,booknlp,COREF,355,I,545715,545716,17,2825,38,M_6691,Other
6692,pdnc,qID,Q2365-0,Helen,545761,545766,16,2825,38,M_6692,PROPN
6693,booknlp,COREF,355,I,545812,545813,17,2825,38,M_6693,Other
6694,pdnc,qID,Q2365-0,Charles,545818,545825,8,2825,38,M_6694,PROPN
6695,pdnc,qID,Q2365-0,Evie,545830,545834,14,2825,38,M_6695,Other
6696,booknlp,COREF,355,I,545841,545842,17,2825,38,M_6696,Other
6697,pdnc,qID,Q2365-0,she,545858,545861,16,2825,38,M_6697,Other
6698,pdnc,qID,Q2365-0,She,545893,545896,16,2825,38,M_6698,Other
6699,pdnc,qID,Q2366-0,you,545936,545939,17,2826,38,M_6699,Other
6700,exp,exp_name,margaret,Margaret,545958,545966,25,2826,38,M_6700,PROPN
6701,pdnc,qID,Q2366-1,Helen,546029,546034,16,2826,38,M_6701,PROPN
6702,pdnc,qID,Q2367-0,she,546138,546141,16,2827,38,M_6702,Other
6703,pdnc,qID,Q2367-0,she,546167,546170,16,2827,38,M_6703,Other
6704,pdnc,qID,Q2367-0,her,546213,546216,16,2827,38,M_6704,Other
6705,exp,exp_name,margaret,Margaret,546259,546267,25,2828,38,M_6705,PROPN
6706,pdnc,qID,Q2369-0,Henry,546430,546435,17,2830,38,M_6706,PROPN
6707,pdnc,qID,Q2369-1,We,546481,546483,25,2830,38,M_6707,Other
6708,pdnc,qID,Q2369-1,her,546541,546544,16,2830,38,M_6708,Other
6709,pdnc,qID,Q2370-0,you,546573,546576,25,2831,38,M_6709,Other
6710,pdnc,qID,Q2371-0,She,546618,546621,16,2832,38,M_6710,Other
6711,pdnc,qID,Q2372-0,You,546681,546684,25,2833,38,M_6711,Other
6712,pdnc,qID,Q2372-0,Charles,546706,546713,8,2833,38,M_6712,PROPN
6713,pdnc,qID,Q2373-0,you,546738,546741,17,2834,38,M_6713,Other
6714,pdnc,qID,Q2373-0,your,546747,546751,17,2834,38,M_6714,Other
6715,pdnc,qID,Q2373-0,Charles,546763,546770,8,2834,38,M_6715,PROPN
6716,pdnc,qID,Q2373-0,him,546817,546820,8,2834,38,M_6716,Other
6717,pdnc,qID,Q2374-0,Margaret,546825,546833,25,2835,38,M_6717,PROPN
6718,pdnc,qID,Q2374-0,my Margaret,546835,546846,25,2835,38,M_6718,Other
6719,pdnc,qID,Q2375-0,Charles,546885,546892,8,2836,38,M_6719,PROPN
6720,pdnc,qID,Q2375-0,you,546932,546935,17,2836,38,M_6720,Other
6721,pdnc,qID,Q2375-0,Charles,546946,546953,8,2836,38,M_6721,PROPN
6722,exp,exp_name,mr. wilcox,Mr. Wilcox,547011,547021,17,2837,38,M_6722,PROPN
6723,pdnc,qID,Q2376-1,Charles,547077,547084,8,2837,38,M_6723,PROPN
6724,pdnc,qID,Q2377-0,Helen,547107,547112,16,2838,38,M_6724,PROPN
6725,pdnc,qID,Q2378-0,My dear,547153,547160,25,2839,38,M_6725,Other
6726,pdnc,qID,Q2378-0,you,547162,547165,25,2839,38,M_6726,Other
6727,pdnc,qID,Q2379-0,you,547202,547205,17,2840,38,M_6727,Other
6728,pdnc,qID,Q2380-0,Helen,547324,547329,16,2842,38,M_6728,PROPN
6729,booknlp,COREF,355,my,547339,547341,17,2842,38,M_6729,Other
6730,exp,exp_name,henry,Henry,547358,547363,17,2842,38,M_6730,PROPN
6731,pdnc,qID,Q2380-1,your,547369,547373,25,2842,38,M_6731,Other
6732,booknlp,COREF,355,I,547383,547384,17,2842,38,M_6732,Other
6733,pdnc,qID,Q2380-1,her,547402,547405,16,2842,38,M_6733,Other
6734,booknlp,COREF,355,I,547411,547412,17,2842,38,M_6734,Other
6735,booknlp,COREF,355,I,547422,547423,17,2842,38,M_6735,Other
6736,pdnc,qID,Q2380-1,she,547443,547446,16,2842,38,M_6736,Other
6737,booknlp,COREF,355,I,547496,547497,17,2842,38,M_6737,Other
6738,pdnc,qID,Q2380-1,her,547511,547514,16,2842,38,M_6738,Other
6739,booknlp,COREF,355,I,547543,547544,17,2842,38,M_6739,Other
6740,booknlp,COREF,355,my,547564,547566,17,2842,38,M_6740,Other
6741,booknlp,COREF,355,I,547590,547591,17,2842,38,M_6741,Other
6742,pdnc,qID,Q2381-0,Helen,547664,547669,16,2843,38,M_6742,PROPN
6743,pdnc,qID,Q2381-1,she,547758,547761,16,2843,38,M_6743,Other
6744,pdnc,qID,Q2381-1,she,547822,547825,16,2843,38,M_6744,Other
6745,pdnc,qID,Q2381-1,your,547843,547847,17,2843,38,M_6745,Other
6746,pdnc,qID,Q2381-1,you,547875,547878,17,2843,38,M_6746,Other
6747,pdnc,qID,Q2381-1,you,547908,547911,17,2843,38,M_6747,Other
6748,pdnc,qID,Q2381-1,she,547951,547954,16,2843,38,M_6748,Other
6749,pdnc,qID,Q2381-1,you,547961,547964,17,2843,38,M_6749,Other
6750,pdnc,qID,Q2381-1,my sister,547970,547979,16,2843,38,M_6750,Other
6751,pdnc,qID,Q2381-1,you,547992,547995,17,2843,38,M_6751,Other
6752,pdnc,qID,Q2381-1,her,548004,548007,16,2843,38,M_6752,Other
6753,pdnc,qID,Q2381-1,you,548011,548014,17,2843,38,M_6753,Other
6754,pdnc,qID,Q2381-1,you,548043,548046,17,2843,38,M_6754,Other
6755,pdnc,qID,Q2381-1,her,548084,548087,16,2843,38,M_6755,Other
6756,exp,exp_name,margaret,Margaret,548224,548232,25,2845,38,M_6756,PROPN
6757,pdnc,qID,Q2384-0,your sister,548499,548510,16,2846,38,M_6757,Other
6758,pdnc,qID,Q2384-0,my dear wife,548579,548591,32,2846,38,M_6758,Other
6759,pdnc,qID,Q2384-0,she,548630,548633,16,2846,38,M_6759,Other
6760,pdnc,qID,Q2385-0,You,548662,548665,17,2847,38,M_6760,Other
6761,pdnc,qID,Q2385-0,Mrs. Wilcox,548681,548692,32,2847,38,M_6761,PROPN
6762,pdnc,qID,Q2386-0,your,548703,548707,25,2848,38,M_6762,Other
6763,pdnc,qID,Q2387-0,Mrs. Bast,548762,548771,20,2849,38,M_6763,PROPN
6764,pdnc,qID,Q2388-0,You,548776,548779,25,2850,38,M_6764,Other
6765,exp,exp_name,henry,Henry,548818,548823,17,2850,38,M_6765,PROPN
6766,booknlp,COREF,355,his,548839,548842,17,2850,38,M_6766,Other
6767,exp,exp_name,margaret,Margaret,548867,548875,25,2850,38,M_6767,PROPN
6768,booknlp,COREF,355,him,548886,548889,17,2850,38,M_6768,Other
6769,booknlp,COREF,355,his,548906,548909,17,2850,38,M_6769,Other
6770,pdnc,qID,Q2389-1,You,548976,548979,17,2851,38,M_6770,Other
6771,pdnc,qID,Q2389-1,you,549017,549020,17,2851,38,M_6771,Other
6772,pdnc,qID,Q2389-1,Henry,549022,549027,17,2851,38,M_6772,PROPN
6773,pdnc,qID,Q2389-1,You,549029,549032,17,2851,38,M_6773,Other
6774,pdnc,qID,Q2389-1,a mistress,549042,549052,20,2851,38,M_6774,Other
6775,pdnc,qID,Q2389-1,you,549064,549067,17,2851,38,M_6775,Other
6776,pdnc,qID,Q2389-1,My sister,549069,549078,16,2851,38,M_6776,Other
6777,pdnc,qID,Q2389-1,you,549092,549095,17,2851,38,M_6777,Other
6778,pdnc,qID,Q2389-1,her,549102,549105,16,2851,38,M_6778,Other
6779,pdnc,qID,Q2389-1,you,549125,549128,17,2851,38,M_6779,Other
6780,pdnc,qID,Q2389-1,his wife,549215,549223,32,2851,38,M_6780,Other
6781,pdnc,qID,Q2389-1,she,549229,549232,32,2851,38,M_6781,Other
6782,pdnc,qID,Q2389-1,her,549256,549259,32,2851,38,M_6782,Other
6783,pdnc,qID,Q2389-1,she,549272,549275,32,2851,38,M_6783,Other
6784,pdnc,qID,Q2389-1,A man,549284,549289,17,2851,38,M_6784,Other
6785,pdnc,qID,Q2389-1,a woman,549300,549307,20,2851,38,M_6785,Other
6786,pdnc,qID,Q2389-1,his,549312,549315,17,2851,38,M_6786,Other
6787,pdnc,qID,Q2389-1,her,549336,549339,20,2851,38,M_6787,Other
6788,booknlp,COREF,355,he,549409,549411,17,2851,38,M_6788,Other
6789,pdnc,qID,Q2389-1,you,549446,549449,17,2851,38,M_6789,Other
6790,pdnc,qID,Q2389-1,You,549451,549454,17,2851,38,M_6790,Other
6791,pdnc,qID,Q2389-1,you,549485,549488,17,2851,38,M_6791,Other
6792,booknlp,COREF,355,your,549524,549528,17,2851,38,M_6792,Other
6793,pdnc,qID,Q2389-1,you,549560,549563,17,2851,38,M_6793,Other
6794,pdnc,qID,Q2389-1,your,549581,549585,17,2851,38,M_6794,Other
6795,pdnc,qID,Q2389-1,you,549591,549594,17,2851,38,M_6795,Other
6796,pdnc,qID,Q2389-1,Mrs. Wilcox,549614,549625,32,2851,38,M_6796,PROPN
6797,pdnc,qID,Q2389-1,you,549634,549637,17,2851,38,M_6797,Other
6798,pdnc,qID,Q2389-1,you,549665,549668,17,2851,38,M_6798,Other
6799,pdnc,qID,Q2389-1,you,549712,549715,17,2851,38,M_6799,Other
6800,booknlp,COREF,355,yourself,549772,549780,17,2851,38,M_6800,Other
6801,exp,exp_name,helen,Helen,549788,549793,16,2851,38,M_6801,PROPN
6802,exp,exp_name,henry,Henry,549849,549854,17,2852,38,M_6802,PROPN
6803,booknlp,COREF,355,His,549866,549869,17,2852,38,M_6803,Other
6804,booknlp,COREF,355,His,549903,549906,17,2852,38,M_6804,Other
6805,booknlp,COREF,355,he,549939,549941,17,2852,38,M_6805,Other
6806,pdnc,qID,Q2391-0,You,549991,549994,17,2853,38,M_6806,Other
6807,pdnc,qID,Q2391-0,Mrs. Wilcox,550009,550020,32,2853,38,M_6807,PROPN
6808,pdnc,qID,Q2391-0,Helen,550022,550027,16,2853,38,M_6808,PROPN
6809,pdnc,qID,Q2391-0,You,550042,550045,17,2853,38,M_6809,Other
6810,pdnc,qID,Q2391-0,Helen,550065,550070,16,2853,38,M_6810,PROPN
6811,pdnc,qID,Q2391-0,You,550078,550081,17,2853,38,M_6811,Other
6812,pdnc,qID,Q2391-0,she,550106,550109,16,2853,38,M_6812,Other
6813,pdnc,qID,Q2391-0,You,550119,550122,17,2853,38,M_6813,Other
6814,booknlp,COREF,355,me,550153,550155,17,2853,38,M_6814,Other
6815,pdnc,qID,Q2391-0,Henry,550172,550177,17,2853,38,M_6815,PROPN
6816,exp,exp_name,henry,Henry,550208,550213,17,2854,38,M_6816,PROPN
6817,booknlp,COREF,355,I,550231,550232,17,2855,38,M_6817,Other
6818,pdnc,qID,Q2392-0,you,550242,550245,25,2855,38,M_6818,Other
6819,booknlp,COREF,355,My,550342,550344,17,2855,38,M_6819,Other
6820,booknlp,COREF,355,I,550421,550422,17,2855,38,M_6820,Other
6821,booknlp,COREF,355,I,550444,550445,17,2855,38,M_6821,Other
6822,booknlp,COREF,355,I,550459,550460,17,2855,38,M_6822,Other
6823,pdnc,qID,Q2392-0,you,550473,550476,25,2855,38,M_6823,Other
6824,pdnc,qID,Q2392-0,your sister,550481,550492,16,2855,38,M_6824,Other
6825,exp,exp_name,margaret,Margaret,550526,550534,25,2856,38,M_6825,PROPN
6826,booknlp,COREF,355,his,550542,550545,17,2856,38,M_6826,Other
6827,booknlp,COREF,355,He,550553,550555,17,2856,38,M_6827,Other
6828,booknlp,COREF,355,his,550616,550619,17,2856,38,M_6828,Other
6829,exp,exp_name,charles,Charles,550794,550801,8,2858,39,M_6829,PROPN
6830,exp,exp_name,tibby,Tibby,550806,550811,45,2858,39,M_6830,PROPN
6831,exp,exp_name,charles,Charles,551020,551027,8,2858,39,M_6831,PROPN
6832,exp,exp_name,helen,Helen,551035,551040,16,2858,39,M_6832,PROPN
6833,booknlp,COREF,355,He,551057,551059,17,2858,39,M_6833,Other
6834,booknlp,COREF,355,he,551134,551136,17,2858,39,M_6834,Other
6835,booknlp,COREF,355,his,551168,551171,17,2858,39,M_6835,Other
6836,booknlp,COREF,355,he,551187,551189,17,2858,39,M_6836,Other
6837,booknlp,COREF,355,His,551200,551203,17,2858,39,M_6837,Other
6838,booknlp,COREF,355,his,551441,551444,17,2858,39,M_6838,Other
6839,exp,exp_name,charles,Charles,551480,551487,8,2858,39,M_6839,PROPN
6840,booknlp,COREF,355,him,551550,551553,17,2858,39,M_6840,Other
6841,booknlp,COREF,355,he,551625,551627,17,2858,39,M_6841,Other
6842,booknlp,COREF,355,his,551712,551715,17,2858,39,M_6842,Other
6843,booknlp,COREF,355,his,551725,551728,17,2858,39,M_6843,Other
6844,booknlp,COREF,355,his,551746,551749,17,2858,39,M_6844,Other
6845,booknlp,COREF,355,He,551831,551833,17,2858,39,M_6845,Other
6846,booknlp,COREF,355,his,551951,551954,17,2858,39,M_6846,Other
6847,booknlp,COREF,355,he,551960,551962,17,2858,39,M_6847,Other
6848,booknlp,COREF,355,he,552024,552026,17,2858,39,M_6848,Other
6849,exp,exp_name,tibby,Tibby,552077,552082,45,2859,39,M_6849,PROPN
6850,booknlp,COREF,259,He,552120,552122,45,2859,39,M_6850,Other
6851,booknlp,COREF,259,his,552152,552155,45,2859,39,M_6851,Other
6852,exp,exp_name,charles,Charles,552426,552433,8,2859,39,M_6852,PROPN
6853,exp,exp_name,tibby,Tibby,552435,552440,45,2859,39,M_6853,PROPN
6854,booknlp,COREF,259,his,552459,552462,45,2859,39,M_6854,Other
6855,booknlp,COREF,259,him,552491,552494,45,2859,39,M_6855,Other
6856,booknlp,COREF,259,he,552503,552505,45,2859,39,M_6856,Other
6857,booknlp,COREF,259,he,552548,552550,45,2859,39,M_6857,Other
6858,booknlp,COREF,259,His,552582,552585,45,2859,39,M_6858,Other
6859,booknlp,COREF,259,His,552714,552717,45,2859,39,M_6859,Other
6860,exp,exp_name,tibby,Tibby,552837,552842,45,2859,39,M_6860,PROPN
6861,booknlp,COREF,259,himself,552866,552873,45,2859,39,M_6861,Other
6862,exp,exp_name,charles,Charles,553047,553054,8,2860,39,M_6862,PROPN
6863,exp,exp_name,helen,Helen,553154,553159,16,2860,39,M_6863,PROPN
6864,exp,exp_name,charles,Charles,553183,553190,8,2860,39,M_6864,PROPN
6865,booknlp,COREF,259,his,553253,553256,45,2860,39,M_6865,Other
6866,booknlp,COREF,259,he,553266,553268,45,2860,39,M_6866,Other
6867,booknlp,COREF,259,I,553284,553285,45,2860,39,M_6867,Other
6868,pdnc,qID,Q2393-0,you,553294,553297,45,2860,39,M_6868,Other
6869,pdnc,qID,Q2393-0,you,553311,553314,45,2860,39,M_6869,Other
6870,pdnc,qID,Q2393-0,your sister,553319,553330,16,2860,39,M_6870,Other
6871,pdnc,qID,Q2395-0,my sister,553392,553401,14,2862,39,M_6871,Other
6872,booknlp,COREF,259,I,553403,553404,45,2862,39,M_6872,Other
6873,pdnc,qID,Q2395-0,you,553446,553449,45,2862,39,M_6873,Other
6874,booknlp,COREF,259,I,553465,553466,45,2863,39,M_6874,Other
6875,exp,exp_name,tibby,Tibby,553494,553499,45,2863,39,M_6875,PROPN
6876,pdnc,qID,Q2397-0,ye,553509,553511,45,2864,39,M_6876,Other
6877,pdnc,qID,Q2397-0,man,553537,553540,45,2864,39,M_6877,Other
6878,booknlp,COREF,259,I,553583,553584,45,2865,39,M_6878,Other
6879,booknlp,COREF,259,he,553616,553618,45,2865,39,M_6879,Other
6880,booknlp,COREF,259,He,553628,553630,45,2865,39,M_6880,Other
6881,booknlp,COREF,259,his,553659,553662,45,2865,39,M_6881,Other
6882,pdnc,qID,Q2399-0,You,553679,553682,45,2866,39,M_6882,Other
6883,exp,exp_name,charles,Charles,553711,553718,8,2866,39,M_6883,PROPN
6884,booknlp,COREF,259,he,553738,553740,45,2866,39,M_6884,Other
6885,pdnc,qID,Q2400-0,you,553773,553776,45,2866,39,M_6885,Other
6886,pdnc,qID,Q2400-0,her,553781,553784,16,2866,39,M_6886,Other
6887,pdnc,qID,Q2400-0,she,553795,553798,16,2866,39,M_6887,Other
6888,booknlp,COREF,259,he,553835,553837,45,2866,39,M_6888,Other
6889,exp,exp_name,tibby,Tibby,553857,553862,45,2866,39,M_6889,PROPN
6890,booknlp,COREF,259,my,553877,553879,45,2867,39,M_6890,Other
6891,pdnc,qID,Q2401-0,she,553886,553889,16,2867,39,M_6891,Other
6892,pdnc,qID,Q2403-0,hers,553976,553980,16,2869,39,M_6892,Other
6893,pdnc,qID,Q2403-0,Evie,553984,553988,14,2869,39,M_6893,Other
6894,booknlp,COREF,259,I,554003,554004,45,2870,39,M_6894,Other
6895,booknlp,COREF,259,I,554042,554043,45,2870,39,M_6895,Other
6896,booknlp,COREF,259,My,554048,554050,45,2870,39,M_6896,Other
6897,booknlp,COREF,259,me,554061,554063,45,2870,39,M_6897,Other
6898,pdnc,qID,Q2404-0,she,554088,554091,16,2870,39,M_6898,Other
6899,pdnc,qID,Q2404-0,them,554100,554104,22,2870,39,M_6899,Other
6900,pdnc,qID,Q2404-0,you,554110,554113,45,2870,39,M_6900,Other
6901,pdnc,qID,Q2404-0,her,554118,554121,16,2870,39,M_6901,Other
6902,pdnc,qID,Q2404-0,she,554143,554146,16,2870,39,M_6902,Other
6903,pdnc,qID,Q2404-0,the man,554156,554163,22,2870,39,M_6903,Other
6904,pdnc,qID,Q2404-0,you,554185,554188,45,2870,39,M_6904,Other
6905,pdnc,qID,Q2404-0,him,554211,554214,22,2870,39,M_6905,Other
6906,exp,exp_name,tibby,Tibby,554218,554223,45,2871,39,M_6906,PROPN
6907,booknlp,COREF,259,he,554258,554260,45,2871,39,M_6907,Other
6908,booknlp,COREF,259,his,554274,554277,45,2871,39,M_6908,Other
6909,booknlp,COREF,259,he,554299,554301,45,2871,39,M_6909,Other
6910,booknlp,COREF,259,He,554376,554378,45,2871,39,M_6910,Other
6911,booknlp,COREF,259,his,554416,554419,45,2871,39,M_6911,Other
6912,booknlp,COREF,259,He,554470,554472,45,2871,39,M_6912,Other
6913,booknlp,COREF,259,he,554513,554515,45,2871,39,M_6913,Other
6914,exp,exp_name,helen,Helen,554525,554530,16,2871,39,M_6914,PROPN
6915,booknlp,COREF,259,he,554549,554551,45,2871,39,M_6915,Other
6916,booknlp,COREF,259,his,554570,554573,45,2871,39,M_6916,Other
6917,booknlp,COREF,259,I,554591,554592,45,2872,39,M_6917,Other
6918,pdnc,qID,Q2405-0,you,554598,554601,45,2872,39,M_6918,Other
6919,pdnc,qID,Q2405-0,his,554609,554612,22,2872,39,M_6919,Other
6920,booknlp,COREF,259,your,554637,554641,45,2872,39,M_6920,Other
6921,pdnc,qID,Q2405-0,the poor pater,554692,554706,17,2872,39,M_6921,Other
6922,exp,exp_name,tibby,Tibby,554715,554720,45,2873,39,M_6922,PROPN
6923,booknlp,COREF,259,himself,554727,554734,45,2873,39,M_6923,Other
6924,exp,exp_name,leonard,Leonard,554757,554764,22,2875,40,M_6924,PROPN
6925,booknlp,COREF,259,he,554766,554768,45,2875,40,M_6925,Other
6926,booknlp,COREF,259,he,554832,554834,45,2875,40,M_6926,Other
6927,exp,exp_name,leonard,Leonard,555025,555032,22,2875,40,M_6927,PROPN
6928,exp,exp_name,helen,Helen,555080,555085,16,2876,40,M_6928,PROPN
6929,exp,exp_name,margaret,Margaret,555129,555137,25,2876,40,M_6929,PROPN
6930,exp,exp_name,henry,Henry,555173,555178,17,2876,40,M_6930,PROPN
6931,booknlp,COREF,532,his,555203,555206,22,2876,40,M_6931,Other
6932,exp,exp_name,helen,Helen,555214,555219,16,2876,40,M_6932,PROPN
6933,exp,exp_name,margaret,Margaret,555477,555485,25,2877,40,M_6933,PROPN
6934,exp,exp_name,helen,Helen,555532,555537,16,2877,40,M_6934,PROPN
6935,exp,exp_name,helen,Helen,555939,555944,16,2877,40,M_6935,PROPN
6936,exp,exp_name,helen,Helen,556157,556162,16,2878,40,M_6936,PROPN
6937,exp,exp_name,helen,Helen,556382,556387,16,2879,40,M_6937,PROPN
6938,exp,exp_name,margaret,Margaret,556483,556491,25,2879,40,M_6938,PROPN
6939,exp,exp_name,helen,Helen,556536,556541,16,2880,40,M_6939,PROPN
6940,pdnc,qID,Q2406-1,Mr. Wilcox,556562,556572,17,2880,40,M_6940,PROPN
6941,pdnc,qID,Q2406-1,Leonard,556613,556620,22,2880,40,M_6941,PROPN
6942,pdnc,qID,Q2406-1,Mr. Wilcox,556711,556721,17,2880,40,M_6942,PROPN
6943,pdnc,qID,Q2406-1,your,556741,556745,25,2880,40,M_6943,Other
6944,exp,exp_name,margaret,Margaret,556804,556812,25,2881,40,M_6944,PROPN
6945,pdnc,qID,Q2407-1,Henry,556835,556840,17,2881,40,M_6945,PROPN
6946,pdnc,qID,Q2408-0,your,556931,556935,25,2882,40,M_6946,Other
6947,pdnc,qID,Q2410-0,darling,557023,557030,25,2884,40,M_6947,Other
6948,exp,exp_name,the man,the man,557078,557085,40,2884,40,M_6948,PROPN
6949,pdnc,qID,Q2410-0,you,557164,557167,25,2884,40,M_6949,Other
6950,pdnc,qID,Q2410-0,Mrs. Bast,557282,557291,20,2884,40,M_6950,PROPN
6951,pdnc,qID,Q2410-0,her,557321,557324,20,2884,40,M_6951,Other
6952,pdnc,qID,Q2410-0,Leonard,557360,557367,22,2884,40,M_6952,PROPN
6953,pdnc,qID,Q2410-0,him,557383,557386,22,2884,40,M_6953,Other
6954,pdnc,qID,Q2410-0,you,557494,557497,25,2884,40,M_6954,Other
6955,pdnc,qID,Q2410-0,He,557518,557520,22,2884,40,M_6955,Other
6956,pdnc,qID,Q2410-0,he,557531,557533,22,2884,40,M_6956,Other
6957,pdnc,qID,Q2410-0,he,557559,557561,22,2884,40,M_6957,Other
6958,pdnc,qID,Q2410-0,you,557578,557581,25,2884,40,M_6958,Other
6959,pdnc,qID,Q2410-0,him,557606,557609,22,2884,40,M_6959,Other
6960,pdnc,qID,Q2410-0,He,557622,557624,22,2884,40,M_6960,Other
6961,pdnc,qID,Q2410-0,his wife,557676,557684,20,2884,40,M_6961,Other
6962,pdnc,qID,Q2410-0,Mr. Bast,557714,557722,22,2884,40,M_6962,PROPN
6963,pdnc,qID,Q2410-0,Miss Schlegel,557727,557740,16,2884,40,M_6963,PROPN
6964,pdnc,qID,Q2410-0,him,557762,557765,22,2884,40,M_6964,Other
6965,pdnc,qID,Q2410-0,he,557771,557773,22,2884,40,M_6965,Other
6966,pdnc,qID,Q2410-0,his,557807,557810,22,2884,40,M_6966,Other
6967,pdnc,qID,Q2410-0,Mr. Wilcox,557834,557844,17,2884,40,M_6967,PROPN
6968,pdnc,qID,Q2410-0,him,557856,557859,22,2884,40,M_6968,Other
6969,pdnc,qID,Q2410-0,him,557889,557892,22,2884,40,M_6969,Other
6970,pdnc,qID,Q2410-0,him,557907,557910,22,2884,40,M_6970,Other
6971,pdnc,qID,Q2410-0,He,557947,557949,22,2884,40,M_6971,Other
6972,pdnc,qID,Q2410-0,He,557967,557969,22,2884,40,M_6972,Other
6973,pdnc,qID,Q2410-0,him,558025,558028,22,2884,40,M_6973,Other
6974,pdnc,qID,Q2410-0,him,558081,558084,22,2884,40,M_6974,Other
6975,pdnc,qID,Q2410-0,Meg,558114,558117,25,2884,40,M_6975,PROPN
6976,pdnc,qID,Q2411-0,Leonard,558320,558327,22,2886,40,M_6976,PROPN
6977,pdnc,qID,Q2411-0,Paul,558340,558344,34,2886,40,M_6977,PROPN
6978,exp,exp_name,margaret,Margaret,558348,558356,25,2887,40,M_6978,PROPN
6979,pdnc,qID,Q2412-0,Leonard,558606,558613,22,2887,40,M_6979,PROPN
6980,pdnc,qID,Q2412-1,you,558677,558680,16,2887,40,M_6980,Other
6981,pdnc,qID,Q2412-1,Paul,558701,558705,34,2887,40,M_6981,PROPN
6982,pdnc,qID,Q2412-1,you,558712,558715,16,2887,40,M_6982,Other
6983,pdnc,qID,Q2413-0,poor Leonard,558766,558778,22,2888,40,M_6983,Other
6984,pdnc,qID,Q2413-0,your Henry,558816,558826,17,2888,40,M_6984,Other
6985,pdnc,qID,Q2413-0,dearest Meg,558828,558839,25,2888,40,M_6985,Other
6986,pdnc,qID,Q2413-0,him,558868,558871,17,2888,40,M_6986,Other
6987,pdnc,qID,Q2413-0,you,558972,558975,25,2888,40,M_6987,Other
6988,pdnc,qID,Q2413-0,him,558984,558987,17,2888,40,M_6988,Other
6989,pdnc,qID,Q2413-0,you,558993,558996,25,2888,40,M_6989,Other
6990,exp,exp_name,margaret,Margaret,559023,559031,25,2889,40,M_6990,PROPN
6991,exp,exp_name,helen,Helen,559064,559069,16,2890,40,M_6991,PROPN
6992,pdnc,qID,Q2415-0,Mrs. Wilcox,559138,559149,32,2891,40,M_6992,PROPN
6993,pdnc,qID,Q2415-0,dearest,559151,559158,16,2891,40,M_6993,Other
6994,pdnc,qID,Q2415-0,our,559179,559182,25,2891,40,M_6994,Other
6995,pdnc,qID,Q2417-0,you,559257,559260,16,2893,40,M_6995,Other
6996,pdnc,qID,Q2417-0,Henry,559271,559276,17,2893,40,M_6996,PROPN
6997,pdnc,qID,Q2417-0,that woman,559299,559309,32,2893,40,M_6997,Other
6998,pdnc,qID,Q2417-0,She,559318,559321,32,2893,40,M_6998,Other
6999,pdnc,qID,Q2417-0,She,559340,559343,32,2893,40,M_6999,Other
7000,pdnc,qID,Q2417-0,She,559359,559362,32,2893,40,M_7000,Other
7001,pdnc,qID,Q2417-0,hers,559586,559590,32,2893,40,M_7001,Other
7002,pdnc,qID,Q2417-0,She,559632,559635,32,2893,40,M_7002,Other
7003,pdnc,qID,Q2417-0,She,559658,559661,32,2893,40,M_7003,Other
7004,pdnc,qID,Q2417-0,she,559700,559703,32,2893,40,M_7004,Other
7005,pdnc,qID,Q2417-0,she,559744,559747,32,2893,40,M_7005,Other
7006,pdnc,qID,Q2417-0,Henry,559758,559763,17,2893,40,M_7006,PROPN
7007,pdnc,qID,Q2417-0,her,559773,559776,32,2893,40,M_7007,Other
7008,exp,exp_name,mrs. wilcox,Mrs. Wilcox,559793,559804,32,2894,40,M_7008,PROPN
7009,pdnc,qID,Q2419-0,Miss Avery,559841,559851,26,2895,40,M_7009,PROPN
7010,pdnc,qID,Q2420-0,Miss Avery,559867,559877,26,2896,40,M_7010,PROPN
7011,exp,exp_name,helen,Helen,559892,559897,16,2896,40,M_7011,PROPN
7012,exp,exp_name,miss avery,Miss Avery,559925,559935,26,2898,40,M_7012,PROPN
7013,exp,exp_name,mr. wilcox,Mr. Wilcox,560028,560038,17,2898,40,M_7013,PROPN
7014,booknlp,COREF,456,her,560074,560077,26,2898,40,M_7014,Other
7015,exp,exp_name,helen,Helen,560244,560249,16,2899,40,M_7015,PROPN
7016,pdnc,qID,Q2422-1,Miss Avery,560257,560267,26,2899,40,M_7016,PROPN
7017,exp,exp_name,helen,Helen,560483,560488,16,2903,40,M_7017,PROPN
7018,pdnc,qID,Q2426-1,you,560658,560661,25,2903,40,M_7018,Other
7019,exp,exp_name,margaret,Margaret,560683,560691,25,2904,40,M_7019,PROPN
7020,exp,exp_name,henry,Henry,560831,560836,17,2904,40,M_7020,PROPN
7021,booknlp,COREF,355,his,560975,560978,17,2904,40,M_7021,Other
7022,pdnc,qID,Q2427-0,you,560991,560994,16,2905,40,M_7022,Other
7023,pdnc,qID,Q2427-0,Helen,561017,561022,16,2905,40,M_7023,PROPN
7024,pdnc,qID,Q2427-0,your,561045,561049,16,2905,40,M_7024,Other
7025,exp,exp_name,monica,Monica,561050,561056,27,2905,40,M_7025,PROPN
7026,pdnc,qID,Q2428-0,You,561061,561064,25,2906,40,M_7026,Other
7027,pdnc,qID,Q2428-0,you,561103,561106,25,2906,40,M_7027,Other
7028,exp,exp_name,helen,Helen,561204,561209,16,2908,40,M_7028,PROPN
7029,exp,exp_name,margaret,Margaret,561561,561569,25,2910,40,M_7029,PROPN
7030,exp,exp_name,margaret,Margaret,562149,562157,25,2911,40,M_7030,PROPN
7031,exp,exp_name,leonard bast,Leonard Bast,562218,562230,22,2911,40,M_7031,PROPN
7032,booknlp,COREF,311,he,562276,562278,22,2911,40,M_7032,Other
7033,exp,exp_name,mrs. wilcox,Mrs. Wilcox,562292,562303,32,2911,40,M_7033,PROPN
7034,exp,exp_name,leonard,Leonard,562346,562353,22,2913,41,M_7034,PROPN
7035,booknlp,COREF,311,him,562435,562438,22,2913,41,M_7035,Other
7036,exp,exp_name,helen,Helen,562479,562484,16,2913,41,M_7036,PROPN
7037,pdnc,qID,Q2431-0,Brute,562707,562712,22,2913,41,M_7037,Other
7038,pdnc,qID,Q2431-0,you brute,562714,562723,22,2913,41,M_7038,Other
7039,exp,exp_name,jacky,Jacky,562858,562863,20,2913,41,M_7039,PROPN
7040,booknlp,COREF,311,him,562886,562889,22,2913,41,M_7040,Other
7041,booknlp,COREF,311,his,562910,562913,22,2913,41,M_7041,Other
7042,booknlp,COREF,311,he,562930,562932,22,2913,41,M_7042,Other
7043,booknlp,COREF,311,he,562961,562963,22,2913,41,M_7043,Other
7044,booknlp,COREF,311,him,563026,563029,22,2913,41,M_7044,Other
7045,booknlp,COREF,311,his,563048,563051,22,2913,41,M_7045,Other
7046,booknlp,COREF,311,his,563108,563111,22,2913,41,M_7046,Other
7047,booknlp,COREF,311,him,563137,563140,22,2913,41,M_7047,Other
7048,booknlp,COREF,311,He,563142,563144,22,2913,41,M_7048,Other
7049,booknlp,COREF,311,his,563170,563173,22,2913,41,M_7049,Other
7050,booknlp,COREF,311,his,563187,563190,22,2913,41,M_7050,Other
7051,booknlp,COREF,311,I,563225,563226,22,2913,41,M_7051,Other
7052,booknlp,COREF,311,I,563246,563247,22,2913,41,M_7052,Other
7053,booknlp,COREF,311,He,563275,563277,22,2913,41,M_7053,Other
7054,booknlp,COREF,311,him,563305,563308,22,2913,41,M_7054,Other
7055,booknlp,COREF,311,his,563342,563345,22,2913,41,M_7055,Other
7056,exp,exp_name,leonard,Leonard,563716,563723,22,2914,41,M_7056,PROPN
7057,exp,exp_name,leonard,Leonard,564019,564026,22,2914,41,M_7057,PROPN
7058,booknlp,COREF,311,He,564073,564075,22,2915,41,M_7058,Other
7059,booknlp,COREF,311,him,564154,564157,22,2915,41,M_7059,Other
7060,exp,exp_name,helen,Helen,564163,564168,16,2915,41,M_7060,PROPN
7061,booknlp,COREF,311,He,564183,564185,22,2915,41,M_7061,Other
7062,booknlp,COREF,311,him,564251,564254,22,2915,41,M_7062,Other
7063,exp,exp_name,helen,Helen,564333,564338,16,2915,41,M_7063,PROPN
7064,exp,exp_name,leonard,Leonard,564359,564366,22,2915,41,M_7064,PROPN
7065,booknlp,COREF,311,his,564545,564548,22,2915,41,M_7065,Other
7066,booknlp,COREF,311,him,564650,564653,22,2915,41,M_7066,Other
7067,exp,exp_name,evie,Evie,564667,564671,14,2915,41,M_7067,PROPN
7068,booknlp,COREF,311,him,565014,565017,22,2915,41,M_7068,Other
7069,booknlp,COREF,311,him,565245,565248,22,2916,41,M_7069,Other
7070,booknlp,COREF,311,he,565318,565320,22,2916,41,M_7070,Other
7071,booknlp,COREF,311,he,565367,565369,22,2916,41,M_7071,Other
7072,booknlp,COREF,311,him,565421,565424,22,2916,41,M_7072,Other
7073,booknlp,COREF,311,He,565431,565433,22,2916,41,M_7073,Other
7074,booknlp,COREF,311,He,565501,565503,22,2916,41,M_7074,Other
7075,booknlp,COREF,311,his,565527,565530,22,2916,41,M_7075,Other
7076,booknlp,COREF,311,he,565550,565552,22,2916,41,M_7076,Other
7077,exp,exp_name,helen,Helen,565730,565735,16,2917,41,M_7077,PROPN
7078,exp,exp_name,jacky,Jacky,565845,565850,20,2917,41,M_7078,PROPN
7079,exp,exp_name,helen,Helen,565932,565937,16,2917,41,M_7079,PROPN
7080,booknlp,COREF,311,him,565946,565949,22,2917,41,M_7080,Other
7081,booknlp,COREF,311,him,566004,566007,22,2917,41,M_7081,Other
7082,booknlp,COREF,311,He,566009,566011,22,2917,41,M_7082,Other
7083,booknlp,COREF,311,he,566165,566167,22,2917,41,M_7083,Other
7084,booknlp,COREF,311,He,566189,566191,22,2917,41,M_7084,Other
7085,booknlp,COREF,311,his,566202,566205,22,2917,41,M_7085,Other
7086,booknlp,COREF,311,himself,566227,566234,22,2917,41,M_7086,Other
7087,booknlp,COREF,311,him,566288,566291,22,2917,41,M_7087,Other
7088,exp,exp_name,leonard,Leonard,566315,566322,22,2918,41,M_7088,PROPN
7089,exp,exp_name,blanche,Blanche,566333,566340,7,2918,41,M_7089,PROPN
7090,booknlp,COREF,311,his,566342,566345,22,2918,41,M_7090,Other
7091,booknlp,COREF,536,She,566381,566384,7,2918,41,M_7091,Other
7092,booknlp,COREF,536,her,566401,566404,7,2918,41,M_7092,Other
7093,booknlp,COREF,536,her,566533,566536,7,2918,41,M_7093,Other
7094,pdnc,qID,Q2435-0,Leonard,566570,566577,22,2919,41,M_7094,PROPN
7095,exp,exp_name,laura,Laura,566603,566608,21,2919,41,M_7095,PROPN
7096,booknlp,COREF,537,She,566628,566631,21,2919,41,M_7096,Other
7097,booknlp,COREF,537,her,566645,566648,21,2919,41,M_7097,Other
7098,exp,exp_name,blanche,Blanche,566717,566724,7,2919,41,M_7098,PROPN
7099,exp,exp_name,leonard,Leonard,566729,566736,22,2919,41,M_7099,PROPN
7100,exp,exp_name,leonard,Leonard,566812,566819,22,2921,41,M_7100,PROPN
7101,booknlp,COREF,311,his,566894,566897,22,2921,41,M_7101,Other
7102,exp,exp_name,leonard,Leonard,567084,567091,22,2921,41,M_7102,PROPN
7103,booknlp,COREF,311,he,567097,567099,22,2921,41,M_7103,Other
7104,exp,exp_name,laura,Laura,567134,567139,21,2921,41,M_7104,PROPN
7105,booknlp,COREF,311,his,567149,567152,22,2921,41,M_7105,Other
7106,booknlp,COREF,311,he,567171,567173,22,2921,41,M_7106,Other
7107,pdnc,qID,Q2436-0,She,567193,567196,21,2921,41,M_7107,Other
7108,pdnc,qID,Q2436-0,she,567220,567223,21,2921,41,M_7108,Other
7109,pdnc,qID,Q2436-0,she,567231,567234,21,2921,41,M_7109,Other
7110,exp,exp_name,blanche,Blanche,567257,567264,7,2921,41,M_7110,PROPN
7111,booknlp,COREF,311,him,567283,567286,22,2921,41,M_7111,Other
7112,booknlp,COREF,311,he,567293,567295,22,2921,41,M_7112,Other
7113,booknlp,COREF,311,He,567332,567334,22,2921,41,M_7113,Other
7114,booknlp,COREF,311,him,567404,567407,22,2921,41,M_7114,Other
7115,booknlp,COREF,311,he,567409,567411,22,2921,41,M_7115,Other
7116,booknlp,COREF,311,his,567447,567450,22,2921,41,M_7116,Other
7117,exp,exp_name,jacky,Jacky,567538,567543,20,2921,41,M_7117,PROPN
7118,booknlp,COREF,311,his,567708,567711,22,2921,41,M_7118,Other
7119,booknlp,COREF,311,his,567723,567726,22,2921,41,M_7119,Other
7120,booknlp,COREF,311,He,567778,567780,22,2922,41,M_7120,Other
7121,booknlp,COREF,311,He,567806,567808,22,2922,41,M_7121,Other
7122,exp,exp_name,leonard,Leonard,567985,567992,22,2922,41,M_7122,PROPN
7123,booknlp,COREF,311,his,568213,568216,22,2925,41,M_7123,Other
7124,exp,exp_name,jacky,Jacky,568232,568237,20,2925,41,M_7124,PROPN
7125,booknlp,COREF,311,He,568239,568241,22,2925,41,M_7125,Other
7126,booknlp,COREF,311,He,568353,568355,22,2925,41,M_7126,Other
7127,booknlp,COREF,311,He,568384,568386,22,2925,41,M_7127,Other
7128,booknlp,COREF,311,he,568466,568468,22,2925,41,M_7128,Other
7129,booknlp,COREF,311,him,568695,568698,22,2925,41,M_7129,Other
7130,booknlp,COREF,311,he,568707,568709,22,2925,41,M_7130,Other
7131,exp,exp_name,leonard,Leonard,568747,568754,22,2925,41,M_7131,PROPN
7132,booknlp,COREF,311,he,568780,568782,22,2925,41,M_7132,Other
7133,booknlp,COREF,311,He,568850,568852,22,2925,41,M_7133,Other
7134,exp,exp_name,jacky,Jacky,568872,568877,20,2925,41,M_7134,PROPN
7135,booknlp,COREF,311,he,568989,568991,22,2926,41,M_7135,Other
7136,exp,exp_name,margaret,Margaret,569008,569016,25,2926,41,M_7136,PROPN
7137,booknlp,COREF,311,He,569034,569036,22,2926,41,M_7137,Other
7138,exp,exp_name,paul,Paul,569048,569052,34,2926,41,M_7138,PROPN
7139,booknlp,COREF,311,He,569056,569058,22,2926,41,M_7139,Other
7140,booknlp,COREF,311,him,569156,569159,22,2926,41,M_7140,Other
7141,booknlp,COREF,311,him,569258,569261,22,2926,41,M_7141,Other
7142,booknlp,COREF,311,him,569293,569296,22,2926,41,M_7142,Other
7143,booknlp,COREF,311,He,569353,569355,22,2926,41,M_7143,Other
7144,booknlp,COREF,311,he,569435,569437,22,2926,41,M_7144,Other
7145,exp,exp_name,miss schlegel,Miss Schlegel,569442,569455,25,2926,41,M_7145,PROPN
7146,booknlp,COREF,311,He,569552,569554,22,2926,41,M_7146,Other
7147,booknlp,COREF,311,he,569642,569644,22,2927,41,M_7147,Other
7148,booknlp,COREF,311,he,569663,569665,22,2927,41,M_7148,Other
7149,booknlp,COREF,311,he,569678,569680,22,2927,41,M_7149,Other
7150,booknlp,COREF,311,his,569710,569713,22,2927,41,M_7150,Other
7151,booknlp,COREF,311,He,569771,569773,22,2927,41,M_7151,Other
7152,booknlp,COREF,311,he,569842,569844,22,2927,41,M_7152,Other
7153,booknlp,COREF,311,he,569872,569874,22,2927,41,M_7153,Other
7154,booknlp,COREF,311,He,569881,569883,22,2927,41,M_7154,Other
7155,exp,exp_name,paul,Paul,569899,569903,34,2927,41,M_7155,PROPN
7156,booknlp,COREF,311,his,569929,569932,22,2927,41,M_7156,Other
7157,exp,exp_name,mr. wilcox,Mr. Wilcox,569988,569998,17,2927,41,M_7157,PROPN
7158,exp,exp_name,charles,Charles,570003,570010,8,2927,41,M_7158,PROPN
7159,exp,exp_name,margaret,Margaret,570026,570034,25,2928,41,M_7159,PROPN
7160,booknlp,COREF,311,He,570069,570071,22,2928,41,M_7160,Other
7161,booknlp,COREF,311,He,570235,570237,22,2928,41,M_7161,Other
7162,booknlp,COREF,311,him,570282,570285,22,2928,41,M_7162,Other
7163,booknlp,COREF,311,he,570316,570318,22,2928,41,M_7163,Other
7164,exp,exp_name,leonard,Leonard,570631,570638,22,2928,41,M_7164,PROPN
7165,booknlp,COREF,311,he,570681,570683,22,2929,41,M_7165,Other
7166,exp,exp_name,margaret,Margaret,570692,570700,25,2929,41,M_7166,PROPN
7167,booknlp,COREF,311,He,570702,570704,22,2929,41,M_7167,Other
7168,booknlp,COREF,311,He,570795,570797,22,2929,41,M_7168,Other
7169,booknlp,COREF,311,him,570825,570828,22,2929,41,M_7169,Other
7170,booknlp,COREF,311,he,570838,570840,22,2929,41,M_7170,Other
7171,exp,exp_name,helen,Helen,570852,570857,16,2929,41,M_7171,PROPN
7172,booknlp,COREF,311,him,570935,570938,22,2929,41,M_7172,Other
7173,exp,exp_name,helen,Helen,570943,570948,16,2929,41,M_7173,PROPN
7174,booknlp,COREF,311,He,570984,570986,22,2930,41,M_7174,Other
7175,exp,exp_name,margaret,Margaret,571006,571014,25,2930,41,M_7175,PROPN
7176,exp,exp_name,mr. wilcox,Mr. Wilcox,571052,571062,17,2930,41,M_7176,PROPN
7177,booknlp,COREF,311,he,571117,571119,22,2930,41,M_7177,Other
7178,booknlp,COREF,311,he,571205,571207,22,2930,41,M_7178,Other
7179,booknlp,COREF,311,his,571273,571276,22,2930,41,M_7179,Other
7180,booknlp,COREF,311,he,571386,571388,22,2930,41,M_7180,Other
7181,booknlp,COREF,311,He,571405,571407,22,2930,41,M_7181,Other
7182,exp,exp_name,mr. wilcox,Mr. Wilcox,571427,571437,17,2930,41,M_7182,PROPN
7183,pdnc,qID,Q2437-0,sir,571508,571511,48,2930,41,M_7183,PROPN
7184,pdnc,qID,Q2437-0,your boss,571520,571529,17,2930,41,M_7184,Other
7185,booknlp,COREF,311,you,571588,571591,22,2930,41,M_7185,Other
7186,booknlp,COREF,311,him,571644,571647,22,2930,41,M_7186,Other
7187,booknlp,COREF,311,he,571653,571655,22,2930,41,M_7187,Other
7188,exp,exp_name,leonard,Leonard,571664,571671,22,2930,41,M_7188,PROPN
7189,exp,exp_name,margaret,Margaret,571830,571838,25,2930,41,M_7189,PROPN
7190,booknlp,COREF,311,He,571910,571912,22,2931,41,M_7190,Other
7191,exp,exp_name,leonard,Leonard,572054,572061,22,2931,41,M_7191,PROPN
7192,booknlp,COREF,311,his,572070,572073,22,2931,41,M_7192,Other
7193,booknlp,COREF,311,He,572111,572113,22,2931,41,M_7193,Other
7194,booknlp,COREF,311,his,572185,572188,22,2931,41,M_7194,Other
7195,booknlp,COREF,311,he,572199,572201,22,2931,41,M_7195,Other
7196,booknlp,COREF,311,his,572252,572255,22,2931,41,M_7196,Other
7197,exp,exp_name,the parlourmaid,the parlourmaid,572292,572307,41,2931,41,M_7197,PROPN
7198,booknlp,COREF,311,he,572313,572315,22,2931,41,M_7198,Other
7199,pdnc,qID,Q2438-0,Mrs. Wilcox,572386,572397,25,2932,41,M_7199,PROPN
7200,booknlp,COREF,311,he,572410,572412,22,2932,41,M_7200,Other
7201,pdnc,qID,Q2439-0,She,572422,572425,25,2933,41,M_7201,Other
7202,pdnc,qID,Q2440-0,she,572462,572465,25,2934,41,M_7202,Other
7203,booknlp,COREF,3551,I,572478,572479,41,2935,41,M_7203,Other
7204,exp,exp_name,the parlourmaid,the parlourmaid,572494,572509,41,2935,41,M_7204,PROPN
7205,exp,exp_name,margaret,Margaret,572512,572520,25,2936,41,M_7205,PROPN
7206,exp,exp_name,leonard,Leonard,572639,572646,22,2936,41,M_7206,PROPN
7207,exp,exp_name,tibby,Tibby,572735,572740,45,2936,41,M_7207,PROPN
7208,exp,exp_name,tibby,Tibby,572742,572747,45,2936,41,M_7208,PROPN
7209,booknlp,COREF,259,He,572760,572762,45,2936,41,M_7209,Other
7210,exp,exp_name,charles wilcox,Charles Wilcox,572785,572799,8,2936,41,M_7210,PROPN
7211,booknlp,COREF,259,him,572817,572820,45,2936,41,M_7211,Other
7212,booknlp,COREF,259,He,572855,572857,45,2936,41,M_7212,Other
7213,booknlp,COREF,259,I,572874,572875,45,2936,41,M_7213,Other
7214,pdnc,qID,Q2443-0,sir,572933,572936,45,2937,41,M_7214,PROPN
7215,exp,exp_name,the parlourmaid,the parlourmaid,573008,573023,41,2939,41,M_7215,PROPN
7216,exp,exp_name,leonard,Leonard,573027,573034,22,2939,41,M_7216,PROPN
7217,booknlp,COREF,311,He,573037,573039,22,2940,41,M_7217,Other
7218,pdnc,qID,Q2446-0,You,573093,573096,22,2941,41,M_7218,Other
7219,exp,exp_name,margaret,Margaret,573152,573160,25,2941,41,M_7219,PROPN
7220,booknlp,COREF,311,him,573206,573209,22,2941,41,M_7220,Other
7221,pdnc,qID,Q2448-0,Mr. Wilcox,573321,573331,17,2943,41,M_7221,PROPN
7222,pdnc,qID,Q2448-0,Mrs. Wilcox,573377,573388,25,2943,41,M_7222,PROPN
7223,pdnc,qID,Q2448-0,her,573395,573398,25,2943,41,M_7223,Other
7224,pdnc,qID,Q2450-0,Mr. Schlegel,573478,573490,45,2945,41,M_7224,PROPN
7225,booknlp,COREF,311,him,573549,573552,22,2945,41,M_7225,Other
7226,booknlp,COREF,311,He,573625,573627,22,2946,41,M_7226,Other
7227,booknlp,COREF,311,he,573718,573720,22,2946,41,M_7227,Other
7228,booknlp,COREF,311,He,573734,573736,22,2946,41,M_7228,Other
7229,booknlp,COREF,311,he,573854,573856,22,2946,41,M_7229,Other
7230,booknlp,COREF,311,him,574006,574009,22,2946,41,M_7230,Other
7231,booknlp,COREF,311,his,574232,574235,22,2946,41,M_7231,Other
7232,exp,exp_name,leonard,Leonard,574464,574471,22,2946,41,M_7232,PROPN
7233,booknlp,COREF,311,he,574544,574546,22,2946,41,M_7233,Other
7234,exp,exp_name,jacky,Jacky,574577,574582,20,2946,41,M_7234,PROPN
7235,booknlp,COREF,311,his,574651,574654,22,2946,41,M_7235,Other
7236,booknlp,COREF,311,I,574751,574752,22,2947,41,M_7236,Other
7237,pdnc,qID,Q2453-0,Jacky,574758,574763,20,2947,41,M_7237,PROPN
7238,booknlp,COREF,311,I,574765,574766,22,2947,41,M_7238,Other
7239,booknlp,COREF,311,he,574936,574938,22,2948,41,M_7239,Other
7240,booknlp,COREF,311,He,574952,574954,22,2948,41,M_7240,Other
7241,booknlp,COREF,311,He,575033,575035,22,2948,41,M_7241,Other
7242,booknlp,COREF,311,he,575334,575336,22,2948,41,M_7242,Other
7243,booknlp,COREF,311,He,575367,575369,22,2949,41,M_7243,Other
7244,booknlp,COREF,311,his,575424,575427,22,2949,41,M_7244,Other
7245,exp,exp_name,jacky,Jacky,575518,575523,20,2949,41,M_7245,PROPN
7246,pdnc,qID,Q2454-0,Len,575550,575553,22,2950,41,M_7246,Other
7247,pdnc,qID,Q2454-0,Len,575564,575567,22,2950,41,M_7247,Other
7248,pdnc,qID,Q2455-0,Jacky,575581,575586,20,2951,41,M_7248,PROPN
7249,pdnc,qID,Q2455-0,you,575592,575595,20,2951,41,M_7249,Other
7250,exp,exp_name,leonard,Leonard,575713,575720,22,2953,41,M_7250,PROPN
7251,booknlp,COREF,311,his,575741,575744,22,2953,41,M_7251,Other
7252,booknlp,COREF,311,he,575871,575873,22,2953,41,M_7252,Other
7253,booknlp,COREF,311,he,575920,575922,22,2953,41,M_7253,Other
7254,booknlp,COREF,311,he,576103,576105,22,2953,41,M_7254,Other
7255,booknlp,COREF,311,his,576110,576113,22,2953,41,M_7255,Other
7256,booknlp,COREF,311,He,576292,576294,22,2953,41,M_7256,Other
7257,exp,exp_name,leonard,Leonard,576412,576419,22,2953,41,M_7257,PROPN
7258,exp,exp_name,mrs. wilcox,Mrs. Wilcox,576808,576819,32,2953,41,M_7258,PROPN
7259,exp,exp_name,leonard,Leonard,577269,577276,22,2953,41,M_7259,PROPN
7260,booknlp,COREF,311,his,577316,577319,22,2953,41,M_7260,Other
7261,exp,exp_name,leonard,Leonard,577446,577453,22,2954,41,M_7261,PROPN
7262,booknlp,COREF,311,he,577480,577482,22,2954,41,M_7262,Other
7263,booknlp,COREF,311,him,578028,578031,22,2955,41,M_7263,Other
7264,booknlp,COREF,311,his,578270,578273,22,2955,41,M_7264,Other
7265,exp,exp_name,leonard,Leonard,578501,578508,22,2956,41,M_7265,PROPN
7266,booknlp,COREF,311,his,578520,578523,22,2956,41,M_7266,Other
7267,booknlp,COREF,311,he,578623,578625,22,2956,41,M_7267,Other
7268,booknlp,COREF,311,his,578816,578819,22,2956,41,M_7268,Other
7269,booknlp,COREF,311,him,579191,579194,22,2956,41,M_7269,Other
7270,booknlp,COREF,311,he,579200,579202,22,2957,41,M_7270,Other
7271,booknlp,COREF,311,his,579289,579292,22,2957,41,M_7271,Other
7272,booknlp,COREF,311,He,579299,579301,22,2957,41,M_7272,Other
7273,booknlp,COREF,311,He,579357,579359,22,2957,41,M_7273,Other
7274,exp,exp_name,mrs. wilcox,Mrs. Wilcox,579382,579393,32,2957,41,M_7274,PROPN
7275,booknlp,COREF,311,I,579395,579396,22,2957,41,M_7275,Other
7276,booknlp,COREF,311,he,579455,579457,22,2957,41,M_7276,Other
7277,booknlp,COREF,311,He,579495,579497,22,2958,41,M_7277,Other
7278,booknlp,COREF,311,himself,579525,579532,22,2958,41,M_7278,Other
7279,booknlp,COREF,311,he,579558,579560,22,2958,41,M_7279,Other
7280,booknlp,COREF,311,he,579665,579667,22,2958,41,M_7280,Other
7281,exp,exp_name,margaret,Margaret,579682,579690,25,2958,41,M_7281,PROPN
7282,booknlp,COREF,311,His,579707,579710,22,2958,41,M_7282,Other
7283,booknlp,COREF,311,he,579753,579755,22,2958,41,M_7283,Other
7284,pdnc,qID,Q2456-0,he,579785,579787,22,2958,41,M_7284,Other
7285,pdnc,qID,Q2456-0,him,579828,579831,22,2958,41,M_7285,Other
7286,pdnc,qID,Q2456-0,his,579850,579853,22,2958,41,M_7286,Other
7287,pdnc,qID,Q2457-0,Mrs. Wilcox,579863,579874,25,2959,41,M_7287,PROPN
7288,exp,exp_name,leonard,Leonard,579882,579889,22,2959,41,M_7288,PROPN
7289,booknlp,COREF,311,I,579892,579893,22,2959,41,M_7289,Other
7290,exp,exp_name,the man,The man,579913,579920,40,2960,41,M_7290,PROPN
7291,booknlp,COREF,311,him,579926,579929,22,2960,41,M_7291,Other
7292,booknlp,COREF,717,me,579962,579964,40,2960,41,M_7292,Other
7293,booknlp,COREF,311,him,580038,580041,22,2960,41,M_7293,Other
7294,booknlp,COREF,311,him,580101,580104,22,2960,41,M_7294,Other
7295,exp,exp_name,charles,Charles,580166,580173,8,2961,41,M_7295,PROPN
7296,pdnc,qID,Q2459-1,He,580212,580214,22,2961,41,M_7296,Other
7297,pdnc,qID,Q2459-1,him,580272,580275,22,2961,41,M_7297,Other
7298,booknlp,COREF,311,he,580310,580312,22,2962,41,M_7298,Other
7299,exp,exp_name,margaret,Margaret,580338,580346,25,2962,41,M_7299,PROPN
7300,booknlp,COREF,311,him,580354,580357,22,2962,41,M_7300,Other
7301,exp,exp_name,leonard,Leonard,580369,580376,22,2962,41,M_7301,PROPN
7302,exp,exp_name,helen,Helen,580407,580412,16,2962,41,M_7302,PROPN
7303,booknlp,COREF,311,him,580431,580434,22,2962,41,M_7303,Other
7304,exp,exp_name,charles,Charles,580459,580466,8,2963,41,M_7304,PROPN
7305,exp,exp_name,miss avery,Miss Avery,580498,580508,26,2964,41,M_7305,PROPN
7306,exp,exp_name,charles,Charles,580572,580579,8,2966,42,M_7306,PROPN
7307,booknlp,COREF,311,he,580598,580600,22,2966,42,M_7307,Other
7308,booknlp,COREF,311,his,580705,580708,22,2966,42,M_7308,Other
7309,booknlp,COREF,311,him,580747,580750,22,2966,42,M_7309,Other
7310,exp,exp_name,margaret,Margaret,580789,580797,25,2966,42,M_7310,PROPN
7311,pdnc,qID,Q2462-0,she,580820,580823,25,2967,42,M_7311,Other
7312,pdnc,qID,Q2462-0,pater,580828,580833,17,2967,42,M_7312,Other
7313,exp,exp_name,charles,Charles,580840,580847,8,2967,42,M_7313,PROPN
7314,pdnc,qID,Q2462-1,Dolly,580850,580855,11,2967,42,M_7314,Other
7315,pdnc,qID,Q2462-1,her,580892,580895,25,2967,42,M_7315,Other
7316,pdnc,qID,Q2463-0,she,580913,580916,25,2968,42,M_7316,Other
7317,exp,exp_name,charles,Charles,580980,580987,8,2969,42,M_7317,PROPN
7318,booknlp,COREF,311,his,580996,580999,22,2969,42,M_7318,Other
7319,exp,exp_name,mrs. wilcox,Mrs. Wilcox,581047,581058,32,2969,42,M_7319,PROPN
7320,pdnc,qID,Q2464-0,her,581101,581104,25,2970,42,M_7320,Other
7321,pdnc,qID,Q2464-0,you,581116,581119,17,2970,42,M_7321,Other
7322,pdnc,qID,Q2464-0,she,581130,581133,25,2970,42,M_7322,Other
7323,pdnc,qID,Q2464-0,she,581162,581165,25,2970,42,M_7323,Other
7324,pdnc,qID,Q2464-0,her sister,581180,581190,16,2970,42,M_7324,Other
7325,exp,exp_name,mr. wilcox,Mr. Wilcox,581223,581233,17,2971,42,M_7325,PROPN
7326,pdnc,qID,Q2466-0,you,581283,581286,17,2972,42,M_7326,Other
7327,pdnc,qID,Q2466-0,sir,581288,581291,17,2972,42,M_7327,PROPN
7328,pdnc,qID,Q2467-0,my boy,581310,581316,8,2973,42,M_7328,Other
7329,exp,exp_name,mr. wilcox,Mr. Wilcox,581320,581330,17,2974,42,M_7329,PROPN
7330,exp,exp_name,charles,Charles,581456,581463,8,2974,42,M_7330,PROPN
7331,exp,exp_name,charles,Charles,581597,581604,8,2975,42,M_7331,PROPN
7332,pdnc,qID,Q2468-1,you,581670,581673,8,2975,42,M_7332,Other
7333,exp,exp_name,charles,Charles,581720,581727,8,2976,42,M_7333,PROPN
7334,exp,exp_name,charles,Charles,581810,581817,8,2976,42,M_7334,PROPN
7335,exp,exp_name,margaret,Margaret,581887,581895,25,2976,42,M_7335,PROPN
7336,pdnc,qID,Q2469-0,She,581924,581927,25,2977,42,M_7336,Other
7337,exp,exp_name,mr. wilcox,Mr. Wilcox,581972,581982,17,2977,42,M_7337,PROPN
7338,exp,exp_name,mrs. bast,Mrs. Bast,582021,582030,20,2977,42,M_7338,PROPN
7339,pdnc,qID,Q2469-1,she,582121,582124,25,2977,42,M_7339,Other
7340,pdnc,qID,Q2469-1,her sister,582133,582143,16,2977,42,M_7340,Other
7341,pdnc,qID,Q2469-1,Charles,582184,582191,8,2977,42,M_7341,PROPN
7342,pdnc,qID,Q2469-1,yours,582204,582209,8,2977,42,M_7342,Other
7343,exp,exp_name,charles,Charles,582462,582469,8,2978,42,M_7343,PROPN
7344,exp,exp_name,mr. wilcox,Mr. Wilcox,582472,582482,17,2979,42,M_7344,PROPN
7345,pdnc,qID,Q2471-0,my wife,582595,582602,25,2979,42,M_7345,Other
7346,pdnc,qID,Q2471-0,She,582650,582653,25,2979,42,M_7346,Other
7347,pdnc,qID,Q2471-0,Helen,582723,582728,16,2979,42,M_7347,PROPN
7348,pdnc,qID,Q2473-0,you,582914,582917,8,2981,42,M_7348,Other
7349,pdnc,qID,Q2473-0,Charles,582984,582991,8,2981,42,M_7349,PROPN
7350,exp,exp_name,charles,Charles,583013,583020,8,2982,42,M_7350,PROPN
7351,exp,exp_name,leonard,Leonard,583039,583046,22,2982,42,M_7351,PROPN
7352,exp,exp_name,miss avery,Miss Avery,583196,583206,26,2982,42,M_7352,PROPN
7353,exp,exp_name,charles,Charles,583474,583481,8,2983,42,M_7353,PROPN
7354,pdnc,qID,Q2474-1,the man,583522,583529,22,2983,42,M_7354,Other
7355,pdnc,qID,Q2476-0,you,583583,583586,17,2985,42,M_7355,Other
7356,pdnc,qID,Q2476-0,His,583599,583602,22,2985,42,M_7356,Other
7357,booknlp,COREF,311,Bast,583612,583616,22,2985,42,M_7357,Other
7358,exp,exp_name,mr. wilcox,Mr. Wilcox,583651,583661,17,2986,42,M_7358,PROPN
7359,pdnc,qID,Q2477-1,your mother,583667,583678,32,2986,42,M_7359,Other
7360,pdnc,qID,Q2477-1,Charles,583688,583695,8,2986,42,M_7360,PROPN
7361,pdnc,qID,Q2477-1,your mother,583700,583711,32,2986,42,M_7361,Other
7362,pdnc,qID,Q2478-0,pater,583732,583737,17,2987,42,M_7362,Other
7363,pdnc,qID,Q2478-0,the man,583816,583823,22,2987,42,M_7363,Other
7364,pdnc,qID,Q2478-0,He,583825,583827,22,2987,42,M_7364,Other
7365,pdnc,qID,Q2478-0,him,583898,583901,22,2987,42,M_7365,Other
7366,pdnc,qID,Q2478-0,him,583920,583923,22,2987,42,M_7366,Other
7367,pdnc,qID,Q2478-0,he,583924,583926,22,2987,42,M_7367,Other
7368,exp,exp_name,mr. wilcox,Mr. Wilcox,583986,583996,17,2988,42,M_7368,PROPN
7369,pdnc,qID,Q2479-0,The Avery woman,584090,584105,26,2989,42,M_7369,Other
7370,pdnc,qID,Q2479-0,your,584276,584280,17,2989,42,M_7370,Other
7371,pdnc,qID,Q2479-0,Mrs. Wilcox,584294,584305,25,2989,42,M_7371,PROPN
7372,pdnc,qID,Q2480-0,hers,584349,584353,25,2989,42,M_7372,Other
7373,pdnc,qID,Q2482-0,you,584394,584397,17,2991,42,M_7373,Other
7374,pdnc,qID,Q2482-0,her,584405,584408,25,2991,42,M_7374,Other
7375,pdnc,qID,Q2482-0,she,584421,584424,25,2991,42,M_7375,Other
7376,pdnc,qID,Q2482-0,her sister,584451,584461,16,2991,42,M_7376,Other
7377,exp,exp_name,mr. wilcox,Mr. Wilcox,584508,584518,17,2992,42,M_7377,PROPN
7378,pdnc,qID,Q2483-0,the man,584564,584571,22,2993,42,M_7378,Other
7379,pdnc,qID,Q2483-0,Mrs. Wilcox,584606,584617,25,2993,42,M_7379,PROPN
7380,pdnc,qID,Q2483-0,his,584631,584634,22,2993,42,M_7380,Other
7381,pdnc,qID,Q2483-0,him,584673,584676,22,2993,42,M_7381,Other
7382,pdnc,qID,Q2483-0,pater,584703,584708,17,2993,42,M_7382,Other
7383,pdnc,qID,Q2484-0,he,584856,584858,22,2994,42,M_7383,Other
7384,pdnc,qID,Q2485-0,He,584930,584932,22,2995,42,M_7384,Other
7385,pdnc,qID,Q2485-0,him,584983,584986,22,2995,42,M_7385,Other
7386,pdnc,qID,Q2485-0,him,585031,585034,22,2995,42,M_7386,Other
7387,pdnc,qID,Q2485-0,he,585067,585069,22,2995,42,M_7387,Other
7388,pdnc,qID,Q2485-0,he,585093,585095,22,2995,42,M_7388,Other
7389,pdnc,qID,Q2488-0,you,585250,585253,8,2998,42,M_7389,Other
7390,pdnc,qID,Q2489-0,you,585285,585288,17,2999,42,M_7390,Other
7391,pdnc,qID,Q2489-0,pater,585294,585299,17,2999,42,M_7391,Other
7392,pdnc,qID,Q2489-0,him,585385,585388,22,2999,42,M_7392,Other
7393,pdnc,qID,Q2491-0,He,585480,585482,22,3001,42,M_7393,Other
7394,exp,exp_name,charles,Charles,585536,585543,8,3001,42,M_7394,PROPN
7395,pdnc,qID,Q2492-0,you,585681,585684,8,3002,42,M_7395,Other
7396,exp,exp_name,charles,Charles,585822,585829,8,3004,42,M_7396,PROPN
7397,exp,exp_name,helen,Helen,585967,585972,16,3004,42,M_7397,PROPN
7398,exp,exp_name,margaret,Margaret,585977,585985,25,3004,42,M_7398,PROPN
7399,exp,exp_name,margaret,Margaret,586289,586297,25,3004,42,M_7399,PROPN
7400,exp,exp_name,dolly,Dolly,586484,586489,11,3006,42,M_7400,PROPN
7401,pdnc,qID,Q2496-0,sir,586535,586538,17,3007,42,M_7401,PROPN
7402,pdnc,qID,Q2496-0,you,586555,586558,17,3007,42,M_7402,Other
7403,booknlp,COREF,3652,I,586568,586569,11,3008,42,M_7403,Other
7404,booknlp,COREF,3652,I,586576,586577,11,3008,42,M_7404,Other
7405,exp,exp_name,charles,Charles,586619,586626,8,3009,42,M_7405,PROPN
7406,pdnc,qID,Q2498-1,you,586699,586702,17,3009,42,M_7406,Other
7407,pdnc,qID,Q2499-0,You,586759,586762,8,3010,42,M_7407,Other
7408,exp,exp_name,mr. wilcox,Mr. Wilcox,586808,586818,17,3010,42,M_7408,PROPN
7409,exp,exp_name,charles,Charles,586830,586837,8,3010,42,M_7409,PROPN
7410,pdnc,qID,Q2499-1,You,586859,586862,8,3010,42,M_7410,Other
7411,pdnc,qID,Q2499-1,you,586918,586921,8,3010,42,M_7411,Other
7412,pdnc,qID,Q2500-0,you,587006,587009,17,3011,42,M_7412,Other
7413,pdnc,qID,Q2500-0,your,587091,587095,17,3011,42,M_7413,Other
7414,pdnc,qID,Q2501-0,my boy,587120,587126,8,3012,42,M_7414,Other
7415,exp,exp_name,mr. wilcox,Mr. Wilcox,587134,587144,17,3012,42,M_7415,PROPN
7416,exp,exp_name,charles,Charles,587178,587185,8,3013,42,M_7416,PROPN
7417,exp,exp_name,charles,Charles,587532,587539,8,3013,42,M_7417,PROPN
7418,exp,exp_name,margaret,Margaret,587809,587817,25,3013,42,M_7418,PROPN
7419,exp,exp_name,mr. wilcox,Mr. Wilcox,587968,587978,17,3014,42,M_7419,PROPN
7420,exp,exp_name,leonard,Leonard,588051,588058,22,3014,42,M_7420,PROPN
7421,exp,exp_name,charles,Charles,588145,588152,8,3015,42,M_7421,PROPN
7422,exp,exp_name,aunt juley,Aunt Juley,588279,588289,6,3017,43,M_7422,PROPN
7423,exp,exp_name,leonard,Leonard,588329,588336,22,3017,43,M_7423,PROPN
7424,exp,exp_name,margaret,Margaret,588370,588378,25,3017,43,M_7424,PROPN
7425,exp,exp_name,henry,Henry,588582,588587,17,3017,43,M_7425,PROPN
7426,exp,exp_name,helen,Helen,588613,588618,16,3017,43,M_7426,PROPN
7427,booknlp,COREF,355,him,588708,588711,17,3017,43,M_7427,Other
7428,exp,exp_name,leonard,Leonard,588732,588739,22,3017,43,M_7428,PROPN
7429,exp,exp_name,helen,Helen,588764,588769,16,3017,43,M_7429,PROPN
7430,exp,exp_name,charles,Charles,588789,588796,8,3017,43,M_7430,PROPN
7431,booknlp,COREF,311,him,588811,588814,22,3017,43,M_7431,Other
7432,exp,exp_name,leonard,Leonard,588928,588935,22,3017,43,M_7432,PROPN
7433,exp,exp_name,the man,the man,589274,589281,40,3017,43,M_7433,PROPN
7434,exp,exp_name,helen,Helen,589563,589568,16,3018,43,M_7434,PROPN
7435,exp,exp_name,the child,the child,589616,589625,37,3018,43,M_7435,PROPN
7436,exp,exp_name,miss avery,Miss Avery,589638,589648,26,3018,43,M_7436,PROPN
7437,pdnc,qID,Q2503-0,the lad,589698,589705,22,3018,43,M_7437,Other
7438,pdnc,qID,Q2503-0,he,589706,589708,22,3018,43,M_7438,Other
7439,exp,exp_name,leonard,Leonard,590172,590179,22,3018,43,M_7439,PROPN
7440,booknlp,COREF,311,his,590200,590203,22,3018,43,M_7440,Other
7441,exp,exp_name,the doctor,the doctor,590440,590450,24,3019,43,M_7441,PROPN
7442,exp,exp_name,mansbridge,Mansbridge,590753,590763,24,3019,43,M_7442,PROPN
7443,booknlp,COREF,526,his,590768,590771,24,3019,43,M_7443,Other
7444,exp,exp_name,charles,Charles,590963,590970,8,3020,43,M_7444,PROPN
7445,exp,exp_name,the doctor,the doctor,591017,591027,24,3020,43,M_7445,PROPN
7446,exp,exp_name,charles,Charles,591126,591133,8,3020,43,M_7446,PROPN
7447,exp,exp_name,leonard,Leonard,591195,591202,22,3020,43,M_7447,PROPN
7448,exp,exp_name,charles,Charles,591267,591274,8,3020,43,M_7448,PROPN
7449,pdnc,qID,Q2504-0,Mr. Wilcox,591292,591302,8,3020,43,M_7449,PROPN
7450,pdnc,qID,Q2504-1,you,591396,591399,24,3020,43,M_7450,Other
7451,exp,exp_name,helen,Helen,591528,591533,16,3021,43,M_7451,PROPN
7452,exp,exp_name,madge,Madge,591669,591674,23,3021,43,M_7452,PROPN
7453,exp,exp_name,madge,Madge,592086,592091,23,3021,43,M_7453,PROPN
7454,exp,exp_name,helen,Helen,592109,592114,16,3021,43,M_7454,PROPN
7455,exp,exp_name,henry,Henry,592266,592271,17,3022,43,M_7455,PROPN
7456,booknlp,COREF,355,he,592281,592283,17,3022,43,M_7456,Other
7457,booknlp,COREF,355,him,592405,592408,17,3022,43,M_7457,Other
7458,booknlp,COREF,355,his,592413,592416,17,3022,43,M_7458,Other
7459,booknlp,COREF,355,him,592449,592452,17,3022,43,M_7459,Other
7460,booknlp,COREF,355,him,592468,592471,17,3022,43,M_7460,Other
7461,booknlp,COREF,355,him,592669,592672,17,3022,43,M_7461,Other
7462,booknlp,COREF,355,he,592767,592769,17,3022,43,M_7462,Other
7463,booknlp,COREF,355,his,592785,592788,17,3022,43,M_7463,Other
7464,booknlp,COREF,355,He,592833,592835,17,3022,43,M_7464,Other
7465,exp,exp_name,margaret,Margaret,593517,593525,25,3023,43,M_7465,PROPN
7466,exp,exp_name,leonard,Leonard,593568,593575,22,3023,43,M_7466,PROPN
7467,exp,exp_name,henry,Henry,593620,593625,17,3023,43,M_7467,PROPN
7468,booknlp,COREF,355,him,593685,593688,17,3023,43,M_7468,Other
7469,booknlp,COREF,355,his,593723,593726,17,3023,43,M_7469,Other
7470,booknlp,COREF,355,his,593807,593810,17,3024,43,M_7470,Other
7471,booknlp,COREF,355,He,593819,593821,17,3024,43,M_7471,Other
7472,booknlp,COREF,355,he,593889,593891,17,3024,43,M_7472,Other
7473,booknlp,COREF,355,he,593913,593915,17,3024,43,M_7473,Other
7474,booknlp,COREF,355,He,593940,593942,17,3024,43,M_7474,Other
7475,booknlp,COREF,355,his,594038,594041,17,3024,43,M_7475,Other
7476,booknlp,COREF,355,he,594081,594083,17,3024,43,M_7476,Other
7477,exp,exp_name,charles,Charles,594095,594102,8,3024,43,M_7477,PROPN
7478,booknlp,COREF,355,He,594188,594190,17,3024,43,M_7478,Other
7479,exp,exp_name,henry,Henry,594257,594262,17,3024,43,M_7479,PROPN
7480,booknlp,COREF,355,he,594354,594356,17,3024,43,M_7480,Other
7481,exp,exp_name,margaret,Margaret,594509,594517,25,3025,43,M_7481,PROPN
7482,exp,exp_name,henry,Henry,594611,594616,17,3025,43,M_7482,PROPN
7483,booknlp,COREF,355,himself,594636,594643,17,3025,43,M_7483,Other
7484,booknlp,COREF,355,he,594746,594748,17,3025,43,M_7484,Other
7485,booknlp,COREF,355,his,594775,594778,17,3025,43,M_7485,Other
7486,booknlp,COREF,355,him,594896,594899,17,3026,43,M_7486,Other
7487,booknlp,COREF,355,He,594901,594903,17,3026,43,M_7487,Other
7488,exp,exp_name,crane,Crane,594912,594917,10,3026,43,M_7488,PROPN
7489,exp,exp_name,margaret,Margaret,595027,595035,25,3026,43,M_7489,PROPN
7490,exp,exp_name,crane,Crane,595045,595050,10,3026,43,M_7490,PROPN
7491,booknlp,COREF,355,he,595056,595058,17,3026,43,M_7491,Other
7492,pdnc,qID,Q2505-0,Mr. Wilcox,595090,595100,17,3027,43,M_7492,PROPN
7493,pdnc,qID,Q2506-0,He,595122,595124,17,3028,43,M_7493,Other
7494,pdnc,qID,Q2506-0,madam,595137,595142,25,3028,43,M_7494,Other
7495,pdnc,qID,Q2507-0,You,595147,595150,10,3029,43,M_7495,Other
7496,booknlp,COREF,355,me,595172,595174,17,3029,43,M_7496,Other
7497,pdnc,qID,Q2508-0,He,595179,595181,17,3030,43,M_7497,Other
7498,pdnc,qID,Q2508-0,madam,595194,595199,25,3030,43,M_7498,Other
7499,exp,exp_name,henry,Henry,595487,595492,17,3031,43,M_7499,PROPN
7500,booknlp,COREF,355,him,595561,595564,17,3032,43,M_7500,Other
7501,booknlp,COREF,355,He,595684,595686,17,3032,43,M_7501,Other
7502,exp,exp_name,charles,Charles,595717,595724,8,3032,43,M_7502,PROPN
7503,booknlp,COREF,355,his,595768,595771,17,3032,43,M_7503,Other
7504,booknlp,COREF,355,he,595785,595787,17,3032,43,M_7504,Other
7505,booknlp,COREF,355,I,595804,595805,17,3032,43,M_7505,Other
7506,pdnc,qID,Q2509-0,you,595836,595839,25,3032,43,M_7506,Other
7507,exp,exp_name,margaret,Margaret,595912,595920,25,3033,43,M_7507,PROPN
7508,pdnc,qID,Q2510-1,you,595927,595930,17,3033,43,M_7508,Other
7509,pdnc,qID,Q2512-0,my sister,595992,596001,16,3035,43,M_7509,Other
7510,pdnc,qID,Q2512-0,you,596015,596018,17,3035,43,M_7510,Other
7511,pdnc,qID,Q2512-0,you,596107,596110,17,3035,43,M_7511,Other
7512,pdnc,qID,Q2512-0,you,596149,596152,17,3035,43,M_7512,Other
7513,pdnc,qID,Q2512-0,you,596168,596171,17,3035,43,M_7513,Other
7514,booknlp,COREF,355,I,596176,596177,17,3036,43,M_7514,Other
7515,exp,exp_name,henry,Henry,596204,596209,17,3036,43,M_7515,PROPN
7516,booknlp,COREF,355,I,596230,596231,17,3036,43,M_7516,Other
7517,pdnc,qID,Q2514-0,you,596312,596315,17,3037,43,M_7517,Other
7518,exp,exp_name,henry,Henry,596426,596431,17,3038,43,M_7518,PROPN
7519,exp,exp_name,charles,Charles,596593,596600,8,3038,43,M_7519,PROPN
7520,exp,exp_name,dolly,Dolly,596604,596609,11,3038,43,M_7520,PROPN
7521,pdnc,qID,Q2515-0,your,596622,596626,17,3039,43,M_7521,Other
7522,exp,exp_name,margaret,Margaret,596639,596647,25,3039,43,M_7522,PROPN
7523,booknlp,COREF,355,him,596673,596676,17,3039,43,M_7523,Other
7524,booknlp,COREF,355,he,596722,596724,17,3039,43,M_7524,Other
7525,booknlp,COREF,355,I,596749,596750,17,3040,43,M_7525,Other
7526,pdnc,qID,Q2516-0,you,596774,596777,25,3040,43,M_7526,Other
7527,booknlp,COREF,355,he,596780,596782,17,3040,43,M_7527,Other
7528,pdnc,qID,Q2517-1,My sister,596969,596978,16,3042,43,M_7528,Other
7529,pdnc,qID,Q2517-1,her,597027,597030,16,3042,43,M_7529,Other
7530,pdnc,qID,Q2517-1,she,597074,597077,16,3042,43,M_7530,Other
7531,pdnc,qID,Q2517-1,her,597088,597091,16,3042,43,M_7531,Other
7532,pdnc,qID,Q2518-0,you,597112,597115,25,3043,43,M_7532,Other
7533,pdnc,qID,Q2519-0,she,597165,597168,16,3044,43,M_7533,Other
7534,pdnc,qID,Q2522-0,you,597223,597226,25,3047,43,M_7534,Other
7535,pdnc,qID,Q2524-0,my dear,597307,597314,25,3049,43,M_7535,Other
7536,exp,exp_name,margaret,Margaret,597332,597340,25,3050,43,M_7536,PROPN
7537,exp,exp_name,mr. wilcox,Mr. Wilcox,597452,597462,17,3051,43,M_7537,PROPN
7538,pdnc,qID,Q2525-1,Charles,597465,597472,8,3051,43,M_7538,PROPN
7539,pdnc,qID,Q2525-1,him,597507,597510,8,3051,43,M_7539,Other
7540,exp,exp_name,charles,Charles,597795,597802,8,3052,43,M_7540,PROPN
7541,exp,exp_name,henry,Henry,597961,597966,17,3052,43,M_7541,PROPN
7542,booknlp,COREF,355,He,597988,597990,17,3052,43,M_7542,Other
7543,booknlp,COREF,355,his,598013,598016,17,3052,43,M_7543,Other
7544,booknlp,COREF,355,he,598023,598025,17,3052,43,M_7544,Other
7545,exp,exp_name,margaret,Margaret,598041,598049,25,3052,43,M_7545,PROPN
7546,booknlp,COREF,355,him,598101,598104,17,3052,43,M_7546,Other
7547,booknlp,COREF,355,him,598144,598147,17,3052,43,M_7547,Other
7548,exp,exp_name,tom,Tom,598197,598200,46,3054,44,M_7548,PROPN
7549,exp,exp_name,tom,Tom,598380,598383,46,3054,44,M_7549,PROPN
7550,exp,exp_name,helen,Helen,598405,598410,16,3054,44,M_7550,PROPN
7551,pdnc,qID,Q2526-1,you,598451,598454,25,3054,44,M_7551,Other
7552,pdnc,qID,Q2526-1,Meg,598473,598476,25,3054,44,M_7552,PROPN
7553,exp,exp_name,margaret,Margaret,598480,598488,25,3055,44,M_7553,PROPN
7554,pdnc,qID,Q2528-0,Tom,598566,598569,46,3056,44,M_7554,PROPN
7555,exp,exp_name,margaret,Margaret,598670,598678,25,3057,44,M_7555,PROPN
7556,pdnc,qID,Q2530-0,Tom,598715,598718,46,3058,44,M_7556,PROPN
7557,pdnc,qID,Q2530-0,you,598915,598918,46,3058,44,M_7557,Other
7558,exp,exp_name,tom,Tom,598948,598951,46,3059,44,M_7558,PROPN
7559,booknlp,COREF,459,his,598961,598964,46,3059,44,M_7559,Other
7560,pdnc,qID,Q2531-0,That child,598973,598983,46,3060,44,M_7560,Other
7561,exp,exp_name,margaret,Margaret,599020,599028,25,3060,44,M_7561,PROPN
7562,pdnc,qID,Q2532-0,He,599032,599034,46,3061,44,M_7562,Other
7563,pdnc,qID,Q2532-0,he,599063,599065,46,3061,44,M_7563,Other
7564,exp,exp_name,helen,Helen,599080,599085,16,3061,44,M_7564,PROPN
7565,pdnc,qID,Q2532-1,They,599097,599101,46,3061,44,M_7565,Other
7566,pdnc,qID,Q2534-0,Tom,599218,599221,46,3063,44,M_7566,PROPN
7567,exp,exp_name,margaret,Margaret,599296,599304,25,3065,44,M_7567,PROPN
7568,exp,exp_name,evie,Evie,599932,599936,14,3065,44,M_7568,PROPN
7569,exp,exp_name,helen,Helen,600020,600025,16,3066,44,M_7569,PROPN
7570,exp,exp_name,margaret,Margaret,600061,600069,25,3066,44,M_7570,PROPN
7571,pdnc,qID,Q2536-2,Henry,600272,600277,17,3067,44,M_7571,PROPN
7572,exp,exp_name,helen,Helen,600307,600312,16,3067,44,M_7572,PROPN
7573,exp,exp_name,margaret,Margaret,600406,600414,25,3068,44,M_7573,PROPN
7574,pdnc,qID,Q2537-1,his,600434,600437,17,3068,44,M_7574,Other
7575,pdnc,qID,Q2537-1,he,600479,600481,17,3068,44,M_7575,Other
7576,pdnc,qID,Q2538-0,Meg,600508,600511,25,3069,44,M_7576,PROPN
7577,pdnc,qID,Q2538-0,he,600525,600527,17,3069,44,M_7577,Other
7578,pdnc,qID,Q2539-0,He,600580,600582,17,3070,44,M_7578,Other
7579,pdnc,qID,Q2539-0,his,600608,600611,17,3070,44,M_7579,Other
7580,pdnc,qID,Q2540-0,he,600715,600717,17,3071,44,M_7580,Other
7581,pdnc,qID,Q2540-0,his,600743,600746,17,3071,44,M_7581,Other
7582,pdnc,qID,Q2541-0,Dolly,600801,600806,11,3072,44,M_7582,Other
7583,pdnc,qID,Q2541-0,he,600841,600843,17,3072,44,M_7583,Other
7584,booknlp,COREF,6037,them,600851,600855,11,3072,44,M_7584,Other
7585,pdnc,qID,Q2542-0,he,600895,600897,17,3073,44,M_7585,Other
7586,booknlp,COREF,6037,them,600903,600907,11,3073,44,M_7586,Other
7587,exp,exp_name,margaret,Margaret,600911,600919,25,3074,44,M_7587,PROPN
7588,pdnc,qID,Q2543-0,Meg,600938,600941,25,3075,44,M_7588,PROPN
7589,pdnc,qID,Q2543-0,you,600954,600957,25,3075,44,M_7589,Other
7590,pdnc,qID,Q2543-0,Henry,600976,600981,17,3075,44,M_7590,PROPN
7591,pdnc,qID,Q2544-0,You,600986,600989,16,3076,44,M_7591,Other
7592,pdnc,qID,Q2544-0,you,601002,601005,16,3076,44,M_7592,Other
7593,exp,exp_name,margaret,Margaret,601020,601028,25,3076,44,M_7593,PROPN
7594,exp,exp_name,leonard,Leonard,601157,601164,22,3078,44,M_7594,PROPN
7595,exp,exp_name,charles,Charles,601169,601176,8,3078,44,M_7595,PROPN
7596,exp,exp_name,leonard,Leonard,601251,601258,22,3078,44,M_7596,PROPN
7597,exp,exp_name,charles,Charles,601269,601276,8,3078,44,M_7597,PROPN
7598,pdnc,qID,Q2547-0,Henry,601389,601394,17,3079,44,M_7598,PROPN
7599,pdnc,qID,Q2547-0,he,601403,601405,17,3079,44,M_7599,Other
7600,pdnc,qID,Q2548-0,he,601425,601427,17,3080,44,M_7600,Other
7601,pdnc,qID,Q2548-0,you,601434,601437,16,3080,44,M_7601,Other
7602,pdnc,qID,Q2548-0,you,601446,601449,16,3080,44,M_7602,Other
7603,exp,exp_name,helen,Helen,601459,601464,16,3081,44,M_7603,PROPN
7604,exp,exp_name,margaret,Margaret,601611,601619,25,3082,44,M_7604,PROPN
7605,pdnc,qID,Q2550-0,Herr Forstmeister,601857,601874,18,3083,44,M_7605,PROPN
7606,pdnc,qID,Q2550-0,Frieda,601881,601887,15,3083,44,M_7606,Other
7607,pdnc,qID,Q2550-0,he,601940,601942,18,3083,44,M_7607,Other
7608,pdnc,qID,Q2550-0,him,601980,601983,18,3083,44,M_7608,Other
7609,pdnc,qID,Q2550-0,you,602229,602232,25,3083,44,M_7609,Other
7610,pdnc,qID,Q2552-0,Leonard,602292,602299,22,3085,44,M_7610,PROPN
7611,exp,exp_name,helen,Helen,602319,602324,16,3085,44,M_7611,PROPN
7612,pdnc,qID,Q2552-1,him,602367,602370,22,3085,44,M_7612,Other
7613,pdnc,qID,Q2552-1,him,602383,602386,22,3085,44,M_7613,Other
7614,pdnc,qID,Q2552-1,Leonard,602467,602474,22,3085,44,M_7614,PROPN
7615,pdnc,qID,Q2552-1,him,602561,602564,22,3085,44,M_7615,Other
7616,pdnc,qID,Q2552-2,my darling,602629,602639,25,3085,44,M_7616,Other
7617,pdnc,qID,Q2552-2,my precious,602641,602652,25,3085,44,M_7617,Other
7618,pdnc,qID,Q2553-0,Tommy,602672,602677,46,3085,44,M_7618,PROPN
7619,pdnc,qID,Q2555-0,you,602767,602770,25,3087,44,M_7619,Other
7620,pdnc,qID,Q2555-0,Henry,602778,602783,17,3087,44,M_7620,PROPN
7621,pdnc,qID,Q2555-0,him,602803,602806,17,3087,44,M_7621,Other
7622,pdnc,qID,Q2555-0,you,602857,602860,25,3087,44,M_7622,Other
7623,exp,exp_name,margaret,Margaret,602930,602938,25,3088,44,M_7623,PROPN
7624,pdnc,qID,Q2556-0,Helen,603220,603225,16,3088,44,M_7624,PROPN
7625,pdnc,qID,Q2556-0,you,603240,603243,16,3088,44,M_7625,Other
7626,pdnc,qID,Q2556-0,your,603255,603259,16,3088,44,M_7626,Other
7627,pdnc,qID,Q2556-0,you,603562,603565,16,3088,44,M_7627,Other
7628,pdnc,qID,Q2556-0,you,603825,603828,16,3088,44,M_7628,Other
7629,pdnc,qID,Q2556-0,Leonard,603844,603851,22,3088,44,M_7629,PROPN
7630,pdnc,qID,Q2556-0,him,603910,603913,22,3088,44,M_7630,Other
7631,pdnc,qID,Q2557-0,Leonard,603941,603948,22,3089,44,M_7631,PROPN
7632,pdnc,qID,Q2560-0,him,604033,604036,22,3092,44,M_7632,Other
7633,exp,exp_name,helen,Helen,604040,604045,16,3093,44,M_7633,PROPN
7634,exp,exp_name,margaret,Margaret,604268,604276,25,3094,44,M_7634,PROPN
7635,exp,exp_name,helen,Helen,604331,604336,16,3097,44,M_7635,PROPN
7636,pdnc,qID,Q2564-0,Meg,604350,604353,25,3097,44,M_7636,PROPN
7637,pdnc,qID,Q2564-0,you,604355,604358,25,3097,44,M_7637,Other
7638,pdnc,qID,Q2564-1,you,604513,604516,25,3097,44,M_7638,Other
7639,pdnc,qID,Q2565-0,You,604549,604552,16,3098,44,M_7639,Other
7640,pdnc,qID,Q2565-0,Henry,604557,604562,17,3098,44,M_7640,PROPN
7641,exp,exp_name,margaret,Margaret,604686,604694,25,3100,44,M_7641,PROPN
7642,pdnc,qID,Q2567-0,You,604780,604783,25,3101,44,M_7642,Other
7643,exp,exp_name,helen,Helen,604792,604797,16,3101,44,M_7643,PROPN
7644,pdnc,qID,Q2567-1,You,604800,604803,25,3101,44,M_7644,Other
7645,pdnc,qID,Q2567-1,you,604833,604836,25,3101,44,M_7645,Other
7646,pdnc,qID,Q2567-1,your,604875,604879,25,3101,44,M_7646,Other
7647,pdnc,qID,Q2567-1,you,604895,604898,25,3101,44,M_7647,Other
7648,pdnc,qID,Q2567-1,he,604900,604902,17,3101,44,M_7648,Other
7649,pdnc,qID,Q2567-1,you,604910,604913,25,3101,44,M_7649,Other
7650,pdnc,qID,Q2567-1,you,604956,604959,25,3101,44,M_7650,Other
7651,pdnc,qID,Q2567-1,you,604998,605001,25,3101,44,M_7651,Other
7652,pdnc,qID,Q2567-1,Meg,605003,605006,25,3101,44,M_7652,PROPN
7653,exp,exp_name,monica,Monica,605024,605030,27,3101,44,M_7653,PROPN
7654,pdnc,qID,Q2567-1,he,605053,605055,17,3101,44,M_7654,Other
7655,pdnc,qID,Q2567-1,Dolly,605074,605079,11,3101,44,M_7655,Other
7656,pdnc,qID,Q2567-1,Evie,605083,605087,14,3101,44,M_7656,Other
7657,pdnc,qID,Q2567-1,you,605093,605096,25,3101,44,M_7657,Other
7658,pdnc,qID,Q2567-1,you,605155,605158,25,3101,44,M_7658,Other
7659,pdnc,qID,Q2567-1,your,605184,605188,25,3101,44,M_7659,Other
7660,pdnc,qID,Q2567-1,you,605217,605220,25,3101,44,M_7660,Other
7661,pdnc,qID,Q2567-1,Charles,605251,605258,8,3101,44,M_7661,PROPN
7662,pdnc,qID,Q2567-1,you,605274,605277,25,3101,44,M_7662,Other
7663,exp,exp_name,margaret,Margaret,605345,605353,25,3102,44,M_7663,PROPN
7664,exp,exp_name,helen,Helen,605679,605684,16,3103,44,M_7664,PROPN
7665,exp,exp_name,margaret,Margaret,606141,606149,25,3108,44,M_7665,PROPN
7666,exp,exp_name,helen,Helen,606917,606922,16,3110,44,M_7666,PROPN
7667,exp,exp_name,margaret,Margaret,606983,606991,25,3110,44,M_7667,PROPN
7668,exp,exp_name,paul,Paul,607142,607146,34,3112,44,M_7668,PROPN
7669,exp,exp_name,helen,Helen,607149,607154,16,3113,44,M_7669,PROPN
7670,exp,exp_name,margaret,Margaret,607232,607240,25,3113,44,M_7670,PROPN
7671,pdnc,qID,Q2576-0,My father,607298,607307,17,3114,44,M_7671,Other
7672,pdnc,qID,Q2576-0,you,607322,607325,25,3114,44,M_7672,Other
7673,pdnc,qID,Q2577-1,you,607453,607456,25,3116,44,M_7673,Other
7674,exp,exp_name,paul,Paul,607569,607573,34,3118,44,M_7674,PROPN
7675,exp,exp_name,mrs. wilcox,Mrs. Wilcox,607626,607637,32,3118,44,M_7675,PROPN
7676,exp,exp_name,dolly,Dolly,607739,607744,11,3118,44,M_7676,PROPN
7677,exp,exp_name,evie,Evie,607906,607910,14,3119,44,M_7677,PROPN
7678,exp,exp_name,dolly,Dolly,607912,607917,11,3119,44,M_7678,PROPN
7679,exp,exp_name,margaret,Margaret,608068,608076,25,3119,44,M_7679,PROPN
7680,exp,exp_name,henry,Henry,608315,608320,17,3120,44,M_7680,PROPN
7681,booknlp,COREF,355,He,608339,608341,17,3120,44,M_7681,Other
7682,booknlp,COREF,355,I,608418,608419,17,3120,44,M_7682,Other
7683,booknlp,COREF,355,I,608481,608482,17,3120,44,M_7683,Other
7684,exp,exp_name,paul,Paul,608542,608546,34,3121,44,M_7684,PROPN
7685,booknlp,COREF,355,I,608550,608551,17,3122,44,M_7685,Other
7686,pdnc,qID,Q2581-0,your,608556,608560,34,3122,44,M_7686,Other
7687,pdnc,qID,Q2581-0,my boy,608569,608575,34,3122,44,M_7687,Other
7688,pdnc,qID,Q2581-0,You,608577,608580,34,3122,44,M_7688,Other
7689,booknlp,COREF,355,I,608605,608606,17,3122,44,M_7689,Other
7690,pdnc,qID,Q2581-0,you,608631,608634,34,3122,44,M_7690,Other
7691,exp,exp_name,paul,Paul,608646,608650,34,3123,44,M_7691,PROPN
7692,booknlp,COREF,256,his,608699,608702,34,3123,44,M_7692,Other
7693,booknlp,COREF,256,I,608712,608713,34,3123,44,M_7693,Other
7694,booknlp,COREF,256,me,608755,608757,34,3123,44,M_7694,Other
7695,booknlp,COREF,256,I,608763,608764,34,3123,44,M_7695,Other
7696,booknlp,COREF,256,my,608821,608823,34,3123,44,M_7696,Other
7697,booknlp,COREF,256,he,608845,608847,34,3123,44,M_7697,Other
7698,booknlp,COREF,355,my,608934,608936,17,3124,44,M_7698,Other
7699,pdnc,qID,Q2583-0,you,608954,608957,14,3124,44,M_7699,Other
7700,pdnc,qID,Q2583-0,Evie,608959,608963,14,3124,44,M_7700,Other
7701,pdnc,qID,Q2584-0,father,608979,608985,17,3125,44,M_7701,PROPN
7702,pdnc,qID,Q2585-0,you,608994,608997,11,3126,44,M_7702,Other
7703,pdnc,qID,Q2585-0,Dolly,608999,609004,11,3126,44,M_7703,Other
7704,exp,exp_name,dolly,Dolly,609008,609013,11,3127,44,M_7704,PROPN
7705,booknlp,COREF,3769,her,609021,609024,11,3127,44,M_7705,Other
7706,booknlp,COREF,3769,she,609110,609113,11,3127,44,M_7706,Other
7707,booknlp,COREF,3769,I,609121,609122,11,3127,44,M_7707,Other
7708,pdnc,qID,Q2586-1,Charles,609131,609138,8,3127,44,M_7708,PROPN
7709,booknlp,COREF,3769,I,609177,609178,11,3127,44,M_7709,Other
7710,pdnc,qID,Q2586-1,him,609183,609186,8,3127,44,M_7710,Other
7711,pdnc,qID,Q2586-1,he,609187,609189,8,3127,44,M_7711,Other
7712,pdnc,qID,Q2586-1,Charles,609262,609269,8,3127,44,M_7712,PROPN
7713,booknlp,COREF,3769,I,609308,609309,11,3127,44,M_7713,Other
7714,pdnc,qID,Q2586-1,Charles,609354,609361,8,3127,44,M_7714,PROPN
7715,booknlp,COREF,3769,me,609366,609368,11,3127,44,M_7715,Other
7716,booknlp,COREF,3769,I,609374,609375,11,3127,44,M_7716,Other
7717,exp,exp_name,dolly,Dolly,609438,609443,11,3128,44,M_7717,PROPN
7718,booknlp,COREF,3770,she,609481,609484,11,3128,44,M_7718,Other
7719,exp,exp_name,paul,Paul,609509,609513,34,3128,44,M_7719,PROPN
7720,booknlp,COREF,256,his,609535,609538,34,3128,44,M_7720,Other
7721,booknlp,COREF,355,I,609551,609552,17,3129,44,M_7721,Other
7722,pdnc,qID,Q2587-0,my wife,609574,609581,25,3129,44,M_7722,Other
7723,exp,exp_name,henry,Henry,609600,609605,17,3129,44,M_7723,PROPN
7724,booknlp,COREF,355,I,609652,609653,17,3129,44,M_7724,Other
7725,exp,exp_name,margaret,Margaret,609706,609714,25,3130,44,M_7725,PROPN
7726,booknlp,COREF,355,I,609911,609912,17,3131,44,M_7726,Other
7727,pdnc,qID,Q2587-2,my wife,609919,609926,25,3131,44,M_7727,Other
7728,exp,exp_name,henry,Henry,609943,609948,17,3131,44,M_7728,PROPN
7729,pdnc,qID,Q2587-3,her,609959,609962,25,3131,44,M_7729,Other
7730,pdnc,qID,Q2587-3,she,609982,609985,25,3131,44,M_7730,Other
7731,booknlp,COREF,355,I,610028,610029,17,3131,44,M_7731,Other
7732,booknlp,COREF,355,my,610065,610067,17,3131,44,M_7732,Other
7733,booknlp,COREF,355,me,610112,610114,17,3131,44,M_7733,Other
7734,pdnc,qID,Q2587-3,her,610124,610127,25,3131,44,M_7734,Other
7735,pdnc,qID,Q2587-3,She,610139,610142,25,3131,44,M_7735,Other
7736,pdnc,qID,Q2587-3,She,610186,610189,25,3131,44,M_7736,Other
7737,pdnc,qID,Q2587-3,her,610210,610213,25,3131,44,M_7737,Other
7738,pdnc,qID,Q2587-3,she,610256,610259,25,3131,44,M_7738,Other
7739,pdnc,qID,Q2587-3,she,610273,610276,25,3131,44,M_7739,Other
7740,pdnc,qID,Q2587-3,her,610304,610307,25,3131,44,M_7740,Other
7741,exp,exp_name,paul,Paul,610382,610386,34,3132,44,M_7741,PROPN
7742,booknlp,COREF,256,his,610395,610398,34,3132,44,M_7742,Other
7743,booknlp,COREF,256,He,610405,610407,34,3132,44,M_7743,Other
7744,booknlp,COREF,256,him,610459,610462,34,3132,44,M_7744,Other
7745,booknlp,COREF,256,he,610513,610515,34,3132,44,M_7745,Other
7746,booknlp,COREF,256,I,610552,610553,34,3132,44,M_7746,Other
7747,exp,exp_name,mrs. cahill,Mrs. Cahill,610628,610639,14,3133,44,M_7747,PROPN
7748,pdnc,qID,Q2589-0,Paul,610659,610663,34,3133,44,M_7748,PROPN
7749,pdnc,qID,Q2589-0,You,610665,610668,34,3133,44,M_7749,Other
7750,pdnc,qID,Q2589-0,you,610678,610681,34,3133,44,M_7750,Other
7751,booknlp,COREF,543,she,610727,610730,14,3133,44,M_7751,Other
7752,booknlp,COREF,543,her,610757,610760,14,3133,44,M_7752,Other
7753,booknlp,COREF,543,Her,610769,610772,14,3134,44,M_7753,Other
7754,booknlp,COREF,543,her,610787,610790,14,3134,44,M_7754,Other
7755,pdnc,qID,Q2590-0,old girl,610803,610811,14,3134,44,M_7755,Other
7756,pdnc,qID,Q2590-1,you,610830,610833,14,3134,44,M_7756,Other
7757,pdnc,qID,Q2591-0,dad,610863,610866,17,3135,44,M_7757,Other
7758,exp,exp_name,dolly,Dolly,610882,610887,11,3136,44,M_7758,PROPN
7759,booknlp,COREF,3776,she,610919,610922,11,3136,44,M_7759,Other
7760,pdnc,qID,Q2592-0,Mr. Wilcox,610963,610973,17,3136,44,M_7760,PROPN
7761,exp,exp_name,mrs. wilcox,Mrs. Wilcox,611001,611012,32,3136,44,M_7761,PROPN
7762,pdnc,qID,Q2592-0,Margaret,611030,611038,25,3136,44,M_7762,PROPN
7763,pdnc,qID,Q2592-0,she,611060,611063,25,3136,44,M_7763,Other
7764,exp,exp_name,evie,Evie,611090,611094,14,3137,44,M_7764,PROPN
7765,booknlp,COREF,3776,she,611135,611138,11,3137,44,M_7765,Other
7766,exp,exp_name,margaret,Margaret,611147,611155,25,3137,44,M_7766,PROPN
7767,pdnc,qID,Q2595-0,Dolly,611263,611268,11,3140,44,M_7767,Other
7768,pdnc,qID,Q2596-0,father,611282,611288,17,3141,44,M_7768,PROPN
7769,pdnc,qID,Q2597-0,my boy,611303,611309,34,3142,44,M_7769,Other
7770,pdnc,qID,Q2598-0,Mrs. Wilcox,611354,611365,25,3143,44,M_7770,PROPN
7771,exp,exp_name,margaret,Margaret,611382,611390,25,3145,44,M_7771,PROPN
7772,exp,exp_name,dolly,Dolly,611515,611520,11,3145,44,M_7772,PROPN
7773,pdnc,qID,Q2600-0,you,611575,611578,17,3145,44,M_7773,Other
7774,pdnc,qID,Q2600-0,Henry,611588,611593,17,3145,44,M_7774,PROPN
7775,pdnc,qID,Q2600-0,Mrs. Wilcox,611615,611626,32,3145,44,M_7775,PROPN
7776,pdnc,qID,Q2601-0,she,611686,611689,32,3146,44,M_7776,Other
7777,pdnc,qID,Q2601-0,she,611730,611733,32,3146,44,M_7777,Other
7778,pdnc,qID,Q2601-0,you,611746,611749,25,3146,44,M_7778,Other
7779,pdnc,qID,Q2601-0,her,611766,611769,32,3146,44,M_7779,Other
7780,pdnc,qID,Q2601-0,she,611770,611773,32,3146,44,M_7780,Other
7781,pdnc,qID,Q2601-0,you,611789,611792,25,3146,44,M_7781,Other
7782,pdnc,qID,Q2601-0,my Margaret,611983,611994,25,3146,44,M_7782,Other
7783,exp,exp_name,margaret,Margaret,612027,612035,25,3147,44,M_7783,PROPN
7784,pdnc,qID,Q2603-0,You,612170,612173,17,3149,44,M_7784,Other
7785,pdnc,qID,Q2603-0,darling,612182,612189,17,3149,44,M_7785,Other
7786,exp,exp_name,henry,Henry,612288,612293,17,3150,44,M_7786,PROPN
7787,booknlp,COREF,355,himself,612307,612314,17,3150,44,M_7787,Other
7788,exp,exp_name,helen,Helen,612329,612334,16,3150,44,M_7788,PROPN
7789,exp,exp_name,tom,Tom,612366,612369,46,3150,44,M_7789,PROPN
7790,exp,exp_name,helen,Helen,612475,612480,16,3151,44,M_7790,PROPN
