,source,idColName,iden,text,startByte,endByte,pdncID,paraID,chapID,mID,mention_type
0,exp,exp_name,the rabbit,the Rabbit,16,26,21,1,1,M_0,PROPN
1,exp,exp_name,alice,Alice,34,39,0,2,1,M_1,PROPN
2,exp,exp_name,her sister,her sister,86,96,4,2,1,M_2,PROPN
3,booknlp,COREF,40,she,153,156,0,2,1,M_3,Other
4,exp,exp_name,her sister,her sister,182,192,4,2,1,M_4,PROPN
5,exp,exp_name,alice,Alice,294,299,0,2,1,M_5,PROPN
6,booknlp,COREF,40,she,341,344,0,3,1,M_6,Other
7,booknlp,COREF,40,her,364,367,0,3,1,M_7,Other
8,booknlp,COREF,40,she,389,392,0,3,1,M_8,Other
9,booknlp,COREF,40,her,421,424,0,3,1,M_9,Other
10,booknlp,COREF,40,her,623,626,0,3,1,M_10,Other
11,exp,exp_name,alice,Alice,685,690,0,4,1,M_11,PROPN
12,exp,exp_name,the rabbit,the Rabbit,738,748,21,4,1,M_12,PROPN
13,booknlp,COREF,20,itself,756,762,21,4,1,M_13,Other
14,booknlp,COREF,20,I,783,784,21,4,1,M_14,Other
15,booknlp,COREF,40,she,807,810,0,4,1,M_15,Other
16,booknlp,COREF,40,her,854,857,0,4,1,M_16,Other
17,booknlp,COREF,40,she,863,866,0,4,1,M_17,Other
18,exp,exp_name,time,time,910,914,22,4,1,M_18,PROPN
19,exp,exp_name,the rabbit,the Rabbit,954,964,21,4,1,M_19,PROPN
20,exp,exp_name,alice,Alice,1057,1062,0,4,1,M_20,PROPN
21,booknlp,COREF,40,her,1074,1077,0,4,1,M_21,Other
22,booknlp,COREF,40,her,1106,1109,0,4,1,M_22,Other
23,booknlp,COREF,40,she,1120,1123,0,4,1,M_23,Other
24,booknlp,COREF,40,she,1245,1248,0,4,1,M_24,Other
25,exp,exp_name,time,time,1308,1312,22,4,1,M_25,PROPN
26,booknlp,COREF,20,it,1320,1322,21,4,1,M_26,Other
27,exp,exp_name,alice,Alice,1398,1403,0,5,1,M_27,PROPN
28,booknlp,COREF,40,she,1454,1457,0,5,1,M_28,Other
29,exp,exp_name,the rabbit,The rabbit,1481,1491,21,6,1,M_29,PROPN
30,exp,exp_name,alice,Alice,1590,1595,0,6,1,M_30,PROPN
31,booknlp,COREF,40,herself,1637,1644,0,6,1,M_31,Other
32,booknlp,COREF,40,she,1652,1655,0,6,1,M_32,Other
33,booknlp,COREF,40,herself,1662,1669,0,6,1,M_33,Other
34,booknlp,COREF,40,she,1736,1739,0,7,1,M_34,Other
35,booknlp,COREF,40,she,1762,1765,0,7,1,M_35,Other
36,exp,exp_name,time,time,1780,1784,22,7,1,M_36,PROPN
37,booknlp,COREF,40,she,1788,1791,0,7,1,M_37,Other
38,booknlp,COREF,40,her,1816,1819,0,7,1,M_38,Other
39,booknlp,COREF,40,she,1872,1875,0,7,1,M_39,Other
40,booknlp,COREF,40,she,1913,1916,0,7,1,M_40,Other
41,booknlp,COREF,40,she,1974,1977,0,7,1,M_41,Other
42,booknlp,COREF,40,she,2093,2096,0,7,1,M_42,Other
43,booknlp,COREF,40,She,2135,2138,0,7,1,M_43,Other
44,booknlp,COREF,40,she,2182,2185,0,7,1,M_44,Other
45,booknlp,COREF,40,her,2237,2240,0,7,1,M_45,Other
46,booknlp,COREF,40,she,2276,2279,0,7,1,M_46,Other
47,booknlp,COREF,40,she,2400,2403,0,7,1,M_47,Other
48,exp,exp_name,alice,Alice,2435,2440,0,8,1,M_48,PROPN
49,booknlp,COREF,40,herself,2444,2451,0,8,1,M_49,Other
50,booknlp,COREF,40,I,2481,2482,0,8,1,M_50,Other
51,booknlp,COREF,40,me,2556,2558,0,8,1,M_51,Other
52,booknlp,COREF,40,I,2573,2574,0,8,1,M_52,Other
53,booknlp,COREF,40,I,2615,2616,0,8,1,M_53,Other
54,booknlp,COREF,40,I,2738,2739,0,9,1,M_54,Other
55,booknlp,COREF,40,I,2762,2763,0,9,1,M_55,Other
56,exp,exp_name,time,time,2782,2786,22,9,1,M_56,PROPN
57,booknlp,COREF,40,she,2789,2792,0,9,1,M_57,Other
58,booknlp,COREF,40,I,2806,2807,0,9,1,M_58,Other
59,booknlp,COREF,40,me,2868,2870,0,9,1,M_59,Other
60,booknlp,COREF,40,I,2916,2917,0,9,1,M_60,Other
61,exp,exp_name,alice,Alice,2942,2947,0,9,1,M_61,PROPN
62,booknlp,COREF,40,her,2990,2993,0,9,1,M_62,Other
63,booknlp,COREF,40,her,3087,3090,0,9,1,M_63,Other
64,booknlp,COREF,40,her,3135,3138,0,9,1,M_64,Other
65,booknlp,COREF,40,I,3233,3234,0,9,1,M_65,Other
66,booknlp,COREF,40,I,3269,3270,0,9,1,M_66,Other
67,exp,exp_name,alice,Alice,3284,3289,0,9,1,M_67,PROPN
68,booknlp,COREF,40,she,3401,3404,0,10,1,M_68,Other
69,booknlp,COREF,40,I,3419,3420,0,10,1,M_69,Other
70,booknlp,COREF,40,I,3431,3432,0,10,1,M_70,Other
71,booknlp,COREF,40,I,3575,3576,0,10,1,M_71,Other
72,booknlp,COREF,40,she,3587,3590,0,10,1,M_72,Other
73,exp,exp_name,time,time,3642,3646,22,10,1,M_73,PROPN
74,booknlp,COREF,40,I,3697,3698,0,10,1,M_74,Other
75,booknlp,COREF,40,she,3820,3823,0,10,1,M_75,Other
76,booknlp,COREF,40,she,3844,3847,0,10,1,M_76,Other
77,booknlp,COREF,40,me,3991,3993,0,10,1,M_77,Other
78,booknlp,COREF,40,I,4041,4042,0,10,1,M_78,Other
79,exp,exp_name,alice,Alice,4131,4136,0,11,1,M_79,PROPN
80,exp,exp_name,dinah,Dinah,4164,4169,32,11,1,M_80,PROPN
81,booknlp,COREF,40,me,4178,4180,0,11,1,M_81,Other
82,booknlp,COREF,40,I,4201,4202,0,11,1,M_82,Other
83,exp,exp_name,dinah,Dinah,4219,4224,32,11,1,M_83,PROPN
84,exp,exp_name,the cat,the cat,4229,4236,6,11,1,M_84,PROPN
85,booknlp,COREF,40,I,4240,4241,0,11,1,M_85,Other
86,pdnc,qID,Q5-1,her,4264,4267,32,11,1,M_86,Other
87,exp,exp_name,time,time,4290,4294,22,11,1,M_87,PROPN
88,pdnc,qID,Q5-1,Dinah my dear,4296,4309,32,11,1,M_88,Other
89,booknlp,COREF,40,I,4311,4312,0,11,1,M_89,Other
90,pdnc,qID,Q5-1,you,4318,4321,32,11,1,M_90,Other
91,booknlp,COREF,40,me,4342,4344,0,11,1,M_91,Other
92,booknlp,COREF,40,I,4376,4377,0,11,1,M_92,Other
93,pdnc,qID,Q5-1,you,4392,4395,32,11,1,M_93,Other
94,pdnc,qID,Q5-1,you,4445,4448,32,11,1,M_94,Other
95,booknlp,COREF,40,I,4477,4478,0,11,1,M_95,Other
96,exp,exp_name,alice,Alice,4497,4502,0,11,1,M_96,PROPN
97,booknlp,COREF,40,herself,4553,4560,0,11,1,M_97,Other
98,booknlp,COREF,40,she,4677,4680,0,11,1,M_98,Other
99,booknlp,COREF,40,she,4746,4749,0,11,1,M_99,Other
100,booknlp,COREF,40,She,4758,4761,0,11,1,M_100,Other
101,booknlp,COREF,40,she,4772,4775,0,11,1,M_101,Other
102,booknlp,COREF,40,she,4825,4828,0,11,1,M_102,Other
103,exp,exp_name,dinah,Dinah,4859,4864,32,11,1,M_103,PROPN
104,booknlp,COREF,23,her,4880,4883,32,11,1,M_104,Other
105,pdnc,qID,Q6-0,Dinah,4906,4911,32,11,1,M_105,PROPN
106,booknlp,COREF,40,me,4918,4920,0,11,1,M_106,Other
107,pdnc,qID,Q6-0,you,4936,4939,32,11,1,M_107,Other
108,booknlp,COREF,40,she,4991,4994,0,11,1,M_108,Other
109,exp,exp_name,alice,Alice,5062,5067,0,12,1,M_109,PROPN
110,booknlp,COREF,40,she,5092,5095,0,12,1,M_110,Other
111,booknlp,COREF,40,her,5112,5115,0,12,1,M_111,Other
112,booknlp,COREF,40,she,5134,5137,0,12,1,M_112,Other
113,booknlp,COREF,40,her,5186,5189,0,12,1,M_113,Other
114,exp,exp_name,the white rabbit,the White Rabbit,5220,5236,21,12,1,M_114,PROPN
115,exp,exp_name,alice,Alice,5320,5325,0,12,1,M_115,PROPN
116,exp,exp_name,time,time,5357,5361,22,12,1,M_116,PROPN
117,booknlp,COREF,40,my,5405,5407,0,12,1,M_117,Other
118,booknlp,COREF,40,She,5451,5454,0,12,1,M_118,Other
119,booknlp,COREF,40,she,5480,5483,0,12,1,M_119,Other
120,exp,exp_name,the rabbit,the Rabbit,5507,5517,21,12,1,M_120,PROPN
121,booknlp,COREF,40,she,5544,5547,0,12,1,M_121,Other
122,booknlp,COREF,40,herself,5554,5561,0,12,1,M_122,Other
123,exp,exp_name,alice,Alice,5714,5719,0,13,1,M_123,PROPN
124,booknlp,COREF,40,she,5792,5795,0,13,1,M_124,Other
125,booknlp,COREF,40,she,5840,5843,0,13,1,M_125,Other
126,booknlp,COREF,40,she,5881,5884,0,14,1,M_126,Other
127,exp,exp_name,alice,Alice,6003,6008,0,14,1,M_127,PROPN
128,exp,exp_name,time,time,6223,6227,22,14,1,M_128,PROPN
129,booknlp,COREF,40,she,6235,6238,0,14,1,M_129,Other
130,booknlp,COREF,40,she,6263,6266,0,14,1,M_130,Other
131,booknlp,COREF,40,she,6350,6353,0,14,1,M_131,Other
132,booknlp,COREF,40,her,6402,6405,0,14,1,M_132,Other
133,exp,exp_name,alice,Alice,6432,6437,0,15,1,M_133,PROPN
134,booknlp,COREF,40,she,6531,6534,0,15,1,M_134,Other
135,booknlp,COREF,40,she,6619,6622,0,15,1,M_135,Other
136,booknlp,COREF,40,she,6742,6745,0,15,1,M_136,Other
137,booknlp,COREF,40,her,6765,6768,0,15,1,M_137,Other
138,booknlp,COREF,40,my,6808,6810,0,15,1,M_138,Other
139,exp,exp_name,alice,Alice,6848,6853,0,15,1,M_139,PROPN
140,booknlp,COREF,40,my,6895,6897,0,15,1,M_140,Other
141,booknlp,COREF,40,I,6917,6918,0,15,1,M_141,Other
142,booknlp,COREF,40,I,6924,6925,0,15,1,M_142,Other
143,booknlp,COREF,40,I,6958,6959,0,15,1,M_143,Other
144,booknlp,COREF,40,I,6966,6967,0,15,1,M_144,Other
145,booknlp,COREF,40,I,6978,6979,0,15,1,M_145,Other
146,exp,exp_name,alice,Alice,7075,7080,0,15,1,M_146,PROPN
147,booknlp,COREF,40,she,7213,7216,0,16,1,M_147,Other
148,booknlp,COREF,40,she,7253,7256,0,16,1,M_148,Other
149,exp,exp_name,time,time,7363,7367,22,16,1,M_149,PROPN
150,booknlp,COREF,40,she,7368,7371,0,16,1,M_150,Other
151,exp,exp_name,alice,Alice,7446,7451,0,16,1,M_151,PROPN
152,booknlp,COREF,40,ME,7528,7530,0,16,1,M_152,Other
153,exp,exp_name,alice,Alice,7638,7643,0,17,1,M_153,PROPN
154,booknlp,COREF,40,I,7688,7689,0,17,1,M_154,Other
155,booknlp,COREF,40,she,7706,7709,0,17,1,M_155,Other
156,booknlp,COREF,40,she,7769,7772,0,17,1,M_156,Other
157,booknlp,COREF,40,she,8141,8144,0,17,1,M_157,Other
158,exp,exp_name,alice,Alice,8332,8337,0,18,1,M_158,PROPN
159,booknlp,COREF,40,she,8512,8515,0,18,1,M_159,Other
160,exp,exp_name,alice,Alice,8708,8713,0,22,1,M_160,PROPN
161,booknlp,COREF,40,I,8716,8717,0,22,1,M_161,Other
162,booknlp,COREF,40,she,8780,8783,0,23,1,M_162,Other
163,booknlp,COREF,40,her,8818,8821,0,23,1,M_163,Other
164,booknlp,COREF,40,she,8861,8864,0,23,1,M_164,Other
165,booknlp,COREF,40,she,8963,8966,0,23,1,M_165,Other
166,booknlp,COREF,40,she,9002,9005,0,23,1,M_166,Other
167,booknlp,COREF,40,she,9039,9042,0,23,1,M_167,Other
168,booknlp,COREF,40,you,9096,9099,0,23,1,M_168,Other
169,exp,exp_name,alice,Alice,9112,9117,0,23,1,M_169,PROPN
170,booknlp,COREF,40,herself,9121,9128,0,23,1,M_170,Other
171,booknlp,COREF,40,my,9134,9136,0,23,1,M_171,Other
172,booknlp,COREF,40,I,9174,9175,0,23,1,M_172,Other
173,booknlp,COREF,40,I,9188,9189,0,23,1,M_173,Other
174,booknlp,COREF,40,she,9216,9219,0,23,1,M_174,Other
175,booknlp,COREF,40,she,9305,9308,0,23,1,M_175,Other
176,booknlp,COREF,40,she,9411,9414,0,24,1,M_176,Other
177,exp,exp_name,alice,Alice,9476,9481,0,24,1,M_177,PROPN
178,booknlp,COREF,40,she,9488,9491,0,24,1,M_178,Other
179,booknlp,COREF,40,she,9509,9512,0,24,1,M_179,Other
180,booknlp,COREF,40,she,9519,9522,0,24,1,M_180,Other
181,booknlp,COREF,40,she,9569,9572,0,24,1,M_181,Other
182,booknlp,COREF,40,she,9604,9607,0,24,1,M_182,Other
183,booknlp,COREF,40,she,9614,9617,0,24,1,M_183,Other
184,booknlp,COREF,40,she,9647,9650,0,24,1,M_184,Other
185,booknlp,COREF,40,she,9701,9704,0,24,1,M_185,Other
186,booknlp,COREF,40,her,9711,9714,0,24,1,M_186,Other
187,booknlp,COREF,40,she,9796,9799,0,24,1,M_187,Other
188,booknlp,COREF,40,herself,9810,9817,0,24,1,M_188,Other
189,exp,exp_name,alice,Alice,9927,9932,0,25,1,M_189,PROPN
190,booknlp,COREF,40,herself,9936,9943,0,25,1,M_190,Other
191,booknlp,COREF,40,I,9962,9963,0,25,1,M_191,Other
192,pdnc,qID,Q12-3,you,9971,9974,0,25,1,M_192,Other
193,booknlp,COREF,40,She,10002,10005,0,25,1,M_193,Other
194,booknlp,COREF,40,herself,10021,10028,0,25,1,M_194,Other
195,booknlp,COREF,40,she,10055,10058,0,25,1,M_195,Other
196,booknlp,COREF,40,she,10099,10102,0,25,1,M_196,Other
197,booknlp,COREF,40,herself,10111,10118,0,25,1,M_197,Other
198,booknlp,COREF,40,her,10154,10157,0,25,1,M_198,Other
199,booknlp,COREF,40,she,10173,10176,0,25,1,M_199,Other
200,booknlp,COREF,40,her,10202,10205,0,25,1,M_200,Other
201,booknlp,COREF,40,herself,10234,10241,0,25,1,M_201,Other
202,booknlp,COREF,40,she,10263,10266,0,25,1,M_202,Other
203,booknlp,COREF,40,herself,10287,10294,0,25,1,M_203,Other
204,exp,exp_name,two,two,10353,10356,24,25,1,M_204,PROPN
205,exp,exp_name,alice,Alice,10401,10406,0,25,1,M_205,PROPN
206,exp,exp_name,two,two,10426,10429,24,25,1,M_206,PROPN
207,booknlp,COREF,40,me,10468,10470,0,25,1,M_207,Other
208,booknlp,COREF,40,her,10517,10520,0,26,1,M_208,Other
209,booknlp,COREF,40,she,10584,10587,0,26,1,M_209,Other
210,booknlp,COREF,40,ME,10658,10660,0,26,1,M_210,Other
211,booknlp,COREF,40,I,10706,10707,0,26,1,M_211,Other
212,exp,exp_name,alice,Alice,10725,10730,0,26,1,M_212,PROPN
213,booknlp,COREF,40,me,10749,10751,0,26,1,M_213,Other
214,booknlp,COREF,40,I,10765,10766,0,26,1,M_214,Other
215,booknlp,COREF,40,me,10802,10804,0,26,1,M_215,Other
216,booknlp,COREF,40,I,10819,10820,0,26,1,M_216,Other
217,booknlp,COREF,40,I,10861,10862,0,26,1,M_217,Other
218,booknlp,COREF,40,I,10891,10892,0,26,1,M_218,Other
219,booknlp,COREF,40,She,10921,10924,0,27,1,M_219,Other
220,booknlp,COREF,40,herself,10965,10972,0,27,1,M_220,Other
221,booknlp,COREF,40,her,11007,11010,0,27,1,M_221,Other
222,booknlp,COREF,40,her,11030,11033,0,27,1,M_222,Other
223,booknlp,COREF,40,she,11077,11080,0,27,1,M_223,Other
224,booknlp,COREF,40,she,11114,11117,0,27,1,M_224,Other
225,exp,exp_name,alice,Alice,11201,11206,0,27,1,M_225,PROPN
226,booknlp,COREF,40,she,11372,11375,0,28,1,M_226,Other
227,exp,exp_name,alice,Alice,11627,11632,0,33,2,M_227,PROPN
228,booknlp,COREF,40,she,11634,11637,0,33,2,M_228,Other
229,booknlp,COREF,40,she,11681,11684,0,33,2,M_229,Other
230,booknlp,COREF,40,I,11731,11732,0,33,2,M_230,Other
231,booknlp,COREF,40,she,11816,11819,0,33,2,M_231,Other
232,booknlp,COREF,40,her,11835,11838,0,33,2,M_232,Other
233,booknlp,COREF,40,my,11920,11922,0,33,2,M_233,Other
234,booknlp,COREF,40,I,11941,11942,0,33,2,M_234,Other
235,booknlp,COREF,40,your,11966,11970,0,33,2,M_235,Other
236,booknlp,COREF,40,you,11995,11998,0,33,2,M_236,Other
237,booknlp,COREF,40,I,12011,12012,0,33,2,M_237,Other
238,booknlp,COREF,40,I,12021,12022,0,33,2,M_238,Other
239,booknlp,COREF,40,I,12040,12041,0,33,2,M_239,Other
240,booknlp,COREF,40,myself,12087,12093,0,33,2,M_240,Other
241,booknlp,COREF,40,you,12100,12103,0,33,2,M_241,Other
242,booknlp,COREF,40,you,12105,12108,0,33,2,M_242,Other
243,booknlp,COREF,40,you,12134,12137,0,33,2,M_243,Other
244,booknlp,COREF,40,I,12148,12149,0,33,2,M_244,Other
245,exp,exp_name,alice,Alice,12181,12186,0,33,2,M_245,PROPN
246,booknlp,COREF,40,I,12224,12225,0,33,2,M_246,Other
247,booknlp,COREF,40,me,12242,12244,0,33,2,M_247,Other
248,booknlp,COREF,40,I,12250,12251,0,33,2,M_248,Other
249,booknlp,COREF,40,she,12308,12311,0,34,2,M_249,Other
250,booknlp,COREF,40,herself,12332,12339,0,34,2,M_250,Other
251,booknlp,COREF,40,she,12344,12347,0,34,2,M_251,Other
252,booknlp,COREF,40,she,12396,12399,0,34,2,M_252,Other
253,pdnc,qID,Q18-1,Alice,12517,12522,0,35,2,M_253,PROPN
254,pdnc,qID,Q18-1,Alice,12584,12589,0,35,2,M_254,PROPN
255,booknlp,COREF,40,her,12649,12652,0,37,2,M_255,Other
256,booknlp,COREF,40,she,12703,12706,0,37,2,M_256,Other
257,booknlp,COREF,40,she,12745,12748,0,37,2,M_257,Other
258,exp,exp_name,alice,Alice,12829,12834,0,38,2,M_258,PROPN
259,booknlp,COREF,40,she,12854,12857,0,38,2,M_259,Other
260,booknlp,COREF,40,she,12986,12989,0,38,2,M_260,Other
261,pdnc,qID,Q19-0,You,13025,13028,0,39,2,M_261,Other
262,pdnc,qID,Q19-0,yourself,13052,13060,0,39,2,M_262,Other
263,exp,exp_name,alice,Alice,13068,13073,0,39,2,M_263,PROPN
264,pdnc,qID,Q19-1,you,13094,13097,0,39,2,M_264,Other
265,booknlp,COREF,40,she,13101,13104,0,39,2,M_265,Other
266,booknlp,COREF,40,I,13175,13176,0,39,2,M_266,Other
267,pdnc,qID,Q19-2,you,13182,13185,0,39,2,M_267,Other
268,booknlp,COREF,40,she,13192,13195,0,39,2,M_268,Other
269,booknlp,COREF,40,her,13284,13287,0,39,2,M_269,Other
270,exp,exp_name,time,time,13354,13358,22,40,2,M_270,PROPN
271,booknlp,COREF,40,she,13359,13362,0,40,2,M_271,Other
272,booknlp,COREF,40,she,13417,13420,0,40,2,M_272,Other
273,booknlp,COREF,40,her,13435,13438,0,40,2,M_273,Other
274,exp,exp_name,the white rabbit,the White Rabbit,13475,13491,21,40,2,M_274,PROPN
275,pdnc,qID,Q20-0,the Duchess,13676,13687,11,40,2,M_275,Other
276,pdnc,qID,Q20-0,the Duchess,13689,13700,11,40,2,M_276,Other
277,pdnc,qID,Q20-0,she,13712,13715,11,40,2,M_277,Other
278,pdnc,qID,Q20-0,her,13739,13742,11,40,2,M_278,Other
279,exp,exp_name,alice,Alice,13753,13758,0,40,2,M_279,PROPN
280,booknlp,COREF,40,she,13782,13785,0,40,2,M_280,Other
281,exp,exp_name,the rabbit,the Rabbit,13829,13839,21,40,2,M_281,PROPN
282,booknlp,COREF,40,her,13850,13853,0,40,2,M_282,Other
283,booknlp,COREF,40,she,13855,13858,0,40,2,M_283,Other
284,pdnc,qID,Q21-0,you,13893,13896,21,40,2,M_284,Other
285,pdnc,qID,Q21-0,sir,13905,13908,21,40,2,M_285,PROPN
286,exp,exp_name,the rabbit,The Rabbit,13912,13922,21,40,2,M_286,PROPN
287,booknlp,COREF,20,he,14031,14033,21,40,2,M_287,Other
288,exp,exp_name,alice,Alice,14045,14050,0,41,2,M_288,PROPN
289,booknlp,COREF,40,she,14110,14113,0,41,2,M_289,Other
290,booknlp,COREF,40,herself,14127,14134,0,41,2,M_290,Other
291,exp,exp_name,time,time,14143,14147,22,41,2,M_291,PROPN
292,booknlp,COREF,40,she,14148,14151,0,41,2,M_292,Other
293,booknlp,COREF,40,I,14258,14259,0,41,2,M_293,Other
294,booknlp,COREF,40,I,14270,14271,0,41,2,M_294,Other
295,booknlp,COREF,40,me,14306,14308,0,41,2,M_295,Other
296,booknlp,COREF,40,I,14320,14321,0,41,2,M_296,Other
297,booknlp,COREF,40,I,14336,14337,0,41,2,M_297,Other
298,booknlp,COREF,40,I,14359,14360,0,41,2,M_298,Other
299,booknlp,COREF,40,I,14374,14375,0,41,2,M_299,Other
300,booknlp,COREF,40,I,14424,14425,0,41,2,M_300,Other
301,booknlp,COREF,40,I,14484,14485,0,41,2,M_301,Other
302,booknlp,COREF,40,she,14523,14526,0,41,2,M_302,Other
303,booknlp,COREF,40,she,14564,14567,0,41,2,M_303,Other
304,booknlp,COREF,40,herself,14602,14609,0,41,2,M_304,Other
305,booknlp,COREF,40,she,14621,14624,0,41,2,M_305,Other
306,booknlp,COREF,40,I,14668,14669,0,42,2,M_306,Other
307,booknlp,COREF,40,I,14677,14678,0,42,2,M_307,Other
308,pdnc,qID,Q23-0,Ada,14685,14688,28,42,2,M_308,PROPN
309,booknlp,COREF,40,she,14691,14694,0,42,2,M_309,Other
310,pdnc,qID,Q23-1,her,14706,14709,28,42,2,M_310,Other
311,booknlp,COREF,40,mine,14747,14751,0,42,2,M_311,Other
312,booknlp,COREF,40,I,14787,14788,0,42,2,M_312,Other
313,booknlp,COREF,40,I,14796,14797,0,42,2,M_313,Other
314,pdnc,qID,Q23-1,Mabel,14807,14812,35,42,2,M_314,PROPN
315,booknlp,COREF,40,I,14818,14819,0,42,2,M_315,Other
316,pdnc,qID,Q23-1,she,14850,14853,35,42,2,M_316,Other
317,pdnc,qID,Q23-1,she,14859,14862,35,42,2,M_317,Other
318,pdnc,qID,Q23-1,she,14899,14902,35,42,2,M_318,Other
319,pdnc,qID,Q23-1,she,14906,14909,35,42,2,M_319,Other
320,booknlp,COREF,40,I,14916,14917,0,42,2,M_320,Other
321,booknlp,COREF,40,I,14921,14922,0,42,2,M_321,Other
322,booknlp,COREF,40,I,14962,14963,0,42,2,M_322,Other
323,booknlp,COREF,40,I,14974,14975,0,42,2,M_323,Other
324,booknlp,COREF,40,I,14996,14997,0,42,2,M_324,Other
325,booknlp,COREF,40,me,15016,15018,0,42,2,M_325,Other
326,exp,exp_name,five,five,15035,15039,2,42,2,M_326,PROPN
327,exp,exp_name,seven,seven,15098,15103,5,42,2,M_327,PROPN
328,booknlp,COREF,40,I,15117,15118,0,42,2,M_328,Other
329,booknlp,COREF,40,I,15331,15332,0,42,2,M_329,Other
330,booknlp,COREF,40,I,15344,15345,0,42,2,M_330,Other
331,exp,exp_name,mabel,Mabel,15373,15378,35,42,2,M_331,PROPN
332,booknlp,COREF,40,I,15380,15381,0,42,2,M_332,Other
333,exp,exp_name,the little crocodile,the little crocodile,15627,15647,46,43,2,M_333,PROPN
334,booknlp,COREF,40,I,15869,15870,0,45,2,M_334,Other
335,exp,exp_name,alice,Alice,15920,15925,0,45,2,M_335,PROPN
336,booknlp,COREF,40,her,15931,15934,0,45,2,M_336,Other
337,booknlp,COREF,40,she,15967,15970,0,45,2,M_337,Other
338,booknlp,COREF,40,I,15981,15982,0,45,2,M_338,Other
339,pdnc,qID,Q24-1,Mabel,15991,15996,35,45,2,M_339,PROPN
340,booknlp,COREF,40,I,16012,16013,0,45,2,M_340,Other
341,booknlp,COREF,40,I,16149,16150,0,45,2,M_341,Other
342,booknlp,COREF,40,my,16162,16164,0,45,2,M_342,Other
343,booknlp,COREF,40,I,16183,16184,0,45,2,M_343,Other
344,pdnc,qID,Q24-1,Mabel,16187,16192,35,45,2,M_344,PROPN
345,booknlp,COREF,40,I,16194,16195,0,45,2,M_345,Other
346,booknlp,COREF,40,I,16296,16297,0,45,2,M_346,Other
347,booknlp,COREF,40,I,16333,16334,0,45,2,M_347,Other
348,booknlp,COREF,40,me,16346,16348,0,45,2,M_348,Other
349,booknlp,COREF,40,I,16374,16375,0,45,2,M_349,Other
350,booknlp,COREF,40,I,16400,16401,0,45,2,M_350,Other
351,booknlp,COREF,40,I,16422,16423,0,45,2,M_351,Other
352,booknlp,COREF,40,I,16447,16448,0,45,2,M_352,Other
353,exp,exp_name,alice,Alice,16488,16493,0,45,2,M_353,PROPN
354,booknlp,COREF,40,I,16526,16527,0,45,2,M_354,Other
355,booknlp,COREF,40,I,16571,16572,0,45,2,M_355,Other
356,booknlp,COREF,40,she,16622,16625,0,46,2,M_356,Other
357,booknlp,COREF,40,she,16636,16639,0,46,2,M_357,Other
358,booknlp,COREF,40,her,16655,16658,0,46,2,M_358,Other
359,booknlp,COREF,40,she,16696,16699,0,46,2,M_359,Other
360,exp,exp_name,the rabbit,the Rabbit,16718,16728,21,46,2,M_360,PROPN
361,booknlp,COREF,40,she,16761,16764,0,46,2,M_361,Other
362,booknlp,COREF,40,I,16789,16790,0,46,2,M_362,Other
363,booknlp,COREF,40,she,16808,16811,0,46,2,M_363,Other
364,booknlp,COREF,40,I,16822,16823,0,46,2,M_364,Other
365,booknlp,COREF,40,She,16854,16857,0,46,2,M_365,Other
366,booknlp,COREF,40,herself,16898,16905,0,46,2,M_366,Other
367,booknlp,COREF,40,she,16942,16945,0,46,2,M_367,Other
368,booknlp,COREF,40,she,16959,16962,0,46,2,M_368,Other
369,exp,exp_name,two,two,16977,16980,24,46,2,M_369,PROPN
370,booknlp,COREF,40,she,17028,17031,0,46,2,M_370,Other
371,booknlp,COREF,40,she,17082,17085,0,46,2,M_371,Other
372,booknlp,COREF,40,she,17103,17106,0,46,2,M_372,Other
373,exp,exp_name,time,time,17135,17139,22,46,2,M_373,PROPN
374,exp,exp_name,alice,Alice,17212,17217,0,47,2,M_374,PROPN
375,booknlp,COREF,40,herself,17286,17293,0,47,2,M_375,Other
376,booknlp,COREF,40,she,17344,17347,0,47,2,M_376,Other
377,booknlp,COREF,40,she,17653,17656,0,48,2,M_377,Other
378,booknlp,COREF,40,her,17674,17677,0,48,2,M_378,Other
379,booknlp,COREF,40,she,17723,17726,0,48,2,M_379,Other
380,booknlp,COREF,40,her,17737,17740,0,48,2,M_380,Other
381,booknlp,COREF,40,Her,17761,17764,0,48,2,M_381,Other
382,booknlp,COREF,40,she,17785,17788,0,48,2,M_382,Other
383,booknlp,COREF,40,I,17840,17841,0,48,2,M_383,Other
384,booknlp,COREF,40,she,17867,17870,0,48,2,M_384,Other
385,booknlp,COREF,40,herself,17879,17886,0,48,2,M_385,Other
386,exp,exp_name,alice,Alice,17889,17894,0,48,2,M_386,PROPN
387,booknlp,COREF,40,her,17927,17930,0,48,2,M_387,Other
388,booknlp,COREF,40,she,18201,18204,0,48,2,M_388,Other
389,booknlp,COREF,40,she,18224,18227,0,48,2,M_389,Other
390,booknlp,COREF,40,she,18259,18262,0,48,2,M_390,Other
391,booknlp,COREF,40,she,18277,18280,0,48,2,M_391,Other
392,booknlp,COREF,40,I,18303,18304,0,49,2,M_392,Other
393,booknlp,COREF,40,I,18310,18311,0,49,2,M_393,Other
394,exp,exp_name,alice,Alice,18340,18345,0,49,2,M_394,PROPN
395,booknlp,COREF,40,she,18350,18353,0,49,2,M_395,Other
396,booknlp,COREF,40,her,18381,18384,0,49,2,M_396,Other
397,booknlp,COREF,40,I,18395,18396,0,49,2,M_397,Other
398,booknlp,COREF,40,I,18427,18428,0,49,2,M_398,Other
399,booknlp,COREF,40,my,18458,18460,0,49,2,M_399,Other
400,booknlp,COREF,40,she,18563,18566,0,50,2,M_400,Other
401,booknlp,COREF,40,she,18633,18636,0,50,2,M_401,Other
402,booknlp,COREF,40,she,18683,18686,0,50,2,M_402,Other
403,booknlp,COREF,40,she,18741,18744,0,50,2,M_403,Other
404,booknlp,COREF,40,she,18766,18769,0,50,2,M_404,Other
405,booknlp,COREF,40,she,18783,18786,0,50,2,M_405,Other
406,booknlp,COREF,40,herself,18851,18858,0,50,2,M_406,Other
407,exp,exp_name,alice,Alice,18900,18905,0,51,2,M_407,PROPN
408,pdnc,qID,Q30-1,this mouse,18920,18930,18,51,2,M_408,Other
409,booknlp,COREF,40,I,18980,18981,0,51,2,M_409,Other
410,booknlp,COREF,40,she,19064,19067,0,51,2,M_410,Other
411,pdnc,qID,Q31-0,Mouse,19078,19083,18,51,2,M_411,Other
412,pdnc,qID,Q31-0,you,19088,19091,18,51,2,M_412,Other
413,booknlp,COREF,40,I,19123,19124,0,51,2,M_413,Other
414,pdnc,qID,Q31-0,Mouse,19165,19170,18,51,2,M_414,Other
415,exp,exp_name,alice,Alice,19174,19179,0,51,2,M_415,PROPN
416,booknlp,COREF,40,she,19239,19242,0,51,2,M_416,Other
417,booknlp,COREF,40,she,19283,19286,0,51,2,M_417,Other
418,booknlp,COREF,40,her,19313,19316,0,51,2,M_418,Other
419,exp,exp_name,the mouse,The Mouse,19396,19405,18,51,2,M_419,PROPN
420,booknlp,COREF,40,her,19416,19419,0,51,2,M_420,Other
421,booknlp,COREF,40,her,19456,19459,0,51,2,M_421,Other
422,booknlp,COREF,26,its,19480,19483,18,51,2,M_422,Other
423,booknlp,COREF,26,it,19501,19503,18,51,2,M_423,Other
424,exp,exp_name,alice,Alice,19568,19573,0,52,2,M_424,PROPN
425,booknlp,COREF,40,I,19576,19577,0,52,2,M_425,Other
426,pdnc,qID,Q32-1,William the Conqueror,19622,19643,50,52,2,M_426,Other
427,booknlp,COREF,40,her,19661,19664,0,52,2,M_427,Other
428,exp,exp_name,alice,Alice,19687,19692,0,52,2,M_428,PROPN
429,booknlp,COREF,40,she,19758,19761,0,52,2,M_429,Other
430,booknlp,COREF,40,her,19827,19830,0,52,2,M_430,Other
431,exp,exp_name,the mouse,The Mouse,19851,19860,18,52,2,M_431,PROPN
432,booknlp,COREF,40,I,19946,19947,0,52,2,M_432,Other
433,pdnc,qID,Q34-0,your,19952,19956,18,52,2,M_433,Other
434,exp,exp_name,alice,Alice,19972,19977,0,52,2,M_434,PROPN
435,booknlp,COREF,40,she,19999,20002,0,52,2,M_435,Other
436,booknlp,COREF,40,I,20041,20042,0,52,2,M_436,Other
437,pdnc,qID,Q34-1,you,20056,20059,18,52,2,M_437,Other
438,exp,exp_name,the mouse,the Mouse,20103,20112,18,53,2,M_438,PROPN
439,pdnc,qID,Q35-1,you,20153,20156,0,53,2,M_439,Other
440,pdnc,qID,Q35-1,you,20171,20174,0,53,2,M_440,Other
441,booknlp,COREF,26,me,20180,20182,18,53,2,M_441,Other
442,exp,exp_name,alice,Alice,20212,20217,0,54,2,M_442,PROPN
443,booknlp,COREF,40,I,20272,20273,0,54,2,M_443,Other
444,booknlp,COREF,40,I,20279,20280,0,54,2,M_444,Other
445,pdnc,qID,Q36-1,you,20292,20295,18,54,2,M_445,Other
446,pdnc,qID,Q36-1,our cat Dinah,20296,20309,32,54,2,M_446,Other
447,booknlp,COREF,40,I,20311,20312,0,54,2,M_447,Other
448,pdnc,qID,Q36-1,you,20319,20322,18,54,2,M_448,Other
449,pdnc,qID,Q36-1,you,20349,20352,18,54,2,M_449,Other
450,pdnc,qID,Q36-1,her,20368,20371,32,54,2,M_450,Other
451,pdnc,qID,Q36-1,She,20373,20376,32,54,2,M_451,Other
452,exp,exp_name,alice,Alice,20406,20411,0,54,2,M_452,PROPN
453,booknlp,COREF,40,herself,20429,20436,0,54,2,M_453,Other
454,booknlp,COREF,40,she,20441,20444,0,54,2,M_454,Other
455,pdnc,qID,Q36-2,she,20481,20484,32,54,2,M_455,Other
456,booknlp,COREF,23,her,20529,20532,32,54,2,M_456,Other
457,pdnc,qID,Q36-2,her,20550,20553,32,54,2,M_457,Other
458,pdnc,qID,Q36-2,she,20564,20567,32,54,2,M_458,Other
459,pdnc,qID,Q36-2,she,20608,20611,32,54,2,M_459,Other
460,booknlp,COREF,40,I,20656,20657,0,54,2,M_460,Other
461,booknlp,COREF,26,your,20662,20666,18,54,2,M_461,Other
462,exp,exp_name,alice,Alice,20682,20687,0,54,2,M_462,PROPN
463,exp,exp_name,time,time,20704,20708,22,54,2,M_463,PROPN
464,exp,exp_name,the mouse,the Mouse,20709,20718,18,54,2,M_464,PROPN
465,booknlp,COREF,40,she,20747,20750,0,54,2,M_465,Other
466,pdnc,qID,Q36-3,her,20813,20816,32,54,2,M_466,Other
467,pdnc,qID,Q36-3,you,20829,20832,18,54,2,M_467,Other
468,exp,exp_name,the mouse,the Mouse,20868,20877,18,55,2,M_468,PROPN
469,booknlp,COREF,40,I,21063,21064,0,56,2,M_469,Other
470,exp,exp_name,alice,Alice,21085,21090,0,56,2,M_470,PROPN
471,pdnc,qID,Q38-1,you,21153,21156,18,56,2,M_471,Other
472,pdnc,qID,Q38-1,you,21162,21165,18,56,2,M_472,Other
473,exp,exp_name,the mouse,The Mouse,21186,21195,18,56,2,M_473,PROPN
474,exp,exp_name,alice,Alice,21215,21220,0,56,2,M_474,PROPN
475,booknlp,COREF,40,I,21286,21287,0,56,2,M_475,Other
476,pdnc,qID,Q39-0,you,21308,21311,18,56,2,M_476,Other
477,pdnc,qID,Q39-0,A little bright-eyed terrier,21313,21341,27,56,2,M_477,Other
478,pdnc,qID,Q39-0,you,21343,21346,18,56,2,M_478,Other
479,pdnc,qID,Q39-0,it,21394,21396,27,56,2,M_479,Other
480,booknlp,COREF,26,you,21418,21421,18,56,2,M_480,Other
481,pdnc,qID,Q39-0,it,21438,21440,27,56,2,M_481,Other
482,pdnc,qID,Q39-0,its,21463,21466,27,56,2,M_482,Other
483,booknlp,COREF,40,I,21500,21501,0,56,2,M_483,Other
484,pdnc,qID,Q39-0,a farmer,21549,21557,26,56,2,M_484,Other
485,pdnc,qID,Q39-0,you,21559,21562,18,56,2,M_485,Other
486,pdnc,qID,Q39-0,he,21573,21575,26,56,2,M_486,Other
487,pdnc,qID,Q39-0,it,21597,21599,27,56,2,M_487,Other
488,pdnc,qID,Q39-0,He,21626,21628,26,56,2,M_488,Other
489,pdnc,qID,Q39-0,it,21634,21636,27,56,2,M_489,Other
490,exp,exp_name,alice,Alice,21677,21682,0,56,2,M_490,PROPN
491,booknlp,COREF,40,I,21705,21706,0,56,2,M_491,Other
492,booknlp,COREF,40,I,21716,21717,0,56,2,M_492,Other
493,pdnc,qID,Q39-1,it,21730,21732,18,56,2,M_493,Other
494,exp,exp_name,the mouse,the Mouse,21745,21754,18,56,2,M_494,PROPN
495,booknlp,COREF,40,her,21778,21781,0,56,2,M_495,Other
496,booknlp,COREF,40,she,21863,21866,0,57,2,M_496,Other
497,pdnc,qID,Q40-0,Mouse dear,21892,21902,18,57,2,M_497,Other
498,pdnc,qID,Q40-0,you,21972,21975,18,57,2,M_498,Other
499,exp,exp_name,the mouse,the Mouse,21999,22008,18,57,2,M_499,PROPN
500,booknlp,COREF,40,her,22061,22064,0,57,2,M_500,Other
501,exp,exp_name,alice,Alice,22105,22110,0,57,2,M_501,PROPN
502,booknlp,COREF,40,I,22194,22195,0,57,2,M_502,Other
503,pdnc,qID,Q41-0,you,22204,22207,0,57,2,M_503,Other
504,booknlp,COREF,40,my,22208,22210,0,57,2,M_504,Other
505,pdnc,qID,Q41-0,you,22224,22227,0,57,2,M_505,Other
506,booknlp,COREF,40,I,22252,22253,0,57,2,M_506,Other
507,exp,exp_name,time,time,22288,22292,22,58,2,M_507,PROPN
508,exp,exp_name,alice,Alice,22480,22485,0,58,2,M_508,PROPN
509,exp,exp_name,alice,Alice,22931,22936,0,61,3,M_509,PROPN
510,booknlp,COREF,40,herself,22945,22952,0,61,3,M_510,Other
511,booknlp,COREF,40,she,22989,22992,0,61,3,M_511,Other
512,booknlp,COREF,40,her,23012,23015,0,61,3,M_512,Other
513,booknlp,COREF,40,she,23030,23033,0,61,3,M_513,Other
514,exp,exp_name,the lory,the Lory,23065,23073,47,61,3,M_514,PROPN
515,booknlp,COREF,40,I,23122,23123,0,61,3,M_515,Other
516,pdnc,qID,Q42-0,you,23138,23141,0,61,3,M_516,Other
517,exp,exp_name,alice,Alice,23175,23180,0,61,3,M_517,PROPN
518,exp,exp_name,the lory,the Lory,23237,23245,47,61,3,M_518,PROPN
519,exp,exp_name,the mouse,the Mouse,23321,23330,18,62,3,M_519,PROPN
520,exp,exp_name,the mouse,the Mouse,23519,23528,18,62,3,M_520,PROPN
521,exp,exp_name,alice,Alice,23544,23549,0,62,3,M_521,PROPN
522,booknlp,COREF,40,her,23555,23558,0,62,3,M_522,Other
523,booknlp,COREF,40,she,23591,23594,0,62,3,M_523,Other
524,booknlp,COREF,40,she,23605,23608,0,62,3,M_524,Other
525,booknlp,COREF,40,she,23635,23638,0,62,3,M_525,Other
526,exp,exp_name,the mouse,the Mouse,23680,23689,18,63,3,M_526,PROPN
527,booknlp,COREF,26,I,23758,23759,18,63,3,M_527,Other
528,pdnc,qID,Q44-1,William the Conqueror,23801,23822,50,63,3,M_528,Other
529,pdnc,qID,Q44-1,the pope,23852,23860,48,63,3,M_529,Other
530,pdnc,qID,Q44-1,Edwin,23985,23990,34,63,3,M_530,PROPN
531,pdnc,qID,Q44-1,Morcar,23995,24001,37,63,3,M_531,Other
532,exp,exp_name,the lory,the Lory,24056,24064,47,64,3,M_532,PROPN
533,booknlp,COREF,26,I,24083,24084,18,65,3,M_533,Other
534,pdnc,qID,Q46-0,your,24089,24093,47,65,3,M_534,Other
535,exp,exp_name,the mouse,the Mouse,24108,24117,18,65,3,M_535,PROPN
536,pdnc,qID,Q46-1,you,24153,24156,47,65,3,M_536,Other
537,exp,exp_name,the lory,the Lory,24180,24188,47,66,3,M_537,PROPN
538,booknlp,COREF,26,I,24200,24201,18,67,3,M_538,Other
539,pdnc,qID,Q48-0,you,24210,24213,47,67,3,M_539,Other
540,exp,exp_name,the mouse,the Mouse,24225,24234,18,67,3,M_540,PROPN
541,pdnc,qID,Q48-1,Edwin ,24251,24257,34,67,3,M_541,PROPN
542,pdnc,qID,Q48-1,Morcar,24261,24267,37,67,3,M_542,Other
543,pdnc,qID,Q48-1,him,24319,24322,50,67,3,M_543,Other
544,pdnc,qID,Q48-1,Stigand,24333,24340,40,67,3,M_544,PROPN
545,pdnc,qID,Q48-1,the patriotic archbishop of Canterbury,24342,24380,40,67,3,M_545,Other
546,exp,exp_name,the duck,the Duck,24427,24435,42,68,3,M_546,PROPN
547,exp,exp_name,the mouse,the Mouse,24452,24461,18,69,3,M_547,PROPN
548,pdnc,qID,Q50-1,you,24497,24500,42,69,3,M_548,Other
549,exp,exp_name,the duck,the Duck,24591,24599,42,70,3,M_549,PROPN
550,pdnc,qID,Q51-1,the archbishop,24661,24675,40,70,3,M_550,Other
551,exp,exp_name,the mouse,The Mouse,24684,24693,18,71,3,M_551,PROPN
552,pdnc,qID,Q52-0,Edgar Atheling,24781,24795,33,71,3,M_552,PROPN
553,pdnc,qID,Q52-0,William,24804,24811,50,71,3,M_553,PROPN
554,pdnc,qID,Q52-0,William,24837,24844,50,71,3,M_554,PROPN
555,pdnc,qID,Q52-0,his,24899,24902,50,71,3,M_555,Other
556,pdnc,qID,Q52-0,you,24922,24925,0,71,3,M_556,Other
557,pdnc,qID,Q52-0,my dear,24942,24949,0,71,3,M_557,Other
558,exp,exp_name,alice,Alice,24977,24982,0,71,3,M_558,PROPN
559,exp,exp_name,alice,Alice,25020,25025,0,72,3,M_559,PROPN
560,booknlp,COREF,40,me,25072,25074,0,72,3,M_560,Other
561,exp,exp_name,the dodo,the Dodo,25106,25114,9,73,3,M_561,PROPN
562,exp,exp_name,the eaglet,the Eaglet,25259,25269,43,74,3,M_562,PROPN
563,booknlp,COREF,40,you,25357,25360,0,74,3,M_563,Other
564,exp,exp_name,the eaglet,the Eaglet,25377,25387,43,74,3,M_564,PROPN
565,exp,exp_name,the dodo,the Dodo,25499,25507,9,75,3,M_565,PROPN
566,exp,exp_name,alice,Alice,25627,25632,0,76,3,M_566,PROPN
567,booknlp,COREF,40,she,25643,25646,0,76,3,M_567,Other
568,exp,exp_name,the dodo,the Dodo,25672,25680,9,76,3,M_568,PROPN
569,exp,exp_name,the dodo,the Dodo,25803,25811,9,77,3,M_569,PROPN
570,booknlp,COREF,40,you,25864,25867,0,77,3,M_570,Other
571,booknlp,COREF,40,yourself,25896,25904,0,77,3,M_571,Other
572,booknlp,COREF,40,you,25935,25938,0,77,3,M_572,Other
573,exp,exp_name,the dodo,the Dodo,25943,25951,9,77,3,M_573,PROPN
574,exp,exp_name,two,two,26155,26158,24,78,3,M_574,PROPN
575,exp,exp_name,the dodo,the Dodo,26386,26394,9,78,3,M_575,PROPN
576,exp,exp_name,the dodo,the Dodo,26521,26529,9,79,3,M_576,PROPN
577,exp,exp_name,time,time,26602,26606,22,79,3,M_577,PROPN
578,booknlp,COREF,40,you,26672,26675,0,79,3,M_578,Other
579,exp,exp_name,the dodo,the Dodo,26768,26776,9,79,3,M_579,PROPN
580,pdnc,qID,Q61-0, all,26808,26812,0,79,3,M_580,Other
581,pdnc,qID,Q62-0,she,26906,26909,0,81,3,M_581,Other
582,exp,exp_name,the dodo,the Dodo,26929,26937,9,81,3,M_582,PROPN
583,exp,exp_name,alice,Alice,26951,26956,0,81,3,M_583,PROPN
584,booknlp,COREF,40,her,27016,27019,0,81,3,M_584,Other
585,exp,exp_name,alice,Alice,27071,27076,0,82,3,M_585,PROPN
586,booknlp,COREF,40,she,27116,27119,0,82,3,M_586,Other
587,booknlp,COREF,40,her,27124,27127,0,82,3,M_587,Other
588,booknlp,COREF,40,her,27136,27139,0,82,3,M_588,Other
589,pdnc,qID,Q63-0,she,27308,27311,0,83,3,M_589,Other
590,booknlp,COREF,40,herself,27330,27337,0,83,3,M_590,Other
591,pdnc,qID,Q63-0,you,27339,27342,9,83,3,M_591,Other
592,exp,exp_name,the mouse,the Mouse,27355,27364,18,83,3,M_592,PROPN
593,exp,exp_name,the dodo,the Dodo,27380,27388,9,84,3,M_593,PROPN
594,pdnc,qID,Q65-0,you,27427,27430,0,84,3,M_594,Other
595,pdnc,qID,Q65-0,your,27438,27442,0,84,3,M_595,Other
596,exp,exp_name,alice,Alice,27475,27480,0,84,3,M_596,PROPN
597,exp,exp_name,alice,Alice,27506,27511,0,85,3,M_597,PROPN
598,exp,exp_name,the dodo,the Dodo,27546,27554,9,86,3,M_598,PROPN
599,booknlp,COREF,40,her,27585,27588,0,87,3,M_599,Other
600,exp,exp_name,the dodo,the Dodo,27606,27614,9,87,3,M_600,PROPN
601,booknlp,COREF,40,your,27662,27666,0,87,3,M_601,Other
602,exp,exp_name,alice,Alice,27768,27773,0,88,3,M_602,PROPN
603,booknlp,COREF,40,she,27845,27848,0,88,3,M_603,Other
604,booknlp,COREF,40,she,27880,27883,0,88,3,M_604,Other
605,booknlp,COREF,40,she,27920,27923,0,88,3,M_605,Other
606,booknlp,COREF,40,she,27981,27984,0,88,3,M_606,Other
607,exp,exp_name,the mouse,the Mouse,28270,28279,18,89,3,M_607,PROPN
608,pdnc,qID,Q69-0,You,28311,28314,18,90,3,M_608,Other
609,booknlp,COREF,40,me,28332,28334,0,90,3,M_609,Other
610,pdnc,qID,Q69-0,your,28335,28339,18,90,3,M_610,Other
611,pdnc,qID,Q69-0,you,28349,28352,18,90,3,M_611,Other
612,exp,exp_name,alice,Alice,28365,28370,0,90,3,M_612,PROPN
613,pdnc,qID,Q69-1,you,28387,28390,18,90,3,M_613,Other
614,booknlp,COREF,40,she,28407,28410,0,90,3,M_614,Other
615,booknlp,COREF,26,Mine,28478,28482,18,91,3,M_615,Other
616,exp,exp_name,the mouse,the Mouse,28515,28524,18,91,3,M_616,PROPN
617,exp,exp_name,alice,Alice,28537,28542,0,91,3,M_617,PROPN
618,exp,exp_name,alice,Alice,28597,28602,0,92,3,M_618,PROPN
619,exp,exp_name,the mouse,the Mouse,28632,28641,18,92,3,M_619,PROPN
620,pdnc,qID,Q71-1,you,28662,28665,18,92,3,M_620,Other
621,booknlp,COREF,40,she,28684,28687,0,92,3,M_621,Other
622,exp,exp_name,the mouse,the Mouse,28720,28729,18,92,3,M_622,PROPN
623,booknlp,COREF,40,her,28752,28755,0,92,3,M_623,Other
624,booknlp,COREF,26,he,28838,28840,18,93,3,M_624,Other
625,booknlp,COREF,40,I,28893,28894,0,93,3,M_625,Other
626,booknlp,COREF,40,I,28925,28926,0,93,3,M_626,Other
627,booknlp,COREF,40,I,29001,29002,0,93,3,M_627,Other
628,exp,exp_name,the mouse,the mouse,29036,29045,18,93,3,M_628,PROPN
629,booknlp,COREF,40,I,29155,29156,0,93,3,M_629,Other
630,booknlp,COREF,40,I,29170,29171,0,93,3,M_630,Other
631,booknlp,COREF,40,I,29209,29210,0,93,3,M_631,Other
632,booknlp,COREF,40,you,29256,29259,0,93,3,M_632,Other
633,pdnc,qID,Q72-0,You,29274,29277,0,94,3,M_633,Other
634,exp,exp_name,the mouse,the Mouse,29303,29312,18,94,3,M_634,PROPN
635,exp,exp_name,alice,Alice,29316,29321,0,94,3,M_635,PROPN
636,pdnc,qID,Q72-1,you,29342,29345,0,94,3,M_636,Other
637,booknlp,COREF,40,I,29362,29363,0,95,3,M_637,Other
638,pdnc,qID,Q73-0,your,29368,29372,18,95,3,M_638,Other
639,exp,exp_name,alice,Alice,29387,29392,0,95,3,M_639,PROPN
640,pdnc,qID,Q73-1,you,29407,29410,18,95,3,M_640,Other
641,booknlp,COREF,40,I,29438,29439,0,95,3,M_641,Other
642,booknlp,COREF,26,I,29450,29451,18,96,3,M_642,Other
643,exp,exp_name,the mouse,the Mouse,29470,29479,18,96,3,M_643,PROPN
644,exp,exp_name,alice,Alice,29523,29528,0,97,3,M_644,PROPN
645,booknlp,COREF,40,herself,29551,29558,0,97,3,M_645,Other
646,booknlp,COREF,40,her,29595,29598,0,97,3,M_646,Other
647,booknlp,COREF,40,me,29612,29614,0,97,3,M_647,Other
648,booknlp,COREF,26,I,29635,29636,18,98,3,M_648,Other
649,exp,exp_name,the mouse,the Mouse,29673,29682,18,98,3,M_649,PROPN
650,pdnc,qID,Q76-1,You,29714,29717,0,98,3,M_650,Other
651,booknlp,COREF,26,me,29725,29727,18,98,3,M_651,Other
652,booknlp,COREF,40,I,29757,29758,0,99,3,M_652,Other
653,exp,exp_name,alice,Alice,29789,29794,0,99,3,M_653,PROPN
654,pdnc,qID,Q77-1,you,29801,29804,18,99,3,M_654,Other
655,pdnc,qID,Q77-1,you,29828,29831,18,99,3,M_655,Other
656,exp,exp_name,the mouse,The Mouse,29840,29849,18,100,3,M_656,PROPN
657,pdnc,qID,Q78-0,your,29903,29907,18,101,3,M_657,Other
658,exp,exp_name,alice,Alice,29916,29921,0,101,3,M_658,PROPN
659,exp,exp_name,the mouse,the Mouse,29998,30007,18,101,3,M_659,PROPN
660,booknlp,COREF,26,its,30019,30022,18,101,3,M_660,Other
661,pdnc,qID,Q79-0,it,30084,30086,18,102,3,M_661,Other
662,exp,exp_name,the lory,the Lory,30110,30118,47,102,3,M_662,PROPN
663,exp,exp_name,an old crab,an old Crab,30162,30173,30,102,3,M_663,PROPN
664,pdnc,qID,Q80-0,my dear,30226,30233,49,102,3,M_664,Other
665,pdnc,qID,Q80-0,you,30259,30262,49,102,3,M_665,Other
666,pdnc,qID,Q80-0,your,30278,30282,49,102,3,M_666,Other
667,pdnc,qID,Q81-0,your,30299,30303,30,102,3,M_667,Other
668,pdnc,qID,Q81-0,Ma,30312,30314,30,102,3,M_668,PROPN
669,exp,exp_name,the young crab,the young Crab,30322,30336,49,102,3,M_669,PROPN
670,pdnc,qID,Q81-1,You,30360,30363,30,102,3,M_670,Other
671,booknlp,COREF,40,I,30411,30412,0,103,3,M_671,Other
672,booknlp,COREF,40,I,30418,30419,0,103,3,M_672,Other
673,pdnc,qID,Q82-0,our Dinah,30424,30433,32,103,3,M_673,Other
674,booknlp,COREF,40,I,30440,30441,0,103,3,M_674,Other
675,booknlp,COREF,40,I,30447,30448,0,103,3,M_675,Other
676,exp,exp_name,alice,Alice,30459,30464,0,103,3,M_676,PROPN
677,pdnc,qID,Q82-1,She,30506,30509,32,103,3,M_677,Other
678,pdnc,qID,Q83-0,Dinah,30546,30551,32,104,3,M_678,PROPN
679,exp,exp_name,the lory,the Lory,30599,30607,47,104,3,M_679,PROPN
680,exp,exp_name,alice,Alice,30610,30615,0,105,3,M_680,PROPN
681,booknlp,COREF,40,she,30637,30640,0,105,3,M_681,Other
682,booknlp,COREF,40,her,30672,30675,0,105,3,M_682,Other
683,pdnc,qID,Q84-0,Dinah,30682,30687,32,105,3,M_683,PROPN
684,pdnc,qID,Q84-0,she,30703,30706,32,105,3,M_684,Other
685,booknlp,COREF,40,I,30771,30772,0,105,3,M_685,Other
686,pdnc,qID,Q84-0,you,30778,30781,47,105,3,M_686,Other
687,pdnc,qID,Q84-0,her,30792,30795,32,105,3,M_687,Other
688,pdnc,qID,Q84-0,she,30818,30821,32,105,3,M_688,Other
689,exp,exp_name,old magpie,old Magpie,30970,30980,38,106,3,M_689,PROPN
690,exp,exp_name,a canary,a Canary,31108,31116,25,106,3,M_690,PROPN
691,exp,exp_name,time,time,31198,31202,22,106,3,M_691,PROPN
692,exp,exp_name,alice,Alice,31269,31274,0,106,3,M_692,PROPN
693,booknlp,COREF,40,I,31298,31299,0,107,3,M_693,Other
694,booknlp,COREF,40,I,31305,31306,0,107,3,M_694,Other
695,pdnc,qID,Q87-0,Dinah,31324,31329,32,107,3,M_695,PROPN
696,booknlp,COREF,40,she,31332,31335,0,107,3,M_696,Other
697,booknlp,COREF,40,herself,31344,31351,0,107,3,M_697,Other
698,pdnc,qID,Q87-1,her,31396,31399,32,107,3,M_698,Other
699,booknlp,COREF,40,I,31416,31417,0,107,3,M_699,Other
700,pdnc,qID,Q87-1,she,31425,31428,32,107,3,M_700,Other
701,pdnc,qID,Q87-1,my dear Dinah,31462,31475,32,107,3,M_701,Other
702,booknlp,COREF,40,I,31477,31478,0,107,3,M_702,Other
703,booknlp,COREF,40,I,31489,31490,0,107,3,M_703,Other
704,pdnc,qID,Q87-1,you,31506,31509,32,107,3,M_704,Other
705,exp,exp_name,alice,Alice,31535,31540,0,107,3,M_705,PROPN
706,booknlp,COREF,40,she,31565,31568,0,107,3,M_706,Other
707,booknlp,COREF,40,she,31632,31635,0,107,3,M_707,Other
708,booknlp,COREF,40,she,31701,31704,0,107,3,M_708,Other
709,exp,exp_name,the mouse,the Mouse,31741,31750,18,107,3,M_709,PROPN
710,booknlp,COREF,26,his,31763,31766,18,107,3,M_710,Other
711,booknlp,COREF,26,his,31803,31806,18,107,3,M_711,Other
712,exp,exp_name,the rabbit,The Rabbit,31830,31840,21,108,4,M_712,PROPN
713,exp,exp_name,bill,Bill,31859,31863,31,108,4,M_713,PROPN
714,exp,exp_name,the white rabbit,the White Rabbit,31873,31889,21,109,4,M_714,PROPN
715,booknlp,COREF,40,she,31992,31995,0,109,4,M_715,Other
716,booknlp,COREF,20,itself,32018,32024,21,109,4,M_716,Other
717,pdnc,qID,Q88-0,The Duchess,32026,32037,11,109,4,M_717,Other
718,pdnc,qID,Q88-0,The Duchess,32039,32050,11,109,4,M_718,Other
719,booknlp,COREF,40,my,32055,32057,0,109,4,M_719,Other
720,booknlp,COREF,40,my,32072,32074,0,109,4,M_720,Other
721,pdnc,qID,Q88-0,She,32093,32096,11,109,4,M_721,Other
722,booknlp,COREF,40,me,32104,32106,0,109,4,M_722,Other
723,booknlp,COREF,40,I,32161,32162,0,109,4,M_723,Other
724,booknlp,COREF,40,I,32182,32183,0,109,4,M_724,Other
725,exp,exp_name,alice,Alice,32193,32198,0,109,4,M_725,PROPN
726,booknlp,COREF,40,she,32289,32292,0,109,4,M_726,Other
727,booknlp,COREF,40,her,32417,32420,0,109,4,M_727,Other
728,exp,exp_name,the rabbit,the Rabbit,32537,32547,21,110,4,M_728,PROPN
729,exp,exp_name,alice,Alice,32556,32561,0,110,4,M_729,PROPN
730,booknlp,COREF,40,she,32566,32569,0,110,4,M_730,Other
731,booknlp,COREF,40,her,32608,32611,0,110,4,M_731,Other
732,pdnc,qID,Q89-0,Mary Ann,32636,32644,0,110,4,M_732,PROPN
733,booknlp,COREF,40,you,32657,32660,0,110,4,M_733,Other
734,booknlp,COREF,40,me,32709,32711,0,110,4,M_734,Other
735,exp,exp_name,alice,Alice,32757,32762,0,110,4,M_735,PROPN
736,booknlp,COREF,40,she,32791,32794,0,110,4,M_736,Other
737,pdnc,qID,Q90-0,He,32896,32898,21,111,4,M_737,Other
738,booknlp,COREF,40,me,32904,32906,0,111,4,M_738,Other
739,pdnc,qID,Q90-0,his,32911,32914,21,111,4,M_739,Other
740,booknlp,COREF,40,she,32927,32930,0,111,4,M_740,Other
741,booknlp,COREF,40,herself,32939,32946,0,111,4,M_741,Other
742,booknlp,COREF,40,she,32950,32953,0,111,4,M_742,Other
743,pdnc,qID,Q90-1,he,32974,32976,21,111,4,M_743,Other
744,pdnc,qID,Q90-1,he,32988,32990,21,111,4,M_744,Other
745,booknlp,COREF,40,I,33005,33006,0,111,4,M_745,Other
746,booknlp,COREF,40,I,33015,33016,0,111,4,M_746,Other
747,booknlp,COREF,20,him,33031,33034,21,111,4,M_747,Other
748,pdnc,qID,Q90-1,his,33035,33038,21,111,4,M_748,Other
749,booknlp,COREF,40,I,33067,33068,0,111,4,M_749,Other
750,booknlp,COREF,40,she,33088,33091,0,111,4,M_750,Other
751,booknlp,COREF,40,she,33103,33106,0,111,4,M_751,Other
752,booknlp,COREF,40,She,33229,33232,0,111,4,M_752,Other
753,booknlp,COREF,40,she,33300,33303,0,111,4,M_753,Other
754,exp,exp_name,mary ann,Mary Ann,33325,33333,36,111,4,M_754,PROPN
755,booknlp,COREF,40,she,33373,33376,0,111,4,M_755,Other
756,exp,exp_name,alice,Alice,33430,33435,0,112,4,M_756,PROPN
757,booknlp,COREF,40,herself,33444,33451,0,112,4,M_757,Other
758,booknlp,COREF,40,I,33489,33490,0,112,4,M_758,Other
759,pdnc,qID,Q91-1,Dinah,33499,33504,32,112,4,M_759,PROPN
760,booknlp,COREF,40,me,33519,33521,0,112,4,M_760,Other
761,booknlp,COREF,40,she,33545,33548,0,112,4,M_761,Other
762,pdnc,qID,Q91-2,Miss Alice,33603,33613,0,112,4,M_762,PROPN
763,pdnc,qID,Q91-2,your,33653,33657,0,112,4,M_763,Other
764,pdnc,qID,Q91-2,nurse,33686,33691,0,112,4,M_764,Other
765,booknlp,COREF,40,I,33697,33698,0,112,4,M_765,Other
766,exp,exp_name,the mouse,the mouse,33718,33727,18,112,4,M_766,PROPN
767,booknlp,COREF,40,I,33751,33752,0,112,4,M_767,Other
768,exp,exp_name,alice,Alice,33767,33772,0,112,4,M_768,PROPN
769,pdnc,qID,Q91-3,Dinah,33799,33804,32,112,4,M_769,PROPN
770,pdnc,qID,Q91-3,it,33826,33828,32,112,4,M_770,Other
771,exp,exp_name,time,time,33878,33882,22,113,4,M_771,PROPN
772,booknlp,COREF,40,she,33883,33886,0,113,4,M_772,Other
773,booknlp,COREF,40,her,33897,33900,0,113,4,M_773,Other
774,booknlp,COREF,40,she,33971,33974,0,113,4,M_774,Other
775,exp,exp_name,two,two,33996,33999,24,113,4,M_775,PROPN
776,booknlp,COREF,40,she,34041,34044,0,113,4,M_776,Other
777,booknlp,COREF,40,her,34130,34133,0,113,4,M_777,Other
778,exp,exp_name,time,time,34223,34227,22,113,4,M_778,PROPN
779,booknlp,COREF,40,ME,34250,34252,0,113,4,M_779,Other
780,booknlp,COREF,40,she,34272,34275,0,113,4,M_780,Other
781,booknlp,COREF,40,her,34302,34305,0,113,4,M_781,Other
782,booknlp,COREF,40,I,34313,34314,0,113,4,M_782,Other
783,booknlp,COREF,40,she,34364,34367,0,113,4,M_783,Other
784,booknlp,COREF,40,herself,34376,34383,0,113,4,M_784,Other
785,booknlp,COREF,40,I,34395,34396,0,113,4,M_785,Other
786,booknlp,COREF,40,I,34423,34424,0,113,4,M_786,Other
787,booknlp,COREF,40,I,34460,34461,0,113,4,M_787,Other
788,booknlp,COREF,40,me,34481,34483,0,113,4,M_788,Other
789,booknlp,COREF,40,I,34513,34514,0,113,4,M_789,Other
790,booknlp,COREF,40,she,34605,34608,0,114,4,M_790,Other
791,booknlp,COREF,40,she,34630,34633,0,114,4,M_791,Other
792,booknlp,COREF,40,she,34661,34664,0,114,4,M_792,Other
793,booknlp,COREF,40,her,34671,34674,0,114,4,M_793,Other
794,booknlp,COREF,40,her,34735,34738,0,114,4,M_794,Other
795,booknlp,COREF,40,She,34763,34766,0,114,4,M_795,Other
796,booknlp,COREF,40,herself,34806,34813,0,114,4,M_796,Other
797,booknlp,COREF,40,I,34836,34837,0,114,4,M_797,Other
798,booknlp,COREF,40,I,34843,34844,0,114,4,M_798,Other
799,booknlp,COREF,40,I,34877,34878,0,114,4,M_799,Other
800,booknlp,COREF,40,I,34906,34907,0,114,4,M_800,Other
801,booknlp,COREF,40,I,34916,34917,0,114,4,M_801,Other
802,booknlp,COREF,40,She,34984,34987,0,115,4,M_802,Other
803,booknlp,COREF,40,she,35120,35123,0,115,4,M_803,Other
804,booknlp,COREF,40,her,35219,35222,0,115,4,M_804,Other
805,booknlp,COREF,40,she,35235,35238,0,115,4,M_805,Other
806,booknlp,COREF,40,she,35281,35284,0,115,4,M_806,Other
807,booknlp,COREF,40,herself,35357,35364,0,115,4,M_807,Other
808,booknlp,COREF,40,I,35370,35371,0,115,4,M_808,Other
809,booknlp,COREF,40,me,35428,35430,0,115,4,M_809,Other
810,exp,exp_name,alice,Alice,35446,35451,0,116,4,M_810,PROPN
811,booknlp,COREF,40,she,35510,35513,0,116,4,M_811,Other
812,booknlp,COREF,40,her,35611,35614,0,116,4,M_812,Other
813,booknlp,COREF,40,she,35661,35664,0,116,4,M_813,Other
814,exp,exp_name,alice,Alice,35727,35732,0,117,4,M_814,PROPN
815,booknlp,COREF,40,I,35831,35832,0,117,4,M_815,Other
816,booknlp,COREF,40,I,35845,35846,0,117,4,M_816,Other
817,booknlp,COREF,40,I,35950,35951,0,117,4,M_817,Other
818,booknlp,COREF,40,me,35990,35992,0,117,4,M_818,Other
819,booknlp,COREF,40,I,35999,36000,0,117,4,M_819,Other
820,booknlp,COREF,40,I,36027,36028,0,117,4,M_820,Other
821,booknlp,COREF,40,I,36085,36086,0,117,4,M_821,Other
822,booknlp,COREF,40,me,36151,36153,0,117,4,M_822,Other
823,booknlp,COREF,40,I,36182,36183,0,117,4,M_823,Other
824,booknlp,COREF,40,I,36193,36194,0,117,4,M_824,Other
825,booknlp,COREF,40,I,36213,36214,0,117,4,M_825,Other
826,booknlp,COREF,40,she,36232,36235,0,117,4,M_826,Other
827,exp,exp_name,alice,Alice,36339,36344,0,118,4,M_827,PROPN
828,booknlp,COREF,40,I,36353,36354,0,118,4,M_828,Other
829,booknlp,COREF,40,I,36382,36383,0,118,4,M_829,Other
830,booknlp,COREF,40,I,36496,36497,0,118,4,M_830,Other
831,pdnc,qID,Q97-0,you,36528,36531,0,119,4,M_831,Other
832,pdnc,qID,Q97-0,Alice,36540,36545,0,119,4,M_832,PROPN
833,booknlp,COREF,40,she,36548,36551,0,119,4,M_833,Other
834,booknlp,COREF,40,herself,36561,36568,0,119,4,M_834,Other
835,pdnc,qID,Q97-1,you,36579,36582,0,119,4,M_835,Other
836,pdnc,qID,Q97-1,you,36636,36639,0,119,4,M_836,Other
837,booknlp,COREF,40,she,36692,36695,0,120,4,M_837,Other
838,booknlp,COREF,40,she,36821,36824,0,120,4,M_838,Other
839,pdnc,qID,Q98-0,Mary Ann,36873,36881,36,121,4,M_839,PROPN
840,pdnc,qID,Q98-0,Mary Ann,36883,36891,36,121,4,M_840,PROPN
841,exp,exp_name,alice,Alice,36996,37001,0,121,4,M_841,PROPN
842,exp,exp_name,the rabbit,the Rabbit,37014,37024,21,121,4,M_842,PROPN
843,booknlp,COREF,40,her,37044,37047,0,121,4,M_843,Other
844,booknlp,COREF,40,she,37053,37056,0,121,4,M_844,Other
845,booknlp,COREF,40,she,37071,37074,0,121,4,M_845,Other
846,booknlp,COREF,40,she,37114,37117,0,121,4,M_846,Other
847,exp,exp_name,the rabbit,the Rabbit,37161,37171,21,121,4,M_847,PROPN
848,exp,exp_name,the rabbit,the Rabbit,37222,37232,21,122,4,M_848,PROPN
849,exp,exp_name,alice,Alice,37313,37318,0,122,4,M_849,PROPN
850,exp,exp_name,alice,Alice,37387,37392,0,122,4,M_850,PROPN
851,pdnc,qID,Q100-0,you,37472,37475,21,123,4,M_851,Other
852,exp,exp_name,alice,Alice,37492,37497,0,123,4,M_852,PROPN
853,booknlp,COREF,40,she,37523,37526,0,123,4,M_853,Other
854,booknlp,COREF,40,she,37535,37538,0,123,4,M_854,Other
855,exp,exp_name,the rabbit,the Rabbit,37545,37555,21,123,4,M_855,PROPN
856,booknlp,COREF,40,she,37579,37582,0,123,4,M_856,Other
857,booknlp,COREF,40,her,37603,37606,0,123,4,M_857,Other
858,booknlp,COREF,40,She,37643,37646,0,123,4,M_858,Other
859,booknlp,COREF,40,she,37681,37684,0,123,4,M_859,Other
860,booknlp,COREF,40,she,37759,37762,0,123,4,M_860,Other
861,exp,exp_name,the rabbit,the Rabbit,37889,37899,21,124,4,M_861,PROPN
862,pdnc,qID,Q101-0,Pat,37904,37907,39,124,4,M_862,PROPN
863,pdnc,qID,Q101-0,Pat,37909,37912,39,124,4,M_863,PROPN
864,pdnc,qID,Q101-0,you,37924,37927,39,124,4,M_864,Other
865,booknlp,COREF,40,she,37947,37950,0,124,4,M_865,Other
866,booknlp,COREF,40,I,37986,37987,0,124,4,M_866,Other
867,pdnc,qID,Q102-0,yer honour,38016,38026,21,124,4,M_867,Other
868,exp,exp_name,the rabbit,the Rabbit,38065,38075,21,125,4,M_868,PROPN
869,booknlp,COREF,40,me,38167,38169,0,126,4,M_869,Other
870,pdnc,qID,Q104-0,Pat,38171,38174,39,126,4,M_870,PROPN
871,pdnc,qID,Q105-0,yer honour,38225,38235,21,127,4,M_871,Other
872,pdnc,qID,Q106-0,you goose,38276,38285,39,128,4,M_872,Other
873,pdnc,qID,Q107-0,yer honour,38365,38375,21,129,4,M_873,Other
874,exp,exp_name,alice,Alice,38521,38526,0,131,4,M_874,PROPN
875,booknlp,COREF,40,I,38582,38583,0,131,4,M_875,Other
876,pdnc,qID,Q109-0,yer honour,38599,38609,21,131,4,M_876,Other
877,booknlp,COREF,40,I,38635,38636,0,131,4,M_877,Other
878,pdnc,qID,Q110-0,you,38642,38645,39,131,4,M_878,Other
879,pdnc,qID,Q110-0,you coward,38647,38657,39,131,4,M_879,Other
880,booknlp,COREF,40,she,38672,38675,0,131,4,M_880,Other
881,booknlp,COREF,40,her,38687,38690,0,131,4,M_881,Other
882,exp,exp_name,time,time,38744,38748,22,131,4,M_882,PROPN
883,exp,exp_name,alice,Alice,38873,38878,0,131,4,M_883,PROPN
884,booknlp,COREF,40,I,38881,38882,0,131,4,M_884,Other
885,booknlp,COREF,40,me,38927,38929,0,131,4,M_885,Other
886,booknlp,COREF,40,I,38949,38950,0,131,4,M_886,Other
887,booknlp,COREF,40,I,38975,38976,0,131,4,M_887,Other
888,booknlp,COREF,40,I,38985,38986,0,131,4,M_888,Other
889,booknlp,COREF,40,She,39029,39032,0,132,4,M_889,Other
890,exp,exp_name,time,time,39049,39053,22,132,4,M_890,PROPN
891,booknlp,COREF,40,she,39189,39192,0,132,4,M_891,Other
892,booknlp,COREF,40,I,39246,39247,0,132,4,M_892,Other
893,exp,exp_name,bill,Bill,39273,39277,31,132,4,M_893,PROPN
894,exp,exp_name,bill,Bill,39295,39299,31,132,4,M_894,PROPN
895,booknlp,COREF,42,'em,39332,39335,31,132,4,M_895,Other
896,booknlp,COREF,42,'em,39363,39366,31,132,4,M_896,Other
897,exp,exp_name,bill,Bill,39477,39481,31,132,4,M_897,PROPN
898,exp,exp_name,bill,Bill,39632,39636,31,132,4,M_898,PROPN
899,booknlp,COREF,40,I,39638,39639,0,132,4,M_899,Other
900,booknlp,COREF,40,I,39684,39685,0,132,4,M_900,Other
901,booknlp,COREF,42,You,39696,39699,31,132,4,M_901,Other
902,booknlp,COREF,40,I,39716,39717,0,132,4,M_902,Other
903,exp,exp_name,bill,Bill,39732,39736,31,132,4,M_903,PROPN
904,exp,exp_name,bill,Bill,39757,39761,31,132,4,M_904,PROPN
905,booknlp,COREF,42,you,39779,39782,31,132,4,M_905,Other
906,pdnc,qID,Q112-0,Bill,39820,39824,31,133,4,M_906,Other
907,pdnc,qID,Q112-0,he,39861,39863,31,133,4,M_907,Other
908,exp,exp_name,alice,Alice,39871,39876,0,133,4,M_908,PROPN
909,booknlp,COREF,40,herself,39880,39887,0,133,4,M_909,Other
910,pdnc,qID,Q112-1,Bill,39928,39932,31,133,4,M_910,Other
911,booknlp,COREF,40,I,39934,39935,0,133,4,M_911,Other
912,exp,exp_name,bill,Bill,39951,39955,31,133,4,M_912,PROPN
913,booknlp,COREF,40,I,40023,40024,0,133,4,M_913,Other
914,booknlp,COREF,40,I,40033,40034,0,133,4,M_914,Other
915,booknlp,COREF,40,She,40056,40059,0,134,4,M_915,Other
916,booknlp,COREF,40,her,40065,40068,0,134,4,M_916,Other
917,booknlp,COREF,40,she,40101,40104,0,134,4,M_917,Other
918,booknlp,COREF,40,she,40128,40131,0,134,4,M_918,Other
919,booknlp,COREF,40,she,40155,40158,0,134,4,M_919,Other
920,booknlp,COREF,40,her,40254,40257,0,134,4,M_920,Other
921,booknlp,COREF,40,herself,40275,40282,0,134,4,M_921,Other
922,pdnc,qID,Q113-0,Bill,40292,40296,31,134,4,M_922,Other
923,booknlp,COREF,40,she,40299,40302,0,134,4,M_923,Other
924,booknlp,COREF,40,she,40383,40386,0,135,4,M_924,Other
925,exp,exp_name,bill,Bill,40429,40433,31,135,4,M_925,PROPN
926,exp,exp_name,the rabbit,the Rabbit,40441,40451,21,135,4,M_926,PROPN
927,pdnc,qID,Q114-0,him,40474,40477,31,135,4,M_927,Other
928,booknlp,COREF,40,you,40479,40482,0,135,4,M_928,Other
929,booknlp,COREF,42,his,40559,40562,31,135,4,M_929,Other
930,booknlp,COREF,42,him,40593,40596,31,135,4,M_930,Other
931,pdnc,qID,Q115-0,Bill,40721,40725,31,136,4,M_931,Other
932,exp,exp_name,alice,Alice,40736,40741,0,136,4,M_932,PROPN
933,exp,exp_name,the rabbit,the Rabbit,41019,41029,21,138,4,M_933,PROPN
934,exp,exp_name,alice,Alice,41043,41048,0,138,4,M_934,PROPN
935,booknlp,COREF,40,she,41071,41074,0,138,4,M_935,Other
936,booknlp,COREF,40,I,41094,41095,0,138,4,M_936,Other
937,pdnc,qID,Q118-0,Dinah,41103,41108,32,138,4,M_937,PROPN
938,exp,exp_name,alice,Alice,41159,41164,0,139,4,M_938,PROPN
939,booknlp,COREF,40,herself,41176,41183,0,139,4,M_939,Other
940,booknlp,COREF,40,I,41186,41187,0,139,4,M_940,Other
941,exp,exp_name,two,two,41289,41292,24,139,4,M_941,PROPN
942,exp,exp_name,alice,Alice,41329,41334,0,139,4,M_942,PROPN
943,exp,exp_name,the rabbit,the Rabbit,41341,41351,21,139,4,M_943,PROPN
944,exp,exp_name,alice,Alice,41429,41434,0,140,4,M_944,PROPN
945,booknlp,COREF,40,she,41440,41443,0,140,4,M_945,Other
946,booknlp,COREF,40,her,41567,41570,0,140,4,M_946,Other
947,booknlp,COREF,40,I,41585,41586,0,140,4,M_947,Other
948,booknlp,COREF,40,she,41611,41614,0,140,4,M_948,Other
949,booknlp,COREF,40,herself,41623,41630,0,140,4,M_949,Other
950,booknlp,COREF,40,You,41650,41653,0,140,4,M_950,Other
951,exp,exp_name,alice,Alice,41721,41726,0,141,4,M_951,PROPN
952,booknlp,COREF,40,her,41860,41863,0,141,4,M_952,Other
953,booknlp,COREF,40,I,41874,41875,0,141,4,M_953,Other
954,booknlp,COREF,40,she,41901,41904,0,141,4,M_954,Other
955,booknlp,COREF,40,my,41950,41952,0,141,4,M_955,Other
956,booknlp,COREF,40,me,41989,41991,0,141,4,M_956,Other
957,booknlp,COREF,40,me,42013,42015,0,141,4,M_957,Other
958,booknlp,COREF,40,I,42025,42026,0,141,4,M_958,Other
959,booknlp,COREF,40,she,42041,42044,0,142,4,M_959,Other
960,booknlp,COREF,40,she,42104,42107,0,142,4,M_960,Other
961,booknlp,COREF,40,she,42145,42148,0,142,4,M_961,Other
962,booknlp,COREF,40,she,42191,42194,0,142,4,M_962,Other
963,exp,exp_name,bill,Bill,42310,42314,31,142,4,M_963,PROPN
964,exp,exp_name,two,two,42352,42355,24,142,4,M_964,PROPN
965,exp,exp_name,alice,Alice,42439,42444,0,142,4,M_965,PROPN
966,booknlp,COREF,40,she,42456,42459,0,142,4,M_966,Other
967,booknlp,COREF,40,she,42474,42477,0,142,4,M_967,Other
968,booknlp,COREF,40,she,42497,42500,0,142,4,M_968,Other
969,booknlp,COREF,40,herself,42523,42530,0,142,4,M_969,Other
970,booknlp,COREF,40,I,42571,42572,0,143,4,M_970,Other
971,exp,exp_name,alice,Alice,42593,42598,0,143,4,M_971,PROPN
972,booknlp,COREF,40,herself,42602,42609,0,143,4,M_972,Other
973,booknlp,COREF,40,she,42614,42617,0,143,4,M_973,Other
974,booknlp,COREF,40,my,42661,42663,0,143,4,M_974,Other
975,booknlp,COREF,40,my,42714,42716,0,143,4,M_975,Other
976,booknlp,COREF,40,I,42746,42747,0,143,4,M_976,Other
977,booknlp,COREF,40,she,42891,42894,0,144,4,M_977,Other
978,booknlp,COREF,40,she,42952,42955,0,144,4,M_978,Other
979,booknlp,COREF,40,her,43031,43034,0,144,4,M_979,Other
980,booknlp,COREF,40,her,43045,43048,0,144,4,M_980,Other
981,exp,exp_name,an enormous puppy,An enormous puppy,43076,43093,29,145,4,M_981,PROPN
982,booknlp,COREF,40,her,43114,43117,0,145,4,M_982,Other
983,booknlp,COREF,40,her,43192,43195,0,145,4,M_983,Other
984,pdnc,qID,Q126-0,Poor little thing,43198,43215,29,145,4,M_984,Other
985,exp,exp_name,alice,Alice,43223,43228,0,145,4,M_985,PROPN
986,booknlp,COREF,40,she,43253,43256,0,145,4,M_986,Other
987,booknlp,COREF,40,she,43290,43293,0,145,4,M_987,Other
988,exp,exp_name,time,time,43326,43330,22,145,4,M_988,PROPN
989,booknlp,COREF,40,her,43416,43419,0,145,4,M_989,Other
990,booknlp,COREF,40,her,43439,43442,0,145,4,M_990,Other
991,booknlp,COREF,40,she,43473,43476,0,146,4,M_991,Other
992,booknlp,COREF,40,she,43482,43485,0,146,4,M_992,Other
993,exp,exp_name,alice,Alice,43699,43704,0,146,4,M_993,PROPN
994,booknlp,COREF,40,herself,43744,43751,0,146,4,M_994,Other
995,booknlp,COREF,40,she,43788,43791,0,146,4,M_995,Other
996,exp,exp_name,alice,Alice,43927,43932,0,146,4,M_996,PROPN
997,exp,exp_name,time,time,44189,44193,22,146,4,M_997,PROPN
998,exp,exp_name,alice,Alice,44389,44394,0,147,4,M_998,PROPN
999,booknlp,COREF,40,her,44425,44428,0,147,4,M_999,Other
1000,booknlp,COREF,40,she,44440,44443,0,147,4,M_1000,Other
1001,booknlp,COREF,40,she,44474,44477,0,147,4,M_1001,Other
1002,pdnc,qID,Q127-0,it,44611,44613,29,148,4,M_1002,Other
1003,exp,exp_name,alice,Alice,44625,44630,0,148,4,M_1003,PROPN
1004,booknlp,COREF,40,she,44635,44638,0,148,4,M_1004,Other
1005,booknlp,COREF,40,herself,44673,44680,0,148,4,M_1005,Other
1006,booknlp,COREF,40,herself,44693,44700,0,148,4,M_1006,Other
1007,booknlp,COREF,40,I,44726,44727,0,148,4,M_1007,Other
1008,pdnc,qID,Q127-1,it,44755,44757,29,148,4,M_1008,Other
1009,booknlp,COREF,40,I,44783,44784,0,148,4,M_1009,Other
1010,booknlp,COREF,40,I,44831,44832,0,148,4,M_1010,Other
1011,booknlp,COREF,40,I,44857,44858,0,148,4,M_1011,Other
1012,booknlp,COREF,40,me,44888,44890,0,148,4,M_1012,Other
1013,booknlp,COREF,40,I,44923,44924,0,148,4,M_1013,Other
1014,booknlp,COREF,40,I,44933,44934,0,148,4,M_1014,Other
1015,exp,exp_name,alice,Alice,45052,45057,0,149,4,M_1015,PROPN
1016,booknlp,COREF,40,her,45075,45078,0,149,4,M_1016,Other
1017,booknlp,COREF,40,she,45123,45126,0,149,4,M_1017,Other
1018,booknlp,COREF,40,her,45262,45265,0,149,4,M_1018,Other
1019,booknlp,COREF,40,herself,45292,45299,0,149,4,M_1019,Other
1020,booknlp,COREF,40,she,45310,45313,0,149,4,M_1020,Other
1021,booknlp,COREF,40,her,45390,45393,0,149,4,M_1021,Other
1022,booknlp,COREF,40,she,45399,45402,0,149,4,M_1022,Other
1023,booknlp,COREF,40,She,45458,45461,0,150,4,M_1023,Other
1024,booknlp,COREF,40,herself,45472,45479,0,150,4,M_1024,Other
1025,booknlp,COREF,40,her,45540,45543,0,150,4,M_1025,Other
1026,booknlp,COREF,40,her,45714,45717,0,150,4,M_1026,Other
1027,exp,exp_name,the caterpillar,The Caterpillar,45782,45797,7,152,5,M_1027,PROPN
1028,exp,exp_name,alice,Alice,45802,45807,0,152,5,M_1028,PROPN
1029,exp,exp_name,time,time,45838,45842,22,152,5,M_1029,PROPN
1030,exp,exp_name,the caterpillar,the Caterpillar,45863,45878,7,152,5,M_1030,PROPN
1031,booknlp,COREF,40,her,45927,45930,0,152,5,M_1031,Other
1032,pdnc,qID,Q128-0,you,45970,45973,0,153,5,M_1032,Other
1033,exp,exp_name,the caterpillar,the Caterpillar,45982,45997,7,153,5,M_1033,PROPN
1034,exp,exp_name,alice,Alice,46056,46061,0,154,5,M_1034,PROPN
1035,booknlp,COREF,40,I,46086,46087,0,154,5,M_1035,Other
1036,booknlp,COREF,40,I,46089,46090,0,154,5,M_1036,Other
1037,pdnc,qID,Q129-0,sir,46104,46107,7,154,5,M_1037,PROPN
1038,booknlp,COREF,40,I,46135,46136,0,154,5,M_1038,Other
1039,booknlp,COREF,40,I,46146,46147,0,154,5,M_1039,Other
1040,booknlp,COREF,40,I,46159,46160,0,154,5,M_1040,Other
1041,booknlp,COREF,40,I,46186,46187,0,154,5,M_1041,Other
1042,booknlp,COREF,40,I,46194,46195,0,154,5,M_1042,Other
1043,pdnc,qID,Q130-0,you,46256,46259,0,155,5,M_1043,Other
1044,exp,exp_name,the caterpillar,the Caterpillar,46280,46295,7,155,5,M_1044,PROPN
1045,booknlp,COREF,40,yourself,46314,46322,0,155,5,M_1045,Other
1046,booknlp,COREF,40,I,46327,46328,0,156,5,M_1046,Other
1047,booknlp,COREF,40,myself,46344,46350,0,156,5,M_1047,Other
1048,booknlp,COREF,40,I,46353,46354,0,156,5,M_1048,Other
1049,exp,exp_name,alice,Alice,46376,46381,0,156,5,M_1049,PROPN
1050,booknlp,COREF,40,I,46392,46393,0,156,5,M_1050,Other
1051,booknlp,COREF,40,myself,46400,46406,0,156,5,M_1051,Other
1052,pdnc,qID,Q131-1,you,46408,46411,7,156,5,M_1052,Other
1053,booknlp,COREF,44,I,46420,46421,7,157,5,M_1053,Other
1054,exp,exp_name,the caterpillar,the Caterpillar,46439,46454,7,157,5,M_1054,PROPN
1055,booknlp,COREF,40,I,46458,46459,0,158,5,M_1055,Other
1056,booknlp,COREF,40,I,46469,46470,0,158,5,M_1056,Other
1057,exp,exp_name,alice,Alice,46499,46504,0,158,5,M_1057,PROPN
1058,booknlp,COREF,40,I,46533,46534,0,158,5,M_1058,Other
1059,booknlp,COREF,40,myself,46555,46561,0,158,5,M_1059,Other
1060,exp,exp_name,the caterpillar,the Caterpillar,46658,46673,7,159,5,M_1060,PROPN
1061,pdnc,qID,Q135-0,you,46691,46694,7,160,5,M_1061,Other
1062,exp,exp_name,alice,Alice,46726,46731,0,160,5,M_1062,PROPN
1063,pdnc,qID,Q135-1,you,46743,46746,7,160,5,M_1063,Other
1064,pdnc,qID,Q135-1,you,46778,46781,7,160,5,M_1064,Other
1065,pdnc,qID,Q135-1,you,46797,46800,7,160,5,M_1065,Other
1066,booknlp,COREF,40,I,46845,46846,0,160,5,M_1066,Other
1067,pdnc,qID,Q135-1,you,46860,46863,7,160,5,M_1067,Other
1068,pdnc,qID,Q135-1,you,46897,46900,7,160,5,M_1068,Other
1069,exp,exp_name,the caterpillar,the Caterpillar,46922,46937,7,161,5,M_1069,PROPN
1070,pdnc,qID,Q137-0,your,46955,46959,7,162,5,M_1070,Other
1071,exp,exp_name,alice,Alice,46993,46998,0,162,5,M_1071,PROPN
1072,booknlp,COREF,40,I,47005,47006,0,162,5,M_1072,Other
1073,booknlp,COREF,40,me,47045,47047,0,162,5,M_1073,Other
1074,pdnc,qID,Q138-0,You,47053,47056,0,163,5,M_1074,Other
1075,exp,exp_name,the caterpillar,the Caterpillar,47064,47079,7,163,5,M_1075,PROPN
1076,pdnc,qID,Q138-1,you,47106,47109,0,163,5,M_1076,Other
1077,exp,exp_name,alice,Alice,47182,47187,0,164,5,M_1077,PROPN
1078,exp,exp_name,the caterpillar,the Caterpillar,47215,47230,7,164,5,M_1078,PROPN
1079,booknlp,COREF,40,she,47271,47274,0,164,5,M_1079,Other
1080,booknlp,COREF,40,herself,47280,47287,0,164,5,M_1080,Other
1081,booknlp,COREF,40,I,47316,47317,0,164,5,M_1081,Other
1082,pdnc,qID,Q139-0,you,47325,47328,7,164,5,M_1082,Other
1083,booknlp,COREF,40,me,47343,47345,0,164,5,M_1083,Other
1084,pdnc,qID,Q139-0,you,47351,47354,7,164,5,M_1084,Other
1085,exp,exp_name,the caterpillar,the Caterpillar,47382,47397,7,165,5,M_1085,PROPN
1086,exp,exp_name,alice,Alice,47443,47448,0,166,5,M_1086,PROPN
1087,exp,exp_name,the caterpillar,the Caterpillar,47492,47507,7,166,5,M_1087,PROPN
1088,booknlp,COREF,40,she,47559,47562,0,166,5,M_1088,Other
1089,exp,exp_name,the caterpillar,the Caterpillar,47590,47605,7,167,5,M_1089,PROPN
1090,booknlp,COREF,40,her,47619,47622,0,167,5,M_1090,Other
1091,exp,exp_name,alice,Alice,47695,47700,0,168,5,M_1091,PROPN
1092,pdnc,qID,Q142-0,your,47736,47740,0,169,5,M_1092,Other
1093,exp,exp_name,the caterpillar,the Caterpillar,47755,47770,7,169,5,M_1093,PROPN
1094,exp,exp_name,alice,Alice,47793,47798,0,170,5,M_1094,PROPN
1095,booknlp,COREF,40,her,47816,47819,0,170,5,M_1095,Other
1096,booknlp,COREF,40,she,47837,47840,0,170,5,M_1096,Other
1097,exp,exp_name,the caterpillar,the Caterpillar,47860,47875,7,171,5,M_1097,PROPN
1098,exp,exp_name,alice,Alice,47878,47883,0,172,5,M_1098,PROPN
1099,booknlp,COREF,40,she,47892,47895,0,172,5,M_1099,Other
1100,booknlp,COREF,40,she,47919,47922,0,172,5,M_1100,Other
1101,booknlp,COREF,40,her,47983,47986,0,172,5,M_1101,Other
1102,booknlp,COREF,40,you,48150,48153,0,172,5,M_1102,Other
1103,booknlp,COREF,40,you,48160,48163,0,172,5,M_1103,Other
1104,booknlp,COREF,40,you,48179,48182,0,172,5,M_1104,Other
1105,booknlp,COREF,40,I,48187,48188,0,173,5,M_1105,Other
1106,booknlp,COREF,40,I,48198,48199,0,173,5,M_1106,Other
1107,pdnc,qID,Q146-0,sir,48204,48207,7,173,5,M_1107,PROPN
1108,exp,exp_name,alice,Alice,48215,48220,0,173,5,M_1108,PROPN
1109,booknlp,COREF,40,I,48223,48224,0,173,5,M_1109,Other
1110,booknlp,COREF,40,I,48250,48251,0,173,5,M_1110,Other
1111,booknlp,COREF,40,I,48262,48263,0,173,5,M_1111,Other
1112,exp,exp_name,the caterpillar,the Caterpillar,48354,48369,7,174,5,M_1112,PROPN
1113,exp,exp_name,alice,Alice,48457,48462,0,175,5,M_1113,PROPN
1114,booknlp,COREF,40,You,48511,48514,0,176,5,M_1114,Other
1115,exp,exp_name,the caterpillar,the Caterpillar,48548,48563,7,176,5,M_1115,PROPN
1116,exp,exp_name,alice,Alice,48566,48571,0,177,5,M_1116,PROPN
1117,booknlp,COREF,40,her,48579,48582,0,177,5,M_1117,Other
1118,booknlp,COREF,40,You,48605,48608,0,178,5,M_1118,Other
1119,booknlp,COREF,40,your,48664,48668,0,178,5,M_1119,Other
1120,booknlp,COREF,40,you,48705,48708,0,178,5,M_1120,Other
1121,booknlp,COREF,40,your,48730,48734,0,178,5,M_1121,Other
1122,booknlp,COREF,40,you,48749,48752,0,178,5,M_1122,Other
1123,booknlp,COREF,40,your,48763,48767,0,178,5,M_1123,Other
1124,booknlp,COREF,40,You,48962,48965,0,180,5,M_1124,Other
1125,booknlp,COREF,40,you,49060,49063,0,180,5,M_1125,Other
1126,booknlp,COREF,40,you,49314,49317,0,181,5,M_1126,Other
1127,booknlp,COREF,40,You,49331,49334,0,182,5,M_1127,Other
1128,booknlp,COREF,40,your,49366,49370,0,182,5,M_1128,Other
1129,booknlp,COREF,40,you,49429,49432,0,182,5,M_1129,Other
1130,booknlp,COREF,40,you,49501,49504,0,182,5,M_1130,Other
1131,booknlp,COREF,40,You,49706,49709,0,184,5,M_1131,Other
1132,booknlp,COREF,40,your,49771,49775,0,184,5,M_1132,Other
1133,booknlp,COREF,40,you,49807,49810,0,184,5,M_1133,Other
1134,booknlp,COREF,40,your,49841,49845,0,184,5,M_1134,Other
1135,booknlp,COREF,40,you,49867,49870,0,184,5,M_1135,Other
1136,exp,exp_name,the caterpillar,the Caterpillar,50120,50135,7,186,5,M_1136,PROPN
1137,booknlp,COREF,40,I,50158,50159,0,187,5,M_1137,Other
1138,exp,exp_name,alice,Alice,50176,50181,0,187,5,M_1138,PROPN
1139,exp,exp_name,the caterpillar,the Caterpillar,50273,50288,7,188,5,M_1139,PROPN
1140,exp,exp_name,the caterpillar,The Caterpillar,50341,50356,7,189,5,M_1140,PROPN
1141,pdnc,qID,Q152-0,you,50396,50399,0,190,5,M_1141,Other
1142,booknlp,COREF,40,I,50429,50430,0,191,5,M_1142,Other
1143,exp,exp_name,alice,Alice,50461,50466,0,191,5,M_1143,PROPN
1144,exp,exp_name,the caterpillar,the Caterpillar,50561,50576,7,192,5,M_1144,PROPN
1145,exp,exp_name,alice,Alice,50579,50584,0,193,5,M_1145,PROPN
1146,booknlp,COREF,40,she,50599,50602,0,193,5,M_1146,Other
1147,booknlp,COREF,40,her,50642,50645,0,193,5,M_1147,Other
1148,booknlp,COREF,40,she,50663,50666,0,193,5,M_1148,Other
1149,booknlp,COREF,40,she,50677,50680,0,193,5,M_1149,Other
1150,booknlp,COREF,40,her,50692,50695,0,193,5,M_1150,Other
1151,pdnc,qID,Q154-1,you,50710,50713,0,194,5,M_1151,Other
1152,exp,exp_name,the caterpillar,the Caterpillar,50733,50748,7,194,5,M_1152,PROPN
1153,booknlp,COREF,40,I,50758,50759,0,195,5,M_1153,Other
1154,pdnc,qID,Q155-0,sir,50797,50800,7,195,5,M_1154,PROPN
1155,exp,exp_name,alice,Alice,50830,50835,0,195,5,M_1155,PROPN
1156,exp,exp_name,the caterpillar,the Caterpillar,50926,50941,7,196,5,M_1156,PROPN
1157,booknlp,COREF,40,I,51028,51029,0,197,5,M_1157,Other
1158,exp,exp_name,alice,Alice,51062,51067,0,197,5,M_1158,PROPN
1159,booknlp,COREF,40,she,51091,51094,0,197,5,M_1159,Other
1160,booknlp,COREF,40,herself,51106,51113,0,197,5,M_1160,Other
1161,booknlp,COREF,40,I,51116,51117,0,197,5,M_1161,Other
1162,pdnc,qID,Q159-0,You,51172,51175,0,198,5,M_1162,Other
1163,exp,exp_name,time,time,51197,51201,22,198,5,M_1163,PROPN
1164,exp,exp_name,the caterpillar,the Caterpillar,51209,51224,7,198,5,M_1164,PROPN
1165,exp,exp_name,time,time,51294,51298,22,199,5,M_1165,PROPN
1166,exp,exp_name,alice,Alice,51299,51304,0,199,5,M_1166,PROPN
1167,exp,exp_name,two,two,51368,51371,24,199,5,M_1167,PROPN
1168,exp,exp_name,the caterpillar,the Caterpillar,51372,51387,7,199,5,M_1168,PROPN
1169,pdnc,qID,Q160-0,you,51580,51583,0,199,5,M_1169,Other
1170,pdnc,qID,Q160-0,you,51626,51629,0,199,5,M_1170,Other
1171,exp,exp_name,alice,Alice,51702,51707,0,200,5,M_1171,PROPN
1172,booknlp,COREF,40,herself,51711,51718,0,200,5,M_1172,Other
1173,exp,exp_name,the caterpillar,the Caterpillar,51745,51760,7,201,5,M_1173,PROPN
1174,booknlp,COREF,44,she,51773,51776,7,201,5,M_1174,Other
1175,exp,exp_name,alice,Alice,51841,51846,0,202,5,M_1175,PROPN
1176,exp,exp_name,two,two,51941,51944,24,202,5,M_1176,PROPN
1177,booknlp,COREF,40,she,51989,51992,0,202,5,M_1177,Other
1178,booknlp,COREF,40,she,52048,52051,0,202,5,M_1178,Other
1179,booknlp,COREF,40,her,52062,52065,0,202,5,M_1179,Other
1180,booknlp,COREF,40,she,52180,52183,0,203,5,M_1180,Other
1181,booknlp,COREF,40,herself,52192,52199,0,203,5,M_1181,Other
1182,booknlp,COREF,40,she,52279,52282,0,203,5,M_1182,Other
1183,booknlp,COREF,40,her,52314,52317,0,203,5,M_1183,Other
1184,booknlp,COREF,40,her,52338,52341,0,203,5,M_1184,Other
1185,booknlp,COREF,40,She,52349,52352,0,204,5,M_1185,Other
1186,booknlp,COREF,40,she,52412,52415,0,204,5,M_1186,Other
1187,exp,exp_name,time,time,52439,52443,22,204,5,M_1187,PROPN
1188,booknlp,COREF,40,she,52459,52462,0,204,5,M_1188,Other
1189,booknlp,COREF,40,she,52489,52492,0,204,5,M_1189,Other
1190,booknlp,COREF,40,Her,52543,52546,0,204,5,M_1190,Other
1191,booknlp,COREF,40,her,52583,52586,0,204,5,M_1191,Other
1192,booknlp,COREF,40,her,52628,52631,0,204,5,M_1192,Other
1193,booknlp,COREF,40,she,52643,52646,0,204,5,M_1193,Other
1194,booknlp,COREF,40,my,52857,52859,0,208,5,M_1194,Other
1195,exp,exp_name,alice,Alice,52887,52892,0,208,5,M_1195,PROPN
1196,booknlp,COREF,40,she,52964,52967,0,208,5,M_1196,Other
1197,booknlp,COREF,40,her,52979,52982,0,208,5,M_1197,Other
1198,booknlp,COREF,40,she,53023,53026,0,208,5,M_1198,Other
1199,booknlp,COREF,40,she,53043,53046,0,208,5,M_1199,Other
1200,booknlp,COREF,40,her,53173,53176,0,208,5,M_1200,Other
1201,exp,exp_name,alice,Alice,53222,53227,0,209,5,M_1201,PROPN
1202,booknlp,COREF,40,my,53247,53249,0,209,5,M_1202,Other
1203,booknlp,COREF,40,my,53276,53278,0,209,5,M_1203,Other
1204,booknlp,COREF,40,I,53301,53302,0,209,5,M_1204,Other
1205,booknlp,COREF,40,you,53313,53316,0,209,5,M_1205,Other
1206,booknlp,COREF,40,She,53319,53322,0,209,5,M_1206,Other
1207,booknlp,COREF,40,she,53348,53351,0,209,5,M_1207,Other
1208,booknlp,COREF,40,her,53491,53494,0,210,5,M_1208,Other
1209,booknlp,COREF,40,her,53507,53510,0,210,5,M_1209,Other
1210,booknlp,COREF,40,she,53517,53520,0,210,5,M_1210,Other
1211,booknlp,COREF,40,her,53534,53537,0,210,5,M_1211,Other
1212,booknlp,COREF,40,her,53588,53591,0,210,5,M_1212,Other
1213,booknlp,COREF,40,She,53655,53658,0,210,5,M_1213,Other
1214,booknlp,COREF,40,she,53770,53773,0,210,5,M_1214,Other
1215,booknlp,COREF,40,she,53832,53835,0,210,5,M_1215,Other
1216,booknlp,COREF,40,her,53879,53882,0,210,5,M_1216,Other
1217,booknlp,COREF,40,her,53935,53938,0,210,5,M_1217,Other
1218,booknlp,COREF,40,her,53961,53964,0,210,5,M_1218,Other
1219,pdnc,qID,Q165-0,Serpent,53993,54000,0,211,5,M_1219,Other
1220,exp,exp_name,the pigeon,the Pigeon,54012,54022,19,211,5,M_1220,PROPN
1221,booknlp,COREF,40,I,54026,54027,0,212,5,M_1221,Other
1222,exp,exp_name,alice,Alice,54053,54058,0,212,5,M_1222,PROPN
1223,booknlp,COREF,40,me,54077,54079,0,212,5,M_1223,Other
1224,exp,exp_name,the pigeon,the Pigeon,54122,54132,19,213,5,M_1224,PROPN
1225,booknlp,COREF,40,I,54250,54251,0,214,5,M_1225,Other
1226,pdnc,qID,Q168-0,you,54280,54283,19,214,5,M_1226,Other
1227,exp,exp_name,alice,Alice,54308,54313,0,214,5,M_1227,PROPN
1228,exp,exp_name,the pigeon,the Pigeon,54394,54404,19,215,5,M_1228,PROPN
1229,booknlp,COREF,40,her,54435,54438,0,215,5,M_1229,Other
1230,exp,exp_name,alice,Alice,54489,54494,0,216,5,M_1230,PROPN
1231,booknlp,COREF,40,she,54526,54529,0,216,5,M_1231,Other
1232,exp,exp_name,the pigeon,the Pigeon,54584,54594,19,216,5,M_1232,PROPN
1233,exp,exp_name,the pigeon,the Pigeon,54667,54677,19,217,5,M_1233,PROPN
1234,booknlp,COREF,40,I,54795,54796,0,218,5,M_1234,Other
1235,pdnc,qID,Q171-0,you,54810,54813,19,218,5,M_1235,Other
1236,exp,exp_name,alice,Alice,54837,54842,0,218,5,M_1236,PROPN
1237,exp,exp_name,the pigeon,the Pigeon,54947,54957,19,219,5,M_1237,PROPN
1238,pdnc,qID,Q172-1,Serpent,55107,55114,0,219,5,M_1238,Other
1239,booknlp,COREF,40,I,55123,55124,0,220,5,M_1239,Other
1240,booknlp,COREF,40,I,55144,55145,0,220,5,M_1240,Other
1241,pdnc,qID,Q173-0,you,55151,55154,19,220,5,M_1241,Other
1242,exp,exp_name,alice,Alice,55162,55167,0,220,5,M_1242,PROPN
1243,booknlp,COREF,40,I,55170,55171,0,220,5,M_1243,Other
1244,pdnc,qID,Q174-0,you,55205,55208,0,221,5,M_1244,Other
1245,exp,exp_name,the pigeon,the Pigeon,55216,55226,19,221,5,M_1245,PROPN
1246,pdnc,qID,Q174-1,you,55239,55242,0,221,5,M_1246,Other
1247,booknlp,COREF,40,I,55277,55278,0,222,5,M_1247,Other
1248,exp,exp_name,alice,Alice,55305,55310,0,222,5,M_1248,PROPN
1249,booknlp,COREF,40,she,55334,55337,0,222,5,M_1249,Other
1250,booknlp,COREF,40,she,55371,55374,0,222,5,M_1250,Other
1251,exp,exp_name,the pigeon,the Pigeon,55433,55443,19,223,5,M_1251,PROPN
1252,exp,exp_name,time,time,55521,55525,22,223,5,M_1252,PROPN
1253,pdnc,qID,Q176-1,You,55577,55580,0,223,5,M_1253,Other
1254,pdnc,qID,Q176-1,you,55636,55639,0,223,5,M_1254,Other
1255,pdnc,qID,Q176-1,you,55667,55670,0,223,5,M_1255,Other
1256,booknlp,COREF,40,I,55695,55696,0,224,5,M_1256,Other
1257,exp,exp_name,alice,Alice,55734,55739,0,224,5,M_1257,PROPN
1258,pdnc,qID,Q177-1,you,55829,55832,19,224,5,M_1258,Other
1259,exp,exp_name,the pigeon,the Pigeon,55868,55878,19,225,5,M_1259,PROPN
1260,exp,exp_name,alice,Alice,55985,55990,0,226,5,M_1260,PROPN
1261,booknlp,COREF,40,she,55997,56000,0,226,5,M_1261,Other
1262,exp,exp_name,two,two,56034,56037,24,226,5,M_1262,PROPN
1263,exp,exp_name,the pigeon,the Pigeon,56050,56060,19,226,5,M_1263,PROPN
1264,pdnc,qID,Q179-0,You,56089,56092,0,226,5,M_1264,Other
1265,pdnc,qID,Q179-0,you,56179,56182,0,226,5,M_1265,Other
1266,booknlp,COREF,40,me,56244,56246,0,227,5,M_1266,Other
1267,exp,exp_name,alice,Alice,56255,56260,0,227,5,M_1267,PROPN
1268,booknlp,COREF,40,I,56275,56276,0,227,5,M_1268,Other
1269,booknlp,COREF,40,I,56323,56324,0,227,5,M_1269,Other
1270,booknlp,COREF,40,I,56330,56331,0,227,5,M_1270,Other
1271,pdnc,qID,Q180-1,yours,56348,56353,19,227,5,M_1271,Other
1272,booknlp,COREF,40,I,56356,56357,0,227,5,M_1272,Other
1273,exp,exp_name,the pigeon,the Pigeon,56408,56418,19,228,5,M_1273,PROPN
1274,exp,exp_name,alice,Alice,56476,56481,0,228,5,M_1274,PROPN
1275,booknlp,COREF,40,she,56523,56526,0,228,5,M_1275,Other
1276,booknlp,COREF,40,her,56538,56541,0,228,5,M_1276,Other
1277,booknlp,COREF,40,she,56613,56616,0,228,5,M_1277,Other
1278,booknlp,COREF,40,she,56659,56662,0,228,5,M_1278,Other
1279,booknlp,COREF,40,she,56679,56682,0,228,5,M_1279,Other
1280,booknlp,COREF,40,her,56720,56723,0,228,5,M_1280,Other
1281,booknlp,COREF,40,she,56735,56738,0,228,5,M_1281,Other
1282,booknlp,COREF,40,she,56870,56873,0,228,5,M_1282,Other
1283,booknlp,COREF,40,herself,56900,56907,0,228,5,M_1283,Other
1284,booknlp,COREF,40,her,56916,56919,0,228,5,M_1284,Other
1285,booknlp,COREF,40,she,56956,56959,0,229,5,M_1285,Other
1286,booknlp,COREF,40,she,57040,57043,0,229,5,M_1286,Other
1287,booknlp,COREF,40,herself,57098,57105,0,229,5,M_1287,Other
1288,booknlp,COREF,40,my,57137,57139,0,229,5,M_1288,Other
1289,booknlp,COREF,40,I,57191,57192,0,229,5,M_1289,Other
1290,booknlp,COREF,40,I,57211,57212,0,229,5,M_1290,Other
1291,booknlp,COREF,40,I,57265,57266,0,229,5,M_1291,Other
1292,booknlp,COREF,40,my,57282,57284,0,229,5,M_1292,Other
1293,booknlp,COREF,40,I,57377,57378,0,229,5,M_1293,Other
1294,booknlp,COREF,40,she,57391,57394,0,229,5,M_1294,Other
1295,booknlp,COREF,40,she,57406,57409,0,229,5,M_1295,Other
1296,exp,exp_name,alice,Alice,57523,57528,0,229,5,M_1296,PROPN
1297,booknlp,COREF,40,I,57582,57583,0,229,5,M_1297,Other
1298,booknlp,COREF,40,she,57628,57631,0,229,5,M_1298,Other
1299,booknlp,COREF,40,she,57721,57724,0,229,5,M_1299,Other
1300,booknlp,COREF,40,herself,57737,57744,0,229,5,M_1300,Other
1301,exp,exp_name,pig,Pig,57787,57790,41,230,6,M_1301,PROPN
1302,exp,exp_name,two,two,57820,57823,24,231,6,M_1302,PROPN
1303,booknlp,COREF,40,she,57824,57827,0,231,6,M_1303,Other
1304,booknlp,COREF,40,she,58050,58053,0,231,6,M_1304,Other
1305,exp,exp_name,alice,Alice,58243,58248,0,231,6,M_1305,PROPN
1306,booknlp,COREF,40,She,58310,58313,0,231,6,M_1306,Other
1307,exp,exp_name,the fish-footman,The Fish-Footman,58414,58430,44,232,6,M_1307,PROPN
1308,pdnc,qID,Q184-0,Duchess,58586,58593,11,232,6,M_1308,Other
1309,pdnc,qID,Q184-0,Queen,58618,58623,20,232,6,M_1309,Other
1310,exp,exp_name,the frog-footman,The Frog-Footman,58642,58658,45,232,6,M_1310,PROPN
1311,pdnc,qID,Q185-0,Queen,58751,58756,20,232,6,M_1311,Other
1312,pdnc,qID,Q185-0,Duchess,58780,58787,11,232,6,M_1312,Other
1313,exp,exp_name,alice,Alice,58874,58879,0,234,6,M_1313,PROPN
1314,booknlp,COREF,40,she,58910,58913,0,234,6,M_1314,Other
1315,booknlp,COREF,40,her,58970,58973,0,234,6,M_1315,Other
1316,booknlp,COREF,40,she,58984,58987,0,234,6,M_1316,Other
1317,exp,exp_name,the fish-footman,the Fish-Footman,59004,59020,44,234,6,M_1317,PROPN
1318,exp,exp_name,alice,Alice,59121,59126,0,235,6,M_1318,PROPN
1319,exp,exp_name,the footman,the Footman,59213,59224,45,236,6,M_1319,PROPN
1320,exp,exp_name,two,two,59240,59243,24,236,6,M_1320,PROPN
1321,booknlp,COREF,235,I,59268,59269,45,236,6,M_1321,Other
1322,pdnc,qID,Q186-1,you,59304,59307,0,236,6,M_1322,Other
1323,pdnc,qID,Q186-1,you,59394,59397,0,236,6,M_1323,Other
1324,exp,exp_name,alice,Alice,59613,59618,0,237,6,M_1324,PROPN
1325,booknlp,COREF,40,I,59628,59629,0,237,6,M_1325,Other
1326,pdnc,qID,Q188-0,your,59673,59677,0,238,6,M_1326,Other
1327,exp,exp_name,the footman,the Footman,59689,59700,45,238,6,M_1327,PROPN
1328,booknlp,COREF,40,her,59730,59733,0,238,6,M_1328,Other
1329,pdnc,qID,Q188-1,you,59784,59787,0,238,6,M_1329,Other
1330,pdnc,qID,Q188-1,you,59803,59806,0,238,6,M_1330,Other
1331,booknlp,COREF,235,I,59824,59825,45,238,6,M_1331,Other
1332,pdnc,qID,Q188-1,you,59836,59839,0,238,6,M_1332,Other
1333,pdnc,qID,Q188-1,you,59845,59848,0,238,6,M_1333,Other
1334,booknlp,COREF,235,He,59856,59858,45,238,6,M_1334,Other
1335,exp,exp_name,time,time,59895,59899,22,238,6,M_1335,PROPN
1336,booknlp,COREF,235,he,59900,59902,45,238,6,M_1336,Other
1337,exp,exp_name,alice,Alice,59926,59931,0,238,6,M_1337,PROPN
1338,pdnc,qID,Q189-0,he,59972,59974,45,238,6,M_1338,Other
1339,booknlp,COREF,40,she,59991,59994,0,238,6,M_1339,Other
1340,booknlp,COREF,40,herself,60003,60010,0,238,6,M_1340,Other
1341,pdnc,qID,Q189-1,his,60013,60016,45,238,6,M_1341,Other
1342,pdnc,qID,Q189-1,his,60057,60060,45,238,6,M_1342,Other
1343,pdnc,qID,Q189-1,he,60083,60085,45,238,6,M_1343,Other
1344,booknlp,COREF,40,I,60118,60119,0,238,6,M_1344,Other
1345,booknlp,COREF,40,she,60132,60135,0,238,6,M_1345,Other
1346,booknlp,COREF,235,I,60155,60156,45,239,6,M_1346,Other
1347,exp,exp_name,the footman,the Footman,60174,60185,45,239,6,M_1347,PROPN
1348,exp,exp_name,the footman,the Footman,60309,60320,45,240,6,M_1348,PROPN
1349,exp,exp_name,the footman,the Footman,60436,60447,45,241,6,M_1349,PROPN
1350,booknlp,COREF,40,I,60521,60522,0,242,6,M_1350,Other
1351,exp,exp_name,alice,Alice,60541,60546,0,242,6,M_1351,PROPN
1352,pdnc,qID,Q194-0,you,60580,60583,0,243,6,M_1352,Other
1353,exp,exp_name,the footman,the Footman,60608,60619,45,243,6,M_1353,PROPN
1354,pdnc,qID,Q194-1,you,60649,60652,0,243,6,M_1354,Other
1355,exp,exp_name,alice,Alice,60684,60689,0,244,6,M_1355,PROPN
1356,booknlp,COREF,40,she,60742,60745,0,244,6,M_1356,Other
1357,booknlp,COREF,40,herself,60758,60765,0,244,6,M_1357,Other
1358,exp,exp_name,the footman,The Footman,60835,60846,45,245,6,M_1358,PROPN
1359,booknlp,COREF,235,his,60901,60904,45,245,6,M_1359,Other
1360,booknlp,COREF,235,I,60931,60932,45,245,6,M_1360,Other
1361,booknlp,COREF,235,he,60950,60952,45,245,6,M_1361,Other
1362,booknlp,COREF,40,I,61007,61008,0,246,6,M_1362,Other
1363,exp,exp_name,alice,Alice,61023,61028,0,246,6,M_1363,PROPN
1364,pdnc,qID,Q198-0,you,61041,61044,0,247,6,M_1364,Other
1365,exp,exp_name,the footman,the Footman,61057,61068,45,247,6,M_1365,PROPN
1366,pdnc,qID,Q199-0,him,61126,61129,45,248,6,M_1366,Other
1367,exp,exp_name,alice,Alice,61137,61142,0,248,6,M_1367,PROPN
1368,pdnc,qID,Q199-1,he,61157,61159,45,248,6,M_1368,Other
1369,booknlp,COREF,40,she,61186,61189,0,248,6,M_1369,Other
1370,exp,exp_name,the duchess,the Duchess,61312,61323,11,249,6,M_1370,PROPN
1371,exp,exp_name,the cook,the cook,61391,61399,8,249,6,M_1371,PROPN
1372,exp,exp_name,alice,Alice,61537,61542,0,250,6,M_1372,PROPN
1373,booknlp,COREF,40,herself,61551,61558,0,250,6,M_1373,Other
1374,booknlp,COREF,40,she,61571,61574,0,250,6,M_1374,Other
1375,exp,exp_name,the duchess,the Duchess,61648,61659,11,251,6,M_1375,PROPN
1376,exp,exp_name,the baby,the baby,61693,61701,41,251,6,M_1376,PROPN
1377,exp,exp_name,the cook,the cook,61826,61834,8,251,6,M_1377,PROPN
1378,pdnc,qID,Q201-0,you,61929,61932,11,252,6,M_1378,Other
1379,booknlp,COREF,40,me,61938,61940,0,252,6,M_1379,Other
1380,exp,exp_name,alice,Alice,61948,61953,0,252,6,M_1380,PROPN
1381,booknlp,COREF,40,she,61977,61980,0,252,6,M_1381,Other
1382,booknlp,COREF,40,her,62032,62035,0,252,6,M_1382,Other
1383,pdnc,qID,Q201-1,your cat,62057,62065,6,252,6,M_1383,Other
1384,pdnc,qID,Q202-0,It,62086,62088,6,253,6,M_1384,Other
1385,exp,exp_name,cheshire cat,Cheshire cat,62093,62105,6,253,6,M_1385,PROPN
1386,exp,exp_name,the duchess,the Duchess,62113,62124,11,253,6,M_1386,PROPN
1387,pdnc,qID,Q202-1,Pig,62143,62146,41,253,6,M_1387,Other
1388,booknlp,COREF,741,She,62150,62153,11,254,6,M_1388,Other
1389,exp,exp_name,alice,Alice,62204,62209,0,254,6,M_1389,PROPN
1390,booknlp,COREF,40,she,62228,62231,0,254,6,M_1390,Other
1391,exp,exp_name,the baby,the baby,62279,62287,41,254,6,M_1391,PROPN
1392,booknlp,COREF,249,her,62300,62303,41,254,6,M_1392,Other
1393,booknlp,COREF,40,she,62308,62311,0,254,6,M_1393,Other
1394,booknlp,COREF,40,I,62349,62350,0,255,6,M_1394,Other
1395,booknlp,COREF,40,I,62407,62408,0,255,6,M_1395,Other
1396,exp,exp_name,the duchess,the Duchess,62468,62479,11,256,6,M_1396,PROPN
1397,booknlp,COREF,40,I,62505,62506,0,257,6,M_1397,Other
1398,exp,exp_name,alice,Alice,62535,62540,0,257,6,M_1398,PROPN
1399,pdnc,qID,Q206-0,You,62618,62621,0,258,6,M_1399,Other
1400,exp,exp_name,the duchess,the Duchess,62645,62656,11,258,6,M_1400,PROPN
1401,exp,exp_name,alice,Alice,62680,62685,0,259,6,M_1401,PROPN
1402,booknlp,COREF,40,she,62818,62821,0,259,6,M_1402,Other
1403,exp,exp_name,the cook,the cook,62848,62856,8,259,6,M_1403,PROPN
1404,booknlp,COREF,247,her,62948,62951,8,259,6,M_1404,Other
1405,exp,exp_name,the duchess,the Duchess,62961,62972,11,259,6,M_1405,PROPN
1406,exp,exp_name,the baby,the baby,62977,62985,41,259,6,M_1406,PROPN
1407,exp,exp_name,the duchess,The Duchess,63071,63082,11,259,6,M_1407,PROPN
1408,booknlp,COREF,40,her,63125,63128,0,259,6,M_1408,Other
1409,exp,exp_name,the baby,the baby,63134,63142,41,259,6,M_1409,PROPN
1410,pdnc,qID,Q207-0,you,63267,63270,8,260,6,M_1410,Other
1411,exp,exp_name,alice,Alice,63288,63293,0,260,6,M_1411,PROPN
1412,pdnc,qID,Q207-1,his,63354,63357,41,260,6,M_1412,Other
1413,exp,exp_name,the duchess,the Duchess,63500,63511,11,261,6,M_1413,PROPN
1414,exp,exp_name,alice,Alice,63634,63639,0,262,6,M_1414,PROPN
1415,booknlp,COREF,40,her,63709,63712,0,262,6,M_1415,Other
1416,pdnc,qID,Q209-1,You,63787,63790,11,262,6,M_1416,Other
1417,exp,exp_name,the duchess,the Duchess,63883,63894,11,263,6,M_1417,PROPN
1418,pdnc,qID,Q210-1,her,63906,63909,0,263,6,M_1418,Other
1419,exp,exp_name,alice,Alice,63918,63923,0,264,6,M_1419,PROPN
1420,exp,exp_name,the cook,the cook,63952,63960,8,264,6,M_1420,PROPN
1421,booknlp,COREF,247,she,63972,63975,8,264,6,M_1421,Other
1422,exp,exp_name,the cook,the cook,64004,64012,8,264,6,M_1422,PROPN
1423,booknlp,COREF,40,she,64078,64081,0,264,6,M_1423,Other
1424,booknlp,COREF,40,I,64117,64118,0,264,6,M_1424,Other
1425,booknlp,COREF,40,I--,64145,64148,0,264,6,M_1425,PROPN
1426,booknlp,COREF,37,me,64170,64172,11,265,6,M_1426,Other
1427,exp,exp_name,the duchess,the Duchess,64181,64192,11,265,6,M_1427,PROPN
1428,booknlp,COREF,37,I,64195,64196,11,265,6,M_1428,Other
1429,booknlp,COREF,37,she,64239,64242,11,265,6,M_1429,Other
1430,booknlp,COREF,37,her,64257,64260,11,265,6,M_1430,Other
1431,booknlp,COREF,37,she,64309,64312,11,265,6,M_1431,Other
1432,pdnc,qID,Q213-0,your little boy,64396,64411,41,266,6,M_1432,Other
1433,pdnc,qID,Q213-0,him,64426,64429,41,266,6,M_1433,Other
1434,pdnc,qID,Q213-0,he,64435,64437,41,266,6,M_1434,Other
1435,pdnc,qID,Q213-0,He,64447,64449,41,266,6,M_1435,Other
1436,pdnc,qID,Q213-0,he,64485,64487,41,266,6,M_1436,Other
1437,exp,exp_name,the cook,the cook,64526,64534,8,267,6,M_1437,PROPN
1438,exp,exp_name,the baby,the baby,64539,64547,41,267,6,M_1438,PROPN
1439,exp,exp_name,the duchess,the Duchess,64584,64595,11,269,6,M_1439,PROPN
1440,booknlp,COREF,37,she,64631,64634,11,269,6,M_1440,Other
1441,exp,exp_name,the baby,the baby,64648,64656,41,269,6,M_1441,PROPN
1442,exp,exp_name,alice,Alice,64722,64727,0,269,6,M_1442,PROPN
1443,booknlp,COREF,741,I,64761,64762,11,270,6,M_1443,Other
1444,pdnc,qID,Q214-0,my boy,64781,64787,41,270,6,M_1444,Other
1445,booknlp,COREF,741,I,64793,64794,11,270,6,M_1445,Other
1446,pdnc,qID,Q214-0,him,64800,64803,41,270,6,M_1446,Other
1447,pdnc,qID,Q214-0,he,64809,64811,41,270,6,M_1447,Other
1448,pdnc,qID,Q214-0,he,64825,64827,41,270,6,M_1448,Other
1449,pdnc,qID,Q214-0,he,64869,64871,41,270,6,M_1449,Other
1450,pdnc,qID,Q215-0,you,64920,64923,0,273,6,M_1450,Other
1451,pdnc,qID,Q215-0,it,64934,64936,41,273,6,M_1451,Other
1452,pdnc,qID,Q215-0,you,64947,64950,0,273,6,M_1452,Other
1453,exp,exp_name,the duchess,the Duchess,64958,64969,11,273,6,M_1453,PROPN
1454,exp,exp_name,alice,Alice,64978,64983,0,273,6,M_1454,PROPN
1455,exp,exp_name,the baby,the baby,64994,65002,41,273,6,M_1455,PROPN
1456,booknlp,COREF,40,her,65006,65009,0,273,6,M_1456,Other
1457,booknlp,COREF,741,she,65013,65016,11,273,6,M_1457,Other
1458,booknlp,COREF,741,I,65025,65026,11,273,6,M_1458,Other
1459,pdnc,qID,Q215-1,Queen,65074,65079,20,273,6,M_1459,Other
1460,booknlp,COREF,741,she,65086,65089,11,273,6,M_1460,Other
1461,exp,exp_name,the cook,The cook,65115,65123,8,273,6,M_1461,PROPN
1462,booknlp,COREF,741,her,65149,65152,11,273,6,M_1462,Other
1463,booknlp,COREF,741,she,65156,65159,11,273,6,M_1463,Other
1464,booknlp,COREF,741,her,65189,65192,11,273,6,M_1464,Other
1465,exp,exp_name,alice,Alice,65195,65200,0,274,6,M_1465,PROPN
1466,exp,exp_name,the baby,the baby,65208,65216,41,274,6,M_1466,PROPN
1467,exp,exp_name,alice,Alice,65364,65369,0,274,6,M_1467,PROPN
1468,booknlp,COREF,40,she,65431,65434,0,274,6,M_1468,Other
1469,exp,exp_name,two,two,65554,65557,24,274,6,M_1469,PROPN
1470,booknlp,COREF,40,she,65577,65580,0,274,6,M_1470,Other
1471,booknlp,COREF,40,she,65614,65617,0,275,6,M_1471,Other
1472,booknlp,COREF,249,its,65736,65739,41,275,6,M_1472,Other
1473,booknlp,COREF,40,she,65803,65806,0,275,6,M_1473,Other
1474,booknlp,COREF,40,I,65845,65846,0,275,6,M_1474,Other
1475,pdnc,qID,Q216-1,this child,65858,65868,41,275,6,M_1475,Other
1476,booknlp,COREF,40,me,65879,65881,0,275,6,M_1476,Other
1477,exp,exp_name,alice,Alice,65892,65897,0,275,6,M_1477,PROPN
1478,exp,exp_name,two,two,65936,65939,24,275,6,M_1478,PROPN
1479,pdnc,qID,Q217-0,it,65972,65974,41,275,6,M_1479,Other
1480,booknlp,COREF,40,She,65984,65987,0,275,6,M_1480,Other
1481,exp,exp_name,time,time,66090,66094,22,275,6,M_1481,PROPN
1482,exp,exp_name,alice,Alice,66117,66122,0,275,6,M_1482,PROPN
1483,exp,exp_name,the baby,The baby,66182,66190,41,276,6,M_1483,PROPN
1484,exp,exp_name,alice,Alice,66210,66215,0,276,6,M_1484,PROPN
1485,booknlp,COREF,249,its,66243,66246,41,276,6,M_1485,Other
1486,booknlp,COREF,249,it,66284,66286,41,276,6,M_1486,Other
1487,exp,exp_name,alice,Alice,66454,66459,0,276,6,M_1487,PROPN
1488,booknlp,COREF,40,she,66538,66541,0,276,6,M_1488,Other
1489,pdnc,qID,Q220-0,you,66645,66648,41,277,6,M_1489,Other
1490,exp,exp_name,pig,pig,66673,66676,41,277,6,M_1490,PROPN
1491,pdnc,qID,Q220-0,my dear,66678,66685,41,277,6,M_1491,Other
1492,exp,exp_name,alice,Alice,66693,66698,0,277,6,M_1492,PROPN
1493,booknlp,COREF,40,I,66712,66713,0,277,6,M_1493,Other
1494,pdnc,qID,Q220-1,you,66746,66749,41,277,6,M_1494,Other
1495,exp,exp_name,alice,Alice,66888,66893,0,278,6,M_1495,PROPN
1496,booknlp,COREF,40,herself,66925,66932,0,278,6,M_1496,Other
1497,booknlp,COREF,40,I,66948,66949,0,278,6,M_1497,Other
1498,pdnc,qID,Q221-0,this creature,66961,66974,41,278,6,M_1498,Other
1499,booknlp,COREF,40,I,66980,66981,0,278,6,M_1499,Other
1500,booknlp,COREF,40,she,67038,67041,0,278,6,M_1500,Other
1501,booknlp,COREF,249,its,67059,67062,41,278,6,M_1501,Other
1502,exp,exp_name,time,time,67088,67092,22,278,6,M_1502,PROPN
1503,booknlp,COREF,249,it,67127,67129,41,278,6,M_1503,Other
1504,exp,exp_name,pig,pig,67167,67170,41,278,6,M_1504,PROPN
1505,booknlp,COREF,40,she,67176,67179,0,278,6,M_1505,Other
1506,booknlp,COREF,40,her,67219,67222,0,278,6,M_1506,Other
1507,booknlp,COREF,40,she,67248,67251,0,279,6,M_1507,Other
1508,pdnc,qID,Q222-0,it,67353,67355,41,279,6,M_1508,Other
1509,booknlp,COREF,40,she,67371,67374,0,279,6,M_1509,Other
1510,booknlp,COREF,40,herself,67383,67390,0,279,6,M_1510,Other
1511,pdnc,qID,Q222-1,it,67393,67395,41,279,6,M_1511,Other
1512,pdnc,qID,Q222-1,it,67441,67443,41,279,6,M_1512,Other
1513,exp,exp_name,pig,pig,67468,67471,41,279,6,M_1513,PROPN
1514,booknlp,COREF,40,I,67473,67474,0,279,6,M_1514,Other
1515,booknlp,COREF,40,she,67487,67490,0,279,6,M_1515,Other
1516,booknlp,COREF,40,she,67526,67529,0,279,6,M_1516,Other
1517,booknlp,COREF,40,herself,67591,67598,0,279,6,M_1517,Other
1518,booknlp,COREF,40,she,67655,67658,0,279,6,M_1518,Other
1519,exp,exp_name,cheshire cat,Cheshire Cat,67695,67707,6,279,6,M_1519,PROPN
1520,exp,exp_name,the cat,The Cat,67755,67762,6,280,6,M_1520,PROPN
1521,booknlp,COREF,51,it,67781,67783,6,280,6,M_1521,Other
1522,exp,exp_name,alice,Alice,67788,67793,0,280,6,M_1522,PROPN
1523,booknlp,COREF,51,It,67795,67797,6,280,6,M_1523,Other
1524,booknlp,COREF,40,she,67819,67822,0,280,6,M_1524,Other
1525,booknlp,COREF,40,she,67890,67893,0,280,6,M_1525,Other
1526,pdnc,qID,Q224-0,Cheshire Puss,67943,67956,6,281,6,M_1526,PROPN
1527,booknlp,COREF,40,she,67959,67962,0,281,6,M_1527,Other
1528,booknlp,COREF,40,she,67989,67992,0,281,6,M_1528,Other
1529,pdnc,qID,Q225-0,it,68093,68095,6,281,6,M_1529,Other
1530,exp,exp_name,alice,Alice,68123,68128,0,281,6,M_1530,PROPN
1531,booknlp,COREF,40,she,68134,68137,0,281,6,M_1531,Other
1532,pdnc,qID,Q226-0,you,68154,68157,6,281,6,M_1532,Other
1533,booknlp,COREF,40,me,68163,68165,0,281,6,M_1533,Other
1534,booknlp,COREF,40,I,68185,68186,0,281,6,M_1534,Other
1535,pdnc,qID,Q227-0,you,68247,68250,0,282,6,M_1535,Other
1536,exp,exp_name,the cat,the Cat,68273,68280,6,282,6,M_1536,PROPN
1537,booknlp,COREF,40,I,68284,68285,0,283,6,M_1537,Other
1538,exp,exp_name,alice,Alice,68316,68321,0,283,6,M_1538,PROPN
1539,pdnc,qID,Q229-0,you,68358,68361,0,284,6,M_1539,Other
1540,exp,exp_name,the cat,the Cat,68372,68379,6,284,6,M_1540,PROPN
1541,booknlp,COREF,40,I,68396,68397,0,285,6,M_1541,Other
1542,exp,exp_name,alice,Alice,68416,68421,0,285,6,M_1542,PROPN
1543,pdnc,qID,Q231-0,you,68453,68456,0,286,6,M_1543,Other
1544,exp,exp_name,the cat,the Cat,68483,68490,6,286,6,M_1544,PROPN
1545,pdnc,qID,Q231-1,you,68496,68499,0,286,6,M_1545,Other
1546,exp,exp_name,alice,Alice,68525,68530,0,287,6,M_1546,PROPN
1547,booknlp,COREF,40,she,68570,68573,0,287,6,M_1547,Other
1548,exp,exp_name,the cat,the Cat,68661,68668,6,288,6,M_1548,PROPN
1549,pdnc,qID,Q233-1,Hatter,68712,68718,14,288,6,M_1549,Other
1550,pdnc,qID,Q233-2,March Hare,68777,68787,3,288,6,M_1550,PROPN
1551,booknlp,COREF,40,you,68802,68805,0,288,6,M_1551,Other
1552,booknlp,COREF,40,I,68837,68838,0,289,6,M_1552,Other
1553,exp,exp_name,alice,Alice,68875,68880,0,289,6,M_1553,PROPN
1554,pdnc,qID,Q235-0,you,68897,68900,0,290,6,M_1554,Other
1555,exp,exp_name,the cat,the Cat,68924,68931,6,290,6,M_1555,PROPN
1556,pdnc,qID,Q235-1,You,68963,68966,0,290,6,M_1556,Other
1557,pdnc,qID,Q236-0,you,68985,68988,6,291,6,M_1557,Other
1558,booknlp,COREF,40,I,68994,68995,0,291,6,M_1558,Other
1559,exp,exp_name,alice,Alice,69009,69014,0,291,6,M_1559,PROPN
1560,pdnc,qID,Q237-0,You,69018,69021,0,292,6,M_1560,Other
1561,exp,exp_name,the cat,the Cat,69037,69044,6,292,6,M_1561,PROPN
1562,pdnc,qID,Q237-1,you,69050,69053,0,292,6,M_1562,Other
1563,exp,exp_name,alice,Alice,69081,69086,0,293,6,M_1563,PROPN
1564,booknlp,COREF,40,she,69132,69135,0,293,6,M_1564,Other
1565,pdnc,qID,Q238-0,you,69156,69159,6,293,6,M_1565,Other
1566,pdnc,qID,Q238-0,you,69170,69173,6,293,6,M_1566,Other
1567,exp,exp_name,the cat,the Cat,69206,69213,6,294,6,M_1567,PROPN
1568,pdnc,qID,Q239-1,You,69233,69236,0,294,6,M_1568,Other
1569,booknlp,COREF,40,I,69252,69253,0,295,6,M_1569,Other
1570,exp,exp_name,alice,Alice,69272,69277,0,295,6,M_1570,PROPN
1571,exp,exp_name,the cat,the Cat,69294,69301,6,296,6,M_1571,PROPN
1572,pdnc,qID,Q241-1,you,69312,69315,0,296,6,M_1572,Other
1573,booknlp,COREF,51,I,69393,69394,6,296,6,M_1573,Other
1574,booknlp,COREF,51,I,69407,69408,6,296,6,M_1574,Other
1575,booknlp,COREF,51,my,69428,69430,6,296,6,M_1575,Other
1576,booknlp,COREF,51,I,69441,69442,6,296,6,M_1576,Other
1577,booknlp,COREF,51,I,69462,69463,6,296,6,M_1577,Other
1578,booknlp,COREF,40,I,69475,69476,0,297,6,M_1578,Other
1579,exp,exp_name,alice,Alice,69515,69520,0,297,6,M_1579,PROPN
1580,pdnc,qID,Q243-0,you,69537,69540,0,298,6,M_1580,Other
1581,exp,exp_name,the cat,the Cat,69553,69560,6,298,6,M_1581,PROPN
1582,pdnc,qID,Q243-1,you,69566,69569,0,298,6,M_1582,Other
1583,pdnc,qID,Q243-1,the Queen ,69588,69598,20,298,6,M_1583,Other
1584,booknlp,COREF,40,I,69609,69610,0,299,6,M_1584,Other
1585,exp,exp_name,alice,Alice,69643,69648,0,299,6,M_1585,PROPN
1586,booknlp,COREF,40,I,69655,69656,0,299,6,M_1586,Other
1587,pdnc,qID,Q245-0,You,69686,69689,0,300,6,M_1587,Other
1588,exp,exp_name,the cat,the Cat,69713,69720,6,300,6,M_1588,PROPN
1589,exp,exp_name,alice,Alice,69737,69742,0,301,6,M_1589,PROPN
1590,booknlp,COREF,40,she,69775,69778,0,301,6,M_1590,Other
1591,booknlp,COREF,40,she,69832,69835,0,301,6,M_1591,Other
1592,pdnc,qID,Q245-1,the baby,69937,69945,41,302,6,M_1592,Other
1593,exp,exp_name,the cat,the Cat,69953,69960,6,302,6,M_1593,PROPN
1594,pdnc,qID,Q246-0,It,69995,69997,41,303,6,M_1594,Other
1595,exp,exp_name,pig,pig,70012,70015,41,303,6,M_1595,PROPN
1596,exp,exp_name,alice,Alice,70018,70023,0,303,6,M_1596,PROPN
1597,pdnc,qID,Q247-0,it,70096,70098,41,304,6,M_1597,Other
1598,exp,exp_name,the cat,the Cat,70112,70119,6,304,6,M_1598,PROPN
1599,exp,exp_name,alice,Alice,70142,70147,0,305,6,M_1599,PROPN
1600,exp,exp_name,two,two,70242,70245,24,305,6,M_1600,PROPN
1601,booknlp,COREF,40,she,70246,70249,0,305,6,M_1601,Other
1602,exp,exp_name,march hare,March Hare,70290,70300,3,305,6,M_1602,PROPN
1603,booknlp,COREF,40,I,70320,70321,0,305,6,M_1603,Other
1604,booknlp,COREF,40,she,70347,70350,0,305,6,M_1604,Other
1605,booknlp,COREF,40,herself,70359,70366,0,305,6,M_1605,Other
1606,pdnc,qID,Q248-1,the March Hare,70369,70383,3,305,6,M_1606,Other
1607,pdnc,qID,Q248-1,it,70446,70448,3,305,6,M_1607,Other
1608,pdnc,qID,Q248-1,it,70493,70495,3,305,6,M_1608,Other
1609,booknlp,COREF,40,she,70514,70517,0,305,6,M_1609,Other
1610,booknlp,COREF,40,she,70529,70532,0,305,6,M_1610,Other
1611,exp,exp_name,the cat,the Cat,70558,70565,6,305,6,M_1611,PROPN
1612,pdnc,qID,Q249-0,you,70610,70613,0,306,6,M_1612,Other
1613,exp,exp_name,pig,pig,70618,70621,41,306,6,M_1613,PROPN
1614,exp,exp_name,the cat,the Cat,70637,70644,6,306,6,M_1614,PROPN
1615,booknlp,COREF,40,I,70648,70649,0,307,6,M_1615,Other
1616,exp,exp_name,pig,pig,70655,70658,41,307,6,M_1616,PROPN
1617,exp,exp_name,alice,Alice,70669,70674,0,307,6,M_1617,PROPN
1618,booknlp,COREF,40,I,70681,70682,0,307,6,M_1618,Other
1619,pdnc,qID,Q250-1,you,70688,70691,6,307,6,M_1619,Other
1620,pdnc,qID,Q250-1,you,70743,70746,6,307,6,M_1620,Other
1621,exp,exp_name,the cat,the Cat,70789,70796,6,308,6,M_1621,PROPN
1622,exp,exp_name,time,time,70807,70811,22,308,6,M_1622,PROPN
1623,exp,exp_name,time,time,70920,70924,22,308,6,M_1623,PROPN
1624,booknlp,COREF,40,I,70964,70965,0,309,6,M_1624,Other
1625,exp,exp_name,alice,Alice,71011,71016,0,309,6,M_1625,PROPN
1626,booknlp,COREF,40,I,71073,71074,0,309,6,M_1626,Other
1627,booknlp,COREF,40,my,71087,71089,0,309,6,M_1627,Other
1628,booknlp,COREF,40,She,71098,71101,0,310,6,M_1628,Other
1629,booknlp,COREF,40,she,71135,71138,0,310,6,M_1629,Other
1630,exp,exp_name,march hare,March Hare,71173,71183,3,310,6,M_1630,PROPN
1631,booknlp,COREF,40,she,71185,71188,0,310,6,M_1631,Other
1632,booknlp,COREF,40,she,71334,71337,0,310,6,M_1632,Other
1633,booknlp,COREF,40,she,71369,71372,0,310,6,M_1633,Other
1634,booknlp,COREF,40,herself,71439,71446,0,310,6,M_1634,Other
1635,exp,exp_name,two,two,71456,71459,24,310,6,M_1635,PROPN
1636,booknlp,COREF,40,she,71481,71484,0,310,6,M_1636,Other
1637,booknlp,COREF,40,herself,71532,71539,0,310,6,M_1637,Other
1638,pdnc,qID,Q253-0,it,71549,71551,3,310,6,M_1638,Other
1639,booknlp,COREF,40,I,71584,71585,0,310,6,M_1639,Other
1640,booknlp,COREF,40,I,71598,71599,0,310,6,M_1640,Other
1641,pdnc,qID,Q253-0,Hatter,71618,71624,14,310,6,M_1641,Other
1642,exp,exp_name,march hare,March Hare,71737,71747,3,312,7,M_1642,PROPN
1643,exp,exp_name,the hatter,the Hatter,71752,71762,14,312,7,M_1643,PROPN
1644,exp,exp_name,a dormouse,a Dormouse,71786,71796,10,312,7,M_1644,PROPN
1645,exp,exp_name,two,two,71850,71853,24,312,7,M_1645,PROPN
1646,exp,exp_name,the dormouse,the Dormouse,71961,71973,10,312,7,M_1646,PROPN
1647,exp,exp_name,alice,Alice,71984,71989,0,312,7,M_1647,PROPN
1648,booknlp,COREF,40,I,72014,72015,0,312,7,M_1648,Other
1649,exp,exp_name,alice,Alice,72180,72185,0,313,7,M_1649,PROPN
1650,exp,exp_name,alice,Alice,72227,72232,0,313,7,M_1650,PROPN
1651,booknlp,COREF,40,she,72250,72253,0,313,7,M_1651,Other
1652,exp,exp_name,march hare,March Hare,72332,72342,3,314,7,M_1652,PROPN
1653,exp,exp_name,alice,Alice,72373,72378,0,315,7,M_1653,PROPN
1654,booknlp,COREF,40,I,72445,72446,0,315,7,M_1654,Other
1655,booknlp,COREF,40,she,72468,72471,0,315,7,M_1655,Other
1656,exp,exp_name,march hare,March Hare,72511,72521,3,316,7,M_1656,PROPN
1657,pdnc,qID,Q259-0,you,72554,72557,3,317,7,M_1657,Other
1658,exp,exp_name,alice,Alice,72577,72582,0,317,7,M_1658,PROPN
1659,pdnc,qID,Q260-0,you,72618,72621,0,318,7,M_1659,Other
1660,exp,exp_name,march hare,March Hare,72667,72677,3,318,7,M_1660,PROPN
1661,booknlp,COREF,40,I,72681,72682,0,319,7,M_1661,Other
1662,pdnc,qID,Q261-0,your,72703,72707,3,319,7,M_1662,Other
1663,exp,exp_name,alice,Alice,72722,72727,0,319,7,M_1663,PROPN
1664,booknlp,COREF,40,Your,72777,72781,0,320,7,M_1664,Other
1665,exp,exp_name,the hatter,the Hatter,72808,72818,14,320,7,M_1665,PROPN
1666,booknlp,COREF,54,He,72820,72822,14,320,7,M_1666,Other
1667,exp,exp_name,alice,Alice,72843,72848,0,320,7,M_1667,PROPN
1668,exp,exp_name,time,time,72858,72862,22,320,7,M_1668,PROPN
1669,booknlp,COREF,54,his,72898,72901,14,320,7,M_1669,Other
1670,pdnc,qID,Q263-0,You,72918,72921,14,321,7,M_1670,Other
1671,exp,exp_name,alice,Alice,72966,72971,0,321,7,M_1671,PROPN
1672,exp,exp_name,the hatter,The Hatter,73016,73026,14,322,7,M_1672,PROPN
1673,booknlp,COREF,54,his,73034,73037,14,322,7,M_1673,Other
1674,booknlp,COREF,54,he,73078,73080,14,322,7,M_1674,Other
1675,exp,exp_name,alice,Alice,73176,73181,0,323,7,M_1675,PROPN
1676,booknlp,COREF,40,I,73184,73185,0,323,7,M_1676,Other
1677,booknlp,COREF,40,I,73234,73235,0,323,7,M_1677,Other
1678,booknlp,COREF,40,she,73253,73256,0,323,7,M_1678,Other
1679,pdnc,qID,Q267-0,you,73275,73278,0,324,7,M_1679,Other
1680,pdnc,qID,Q267-0,you,73289,73292,0,324,7,M_1680,Other
1681,pdnc,qID,Q267-0,you,73299,73302,0,324,7,M_1681,Other
1682,exp,exp_name,march hare,March Hare,73344,73354,3,324,7,M_1682,PROPN
1683,exp,exp_name,alice,Alice,73376,73381,0,325,7,M_1683,PROPN
1684,pdnc,qID,Q269-0,you,73390,73393,0,326,7,M_1684,Other
1685,pdnc,qID,Q269-0,you,73410,73413,0,326,7,M_1685,Other
1686,exp,exp_name,march hare,March Hare,73425,73435,3,326,7,M_1686,PROPN
1687,booknlp,COREF,40,I,73447,73448,0,327,7,M_1687,Other
1688,exp,exp_name,alice,Alice,73454,73459,0,327,7,M_1688,PROPN
1689,booknlp,COREF,40,I,73497,73498,0,327,7,M_1689,Other
1690,booknlp,COREF,40,I,73509,73510,0,327,7,M_1690,Other
1691,pdnc,qID,Q270-1,you,73539,73542,3,327,7,M_1691,Other
1692,exp,exp_name,the hatter,the Hatter,73584,73594,14,328,7,M_1692,PROPN
1693,pdnc,qID,Q271-1,You,73597,73600,0,328,7,M_1693,Other
1694,booknlp,COREF,54,I,73630,73631,14,328,7,M_1694,Other
1695,booknlp,COREF,54,I,73641,73642,14,328,7,M_1695,Other
1696,booknlp,COREF,54,I,73670,73671,14,328,7,M_1696,Other
1697,booknlp,COREF,54,I,73681,73682,14,328,7,M_1697,Other
1698,pdnc,qID,Q272-0,You,73692,73695,0,329,7,M_1698,Other
1699,exp,exp_name,march hare,March Hare,73731,73741,3,329,7,M_1699,PROPN
1700,pdnc,qID,Q273-0,You,73814,73817,0,330,7,M_1700,Other
1701,exp,exp_name,the dormouse,the Dormouse,73849,73861,10,330,7,M_1701,PROPN
1702,booknlp,COREF,55,I,73909,73910,10,330,7,M_1702,Other
1703,booknlp,COREF,55,I,73924,73925,10,330,7,M_1703,Other
1704,booknlp,COREF,55,I,73955,73956,10,330,7,M_1704,Other
1705,booknlp,COREF,55,I,73968,73969,10,330,7,M_1705,Other
1706,pdnc,qID,Q274-0,you,74011,74014,10,331,7,M_1706,Other
1707,exp,exp_name,the hatter,the Hatter,74022,74032,14,331,7,M_1707,PROPN
1708,exp,exp_name,alice,Alice,74114,74119,0,331,7,M_1708,PROPN
1709,booknlp,COREF,40,she,74137,74140,0,331,7,M_1709,Other
1710,exp,exp_name,the hatter,The Hatter,74208,74218,14,332,7,M_1710,PROPN
1711,booknlp,COREF,54,he,74286,74288,14,332,7,M_1711,Other
1712,exp,exp_name,alice,Alice,74306,74311,0,332,7,M_1712,PROPN
1713,booknlp,COREF,54,he,74313,74315,14,332,7,M_1713,Other
1714,booknlp,COREF,54,his,74326,74329,14,332,7,M_1714,Other
1715,booknlp,COREF,54,his,74343,74346,14,332,7,M_1715,Other
1716,booknlp,COREF,54,his,74436,74439,14,332,7,M_1716,Other
1717,exp,exp_name,alice,Alice,74446,74451,0,333,7,M_1717,PROPN
1718,exp,exp_name,two,Two,74503,74506,24,334,7,M_1718,PROPN
1719,exp,exp_name,the hatter,the Hatter,74527,74537,14,334,7,M_1719,PROPN
1720,booknlp,COREF,54,I,74540,74541,14,334,7,M_1720,Other
1721,pdnc,qID,Q277-1,you,74547,74550,3,334,7,M_1721,Other
1722,booknlp,COREF,54,he,74584,74586,14,334,7,M_1722,Other
1723,exp,exp_name,march hare,March Hare,74616,74626,3,334,7,M_1723,PROPN
1724,exp,exp_name,march hare,March Hare,74661,74671,3,335,7,M_1724,PROPN
1725,exp,exp_name,the hatter,the Hatter,74738,74748,14,336,7,M_1725,PROPN
1726,pdnc,qID,Q279-1,you,74760,74763,3,336,7,M_1726,Other
1727,exp,exp_name,march hare,March Hare,74817,74827,3,337,7,M_1727,PROPN
1728,booknlp,COREF,54,his,74982,74985,14,337,7,M_1728,Other
1729,booknlp,COREF,40,you,75027,75030,0,337,7,M_1729,Other
1730,exp,exp_name,alice,Alice,75039,75044,0,338,7,M_1730,PROPN
1731,booknlp,COREF,54,his,75067,75070,14,338,7,M_1731,Other
1732,booknlp,COREF,40,she,75123,75126,0,338,7,M_1732,Other
1733,exp,exp_name,the hatter,the Hatter,75234,75244,14,339,7,M_1733,PROPN
1734,pdnc,qID,Q282-1,your,75253,75257,0,339,7,M_1734,Other
1735,pdnc,qID,Q282-1,you,75270,75273,0,339,7,M_1735,Other
1736,exp,exp_name,alice,Alice,75310,75315,0,340,7,M_1736,PROPN
1737,exp,exp_name,time,time,75397,75401,22,340,7,M_1737,PROPN
1738,exp,exp_name,the hatter,the Hatter,75457,75467,14,341,7,M_1738,PROPN
1739,exp,exp_name,alice,Alice,75470,75475,0,342,7,M_1739,PROPN
1740,exp,exp_name,the hatter,The Hatter,75501,75511,14,342,7,M_1740,PROPN
1741,booknlp,COREF,40,I,75597,75598,0,342,7,M_1741,Other
1742,pdnc,qID,Q285-0,you,75622,75625,14,342,7,M_1742,Other
1743,booknlp,COREF,40,she,75628,75631,0,342,7,M_1743,Other
1744,booknlp,COREF,40,she,75653,75656,0,342,7,M_1744,Other
1745,pdnc,qID,Q286-0,The Dormouse,75666,75678,10,343,7,M_1745,Other
1746,exp,exp_name,the hatter,the Hatter,75702,75712,14,343,7,M_1746,PROPN
1747,booknlp,COREF,54,he,75718,75720,14,343,7,M_1747,Other
1748,exp,exp_name,the dormouse,The Dormouse,75761,75773,10,344,7,M_1748,PROPN
1749,booknlp,COREF,55,its,75780,75783,10,344,7,M_1749,Other
1750,booknlp,COREF,55,its,75828,75831,10,344,7,M_1750,Other
1751,booknlp,COREF,55,I,75871,75872,10,344,7,M_1751,Other
1752,booknlp,COREF,55,myself,75893,75899,10,344,7,M_1752,Other
1753,pdnc,qID,Q288-0,you,75909,75912,0,345,7,M_1753,Other
1754,exp,exp_name,the hatter,the Hatter,75938,75948,14,345,7,M_1754,PROPN
1755,exp,exp_name,alice,Alice,75966,75971,0,345,7,M_1755,PROPN
1756,booknlp,COREF,40,I,75985,75986,0,346,7,M_1756,Other
1757,exp,exp_name,alice,Alice,76000,76005,0,346,7,M_1757,PROPN
1758,booknlp,COREF,54,I,76038,76039,14,347,7,M_1758,Other
1759,exp,exp_name,the hatter,the Hatter,76074,76084,14,347,7,M_1759,PROPN
1760,exp,exp_name,march hare,March Hare,76105,76115,3,348,7,M_1760,PROPN
1761,exp,exp_name,alice,Alice,76118,76123,0,349,7,M_1761,PROPN
1762,booknlp,COREF,40,I,76141,76142,0,349,7,M_1762,Other
1763,pdnc,qID,Q292-0,you,76149,76152,14,349,7,M_1763,Other
1764,exp,exp_name,time,time,76188,76192,22,349,7,M_1764,PROPN
1765,booknlp,COREF,40,she,76195,76198,0,349,7,M_1765,Other
1766,pdnc,qID,Q293-0,you,76266,76269,0,350,7,M_1766,Other
1767,pdnc,qID,Q293-0,Time,76275,76279,22,350,7,M_1767,Other
1768,booknlp,COREF,54,I,76291,76292,14,350,7,M_1768,Other
1769,exp,exp_name,the hatter,the Hatter,76303,76313,14,350,7,M_1769,PROPN
1770,pdnc,qID,Q293-1,you,76316,76319,0,350,7,M_1770,Other
1771,pdnc,qID,Q293-1,it,76349,76351,22,350,7,M_1771,Other
1772,pdnc,qID,Q293-1,It,76354,76356,22,350,7,M_1772,Other
1773,pdnc,qID,Q293-1,him,76360,76363,22,350,7,M_1773,Other
1774,booknlp,COREF,40,I,76369,76370,0,351,7,M_1774,Other
1775,pdnc,qID,Q294-0,you,76387,76390,14,351,7,M_1775,Other
1776,exp,exp_name,alice,Alice,76403,76408,0,351,7,M_1776,PROPN
1777,pdnc,qID,Q295-0,you,76422,76425,0,352,7,M_1777,Other
1778,exp,exp_name,the hatter,the Hatter,76434,76444,14,352,7,M_1778,PROPN
1779,pdnc,qID,Q295-1,you,76496,76499,0,352,7,M_1779,Other
1780,pdnc,qID,Q295-1,Time,76520,76524,22,352,7,M_1780,Other
1781,exp,exp_name,alice,Alice,76543,76548,0,353,7,M_1781,PROPN
1782,booknlp,COREF,40,I,76574,76575,0,353,7,M_1782,Other
1783,booknlp,COREF,40,I,76581,76582,0,353,7,M_1783,Other
1784,exp,exp_name,time,time,76596,76600,22,353,7,M_1784,PROPN
1785,booknlp,COREF,40,I,76606,76607,0,353,7,M_1785,Other
1786,exp,exp_name,the hatter,the Hatter,76656,76666,14,354,7,M_1786,PROPN
1787,pdnc,qID,Q297-1,He,76669,76671,22,354,7,M_1787,Other
1788,pdnc,qID,Q297-1,you,76701,76704,0,354,7,M_1788,Other
1789,pdnc,qID,Q297-1,him,76734,76737,22,354,7,M_1789,Other
1790,pdnc,qID,Q297-1,he,76739,76741,22,354,7,M_1790,Other
1791,pdnc,qID,Q297-1,you,76763,76766,0,354,7,M_1791,Other
1792,exp,exp_name,time,time,76853,76857,22,354,7,M_1792,PROPN
1793,pdnc,qID,Q297-1,you,76876,76879,0,354,7,M_1793,Other
1794,pdnc,qID,Q297-1,Time,76913,76917,22,354,7,M_1794,Other
1795,exp,exp_name,time,time,76975,76979,22,354,7,M_1795,PROPN
1796,exp,exp_name,march hare,March Hare,77021,77031,3,355,7,M_1796,PROPN
1797,exp,exp_name,alice,Alice,77102,77107,0,356,7,M_1797,PROPN
1798,booknlp,COREF,40,I,77133,77134,0,356,7,M_1798,Other
1799,pdnc,qID,Q299-1,you,77163,77166,14,356,7,M_1799,Other
1800,exp,exp_name,the hatter,the Hatter,77205,77215,14,357,7,M_1800,PROPN
1801,pdnc,qID,Q300-1,you,77222,77225,0,357,7,M_1801,Other
1802,pdnc,qID,Q300-1,you,77268,77271,0,357,7,M_1802,Other
1803,pdnc,qID,Q301-0,you,77299,77302,14,358,7,M_1803,Other
1804,exp,exp_name,alice,Alice,77313,77318,0,358,7,M_1804,PROPN
1805,exp,exp_name,the hatter,The Hatter,77327,77337,14,359,7,M_1805,PROPN
1806,booknlp,COREF,54,his,77344,77347,14,359,7,M_1806,Other
1807,booknlp,COREF,54,I,77370,77371,14,359,7,M_1807,Other
1808,booknlp,COREF,54,he,77374,77376,14,359,7,M_1808,Other
1809,booknlp,COREF,54,he,77426,77428,14,359,7,M_1809,Other
1810,pdnc,qID,Q302-1,you,77440,77443,0,359,7,M_1810,Other
1811,booknlp,COREF,54,his,77467,77470,14,359,7,M_1811,Other
1812,exp,exp_name,march hare,March Hare,77488,77498,3,359,7,M_1812,PROPN
1813,pdnc,qID,Q302-2,the Queen of Hearts,77541,77560,20,359,7,M_1813,Other
1814,booknlp,COREF,54,I,77566,77567,14,359,7,M_1814,Other
1815,pdnc,qID,Q302-3,You,77644,77647,0,361,7,M_1815,Other
1816,booknlp,COREF,40,I,77675,77676,0,362,7,M_1816,Other
1817,exp,exp_name,alice,Alice,77711,77716,0,362,7,M_1817,PROPN
1818,pdnc,qID,Q304-0,you,77732,77735,0,363,7,M_1818,Other
1819,exp,exp_name,the hatter,the Hatter,77743,77753,14,363,7,M_1819,PROPN
1820,exp,exp_name,the dormouse,the Dormouse,77887,77899,10,365,7,M_1820,PROPN
1821,booknlp,COREF,55,itself,77906,77912,10,365,7,M_1821,Other
1822,booknlp,COREF,54,I,78057,78058,14,366,7,M_1822,Other
1823,exp,exp_name,the hatter,the Hatter,78100,78110,14,366,7,M_1823,PROPN
1824,exp,exp_name,the queen,the Queen,78118,78127,20,366,7,M_1824,PROPN
1825,exp,exp_name,time,time,78174,78178,22,366,7,M_1825,PROPN
1826,pdnc,qID,Q306-1,his,78189,78192,14,366,7,M_1826,Other
1827,exp,exp_name,alice,Alice,78237,78242,0,367,7,M_1827,PROPN
1828,exp,exp_name,the hatter,the Hatter,78268,78278,14,368,7,M_1828,PROPN
1829,pdnc,qID,Q308-1,he,78308,78310,22,368,7,M_1829,Other
1830,exp,exp_name,alice,Alice,78390,78395,0,369,7,M_1830,PROPN
1831,booknlp,COREF,40,she,78462,78465,0,369,7,M_1831,Other
1832,exp,exp_name,the hatter,the Hatter,78497,78507,14,370,7,M_1832,PROPN
1833,exp,exp_name,time,time,78538,78542,22,370,7,M_1833,PROPN
1834,exp,exp_name,time,time,78557,78561,22,370,7,M_1834,PROPN
1835,booknlp,COREF,54,you,78605,78608,14,371,7,M_1835,Other
1836,booknlp,COREF,40,I,78628,78629,0,371,7,M_1836,Other
1837,exp,exp_name,alice,Alice,78645,78650,0,371,7,M_1837,PROPN
1838,exp,exp_name,the hatter,the Hatter,78672,78682,14,372,7,M_1838,PROPN
1839,booknlp,COREF,54,you,78737,78740,14,373,7,M_1839,Other
1840,exp,exp_name,alice,Alice,78771,78776,0,373,7,M_1840,PROPN
1841,exp,exp_name,march hare,March Hare,78832,78842,3,374,7,M_1841,PROPN
1842,pdnc,qID,Q314-1,the young lady,78900,78914,0,374,7,M_1842,Other
1843,booknlp,COREF,40,I,78936,78937,0,375,7,M_1843,Other
1844,booknlp,COREF,40,I,78947,78948,0,375,7,M_1844,Other
1845,exp,exp_name,alice,Alice,78971,78976,0,375,7,M_1845,PROPN
1846,exp,exp_name,the dormouse,the Dormouse,79017,79029,10,376,7,M_1846,PROPN
1847,booknlp,COREF,55,Dormouse,79065,79073,10,376,7,M_1847,Other
1848,exp,exp_name,the dormouse,The Dormouse,79120,79132,10,377,7,M_1848,PROPN
1849,exp,exp_name,march hare,March Hare,79286,79296,3,378,7,M_1849,PROPN
1850,exp,exp_name,alice,Alice,79325,79330,0,379,7,M_1850,PROPN
1851,exp,exp_name,the hatter,the Hatter,79364,79374,14,380,7,M_1851,PROPN
1852,pdnc,qID,Q319-1,you,79380,79383,10,380,7,M_1852,Other
1853,exp,exp_name,time,time,79436,79440,22,381,7,M_1853,PROPN
1854,exp,exp_name,the dormouse,the Dormouse,79475,79487,10,381,7,M_1854,PROPN
1855,booknlp,COREF,40,Elsie,79534,79539,0,381,7,M_1855,PROPN
1856,exp,exp_name,alice,Alice,79633,79638,0,382,7,M_1856,PROPN
1857,exp,exp_name,the dormouse,the Dormouse,79741,79753,10,383,7,M_1857,PROPN
1858,exp,exp_name,two,two,79782,79785,24,383,7,M_1858,PROPN
1859,pdnc,qID,Q323-0,you,79819,79822,10,384,7,M_1859,Other
1860,exp,exp_name,alice,Alice,79830,79835,0,384,7,M_1860,PROPN
1861,exp,exp_name,the dormouse,the Dormouse,79899,79911,10,385,7,M_1861,PROPN
1862,exp,exp_name,alice,Alice,79928,79933,0,386,7,M_1862,PROPN
1863,booknlp,COREF,40,herself,79952,79959,0,386,7,M_1863,Other
1864,booknlp,COREF,40,her,80032,80035,0,386,7,M_1864,Other
1865,booknlp,COREF,40,she,80049,80052,0,386,7,M_1865,Other
1866,exp,exp_name,march hare,March Hare,80138,80148,3,387,7,M_1866,PROPN
1867,exp,exp_name,alice,Alice,80157,80162,0,387,7,M_1867,PROPN
1868,booknlp,COREF,40,I,80182,80183,0,388,7,M_1868,Other
1869,exp,exp_name,alice,Alice,80205,80210,0,388,7,M_1869,PROPN
1870,booknlp,COREF,40,I,80244,80245,0,388,7,M_1870,Other
1871,pdnc,qID,Q328-0,You,80266,80269,0,389,7,M_1871,Other
1872,pdnc,qID,Q328-0,you,80275,80278,0,389,7,M_1872,Other
1873,exp,exp_name,the hatter,the Hatter,80304,80314,14,389,7,M_1873,PROPN
1874,pdnc,qID,Q329-0,your,80378,80382,14,390,7,M_1874,Other
1875,exp,exp_name,alice,Alice,80399,80404,0,390,7,M_1875,PROPN
1876,exp,exp_name,the hatter,the Hatter,80444,80454,14,391,7,M_1876,PROPN
1877,exp,exp_name,alice,Alice,80476,80481,0,392,7,M_1877,PROPN
1878,booknlp,COREF,40,she,80525,80528,0,392,7,M_1878,Other
1879,booknlp,COREF,40,herself,80536,80543,0,392,7,M_1879,Other
1880,exp,exp_name,the dormouse,the Dormouse,80597,80609,10,392,7,M_1880,PROPN
1881,booknlp,COREF,40,her,80624,80627,0,392,7,M_1881,Other
1882,exp,exp_name,the dormouse,The Dormouse,80684,80696,10,393,7,M_1882,PROPN
1883,exp,exp_name,two,two,80720,80723,24,393,7,M_1883,PROPN
1884,exp,exp_name,alice,Alice,80809,80814,0,394,7,M_1884,PROPN
1885,exp,exp_name,the hatter,the Hatter,80847,80857,14,394,7,M_1885,PROPN
1886,exp,exp_name,march hare,March Hare,80866,80876,3,394,7,M_1886,PROPN
1887,exp,exp_name,the dormouse,the Dormouse,80896,80908,10,394,7,M_1887,PROPN
1888,pdnc,qID,Q334-0,you,80931,80934,0,394,7,M_1888,Other
1889,pdnc,qID,Q334-0,you,80951,80954,0,394,7,M_1889,Other
1890,booknlp,COREF,40,yourself,80985,80993,0,394,7,M_1890,Other
1891,exp,exp_name,alice,Alice,81017,81022,0,395,7,M_1891,PROPN
1892,booknlp,COREF,40,I,81042,81043,0,395,7,M_1892,Other
1893,booknlp,COREF,40,I,81067,81068,0,395,7,M_1893,Other
1894,exp,exp_name,the dormouse,the Dormouse,81120,81132,10,396,7,M_1894,PROPN
1895,exp,exp_name,alice,Alice,81282,81287,0,397,7,M_1895,PROPN
1896,booknlp,COREF,40,her,81306,81309,0,397,7,M_1896,Other
1897,exp,exp_name,the dormouse,the Dormouse,81336,81348,10,398,7,M_1897,PROPN
1898,exp,exp_name,time,time,81382,81386,22,398,7,M_1898,PROPN
1899,exp,exp_name,the hatter,the Hatter,81423,81433,14,399,7,M_1899,PROPN
1900,exp,exp_name,the dormouse,the Dormouse,81496,81508,10,400,7,M_1900,PROPN
1901,exp,exp_name,march hare,March Hare,81527,81537,3,400,7,M_1901,PROPN
1902,exp,exp_name,the dormouse,the Dormouse,81549,81561,10,400,7,M_1902,PROPN
1903,exp,exp_name,alice,Alice,81575,81580,0,400,7,M_1903,PROPN
1904,exp,exp_name,march hare,March Hare,81622,81632,3,400,7,M_1904,PROPN
1905,exp,exp_name,the hatter,The Hatter,81634,81644,14,400,7,M_1905,PROPN
1906,exp,exp_name,alice,Alice,81705,81710,0,400,7,M_1906,PROPN
1907,exp,exp_name,march hare,March Hare,81757,81767,3,400,7,M_1907,PROPN
1908,exp,exp_name,alice,Alice,81813,81818,0,401,7,M_1908,PROPN
1909,exp,exp_name,the dormouse,the Dormouse,81842,81854,10,401,7,M_1909,PROPN
1910,booknlp,COREF,40,she,81865,81868,0,401,7,M_1910,Other
1911,booknlp,COREF,40,I,81897,81898,0,401,7,M_1911,Other
1912,booknlp,COREF,40,You,81958,81961,0,402,7,M_1912,Other
1913,exp,exp_name,the hatter,the Hatter,82004,82014,14,402,7,M_1913,PROPN
1914,booknlp,COREF,54,I,82020,82021,14,402,7,M_1914,Other
1915,booknlp,COREF,40,you,82035,82038,0,402,7,M_1915,Other
1916,pdnc,qID,Q342-1,stupid,82085,82091,0,402,7,M_1916,Other
1917,exp,exp_name,alice,Alice,82126,82131,0,403,7,M_1917,PROPN
1918,exp,exp_name,the dormouse,the Dormouse,82140,82152,10,403,7,M_1918,PROPN
1919,exp,exp_name,the dormouse,the Dormouse,82224,82236,10,404,7,M_1919,PROPN
1920,exp,exp_name,alice,Alice,82281,82286,0,405,7,M_1920,PROPN
1921,booknlp,COREF,40,she,82293,82296,0,405,7,M_1921,Other
1922,exp,exp_name,the dormouse,the Dormouse,82301,82313,10,405,7,M_1922,PROPN
1923,exp,exp_name,time,time,82329,82333,22,405,7,M_1923,PROPN
1924,exp,exp_name,the dormouse,the Dormouse,82390,82402,10,406,7,M_1924,PROPN
1925,exp,exp_name,alice,Alice,82570,82575,0,407,7,M_1925,PROPN
1926,exp,exp_name,march hare,March Hare,82598,82608,3,408,7,M_1926,PROPN
1927,exp,exp_name,alice,Alice,82611,82616,0,409,7,M_1927,PROPN
1928,exp,exp_name,the dormouse,The Dormouse,82630,82642,10,410,7,M_1928,PROPN
1929,booknlp,COREF,55,its,82654,82657,10,410,7,M_1929,Other
1930,exp,exp_name,time,time,82671,82675,22,410,7,M_1930,PROPN
1931,exp,exp_name,the hatter,the Hatter,82733,82743,14,410,7,M_1931,PROPN
1932,pdnc,qID,Q348-0,you,82884,82887,0,410,7,M_1932,Other
1933,pdnc,qID,Q348-0,you,82893,82896,0,410,7,M_1933,Other
1934,pdnc,qID,Q348-1,you,82938,82941,0,410,7,M_1934,Other
1935,pdnc,qID,Q349-0,you,83007,83010,10,411,7,M_1935,Other
1936,booknlp,COREF,40,me,83015,83017,0,411,7,M_1936,Other
1937,exp,exp_name,alice,Alice,83025,83030,0,411,7,M_1937,PROPN
1938,booknlp,COREF,40,I,83053,83054,0,411,7,M_1938,Other
1939,pdnc,qID,Q350-0,you,83077,83080,0,412,7,M_1939,Other
1940,exp,exp_name,the hatter,the Hatter,83103,83113,14,412,7,M_1940,PROPN
1941,exp,exp_name,alice,Alice,83153,83158,0,413,7,M_1941,PROPN
1942,booknlp,COREF,40,she,83171,83174,0,413,7,M_1942,Other
1943,exp,exp_name,the dormouse,the Dormouse,83216,83228,10,413,7,M_1943,PROPN
1944,booknlp,COREF,40,her,83303,83306,0,413,7,M_1944,Other
1945,booknlp,COREF,40,she,83321,83324,0,413,7,M_1945,Other
1946,booknlp,COREF,40,her,83391,83394,0,413,7,M_1946,Other
1947,exp,exp_name,time,time,83405,83409,22,413,7,M_1947,PROPN
1948,booknlp,COREF,40,she,83410,83413,0,413,7,M_1948,Other
1949,exp,exp_name,the dormouse,the Dormouse,83448,83460,10,413,7,M_1949,PROPN
1950,booknlp,COREF,40,I,83492,83493,0,414,7,M_1950,Other
1951,exp,exp_name,alice,Alice,83527,83532,0,414,7,M_1951,PROPN
1952,booknlp,COREF,40,she,83536,83539,0,414,7,M_1952,Other
1953,booknlp,COREF,40,her,83547,83550,0,414,7,M_1953,Other
1954,booknlp,COREF,40,I,83603,83604,0,414,7,M_1954,Other
1955,booknlp,COREF,40,my,83624,83626,0,414,7,M_1955,Other
1956,booknlp,COREF,40,she,83643,83646,0,415,7,M_1956,Other
1957,booknlp,COREF,40,she,83658,83661,0,415,7,M_1957,Other
1958,booknlp,COREF,40,she,83749,83752,0,415,7,M_1958,Other
1959,booknlp,COREF,40,I,83795,83796,0,415,7,M_1959,Other
1960,booknlp,COREF,40,I,83803,83804,0,415,7,M_1960,Other
1961,booknlp,COREF,40,she,83840,83843,0,415,7,M_1961,Other
1962,booknlp,COREF,40,she,83861,83864,0,416,7,M_1962,Other
1963,booknlp,COREF,40,herself,83871,83878,0,416,7,M_1963,Other
1964,booknlp,COREF,40,I,83940,83941,0,416,7,M_1964,Other
1965,exp,exp_name,time,time,83964,83968,22,416,7,M_1965,PROPN
1966,booknlp,COREF,40,she,83971,83974,0,416,7,M_1966,Other
1967,booknlp,COREF,40,herself,83983,83990,0,416,7,M_1967,Other
1968,booknlp,COREF,40,she,84089,84092,0,416,7,M_1968,Other
1969,booknlp,COREF,40,she,84132,84135,0,416,7,M_1969,Other
1970,booknlp,COREF,40,her,84162,84165,0,416,7,M_1970,Other
1971,booknlp,COREF,40,she,84179,84182,0,416,7,M_1971,Other
1972,booknlp,COREF,40,she,84211,84214,0,416,7,M_1972,Other
1973,booknlp,COREF,40,herself,84269,84276,0,416,7,M_1973,Other
1974,exp,exp_name,the queen,The Queen,84381,84390,20,417,8,M_1974,PROPN
1975,exp,exp_name,alice,Alice,84567,84572,0,418,8,M_1975,PROPN
1976,booknlp,COREF,40,she,84612,84615,0,418,8,M_1976,Other
1977,booknlp,COREF,40,she,84655,84658,0,418,8,M_1977,Other
1978,booknlp,COREF,40,she,84675,84678,0,418,8,M_1978,Other
1979,pdnc,qID,Q354-0,Five,84717,84721,2,418,8,M_1979,Other
1980,booknlp,COREF,342,I,84770,84771,2,419,8,M_1980,Other
1981,exp,exp_name,five,Five,84796,84800,2,419,8,M_1981,PROPN
1982,pdnc,qID,Q355-1,Seven,84820,84825,5,419,8,M_1982,Other
1983,booknlp,COREF,342,my,84833,84835,2,419,8,M_1983,Other
1984,exp,exp_name,seven,Seven,84854,84859,5,420,8,M_1984,PROPN
1985,pdnc,qID,Q356-0,Five,84895,84899,2,420,8,M_1985,Other
1986,pdnc,qID,Q357-0,You,84937,84940,5,421,8,M_1986,Other
1987,exp,exp_name,five,Five,84967,84971,2,421,8,M_1987,PROPN
1988,booknlp,COREF,344,I,84974,84975,2,421,8,M_1988,Other
1989,pdnc,qID,Q357-1,the Queen,84982,84991,20,421,8,M_1989,Other
1990,pdnc,qID,Q357-1,you,85011,85014,5,421,8,M_1990,Other
1991,pdnc,qID,Q359-0,your,85107,85111,24,423,8,M_1991,Other
1992,pdnc,qID,Q359-0,Two,85123,85126,24,423,8,M_1992,Other
1993,exp,exp_name,seven,Seven,85134,85139,5,423,8,M_1993,PROPN
1994,pdnc,qID,Q360-0,his,85156,85159,24,424,8,M_1994,Other
1995,exp,exp_name,five,Five,85176,85180,2,424,8,M_1995,PROPN
1996,booknlp,COREF,347,I,85187,85188,2,424,8,M_1996,Other
1997,pdnc,qID,Q360-1,him,85197,85200,24,424,8,M_1997,Other
1998,pdnc,qID,Q360-1,the cook,85222,85230,8,424,8,M_1998,Other
1999,exp,exp_name,seven,Seven,85264,85269,5,425,8,M_1999,PROPN
2000,booknlp,COREF,348,his,85281,85284,5,425,8,M_2000,Other
2001,booknlp,COREF,348,his,85351,85354,5,425,8,M_2001,Other
2002,exp,exp_name,alice,Alice,85380,85385,0,425,8,M_2002,PROPN
2003,booknlp,COREF,40,she,85390,85393,0,425,8,M_2003,Other
2004,booknlp,COREF,348,he,85419,85421,5,425,8,M_2004,Other
2005,booknlp,COREF,348,himself,85430,85437,5,425,8,M_2005,Other
2006,booknlp,COREF,348,you,85513,85516,5,426,8,M_2006,Other
2007,booknlp,COREF,40,me,85522,85524,0,426,8,M_2007,Other
2008,exp,exp_name,alice,Alice,85532,85537,0,426,8,M_2008,PROPN
2009,booknlp,COREF,348,you,85562,85565,5,426,8,M_2009,Other
2010,exp,exp_name,five,Five,85594,85598,2,427,8,M_2010,PROPN
2011,exp,exp_name,seven,Seven,85603,85608,5,427,8,M_2011,PROPN
2012,exp,exp_name,two,Two,85637,85640,24,427,8,M_2012,PROPN
2013,exp,exp_name,two,Two,85642,85645,24,427,8,M_2013,PROPN
2014,pdnc,qID,Q363-0,you,85686,85689,0,427,8,M_2014,Other
2015,pdnc,qID,Q363-0,Miss,85695,85699,0,427,8,M_2015,PROPN
2016,pdnc,qID,Q363-0,the Queen,85794,85803,20,427,8,M_2016,Other
2017,pdnc,qID,Q363-0,you,85862,85865,0,427,8,M_2017,Other
2018,booknlp,COREF,40,you,85875,85878,0,427,8,M_2018,Other
2019,pdnc,qID,Q363-0,Miss,85884,85888,0,427,8,M_2019,PROPN
2020,pdnc,qID,Q363-0,she,85918,85921,20,427,8,M_2020,Other
2021,exp,exp_name,five,Five,85950,85954,2,427,8,M_2021,PROPN
2022,pdnc,qID,Q364-0,The Queen,86018,86027,20,427,8,M_2022,Other
2023,pdnc,qID,Q364-0,The Queen,86029,86038,20,427,8,M_2023,Other
2024,exp,exp_name,alice,Alice,86156,86161,0,427,8,M_2024,PROPN
2025,exp,exp_name,the queen,the Queen,86189,86198,20,427,8,M_2025,PROPN
2026,exp,exp_name,two,two,86429,86432,24,428,8,M_2026,PROPN
2027,exp,exp_name,two,two,86437,86440,24,428,8,M_2027,PROPN
2028,exp,exp_name,alice,Alice,86698,86703,0,428,8,M_2028,PROPN
2029,exp,exp_name,the white rabbit,the White Rabbit,86715,86731,21,428,8,M_2029,PROPN
2030,booknlp,COREF,40,her,86843,86846,0,428,8,M_2030,Other
2031,exp,exp_name,the knave of hearts,the Knave of Hearts,86862,86881,16,428,8,M_2031,PROPN
2032,exp,exp_name,the king,the King,86892,86900,15,428,8,M_2032,PROPN
2033,exp,exp_name,the king,THE KING,86983,86991,15,428,8,M_2033,PROPN
2034,booknlp,COREF,57,QUEEN OF HEARTS,86996,87011,20,428,8,M_2034,Other
2035,exp,exp_name,alice,Alice,87014,87019,0,429,8,M_2035,PROPN
2036,booknlp,COREF,40,she,87048,87051,0,429,8,M_2036,Other
2037,booknlp,COREF,40,her,87077,87080,0,429,8,M_2037,Other
2038,booknlp,COREF,40,she,87116,87119,0,429,8,M_2038,Other
2039,booknlp,COREF,40,she,87250,87253,0,429,8,M_2039,Other
2040,booknlp,COREF,40,she,87338,87341,0,429,8,M_2040,Other
2041,booknlp,COREF,40,she,87360,87363,0,429,8,M_2041,Other
2042,exp,exp_name,alice,Alice,87419,87424,0,430,8,M_2042,PROPN
2043,booknlp,COREF,40,her,87457,87460,0,430,8,M_2043,Other
2044,exp,exp_name,the queen,the Queen,87466,87475,20,430,8,M_2044,PROPN
2045,booknlp,COREF,843,She,87505,87508,20,430,8,M_2045,Other
2046,exp,exp_name,the knave of hearts,the Knave of Hearts,87520,87539,16,430,8,M_2046,PROPN
2047,exp,exp_name,the queen,the Queen,87592,87601,20,431,8,M_2047,PROPN
2048,booknlp,COREF,843,her,87611,87614,20,431,8,M_2048,Other
2049,exp,exp_name,alice,Alice,87649,87654,0,431,8,M_2049,PROPN
2050,booknlp,COREF,843,she,87656,87659,20,431,8,M_2050,Other
2051,pdnc,qID,Q367-1,your,87677,87681,0,431,8,M_2051,Other
2052,pdnc,qID,Q367-1,child,87688,87693,0,431,8,M_2052,Other
2053,booknlp,COREF,40,My,87698,87700,0,432,8,M_2053,Other
2054,exp,exp_name,alice,Alice,87709,87714,0,432,8,M_2054,PROPN
2055,pdnc,qID,Q368-0,your Majesty,87726,87738,20,432,8,M_2055,Other
2056,exp,exp_name,alice,Alice,87746,87751,0,432,8,M_2056,PROPN
2057,booknlp,COREF,40,she,87771,87774,0,432,8,M_2057,Other
2058,booknlp,COREF,40,herself,87785,87792,0,432,8,M_2058,Other
2059,booknlp,COREF,40,I,87841,87842,0,432,8,M_2059,Other
2060,exp,exp_name,the queen,the Queen,87900,87909,20,433,8,M_2060,PROPN
2061,booknlp,COREF,843,she,88097,88100,20,433,8,M_2061,Other
2062,booknlp,COREF,843,her,88184,88187,20,433,8,M_2062,Other
2063,booknlp,COREF,40,I,88216,88217,0,434,8,M_2063,Other
2064,exp,exp_name,alice,Alice,88231,88236,0,434,8,M_2064,PROPN
2065,booknlp,COREF,40,her,88251,88254,0,434,8,M_2065,Other
2066,exp,exp_name,the queen,The Queen,88299,88308,20,435,8,M_2066,PROPN
2067,booknlp,COREF,40,her,88357,88360,0,435,8,M_2067,Other
2068,pdnc,qID,Q372-0,her,88412,88415,0,435,8,M_2068,Other
2069,exp,exp_name,alice,Alice,88447,88452,0,436,8,M_2069,PROPN
2070,exp,exp_name,the queen,the Queen,88485,88494,20,436,8,M_2070,PROPN
2071,exp,exp_name,the king,The King,88508,88516,15,437,8,M_2071,PROPN
2072,booknlp,COREF,367,his,88522,88525,15,437,8,M_2072,Other
2073,booknlp,COREF,40,her,88536,88539,0,437,8,M_2073,Other
2074,pdnc,qID,Q374-0,my dear,88573,88580,20,437,8,M_2074,Other
2075,pdnc,qID,Q374-0,she,88582,88585,0,437,8,M_2075,Other
2076,exp,exp_name,the queen,The Queen,88605,88614,20,438,8,M_2076,PROPN
2077,booknlp,COREF,367,him,88640,88643,15,438,8,M_2077,Other
2078,exp,exp_name,the queen,the Queen,88751,88760,20,440,8,M_2078,PROPN
2079,exp,exp_name,the king,the King,88852,88860,15,440,8,M_2079,PROPN
2080,exp,exp_name,the queen,the Queen,88862,88871,20,440,8,M_2080,PROPN
2081,exp,exp_name,the queen,the Queen,88941,88950,20,441,8,M_2081,PROPN
2082,booknlp,COREF,353,You,88953,88956,24,441,8,M_2082,Other
2083,booknlp,COREF,843,me,88962,88964,20,441,8,M_2083,Other
2084,booknlp,COREF,843,she,89009,89012,20,441,8,M_2084,Other
2085,booknlp,COREF,353,you,89035,89038,24,441,8,M_2085,Other
2086,pdnc,qID,Q378-0,your Majesty,89073,89085,20,442,8,M_2086,Other
2087,exp,exp_name,two,Two,89093,89096,24,442,8,M_2087,PROPN
2088,booknlp,COREF,353,he,89147,89149,24,442,8,M_2088,Other
2089,booknlp,COREF,843,I,89179,89180,20,443,8,M_2089,Other
2090,exp,exp_name,the queen,the Queen,89193,89202,20,443,8,M_2090,PROPN
2091,exp,exp_name,alice,Alice,89389,89394,0,443,8,M_2091,PROPN
2092,exp,exp_name,alice,Alice,89443,89448,0,444,8,M_2092,PROPN
2093,booknlp,COREF,40,she,89454,89457,0,444,8,M_2093,Other
2094,exp,exp_name,two,two,89558,89561,24,444,8,M_2094,PROPN
2095,exp,exp_name,the queen,the Queen,89660,89669,20,445,8,M_2095,PROPN
2096,booknlp,COREF,843,your,89708,89712,20,446,8,M_2096,Other
2097,exp,exp_name,the queen,the Queen,89779,89788,20,447,8,M_2097,PROPN
2098,pdnc,qID,Q381-2,you,89795,89798,0,447,8,M_2098,Other
2099,exp,exp_name,alice,Alice,89855,89860,0,448,8,M_2099,PROPN
2100,booknlp,COREF,40,her,89902,89905,0,448,8,M_2100,Other
2101,exp,exp_name,alice,Alice,89923,89928,0,449,8,M_2101,PROPN
2102,exp,exp_name,the queen,the Queen,89955,89964,20,450,8,M_2102,PROPN
2103,exp,exp_name,alice,Alice,89970,89975,0,450,8,M_2103,PROPN
2104,booknlp,COREF,40,her,90096,90099,0,451,8,M_2104,Other
2105,booknlp,COREF,40,She,90106,90109,0,451,8,M_2105,Other
2106,exp,exp_name,the white rabbit,the White Rabbit,90125,90141,21,451,8,M_2106,PROPN
2107,booknlp,COREF,40,her,90174,90177,0,451,8,M_2107,Other
2108,exp,exp_name,alice,Alice,90198,90203,0,452,8,M_2108,PROPN
2109,pdnc,qID,Q385-1,Duchess,90220,90227,11,452,8,M_2109,Other
2110,exp,exp_name,the rabbit,the Rabbit,90250,90260,21,453,8,M_2110,PROPN
2111,booknlp,COREF,40,her,90396,90399,0,453,8,M_2111,Other
2112,pdnc,qID,Q386-1,She,90420,90423,11,453,8,M_2112,Other
2113,exp,exp_name,alice,Alice,90474,90479,0,454,8,M_2113,PROPN
2114,pdnc,qID,Q388-0,you,90487,90490,0,455,8,M_2114,Other
2115,exp,exp_name,the rabbit,the Rabbit,90512,90522,21,455,8,M_2115,PROPN
2116,booknlp,COREF,40,I,90536,90537,0,456,8,M_2116,Other
2117,exp,exp_name,alice,Alice,90552,90557,0,456,8,M_2117,PROPN
2118,booknlp,COREF,40,I,90560,90561,0,456,8,M_2118,Other
2119,booknlp,COREF,40,I,90594,90595,0,456,8,M_2119,Other
2120,pdnc,qID,Q390-0,She,90616,90619,11,457,8,M_2120,Other
2121,pdnc,qID,Q390-0,the Queen,90626,90635,20,457,8,M_2121,Other
2122,exp,exp_name,the rabbit,the Rabbit,90646,90656,21,457,8,M_2122,PROPN
2123,exp,exp_name,alice,Alice,90664,90669,0,457,8,M_2123,PROPN
2124,exp,exp_name,the rabbit,the Rabbit,90716,90726,21,457,8,M_2124,PROPN
2125,pdnc,qID,Q390-2,The Queen,90760,90769,20,457,8,M_2125,Other
2126,pdnc,qID,Q390-2,you,90780,90783,0,457,8,M_2126,Other
2127,pdnc,qID,Q390-2,You,90785,90788,0,457,8,M_2127,Other
2128,pdnc,qID,Q390-2,she,90794,90797,11,457,8,M_2128,Other
2129,pdnc,qID,Q390-2,the Queen,90820,90829,20,457,8,M_2129,Other
2130,booknlp,COREF,40,your,90847,90851,0,458,8,M_2130,Other
2131,exp,exp_name,the queen,the Queen,90869,90878,20,458,8,M_2131,PROPN
2132,exp,exp_name,two,two,91030,91033,24,458,8,M_2132,PROPN
2133,exp,exp_name,alice,Alice,91055,91060,0,458,8,M_2133,PROPN
2134,booknlp,COREF,40,she,91069,91072,0,458,8,M_2134,Other
2135,booknlp,COREF,40,her,91121,91124,0,458,8,M_2135,Other
2136,exp,exp_name,alice,Alice,91347,91352,0,459,8,M_2136,PROPN
2137,booknlp,COREF,40,her,91384,91387,0,459,8,M_2137,Other
2138,booknlp,COREF,40,she,91398,91401,0,459,8,M_2138,Other
2139,booknlp,COREF,40,her,91471,91474,0,459,8,M_2139,Other
2140,booknlp,COREF,40,she,91531,91534,0,459,8,M_2140,Other
2141,booknlp,COREF,40,her,91679,91682,0,459,8,M_2141,Other
2142,booknlp,COREF,40,she,91725,91728,0,459,8,M_2142,Other
2143,booknlp,COREF,40,she,91776,91779,0,459,8,M_2143,Other
2144,booknlp,COREF,40,she,92015,92018,0,459,8,M_2144,Other
2145,exp,exp_name,alice,Alice,92152,92157,0,459,8,M_2145,PROPN
2146,exp,exp_name,time,time,92366,92370,22,460,8,M_2146,PROPN
2147,exp,exp_name,the queen,the Queen,92371,92380,20,460,8,M_2147,PROPN
2148,booknlp,COREF,843,her,92479,92482,20,460,8,M_2148,Other
2149,exp,exp_name,alice,Alice,92515,92520,0,461,8,M_2149,PROPN
2150,booknlp,COREF,40,she,92560,92563,0,461,8,M_2150,Other
2151,exp,exp_name,the queen,the Queen,92600,92609,20,461,8,M_2151,PROPN
2152,booknlp,COREF,40,she,92615,92618,0,461,8,M_2152,Other
2153,booknlp,COREF,40,she,92677,92680,0,461,8,M_2153,Other
2154,booknlp,COREF,40,me,92704,92706,0,461,8,M_2154,Other
2155,booknlp,COREF,40,She,92814,92817,0,462,8,M_2155,Other
2156,booknlp,COREF,40,she,92882,92885,0,462,8,M_2156,Other
2157,booknlp,COREF,40,she,92926,92929,0,462,8,M_2157,Other
2158,booknlp,COREF,40,her,92982,92985,0,462,8,M_2158,Other
2159,exp,exp_name,two,two,93041,93044,24,462,8,M_2159,PROPN
2160,booknlp,COREF,40,she,93046,93049,0,462,8,M_2160,Other
2161,booknlp,COREF,40,she,93080,93083,0,462,8,M_2161,Other
2162,booknlp,COREF,40,herself,93092,93099,0,462,8,M_2162,Other
2163,pdnc,qID,Q394-0,the Cheshire Cat,93106,93122,6,462,8,M_2163,Other
2164,booknlp,COREF,40,I,93128,93129,0,462,8,M_2164,Other
2165,pdnc,qID,Q395-0,you,93173,93176,0,463,8,M_2165,Other
2166,exp,exp_name,the cat,the Cat,93195,93202,6,463,8,M_2166,PROPN
2167,exp,exp_name,alice,Alice,93261,93266,0,464,8,M_2167,PROPN
2168,pdnc,qID,Q396-0,it,93340,93342,6,464,8,M_2168,Other
2169,booknlp,COREF,40,she,93345,93348,0,464,8,M_2169,Other
2170,pdnc,qID,Q396-1,its,93364,93367,6,464,8,M_2170,Other
2171,exp,exp_name,alice,Alice,93462,93467,0,464,8,M_2171,PROPN
2172,booknlp,COREF,40,her,93477,93480,0,464,8,M_2172,Other
2173,booknlp,COREF,40,she,93543,93546,0,464,8,M_2173,Other
2174,booknlp,COREF,40,her,93572,93575,0,464,8,M_2174,Other
2175,exp,exp_name,the cat,The Cat,93577,93584,6,464,8,M_2175,PROPN
2176,booknlp,COREF,40,I,93673,93674,0,465,8,M_2176,Other
2177,exp,exp_name,alice,Alice,93713,93718,0,465,8,M_2177,PROPN
2178,pdnc,qID,Q397-1,you,93927,93930,6,465,8,M_2178,Other
2179,booknlp,COREF,40,I,94021,94022,0,465,8,M_2179,Other
2180,booknlp,COREF,40,I,94099,94100,0,465,8,M_2180,Other
2181,pdnc,qID,Q397-1,the Queen,94123,94132,20,465,8,M_2181,Other
2182,booknlp,COREF,51,it,94176,94178,6,465,8,M_2182,Other
2183,booknlp,COREF,40,mine,94183,94187,0,465,8,M_2183,Other
2184,pdnc,qID,Q398-0,you,94206,94209,0,466,8,M_2184,Other
2185,pdnc,qID,Q398-0,the Queen,94215,94224,20,466,8,M_2185,Other
2186,exp,exp_name,the cat,the Cat,94232,94239,6,466,8,M_2186,PROPN
2187,exp,exp_name,alice,Alice,94276,94281,0,467,8,M_2187,PROPN
2188,pdnc,qID,Q399-1,she,94284,94287,20,467,8,M_2188,Other
2189,booknlp,COREF,40,she,94316,94319,0,467,8,M_2189,Other
2190,exp,exp_name,the queen,the Queen,94333,94342,20,467,8,M_2190,PROPN
2191,booknlp,COREF,40,her,94360,94363,0,467,8,M_2191,Other
2192,booknlp,COREF,40,she,94379,94382,0,467,8,M_2192,Other
2193,exp,exp_name,the queen,The Queen,94461,94470,20,468,8,M_2193,PROPN
2194,pdnc,qID,Q401-0,you,94505,94508,0,469,8,M_2194,Other
2195,exp,exp_name,the king,the King,94527,94535,15,469,8,M_2195,PROPN
2196,exp,exp_name,alice,Alice,94549,94554,0,469,8,M_2196,PROPN
2197,exp,exp_name,the cat,the Cat,94571,94578,6,469,8,M_2197,PROPN
2198,pdnc,qID,Q402-0,It,94610,94612,6,470,8,M_2198,Other
2199,pdnc,qID,Q402-0,a Cheshire Cat,94633,94647,6,470,8,M_2199,Other
2200,exp,exp_name,alice,Alice,94655,94660,0,470,8,M_2200,PROPN
2201,booknlp,COREF,40,me,94669,94671,0,470,8,M_2201,Other
2202,pdnc,qID,Q402-1,it,94685,94687,6,470,8,M_2202,Other
2203,booknlp,COREF,367,I,94692,94693,15,471,8,M_2203,Other
2204,pdnc,qID,Q403-0,it,94717,94719,6,471,8,M_2204,Other
2205,exp,exp_name,the king,the King,94734,94742,15,471,8,M_2205,PROPN
2206,pdnc,qID,Q403-1,it,94754,94756,6,471,8,M_2206,Other
2207,booknlp,COREF,367,my,94766,94768,15,471,8,M_2207,Other
2208,pdnc,qID,Q403-1,it,94777,94779,6,471,8,M_2208,Other
2209,exp,exp_name,the cat,the Cat,94807,94814,6,472,8,M_2209,PROPN
2210,exp,exp_name,the king,the King,94855,94863,15,473,8,M_2210,PROPN
2211,booknlp,COREF,367,me,94884,94886,15,473,8,M_2211,Other
2212,booknlp,COREF,367,He,94899,94901,15,473,8,M_2212,Other
2213,exp,exp_name,alice,Alice,94913,94918,0,473,8,M_2213,PROPN
2214,booknlp,COREF,367,he,94922,94924,15,473,8,M_2214,Other
2215,exp,exp_name,alice,Alice,94966,94971,0,474,8,M_2215,PROPN
2216,booknlp,COREF,40,I,94974,94975,0,474,8,M_2216,Other
2217,booknlp,COREF,40,I,95007,95008,0,474,8,M_2217,Other
2218,exp,exp_name,the king,the King,95066,95074,15,475,8,M_2218,PROPN
2219,booknlp,COREF,367,he,95095,95097,15,475,8,M_2219,Other
2220,exp,exp_name,the queen,the Queen,95105,95114,20,475,8,M_2220,PROPN
2221,booknlp,COREF,367,My,95148,95150,15,475,8,M_2221,Other
2222,booknlp,COREF,367,I,95157,95158,15,475,8,M_2222,Other
2223,pdnc,qID,Q408-0,you,95164,95167,20,475,8,M_2223,Other
2224,pdnc,qID,Q408-0,this cat,95179,95187,6,475,8,M_2224,Other
2225,exp,exp_name,the queen,The Queen,95199,95208,20,476,8,M_2225,PROPN
2226,pdnc,qID,Q409-0,his,95282,95285,6,476,8,M_2226,Other
2227,booknlp,COREF,843,she,95293,95296,20,476,8,M_2227,Other
2228,booknlp,COREF,367,I,95333,95334,15,477,8,M_2228,Other
2229,pdnc,qID,Q410-0,the executioner,95344,95359,12,477,8,M_2229,Other
2230,booknlp,COREF,367,myself,95360,95366,15,477,8,M_2230,Other
2231,exp,exp_name,the king,the King,95374,95382,15,477,8,M_2231,PROPN
2232,booknlp,COREF,367,he,95396,95398,15,477,8,M_2232,Other
2233,exp,exp_name,alice,Alice,95413,95418,0,478,8,M_2233,PROPN
2234,booknlp,COREF,40,she,95427,95430,0,478,8,M_2234,Other
2235,booknlp,COREF,40,she,95492,95495,0,478,8,M_2235,Other
2236,exp,exp_name,the queen,the Queen,95502,95511,20,478,8,M_2236,PROPN
2237,booknlp,COREF,40,She,95561,95564,0,478,8,M_2237,Other
2238,booknlp,COREF,843,her,95583,95586,20,478,8,M_2238,Other
2239,booknlp,COREF,40,she,95667,95670,0,478,8,M_2239,Other
2240,booknlp,COREF,40,she,95750,95753,0,478,8,M_2240,Other
2241,booknlp,COREF,40,her,95780,95783,0,478,8,M_2241,Other
2242,booknlp,COREF,40,she,95800,95803,0,478,8,M_2242,Other
2243,booknlp,COREF,40,her,95822,95825,0,478,8,M_2243,Other
2244,exp,exp_name,alice,Alice,95912,95917,0,479,8,M_2244,PROPN
2245,booknlp,COREF,40,her,96016,96019,0,479,8,M_2245,Other
2246,exp,exp_name,alice,Alice,96084,96089,0,479,8,M_2246,PROPN
2247,exp,exp_name,time,time,96167,96171,22,480,8,M_2247,PROPN
2248,booknlp,COREF,40,she,96172,96175,0,480,8,M_2248,Other
2249,exp,exp_name,alice,Alice,96321,96326,0,480,8,M_2249,PROPN
2250,booknlp,COREF,40,she,96390,96393,0,480,8,M_2250,Other
2251,booknlp,COREF,40,her,96415,96418,0,480,8,M_2251,Other
2252,booknlp,COREF,40,her,96506,96509,0,480,8,M_2252,Other
2253,booknlp,COREF,40,she,96524,96527,0,481,8,M_2253,Other
2254,exp,exp_name,cheshire cat,Cheshire Cat,96544,96556,6,481,8,M_2254,PROPN
2255,booknlp,COREF,40,she,96558,96561,0,481,8,M_2255,Other
2256,booknlp,COREF,51,it,96620,96622,6,481,8,M_2256,Other
2257,exp,exp_name,the executioner,the executioner,96661,96676,12,481,8,M_2257,PROPN
2258,exp,exp_name,the king,the King,96678,96686,15,481,8,M_2258,PROPN
2259,exp,exp_name,the queen,the Queen,96692,96701,20,481,8,M_2259,PROPN
2260,exp,exp_name,alice,Alice,96814,96819,0,482,8,M_2260,PROPN
2261,booknlp,COREF,40,she,96830,96833,0,482,8,M_2261,Other
2262,booknlp,COREF,40,her,96924,96927,0,482,8,M_2262,Other
2263,booknlp,COREF,40,she,96964,96967,0,482,8,M_2263,Other
2264,exp,exp_name,the executioner,The executioner,97031,97046,12,483,8,M_2264,PROPN
2265,booknlp,COREF,934,he,97145,97147,12,483,8,M_2265,Other
2266,booknlp,COREF,934,he,97193,97195,12,483,8,M_2266,Other
2267,booknlp,COREF,934,his,97222,97225,12,483,8,M_2267,Other
2268,exp,exp_name,time,time,97227,97231,22,483,8,M_2268,PROPN
2269,exp,exp_name,the king,The King,97242,97250,15,484,8,M_2269,PROPN
2270,exp,exp_name,the queen,The Queen,97356,97365,20,485,8,M_2270,PROPN
2271,exp,exp_name,time,time,97437,97441,22,485,8,M_2271,PROPN
2272,booknlp,COREF,843,she,97442,97445,20,485,8,M_2272,Other
2273,exp,exp_name,alice,Alice,97568,97573,0,486,8,M_2273,PROPN
2274,pdnc,qID,Q412-0,the Duchess,97628,97639,11,486,8,M_2274,Other
2275,booknlp,COREF,741,you,97641,97644,11,486,8,M_2275,Other
2276,pdnc,qID,Q412-0,her,97659,97662,11,486,8,M_2276,Other
2277,pdnc,qID,Q413-0,She,97677,97680,11,487,8,M_2277,Other
2278,exp,exp_name,the queen,the Queen,97695,97704,20,487,8,M_2278,PROPN
2279,exp,exp_name,the executioner,the executioner,97713,97728,12,487,8,M_2279,PROPN
2280,pdnc,qID,Q413-1,her,97737,97740,11,487,8,M_2280,Other
2281,exp,exp_name,the executioner,the executioner,97752,97767,12,487,8,M_2281,PROPN
2282,exp,exp_name,the cat,The Cat,97793,97800,6,488,8,M_2282,PROPN
2283,booknlp,COREF,934,he,97837,97839,12,488,8,M_2283,Other
2284,exp,exp_name,time,time,97862,97866,22,488,8,M_2284,PROPN
2285,booknlp,COREF,934,he,97867,97869,12,488,8,M_2285,Other
2286,exp,exp_name,the duchess,the Duchess,97889,97900,11,488,8,M_2286,PROPN
2287,exp,exp_name,the king,the King,97934,97942,15,488,8,M_2287,PROPN
2288,exp,exp_name,the executioner,the executioner,97947,97962,12,488,8,M_2288,PROPN
2289,exp,exp_name,the mock turtle,The Mock Turtle,98069,98084,17,489,9,M_2289,PROPN
2290,pdnc,qID,Q414-0,You,98096,98099,0,490,9,M_2290,Other
2291,booknlp,COREF,741,I,98121,98122,11,490,9,M_2291,Other
2292,pdnc,qID,Q414-0,you,98133,98136,0,490,9,M_2292,Other
2293,pdnc,qID,Q414-0,you dear old thing,98144,98162,0,490,9,M_2293,Other
2294,exp,exp_name,the duchess,the Duchess,98170,98181,11,490,9,M_2294,PROPN
2295,booknlp,COREF,741,she,98186,98189,11,490,9,M_2295,Other
2296,booknlp,COREF,741,her,98197,98200,11,490,9,M_2296,Other
2297,exp,exp_name,alice,Alice,98225,98230,0,490,9,M_2297,PROPN
2298,exp,exp_name,alice,Alice,98265,98270,0,491,9,M_2298,PROPN
2299,booknlp,COREF,741,her,98293,98296,11,491,9,M_2299,Other
2300,booknlp,COREF,40,herself,98339,98346,0,491,9,M_2300,Other
2301,booknlp,COREF,741,her,98397,98400,11,491,9,M_2301,Other
2302,booknlp,COREF,741,I,98449,98450,11,492,9,M_2302,Other
2303,booknlp,COREF,741,she,98466,98469,11,492,9,M_2303,Other
2304,booknlp,COREF,741,herself,98478,98485,11,492,9,M_2304,Other
2305,booknlp,COREF,741,I,98525,98526,11,492,9,M_2305,Other
2306,booknlp,COREF,741,my,98552,98554,11,492,9,M_2306,Other
2307,booknlp,COREF,741,she,98660,98663,11,492,9,M_2307,Other
2308,booknlp,COREF,741,I,98876,98877,11,492,9,M_2308,Other
2309,booknlp,COREF,40,you,98950,98953,0,492,9,M_2309,Other
2310,booknlp,COREF,40,She,98963,98966,0,493,9,M_2310,Other
2311,exp,exp_name,the duchess,the Duchess,98987,98998,11,493,9,M_2311,PROPN
2312,exp,exp_name,time,time,99007,99011,22,493,9,M_2312,PROPN
2313,booknlp,COREF,40,she,99044,99047,0,493,9,M_2313,Other
2314,booknlp,COREF,741,her,99054,99057,11,493,9,M_2314,Other
2315,booknlp,COREF,40,her,99073,99076,0,493,9,M_2315,Other
2316,pdnc,qID,Q416-0,You,99083,99086,0,493,9,M_2316,Other
2317,pdnc,qID,Q416-0,my dear,99116,99123,0,493,9,M_2317,Other
2318,pdnc,qID,Q416-0,you,99140,99143,0,493,9,M_2318,Other
2319,booknlp,COREF,741,I,99160,99161,11,493,9,M_2319,Other
2320,pdnc,qID,Q416-0,you,99173,99176,0,493,9,M_2320,Other
2321,booknlp,COREF,741,I,99217,99218,11,493,9,M_2321,Other
2322,exp,exp_name,alice,Alice,99274,99279,0,494,9,M_2322,PROPN
2323,pdnc,qID,Q418-0,child,99312,99317,0,495,9,M_2323,Other
2324,exp,exp_name,the duchess,the Duchess,99325,99336,11,495,9,M_2324,PROPN
2325,pdnc,qID,Q418-1,you,99373,99376,0,495,9,M_2325,Other
2326,booknlp,COREF,741,she,99395,99398,11,495,9,M_2326,Other
2327,booknlp,COREF,741,herself,99408,99415,11,495,9,M_2327,Other
2328,exp,exp_name,alice,Alice,99429,99434,0,495,9,M_2328,PROPN
2329,booknlp,COREF,741,she,99445,99448,11,495,9,M_2329,Other
2330,exp,exp_name,alice,Alice,99457,99462,0,496,9,M_2330,PROPN
2331,booknlp,COREF,741,her,99501,99504,11,496,9,M_2331,Other
2332,exp,exp_name,the duchess,the Duchess,99521,99532,11,496,9,M_2332,PROPN
2333,booknlp,COREF,741,she,99572,99575,11,496,9,M_2333,Other
2334,booknlp,COREF,741,her,99613,99616,11,496,9,M_2334,Other
2335,exp,exp_name,alice,Alice,99627,99632,0,496,9,M_2335,PROPN
2336,booknlp,COREF,40,she,99694,99697,0,496,9,M_2336,Other
2337,booknlp,COREF,40,she,99726,99729,0,496,9,M_2337,Other
2338,booknlp,COREF,40,she,99749,99752,0,496,9,M_2338,Other
2339,booknlp,COREF,40,she,99802,99805,0,497,9,M_2339,Other
2340,exp,exp_name,the duchess,the Duchess,99877,99888,11,498,9,M_2340,PROPN
2341,exp,exp_name,alice,Alice,99995,100000,0,499,9,M_2341,PROPN
2342,exp,exp_name,the duchess,the Duchess,100118,100129,11,500,9,M_2342,PROPN
2343,booknlp,COREF,741,her,100139,100142,11,500,9,M_2343,Other
2344,exp,exp_name,alice,Alice,100166,100171,0,500,9,M_2344,PROPN
2345,booknlp,COREF,741,she,100186,100189,11,500,9,M_2345,Other
2346,pdnc,qID,Q423-0,she,100309,100312,11,501,9,M_2346,Other
2347,exp,exp_name,alice,Alice,100346,100351,0,501,9,M_2347,PROPN
2348,booknlp,COREF,40,herself,100363,100370,0,501,9,M_2348,Other
2349,booknlp,COREF,741,I,100374,100375,11,502,9,M_2349,Other
2350,pdnc,qID,Q424-0,you,100385,100388,0,502,9,M_2350,Other
2351,booknlp,COREF,741,I,100406,100407,11,502,9,M_2351,Other
2352,booknlp,COREF,741,my,100418,100420,11,502,9,M_2352,Other
2353,pdnc,qID,Q424-0,your,100431,100435,0,502,9,M_2353,Other
2354,exp,exp_name,the duchess,the Duchess,100444,100455,11,502,9,M_2354,PROPN
2355,booknlp,COREF,741,I,100497,100498,11,502,9,M_2355,Other
2356,pdnc,qID,Q424-1,your,100530,100534,0,502,9,M_2356,Other
2357,booknlp,COREF,741,I,100551,100552,11,502,9,M_2357,Other
2358,exp,exp_name,alice,Alice,100592,100597,0,503,9,M_2358,PROPN
2359,exp,exp_name,the duchess,the Duchess,100694,100705,11,504,9,M_2359,PROPN
2360,exp,exp_name,alice,Alice,100836,100841,0,505,9,M_2360,PROPN
2361,exp,exp_name,the duchess,the Duchess,100877,100888,11,506,9,M_2361,PROPN
2362,pdnc,qID,Q428-1,you,100908,100911,0,506,9,M_2362,Other
2363,booknlp,COREF,40,I,100955,100956,0,507,9,M_2363,Other
2364,exp,exp_name,alice,Alice,100972,100977,0,507,9,M_2364,PROPN
2365,exp,exp_name,the duchess,the Duchess,101004,101015,11,508,9,M_2365,PROPN
2366,exp,exp_name,alice,Alice,101062,101067,0,508,9,M_2366,PROPN
2367,booknlp,COREF,40,mine,101163,101167,0,508,9,M_2367,Other
2368,booknlp,COREF,40,yours,101190,101195,0,508,9,M_2368,Other
2369,booknlp,COREF,40,I,101205,101206,0,509,9,M_2369,Other
2370,exp,exp_name,alice,Alice,101224,101229,0,509,9,M_2370,PROPN
2371,booknlp,COREF,741,I,101332,101333,11,510,9,M_2371,Other
2372,pdnc,qID,Q432-0,you,101351,101354,0,510,9,M_2372,Other
2373,exp,exp_name,the duchess,the Duchess,101362,101373,11,510,9,M_2373,PROPN
2374,booknlp,COREF,40,you,101411,101414,0,510,9,M_2374,Other
2375,pdnc,qID,Q432-1,you,101440,101443,0,510,9,M_2375,Other
2376,booknlp,COREF,40,yourself,101486,101494,0,510,9,M_2376,Other
2377,booknlp,COREF,40,you,101561,101564,0,510,9,M_2377,Other
2378,booknlp,COREF,40,you,101617,101620,0,510,9,M_2378,Other
2379,booknlp,COREF,40,I,101679,101680,0,511,9,M_2379,Other
2380,booknlp,COREF,40,I,101687,101688,0,511,9,M_2380,Other
2381,exp,exp_name,alice,Alice,101721,101726,0,511,9,M_2381,PROPN
2382,booknlp,COREF,40,I,101751,101752,0,511,9,M_2382,Other
2383,booknlp,COREF,40,I,101778,101779,0,511,9,M_2383,Other
2384,pdnc,qID,Q433-1,you,101805,101808,11,511,9,M_2384,Other
2385,booknlp,COREF,741,I,101843,101844,11,512,9,M_2385,Other
2386,booknlp,COREF,741,I,101858,101859,11,512,9,M_2386,Other
2387,exp,exp_name,the duchess,the Duchess,101868,101879,11,512,9,M_2387,PROPN
2388,booknlp,COREF,741,yourself,101929,101937,11,513,9,M_2388,Other
2389,exp,exp_name,alice,Alice,101976,101981,0,513,9,M_2389,PROPN
2390,exp,exp_name,the duchess,the Duchess,102021,102032,11,514,9,M_2390,PROPN
2391,booknlp,COREF,741,I,102035,102036,11,514,9,M_2391,Other
2392,pdnc,qID,Q436-1,you,102042,102045,0,514,9,M_2392,Other
2393,booknlp,COREF,741,I,102070,102071,11,514,9,M_2393,Other
2394,exp,exp_name,alice,Alice,102125,102130,0,515,9,M_2394,PROPN
2395,booknlp,COREF,40,I,102133,102134,0,515,9,M_2395,Other
2396,booknlp,COREF,40,she,102192,102195,0,515,9,M_2396,Other
2397,exp,exp_name,the duchess,the Duchess,102251,102262,11,516,9,M_2397,PROPN
2398,booknlp,COREF,741,her,102290,102293,11,516,9,M_2398,Other
2399,booknlp,COREF,40,I,102315,102316,0,517,9,M_2399,Other
2400,exp,exp_name,alice,Alice,102344,102349,0,517,9,M_2400,PROPN
2401,booknlp,COREF,40,she,102363,102366,0,517,9,M_2401,Other
2402,exp,exp_name,the duchess,the Duchess,102441,102452,11,518,9,M_2402,PROPN
2403,exp,exp_name,alice,Alice,102503,102508,0,519,9,M_2403,PROPN
2404,exp,exp_name,the duchess,the Duchess,102527,102538,11,519,9,M_2404,PROPN
2405,booknlp,COREF,741,her,102580,102583,11,519,9,M_2405,Other
2406,booknlp,COREF,741,hers,102641,102645,11,519,9,M_2406,Other
2407,exp,exp_name,alice,Alice,102664,102669,0,519,9,M_2407,PROPN
2408,exp,exp_name,the queen,the Queen,102697,102706,20,519,9,M_2408,PROPN
2409,booknlp,COREF,843,her,102730,102733,20,519,9,M_2409,Other
2410,pdnc,qID,Q441-0,your Majesty,102791,102803,20,520,9,M_2410,Other
2411,exp,exp_name,the duchess,the Duchess,102806,102817,11,520,9,M_2411,PROPN
2412,booknlp,COREF,843,I,102853,102854,20,521,9,M_2412,Other
2413,pdnc,qID,Q442-0,you,102860,102863,11,521,9,M_2413,Other
2414,exp,exp_name,the queen,the Queen,102887,102896,20,521,9,M_2414,PROPN
2415,booknlp,COREF,843,she,102924,102927,20,521,9,M_2415,Other
2416,pdnc,qID,Q442-1,you,102943,102946,11,521,9,M_2416,Other
2417,pdnc,qID,Q442-1,your,102950,102954,11,521,9,M_2417,Other
2418,exp,exp_name,time,time,102999,103003,22,521,9,M_2418,PROPN
2419,pdnc,qID,Q442-1,your,103010,103014,11,521,9,M_2419,Other
2420,exp,exp_name,the duchess,The Duchess,103025,103036,11,522,9,M_2420,PROPN
2421,booknlp,COREF,741,her,103042,103045,11,522,9,M_2421,Other
2422,exp,exp_name,the queen,the Queen,103110,103119,20,523,9,M_2422,PROPN
2423,exp,exp_name,alice,Alice,103128,103133,0,523,9,M_2423,PROPN
2424,exp,exp_name,alice,Alice,103139,103144,0,523,9,M_2424,PROPN
2425,booknlp,COREF,843,her,103204,103207,20,523,9,M_2425,Other
2426,exp,exp_name,the queen,the Queen,103277,103286,20,524,9,M_2426,PROPN
2427,booknlp,COREF,843,her,103358,103361,20,524,9,M_2427,Other
2428,exp,exp_name,the queen,the Queen,103394,103403,20,524,9,M_2428,PROPN
2429,exp,exp_name,time,time,103481,103485,22,525,9,M_2429,PROPN
2430,exp,exp_name,the queen,the Queen,103504,103513,20,525,9,M_2430,PROPN
2431,booknlp,COREF,367,his,103588,103591,15,525,9,M_2431,Other
2432,booknlp,COREF,843,her,103612,103615,20,525,9,M_2432,Other
2433,booknlp,COREF,843,she,103634,103637,20,525,9,M_2433,Other
2434,exp,exp_name,the king,the King,103841,103849,15,525,9,M_2434,PROPN
2435,exp,exp_name,the queen,the Queen,103851,103860,20,525,9,M_2435,PROPN
2436,exp,exp_name,alice,Alice,103866,103871,0,525,9,M_2436,PROPN
2437,exp,exp_name,the queen,the Queen,103928,103937,20,526,9,M_2437,PROPN
2438,exp,exp_name,alice,Alice,103981,103986,0,526,9,M_2438,PROPN
2439,pdnc,qID,Q445-0,you,103994,103997,0,526,9,M_2439,Other
2440,pdnc,qID,Q445-0,the Mock Turtle,104003,104018,17,526,9,M_2440,Other
2441,exp,exp_name,alice,Alice,104037,104042,0,527,9,M_2441,PROPN
2442,booknlp,COREF,40,I,104045,104046,0,527,9,M_2442,Other
2443,booknlp,COREF,64,Mock Turtle Soup,104104,104120,17,528,9,M_2443,PROPN
2444,exp,exp_name,the queen,the Queen,104141,104150,20,528,9,M_2444,PROPN
2445,booknlp,COREF,40,I,104154,104155,0,529,9,M_2445,Other
2446,exp,exp_name,alice,Alice,104194,104199,0,529,9,M_2446,PROPN
2447,exp,exp_name,the queen,the Queen,104224,104233,20,530,9,M_2447,PROPN
2448,pdnc,qID,Q449-1,he,104240,104242,17,530,9,M_2448,Other
2449,pdnc,qID,Q449-1,you,104254,104257,0,530,9,M_2449,Other
2450,pdnc,qID,Q449-1,his,104258,104261,17,530,9,M_2450,Other
2451,exp,exp_name,alice,Alice,104302,104307,0,531,9,M_2451,PROPN
2452,exp,exp_name,the king,the King,104314,104322,15,531,9,M_2452,PROPN
2453,booknlp,COREF,40,she,104424,104427,0,531,9,M_2453,Other
2454,booknlp,COREF,40,herself,104436,104443,0,531,9,M_2454,Other
2455,booknlp,COREF,40,she,104449,104452,0,531,9,M_2455,Other
2456,exp,exp_name,the queen,the Queen,104504,104513,20,531,9,M_2456,PROPN
2457,exp,exp_name,a gryphon,a Gryphon,104553,104562,13,532,9,M_2457,PROPN
2458,exp,exp_name,a gryphon,a Gryphon,104618,104627,13,532,9,M_2458,PROPN
2459,pdnc,qID,Q452-0,lazy thing,104659,104669,13,532,9,M_2459,Other
2460,exp,exp_name,the queen,the Queen,104677,104686,20,532,9,M_2460,PROPN
2461,pdnc,qID,Q452-1,this young lady,104698,104713,0,532,9,M_2461,Other
2462,pdnc,qID,Q452-1,the Mock Turtle,104721,104736,17,532,9,M_2462,Other
2463,pdnc,qID,Q452-1,his,104750,104753,17,532,9,M_2463,Other
2464,booknlp,COREF,843,I,104763,104764,20,532,9,M_2464,Other
2465,booknlp,COREF,843,I,104808,104809,20,532,9,M_2465,Other
2466,booknlp,COREF,843,she,104829,104832,20,532,9,M_2466,Other
2467,exp,exp_name,alice,Alice,104853,104858,0,532,9,M_2467,PROPN
2468,exp,exp_name,the gryphon,the Gryphon,104870,104881,13,532,9,M_2468,PROPN
2469,exp,exp_name,alice,Alice,104883,104888,0,532,9,M_2469,PROPN
2470,booknlp,COREF,40,she,104951,104954,0,532,9,M_2470,Other
2471,booknlp,COREF,65,it,105002,105004,13,532,9,M_2471,Other
2472,booknlp,COREF,40,she,105042,105045,0,532,9,M_2472,Other
2473,exp,exp_name,the gryphon,The Gryphon,105055,105066,13,533,9,M_2473,PROPN
2474,booknlp,COREF,65,its,105085,105088,13,533,9,M_2474,Other
2475,booknlp,COREF,65,it,105100,105102,13,533,9,M_2475,Other
2476,exp,exp_name,the queen,the Queen,105111,105120,20,533,9,M_2476,PROPN
2477,booknlp,COREF,843,she,105126,105129,20,533,9,M_2477,Other
2478,exp,exp_name,the gryphon,the Gryphon,105183,105194,13,533,9,M_2478,PROPN
2479,exp,exp_name,alice,Alice,105220,105225,0,533,9,M_2479,PROPN
2480,exp,exp_name,alice,Alice,105254,105259,0,534,9,M_2480,PROPN
2481,pdnc,qID,Q455-0,she,105269,105272,20,535,9,M_2481,Other
2482,exp,exp_name,the gryphon,the Gryphon,105281,105292,13,535,9,M_2482,PROPN
2483,pdnc,qID,Q455-1,her,105304,105307,20,535,9,M_2483,Other
2484,pdnc,qID,Q455-1,you,105349,105352,0,535,9,M_2484,Other
2485,exp,exp_name,alice,Alice,105412,105417,0,536,9,M_2485,PROPN
2486,booknlp,COREF,40,she,105422,105425,0,536,9,M_2486,Other
2487,booknlp,COREF,40,I,105449,105450,0,536,9,M_2487,Other
2488,booknlp,COREF,40,my,105485,105487,0,536,9,M_2488,Other
2489,exp,exp_name,the mock turtle,the Mock Turtle,105541,105556,17,537,9,M_2489,PROPN
2490,exp,exp_name,alice,Alice,105650,105655,0,537,9,M_2490,PROPN
2491,booknlp,COREF,64,him,105667,105670,17,537,9,M_2491,Other
2492,booknlp,COREF,64,his,105685,105688,17,537,9,M_2492,Other
2493,booknlp,COREF,40,She,105708,105711,0,537,9,M_2493,Other
2494,booknlp,COREF,64,him,105719,105722,17,537,9,M_2494,Other
2495,pdnc,qID,Q457-0,his,105740,105743,17,537,9,M_2495,Other
2496,booknlp,COREF,40,she,105753,105756,0,537,9,M_2496,Other
2497,exp,exp_name,the gryphon,the Gryphon,105763,105774,13,537,9,M_2497,PROPN
2498,exp,exp_name,the gryphon,the Gryphon,105780,105791,13,537,9,M_2498,PROPN
2499,pdnc,qID,Q458-0,his,105853,105856,17,537,9,M_2499,Other
2500,pdnc,qID,Q458-0,he,105870,105872,17,537,9,M_2500,Other
2501,pdnc,qID,Q458-0,you,105895,105898,0,537,9,M_2501,Other
2502,exp,exp_name,the mock turtle,the Mock Turtle,105935,105950,17,538,9,M_2502,PROPN
2503,pdnc,qID,Q459-0,This here young lady,106022,106042,0,539,9,M_2503,Other
2504,exp,exp_name,the gryphon,the Gryphon,106050,106061,13,539,9,M_2504,PROPN
2505,pdnc,qID,Q459-1,she,106064,106067,0,539,9,M_2505,Other
2506,pdnc,qID,Q459-1,your,106086,106090,17,539,9,M_2506,Other
2507,pdnc,qID,Q459-1,she,106100,106103,0,539,9,M_2507,Other
2508,booknlp,COREF,64,I,106111,106112,17,540,9,M_2508,Other
2509,pdnc,qID,Q460-0,her,106124,106127,0,540,9,M_2509,Other
2510,exp,exp_name,the mock turtle,the Mock Turtle,106135,106150,17,540,9,M_2510,PROPN
2511,booknlp,COREF,64,I,106227,106228,17,540,9,M_2511,Other
2512,exp,exp_name,alice,Alice,106297,106302,0,541,9,M_2512,PROPN
2513,booknlp,COREF,40,herself,106314,106321,0,541,9,M_2513,Other
2514,booknlp,COREF,40,I,106324,106325,0,541,9,M_2514,Other
2515,pdnc,qID,Q461-0,he,106340,106342,17,541,9,M_2515,Other
2516,pdnc,qID,Q461-0,he,106365,106367,17,541,9,M_2516,Other
2517,booknlp,COREF,40,she,106388,106391,0,541,9,M_2517,Other
2518,exp,exp_name,the mock turtle,the Mock Turtle,106424,106439,17,542,9,M_2518,PROPN
2519,booknlp,COREF,64,I,106468,106469,17,542,9,M_2519,Other
2520,exp,exp_name,the gryphon,the Gryphon,106601,106612,13,543,9,M_2520,PROPN
2521,exp,exp_name,the mock turtle,the Mock Turtle,106648,106663,17,543,9,M_2521,PROPN
2522,exp,exp_name,alice,Alice,106665,106670,0,543,9,M_2522,PROPN
2523,booknlp,COREF,65,you,106717,106720,13,543,9,M_2523,Other
2524,booknlp,COREF,65,your,106731,106735,13,543,9,M_2524,Other
2525,booknlp,COREF,40,she,106760,106763,0,543,9,M_2525,Other
2526,booknlp,COREF,40,she,106821,106824,0,543,9,M_2526,Other
2527,exp,exp_name,the mock turtle,the Mock Turtle,106877,106892,17,544,9,M_2527,PROPN
2528,pdnc,qID,Q464-1,The master,106998,107008,23,544,9,M_2528,Other
2529,pdnc,qID,Q464-1,him,107044,107047,23,544,9,M_2529,Other
2530,pdnc,qID,Q464-1,Tortoise,107048,107056,23,544,9,M_2530,Other
2531,pdnc,qID,Q465-0,you,107070,107073,17,545,9,M_2531,Other
2532,pdnc,qID,Q465-0,him,107079,107082,23,545,9,M_2532,Other
2533,pdnc,qID,Q465-0,Tortoise,107083,107091,23,545,9,M_2533,Other
2534,exp,exp_name,alice,Alice,107112,107117,0,545,9,M_2534,PROPN
2535,pdnc,qID,Q466-0,him,107137,107140,23,546,9,M_2535,Other
2536,pdnc,qID,Q466-0,Tortoise,107141,107149,23,546,9,M_2536,Other
2537,exp,exp_name,the mock turtle,the Mock Turtle,107178,107193,17,546,9,M_2537,PROPN
2538,pdnc,qID,Q466-1,you,107211,107214,0,546,9,M_2538,Other
2539,pdnc,qID,Q467-0,You,107233,107236,0,547,9,M_2539,Other
2540,booknlp,COREF,40,yourself,107260,107268,0,547,9,M_2540,Other
2541,exp,exp_name,the gryphon,the Gryphon,107311,107322,13,547,9,M_2541,PROPN
2542,exp,exp_name,alice,Alice,107373,107378,0,547,9,M_2542,PROPN
2543,exp,exp_name,the gryphon,the Gryphon,107427,107438,13,547,9,M_2543,PROPN
2544,exp,exp_name,the mock turtle,the Mock Turtle,107447,107462,17,547,9,M_2544,PROPN
2545,pdnc,qID,Q468-0,old fellow,107475,107485,17,547,9,M_2545,Other
2546,pdnc,qID,Q469-0,you,107590,107593,0,548,9,M_2546,Other
2547,booknlp,COREF,40,I,107617,107618,0,549,9,M_2547,Other
2548,booknlp,COREF,40,I,107630,107631,0,549,9,M_2548,Other
2549,exp,exp_name,alice,Alice,107653,107658,0,549,9,M_2549,PROPN
2550,pdnc,qID,Q471-0,You,107662,107665,0,550,9,M_2550,Other
2551,exp,exp_name,the mock turtle,the Mock Turtle,107677,107692,17,550,9,M_2551,PROPN
2552,pdnc,qID,Q472-0,your,107701,107705,0,551,9,M_2552,Other
2553,exp,exp_name,the gryphon,the Gryphon,107721,107732,13,551,9,M_2553,PROPN
2554,exp,exp_name,alice,Alice,107741,107746,0,551,9,M_2554,PROPN
2555,exp,exp_name,the mock turtle,The Mock Turtle,107766,107781,17,551,9,M_2555,PROPN
2556,booknlp,COREF,40,I,107867,107868,0,553,9,M_2556,Other
2557,exp,exp_name,alice,Alice,107906,107911,0,553,9,M_2557,PROPN
2558,pdnc,qID,Q474-1,you,107914,107917,17,553,9,M_2558,Other
2559,exp,exp_name,the mock turtle,the Mock Turtle,107974,107989,17,554,9,M_2559,PROPN
2560,exp,exp_name,alice,Alice,108023,108028,0,555,9,M_2560,PROPN
2561,exp,exp_name,the mock turtle,the Mock Turtle,108082,108097,17,556,9,M_2561,PROPN
2562,exp,exp_name,alice,Alice,108122,108127,0,557,9,M_2562,PROPN
2563,pdnc,qID,Q479-0,yours,108152,108157,0,558,9,M_2563,Other
2564,exp,exp_name,the mock turtle,the Mock Turtle,108193,108208,17,558,9,M_2564,PROPN
2565,exp,exp_name,bill,bill,108278,108282,31,558,9,M_2565,PROPN
2566,pdnc,qID,Q480-0,You,108326,108329,17,559,9,M_2566,Other
2567,exp,exp_name,alice,Alice,108366,108371,0,559,9,M_2567,PROPN
2568,booknlp,COREF,64,I,108410,108411,17,560,9,M_2568,Other
2569,exp,exp_name,the mock turtle,the Mock Turtle,108447,108462,17,560,9,M_2569,PROPN
2570,booknlp,COREF,64,I,108477,108478,17,560,9,M_2570,Other
2571,exp,exp_name,alice,Alice,108537,108542,0,561,9,M_2571,PROPN
2572,exp,exp_name,the mock turtle,the Mock Turtle,108595,108610,17,562,9,M_2572,PROPN
2573,booknlp,COREF,40,I,108722,108723,0,563,9,M_2573,Other
2574,exp,exp_name,alice,Alice,108756,108761,0,563,9,M_2574,PROPN
2575,exp,exp_name,the gryphon,The Gryphon,108794,108805,13,564,9,M_2575,PROPN
2576,pdnc,qID,Q485-1,You,108892,108895,0,564,9,M_2576,Other
2577,booknlp,COREF,65,I,108922,108923,13,564,9,M_2577,Other
2578,exp,exp_name,alice,Alice,108947,108952,0,565,9,M_2578,PROPN
2579,exp,exp_name,the gryphon,the Gryphon,109022,109033,13,566,9,M_2579,PROPN
2580,pdnc,qID,Q487-1,you,109047,109050,0,566,9,M_2580,Other
2581,pdnc,qID,Q487-1,you,109081,109084,0,566,9,M_2581,Other
2582,exp,exp_name,alice,Alice,109106,109111,0,567,9,M_2582,PROPN
2583,booknlp,COREF,40,she,109175,109178,0,567,9,M_2583,Other
2584,exp,exp_name,the mock turtle,the Mock Turtle,109189,109204,17,567,9,M_2584,PROPN
2585,pdnc,qID,Q488-0,you,109230,109233,17,567,9,M_2585,Other
2586,exp,exp_name,the mock turtle,the Mock Turtle,109273,109288,17,568,9,M_2586,PROPN
2587,exp,exp_name,alice,Alice,109570,109575,0,569,9,M_2587,PROPN
2588,booknlp,COREF,64,I,109585,109586,17,570,9,M_2588,Other
2589,pdnc,qID,Q491-0,you,109601,109604,0,570,9,M_2589,Other
2590,booknlp,COREF,64,myself,109605,109611,17,570,9,M_2590,Other
2591,exp,exp_name,the mock turtle,the Mock Turtle,109614,109629,17,570,9,M_2591,PROPN
2592,booknlp,COREF,64,I,109637,109638,17,570,9,M_2592,Other
2593,pdnc,qID,Q491-1,the Gryphon,109656,109667,13,570,9,M_2593,Other
2594,exp,exp_name,time,time,109695,109699,22,571,9,M_2594,PROPN
2595,exp,exp_name,the gryphon,the Gryphon,109707,109718,13,571,9,M_2595,PROPN
2596,booknlp,COREF,65,I,109721,109722,13,571,9,M_2596,Other
2597,exp,exp_name,an old crab,an old crab,109767,109778,30,571,9,M_2597,PROPN
2598,booknlp,COREF,64,I,109793,109794,17,572,9,M_2598,Other
2599,exp,exp_name,the mock turtle,the Mock Turtle,109815,109830,17,572,9,M_2599,PROPN
2600,exp,exp_name,the gryphon,the Gryphon,109929,109940,13,573,9,M_2600,PROPN
2601,booknlp,COREF,64,his,109953,109956,17,573,9,M_2601,Other
2602,pdnc,qID,Q495-0,you,110044,110047,17,574,9,M_2602,Other
2603,exp,exp_name,alice,Alice,110066,110071,0,574,9,M_2603,PROPN
2604,exp,exp_name,the mock turtle,the Mock Turtle,110140,110155,17,575,9,M_2604,PROPN
2605,exp,exp_name,alice,Alice,110219,110224,0,576,9,M_2605,PROPN
2606,exp,exp_name,the gryphon,the Gryphon,110271,110282,13,577,9,M_2606,PROPN
2607,exp,exp_name,alice,Alice,110362,110367,0,578,9,M_2607,PROPN
2608,booknlp,COREF,40,she,110373,110376,0,578,9,M_2608,Other
2609,booknlp,COREF,40,she,110409,110412,0,578,9,M_2609,Other
2610,booknlp,COREF,40,her,110418,110421,0,578,9,M_2610,Other
2611,exp,exp_name,the mock turtle,the Mock Turtle,110511,110526,17,579,9,M_2611,PROPN
2612,pdnc,qID,Q501-0,you,110542,110545,17,580,9,M_2612,Other
2613,exp,exp_name,alice,Alice,110570,110575,0,580,9,M_2613,PROPN
2614,exp,exp_name,the gryphon,the Gryphon,110625,110636,13,581,9,M_2614,PROPN
2615,pdnc,qID,Q502-1,her,110679,110682,0,581,9,M_2615,Other
2616,exp,exp_name,the mock turtle,The Mock Turtle,110754,110769,17,583,10,M_2616,PROPN
2617,booknlp,COREF,64,his,110825,110828,17,583,10,M_2617,Other
2618,booknlp,COREF,64,He,110835,110837,17,583,10,M_2618,Other
2619,exp,exp_name,alice,Alice,110848,110853,0,583,10,M_2619,PROPN
2620,exp,exp_name,two,two,110895,110898,24,583,10,M_2620,PROPN
2621,booknlp,COREF,64,his,110911,110914,17,583,10,M_2621,Other
2622,pdnc,qID,Q503-0,he,110934,110936,17,583,10,M_2622,Other
2623,pdnc,qID,Q503-0,his,110951,110954,17,583,10,M_2623,Other
2624,exp,exp_name,the gryphon,the Gryphon,110969,110980,13,583,10,M_2624,PROPN
2625,booknlp,COREF,64,him,111009,111012,17,583,10,M_2625,Other
2626,booknlp,COREF,64,him,111026,111029,17,583,10,M_2626,Other
2627,exp,exp_name,the mock turtle,the Mock Turtle,111051,111066,17,583,10,M_2627,PROPN
2628,booknlp,COREF,64,his,111077,111080,17,583,10,M_2628,Other
2629,booknlp,COREF,64,his,111117,111120,17,583,10,M_2629,Other
2630,booknlp,COREF,64,he,111129,111131,17,583,10,M_2630,Other
2631,pdnc,qID,Q504-0,You,111151,111154,0,584,10,M_2631,Other
2632,booknlp,COREF,64,I,111198,111199,17,584,10,M_2632,Other
2633,exp,exp_name,alice,Alice,111215,111220,0,584,10,M_2633,PROPN
2634,pdnc,qID,Q506-0,you,111236,111239,0,584,10,M_2634,Other
2635,exp,exp_name,alice,Alice,111284,111289,0,584,10,M_2635,PROPN
2636,booknlp,COREF,40,I,111304,111305,0,584,10,M_2636,Other
2637,booknlp,COREF,40,herself,111333,111340,0,584,10,M_2637,Other
2638,pdnc,qID,Q509-0,you,111378,111381,0,584,10,M_2638,Other
2639,exp,exp_name,alice,Alice,111468,111473,0,585,10,M_2639,PROPN
2640,exp,exp_name,the gryphon,the Gryphon,111518,111529,13,586,10,M_2640,PROPN
2641,booknlp,COREF,40,you,111532,111535,0,586,10,M_2641,Other
2642,exp,exp_name,two,Two,111584,111587,24,587,10,M_2642,PROPN
2643,exp,exp_name,the mock turtle,the Mock Turtle,111602,111617,17,587,10,M_2643,PROPN
2644,booknlp,COREF,40,you,111666,111669,0,587,10,M_2644,Other
2645,exp,exp_name,time,time,111748,111752,22,588,10,M_2645,PROPN
2646,exp,exp_name,the gryphon,the Gryphon,111767,111778,13,588,10,M_2646,PROPN
2647,booknlp,COREF,40,--you,111782,111787,0,589,10,M_2647,Other
2648,exp,exp_name,the gryphon,the Gryphon,111848,111859,13,590,10,M_2648,PROPN
2649,exp,exp_name,the mock turtle,the Mock Turtle,111875,111890,17,591,10,M_2649,PROPN
2650,exp,exp_name,the gryphon,the Gryphon,111990,112001,13,592,10,M_2650,PROPN
2651,pdnc,qID,Q518-0,you,112011,112014,0,593,10,M_2651,Other
2652,exp,exp_name,the mock turtle,the Mock Turtle,112022,112037,17,593,10,M_2652,PROPN
2653,booknlp,COREF,40,you,112048,112051,0,593,10,M_2653,Other
2654,exp,exp_name,the gryphon,the Gryphon,112090,112101,13,594,10,M_2654,PROPN
2655,booknlp,COREF,40,you,112155,112158,0,595,10,M_2655,Other
2656,exp,exp_name,the gryphon,the Gryphon,112195,112206,13,596,10,M_2656,PROPN
2657,exp,exp_name,the mock turtle,the Mock Turtle,112247,112262,17,597,10,M_2657,PROPN
2658,exp,exp_name,the gryphon,the Gryphon,112320,112331,13,598,10,M_2658,PROPN
2659,exp,exp_name,the mock turtle,the Mock Turtle,112418,112433,17,599,10,M_2659,PROPN
2660,booknlp,COREF,64,his,112453,112456,17,599,10,M_2660,Other
2661,exp,exp_name,two,two,112472,112475,24,599,10,M_2661,PROPN
2662,exp,exp_name,time,time,112539,112543,22,599,10,M_2662,PROPN
2663,exp,exp_name,alice,Alice,112598,112603,0,599,10,M_2663,PROPN
2664,exp,exp_name,alice,Alice,112645,112650,0,600,10,M_2664,PROPN
2665,pdnc,qID,Q526-0,you,112668,112671,0,601,10,M_2665,Other
2666,exp,exp_name,the mock turtle,the Mock Turtle,112706,112721,17,601,10,M_2666,PROPN
2667,exp,exp_name,alice,Alice,112749,112754,0,602,10,M_2667,PROPN
2668,exp,exp_name,the mock turtle,the Mock Turtle,112798,112813,17,603,10,M_2668,PROPN
2669,exp,exp_name,the gryphon,the Gryphon,112817,112828,13,603,10,M_2669,PROPN
2670,pdnc,qID,Q528-1,you,112859,112862,13,603,10,M_2670,Other
2671,pdnc,qID,Q529-0,you,112895,112898,17,604,10,M_2671,Other
2672,exp,exp_name,the gryphon,the Gryphon,112912,112923,13,604,10,M_2672,PROPN
2673,booknlp,COREF,65,I,112926,112927,13,604,10,M_2673,Other
2674,exp,exp_name,alice,Alice,113001,113006,0,605,10,M_2674,PROPN
2675,booknlp,COREF,40,her,113039,113042,0,605,10,M_2675,Other
2676,exp,exp_name,time,time,113114,113118,22,605,10,M_2676,PROPN
2677,exp,exp_name,the mock turtle,the Mock Turtle,113126,113141,17,605,10,M_2677,PROPN
2678,booknlp,COREF,40,you,113185,113188,0,606,10,M_2678,Other
2679,booknlp,COREF,64,my,113297,113299,17,606,10,M_2679,Other
2680,booknlp,COREF,40,you,113402,113405,0,606,10,M_2680,Other
2681,booknlp,COREF,40,you,113436,113439,0,606,10,M_2681,Other
2682,booknlp,COREF,40,you,113447,113450,0,606,10,M_2682,Other
2683,booknlp,COREF,40,you,113457,113460,0,606,10,M_2683,Other
2684,booknlp,COREF,40,you,113468,113471,0,606,10,M_2684,Other
2685,booknlp,COREF,40,you,113478,113481,0,606,10,M_2685,Other
2686,booknlp,COREF,40,you,113503,113506,0,606,10,M_2686,Other
2687,booknlp,COREF,40,you,113514,113517,0,606,10,M_2687,Other
2688,booknlp,COREF,40,you,113524,113527,0,606,10,M_2688,Other
2689,booknlp,COREF,40,you,113535,113538,0,606,10,M_2689,Other
2690,booknlp,COREF,40,you,113546,113549,0,606,10,M_2690,Other
2691,booknlp,COREF,40,You,113569,113572,0,607,10,M_2691,Other
2692,booknlp,COREF,40,you,114056,114059,0,608,10,M_2692,Other
2693,booknlp,COREF,40,you,114211,114214,0,608,10,M_2693,Other
2694,booknlp,COREF,40,you,114222,114225,0,608,10,M_2694,Other
2695,booknlp,COREF,40,you,114232,114235,0,608,10,M_2695,Other
2696,booknlp,COREF,40,you,114243,114246,0,608,10,M_2696,Other
2697,booknlp,COREF,40,you,114253,114256,0,608,10,M_2697,Other
2698,booknlp,COREF,40,you,114278,114281,0,608,10,M_2698,Other
2699,booknlp,COREF,40,you,114289,114292,0,608,10,M_2699,Other
2700,booknlp,COREF,40,you,114299,114302,0,608,10,M_2700,Other
2701,booknlp,COREF,40,you,114310,114313,0,608,10,M_2701,Other
2702,booknlp,COREF,40,you,114321,114324,0,608,10,M_2702,Other
2703,booknlp,COREF,64,you,114351,114354,17,609,10,M_2703,Other
2704,exp,exp_name,alice,Alice,114402,114407,0,609,10,M_2704,PROPN
2705,booknlp,COREF,40,I,114458,114459,0,609,10,M_2705,Other
2706,exp,exp_name,the mock turtle,the Mock Turtle,114540,114555,17,610,10,M_2706,PROPN
2707,pdnc,qID,Q531-1,you,114564,114567,0,610,10,M_2707,Other
2708,exp,exp_name,alice,Alice,114607,114612,0,611,10,M_2708,PROPN
2709,booknlp,COREF,40,I,114615,114616,0,611,10,M_2709,Other
2710,booknlp,COREF,40,she,114647,114650,0,611,10,M_2710,Other
2711,booknlp,COREF,40,herself,114659,114666,0,611,10,M_2711,Other
2712,exp,exp_name,the mock turtle,the Mock Turtle,114716,114731,17,612,10,M_2712,PROPN
2713,pdnc,qID,Q533-1,you,114741,114744,0,612,10,M_2713,Other
2714,pdnc,qID,Q533-1,you,114778,114781,0,612,10,M_2714,Other
2715,booknlp,COREF,40,I,114809,114810,0,613,10,M_2715,Other
2716,exp,exp_name,alice,Alice,114824,114829,0,613,10,M_2716,PROPN
2717,pdnc,qID,Q535-0,You,114924,114927,0,614,10,M_2717,Other
2718,exp,exp_name,the mock turtle,the Mock Turtle,114961,114976,17,614,10,M_2718,PROPN
2719,exp,exp_name,the mock turtle,the Mock Turtle,115088,115103,17,614,10,M_2719,PROPN
2720,pdnc,qID,Q536-0,her,115137,115140,0,614,10,M_2720,Other
2721,exp,exp_name,the gryphon,the Gryphon,115184,115195,13,614,10,M_2721,PROPN
2722,exp,exp_name,the gryphon,the Gryphon,115220,115231,13,615,10,M_2722,PROPN
2723,pdnc,qID,Q538-0,you,115454,115457,13,616,10,M_2723,Other
2724,exp,exp_name,alice,Alice,115465,115470,0,616,10,M_2724,PROPN
2725,booknlp,COREF,40,I,115496,115497,0,616,10,M_2725,Other
2726,booknlp,COREF,65,I,115544,115545,13,617,10,M_2726,Other
2727,pdnc,qID,Q539-0,you,115555,115558,0,617,10,M_2727,Other
2728,pdnc,qID,Q539-0,you,115578,115581,0,617,10,M_2728,Other
2729,exp,exp_name,the gryphon,the Gryphon,115594,115605,13,617,10,M_2729,PROPN
2730,pdnc,qID,Q539-1,you,115611,115614,0,617,10,M_2730,Other
2731,booknlp,COREF,40,I,115650,115651,0,618,10,M_2731,Other
2732,exp,exp_name,alice,Alice,115682,115687,0,618,10,M_2732,PROPN
2733,exp,exp_name,the gryphon,the Gryphon,115730,115741,13,619,10,M_2733,PROPN
2734,exp,exp_name,alice,Alice,115766,115771,0,620,10,M_2734,PROPN
2735,booknlp,COREF,40,she,115824,115827,0,620,10,M_2735,Other
2736,pdnc,qID,Q543-0,your,115875,115879,0,621,10,M_2736,Other
2737,exp,exp_name,the gryphon,the Gryphon,115904,115915,13,621,10,M_2737,PROPN
2738,booknlp,COREF,65,I,115918,115919,13,621,10,M_2738,Other
2739,exp,exp_name,alice,Alice,115954,115959,0,622,10,M_2739,PROPN
2740,booknlp,COREF,40,she,116012,116015,0,622,10,M_2740,Other
2741,booknlp,COREF,40,her,116021,116024,0,622,10,M_2741,Other
2742,booknlp,COREF,40,I,116062,116063,0,622,10,M_2742,Other
2743,exp,exp_name,the gryphon,the Gryphon,116108,116119,13,623,10,M_2743,PROPN
2744,pdnc,qID,Q545-1,you,116175,116178,0,623,10,M_2744,Other
2745,exp,exp_name,alice,Alice,116216,116221,0,624,10,M_2745,PROPN
2746,exp,exp_name,the gryphon,the Gryphon,116288,116299,13,625,10,M_2746,PROPN
2747,pdnc,qID,Q547-1,you,116356,116359,0,625,10,M_2747,Other
2748,booknlp,COREF,40,I,116372,116373,0,626,10,M_2748,Other
2749,exp,exp_name,alice,Alice,116400,116405,0,626,10,M_2749,PROPN
2750,booknlp,COREF,40,I,116455,116456,0,626,10,M_2750,Other
2751,exp,exp_name,the mock turtle,the Mock Turtle,116581,116596,17,627,10,M_2751,PROPN
2752,exp,exp_name,alice,Alice,116684,116689,0,628,10,M_2752,PROPN
2753,exp,exp_name,the mock turtle,the Mock Turtle,116742,116757,17,629,10,M_2753,PROPN
2754,booknlp,COREF,64,me,116784,116786,17,629,10,M_2754,Other
2755,booknlp,COREF,64,me,116798,116800,17,629,10,M_2755,Other
2756,booknlp,COREF,64,I,116825,116826,17,629,10,M_2756,Other
2757,pdnc,qID,Q552-0,you,116869,116872,17,630,10,M_2757,Other
2758,exp,exp_name,alice,Alice,116895,116900,0,630,10,M_2758,PROPN
2759,booknlp,COREF,64,I,116904,116905,17,631,10,M_2759,Other
2760,booknlp,COREF,64,I,116916,116917,17,631,10,M_2760,Other
2761,exp,exp_name,the mock turtle,the Mock Turtle,116924,116939,17,631,10,M_2761,PROPN
2762,exp,exp_name,the gryphon,the Gryphon,116973,116984,13,631,10,M_2762,PROPN
2763,booknlp,COREF,40,your,117018,117022,0,631,10,M_2763,Other
2764,booknlp,COREF,40,I,117039,117040,0,632,10,M_2764,Other
2765,booknlp,COREF,65,you,117052,117055,13,632,10,M_2765,Other
2766,booknlp,COREF,40,my,117056,117058,0,632,10,M_2766,Other
2767,exp,exp_name,alice,Alice,117106,117111,0,632,10,M_2767,PROPN
2768,booknlp,COREF,40,I,117180,117181,0,632,10,M_2768,Other
2769,exp,exp_name,the mock turtle,the Mock Turtle,117238,117253,17,633,10,M_2769,PROPN
2770,exp,exp_name,the gryphon,the Gryphon,117293,117304,13,634,10,M_2770,PROPN
2771,exp,exp_name,time,time,117362,117366,22,634,10,M_2771,PROPN
2772,exp,exp_name,alice,Alice,117373,117378,0,635,10,M_2772,PROPN
2773,booknlp,COREF,40,her,117398,117401,0,635,10,M_2773,Other
2774,exp,exp_name,time,time,117422,117426,22,635,10,M_2774,PROPN
2775,booknlp,COREF,40,she,117432,117435,0,635,10,M_2775,Other
2776,exp,exp_name,the white rabbit,the White Rabbit,117446,117462,21,635,10,M_2776,PROPN
2777,booknlp,COREF,40,She,117464,117467,0,635,10,M_2777,Other
2778,exp,exp_name,two,two,117517,117520,24,635,10,M_2778,PROPN
2779,booknlp,COREF,40,her,117547,117550,0,635,10,M_2779,Other
2780,booknlp,COREF,40,she,117623,117626,0,635,10,M_2780,Other
2781,booknlp,COREF,40,she,117645,117648,0,635,10,M_2781,Other
2782,booknlp,COREF,40,Her,117658,117661,0,635,10,M_2782,Other
2783,booknlp,COREF,40,she,117698,117701,0,635,10,M_2783,Other
2784,booknlp,COREF,40,her,117724,117727,0,635,10,M_2784,Other
2785,exp,exp_name,the caterpillar,the Caterpillar,117774,117789,7,635,10,M_2785,PROPN
2786,exp,exp_name,the mock turtle,the Mock Turtle,117836,117851,17,635,10,M_2786,PROPN
2787,exp,exp_name,the gryphon,the Gryphon,117952,117963,13,636,10,M_2787,PROPN
2788,exp,exp_name,the mock turtle,the Mock Turtle,117991,118006,17,637,10,M_2788,PROPN
2789,booknlp,COREF,64,I,118031,118032,17,637,10,M_2789,Other
2790,pdnc,qID,Q560-1,her,118053,118056,0,637,10,M_2790,Other
2791,pdnc,qID,Q560-1,her,118092,118095,0,637,10,M_2791,Other
2792,booknlp,COREF,64,He,118107,118109,17,637,10,M_2792,Other
2793,exp,exp_name,the gryphon,the Gryphon,118120,118131,13,637,10,M_2793,PROPN
2794,booknlp,COREF,64,he,118138,118140,17,637,10,M_2794,Other
2795,exp,exp_name,alice,Alice,118184,118189,0,637,10,M_2795,PROPN
2796,exp,exp_name,the gryphon,the Gryphon,118255,118266,13,638,10,M_2796,PROPN
2797,exp,exp_name,alice,Alice,118343,118348,0,639,10,M_2797,PROPN
2798,booknlp,COREF,40,I,118351,118352,0,639,10,M_2798,Other
2799,booknlp,COREF,40,she,118399,118402,0,639,10,M_2799,Other
2800,booknlp,COREF,40,her,118439,118442,0,639,10,M_2800,Other
2801,booknlp,COREF,40,she,118491,118494,0,639,10,M_2801,Other
2802,booknlp,COREF,40,she,118512,118515,0,639,10,M_2802,Other
2803,booknlp,COREF,65,I,119040,119041,13,642,10,M_2803,Other
2804,booknlp,COREF,65,I,119060,119061,13,642,10,M_2804,Other
2805,exp,exp_name,the gryphon,the Gryphon,119081,119092,13,642,10,M_2805,PROPN
2806,booknlp,COREF,64,I,119102,119103,17,643,10,M_2806,Other
2807,exp,exp_name,the mock turtle,the Mock Turtle,119133,119148,17,643,10,M_2807,PROPN
2808,exp,exp_name,alice,Alice,119186,119191,0,644,10,M_2808,PROPN
2809,booknlp,COREF,40,she,119206,119209,0,644,10,M_2809,Other
2810,booknlp,COREF,40,her,119228,119231,0,644,10,M_2810,Other
2811,booknlp,COREF,40,her,119240,119243,0,644,10,M_2811,Other
2812,booknlp,COREF,64,I,119319,119320,17,645,10,M_2812,Other
2813,exp,exp_name,the mock turtle,the Mock Turtle,119361,119376,17,645,10,M_2813,PROPN
2814,pdnc,qID,Q565-0,She,119380,119383,0,646,10,M_2814,Other
2815,exp,exp_name,the gryphon,the Gryphon,119408,119419,13,646,10,M_2815,PROPN
2816,exp,exp_name,the mock turtle,the Mock Turtle,119481,119496,17,647,10,M_2816,PROPN
2817,booknlp,COREF,40,you,119553,119556,0,647,10,M_2817,Other
2818,exp,exp_name,alice,Alice,119603,119608,0,648,10,M_2818,PROPN
2819,exp,exp_name,the gryphon,the Gryphon,119726,119737,13,649,10,M_2819,PROPN
2820,booknlp,COREF,65,I,119773,119774,13,649,10,M_2820,Other
2821,exp,exp_name,alice,Alice,119801,119806,0,650,10,M_2821,PROPN
2822,booknlp,COREF,40,she,119839,119842,0,650,10,M_2822,Other
2823,booknlp,COREF,40,she,119882,119885,0,650,10,M_2823,Other
2824,booknlp,COREF,40,I,119920,119921,0,651,10,M_2824,Other
2825,exp,exp_name,the mock turtle,the Mock Turtle,120390,120405,17,653,10,M_2825,PROPN
2826,pdnc,qID,Q569-1,you,120423,120426,0,653,10,M_2826,Other
2827,pdnc,qID,Q569-1,you,120447,120450,0,653,10,M_2827,Other
2828,booknlp,COREF,64,I,120496,120497,17,653,10,M_2828,Other
2829,booknlp,COREF,65,I,120519,120520,13,654,10,M_2829,Other
2830,pdnc,qID,Q570-0,you,120527,120530,0,654,10,M_2830,Other
2831,exp,exp_name,the gryphon,the Gryphon,120557,120568,13,654,10,M_2831,PROPN
2832,exp,exp_name,alice,Alice,120574,120579,0,654,10,M_2832,PROPN
2833,exp,exp_name,the gryphon,the Gryphon,120665,120676,13,655,10,M_2833,PROPN
2834,pdnc,qID,Q571-1,you,120696,120699,0,655,10,M_2834,Other
2835,pdnc,qID,Q571-1,the Mock Turtle,120705,120720,17,655,10,M_2835,Other
2836,pdnc,qID,Q571-1,you,120729,120732,0,655,10,M_2836,Other
2837,pdnc,qID,Q572-0,the Mock Turtle,120767,120782,17,656,10,M_2837,Other
2838,exp,exp_name,alice,Alice,120802,120807,0,656,10,M_2838,PROPN
2839,exp,exp_name,the gryphon,the Gryphon,120833,120844,13,656,10,M_2839,PROPN
2840,pdnc,qID,Q573-0,her,120914,120917,0,656,10,M_2840,Other
2841,pdnc,qID,Q573-0,you,120940,120943,17,656,10,M_2841,Other
2842,pdnc,qID,Q573-0,old fellow,120945,120955,17,656,10,M_2842,Other
2843,exp,exp_name,the mock turtle,The Mock Turtle,120959,120974,17,657,10,M_2843,PROPN
2844,booknlp,COREF,64,beautiful Soup,121215,121229,17,658,10,M_2844,Other
2845,exp,exp_name,two,two,121445,121448,24,659,10,M_2845,PROPN
2846,exp,exp_name,the gryphon,the Gryphon,121665,121676,13,660,10,M_2846,PROPN
2847,exp,exp_name,the mock turtle,the Mock Turtle,121682,121697,17,660,10,M_2847,PROPN
2848,exp,exp_name,the gryphon,the Gryphon,121811,121822,13,661,10,M_2848,PROPN
2849,exp,exp_name,alice,Alice,121836,121841,0,661,10,M_2849,PROPN
2850,exp,exp_name,alice,Alice,121933,121938,0,662,10,M_2850,PROPN
2851,booknlp,COREF,533,she,121949,121952,0,662,10,M_2851,Other
2852,exp,exp_name,the gryphon,the Gryphon,121962,121973,13,662,10,M_2852,PROPN
2853,exp,exp_name,the king,The King,122223,122231,15,665,11,M_2853,PROPN
2854,exp,exp_name,the king,the King,122512,122520,15,665,11,M_2854,PROPN
2855,exp,exp_name,the white rabbit,the White Rabbit,122525,122541,21,665,11,M_2855,PROPN
2856,exp,exp_name,alice,Alice,122726,122731,0,665,11,M_2856,PROPN
2857,booknlp,COREF,40,she,122798,122801,0,665,11,M_2857,Other
2858,booknlp,COREF,40,she,122891,122894,0,665,11,M_2858,Other
2859,booknlp,COREF,40,her,122929,122932,0,665,11,M_2859,Other
2860,exp,exp_name,time,time,122951,122955,22,665,11,M_2860,PROPN
2861,exp,exp_name,alice,Alice,122958,122963,0,666,11,M_2861,PROPN
2862,booknlp,COREF,40,she,123013,123016,0,666,11,M_2862,Other
2863,booknlp,COREF,40,she,123051,123054,0,666,11,M_2863,Other
2864,booknlp,COREF,40,she,123086,123089,0,666,11,M_2864,Other
2865,booknlp,COREF,40,she,123152,123155,0,666,11,M_2865,Other
2866,booknlp,COREF,40,herself,123164,123171,0,666,11,M_2866,Other
2867,exp,exp_name,the king,the King,123229,123237,15,667,11,M_2867,PROPN
2868,exp,exp_name,alice,Alice,123446,123451,0,668,11,M_2868,PROPN
2869,booknlp,COREF,40,she,123484,123487,0,668,11,M_2869,Other
2870,booknlp,COREF,40,I,123587,123588,0,668,11,M_2870,Other
2871,booknlp,COREF,40,She,123619,123622,0,668,11,M_2871,Other
2872,exp,exp_name,two,two,123643,123646,24,668,11,M_2872,PROPN
2873,booknlp,COREF,40,herself,123670,123677,0,668,11,M_2873,Other
2874,booknlp,COREF,40,she,123709,123712,0,668,11,M_2874,Other
2875,booknlp,COREF,40,her,123769,123772,0,668,11,M_2875,Other
2876,exp,exp_name,alice,Alice,123940,123945,0,669,11,M_2876,PROPN
2877,exp,exp_name,the gryphon,the Gryphon,123959,123970,13,669,11,M_2877,PROPN
2878,exp,exp_name,the gryphon,the Gryphon,124079,124090,13,670,11,M_2878,PROPN
2879,exp,exp_name,alice,Alice,124193,124198,0,671,11,M_2879,PROPN
2880,booknlp,COREF,40,she,124237,124240,0,671,11,M_2880,Other
2881,exp,exp_name,the white rabbit,the White Rabbit,124262,124278,21,671,11,M_2881,PROPN
2882,exp,exp_name,the king,the King,124318,124326,15,671,11,M_2882,PROPN
2883,booknlp,COREF,367,his,124334,124337,15,671,11,M_2883,Other
2884,exp,exp_name,alice,Alice,124407,124412,0,672,11,M_2884,PROPN
2885,booknlp,COREF,40,she,124438,124441,0,672,11,M_2885,Other
2886,booknlp,COREF,40,she,124553,124556,0,672,11,M_2886,Other
2887,exp,exp_name,alice,Alice,124750,124755,0,672,11,M_2887,PROPN
2888,exp,exp_name,alice,Alice,124820,124825,0,673,11,M_2888,PROPN
2889,booknlp,COREF,40,she,124849,124852,0,673,11,M_2889,Other
2890,booknlp,COREF,40,She,124948,124951,0,673,11,M_2890,Other
2891,exp,exp_name,"bill, the lizard","Bill, the Lizard",125005,125021,1,673,11,M_2891,PROPN
2892,pdnc,qID,Q585-0,Herald,125241,125247,21,674,11,M_2892,Other
2893,exp,exp_name,the king,the King,125276,125284,15,674,11,M_2893,PROPN
2894,exp,exp_name,the white rabbit,the White Rabbit,125295,125311,21,675,11,M_2894,PROPN
2895,exp,exp_name,the queen of hearts,The Queen of Hearts,125411,125430,20,676,11,M_2895,PROPN
2896,exp,exp_name,the knave of hearts,The Knave of Hearts,125478,125497,16,676,11,M_2896,PROPN
2897,exp,exp_name,the king,the King,125579,125587,15,677,11,M_2897,PROPN
2898,exp,exp_name,the rabbit,the Rabbit,125627,125637,21,678,11,M_2898,PROPN
2899,exp,exp_name,the king,the King,125735,125743,15,679,11,M_2899,PROPN
2900,exp,exp_name,the white rabbit,the White Rabbit,125749,125765,21,679,11,M_2900,PROPN
2901,exp,exp_name,the hatter,the Hatter,125856,125866,14,680,11,M_2901,PROPN
2902,pdnc,qID,Q590-0,your Majesty,125966,125978,15,680,11,M_2902,Other
2903,pdnc,qID,Q591-0,You,126074,126077,14,681,11,M_2903,Other
2904,exp,exp_name,the king,the King,126108,126116,15,681,11,M_2904,PROPN
2905,pdnc,qID,Q591-1,you,126128,126131,14,681,11,M_2905,Other
2906,exp,exp_name,the hatter,The Hatter,126141,126151,14,682,11,M_2906,PROPN
2907,exp,exp_name,march hare,March Hare,126166,126176,3,682,11,M_2907,PROPN
2908,exp,exp_name,the dormouse,the Dormouse,126231,126243,10,682,11,M_2908,PROPN
2909,exp,exp_name,march hare,March Hare,126318,126328,3,683,11,M_2909,PROPN
2910,exp,exp_name,the dormouse,the Dormouse,126350,126362,10,684,11,M_2910,PROPN
2911,exp,exp_name,the king,the King,126384,126392,15,685,11,M_2911,PROPN
2912,pdnc,qID,Q596-0,your,126558,126562,14,686,11,M_2912,Other
2913,exp,exp_name,the king,the King,126569,126577,15,686,11,M_2913,PROPN
2914,exp,exp_name,the hatter,the Hatter,126586,126596,14,686,11,M_2914,PROPN
2915,exp,exp_name,the hatter,the Hatter,126621,126631,14,687,11,M_2915,PROPN
2916,exp,exp_name,the king,the King,126646,126654,15,688,11,M_2916,PROPN
2917,booknlp,COREF,54,I,126734,126735,14,689,11,M_2917,Other
2918,exp,exp_name,the hatter,the Hatter,126756,126766,14,689,11,M_2918,PROPN
2919,booknlp,COREF,54,I,126793,126794,14,689,11,M_2919,Other
2920,booknlp,COREF,54,my,126806,126808,14,689,11,M_2920,Other
2921,booknlp,COREF,54,I,126814,126815,14,689,11,M_2921,Other
2922,exp,exp_name,the queen,the Queen,126835,126844,20,690,11,M_2922,PROPN
2923,booknlp,COREF,843,her,126852,126855,20,690,11,M_2923,Other
2924,exp,exp_name,the hatter,the Hatter,126889,126899,14,690,11,M_2924,PROPN
2925,pdnc,qID,Q600-0,your,126938,126942,14,691,11,M_2925,Other
2926,exp,exp_name,the king,the King,126959,126967,15,691,11,M_2926,PROPN
2927,booknlp,COREF,367,I,126995,126996,15,691,11,M_2927,Other
2928,pdnc,qID,Q600-1,you,127005,127008,14,691,11,M_2928,Other
2929,exp,exp_name,the queen,the Queen,127149,127158,20,692,11,M_2929,PROPN
2930,exp,exp_name,alice,Alice,127274,127279,0,693,11,M_2930,PROPN
2931,booknlp,COREF,40,her,127325,127328,0,693,11,M_2931,Other
2932,booknlp,COREF,40,she,127347,127350,0,693,11,M_2932,Other
2933,booknlp,COREF,40,she,127373,127376,0,693,11,M_2933,Other
2934,booknlp,COREF,40,she,127417,127420,0,693,11,M_2934,Other
2935,booknlp,COREF,40,she,127438,127441,0,693,11,M_2935,Other
2936,booknlp,COREF,40,she,127499,127502,0,693,11,M_2936,Other
2937,booknlp,COREF,40,she,127527,127530,0,693,11,M_2937,Other
2938,booknlp,COREF,40,her,127565,127568,0,693,11,M_2938,Other
2939,pdnc,qID,Q601-0,you,127579,127582,0,694,11,M_2939,Other
2940,exp,exp_name,the dormouse,the Dormouse,127610,127622,10,694,11,M_2940,PROPN
2941,booknlp,COREF,40,her,127648,127651,0,694,11,M_2941,Other
2942,booknlp,COREF,40,I,127679,127680,0,695,11,M_2942,Other
2943,exp,exp_name,alice,Alice,127702,127707,0,695,11,M_2943,PROPN
2944,booknlp,COREF,40,I,127722,127723,0,695,11,M_2944,Other
2945,pdnc,qID,Q603-0,You,127738,127741,0,696,11,M_2945,Other
2946,exp,exp_name,the dormouse,the Dormouse,127776,127788,10,696,11,M_2946,PROPN
2947,exp,exp_name,alice,Alice,127819,127824,0,697,11,M_2947,PROPN
2948,pdnc,qID,Q604-1,you,127839,127842,10,697,11,M_2948,Other
2949,pdnc,qID,Q604-1,you,127848,127851,10,697,11,M_2949,Other
2950,booknlp,COREF,55,I,127881,127882,10,698,11,M_2950,Other
2951,exp,exp_name,the dormouse,the Dormouse,127917,127929,10,698,11,M_2951,PROPN
2952,exp,exp_name,time,time,128051,128055,22,699,11,M_2952,PROPN
2953,exp,exp_name,the queen,the Queen,128056,128065,20,699,11,M_2953,PROPN
2954,exp,exp_name,the hatter,the Hatter,128096,128106,14,699,11,M_2954,PROPN
2955,exp,exp_name,the dormouse,the Dormouse,128121,128133,10,699,11,M_2955,PROPN
2956,booknlp,COREF,843,she,128153,128156,20,699,11,M_2956,Other
2957,booknlp,COREF,843,me,128206,128208,20,699,11,M_2957,Other
2958,booknlp,COREF,54,the wretched Hatter,128264,128283,14,699,11,M_2958,Other
2959,booknlp,COREF,54,he,128302,128304,14,699,11,M_2959,Other
2960,booknlp,COREF,54,his,128316,128319,14,699,11,M_2960,Other
2961,pdnc,qID,Q607-0,your,128338,128342,14,700,11,M_2961,Other
2962,exp,exp_name,the king,the King,128354,128362,15,700,11,M_2962,PROPN
2963,booknlp,COREF,367,I,128385,128386,15,700,11,M_2963,Other
2964,pdnc,qID,Q607-1,you,128395,128398,14,700,11,M_2964,Other
2965,pdnc,qID,Q607-1,you,128417,128420,14,700,11,M_2965,Other
2966,pdnc,qID,Q608-0,your Majesty,128459,128471,15,701,11,M_2966,Other
2967,exp,exp_name,the hatter,the Hatter,128474,128484,14,701,11,M_2967,PROPN
2968,exp,exp_name,the king,the King,128689,128697,15,702,11,M_2968,PROPN
2969,exp,exp_name,the hatter,the Hatter,128727,128737,14,703,11,M_2969,PROPN
2970,exp,exp_name,the king,the King,128792,128800,15,704,11,M_2970,PROPN
2971,pdnc,qID,Q611-1,you,128814,128817,14,704,11,M_2971,Other
2972,booknlp,COREF,367,me,128823,128825,15,704,11,M_2972,Other
2973,booknlp,COREF,54,I,128849,128850,14,705,11,M_2973,Other
2974,exp,exp_name,the hatter,the Hatter,128866,128876,14,705,11,M_2974,PROPN
2975,pdnc,qID,Q612-1,the March Hare,128929,128943,3,705,11,M_2975,Other
2976,exp,exp_name,march hare,March Hare,128969,128979,3,706,11,M_2976,PROPN
2977,pdnc,qID,Q614-0,You,129012,129015,3,707,11,M_2977,Other
2978,exp,exp_name,the hatter,the Hatter,129027,129037,14,707,11,M_2978,PROPN
2979,exp,exp_name,march hare,March Hare,129062,129072,3,708,11,M_2979,PROPN
2980,pdnc,qID,Q616-0,He,129076,129078,3,709,11,M_2980,Other
2981,exp,exp_name,the king,the King,129096,129104,15,709,11,M_2981,PROPN
2982,pdnc,qID,Q617-0,the Dormouse,129150,129162,10,710,11,M_2982,Other
2983,exp,exp_name,the hatter,the Hatter,129171,129181,14,710,11,M_2983,PROPN
2984,exp,exp_name,the dormouse,the Dormouse,129251,129263,10,710,11,M_2984,PROPN
2985,exp,exp_name,the hatter,the Hatter,129324,129334,14,711,11,M_2985,PROPN
2986,booknlp,COREF,54,I,129337,129338,14,711,11,M_2986,Other
2987,exp,exp_name,the dormouse,the Dormouse,129388,129400,10,712,11,M_2987,PROPN
2988,booknlp,COREF,54,I,129437,129438,14,713,11,M_2988,Other
2989,exp,exp_name,the hatter,the Hatter,129461,129471,14,713,11,M_2989,PROPN
2990,pdnc,qID,Q620-0,You,129475,129478,14,714,11,M_2990,Other
2991,exp,exp_name,the king,the King,129506,129514,15,714,11,M_2991,PROPN
2992,booknlp,COREF,367,I,129520,129521,15,714,11,M_2992,Other
2993,pdnc,qID,Q620-1,you,129530,129533,14,714,11,M_2993,Other
2994,pdnc,qID,Q621-0,your Majesty,129652,129664,15,715,11,M_2994,Other
2995,pdnc,qID,Q622-0,You,129679,129682,14,716,11,M_2995,Other
2996,exp,exp_name,the king,the King,129717,129725,15,716,11,M_2996,PROPN
2997,exp,exp_name,pig,pig,130006,130009,41,717,11,M_2997,PROPN
2998,booknlp,COREF,40,I,130048,130049,0,718,11,M_2998,Other
2999,booknlp,COREF,40,I,130057,130058,0,718,11,M_2999,Other
3000,exp,exp_name,alice,Alice,130087,130092,0,718,11,M_3000,PROPN
3001,booknlp,COREF,40,I,130095,130096,0,718,11,M_3001,Other
3002,pdnc,qID,Q624-0,you,130321,130324,14,719,11,M_3002,Other
3003,pdnc,qID,Q624-0,you,130340,130343,14,719,11,M_3003,Other
3004,exp,exp_name,the king,the King,130371,130379,15,719,11,M_3004,PROPN
3005,exp,exp_name,the hatter,the Hatter,130410,130420,14,720,11,M_3005,PROPN
3006,pdnc,qID,Q626-0,you,130459,130462,14,721,11,M_3006,Other
3007,exp,exp_name,the king,the King,130480,130488,15,721,11,M_3007,PROPN
3008,exp,exp_name,pig,pig,130521,130524,41,722,11,M_3008,PROPN
3009,exp,exp_name,alice,Alice,130602,130607,0,723,11,M_3009,PROPN
3010,booknlp,COREF,54,I,130641,130642,14,724,11,M_3010,Other
3011,booknlp,COREF,54,my,130659,130661,14,724,11,M_3011,Other
3012,exp,exp_name,the hatter,the Hatter,130673,130683,14,724,11,M_3012,PROPN
3013,exp,exp_name,the queen,the Queen,130709,130718,20,724,11,M_3013,PROPN
3014,pdnc,qID,Q629-0,You,130759,130762,14,725,11,M_3014,Other
3015,exp,exp_name,the king,the King,130777,130785,15,725,11,M_3015,PROPN
3016,exp,exp_name,the hatter,the Hatter,130791,130801,14,725,11,M_3016,PROPN
3017,pdnc,qID,Q630-0,his,130888,130891,14,726,11,M_3017,Other
3018,exp,exp_name,the queen,the Queen,130911,130920,20,726,11,M_3018,PROPN
3019,exp,exp_name,the hatter,the Hatter,130955,130965,14,726,11,M_3019,PROPN
3020,exp,exp_name,the king,the King,131056,131064,15,727,11,M_3020,PROPN
3021,exp,exp_name,the duchess,the Duchess,131088,131099,11,728,11,M_3021,PROPN
3022,exp,exp_name,alice,Alice,131152,131157,0,728,11,M_3022,PROPN
3023,booknlp,COREF,40,she,131190,131193,0,728,11,M_3023,Other
3024,pdnc,qID,Q632-0,your,131285,131289,8,729,11,M_3024,Other
3025,exp,exp_name,the king,the King,131306,131314,15,729,11,M_3025,PROPN
3026,exp,exp_name,the cook,the cook,131332,131340,8,730,11,M_3026,PROPN
3027,exp,exp_name,the king,The King,131343,131351,15,731,11,M_3027,PROPN
3028,exp,exp_name,the white rabbit,the White Rabbit,131372,131388,21,731,11,M_3028,PROPN
3029,pdnc,qID,Q634-0,Your Majesty,131416,131428,15,731,11,M_3029,Other
3030,pdnc,qID,Q634-0,_this_ witness,131448,131462,8,731,11,M_3030,Other
3031,booknlp,COREF,367,I,131476,131477,15,732,11,M_3031,Other
3032,booknlp,COREF,367,I,131484,131485,15,732,11,M_3032,Other
3033,exp,exp_name,the king,the King,131493,131501,15,732,11,M_3033,PROPN
3034,booknlp,COREF,367,his,131550,131553,15,732,11,M_3034,Other
3035,exp,exp_name,the cook,the cook,131575,131583,8,732,11,M_3035,PROPN
3036,booknlp,COREF,367,his,131589,131592,15,732,11,M_3036,Other
3037,booknlp,COREF,367,he,131624,131626,15,732,11,M_3037,Other
3038,exp,exp_name,the cook,the cook,131699,131707,8,733,11,M_3038,PROPN
3039,booknlp,COREF,40,her,131748,131751,0,734,11,M_3039,Other
3040,pdnc,qID,Q638-0,that Dormouse,131762,131775,10,735,11,M_3040,Other
3041,exp,exp_name,the queen,the Queen,131778,131787,20,735,11,M_3041,PROPN
3042,pdnc,qID,Q638-1,that Dormouse,131810,131823,10,735,11,M_3042,Other
3043,pdnc,qID,Q638-1,that Dormouse,131830,131843,10,735,11,M_3043,Other
3044,pdnc,qID,Q638-1,him,131867,131870,10,735,11,M_3044,Other
3045,pdnc,qID,Q638-1,him,131878,131881,10,735,11,M_3045,Other
3046,pdnc,qID,Q638-1,his,131892,131895,10,735,11,M_3046,Other
3047,exp,exp_name,the dormouse,the Dormouse,131967,131979,10,736,11,M_3047,PROPN
3048,exp,exp_name,time,time,132004,132008,22,736,11,M_3048,PROPN
3049,exp,exp_name,the cook,the cook,132038,132046,8,736,11,M_3049,PROPN
3050,exp,exp_name,the king,the King,132084,132092,15,737,11,M_3050,PROPN
3051,booknlp,COREF,367,he,132152,132154,15,737,11,M_3051,Other
3052,exp,exp_name,the queen,the Queen,132180,132189,20,737,11,M_3052,PROPN
3053,pdnc,qID,Q640-0,my dear,132200,132207,20,737,11,M_3053,Other
3054,pdnc,qID,Q640-0,you,132210,132213,20,737,11,M_3054,Other
3055,booknlp,COREF,367,my,132267,132269,15,737,11,M_3055,Other
3056,exp,exp_name,alice,Alice,132287,132292,0,738,11,M_3056,PROPN
3057,exp,exp_name,the white rabbit,the White Rabbit,132301,132317,21,738,11,M_3057,PROPN
3058,booknlp,COREF,20,he,132321,132323,21,738,11,M_3058,Other
3059,booknlp,COREF,40,she,132458,132461,0,738,11,M_3059,Other
3060,booknlp,COREF,40,herself,132470,132477,0,738,11,M_3060,Other
3061,booknlp,COREF,40,her,132487,132490,0,738,11,M_3061,Other
3062,exp,exp_name,the white rabbit,the White Rabbit,132506,132522,21,738,11,M_3062,PROPN
3063,pdnc,qID,Q642-0,Alice,132582,132587,0,738,11,M_3063,PROPN
3064,exp,exp_name,alice,Alice,132607,132612,0,739,12,M_3064,PROPN
3065,exp,exp_name,alice,Alice,132640,132645,0,740,12,M_3065,PROPN
3066,booknlp,COREF,40,she,132702,132705,0,740,12,M_3066,Other
3067,booknlp,COREF,40,she,132745,132748,0,740,12,M_3067,Other
3068,booknlp,COREF,40,she,132780,132783,0,740,12,M_3068,Other
3069,booknlp,COREF,40,her,132826,132829,0,740,12,M_3069,Other
3070,booknlp,COREF,40,her,132945,132948,0,740,12,M_3070,Other
3071,booknlp,COREF,40,she,132982,132985,0,740,12,M_3071,Other
3072,booknlp,COREF,40,I,133032,133033,0,741,12,M_3072,Other
3073,pdnc,qID,Q644-0,your,133040,133044,1,741,12,M_3073,Other
3074,booknlp,COREF,40,she,133054,133057,0,741,12,M_3074,Other
3075,booknlp,COREF,40,she,133141,133144,0,741,12,M_3075,Other
3076,booknlp,COREF,40,her,133201,133204,0,741,12,M_3076,Other
3077,booknlp,COREF,40,she,133215,133218,0,741,12,M_3077,Other
3078,exp,exp_name,the king,the King,133365,133373,15,742,12,M_3078,PROPN
3079,booknlp,COREF,367,he,133461,133463,15,742,12,M_3079,Other
3080,exp,exp_name,alice,Alice,133510,133515,0,742,12,M_3080,PROPN
3081,booknlp,COREF,367,he,133519,133521,15,742,12,M_3081,Other
3082,exp,exp_name,alice,Alice,133532,133537,0,743,12,M_3082,PROPN
3083,booknlp,COREF,40,her,133579,133582,0,743,12,M_3083,Other
3084,booknlp,COREF,40,she,133590,133593,0,743,12,M_3084,Other
3085,booknlp,COREF,40,She,133733,133736,0,743,12,M_3085,Other
3086,booknlp,COREF,40,she,133808,133811,0,743,12,M_3086,Other
3087,booknlp,COREF,40,herself,133820,133827,0,743,12,M_3087,Other
3088,booknlp,COREF,40,I,133830,133831,0,743,12,M_3088,Other
3089,pdnc,qID,Q647-0,you,134277,134280,0,745,12,M_3089,Other
3090,exp,exp_name,the king,the King,134308,134316,15,745,12,M_3090,PROPN
3091,exp,exp_name,alice,Alice,134325,134330,0,745,12,M_3091,PROPN
3092,exp,exp_name,alice,Alice,134349,134354,0,746,12,M_3092,PROPN
3093,exp,exp_name,the king,the King,134389,134397,15,747,12,M_3093,PROPN
3094,exp,exp_name,alice,Alice,134425,134430,0,748,12,M_3094,PROPN
3095,exp,exp_name,the king,the King,134458,134466,15,749,12,M_3095,PROPN
3096,exp,exp_name,the white rabbit,the White Rabbit,134560,134576,21,749,12,M_3096,PROPN
3097,pdnc,qID,Q652-0,your Majesty,134606,134618,15,749,12,M_3097,Other
3098,booknlp,COREF,20,he,134638,134640,21,749,12,M_3098,Other
3099,booknlp,COREF,20,him,134706,134709,21,749,12,M_3099,Other
3100,booknlp,COREF,20,he,134713,134715,21,749,12,M_3100,Other
3101,booknlp,COREF,367,I,134751,134752,15,750,12,M_3101,Other
3102,exp,exp_name,the king,the King,134761,134769,15,750,12,M_3102,PROPN
3103,booknlp,COREF,367,himself,134799,134806,15,750,12,M_3103,Other
3104,booknlp,COREF,367,he,134882,134884,15,751,12,M_3104,Other
3105,exp,exp_name,alice,Alice,134991,134996,0,752,12,M_3105,PROPN
3106,booknlp,COREF,40,she,135016,135019,0,752,12,M_3106,Other
3107,booknlp,COREF,40,she,135094,135097,0,752,12,M_3107,Other
3108,booknlp,COREF,40,herself,135109,135116,0,752,12,M_3108,Other
3109,exp,exp_name,the king,the King,135134,135142,15,753,12,M_3109,PROPN
3110,exp,exp_name,time,time,135166,135170,22,753,12,M_3110,PROPN
3111,booknlp,COREF,367,his,135189,135192,15,753,12,M_3111,Other
3112,booknlp,COREF,367,his,135245,135248,15,753,12,M_3112,Other
3113,exp,exp_name,two,two,135267,135270,24,753,12,M_3113,PROPN
3114,exp,exp_name,alice,Alice,135350,135355,0,754,12,M_3114,PROPN
3115,booknlp,COREF,40,I,135360,135361,0,755,12,M_3115,Other
3116,exp,exp_name,alice,Alice,135388,135393,0,755,12,M_3116,PROPN
3117,pdnc,qID,Q658-0,You,135397,135400,0,756,12,M_3117,Other
3118,exp,exp_name,the king,the King,135412,135420,15,756,12,M_3118,PROPN
3119,exp,exp_name,two,two,135431,135434,24,757,12,M_3119,PROPN
3120,exp,exp_name,the queen,the Queen,135454,135463,20,757,12,M_3120,PROPN
3121,booknlp,COREF,40,I,135473,135474,0,758,12,M_3121,Other
3122,exp,exp_name,alice,Alice,135505,135510,0,758,12,M_3122,PROPN
3123,pdnc,qID,Q660-1,you,135549,135552,15,758,12,M_3123,Other
3124,exp,exp_name,the king,the King,135618,135626,15,759,12,M_3124,PROPN
3125,exp,exp_name,alice,Alice,135668,135673,0,760,12,M_3125,PROPN
3126,exp,exp_name,the king,The King,135676,135684,15,761,12,M_3126,PROPN
3127,booknlp,COREF,367,his,135707,135710,15,761,12,M_3127,Other
3128,pdnc,qID,Q663-0,your,135740,135744,1,761,12,M_3128,Other
3129,booknlp,COREF,367,he,135755,135757,15,761,12,M_3129,Other
3130,pdnc,qID,Q664-0,your Majesty,135847,135859,15,762,12,M_3130,Other
3131,exp,exp_name,the white rabbit,the White Rabbit,135867,135883,21,762,12,M_3131,PROPN
3132,exp,exp_name,the queen,the Queen,135974,135983,20,763,12,M_3132,PROPN
3133,booknlp,COREF,20,I,135987,135988,21,764,12,M_3133,Other
3134,exp,exp_name,the white rabbit,the White Rabbit,136018,136034,21,764,12,M_3134,PROPN
3135,pdnc,qID,Q666-1,the prisoner,136077,136089,16,764,12,M_3135,Other
3136,exp,exp_name,the king,the King,136140,136148,15,765,12,M_3136,PROPN
3137,pdnc,qID,Q667-1,you,136203,136206,21,765,12,M_3137,Other
3138,exp,exp_name,the white rabbit,the White Rabbit,136299,136315,21,767,12,M_3138,PROPN
3139,booknlp,COREF,367,He,136370,136372,15,767,12,M_3139,Other
3140,booknlp,COREF,367,he,136395,136397,15,767,12,M_3140,Other
3141,exp,exp_name,the white rabbit,the White Rabbit,136567,136583,21,769,12,M_3141,PROPN
3142,pdnc,qID,Q669-0,He,136660,136662,16,770,12,M_3142,Other
3143,exp,exp_name,the king,the King,136710,136718,15,770,12,M_3143,PROPN
3144,pdnc,qID,Q670-0,your Majesty,136765,136777,15,771,12,M_3144,Other
3145,pdnc,qID,Q671-0,you,136885,136888,16,772,12,M_3145,Other
3146,exp,exp_name,the king,the King,136911,136919,15,772,12,M_3146,PROPN
3147,pdnc,qID,Q671-1,You,136956,136959,16,772,12,M_3147,Other
3148,pdnc,qID,Q671-1,you,137001,137004,16,772,12,M_3148,Other
3149,pdnc,qID,Q671-1,your,137019,137023,16,772,12,M_3149,Other
3150,exp,exp_name,the king,the King,137135,137143,15,773,12,M_3150,PROPN
3151,pdnc,qID,Q672-0,his,137179,137182,16,774,12,M_3151,Other
3152,exp,exp_name,the queen,the Queen,137196,137205,20,774,12,M_3152,PROPN
3153,exp,exp_name,alice,Alice,137246,137251,0,775,12,M_3153,PROPN
3154,pdnc,qID,Q673-1,you,137259,137262,20,775,12,M_3154,Other
3155,exp,exp_name,the king,the King,137319,137327,15,776,12,M_3155,PROPN
3156,exp,exp_name,the white rabbit,The White Rabbit,137330,137346,21,777,12,M_3156,PROPN
3157,booknlp,COREF,20,his,137354,137357,21,777,12,M_3157,Other
3158,booknlp,COREF,367,I,137383,137384,15,777,12,M_3158,Other
3159,pdnc,qID,Q675-0,your Majesty,137399,137411,15,777,12,M_3159,Other
3160,booknlp,COREF,367,he,137414,137416,15,777,12,M_3160,Other
3161,exp,exp_name,the king,the King,137451,137459,15,778,12,M_3161,PROPN
3162,pdnc,qID,Q676-1,you,137490,137493,21,778,12,M_3162,Other
3163,exp,exp_name,the white rabbit,the White Rabbit,137546,137562,21,779,12,M_3163,PROPN
3164,booknlp,COREF,20,me,137583,137585,21,780,12,M_3164,Other
3165,booknlp,COREF,367,you,137586,137589,15,780,12,M_3165,Other
3166,booknlp,COREF,20,me,137625,137627,21,780,12,M_3166,Other
3167,booknlp,COREF,367,him,137631,137634,15,780,12,M_3167,Other
3168,booknlp,COREF,20,me,137645,137647,21,780,12,M_3168,Other
3169,booknlp,COREF,20,I,137679,137680,21,780,12,M_3169,Other
3170,booknlp,COREF,367,He,137698,137700,15,781,12,M_3170,Other
3171,booknlp,COREF,367,him,137851,137854,15,782,12,M_3171,Other
3172,exp,exp_name,two,two,137855,137858,24,782,12,M_3172,PROPN
3173,booknlp,COREF,367,him,137914,137917,15,782,12,M_3173,Other
3174,booknlp,COREF,367,He,138022,138024,15,783,12,M_3174,Other
3175,booknlp,COREF,367,Him,138178,138181,15,784,12,M_3175,Other
3176,booknlp,COREF,367,him,138217,138220,15,785,12,M_3176,Other
3177,exp,exp_name,the king,the King,138407,138415,15,786,12,M_3177,PROPN
3178,booknlp,COREF,367,his,138425,138428,15,786,12,M_3178,Other
3179,exp,exp_name,alice,Alice,138503,138508,0,787,12,M_3179,PROPN
3180,booknlp,COREF,40,she,138511,138514,0,787,12,M_3180,Other
3181,booknlp,COREF,40,she,138563,138566,0,787,12,M_3181,Other
3182,booknlp,COREF,367,him,138603,138606,15,787,12,M_3182,Other
3183,booknlp,COREF,367,I,138610,138611,15,787,12,M_3183,Other
3184,booknlp,COREF,367,him,138620,138623,15,787,12,M_3184,Other
3185,booknlp,COREF,367,I,138635,138636,15,787,12,M_3185,Other
3186,booknlp,COREF,40,She,138731,138734,0,788,12,M_3186,Other
3187,exp,exp_name,the king,the King,138873,138881,15,789,12,M_3187,PROPN
3188,pdnc,qID,Q679-1,you,138915,138918,0,789,12,M_3188,Other
3189,booknlp,COREF,367,I,138964,138965,15,789,12,M_3189,Other
3190,booknlp,COREF,367,he,138979,138981,15,789,12,M_3190,Other
3191,booknlp,COREF,367,his,139019,139022,15,789,12,M_3191,Other
3192,booknlp,COREF,367,I,139064,139065,15,789,12,M_3192,Other
3193,pdnc,qID,Q679-3,you,139141,139144,16,789,12,M_3193,Other
3194,pdnc,qID,Q679-3,you,139161,139164,16,789,12,M_3194,Other
3195,booknlp,COREF,367,he,139167,139169,15,789,12,M_3195,Other
3196,exp,exp_name,the king,the King,139355,139363,15,791,12,M_3196,PROPN
3197,booknlp,COREF,367,he,139369,139371,15,791,12,M_3197,Other
3198,booknlp,COREF,367,himself,139409,139416,15,791,12,M_3198,Other
3199,booknlp,COREF,367,him,139503,139506,15,791,12,M_3199,Other
3200,booknlp,COREF,367,he,139538,139540,15,791,12,M_3200,Other
3201,pdnc,qID,Q681-2,you,139561,139564,0,791,12,M_3201,Other
3202,booknlp,COREF,367,him,139616,139619,15,792,12,M_3202,Other
3203,booknlp,COREF,367,you,139623,139626,15,792,12,M_3203,Other
3204,exp,exp_name,alice,Alice,139636,139641,0,792,12,M_3204,PROPN
3205,exp,exp_name,the king,the King,139672,139680,15,793,12,M_3205,PROPN
3206,pdnc,qID,Q684-0,you,139810,139813,20,793,12,M_3206,Other
3207,pdnc,qID,Q684-0,my dear,139830,139837,20,793,12,M_3207,Other
3208,booknlp,COREF,367,I,139839,139840,15,793,12,M_3208,Other
3209,booknlp,COREF,367,he,139849,139851,15,793,12,M_3209,Other
3210,exp,exp_name,the queen,the Queen,139860,139869,20,793,12,M_3210,PROPN
3211,exp,exp_name,the queen,the Queen,139886,139895,20,794,12,M_3211,PROPN
3212,booknlp,COREF,843,she,139945,139948,20,794,12,M_3212,Other
3213,exp,exp_name,bill,Bill,139980,139984,31,794,12,M_3213,PROPN
3214,pdnc,qID,Q686-0,you,140198,140201,20,795,12,M_3214,Other
3215,exp,exp_name,the king,the King,140209,140217,15,795,12,M_3215,PROPN
3216,exp,exp_name,the king,the King,140298,140306,15,796,12,M_3216,PROPN
3217,exp,exp_name,the king,the King,140396,140404,15,796,12,M_3217,PROPN
3218,exp,exp_name,time,time,140435,140439,22,796,12,M_3218,PROPN
3219,exp,exp_name,the queen,the Queen,140466,140475,20,797,12,M_3219,PROPN
3220,exp,exp_name,alice,Alice,140543,140548,0,798,12,M_3220,PROPN
3221,pdnc,qID,Q690-0,your,140605,140609,0,799,12,M_3221,Other
3222,exp,exp_name,the queen,the Queen,140624,140633,20,799,12,M_3222,PROPN
3223,booknlp,COREF,40,I,140653,140654,0,800,12,M_3223,Other
3224,exp,exp_name,alice,Alice,140668,140673,0,800,12,M_3224,PROPN
3225,pdnc,qID,Q692-0,her,140686,140689,0,801,12,M_3225,Other
3226,exp,exp_name,the queen,the Queen,140697,140706,20,801,12,M_3226,PROPN
3227,booknlp,COREF,843,her,140729,140732,20,801,12,M_3227,Other
3228,booknlp,COREF,843,you,140770,140773,20,802,12,M_3228,Other
3229,exp,exp_name,alice,Alice,140781,140786,0,802,12,M_3229,PROPN
3230,booknlp,COREF,40,she,140789,140792,0,802,12,M_3230,Other
3231,booknlp,COREF,40,her,140806,140809,0,802,12,M_3231,Other
3232,exp,exp_name,time,time,140828,140832,22,802,12,M_3232,PROPN
3233,booknlp,COREF,843,You,140836,140839,20,802,12,M_3233,Other
3234,booknlp,COREF,40,her,140945,140948,0,803,12,M_3234,Other
3235,booknlp,COREF,40,she,140950,140953,0,803,12,M_3235,Other
3236,booknlp,COREF,40,herself,141048,141055,0,803,12,M_3236,Other
3237,booknlp,COREF,40,her,141080,141083,0,803,12,M_3237,Other
3238,exp,exp_name,her sister,her sister,141103,141113,4,803,12,M_3238,PROPN
3239,booknlp,COREF,78,her,141205,141208,4,803,12,M_3239,Other
3240,pdnc,qID,Q694-0, Alice dear,141225,141236,0,804,12,M_3240,Other
3241,exp,exp_name,her sister,her sister,141244,141254,4,804,12,M_3241,PROPN
3242,pdnc,qID,Q694-1,you,141280,141283,0,804,12,M_3242,Other
3243,booknlp,COREF,40,I,141299,141300,0,805,12,M_3243,Other
3244,exp,exp_name,alice,Alice,141336,141341,0,805,12,M_3244,PROPN
3245,booknlp,COREF,40,she,141347,141350,0,805,12,M_3245,Other
3246,exp,exp_name,her sister,her sister,141356,141366,4,805,12,M_3246,PROPN
3247,booknlp,COREF,40,she,141379,141382,0,805,12,M_3247,Other
3248,booknlp,COREF,40,hers,141436,141440,0,805,12,M_3248,Other
3249,booknlp,COREF,78,you,141446,141449,4,805,12,M_3249,Other
3250,booknlp,COREF,40,she,141489,141492,0,805,12,M_3250,Other
3251,exp,exp_name,her sister,her sister,141507,141517,4,805,12,M_3251,PROPN
3252,booknlp,COREF,40,her,141525,141528,0,805,12,M_3252,Other
3253,pdnc,qID,Q696-0,dear,141567,141571,0,805,12,M_3253,Other
3254,pdnc,qID,Q696-0,your,141602,141606,0,805,12,M_3254,Other
3255,exp,exp_name,alice,Alice,141635,141640,0,805,12,M_3255,PROPN
3256,booknlp,COREF,40,she,141676,141679,0,805,12,M_3256,Other
3257,booknlp,COREF,40,she,141693,141696,0,805,12,M_3257,Other
3258,exp,exp_name,her sister,her sister,141746,141756,4,806,12,M_3258,PROPN
3259,booknlp,COREF,40,she,141775,141778,0,806,12,M_3259,Other
3260,booknlp,COREF,40,her,141784,141787,0,806,12,M_3260,Other
3261,booknlp,COREF,78,her,141797,141800,4,806,12,M_3261,Other
3262,booknlp,COREF,78,her,141809,141812,4,806,12,M_3262,Other
3263,exp,exp_name,alice,Alice,141868,141873,0,806,12,M_3263,PROPN
3264,booknlp,COREF,40,her,141882,141885,0,806,12,M_3264,Other
3265,booknlp,COREF,78,she,141913,141916,4,806,12,M_3265,Other
3266,booknlp,COREF,78,her,141966,141969,4,806,12,M_3266,Other
3267,booknlp,COREF,78,she,141987,141990,4,807,12,M_3267,Other
3268,exp,exp_name,alice,Alice,142009,142014,0,807,12,M_3268,PROPN
3269,booknlp,COREF,78,herself,142015,142022,4,807,12,M_3269,Other
3270,booknlp,COREF,78,her,142072,142075,4,807,12,M_3270,Other
3271,booknlp,COREF,78,hers,142129,142133,4,807,12,M_3271,Other
3272,booknlp,COREF,78,she,142135,142138,4,807,12,M_3272,Other
3273,booknlp,COREF,78,her,142168,142171,4,807,12,M_3273,Other
3274,booknlp,COREF,78,her,142213,142216,4,807,12,M_3274,Other
3275,booknlp,COREF,78,her,142283,142286,4,807,12,M_3275,Other
3276,booknlp,COREF,78,she,142306,142309,4,807,12,M_3276,Other
3277,booknlp,COREF,78,her,142364,142367,4,807,12,M_3277,Other
3278,booknlp,COREF,78,her,142411,142414,4,807,12,M_3278,Other
3279,booknlp,COREF,78,her,142465,142468,4,808,12,M_3279,Other
3280,exp,exp_name,the white rabbit,the White Rabbit,142477,142493,21,808,12,M_3280,PROPN
3281,booknlp,COREF,78,she,142575,142578,4,808,12,M_3281,Other
3282,exp,exp_name,march hare,March Hare,142623,142633,3,808,12,M_3282,PROPN
3283,exp,exp_name,the queen,the Queen,142706,142715,20,808,12,M_3283,PROPN
3284,booknlp,COREF,843,her,142729,142732,20,808,12,M_3284,Other
3285,exp,exp_name,pig,pig,142780,142783,41,808,12,M_3285,PROPN
3286,exp,exp_name,the duchess,the Duchess,142805,142816,11,808,12,M_3286,PROPN
3287,exp,exp_name,the gryphon,the Gryphon,142892,142903,13,808,12,M_3287,PROPN
3288,booknlp,COREF,64,the miserable Mock Turtle,143046,143071,17,808,12,M_3288,Other
3289,booknlp,COREF,78,she,143077,143080,4,809,12,M_3289,Other
3290,booknlp,COREF,78,herself,143125,143132,4,809,12,M_3290,Other
3291,booknlp,COREF,78,she,143155,143158,4,809,12,M_3291,Other
3292,booknlp,COREF,78,she,143164,143167,4,809,12,M_3292,Other
3293,exp,exp_name,the queen,the Queen,143393,143402,20,809,12,M_3293,PROPN
3294,exp,exp_name,the baby,the baby,143470,143478,41,809,12,M_3294,PROPN
3295,exp,exp_name,the gryphon,the Gryphon,143494,143505,13,809,12,M_3295,PROPN
3296,booknlp,COREF,78,she,143553,143556,4,809,12,M_3296,Other
3297,exp,exp_name,the mock turtle,the Mock Turtle,143681,143696,17,809,12,M_3297,PROPN
3298,booknlp,COREF,78,she,143720,143723,4,810,12,M_3298,Other
3299,booknlp,COREF,78,herself,143736,143743,4,810,12,M_3299,Other
3300,exp,exp_name,time,time,143800,143804,22,810,12,M_3300,PROPN
3301,booknlp,COREF,78,herself,143809,143816,4,810,12,M_3301,Other
3302,booknlp,COREF,78,she,143840,143843,4,810,12,M_3302,Other
3303,booknlp,COREF,78,her,143868,143871,4,810,12,M_3303,Other
3304,booknlp,COREF,78,her,143916,143919,4,810,12,M_3304,Other
3305,booknlp,COREF,78,she,143939,143942,4,810,12,M_3305,Other
3306,booknlp,COREF,78,her,143962,143965,4,810,12,M_3306,Other
3307,booknlp,COREF,78,she,144117,144120,4,810,12,M_3307,Other
3308,booknlp,COREF,78,her,144221,144224,4,810,12,M_3308,Other
