,source,idColName,iden,text,startByte,endByte,pdncID,paraID,chapID,mID,mention_type
0,pdnc,qID,Q0-0,The Signora,39,50,52,3,1,M_0,Other
1,exp,exp_name,miss bartlett,Miss Bartlett,83,96,6,3,1,M_1,PROPN
2,pdnc,qID,Q0-1,She,119,122,52,3,1,M_2,Other
3,pdnc,qID,Q0-1,Lucy,266,270,4,3,1,M_3,PROPN
4,exp,exp_name,lucy,Lucy,305,309,4,4,1,M_4,PROPN
5,exp,exp_name,the signora,the Signora,344,355,52,4,1,M_5,PROPN
6,booknlp,COREF,116,She,399,402,4,4,1,M_6,Other
7,exp,exp_name,rev. cuthbert eager,Rev. Cuthbert Eager,725,744,49,4,1,M_7,PROPN
8,pdnc,qID,Q2-0,Charlotte,809,818,6,4,1,M_8,PROPN
9,pdnc,qID,Q2-0,you,826,829,6,4,1,M_9,Other
10,booknlp,COREF,116,I,869,870,4,4,1,M_10,Other
11,booknlp,COREF,116,I,939,940,4,4,1,M_11,Other
12,exp,exp_name,miss bartlett,Miss Bartlett,1027,1040,6,5,1,M_12,PROPN
13,booknlp,COREF,115,her,1054,1057,6,5,1,M_13,Other
14,booknlp,COREF,116,I,1066,1067,4,6,1,M_14,Other
15,exp,exp_name,the arno,the Arno,1083,1091,31,6,1,M_15,PROPN
16,pdnc,qID,Q4-0,the Signora,1103,1114,52,6,1,M_16,Other
17,pdnc,qID,Q4-0,her,1130,1133,52,6,1,M_17,Other
18,exp,exp_name,the arno,the Arno,1164,1172,31,6,1,M_18,PROPN
19,pdnc,qID,Q4-0,The Signora,1174,1185,52,6,1,M_19,Other
20,booknlp,COREF,115,me,1259,1261,6,7,1,M_20,Other
21,exp,exp_name,miss bartlett,Miss Bartlett,1264,1277,6,7,1,M_21,PROPN
22,pdnc,qID,Q5-1,you,1317,1320,4,7,1,M_22,Other
23,exp,exp_name,lucy,Lucy,1346,1350,4,8,1,M_23,PROPN
24,booknlp,COREF,116,she,1361,1364,4,8,1,M_24,Other
25,pdnc,qID,Q6-0,Charlotte,1384,1393,6,8,1,M_25,PROPN
26,pdnc,qID,Q6-0,you,1395,1398,6,8,1,M_26,Other
27,booknlp,COREF,116,me,1413,1415,4,8,1,M_27,Other
28,pdnc,qID,Q6-0,you,1428,1431,6,8,1,M_28,Other
29,exp,exp_name,the arno,the Arno,1447,1455,31,8,1,M_29,PROPN
30,booknlp,COREF,116,I,1462,1463,4,8,1,M_30,Other
31,pdnc,qID,Q7-0,You,1515,1518,4,8,1,M_31,Other
32,exp,exp_name,miss bartlett,Miss Bartlett,1539,1552,6,8,1,M_32,PROPN
33,exp,exp_name,lucy's mother,Lucy's mother,1601,1614,61,8,1,M_33,PROPN
34,booknlp,COREF,115,she,1647,1650,6,8,1,M_34,Other
35,pdnc,qID,Q8-0,You,1691,1694,6,9,1,M_35,Other
36,booknlp,COREF,115,I,1712,1713,6,10,1,M_36,Other
37,booknlp,COREF,116,Your,1728,1732,4,10,1,M_37,Other
38,booknlp,COREF,115,me,1760,1762,6,10,1,M_38,Other
39,pdnc,qID,Q9-0,Lucy,1764,1768,4,10,1,M_39,PROPN
40,booknlp,COREF,116,me,1797,1799,4,11,1,M_40,Other
41,exp,exp_name,miss bartlett,Miss Bartlett,2189,2202,6,14,1,M_41,PROPN
42,booknlp,COREF,115,She,2366,2369,6,14,1,M_42,Other
43,booknlp,COREF,115,she,2419,2422,6,14,1,M_43,Other
44,exp,exp_name,miss bartlett,Miss Bartlett,2627,2640,6,14,1,M_44,PROPN
45,booknlp,COREF,115,her,2671,2674,6,14,1,M_45,Other
46,booknlp,COREF,115,her,2730,2733,6,14,1,M_46,Other
47,booknlp,COREF,115,she,2823,2826,6,14,1,M_47,Other
48,booknlp,COREF,115,her,2871,2874,6,14,1,M_48,Other
49,pdnc,qID,Q13-0, my son,2948,2955,2,15,1,M_49,Other
50,pdnc,qID,Q13-1,his,2977,2980,2,15,1,M_50,Other
51,pdnc,qID,Q13-1,George,2988,2994,2,15,1,M_51,PROPN
52,pdnc,qID,Q13-1,He,2996,2998,2,15,1,M_52,Other
53,exp,exp_name,miss bartlett,Miss Bartlett,3028,3041,6,16,1,M_53,PROPN
54,exp,exp_name,lucy,Lucy,3054,3058,4,16,1,M_54,PROPN
55,booknlp,COREF,115,you,3123,3126,6,17,1,M_55,Other
56,booknlp,COREF,115,yours,3162,3167,6,17,1,M_56,Other
57,exp,exp_name,miss bartlett,Miss Bartlett,3271,3284,6,18,1,M_57,PROPN
58,booknlp,COREF,115,her,3303,3306,6,18,1,M_58,Other
59,pdnc,qID,Q16-0,you,3352,3355,11,18,1,M_59,Other
60,pdnc,qID,Q18-0,you,3509,3512,11,20,1,M_60,Other
61,pdnc,qID,Q19-0,You,3517,3520,11,21,1,M_61,Other
62,exp,exp_name,lucy,Lucy,3557,3561,4,21,1,M_62,PROPN
63,booknlp,COREF,116,Her,3563,3566,4,21,1,M_63,Other
64,booknlp,COREF,116,her,3590,3593,4,21,1,M_64,Other
65,pdnc,qID,Q21-0,George,3748,3754,2,22,1,M_65,PROPN
66,exp,exp_name,the son,the son,3824,3831,35,23,1,M_66,PROPN
67,exp,exp_name,lucy,Lucy,3951,3955,4,24,1,M_67,PROPN
68,booknlp,COREF,116,she,3981,3984,4,24,1,M_68,Other
69,booknlp,COREF,116,she,4049,4052,4,24,1,M_69,Other
70,booknlp,COREF,116,she,4254,4257,4,24,1,M_70,Other
71,exp,exp_name,miss bartlett,Miss Bartlett,4308,4321,6,24,1,M_71,PROPN
72,booknlp,COREF,115,she,4351,4354,6,24,1,M_72,Other
73,booknlp,COREF,115,she,4395,4398,6,24,1,M_73,Other
74,exp,exp_name,miss bartlett,Miss Bartlett,4439,4452,6,25,1,M_74,PROPN
75,booknlp,COREF,115,Her,4592,4595,6,25,1,M_75,Other
76,booknlp,COREF,115,She,4628,4631,6,25,1,M_76,Other
77,booknlp,COREF,116,your,4874,4878,4,26,1,M_77,Other
78,pdnc,qID,Q23-0,dear,4887,4891,4,26,1,M_78,Other
79,booknlp,COREF,115,she,4894,4897,6,26,1,M_79,Other
80,exp,exp_name,lucy,Lucy,4906,4910,4,26,1,M_80,PROPN
81,booknlp,COREF,115,she,4954,4957,6,26,1,M_81,Other
82,exp,exp_name,lucy,Lucy,4978,4982,4,27,1,M_82,PROPN
83,booknlp,COREF,116,your,5041,5045,4,28,1,M_83,Other
84,pdnc,qID,Q24-0,dear,5054,5058,4,28,1,M_84,Other
85,booknlp,COREF,116,she,5133,5136,4,29,1,M_85,Other
86,booknlp,COREF,116,she,5171,5174,4,29,1,M_86,Other
87,exp,exp_name,lucy,Lucy,5373,5377,4,29,1,M_87,PROPN
88,booknlp,COREF,116,her,5429,5432,4,29,1,M_88,Other
89,pdnc,qID,Q25-0,Mr. Beebe,5470,5479,10,29,1,M_89,PROPN
90,pdnc,qID,Q25-0,Charlotte,5511,5520,6,29,1,M_90,PROPN
91,exp,exp_name,miss bartlett,Miss Bartlett,5573,5586,6,30,1,M_91,PROPN
92,pdnc,qID,Q26-0,you,5623,5626,10,31,1,M_92,Other
93,pdnc,qID,Q26-0,Mr. Beebe,5631,5640,10,31,1,M_93,PROPN
94,booknlp,COREF,115,I,5642,5643,6,31,1,M_94,Other
95,pdnc,qID,Q26-0,you,5656,5659,10,31,1,M_95,Other
96,pdnc,qID,Q26-0,Miss Bartlett,5679,5692,6,31,1,M_96,PROPN
97,pdnc,qID,Q26-0,Miss Honeychurch,5697,5713,4,31,1,M_97,PROPN
98,pdnc,qID,Q26-0,you,5748,5751,10,31,1,M_98,Other
99,pdnc,qID,Q26-0,the Vicar of St. Peter's,5759,5783,59,31,1,M_99,Other
100,exp,exp_name,the clergyman,The clergyman,5809,5822,32,32,1,M_100,PROPN
101,exp,exp_name,lucy,Lucy,6021,6025,4,32,1,M_101,PROPN
102,booknlp,COREF,332,I,6029,6030,19,33,1,M_102,Other
103,pdnc,qID,Q27-0,you,6049,6052,10,33,1,M_103,Other
104,exp,exp_name,the girl,the girl,6060,6068,19,33,1,M_104,PROPN
105,booknlp,COREF,332,her,6160,6163,19,33,1,M_105,Other
106,pdnc,qID,Q28-0,Miss Honeychurch,6277,6293,4,34,1,M_106,PROPN
107,exp,exp_name,miss bartlett,Miss Bartlett,6338,6351,6,34,1,M_107,PROPN
108,pdnc,qID,Q28-1,she,6378,6381,4,34,1,M_108,Other
109,booknlp,COREF,115,me,6399,6401,6,34,1,M_109,Other
110,pdnc,qID,Q28-1,you,6437,6440,10,34,1,M_110,Other
111,booknlp,COREF,332,I,6481,6482,19,35,1,M_111,Other
112,pdnc,qID,Q29-0,mother,6494,6500,17,35,1,M_112,Other
113,booknlp,COREF,332,I,6536,6537,19,35,1,M_113,Other
114,pdnc,qID,Q29-0,you,6543,6546,10,35,1,M_114,Other
115,booknlp,COREF,332,I,6571,6572,19,35,1,M_115,Other
116,booknlp,COREF,332,I,6597,6598,19,35,1,M_116,Other
117,pdnc,qID,Q29-0,Mr. Beebe,6606,6615,10,35,1,M_117,PROPN
118,exp,exp_name,the clergyman,the clergyman,6644,6657,32,36,1,M_118,PROPN
119,booknlp,COREF,335,I,6660,6661,32,36,1,M_119,Other
120,booknlp,COREF,335,I,6712,6713,32,36,1,M_120,Other
121,booknlp,COREF,332,I,6789,6790,19,37,1,M_121,Other
122,exp,exp_name,mr. beebe,Mr. Beebe,6835,6844,10,37,1,M_122,PROPN
123,booknlp,COREF,332,me,6874,6876,19,38,1,M_123,Other
124,pdnc,qID,Q32-0,my brother,6892,6902,1,38,1,M_124,Other
125,pdnc,qID,Q32-0,him,6933,6936,1,38,1,M_125,Other
126,booknlp,COREF,332,I,6977,6978,19,38,1,M_126,Other
127,pdnc,qID,Q33-0,Lucy,6988,6992,4,39,1,M_127,PROPN
128,pdnc,qID,Q33-0,Mr. Beebe,7007,7016,10,39,1,M_128,PROPN
129,pdnc,qID,Q33-0,his,7021,7024,10,39,1,M_129,Other
130,booknlp,COREF,115,I,7036,7037,6,40,1,M_130,Other
131,pdnc,qID,Q34-0,you,7058,7061,6,40,1,M_131,Other
132,booknlp,COREF,119,He,7082,7084,10,41,1,M_132,Other
133,exp,exp_name,lucy,Lucy,7106,7110,4,41,1,M_133,PROPN
134,booknlp,COREF,119,he,7126,7128,10,41,1,M_134,Other
135,exp,exp_name,miss bartlett,Miss Bartlett,7156,7169,6,41,1,M_135,PROPN
136,booknlp,COREF,119,his,7195,7198,10,41,1,M_136,Other
137,booknlp,COREF,119,He,7208,7210,10,41,1,M_137,Other
138,exp,exp_name,the girl,the girl,7217,7225,19,41,1,M_138,PROPN
139,booknlp,COREF,332,she,7234,7237,19,41,1,M_139,Other
140,booknlp,COREF,332,she,7295,7298,19,41,1,M_140,Other
141,booknlp,COREF,119,he,7371,7373,10,41,1,M_141,Other
142,booknlp,COREF,119,his,7433,7436,10,41,1,M_142,Other
143,pdnc,qID,Q36-1,Mr. Beebe,7604,7613,10,42,1,M_143,PROPN
144,pdnc,qID,Q36-1,you,7615,7618,10,42,1,M_144,Other
145,booknlp,COREF,119,your,7655,7659,10,42,1,M_145,Other
146,pdnc,qID,Q37-0,That lady,7688,7697,8,43,1,M_146,Other
147,exp,exp_name,miss bartlett,Miss Bartlett,7726,7739,6,43,1,M_147,PROPN
148,booknlp,COREF,115,her,7743,7746,6,43,1,M_148,Other
149,exp,exp_name,the clever lady,the clever lady,8203,8218,8,44,1,M_149,PROPN
150,booknlp,COREF,347,I,8304,8305,8,44,1,M_150,Other
151,booknlp,COREF,347,I,8315,8316,8,44,1,M_151,Other
152,pdnc,qID,Q38-0,you,8373,8376,10,44,1,M_152,Other
153,exp,exp_name,george,George,8405,8411,2,45,1,M_153,PROPN
154,exp,exp_name,the clever lady,the clever lady,8423,8438,8,45,1,M_154,PROPN
155,exp,exp_name,lucy,Lucy,8520,8524,4,45,1,M_155,PROPN
156,booknlp,COREF,116,her,8542,8545,4,45,1,M_156,Other
157,booknlp,COREF,116,her,8592,8595,4,45,1,M_157,Other
158,booknlp,COREF,116,she,8664,8667,4,45,1,M_158,Other
159,booknlp,COREF,116,she,8680,8683,4,45,1,M_159,Other
160,exp,exp_name,the son,the son,8773,8780,35,46,1,M_160,PROPN
161,booknlp,COREF,320,his,8833,8836,35,46,1,M_161,Other
162,booknlp,COREF,320,he,8859,8861,35,46,1,M_162,Other
163,booknlp,COREF,116,She,8902,8905,4,47,1,M_163,Other
164,booknlp,COREF,116,her,8921,8924,4,47,1,M_164,Other
165,booknlp,COREF,114,Signora,9093,9100,52,47,1,M_165,PROPN
166,booknlp,COREF,114,her,9125,9128,52,47,1,M_166,Other
167,booknlp,COREF,114,her,9162,9165,52,47,1,M_167,Other
168,booknlp,COREF,114,her,9193,9196,52,47,1,M_168,Other
169,exp,exp_name,miss bartlett,Miss Bartlett,9458,9471,6,48,1,M_169,PROPN
170,booknlp,COREF,115,She,9574,9577,6,48,1,M_170,Other
171,exp,exp_name,mr. beebe,Mr. Beebe,9593,9602,10,48,1,M_171,PROPN
172,booknlp,COREF,115,she,9611,9614,6,48,1,M_172,Other
173,booknlp,COREF,115,her,9622,9625,6,48,1,M_173,Other
174,booknlp,COREF,115,she,9702,9705,6,48,1,M_174,Other
175,pdnc,qID,Q39-0,you,9773,9776,10,48,1,M_175,Other
176,booknlp,COREF,115,she,9779,9782,6,48,1,M_176,Other
177,pdnc,qID,Q39-1,you,9834,9837,10,48,1,M_177,Other
178,booknlp,COREF,119,He,9899,9901,10,49,1,M_178,Other
179,booknlp,COREF,119,his,9912,9915,10,49,1,M_179,Other
180,pdnc,qID,Q40-0,you,9929,9932,10,50,1,M_180,Other
181,pdnc,qID,Q40-0,an old man who sat opposite us at dinner,9966,10006,11,50,1,M_181,Other
182,pdnc,qID,Q41-0,Emerson,10011,10018,11,51,1,M_182,PROPN
183,pdnc,qID,Q42-0,he,10026,10028,11,52,1,M_183,Other
184,booknlp,COREF,115,yours,10041,10046,6,52,1,M_184,Other
185,booknlp,COREF,115,I,10099,10100,6,54,1,M_185,Other
186,booknlp,COREF,119,He,10121,10123,10,55,1,M_186,Other
187,booknlp,COREF,115,her,10132,10135,6,55,1,M_187,Other
188,booknlp,COREF,115,she,10155,10158,6,55,1,M_188,Other
189,booknlp,COREF,115,I,10172,10173,6,56,1,M_189,Other
190,booknlp,COREF,115,she,10191,10194,6,56,1,M_190,Other
191,pdnc,qID,Q45-1,my young cousin,10223,10238,4,56,1,M_191,Other
192,pdnc,qID,Q45-1,Lucy,10240,10244,4,56,1,M_192,PROPN
193,booknlp,COREF,115,I,10281,10282,6,56,1,M_193,Other
194,pdnc,qID,Q45-1,her,10287,10290,4,56,1,M_194,Other
195,booknlp,COREF,119,His,10346,10349,10,56,1,M_195,Other
196,booknlp,COREF,115,I,10383,10384,6,56,1,M_196,Other
197,booknlp,COREF,115,I,10390,10391,6,56,1,M_197,Other
198,pdnc,qID,Q46-0,You,10415,10418,6,57,1,M_198,Other
199,booknlp,COREF,119,he,10447,10449,10,57,1,M_199,Other
200,booknlp,COREF,119,He,10451,10453,10,57,1,M_200,Other
201,booknlp,COREF,119,I,10519,10520,10,57,1,M_201,Other
202,pdnc,qID,Q49-0,He,10640,10642,11,59,1,M_202,Other
203,booknlp,COREF,119,he,10676,10678,10,59,1,M_203,Other
204,booknlp,COREF,119,I,10713,10714,10,59,1,M_204,Other
205,pdnc,qID,Q49-1,he,10721,10723,11,59,1,M_205,Other
206,booknlp,COREF,115,your,10752,10756,6,59,1,M_206,Other
207,booknlp,COREF,115,you,10780,10783,6,59,1,M_207,Other
208,pdnc,qID,Q49-1,He,10803,10805,11,59,1,M_208,Other
209,pdnc,qID,Q49-1,he,10858,10860,11,59,1,M_209,Other
210,pdnc,qID,Q49-1,He,10868,10870,11,59,1,M_210,Other
211,pdnc,qID,Q49-1,he,10881,10883,11,59,1,M_211,Other
212,pdnc,qID,Q49-1,he,10904,10906,11,59,1,M_212,Other
213,booknlp,COREF,115,you,10914,10917,6,59,1,M_213,Other
214,pdnc,qID,Q49-1,He,10936,10938,11,59,1,M_214,Other
215,booknlp,COREF,115,you,10966,10969,6,59,1,M_215,Other
216,booknlp,COREF,119,he,10995,10997,10,59,1,M_216,Other
217,booknlp,COREF,119,I,11053,11054,10,59,1,M_217,Other
218,exp,exp_name,lucy,Lucy,11118,11122,4,60,1,M_218,PROPN
219,booknlp,COREF,116,I,11147,11148,4,60,1,M_219,Other
220,pdnc,qID,Q50-0,he,11165,11167,11,60,1,M_220,Other
221,booknlp,COREF,116,I,11178,11179,4,60,1,M_221,Other
222,booknlp,COREF,115,I,11227,11228,6,61,1,M_222,Other
223,pdnc,qID,Q51-0,he,11235,11237,11,61,1,M_223,Other
224,booknlp,COREF,115,I,11261,11262,6,61,1,M_224,Other
225,pdnc,qID,Q51-0,him,11275,11278,11,61,1,M_225,Other
226,booknlp,COREF,115,I,11328,11329,6,61,1,M_226,Other
227,booknlp,COREF,115,I,11338,11339,6,61,1,M_227,Other
228,booknlp,COREF,115,I,11348,11349,6,61,1,M_228,Other
229,booknlp,COREF,115,you,11356,11359,6,61,1,M_229,Other
230,pdnc,qID,Q51-0,his,11377,11380,11,61,1,M_230,Other
231,pdnc,qID,Q51-0,he,11437,11439,11,61,1,M_231,Other
232,pdnc,qID,Q51-0,he,11456,11458,11,61,1,M_232,Other
233,pdnc,qID,Q51-0,He,11498,11500,11,61,1,M_233,Other
234,booknlp,COREF,115,I,11529,11530,6,61,1,M_234,Other
235,pdnc,qID,Q51-0,he,11555,11557,11,61,1,M_235,Other
236,pdnc,qID,Q51-0,he,11579,11581,11,61,1,M_236,Other
237,pdnc,qID,Q51-0,his,11596,11599,11,61,1,M_237,Other
238,pdnc,qID,Q51-0,himself,11612,11619,11,61,1,M_238,Other
239,pdnc,qID,Q51-0,him,11648,11651,11,61,1,M_239,Other
240,pdnc,qID,Q51-0,our depressing Signora,11655,11677,52,61,1,M_240,Other
241,booknlp,COREF,115,I,11683,11684,6,61,1,M_241,Other
242,booknlp,COREF,115,I,11731,11732,6,62,1,M_242,Other
243,exp,exp_name,miss bartlett,Miss Bartlett,11752,11765,6,62,1,M_243,PROPN
244,pdnc,qID,Q52-1,he,11773,11775,11,62,1,M_244,Other
245,exp,exp_name,mr. beebe,Mr. Beebe,11794,11803,10,63,1,M_245,PROPN
246,pdnc,qID,Q53-0,he,11895,11897,11,64,1,M_246,Other
247,pdnc,qID,Q53-0,his son,11913,11920,2,64,1,M_247,Other
248,booknlp,COREF,115,I,11948,11949,6,65,1,M_248,Other
249,pdnc,qID,Q54-0,George,11962,11968,2,65,1,M_249,PROPN
250,pdnc,qID,Q54-0,he,11974,11976,2,65,1,M_250,Other
251,pdnc,qID,Q54-0,He,12004,12006,2,65,1,M_251,Other
252,booknlp,COREF,115,I,12034,12035,6,65,1,M_252,Other
253,pdnc,qID,Q54-0,he,12042,12044,2,65,1,M_253,Other
254,pdnc,qID,Q54-0,he,12068,12070,2,65,1,M_254,Other
255,pdnc,qID,Q54-0,he,12134,12136,2,65,1,M_255,Other
256,pdnc,qID,Q55-0,you,12170,12173,10,66,1,M_256,Other
257,booknlp,COREF,115,me,12182,12184,6,66,1,M_257,Other
258,exp,exp_name,miss bartlett,Miss Bartlett,12192,12205,6,66,1,M_258,PROPN
259,pdnc,qID,Q55-1,you,12211,12214,10,66,1,M_259,Other
260,booknlp,COREF,115,I,12221,12222,6,66,1,M_260,Other
261,pdnc,qID,Q55-1,You,12259,12262,10,66,1,M_261,Other
262,booknlp,COREF,115,I,12268,12269,6,66,1,M_262,Other
263,booknlp,COREF,115,I,12377,12378,6,68,1,M_263,Other
264,booknlp,COREF,115,my,12416,12418,6,68,1,M_264,Other
265,booknlp,COREF,115,I,12568,12569,6,70,1,M_265,Other
266,exp,exp_name,miss bartlett,Miss Bartlett,12584,12597,6,70,1,M_266,PROPN
267,pdnc,qID,Q58-1,you,12642,12645,4,70,1,M_267,Other
268,pdnc,qID,Q58-1,Lucy,12652,12656,4,70,1,M_268,PROPN
269,pdnc,qID,Q58-1,He,12658,12660,10,70,1,M_269,Other
270,booknlp,COREF,115,I,12683,12684,6,70,1,M_270,Other
271,booknlp,COREF,115,I,12693,12694,6,70,1,M_271,Other
272,booknlp,COREF,115,I,12703,12704,6,70,1,M_272,Other
273,pdnc,qID,Q58-1,him,12725,12728,10,70,1,M_273,Other
274,booknlp,COREF,115,I,12730,12731,6,70,1,M_274,Other
275,pdnc,qID,Q58-1,you,12738,12741,4,70,1,M_275,Other
276,pdnc,qID,Q58-1,him,12753,12756,10,70,1,M_276,Other
277,pdnc,qID,Q59-0,He,12805,12807,10,71,1,M_277,Other
278,exp,exp_name,lucy,Lucy,12828,12832,4,71,1,M_278,PROPN
279,booknlp,COREF,116,I,12845,12846,4,71,1,M_279,Other
280,pdnc,qID,Q59-1,He,12857,12859,10,71,1,M_280,Other
281,pdnc,qID,Q59-1,him,12909,12912,10,71,1,M_281,Other
282,booknlp,COREF,115,My,12933,12935,6,72,1,M_282,Other
283,pdnc,qID,Q60-0,Lucia,12941,12946,4,72,1,M_283,Other
284,booknlp,COREF,116,I,12972,12973,4,73,1,M_284,Other
285,pdnc,qID,Q61-0,Mr. Beebe,13024,13033,10,73,1,M_285,PROPN
286,pdnc,qID,Q62-0,Funny girl,13071,13081,4,74,1,M_286,Other
287,pdnc,qID,Q62-0,you,13087,13090,4,74,1,M_287,Other
288,booknlp,COREF,115,me,13101,13103,6,74,1,M_288,Other
289,booknlp,COREF,115,I,13120,13121,6,74,1,M_289,Other
290,pdnc,qID,Q62-0,Mr. Beebe,13152,13161,10,74,1,M_290,PROPN
291,booknlp,COREF,116,I,13166,13167,4,75,1,M_291,Other
292,pdnc,qID,Q63-0,Freddy,13197,13203,1,75,1,M_292,PROPN
293,booknlp,COREF,115,I,13208,13209,6,76,1,M_293,Other
294,booknlp,COREF,115,I,13284,13285,6,76,1,M_294,Other
295,exp,exp_name,lucy,Lucy,13374,13378,4,77,1,M_295,PROPN
296,booknlp,COREF,116,herself,13473,13480,4,78,1,M_296,Other
297,exp,exp_name,mr. beebe,Mr. Beebe,13488,13497,10,78,1,M_297,PROPN
298,booknlp,COREF,116,she,13587,13590,4,78,1,M_298,Other
299,booknlp,COREF,116,She,13612,13615,4,78,1,M_299,Other
300,booknlp,COREF,116,she,13649,13652,4,78,1,M_300,Other
301,exp,exp_name,miss bartlett,Miss Bartlett,13664,13677,6,78,1,M_301,PROPN
302,booknlp,COREF,115,I,13732,13733,6,78,1,M_302,Other
303,pdnc,qID,Q66-0,you,13744,13747,4,78,1,M_303,Other
304,booknlp,COREF,115,me,13760,13762,6,78,1,M_304,Other
305,exp,exp_name,the girl,the girl,13798,13806,19,79,1,M_305,PROPN
306,booknlp,COREF,332,I,13823,13824,19,79,1,M_306,Other
307,booknlp,COREF,332,I,13859,13860,19,79,1,M_307,Other
308,pdnc,qID,Q67-0,Charlotte,13905,13914,6,79,1,M_308,PROPN
309,booknlp,COREF,332,she,14050,14053,19,80,1,M_309,Other
310,exp,exp_name,mr. beebe,Mr. Beebe,14084,14093,10,80,1,M_310,PROPN
311,booknlp,COREF,116,she,14123,14126,4,80,1,M_311,Other
312,booknlp,COREF,116,her,14259,14262,4,80,1,M_312,Other
313,booknlp,COREF,116,She,14397,14400,4,80,1,M_313,Other
314,booknlp,COREF,116,her,14409,14412,4,80,1,M_314,Other
315,booknlp,COREF,116,hers,14662,14666,4,80,1,M_315,Other
316,booknlp,COREF,116,she,14683,14686,4,80,1,M_316,Other
317,booknlp,COREF,116,her,14700,14703,4,80,1,M_317,Other
318,booknlp,COREF,116,you,14803,14806,4,81,1,M_318,Other
319,pdnc,qID,Q68-0,Signora Bertolini,14834,14851,52,81,1,M_319,PROPN
320,exp,exp_name,lucy,Lucy,14902,14906,4,82,1,M_320,PROPN
321,booknlp,COREF,116,you,14944,14947,4,83,1,M_321,Other
322,booknlp,COREF,116,She,14970,14973,4,83,1,M_322,Other
323,pdnc,qID,Q71-0,Mr. Emerson,14991,15002,11,83,1,M_323,PROPN
324,booknlp,COREF,116,you,15042,15045,4,83,1,M_324,Other
325,booknlp,COREF,116,I,15060,15061,4,84,1,M_325,Other
326,pdnc,qID,Q72-0,he,15068,15070,11,84,1,M_326,Other
327,pdnc,qID,Q73-0,he,15110,15112,11,85,1,M_327,Other
328,exp,exp_name,miss bartlett,Miss Bartlett,15124,15137,6,85,1,M_328,PROPN
329,pdnc,qID,Q74-0,Mr. Beebe,15141,15150,10,86,1,M_329,PROPN
330,booknlp,COREF,116,me,15174,15176,4,86,1,M_330,Other
331,booknlp,COREF,116,my,15181,15183,4,86,1,M_331,Other
332,exp,exp_name,nature,nature,15195,15201,29,86,1,M_332,PROPN
333,booknlp,COREF,116,I,15214,15215,4,86,1,M_333,Other
334,booknlp,COREF,116,my,15236,15238,4,86,1,M_334,Other
335,exp,exp_name,the little old lady,the little old lady,15277,15296,56,87,1,M_335,PROPN
336,exp,exp_name,lucy,Lucy,15370,15374,4,88,1,M_336,PROPN
337,booknlp,COREF,116,her,15462,15465,4,88,1,M_337,Other
338,booknlp,COREF,116,she,15494,15497,4,88,1,M_338,Other
339,pdnc,qID,Q75-0,Mr. Emerson,15530,15541,11,89,1,M_339,PROPN
340,pdnc,qID,Q75-0,he,15562,15564,11,89,1,M_340,Other
341,exp,exp_name,miss bartlett,Miss Bartlett,15728,15741,6,90,1,M_341,PROPN
342,booknlp,COREF,115,She,15912,15915,6,92,1,M_342,Other
343,exp,exp_name,mr. beebe,Mr. Beebe,15954,15963,10,92,1,M_343,PROPN
344,pdnc,qID,Q78-0,Miss Bartlett,16006,16019,6,93,1,M_344,PROPN
345,booknlp,COREF,119,he,16022,16024,10,93,1,M_345,Other
346,booknlp,COREF,119,I,16065,16066,10,93,1,M_346,Other
347,pdnc,qID,Q78-1,Mr. Emerson,16078,16089,11,93,1,M_347,PROPN
348,booknlp,COREF,119,I,16149,16150,10,93,1,M_348,Other
349,booknlp,COREF,119,I,16156,16157,10,93,1,M_349,Other
350,pdnc,qID,Q78-1,him,16169,16172,11,93,1,M_350,Other
351,pdnc,qID,Q78-1,He,16198,16200,11,93,1,M_351,Other
352,booknlp,COREF,119,me,16209,16211,10,93,1,M_352,Other
353,pdnc,qID,Q78-1,you,16225,16228,6,93,1,M_353,Other
354,pdnc,qID,Q78-1,He,16230,16232,11,93,1,M_354,Other
355,pdnc,qID,Q79-0,Charlotte,16261,16270,6,94,1,M_355,PROPN
356,exp,exp_name,lucy,Lucy,16279,16283,4,94,1,M_356,PROPN
357,booknlp,COREF,116,her,16287,16290,4,94,1,M_357,Other
358,pdnc,qID,Q79-1,The old man,16328,16339,11,94,1,M_358,Other
359,pdnc,qID,Q79-1,he,16368,16370,11,94,1,M_359,Other
360,exp,exp_name,miss bartlett,Miss Bartlett,16381,16394,6,95,1,M_360,PROPN
361,booknlp,COREF,119,I,16409,16410,10,96,1,M_361,Other
362,exp,exp_name,mr. beebe,Mr. Beebe,16423,16432,10,96,1,M_362,PROPN
363,booknlp,COREF,119,I,16455,16456,10,96,1,M_363,Other
364,booknlp,COREF,119,I,16478,16479,10,96,1,M_364,Other
365,booknlp,COREF,119,my,16499,16501,10,96,1,M_365,Other
366,booknlp,COREF,119,he,16538,16540,10,97,1,M_366,Other
367,exp,exp_name,miss bartlett,Miss Bartlett,16573,16586,6,97,1,M_367,PROPN
368,booknlp,COREF,115,My,16595,16597,6,97,1,M_368,Other
369,pdnc,qID,Q81-0,dearest Lucy,16610,16622,4,97,1,M_369,Other
370,pdnc,qID,Q81-0,yours,16659,16664,4,97,1,M_370,Other
371,booknlp,COREF,115,I,16693,16694,6,97,1,M_371,Other
372,pdnc,qID,Q81-0,you,16703,16706,4,97,1,M_372,Other
373,pdnc,qID,Q81-0,you,16716,16719,4,97,1,M_373,Other
374,booknlp,COREF,115,I,16744,16745,6,97,1,M_374,Other
375,booknlp,COREF,116,your,16767,16771,4,97,1,M_375,Other
376,pdnc,qID,Q81-0,you,16785,16788,4,97,1,M_376,Other
377,booknlp,COREF,115,me,16794,16796,6,97,1,M_377,Other
378,booknlp,COREF,115,I,16841,16842,6,97,1,M_378,Other
379,pdnc,qID,Q81-0,you,16861,16864,4,97,1,M_379,Other
380,pdnc,qID,Q81-0,Mr. Beebe,16871,16880,10,97,1,M_380,PROPN
381,pdnc,qID,Q81-0,Mr. Emerson,16894,16905,11,97,1,M_381,PROPN
382,booknlp,COREF,115,I,16911,16912,6,97,1,M_382,Other
383,pdnc,qID,Q81-0,his,16920,16923,11,97,1,M_383,Other
384,pdnc,qID,Q81-0,him,16953,16956,11,97,1,M_384,Other
385,booknlp,COREF,115,me,16960,16962,6,97,1,M_385,Other
386,booknlp,COREF,115,I,16978,16979,6,97,1,M_386,Other
387,pdnc,qID,Q81-0,him,16990,16993,11,97,1,M_387,Other
388,exp,exp_name,the clergyman,The clergyman,17128,17141,32,98,1,M_388,PROPN
389,booknlp,COREF,335,her,17201,17204,32,98,1,M_389,Other
390,pdnc,qID,Q82-0,Lucy,17226,17230,4,99,1,M_390,PROPN
391,booknlp,COREF,335,I,17232,17233,32,99,1,M_391,Other
392,booknlp,COREF,335,I,17263,17264,32,99,1,M_392,Other
393,pdnc,qID,Q82-0,you,17305,17308,4,99,1,M_393,Other
394,booknlp,COREF,335,me,17316,17318,32,99,1,M_394,Other
395,exp,exp_name,mr. beebe,Mr. Beebe,17342,17351,10,100,1,M_395,PROPN
396,pdnc,qID,Q83-0,Mr. Emerson,17389,17400,11,101,1,M_396,PROPN
397,pdnc,qID,Q83-0,his son,17425,17432,2,101,1,M_397,Other
398,pdnc,qID,Q84-0,My father,17548,17557,11,103,1,M_398,Other
399,booknlp,COREF,119,he,17560,17562,10,103,1,M_399,Other
400,pdnc,qID,Q84-1,his,17576,17579,11,103,1,M_400,Other
401,pdnc,qID,Q84-1,you,17589,17592,6,103,1,M_401,Other
402,pdnc,qID,Q84-1,him,17606,17609,11,103,1,M_402,Other
403,pdnc,qID,Q84-1,you,17647,17650,6,103,1,M_403,Other
404,booknlp,COREF,119,me,17654,17656,10,103,1,M_404,Other
405,booknlp,COREF,119,me,17674,17676,10,103,1,M_405,Other
406,pdnc,qID,Q84-1,him,17680,17683,11,103,1,M_406,Other
407,pdnc,qID,Q84-1,he,17695,17697,11,103,1,M_407,Other
408,exp,exp_name,miss bartlett,Miss Bartlett,17711,17724,6,104,1,M_408,PROPN
409,booknlp,COREF,115,her,17754,17757,6,104,1,M_409,Other
410,exp,exp_name,mr. emerson,Mr. Emerson,17810,17821,11,104,1,M_410,PROPN
411,exp,exp_name,mr. beebe,Mr. Beebe,17865,17874,10,104,1,M_411,PROPN
412,exp,exp_name,lucy,Lucy,17904,17908,4,104,1,M_412,PROPN
413,pdnc,qID,Q85-0,Poor young man,17912,17926,2,105,1,M_413,Other
414,exp,exp_name,miss bartlett,Miss Bartlett,17934,17947,6,105,1,M_414,PROPN
415,booknlp,COREF,119,he,17960,17962,10,105,1,M_415,Other
416,pdnc,qID,Q86-0,he,17985,17987,2,106,1,M_416,Other
417,pdnc,qID,Q86-0,his father,17996,18006,11,106,1,M_417,Other
418,pdnc,qID,Q86-0,he,18034,18036,2,106,1,M_418,Other
419,booknlp,COREF,116,your,18085,18089,4,107,1,M_419,Other
420,exp,exp_name,mr. beebe,Mr. Beebe,18117,18126,10,107,1,M_420,PROPN
421,booknlp,COREF,119,he,18181,18183,10,107,1,M_421,Other
422,booknlp,COREF,119,his,18195,18198,10,107,1,M_422,Other
423,booknlp,COREF,119,his,18222,18225,10,107,1,M_423,Other
424,exp,exp_name,the little old lady,the little old lady,18267,18286,56,108,1,M_424,PROPN
425,booknlp,COREF,375,Her,18398,18401,56,108,1,M_425,Other
426,exp,exp_name,miss bartlett,Miss Bartlett,18424,18437,6,108,1,M_426,PROPN
427,exp,exp_name,lucy,Lucy,18564,18568,4,108,1,M_427,PROPN
428,booknlp,COREF,116,she,18668,18671,4,108,1,M_428,Other
429,booknlp,COREF,116,she,18744,18747,4,108,1,M_429,Other
430,booknlp,COREF,116,herself,18772,18779,4,108,1,M_430,Other
431,exp,exp_name,miss bartlett,Miss Bartlett,18849,18862,6,108,1,M_431,PROPN
432,booknlp,COREF,115,I,18893,18894,6,109,1,M_432,Other
433,pdnc,qID,Q88-0,Lucy,18928,18932,4,109,1,M_433,PROPN
434,booknlp,COREF,115,I,18947,18948,6,109,1,M_434,Other
435,pdnc,qID,Q89-0,you,18983,18986,6,110,1,M_435,Other
436,exp,exp_name,lucy,Lucy,19011,19015,4,110,1,M_436,PROPN
437,pdnc,qID,Q90-0,dear,19030,19034,4,111,1,M_437,Other
438,booknlp,COREF,115,my,19042,19044,6,111,1,M_438,Other
439,booknlp,COREF,115,I,19060,19061,6,112,1,M_439,Other
440,pdnc,qID,Q91-0,you,19081,19084,6,112,1,M_440,Other
441,pdnc,qID,Q92-0,dear,19093,19097,4,113,1,M_441,Other
442,exp,exp_name,charlotte,Charlotte,19101,19110,6,114,1,M_442,PROPN
443,booknlp,COREF,115,her,19125,19128,6,114,1,M_443,Other
444,booknlp,COREF,115,She,19144,19147,6,114,1,M_444,Other
445,booknlp,COREF,115,her,19166,19169,6,114,1,M_445,Other
446,booknlp,COREF,115,she,19210,19213,6,114,1,M_446,Other
447,booknlp,COREF,115,herself,19229,19236,6,114,1,M_447,Other
448,exp,exp_name,lucy,Lucy,19241,19245,4,114,1,M_448,PROPN
449,booknlp,COREF,115,her,19313,19316,6,114,1,M_449,Other
450,booknlp,COREF,115,she,19424,19427,6,114,1,M_450,Other
451,booknlp,COREF,115,her,19436,19439,6,114,1,M_451,Other
452,booknlp,COREF,115,I,19479,19480,6,115,1,M_452,Other
453,exp,exp_name,miss bartlett,Miss Bartlett,19504,19517,6,115,1,M_453,PROPN
454,booknlp,COREF,115,I,19535,19536,6,115,1,M_454,Other
455,booknlp,COREF,115,I,19588,19589,6,115,1,M_455,Other
456,pdnc,qID,Q93-1,you,19614,19617,4,115,1,M_456,Other
457,booknlp,COREF,115,I,19623,19624,6,115,1,M_457,Other
458,pdnc,qID,Q93-1,the young man,19659,19672,2,115,1,M_458,Other
459,booknlp,COREF,115,I,19678,19679,6,115,1,M_459,Other
460,exp,exp_name,lucy,Lucy,19722,19726,4,116,1,M_460,PROPN
461,pdnc,qID,Q94-0,you,19748,19751,4,117,1,M_461,Other
462,pdnc,qID,Q94-0,you,19795,19798,4,117,1,M_462,Other
463,pdnc,qID,Q94-0,his father,19832,19842,11,117,1,M_463,Other
464,pdnc,qID,Q94-0,him,19851,19854,2,117,1,M_464,Other
465,booknlp,COREF,116,I,19856,19857,4,117,1,M_465,Other
466,booknlp,COREF,116,my,19886,19888,4,117,1,M_466,Other
467,booknlp,COREF,116,I,19904,19905,4,117,1,M_467,Other
468,pdnc,qID,Q94-0,Mr. Beebe,19942,19951,10,117,1,M_468,PROPN
469,booknlp,COREF,116,I,20037,20038,4,118,1,M_469,Other
470,exp,exp_name,lucy,Lucy,20053,20057,4,118,1,M_470,PROPN
471,exp,exp_name,miss bartlett,Miss Bartlett,20118,20131,6,119,1,M_471,PROPN
472,booknlp,COREF,116,her,20159,20162,4,119,1,M_472,Other
473,booknlp,COREF,115,she,20190,20193,6,119,1,M_473,Other
474,booknlp,COREF,116,her,20201,20204,4,119,1,M_474,Other
475,exp,exp_name,lucy,Lucy,20225,20229,4,119,1,M_475,PROPN
476,booknlp,COREF,116,she,20263,20266,4,119,1,M_476,Other
477,booknlp,COREF,116,her,20275,20278,4,119,1,M_477,Other
478,booknlp,COREF,116,she,20288,20291,4,119,1,M_478,Other
479,booknlp,COREF,116,her,20389,20392,4,119,1,M_479,Other
480,exp,exp_name,the arno,the Arno,20422,20430,31,119,1,M_480,PROPN
481,exp,exp_name,miss bartlett,Miss Bartlett,20534,20547,6,120,1,M_481,PROPN
482,booknlp,COREF,115,her,20552,20555,6,120,1,M_482,Other
483,booknlp,COREF,115,she,20758,20761,6,120,1,M_483,Other
484,booknlp,COREF,115,she,20907,20910,6,121,1,M_484,Other
485,booknlp,COREF,115,she,20924,20927,6,121,1,M_485,Other
486,booknlp,COREF,115,She,21061,21064,6,121,1,M_486,Other
487,booknlp,COREF,115,she,21139,21142,6,121,1,M_487,Other
488,exp,exp_name,mr. emerson,Mr. Emerson,21205,21216,11,121,1,M_488,PROPN
489,booknlp,COREF,115,she,21221,21224,6,121,1,M_489,Other
490,booknlp,COREF,115,she,21327,21330,6,121,1,M_490,Other
491,booknlp,COREF,115,her,21341,21344,6,121,1,M_491,Other
492,booknlp,COREF,115,her,21397,21400,6,121,1,M_492,Other
493,exp,exp_name,the arno,the Arno,21931,21939,31,123,2,M_493,PROPN
494,exp,exp_name,giotto,Giotto,23179,23185,27,125,2,M_494,PROPN
495,exp,exp_name,miss bartlett,Miss Bartlett,23332,23345,6,125,2,M_495,PROPN
496,exp,exp_name,lucy,Lucy,23394,23398,4,125,2,M_496,PROPN
497,booknlp,COREF,116,her,23435,23438,4,125,2,M_497,Other
498,booknlp,COREF,116,she,23472,23475,4,125,2,M_498,Other
499,booknlp,COREF,116,her,23507,23510,4,125,2,M_499,Other
500,booknlp,COREF,116,herself,23521,23528,4,125,2,M_500,Other
501,exp,exp_name,lucy,Lucy,23580,23584,4,125,2,M_501,PROPN
502,booknlp,COREF,116,her,23595,23598,4,125,2,M_502,Other
503,exp,exp_name,the clever lady,the clever lady,23651,23666,8,125,2,M_503,PROPN
504,exp,exp_name,miss bartlett,Miss Bartlett,23739,23752,6,126,2,M_504,PROPN
505,exp,exp_name,lucy,Lucy,23852,23856,4,126,2,M_505,PROPN
506,exp,exp_name,lucy,Lucy,23886,23890,4,126,2,M_506,PROPN
507,booknlp,COREF,116,her,23930,23933,4,126,2,M_507,Other
508,booknlp,COREF,116,she,23973,23976,4,126,2,M_508,Other
509,exp,exp_name,miss bartlett,Miss Bartlett,23993,24006,6,126,2,M_509,PROPN
510,booknlp,COREF,115,she,24039,24042,6,126,2,M_510,Other
511,exp,exp_name,lucy,Lucy,24059,24063,4,126,2,M_511,PROPN
512,exp,exp_name,lucy,Lucy,24095,24099,4,126,2,M_512,PROPN
513,booknlp,COREF,116,her,24116,24119,4,126,2,M_513,Other
514,exp,exp_name,the clever lady,the clever lady,24181,24196,8,127,2,M_514,PROPN
515,exp,exp_name,mrs. grundy,Mrs. Grundy,24218,24229,51,128,2,M_515,PROPN
516,booknlp,COREF,116,you,24247,24250,4,128,2,M_516,Other
517,booknlp,COREF,347,I,24252,24253,8,128,2,M_517,Other
518,booknlp,COREF,116,you,24264,24267,4,128,2,M_518,Other
519,pdnc,qID,Q97-0,you,24273,24276,6,128,2,M_519,Other
520,pdnc,qID,Q97-0,Miss Honeychurch,24321,24337,4,128,2,M_520,PROPN
521,booknlp,COREF,347,mine,24400,24404,8,128,2,M_521,Other
522,pdnc,qID,Q97-0,Contessa Baroncelli,24406,24425,45,128,2,M_522,PROPN
523,pdnc,qID,Q97-0,she,24455,24458,45,128,2,M_523,Other
524,pdnc,qID,Q97-0,she,24499,24502,45,128,2,M_524,Other
525,booknlp,COREF,116,you,24574,24577,4,128,2,M_525,Other
526,exp,exp_name,miss bartlett,Miss Bartlett,24638,24651,6,129,2,M_526,PROPN
527,exp,exp_name,contessa baroncelli,Contessa Baroncelli,24685,24704,45,129,2,M_527,PROPN
528,booknlp,COREF,115,She,24718,24721,6,129,2,M_528,Other
529,exp,exp_name,lucy,Lucy,24745,24749,4,129,2,M_529,PROPN
530,booknlp,COREF,116,herself,24750,24757,4,129,2,M_530,Other
531,booknlp,COREF,116,her,24759,24762,4,129,2,M_531,Other
532,exp,exp_name,the clever lady,The clever lady,24791,24806,8,129,2,M_532,PROPN
533,booknlp,COREF,347,she,24822,24825,8,129,2,M_533,Other
534,exp,exp_name,lucy,Lucy,24883,24887,4,129,2,M_534,PROPN
535,booknlp,COREF,347,she,24904,24907,8,129,2,M_535,Other
536,booknlp,COREF,347,I,24930,24931,8,130,2,M_536,Other
537,pdnc,qID,Q98-0,you,24942,24945,4,130,2,M_537,Other
538,pdnc,qID,Q98-0,Miss Honeychurch,24972,24988,4,130,2,M_538,PROPN
539,pdnc,qID,Q98-0,you,24997,25000,4,130,2,M_539,Other
540,booknlp,COREF,347,me,25007,25009,8,130,2,M_540,Other
541,exp,exp_name,lucy,Lucy,25046,25050,4,131,2,M_541,PROPN
542,pdnc,qID,Q99-0,Miss Lucy,25156,25165,4,132,2,M_542,PROPN
543,booknlp,COREF,116,I,25167,25168,4,132,2,M_543,Other
544,pdnc,qID,Q99-0,you,25199,25202,4,132,2,M_544,Other
545,exp,exp_name,lucy,Lucy,25407,25411,4,133,2,M_545,PROPN
546,booknlp,COREF,116,her,25425,25428,4,133,2,M_546,Other
547,booknlp,COREF,116,her,25457,25460,4,133,2,M_547,Other
548,exp,exp_name,miss lavish,Miss Lavish,25581,25592,8,134,2,M_548,PROPN
549,exp,exp_name,the clever lady,the clever lady,25607,25622,8,134,2,M_549,PROPN
550,exp,exp_name,miss honeychurch,Miss Honeychurch,25913,25929,4,134,2,M_550,PROPN
551,exp,exp_name,miss lavish,Miss Lavish,26040,26051,8,134,2,M_551,PROPN
552,booknlp,COREF,131,she,26104,26107,8,134,2,M_552,Other
553,booknlp,COREF,131,she,26121,26124,8,134,2,M_553,Other
554,booknlp,COREF,131,me,26184,26186,8,135,2,M_554,Other
555,pdnc,qID,Q100-0,you,26193,26196,4,135,2,M_555,Other
556,exp,exp_name,lucy,Lucy,26251,26255,4,136,2,M_556,PROPN
557,booknlp,COREF,116,her,26280,26283,4,136,2,M_557,Other
558,exp,exp_name,the driver,the driver,26479,26489,44,137,2,M_558,PROPN
559,exp,exp_name,miss lavish,Miss Lavish,26528,26539,8,138,2,M_559,PROPN
560,exp,exp_name,the girl,the girl,26688,26696,19,138,2,M_560,PROPN
561,pdnc,qID,Q105-0,Miss Lucy,26889,26898,4,139,2,M_561,PROPN
562,pdnc,qID,Q105-0,you,26900,26903,4,139,2,M_562,Other
563,booknlp,COREF,116,your,26946,26950,4,139,2,M_563,Other
564,booknlp,COREF,131,I,26997,26998,8,139,2,M_564,Other
565,pdnc,qID,Q105-0,you,27037,27040,4,139,2,M_565,Other
566,booknlp,COREF,116,I,27064,27065,4,140,2,M_566,Other
567,exp,exp_name,lucy,Lucy,27084,27088,4,140,2,M_567,PROPN
568,pdnc,qID,Q106-1,We,27091,27093,4,140,2,M_568,Other
569,pdnc,qID,Q106-1,My father,27126,27135,13,140,2,M_569,Other
570,pdnc,qID,Q106-1,Mr. Gladstone,27153,27166,50,140,2,M_570,PROPN
571,pdnc,qID,Q106-1,he,27174,27176,50,140,2,M_571,Other
572,booknlp,COREF,131,I,27211,27212,8,141,2,M_572,Other
573,booknlp,COREF,131,I,27218,27219,8,141,2,M_573,Other
574,pdnc,qID,Q107-0,you,27233,27236,4,141,2,M_574,Other
575,pdnc,qID,Q108-0,my father,27286,27295,13,142,2,M_575,Other
576,booknlp,COREF,116,I,27307,27308,4,142,2,M_576,Other
577,pdnc,qID,Q108-0,he,27317,27319,13,142,2,M_577,Other
578,pdnc,qID,Q108-0,Freddy,27450,27456,1,142,2,M_578,PROPN
579,pdnc,qID,Q108-0,mother,27488,27494,17,142,2,M_579,Other
580,booknlp,COREF,131,I,27558,27559,8,143,2,M_580,Other
581,exp,exp_name,miss lavish,Miss Lavish,27654,27665,8,145,2,M_581,PROPN
582,booknlp,COREF,131,her,27699,27702,8,145,2,M_582,Other
583,booknlp,COREF,116,I,27735,27736,4,146,2,M_583,Other
584,pdnc,qID,Q111-0,you,27795,27798,4,146,2,M_584,Other
585,pdnc,qID,Q111-0,Sir Harry Otway,27804,27819,21,146,2,M_585,PROPN
586,pdnc,qID,Q113-0,Mrs. Butterworth,27882,27898,15,148,2,M_586,PROPN
587,pdnc,qID,Q114-0,she,27927,27930,15,149,2,M_587,Other
588,exp,exp_name,miss lavish,Miss Lavish,27965,27976,8,150,2,M_588,PROPN
589,booknlp,COREF,131,you,28032,28035,8,150,2,M_589,Other
590,exp,exp_name,lucy,Lucy,28082,28086,4,151,2,M_590,PROPN
591,exp,exp_name,miss lavish,Miss Lavish,28191,28202,8,152,2,M_591,PROPN
592,booknlp,COREF,131,her,28255,28258,8,152,2,M_592,Other
593,exp,exp_name,miss lavish,Miss Lavish,28475,28486,8,152,2,M_593,PROPN
594,booknlp,COREF,131,she,28505,28508,8,152,2,M_594,Other
595,exp,exp_name,miss lavish,Miss Lavish,28726,28737,8,154,2,M_595,PROPN
596,booknlp,COREF,131,her,28769,28772,8,154,2,M_596,Other
597,exp,exp_name,lucy,Lucy,28797,28801,4,154,2,M_597,PROPN
598,booknlp,COREF,131,her,28815,28818,8,154,2,M_598,Other
599,pdnc,qID,Q118-0,My dear Miss Lucy,28853,28870,4,155,2,M_599,Other
600,booknlp,COREF,131,I,29057,29058,8,155,2,M_600,Other
601,exp,exp_name,lucy,Lucy,29080,29084,4,156,2,M_601,PROPN
602,pdnc,qID,Q119-0,you,29236,29239,4,157,2,M_602,Other
603,booknlp,COREF,116,your,29269,29273,4,157,2,M_603,Other
604,booknlp,COREF,131,me,29295,29297,8,157,2,M_604,Other
605,booknlp,COREF,131,I,29299,29300,8,157,2,M_605,Other
606,pdnc,qID,Q119-0,you,29312,29315,4,157,2,M_606,Other
607,exp,exp_name,lucy,Lucy,29507,29511,4,158,2,M_607,PROPN
608,booknlp,COREF,116,herself,29589,29596,4,158,2,M_608,Other
609,booknlp,COREF,116,She,29639,29642,4,158,2,M_609,Other
610,exp,exp_name,lucy,Lucy,29925,29929,4,158,2,M_610,PROPN
611,booknlp,COREF,116,she,29938,29941,4,158,2,M_611,Other
612,exp,exp_name,miss lavish,Miss Lavish,29986,29997,8,158,2,M_612,PROPN
613,booknlp,COREF,116,her,30032,30035,4,158,2,M_613,Other
614,exp,exp_name,miss lavish,Miss Lavish,30566,30577,8,159,2,M_614,PROPN
615,pdnc,qID,Q121-0,We,30838,30840,4,161,2,M_615,Other
616,pdnc,qID,Q121-0,us,30897,30899,4,161,2,M_616,Other
617,exp,exp_name,miss lavish,Miss Lavish,30972,30983,8,162,2,M_617,PROPN
618,booknlp,COREF,131,my,31004,31006,8,162,2,M_618,Other
619,booknlp,COREF,131,me,31055,31057,8,162,2,M_619,Other
620,booknlp,COREF,131,I,31063,31064,8,162,2,M_620,Other
621,pdnc,qID,Q123-0,you,31178,31181,8,163,2,M_621,Other
622,exp,exp_name,miss lavish,Miss Lavish,31192,31203,8,164,2,M_622,PROPN
623,booknlp,COREF,131,her,31209,31212,8,164,2,M_623,Other
624,exp,exp_name,lucy,Lucy,31232,31236,4,164,2,M_624,PROPN
625,booknlp,COREF,131,she,31266,31269,8,164,2,M_625,Other
626,exp,exp_name,miss lavish,Miss Lavish,31405,31416,8,164,2,M_626,PROPN
627,booknlp,COREF,131,her,31445,31448,8,164,2,M_627,Other
628,booknlp,COREF,131,my,31479,31481,8,165,2,M_628,Other
629,booknlp,COREF,131,I,31500,31501,8,165,2,M_629,Other
630,booknlp,COREF,131,she,31547,31550,8,166,2,M_630,Other
631,booknlp,COREF,131,her,31577,31580,8,166,2,M_631,Other
632,booknlp,COREF,131,she,31626,31629,8,166,2,M_632,Other
633,booknlp,COREF,131,she,31649,31652,8,166,2,M_633,Other
634,exp,exp_name,lucy,Lucy,31735,31739,4,167,2,M_634,PROPN
635,booknlp,COREF,116,she,31776,31779,4,167,2,M_635,Other
636,booknlp,COREF,116,her,31820,31823,4,167,2,M_636,Other
637,booknlp,COREF,116,her,31842,31845,4,167,2,M_637,Other
638,booknlp,COREF,116,she,31856,31859,4,167,2,M_638,Other
639,booknlp,COREF,116,She,31927,31930,4,167,2,M_639,Other
640,exp,exp_name,miss lavish,Miss Lavish,31996,32007,8,167,2,M_640,PROPN
641,exp,exp_name,miss lavish,Miss Lavish,32064,32075,8,167,2,M_641,PROPN
642,booknlp,COREF,131,her,32080,32083,8,167,2,M_642,Other
643,exp,exp_name,lucy,Lucy,32206,32210,4,167,2,M_643,PROPN
644,exp,exp_name,miss lavish,Miss Lavish,32233,32244,8,167,2,M_644,PROPN
645,booknlp,COREF,116,her,32256,32259,4,167,2,M_645,Other
646,booknlp,COREF,131,she,32276,32279,8,167,2,M_646,Other
647,booknlp,COREF,131,her,32290,32293,8,167,2,M_647,Other
648,booknlp,COREF,116,she,32314,32317,4,167,2,M_648,Other
649,booknlp,COREF,116,her,32323,32326,4,167,2,M_649,Other
650,booknlp,COREF,116,she,32347,32350,4,167,2,M_650,Other
651,booknlp,COREF,116,her,32356,32359,4,167,2,M_651,Other
652,booknlp,COREF,116,Her,32386,32389,4,167,2,M_652,Other
653,booknlp,COREF,116,she,32420,32423,4,167,2,M_653,Other
654,booknlp,COREF,116,she,32476,32479,4,167,2,M_654,Other
655,booknlp,COREF,116,herself,32558,32565,4,167,2,M_655,Other
656,booknlp,COREF,116,she,32571,32574,4,167,2,M_656,Other
657,booknlp,COREF,116,she,32604,32607,4,167,2,M_657,Other
658,exp,exp_name,giotto,Giotto,32858,32864,27,167,2,M_658,PROPN
659,booknlp,COREF,116,she,32906,32909,4,167,2,M_659,Other
660,booknlp,COREF,116,her,32970,32973,4,167,2,M_660,Other
661,booknlp,COREF,116,She,32991,32994,4,167,2,M_661,Other
662,booknlp,COREF,116,her,33129,33132,4,167,2,M_662,Other
663,booknlp,COREF,116,her,33338,33341,4,168,2,M_663,Other
664,booknlp,COREF,116,she,33382,33385,4,168,2,M_664,Other
665,booknlp,COREF,116,She,33405,33408,4,168,2,M_665,Other
666,booknlp,COREF,116,She,33652,33655,4,168,2,M_666,Other
667,booknlp,COREF,116,She,33747,33750,4,168,2,M_667,Other
668,exp,exp_name,fate,fate,33771,33775,26,168,2,M_668,PROPN
669,exp,exp_name,lucy,Lucy,34196,34200,4,168,2,M_669,PROPN
670,exp,exp_name,he-baby,he-baby,34329,34336,60,168,2,M_670,PROPN
671,booknlp,COREF,116,she,34486,34489,4,168,2,M_671,Other
672,exp,exp_name,lucy,Lucy,34495,34499,4,168,2,M_672,PROPN
673,booknlp,COREF,116,She,34516,34519,4,168,2,M_673,Other
674,exp,exp_name,old mr. emerson,old Mr. Emerson,34626,34641,11,169,2,M_674,PROPN
675,pdnc,qID,Q125-1,you,34789,34792,60,169,2,M_675,Other
676,exp,exp_name,the child,The child,34828,34837,55,170,2,M_676,PROPN
677,booknlp,COREF,506,him,34915,34918,55,170,2,M_677,Other
678,booknlp,COREF,506,him,34930,34933,55,170,2,M_678,Other
679,booknlp,COREF,506,his,34942,34945,55,170,2,M_679,Other
680,booknlp,COREF,506,him,34964,34967,55,170,2,M_680,Other
681,pdnc,qID,Q126-0,him,35003,35006,60,171,2,M_681,Other
682,exp,exp_name,mr. emerson,Mr. Emerson,35014,35025,11,171,2,M_682,PROPN
683,exp,exp_name,lucy,Lucy,35029,35033,4,171,2,M_683,PROPN
684,pdnc,qID,Q126-1,you,35104,35107,4,171,2,M_684,Other
685,exp,exp_name,the child,The child,35132,35141,55,172,2,M_685,PROPN
686,exp,exp_name,old mr. emerson,old Mr. Emerson,35191,35206,11,172,2,M_686,PROPN
687,exp,exp_name,lucy,Lucy,35211,35215,4,172,2,M_687,PROPN
688,exp,exp_name,italian lady,Italian lady,35270,35282,46,172,2,M_688,PROPN
689,booknlp,COREF,506,his,35469,35472,55,172,2,M_689,Other
690,booknlp,COREF,506,He,35480,35482,55,172,2,M_690,Other
691,booknlp,COREF,506,he,35522,35524,55,172,2,M_691,Other
692,pdnc,qID,Q127-0,You,35540,35543,4,173,2,M_692,Other
693,exp,exp_name,mr. emerson,Mr. Emerson,35570,35581,11,173,2,M_693,PROPN
694,pdnc,qID,Q127-1,You,35584,35587,4,173,2,M_694,Other
695,booknlp,COREF,116,your,35649,35653,4,173,2,M_695,Other
696,exp,exp_name,italian lady,Italian lady,35809,35821,46,175,2,M_696,PROPN
697,booknlp,COREF,116,I,35854,35855,4,176,2,M_697,Other
698,pdnc,qID,Q129-0,she,35867,35870,46,176,2,M_698,Other
699,exp,exp_name,lucy,Lucy,35903,35907,4,176,2,M_699,PROPN
700,booknlp,COREF,116,her,35913,35916,4,177,2,M_700,Other
701,booknlp,COREF,116,she,35932,35935,4,177,2,M_701,Other
702,booknlp,COREF,116,She,35969,35972,4,177,2,M_702,Other
703,exp,exp_name,miss bartlett,Miss Bartlett,36071,36084,6,177,2,M_703,PROPN
704,exp,exp_name,mr. emerson,Mr. Emerson,36188,36199,11,178,2,M_704,PROPN
705,pdnc,qID,Q130-1,you,36223,36226,4,178,2,M_705,Other
706,pdnc,qID,Q130-1,you,36243,36246,4,178,2,M_706,Other
707,pdnc,qID,Q130-1,you,36269,36272,4,178,2,M_707,Other
708,exp,exp_name,lucy,Lucy,36312,36316,4,179,2,M_708,PROPN
709,booknlp,COREF,116,her,36330,36333,4,179,2,M_709,Other
710,booknlp,COREF,116,I,36346,36347,4,179,2,M_710,Other
711,pdnc,qID,Q131-1,Miss Lavish,36363,36374,8,179,2,M_711,PROPN
712,pdnc,qID,Q131-1,she,36445,36448,8,179,2,M_712,Other
713,booknlp,COREF,116,I,36498,36499,4,179,2,M_713,Other
714,booknlp,COREF,116,myself,36518,36524,4,179,2,M_714,Other
715,pdnc,qID,Q132-0,you,36543,36546,4,180,2,M_715,Other
716,exp,exp_name,mr. emerson,Mr. Emerson,36554,36565,11,180,2,M_716,PROPN
717,pdnc,qID,Q133-0,you,36588,36591,4,181,2,M_717,Other
718,pdnc,qID,Q133-0,yourself,36600,36608,4,181,2,M_718,Other
719,exp,exp_name,the son,the son,36616,36623,35,181,2,M_719,PROPN
720,pdnc,qID,Q134-0,Miss Lavish,36677,36688,8,182,2,M_720,PROPN
721,exp,exp_name,mr. emerson,Mr. Emerson,36738,36749,11,183,2,M_721,PROPN
722,pdnc,qID,Q135-1,you,36771,36774,4,183,2,M_722,Other
723,exp,exp_name,lucy,Lucy,36851,36855,4,184,2,M_723,PROPN
724,booknlp,COREF,116,She,36869,36872,4,184,2,M_724,Other
725,booknlp,COREF,116,her,36950,36953,4,184,2,M_725,Other
726,pdnc,qID,Q136-0,you,36960,36963,4,185,2,M_726,Other
727,exp,exp_name,the son,the son,36986,36993,35,185,2,M_727,PROPN
728,pdnc,qID,Q136-1,you,36996,36999,4,185,2,M_728,Other
729,booknlp,COREF,116,She,37055,37058,4,185,2,M_729,Other
730,booknlp,COREF,116,her,37074,37077,4,185,2,M_730,Other
731,booknlp,COREF,116,you,37095,37098,4,186,2,M_731,Other
732,booknlp,COREF,320,I,37114,37115,35,186,2,M_732,Other
733,booknlp,COREF,320,I,37141,37142,35,186,2,M_733,Other
734,booknlp,COREF,116,you,37148,37151,4,186,2,M_734,Other
735,booknlp,COREF,320,I,37172,37173,35,186,2,M_735,Other
736,booknlp,COREF,116,you,37193,37196,4,186,2,M_736,Other
737,booknlp,COREF,320,I,37198,37199,35,186,2,M_737,Other
738,exp,exp_name,the child,the child,37225,37234,55,186,2,M_738,PROPN
739,booknlp,COREF,116,you,37249,37252,4,186,2,M_739,Other
740,booknlp,COREF,116,your,37277,37281,4,186,2,M_740,Other
741,booknlp,COREF,320,I,37300,37301,35,186,2,M_741,Other
742,booknlp,COREF,116,you,37312,37315,4,186,2,M_742,Other
743,pdnc,qID,Q138-0,My dear,37365,37372,4,187,2,M_743,Other
744,pdnc,qID,Q138-1,you,37414,37417,4,187,2,M_744,Other
745,pdnc,qID,Q138-1,you ,37437,37441,4,187,2,M_745,Other
746,pdnc,qID,Q138-1,You,37470,37473,4,187,2,M_746,Other
747,pdnc,qID,Q138-1,you ,37507,37511,4,187,2,M_747,Other
748,pdnc,qID,Q138-1,you,37595,37598,4,187,2,M_748,Other
749,pdnc,qID,Q138-1,you,37620,37623,4,187,2,M_749,Other
750,exp,exp_name,lucy,Lucy,37831,37835,4,188,2,M_750,PROPN
751,exp,exp_name,mr. emerson,Mr. Emerson,37857,37868,11,188,2,M_751,PROPN
752,booknlp,COREF,320,I,38110,38111,35,189,2,M_752,Other
753,booknlp,COREF,320,I,38127,38128,35,189,2,M_753,Other
754,booknlp,COREF,320,I,38158,38159,35,189,2,M_754,Other
755,booknlp,COREF,320,me,38197,38199,35,189,2,M_755,Other
756,exp,exp_name,the son,The son,38218,38225,35,190,2,M_756,PROPN
757,exp,exp_name,giotto,Giotto,38557,38563,27,191,2,M_757,PROPN
758,exp,exp_name,giotto,Giotto,38825,38831,27,192,2,M_758,PROPN
759,exp,exp_name,mr. emerson,Mr. Emerson,39123,39134,11,193,2,M_759,PROPN
760,exp,exp_name,lucy,Lucy,39607,39611,4,194,2,M_760,PROPN
761,booknlp,COREF,116,She,39613,39616,4,194,2,M_761,Other
762,booknlp,COREF,116,she,39631,39634,4,194,2,M_762,Other
763,booknlp,COREF,116,her,39698,39701,4,194,2,M_763,Other
764,booknlp,COREF,116,she,39744,39747,4,194,2,M_764,Other
765,exp,exp_name,george,George,39833,39839,2,196,2,M_765,PROPN
766,pdnc,qID,Q144-0,You,40053,40056,2,198,2,M_766,Other
767,pdnc,qID,Q144-1,You,40094,40097,2,198,2,M_767,Other
768,exp,exp_name,miss teresa,Miss Teresa,40727,40738,9,201,2,M_768,PROPN
769,exp,exp_name,miss catherine alan,Miss Catherine Alan,40743,40762,7,201,2,M_769,PROPN
770,exp,exp_name,mr. emerson,Mr. Emerson,40779,40790,11,202,2,M_770,PROPN
771,pdnc,qID,Q148-0,George,40971,40977,2,205,2,M_771,PROPN
772,pdnc,qID,Q148-0,that clergyman,40992,41006,49,205,2,M_772,Other
773,pdnc,qID,Q148-0,the Brixton curate,41010,41028,49,205,2,M_773,Other
774,exp,exp_name,george,George,41032,41038,2,206,2,M_774,PROPN
775,pdnc,qID,Q149-0,he,41095,41097,49,206,2,M_775,Other
776,pdnc,qID,Q150-0,him,41150,41153,49,207,2,M_776,Other
777,pdnc,qID,Q150-0,him,41165,41168,49,207,2,M_777,Other
778,pdnc,qID,Q150-0,Mr. Eager,41189,41198,49,207,2,M_778,PROPN
779,pdnc,qID,Q150-0,he,41208,41210,49,207,2,M_779,Other
780,pdnc,qID,Q150-0,he,41315,41317,49,207,2,M_780,Other
781,pdnc,qID,Q151-0,He,41337,41339,49,208,2,M_781,Other
782,exp,exp_name,george,George,41366,41372,2,208,2,M_782,PROPN
783,exp,exp_name,mr. emerson,Mr. Emerson,41379,41390,11,209,2,M_783,PROPN
784,exp,exp_name,rev. cuthbert eager,Rev. Cuthbert Eager,41447,41466,49,209,2,M_784,PROPN
785,exp,exp_name,lucy,Lucy,41468,41472,4,209,2,M_785,PROPN
786,exp,exp_name,the son,The son,41639,41646,35,209,2,M_786,PROPN
787,pdnc,qID,Q152-0,My father,41729,41738,11,210,2,M_787,Other
788,booknlp,COREF,116,her,41788,41791,4,210,2,M_788,Other
789,pdnc,qID,Q152-1,He,41794,41796,11,210,2,M_789,Other
790,booknlp,COREF,116,I,41821,41822,4,211,2,M_790,Other
791,booknlp,COREF,116,she,41846,41849,4,211,2,M_791,Other
792,pdnc,qID,Q154-0,he,41921,41923,11,212,2,M_792,Other
793,pdnc,qID,Q154-0,he,41950,41952,11,212,2,M_793,Other
794,pdnc,qID,Q154-0,him,41979,41982,11,212,2,M_794,Other
795,exp,exp_name,lucy,Lucy,42049,42053,4,213,2,M_795,PROPN
796,booknlp,COREF,116,her,42065,42068,4,213,2,M_796,Other
797,booknlp,COREF,116,she,42075,42078,4,213,2,M_797,Other
798,booknlp,COREF,116,I,42093,42094,4,213,2,M_798,Other
799,booknlp,COREF,116,she,42192,42195,4,215,2,M_799,Other
800,booknlp,COREF,116,She,42224,42227,4,215,2,M_800,Other
801,booknlp,COREF,116,She,42406,42409,4,215,2,M_801,Other
802,booknlp,COREF,116,her,42539,42542,4,215,2,M_802,Other
803,booknlp,COREF,116,her,42662,42665,4,215,2,M_803,Other
804,exp,exp_name,mr. emerson,Mr. Emerson,42761,42772,11,215,2,M_804,PROPN
805,booknlp,COREF,116,she,42787,42790,4,215,2,M_805,Other
806,booknlp,COREF,116,her,42859,42862,4,215,2,M_806,Other
807,pdnc,qID,Q157-0,you,42871,42874,11,216,2,M_807,Other
808,pdnc,qID,Q160-0,yours,43206,43211,4,219,2,M_808,Other
809,exp,exp_name,lucy,Lucy,43230,43234,4,219,2,M_809,PROPN
810,pdnc,qID,Q160-1,you,43242,43245,4,219,2,M_810,Other
811,exp,exp_name,lucy,Lucy,43284,43288,4,220,2,M_811,PROPN
812,pdnc,qID,Q161-1,you,43311,43314,11,220,2,M_812,Other
813,exp,exp_name,george,George,43437,43443,2,221,2,M_813,PROPN
814,booknlp,COREF,116,her,43455,43458,4,221,2,M_814,Other
815,booknlp,COREF,116,she,43488,43491,4,221,2,M_815,Other
816,exp,exp_name,mr. emerson,Mr. Emerson,43834,43845,11,221,2,M_816,PROPN
817,pdnc,qID,Q162-0,he,43990,43992,2,222,2,M_817,Other
818,exp,exp_name,giotto,Giotto,44065,44071,27,223,2,M_818,PROPN
819,pdnc,qID,Q164-0,my baby,44258,44265,2,224,2,M_819,Other
820,pdnc,qID,Q164-0,he,44321,44323,2,224,2,M_820,Other
821,exp,exp_name,lucy,Lucy,44341,44345,4,225,2,M_821,PROPN
822,pdnc,qID,Q165-1,He,44405,44407,2,226,2,M_822,Other
823,exp,exp_name,lucy,Lucy,44438,44442,4,227,2,M_823,PROPN
824,pdnc,qID,Q167-0,he,44454,44456,2,228,2,M_824,Other
825,pdnc,qID,Q167-0,he,44473,44475,2,228,2,M_825,Other
826,pdnc,qID,Q167-0,him,44522,44525,2,228,2,M_826,Other
827,pdnc,qID,Q167-0,he,44541,44543,2,228,2,M_827,Other
828,pdnc,qID,Q167-0,he,44706,44708,2,228,2,M_828,Other
829,booknlp,COREF,116,She,44739,44742,4,229,2,M_829,Other
830,booknlp,COREF,116,she,44766,44769,4,229,2,M_830,Other
831,booknlp,COREF,116,She,44848,44851,4,229,2,M_831,Other
832,booknlp,COREF,116,her,44867,44870,4,229,2,M_832,Other
833,booknlp,COREF,116,her,44893,44896,4,229,2,M_833,Other
834,exp,exp_name,charlotte,Charlotte,44938,44947,6,229,2,M_834,PROPN
835,pdnc,qID,Q168-0,we,44987,44989,4,230,2,M_835,Other
836,pdnc,qID,Q168-0,him,45001,45004,2,230,2,M_836,Other
837,pdnc,qID,Q168-1,He,45018,45020,2,230,2,M_837,Other
838,pdnc,qID,Q168-1,his,45035,45038,2,230,2,M_838,Other
839,pdnc,qID,Q168-1,himself,45148,45155,2,230,2,M_839,Other
840,pdnc,qID,Q168-1,you,45189,45192,4,230,2,M_840,Other
841,exp,exp_name,lucy,Lucy,45200,45204,4,231,2,M_841,PROPN
842,pdnc,qID,Q169-0,you,45296,45299,4,232,2,M_842,Other
843,pdnc,qID,Q169-0,my boy,45321,45327,2,232,2,M_843,Other
844,pdnc,qID,Q169-0,you,45344,45347,4,232,2,M_844,Other
845,pdnc,qID,Q169-0,him,45373,45376,2,232,2,M_845,Other
846,pdnc,qID,Q169-0,You,45378,45381,4,232,2,M_846,Other
847,pdnc,qID,Q169-0,his,45393,45396,2,232,2,M_847,Other
848,pdnc,qID,Q169-0,you,45409,45412,4,232,2,M_848,Other
849,pdnc,qID,Q169-0,yourself,45417,45425,4,232,2,M_849,Other
850,pdnc,qID,Q169-0,you,45439,45442,4,232,2,M_850,Other
851,pdnc,qID,Q169-0,You,45457,45460,4,232,2,M_851,Other
852,pdnc,qID,Q169-0,He,45476,45478,2,232,2,M_852,Other
853,pdnc,qID,Q169-0,you,45507,45510,4,232,2,M_853,Other
854,pdnc,qID,Q169-0,You ,45526,45530,4,232,2,M_854,Other
855,pdnc,qID,Q169-0,yourself,45574,45582,4,232,2,M_855,Other
856,pdnc,qID,Q169-0,You,45587,45590,4,232,2,M_856,Other
857,pdnc,qID,Q169-0,yourself,45656,45664,4,232,2,M_857,Other
858,pdnc,qID,Q169-0,you,45714,45717,4,232,2,M_858,Other
859,pdnc,qID,Q169-0,George,45820,45826,2,232,2,M_859,PROPN
860,pdnc,qID,Q169-0,you,45827,45830,4,232,2,M_860,Other
861,pdnc,qID,Q169-0,yourself,45855,45863,4,232,2,M_861,Other
862,pdnc,qID,Q169-0,you,45893,45896,4,232,2,M_862,Other
863,exp,exp_name,lucy,Lucy,45929,45933,4,233,2,M_863,PROPN
864,pdnc,qID,Q170-0,him,45994,45997,2,234,2,M_864,Other
865,exp,exp_name,lucy,Lucy,46040,46044,4,235,2,M_865,PROPN
866,exp,exp_name,mr. emerson,Mr. Emerson,46208,46219,11,239,2,M_866,PROPN
867,booknlp,COREF,116,she,46276,46279,4,240,2,M_867,Other
868,pdnc,qID,Q176-0,George ,46457,46464,2,242,2,M_868,PROPN
869,pdnc,qID,Q176-0,him,46511,46514,2,242,2,M_869,Other
870,exp,exp_name,miss honeychurch,Miss Honeychurch,46798,46814,4,243,2,M_870,PROPN
871,pdnc,qID,Q177-0,my boy,46837,46843,2,244,2,M_871,Other
872,pdnc,qID,Q177-0,us,46855,46857,11,244,2,M_872,Other
873,pdnc,qID,Q177-0,him,46864,46867,2,244,2,M_873,Other
874,pdnc,qID,Q177-0,you,46952,46955,4,244,2,M_874,Other
875,booknlp,COREF,116,she,46984,46987,4,245,2,M_875,Other
876,booknlp,COREF,116,I,47145,47146,4,246,2,M_876,Other
877,booknlp,COREF,116,she,47162,47165,4,246,2,M_877,Other
878,pdnc,qID,Q178-1,You,47174,47177,11,246,2,M_878,Other
879,booknlp,COREF,116,me,47187,47189,4,246,2,M_879,Other
880,booknlp,COREF,116,she,47219,47222,4,246,2,M_880,Other
881,pdnc,qID,Q179-0,your son,47249,47257,2,246,2,M_881,Other
882,pdnc,qID,Q179-0,he,47280,47282,2,246,2,M_882,Other
883,booknlp,COREF,116,I,47309,47310,4,246,2,M_883,Other
884,booknlp,COREF,116,myself,47311,47317,4,246,2,M_884,Other
885,booknlp,COREF,116,I,47336,47337,4,246,2,M_885,Other
886,pdnc,qID,Q179-0,my brother,47423,47433,1,246,2,M_886,Other
887,pdnc,qID,Q179-0,him,47455,47458,2,246,2,M_887,Other
888,pdnc,qID,Q179-0,you,47460,47463,11,246,2,M_888,Other
889,booknlp,COREF,116,her,47546,47549,4,247,2,M_889,Other
890,booknlp,COREF,116,her,47591,47594,4,247,2,M_890,Other
891,booknlp,COREF,116,she,47596,47599,4,247,2,M_891,Other
892,booknlp,COREF,116,her,47613,47616,4,247,2,M_892,Other
893,booknlp,COREF,116,her,47667,47670,4,247,2,M_893,Other
894,booknlp,COREF,116,her,47708,47711,4,247,2,M_894,Other
895,booknlp,COREF,116,she,47720,47723,4,247,2,M_895,Other
896,booknlp,COREF,116,Her,47771,47774,4,247,2,M_896,Other
897,booknlp,COREF,116,she,47863,47866,4,247,2,M_897,Other
898,exp,exp_name,george,George,47891,47897,2,247,2,M_898,PROPN
899,pdnc,qID,Q180-0,Miss Bartlett,48029,48042,6,248,2,M_899,PROPN
900,booknlp,COREF,116,me,48065,48067,4,249,2,M_900,Other
901,exp,exp_name,lucy,Lucy,48075,48079,4,249,2,M_901,PROPN
902,booknlp,COREF,116,I,48192,48193,4,251,2,M_902,Other
903,pdnc,qID,Q183-0,Miss Alans,48222,48232,7,251,2,M_903,PROPN
904,booknlp,COREF,116,She,48246,48249,4,251,2,M_904,Other
905,booknlp,COREF,116,herself,48258,48265,4,251,2,M_905,Other
906,pdnc,qID,Q184-0,Poor girl,48269,48278,4,252,2,M_906,Other
907,exp,exp_name,mr. emerson,Mr. Emerson,48290,48301,11,252,2,M_907,PROPN
908,pdnc,qID,Q184-1,Poor girl,48304,48313,4,252,2,M_908,Other
909,booknlp,COREF,116,She,48317,48320,4,253,2,M_909,Other
910,booknlp,COREF,116,she,48367,48370,4,253,2,M_910,Other
911,booknlp,COREF,116,herself,48383,48390,4,253,2,M_911,Other
912,pdnc,qID,Q185-0,you,48499,48502,11,254,2,M_912,Other
913,pdnc,qID,Q185-0,you,48688,48691,11,254,2,M_913,Other
914,booknlp,COREF,116,your,48713,48717,4,254,2,M_914,Other
915,pdnc,qID,Q185-0,my cousin,48753,48762,6,254,2,M_915,Other
916,booknlp,COREF,116,She,48823,48826,4,255,2,M_916,Other
917,booknlp,COREF,116,her,48834,48837,4,255,2,M_917,Other
918,exp,exp_name,lucy,Lucy,48918,48922,4,257,3,M_918,PROPN
919,booknlp,COREF,116,she,48993,48996,4,257,3,M_919,Other
920,booknlp,COREF,116,She,49015,49018,4,257,3,M_920,Other
921,exp,exp_name,lucy,Lucy,49595,49599,4,257,3,M_921,PROPN
922,booknlp,COREF,116,She,49620,49623,4,258,3,M_922,Other
923,booknlp,COREF,116,her,49652,49655,4,258,3,M_923,Other
924,booknlp,COREF,116,she,49705,49708,4,258,3,M_924,Other
925,booknlp,COREF,116,her,49765,49768,4,258,3,M_925,Other
926,booknlp,COREF,116,she,49796,49799,4,258,3,M_926,Other
927,booknlp,COREF,116,she,50053,50056,4,258,3,M_927,Other
928,booknlp,COREF,116,she,50093,50096,4,258,3,M_928,Other
929,booknlp,COREF,116,she,50112,50115,4,258,3,M_929,Other
930,exp,exp_name,beethoven,Beethoven,50265,50274,25,258,3,M_930,PROPN
931,exp,exp_name,lucy,Lucy,50373,50377,4,258,3,M_931,PROPN
932,booknlp,COREF,116,her,50465,50468,4,259,3,M_932,Other
933,booknlp,COREF,116,she,50485,50488,4,259,3,M_933,Other
934,booknlp,COREF,116,she,50519,50522,4,259,3,M_934,Other
935,booknlp,COREF,116,her,50595,50598,4,259,3,M_935,Other
936,booknlp,COREF,116,she,50625,50628,4,259,3,M_936,Other
937,booknlp,COREF,116,She,50708,50711,4,259,3,M_937,Other
938,exp,exp_name,mr. emerson,Mr. Emerson,50730,50741,11,259,3,M_938,PROPN
939,exp,exp_name,miss bartlett,Miss Bartlett,50770,50783,6,259,3,M_939,PROPN
940,exp,exp_name,miss lavish,Miss Lavish,50796,50807,8,259,3,M_940,PROPN
941,exp,exp_name,miss lavish,Miss Lavish,50816,50827,8,259,3,M_941,PROPN
942,booknlp,COREF,131,her,50840,50843,8,259,3,M_942,Other
943,booknlp,COREF,116,she,50887,50890,4,259,3,M_943,Other
944,booknlp,COREF,116,her,50966,50969,4,259,3,M_944,Other
945,booknlp,COREF,116,she,51013,51016,4,259,3,M_945,Other
946,booknlp,COREF,116,her,51025,51028,4,259,3,M_946,Other
947,exp,exp_name,mr. beebe,Mr. Beebe,51038,51047,10,260,3,M_947,PROPN
948,exp,exp_name,miss honeychurch,Miss Honeychurch,51117,51133,4,260,3,M_948,PROPN
949,booknlp,COREF,119,he,51185,51187,10,260,3,M_949,Other
950,exp,exp_name,miss honeychurch,Miss Honeychurch,51512,51528,4,260,3,M_950,PROPN
951,exp,exp_name,beethoven,Beethoven,51537,51546,25,260,3,M_951,PROPN
952,exp,exp_name,mr. beebe,Mr. Beebe,51553,51562,10,260,3,M_952,PROPN
953,booknlp,COREF,119,his,51649,51652,10,260,3,M_953,Other
954,booknlp,COREF,119,He,51710,51712,10,260,3,M_954,Other
955,booknlp,COREF,119,he,51868,51870,10,260,3,M_955,Other
956,booknlp,COREF,119,he,51957,51959,10,260,3,M_956,Other
957,booknlp,COREF,119,He,51997,51999,10,260,3,M_957,Other
958,booknlp,COREF,119,he,52054,52056,10,260,3,M_958,Other
959,exp,exp_name,mr. beebe,Mr. Beebe,52195,52204,10,260,3,M_959,PROPN
960,pdnc,qID,Q186-0,she,52270,52273,4,261,3,M_960,Other
961,booknlp,COREF,119,he,52276,52278,10,261,3,M_961,Other
962,exp,exp_name,the vicar,the vicar,52285,52294,57,261,3,M_962,PROPN
963,booknlp,COREF,119,my,52326,52328,10,262,3,M_963,Other
964,booknlp,COREF,119,I,52343,52344,10,262,3,M_964,Other
965,pdnc,qID,Q187-0,her,52361,52364,4,262,3,M_965,Other
966,exp,exp_name,beethoven,Beethoven,52390,52399,25,262,3,M_966,PROPN
967,booknlp,COREF,152,his,52435,52438,25,262,3,M_967,Other
968,pdnc,qID,Q189-0,She,52553,52556,4,264,3,M_968,Other
969,pdnc,qID,Q189-0,She,52576,52579,4,264,3,M_969,Other
970,pdnc,qID,Q189-0,Miss Bartlett,52584,52597,6,264,3,M_970,PROPN
971,pdnc,qID,Q189-0,your,52625,52629,10,264,3,M_971,Other
972,booknlp,COREF,119,My,52641,52643,10,265,3,M_972,Other
973,exp,exp_name,mr. beebe,Mr. Beebe,52659,52668,10,265,3,M_973,PROPN
974,pdnc,qID,Q190-1,she,52684,52687,4,265,3,M_974,Other
975,booknlp,COREF,119,he,52709,52711,10,266,3,M_975,Other
976,booknlp,COREF,119,he,52727,52729,10,266,3,M_976,Other
977,exp,exp_name,miss honeychurch,Miss Honeychurch,52750,52766,4,266,3,M_977,PROPN
978,booknlp,COREF,116,her,52783,52786,4,266,3,M_978,Other
979,booknlp,COREF,116,She,52894,52897,4,266,3,M_979,Other
980,booknlp,COREF,116,she,52923,52926,4,266,3,M_980,Other
981,booknlp,COREF,116,her,52947,52950,4,266,3,M_981,Other
982,booknlp,COREF,116,she,52959,52962,4,266,3,M_982,Other
983,booknlp,COREF,119,He,52996,52998,10,266,3,M_983,Other
984,booknlp,COREF,116,she,53018,53021,4,266,3,M_984,Other
985,booknlp,COREF,119,his,53028,53031,10,266,3,M_985,Other
986,booknlp,COREF,119,he,53056,53058,10,266,3,M_986,Other
987,booknlp,COREF,119,he,53080,53082,10,266,3,M_987,Other
988,exp,exp_name,the vicar,the vicar,53100,53109,57,266,3,M_988,PROPN
989,booknlp,COREF,119,he,53117,53119,10,266,3,M_989,Other
990,exp,exp_name,lucy,Lucy,53132,53136,4,266,3,M_990,PROPN
991,booknlp,COREF,116,herself,53137,53144,4,266,3,M_991,Other
992,booknlp,COREF,116,she,53150,53153,4,266,3,M_992,Other
993,booknlp,COREF,119,him,53205,53208,10,266,3,M_993,Other
994,pdnc,qID,Q191-0,Miss Honeychurch,53215,53231,4,267,3,M_994,PROPN
995,pdnc,qID,Q191-0,she,53254,53257,4,267,3,M_995,Other
996,pdnc,qID,Q191-0,her,53310,53313,4,267,3,M_996,Other
997,exp,exp_name,lucy,Lucy,53317,53321,4,268,3,M_997,PROPN
998,booknlp,COREF,116,she,53422,53425,4,269,3,M_998,Other
999,booknlp,COREF,116,she,53431,53434,4,269,3,M_999,Other
1000,booknlp,COREF,116,I,53443,53444,4,269,3,M_1000,Other
1001,exp,exp_name,mrs. honeychurch,Mrs. Honeychurch,53482,53498,17,270,3,M_1001,PROPN
1002,booknlp,COREF,116,She,53514,53517,4,271,3,M_1002,Other
1003,booknlp,COREF,116,she,53539,53542,4,271,3,M_1003,Other
1004,booknlp,COREF,116,she,53590,53593,4,271,3,M_1004,Other
1005,booknlp,COREF,116,I,53601,53602,4,271,3,M_1005,Other
1006,booknlp,COREF,116,She,53622,53625,4,271,3,M_1006,Other
1007,booknlp,COREF,116,I,53634,53635,4,271,3,M_1007,Other
1008,pdnc,qID,Q194-0,you,53658,53661,10,271,3,M_1008,Other
1009,booknlp,COREF,116,I,53668,53669,4,271,3,M_1009,Other
1010,booknlp,COREF,116,I,53680,53681,4,271,3,M_1010,Other
1011,booknlp,COREF,116,my,53688,53690,4,271,3,M_1011,Other
1012,booknlp,COREF,116,She,53726,53729,4,271,3,M_1012,Other
1013,booknlp,COREF,116,I,53764,53765,4,271,3,M_1013,Other
1014,booknlp,COREF,116,I,53783,53784,4,271,3,M_1014,Other
1015,booknlp,COREF,116,I,53798,53799,4,271,3,M_1015,Other
1016,exp,exp_name,lucy,Lucy,53892,53896,4,273,3,M_1016,PROPN
1017,booknlp,COREF,116,She,53932,53935,4,273,3,M_1017,Other
1018,exp,exp_name,miss lavish,Miss Lavish,54279,54290,8,274,3,M_1018,PROPN
1019,exp,exp_name,miss bartlett,Miss Bartlett,54295,54308,6,274,3,M_1019,PROPN
1020,exp,exp_name,mr. beebe,Mr. Beebe,54396,54405,10,275,3,M_1020,PROPN
1021,pdnc,qID,Q198-0,Charlotte,54414,54423,6,276,3,M_1021,PROPN
1022,exp,exp_name,lucy,Lucy,54445,54449,4,276,3,M_1022,PROPN
1023,exp,exp_name,miss bartlett,Miss Bartlett,54490,54503,6,277,3,M_1023,PROPN
1024,booknlp,COREF,115,her,54619,54622,6,277,3,M_1024,Other
1025,booknlp,COREF,115,she,54723,54726,6,277,3,M_1025,Other
1026,booknlp,COREF,115,she,54783,54786,6,277,3,M_1026,Other
1027,pdnc,qID,Q199-0,Miss Lavish,54847,54858,8,278,3,M_1027,PROPN
1028,booknlp,COREF,116,your,54867,54871,4,278,3,M_1028,Other
1029,pdnc,qID,Q199-0,She,54887,54890,8,278,3,M_1029,Other
1030,booknlp,COREF,115,I,54931,54932,6,278,3,M_1030,Other
1031,pdnc,qID,Q200-0,Miss Lavish,54945,54956,8,279,3,M_1031,PROPN
1032,exp,exp_name,lucy,Lucy,54983,54987,4,279,3,M_1032,PROPN
1033,exp,exp_name,miss lavish,Miss Lavish,55089,55100,8,279,3,M_1033,PROPN
1034,exp,exp_name,mr. beebe,Mr. Beebe,55118,55127,10,279,3,M_1034,PROPN
1035,booknlp,COREF,119,his,55132,55135,10,279,3,M_1035,Other
1036,booknlp,COREF,119,he,55235,55237,10,279,3,M_1036,Other
1037,booknlp,COREF,119,his,55243,55246,10,279,3,M_1037,Other
1038,exp,exp_name,lucy,Lucy,55279,55283,4,280,3,M_1038,PROPN
1039,pdnc,qID,Q201-1,Miss Lavish ,55310,55322,8,280,3,M_1039,PROPN
1040,pdnc,qID,Q202-0,They,55344,55348,8,281,3,M_1040,Other
1041,exp,exp_name,mr. beebe,Mr. Beebe,55413,55422,10,283,3,M_1041,PROPN
1042,booknlp,COREF,119,me,55456,55458,10,283,3,M_1042,Other
1043,pdnc,qID,Q204-1,you,55465,55468,4,283,3,M_1043,Other
1044,pdnc,qID,Q204-1,Miss Catharine Alan,55487,55506,7,283,3,M_1044,PROPN
1045,booknlp,COREF,146,herself,55523,55530,7,283,3,M_1045,Other
1046,booknlp,COREF,119,I,55559,55560,10,283,3,M_1046,Other
1047,booknlp,COREF,116,I,55570,55571,4,284,3,M_1047,Other
1048,exp,exp_name,miss lavish,Miss Lavish,55577,55588,8,284,3,M_1048,PROPN
1049,booknlp,COREF,116,me,55600,55602,4,284,3,M_1049,Other
1050,pdnc,qID,Q205-0,herself,55603,55610,7,284,3,M_1050,Other
1051,pdnc,qID,Q205-0,We,55612,55614,4,284,3,M_1051,Other
1052,booknlp,COREF,116,I,55641,55642,4,284,3,M_1052,Other
1053,booknlp,COREF,131,she,55655,55658,8,284,3,M_1053,Other
1054,pdnc,qID,Q205-0,Charlotte,55725,55734,6,284,3,M_1054,PROPN
1055,booknlp,COREF,116,me,55763,55765,4,284,3,M_1055,Other
1056,booknlp,COREF,116,I,55792,55793,4,284,3,M_1056,Other
1057,pdnc,qID,Q205-0,Miss Lavish,55836,55847,8,284,3,M_1057,PROPN
1058,exp,exp_name,miss bartlett,Miss Bartlett,55987,56000,6,286,3,M_1058,PROPN
1059,exp,exp_name,miss lavish,Miss Lavish,56005,56016,8,286,3,M_1059,PROPN
1060,exp,exp_name,lucy,Lucy,56065,56069,4,286,3,M_1060,PROPN
1061,exp,exp_name,miss lavish,Miss Lavish,56088,56099,8,286,3,M_1061,PROPN
1062,exp,exp_name,miss bartlett,Miss Bartlett,56131,56144,6,286,3,M_1062,PROPN
1063,booknlp,COREF,115,her,56242,56245,6,286,3,M_1063,Other
1064,booknlp,COREF,115,her,56303,56306,6,286,3,M_1064,Other
1065,exp,exp_name,lucy,Lucy,56488,56492,4,286,3,M_1065,PROPN
1066,exp,exp_name,mr. beebe,Mr. Beebe,56523,56532,10,286,3,M_1066,PROPN
1067,booknlp,COREF,119,his,56587,56590,10,286,3,M_1067,Other
1068,exp,exp_name,lucy,Lucy,56679,56683,4,287,3,M_1068,PROPN
1069,exp,exp_name,charlotte,Charlotte,56720,56729,6,287,3,M_1069,PROPN
1070,exp,exp_name,the arno,The Arno,56747,56755,31,287,3,M_1070,PROPN
1071,booknlp,COREF,116,She,56963,56966,4,287,3,M_1071,Other
1072,exp,exp_name,miss catharine alan,Miss Catharine Alan,57061,57080,7,287,3,M_1072,PROPN
1073,pdnc,qID,Q207-0,Miss Honeychurch,57137,57153,4,288,3,M_1073,PROPN
1074,pdnc,qID,Q207-0,you,57155,57158,4,288,3,M_1074,Other
1075,pdnc,qID,Q207-0,Mr. Beebe,57183,57192,10,288,3,M_1075,PROPN
1076,pdnc,qID,Q207-0,my sister,57249,57258,9,288,3,M_1076,Other
1077,booknlp,COREF,116,She,57331,57334,4,289,3,M_1077,Other
1078,booknlp,COREF,116,she,57387,57390,4,289,3,M_1078,Other
1079,booknlp,COREF,116,I,57472,57473,4,290,3,M_1079,Other
1080,booknlp,COREF,116,your,57485,57489,4,290,3,M_1080,Other
1081,pdnc,qID,Q208-0,Miss Honeychurch,57509,57525,4,290,3,M_1081,PROPN
1082,booknlp,COREF,116,I,57534,57535,4,290,3,M_1082,Other
1083,booknlp,COREF,116,my,57543,57545,4,290,3,M_1083,Other
1084,exp,exp_name,lucy,Lucy,57703,57707,4,291,3,M_1084,PROPN
1085,exp,exp_name,mr. beebe,Mr. Beebe,57727,57736,10,291,3,M_1085,PROPN
1086,booknlp,COREF,119,his,57772,57775,10,291,3,M_1086,Other
1087,exp,exp_name,the chambermaid,the chambermaid,57803,57818,54,291,3,M_1087,PROPN
1088,booknlp,COREF,119,him,57833,57836,10,291,3,M_1088,Other
1089,booknlp,COREF,119,his,57840,57843,10,291,3,M_1089,Other
1090,booknlp,COREF,119,He,57900,57902,10,291,3,M_1090,Other
1091,booknlp,COREF,119,himself,57913,57920,10,291,3,M_1091,Other
1092,booknlp,COREF,119,I,57935,57936,10,291,3,M_1092,Other
1093,pdnc,qID,Q210-0,you,57954,57957,7,291,3,M_1093,Other
1094,pdnc,qID,Q210-0,Miss Alan,57959,57968,7,291,3,M_1094,PROPN
1095,exp,exp_name,giotto,Giotto,58217,58223,27,291,3,M_1095,PROPN
1096,booknlp,COREF,119,I,58254,58255,10,291,3,M_1096,Other
1097,exp,exp_name,signora bertolini,Signora Bertolini,58386,58403,52,291,3,M_1097,PROPN
1098,booknlp,COREF,119,me,58422,58424,10,291,3,M_1098,Other
1099,exp,exp_name,mr. beebe,Mr. Beebe,58445,58454,10,291,3,M_1099,PROPN
1100,booknlp,COREF,119,you,58459,58462,10,291,3,M_1100,Other
1101,booknlp,COREF,119,I,58473,58474,10,291,3,M_1101,Other
1102,booknlp,COREF,119,my,58530,58532,10,291,3,M_1102,Other
1103,exp,exp_name,miss alan,Miss Alan,58611,58620,7,292,3,M_1103,PROPN
1104,booknlp,COREF,146,she,58655,58658,7,292,3,M_1104,Other
1105,booknlp,COREF,146,Her,58697,58700,7,292,3,M_1105,Other
1106,exp,exp_name,mr. beebe,Mr. Beebe,58737,58746,10,292,3,M_1106,PROPN
1107,booknlp,COREF,146,her,58986,58989,7,293,3,M_1107,Other
1108,booknlp,COREF,146,she,59003,59006,7,293,3,M_1108,Other
1109,booknlp,COREF,146,her,59087,59090,7,293,3,M_1109,Other
1110,booknlp,COREF,146,she,59091,59094,7,293,3,M_1110,Other
1111,pdnc,qID,Q211-0,Lavish,59208,59214,8,294,3,M_1111,Other
1112,exp,exp_name,the clergyman,the clergyman,59222,59235,32,294,3,M_1112,PROPN
1113,pdnc,qID,Q211-1,Lavish,59253,59259,8,294,3,M_1113,Other
1114,booknlp,COREF,335,I,59265,59266,32,294,3,M_1114,Other
1115,pdnc,qID,Q211-1,she,59272,59275,8,294,3,M_1115,Other
1116,pdnc,qID,Q212-0,Mr. Beebe,59299,59308,10,295,3,M_1116,PROPN
1117,exp,exp_name,miss alan,Miss Alan,59316,59325,7,295,3,M_1117,PROPN
1118,pdnc,qID,Q212-1,her,59393,59396,8,295,3,M_1118,Other
1119,booknlp,COREF,119,you,59438,59441,10,295,3,M_1119,Other
1120,pdnc,qID,Q212-1,She,59451,59454,8,295,3,M_1120,Other
1121,pdnc,qID,Q212-1,her,59497,59500,8,295,3,M_1121,Other
1122,exp,exp_name,lucy,Lucy,59607,59611,4,296,3,M_1122,PROPN
1123,exp,exp_name,mr. beebe,Mr. Beebe,59614,59623,10,297,3,M_1123,PROPN
1124,exp,exp_name,miss alan,Miss Alan,59651,59660,7,297,3,M_1124,PROPN
1125,booknlp,COREF,146,I,59700,59701,7,297,3,M_1125,Other
1126,booknlp,COREF,146,I,59723,59724,7,297,3,M_1126,Other
1127,booknlp,COREF,146,I,59821,59822,7,297,3,M_1127,Other
1128,pdnc,qID,Q214-0,she,59863,59866,8,297,3,M_1128,Other
1129,pdnc,qID,Q214-0,she,59959,59962,8,297,3,M_1129,Other
1130,pdnc,qID,Q214-0,She,59986,59989,8,297,3,M_1130,Other
1131,booknlp,COREF,146,I,60001,60002,7,297,3,M_1131,Other
1132,pdnc,qID,Q214-1,you,60035,60038,4,297,3,M_1132,Other
1133,pdnc,qID,Q214-1,she,60155,60158,8,297,3,M_1133,Other
1134,pdnc,qID,Q214-1,she,60180,60183,8,297,3,M_1134,Other
1135,booknlp,COREF,146,I,60297,60298,7,297,3,M_1135,Other
1136,pdnc,qID,Q214-1,she,60319,60322,8,297,3,M_1136,Other
1137,pdnc,qID,Q214-1,She,60349,60352,8,297,3,M_1137,Other
1138,pdnc,qID,Q214-1,Teresa,60358,60364,9,297,3,M_1138,Other
1139,pdnc,qID,Q214-1,Miss Pole,60369,60378,48,297,3,M_1139,PROPN
1140,pdnc,qID,Q214-1,she,60398,60401,8,297,3,M_1140,Other
1141,pdnc,qID,Q214-1,she,60510,60513,8,297,3,M_1141,Other
1142,pdnc,qID,Q214-1,she,60535,60538,8,297,3,M_1142,Other
1143,pdnc,qID,Q214-1,she,60558,60561,8,297,3,M_1143,Other
1144,pdnc,qID,Q214-1,she,60601,60604,8,297,3,M_1144,Other
1145,booknlp,COREF,146,I,60683,60684,7,297,3,M_1145,Other
1146,exp,exp_name,miss alan,Miss Alan,60791,60800,7,298,3,M_1146,PROPN
1147,booknlp,COREF,146,her,60842,60845,7,298,3,M_1147,Other
1148,booknlp,COREF,146,her,60891,60894,7,298,3,M_1148,Other
1149,booknlp,COREF,146,She,61036,61039,7,298,3,M_1149,Other
1150,booknlp,COREF,146,she,61045,61048,7,298,3,M_1150,Other
1151,booknlp,COREF,146,her,61115,61118,7,298,3,M_1151,Other
1152,pdnc,qID,Q215-0,she,61147,61150,8,299,3,M_1152,Other
1153,booknlp,COREF,146,I,61168,61169,7,299,3,M_1153,Other
1154,pdnc,qID,Q215-0,she,61204,61207,8,299,3,M_1154,Other
1155,exp,exp_name,mr. beebe,Mr. Beebe,61260,61269,10,300,3,M_1155,PROPN
1156,exp,exp_name,miss alan,Miss Alan,61280,61289,7,300,3,M_1156,PROPN
1157,booknlp,COREF,119,he,61321,61323,10,300,3,M_1157,Other
1158,booknlp,COREF,146,she,61329,61332,7,300,3,M_1158,Other
1159,booknlp,COREF,146,I,61393,61394,7,301,3,M_1159,Other
1160,pdnc,qID,Q216-0,Miss Honeychurch,61407,61423,4,301,3,M_1160,PROPN
1161,pdnc,qID,Q216-0,you,61428,61431,4,301,3,M_1161,Other
1162,pdnc,qID,Q216-0,Miss Pole,61450,61459,48,301,3,M_1162,PROPN
1163,exp,exp_name,the lady,the lady,61461,61469,34,301,3,M_1163,PROPN
1164,pdnc,qID,Q216-0,That old Mr. Emerson,61515,61535,11,301,3,M_1164,Other
1165,booknlp,COREF,146,Her,61572,61575,7,302,3,M_1165,Other
1166,booknlp,COREF,146,She,61589,61592,7,302,3,M_1166,Other
1167,exp,exp_name,mr. beebe,Mr. Beebe,61605,61614,10,302,3,M_1167,PROPN
1168,booknlp,COREF,146,she,61685,61688,7,302,3,M_1168,Other
1169,exp,exp_name,lucy,Lucy,61702,61706,4,302,3,M_1169,PROPN
1170,pdnc,qID,Q217-0,He,61738,61740,11,303,3,M_1170,Other
1171,pdnc,qID,Q217-0,Miss Pole,61748,61757,48,303,3,M_1171,PROPN
1172,pdnc,qID,Q217-0,her,61761,61764,48,303,3,M_1172,Other
1173,pdnc,qID,Q217-0,he,61782,61784,11,303,3,M_1173,Other
1174,pdnc,qID,Q217-0,he,61800,61802,11,303,3,M_1174,Other
1175,booknlp,COREF,146,I,61830,61831,7,303,3,M_1175,Other
1176,booknlp,COREF,146,I,61841,61842,7,303,3,M_1176,Other
1177,booknlp,COREF,146,myself,61850,61856,7,303,3,M_1177,Other
1178,pdnc,qID,Q217-0,Teresa,61891,61897,9,303,3,M_1178,Other
1179,pdnc,qID,Q217-0,Miss Lavish,61959,61970,8,303,3,M_1179,PROPN
1180,pdnc,qID,Q217-0,his,61999,62002,11,303,3,M_1180,Other
1181,pdnc,qID,Q217-0,she,62027,62030,8,303,3,M_1181,Other
1182,pdnc,qID,Q217-0,She,62094,62097,8,303,3,M_1182,Other
1183,pdnc,qID,Q217-1,she,62163,62166,8,303,3,M_1183,Other
1184,pdnc,qID,Q217-1,she,62196,62199,8,303,3,M_1184,Other
1185,pdnc,qID,Q217-1,Teresa,62291,62297,9,303,3,M_1185,Other
1186,pdnc,qID,Q217-1,she,62369,62372,9,303,3,M_1186,Other
1187,exp,exp_name,miss lavish,Miss Lavish,62389,62400,8,303,3,M_1187,PROPN
1188,booknlp,COREF,131,you,62425,62428,8,303,3,M_1188,Other
1189,booknlp,COREF,146,I,62441,62442,7,303,3,M_1189,Other
1190,pdnc,qID,Q217-2,Miss Lavish,62506,62517,8,303,3,M_1190,PROPN
1191,booknlp,COREF,146,My,62596,62598,7,303,3,M_1191,Other
1192,booknlp,COREF,146,I,62620,62621,7,303,3,M_1192,Other
1193,booknlp,COREF,146,I,62643,62644,7,303,3,M_1193,Other
1194,exp,exp_name,miss lavish,Miss Lavish,62652,62663,8,303,3,M_1194,PROPN
1195,booknlp,COREF,146,I,62665,62666,7,303,3,M_1195,Other
1196,booknlp,COREF,146,I,62716,62717,7,303,3,M_1196,Other
1197,booknlp,COREF,146,I,62800,62801,7,303,3,M_1197,Other
1198,pdnc,qID,Q217-4,her,62811,62814,8,303,3,M_1198,Other
1199,booknlp,COREF,146,I,62882,62883,7,303,3,M_1199,Other
1200,pdnc,qID,Q217-4,she,62893,62896,8,303,3,M_1200,Other
1201,pdnc,qID,Q217-4,Mr. Emerson,62949,62960,11,303,3,M_1201,PROPN
1202,pdnc,qID,Q217-4,his,62996,62999,11,303,3,M_1202,Other
1203,booknlp,COREF,146,I,63033,63034,7,303,3,M_1203,Other
1204,pdnc,qID,Q217-5,The woman,63074,63083,8,303,3,M_1204,Other
1205,booknlp,COREF,146,I,63085,63086,7,303,3,M_1205,Other
1206,pdnc,qID,Q217-5,you,63113,63116,4,303,3,M_1206,Other
1207,pdnc,qID,Q217-5,Miss Lavish,63258,63269,8,303,3,M_1207,PROPN
1208,exp,exp_name,miss alan,Miss Alan,63298,63307,7,303,3,M_1208,PROPN
1209,booknlp,COREF,146,I,63309,63310,7,303,3,M_1209,Other
1210,booknlp,COREF,146,I,63402,63403,7,303,3,M_1210,Other
1211,pdnc,qID,Q217-6,she,63447,63450,8,303,3,M_1211,Other
1212,booknlp,COREF,146,me,63480,63482,7,303,3,M_1212,Other
1213,booknlp,COREF,146,my,63505,63507,7,303,3,M_1213,Other
1214,pdnc,qID,Q217-6,she,63529,63532,8,303,3,M_1214,Other
1215,booknlp,COREF,119,me,63672,63674,10,304,3,M_1215,Other
1216,exp,exp_name,mr. beebe,Mr. Beebe,63699,63708,10,304,3,M_1216,PROPN
1217,pdnc,qID,Q219-0,Miss Lavish,63730,63741,8,305,3,M_1217,PROPN
1218,pdnc,qID,Q219-0,Miss Pole,63748,63757,48,305,3,M_1218,PROPN
1219,booknlp,COREF,146,myself,63759,63765,7,305,3,M_1219,Other
1220,booknlp,COREF,146,I,63796,63797,7,305,3,M_1220,Other
1221,pdnc,qID,Q220-0,She,63815,63818,8,305,3,M_1221,Other
1222,pdnc,qID,Q220-0,she,63852,63855,8,305,3,M_1222,Other
1223,exp,exp_name,lucy,Lucy,63962,63966,4,306,3,M_1223,PROPN
1224,pdnc,qID,Q222-0,Miss Lavish,64007,64018,8,307,3,M_1224,PROPN
1225,pdnc,qID,Q222-0,Mr. Emerson,64048,64059,11,307,3,M_1225,PROPN
1226,pdnc,qID,Q223-0,Mr. Beebe,64096,64105,10,308,3,M_1226,PROPN
1227,pdnc,qID,Q223-0,old Mr. Emerson,64107,64122,11,308,3,M_1227,Other
1228,pdnc,qID,Q223-0,he,64127,64129,11,308,3,M_1228,Other
1229,booknlp,COREF,146,I,64148,64149,7,308,3,M_1229,Other
1230,exp,exp_name,mr. beebe,Mr. Beebe,64172,64181,10,309,3,M_1230,PROPN
1231,booknlp,COREF,116,she,64209,64212,4,309,3,M_1231,Other
1232,booknlp,COREF,116,herself,64244,64251,4,309,3,M_1232,Other
1233,pdnc,qID,Q224-0,he,64293,64295,11,310,3,M_1233,Other
1234,booknlp,COREF,146,I,64318,64319,7,310,3,M_1234,Other
1235,pdnc,qID,Q224-0,Miss Alan,64337,64346,7,310,3,M_1235,PROPN
1236,pdnc,qID,Q224-0,you,64356,64359,7,310,3,M_1236,Other
1237,pdnc,qID,Q224-0,he,64370,64372,11,310,3,M_1237,Other
1238,exp,exp_name,the little old lady,The little old lady,64381,64400,56,311,3,M_1238,PROPN
1239,booknlp,COREF,375,her,64407,64410,56,311,3,M_1239,Other
1240,exp,exp_name,mr. beebe,Mr. Beebe,64444,64453,10,311,3,M_1240,PROPN
1241,booknlp,COREF,116,her,64493,64496,4,311,3,M_1241,Other
1242,booknlp,COREF,119,I,64513,64514,10,312,3,M_1242,Other
1243,pdnc,qID,Q225-0,you,64529,64532,7,312,3,M_1243,Other
1244,pdnc,qID,Q225-0,him,64552,64555,11,312,3,M_1244,Other
1245,pdnc,qID,Q225-0,Miss Alan,64565,64574,7,312,3,M_1245,PROPN
1246,booknlp,COREF,116,you,64643,64646,4,313,3,M_1246,Other
1247,booknlp,COREF,119,I,64733,64734,10,313,3,M_1247,Other
1248,pdnc,qID,Q226-0,Mr. Eager,64769,64778,49,313,3,M_1248,PROPN
1249,pdnc,qID,Q226-0,Miss Honeychurch,64814,64830,4,313,3,M_1249,PROPN
1250,booknlp,COREF,119,I,64859,64860,10,313,3,M_1250,Other
1251,booknlp,COREF,119,I,64881,64882,10,313,3,M_1251,Other
1252,exp,exp_name,mr. beebe,Mr. Beebe,64930,64939,10,314,3,M_1252,PROPN
1253,booknlp,COREF,119,He,64961,64963,10,314,3,M_1253,Other
1254,booknlp,COREF,119,He,65066,65068,10,314,3,M_1254,Other
1255,exp,exp_name,miss lavish,Miss Lavish,65127,65138,8,314,3,M_1255,PROPN
1256,booknlp,COREF,131,her,65257,65260,8,314,3,M_1256,Other
1257,exp,exp_name,miss bartlett,Miss Bartlett,65262,65275,6,314,3,M_1257,PROPN
1258,exp,exp_name,lucy,Lucy,65344,65348,4,314,3,M_1258,PROPN
1259,booknlp,COREF,116,She,65364,65367,4,314,3,M_1259,Other
1260,booknlp,COREF,119,him,65378,65381,10,314,3,M_1260,Other
1261,booknlp,COREF,116,her,65400,65403,4,314,3,M_1261,Other
1262,booknlp,COREF,119,he,65435,65437,10,314,3,M_1262,Other
1263,booknlp,COREF,116,her,65523,65526,4,314,3,M_1263,Other
1264,booknlp,COREF,116,her,65536,65539,4,314,3,M_1264,Other
1265,booknlp,COREF,116,her,65597,65600,4,314,3,M_1265,Other
1266,booknlp,COREF,119,he,65658,65660,10,314,3,M_1266,Other
1267,booknlp,COREF,119,he,65720,65722,10,314,3,M_1267,Other
1268,booknlp,COREF,119,he,65763,65765,10,314,3,M_1268,Other
1269,exp,exp_name,lucy,Lucy,65853,65857,4,314,3,M_1269,PROPN
1270,booknlp,COREF,119,his,65867,65870,10,314,3,M_1270,Other
1271,exp,exp_name,lucy,Lucy,65885,65889,4,315,3,M_1271,PROPN
1272,booknlp,COREF,116,she,65940,65943,4,315,3,M_1272,Other
1273,booknlp,COREF,116,she,65985,65988,4,315,3,M_1273,Other
1274,pdnc,qID,Q227-0,you,66093,66096,4,316,3,M_1274,Other
1275,pdnc,qID,Q228-0,Charlotte,66174,66183,6,317,3,M_1275,PROPN
1276,pdnc,qID,Q229-0,her,66264,66267,6,318,3,M_1276,Other
1277,exp,exp_name,mr. beebe,Mr. Beebe,66331,66340,10,319,3,M_1277,PROPN
1278,exp,exp_name,the son,the son,66490,66497,35,319,3,M_1278,PROPN
1279,booknlp,COREF,119,He,66499,66501,10,319,3,M_1279,Other
1280,booknlp,COREF,119,he,66519,66521,10,319,3,M_1280,Other
1281,exp,exp_name,lucy,Lucy,66616,66620,4,319,3,M_1281,PROPN
1282,exp,exp_name,mr. beebe,Mr. Beebe,66671,66680,10,319,3,M_1282,PROPN
1283,exp,exp_name,the arno,the Arno,66857,66865,31,320,3,M_1283,PROPN
1284,exp,exp_name,miss alan,Miss Alan,67129,67138,7,321,3,M_1284,PROPN
1285,booknlp,COREF,116,I,67193,67194,4,322,3,M_1285,Other
1286,booknlp,COREF,116,I,67201,67202,4,322,3,M_1286,Other
1287,exp,exp_name,lucy,Lucy,67223,67227,4,322,3,M_1287,PROPN
1288,booknlp,COREF,116,I,67230,67231,4,322,3,M_1288,Other
1289,exp,exp_name,the driver,the driver,67299,67309,44,322,3,M_1289,PROPN
1290,booknlp,COREF,116,Her,67313,67316,4,323,3,M_1290,Other
1291,exp,exp_name,mr. beebe,Mr. Beebe,67346,67355,10,323,3,M_1291,PROPN
1292,booknlp,COREF,116,her,67382,67385,4,323,3,M_1292,Other
1293,exp,exp_name,miss bartlett,Miss Bartlett,67404,67417,6,323,3,M_1293,PROPN
1294,booknlp,COREF,119,I,67438,67439,10,324,3,M_1294,Other
1295,booknlp,COREF,119,I,67465,67466,10,324,3,M_1295,Other
1296,booknlp,COREF,116,you,67484,67487,4,324,3,M_1296,Other
1297,booknlp,COREF,116,you,67519,67522,4,324,3,M_1297,Other
1298,booknlp,COREF,116,your,67536,67540,4,324,3,M_1298,Other
1299,exp,exp_name,miss alan,Miss Alan,67582,67591,7,325,3,M_1299,PROPN
1300,booknlp,COREF,119,I,67603,67604,10,326,3,M_1300,Other
1301,booknlp,COREF,119,me,67634,67636,10,326,3,M_1301,Other
1302,booknlp,COREF,116,she,67699,67702,4,327,3,M_1302,Other
1303,exp,exp_name,mr. beebe,Mr. Beebe,67722,67731,10,327,3,M_1303,PROPN
1304,booknlp,COREF,116,she,67747,67750,4,327,3,M_1304,Other
1305,pdnc,qID,Q235-0,She,67833,67836,4,328,3,M_1305,Other
1306,exp,exp_name,mr. beebe,Mr. Beebe,67873,67882,10,328,3,M_1306,PROPN
1307,booknlp,COREF,116,her,67900,67903,4,328,3,M_1307,Other
1308,pdnc,qID,Q235-1,she,67926,67929,4,328,3,M_1308,Other
1309,booknlp,COREF,119,I,67940,67941,10,328,3,M_1309,Other
1310,exp,exp_name,beethoven,Beethoven,67966,67975,25,328,3,M_1310,PROPN
1311,exp,exp_name,mr. beebe,Mr. Beebe,68009,68018,10,330,4,M_1311,PROPN
1312,exp,exp_name,lucy,Lucy,68030,68034,4,330,4,M_1312,PROPN
1313,booknlp,COREF,116,her,68046,68049,4,330,4,M_1313,Other
1314,booknlp,COREF,116,She,68085,68088,4,330,4,M_1314,Other
1315,exp,exp_name,the clergyman,the clergyman,68116,68129,32,330,4,M_1315,PROPN
1316,exp,exp_name,miss alan,Miss Alan,68171,68180,7,330,4,M_1316,PROPN
1317,booknlp,COREF,116,she,68208,68211,4,330,4,M_1317,Other
1318,booknlp,COREF,116,she,68238,68241,4,330,4,M_1318,Other
1319,booknlp,COREF,116,her,68278,68281,4,330,4,M_1319,Other
1320,booknlp,COREF,116,she,68335,68338,4,330,4,M_1320,Other
1321,exp,exp_name,charlotte,Charlotte,68419,68428,6,330,4,M_1321,PROPN
1322,booknlp,COREF,116,her,68451,68454,4,330,4,M_1322,Other
1323,booknlp,COREF,116,she,68711,68714,4,330,4,M_1323,Other
1324,booknlp,COREF,116,herself,68736,68743,4,330,4,M_1324,Other
1325,booknlp,COREF,116,she,68744,68747,4,330,4,M_1325,Other
1326,booknlp,COREF,116,she,68971,68974,4,331,4,M_1326,Other
1327,booknlp,COREF,116,She,68997,69000,4,331,4,M_1327,Other
1328,booknlp,COREF,116,her,69111,69114,4,331,4,M_1328,Other
1329,booknlp,COREF,116,her,69158,69161,4,331,4,M_1329,Other
1330,booknlp,COREF,116,she,69174,69177,4,331,4,M_1330,Other
1331,booknlp,COREF,116,her,69250,69253,4,331,4,M_1331,Other
1332,booknlp,COREF,116,She,69305,69308,4,331,4,M_1332,Other
1333,booknlp,COREF,116,She,69393,69396,4,331,4,M_1333,Other
1334,booknlp,COREF,116,she,69590,69593,4,331,4,M_1334,Other
1335,booknlp,COREF,116,she,69792,69795,4,331,4,M_1335,Other
1336,booknlp,COREF,116,her,69870,69873,4,331,4,M_1336,Other
1337,exp,exp_name,lucy,Lucy,69892,69896,4,332,4,M_1337,PROPN
1338,booknlp,COREF,116,she,69968,69971,4,332,4,M_1338,Other
1339,booknlp,COREF,116,her,69991,69994,4,332,4,M_1339,Other
1340,booknlp,COREF,116,she,70030,70033,4,332,4,M_1340,Other
1341,booknlp,COREF,116,her,70093,70096,4,332,4,M_1341,Other
1342,booknlp,COREF,116,she,70115,70118,4,332,4,M_1342,Other
1343,booknlp,COREF,116,she,70166,70169,4,332,4,M_1343,Other
1344,booknlp,COREF,116,she,70198,70201,4,332,4,M_1344,Other
1345,booknlp,COREF,116,She,70226,70229,4,332,4,M_1345,Other
1346,booknlp,COREF,116,her,70273,70276,4,332,4,M_1346,Other
1347,booknlp,COREF,116,she,70306,70309,4,332,4,M_1347,Other
1348,booknlp,COREF,116,she,70345,70348,4,332,4,M_1348,Other
1349,booknlp,COREF,116,she,70380,70383,4,333,4,M_1349,Other
1350,exp,exp_name,miss bartlett,Miss Bartlett,70506,70519,6,333,4,M_1350,PROPN
1351,booknlp,COREF,116,her,70534,70537,4,333,4,M_1351,Other
1352,booknlp,COREF,116,She,70709,70712,4,333,4,M_1352,Other
1353,exp,exp_name,giotto,Giotto,70780,70786,27,333,4,M_1353,PROPN
1354,booknlp,COREF,116,her,70874,70877,4,333,4,M_1354,Other
1355,booknlp,COREF,116,she,70902,70905,4,333,4,M_1355,Other
1356,booknlp,COREF,116,she,70973,70976,4,334,4,M_1356,Other
1357,booknlp,COREF,116,She,71046,71049,4,334,4,M_1357,Other
1358,booknlp,COREF,116,her,71067,71070,4,334,4,M_1358,Other
1359,booknlp,COREF,116,her,71097,71100,4,334,4,M_1359,Other
1360,booknlp,COREF,116,she,71137,71140,4,334,4,M_1360,Other
1361,booknlp,COREF,116,I,71198,71199,4,334,4,M_1361,Other
1362,exp,exp_name,mrs. honeychurch,Mrs. Honeychurch,71252,71268,17,334,4,M_1362,PROPN
1363,booknlp,COREF,116,me,71394,71396,4,335,4,M_1363,Other
1364,booknlp,COREF,116,she,71399,71402,4,335,4,M_1364,Other
1365,booknlp,COREF,116,she,71417,71420,4,335,4,M_1365,Other
1366,booknlp,COREF,116,her,71512,71515,4,335,4,M_1366,Other
1367,exp,exp_name,lucy,Lucy,72114,72118,4,335,4,M_1367,PROPN
1368,booknlp,COREF,116,She,72134,72137,4,336,4,M_1368,Other
1369,booknlp,COREF,116,her,72144,72147,4,336,4,M_1369,Other
1370,booknlp,COREF,116,her,72408,72411,4,336,4,M_1370,Other
1371,booknlp,COREF,116,her,72434,72437,4,336,4,M_1371,Other
1372,booknlp,COREF,116,she,72448,72451,4,336,4,M_1372,Other
1373,exp,exp_name,lucy,Lucy,72741,72745,4,338,4,M_1373,PROPN
1374,booknlp,COREF,116,her,72809,72812,4,338,4,M_1374,Other
1375,booknlp,COREF,116,her,73007,73010,4,339,4,M_1375,Other
1376,exp,exp_name,george emerson,George Emerson,73051,73065,2,339,4,M_1376,PROPN
1377,booknlp,COREF,116,her,73110,73113,4,339,4,M_1377,Other
1378,booknlp,COREF,116,she,73194,73197,4,339,4,M_1378,Other
1379,booknlp,COREF,116,her,73272,73275,4,339,4,M_1379,Other
1380,booknlp,COREF,116,her,73288,73291,4,339,4,M_1380,Other
1381,booknlp,COREF,116,She,73348,73351,4,340,4,M_1381,Other
1382,booknlp,COREF,116,I,73376,73377,4,340,4,M_1382,Other
1383,booknlp,COREF,116,I,73401,73402,4,341,4,M_1383,Other
1384,booknlp,COREF,116,she,73410,73413,4,341,4,M_1384,Other
1385,booknlp,COREF,116,her,73435,73438,4,341,4,M_1385,Other
1386,exp,exp_name,george emerson,George Emerson,73446,73460,2,342,4,M_1386,PROPN
1387,booknlp,COREF,116,her,73477,73480,4,342,4,M_1387,Other
1388,booknlp,COREF,116,She,73507,73510,4,342,4,M_1388,Other
1389,booknlp,COREF,116,her,73585,73588,4,342,4,M_1389,Other
1390,booknlp,COREF,116,her,73678,73681,4,343,4,M_1390,Other
1391,booknlp,COREF,116,she,73696,73699,4,343,4,M_1391,Other
1392,booknlp,COREF,116,She,73736,73739,4,343,4,M_1392,Other
1393,booknlp,COREF,116,I,73766,73767,4,344,4,M_1393,Other
1394,pdnc,qID,Q241-0,You,73777,73780,4,345,4,M_1394,Other
1395,booknlp,COREF,116,I,73793,73794,4,346,4,M_1395,Other
1396,booknlp,COREF,116,I,73796,73797,4,346,4,M_1396,Other
1397,pdnc,qID,Q243-0,you,73824,73827,4,347,4,M_1397,Other
1398,booknlp,COREF,116,she,73874,73877,4,348,4,M_1398,Other
1399,booknlp,COREF,116,her,73992,73995,4,350,4,M_1399,Other
1400,booknlp,COREF,116,She,74000,74003,4,350,4,M_1400,Other
1401,pdnc,qID,Q246-0,you,74173,74176,2,351,4,M_1401,Other
1402,pdnc,qID,Q246-0,you,74263,74266,2,351,4,M_1402,Other
1403,booknlp,COREF,116,my,74305,74307,4,353,4,M_1403,Other
1404,booknlp,COREF,116,she,74322,74325,4,353,4,M_1404,Other
1405,booknlp,COREF,116,I,74369,74370,4,355,4,M_1405,Other
1406,booknlp,COREF,116,I,74409,74410,4,355,4,M_1406,Other
1407,booknlp,COREF,116,She,74460,74463,4,355,4,M_1407,Other
1408,pdnc,qID,Q250-0,you,74497,74500,2,355,4,M_1408,Other
1409,exp,exp_name,lucy,Lucy,74603,74607,4,356,4,M_1409,PROPN
1410,exp,exp_name,the arno,the Arno,74677,74685,31,356,4,M_1410,PROPN
1411,pdnc,qID,Q251-0,Miss Honeychurch,74689,74705,4,357,4,M_1411,PROPN
1412,booknlp,COREF,116,She,74709,74712,4,358,4,M_1412,Other
1413,booknlp,COREF,116,her,74726,74729,4,358,4,M_1413,Other
1414,booknlp,COREF,116,her,74738,74741,4,358,4,M_1414,Other
1415,pdnc,qID,Q252-0,You,74751,74754,4,359,4,M_1415,Other
1416,pdnc,qID,Q252-0,you,74766,74769,4,359,4,M_1416,Other
1417,booknlp,COREF,116,I,74807,74808,4,360,4,M_1417,Other
1418,pdnc,qID,Q253-0,you,74819,74822,2,360,4,M_1418,Other
1419,pdnc,qID,Q254-0,you,74844,74847,4,361,4,M_1419,Other
1420,pdnc,qID,Q254-0,You,74856,74859,4,361,4,M_1420,Other
1421,pdnc,qID,Q254-0,you,74875,74878,4,361,4,M_1421,Other
1422,booknlp,COREF,116,I,74892,74893,4,362,4,M_1422,Other
1423,pdnc,qID,Q256-0,your,74929,74933,4,363,4,M_1423,Other
1424,booknlp,COREF,116,I,74950,74951,4,364,4,M_1424,Other
1425,pdnc,qID,Q258-0,you,75054,75057,4,365,4,M_1425,Other
1426,booknlp,COREF,116,She,75071,75074,4,365,4,M_1426,Other
1427,booknlp,COREF,116,I,75128,75129,4,365,4,M_1427,Other
1428,booknlp,COREF,116,she,75159,75162,4,366,4,M_1428,Other
1429,booknlp,COREF,116,she,75323,75326,4,366,4,M_1429,Other
1430,exp,exp_name,mr. emerson,Mr. Emerson,75335,75346,11,366,4,M_1430,PROPN
1431,booknlp,COREF,116,her,75419,75422,4,366,4,M_1431,Other
1432,booknlp,COREF,116,she,75466,75469,4,366,4,M_1432,Other
1433,booknlp,COREF,116,she,75552,75555,4,367,4,M_1433,Other
1434,booknlp,COREF,116,She,75614,75617,4,367,4,M_1434,Other
1435,booknlp,COREF,116,she,75650,75653,4,367,4,M_1435,Other
1436,booknlp,COREF,116,her,75710,75713,4,367,4,M_1436,Other
1437,booknlp,COREF,116,she,75766,75769,4,367,4,M_1437,Other
1438,booknlp,COREF,116,She,75805,75808,4,367,4,M_1438,Other
1439,booknlp,COREF,116,her,75880,75883,4,367,4,M_1439,Other
1440,booknlp,COREF,116,she,75885,75888,4,367,4,M_1440,Other
1441,exp,exp_name,the arno,the Arno,75918,75926,31,367,4,M_1441,PROPN
1442,pdnc,qID,Q260-0,you,76018,76021,2,368,4,M_1442,Other
1443,pdnc,qID,Q260-0,Mr. Beebe,76090,76099,10,368,4,M_1443,PROPN
1444,pdnc,qID,Q260-0,my cousin,76185,76194,6,368,4,M_1444,Other
1445,pdnc,qID,Q261-0,you,76299,76302,2,370,4,M_1445,Other
1446,pdnc,qID,Q263-0,Mr. Emerson,76358,76369,2,372,4,M_1446,PROPN
1447,pdnc,qID,Q267-1,you,76680,76683,4,377,4,M_1447,Other
1448,exp,exp_name,lucy,Lucy,77167,77171,4,378,4,M_1448,PROPN
1449,booknlp,COREF,116,she,77177,77180,4,378,4,M_1449,Other
1450,exp,exp_name,mr. emerson,Mr. Emerson,77268,77279,11,380,4,M_1450,PROPN
1451,booknlp,COREF,116,her,77302,77305,4,381,4,M_1451,Other
1452,booknlp,COREF,116,she,77322,77325,4,381,4,M_1452,Other
1453,booknlp,COREF,116,I,77370,77371,4,382,4,M_1453,Other
1454,booknlp,COREF,116,you,77384,77387,4,382,4,M_1454,Other
1455,booknlp,COREF,116,She,77451,77454,4,383,4,M_1455,Other
1456,booknlp,COREF,116,her,77473,77476,4,383,4,M_1456,Other
1457,booknlp,COREF,116,She,77662,77665,4,383,4,M_1457,Other
1458,booknlp,COREF,116,her,77672,77675,4,383,4,M_1458,Other
1459,booknlp,COREF,116,I,77700,77701,4,384,4,M_1459,Other
1460,booknlp,COREF,116,I,77768,77769,4,386,4,M_1460,Other
1461,booknlp,COREF,116,myself,77799,77805,4,386,4,M_1461,Other
1462,booknlp,COREF,116,my,77809,77811,4,386,4,M_1462,Other
1463,booknlp,COREF,116,I,77818,77819,4,386,4,M_1463,Other
1464,booknlp,COREF,116,me,77848,77850,4,386,4,M_1464,Other
1465,booknlp,COREF,116,she,77894,77897,4,387,4,M_1465,Other
1466,booknlp,COREF,116,her,77908,77911,4,387,4,M_1466,Other
1467,booknlp,COREF,116,I,77943,77944,4,388,4,M_1467,Other
1468,pdnc,qID,Q274-0,you,77949,77952,2,388,4,M_1468,Other
1469,pdnc,qID,Q276-0,you,78025,78028,2,390,4,M_1469,Other
1470,booknlp,COREF,116,I,78085,78086,4,390,4,M_1470,Other
1471,pdnc,qID,Q276-0,you,78098,78101,2,390,4,M_1471,Other
1472,booknlp,COREF,116,I,78118,78119,4,390,4,M_1472,Other
1473,booknlp,COREF,116,I,78129,78130,4,391,4,M_1473,Other
1474,booknlp,COREF,116,I,78140,78141,4,391,4,M_1474,Other
1475,booknlp,COREF,116,I,78152,78153,4,392,4,M_1475,Other
1476,pdnc,qID,Q278-0,you,78166,78169,2,392,4,M_1476,Other
1477,booknlp,COREF,116,my,78197,78199,4,392,4,M_1477,Other
1478,pdnc,qID,Q279-0,Your ,78222,78227,4,393,4,M_1478,Other
1479,pdnc,qID,Q280-0,you,78278,78281,2,394,4,M_1479,Other
1480,pdnc,qID,Q280-0,you,78301,78304,2,394,4,M_1480,Other
1481,booknlp,COREF,116,She,78309,78312,4,395,4,M_1481,Other
1482,booknlp,COREF,116,her,78329,78332,4,395,4,M_1482,Other
1483,booknlp,COREF,116,her,78439,78442,4,395,4,M_1483,Other
1484,booknlp,COREF,116,her,78485,78488,4,395,4,M_1484,Other
1485,booknlp,COREF,116,her,78511,78514,4,395,4,M_1485,Other
1486,booknlp,COREF,116,her,78584,78587,4,395,4,M_1486,Other
1487,booknlp,COREF,116,her,78697,78700,4,395,4,M_1487,Other
1488,booknlp,COREF,116,her,78919,78922,4,395,4,M_1488,Other
1489,booknlp,COREF,116,She,78976,78979,4,395,4,M_1489,Other
1490,booknlp,COREF,116,she,79080,79083,4,395,4,M_1490,Other
1491,pdnc,qID,Q281-0,you,79320,79323,2,396,4,M_1491,Other
1492,booknlp,COREF,116,she,79334,79337,4,396,4,M_1492,Other
1493,booknlp,COREF,116,her,79454,79457,4,398,4,M_1493,Other
1494,pdnc,qID,Q284-0,Mr. Emerson,79545,79556,2,400,4,M_1494,PROPN
1495,pdnc,qID,Q284-0,you,79566,79569,2,400,4,M_1495,Other
1496,booknlp,COREF,116,her,79618,79621,4,402,4,M_1496,Other
1497,booknlp,COREF,116,she,79645,79648,4,402,4,M_1497,Other
1498,booknlp,COREF,116,her,79730,79733,4,402,4,M_1498,Other
1499,exp,exp_name,charlotte,Charlotte,79844,79853,6,404,5,M_1499,PROPN
1500,exp,exp_name,bartlett,Bartlett,79854,79862,6,404,5,M_1500,PROPN
1501,booknlp,COREF,116,She,79876,79879,4,404,5,M_1501,Other
1502,exp,exp_name,lucy,Lucy,79921,79925,4,404,5,M_1502,PROPN
1503,exp,exp_name,george emerson,George Emerson,80037,80051,2,404,5,M_1503,PROPN
1504,booknlp,COREF,116,She,80053,80056,4,404,5,M_1504,Other
1505,exp,exp_name,miss lavish,Miss Lavish,80061,80072,8,404,5,M_1505,PROPN
1506,exp,exp_name,miss lavish,Miss Lavish,80314,80325,8,404,5,M_1506,PROPN
1507,exp,exp_name,lucy,Lucy,80374,80378,4,405,5,M_1507,PROPN
1508,booknlp,COREF,116,her,80396,80399,4,405,5,M_1508,Other
1509,booknlp,COREF,116,her,80423,80426,4,405,5,M_1509,Other
1510,booknlp,COREF,116,her,80444,80447,4,405,5,M_1510,Other
1511,exp,exp_name,mr. beebe,Mr. Beebe,80503,80512,10,405,5,M_1511,PROPN
1512,booknlp,COREF,116,her,80531,80534,4,405,5,M_1512,Other
1513,booknlp,COREF,119,himself,80585,80592,10,405,5,M_1513,Other
1514,exp,exp_name,beethoven,Beethoven,80617,80626,25,405,5,M_1514,PROPN
1515,booknlp,COREF,119,he,80633,80635,10,405,5,M_1515,Other
1516,booknlp,COREF,116,she,80655,80658,4,405,5,M_1516,Other
1517,booknlp,COREF,116,she,80696,80699,4,405,5,M_1517,Other
1518,booknlp,COREF,116,her,80744,80747,4,405,5,M_1518,Other
1519,booknlp,COREF,116,she,80749,80752,4,405,5,M_1519,Other
1520,booknlp,COREF,116,her,80776,80779,4,405,5,M_1520,Other
1521,booknlp,COREF,116,she,80882,80885,4,405,5,M_1521,Other
1522,booknlp,COREF,116,she,80942,80945,4,406,5,M_1522,Other
1523,booknlp,COREF,116,she,81003,81006,4,406,5,M_1523,Other
1524,exp,exp_name,mr. beebe,Mr. Beebe,81022,81031,10,406,5,M_1524,PROPN
1525,exp,exp_name,miss bartlett,Miss Bartlett,81120,81133,6,406,5,M_1525,PROPN
1526,exp,exp_name,miss honeychurch,Miss Honeychurch,81138,81154,4,406,5,M_1526,PROPN
1527,exp,exp_name,charlotte,Charlotte,81171,81180,6,406,5,M_1527,PROPN
1528,booknlp,COREF,115,herself,81194,81201,6,406,5,M_1528,Other
1529,booknlp,COREF,115,she,81203,81206,6,406,5,M_1529,Other
1530,booknlp,COREF,115,she,81262,81265,6,406,5,M_1530,Other
1531,exp,exp_name,lucy,Lucy,81299,81303,4,406,5,M_1531,PROPN
1532,exp,exp_name,miss bartlett,Miss Bartlett,81398,81411,6,406,5,M_1532,PROPN
1533,pdnc,qID,Q287-0,Charlotte,81482,81491,6,407,5,M_1533,PROPN
1534,exp,exp_name,the girl,the girl,81500,81508,19,407,5,M_1534,PROPN
1535,pdnc,qID,Q287-1,Mr. Beebe,81547,81556,10,407,5,M_1535,PROPN
1536,booknlp,COREF,332,I,81562,81563,19,407,5,M_1536,Other
1537,pdnc,qID,Q287-1,you,81589,81592,6,407,5,M_1537,Other
1538,booknlp,COREF,332,I,81594,81595,19,407,5,M_1538,Other
1539,pdnc,qID,Q288-0,dear,81627,81631,4,408,5,M_1539,Other
1540,exp,exp_name,miss bartlett,Miss Bartlett,81639,81652,6,408,5,M_1540,PROPN
1541,exp,exp_name,lucy,Lucy,81742,81746,4,408,5,M_1541,PROPN
1542,booknlp,COREF,116,she,81763,81766,4,408,5,M_1542,Other
1543,exp,exp_name,charlotte,Charlotte,81778,81787,6,408,5,M_1543,PROPN
1544,booknlp,COREF,116,she,81812,81815,4,408,5,M_1544,Other
1545,booknlp,COREF,115,she,81842,81845,6,408,5,M_1545,Other
1546,booknlp,COREF,115,her,81870,81873,6,408,5,M_1546,Other
1547,booknlp,COREF,116,She,81876,81879,4,409,5,M_1547,Other
1548,booknlp,COREF,116,her,81888,81891,4,409,5,M_1548,Other
1549,booknlp,COREF,116,her,81901,81904,4,409,5,M_1549,Other
1550,exp,exp_name,miss bartlett,Miss Bartlett,82024,82037,6,409,5,M_1550,PROPN
1551,booknlp,COREF,115,She,82090,82093,6,409,5,M_1551,Other
1552,booknlp,COREF,115,her,82104,82107,6,409,5,M_1552,Other
1553,booknlp,COREF,115,I,82137,82138,6,409,5,M_1553,Other
1554,pdnc,qID,Q289-0,Freddy,82147,82153,1,409,5,M_1554,PROPN
1555,booknlp,COREF,116,your,82158,82162,4,409,5,M_1555,Other
1556,exp,exp_name,lucy,Lucy,82193,82197,4,410,5,M_1556,PROPN
1557,exp,exp_name,charlotte,Charlotte,82227,82236,6,410,5,M_1557,PROPN
1558,booknlp,COREF,115,she,82267,82270,6,410,5,M_1558,Other
1559,pdnc,qID,Q290-0,Lucia,82284,82289,4,411,5,M_1559,Other
1560,pdnc,qID,Q290-0,you,82295,82298,4,411,5,M_1560,Other
1561,booknlp,COREF,116,I,82343,82344,4,411,5,M_1561,Other
1562,pdnc,qID,Q290-0,you,82352,82355,4,411,5,M_1562,Other
1563,pdnc,qID,Q290-0,you,82369,82372,4,411,5,M_1563,Other
1564,pdnc,qID,Q290-0,your,82376,82380,4,411,5,M_1564,Other
1565,exp,exp_name,lucy,Lucy,82423,82427,4,412,5,M_1565,PROPN
1566,booknlp,COREF,116,she,82552,82555,4,412,5,M_1566,Other
1567,exp,exp_name,charlotte,Charlotte,82575,82584,6,412,5,M_1567,PROPN
1568,booknlp,COREF,115,her,82589,82592,6,412,5,M_1568,Other
1569,exp,exp_name,george emerson,George Emerson,82621,82635,2,412,5,M_1569,PROPN
1570,booknlp,COREF,116,she,82681,82684,4,412,5,M_1570,Other
1571,booknlp,COREF,116,she,82715,82718,4,412,5,M_1571,Other
1572,booknlp,COREF,116,She,82754,82757,4,412,5,M_1572,Other
1573,exp,exp_name,miss bartlett,Miss Bartlett,82790,82803,6,412,5,M_1573,PROPN
1574,booknlp,COREF,116,she,82832,82835,4,413,5,M_1574,Other
1575,exp,exp_name,charlotte,Charlotte,82901,82910,6,413,5,M_1575,PROPN
1576,exp,exp_name,fate,fate,82936,82940,26,413,5,M_1576,PROPN
1577,booknlp,COREF,116,her,82946,82949,4,413,5,M_1577,Other
1578,booknlp,COREF,116,She,82989,82992,4,413,5,M_1578,Other
1579,booknlp,COREF,116,she,83111,83114,4,413,5,M_1579,Other
1580,exp,exp_name,nature,nature,83130,83136,29,413,5,M_1580,PROPN
1581,exp,exp_name,miss lavish,Miss Lavish,83215,83226,8,414,5,M_1581,PROPN
1582,booknlp,COREF,131,her,83261,83264,8,414,5,M_1582,Other
1583,booknlp,COREF,116,She,83271,83274,4,414,5,M_1583,Other
1584,booknlp,COREF,116,her,83351,83354,4,414,5,M_1584,Other
1585,booknlp,COREF,116,she,83369,83372,4,414,5,M_1585,Other
1586,booknlp,COREF,115,me,83418,83420,6,415,5,M_1586,Other
1587,booknlp,COREF,116,you,83434,83437,4,415,5,M_1587,Other
1588,exp,exp_name,miss bartlett,Miss Bartlett,83445,83458,6,415,5,M_1588,PROPN
1589,booknlp,COREF,116,your,83467,83471,4,415,5,M_1589,Other
1590,pdnc,qID,Q292-0,Miss Honeychurch,83526,83542,4,416,5,M_1590,PROPN
1591,pdnc,qID,Q292-0,you,83549,83552,4,416,5,M_1591,Other
1592,booknlp,COREF,116,I,83558,83559,4,416,5,M_1592,Other
1593,pdnc,qID,Q292-0,you,83577,83580,4,416,5,M_1593,Other
1594,booknlp,COREF,116,me,83593,83595,4,416,5,M_1594,Other
1595,pdnc,qID,Q292-0,you,83623,83626,4,416,5,M_1595,Other
1596,exp,exp_name,lucy,Lucy,83652,83656,4,416,5,M_1596,PROPN
1597,booknlp,COREF,116,her,83682,83685,4,416,5,M_1597,Other
1598,pdnc,qID,Q293-0,you,83709,83712,4,417,5,M_1598,Other
1599,booknlp,COREF,116,I,83734,83735,4,418,5,M_1599,Other
1600,pdnc,qID,Q294-0,you,83748,83751,8,418,5,M_1600,Other
1601,booknlp,COREF,116,I,83777,83778,4,418,5,M_1601,Other
1602,booknlp,COREF,116,I,83785,83786,4,418,5,M_1602,Other
1603,booknlp,COREF,131,I,83918,83919,8,420,5,M_1603,Other
1604,exp,exp_name,miss lavish,Miss Lavish,83940,83951,8,420,5,M_1604,PROPN
1605,booknlp,COREF,131,I,83993,83994,8,420,5,M_1605,Other
1606,booknlp,COREF,131,She,84070,84073,8,421,5,M_1606,Other
1607,booknlp,COREF,131,she,84163,84166,8,421,5,M_1607,Other
1608,booknlp,COREF,131,she,84177,84180,8,421,5,M_1608,Other
1609,booknlp,COREF,131,she,84393,84396,8,421,5,M_1609,Other
1610,exp,exp_name,miss bartlett,Miss Bartlett,84557,84570,6,422,5,M_1610,PROPN
1611,booknlp,COREF,131,Leonora,84574,84581,8,423,5,M_1611,PROPN
1612,exp,exp_name,miss lavish,Miss Lavish,84589,84600,8,423,5,M_1612,PROPN
1613,booknlp,COREF,131,her,84602,84605,8,423,5,M_1613,Other
1614,exp,exp_name,eleanor,Eleanor,84619,84626,8,423,5,M_1614,PROPN
1615,booknlp,COREF,115,I,84630,84631,6,424,5,M_1615,Other
1616,booknlp,COREF,131,I,84846,84847,8,428,5,M_1616,Other
1617,pdnc,qID,Q300-0,you,84853,84856,4,428,5,M_1617,Other
1618,booknlp,COREF,131,me,84869,84871,8,428,5,M_1618,Other
1619,exp,exp_name,miss lavish,Miss Lavish,84898,84909,8,428,5,M_1619,PROPN
1620,booknlp,COREF,131,I,85110,85111,8,428,5,M_1620,Other
1621,booknlp,COREF,131,me,85167,85169,8,428,5,M_1621,Other
1622,pdnc,qID,Q300-1,you,85175,85178,4,428,5,M_1622,Other
1623,booknlp,COREF,131,I,85197,85198,8,428,5,M_1623,Other
1624,pdnc,qID,Q301-0,you wicked woman,85254,85270,8,429,5,M_1624,Other
1625,exp,exp_name,miss bartlett,Miss Bartlett,85279,85292,6,429,5,M_1625,PROPN
1626,booknlp,COREF,115,I,85295,85296,6,429,5,M_1626,Other
1627,pdnc,qID,Q301-1,you,85305,85308,8,429,5,M_1627,Other
1628,exp,exp_name,miss lavish,Miss Lavish,85341,85352,8,430,5,M_1628,PROPN
1629,booknlp,COREF,131,I,85383,85384,8,431,5,M_1629,Other
1630,booknlp,COREF,131,my,85407,85409,8,431,5,M_1630,Other
1631,booknlp,COREF,131,my,85434,85436,8,431,5,M_1631,Other
1632,booknlp,COREF,131,me,85494,85496,8,431,5,M_1632,Other
1633,booknlp,COREF,131,I,85514,85515,8,431,5,M_1633,Other
1634,booknlp,COREF,131,I,85544,85545,8,431,5,M_1634,Other
1635,booknlp,COREF,131,I,85555,85556,8,431,5,M_1635,Other
1636,booknlp,COREF,131,I,85568,85569,8,431,5,M_1636,Other
1637,booknlp,COREF,131,I,85582,85583,8,431,5,M_1637,Other
1638,exp,exp_name,miss lavish,Miss Lavish,85745,85756,8,432,5,M_1638,PROPN
1639,booknlp,COREF,131,her,85807,85810,8,432,5,M_1639,Other
1640,pdnc,qID,Q303-0,She ,85864,85868,8,433,5,M_1640,Other
1641,booknlp,COREF,115,my,85871,85873,6,433,5,M_1641,Other
1642,exp,exp_name,miss bartlett,Miss Bartlett,85911,85924,6,433,5,M_1642,PROPN
1643,booknlp,COREF,115,me,85951,85953,6,433,5,M_1643,Other
1644,exp,exp_name,lucy,Lucy,86017,86021,4,434,5,M_1644,PROPN
1645,booknlp,COREF,116,her,86043,86046,4,434,5,M_1645,Other
1646,booknlp,COREF,116,Her,86085,86088,4,434,5,M_1646,Other
1647,booknlp,COREF,116,she,86139,86142,4,434,5,M_1647,Other
1648,exp,exp_name,miss lavish,Miss Lavish,86157,86168,8,434,5,M_1648,PROPN
1649,booknlp,COREF,116,her,86173,86176,4,434,5,M_1649,Other
1650,pdnc,qID,Q304-0,She,86204,86207,8,435,5,M_1650,Other
1651,exp,exp_name,miss bartlett,Miss Bartlett,86281,86294,6,435,5,M_1651,PROPN
1652,pdnc,qID,Q304-1,her,86349,86352,8,435,5,M_1652,Other
1653,pdnc,qID,Q304-1,We,86354,86356,6,435,5,M_1653,Other
1654,pdnc,qID,Q304-1,She,86384,86387,8,435,5,M_1654,Other
1655,pdnc,qID,Q304-1,She,86438,86441,8,435,5,M_1655,Other
1656,booknlp,COREF,115,me,86447,86449,6,435,5,M_1656,Other
1657,pdnc,qID,Q304-1,she,86460,86463,8,435,5,M_1657,Other
1658,pdnc,qID,Q304-1,Mr. Eager,86508,86517,49,435,5,M_1658,PROPN
1659,booknlp,COREF,779,me,86575,86577,49,436,5,M_1659,Other
1660,exp,exp_name,the chaplain,the chaplain,86585,86597,49,436,5,M_1660,PROPN
1661,booknlp,COREF,779,I,86612,86613,49,436,5,M_1661,Other
1662,pdnc,qID,Q305-1,you ,86633,86637,6,436,5,M_1662,Other
1663,pdnc,qID,Q305-1,Miss Honeychurch,86641,86657,4,436,5,M_1663,PROPN
1664,pdnc,qID,Q306-0,Miss Lavish,86706,86717,8,437,5,M_1664,PROPN
1665,booknlp,COREF,779,His,86721,86724,49,438,5,M_1665,Other
1666,booknlp,COREF,115,I,86747,86748,6,439,5,M_1666,Other
1667,pdnc,qID,Q307-0,you,86759,86762,6,439,5,M_1667,Other
1668,booknlp,COREF,115,I,86906,86907,6,439,5,M_1668,Other
1669,pdnc,qID,Q308-0,you,86948,86951,6,439,5,M_1669,Other
1670,pdnc,qID,Q308-0,Miss Honeychurch,86956,86972,4,439,5,M_1670,PROPN
1671,booknlp,COREF,115,me,86993,86995,6,439,5,M_1671,Other
1672,exp,exp_name,miss bartlett,Miss Bartlett,87494,87507,6,440,5,M_1672,PROPN
1673,booknlp,COREF,115,she,87551,87554,6,440,5,M_1673,Other
1674,exp,exp_name,mr. eager,Mr. Eager,87565,87574,49,440,5,M_1674,PROPN
1675,booknlp,COREF,148,He,87604,87606,49,440,5,M_1675,Other
1676,booknlp,COREF,148,He,87680,87682,49,440,5,M_1676,Other
1677,exp,exp_name,the chaplain,the chaplain,88236,88248,49,441,5,M_1677,PROPN
1678,booknlp,COREF,779,his,88307,88310,49,441,5,M_1678,Other
1679,booknlp,COREF,779,he,88317,88319,49,441,5,M_1679,Other
1680,booknlp,COREF,779,his,88356,88359,49,441,5,M_1680,Other
1681,booknlp,COREF,779,his,88393,88396,49,441,5,M_1681,Other
1682,exp,exp_name,lucy,Lucy,88588,88592,4,441,5,M_1682,PROPN
1683,exp,exp_name,lucy,Lucy,88629,88633,4,442,5,M_1683,PROPN
1684,exp,exp_name,mr. eager,Mr. Eager,88738,88747,49,442,5,M_1684,PROPN
1685,exp,exp_name,miss bartlett,Miss Bartlett,88752,88765,6,442,5,M_1685,PROPN
1686,booknlp,COREF,115,She,88851,88854,6,442,5,M_1686,Other
1687,exp,exp_name,charlotte,Charlotte,88878,88887,6,442,5,M_1687,PROPN
1688,booknlp,COREF,115,she,88916,88919,6,442,5,M_1688,Other
1689,exp,exp_name,mr. beebe,Mr. Beebe,88931,88940,10,442,5,M_1689,PROPN
1690,booknlp,COREF,115,her,88961,88964,6,442,5,M_1690,Other
1691,exp,exp_name,the chaplain,the chaplain,89033,89045,49,443,5,M_1691,PROPN
1692,booknlp,COREF,779,I,89268,89269,49,445,5,M_1692,Other
1693,exp,exp_name,miss bartlett,Miss Bartlett,89491,89504,6,446,5,M_1693,PROPN
1694,pdnc,qID,Q311-1,Miss Honeychurch,89507,89523,4,446,5,M_1694,PROPN
1695,pdnc,qID,Q311-1,She,89571,89574,4,446,5,M_1695,Other
1696,booknlp,COREF,115,She,89609,89612,6,446,5,M_1696,Other
1697,exp,exp_name,lucy,Lucy,89624,89628,4,446,5,M_1697,PROPN
1698,pdnc,qID,Q312-0,you,89664,89667,4,447,5,M_1698,Other
1699,exp,exp_name,the chaplain,the chaplain,89681,89693,49,447,5,M_1699,PROPN
1700,exp,exp_name,miss bartlett,Miss Bartlett,89707,89720,6,448,5,M_1700,PROPN
1701,pdnc,qID,Q313-0,her,89783,89786,4,448,5,M_1701,Other
1702,pdnc,qID,Q313-0,Mr. Eager,89796,89805,49,448,5,M_1702,PROPN
1703,booknlp,COREF,779,mine,89820,89824,49,448,5,M_1703,Other
1704,booknlp,COREF,115,I,89826,89827,6,448,5,M_1704,Other
1705,pdnc,qID,Q313-0,her,89833,89836,4,448,5,M_1705,Other
1706,pdnc,qID,Q314-0,you,89857,89860,4,449,5,M_1706,Other
1707,pdnc,qID,Q314-0,Miss Honeychurch,89878,89894,4,449,5,M_1707,PROPN
1708,booknlp,COREF,779,His,89897,89900,49,449,5,M_1708,Other
1709,booknlp,COREF,779,His,90024,90027,49,449,5,M_1709,Other
1710,booknlp,COREF,116,her,90075,90078,4,449,5,M_1710,Other
1711,booknlp,COREF,116,her,90088,90091,4,449,5,M_1711,Other
1712,pdnc,qID,Q316-0,her,90165,90168,4,451,5,M_1712,Other
1713,exp,exp_name,miss bartlett,Miss Bartlett,90181,90194,6,451,5,M_1713,PROPN
1714,pdnc,qID,Q317-0,her,90248,90251,4,452,5,M_1714,Other
1715,booknlp,COREF,779,I,90298,90299,49,452,5,M_1715,Other
1716,booknlp,COREF,116,you,90322,90325,4,452,5,M_1716,Other
1717,booknlp,COREF,116,your,90357,90361,4,452,5,M_1717,Other
1718,exp,exp_name,lucy,Lucy,90404,90408,4,453,5,M_1718,PROPN
1719,exp,exp_name,george emerson,George Emerson,90539,90553,2,453,5,M_1719,PROPN
1720,booknlp,COREF,116,I,90618,90619,4,454,5,M_1720,Other
1721,booknlp,COREF,116,her,90634,90637,4,454,5,M_1721,Other
1722,pdnc,qID,Q319-0,you,90651,90654,4,455,5,M_1722,Other
1723,pdnc,qID,Q319-0,your ,90659,90664,4,455,5,M_1723,Other
1724,pdnc,qID,Q321-0,you,90725,90728,4,457,5,M_1724,Other
1725,pdnc,qID,Q321-0,You,90735,90738,4,457,5,M_1725,Other
1726,pdnc,qID,Q321-0,This man,90819,90827,58,457,5,M_1726,Other
1727,exp,exp_name,vendor of photographs,vendor of photographs,90965,90986,58,458,5,M_1727,PROPN
1728,exp,exp_name,lucy,Lucy,91006,91010,4,458,5,M_1728,PROPN
1729,exp,exp_name,miss bartlett,Miss Bartlett,91096,91109,6,458,5,M_1729,PROPN
1730,exp,exp_name,mr. eager,Mr. Eager,91114,91123,49,458,5,M_1730,PROPN
1731,exp,exp_name,the chaplain,the chaplain,91239,91251,49,459,5,M_1731,PROPN
1732,booknlp,COREF,116,She,91306,91309,4,459,5,M_1732,Other
1733,booknlp,COREF,115,I,91437,91438,6,460,5,M_1733,Other
1734,exp,exp_name,miss bartlett,Miss Bartlett,91457,91470,6,460,5,M_1734,PROPN
1735,exp,exp_name,mr. eager,Mr. Eager,91492,91501,49,461,5,M_1735,PROPN
1736,exp,exp_name,mr. eager,Mr. Eager,91667,91676,49,462,5,M_1736,PROPN
1737,exp,exp_name,lucy,Lucy,91759,91763,4,462,5,M_1737,PROPN
1738,booknlp,COREF,116,she,91775,91778,4,462,5,M_1738,Other
1739,exp,exp_name,the chaplain,the chaplain,92063,92075,49,463,5,M_1739,PROPN
1740,exp,exp_name,lucy,Lucy,92644,92648,4,464,5,M_1740,PROPN
1741,booknlp,COREF,116,She,92650,92653,4,464,5,M_1741,Other
1742,exp,exp_name,miss lavish,Miss Lavish,92692,92703,8,464,5,M_1742,PROPN
1743,exp,exp_name,mr. eager,Mr. Eager,92711,92720,49,464,5,M_1743,PROPN
1744,booknlp,COREF,116,she,92722,92725,4,464,5,M_1744,Other
1745,booknlp,COREF,116,her,92763,92766,4,464,5,M_1745,Other
1746,booknlp,COREF,116,she,92768,92771,4,464,5,M_1746,Other
1747,booknlp,COREF,116,She,92819,92822,4,464,5,M_1747,Other
1748,exp,exp_name,miss lavish,Miss Lavish,92836,92847,8,464,5,M_1748,PROPN
1749,booknlp,COREF,116,She,92868,92871,4,464,5,M_1749,Other
1750,exp,exp_name,mr. eager,Mr. Eager,92885,92894,49,464,5,M_1750,PROPN
1751,booknlp,COREF,116,she,92938,92941,4,464,5,M_1751,Other
1752,exp,exp_name,charlotte,Charlotte,93037,93046,6,464,5,M_1752,PROPN
1753,exp,exp_name,charlotte,Charlotte,93055,93064,6,464,5,M_1753,PROPN
1754,booknlp,COREF,115,she,93065,93068,6,464,5,M_1754,Other
1755,booknlp,COREF,116,her,93126,93129,4,464,5,M_1755,Other
1756,booknlp,COREF,116,her,93157,93160,4,464,5,M_1756,Other
1757,exp,exp_name,the son,The son,93164,93171,35,465,5,M_1757,PROPN
1758,booknlp,COREF,115,I,93187,93188,6,465,5,M_1758,Other
1759,booknlp,COREF,115,I,93321,93322,6,465,5,M_1759,Other
1760,exp,exp_name,miss bartlett,Miss Bartlett,93444,93457,6,467,5,M_1760,PROPN
1761,exp,exp_name,mr. eager,Mr. Eager,93529,93538,49,468,5,M_1761,PROPN
1762,pdnc,qID,Q327-0,he,93809,93811,11,469,5,M_1762,Other
1763,exp,exp_name,miss bartlett,Miss Bartlett,93831,93844,6,469,5,M_1763,PROPN
1764,pdnc,qID,Q328-0,He,93854,93856,11,470,5,M_1764,Other
1765,pdnc,qID,Q328-0,he,93865,93867,11,470,5,M_1765,Other
1766,booknlp,COREF,148,He,93901,93903,49,471,5,M_1766,Other
1767,pdnc,qID,Q329-0,he,93986,93988,11,472,5,M_1767,Other
1768,pdnc,qID,Q330-0,Miss Bartlett,94010,94023,6,473,5,M_1768,PROPN
1769,booknlp,COREF,148,I,94031,94032,49,473,5,M_1769,Other
1770,booknlp,COREF,148,I,94045,94046,49,473,5,M_1770,Other
1771,pdnc,qID,Q330-0,he,94058,94060,11,473,5,M_1771,Other
1772,booknlp,COREF,148,me,94088,94090,49,473,5,M_1772,Other
1773,booknlp,COREF,148,me,94139,94141,49,473,5,M_1773,Other
1774,pdnc,qID,Q330-0,He,94143,94145,11,473,5,M_1774,Other
1775,booknlp,COREF,148,my,94153,94155,49,473,5,M_1775,Other
1776,pdnc,qID,Q330-0,he,94215,94217,11,473,5,M_1776,Other
1777,pdnc,qID,Q330-0,Miss Honeychurch,94227,94243,4,473,5,M_1777,PROPN
1778,booknlp,COREF,148,I,94245,94246,49,473,5,M_1778,Other
1779,pdnc,qID,Q330-0,him,94255,94258,11,473,5,M_1779,Other
1780,pdnc,qID,Q330-0,him,94264,94267,11,473,5,M_1780,Other
1781,pdnc,qID,Q330-0,he,94280,94282,11,473,5,M_1781,Other
1782,exp,exp_name,lucy,Lucy,94330,94334,4,474,5,M_1782,PROPN
1783,exp,exp_name,mr. eager,Mr. Eager,94366,94375,49,475,5,M_1783,PROPN
1784,booknlp,COREF,148,He,94378,94380,49,476,5,M_1784,Other
1785,booknlp,COREF,148,he,94442,94444,49,476,5,M_1785,Other
1786,booknlp,COREF,148,his,94460,94463,49,476,5,M_1786,Other
1787,booknlp,COREF,148,he,94483,94485,49,476,5,M_1787,Other
1788,exp,exp_name,miss bartlett,Miss Bartlett,94500,94513,6,476,5,M_1788,PROPN
1789,exp,exp_name,lucy,Lucy,94550,94554,4,476,5,M_1789,PROPN
1790,booknlp,COREF,116,she,94563,94566,4,476,5,M_1790,Other
1791,pdnc,qID,Q333-0,you,94663,94666,49,477,5,M_1791,Other
1792,booknlp,COREF,116,she,94674,94677,4,477,5,M_1792,Other
1793,pdnc,qID,Q333-1,he,94691,94693,11,477,5,M_1793,Other
1794,pdnc,qID,Q334-0,Lucy,94742,94746,4,478,5,M_1794,PROPN
1795,pdnc,qID,Q334-0,dear,94748,94752,4,478,5,M_1795,Other
1796,exp,exp_name,miss bartlett,Miss Bartlett,94761,94774,6,478,5,M_1796,PROPN
1797,booknlp,COREF,115,her,94793,94796,6,478,5,M_1797,Other
1798,pdnc,qID,Q335-0,you,94847,94850,4,479,5,M_1798,Other
1799,pdnc,qID,Q335-0,The boy,94861,94868,2,479,5,M_1799,Other
1800,pdnc,qID,Q335-0,his,94932,94935,2,479,5,M_1800,Other
1801,pdnc,qID,Q335-0,his,94950,94953,2,479,5,M_1801,Other
1802,pdnc,qID,Q335-0,him,94988,94991,2,479,5,M_1802,Other
1803,exp,exp_name,miss bartlett,Miss Bartlett,95011,95024,6,480,5,M_1803,PROPN
1804,exp,exp_name,mr. eager,Mr. Eager,95099,95108,49,481,5,M_1804,PROPN
1805,booknlp,COREF,148,I,95118,95119,49,481,5,M_1805,Other
1806,exp,exp_name,lucy,Lucy,95158,95162,4,481,5,M_1806,PROPN
1807,booknlp,COREF,116,her,95227,95230,4,481,5,M_1807,Other
1808,pdnc,qID,Q338-0,You,95239,95242,49,482,5,M_1808,Other
1809,booknlp,COREF,148,my,95276,95278,49,483,5,M_1809,Other
1810,booknlp,COREF,148,his,95314,95317,49,483,5,M_1810,Other
1811,booknlp,COREF,148,He,95333,95335,49,484,5,M_1811,Other
1812,exp,exp_name,the girl,the girl,95357,95365,19,484,5,M_1812,PROPN
1813,booknlp,COREF,148,him,95375,95378,49,484,5,M_1813,Other
1814,booknlp,COREF,332,She,95403,95406,19,484,5,M_1814,Other
1815,booknlp,COREF,148,him,95422,95425,49,484,5,M_1815,Other
1816,booknlp,COREF,332,her,95449,95452,19,484,5,M_1816,Other
1817,booknlp,COREF,148,He,95476,95478,49,484,5,M_1817,Other
1818,booknlp,COREF,332,her,95488,95491,19,484,5,M_1818,Other
1819,booknlp,COREF,332,her,95525,95528,19,484,5,M_1819,Other
1820,booknlp,COREF,332,she,95559,95562,19,484,5,M_1820,Other
1821,booknlp,COREF,148,him,95581,95584,49,484,5,M_1821,Other
1822,pdnc,qID,Q340-0,you,95599,95602,4,485,5,M_1822,Other
1823,booknlp,COREF,148,he,95618,95620,49,485,5,M_1823,Other
1824,pdnc,qID,Q340-1,That man,95637,95645,11,485,5,M_1824,Other
1825,pdnc,qID,Q340-1,his wife,95655,95663,16,485,5,M_1825,Other
1826,booknlp,COREF,332,she,95674,95677,19,486,5,M_1826,Other
1827,pdnc,qID,Q342-0,he,95718,95720,11,487,5,M_1827,Other
1828,booknlp,COREF,148,me,95790,95792,49,487,5,M_1828,Other
1829,pdnc,qID,Q343-0,Mr. Eager,95809,95818,49,488,5,M_1829,PROPN
1830,booknlp,COREF,148,I,95846,95847,49,489,5,M_1830,Other
1831,booknlp,COREF,148,me,95880,95882,49,489,5,M_1831,Other
1832,pdnc,qID,Q344-0,you,95886,95889,4,489,5,M_1832,Other
1833,booknlp,COREF,148,I,95895,95896,49,489,5,M_1833,Other
1834,pdnc,qID,Q344-0,you,95949,95952,4,489,5,M_1834,Other
1835,booknlp,COREF,116,I,95969,95970,4,490,5,M_1835,Other
1836,exp,exp_name,lucy,Lucy,95999,96003,4,490,5,M_1836,PROPN
1837,booknlp,COREF,116,her,96012,96015,4,490,5,M_1837,Other
1838,booknlp,COREF,116,me,96089,96091,4,490,5,M_1838,Other
1839,pdnc,qID,Q346-0,you,96106,96109,49,491,5,M_1839,Other
1840,pdnc,qID,Q346-0,she,96116,96119,4,491,5,M_1840,Other
1841,exp,exp_name,miss bartlett,Miss Bartlett,96146,96159,6,491,5,M_1841,PROPN
1842,pdnc,qID,Q347-0,She,96241,96244,4,492,5,M_1842,Other
1843,pdnc,qID,Q347-0,that man,96273,96281,11,492,5,M_1843,Other
1844,pdnc,qID,Q347-0,his wife,96295,96303,16,492,5,M_1844,Other
1845,exp,exp_name,the chaplain,the chaplain,96365,96377,49,493,5,M_1845,PROPN
1846,exp,exp_name,miss bartlett,Miss Bartlett,96504,96517,6,493,5,M_1846,PROPN
1847,booknlp,COREF,779,I,96590,96591,49,494,5,M_1847,Other
1848,booknlp,COREF,779,he,96613,96615,49,494,5,M_1848,Other
1849,booknlp,COREF,779,his,96626,96629,49,494,5,M_1849,Other
1850,booknlp,COREF,779,his,96650,96653,49,494,5,M_1850,Other
1851,exp,exp_name,miss bartlett,Miss Bartlett,96662,96675,6,495,5,M_1851,PROPN
1852,booknlp,COREF,779,him,96684,96687,49,495,5,M_1852,Other
1853,booknlp,COREF,779,his,96692,96695,49,495,5,M_1853,Other
1854,exp,exp_name,lucy,Lucy,96799,96803,4,497,5,M_1854,PROPN
1855,booknlp,COREF,116,her,96820,96823,4,497,5,M_1855,Other
1856,exp,exp_name,mr. eager,Mr. Eager,96880,96889,49,497,5,M_1856,PROPN
1857,exp,exp_name,the girl,the girl,96935,96943,19,498,5,M_1857,PROPN
1858,booknlp,COREF,779,he,96956,96958,49,498,5,M_1858,Other
1859,pdnc,qID,Q350-1,Mr. Beebe,97016,97025,10,498,5,M_1859,PROPN
1860,booknlp,COREF,119,he,97062,97064,10,498,5,M_1860,Other
1861,booknlp,COREF,119,him,97122,97125,10,498,5,M_1861,Other
1862,exp,exp_name,miss bartlett,Miss Bartlett,97163,97176,6,499,5,M_1862,PROPN
1863,pdnc,qID,Q351-0,dear,97295,97299,4,500,5,M_1863,Other
1864,pdnc,qID,Q351-0,Mr. Beebe,97321,97330,10,500,5,M_1864,PROPN
1865,exp,exp_name,mr. eager,Mr. Eager,97346,97355,49,500,5,M_1865,PROPN
1866,pdnc,qID,Q351-0,Mr. Beebe,97404,97413,10,500,5,M_1866,PROPN
1867,booknlp,COREF,332,I,97420,97421,19,500,5,M_1867,Other
1868,pdnc,qID,Q353-0,Mr. Beebe,97471,97480,10,502,5,M_1868,PROPN
1869,pdnc,qID,Q353-0,Eleanor Lavish,97491,97505,8,502,5,M_1869,PROPN
1870,exp,exp_name,mr. eager,Mr. Eager,97570,97579,49,504,5,M_1870,PROPN
1871,pdnc,qID,Q355-0,Eleanor,97594,97601,8,504,5,M_1871,Other
1872,pdnc,qID,Q355-0,She,97603,97606,8,504,5,M_1872,Other
1873,pdnc,qID,Q355-0,herself,97616,97623,8,504,5,M_1873,Other
1874,pdnc,qID,Q355-0,she,97649,97652,8,504,5,M_1874,Other
1875,pdnc,qID,Q355-0,him,97679,97682,49,504,5,M_1875,Other
1876,exp,exp_name,lucy,Lucy,97743,97747,4,505,5,M_1876,PROPN
1877,booknlp,COREF,116,her,97884,97887,4,505,5,M_1877,Other
1878,booknlp,COREF,116,her,98151,98154,4,505,5,M_1878,Other
1879,booknlp,COREF,116,her,98182,98185,4,505,5,M_1879,Other
1880,exp,exp_name,charlotte,Charlotte,98322,98331,6,506,5,M_1880,PROPN
1881,booknlp,COREF,116,she,98548,98551,4,506,5,M_1881,Other
1882,booknlp,COREF,116,she,98571,98574,4,506,5,M_1882,Other
1883,booknlp,COREF,116,her,98706,98709,4,506,5,M_1883,Other
1884,booknlp,COREF,116,She,98716,98719,4,506,5,M_1884,Other
1885,booknlp,COREF,116,she,98857,98860,4,506,5,M_1885,Other
1886,booknlp,COREF,116,she,98868,98871,4,506,5,M_1886,Other
1887,pdnc,qID,Q357-0,Mr. Beebe,98897,98906,10,506,5,M_1887,PROPN
1888,pdnc,qID,Q357-0,Mr. Eager,98926,98935,49,506,5,M_1888,PROPN
1889,pdnc,qID,Q357-0,Mr. Eager,98940,98949,49,506,5,M_1889,PROPN
1890,pdnc,qID,Q357-0,he,98966,98968,49,506,5,M_1890,Other
1891,pdnc,qID,Q357-0,us,98974,98976,6,506,5,M_1891,Other
1892,pdnc,qID,Q357-0,Eleanor,99016,99023,8,506,5,M_1892,Other
1893,pdnc,qID,Q357-0,you,99113,99116,4,506,5,M_1893,Other
1894,booknlp,COREF,116,I,99135,99136,4,506,5,M_1894,Other
1895,pdnc,qID,Q357-0,You,99168,99171,4,506,5,M_1895,Other
1896,booknlp,COREF,116,I,99209,99210,4,506,5,M_1896,Other
1897,pdnc,qID,Q357-0,Eleanor,99215,99222,8,506,5,M_1897,Other
1898,exp,exp_name,the girl,the girl,99332,99340,19,507,5,M_1898,PROPN
1899,pdnc,qID,Q359-0,you,99393,99396,4,508,5,M_1899,Other
1900,exp,exp_name,miss bartlett,Miss Bartlett,99420,99433,6,508,5,M_1900,PROPN
1901,booknlp,COREF,115,her,99479,99482,6,508,5,M_1901,Other
1902,booknlp,COREF,116,I,99492,99493,4,509,5,M_1902,Other
1903,booknlp,COREF,116,I,99510,99511,4,509,5,M_1903,Other
1904,booknlp,COREF,116,I,99528,99529,4,509,5,M_1904,Other
1905,pdnc,qID,Q361-0,dear,99543,99547,4,510,5,M_1905,Other
1906,pdnc,qID,Q361-0,Lucy,99549,99553,4,510,5,M_1906,PROPN
1907,pdnc,qID,Q361-0,you,99587,99590,4,510,5,M_1907,Other
1908,pdnc,qID,Q361-0,you,99616,99619,4,510,5,M_1908,Other
1909,pdnc,qID,Q361-0,you,99639,99642,4,510,5,M_1909,Other
1910,pdnc,qID,Q362-0,you,99688,99691,6,511,5,M_1910,Other
1911,pdnc,qID,Q362-0,Charlotte,99693,99702,6,511,5,M_1911,PROPN
1912,exp,exp_name,lucy,Lucy,99710,99714,4,511,5,M_1912,PROPN
1913,booknlp,COREF,116,her,99769,99772,4,512,5,M_1913,Other
1914,booknlp,COREF,116,her,99797,99800,4,512,5,M_1914,Other
1915,booknlp,COREF,116,her,99850,99853,4,512,5,M_1915,Other
1916,booknlp,COREF,116,her,99881,99884,4,512,5,M_1916,Other
1917,booknlp,COREF,116,She,99912,99915,4,512,5,M_1917,Other
1918,exp,exp_name,sir harry otway,Sir Harry Otway,100172,100187,21,512,5,M_1918,PROPN
1919,booknlp,COREF,116,She,100189,100192,4,512,5,M_1919,Other
1920,booknlp,COREF,116,her,100229,100232,4,512,5,M_1920,Other
1921,booknlp,COREF,116,she,100245,100248,4,512,5,M_1921,Other
1922,booknlp,COREF,116,her,100314,100317,4,512,5,M_1922,Other
1923,booknlp,COREF,116,her,100427,100430,4,512,5,M_1923,Other
1924,exp,exp_name,miss bartlett,Miss Bartlett,100571,100584,6,513,5,M_1924,PROPN
1925,pdnc,qID,Q364-0,Mrs. Vyse,100588,100597,18,514,5,M_1925,PROPN
1926,pdnc,qID,Q364-0,her son,100602,100609,0,514,5,M_1926,Other
1927,exp,exp_name,lucy,Lucy,100635,100639,4,514,5,M_1927,PROPN
1928,booknlp,COREF,116,her,100673,100676,4,514,5,M_1928,Other
1929,pdnc,qID,Q364-1,you,100688,100691,6,514,5,M_1929,Other
1930,booknlp,COREF,116,my,100836,100838,4,516,5,M_1930,Other
1931,pdnc,qID,Q366-0,you,100875,100878,6,516,5,M_1931,Other
1932,booknlp,COREF,116,I,100902,100903,4,517,5,M_1932,Other
1933,exp,exp_name,nature,Nature,101515,101521,29,518,5,M_1933,PROPN
1934,pdnc,qID,Q368-0,Charlotte,101574,101583,6,519,5,M_1934,PROPN
1935,exp,exp_name,the girl,the girl,101592,101600,19,519,5,M_1935,PROPN
1936,booknlp,COREF,332,I,101703,101704,19,519,5,M_1936,Other
1937,booknlp,COREF,332,I,101718,101719,19,519,5,M_1937,Other
1938,booknlp,COREF,332,I,101726,101727,19,519,5,M_1938,Other
1939,pdnc,qID,Q368-1,you,101752,101755,6,519,5,M_1939,Other
1940,pdnc,qID,Q368-1,you,101761,101764,6,519,5,M_1940,Other
1941,exp,exp_name,miss bartlett,Miss Bartlett,101806,101819,6,520,5,M_1941,PROPN
1942,pdnc,qID,Q369-0,you,101857,101860,4,521,5,M_1942,Other
1943,pdnc,qID,Q369-0,your,101902,101906,4,521,5,M_1943,Other
1944,exp,exp_name,arthur,Arthur,102060,102066,10,523,6,M_1944,PROPN
1945,exp,exp_name,beebe,Beebe,102067,102072,5,523,6,M_1945,PROPN
1946,exp,exp_name,mr. emerson,Mr. Emerson,102103,102114,11,523,6,M_1946,PROPN
1947,exp,exp_name,george emerson,George Emerson,102120,102134,2,523,6,M_1947,PROPN
1948,exp,exp_name,eleanor,Eleanor,102141,102148,8,523,6,M_1948,PROPN
1949,exp,exp_name,lavish,Lavish,102149,102155,8,523,6,M_1949,PROPN
1950,exp,exp_name,charlotte,Charlotte,102162,102171,6,523,6,M_1950,PROPN
1951,exp,exp_name,bartlett,Bartlett,102172,102180,6,523,6,M_1951,PROPN
1952,exp,exp_name,lucy,Lucy,102191,102195,4,523,6,M_1952,PROPN
1953,exp,exp_name,honeychurch,Honeychurch,102196,102207,1,523,6,M_1953,PROPN
1954,exp,exp_name,phaethon,Phaethon,102275,102283,44,524,6,M_1954,PROPN
1955,booknlp,COREF,180,his,102387,102390,44,524,6,M_1955,Other
1956,exp,exp_name,mr. beebe,Mr. Beebe,102426,102435,10,524,6,M_1956,PROPN
1957,booknlp,COREF,180,him,102447,102450,44,524,6,M_1957,Other
1958,booknlp,COREF,180,him,102519,102522,44,524,6,M_1958,Other
1959,booknlp,COREF,180,he,102524,102526,44,524,6,M_1959,Other
1960,exp,exp_name,phaethon,Phaethon,102531,102539,44,524,6,M_1960,PROPN
1961,exp,exp_name,persephone,Persephone,102577,102587,19,524,6,M_1961,PROPN
1962,booknlp,COREF,119,he,102593,102595,10,524,6,M_1962,Other
1963,booknlp,COREF,181,she,102643,102646,19,524,6,M_1963,Other
1964,booknlp,COREF,119,his,102651,102654,10,524,6,M_1964,Other
1965,exp,exp_name,persephone,Persephone,102663,102673,19,524,6,M_1965,PROPN
1966,booknlp,COREF,181,her,102731,102734,19,524,6,M_1966,Other
1967,booknlp,COREF,181,her,102771,102774,19,524,6,M_1967,Other
1968,booknlp,COREF,181,her,102812,102815,19,524,6,M_1968,Other
1969,exp,exp_name,mr. eager,Mr. Eager,102816,102825,49,524,6,M_1969,PROPN
1970,exp,exp_name,phaethon,Phaethon,103066,103074,44,525,6,M_1970,PROPN
1971,booknlp,COREF,181,her,103110,103113,19,525,6,M_1971,Other
1972,booknlp,COREF,180,himself,103134,103141,44,525,6,M_1972,Other
1973,booknlp,COREF,180,his,103156,103159,44,525,6,M_1973,Other
1974,booknlp,COREF,181,her,103170,103173,19,525,6,M_1974,Other
1975,booknlp,COREF,181,She,103181,103184,19,525,6,M_1975,Other
1976,exp,exp_name,mr. eager,Mr. Eager,103199,103208,49,525,6,M_1976,PROPN
1977,booknlp,COREF,148,his,103223,103226,49,525,6,M_1977,Other
1978,booknlp,COREF,148,his,103303,103306,49,525,6,M_1978,Other
1979,exp,exp_name,lucy,Lucy,103325,103329,4,525,6,M_1979,PROPN
1980,exp,exp_name,old mr. emerson,old Mr. Emerson,103376,103391,11,525,6,M_1980,PROPN
1981,exp,exp_name,miss lavish,Miss Lavish,103396,103407,8,525,6,M_1981,PROPN
1982,exp,exp_name,mr. beebe,Mr. Beebe,103444,103453,10,525,6,M_1982,PROPN
1983,exp,exp_name,mr. eager,Mr. Eager,103474,103483,49,525,6,M_1983,PROPN
1984,exp,exp_name,miss bartlett,Miss Bartlett,103531,103544,6,525,6,M_1984,PROPN
1985,exp,exp_name,miss lavish,Miss Lavish,103549,103560,8,525,6,M_1985,PROPN
1986,exp,exp_name,miss lavish,Miss Lavish,103697,103708,8,525,6,M_1986,PROPN
1987,exp,exp_name,lucy,Lucy,103721,103725,4,525,6,M_1987,PROPN
1988,exp,exp_name,miss bartlett,Miss Bartlett,103733,103746,6,525,6,M_1988,PROPN
1989,exp,exp_name,george emerson,George Emerson,103753,103767,2,525,6,M_1989,PROPN
1990,exp,exp_name,mr. beebe,Mr. Beebe,103772,103781,10,525,6,M_1990,PROPN
1991,exp,exp_name,lucy,Lucy,103958,103962,4,526,6,M_1991,PROPN
1992,exp,exp_name,miss bartlett,Miss Bartlett,103967,103980,6,526,6,M_1992,PROPN
1993,exp,exp_name,mr. beebe,Mr. Beebe,104017,104026,10,526,6,M_1993,PROPN
1994,booknlp,COREF,119,his,104126,104129,10,526,6,M_1994,Other
1995,booknlp,COREF,119,his,104186,104189,10,526,6,M_1995,Other
1996,exp,exp_name,lucy,Lucy,104205,104209,4,527,6,M_1996,PROPN
1997,exp,exp_name,mr. eager,Mr. Eager,104308,104317,49,527,6,M_1997,PROPN
1998,exp,exp_name,miss lavish,Miss Lavish,104338,104349,8,527,6,M_1998,PROPN
1999,exp,exp_name,old mr. emerson,old Mr. Emerson,104363,104378,11,527,6,M_1999,PROPN
2000,booknlp,COREF,116,She,104470,104473,4,527,6,M_2000,Other
2001,exp,exp_name,fate,Fate,104514,104518,26,527,6,M_2001,PROPN
2002,booknlp,COREF,116,she,104531,104534,4,527,6,M_2002,Other
2003,exp,exp_name,george emerson,George Emerson,104554,104568,2,527,6,M_2003,PROPN
2004,booknlp,COREF,116,She,104657,104660,4,527,6,M_2004,Other
2005,booknlp,COREF,116,she,104686,104689,4,527,6,M_2005,Other
2006,booknlp,COREF,116,she,104716,104719,4,527,6,M_2006,Other
2007,booknlp,COREF,116,her,104804,104807,4,527,6,M_2007,Other
2008,booknlp,COREF,116,she,105168,105171,4,528,6,M_2008,Other
2009,booknlp,COREF,116,She,105380,105383,4,528,6,M_2009,Other
2010,booknlp,COREF,116,she,105455,105458,4,528,6,M_2010,Other
2011,exp,exp_name,george,George,105467,105473,2,528,6,M_2011,PROPN
2012,booknlp,COREF,116,she,105505,105508,4,528,6,M_2012,Other
2013,booknlp,COREF,116,her,105574,105577,4,528,6,M_2013,Other
2014,booknlp,COREF,116,her,105619,105622,4,528,6,M_2014,Other
2015,booknlp,COREF,116,she,105646,105649,4,528,6,M_2015,Other
2016,exp,exp_name,mr. eager,Mr. Eager,105714,105723,49,529,6,M_2016,PROPN
2017,booknlp,COREF,116,her,105729,105732,4,529,6,M_2017,Other
2018,pdnc,qID,Q370-0,Miss Honeychurch,105786,105802,4,530,6,M_2018,PROPN
2019,pdnc,qID,Q370-0,you,105804,105807,4,530,6,M_2019,Other
2020,exp,exp_name,nature,nature,105906,105912,29,532,6,M_2020,PROPN
2021,exp,exp_name,miss lavish,Miss Lavish,105926,105937,8,532,6,M_2021,PROPN
2022,booknlp,COREF,131,myself,105945,105951,8,532,6,M_2022,Other
2023,exp,exp_name,mr. eager,Mr. Eager,106009,106018,49,534,6,M_2023,PROPN
2024,pdnc,qID,Q374-1,you,106025,106028,4,534,6,M_2024,Other
2025,pdnc,qID,Q374-1,you,106040,106043,4,534,6,M_2025,Other
2026,booknlp,COREF,148,me,106059,106061,49,534,6,M_2026,Other
2027,pdnc,qID,Q374-1,you,106096,106099,4,534,6,M_2027,Other
2028,pdnc,qID,Q374-1,You,106462,106465,4,534,6,M_2028,Other
2029,pdnc,qID,Q374-3,you,106655,106658,4,534,6,M_2029,Other
2030,booknlp,COREF,131,I,106675,106676,8,535,6,M_2030,Other
2031,exp,exp_name,miss lavish,Miss Lavish,106696,106707,8,535,6,M_2031,PROPN
2032,pdnc,qID,Q376-0,Miss Honeychurch,106910,106926,4,536,6,M_2032,PROPN
2033,pdnc,qID,Q376-0,Lady Helen Laverstock,107070,107091,47,536,6,M_2033,PROPN
2034,booknlp,COREF,148,I,107130,107131,49,536,6,M_2034,Other
2035,pdnc,qID,Q376-0,her,107140,107143,47,536,6,M_2035,Other
2036,pdnc,qID,Q376-0,her,107172,107175,47,536,6,M_2036,Other
2037,pdnc,qID,Q376-0,you,107199,107202,4,536,6,M_2037,Other
2038,pdnc,qID,Q376-0,you,107222,107225,4,536,6,M_2038,Other
2039,pdnc,qID,Q376-0,you,107251,107254,4,536,6,M_2039,Other
2040,pdnc,qID,Q376-0,She,107266,107269,47,536,6,M_2040,Other
2041,pdnc,qID,Q376-0,her,107402,107405,47,536,6,M_2041,Other
2042,exp,exp_name,miss lavish,Miss Lavish,107523,107534,8,537,6,M_2042,PROPN
2043,booknlp,COREF,131,me,107542,107544,8,537,6,M_2043,Other
2044,exp,exp_name,mr. eager,Mr. Eager,107613,107622,49,538,6,M_2044,PROPN
2045,exp,exp_name,miss honeychurch,Miss Honeychurch,107641,107657,4,538,6,M_2045,PROPN
2046,pdnc,qID,Q378-0,you,107812,107815,4,538,6,M_2046,Other
2047,booknlp,COREF,183,her,107821,107824,47,538,6,M_2047,Other
2048,booknlp,COREF,148,He,107873,107875,49,538,6,M_2048,Other
2049,exp,exp_name,lucy,Lucy,108335,108339,4,539,6,M_2049,PROPN
2050,exp,exp_name,mr. eager,Mr. Eager,108631,108640,49,540,6,M_2050,PROPN
2051,booknlp,COREF,148,his,108659,108662,49,540,6,M_2051,Other
2052,booknlp,COREF,148,his,108673,108676,49,540,6,M_2052,Other
2053,pdnc,qID,Q380-0,signore,108694,108701,49,541,6,M_2053,Other
2054,exp,exp_name,the driver,the driver,108730,108740,44,541,6,M_2054,PROPN
2055,booknlp,COREF,2196,his,108754,108757,44,541,6,M_2055,Other
2056,exp,exp_name,mr. eager,Mr. Eager,108780,108789,49,542,6,M_2056,PROPN
2057,exp,exp_name,miss lavish,Miss Lavish,108794,108805,8,542,6,M_2057,PROPN
2058,exp,exp_name,mr. emerson,Mr. Emerson,109051,109062,11,542,6,M_2058,PROPN
2059,exp,exp_name,the chaplain,the chaplain,109082,109094,49,542,6,M_2059,PROPN
2060,exp,exp_name,lucy,Lucy,109179,109183,4,543,6,M_2060,PROPN
2061,exp,exp_name,phaethon,Phaethon,109236,109244,44,544,6,M_2061,PROPN
2062,exp,exp_name,persephone,Persephone,109294,109304,19,544,6,M_2062,PROPN
2063,exp,exp_name,miss bartlett,Miss Bartlett,109360,109373,6,545,6,M_2063,PROPN
2064,exp,exp_name,the girl,the girl,109523,109531,19,545,6,M_2064,PROPN
2065,pdnc,qID,Q381-0,She,109563,109566,19,546,6,M_2065,Other
2066,exp,exp_name,mr. eager,Mr. Eager,109633,109642,49,547,6,M_2066,PROPN
2067,booknlp,COREF,148,him,109668,109671,49,547,6,M_2067,Other
2068,booknlp,COREF,148,he,109677,109679,49,547,6,M_2068,Other
2069,exp,exp_name,phaethon,Phaethon,109693,109701,44,548,6,M_2069,PROPN
2070,exp,exp_name,mr. emerson,Mr. Emerson,109792,109803,11,548,6,M_2070,PROPN
2071,exp,exp_name,miss lavish,Miss Lavish,109958,109969,8,548,6,M_2071,PROPN
2072,booknlp,COREF,131,I,110066,110067,8,549,6,M_2072,Other
2073,booknlp,COREF,131,she,110088,110091,8,549,6,M_2073,Other
2074,booknlp,COREF,131,I,110104,110105,8,549,6,M_2074,Other
2075,booknlp,COREF,131,I,110115,110116,8,549,6,M_2075,Other
2076,booknlp,COREF,131,I,110146,110147,8,549,6,M_2076,Other
2077,booknlp,COREF,131,my,110201,110203,8,549,6,M_2077,Other
2078,booknlp,COREF,131,I,110223,110224,8,549,6,M_2078,Other
2079,exp,exp_name,mr. eager,Mr. Eager,110273,110282,49,550,6,M_2079,PROPN
2080,booknlp,COREF,148,I,110285,110286,49,550,6,M_2080,Other
2081,exp,exp_name,miss lavish,Miss Lavish,110393,110404,8,551,6,M_2081,PROPN
2082,booknlp,COREF,131,her,110406,110409,8,551,6,M_2082,Other
2083,exp,exp_name,mr. beebe,Mr. Beebe,110491,110500,10,552,6,M_2083,PROPN
2084,exp,exp_name,mr. emerson,Mr. Emerson,110613,110624,11,553,6,M_2084,PROPN
2085,exp,exp_name,the chaplain,the chaplain,110632,110644,49,553,6,M_2085,PROPN
2086,exp,exp_name,miss bartlett,Miss Bartlett,110903,110916,6,554,6,M_2086,PROPN
2087,exp,exp_name,mr. eager,Mr. Eager,110970,110979,49,555,6,M_2087,PROPN
2088,booknlp,COREF,148,himself,111073,111080,49,555,6,M_2088,Other
2089,booknlp,COREF,148,He,111088,111090,49,555,6,M_2089,Other
2090,exp,exp_name,the driver,the driver,111101,111111,44,555,6,M_2090,PROPN
2091,exp,exp_name,mr. eager,Mr. Eager,111249,111258,49,555,6,M_2091,PROPN
2092,pdnc,qID,Q386-0,Signorina,111463,111472,4,556,6,M_2092,PROPN
2093,exp,exp_name,lucy,Lucy,111491,111495,4,556,6,M_2093,PROPN
2094,exp,exp_name,lucy,Lucy,111550,111554,4,556,6,M_2094,PROPN
2095,pdnc,qID,Q387-0,Signorina,111558,111567,4,557,6,M_2095,PROPN
2096,exp,exp_name,persephone,Persephone,111577,111587,19,557,6,M_2096,PROPN
2097,booknlp,COREF,181,her,111591,111594,19,557,6,M_2097,Other
2098,booknlp,COREF,181,She,111615,111618,19,557,6,M_2098,Other
2099,exp,exp_name,persephone,Persephone,111710,111720,19,558,6,M_2099,PROPN
2100,exp,exp_name,mr. eager,Mr. Eager,111769,111778,49,559,6,M_2100,PROPN
2101,booknlp,COREF,148,his,111788,111791,49,559,6,M_2101,Other
2102,exp,exp_name,mr. emerson,Mr. Emerson,111866,111877,11,560,6,M_2102,PROPN
2103,pdnc,qID,Q389-1,You,111894,111897,49,560,6,M_2103,Other
2104,exp,exp_name,mr. eager,Mr. Eager,111939,111948,49,561,6,M_2104,PROPN
2105,booknlp,COREF,148,his,111954,111957,49,561,6,M_2105,Other
2106,booknlp,COREF,148,He,111964,111966,49,561,6,M_2106,Other
2107,exp,exp_name,mr. emerson,Mr. Emerson,111994,112005,11,561,6,M_2107,PROPN
2108,exp,exp_name,lucy,Lucy,112118,112122,4,561,6,M_2108,PROPN
2109,exp,exp_name,miss lavish,Miss Lavish,112319,112330,8,563,6,M_2109,PROPN
2110,pdnc,qID,Q391-0,He,112434,112436,44,564,6,M_2110,Other
2111,booknlp,COREF,131,she,112463,112466,8,564,6,M_2111,Other
2112,pdnc,qID,Q391-1,He,112474,112476,44,564,6,M_2112,Other
2113,pdnc,qID,Q392-0,he,112540,112542,44,565,6,M_2113,Other
2114,pdnc,qID,Q392-0,He,112578,112580,44,565,6,M_2114,Other
2115,pdnc,qID,Q392-0,he,112628,112630,44,565,6,M_2115,Other
2116,pdnc,qID,Q392-0,the girl,112694,112702,19,565,6,M_2116,Other
2117,exp,exp_name,miss lavish,Miss Lavish,112791,112802,8,566,6,M_2117,PROPN
2118,exp,exp_name,mr. eager,Mr. Eager,113156,113165,49,569,6,M_2118,PROPN
2119,exp,exp_name,fate,fate,113220,113224,26,570,6,M_2119,PROPN
2120,booknlp,COREF,148,he,113244,113246,49,570,6,M_2120,Other
2121,booknlp,COREF,148,He,113361,113363,49,571,6,M_2121,Other
2122,pdnc,qID,Q397-0,you,113513,113516,49,571,6,M_2122,Other
2123,exp,exp_name,nature,nature,113566,113572,29,571,6,M_2123,PROPN
2124,booknlp,COREF,148,him,113740,113743,49,572,6,M_2124,Other
2125,exp,exp_name,mr. eager,Mr. Eager,113763,113772,49,572,6,M_2125,PROPN
2126,exp,exp_name,mr. eager,Mr. Eager,114612,114621,49,572,6,M_2126,PROPN
2127,exp,exp_name,miss lavish,Miss Lavish,114646,114657,8,572,6,M_2127,PROPN
2128,exp,exp_name,nature,nature,114665,114671,29,572,6,M_2128,PROPN
2129,exp,exp_name,lucy,Lucy,115132,115136,4,574,6,M_2129,PROPN
2130,exp,exp_name,miss bartlett,Miss Bartlett,115146,115159,6,574,6,M_2130,PROPN
2131,exp,exp_name,miss lavish,Miss Lavish,115164,115175,8,574,6,M_2131,PROPN
2132,exp,exp_name,lucy,Lucy,115436,115440,4,575,6,M_2132,PROPN
2133,exp,exp_name,miss bartlett,Miss Bartlett,115505,115518,6,575,6,M_2133,PROPN
2134,exp,exp_name,george emerson,George Emerson,115533,115547,2,575,6,M_2134,PROPN
2135,booknlp,COREF,115,She,115608,115611,6,575,6,M_2135,Other
2136,booknlp,COREF,115,she,115632,115635,6,575,6,M_2136,Other
2137,booknlp,COREF,115,She,115651,115654,6,575,6,M_2137,Other
2138,booknlp,COREF,115,she,115711,115714,6,575,6,M_2138,Other
2139,exp,exp_name,mr. beebe,Mr. Beebe,115741,115750,10,575,6,M_2139,PROPN
2140,booknlp,COREF,115,she,115796,115799,6,575,6,M_2140,Other
2141,booknlp,COREF,115,her,115851,115854,6,575,6,M_2141,Other
2142,exp,exp_name,miss lavish,Miss Lavish,115890,115901,8,576,6,M_2142,PROPN
2143,booknlp,COREF,131,I,115912,115913,8,576,6,M_2143,Other
2144,booknlp,COREF,115,She,115956,115959,6,576,6,M_2144,Other
2145,booknlp,COREF,115,her,115978,115981,6,576,6,M_2145,Other
2146,pdnc,qID,Q400-0,Eleanor,116048,116055,8,577,6,M_2146,Other
2147,booknlp,COREF,115,her,116080,116083,6,577,6,M_2147,Other
2148,booknlp,COREF,115,I,116144,116145,6,578,6,M_2148,Other
2149,booknlp,COREF,115,me,116162,116164,6,578,6,M_2149,Other
2150,booknlp,COREF,115,my,116168,116170,6,578,6,M_2150,Other
2151,pdnc,qID,Q402-0,Eleanor,116197,116204,8,579,6,M_2151,Other
2152,booknlp,COREF,116,I,116209,116210,4,580,6,M_2152,Other
2153,exp,exp_name,lucy,Lucy,116242,116246,4,580,6,M_2153,PROPN
2154,exp,exp_name,miss lavish,Miss Lavish,116312,116323,8,581,6,M_2154,PROPN
2155,pdnc,qID,Q404-0,Miss Honeychurch,116356,116372,4,582,6,M_2155,PROPN
2156,booknlp,COREF,131,she,116385,116388,8,582,6,M_2156,Other
2157,pdnc,qID,Q404-1,You,116423,116426,4,582,6,M_2157,Other
2158,pdnc,qID,Q405-0,Lucy,116457,116461,4,583,6,M_2158,PROPN
2159,pdnc,qID,Q405-0,you,116463,116466,4,583,6,M_2159,Other
2160,pdnc,qID,Q405-0,Mr. Eager,116484,116493,49,583,6,M_2160,PROPN
2161,booknlp,COREF,131,I,116508,116509,8,584,6,M_2161,Other
2162,booknlp,COREF,131,I,116535,116536,8,584,6,M_2162,Other
2163,exp,exp_name,mr. eager,Mr. Eager,116562,116571,49,585,6,M_2163,PROPN
2164,booknlp,COREF,116,your,116596,116600,4,585,6,M_2164,Other
2165,booknlp,COREF,131,I,116619,116620,8,586,6,M_2165,Other
2166,booknlp,COREF,116,you,116645,116648,4,586,6,M_2166,Other
2167,booknlp,COREF,131,I,116657,116658,8,587,6,M_2167,Other
2168,exp,exp_name,miss lavish,Miss Lavish,116672,116683,8,587,6,M_2168,PROPN
2169,pdnc,qID,Q409-1,Miss Lucy,116756,116765,4,587,6,M_2169,PROPN
2170,pdnc,qID,Q409-1,you,116767,116770,4,587,6,M_2170,Other
2171,booknlp,COREF,116,your,116830,116834,4,587,6,M_2171,Other
2172,exp,exp_name,the girl,The girl,116842,116850,19,588,6,M_2172,PROPN
2173,booknlp,COREF,332,her,116868,116871,19,588,6,M_2173,Other
2174,booknlp,COREF,332,she,116907,116910,19,588,6,M_2174,Other
2175,booknlp,COREF,332,she,116950,116953,19,588,6,M_2175,Other
2176,exp,exp_name,miss lavish,Miss Lavish,116987,116998,8,588,6,M_2176,PROPN
2177,exp,exp_name,charlotte,Charlotte,117028,117037,6,588,6,M_2177,PROPN
2178,booknlp,COREF,332,She,117039,117042,19,588,6,M_2178,Other
2179,booknlp,COREF,332,she,117050,117053,19,588,6,M_2179,Other
2180,booknlp,COREF,332,herself,117082,117089,19,588,6,M_2180,Other
2181,booknlp,COREF,332,her,117117,117120,19,588,6,M_2181,Other
2182,booknlp,COREF,332,her,117164,117167,19,588,6,M_2182,Other
2183,exp,exp_name,miss bartlett,Miss Bartlett,117197,117210,6,589,6,M_2183,PROPN
2184,booknlp,COREF,115,I,117217,117218,6,589,6,M_2184,Other
2185,pdnc,qID,Q410-1,Freddy,117227,117233,1,589,6,M_2185,PROPN
2186,pdnc,qID,Q410-1,your mother,117238,117249,17,589,6,M_2186,Other
2187,exp,exp_name,miss bartlett,Miss Bartlett,117286,117299,6,590,6,M_2187,PROPN
2188,exp,exp_name,lucy,Lucy,117350,117354,4,590,6,M_2188,PROPN
2189,booknlp,COREF,116,She,117388,117391,4,590,6,M_2189,Other
2190,booknlp,COREF,116,she,117422,117425,4,590,6,M_2190,Other
2191,pdnc,qID,Q411-0,you,117455,117458,6,591,6,M_2191,Other
2192,exp,exp_name,miss lavish,Miss Lavish,117471,117482,8,591,6,M_2192,PROPN
2193,booknlp,COREF,131,my,117493,117495,8,591,6,M_2193,Other
2194,booknlp,COREF,131,she,117527,117530,8,592,6,M_2194,Other
2195,booknlp,COREF,131,She,117648,117651,8,592,6,M_2195,Other
2196,pdnc,qID,Q412-0,Lucy,117695,117699,4,593,6,M_2196,PROPN
2197,pdnc,qID,Q412-0,Lucy,117727,117731,4,593,6,M_2197,PROPN
2198,booknlp,COREF,131,me,117756,117758,8,593,6,M_2198,Other
2199,booknlp,COREF,131,I,117767,117768,8,593,6,M_2199,Other
2200,booknlp,COREF,131,I,117807,117808,8,593,6,M_2200,Other
2201,booknlp,COREF,131,I,117830,117831,8,593,6,M_2201,Other
2202,pdnc,qID,Q412-0,your mother,117853,117864,17,593,6,M_2202,Other
2203,booknlp,COREF,131,I,117879,117880,8,593,6,M_2203,Other
2204,pdnc,qID,Q412-0,you,117885,117888,4,593,6,M_2204,Other
2205,booknlp,COREF,116,your,117907,117911,4,593,6,M_2205,Other
2206,booknlp,COREF,131,She,117926,117929,8,593,6,M_2206,Other
2207,booknlp,COREF,131,my,118039,118041,8,593,6,M_2207,Other
2208,pdnc,qID,Q413-0,dear,118108,118112,4,593,6,M_2208,Other
2209,pdnc,qID,Q413-0,you,118114,118117,4,593,6,M_2209,Other
2210,pdnc,qID,Q413-0,you,118137,118140,4,593,6,M_2210,Other
2211,booknlp,COREF,116,yourself,118154,118162,4,593,6,M_2211,Other
2212,booknlp,COREF,131,She,118172,118175,8,593,6,M_2212,Other
2213,booknlp,COREF,131,her,118184,118187,8,593,6,M_2213,Other
2214,booknlp,COREF,131,I,118266,118267,8,593,6,M_2214,Other
2215,exp,exp_name,lucy,Lucy,118416,118420,4,594,6,M_2215,PROPN
2216,exp,exp_name,mr. beebe,Mr. Beebe,118443,118452,10,594,6,M_2216,PROPN
2217,exp,exp_name,mr. eager,Mr. Eager,118457,118466,49,594,6,M_2217,PROPN
2218,booknlp,COREF,116,She,118506,118509,4,595,6,M_2218,Other
2219,booknlp,COREF,116,herself,118520,118527,4,595,6,M_2219,Other
2220,booknlp,COREF,116,her,118690,118693,4,595,6,M_2220,Other
2221,exp,exp_name,lucy,Lucy,118769,118773,4,596,6,M_2221,PROPN
2222,booknlp,COREF,116,her,119021,119024,4,597,6,M_2222,Other
2223,booknlp,COREF,116,she,119163,119166,4,599,6,M_2223,Other
2224,booknlp,COREF,116,her,119240,119243,4,600,6,M_2224,Other
2225,booknlp,COREF,116,her,119281,119284,4,601,6,M_2225,Other
2226,pdnc,qID,Q417-1,you,119336,119339,44,601,6,M_2226,Other
2227,pdnc,qID,Q417-1,Mr. Beebe,119343,119352,10,601,6,M_2227,PROPN
2228,booknlp,COREF,116,She,119389,119392,4,602,6,M_2228,Other
2229,booknlp,COREF,116,her,119629,119632,4,602,6,M_2229,Other
2230,booknlp,COREF,116,her,119935,119938,4,603,6,M_2230,Other
2231,booknlp,COREF,116,She,119964,119967,4,603,6,M_2231,Other
2232,booknlp,COREF,116,she,120089,120092,4,603,6,M_2232,Other
2233,pdnc,qID,Q418-0,she,120230,120233,4,603,6,M_2233,Other
2234,booknlp,COREF,116,She,120638,120641,4,605,6,M_2234,Other
2235,booknlp,COREF,116,her,120659,120662,4,605,6,M_2235,Other
2236,booknlp,COREF,116,her,120728,120731,4,605,6,M_2236,Other
2237,exp,exp_name,mr. eager,Mr. Eager,120824,120833,49,607,6,M_2237,PROPN
2238,booknlp,COREF,116,She,120934,120937,4,607,6,M_2238,Other
2239,booknlp,COREF,116,she,121042,121045,4,607,6,M_2239,Other
2240,booknlp,COREF,116,she,121183,121186,4,609,6,M_2240,Other
2241,booknlp,COREF,116,her,121236,121239,4,609,6,M_2241,Other
2242,booknlp,COREF,116,She,121241,121244,4,609,6,M_2242,Other
2243,booknlp,COREF,116,her,121351,121354,4,610,6,M_2243,Other
2244,booknlp,COREF,116,She,121421,121424,4,611,6,M_2244,Other
2245,booknlp,COREF,116,her,121446,121449,4,611,6,M_2245,Other
2246,booknlp,COREF,116,she,121943,121946,4,612,6,M_2246,Other
2247,exp,exp_name,george,George,121980,121986,2,613,6,M_2247,PROPN
2248,booknlp,COREF,116,her,122014,122017,4,613,6,M_2248,Other
2249,booknlp,COREF,116,her,122056,122059,4,613,6,M_2249,Other
2250,booknlp,COREF,116,her,122120,122123,4,613,6,M_2250,Other
2251,booknlp,COREF,116,her,122162,122165,4,613,6,M_2251,Other
2252,booknlp,COREF,116,her,122255,122258,4,613,6,M_2252,Other
2253,booknlp,COREF,116,she,122268,122271,4,614,6,M_2253,Other
2254,booknlp,COREF,116,she,122299,122302,4,614,6,M_2254,Other
2255,pdnc,qID,Q423-0,Lucy,122332,122336,4,614,6,M_2255,PROPN
2256,pdnc,qID,Q423-0,Lucy,122338,122342,4,614,6,M_2256,PROPN
2257,pdnc,qID,Q423-0,Lucy,122344,122348,4,614,6,M_2257,PROPN
2258,exp,exp_name,miss bartlett,Miss Bartlett,122390,122403,6,614,6,M_2258,PROPN
2259,exp,exp_name,lucy,Lucy,122601,122605,4,616,7,M_2259,PROPN
2260,exp,exp_name,mr. eager,Mr. Eager,122628,122637,49,616,7,M_2260,PROPN
2261,exp,exp_name,charlotte,Charlotte,122675,122684,6,616,7,M_2261,PROPN
2262,booknlp,COREF,148,him,122698,122701,49,616,7,M_2262,Other
2263,exp,exp_name,mr. emerson,Mr. Emerson,122724,122735,11,616,7,M_2263,PROPN
2264,exp,exp_name,mr. beebe,Mr. Beebe,122788,122797,10,616,7,M_2264,PROPN
2265,exp,exp_name,mr. beebe,Mr. Beebe,123134,123143,10,616,7,M_2265,PROPN
2266,booknlp,COREF,119,he,123213,123215,10,616,7,M_2266,Other
2267,exp,exp_name,miss lavish,Miss Lavish,123255,123266,8,616,7,M_2267,PROPN
2268,exp,exp_name,miss bartlett,Miss Bartlett,123276,123289,6,616,7,M_2268,PROPN
2269,exp,exp_name,lucy,Lucy,123291,123295,4,616,7,M_2269,PROPN
2270,exp,exp_name,mr. eager,Mr. Eager,123305,123314,49,616,7,M_2270,PROPN
2271,exp,exp_name,mr. emerson,Mr. Emerson,123316,123327,11,616,7,M_2271,PROPN
2272,exp,exp_name,george,George,123337,123343,2,616,7,M_2272,PROPN
2273,exp,exp_name,miss bartlett,Miss Bartlett,123345,123358,6,616,7,M_2273,PROPN
2274,exp,exp_name,phaethon,Phaethon,123389,123397,44,616,7,M_2274,PROPN
2275,booknlp,COREF,119,He,123449,123451,10,617,7,M_2275,Other
2276,booknlp,COREF,119,his,123490,123493,10,617,7,M_2276,Other
2277,booknlp,COREF,119,he,123577,123579,10,617,7,M_2277,Other
2278,pdnc,qID,Q424-1,signorino,123596,123605,2,617,7,M_2278,Other
2279,pdnc,qID,Q425-0,He,123633,123635,2,618,7,M_2279,Other
2280,exp,exp_name,mr. beebe,Mr. Beebe,123657,123666,10,618,7,M_2280,PROPN
2281,booknlp,COREF,119,I,123682,123683,10,619,7,M_2281,Other
2282,pdnc,qID,Q426-0,him,123689,123692,2,619,7,M_2282,Other
2283,booknlp,COREF,119,He,123709,123711,10,619,7,M_2283,Other
2284,booknlp,COREF,119,him,123790,123793,10,619,7,M_2284,Other
2285,booknlp,COREF,119,He,123795,123797,10,619,7,M_2285,Other
2286,booknlp,COREF,119,his,123845,123848,10,619,7,M_2286,Other
2287,booknlp,COREF,119,He,123915,123917,10,619,7,M_2287,Other
2288,booknlp,COREF,119,he,123963,123965,10,619,7,M_2288,Other
2289,booknlp,COREF,119,He,123985,123987,10,619,7,M_2289,Other
2290,exp,exp_name,lucy,Lucy,124027,124031,4,619,7,M_2290,PROPN
2291,exp,exp_name,persephone,Persephone,124092,124102,19,619,7,M_2291,PROPN
2292,booknlp,COREF,181,her,124120,124123,19,619,7,M_2292,Other
2293,booknlp,COREF,181,she,124143,124146,19,619,7,M_2293,Other
2294,booknlp,COREF,119,He,124331,124333,10,620,7,M_2294,Other
2295,exp,exp_name,miss bartlett,Miss Bartlett,124360,124373,6,620,7,M_2295,PROPN
2296,booknlp,COREF,119,he,124446,124448,10,620,7,M_2296,Other
2297,booknlp,COREF,119,his,124453,124456,10,620,7,M_2297,Other
2298,booknlp,COREF,119,his,124469,124472,10,620,7,M_2298,Other
2299,booknlp,COREF,116,she,124556,124559,4,620,7,M_2299,Other
2300,booknlp,COREF,119,his,124569,124572,10,620,7,M_2300,Other
2301,booknlp,COREF,119,he,124599,124601,10,620,7,M_2301,Other
2302,exp,exp_name,miss bartlett,Miss Bartlett,124763,124776,6,620,7,M_2302,PROPN
2303,booknlp,COREF,115,she,124788,124791,6,620,7,M_2303,Other
2304,exp,exp_name,lucy,Lucy,124836,124840,4,620,7,M_2304,PROPN
2305,booknlp,COREF,115,her,124852,124855,6,620,7,M_2305,Other
2306,exp,exp_name,mr. eager,Mr. Eager,124857,124866,49,620,7,M_2306,PROPN
2307,booknlp,COREF,116,her,124897,124900,4,620,7,M_2307,Other
2308,booknlp,COREF,148,he,124906,124908,49,620,7,M_2308,Other
2309,exp,exp_name,miss lavish,Miss Lavish,125100,125111,8,621,7,M_2309,PROPN
2310,exp,exp_name,lucy,Lucy,125185,125189,4,621,7,M_2310,PROPN
2311,exp,exp_name,mr. eager,Mr. Eager,125205,125214,49,621,7,M_2311,PROPN
2312,booknlp,COREF,116,her,125225,125228,4,621,7,M_2312,Other
2313,pdnc,qID,Q427-0,Miss Honeychurch,125256,125272,4,622,7,M_2313,PROPN
2314,booknlp,COREF,148,I,125296,125297,49,622,7,M_2314,Other
2315,pdnc,qID,Q427-0,you,125516,125519,4,622,7,M_2315,Other
2316,booknlp,COREF,148,me,125523,125525,49,622,7,M_2316,Other
2317,pdnc,qID,Q429-0,we,125750,125752,4,624,7,M_2317,Other
2318,pdnc,qID,Q429-0,we,125782,125784,4,624,7,M_2318,Other
2319,exp,exp_name,lucy,Lucy,125844,125848,4,625,7,M_2319,PROPN
2320,booknlp,COREF,116,her,125877,125880,4,625,7,M_2320,Other
2321,exp,exp_name,miss bartlett,Miss Bartlett,126045,126058,6,625,7,M_2321,PROPN
2322,booknlp,COREF,115,her,126087,126090,6,625,7,M_2322,Other
2323,booknlp,COREF,115,she,126117,126120,6,625,7,M_2323,Other
2324,booknlp,COREF,115,She,126181,126184,6,626,7,M_2324,Other
2325,pdnc,qID,Q430-0,Mr. Eager,126250,126259,49,627,7,M_2325,PROPN
2326,exp,exp_name,mr. beebe,Mr. Beebe,126269,126278,10,627,7,M_2326,PROPN
2327,booknlp,COREF,148,your,126289,126293,49,627,7,M_2327,Other
2328,pdnc,qID,Q430-1,you,126311,126314,49,627,7,M_2328,Other
2329,pdnc,qID,Q431-0,George,126336,126342,2,628,7,M_2329,PROPN
2330,exp,exp_name,mr. emerson,Mr. Emerson,126351,126362,11,628,7,M_2330,PROPN
2331,pdnc,qID,Q431-1,your driver,126369,126380,44,628,7,M_2331,Other
2332,pdnc,qID,Q431-1,George,126391,126397,2,628,7,M_2332,PROPN
2333,pdnc,qID,Q431-1,The boy,126404,126411,2,628,7,M_2333,Other
2334,pdnc,qID,Q431-1,his,126421,126424,2,628,7,M_2334,Other
2335,pdnc,qID,Q431-1,He,126430,126432,2,628,7,M_2335,Other
2336,exp,exp_name,mr. eager,Mr. Eager,126455,126464,49,629,7,M_2336,PROPN
2337,exp,exp_name,miss bartlett,Miss Bartlett,126472,126485,6,629,7,M_2337,PROPN
2338,pdnc,qID,Q432-1,our driver,126498,126508,44,629,7,M_2338,Other
2339,pdnc,qID,Q432-1,our driver,126510,126520,44,629,7,M_2339,Other
2340,pdnc,qID,Q432-1,Mr. Beebe,126553,126562,10,629,7,M_2340,PROPN
2341,pdnc,qID,Q432-1,he,126566,126568,10,629,7,M_2341,Other
2342,pdnc,qID,Q433-0,He,126592,126594,2,630,7,M_2342,Other
2343,pdnc,qID,Q433-1,He,126631,126633,2,630,7,M_2343,Other
2344,exp,exp_name,the chaplain,the chaplain,126677,126689,49,631,7,M_2344,PROPN
2345,booknlp,COREF,779,he,126694,126696,49,631,7,M_2345,Other
2346,exp,exp_name,lucy,Lucy,126824,126828,4,632,7,M_2346,PROPN
2347,pdnc,qID,Q435-1,Charlotte,126858,126867,6,632,7,M_2347,PROPN
2348,pdnc,qID,Q435-1,Mr. Eager,126883,126892,49,632,7,M_2348,PROPN
2349,pdnc,qID,Q436-0,dearest,126911,126918,4,633,7,M_2349,Other
2350,booknlp,COREF,116,she,126945,126948,4,633,7,M_2350,Other
2351,exp,exp_name,the driver,the driver,126960,126970,44,633,7,M_2351,PROPN
2352,pdnc,qID,Q437-0,HE,126972,126974,44,633,7,M_2352,Other
2353,pdnc,qID,Q437-0,Dearest,126993,127000,4,633,7,M_2353,PROPN
2354,booknlp,COREF,116,She,127027,127030,4,633,7,M_2354,Other
2355,booknlp,COREF,116,her,127040,127043,4,633,7,M_2355,Other
2356,exp,exp_name,phaethon,Phaethon,127130,127138,44,633,7,M_2356,PROPN
2357,booknlp,COREF,116,her,127151,127154,4,633,7,M_2357,Other
2358,booknlp,COREF,116,she,127167,127170,4,633,7,M_2358,Other
2359,exp,exp_name,lucy,Lucy,127298,127302,4,634,7,M_2359,PROPN
2360,exp,exp_name,miss lavish,Miss Lavish,127991,128002,8,636,7,M_2360,PROPN
2361,exp,exp_name,mr. eager,Mr. Eager,128097,128106,49,636,7,M_2361,PROPN
2362,exp,exp_name,lucy,Lucy,128245,128249,4,636,7,M_2362,PROPN
2363,booknlp,COREF,116,hers,128261,128265,4,636,7,M_2363,Other
2364,booknlp,COREF,116,her,128269,128272,4,636,7,M_2364,Other
2365,pdnc,qID,Q441-0,Charlotte,128283,128292,6,637,7,M_2365,PROPN
2366,pdnc,qID,Q441-0,dear Charlotte,128294,128308,6,637,7,M_2366,Other
2367,booknlp,COREF,116,me,128315,128317,4,637,7,M_2367,Other
2368,booknlp,COREF,116,me,128324,128326,4,637,7,M_2368,Other
2369,pdnc,qID,Q441-0,you,128339,128342,6,637,7,M_2369,Other
2370,booknlp,COREF,116,me,128358,128360,4,637,7,M_2370,Other
2371,pdnc,qID,Q441-0,You,128362,128365,6,637,7,M_2371,Other
2372,booknlp,COREF,116,me,128373,128375,4,637,7,M_2372,Other
2373,booknlp,COREF,116,I,128395,128396,4,637,7,M_2373,Other
2374,booknlp,COREF,116,I,128398,128399,4,637,7,M_2374,Other
2375,booknlp,COREF,116,I,128408,128409,4,637,7,M_2375,Other
2376,pdnc,qID,Q442-0,dearest,128441,128448,4,638,7,M_2376,Other
2377,pdnc,qID,Q442-0,your,128455,128459,4,638,7,M_2377,Other
2378,booknlp,COREF,116,I,128469,128470,4,639,7,M_2378,Other
2379,pdnc,qID,Q443-0,you,128513,128516,6,639,7,M_2379,Other
2380,pdnc,qID,Q443-0,he,128561,128563,2,639,7,M_2380,Other
2381,pdnc,qID,Q443-0,he,128578,128580,2,639,7,M_2381,Other
2382,pdnc,qID,Q443-0,he,128607,128609,2,639,7,M_2382,Other
2383,booknlp,COREF,116,I,128788,128789,4,641,7,M_2383,Other
2384,pdnc,qID,Q445-0,He,128840,128842,2,642,7,M_2384,Other
2385,booknlp,COREF,116,I,128854,128855,4,642,7,M_2385,Other
2386,pdnc,qID,Q445-0,he,128862,128864,2,642,7,M_2386,Other
2387,booknlp,COREF,116,I,128896,128897,4,642,7,M_2387,Other
2388,booknlp,COREF,116,I,128924,128925,4,642,7,M_2388,Other
2389,booknlp,COREF,116,I,128942,128943,4,642,7,M_2389,Other
2390,pdnc,qID,Q445-0,you,128949,128952,6,642,7,M_2390,Other
2391,booknlp,COREF,116,I,128970,128971,4,642,7,M_2391,Other
2392,booknlp,COREF,116,I,129011,129012,4,642,7,M_2392,Other
2393,booknlp,COREF,116,I,129041,129042,4,642,7,M_2393,Other
2394,booknlp,COREF,116,I,129065,129066,4,642,7,M_2394,Other
2395,pdnc,qID,Q445-0,you,129096,129099,6,642,7,M_2395,Other
2396,pdnc,qID,Q445-0,he,129158,129160,2,642,7,M_2396,Other
2397,pdnc,qID,Q449-0,Charlotte,129273,129282,6,646,7,M_2397,PROPN
2398,pdnc,qID,Q449-0,you,129284,129287,6,646,7,M_2398,Other
2399,exp,exp_name,miss bartlett,Miss Bartlett,129315,129328,6,647,7,M_2399,PROPN
2400,booknlp,COREF,115,she,129349,129352,6,647,7,M_2400,Other
2401,booknlp,COREF,115,she,129412,129415,6,647,7,M_2401,Other
2402,booknlp,COREF,115,her,129421,129424,6,647,7,M_2402,Other
2403,booknlp,COREF,115,her,129456,129459,6,647,7,M_2403,Other
2404,exp,exp_name,lucy,Lucy,129478,129482,4,647,7,M_2404,PROPN
2405,booknlp,COREF,116,I,129547,129548,4,648,7,M_2405,Other
2406,booknlp,COREF,116,she,129571,129574,4,648,7,M_2406,Other
2407,pdnc,qID,Q451-0,dearest,129650,129657,4,649,7,M_2407,Other
2408,booknlp,COREF,116,you,129669,129672,4,649,7,M_2408,Other
2409,booknlp,COREF,332,my,129725,129727,19,649,7,M_2409,Other
2410,exp,exp_name,the girl,the girl,129802,129810,19,650,7,M_2410,PROPN
2411,exp,exp_name,mr. emerson,Mr. Emerson,129882,129893,11,650,7,M_2411,PROPN
2412,exp,exp_name,mr. beebe,Mr. Beebe,129920,129929,10,650,7,M_2412,PROPN
2413,exp,exp_name,mr. eager,Mr. Eager,129960,129969,49,650,7,M_2413,PROPN
2414,exp,exp_name,miss lavish,Miss Lavish,129991,130002,8,650,7,M_2414,PROPN
2415,exp,exp_name,charlotte,Charlotte,130004,130013,6,650,7,M_2415,PROPN
2416,booknlp,COREF,116,she,130020,130023,4,650,7,M_2416,Other
2417,exp,exp_name,charlotte,Charlotte,130037,130046,6,650,7,M_2417,PROPN
2418,booknlp,COREF,116,her,130133,130136,4,651,7,M_2418,Other
2419,booknlp,COREF,116,She,130176,130179,4,651,7,M_2419,Other
2420,booknlp,COREF,116,she,130231,130234,4,651,7,M_2420,Other
2421,booknlp,COREF,116,her,130259,130262,4,651,7,M_2421,Other
2422,booknlp,COREF,116,her,130275,130278,4,651,7,M_2422,Other
2423,booknlp,COREF,116,her,130298,130301,4,651,7,M_2423,Other
2424,booknlp,COREF,116,her,130331,130334,4,651,7,M_2424,Other
2425,booknlp,COREF,116,her,130390,130393,4,651,7,M_2425,Other
2426,booknlp,COREF,116,she,130503,130506,4,652,7,M_2426,Other
2427,booknlp,COREF,116,I,130509,130510,4,652,7,M_2427,Other
2428,booknlp,COREF,116,myself,130528,130534,4,652,7,M_2428,Other
2429,booknlp,COREF,116,I,130536,130537,4,652,7,M_2429,Other
2430,booknlp,COREF,116,I,130608,130609,4,652,7,M_2430,Other
2431,exp,exp_name,miss alan,Miss Alan,130629,130638,7,653,7,M_2431,PROPN
2432,booknlp,COREF,116,her,130645,130648,4,653,7,M_2432,Other
2433,booknlp,COREF,116,She,130658,130661,4,653,7,M_2433,Other
2434,booknlp,COREF,116,her,130698,130701,4,653,7,M_2434,Other
2435,booknlp,COREF,116,She,130729,130732,4,653,7,M_2435,Other
2436,booknlp,COREF,116,her,130746,130749,4,653,7,M_2436,Other
2437,booknlp,COREF,116,she,130857,130860,4,653,7,M_2437,Other
2438,booknlp,COREF,116,her,130885,130888,4,653,7,M_2438,Other
2439,exp,exp_name,lucy,Lucy,130894,130898,4,653,7,M_2439,PROPN
2440,booknlp,COREF,116,she,130948,130951,4,653,7,M_2440,Other
2441,exp,exp_name,miss bartlett,Miss Bartlett,131043,131056,6,653,7,M_2441,PROPN
2442,booknlp,COREF,116,her,131071,131074,4,653,7,M_2442,Other
2443,booknlp,COREF,116,her,131100,131103,4,653,7,M_2443,Other
2444,booknlp,COREF,115,I,131149,131150,6,654,7,M_2444,Other
2445,booknlp,COREF,115,my,131202,131204,6,654,7,M_2445,Other
2446,booknlp,COREF,115,I,131215,131216,6,654,7,M_2446,Other
2447,pdnc,qID,Q453-0,your,131243,131247,4,654,7,M_2447,Other
2448,exp,exp_name,the girl,the girl,131323,131331,19,655,7,M_2448,PROPN
2449,exp,exp_name,miss bartlett,Miss Bartlett,131338,131351,6,655,7,M_2449,PROPN
2450,booknlp,COREF,116,She,131383,131386,4,656,7,M_2450,Other
2451,booknlp,COREF,116,her,131443,131446,4,656,7,M_2451,Other
2452,booknlp,COREF,116,she,131452,131455,4,656,7,M_2452,Other
2453,booknlp,COREF,116,her,131508,131511,4,656,7,M_2453,Other
2454,booknlp,COREF,116,she,131534,131537,4,656,7,M_2454,Other
2455,exp,exp_name,miss bartlett,Miss Bartlett,131774,131787,6,658,7,M_2455,PROPN
2456,exp,exp_name,lucy,Lucy,131894,131898,4,658,7,M_2456,PROPN
2457,booknlp,COREF,116,she,131930,131933,4,658,7,M_2457,Other
2458,booknlp,COREF,116,her,131955,131958,4,658,7,M_2458,Other
2459,booknlp,COREF,116,She,131965,131968,4,658,7,M_2459,Other
2460,booknlp,COREF,116,she,132126,132129,4,659,7,M_2460,Other
2461,exp,exp_name,miss bartlett,Miss Bartlett,132145,132158,6,660,7,M_2461,PROPN
2462,pdnc,qID,Q457-0,you,132188,132191,4,661,7,M_2462,Other
2463,pdnc,qID,Q457-0,him,132211,132214,2,661,7,M_2463,Other
2464,pdnc,qID,Q458-0,The driver,132219,132229,44,662,7,M_2464,Other
2465,pdnc,qID,Q459-0,My dear girl,132234,132246,4,663,7,M_2465,Other
2466,pdnc,qID,Q459-0,Mr. George Emerson,132252,132270,2,663,7,M_2466,PROPN
2467,exp,exp_name,lucy,Lucy,132274,132278,4,664,7,M_2467,PROPN
2468,booknlp,COREF,116,I,132317,132318,4,665,7,M_2468,Other
2469,booknlp,COREF,116,she,132338,132341,4,665,7,M_2469,Other
2470,booknlp,COREF,116,She,132357,132360,4,666,7,M_2470,Other
2471,booknlp,COREF,116,she,132387,132390,4,666,7,M_2471,Other
2472,pdnc,qID,Q461-0,you,132445,132448,4,667,7,M_2472,Other
2473,pdnc,qID,Q461-0,him,132463,132466,2,667,7,M_2473,Other
2474,booknlp,COREF,116,I,132488,132489,4,668,7,M_2474,Other
2475,pdnc,qID,Q462-0,he,132526,132528,2,668,7,M_2475,Other
2476,booknlp,COREF,116,I,132547,132548,4,669,7,M_2476,Other
2477,pdnc,qID,Q463-0,him,132571,132574,2,669,7,M_2477,Other
2478,booknlp,COREF,116,I,132605,132606,4,669,7,M_2478,Other
2479,exp,exp_name,lucy,Lucy,132700,132704,4,670,7,M_2479,PROPN
2480,pdnc,qID,Q465-0,My poor dear,132743,132755,4,671,7,M_2480,Other
2481,pdnc,qID,Q465-0,you,132761,132764,4,671,7,M_2481,Other
2482,pdnc,qID,Q465-0,his,132787,132790,2,671,7,M_2482,Other
2483,booknlp,COREF,116,me,132822,132824,4,671,7,M_2483,Other
2484,booknlp,COREF,116,I,132826,132827,4,671,7,M_2484,Other
2485,pdnc,qID,Q465-0,his,132854,132857,2,671,7,M_2485,Other
2486,booknlp,COREF,116,you,132874,132877,4,671,7,M_2486,Other
2487,pdnc,qID,Q465-0,he,132910,132912,2,671,7,M_2487,Other
2488,pdnc,qID,Q465-0,Miss Alan,132925,132934,7,671,7,M_2488,PROPN
2489,exp,exp_name,lucy,Lucy,133011,133015,4,672,7,M_2489,PROPN
2490,booknlp,COREF,116,I,133068,133069,4,673,7,M_2490,Other
2491,pdnc,qID,Q466-0,him,133108,133111,2,673,7,M_2491,Other
2492,pdnc,qID,Q466-0,he,133146,133148,2,673,7,M_2492,Other
2493,pdnc,qID,Q466-0,his,133196,133199,2,673,7,M_2493,Other
2494,pdnc,qID,Q466-0,you,133241,133244,4,673,7,M_2494,Other
2495,pdnc,qID,Q466-0,you,133303,133306,4,673,7,M_2495,Other
2496,exp,exp_name,lucy,Lucy,133346,133350,4,674,7,M_2496,PROPN
2497,booknlp,COREF,116,she,133371,133374,4,674,7,M_2497,Other
2498,booknlp,COREF,116,her,133416,133419,4,674,7,M_2498,Other
2499,booknlp,COREF,116,I,133453,133454,4,675,7,M_2499,Other
2500,pdnc,qID,Q467-0,him,133475,133478,2,675,7,M_2500,Other
2501,booknlp,COREF,116,she,133486,133489,4,675,7,M_2501,Other
2502,exp,exp_name,miss bartlett,Miss Bartlett,133492,133505,6,676,7,M_2502,PROPN
2503,pdnc,qID,Q468-0,You,133540,133543,6,677,7,M_2503,Other
2504,pdnc,qID,Q468-0,Charlotte,133549,133558,6,677,7,M_2504,PROPN
2505,booknlp,COREF,116,your,133560,133564,4,677,7,M_2505,Other
2506,booknlp,COREF,116,I,133575,133576,4,677,7,M_2506,Other
2507,pdnc,qID,Q468-0,you,133608,133611,6,677,7,M_2507,Other
2508,booknlp,COREF,116,my,133624,133626,4,677,7,M_2508,Other
2509,booknlp,COREF,116,Mine,133635,133639,4,677,7,M_2509,Other
2510,pdnc,qID,Q468-0,his,133644,133647,2,677,7,M_2510,Other
2511,pdnc,qID,Q469-0,you,133656,133659,4,678,7,M_2511,Other
2512,pdnc,qID,Q469-0,him,133681,133684,2,678,7,M_2512,Other
2513,pdnc,qID,Q469-0,him,133693,133696,2,678,7,M_2513,Other
2514,booknlp,COREF,116,you,133771,133774,4,679,7,M_2514,Other
2515,pdnc,qID,Q470-0,him,133779,133782,2,679,7,M_2515,Other
2516,pdnc,qID,Q470-0,he,133783,133785,2,679,7,M_2516,Other
2517,booknlp,COREF,116,I,133823,133824,4,679,7,M_2517,Other
2518,pdnc,qID,Q470-0,him,133849,133852,2,679,7,M_2518,Other
2519,booknlp,COREF,116,I,133862,133863,4,679,7,M_2519,Other
2520,pdnc,qID,Q471-0,him,133902,133905,2,680,7,M_2520,Other
2521,pdnc,qID,Q471-0,you,133910,133913,4,680,7,M_2521,Other
2522,pdnc,qID,Q471-0,You,133921,133924,4,680,7,M_2522,Other
2523,pdnc,qID,Q471-0,you,133957,133960,4,680,7,M_2523,Other
2524,pdnc,qID,Q471-0,you,134001,134004,4,680,7,M_2524,Other
2525,booknlp,COREF,116,I,134173,134174,4,680,7,M_2525,Other
2526,booknlp,COREF,116,I,134221,134222,4,681,7,M_2526,Other
2527,exp,exp_name,lucy,Lucy,134242,134246,4,681,7,M_2527,PROPN
2528,booknlp,COREF,116,her,134270,134273,4,682,7,M_2528,Other
2529,exp,exp_name,miss bartlett,Miss Bartlett,134285,134298,6,682,7,M_2529,PROPN
2530,booknlp,COREF,115,her,134306,134309,6,682,7,M_2530,Other
2531,booknlp,COREF,116,I,134379,134380,4,683,7,M_2531,Other
2532,booknlp,COREF,116,I,134400,134401,4,684,7,M_2532,Other
2533,exp,exp_name,lucy,Lucy,134421,134425,4,684,7,M_2533,PROPN
2534,pdnc,qID,Q475-0,he,134440,134442,2,685,7,M_2534,Other
2535,pdnc,qID,Q475-0,you,134452,134455,4,685,7,M_2535,Other
2536,pdnc,qID,Q475-0,you,134467,134470,4,685,7,M_2536,Other
2537,booknlp,COREF,116,I,134488,134489,4,686,7,M_2537,Other
2538,pdnc,qID,Q476-0,You,134512,134515,6,686,7,M_2538,Other
2539,pdnc,qID,Q477-0,you,134540,134543,4,687,7,M_2539,Other
2540,booknlp,COREF,116,me,134549,134551,4,687,7,M_2540,Other
2541,pdnc,qID,Q477-0,you,134561,134564,4,687,7,M_2541,Other
2542,booknlp,COREF,116,I,134585,134586,4,688,7,M_2542,Other
2543,booknlp,COREF,116,She,134602,134605,4,688,7,M_2543,Other
2544,booknlp,COREF,116,herself,134614,134621,4,688,7,M_2544,Other
2545,booknlp,COREF,116,She,134651,134654,4,688,7,M_2545,Other
2546,booknlp,COREF,116,her,134699,134702,4,688,7,M_2546,Other
2547,booknlp,COREF,116,She,134727,134730,4,688,7,M_2547,Other
2548,booknlp,COREF,116,she,134752,134755,4,688,7,M_2548,Other
2549,pdnc,qID,Q479-0,dear,134802,134806,4,689,7,M_2549,Other
2550,exp,exp_name,miss bartlett,Miss Bartlett,134814,134827,6,689,7,M_2550,PROPN
2551,pdnc,qID,Q479-1,You,134830,134833,4,689,7,M_2551,Other
2552,exp,exp_name,lucy,Lucy,134864,134868,4,690,7,M_2552,PROPN
2553,booknlp,COREF,116,She,134877,134880,4,690,7,M_2553,Other
2554,booknlp,COREF,116,her,134888,134891,4,690,7,M_2554,Other
2555,booknlp,COREF,116,She,134908,134911,4,690,7,M_2555,Other
2556,booknlp,COREF,116,she,134970,134973,4,690,7,M_2556,Other
2557,booknlp,COREF,116,her,135021,135024,4,690,7,M_2557,Other
2558,booknlp,COREF,116,she,135041,135044,4,690,7,M_2558,Other
2559,exp,exp_name,george,George,135061,135067,2,690,7,M_2559,PROPN
2560,exp,exp_name,miss bartlett,Miss Bartlett,135119,135132,6,691,7,M_2560,PROPN
2561,pdnc,qID,Q480-0,you,135196,135199,4,692,7,M_2561,Other
2562,booknlp,COREF,115,I.,135204,135206,6,692,7,M_2562,Other
2563,pdnc,qID,Q480-0,Mr. Beebe,135207,135216,10,692,7,M_2563,PROPN
2564,pdnc,qID,Q480-0,Mr. Eager,135239,135248,49,692,7,M_2564,PROPN
2565,pdnc,qID,Q480-0,you,135254,135257,4,692,7,M_2565,Other
2566,pdnc,qID,Q480-0,him,135271,135274,49,692,7,M_2566,Other
2567,pdnc,qID,Q480-0,your brother,135284,135296,1,692,7,M_2567,Other
2568,pdnc,qID,Q480-0,He,135298,135300,1,692,7,M_2568,Other
2569,booknlp,COREF,115,I,135315,135316,6,692,7,M_2569,Other
2570,pdnc,qID,Q480-0,his sister,135327,135337,4,692,7,M_2570,Other
2571,pdnc,qID,Q480-0,him,135362,135365,1,692,7,M_2571,Other
2572,booknlp,COREF,115,she,135476,135479,6,693,7,M_2572,Other
2573,booknlp,COREF,115,she,135487,135490,6,693,7,M_2573,Other
2574,booknlp,COREF,115,her,135502,135505,6,693,7,M_2574,Other
2575,booknlp,COREF,115,she,135522,135525,6,693,7,M_2575,Other
2576,booknlp,COREF,115,she,135583,135586,6,693,7,M_2576,Other
2577,booknlp,COREF,115,her,135597,135600,6,693,7,M_2577,Other
2578,booknlp,COREF,115,She,135721,135724,6,696,7,M_2578,Other
2579,booknlp,COREF,115,her,135735,135738,6,696,7,M_2579,Other
2580,exp,exp_name,the girl,The girl,135759,135767,19,697,7,M_2580,PROPN
2581,pdnc,qID,Q486-0,Signora Bertolini,135876,135893,52,700,7,M_2581,PROPN
2582,exp,exp_name,miss bartlett,Miss Bartlett,135938,135951,6,701,7,M_2582,PROPN
2583,booknlp,COREF,115,she,135976,135979,6,701,7,M_2583,Other
2584,pdnc,qID,Q488-0,She,136008,136011,52,702,7,M_2584,Other
2585,booknlp,COREF,115,I,136060,136061,6,703,7,M_2585,Other
2586,pdnc,qID,Q489-0,she,136069,136072,52,703,7,M_2586,Other
2587,booknlp,COREF,115,she,136244,136247,6,704,7,M_2587,Other
2588,booknlp,COREF,115,her,136283,136286,6,704,7,M_2588,Other
2589,exp,exp_name,charlotte,Charlotte,136298,136307,6,704,7,M_2589,PROPN
2590,exp,exp_name,lucy,Lucy,136482,136486,4,705,7,M_2590,PROPN
2591,exp,exp_name,charlotte,Charlotte,136632,136641,6,705,7,M_2591,PROPN
2592,booknlp,COREF,115,She,136788,136791,6,705,7,M_2592,Other
2593,booknlp,COREF,115,her,136847,136850,6,705,7,M_2593,Other
2594,booknlp,COREF,115,her,136870,136873,6,705,7,M_2594,Other
2595,booknlp,COREF,115,she,136885,136888,6,705,7,M_2595,Other
2596,booknlp,COREF,115,she,136899,136902,6,705,7,M_2596,Other
2597,exp,exp_name,the girl,The girl,136920,136928,19,705,7,M_2597,PROPN
2598,booknlp,COREF,115,her,136935,136938,6,705,7,M_2598,Other
2599,booknlp,COREF,115,she,136942,136945,6,705,7,M_2599,Other
2600,booknlp,COREF,115,she,137025,137028,6,705,7,M_2600,Other
2601,booknlp,COREF,115,She,137060,137063,6,705,7,M_2601,Other
2602,booknlp,COREF,115,she,137157,137160,6,705,7,M_2602,Other
2603,booknlp,COREF,115,She,137260,137263,6,705,7,M_2603,Other
2604,booknlp,COREF,115,her,137278,137281,6,705,7,M_2604,Other
2605,booknlp,COREF,115,her,137312,137315,6,705,7,M_2605,Other
2606,exp,exp_name,miss bartlett,Miss Bartlett,137323,137336,6,706,7,M_2606,PROPN
2607,booknlp,COREF,115,she,137390,137393,6,706,7,M_2607,Other
2608,booknlp,COREF,115,she,137422,137425,6,706,7,M_2608,Other
2609,exp,exp_name,lucy,Lucy,137451,137455,4,706,7,M_2609,PROPN
2610,booknlp,COREF,115,her,137469,137472,6,706,7,M_2610,Other
2611,booknlp,COREF,115,her,137485,137488,6,706,7,M_2611,Other
2612,booknlp,COREF,115,she,137531,137534,6,706,7,M_2612,Other
2613,pdnc,qID,Q491-0,Dearest Lucy,137563,137575,4,707,7,M_2613,PROPN
2614,pdnc,qID,Q491-0,you,137586,137589,4,707,7,M_2614,Other
2615,booknlp,COREF,115,me,137603,137605,6,707,7,M_2615,Other
2616,exp,exp_name,lucy,Lucy,137609,137613,4,708,7,M_2616,PROPN
2617,booknlp,COREF,116,her,137621,137624,4,708,7,M_2617,Other
2618,exp,exp_name,miss bartlett,Miss Bartlett,137684,137697,6,708,7,M_2618,PROPN
2619,booknlp,COREF,116,Her,137705,137708,4,708,7,M_2619,Other
2620,booknlp,COREF,116,she,137726,137729,4,708,7,M_2620,Other
2621,booknlp,COREF,116,her,137739,137742,4,708,7,M_2621,Other
2622,booknlp,COREF,116,she,137765,137768,4,708,7,M_2622,Other
2623,pdnc,qID,Q492-0,Charlotte dear,137777,137791,6,709,7,M_2623,Other
2624,pdnc,qID,Q492-0,you,137801,137804,6,709,7,M_2624,Other
2625,booknlp,COREF,116,I,137817,137818,4,709,7,M_2625,Other
2626,pdnc,qID,Q493-0,You,137848,137851,4,710,7,M_2626,Other
2627,booknlp,COREF,116,I,137875,137876,4,710,7,M_2627,Other
2628,booknlp,COREF,116,myself,137911,137917,4,710,7,M_2628,Other
2629,booknlp,COREF,116,I,137924,137925,4,710,7,M_2629,Other
2630,booknlp,COREF,116,I,137945,137946,4,710,7,M_2630,Other
2631,pdnc,qID,Q493-0,you,137951,137954,4,710,7,M_2631,Other
2632,exp,exp_name,miss bartlett,Miss Bartlett,137984,137997,6,712,7,M_2632,PROPN
2633,booknlp,COREF,115,her,138006,138009,6,712,7,M_2633,Other
2634,booknlp,COREF,116,I,138078,138079,4,713,7,M_2634,Other
2635,booknlp,COREF,116,I,138130,138131,4,713,7,M_2635,Other
2636,booknlp,COREF,116,I,138143,138144,4,713,7,M_2636,Other
2637,pdnc,qID,Q495-0,You,138179,138182,4,713,7,M_2637,Other
2638,pdnc,qID,Q495-0,you,138243,138246,4,713,7,M_2638,Other
2639,booknlp,COREF,116,I,138248,138249,4,713,7,M_2639,Other
2640,booknlp,COREF,115,your,138318,138322,6,713,7,M_2640,Other
2641,booknlp,COREF,116,My,138346,138348,4,715,7,M_2641,Other
2642,pdnc,qID,Q497-0,you,138375,138378,4,715,7,M_2642,Other
2643,booknlp,COREF,115,your,138400,138404,6,715,7,M_2643,Other
2644,booknlp,COREF,116,me,138441,138443,4,715,7,M_2644,Other
2645,booknlp,COREF,116,I,138453,138454,4,715,7,M_2645,Other
2646,booknlp,COREF,116,my,138459,138461,4,715,7,M_2646,Other
2647,booknlp,COREF,116,I,138509,138510,4,715,7,M_2647,Other
2648,booknlp,COREF,116,I,138516,138517,4,715,7,M_2648,Other
2649,pdnc,qID,Q497-0,you,138542,138545,4,715,7,M_2649,Other
2650,pdnc,qID,Q497-0,You,138571,138574,4,715,7,M_2650,Other
2651,pdnc,qID,Q497-0,your,138579,138583,4,715,7,M_2651,Other
2652,pdnc,qID,Q498-0,You,138629,138632,6,716,7,M_2652,Other
2653,exp,exp_name,lucy,Lucy,138665,138669,4,716,7,M_2653,PROPN
2654,booknlp,COREF,116,She,138679,138682,4,717,7,M_2654,Other
2655,booknlp,COREF,116,she,138712,138715,4,717,7,M_2655,Other
2656,exp,exp_name,charlotte,Charlotte,138720,138729,6,717,7,M_2656,PROPN
2657,booknlp,COREF,115,I,138801,138802,6,718,7,M_2657,Other
2658,exp,exp_name,miss bartlett,Miss Bartlett,138830,138843,6,718,7,M_2658,PROPN
2659,booknlp,COREF,115,she,138848,138851,6,718,7,M_2659,Other
2660,exp,exp_name,lucy,Lucy,138881,138885,4,718,7,M_2660,PROPN
2661,booknlp,COREF,115,her,138915,138918,6,718,7,M_2661,Other
2662,pdnc,qID,Q499-1,you,138940,138943,4,718,7,M_2662,Other
2663,booknlp,COREF,115,my,138961,138963,6,718,7,M_2663,Other
2664,booknlp,COREF,115,your,138972,138976,6,718,7,M_2664,Other
2665,booknlp,COREF,115,me,139013,139015,6,718,7,M_2665,Other
2666,booknlp,COREF,115,I,139017,139018,6,718,7,M_2666,Other
2667,pdnc,qID,Q500-0,mother,139074,139080,17,719,7,M_2667,Other
2668,pdnc,qID,Q500-0,your,139108,139112,6,719,7,M_2668,Other
2669,booknlp,COREF,115,my,139175,139177,6,720,7,M_2669,Other
2670,booknlp,COREF,115,me,139226,139228,6,720,7,M_2670,Other
2671,booknlp,COREF,115,I,139272,139273,6,720,7,M_2671,Other
2672,pdnc,qID,Q501-0,Miss Lavish,139295,139306,8,720,7,M_2672,PROPN
2673,booknlp,COREF,115,I,139332,139333,6,722,7,M_2673,Other
2674,pdnc,qID,Q503-0,your,139347,139351,4,722,7,M_2674,Other
2675,booknlp,COREF,115,I,139361,139362,6,722,7,M_2675,Other
2676,pdnc,qID,Q503-0,you,139374,139377,4,722,7,M_2676,Other
2677,booknlp,COREF,115,I,139402,139403,6,722,7,M_2677,Other
2678,pdnc,qID,Q503-0,you,139419,139422,4,722,7,M_2678,Other
2679,booknlp,COREF,115,Your,139424,139428,6,722,7,M_2679,Other
2680,booknlp,COREF,115,I,139464,139465,6,722,7,M_2680,Other
2681,pdnc,qID,Q503-0,you,139475,139478,4,722,7,M_2681,Other
2682,exp,exp_name,lucy,Lucy,139491,139495,4,723,7,M_2682,PROPN
2683,pdnc,qID,Q505-0,you,139587,139590,4,725,7,M_2683,Other
2684,booknlp,COREF,115,your,139661,139665,6,727,7,M_2684,Other
2685,pdnc,qID,Q507-0,you,139718,139721,4,727,7,M_2685,Other
2686,pdnc,qID,Q507-0,you,139746,139749,4,727,7,M_2686,Other
2687,exp,exp_name,the girl,The girl,139772,139780,19,728,7,M_2687,PROPN
2688,pdnc,qID,Q508-0,you,139877,139880,6,729,7,M_2688,Other
2689,exp,exp_name,miss bartlett,Miss Bartlett,140061,140074,6,730,7,M_2689,PROPN
2690,booknlp,COREF,332,her,140082,140085,19,730,7,M_2690,Other
2691,booknlp,COREF,332,her,140117,140120,19,730,7,M_2691,Other
2692,booknlp,COREF,332,her,140142,140145,19,730,7,M_2692,Other
2693,booknlp,COREF,332,her,140149,140152,19,730,7,M_2693,Other
2694,exp,exp_name,george,George,140221,140227,2,731,7,M_2694,PROPN
2695,booknlp,COREF,115,she,140348,140351,6,731,7,M_2695,Other
2696,booknlp,COREF,115,she,140389,140392,6,731,7,M_2696,Other
2697,booknlp,COREF,115,she,140436,140439,6,731,7,M_2697,Other
2698,booknlp,COREF,115,her,140463,140466,6,731,7,M_2698,Other
2699,exp,exp_name,miss bartlett,Miss Bartlett,140522,140535,6,731,7,M_2699,PROPN
2700,exp,exp_name,miss bartlett,Miss Bartlett,140555,140568,6,731,7,M_2700,PROPN
2701,exp,exp_name,miss bartlett,Miss Bartlett,140643,140656,6,731,7,M_2701,PROPN
2702,booknlp,COREF,115,She,140723,140726,6,731,7,M_2702,Other
2703,booknlp,COREF,115,she,140790,140793,6,731,7,M_2703,Other
2704,exp,exp_name,the girl,the girl,140854,140862,19,731,7,M_2704,PROPN
2705,exp,exp_name,lucy,Lucy,141138,141142,4,732,7,M_2705,PROPN
2706,booknlp,COREF,116,her,141262,141265,4,732,7,M_2706,Other
2707,booknlp,COREF,116,her,141280,141283,4,732,7,M_2707,Other
2708,booknlp,COREF,116,she,141369,141372,4,732,7,M_2708,Other
2709,booknlp,COREF,116,herself,141380,141387,4,732,7,M_2709,Other
2710,booknlp,COREF,116,she,141525,141528,4,733,7,M_2710,Other
2711,booknlp,COREF,116,she,141561,141564,4,733,7,M_2711,Other
2712,booknlp,COREF,116,she,141578,141581,4,733,7,M_2712,Other
2713,booknlp,COREF,116,she,141651,141654,4,733,7,M_2713,Other
2714,booknlp,COREF,116,her,141731,141734,4,733,7,M_2714,Other
2715,booknlp,COREF,116,hers,141771,141775,4,734,7,M_2715,Other
2716,booknlp,COREF,116,She,141777,141780,4,734,7,M_2716,Other
2717,booknlp,COREF,116,her,141810,141813,4,734,7,M_2717,Other
2718,booknlp,COREF,116,she,141819,141822,4,734,7,M_2718,Other
2719,booknlp,COREF,116,she,141869,141872,4,734,7,M_2719,Other
2720,booknlp,COREF,116,she,141965,141968,4,735,7,M_2720,Other
2721,exp,exp_name,miss bartlett,Miss Bartlett,142038,142051,6,735,7,M_2721,PROPN
2722,booknlp,COREF,115,her,142059,142062,6,735,7,M_2722,Other
2723,booknlp,COREF,115,her,142077,142080,6,735,7,M_2723,Other
2724,booknlp,COREF,115,I,142095,142096,6,736,7,M_2724,Other
2725,pdnc,qID,Q509-0,you,142116,142119,2,736,7,M_2725,Other
2726,pdnc,qID,Q509-0,Mr. Emerson,142141,142152,2,736,7,M_2726,PROPN
2727,exp,exp_name,miss bartlett,Miss Bartlett,142199,142212,6,737,7,M_2727,PROPN
2728,pdnc,qID,Q510-0,Mr. Emerson,142232,142243,2,737,7,M_2728,PROPN
2729,exp,exp_name,lucy,Lucy,142327,142331,4,739,7,M_2729,PROPN
2730,booknlp,COREF,116,I,142383,142384,4,739,7,M_2730,Other
2731,booknlp,COREF,116,I,142409,142410,4,739,7,M_2731,Other
2732,exp,exp_name,miss bartlett,Miss Bartlett,142441,142454,6,740,7,M_2732,PROPN
2733,pdnc,qID,Q512-0,dear,142496,142500,4,741,7,M_2733,Other
2734,pdnc,qID,Q512-0,You,142502,142505,4,741,7,M_2734,Other
2735,pdnc,qID,Q512-0,you,142524,142527,4,741,7,M_2735,Other
2736,exp,exp_name,freddy,Freddy,143780,143786,1,747,8,M_2736,PROPN
2737,exp,exp_name,lucy's brother,Lucy's brother,143788,143802,1,747,8,M_2737,PROPN
2738,pdnc,qID,Q513-1,you,143812,143815,17,747,8,M_2738,Other
2739,exp,exp_name,mrs. honeychurch,Mrs. Honeychurch,143903,143919,17,748,8,M_2739,PROPN
2740,exp,exp_name,freddy,Freddy,143986,143992,1,749,8,M_2740,PROPN
2741,pdnc,qID,Q517-0,Cecil,144206,144211,0,752,8,M_2741,Other
2742,pdnc,qID,Q517-0,her,144222,144225,4,752,8,M_2742,Other
2743,pdnc,qID,Q518-0,his,144250,144253,0,753,8,M_2743,Other
2744,pdnc,qID,Q519-0,Freddy,144277,144283,1,754,8,M_2744,PROPN
2745,pdnc,qID,Q519-0,you,144302,144305,1,754,8,M_2745,Other
2746,booknlp,COREF,124,I,144322,144323,1,755,8,M_2746,Other
2747,booknlp,COREF,124,he,144356,144358,1,755,8,M_2747,Other
2748,booknlp,COREF,124,I,144371,144372,1,755,8,M_2748,Other
2749,pdnc,qID,Q520-1,Lucy,144382,144386,4,755,8,M_2749,PROPN
2750,pdnc,qID,Q520-1,her,144411,144414,4,755,8,M_2750,Other
2751,booknlp,COREF,124,I,144431,144432,1,755,8,M_2751,Other
2752,pdnc,qID,Q520-1,she,144473,144476,4,755,8,M_2752,Other
2753,pdnc,qID,Q520-2,she,144518,144521,4,755,8,M_2753,Other
2754,booknlp,COREF,124,I,144579,144580,1,755,8,M_2754,Other
2755,booknlp,COREF,124,I,144596,144597,1,755,8,M_2755,Other
2756,pdnc,qID,Q521-0,you,144630,144633,1,756,8,M_2756,Other
2757,pdnc,qID,Q521-0,dear,144642,144646,1,756,8,M_2757,Other
2758,booknlp,COREF,124,I,144668,144669,1,757,8,M_2758,Other
2759,booknlp,COREF,124,He,144690,144692,1,758,8,M_2759,Other
2760,booknlp,COREF,124,his,144705,144708,1,758,8,M_2760,Other
2761,pdnc,qID,Q523-0,Mrs. Vyse,144755,144764,18,759,8,M_2761,PROPN
2762,exp,exp_name,mrs. vyse,Mrs. Vyse,144780,144789,18,759,8,M_2762,PROPN
2763,pdnc,qID,Q524-0,mother,144800,144806,17,760,8,M_2763,Other
2764,pdnc,qID,Q524-0,you,144808,144811,17,760,8,M_2764,Other
2765,exp,exp_name,mrs. vyse,Mrs. Vyse,144859,144868,18,761,8,M_2765,PROPN
2766,exp,exp_name,cecil,Cecil,144870,144875,0,761,8,M_2766,PROPN
2767,exp,exp_name,lucy,Lucy,144945,144949,4,761,8,M_2767,PROPN
2768,pdnc,qID,Q526-0,Cecil,145014,145019,0,761,8,M_2768,Other
2769,pdnc,qID,Q526-0,He,145049,145051,0,761,8,M_2769,Other
2770,pdnc,qID,Q526-0,he,145157,145159,0,761,8,M_2770,Other
2771,pdnc,qID,Q528-0,You,145199,145202,1,763,8,M_2771,Other
2772,exp,exp_name,freddy,Freddy,145206,145212,1,764,8,M_2772,PROPN
2773,pdnc,qID,Q529-0,you,145231,145234,1,765,8,M_2773,Other
2774,pdnc,qID,Q530-0,He,145244,145246,0,766,8,M_2774,Other
2775,pdnc,qID,Q531-0,him,145314,145317,0,767,8,M_2775,Other
2776,exp,exp_name,the son,the son,145337,145344,35,768,8,M_2776,PROPN
2777,pdnc,qID,Q533-0,Lucy,145420,145424,4,769,8,M_2777,PROPN
2778,pdnc,qID,Q534-0,Cecil,145483,145488,0,770,8,M_2778,Other
2779,booknlp,COREF,116,her,145496,145499,4,770,8,M_2779,Other
2780,booknlp,COREF,116,her,145509,145512,4,770,8,M_2780,Other
2781,exp,exp_name,freddy,Freddy,145681,145687,1,772,8,M_2781,PROPN
2782,booknlp,COREF,124,he,145695,145697,1,773,8,M_2782,Other
2783,booknlp,COREF,124,his,145706,145709,1,773,8,M_2783,Other
2784,exp,exp_name,mrs. honeychurch,Mrs. Honeychurch,145758,145774,17,773,8,M_2784,PROPN
2785,pdnc,qID,Q537-0,Freddy,145802,145808,1,774,8,M_2785,PROPN
2786,pdnc,qID,Q537-0,you,145810,145813,1,774,8,M_2786,Other
2787,pdnc,qID,Q538-0,you,145862,145865,17,775,8,M_2787,Other
2788,exp,exp_name,freddy,Freddy,146047,146053,1,777,8,M_2788,PROPN
2789,booknlp,COREF,124,I,146239,146240,1,778,8,M_2789,Other
2790,booknlp,COREF,124,my,146250,146252,1,778,8,M_2790,Other
2791,pdnc,qID,Q541-0,Cecil,146269,146274,0,778,8,M_2791,Other
2792,booknlp,COREF,124,He,146291,146293,1,778,8,M_2792,Other
2793,booknlp,COREF,124,I,146353,146354,1,778,8,M_2793,Other
2794,booknlp,COREF,124,I,146381,146382,1,778,8,M_2794,Other
2795,booknlp,COREF,124,I,146390,146391,1,778,8,M_2795,Other
2796,pdnc,qID,Q543-0,he,146434,146436,0,778,8,M_2796,Other
2797,booknlp,COREF,124,I,146460,146461,1,778,8,M_2797,Other
2798,booknlp,COREF,124,my,146473,146475,1,778,8,M_2798,Other
2799,pdnc,qID,Q543-0,He,146491,146493,0,778,8,M_2799,Other
2800,pdnc,qID,Q543-0,Lucy,146555,146559,4,778,8,M_2800,PROPN
2801,pdnc,qID,Q543-0,he,146594,146596,0,778,8,M_2801,Other
2802,pdnc,qID,Q543-0,her,146605,146608,4,778,8,M_2802,Other
2803,pdnc,qID,Q543-0,he,146614,146616,0,778,8,M_2803,Other
2804,pdnc,qID,Q543-0,he,146639,146641,0,778,8,M_2804,Other
2805,pdnc,qID,Q543-0,his,146667,146670,0,778,8,M_2805,Other
2806,pdnc,qID,Q544-0,you,146687,146690,1,779,8,M_2806,Other
2807,pdnc,qID,Q545-1,He,146848,146850,0,780,8,M_2807,Other
2808,pdnc,qID,Q546-0,Ridiculous child,146884,146900,1,781,8,M_2808,Other
2809,pdnc,qID,Q546-1,You,146922,146925,1,781,8,M_2809,Other
2810,pdnc,qID,Q546-1,you,146932,146935,1,781,8,M_2810,Other
2811,pdnc,qID,Q546-1,you,147005,147008,1,781,8,M_2811,Other
2812,pdnc,qID,Q546-1,Cecil,147033,147038,0,781,8,M_2812,Other
2813,pdnc,qID,Q546-1,you,147083,147086,1,781,8,M_2813,Other
2814,pdnc,qID,Q546-1,he,147099,147101,0,781,8,M_2814,Other
2815,pdnc,qID,Q546-1,your,147108,147112,1,781,8,M_2815,Other
2816,pdnc,qID,Q546-1,you,147128,147131,1,781,8,M_2816,Other
2817,pdnc,qID,Q547-0,mother,147162,147168,17,782,8,M_2817,Other
2818,pdnc,qID,Q547-0,Cecil,147269,147274,0,782,8,M_2818,Other
2819,exp,exp_name,mrs. honeychurch,Mrs. Honeychurch,147420,147436,17,783,8,M_2819,PROPN
2820,pdnc,qID,Q548-1,You,147515,147518,1,783,8,M_2820,Other
2821,pdnc,qID,Q548-1,you,147566,147569,1,783,8,M_2821,Other
2822,pdnc,qID,Q548-1,he,147579,147581,0,783,8,M_2822,Other
2823,pdnc,qID,Q548-1,you,147604,147607,1,783,8,M_2823,Other
2824,pdnc,qID,Q548-1,him,147628,147631,0,783,8,M_2824,Other
2825,pdnc,qID,Q548-1,him,147649,147652,0,783,8,M_2825,Other
2826,pdnc,qID,Q549-1,him,147727,147730,0,784,8,M_2826,Other
2827,pdnc,qID,Q549-1,him,147767,147770,0,784,8,M_2827,Other
2828,pdnc,qID,Q549-1,he,147792,147794,0,784,8,M_2828,Other
2829,pdnc,qID,Q549-1,Lucy,147803,147807,4,784,8,M_2829,PROPN
2830,pdnc,qID,Q550-0,him,147863,147866,0,786,8,M_2830,Other
2831,exp,exp_name,mrs. honeychurch,Mrs. Honeychurch,147874,147890,17,786,8,M_2831,PROPN
2832,pdnc,qID,Q550-1,he,147912,147914,0,786,8,M_2832,Other
2833,pdnc,qID,Q550-1,he,147923,147925,0,786,8,M_2833,Other
2834,pdnc,qID,Q550-1,he,147936,147938,0,786,8,M_2834,Other
2835,pdnc,qID,Q550-1,he,147947,147949,0,786,8,M_2835,Other
2836,pdnc,qID,Q550-1,you,147972,147975,1,786,8,M_2836,Other
2837,pdnc,qID,Q550-1,He,148000,148002,0,786,8,M_2837,Other
2838,pdnc,qID,Q550-1,you,148042,148045,1,786,8,M_2838,Other
2839,pdnc,qID,Q550-1,he,148052,148054,0,786,8,M_2839,Other
2840,pdnc,qID,Q551-0,he,148167,148169,0,786,8,M_2840,Other
2841,pdnc,qID,Q552-0,him,148204,148207,0,787,8,M_2841,Other
2842,pdnc,qID,Q552-0,him,148245,148248,0,787,8,M_2842,Other
2843,pdnc,qID,Q552-0,Lucy,148258,148262,4,787,8,M_2843,PROPN
2844,pdnc,qID,Q552-0,Mr. Beebe,148314,148323,10,787,8,M_2844,PROPN
2845,pdnc,qID,Q553-0,Mr. Beebe,148346,148355,10,788,8,M_2845,PROPN
2846,pdnc,qID,Q553-1,Mr. Beebe,148424,148433,10,788,8,M_2846,PROPN
2847,pdnc,qID,Q554-0,You,148447,148450,17,789,8,M_2847,Other
2848,pdnc,qID,Q554-0,Mr. Beebe,148456,148465,10,789,8,M_2848,PROPN
2849,pdnc,qID,Q554-0,you,148484,148487,17,789,8,M_2849,Other
2850,pdnc,qID,Q554-0,he,148510,148512,10,789,8,M_2850,Other
2851,pdnc,qID,Q554-0,He,148520,148522,10,789,8,M_2851,Other
2852,exp,exp_name,mr. vyse,Mr. Vyse,148530,148538,0,789,8,M_2852,PROPN
2853,pdnc,qID,Q555-0,him,148587,148590,10,789,8,M_2853,Other
2854,pdnc,qID,Q555-0,he,148596,148598,10,789,8,M_2854,Other
2855,pdnc,qID,Q555-0,He,148606,148608,10,789,8,M_2855,Other
2856,booknlp,COREF,119,he,148619,148621,10,789,8,M_2856,Other
2857,pdnc,qID,Q556-0,him,148667,148670,10,789,8,M_2857,Other
2858,pdnc,qID,Q556-0,Cecil,148715,148720,0,789,8,M_2858,Other
2859,pdnc,qID,Q556-0,Lucy,148736,148740,4,789,8,M_2859,PROPN
2860,booknlp,COREF,198,he,148741,148743,0,789,8,M_2860,Other
2861,pdnc,qID,Q557-0,dear,148814,148818,1,790,8,M_2861,Other
2862,pdnc,qID,Q557-0,Cecil,148850,148855,0,790,8,M_2862,Other
2863,booknlp,COREF,198,he,148864,148866,0,790,8,M_2863,Other
2864,pdnc,qID,Q557-0,Lucy,148876,148880,4,790,8,M_2864,PROPN
2865,exp,exp_name,freddy,Freddy,148945,148951,1,791,8,M_2865,PROPN
2866,booknlp,COREF,124,his,148991,148994,1,791,8,M_2866,Other
2867,exp,exp_name,cecil,Cecil,149030,149035,0,791,8,M_2867,PROPN
2868,exp,exp_name,cecil,Cecil,149090,149095,0,791,8,M_2868,PROPN
2869,exp,exp_name,cecil,Cecil,149161,149166,0,791,8,M_2869,PROPN
2870,booknlp,COREF,124,his,149244,149247,1,791,8,M_2870,Other
2871,exp,exp_name,freddy,Freddy,149264,149270,1,791,8,M_2871,PROPN
2872,booknlp,COREF,124,himself,149279,149286,1,791,8,M_2872,Other
2873,booknlp,COREF,124,He,149288,149290,1,791,8,M_2873,Other
2874,booknlp,COREF,124,he,149311,149313,1,791,8,M_2874,Other
2875,booknlp,COREF,124,his,149388,149391,1,792,8,M_2875,Other
2876,exp,exp_name,mrs. vyse,Mrs. Vyse,149407,149416,18,792,8,M_2876,PROPN
2877,exp,exp_name,cecil,Cecil,149419,149424,0,792,8,M_2877,PROPN
2878,exp,exp_name,lucy,Lucy,149493,149497,4,792,8,M_2878,PROPN
2879,exp,exp_name,lucy,Lucy,149553,149557,4,792,8,M_2879,PROPN
2880,exp,exp_name,lucy,Lucy,149615,149619,4,792,8,M_2880,PROPN
2881,exp,exp_name,lucy,Lucy,149628,149632,4,792,8,M_2881,PROPN
2882,pdnc,qID,Q558-3,Mrs. Vyse,149749,149758,18,792,8,M_2882,PROPN
2883,pdnc,qID,Q558-3,She,149786,149789,18,792,8,M_2883,Other
2884,pdnc,qID,Q558-3,her,149825,149828,18,792,8,M_2884,Other
2885,exp,exp_name,the maid,the maid,149894,149902,23,792,8,M_2885,PROPN
2886,pdnc,qID,Q558-3,She,149961,149964,18,792,8,M_2886,Other
2887,pdnc,qID,Q559-0,Lucy,150005,150009,4,793,8,M_2887,PROPN
2888,pdnc,qID,Q559-0,Cecil,150018,150023,0,793,8,M_2888,Other
2889,pdnc,qID,Q559-0,she,150031,150034,4,793,8,M_2889,Other
2890,exp,exp_name,lucy,Lucy,150178,150182,4,794,8,M_2890,PROPN
2891,booknlp,COREF,116,she,150207,150210,4,794,8,M_2891,Other
2892,booknlp,COREF,116,she,150236,150239,4,794,8,M_2892,Other
2893,booknlp,COREF,116,her,150276,150279,4,794,8,M_2893,Other
2894,booknlp,COREF,116,she,150366,150369,4,794,8,M_2894,Other
2895,exp,exp_name,freddy,Freddy,150452,150458,1,795,8,M_2895,PROPN
2896,exp,exp_name,mrs. honeychurch,Mrs. Honeychurch,150461,150477,17,796,8,M_2896,PROPN
2897,exp,exp_name,mrs. vyse,Mrs. Vyse,150525,150534,18,797,8,M_2897,PROPN
2898,exp,exp_name,cecil,Cecil,150537,150542,0,797,8,M_2898,PROPN
2899,exp,exp_name,lucy,Lucy,150611,150615,4,797,8,M_2899,PROPN
2900,exp,exp_name,lucy,Lucy,150643,150647,4,797,8,M_2900,PROPN
2901,exp,exp_name,lucy,Lucy,150656,150660,4,797,8,M_2901,PROPN
2902,exp,exp_name,lucy,Lucy,150754,150758,4,797,8,M_2902,PROPN
2903,booknlp,COREF,116,she,150783,150786,4,797,8,M_2903,Other
2904,exp,exp_name,freddy,Freddy,150849,150855,1,798,8,M_2904,PROPN
2905,exp,exp_name,cecil,Cecil,150880,150885,0,800,8,M_2905,PROPN
2906,booknlp,COREF,198,He,150926,150928,0,800,8,M_2906,Other
2907,exp,exp_name,honeychurch,Honeychurch,150947,150958,1,800,8,M_2907,PROPN
2908,booknlp,COREF,198,he,151025,151027,0,800,8,M_2908,Other
2909,exp,exp_name,lucy,Lucy,151372,151376,4,800,8,M_2909,PROPN
2910,exp,exp_name,cecil,Cecil,151502,151507,0,801,8,M_2910,PROPN
2911,exp,exp_name,cecil,Cecil,151552,151557,0,802,8,M_2911,PROPN
2912,booknlp,COREF,198,He,151585,151587,0,802,8,M_2912,Other
2913,booknlp,COREF,198,he,151784,151786,0,802,8,M_2913,Other
2914,booknlp,COREF,198,he,151925,151927,0,802,8,M_2914,Other
2915,exp,exp_name,mr. beebe,Mr. Beebe,152189,152198,10,802,8,M_2915,PROPN
2916,exp,exp_name,freddy,Freddy,152210,152216,1,802,8,M_2916,PROPN
2917,booknlp,COREF,124,he,152275,152277,1,802,8,M_2917,Other
2918,exp,exp_name,cecil,Cecil,152296,152301,0,802,8,M_2918,PROPN
2919,exp,exp_name,mrs. honeychurch,Mrs. Honeychurch,152333,152349,17,803,8,M_2919,PROPN
2920,pdnc,qID,Q566-0,Cecil,152435,152440,0,804,8,M_2920,Other
2921,pdnc,qID,Q566-1,Cecil,152463,152468,0,804,8,M_2921,Other
2922,booknlp,COREF,198,me,152478,152480,0,804,8,M_2922,Other
2923,booknlp,COREF,198,I,152485,152486,0,805,8,M_2923,Other
2924,booknlp,COREF,198,he,152509,152511,0,805,8,M_2924,Other
2925,booknlp,COREF,198,him,152529,152532,0,806,8,M_2925,Other
2926,pdnc,qID,Q568-0,She,152546,152549,4,807,8,M_2926,Other
2927,booknlp,COREF,198,me,152563,152565,0,807,8,M_2927,Other
2928,booknlp,COREF,198,he,152568,152570,0,807,8,M_2928,Other
2929,booknlp,COREF,198,him,152620,152623,0,807,8,M_2929,Other
2930,exp,exp_name,mrs. honeychurch,Mrs. Honeychurch,152698,152714,17,808,8,M_2930,PROPN
2931,exp,exp_name,freddy,Freddy,152722,152728,1,808,8,M_2931,PROPN
2932,exp,exp_name,mrs. honeychurch,Mrs. Honeychurch,153069,153085,17,809,8,M_2932,PROPN
2933,pdnc,qID,Q569-2,you,153168,153171,0,809,8,M_2933,Other
2934,pdnc,qID,Q569-2,our dear Lucy,153182,153195,4,809,8,M_2934,Other
2935,exp,exp_name,mrs. honeychurch,Mrs. Honeychurch,153300,153316,17,811,8,M_2935,PROPN
2936,exp,exp_name,freddy,Freddy,153435,153441,1,811,8,M_2936,PROPN
2937,booknlp,COREF,198,I,153528,153529,0,812,8,M_2937,Other
2938,pdnc,qID,Q572-0,Lucy,153535,153539,4,812,8,M_2938,PROPN
2939,exp,exp_name,cecil,Cecil,153549,153554,0,812,8,M_2939,PROPN
2940,exp,exp_name,lucy,Lucy,153590,153594,4,813,8,M_2940,PROPN
2941,booknlp,COREF,116,She,153615,153618,4,813,8,M_2941,Other
2942,booknlp,COREF,116,she,153675,153678,4,813,8,M_2942,Other
2943,booknlp,COREF,116,she,153722,153725,4,813,8,M_2943,Other
2944,booknlp,COREF,116,her,153730,153733,4,813,8,M_2944,Other
2945,booknlp,COREF,116,Her,153750,153753,4,813,8,M_2945,Other
2946,booknlp,COREF,116,she,153771,153774,4,813,8,M_2946,Other
2947,booknlp,COREF,116,her,153787,153790,4,813,8,M_2947,Other
2948,booknlp,COREF,116,her,153847,153850,4,814,8,M_2948,Other
2949,exp,exp_name,lucy,Lucy,153860,153864,4,815,8,M_2949,PROPN
2950,booknlp,COREF,116,you,153890,153893,4,816,8,M_2950,Other
2951,pdnc,qID,Q575-0,them,153899,153903,17,816,8,M_2951,Other
2952,pdnc,qID,Q575-0,Mrs. Honeychurch,153929,153945,17,816,8,M_2952,PROPN
2953,exp,exp_name,cecil,Cecil,153961,153966,0,816,8,M_2953,PROPN
2954,booknlp,COREF,198,I,153983,153984,0,816,8,M_2954,Other
2955,pdnc,qID,Q575-1,my mother,154006,154015,18,816,8,M_2955,Other
2956,pdnc,qID,Q576-0,Lucy,154031,154035,4,817,8,M_2956,PROPN
2957,exp,exp_name,freddy,Freddy,154043,154049,1,817,8,M_2957,PROPN
2958,pdnc,qID,Q577-0,you,154079,154082,1,818,8,M_2958,Other
2959,pdnc,qID,Q577-0,Lucy,154091,154095,4,818,8,M_2959,PROPN
2960,exp,exp_name,cecil,Cecil,154130,154135,0,819,8,M_2960,PROPN
2961,booknlp,COREF,198,he,154227,154229,0,819,8,M_2961,Other
2962,booknlp,COREF,198,he,154466,154468,0,820,8,M_2962,Other
2963,booknlp,COREF,198,He,154553,154555,0,821,8,M_2963,Other
2964,exp,exp_name,lucy,Lucy,154566,154570,4,821,8,M_2964,PROPN
2965,booknlp,COREF,198,He,154649,154651,0,821,8,M_2965,Other
2966,booknlp,COREF,198,his,154673,154676,0,821,8,M_2966,Other
2967,booknlp,COREF,116,she,154717,154720,4,821,8,M_2967,Other
2968,booknlp,COREF,116,her,154725,154728,4,821,8,M_2968,Other
2969,booknlp,COREF,198,him,154753,154756,0,821,8,M_2969,Other
2970,booknlp,COREF,116,she,154824,154827,4,821,8,M_2970,Other
2971,booknlp,COREF,116,her,154928,154931,4,821,8,M_2971,Other
2972,booknlp,COREF,116,her,154941,154944,4,821,8,M_2972,Other
2973,booknlp,COREF,198,he,154963,154965,0,821,8,M_2973,Other
2974,booknlp,COREF,116,her,154994,154997,4,821,8,M_2974,Other
2975,booknlp,COREF,198,he,155011,155013,0,821,8,M_2975,Other
2976,booknlp,COREF,116,her,155026,155029,4,821,8,M_2976,Other
2977,booknlp,COREF,116,She,155053,155056,4,821,8,M_2977,Other
2978,exp,exp_name,leonardo,Leonardo,155077,155085,28,821,8,M_2978,PROPN
2979,booknlp,COREF,116,herself,155127,155134,4,821,8,M_2979,Other
2980,booknlp,COREF,116,she,155158,155161,4,821,8,M_2980,Other
2981,exp,exp_name,leonardo,Leonardo,155235,155243,28,821,8,M_2981,PROPN
2982,booknlp,COREF,116,She,155290,155293,4,821,8,M_2982,Other
2983,booknlp,COREF,198,he,155382,155384,0,822,8,M_2983,Other
2984,booknlp,COREF,198,he,155473,155475,0,822,8,M_2984,Other
2985,booknlp,COREF,116,her,155490,155493,4,822,8,M_2985,Other
2986,booknlp,COREF,198,him,155553,155556,0,822,8,M_2986,Other
2987,booknlp,COREF,116,she,155570,155573,4,822,8,M_2987,Other
2988,booknlp,COREF,116,Her,155613,155616,4,822,8,M_2988,Other
2989,booknlp,COREF,116,she,155689,155692,4,822,8,M_2989,Other
2990,booknlp,COREF,198,him,155722,155725,0,822,8,M_2990,Other
2991,booknlp,COREF,198,he,155809,155811,0,822,8,M_2991,Other
2992,booknlp,COREF,116,her,155822,155825,4,822,8,M_2992,Other
2993,booknlp,COREF,116,She,155863,155866,4,822,8,M_2993,Other
2994,booknlp,COREF,198,him,155876,155879,0,822,8,M_2994,Other
2995,exp,exp_name,leonardo,Leonardo,155885,155893,28,822,8,M_2995,PROPN
2996,booknlp,COREF,116,her,155910,155913,4,822,8,M_2996,Other
2997,booknlp,COREF,198,his,155968,155971,0,822,8,M_2997,Other
2998,booknlp,COREF,116,she,155978,155981,4,822,8,M_2998,Other
2999,booknlp,COREF,198,him,156011,156014,0,822,8,M_2999,Other
3000,booknlp,COREF,116,her,156061,156064,4,822,8,M_3000,Other
3001,booknlp,COREF,198,He,156066,156068,0,822,8,M_3001,Other
3002,booknlp,COREF,116,her,156086,156089,4,822,8,M_3002,Other
3003,booknlp,COREF,198,he,156199,156201,0,823,8,M_3003,Other
3004,booknlp,COREF,116,her,156212,156215,4,823,8,M_3004,Other
3005,booknlp,COREF,116,she,156258,156261,4,823,8,M_3005,Other
3006,booknlp,COREF,198,him,156275,156278,0,823,8,M_3006,Other
3007,booknlp,COREF,116,her,156306,156309,4,823,8,M_3007,Other
3008,booknlp,COREF,116,she,156340,156343,4,823,8,M_3008,Other
3009,booknlp,COREF,198,him,156350,156353,0,823,8,M_3009,Other
3010,booknlp,COREF,116,her,156367,156370,4,823,8,M_3010,Other
3011,booknlp,COREF,198,him,156384,156387,0,823,8,M_3011,Other
3012,booknlp,COREF,198,His,156395,156398,0,823,8,M_3012,Other
3013,booknlp,COREF,198,he,156459,156461,0,823,8,M_3013,Other
3014,booknlp,COREF,198,his,156506,156509,0,824,8,M_3014,Other
3015,exp,exp_name,freddy,Freddy,156531,156537,1,824,8,M_3015,PROPN
3016,booknlp,COREF,198,he,156570,156572,0,824,8,M_3016,Other
3017,booknlp,COREF,198,he,156607,156609,0,824,8,M_3017,Other
3018,exp,exp_name,mrs. vyse,Mrs. Vyse,156620,156629,18,824,8,M_3018,PROPN
3019,booknlp,COREF,198,He,156660,156662,0,824,8,M_3019,Other
3020,booknlp,COREF,198,his,156772,156775,0,824,8,M_3020,Other
3021,booknlp,COREF,198,he,156788,156790,0,825,8,M_3021,Other
3022,booknlp,COREF,198,he,157057,157059,0,825,8,M_3022,Other
3023,exp,exp_name,mrs. honeychurch,Mrs. Honeychurch,157252,157268,17,825,8,M_3023,PROPN
3024,booknlp,COREF,198,He,157279,157281,0,825,8,M_3024,Other
3025,booknlp,COREF,198,his,157316,157319,0,825,8,M_3025,Other
3026,booknlp,COREF,198,he,157365,157367,0,825,8,M_3026,Other
3027,booknlp,COREF,198,his,157407,157410,0,825,8,M_3027,Other
3028,booknlp,COREF,198,him,157445,157448,0,825,8,M_3028,Other
3029,booknlp,COREF,198,his,157454,157457,0,825,8,M_3029,Other
3030,booknlp,COREF,198,he,157466,157468,0,825,8,M_3030,Other
3031,booknlp,COREF,198,his,157495,157498,0,825,8,M_3031,Other
3032,exp,exp_name,lucy,Lucy,157520,157524,4,825,8,M_3032,PROPN
3033,booknlp,COREF,198,he,157526,157528,0,825,8,M_3033,Other
3034,booknlp,COREF,198,him,157594,157597,0,825,8,M_3034,Other
3035,booknlp,COREF,198,he,157606,157608,0,825,8,M_3035,Other
3036,exp,exp_name,mrs. honeychurch,Mrs. Honeychurch,157637,157653,17,825,8,M_3036,PROPN
3037,exp,exp_name,freddy,Freddy,157709,157715,1,825,8,M_3037,PROPN
3038,booknlp,COREF,198,he,157737,157739,0,825,8,M_3038,Other
3039,booknlp,COREF,198,he,157876,157878,0,826,8,M_3039,Other
3040,exp,exp_name,lucy,Lucy,157901,157905,4,826,8,M_3040,PROPN
3041,booknlp,COREF,198,he,157940,157942,0,826,8,M_3041,Other
3042,booknlp,COREF,198,he,157975,157977,0,826,8,M_3042,Other
3043,booknlp,COREF,116,her,157997,158000,4,826,8,M_3043,Other
3044,pdnc,qID,Q579-0,Mr. Beebe,158052,158061,10,827,8,M_3044,PROPN
3045,exp,exp_name,the maid,the maid,158069,158077,23,827,8,M_3045,PROPN
3046,exp,exp_name,lucy,Lucy,158184,158188,4,827,8,M_3046,PROPN
3047,booknlp,COREF,116,her,158208,158211,4,827,8,M_3047,Other
3048,exp,exp_name,cecil,Cecil,158236,158241,0,828,8,M_3048,PROPN
3049,booknlp,COREF,2625,I,158275,158276,23,829,8,M_3049,Other
3050,exp,exp_name,mr. vyse,Mr. Vyse,158294,158302,0,829,8,M_3050,PROPN
3051,pdnc,qID,Q580-0,you,158307,158310,0,829,8,M_3051,Other
3052,booknlp,COREF,2625,I,158324,158325,23,829,8,M_3052,Other
3053,booknlp,COREF,116,I,158343,158344,4,830,8,M_3053,Other
3054,exp,exp_name,honeychurch,Honeychurch,158428,158439,1,830,8,M_3054,PROPN
3055,booknlp,COREF,198,I,158475,158476,0,832,8,M_3055,Other
3056,exp,exp_name,cecil,Cecil,158489,158494,0,832,8,M_3056,PROPN
3057,booknlp,COREF,198,I,158497,158498,0,832,8,M_3057,Other
3058,booknlp,COREF,198,I,158505,158506,0,832,8,M_3058,Other
3059,pdnc,qID,Q583-1,Mrs. Honeychurch,158523,158539,17,832,8,M_3059,PROPN
3060,exp,exp_name,cecil,Cecil,158557,158562,0,833,8,M_3060,PROPN
3061,booknlp,COREF,198,he,158621,158623,0,833,8,M_3061,Other
3062,booknlp,COREF,198,he,158703,158705,0,833,8,M_3062,Other
3063,booknlp,COREF,198,I,158777,158778,0,835,8,M_3063,Other
3064,pdnc,qID,Q585-0,you,158796,158799,10,835,8,M_3064,Other
3065,exp,exp_name,cecil,Cecil,158807,158812,0,835,8,M_3065,PROPN
3066,exp,exp_name,mr. beebe,Mr. Beebe,158823,158832,10,836,8,M_3066,PROPN
3067,exp,exp_name,nature,nature,158869,158875,29,836,8,M_3067,PROPN
3068,pdnc,qID,Q586-0,Sir Harry Otway,158903,158918,21,837,8,M_3068,PROPN
3069,pdnc,qID,Q586-0,He,158991,158993,21,837,8,M_3069,Other
3070,pdnc,qID,Q586-0,Mr. Flack,159028,159037,40,837,8,M_3070,PROPN
3071,pdnc,qID,Q587-0,he,159046,159048,21,838,8,M_3071,Other
3072,exp,exp_name,cecil,Cecil,159063,159068,0,838,8,M_3072,PROPN
3073,booknlp,COREF,198,himself,159088,159095,0,838,8,M_3073,Other
3074,booknlp,COREF,198,he,159131,159133,0,838,8,M_3074,Other
3075,booknlp,COREF,198,his,159204,159207,0,838,8,M_3075,Other
3076,booknlp,COREF,198,his,159248,159251,0,838,8,M_3076,Other
3077,booknlp,COREF,198,he,159284,159286,0,838,8,M_3077,Other
3078,booknlp,COREF,198,he,159325,159327,0,838,8,M_3078,Other
3079,exp,exp_name,mr. beebe,Mr. Beebe,159342,159351,10,838,8,M_3079,PROPN
3080,pdnc,qID,Q588-0,Mrs. Honeychurch,159550,159566,17,839,8,M_3080,PROPN
3081,pdnc,qID,Q588-0,you,159573,159576,0,839,8,M_3081,Other
3082,exp,exp_name,mr. beebe,Mr. Beebe,159998,160007,10,841,8,M_3082,PROPN
3083,pdnc,qID,Q590-0,Mr. Vyse,160113,160121,0,842,8,M_3083,PROPN
3084,pdnc,qID,Q590-0,your ,160141,160146,0,842,8,M_3084,Other
3085,booknlp,COREF,198,I,160161,160162,0,843,8,M_3085,Other
3086,exp,exp_name,cecil,Cecil,160189,160194,0,843,8,M_3086,PROPN
3087,booknlp,COREF,198,my,160222,160224,0,843,8,M_3087,Other
3088,booknlp,COREF,198,My,160236,160238,0,843,8,M_3088,Other
3089,booknlp,COREF,198,I,160295,160296,0,843,8,M_3089,Other
3090,booknlp,COREF,198,I,160322,160323,0,843,8,M_3090,Other
3091,booknlp,COREF,198,I,160346,160347,0,843,8,M_3091,Other
3092,booknlp,COREF,198,I,160354,160355,0,843,8,M_3092,Other
3093,booknlp,COREF,198,I,160361,160362,0,843,8,M_3093,Other
3094,booknlp,COREF,198,myself,160416,160422,0,843,8,M_3094,Other
3095,booknlp,COREF,198,I,160433,160434,0,843,8,M_3095,Other
3096,booknlp,COREF,198,I,160474,160475,0,843,8,M_3096,Other
3097,pdnc,qID,Q592-0,You,160506,160509,0,844,8,M_3097,Other
3098,exp,exp_name,mr. beebe,Mr. Beebe,160536,160545,10,844,8,M_3098,PROPN
3099,booknlp,COREF,119,His,160608,160611,10,845,8,M_3099,Other
3100,booknlp,COREF,119,he,160644,160646,10,845,8,M_3100,Other
3101,booknlp,COREF,119,his,160665,160668,10,845,8,M_3101,Other
3102,booknlp,COREF,119,He,160697,160699,10,845,8,M_3102,Other
3103,booknlp,COREF,119,I,160787,160788,10,846,8,M_3103,Other
3104,pdnc,qID,Q593-0,you,160802,160805,10,846,8,M_3104,Other
3105,booknlp,COREF,119,I,160815,160816,10,846,8,M_3105,Other
3106,pdnc,qID,Q593-0,Freddy Honeychurch,160863,160881,1,846,8,M_3106,PROPN
3107,pdnc,qID,Q594-0,Freddy,160890,160896,1,847,8,M_3107,PROPN
3108,pdnc,qID,Q594-0,he,160918,160920,1,847,8,M_3108,Other
3109,exp,exp_name,cecil,Cecil,160981,160986,0,849,8,M_3109,PROPN
3110,booknlp,COREF,198,himself,160999,161006,0,849,8,M_3110,Other
3111,booknlp,COREF,198,he,161044,161046,0,849,8,M_3111,Other
3112,booknlp,COREF,198,He,161071,161073,0,849,8,M_3112,Other
3113,exp,exp_name,mr. beebe,Mr. Beebe,161123,161132,10,849,8,M_3113,PROPN
3114,booknlp,COREF,198,he,161164,161166,0,849,8,M_3114,Other
3115,booknlp,COREF,198,he,161198,161200,0,849,8,M_3115,Other
3116,exp,exp_name,the clergyman,the clergyman,161211,161224,32,849,8,M_3116,PROPN
3117,booknlp,COREF,335,his,161234,161237,32,849,8,M_3117,Other
3118,booknlp,COREF,335,his,161258,161261,32,849,8,M_3118,Other
3119,exp,exp_name,mr. beebe,Mr. Beebe,161345,161354,10,850,8,M_3119,PROPN
3120,booknlp,COREF,119,I,161365,161366,10,850,8,M_3120,Other
3121,booknlp,COREF,198,I,161419,161420,0,851,8,M_3121,Other
3122,pdnc,qID,Q597-0,Anne ,161429,161434,36,851,8,M_3122,PROPN
3123,booknlp,COREF,198,you,161450,161453,0,851,8,M_3123,Other
3124,pdnc,qID,Q597-0,Anne ,161547,161552,36,851,8,M_3124,PROPN
3125,pdnc,qID,Q597-0,she,161560,161563,36,851,8,M_3125,Other
3126,booknlp,COREF,198,your,161569,161573,0,851,8,M_3126,Other
3127,pdnc,qID,Q597-0,she,161586,161589,36,851,8,M_3127,Other
3128,booknlp,COREF,198,you,161596,161599,0,851,8,M_3128,Other
3129,pdnc,qID,Q597-0,her,161641,161644,36,851,8,M_3129,Other
3130,pdnc,qID,Q597-0,Mary,161665,161669,39,851,8,M_3130,PROPN
3131,booknlp,COREF,198,I,161671,161672,0,851,8,M_3131,Other
3132,pdnc,qID,Q597-0,Mary,161694,161698,39,851,8,M_3132,PROPN
3133,booknlp,COREF,119,I,161757,161758,10,852,8,M_3133,Other
3134,pdnc,qID,Q598-0,Mary,161778,161782,39,852,8,M_3134,PROPN
3135,pdnc,qID,Q598-0,She,161784,161787,39,852,8,M_3135,Other
3136,pdnc,qID,Q599-0,Euphemia,161849,161857,37,853,8,M_3136,Other
3137,pdnc,qID,Q599-0,she,161866,161869,37,853,8,M_3137,Other
3138,pdnc,qID,Q600-0,Freddy,161999,162005,1,855,8,M_3138,PROPN
3139,exp,exp_name,cecil,Cecil,162009,162014,0,855,8,M_3139,PROPN
3140,pdnc,qID,Q601-0,he,162032,162034,1,856,8,M_3140,Other
3141,pdnc,qID,Q601-0, his mother,162059,162070,17,856,8,M_3141,Other
3142,pdnc,qID,Q601-0,Freddy,162098,162104,1,856,8,M_3142,PROPN
3143,exp,exp_name,miss honeychurch,Miss Honeychurch,162124,162140,4,856,8,M_3143,PROPN
3144,booknlp,COREF,116,She,162171,162174,4,857,8,M_3144,Other
3145,booknlp,COREF,198,I,162230,162231,0,858,8,M_3145,Other
3146,booknlp,COREF,116,she,162256,162259,4,858,8,M_3146,Other
3147,booknlp,COREF,198,I,162288,162289,0,860,8,M_3147,Other
3148,booknlp,COREF,198,I,162305,162306,0,860,8,M_3148,Other
3149,booknlp,COREF,198,my,162326,162328,0,860,8,M_3149,Other
3150,pdnc,qID,Q605-0,Miss Honeychurch,162346,162362,4,860,8,M_3150,PROPN
3151,pdnc,qID,Q605-0,she,162393,162396,4,860,8,M_3151,Other
3152,booknlp,COREF,198,I,162446,162447,0,860,8,M_3152,Other
3153,pdnc,qID,Q605-0,she,162469,162472,4,860,8,M_3153,Other
3154,pdnc,qID,Q605-0,her,162532,162535,4,860,8,M_3154,Other
3155,pdnc,qID,Q605-0,her,162604,162607,4,860,8,M_3155,Other
3156,exp,exp_name,cecil,Cecil,162683,162688,0,861,8,M_3156,PROPN
3157,booknlp,COREF,198,his,162695,162698,0,861,8,M_3157,Other
3158,pdnc,qID,Q606-0,you,162739,162742,10,862,8,M_3158,Other
3159,pdnc,qID,Q606-0,her,162749,162752,4,862,8,M_3159,Other
3160,pdnc,qID,Q607-0,her,162823,162826,4,863,8,M_3160,Other
3161,pdnc,qID,Q607-0,she,162853,162856,4,863,8,M_3161,Other
3162,pdnc,qID,Q607-0,she,162923,162926,4,863,8,M_3162,Other
3163,pdnc,qID,Q607-0,You,162942,162945,0,863,8,M_3163,Other
3164,pdnc,qID,Q607-0,her,162950,162953,4,863,8,M_3164,Other
3165,pdnc,qID,Q607-0,you,162962,162965,0,863,8,M_3165,Other
3166,pdnc,qID,Q607-0,you,163017,163020,0,863,8,M_3166,Other
3167,pdnc,qID,Q607-0,her,163026,163029,4,863,8,M_3167,Other
3168,pdnc,qID,Q607-0,she,163042,163045,4,863,8,M_3168,Other
3169,pdnc,qID,Q607-0,she,163112,163115,4,863,8,M_3169,Other
3170,pdnc,qID,Q609-0,you,163258,163261,0,866,8,M_3170,Other
3171,pdnc,qID,Q609-0,she,163272,163275,4,866,8,M_3171,Other
3172,pdnc,qID,Q609-0,she,163322,163325,4,866,8,M_3172,Other
3173,pdnc,qID,Q609-0,you,163377,163380,0,866,8,M_3173,Other
3174,pdnc,qID,Q609-0,Miss Honeychurch,163422,163438,4,866,8,M_3174,PROPN
3175,pdnc,qID,Q609-0,Miss Bartlett,163450,163463,6,866,8,M_3175,PROPN
3176,pdnc,qID,Q611-0,Miss Honeychurch,163748,163764,4,869,8,M_3176,PROPN
3177,pdnc,qID,Q611-0,Miss Bartlett,163805,163818,6,869,8,M_3177,PROPN
3178,exp,exp_name,lucy,Lucy,164098,164102,4,871,8,M_3178,PROPN
3179,pdnc,qID,Q613-0,you,164150,164153,0,872,8,M_3179,Other
3180,booknlp,COREF,198,I,164163,164164,0,873,8,M_3180,Other
3181,exp,exp_name,cecil,Cecil,164178,164183,0,873,8,M_3181,PROPN
3182,pdnc,qID,Q614-1,she,164199,164202,4,873,8,M_3182,Other
3183,booknlp,COREF,198,me,164221,164223,0,873,8,M_3183,Other
3184,exp,exp_name,the clergyman,The clergyman,164227,164240,32,874,8,M_3184,PROPN
3185,booknlp,COREF,335,he,164291,164293,32,874,8,M_3185,Other
3186,booknlp,COREF,335,his,164316,164319,32,874,8,M_3186,Other
3187,booknlp,COREF,335,I,164329,164330,32,875,8,M_3187,Other
3188,booknlp,COREF,335,I,164341,164342,32,875,8,M_3188,Other
3189,booknlp,COREF,335,I,164359,164360,32,875,8,M_3189,Other
3190,pdnc,qID,Q615-0,you,164373,164376,0,875,8,M_3190,Other
3191,pdnc,qID,Q615-0,her,164396,164399,4,875,8,M_3191,Other
3192,booknlp,COREF,335,I,164404,164405,32,875,8,M_3192,Other
3193,pdnc,qID,Q615-0,Mr. Vyse,164466,164474,0,875,8,M_3193,PROPN
3194,pdnc,qID,Q615-0,you,164476,164479,0,875,8,M_3194,Other
3195,booknlp,COREF,335,me,164502,164504,32,875,8,M_3195,Other
3196,booknlp,COREF,335,he,164527,164529,32,875,8,M_3196,Other
3197,exp,exp_name,lucy,Lucy,164534,164538,4,875,8,M_3197,PROPN
3198,booknlp,COREF,116,herself,164539,164546,4,875,8,M_3198,Other
3199,booknlp,COREF,335,he,164553,164555,32,875,8,M_3199,Other
3200,exp,exp_name,cecil,Cecil,164575,164580,0,876,8,M_3200,PROPN
3201,booknlp,COREF,198,his,164646,164649,0,876,8,M_3201,Other
3202,booknlp,COREF,198,his,164695,164698,0,876,8,M_3202,Other
3203,booknlp,COREF,198,he,164743,164745,0,876,8,M_3203,Other
3204,booknlp,COREF,198,he,164845,164847,0,876,8,M_3204,Other
3205,booknlp,COREF,198,he,164902,164904,0,876,8,M_3205,Other
3206,booknlp,COREF,198,he,164932,164934,0,877,8,M_3206,Other
3207,booknlp,COREF,198,I,164959,164960,0,878,8,M_3207,Other
3208,booknlp,COREF,198,I,164970,164971,0,878,8,M_3208,Other
3209,pdnc,qID,Q616-0,you,164983,164986,10,878,8,M_3209,Other
3210,booknlp,COREF,198,he,164997,164999,0,878,8,M_3210,Other
3211,booknlp,COREF,198,I,165013,165014,0,878,8,M_3211,Other
3212,pdnc,qID,Q616-1,Lucy,165025,165029,4,878,8,M_3212,PROPN
3213,pdnc,qID,Q616-1,your ,165058,165063,10,878,8,M_3213,Other
3214,booknlp,COREF,335,you,165090,165093,32,879,8,M_3214,Other
3215,booknlp,COREF,198,me,165116,165118,0,879,8,M_3215,Other
3216,booknlp,COREF,198,I,165120,165121,0,879,8,M_3216,Other
3217,pdnc,qID,Q617-0,Miss Honeychurch,165127,165143,4,879,8,M_3217,PROPN
3218,booknlp,COREF,198,I,165180,165181,0,879,8,M_3218,Other
3219,pdnc,qID,Q617-0,her,165209,165212,4,879,8,M_3219,Other
3220,booknlp,COREF,335,you,165256,165259,32,879,8,M_3220,Other
3221,pdnc,qID,Q618-0,You,165264,165267,10,880,8,M_3221,Other
3222,exp,exp_name,mr. beebe,Mr. Beebe,165321,165330,10,881,8,M_3222,PROPN
3223,booknlp,COREF,119,himself,165338,165345,10,881,8,M_3223,Other
3224,exp,exp_name,mr. vyse,Mr. Vyse,165364,165372,0,881,8,M_3224,PROPN
3225,pdnc,qID,Q619-0,her,165554,165557,4,882,8,M_3225,Other
3226,pdnc,qID,Q619-0,she,165643,165646,4,882,8,M_3226,Other
3227,pdnc,qID,Q619-0,She,165679,165682,4,882,8,M_3227,Other
3228,pdnc,qID,Q619-0,She,165697,165700,4,882,8,M_3228,Other
3229,pdnc,qID,Q619-0,you,165713,165716,0,882,8,M_3229,Other
3230,pdnc,qID,Q619-0,she,165766,165769,4,882,8,M_3230,Other
3231,booknlp,COREF,335,you,165844,165847,32,882,8,M_3231,Other
3232,booknlp,COREF,119,him,165902,165905,10,882,8,M_3232,Other
3233,booknlp,COREF,119,his,165914,165917,10,882,8,M_3233,Other
3234,booknlp,COREF,119,He,165947,165949,10,882,8,M_3234,Other
3235,pdnc,qID,Q620-0,She,165974,165977,4,882,8,M_3235,Other
3236,pdnc,qID,Q620-0,you,165997,166000,0,882,8,M_3236,Other
3237,booknlp,COREF,119,his,166010,166013,10,882,8,M_3237,Other
3238,booknlp,COREF,335,your,166076,166080,32,882,8,M_3238,Other
3239,pdnc,qID,Q621-0,her,166091,166094,4,882,8,M_3239,Other
3240,pdnc,qID,Q621-0,her,166122,166125,4,882,8,M_3240,Other
3241,exp,exp_name,cecil,Cecil,166150,166155,0,883,8,M_3241,PROPN
3242,pdnc,qID,Q623-0,you,166190,166193,10,884,8,M_3242,Other
3243,exp,exp_name,mrs. honeychurch,Mrs. Honeychurch,166210,166226,17,884,8,M_3243,PROPN
3244,pdnc,qID,Q623-1,Mr. Beebe,166269,166278,10,884,8,M_3244,PROPN
3245,pdnc,qID,Q623-1,you,166285,166288,10,884,8,M_3245,Other
3246,exp,exp_name,freddy,Freddy,166307,166313,1,885,8,M_3246,PROPN
3247,booknlp,COREF,1186,I,166422,166423,1,886,8,M_3247,Other
3248,booknlp,COREF,1186,he,166431,166433,1,886,8,M_3248,Other
3249,booknlp,COREF,1186,He,166441,166443,1,886,8,M_3249,Other
3250,exp,exp_name,lucy,Lucy,166454,166458,4,886,8,M_3250,PROPN
3251,booknlp,COREF,116,her,166463,166466,4,886,8,M_3251,Other
3252,booknlp,COREF,1186,he,166476,166478,1,886,8,M_3252,Other
3253,pdnc,qID,Q624-1,Mrs. Honeychurch,166552,166568,17,886,8,M_3253,PROPN
3254,booknlp,COREF,1186,I,166570,166571,1,886,8,M_3254,Other
3255,booknlp,COREF,1186,I,166591,166592,1,886,8,M_3255,Other
3256,booknlp,COREF,1186,I,166633,166634,1,886,8,M_3256,Other
3257,booknlp,COREF,1186,I,166646,166647,1,886,8,M_3257,Other
3258,booknlp,COREF,1186,I,166727,166728,1,886,8,M_3258,Other
3259,pdnc,qID,Q624-1,their,166743,166748,0,886,8,M_3259,Other
3260,booknlp,COREF,1186,I,166847,166848,1,886,8,M_3260,Other
3261,booknlp,COREF,1186,my,166854,166856,1,886,8,M_3261,Other
3262,pdnc,qID,Q625-0,You,166865,166868,10,887,8,M_3262,Other
3263,exp,exp_name,the lady,the lady,166902,166910,34,887,8,M_3263,PROPN
3264,pdnc,qID,Q625-1,you,166931,166934,10,887,8,M_3264,Other
3265,booknlp,COREF,1189,her,166987,166990,34,888,8,M_3265,Other
3266,exp,exp_name,mr. beebe,Mr. Beebe,167322,167331,10,889,8,M_3266,PROPN
3267,exp,exp_name,freddy,Freddy,167342,167348,1,889,8,M_3267,PROPN
3268,exp,exp_name,anne,Anne,168113,168117,36,890,8,M_3268,PROPN
3269,booknlp,COREF,212,hers,168241,168245,36,890,8,M_3269,Other
3270,booknlp,COREF,212,she,168252,168255,36,890,8,M_3270,Other
3271,booknlp,COREF,212,she,168270,168273,36,890,8,M_3271,Other
3272,exp,exp_name,mr. beebe,Mr. Beebe,168304,168313,10,890,8,M_3272,PROPN
3273,exp,exp_name,freddy,Freddy,168325,168331,1,890,8,M_3273,PROPN
3274,booknlp,COREF,124,his,168339,168342,1,890,8,M_3274,Other
3275,exp,exp_name,cecil,Cecil,168366,168371,0,890,8,M_3275,PROPN
3276,exp,exp_name,mrs. honeychurch,Mrs. Honeychurch,168420,168436,17,890,8,M_3276,PROPN
3277,exp,exp_name,lucy,Lucy,168499,168503,4,890,8,M_3277,PROPN
3278,exp,exp_name,cecil,Cecil,168508,168513,0,890,8,M_3278,PROPN
3279,exp,exp_name,lucy,Lucy,168696,168700,4,891,9,M_3279,PROPN
3280,exp,exp_name,mrs. honeychurch,Mrs. Honeychurch,168765,168781,17,892,9,M_3280,PROPN
3281,exp,exp_name,lucy,Lucy,168787,168791,4,892,9,M_3281,PROPN
3282,booknlp,COREF,116,her,168796,168799,4,892,9,M_3282,Other
3283,exp,exp_name,cecil,Cecil,168950,168955,0,893,9,M_3283,PROPN
3284,booknlp,COREF,198,he,168983,168985,0,893,9,M_3284,Other
3285,booknlp,COREF,198,his,169040,169043,0,893,9,M_3285,Other
3286,exp,exp_name,lucy,Lucy,169074,169078,4,893,9,M_3286,PROPN
3287,booknlp,COREF,198,his,169084,169087,0,893,9,M_3287,Other
3288,exp,exp_name,lucy,Lucy,169120,169124,4,893,9,M_3288,PROPN
3289,booknlp,COREF,198,him,169134,169137,0,893,9,M_3289,Other
3290,exp,exp_name,mrs. honeychurch,Mrs. Honeychurch,169160,169176,17,893,9,M_3290,PROPN
3291,exp,exp_name,cecil,Cecil,169256,169261,0,893,9,M_3291,PROPN
3292,exp,exp_name,lucy,Lucy,169375,169379,4,894,9,M_3292,PROPN
3293,exp,exp_name,lucy,Lucy,169407,169411,4,894,9,M_3293,PROPN
3294,booknlp,COREF,116,her,169434,169437,4,894,9,M_3294,Other
3295,booknlp,COREF,116,her,169485,169488,4,894,9,M_3295,Other
3296,exp,exp_name,cecil,Cecil,169576,169581,0,894,9,M_3296,PROPN
3297,booknlp,COREF,198,he,169629,169631,0,894,9,M_3297,Other
3298,booknlp,COREF,198,he,169655,169657,0,894,9,M_3298,Other
3299,pdnc,qID,Q627-0,you,169673,169676,4,895,9,M_3299,Other
3300,booknlp,COREF,198,he,169712,169714,0,895,9,M_3300,Other
3301,exp,exp_name,lucy,Lucy,169776,169780,4,896,9,M_3301,PROPN
3302,booknlp,COREF,116,herself,169805,169812,4,896,9,M_3302,Other
3303,booknlp,COREF,116,I,169853,169854,4,898,9,M_3303,Other
3304,pdnc,qID,Q630-0,Mother,169867,169873,17,898,9,M_3304,Other
3305,exp,exp_name,mrs. honeychurch,Mrs. Honeychurch,169916,169932,17,899,9,M_3305,PROPN
3306,exp,exp_name,cecil,Cecil,170035,170040,0,900,9,M_3306,PROPN
3307,exp,exp_name,lucy,Lucy,170054,170058,4,900,9,M_3307,PROPN
3308,booknlp,COREF,198,me,170074,170076,0,901,9,M_3308,Other
3309,pdnc,qID,Q633-0,you,170154,170157,0,902,9,M_3309,Other
3310,booknlp,COREF,198,my,170478,170480,0,905,9,M_3310,Other
3311,exp,exp_name,cecil,Cecil,170792,170797,0,906,9,M_3311,PROPN
3312,exp,exp_name,lucy,Lucy,170802,170806,4,906,9,M_3312,PROPN
3313,exp,exp_name,cecil,Cecil,170864,170869,0,906,9,M_3313,PROPN
3314,exp,exp_name,lucy,Lucy,170874,170878,4,906,9,M_3314,PROPN
3315,exp,exp_name,cecil,Cecil,170939,170944,0,906,9,M_3315,PROPN
3316,exp,exp_name,lucy,Lucy,170962,170966,4,906,9,M_3316,PROPN
3317,booknlp,COREF,198,his,170981,170984,0,906,9,M_3317,Other
3318,booknlp,COREF,116,she,171023,171026,4,907,9,M_3318,Other
3319,pdnc,qID,Q637-1,you,171043,171046,0,907,9,M_3319,Other
3320,pdnc,qID,Q640-0,You,171295,171298,4,910,9,M_3320,Other
3321,booknlp,COREF,116,She,171319,171322,4,911,9,M_3321,Other
3322,exp,exp_name,cecil,Cecil,171432,171437,0,911,9,M_3322,PROPN
3323,booknlp,COREF,198,his,171445,171448,0,911,9,M_3323,Other
3324,booknlp,COREF,198,he,171514,171516,0,911,9,M_3324,Other
3325,booknlp,COREF,198,he,171556,171558,0,912,9,M_3325,Other
3326,booknlp,COREF,198,I,171561,171562,0,912,9,M_3326,Other
3327,booknlp,COREF,198,me,171603,171605,0,912,9,M_3327,Other
3328,booknlp,COREF,198,myself,171654,171660,0,912,9,M_3328,Other
3329,booknlp,COREF,198,I,171675,171676,0,912,9,M_3329,Other
3330,booknlp,COREF,116,I,171727,171728,4,913,9,M_3330,Other
3331,exp,exp_name,lucy,Lucy,171749,171753,4,913,9,M_3331,PROPN
3332,exp,exp_name,cecil,Cecil,171804,171809,0,914,9,M_3332,PROPN
3333,booknlp,COREF,116,her,171824,171827,4,914,9,M_3333,Other
3334,booknlp,COREF,116,she,171840,171843,4,914,9,M_3334,Other
3335,booknlp,COREF,198,his,171869,171872,0,914,9,M_3335,Other
3336,booknlp,COREF,116,She,172022,172025,4,917,9,M_3336,Other
3337,exp,exp_name,mrs. honeychurch,Mrs. Honeychurch,172107,172123,17,918,9,M_3337,PROPN
3338,pdnc,qID,Q647-0,We,172236,172238,4,919,9,M_3338,Other
3339,exp,exp_name,cecil,Cecil,172271,172276,0,919,9,M_3339,PROPN
3340,pdnc,qID,Q648-0,My dear Cecil,172313,172326,0,920,9,M_3340,Other
3341,booknlp,COREF,116,She,172340,172343,4,920,9,M_3341,Other
3342,booknlp,COREF,116,her,172355,172358,4,920,9,M_3342,Other
3343,booknlp,COREF,116,her,172377,172380,4,920,9,M_3343,Other
3344,booknlp,COREF,116,her,172394,172397,4,920,9,M_3344,Other
3345,booknlp,COREF,116,me,172412,172414,4,920,9,M_3345,Other
3346,exp,exp_name,lucy,Lucy,172579,172583,4,921,9,M_3346,PROPN
3347,booknlp,COREF,116,I,172601,172602,4,922,9,M_3347,Other
3348,pdnc,qID,Q651-0,dear,172608,172612,4,922,9,M_3348,Other
3349,booknlp,COREF,116,She,172624,172627,4,923,9,M_3349,Other
3350,exp,exp_name,cecil,Cecil,172649,172654,0,923,9,M_3350,PROPN
3351,exp,exp_name,lucy,Lucy,172668,172672,4,923,9,M_3351,PROPN
3352,booknlp,COREF,116,I,172692,172693,4,924,9,M_3352,Other
3353,pdnc,qID,Q652-0,you,172699,172702,0,924,9,M_3353,Other
3354,pdnc,qID,Q652-1,you,172727,172730,0,924,9,M_3354,Other
3355,booknlp,COREF,116,she,172743,172746,4,924,9,M_3355,Other
3356,pdnc,qID,Q652-2,Mr. Beebe,172765,172774,10,924,9,M_3356,PROPN
3357,exp,exp_name,lucy,Lucy,172833,172837,4,926,9,M_3357,PROPN
3358,booknlp,COREF,116,She,172919,172922,4,926,9,M_3358,Other
3359,exp,exp_name,cecil,Cecil,172930,172935,0,926,9,M_3359,PROPN
3360,pdnc,qID,Q654-0,you,172997,173000,0,927,9,M_3360,Other
3361,pdnc,qID,Q654-0,Mr. Beebe,173006,173015,10,927,9,M_3361,PROPN
3362,booknlp,COREF,116,she,173018,173021,4,927,9,M_3362,Other
3363,booknlp,COREF,198,I,173044,173045,0,928,9,M_3363,Other
3364,booknlp,COREF,198,he,173062,173064,0,928,9,M_3364,Other
3365,booknlp,COREF,198,I,173073,173074,0,928,9,M_3365,Other
3366,pdnc,qID,Q655-1,him,173084,173087,10,928,9,M_3366,Other
3367,booknlp,COREF,198,I,173111,173112,0,928,9,M_3367,Other
3368,booknlp,COREF,198,he,173132,173134,0,928,9,M_3368,Other
3369,booknlp,COREF,116,I,173220,173221,4,929,9,M_3369,Other
3370,booknlp,COREF,116,she,173237,173240,4,929,9,M_3370,Other
3371,pdnc,qID,Q656-1,Mr. Eager,173346,173355,49,929,9,M_3371,PROPN
3372,pdnc,qID,Q656-1,He,173391,173393,49,929,9,M_3372,Other
3373,pdnc,qID,Q656-1,He,173450,173452,49,929,9,M_3373,Other
3374,pdnc,qID,Q656-1,he,173487,173489,49,929,9,M_3374,Other
3375,pdnc,qID,Q658-0,an old man at the Bertolini,173555,173582,11,931,9,M_3375,Other
3376,pdnc,qID,Q658-0,he,173588,173590,49,931,9,M_3376,Other
3377,booknlp,COREF,116,I,173689,173690,4,935,9,M_3377,Other
3378,exp,exp_name,cecil,Cecil,173701,173706,0,936,9,M_3378,PROPN
3379,booknlp,COREF,116,her,173718,173721,4,936,9,M_3379,Other
3380,booknlp,COREF,116,I,173754,173755,4,937,9,M_3380,Other
3381,pdnc,qID,Q663-0,Mr. Eager,173783,173792,49,937,9,M_3381,PROPN
3382,pdnc,qID,Q663-0,He,173824,173826,49,937,9,M_3382,Other
3383,pdnc,qID,Q663-0,the old man,173850,173861,11,937,9,M_3383,Other
3384,pdnc,qID,Q663-0,his wife,173889,173897,16,937,9,M_3384,Other
3385,pdnc,qID,Q664-0,dear,173946,173950,4,938,9,M_3385,Other
3386,exp,exp_name,mrs. honeychurch,Mrs. Honeychurch,173958,173974,17,938,9,M_3386,PROPN
3387,booknlp,COREF,116,I,174096,174097,4,939,9,M_3387,Other
3388,pdnc,qID,Q665-0,Poor old man,174223,174235,11,940,9,M_3388,Other
3389,booknlp,COREF,135,Harris,174259,174265,21,941,9,M_3389,PROPN
3390,exp,exp_name,lucy,Lucy,174273,174277,4,941,9,M_3390,PROPN
3391,pdnc,qID,Q667-0,Mrs. Harris,174304,174315,16,942,9,M_3391,PROPN
3392,booknlp,COREF,116,her,174351,174354,4,942,9,M_3392,Other
3393,exp,exp_name,cecil,Cecil,174364,174369,0,943,9,M_3393,PROPN
3394,pdnc,qID,Q668-0,Mr. Eager,174400,174409,49,944,9,M_3394,PROPN
3395,booknlp,COREF,198,he,174442,174444,0,944,9,M_3395,Other
3396,booknlp,COREF,198,I,174454,174455,0,945,9,M_3396,Other
3397,booknlp,COREF,198,I,174468,174469,0,945,9,M_3397,Other
3398,pdnc,qID,Q669-0,him,174475,174478,49,945,9,M_3398,Other
3399,booknlp,COREF,198,I,174480,174481,0,945,9,M_3399,Other
3400,pdnc,qID,Q669-0,him,174491,174494,49,945,9,M_3400,Other
3401,pdnc,qID,Q669-0,Giotto,174506,174512,27,945,9,M_3401,Other
3402,booknlp,COREF,198,I,174514,174515,0,945,9,M_3402,Other
3403,pdnc,qID,Q669-0,him,174521,174524,49,945,9,M_3403,Other
3404,exp,exp_name,nature,nature,174551,174557,29,945,9,M_3404,PROPN
3405,booknlp,COREF,198,I,174559,174560,0,945,9,M_3405,Other
3406,pdnc,qID,Q669-0,him,174566,174569,49,945,9,M_3406,Other
3407,pdnc,qID,Q670-0,child,174599,174604,4,946,9,M_3407,Other
3408,exp,exp_name,mrs. honeychurch,Mrs. Honeychurch,174612,174628,17,946,9,M_3408,PROPN
3409,pdnc,qID,Q670-1,You,174631,174634,4,946,9,M_3409,Other
3410,pdnc,qID,Q670-1,you,174698,174701,4,946,9,M_3410,Other
3411,pdnc,qID,Q670-1,Cecil,174706,174711,0,946,9,M_3411,Other
3412,exp,exp_name,lucy,Lucy,174802,174806,4,947,9,M_3412,PROPN
3413,exp,exp_name,mr. eager,Mr. Eager,174829,174838,49,947,9,M_3413,PROPN
3414,exp,exp_name,leonardo,Leonardo,174872,174880,28,947,9,M_3414,PROPN
3415,booknlp,COREF,116,her,174933,174936,4,947,9,M_3415,Other
3416,booknlp,COREF,116,her,174955,174958,4,947,9,M_3416,Other
3417,booknlp,COREF,116,her,175175,175178,4,947,9,M_3417,Other
3418,exp,exp_name,nature,Nature,175284,175290,29,948,9,M_3418,PROPN
3419,exp,exp_name,mrs. honeychurch,Mrs. Honeychurch,175591,175607,17,948,9,M_3419,PROPN
3420,exp,exp_name,nature,Nature,176232,176238,29,949,9,M_3420,PROPN
3421,pdnc,qID,Q671-1,you,176277,176280,17,949,9,M_3421,Other
3422,pdnc,qID,Q671-1,Mrs. Honeychurch,176292,176308,17,949,9,M_3422,PROPN
3423,exp,exp_name,mrs. honeychurch,Mrs. Honeychurch,176312,176328,17,950,9,M_3423,PROPN
3424,exp,exp_name,cecil,Cecil,176377,176382,0,950,9,M_3424,PROPN
3425,exp,exp_name,lucy,Lucy,176513,176517,4,951,9,M_3425,PROPN
3426,booknlp,COREF,116,Her,176543,176546,4,951,9,M_3426,Other
3427,booknlp,COREF,116,she,176570,176573,4,951,9,M_3427,Other
3428,booknlp,COREF,198,he,176616,176618,0,951,9,M_3428,Other
3429,booknlp,COREF,116,her,176678,176681,4,951,9,M_3429,Other
3430,booknlp,COREF,198,he,176781,176783,0,952,9,M_3430,Other
3431,booknlp,COREF,116,her,176804,176807,4,952,9,M_3431,Other
3432,booknlp,COREF,198,his,176818,176821,0,952,9,M_3432,Other
3433,booknlp,COREF,116,She,176828,176831,4,953,9,M_3433,Other
3434,pdnc,qID,Q673-0,Mrs. Honeychurch,177031,177047,17,954,9,M_3434,PROPN
3435,exp,exp_name,lucy,Lucy,177139,177143,4,955,9,M_3435,PROPN
3436,booknlp,COREF,116,herself,177156,177163,4,955,9,M_3436,Other
3437,exp,exp_name,mr. beebe,Mr. Beebe,177386,177395,10,956,9,M_3437,PROPN
3438,exp,exp_name,cecil,Cecil,177707,177712,0,956,9,M_3438,PROPN
3439,exp,exp_name,sir harry otway,Sir Harry Otway,177751,177766,21,956,9,M_3439,PROPN
3440,exp,exp_name,lucy,Lucy,177791,177795,4,956,9,M_3440,PROPN
3441,exp,exp_name,cecil,Cecil,177817,177822,0,956,9,M_3441,PROPN
3442,booknlp,COREF,116,her,178343,178346,4,957,9,M_3442,Other
3443,booknlp,COREF,116,Her,178392,178395,4,957,9,M_3443,Other
3444,booknlp,COREF,116,her,178422,178425,4,957,9,M_3444,Other
3445,booknlp,COREF,116,her,178661,178664,4,959,9,M_3445,Other
3446,exp,exp_name,mrs. honeychurch,Mrs. Honeychurch,178681,178697,17,960,9,M_3446,PROPN
3447,pdnc,qID,Q675-1,Sir Harry,178747,178756,21,960,9,M_3447,PROPN
3448,pdnc,qID,Q675-1,Sir Harry,178777,178786,21,960,9,M_3448,PROPN
3449,exp,exp_name,sir harry otway,Sir Harry Otway,178822,178837,21,961,9,M_3449,PROPN
3450,pdnc,qID,Q676-0,Mrs. Honeychurch,178897,178913,17,961,9,M_3450,PROPN
3451,pdnc,qID,Q676-0,Miss Flack,178960,178970,41,961,9,M_3451,PROPN
3452,pdnc,qID,Q677-0,She ,178998,179002,41,962,9,M_3452,Other
3453,pdnc,qID,Q677-0,she ,179058,179062,41,962,9,M_3453,Other
3454,pdnc,qID,Q677-0,she ,179087,179091,41,962,9,M_3454,Other
3455,pdnc,qID,Q677-0,her ,179098,179102,41,962,9,M_3455,Other
3456,booknlp,COREF,135,I,179133,179134,21,963,9,M_3456,Other
3457,booknlp,COREF,135,He,179140,179142,21,963,9,M_3457,Other
3458,booknlp,COREF,135,his,179151,179154,21,963,9,M_3458,Other
3459,pdnc,qID,Q679-0,An old lady,179163,179174,41,963,9,M_3459,Other
3460,pdnc,qID,Q680-0,her,179222,179225,41,964,9,M_3460,Other
3461,exp,exp_name,cecil,Cecil,179237,179242,0,964,9,M_3461,PROPN
3462,exp,exp_name,sir harry,Sir Harry,179253,179262,21,965,9,M_3462,PROPN
3463,booknlp,COREF,135,He,179308,179310,21,965,9,M_3463,Other
3464,exp,exp_name,mr. flack,Mr. Flack,179335,179344,40,965,9,M_3464,PROPN
3465,booknlp,COREF,135,he,179421,179423,21,965,9,M_3465,Other
3466,booknlp,COREF,135,He,179452,179454,21,965,9,M_3466,Other
3467,booknlp,COREF,135,he,179502,179504,21,965,9,M_3467,Other
3468,exp,exp_name,mrs. flack,Mrs. Flack,179549,179559,41,965,9,M_3468,PROPN
3469,booknlp,COREF,135,he,179651,179653,21,965,9,M_3469,Other
3470,booknlp,COREF,135,He,179666,179668,21,965,9,M_3470,Other
3471,exp,exp_name,mr. flack,Mr. Flack,179679,179688,40,965,9,M_3471,PROPN
3472,booknlp,COREF,135,He,179848,179850,21,965,9,M_3472,Other
3473,booknlp,COREF,135,his,179993,179996,21,965,9,M_3473,Other
3474,booknlp,COREF,135,he,180003,180005,21,965,9,M_3474,Other
3475,exp,exp_name,sir harry,Sir Harry,180058,180067,21,965,9,M_3475,PROPN
3476,exp,exp_name,mr. flack,Mr. Flack,180148,180157,40,966,9,M_3476,PROPN
3477,pdnc,qID,Q681-0,Mrs. Flack,180340,180350,41,966,9,M_3477,PROPN
3478,booknlp,COREF,135,he,180388,180390,21,966,9,M_3478,Other
3479,booknlp,COREF,135,his,180400,180403,21,966,9,M_3479,Other
3480,booknlp,COREF,135,He,180412,180414,21,966,9,M_3480,Other
3481,booknlp,COREF,135,his,180421,180424,21,966,9,M_3481,Other
3482,booknlp,COREF,135,his,180445,180448,21,966,9,M_3482,Other
3483,booknlp,COREF,135,he,180471,180473,21,966,9,M_3483,Other
3484,exp,exp_name,sir harry,Sir Harry,180526,180535,21,966,9,M_3484,PROPN
3485,exp,exp_name,mrs. honeychurch,Mrs. Honeychurch,180629,180645,17,967,9,M_3485,PROPN
3486,exp,exp_name,cecil,Cecil,181122,181127,0,969,9,M_3486,PROPN
3487,exp,exp_name,sir harry,Sir Harry,181196,181205,21,969,9,M_3487,PROPN
3488,pdnc,qID,Q683-0,You,181273,181276,21,970,9,M_3488,Other
3489,exp,exp_name,sir harry,Sir Harry,181399,181408,21,971,9,M_3489,PROPN
3490,booknlp,COREF,135,I,181442,181443,21,971,9,M_3490,Other
3491,pdnc,qID,Q684-1,Mr. Vyse,181450,181458,0,971,9,M_3491,PROPN
3492,booknlp,COREF,135,my,181558,181560,21,971,9,M_3492,Other
3493,exp,exp_name,lucy,Lucy,181680,181684,4,972,9,M_3493,PROPN
3494,exp,exp_name,cecil,Cecil,181687,181692,0,973,9,M_3494,PROPN
3495,booknlp,COREF,198,his,181702,181705,0,973,9,M_3495,Other
3496,booknlp,COREF,116,She,181841,181844,4,973,9,M_3496,Other
3497,booknlp,COREF,116,herself,181910,181917,4,973,9,M_3497,Other
3498,pdnc,qID,Q686-0,Sir Harry,181933,181942,21,974,9,M_3498,PROPN
3499,booknlp,COREF,116,she,181945,181948,4,974,9,M_3499,Other
3500,booknlp,COREF,116,I,181961,181962,4,974,9,M_3500,Other
3501,pdnc,qID,Q686-1,you,181987,181990,21,974,9,M_3501,Other
3502,pdnc,qID,Q687-0,My dear Lucy,182010,182022,4,975,9,M_3502,Other
3503,pdnc,qID,Q687-0,you,182049,182052,4,975,9,M_3503,Other
3504,booknlp,COREF,116,I,182076,182077,4,976,9,M_3504,Other
3505,pdnc,qID,Q688-0,them,182082,182086,9,976,9,M_3505,Other
3506,booknlp,COREF,116,I,182185,182186,4,978,9,M_3506,Other
3507,pdnc,qID,Q690-0,them,182198,182202,9,978,9,M_3507,Other
3508,pdnc,qID,Q690-0,Miss Teresa and Miss Catharine Alan,182214,182249,9,978,9,M_3508,Other
3509,booknlp,COREF,116,I,182251,182252,4,978,9,M_3509,Other
3510,pdnc,qID,Q690-0,Mr. Beebe,182307,182316,10,978,9,M_3510,PROPN
3511,pdnc,qID,Q690-0,them,182323,182327,9,978,9,M_3511,Other
3512,booknlp,COREF,116,I,182338,182339,4,978,9,M_3512,Other
3513,pdnc,qID,Q690-0,them,182345,182349,9,978,9,M_3513,Other
3514,pdnc,qID,Q690-0,you,182362,182365,21,978,9,M_3514,Other
3515,pdnc,qID,Q691-0,you,182377,182380,4,979,9,M_3515,Other
3516,pdnc,qID,Q691-1,them,182498,182502,9,979,9,M_3516,Other
3517,pdnc,qID,Q691-1,you,182670,182673,4,979,9,M_3517,Other
3518,pdnc,qID,Q691-1,Lucy,183029,183033,4,979,9,M_3518,PROPN
3519,exp,exp_name,mrs. honeychurch,Mrs. Honeychurch,183082,183098,17,981,9,M_3519,PROPN
3520,pdnc,qID,Q692-1,Lucy ,183131,183136,4,981,9,M_3520,PROPN
3521,booknlp,COREF,116,her,183140,183143,4,981,9,M_3521,Other
3522,booknlp,COREF,135,I,183423,183424,21,982,9,M_3522,Other
3523,booknlp,COREF,135,I,183431,183432,21,982,9,M_3523,Other
3524,pdnc,qID,Q693-0,you,183440,183443,17,982,9,M_3524,Other
3525,exp,exp_name,sir harry,Sir Harry,183451,183460,21,982,9,M_3525,PROPN
3526,pdnc,qID,Q693-1,you,183477,183480,17,982,9,M_3526,Other
3527,pdnc,qID,Q694-0,Misses Alan,183511,183522,9,983,9,M_3527,PROPN
3528,exp,exp_name,lucy,Lucy,183543,183547,4,983,9,M_3528,PROPN
3529,pdnc,qID,Q695-0,they,183556,183560,9,984,9,M_3529,Other
3530,exp,exp_name,cecil,Cecil,183572,183577,0,984,9,M_3530,PROPN
3531,booknlp,COREF,198,I,183580,183581,0,984,9,M_3531,Other
3532,pdnc,qID,Q695-1,them,183594,183598,9,984,9,M_3532,Other
3533,booknlp,COREF,198,I,183603,183604,0,984,9,M_3533,Other
3534,pdnc,qID,Q696-0,him,183696,183699,0,985,9,M_3534,Other
3535,pdnc,qID,Q696-0,Sir Harry,183701,183710,21,985,9,M_3535,PROPN
3536,pdnc,qID,Q696-0,he,183712,183714,0,985,9,M_3536,Other
3537,booknlp,COREF,135,I,183735,183736,21,986,9,M_3537,Other
3538,booknlp,COREF,135,he,183755,183757,21,986,9,M_3538,Other
3539,booknlp,COREF,135,I,183768,183769,21,986,9,M_3539,Other
3540,booknlp,COREF,135,my,183792,183794,21,986,9,M_3540,Other
3541,booknlp,COREF,135,I,183832,183833,21,986,9,M_3541,Other
3542,pdnc,qID,Q697-1,Lady Otway,183853,183863,38,986,9,M_3542,PROPN
3543,booknlp,COREF,135,I,183883,183884,21,986,9,M_3543,Other
3544,exp,exp_name,alan,Alan,183980,183984,24,987,9,M_3544,PROPN
3545,booknlp,COREF,135,his,184003,184006,21,989,9,M_3545,Other
3546,exp,exp_name,mrs. honeychurch,Mrs. Honeychurch,184024,184040,17,989,9,M_3546,PROPN
3547,pdnc,qID,Q700-0,They,184062,184066,9,990,9,M_3547,Other
3548,pdnc,qID,Q700-0,Sir Harry,184097,184106,21,990,9,M_3548,PROPN
3549,pdnc,qID,Q700-0,they,184128,184132,9,990,9,M_3549,Other
3550,booknlp,COREF,135,he,184265,184267,21,991,9,M_3550,Other
3551,booknlp,COREF,135,he,184295,184297,21,991,9,M_3551,Other
3552,exp,exp_name,sir harry,Sir Harry,184575,184584,21,993,9,M_3552,PROPN
3553,booknlp,COREF,135,he,184602,184604,21,993,9,M_3553,Other
3554,exp,exp_name,cecil,Cecil,184609,184614,0,993,9,M_3554,PROPN
3555,booknlp,COREF,135,He,184729,184731,21,993,9,M_3555,Other
3556,exp,exp_name,mrs. honeychurch,Mrs. Honeychurch,184747,184763,17,993,9,M_3556,PROPN
3557,exp,exp_name,nature,Nature,184868,184874,29,993,9,M_3557,PROPN
3558,exp,exp_name,cecil,Cecil,185021,185026,0,994,9,M_3558,PROPN
3559,exp,exp_name,lucy,Lucy,185034,185038,4,994,9,M_3559,PROPN
3560,booknlp,COREF,116,she,185047,185050,4,994,9,M_3560,Other
3561,booknlp,COREF,116,her,185060,185063,4,994,9,M_3561,Other
3562,pdnc,qID,Q703-0,Mrs. Honeychurch,185074,185090,17,995,9,M_3562,PROPN
3563,booknlp,COREF,135,he,185093,185095,21,995,9,M_3563,Other
3564,pdnc,qID,Q703-1,you,185138,185141,17,995,9,M_3564,Other
3565,exp,exp_name,sir harry,Sir Harry,185182,185191,21,997,9,M_3565,PROPN
3566,booknlp,COREF,135,He,185244,185246,21,997,9,M_3566,Other
3567,pdnc,qID,Q706-0,Hopeless vulgarian,185355,185373,21,998,9,M_3567,Other
3568,exp,exp_name,cecil,Cecil,185386,185391,0,998,9,M_3568,PROPN
3569,pdnc,qID,Q707-0,Cecil,185439,185444,0,999,9,M_3569,Other
3570,booknlp,COREF,135,I,185449,185450,21,1000,9,M_3570,Other
3571,pdnc,qID,Q708-0,that man,185498,185506,21,1000,9,M_3571,Other
3572,pdnc,qID,Q709-0,He,185511,185513,21,1001,9,M_3572,Other
3573,pdnc,qID,Q709-0,he,185539,185541,21,1001,9,M_3573,Other
3574,pdnc,qID,Q710-0,Lucy,185558,185562,4,1002,9,M_3574,PROPN
3575,pdnc,qID,Q710-0,he,185564,185566,21,1002,9,M_3575,Other
3576,pdnc,qID,Q710-0,he,185621,185623,21,1002,9,M_3576,Other
3577,pdnc,qID,Q710-0,his,185635,185638,21,1002,9,M_3577,Other
3578,pdnc,qID,Q710-0,He,185646,185648,21,1002,9,M_3578,Other
3579,pdnc,qID,Q710-0,he,185747,185749,21,1002,9,M_3579,Other
3580,pdnc,qID,Q710-0,his,185775,185778,21,1002,9,M_3580,Other
3581,pdnc,qID,Q710-0,his,185794,185797,21,1002,9,M_3581,Other
3582,pdnc,qID,Q710-0,his,185813,185816,21,1002,9,M_3582,Other
3583,pdnc,qID,Q710-0,your mother,185853,185864,17,1002,9,M_3583,Other
3584,pdnc,qID,Q711-0,you,185891,185894,0,1003,9,M_3584,Other
3585,exp,exp_name,lucy,Lucy,185920,185924,4,1003,9,M_3585,PROPN
3586,booknlp,COREF,116,she,185933,185936,4,1003,9,M_3586,Other
3587,booknlp,COREF,116,I,185956,185957,4,1003,9,M_3587,Other
3588,pdnc,qID,Q712-0,Sir Harry,186032,186041,21,1004,9,M_3588,PROPN
3589,pdnc,qID,Q712-0,he,186125,186127,21,1004,9,M_3589,Other
3590,pdnc,qID,Q712-0,he,186202,186204,21,1004,9,M_3590,Other
3591,pdnc,qID,Q712-0,his,186242,186245,21,1004,9,M_3591,Other
3592,pdnc,qID,Q712-0,him,186294,186297,21,1004,9,M_3592,Other
3593,exp,exp_name,lucy,Lucy,186306,186310,4,1005,9,M_3593,PROPN
3594,exp,exp_name,cecil,Cecil,186337,186342,0,1005,9,M_3594,PROPN
3595,exp,exp_name,sir harry otway,Sir Harry Otway,186352,186367,21,1005,9,M_3595,PROPN
3596,exp,exp_name,mr. beebe,Mr. Beebe,186372,186381,10,1005,9,M_3596,PROPN
3597,booknlp,COREF,116,her,186447,186450,4,1005,9,M_3597,Other
3598,exp,exp_name,freddy,Freddy,186479,186485,1,1005,9,M_3598,PROPN
3599,exp,exp_name,freddy,Freddy,186487,186493,1,1005,9,M_3599,PROPN
3600,exp,exp_name,cecil,Cecil,186560,186565,0,1005,9,M_3600,PROPN
3601,exp,exp_name,freddy,Freddy,186624,186630,1,1005,9,M_3601,PROPN
3602,booknlp,COREF,116,she,186648,186651,4,1005,9,M_3602,Other
3603,exp,exp_name,freddy,Freddy,186672,186678,1,1005,9,M_3603,PROPN
3604,booknlp,COREF,116,she,186679,186682,4,1005,9,M_3604,Other
3605,booknlp,COREF,124,he,186699,186701,1,1005,9,M_3605,Other
3606,booknlp,COREF,116,her,186707,186710,4,1005,9,M_3606,Other
3607,booknlp,COREF,116,She,186727,186730,4,1005,9,M_3607,Other
3608,booknlp,COREF,116,herself,186749,186756,4,1005,9,M_3608,Other
3609,exp,exp_name,cecil,Cecil,186762,186767,0,1005,9,M_3609,PROPN
3610,exp,exp_name,freddy,Freddy,186778,186784,1,1005,9,M_3610,PROPN
3611,booknlp,COREF,116,she,186941,186944,4,1006,9,M_3611,Other
3612,booknlp,COREF,124,him,186951,186954,1,1006,9,M_3612,Other
3613,exp,exp_name,nature,Nature,186957,186963,29,1007,9,M_3613,PROPN
3614,booknlp,COREF,116,she,186985,186988,4,1007,9,M_3614,Other
3615,booknlp,COREF,116,she,187056,187059,4,1007,9,M_3615,Other
3616,booknlp,COREF,198,I,187203,187204,0,1010,9,M_3616,Other
3617,exp,exp_name,cecil,Cecil,187241,187246,0,1010,9,M_3617,PROPN
3618,booknlp,COREF,116,she,187282,187285,4,1010,9,M_3618,Other
3619,booknlp,COREF,198,him,187301,187304,0,1010,9,M_3619,Other
3620,pdnc,qID,Q716-1,Lucy,187336,187340,4,1010,9,M_3620,PROPN
3621,pdnc,qID,Q716-1,you,187347,187350,4,1010,9,M_3621,Other
3622,pdnc,qID,Q716-1,you,187375,187378,4,1010,9,M_3622,Other
3623,pdnc,qID,Q716-1,you,187389,187392,4,1010,9,M_3623,Other
3624,booknlp,COREF,198,me,187419,187421,0,1010,9,M_3624,Other
3625,booknlp,COREF,116,I,187482,187483,4,1011,9,M_3625,Other
3626,exp,exp_name,lucy,Lucy,187507,187511,4,1011,9,M_3626,PROPN
3627,booknlp,COREF,198,his,187525,187528,0,1011,9,M_3627,Other
3628,booknlp,COREF,198,he,187561,187563,0,1011,9,M_3628,Other
3629,booknlp,COREF,198,his,187596,187599,0,1011,9,M_3629,Other
3630,booknlp,COREF,116,her,187615,187618,4,1011,9,M_3630,Other
3631,booknlp,COREF,198,his,187634,187637,0,1011,9,M_3631,Other
3632,booknlp,COREF,116,She,187648,187651,4,1012,9,M_3632,Other
3633,booknlp,COREF,198,he,187707,187709,0,1012,9,M_3633,Other
3634,booknlp,COREF,198,I,187760,187761,0,1013,9,M_3634,Other
3635,booknlp,COREF,198,I,187779,187780,0,1013,9,M_3635,Other
3636,pdnc,qID,Q718-0,you,187804,187807,4,1013,9,M_3636,Other
3637,booknlp,COREF,198,me,187831,187833,0,1013,9,M_3637,Other
3638,booknlp,COREF,116,she,187857,187860,4,1014,9,M_3638,Other
3639,pdnc,qID,Q721-0,Cecil,187987,187992,0,1016,9,M_3639,Other
3640,pdnc,qID,Q721-0,you,188006,188009,0,1016,9,M_3640,Other
3641,booknlp,COREF,198,I,188016,188017,0,1016,9,M_3641,Other
3642,pdnc,qID,Q721-0,You,188056,188059,0,1016,9,M_3642,Other
3643,booknlp,COREF,198,I,188071,188072,0,1016,9,M_3643,Other
3644,booknlp,COREF,198,I,188114,188115,0,1017,9,M_3644,Other
3645,pdnc,qID,Q722-0,you,188132,188135,4,1017,9,M_3645,Other
3646,booknlp,COREF,198,I,188144,188145,0,1017,9,M_3646,Other
3647,pdnc,qID,Q722-0,you,188154,188157,4,1017,9,M_3647,Other
3648,pdnc,qID,Q722-0,you,188209,188212,4,1017,9,M_3648,Other
3649,booknlp,COREF,198,me,188221,188223,0,1017,9,M_3649,Other
3650,booknlp,COREF,116,She,188239,188242,4,1018,9,M_3650,Other
3651,pdnc,qID,Q723-0,you,188293,188296,0,1019,9,M_3651,Other
3652,pdnc,qID,Q723-0,you,188307,188310,0,1019,9,M_3652,Other
3653,booknlp,COREF,198,I,188321,188322,0,1019,9,M_3653,Other
3654,booknlp,COREF,198,I,188327,188328,0,1019,9,M_3654,Other
3655,booknlp,COREF,198,I,188363,188364,0,1019,9,M_3655,Other
3656,pdnc,qID,Q723-0,you,188374,188377,0,1019,9,M_3656,Other
3657,booknlp,COREF,116,her,188420,188423,4,1020,9,M_3657,Other
3658,pdnc,qID,Q726-1,you,188576,188579,4,1023,9,M_3658,Other
3659,booknlp,COREF,116,She,188614,188617,4,1024,9,M_3659,Other
3660,pdnc,qID,Q727-0,Cecil,188635,188640,0,1024,9,M_3660,Other
3661,pdnc,qID,Q727-0,you,188654,188657,0,1024,9,M_3661,Other
3662,booknlp,COREF,116,she,188701,188704,4,1025,9,M_3662,Other
3663,booknlp,COREF,116,She,188887,188890,4,1025,9,M_3663,Other
3664,booknlp,COREF,116,she,188960,188963,4,1025,9,M_3664,Other
3665,booknlp,COREF,116,she,188982,188985,4,1025,9,M_3665,Other
3666,exp,exp_name,freddy,Freddy,189007,189013,1,1025,9,M_3666,PROPN
3667,exp,exp_name,freddy,Freddy,189026,189032,1,1025,9,M_3667,PROPN
3668,booknlp,COREF,116,she,189069,189072,4,1025,9,M_3668,Other
3669,booknlp,COREF,116,She,189268,189271,4,1027,9,M_3669,Other
3670,pdnc,qID,Q729-0,you,189311,189314,4,1028,9,M_3670,Other
3671,booknlp,COREF,116,I,189332,189333,4,1029,9,M_3671,Other
3672,booknlp,COREF,116,I,189354,189355,4,1029,9,M_3672,Other
3673,pdnc,qID,Q730-0,you,189419,189422,0,1029,9,M_3673,Other
3674,pdnc,qID,Q730-0,Freddy,189595,189601,1,1029,9,M_3674,PROPN
3675,pdnc,qID,Q730-0,He,189623,189625,1,1029,9,M_3675,Other
3676,pdnc,qID,Q731-0,you,189653,189656,4,1030,9,M_3676,Other
3677,booknlp,COREF,124,He,189660,189662,1,1031,9,M_3677,Other
3678,booknlp,COREF,116,you,189675,189678,4,1031,9,M_3678,Other
3679,booknlp,COREF,116,she,189696,189699,4,1031,9,M_3679,Other
3680,booknlp,COREF,116,I,189720,189721,4,1031,9,M_3680,Other
3681,booknlp,COREF,116,I,189745,189746,4,1031,9,M_3681,Other
3682,booknlp,COREF,124,he,189802,189804,1,1032,9,M_3682,Other
3683,booknlp,COREF,124,he,189834,189836,1,1032,9,M_3683,Other
3684,booknlp,COREF,124,him,189870,189873,1,1032,9,M_3684,Other
3685,booknlp,COREF,124,his,189889,189892,1,1032,9,M_3685,Other
3686,booknlp,COREF,124,he,189926,189928,1,1032,9,M_3686,Other
3687,booknlp,COREF,116,her,189946,189949,4,1032,9,M_3687,Other
3688,booknlp,COREF,124,He,189972,189974,1,1032,9,M_3688,Other
3689,booknlp,COREF,116,her,189985,189988,4,1032,9,M_3689,Other
3690,booknlp,COREF,116,she,189992,189995,4,1032,9,M_3690,Other
3691,booknlp,COREF,116,She,190022,190025,4,1032,9,M_3691,Other
3692,booknlp,COREF,116,she,190047,190050,4,1032,9,M_3692,Other
3693,booknlp,COREF,116,she,190067,190070,4,1032,9,M_3693,Other
3694,booknlp,COREF,124,him,190080,190083,1,1032,9,M_3694,Other
3695,pdnc,qID,Q733-0,you,190197,190200,4,1033,9,M_3695,Other
3696,pdnc,qID,Q734-0,Charlotte,190209,190218,6,1034,9,M_3696,PROPN
3697,booknlp,COREF,116,she,190221,190224,4,1034,9,M_3697,Other
3698,pdnc,qID,Q734-1,She,190236,190239,6,1034,9,M_3698,Other
3699,pdnc,qID,Q734-1,us,190258,190260,4,1034,9,M_3699,Other
3700,pdnc,qID,Q734-1,Charlotte,190262,190271,6,1034,9,M_3700,PROPN
3701,pdnc,qID,Q734-1,Charlotte,190273,190282,6,1034,9,M_3701,PROPN
3702,pdnc,qID,Q735-0,Poor girl,190287,190296,4,1035,9,M_3702,Other
3703,booknlp,COREF,116,She,190300,190303,4,1036,9,M_3703,Other
3704,booknlp,COREF,124,he,190358,190360,1,1036,9,M_3704,Other
3705,pdnc,qID,Q736-0,Lucy,190399,190403,4,1037,9,M_3705,PROPN
3706,booknlp,COREF,116,I,190413,190414,4,1038,9,M_3706,Other
3707,booknlp,COREF,116,her,190450,190453,4,1038,9,M_3707,Other
3708,pdnc,qID,Q738-0,Lucy,190463,190467,4,1039,9,M_3708,PROPN
3709,booknlp,COREF,124,I,190469,190470,1,1039,9,M_3709,Other
3710,pdnc,qID,Q738-0,you,190496,190499,4,1039,9,M_3710,Other
3711,booknlp,COREF,124,I,190505,190506,1,1039,9,M_3711,Other
3712,booknlp,COREF,124,his,190557,190560,1,1040,9,M_3712,Other
3713,booknlp,COREF,116,she,190567,190570,4,1040,9,M_3713,Other
3714,booknlp,COREF,124,him,190606,190609,1,1040,9,M_3714,Other
3715,pdnc,qID,Q739-0,Cecil,190619,190624,0,1041,9,M_3715,Other
3716,pdnc,qID,Q740-0,you,190680,190683,4,1042,9,M_3716,Other
3717,booknlp,COREF,124,me--,190700,190704,1,1042,9,M_3717,Other
3718,booknlp,COREF,124,He,190707,190709,1,1043,9,M_3718,Other
3719,booknlp,COREF,124,His,190786,190789,1,1043,9,M_3719,Other
3720,pdnc,qID,Q742-0,you,190848,190851,4,1045,9,M_3720,Other
3721,booknlp,COREF,116,She,190855,190858,4,1046,9,M_3721,Other
3722,booknlp,COREF,124,he,190880,190882,1,1046,9,M_3722,Other
3723,pdnc,qID,Q743-0,you,190931,190934,0,1047,9,M_3723,Other
3724,booknlp,COREF,116,she,190942,190945,4,1047,9,M_3724,Other
3725,booknlp,COREF,116,I,190964,190965,4,1048,9,M_3725,Other
3726,pdnc,qID,Q744-0,you,190970,190973,4,1048,9,M_3726,Other
3727,booknlp,COREF,116,I,190979,190980,4,1048,9,M_3727,Other
3728,pdnc,qID,Q745-0,you,191000,191003,0,1049,9,M_3728,Other
3729,pdnc,qID,Q745-0,Cecil,191009,191014,0,1049,9,M_3729,Other
3730,pdnc,qID,Q745-0,You,191016,191019,0,1049,9,M_3730,Other
3731,booknlp,COREF,124,I,191034,191035,1,1049,9,M_3731,Other
3732,pdnc,qID,Q745-0,you,191049,191052,0,1049,9,M_3732,Other
3733,pdnc,qID,Q745-0,you,191054,191057,0,1049,9,M_3733,Other
3734,booknlp,COREF,124,he,191089,191091,1,1050,9,M_3734,Other
3735,booknlp,COREF,116,Her,191134,191137,4,1050,9,M_3735,Other
3736,booknlp,COREF,116,She,191160,191163,4,1050,9,M_3736,Other
3737,booknlp,COREF,116,her,191198,191201,4,1050,9,M_3737,Other
3738,booknlp,COREF,124,he,191211,191213,1,1050,9,M_3738,Other
3739,booknlp,COREF,116,her,191225,191228,4,1050,9,M_3739,Other
3740,booknlp,COREF,124,he,191229,191231,1,1050,9,M_3740,Other
3741,booknlp,COREF,124,he,191256,191258,1,1050,9,M_3741,Other
3742,booknlp,COREF,124,he,191276,191278,1,1050,9,M_3742,Other
3743,booknlp,COREF,116,her,191287,191290,4,1050,9,M_3743,Other
3744,booknlp,COREF,124,his,191292,191295,1,1050,9,M_3744,Other
3745,booknlp,COREF,124,He,191383,191385,1,1051,9,M_3745,Other
3746,exp,exp_name,nature,nature,191564,191570,29,1051,9,M_3746,PROPN
3747,booknlp,COREF,124,he,191654,191656,1,1051,9,M_3747,Other
3748,booknlp,COREF,124,He,191748,191750,1,1051,9,M_3748,Other
3749,exp,exp_name,lucy,Lucy,191769,191773,4,1051,9,M_3749,PROPN
3750,booknlp,COREF,124,he,191812,191814,1,1051,9,M_3750,Other
3751,booknlp,COREF,116,her,191834,191837,4,1051,9,M_3751,Other
3752,booknlp,COREF,124,his,191841,191844,1,1051,9,M_3752,Other
3753,booknlp,COREF,116,she,191851,191854,4,1051,9,M_3753,Other
3754,booknlp,COREF,124,him,191863,191866,1,1051,9,M_3754,Other
3755,booknlp,COREF,124,him,191878,191881,1,1051,9,M_3755,Other
3756,booknlp,COREF,124,him,191894,191897,1,1051,9,M_3756,Other
3757,booknlp,COREF,124,his,191913,191916,1,1051,9,M_3757,Other
3758,booknlp,COREF,124,he,191932,191934,1,1051,9,M_3758,Other
3759,booknlp,COREF,124,He,192046,192048,1,1052,9,M_3759,Other
3760,booknlp,COREF,116,her,192060,192063,4,1052,9,M_3760,Other
3761,booknlp,COREF,124,him,192102,192105,1,1052,9,M_3761,Other
3762,booknlp,COREF,116,her,192106,192109,4,1052,9,M_3762,Other
3763,booknlp,COREF,116,she,192135,192138,4,1052,9,M_3763,Other
3764,pdnc,qID,Q746-0,Emerson,192174,192181,11,1053,9,M_3764,PROPN
3765,pdnc,qID,Q746-0,Harris,192200,192206,11,1053,9,M_3765,PROPN
3766,pdnc,qID,Q748-0,The old man,192225,192236,11,1055,9,M_3766,Other
3767,pdnc,qID,Q750-0,That old man,192260,192272,11,1057,9,M_3767,Other
3768,booknlp,COREF,116,I,192273,192274,4,1057,9,M_3768,Other
3769,pdnc,qID,Q750-0,you,192280,192283,0,1057,9,M_3769,Other
3770,pdnc,qID,Q750-0,Mr. Eager,192299,192308,49,1057,9,M_3770,PROPN
3771,booknlp,COREF,124,He,192329,192331,1,1058,9,M_3771,Other
3772,exp,exp_name,cecil,Cecil,192425,192430,0,1059,10,M_3772,PROPN
3773,exp,exp_name,cecil,Cecil,192472,192477,0,1060,10,M_3773,PROPN
3774,exp,exp_name,lucy,Lucy,192497,192501,4,1060,10,M_3774,PROPN
3775,booknlp,COREF,116,her,192569,192572,4,1060,10,M_3775,Other
3776,booknlp,COREF,116,her,192594,192597,4,1060,10,M_3776,Other
3777,booknlp,COREF,116,Her,192602,192605,4,1060,10,M_3777,Other
3778,exp,exp_name,mr. honeychurch,Mr. Honeychurch,193638,193653,13,1060,10,M_3778,PROPN
3779,exp,exp_name,lucy,Lucy,193860,193864,4,1061,10,M_3779,PROPN
3780,booknlp,COREF,116,her,193898,193901,4,1061,10,M_3780,Other
3781,booknlp,COREF,116,she,193930,193933,4,1061,10,M_3781,Other
3782,booknlp,COREF,116,she,194118,194121,4,1061,10,M_3782,Other
3783,booknlp,COREF,116,she,194179,194182,4,1061,10,M_3783,Other
3784,booknlp,COREF,116,Her,194625,194628,4,1061,10,M_3784,Other
3785,booknlp,COREF,116,she,194646,194649,4,1061,10,M_3785,Other
3786,booknlp,COREF,116,she,194682,194685,4,1061,10,M_3786,Other
3787,booknlp,COREF,116,She,194895,194898,4,1061,10,M_3787,Other
3788,exp,exp_name,cecil,Cecil,194931,194936,0,1062,10,M_3788,PROPN
3789,exp,exp_name,cecil,Cecil,194962,194967,0,1062,10,M_3789,PROPN
3790,booknlp,COREF,198,He,195006,195008,0,1062,10,M_3790,Other
3791,booknlp,COREF,198,he,195102,195104,0,1062,10,M_3791,Other
3792,booknlp,COREF,198,he,195158,195160,0,1062,10,M_3792,Other
3793,booknlp,COREF,198,He,195175,195177,0,1062,10,M_3793,Other
3794,exp,exp_name,lucy,Lucy,195199,195203,4,1062,10,M_3794,PROPN
3795,booknlp,COREF,116,her,195220,195223,4,1062,10,M_3795,Other
3796,booknlp,COREF,116,her,195320,195323,4,1062,10,M_3796,Other
3797,booknlp,COREF,116,her,195346,195349,4,1062,10,M_3797,Other
3798,booknlp,COREF,198,he,195396,195398,0,1062,10,M_3798,Other
3799,booknlp,COREF,116,she,195439,195442,4,1062,10,M_3799,Other
3800,booknlp,COREF,116,she,195475,195478,4,1062,10,M_3800,Other
3801,booknlp,COREF,116,her,195583,195586,4,1062,10,M_3801,Other
3802,booknlp,COREF,116,she,195596,195599,4,1062,10,M_3802,Other
3803,booknlp,COREF,198,he,195625,195627,0,1062,10,M_3803,Other
3804,booknlp,COREF,116,she,195716,195719,4,1062,10,M_3804,Other
3805,booknlp,COREF,116,her,195750,195753,4,1062,10,M_3805,Other
3806,booknlp,COREF,116,her,195793,195796,4,1062,10,M_3806,Other
3807,exp,exp_name,minnie beebe,Minnie Beebe,195834,195846,5,1063,10,M_3807,PROPN
3808,exp,exp_name,mrs. honeychurch,Mrs. Honeychurch,196049,196065,17,1063,10,M_3808,PROPN
3809,exp,exp_name,lucy,Lucy,196137,196141,4,1063,10,M_3809,PROPN
3810,booknlp,COREF,116,she,196163,196166,4,1063,10,M_3810,Other
3811,exp,exp_name,mr. beebe,Mr. Beebe,196189,196198,10,1063,10,M_3811,PROPN
3812,booknlp,COREF,198,he,196258,196260,0,1064,10,M_3812,Other
3813,pdnc,qID,Q752-0,they,196267,196271,9,1064,10,M_3813,Other
3814,pdnc,qID,Q752-0,they,196293,196297,9,1064,10,M_3814,Other
3815,pdnc,qID,Q753-0,they,196339,196343,9,1065,10,M_3815,Other
3816,exp,exp_name,mr. beebe,Mr. Beebe,196373,196382,10,1065,10,M_3816,PROPN
3817,booknlp,COREF,119,I,196385,196386,10,1065,10,M_3817,Other
3818,pdnc,qID,Q753-1,Miss Teresa,196396,196407,9,1065,10,M_3818,PROPN
3819,pdnc,qID,Q753-1,she,196424,196427,9,1065,10,M_3819,Other
3820,booknlp,COREF,119,my,196476,196478,10,1065,10,M_3820,Other
3821,pdnc,qID,Q753-1,her,196521,196524,9,1065,10,M_3821,Other
3822,pdnc,qID,Q753-1,They,196537,196541,9,1065,10,M_3822,Other
3823,booknlp,COREF,119,I,196554,196555,10,1065,10,M_3823,Other
3824,pdnc,qID,Q753-1,them,196567,196571,9,1065,10,M_3824,Other
3825,pdnc,qID,Q754-0,Miss Alans,196608,196618,9,1066,10,M_3825,PROPN
3826,exp,exp_name,mrs. honeychurch,Mrs. Honeychurch,196621,196637,17,1066,10,M_3826,PROPN
3827,pdnc,qID,Q754-1,Lucy,196776,196780,4,1066,10,M_3827,PROPN
3828,booknlp,COREF,116,her,196788,196791,4,1066,10,M_3828,Other
3829,exp,exp_name,mr. beebe,Mr. Beebe,196819,196828,10,1067,10,M_3829,PROPN
3830,exp,exp_name,cecil,Cecil,196894,196899,0,1067,10,M_3830,PROPN
3831,booknlp,COREF,198,he,196947,196949,0,1067,10,M_3831,Other
3832,pdnc,qID,Q755-0,they,196972,196976,9,1068,10,M_3832,Other
3833,pdnc,qID,Q755-0,Minnie,196993,196999,5,1068,10,M_3833,PROPN
3834,exp,exp_name,saturn,Saturn,197005,197011,43,1068,10,M_3834,PROPN
3835,exp,exp_name,saturn,Saturn,197014,197020,43,1068,10,M_3835,PROPN
3836,booknlp,COREF,198,his,197087,197090,0,1068,10,M_3836,Other
3837,pdnc,qID,Q756-0,they,197124,197128,9,1068,10,M_3837,Other
3838,pdnc,qID,Q756-0,Sir Harry,197141,197150,21,1068,10,M_3838,PROPN
3839,pdnc,qID,Q756-0,them,197160,197164,9,1068,10,M_3839,Other
3840,pdnc,qID,Q756-0,he,197202,197204,21,1068,10,M_3840,Other
3841,pdnc,qID,Q756-0,them,197280,197284,9,1068,10,M_3841,Other
3842,booknlp,COREF,198,I,197354,197355,0,1068,10,M_3842,Other
3843,pdnc,qID,Q756-0,you,197361,197364,5,1068,10,M_3843,Other
3844,exp,exp_name,saturn,Saturn,197369,197375,43,1068,10,M_3844,PROPN
3845,exp,exp_name,saturn,Saturn,197380,197386,43,1069,10,M_3845,PROPN
3846,exp,exp_name,freddy,Freddy,197424,197430,1,1069,10,M_3846,PROPN
3847,pdnc,qID,Q757-1,Minnie,197447,197453,5,1069,10,M_3847,PROPN
3848,pdnc,qID,Q757-1,you,197461,197464,5,1069,10,M_3848,Other
3849,pdnc,qID,Q757-1,her,197475,197478,4,1069,10,M_3849,Other
3850,exp,exp_name,saturn,Saturn,197483,197489,43,1070,10,M_3850,PROPN
3851,exp,exp_name,saturn,Saturn,197509,197515,43,1071,10,M_3851,PROPN
3852,booknlp,COREF,198,he,197539,197541,0,1072,10,M_3852,Other
3853,pdnc,qID,Q761-0,he ,197560,197563,43,1073,10,M_3853,Other
3854,pdnc,qID,Q762-0,dear,197619,197623,1,1074,10,M_3854,Other
3855,exp,exp_name,mrs. honeychurch,Mrs. Honeychurch,197631,197647,17,1074,10,M_3855,PROPN
3856,pdnc,qID,Q763-0,Lucy,197663,197667,4,1075,10,M_3856,PROPN
3857,exp,exp_name,saturn,Saturn,197684,197690,43,1075,10,M_3857,PROPN
3858,pdnc,qID,Q763-0,her,197744,197747,4,1075,10,M_3858,Other
3859,pdnc,qID,Q763-0,Minnie,197789,197795,5,1075,10,M_3859,PROPN
3860,pdnc,qID,Q763-0,her,197804,197807,4,1075,10,M_3860,Other
3861,pdnc,qID,Q763-0,her,197813,197816,4,1075,10,M_3861,Other
3862,pdnc,qID,Q763-0,her,197854,197857,4,1075,10,M_3862,Other
3863,exp,exp_name,lucy,Lucy,197876,197880,4,1076,10,M_3863,PROPN
3864,booknlp,COREF,116,her,197925,197928,4,1076,10,M_3864,Other
3865,exp,exp_name,mr. beebe,Mr. Beebe,197936,197945,10,1077,10,M_3865,PROPN
3866,booknlp,COREF,119,his,198029,198032,10,1077,10,M_3866,Other
3867,exp,exp_name,freddy,Freddy,198062,198068,1,1078,10,M_3867,PROPN
3868,booknlp,COREF,124,he,198160,198162,1,1078,10,M_3868,Other
3869,exp,exp_name,minnie,Minnie,198179,198185,5,1078,10,M_3869,PROPN
3870,exp,exp_name,cecil,Cecil,198256,198261,0,1078,10,M_3870,PROPN
3871,booknlp,COREF,198,he,198286,198288,0,1078,10,M_3871,Other
3872,booknlp,COREF,198,he,198320,198322,0,1078,10,M_3872,Other
3873,booknlp,COREF,198,he,198363,198365,0,1078,10,M_3873,Other
3874,booknlp,COREF,198,He,198376,198378,0,1078,10,M_3874,Other
3875,booknlp,COREF,198,he,198444,198446,0,1078,10,M_3875,Other
3876,booknlp,COREF,119,I,198540,198541,10,1079,10,M_3876,Other
3877,exp,exp_name,mr. beebe,Mr. Beebe,198588,198597,10,1079,10,M_3877,PROPN
3878,exp,exp_name,lucy,Lucy,198607,198611,4,1079,10,M_3878,PROPN
3879,exp,exp_name,minnie,Minnie,198641,198647,5,1079,10,M_3879,PROPN
3880,booknlp,COREF,116,her,198672,198675,4,1079,10,M_3880,Other
3881,booknlp,COREF,116,her,198684,198687,4,1079,10,M_3881,Other
3882,pdnc,qID,Q766-0,the Miss Alans,198707,198721,9,1080,10,M_3882,Other
3883,exp,exp_name,freddy,Freddy,198724,198730,1,1080,10,M_3883,PROPN
3884,pdnc,qID,Q767-0,They,198741,198745,9,1081,10,M_3884,Other
3885,exp,exp_name,lucy,Lucy,198920,198924,4,1084,10,M_3885,PROPN
3886,booknlp,COREF,116,her,198931,198934,4,1084,10,M_3886,Other
3887,booknlp,COREF,116,her,198953,198956,4,1084,10,M_3887,Other
3888,exp,exp_name,alan,Alan,198964,198968,24,1085,10,M_3888,PROPN
3889,pdnc,qID,Q770-0, Sir Harry,198998,199008,21,1085,10,M_3889,Other
3890,pdnc,qID,Q771-0,Freddy,199032,199038,1,1086,10,M_3890,PROPN
3891,pdnc,qID,Q771-0,You,199040,199043,1,1086,10,M_3891,Other
3892,pdnc,qID,Q772-0,yourself,199079,199087,4,1087,10,M_3892,Other
3893,booknlp,COREF,116,I,199089,199090,4,1087,10,M_3893,Other
3894,pdnc,qID,Q772-0,him,199111,199114,21,1087,10,M_3894,Other
3895,pdnc,qID,Q772-0,He,199116,199118,21,1087,10,M_3895,Other
3896,booknlp,COREF,116,me,199127,199129,4,1087,10,M_3896,Other
3897,exp,exp_name,honeychurch,Honeychurch,199138,199149,1,1087,10,M_3897,PROPN
3898,exp,exp_name,freddy,Freddy,199154,199160,1,1087,10,M_3898,PROPN
3899,pdnc,qID,Q773-0,him,199295,199298,21,1087,10,M_3899,Other
3900,pdnc,qID,Q774-0,The Miss Alans,199324,199338,9,1088,10,M_3900,Other
3901,exp,exp_name,mrs. honeychurch,Mrs. Honeychurch,199438,199454,17,1090,10,M_3901,PROPN
3902,pdnc,qID,Q776-1,you,199470,199473,4,1090,10,M_3902,Other
3903,pdnc,qID,Q776-1,Lucy,199482,199486,4,1090,10,M_3903,PROPN
3904,pdnc,qID,Q777-0,Freddy,199646,199652,1,1091,10,M_3904,PROPN
3905,pdnc,qID,Q777-0,Freddy,199656,199662,1,1091,10,M_3905,PROPN
3906,pdnc,qID,Q777-0,he,199704,199706,1,1091,10,M_3906,Other
3907,exp,exp_name,emerson,Emerson,199766,199773,2,1092,10,M_3907,PROPN
3908,exp,exp_name,emerson,Emerson,199792,199799,2,1094,10,M_3908,PROPN
3909,pdnc,qID,Q780-0,you,199810,199813,4,1094,10,M_3909,Other
3910,pdnc,qID,Q780-0,you,199823,199826,4,1094,10,M_3910,Other
3911,pdnc,qID,Q781-0,Sir Harry,199855,199864,21,1095,10,M_3911,PROPN
3912,exp,exp_name,lucy,Lucy,199875,199879,4,1095,10,M_3912,PROPN
3913,booknlp,COREF,116,I,199890,199891,4,1095,10,M_3913,Other
3914,booknlp,COREF,116,I,199897,199898,4,1095,10,M_3914,Other
3915,booknlp,COREF,116,she,199941,199944,4,1096,10,M_3915,Other
3916,booknlp,COREF,116,her,199952,199955,4,1096,10,M_3916,Other
3917,exp,exp_name,mr. beebe,Mr. Beebe,199993,200002,10,1096,10,M_3917,PROPN
3918,booknlp,COREF,116,her,200021,200024,4,1096,10,M_3918,Other
3919,booknlp,COREF,119,his,200050,200053,10,1096,10,M_3919,Other
3920,exp,exp_name,mrs. honeychurch,Mrs. Honeychurch,200183,200199,17,1097,10,M_3920,PROPN
3921,exp,exp_name,emerson,Emerson,200247,200254,2,1098,10,M_3921,PROPN
3922,pdnc,qID,Q782-0,Freddy,200256,200262,1,1098,10,M_3922,PROPN
3923,pdnc,qID,Q782-0,you,200267,200270,1,1098,10,M_3923,Other
3924,booknlp,COREF,124,I,200303,200304,1,1099,10,M_3924,Other
3925,exp,exp_name,freddy,Freddy,200356,200362,1,1099,10,M_3925,PROPN
3926,booknlp,COREF,124,his,200389,200392,1,1099,10,M_3926,Other
3927,booknlp,COREF,124,he,200428,200430,1,1099,10,M_3927,Other
3928,booknlp,COREF,124,him,200555,200558,1,1099,10,M_3928,Other
3929,pdnc,qID,Q784-0,Lucy,200631,200635,4,1100,10,M_3929,PROPN
3930,pdnc,qID,Q785-0,you,200671,200674,4,1100,10,M_3930,Other
3931,booknlp,COREF,116,your,200688,200692,4,1100,10,M_3931,Other
3932,pdnc,qID,Q785-0,your mother,200711,200722,17,1100,10,M_3932,Other
3933,exp,exp_name,emerson,Emerson,200825,200832,2,1101,10,M_3933,PROPN
3934,exp,exp_name,lucy,Lucy,200858,200862,4,1101,10,M_3934,PROPN
3935,booknlp,COREF,116,She,200874,200877,4,1102,10,M_3935,Other
3936,booknlp,COREF,116,herself,200922,200929,4,1102,10,M_3936,Other
3937,booknlp,COREF,116,she,200931,200934,4,1102,10,M_3937,Other
3938,pdnc,qID,Q787-0,Freddy,201129,201135,1,1103,10,M_3938,PROPN
3939,exp,exp_name,emerson,Emerson,201178,201185,2,1103,10,M_3939,PROPN
3940,pdnc,qID,Q787-0,you,201246,201249,1,1103,10,M_3940,Other
3941,booknlp,COREF,116,you,201282,201285,4,1104,10,M_3941,Other
3942,pdnc,qID,Q788-1,Cecil,201333,201338,0,1104,10,M_3942,Other
3943,pdnc,qID,Q789-0,CECIL,201441,201446,0,1105,10,M_3943,Other
3944,exp,exp_name,lucy,Lucy,201459,201463,4,1105,10,M_3944,PROPN
3945,pdnc,qID,Q790-1,Lucy,201516,201520,4,1106,10,M_3945,PROPN
3946,pdnc,qID,Q790-1,you,201558,201561,4,1106,10,M_3946,Other
3947,pdnc,qID,Q791-0,Cecil,201590,201595,0,1107,10,M_3947,Other
3948,pdnc,qID,Q792-0,Cecil,201612,201617,0,1108,10,M_3948,Other
3949,exp,exp_name,honeychurch,Honeychurch,201673,201684,1,1108,10,M_3949,PROPN
3950,booknlp,COREF,116,She,201722,201725,4,1109,10,M_3950,Other
3951,exp,exp_name,lucy,Lucy,201765,201769,4,1110,10,M_3951,PROPN
3952,exp,exp_name,mr. beebe,Mr. Beebe,201771,201780,10,1110,10,M_3952,PROPN
3953,booknlp,COREF,116,her,201798,201801,4,1110,10,M_3953,Other
3954,booknlp,COREF,116,she,201819,201822,4,1110,10,M_3954,Other
3955,booknlp,COREF,116,her,201837,201840,4,1110,10,M_3955,Other
3956,exp,exp_name,sir harry otway,Sir Harry Otway,201877,201892,21,1110,10,M_3956,PROPN
3957,booknlp,COREF,116,she,201894,201897,4,1110,10,M_3957,Other
3958,booknlp,COREF,116,She,201929,201932,4,1110,10,M_3958,Other
3959,booknlp,COREF,116,she,201959,201962,4,1110,10,M_3959,Other
3960,booknlp,COREF,116,her,201994,201997,4,1110,10,M_3960,Other
3961,exp,exp_name,mr. vyse,Mr. Vyse,202005,202013,0,1110,10,M_3961,PROPN
3962,exp,exp_name,the clergyman,The clergyman,202107,202120,32,1110,10,M_3962,PROPN
3963,exp,exp_name,miss honeychurch,Miss Honeychurch,202146,202162,4,1110,10,M_3963,PROPN
3964,booknlp,COREF,335,his,202178,202181,32,1110,10,M_3964,Other
3965,booknlp,COREF,116,she,202204,202207,4,1111,10,M_3965,Other
3966,pdnc,qID,Q793-0,Cecil,202224,202229,0,1111,10,M_3966,Other
3967,booknlp,COREF,335,he,202297,202299,32,1111,10,M_3967,Other
3968,booknlp,COREF,116,she,202416,202419,4,1111,10,M_3968,Other
3969,booknlp,COREF,116,her,202430,202433,4,1111,10,M_3969,Other
3970,booknlp,COREF,335,He,202445,202447,32,1111,10,M_3970,Other
3971,pdnc,qID,Q794-0,you,202512,202515,4,1112,10,M_3971,Other
3972,booknlp,COREF,335,I,202526,202527,32,1112,10,M_3972,Other
3973,pdnc,qID,Q794-0,Mr. Vyse,202618,202626,0,1112,10,M_3973,PROPN
3974,exp,exp_name,mrs. honeychurch,Mrs. Honeychurch,202634,202650,17,1112,10,M_3974,PROPN
3975,pdnc,qID,Q794-0,our ,202696,202700,10,1112,10,M_3975,Other
3976,pdnc,qID,Q794-0,we,202705,202707,10,1112,10,M_3976,Other
3977,pdnc,qID,Q794-0,we,202727,202729,10,1112,10,M_3977,Other
3978,booknlp,COREF,335,He,202732,202734,32,1112,10,M_3978,Other
3979,exp,exp_name,lucy,Lucy,202747,202751,4,1112,10,M_3979,PROPN
3980,pdnc,qID,Q795-0,Miss Alans,202868,202878,9,1112,10,M_3980,PROPN
3981,exp,exp_name,miss catharine,Miss Catharine,202988,203002,7,1112,10,M_3981,PROPN
3982,booknlp,COREF,335,My,203021,203023,32,1112,10,M_3982,Other
3983,booknlp,COREF,335,I,203216,203217,32,1112,10,M_3983,Other
3984,pdnc,qID,Q796-0,you,203290,203293,4,1113,10,M_3984,Other
3985,exp,exp_name,freddy,Freddy,203315,203321,1,1113,10,M_3985,PROPN
3986,booknlp,COREF,124,his,203339,203342,1,1113,10,M_3986,Other
3987,exp,exp_name,mr. beebe,Mr. Beebe,203402,203411,10,1113,10,M_3987,PROPN
3988,pdnc,qID,Q797-0,a father,203503,203511,11,1114,10,M_3988,Other
3989,pdnc,qID,Q797-0,a son,203516,203521,2,1114,10,M_3989,Other
3990,pdnc,qID,Q797-0,the son,203523,203530,2,1114,10,M_3990,Other
3991,booknlp,COREF,119,I,203578,203579,10,1114,10,M_3991,Other
3992,pdnc,qID,Q797-0,the father,203648,203658,11,1114,10,M_3992,Other
3993,pdnc,qID,Q797-0,he,203708,203710,11,1114,10,M_3993,Other
3994,booknlp,COREF,119,his,203739,203742,10,1115,10,M_3994,Other
3995,exp,exp_name,mr. beebe,Mr. Beebe,203756,203765,10,1115,10,M_3995,PROPN
3996,booknlp,COREF,119,he,203809,203811,10,1115,10,M_3996,Other
3997,exp,exp_name,lucy,Lucy,203834,203838,4,1115,10,M_3997,PROPN
3998,booknlp,COREF,116,her,203842,203845,4,1115,10,M_3998,Other
3999,booknlp,COREF,119,He,203862,203864,10,1115,10,M_3999,Other
4000,booknlp,COREF,119,his,203901,203904,10,1115,10,M_4000,Other
4001,exp,exp_name,mrs. honeychurch,Mrs. Honeychurch,203938,203954,17,1116,10,M_4001,PROPN
4002,pdnc,qID,Q798-1,Lucy,203957,203961,4,1116,10,M_4002,PROPN
4003,pdnc,qID,Q798-1,Charlotte,204141,204150,6,1116,10,M_4003,PROPN
4004,pdnc,qID,Q798-1,Charlotte,204196,204205,6,1116,10,M_4004,PROPN
4005,exp,exp_name,mr. beebe,Mr. Beebe,204224,204233,10,1117,10,M_4005,PROPN
4006,booknlp,COREF,119,He,204267,204269,10,1117,10,M_4006,Other
4007,booknlp,COREF,119,his,204285,204288,10,1117,10,M_4007,Other
4008,exp,exp_name,lucy,Lucy,204606,204610,4,1118,10,M_4008,PROPN
4009,booknlp,COREF,116,her,204617,204620,4,1118,10,M_4009,Other
4010,exp,exp_name,cecil,Cecil,204637,204642,0,1118,10,M_4010,PROPN
4011,booknlp,COREF,116,her,204697,204700,4,1119,10,M_4011,Other
4012,booknlp,COREF,116,I,204718,204719,4,1120,10,M_4012,Other
4013,booknlp,COREF,116,she,204730,204733,4,1120,10,M_4013,Other
4014,pdnc,qID,Q800-1,You,204765,204768,1,1120,10,M_4014,Other
4015,pdnc,qID,Q800-1,you,204791,204794,1,1120,10,M_4015,Other
4016,booknlp,COREF,116,she,204806,204809,4,1121,10,M_4016,Other
4017,booknlp,COREF,116,her,204820,204823,4,1121,10,M_4017,Other
4018,booknlp,COREF,135,Harris,204843,204849,21,1121,10,M_4018,PROPN
4019,booknlp,COREF,116,her,204892,204895,4,1121,10,M_4019,Other
4020,booknlp,COREF,116,she,204901,204904,4,1121,10,M_4020,Other
4021,booknlp,COREF,116,her,204992,204995,4,1121,10,M_4021,Other
4022,booknlp,COREF,116,her,205012,205015,4,1121,10,M_4022,Other
4023,exp,exp_name,cecil,Cecil,205051,205056,0,1121,10,M_4023,PROPN
4024,booknlp,COREF,116,her,205124,205127,4,1121,10,M_4024,Other
4025,booknlp,COREF,116,She,205139,205142,4,1121,10,M_4025,Other
4026,booknlp,COREF,116,she,205167,205170,4,1121,10,M_4026,Other
4027,booknlp,COREF,116,she,205244,205247,4,1121,10,M_4027,Other
4028,booknlp,COREF,116,She,205268,205271,4,1121,10,M_4028,Other
4029,exp,exp_name,cecil,Cecil,205333,205338,0,1121,10,M_4029,PROPN
4030,booknlp,COREF,116,her,205352,205355,4,1121,10,M_4030,Other
4031,booknlp,COREF,116,she,205357,205360,4,1121,10,M_4031,Other
4032,pdnc,qID,Q802-0,Cecil,205373,205378,0,1122,10,M_4032,Other
4033,booknlp,COREF,198,he,205391,205393,0,1123,10,M_4033,Other
4034,booknlp,COREF,198,He,205444,205446,0,1123,10,M_4034,Other
4035,booknlp,COREF,198,I,205472,205473,0,1123,10,M_4035,Other
4036,pdnc,qID,Q803-1,you,205485,205488,4,1123,10,M_4036,Other
4037,booknlp,COREF,198,I,205497,205498,0,1123,10,M_4037,Other
4038,pdnc,qID,Q803-1,you,205505,205508,4,1123,10,M_4038,Other
4039,booknlp,COREF,198,I,205561,205562,0,1123,10,M_4039,Other
4040,booknlp,COREF,198,I,205569,205570,0,1123,10,M_4040,Other
4041,exp,exp_name,george,George,205617,205623,2,1123,10,M_4041,PROPN
4042,booknlp,COREF,198,I,205710,205711,0,1123,10,M_4042,Other
4043,booknlp,COREF,198,I,205718,205719,0,1123,10,M_4043,Other
4044,pdnc,qID,Q803-1,You,205806,205809,4,1123,10,M_4044,Other
4045,booknlp,COREF,198,me,205821,205823,0,1123,10,M_4045,Other
4046,pdnc,qID,Q803-1,you,205829,205832,4,1123,10,M_4046,Other
4047,booknlp,COREF,198,He,205848,205850,0,1124,10,M_4047,Other
4048,booknlp,COREF,198,his,205879,205882,0,1124,10,M_4048,Other
4049,booknlp,COREF,198,he,205904,205906,0,1124,10,M_4049,Other
4050,pdnc,qID,Q804-1,Freddy,205981,205987,1,1125,10,M_4050,PROPN
4051,pdnc,qID,Q804-1,Naughty Cecil,206001,206014,0,1125,10,M_4051,PROPN
4052,pdnc,qID,Q804-1,you,206041,206044,0,1125,10,M_4052,Other
4053,pdnc,qID,Q804-1,yours,206180,206185,0,1125,10,M_4053,Other
4054,pdnc,qID,Q804-1,you,206191,206194,0,1125,10,M_4054,Other
4055,booknlp,COREF,198,mine,206235,206239,0,1126,10,M_4055,Other
4056,booknlp,COREF,198,he,206242,206244,0,1126,10,M_4056,Other
4057,pdnc,qID,Q805-1,Lucy,206260,206264,4,1126,10,M_4057,PROPN
4058,pdnc,qID,Q805-2,you,206350,206353,4,1126,10,M_4058,Other
4059,pdnc,qID,Q805-2,my mother,206442,206451,18,1126,10,M_4059,Other
4060,pdnc,qID,Q808-0,Cecil,206748,206753,0,1129,10,M_4060,Other
4061,exp,exp_name,the son,the son,206884,206891,35,1130,10,M_4061,PROPN
4062,exp,exp_name,sir harry,Sir Harry,206960,206969,21,1130,10,M_4062,PROPN
4063,pdnc,qID,Q809-0,him,207093,207096,2,1130,10,M_4063,Other
4064,pdnc,qID,Q810-0,Cecil,207114,207119,0,1131,10,M_4064,Other
4065,pdnc,qID,Q811-0,That old man,207249,207261,11,1133,10,M_4065,Other
4066,pdnc,qID,Q811-0,Sir Harry,207305,207314,21,1133,10,M_4066,PROPN
4067,pdnc,qID,Q811-0,his,207338,207341,21,1133,10,M_4067,Other
4068,pdnc,qID,Q811-0,him,207381,207384,21,1133,10,M_4068,Other
4069,pdnc,qID,Q811-0,Lucy,207409,207413,4,1133,10,M_4069,PROPN
4070,pdnc,qID,Q811-0,you,207457,207460,4,1133,10,M_4070,Other
4071,pdnc,qID,Q812-0,you,207565,207568,0,1134,10,M_4071,Other
4072,pdnc,qID,Q812-1,You,207591,207594,0,1134,10,M_4072,Other
4073,pdnc,qID,Q813-0,you,207707,207710,4,1135,10,M_4073,Other
4074,pdnc,qID,Q814-0,Cecil,207788,207793,0,1137,10,M_4074,Other
4075,pdnc,qID,Q814-0,you,207803,207806,0,1137,10,M_4075,Other
4076,pdnc,qID,Q814-0,you,207816,207819,0,1137,10,M_4076,Other
4077,pdnc,qID,Q814-0,You,207838,207841,0,1137,10,M_4077,Other
4078,pdnc,qID,Q814-0,You,207925,207928,0,1137,10,M_4078,Other
4079,pdnc,qID,Q814-0,Sir Harry,207949,207958,21,1137,10,M_4079,PROPN
4080,pdnc,qID,Q814-0,you,207967,207970,0,1137,10,M_4080,Other
4081,pdnc,qID,Q814-0,you,208040,208043,0,1137,10,M_4081,Other
4082,exp,exp_name,lucy,Lucy,208162,208166,4,1140,10,M_4082,PROPN
4083,booknlp,COREF,116,she,208235,208238,4,1140,10,M_4083,Other
4084,exp,exp_name,the son,the son,208366,208373,35,1140,10,M_4084,PROPN
4085,exp,exp_name,mrs. vyse,Mrs. Vyse,208495,208504,18,1141,11,M_4085,PROPN
4086,exp,exp_name,mr. vyse,Mr. Vyse,208623,208631,0,1142,11,M_4086,PROPN
4087,exp,exp_name,sir harry otway,Sir Harry Otway,208771,208786,21,1142,11,M_4087,PROPN
4088,exp,exp_name,mr. emerson,Mr. Emerson,208813,208824,11,1142,11,M_4088,PROPN
4089,exp,exp_name,lucy,Lucy,208921,208925,4,1142,11,M_4089,PROPN
4090,exp,exp_name,mr. beebe,Mr. Beebe,208971,208980,10,1142,11,M_4090,PROPN
4091,exp,exp_name,mrs. honeychurch,Mrs. Honeychurch,209035,209051,17,1142,11,M_4091,PROPN
4092,exp,exp_name,freddy,Freddy,209057,209063,1,1142,11,M_4092,PROPN
4093,exp,exp_name,lucy,Lucy,209259,209263,4,1143,11,M_4093,PROPN
4094,exp,exp_name,lucy,Lucy,209356,209360,4,1143,11,M_4094,PROPN
4095,booknlp,COREF,116,she,209479,209482,4,1143,11,M_4095,Other
4096,booknlp,COREF,116,her,209531,209534,4,1143,11,M_4096,Other
4097,exp,exp_name,cecil,Cecil,209580,209585,0,1143,11,M_4097,PROPN
4098,booknlp,COREF,198,he,209612,209614,0,1143,11,M_4098,Other
4099,exp,exp_name,cecil,Cecil,209655,209660,0,1143,11,M_4099,PROPN
4100,booknlp,COREF,116,She,209877,209880,4,1143,11,M_4100,Other
4101,exp,exp_name,mrs. vyse,Mrs. Vyse,209906,209915,18,1143,11,M_4101,PROPN
4102,booknlp,COREF,116,she,209972,209975,4,1143,11,M_4102,Other
4103,pdnc,qID,Q816-0,Cecil,210007,210012,0,1144,11,M_4103,Other
4104,pdnc,qID,Q816-0,Cecil darling,210014,210027,0,1144,11,M_4104,Other
4105,booknlp,COREF,116,she,210030,210033,4,1144,11,M_4105,Other
4106,booknlp,COREF,116,she,210056,210059,4,1144,11,M_4106,Other
4107,booknlp,COREF,198,his,210084,210087,0,1144,11,M_4107,Other
4108,exp,exp_name,cecil,Cecil,210095,210100,0,1145,11,M_4108,PROPN
4109,booknlp,COREF,198,He,210129,210131,0,1145,11,M_4109,Other
4110,exp,exp_name,lucy,Lucy,210178,210182,4,1145,11,M_4110,PROPN
4111,booknlp,COREF,116,she,210192,210195,4,1145,11,M_4111,Other
4112,booknlp,COREF,198,him,210254,210257,0,1145,11,M_4112,Other
4113,booknlp,COREF,198,he,210266,210268,0,1145,11,M_4113,Other
4114,pdnc,qID,Q817-0,you,210285,210288,4,1146,11,M_4114,Other
4115,booknlp,COREF,198,me,210297,210299,0,1146,11,M_4115,Other
4116,pdnc,qID,Q817-0,little thing,210301,210313,4,1146,11,M_4116,Other
4117,booknlp,COREF,198,he,210316,210318,0,1146,11,M_4117,Other
4118,pdnc,qID,Q818-0,Cecil,210335,210340,0,1147,11,M_4118,Other
4119,booknlp,COREF,198,I,210342,210343,0,1147,11,M_4119,Other
4120,booknlp,COREF,198,I,210348,210349,0,1147,11,M_4120,Other
4121,booknlp,COREF,198,I,210354,210355,0,1147,11,M_4121,Other
4122,booknlp,COREF,198,I,210372,210373,0,1147,11,M_4122,Other
4123,pdnc,qID,Q818-0,you,210392,210395,0,1147,11,M_4123,Other
4124,booknlp,COREF,116,she,210425,210428,4,1148,11,M_4124,Other
4125,exp,exp_name,miss bartlett,Miss Bartlett,210447,210460,6,1148,11,M_4125,PROPN
4126,exp,exp_name,charlotte,Charlotte,210600,210609,6,1148,11,M_4126,PROPN
4127,exp,exp_name,charlotte,Charlotte,210789,210798,6,1148,11,M_4127,PROPN
4128,exp,exp_name,lucy,Lucy,210863,210867,4,1148,11,M_4128,PROPN
4129,exp,exp_name,lucy,Lucy,210965,210969,4,1148,11,M_4129,PROPN
4130,booknlp,COREF,116,she,210979,210982,4,1148,11,M_4130,Other
4131,exp,exp_name,mrs. vyse,Mrs. Vyse,211005,211014,18,1148,11,M_4131,PROPN
4132,booknlp,COREF,116,her,211038,211041,4,1148,11,M_4132,Other
4133,exp,exp_name,miss bartlett,Miss Bartlett,211094,211107,6,1148,11,M_4133,PROPN
4134,booknlp,COREF,115,she,211125,211128,6,1148,11,M_4134,Other
4135,exp,exp_name,lucy,Lucy,211235,211239,4,1148,11,M_4135,PROPN
4136,booknlp,COREF,116,she,211265,211268,4,1148,11,M_4136,Other
4137,exp,exp_name,lucia,Lucia,211394,211399,4,1151,11,M_4137,PROPN
4138,booknlp,COREF,116,I,211404,211405,4,1152,11,M_4138,Other
4139,booknlp,COREF,165,you,211419,211422,4,1152,11,M_4139,Other
4140,exp,exp_name,miss lavish,Miss Lavish,211432,211443,8,1152,11,M_4140,PROPN
4141,booknlp,COREF,165,your,211466,211470,4,1152,11,M_4141,Other
4142,booknlp,COREF,131,her,211539,211542,8,1152,11,M_4142,Other
4143,booknlp,COREF,131,she,211594,211597,8,1152,11,M_4143,Other
4144,booknlp,COREF,131,she,211644,211647,8,1152,11,M_4144,Other
4145,booknlp,COREF,131,her,211655,211658,8,1152,11,M_4145,Other
4146,exp,exp_name,emerson,Emerson,211710,211717,2,1152,11,M_4146,PROPN
4147,booknlp,COREF,165,you,211806,211809,4,1152,11,M_4147,Other
4148,exp,exp_name,eleanor,Eleanor,211868,211875,8,1152,11,M_4148,PROPN
4149,exp,exp_name,lucy,Lucy,211895,211899,4,1152,11,M_4149,PROPN
4150,booknlp,COREF,116,I,211901,211902,4,1152,11,M_4150,Other
4151,booknlp,COREF,116,I,211924,211925,4,1152,11,M_4151,Other
4152,booknlp,COREF,116,you,211933,211936,4,1152,11,M_4152,Other
4153,booknlp,COREF,116,your,211985,211989,4,1152,11,M_4153,Other
4154,exp,exp_name,freddy,Freddy,211998,212004,1,1152,11,M_4154,PROPN
4155,exp,exp_name,mr. vyse,Mr. Vyse,212010,212018,0,1152,11,M_4155,PROPN
4156,booknlp,COREF,116,I,212098,212099,4,1152,11,M_4156,Other
4157,booknlp,COREF,116,you,212109,212112,4,1152,11,M_4157,Other
4158,exp,exp_name,mr. vyse,Mr. Vyse,212137,212145,0,1152,11,M_4158,PROPN
4159,booknlp,COREF,116,I,212163,212164,4,1152,11,M_4159,Other
4160,booknlp,COREF,116,I,212178,212179,4,1152,11,M_4160,Other
4161,booknlp,COREF,116,I,212215,212216,4,1152,11,M_4161,Other
4162,booknlp,COREF,116,I,212277,212278,4,1152,11,M_4162,Other
4163,booknlp,COREF,116,you,212286,212289,4,1152,11,M_4163,Other
4164,booknlp,COREF,116,me,212302,212304,4,1153,11,M_4164,Other
4165,booknlp,COREF,116,Your,212309,212313,4,1154,11,M_4165,Other
4166,exp,exp_name,charlotte,Charlotte,212344,212353,6,1155,11,M_4166,PROPN
4167,exp,exp_name,lucy,Lucy,212358,212362,4,1156,11,M_4167,PROPN
4168,exp,exp_name,charlotte,Charlotte,212441,212450,6,1158,11,M_4168,PROPN
4169,exp,exp_name,mr. emerson,Mr. Emerson,212490,212501,11,1159,11,M_4169,PROPN
4170,booknlp,COREF,116,you,212534,212537,4,1159,11,M_4170,Other
4171,booknlp,COREF,116,me,212543,212545,4,1159,11,M_4171,Other
4172,booknlp,COREF,116,you,212582,212585,4,1159,11,M_4172,Other
4173,booknlp,COREF,116,you,212607,212610,4,1159,11,M_4173,Other
4174,booknlp,COREF,116,me,212637,212639,4,1159,11,M_4174,Other
4175,booknlp,COREF,116,I,212641,212642,4,1159,11,M_4175,Other
4176,booknlp,COREF,116,I,212701,212702,4,1159,11,M_4176,Other
4177,exp,exp_name,cecil,Cecil,212729,212734,0,1159,11,M_4177,PROPN
4178,booknlp,COREF,116,I,212740,212741,4,1159,11,M_4178,Other
4179,booknlp,COREF,116,I,212816,212817,4,1159,11,M_4179,Other
4180,exp,exp_name,miss lavish,Miss Lavish,212859,212870,8,1159,11,M_4180,PROPN
4181,booknlp,COREF,131,She,212917,212920,8,1159,11,M_4181,Other
4182,booknlp,COREF,116,I,212955,212956,4,1159,11,M_4182,Other
4183,booknlp,COREF,116,You,212999,213002,4,1159,11,M_4183,Other
4184,booknlp,COREF,116,I,213063,213064,4,1159,11,M_4184,Other
4185,booknlp,COREF,116,I,213168,213169,4,1159,11,M_4185,Other
4186,exp,exp_name,the son,the son,213236,213243,35,1159,11,M_4186,PROPN
4187,booknlp,COREF,116,I,213245,213246,4,1159,11,M_4187,Other
4188,booknlp,COREF,116,myself,213294,213300,4,1159,11,M_4188,Other
4189,exp,exp_name,cecil,Cecil,213320,213325,0,1159,11,M_4189,PROPN
4190,booknlp,COREF,116,you,213357,213360,4,1159,11,M_4190,Other
4191,exp,exp_name,miss lavish,Miss Lavish,213415,213426,8,1160,11,M_4191,PROPN
4192,booknlp,COREF,116,you,213444,213447,4,1160,11,M_4192,Other
4193,booknlp,COREF,116,me,213459,213461,4,1160,11,M_4193,Other
4194,booknlp,COREF,116,I,213467,213468,4,1160,11,M_4194,Other
4195,booknlp,COREF,116,your,213546,213550,4,1160,11,M_4195,Other
4196,booknlp,COREF,116,my,213580,213582,4,1160,11,M_4196,Other
4197,booknlp,COREF,116,Yours,213595,213600,4,1161,11,M_4197,Other
4198,exp,exp_name,honeychurch,Honeychurch,213626,213637,1,1162,11,M_4198,PROPN
4199,exp,exp_name,lucy,Lucy,213766,213770,4,1163,11,M_4199,PROPN
4200,booknlp,COREF,116,her,213775,213778,4,1163,11,M_4200,Other
4201,exp,exp_name,cecil,Cecil,213834,213839,0,1163,11,M_4201,PROPN
4202,booknlp,COREF,198,he,213850,213852,0,1163,11,M_4202,Other
4203,booknlp,COREF,198,he,213897,213899,0,1163,11,M_4203,Other
4204,exp,exp_name,miss bartlett,Miss Bartlett,213916,213929,6,1163,11,M_4204,PROPN
4205,booknlp,COREF,115,she,213960,213963,6,1163,11,M_4205,Other
4206,booknlp,COREF,116,herself,214016,214023,4,1163,11,M_4206,Other
4207,exp,exp_name,lucy,Lucy,214025,214029,4,1163,11,M_4207,PROPN
4208,booknlp,COREF,116,her,214046,214049,4,1163,11,M_4208,Other
4209,booknlp,COREF,116,her,214061,214064,4,1163,11,M_4209,Other
4210,exp,exp_name,emerson,Emerson,214128,214135,2,1163,11,M_4210,PROPN
4211,booknlp,COREF,116,She,214184,214187,4,1163,11,M_4211,Other
4212,exp,exp_name,cecil,Cecil,214202,214207,0,1163,11,M_4212,PROPN
4213,booknlp,COREF,198,his,214283,214286,0,1163,11,M_4213,Other
4214,booknlp,COREF,116,her,214308,214311,4,1163,11,M_4214,Other
4215,booknlp,COREF,116,she,214346,214349,4,1163,11,M_4215,Other
4216,booknlp,COREF,116,She,214360,214363,4,1164,11,M_4216,Other
4217,booknlp,COREF,116,her,214368,214371,4,1164,11,M_4217,Other
4218,booknlp,COREF,116,her,214492,214495,4,1164,11,M_4218,Other
4219,exp,exp_name,cecil,Cecil,214505,214510,0,1164,11,M_4219,PROPN
4220,booknlp,COREF,116,her,214652,214655,4,1164,11,M_4220,Other
4221,exp,exp_name,mrs. vyse,Mrs. Vyse,214689,214698,18,1164,11,M_4221,PROPN
4222,exp,exp_name,the girl,the girl,214869,214877,19,1164,11,M_4222,PROPN
4223,exp,exp_name,lucy,Lucy,215111,215115,4,1164,11,M_4223,PROPN
4224,booknlp,COREF,116,her,215125,215128,4,1164,11,M_4224,Other
4225,booknlp,COREF,116,her,215158,215161,4,1164,11,M_4225,Other
4226,booknlp,COREF,116,she,215185,215188,4,1164,11,M_4226,Other
4227,booknlp,COREF,332,her,215237,215240,19,1165,11,M_4227,Other
4228,booknlp,COREF,332,She,215261,215264,19,1166,11,M_4228,Other
4229,exp,exp_name,schumann,Schumann,215272,215280,30,1166,11,M_4229,PROPN
4230,exp,exp_name,beethoven,Beethoven,215292,215301,25,1166,11,M_4230,PROPN
4231,exp,exp_name,cecil,Cecil,215310,215315,0,1166,11,M_4231,PROPN
4232,booknlp,COREF,332,She,215366,215369,19,1166,11,M_4232,Other
4233,booknlp,COREF,332,her,215376,215379,19,1166,11,M_4233,Other
4234,exp,exp_name,schumann,Schumann,215396,215404,30,1166,11,M_4234,PROPN
4235,booknlp,COREF,332,she,215711,215714,19,1166,11,M_4235,Other
4236,exp,exp_name,schumann,Schumann,215781,215789,30,1166,11,M_4236,PROPN
4237,exp,exp_name,mr. beebe,Mr. Beebe,215815,215824,10,1166,11,M_4237,PROPN
4238,booknlp,COREF,119,himself,215839,215846,10,1166,11,M_4238,Other
4239,booknlp,COREF,332,she,215852,215855,19,1166,11,M_4239,Other
4240,exp,exp_name,lucy,Lucy,215898,215902,4,1167,11,M_4240,PROPN
4241,exp,exp_name,mrs. vyse,Mrs. Vyse,215920,215929,18,1167,11,M_4241,PROPN
4242,booknlp,COREF,172,her,215977,215980,18,1167,11,M_4242,Other
4243,booknlp,COREF,172,her,215999,216002,18,1167,11,M_4243,Other
4244,exp,exp_name,mrs. vyse,Mrs. Vyse,216008,216017,18,1167,11,M_4244,PROPN
4245,booknlp,COREF,172,her,216040,216043,18,1167,11,M_4245,Other
4246,booknlp,COREF,172,her,216180,216183,18,1167,11,M_4246,Other
4247,exp,exp_name,fate,fate,216184,216188,26,1167,11,M_4247,PROPN
4248,booknlp,COREF,172,her,216201,216204,18,1167,11,M_4248,Other
4249,booknlp,COREF,172,she,216210,216213,18,1167,11,M_4249,Other
4250,booknlp,COREF,172,her,216276,216279,18,1167,11,M_4250,Other
4251,exp,exp_name,cecil,Cecil,216305,216310,0,1167,11,M_4251,PROPN
4252,booknlp,COREF,172,she,216311,216314,18,1167,11,M_4252,Other
4253,booknlp,COREF,198,he,216349,216351,0,1167,11,M_4253,Other
4254,pdnc,qID,Q820-0,Lucy,216410,216414,4,1168,11,M_4254,PROPN
4255,booknlp,COREF,172,she,216427,216430,18,1168,11,M_4255,Other
4256,booknlp,COREF,172,her,216508,216511,18,1168,11,M_4256,Other
4257,booknlp,COREF,172,she,216529,216532,18,1168,11,M_4257,Other
4258,pdnc,qID,Q820-1,Lucy,216547,216551,4,1168,11,M_4258,PROPN
4259,pdnc,qID,Q821-0,Her,216589,216592,4,1169,11,M_4259,Other
4260,pdnc,qID,Q822-0,she,216633,216636,4,1170,11,M_4260,Other
4261,exp,exp_name,honeychurch,Honeychurch,216656,216667,1,1170,11,M_4261,PROPN
4262,booknlp,COREF,172,I,216723,216724,18,1170,11,M_4262,Other
4263,pdnc,qID,Q822-0,She,216731,216734,0,1170,11,M_4263,Other
4264,booknlp,COREF,172,she,216841,216844,18,1172,11,M_4264,Other
4265,booknlp,COREF,172,her,216904,216907,18,1172,11,M_4265,Other
4266,pdnc,qID,Q824-1,Cecil,216931,216936,0,1172,11,M_4266,Other
4267,pdnc,qID,Q824-1,you,216943,216946,0,1172,11,M_4267,Other
4268,pdnc,qID,Q824-1,her,216953,216956,4,1172,11,M_4268,Other
4269,pdnc,qID,Q824-1,She,216971,216974,4,1172,11,M_4269,Other
4270,pdnc,qID,Q825-0,her,217004,217007,4,1173,11,M_4270,Other
4271,pdnc,qID,Q825-1,her,217044,217047,4,1173,11,M_4271,Other
4272,pdnc,qID,Q825-1,she,217053,217056,4,1173,11,M_4272,Other
4273,exp,exp_name,schumann,Schumann,217065,217073,30,1173,11,M_4273,PROPN
4274,exp,exp_name,beethoven,Beethoven,217104,217113,25,1173,11,M_4274,PROPN
4275,exp,exp_name,schumann,Schumann,217115,217123,30,1173,11,M_4275,PROPN
4276,exp,exp_name,schumann,Schumann,217152,217160,30,1173,11,M_4276,PROPN
4277,pdnc,qID,Q825-1,you,217179,217182,25,1173,11,M_4277,Other
4278,pdnc,qID,Q825-1,mother,217189,217195,30,1173,11,M_4278,Other
4279,pdnc,qID,Q825-1,Lucy,217242,217246,30,1173,11,M_4279,PROPN
4280,pdnc,qID,Q827-0,her,217542,217545,4,1174,11,M_4280,Other
4281,exp,exp_name,mrs. vyse,Mrs. Vyse,217567,217576,18,1174,11,M_4281,PROPN
4282,booknlp,COREF,172,she,217604,217607,18,1175,11,M_4282,Other
4283,exp,exp_name,lucy,Lucy,217663,217667,4,1175,11,M_4283,PROPN
4284,exp,exp_name,lucy,Lucy,217676,217680,4,1175,11,M_4284,PROPN
4285,exp,exp_name,the maid,the maid,217696,217704,23,1175,11,M_4285,PROPN
4286,booknlp,COREF,116,she,217708,217711,4,1175,11,M_4286,Other
4287,exp,exp_name,mrs. vyse,Mrs. Vyse,217722,217731,18,1175,11,M_4287,PROPN
4288,booknlp,COREF,116,herself,217754,217761,4,1175,11,M_4288,Other
4289,booknlp,COREF,172,She,217763,217766,18,1175,11,M_4289,Other
4290,exp,exp_name,the girl,the girl,217773,217781,19,1175,11,M_4290,PROPN
4291,booknlp,COREF,172,her,217803,217806,18,1175,11,M_4291,Other
4292,booknlp,COREF,332,her,217815,217818,19,1175,11,M_4292,Other
4293,pdnc,qID,Q828-0,Mrs. Vyse,217843,217852,18,1176,11,M_4293,PROPN
4294,booknlp,COREF,116,her,217940,217943,4,1179,11,M_4294,Other
4295,pdnc,qID,Q831-0,You,217970,217973,4,1179,11,M_4295,Other
4296,pdnc,qID,Q831-0,you,218009,218012,4,1179,11,M_4296,Other
4297,pdnc,qID,Q831-0,He,218020,218022,0,1179,11,M_4297,Other
4298,pdnc,qID,Q831-0,you,218031,218034,4,1179,11,M_4298,Other
4299,exp,exp_name,lucy,Lucy,218068,218072,4,1180,11,M_4299,PROPN
4300,booknlp,COREF,116,her,218122,218125,4,1180,11,M_4300,Other
4301,exp,exp_name,mrs. vyse,Mrs. Vyse,218132,218141,18,1180,11,M_4301,PROPN
4302,exp,exp_name,cecil,Cecil,218159,218164,0,1180,11,M_4302,PROPN
4303,exp,exp_name,mr. beebe,Mr. Beebe,218625,218634,10,1182,12,M_4303,PROPN
4304,booknlp,COREF,119,his,218680,218683,10,1182,12,M_4304,Other
4305,exp,exp_name,freddy,Freddy,218698,218704,1,1182,12,M_4305,PROPN
4306,booknlp,COREF,119,him,218714,218717,10,1182,12,M_4306,Other
4307,pdnc,qID,Q834-0,you,218838,218841,1,1185,12,M_4307,Other
4308,exp,exp_name,freddy,Freddy,218845,218851,1,1186,12,M_4308,PROPN
4309,booknlp,COREF,124,his,218858,218861,1,1186,12,M_4309,Other
4310,booknlp,COREF,119,I,219000,219001,10,1187,12,M_4310,Other
4311,exp,exp_name,mr. beebe,Mr. Beebe,219041,219050,10,1187,12,M_4311,PROPN
4312,booknlp,COREF,119,he,219094,219096,10,1187,12,M_4312,Other
4313,booknlp,COREF,119,he,219159,219161,10,1187,12,M_4313,Other
4314,booknlp,COREF,119,I,219274,219275,10,1189,12,M_4314,Other
4315,pdnc,qID,Q838-0,you,219302,219305,11,1189,12,M_4315,Other
4316,booknlp,COREF,119,I,219310,219311,10,1190,12,M_4316,Other
4317,exp,exp_name,mr. beebe,Mr. Beebe,219434,219443,10,1191,12,M_4317,PROPN
4318,exp,exp_name,freddy,Freddy,219559,219565,1,1192,12,M_4318,PROPN
4319,booknlp,COREF,119,I,219601,219602,10,1193,12,M_4319,Other
4320,pdnc,qID,Q841-0,dear George,219784,219795,2,1193,12,M_4320,Other
4321,booknlp,COREF,119,I,219866,219867,10,1193,12,M_4321,Other
4322,pdnc,qID,Q841-0,your,219876,219880,1,1193,12,M_4322,Other
4323,pdnc,qID,Q841-0,Honeychurch,219916,219927,1,1193,12,M_4323,Other
4324,pdnc,qID,Q842-0,Mr. Beebe,219932,219941,10,1194,12,M_4324,PROPN
4325,exp,exp_name,freddy,Freddy,219963,219969,1,1194,12,M_4325,PROPN
4326,pdnc,qID,Q843-0,the old man,220187,220198,11,1196,12,M_4326,Other
4327,pdnc,qID,Q844-0,him,220227,220230,11,1197,12,M_4327,Other
4328,pdnc,qID,Q845-0,you,220242,220245,1,1198,12,M_4328,Other
4329,exp,exp_name,freddy,Freddy,220259,220265,1,1199,12,M_4329,PROPN
4330,booknlp,COREF,124,his,220270,220273,1,1199,12,M_4330,Other
4331,exp,exp_name,the clergyman,the clergyman,220361,220374,32,1200,12,M_4331,PROPN
4332,exp,exp_name,giotto,Giotto,220414,220420,27,1200,12,M_4332,PROPN
4333,booknlp,COREF,335,I,220449,220450,32,1200,12,M_4333,Other
4334,pdnc,qID,Q847-0,Lucy,220479,220483,4,1201,12,M_4334,PROPN
4335,pdnc,qID,Q848-0,Miss Honeychurch,220513,220529,4,1202,12,M_4335,PROPN
4336,pdnc,qID,Q849-0,She,220547,220550,4,1203,12,M_4336,Other
4337,booknlp,COREF,335,I,220575,220576,32,1204,12,M_4337,Other
4338,pdnc,qID,Q850-0,she,220585,220588,4,1204,12,M_4338,Other
4339,exp,exp_name,freddy,Freddy,220626,220632,1,1205,12,M_4339,PROPN
4340,pdnc,qID,Q851-1,She,220653,220656,4,1205,12,M_4340,Other
4341,pdnc,qID,Q851-1,Cecil,220661,220666,0,1205,12,M_4341,Other
4342,booknlp,COREF,124,I,220717,220718,1,1207,12,M_4342,Other
4343,booknlp,COREF,124,I,220724,220725,1,1207,12,M_4343,Other
4344,pdnc,qID,Q853-0,Mr. Beebe,220746,220755,10,1207,12,M_4344,PROPN
4345,exp,exp_name,mr. beebe,Mr. Beebe,220759,220768,10,1208,12,M_4345,PROPN
4346,pdnc,qID,Q854-0,Lucy,220791,220795,4,1209,12,M_4346,PROPN
4347,booknlp,COREF,335,I,220827,220828,32,1209,12,M_4347,Other
4348,pdnc,qID,Q854-0,mother,220866,220872,17,1209,12,M_4348,Other
4349,pdnc,qID,Q854-0,She,220881,220884,4,1209,12,M_4349,Other
4350,pdnc,qID,Q855-0,you,220926,220929,1,1210,12,M_4350,Other
4351,booknlp,COREF,335,you,220969,220972,32,1211,12,M_4351,Other
4352,pdnc,qID,Q856-0,Cecil,221000,221005,0,1211,12,M_4352,Other
4353,pdnc,qID,Q856-0,Lucy,221018,221022,4,1211,12,M_4353,PROPN
4354,pdnc,qID,Q856-0,he,221036,221038,0,1211,12,M_4354,Other
4355,pdnc,qID,Q856-0,her,221044,221047,4,1211,12,M_4355,Other
4356,exp,exp_name,cecil,Cecil,221134,221139,0,1211,12,M_4356,PROPN
4357,pdnc,qID,Q857-0,Emerson,221197,221204,11,1212,12,M_4357,PROPN
4358,exp,exp_name,george,George,221242,221248,2,1213,12,M_4358,PROPN
4359,booknlp,COREF,335,me,221319,221321,32,1214,12,M_4359,Other
4360,pdnc,qID,Q858-0,Mr. Honeychurch,221332,221347,1,1214,12,M_4360,PROPN
4361,exp,exp_name,freddy,Freddy,221369,221375,1,1215,12,M_4361,PROPN
4362,exp,exp_name,george,George,221489,221495,2,1215,12,M_4362,PROPN
4363,pdnc,qID,Q859-0,ye,221561,221563,2,1215,12,M_4363,Other
4364,exp,exp_name,george,George,221615,221621,2,1216,12,M_4364,PROPN
4365,exp,exp_name,mr. beebe,Mr. Beebe,221635,221644,10,1217,12,M_4365,PROPN
4366,booknlp,COREF,119,he,221723,221725,10,1218,12,M_4366,Other
4367,booknlp,COREF,119,I,221776,221777,10,1218,12,M_4367,Other
4368,booknlp,COREF,119,I,221797,221798,10,1218,12,M_4368,Other
4369,booknlp,COREF,119,you,221842,221845,10,1218,12,M_4369,Other
4370,booknlp,COREF,119,you,221949,221952,10,1218,12,M_4370,Other
4371,booknlp,COREF,119,you,221989,221992,10,1218,12,M_4371,Other
4372,booknlp,COREF,119,me,222003,222005,10,1218,12,M_4372,Other
4373,pdnc,qID,Q862-0,you,222042,222045,10,1219,12,M_4373,Other
4374,exp,exp_name,mr. emerson,Mr. Emerson,222072,222083,11,1219,12,M_4374,PROPN
4375,pdnc,qID,Q862-1,Mr. Beebe,222145,222154,10,1219,12,M_4375,PROPN
4376,pdnc,qID,Q862-1,you,222163,222166,10,1219,12,M_4376,Other
4377,pdnc,qID,Q862-1,George,222195,222201,2,1219,12,M_4377,PROPN
4378,exp,exp_name,the clergyman,the clergyman,222260,222273,32,1220,12,M_4378,PROPN
4379,exp,exp_name,mr. emerson,Mr. Emerson,222315,222326,11,1221,12,M_4379,PROPN
4380,pdnc,qID,Q864-1,you,222353,222356,10,1221,12,M_4380,Other
4381,exp,exp_name,mr. beebe,Mr. Beebe,222457,222466,10,1222,12,M_4381,PROPN
4382,booknlp,COREF,124,I,222665,222666,1,1224,12,M_4382,Other
4383,exp,exp_name,freddy,Freddy,222705,222711,1,1224,12,M_4383,PROPN
4384,booknlp,COREF,124,him,222769,222772,1,1224,12,M_4384,Other
4385,exp,exp_name,nature,Nature,222802,222808,29,1225,12,M_4385,PROPN
4386,exp,exp_name,nature,Nature,222840,222846,29,1225,12,M_4386,PROPN
4387,booknlp,COREF,223,her,222876,222879,29,1225,12,M_4387,Other
4388,exp,exp_name,nature,Nature,222921,222927,29,1225,12,M_4388,PROPN
4389,pdnc,qID,Q868-0,Mr. Honeychurch,223018,223033,1,1226,12,M_4389,PROPN
4390,pdnc,qID,Q869-0,you,223089,223092,1,1227,12,M_4390,Other
4391,pdnc,qID,Q869-0,you,223114,223117,1,1227,12,M_4391,Other
4392,pdnc,qID,Q869-0,you,223128,223131,1,1227,12,M_4392,Other
4393,pdnc,qID,Q869-0,George,223143,223149,2,1227,12,M_4393,PROPN
4394,pdnc,qID,Q869-0,your sister,223186,223197,4,1227,12,M_4394,Other
4395,pdnc,qID,Q869-0,she,223252,223255,4,1227,12,M_4395,Other
4396,pdnc,qID,Q869-0,Mr. Vyse,223283,223291,0,1227,12,M_4396,PROPN
4397,pdnc,qID,Q869-0,He,223298,223300,0,1227,12,M_4397,Other
4398,pdnc,qID,Q869-0,Sir Harry Otway,223450,223465,21,1227,12,M_4398,PROPN
4399,pdnc,qID,Q869-0,You,223616,223619,1,1227,12,M_4399,Other
4400,pdnc,qID,Q869-0,Yours,223638,223643,1,1227,12,M_4400,Other
4401,pdnc,qID,Q869-0,Honeychurch,223667,223678,1,1227,12,M_4401,Other
4402,exp,exp_name,freddy,Freddy,223703,223709,1,1228,12,M_4402,PROPN
4403,booknlp,COREF,124,I,223712,223713,1,1228,12,M_4403,Other
4404,booknlp,COREF,124,I,223736,223737,1,1228,12,M_4404,Other
4405,pdnc,qID,Q870-1,you,223779,223782,11,1228,12,M_4405,Other
4406,pdnc,qID,Q870-1,my mother,223793,223802,17,1228,12,M_4406,Other
4407,booknlp,COREF,124,I,223809,223810,1,1228,12,M_4407,Other
4408,pdnc,qID,Q871-0,Yours,223937,223942,1,1229,12,M_4408,Other
4409,exp,exp_name,mr. beebe,Mr. Beebe,223968,223977,10,1230,12,M_4409,PROPN
4410,pdnc,qID,Q872-0,Mr. Emerson,224000,224011,11,1231,12,M_4410,PROPN
4411,pdnc,qID,Q872-0,he,224013,224015,1,1231,12,M_4411,Other
4412,pdnc,qID,Q872-0,you,224041,224044,11,1231,12,M_4412,Other
4413,pdnc,qID,Q872-0,your son,224048,224056,2,1231,12,M_4413,Other
4414,pdnc,qID,Q872-0,you,224122,224125,11,1231,12,M_4414,Other
4415,pdnc,qID,Q873-0,George,224322,224328,2,1232,12,M_4415,PROPN
4416,pdnc,qID,Q873-0,you,224337,224340,2,1232,12,M_4416,Other
4417,pdnc,qID,Q873-0,you,224436,224439,2,1232,12,M_4417,Other
4418,pdnc,qID,Q873-0,George,224446,224452,2,1232,12,M_4418,PROPN
4419,pdnc,qID,Q873-0,his,224483,224486,2,1232,12,M_4419,Other
4420,pdnc,qID,Q873-0,he,224511,224513,2,1232,12,M_4420,Other
4421,exp,exp_name,george,George,224524,224530,2,1233,12,M_4421,PROPN
4422,pdnc,qID,Q874-0,you,224632,224635,2,1234,12,M_4422,Other
4423,exp,exp_name,freddy,Freddy,224661,224667,1,1234,12,M_4423,PROPN
4424,pdnc,qID,Q874-1,you,224705,224708,2,1234,12,M_4424,Other
4425,booknlp,COREF,124,I,224715,224716,1,1234,12,M_4425,Other
4426,pdnc,qID,Q874-1,you,224726,224729,2,1234,12,M_4426,Other
4427,exp,exp_name,mr. beebe,Mr. Beebe,224797,224806,10,1236,12,M_4427,PROPN
4428,booknlp,COREF,119,his,224828,224831,10,1236,12,M_4428,Other
4429,exp,exp_name,old mr. emerson,old Mr. Emerson,224956,224971,11,1236,12,M_4429,PROPN
4430,exp,exp_name,mr. beebe,Mr. Beebe,225104,225113,10,1236,12,M_4430,PROPN
4431,booknlp,COREF,119,his,225253,225256,10,1236,12,M_4431,Other
4432,booknlp,COREF,119,He,225288,225290,10,1236,12,M_4432,Other
4433,exp,exp_name,george,George,225310,225316,2,1236,12,M_4433,PROPN
4434,pdnc,qID,Q875-0,you,225502,225505,2,1237,12,M_4434,Other
4435,pdnc,qID,Q875-0,Mr. Vyse,225518,225526,0,1237,12,M_4435,PROPN
4436,pdnc,qID,Q875-0,you,225532,225535,2,1237,12,M_4436,Other
4437,pdnc,qID,Q875-0,you,225549,225552,2,1237,12,M_4437,Other
4438,booknlp,COREF,335,I,225604,225605,32,1238,12,M_4438,Other
4439,pdnc,qID,Q876-0,Miss Lavish,225615,225626,8,1238,12,M_4439,PROPN
4440,booknlp,COREF,335,me,225632,225634,32,1238,12,M_4440,Other
4441,booknlp,COREF,335,I,225644,225645,32,1239,12,M_4441,Other
4442,booknlp,COREF,335,I,225663,225664,32,1239,12,M_4442,Other
4443,pdnc,qID,Q878-0,you,225857,225860,2,1241,12,M_4443,Other
4444,exp,exp_name,george,George,225919,225925,2,1242,12,M_4444,PROPN
4445,booknlp,COREF,335,I,225950,225951,32,1243,12,M_4445,Other
4446,exp,exp_name,fate,Fate,225974,225978,26,1243,12,M_4446,PROPN
4447,exp,exp_name,fate,Fate,225994,225998,26,1243,12,M_4447,PROPN
4448,exp,exp_name,fate,Fate,226025,226029,26,1243,12,M_4448,PROPN
4449,exp,exp_name,fate,Fate,226046,226050,26,1243,12,M_4449,PROPN
4450,pdnc,qID,Q880-0,You,226130,226133,2,1244,12,M_4450,Other
4451,exp,exp_name,the clergyman,the clergyman,226169,226182,32,1244,12,M_4451,PROPN
4452,booknlp,COREF,335,me,226189,226191,32,1244,12,M_4452,Other
4453,exp,exp_name,emerson,Emerson,226215,226222,2,1244,12,M_4453,PROPN
4454,exp,exp_name,fate,Fate,226245,226249,26,1244,12,M_4454,PROPN
4455,booknlp,COREF,335,I,226263,226264,32,1244,12,M_4455,Other
4456,booknlp,COREF,335,I,226314,226315,32,1244,12,M_4456,Other
4457,exp,exp_name,miss honeychurch,Miss Honeychurch,226364,226380,4,1244,12,M_4457,PROPN
4458,booknlp,COREF,335,myself,226385,226391,32,1244,12,M_4458,Other
4459,pdnc,qID,Q882-0,you,226420,226423,2,1246,12,M_4459,Other
4460,pdnc,qID,Q882-0,Mr. Vyse,226429,226437,0,1246,12,M_4460,PROPN
4461,pdnc,qID,Q882-0,Miss Honeychurch,226461,226477,4,1246,12,M_4461,PROPN
4462,pdnc,qID,Q884-0,you,226533,226536,2,1248,12,M_4462,Other
4463,pdnc,qID,Q884-0,you,226550,226553,2,1248,12,M_4463,Other
4464,exp,exp_name,fate,Fate,226578,226582,26,1248,12,M_4464,PROPN
4465,pdnc,qID,Q884-0,You,226584,226587,2,1248,12,M_4465,Other
4466,exp,exp_name,fate,Fate,226719,226723,26,1249,12,M_4466,PROPN
4467,exp,exp_name,george,George,226751,226757,2,1249,12,M_4467,PROPN
4468,pdnc,qID,Q885-1,you,226764,226767,10,1249,12,M_4468,Other
4469,pdnc,qID,Q885-1,you,226798,226801,10,1249,12,M_4469,Other
4470,exp,exp_name,mr. beebe,Mr. Beebe,226818,226827,10,1250,12,M_4470,PROPN
4471,booknlp,COREF,119,he,226884,226886,10,1250,12,M_4471,Other
4472,exp,exp_name,george,George,226951,226957,2,1250,12,M_4472,PROPN
4473,booknlp,COREF,119,he,227092,227094,10,1253,12,M_4473,Other
4474,pdnc,qID,Q887-0,you,227127,227130,2,1253,12,M_4474,Other
4475,exp,exp_name,freddy,Freddy,227176,227182,1,1255,12,M_4475,PROPN
4476,exp,exp_name,mr. beebe,Mr. Beebe,227207,227216,10,1256,12,M_4476,PROPN
4477,booknlp,COREF,119,his,227226,227229,10,1256,12,M_4477,Other
4478,booknlp,COREF,119,I,227259,227260,10,1257,12,M_4478,Other
4479,booknlp,COREF,119,he,227282,227284,10,1257,12,M_4479,Other
4480,exp,exp_name,mr. beebe,Mr. Beebe,227714,227723,10,1259,12,M_4480,PROPN
4481,exp,exp_name,george,George,227769,227775,2,1260,12,M_4481,PROPN
4482,booknlp,COREF,119,I,227890,227891,10,1261,12,M_4482,Other
4483,pdnc,qID,Q894-0,Mr. Beebe,228203,228212,10,1264,12,M_4483,PROPN
4484,pdnc,qID,Q894-0,you,228221,228224,10,1264,12,M_4484,Other
4485,exp,exp_name,freddy,Freddy,228242,228248,1,1264,12,M_4485,PROPN
4486,booknlp,COREF,124,he,228253,228255,1,1264,12,M_4486,Other
4487,booknlp,COREF,124,himself,228265,228272,1,1264,12,M_4487,Other
4488,exp,exp_name,mr. beebe,Mr. Beebe,228275,228284,10,1265,12,M_4488,PROPN
4489,booknlp,COREF,124,he,228293,228295,1,1265,12,M_4489,Other
4490,exp,exp_name,freddy,Freddy,228333,228339,1,1266,12,M_4490,PROPN
4491,exp,exp_name,george,George,228381,228387,2,1267,12,M_4491,PROPN
4492,exp,exp_name,freddy,Freddy,228448,228454,1,1267,12,M_4492,PROPN
4493,booknlp,COREF,124,he,228493,228495,1,1267,12,M_4493,Other
4494,booknlp,COREF,124,his,228567,228570,1,1267,12,M_4494,Other
4495,exp,exp_name,mr. beebe,Mr. Beebe,228612,228621,10,1267,12,M_4495,PROPN
4496,exp,exp_name,freddy,Freddy,228751,228757,1,1268,12,M_4496,PROPN
4497,pdnc,qID,Q899-0,Mr. Beebe,229057,229066,10,1271,12,M_4497,PROPN
4498,exp,exp_name,george,George,229140,229146,2,1272,12,M_4498,PROPN
4499,pdnc,qID,Q901-0,Mr. Beebe,229225,229234,10,1273,12,M_4499,PROPN
4500,exp,exp_name,mr. beebe,Mr. Beebe,229261,229270,10,1275,12,M_4500,PROPN
4501,booknlp,COREF,119,him,229341,229344,10,1275,12,M_4501,Other
4502,booknlp,COREF,119,He,229346,229348,10,1275,12,M_4502,Other
4503,exp,exp_name,freddy,Freddy,229882,229888,1,1277,12,M_4503,PROPN
4504,exp,exp_name,fate,Fate,230315,230319,26,1277,12,M_4504,PROPN
4505,exp,exp_name,mr. beebe,Mr. Beebe,230341,230350,10,1277,12,M_4505,PROPN
4506,exp,exp_name,freddy,Freddy,230355,230361,1,1277,12,M_4506,PROPN
4507,exp,exp_name,george,George,230421,230427,2,1277,12,M_4507,PROPN
4508,pdnc,qID,Q904-0,you,230646,230649,2,1278,12,M_4508,Other
4509,exp,exp_name,freddy,Freddy,230673,230679,1,1278,12,M_4509,PROPN
4510,exp,exp_name,george,George,230717,230723,2,1278,12,M_4510,PROPN
4511,exp,exp_name,mr. beebe,Mr. Beebe,230801,230810,10,1278,12,M_4511,PROPN
4512,exp,exp_name,freddy,Freddy,231199,231205,1,1281,12,M_4512,PROPN
4513,exp,exp_name,george,George,231220,231226,2,1281,12,M_4513,PROPN
4514,exp,exp_name,george,George,231299,231305,2,1282,12,M_4514,PROPN
4515,exp,exp_name,freddy,Freddy,231327,231333,1,1282,12,M_4515,PROPN
4516,booknlp,COREF,119,my,231395,231397,10,1286,12,M_4516,Other
4517,exp,exp_name,mr. beebe,Mr. Beebe,231412,231421,10,1286,12,M_4517,PROPN
4518,pdnc,qID,Q911-0,Freddy,231495,231501,1,1288,12,M_4518,PROPN
4519,exp,exp_name,freddy,Freddy,231600,231606,1,1289,12,M_4519,PROPN
4520,booknlp,COREF,1516,his,231639,231642,1,1289,12,M_4520,Other
4521,exp,exp_name,george,George,231648,231654,2,1289,12,M_4521,PROPN
4522,exp,exp_name,mr. beebe,Mr. Beebe,231722,231731,10,1290,12,M_4522,PROPN
4523,booknlp,COREF,119,he,231760,231762,10,1290,12,M_4523,Other
4524,booknlp,COREF,119,his,231770,231773,10,1290,12,M_4524,Other
4525,booknlp,COREF,119,his,231791,231794,10,1290,12,M_4525,Other
4526,booknlp,COREF,119,I,231865,231866,10,1290,12,M_4526,Other
4527,exp,exp_name,george,George,231980,231986,2,1293,12,M_4527,PROPN
4528,exp,exp_name,freddy,Freddy,231991,231997,1,1293,12,M_4528,PROPN
4529,exp,exp_name,mr. beebe,Mr. Beebe,232042,232051,10,1293,12,M_4529,PROPN
4530,exp,exp_name,mrs. honeychurch,Mrs. Honeychurch,232094,232110,17,1293,12,M_4530,PROPN
4531,exp,exp_name,cecil,Cecil,232112,232117,0,1293,12,M_4531,PROPN
4532,exp,exp_name,lucy,Lucy,232123,232127,4,1293,12,M_4532,PROPN
4533,exp,exp_name,mrs. butterworth,Mrs. Butterworth,232166,232182,15,1293,12,M_4533,PROPN
4534,exp,exp_name,freddy,Freddy,232184,232190,1,1293,12,M_4534,PROPN
4535,exp,exp_name,george,George,232258,232264,2,1293,12,M_4535,PROPN
4536,exp,exp_name,mr. beebe,Mr. Beebe,232354,232363,10,1293,12,M_4536,PROPN
4537,exp,exp_name,mrs. honeychurch,Mrs. Honeychurch,232396,232412,17,1294,12,M_4537,PROPN
4538,pdnc,qID,Q914-1,Mr. Beebe,232485,232494,10,1294,12,M_4538,PROPN
4539,exp,exp_name,cecil,Cecil,232565,232570,0,1295,12,M_4539,PROPN
4540,booknlp,COREF,198,he,232593,232595,0,1295,12,M_4540,Other
4541,booknlp,COREF,198,he,232620,232622,0,1295,12,M_4541,Other
4542,booknlp,COREF,198,he,232666,232668,0,1295,12,M_4542,Other
4543,booknlp,COREF,198,He,232692,232694,0,1295,12,M_4543,Other
4544,exp,exp_name,freddy,Freddy,232734,232740,1,1295,12,M_4544,PROPN
4545,pdnc,qID,Q916-0,Mr. Beebe,232767,232776,10,1296,12,M_4545,PROPN
4546,pdnc,qID,Q916-0,his,232787,232790,10,1296,12,M_4546,Other
4547,pdnc,qID,Q916-0,Cecil,232822,232827,0,1296,12,M_4547,Other
4548,pdnc,qID,Q916-0,Mr. Beebe,232829,232838,10,1296,12,M_4548,PROPN
4549,exp,exp_name,cecil,Cecil,232883,232888,0,1297,12,M_4549,PROPN
4550,exp,exp_name,lucy,Lucy,232902,232906,4,1297,12,M_4550,PROPN
4551,pdnc,qID,Q918-0,Mr. Beebe,232962,232971,10,1298,12,M_4551,PROPN
4552,pdnc,qID,Q919-0,Mrs. Honeychurch,233020,233036,17,1299,12,M_4552,PROPN
4553,booknlp,COREF,124,him,233064,233067,1,1300,12,M_4553,Other
4554,exp,exp_name,freddy,Freddy,233230,233236,1,1301,12,M_4554,PROPN
4555,booknlp,COREF,124,I,233310,233311,1,1301,12,M_4555,Other
4556,booknlp,COREF,124,I,233337,233338,1,1301,12,M_4556,Other
4557,pdnc,qID,Q921-0,dear,233361,233365,1,1302,12,M_4557,Other
4558,pdnc,qID,Q921-0,you,233375,233378,1,1302,12,M_4558,Other
4559,pdnc,qID,Q922-0,mother,233489,233495,17,1303,12,M_4559,Other
4560,pdnc,qID,Q923-0,you,233586,233589,1,1304,12,M_4560,Other
4561,pdnc,qID,Q923-0,you,233613,233616,1,1304,12,M_4561,Other
4562,pdnc,qID,Q923-0,Lucy,233652,233656,4,1304,12,M_4562,PROPN
4563,pdnc,qID,Q924-0,Mr. Beebe,233704,233713,10,1304,12,M_4563,PROPN
4564,exp,exp_name,mr. beebe,Mr. Beebe,233745,233754,10,1305,12,M_4564,PROPN
4565,exp,exp_name,nature,nature,233831,233837,29,1305,12,M_4565,PROPN
4566,exp,exp_name,george,George,233855,233861,2,1305,12,M_4566,PROPN
4567,exp,exp_name,george,George,233879,233885,2,1305,12,M_4567,PROPN
4568,exp,exp_name,freddy,Freddy,233898,233904,1,1305,12,M_4568,PROPN
4569,pdnc,qID,Q925-1,Emerson,234058,234065,2,1306,12,M_4569,PROPN
4570,pdnc,qID,Q925-1,you,234066,234069,2,1306,12,M_4570,Other
4571,pdnc,qID,Q925-1,you,234077,234080,2,1306,12,M_4571,Other
4572,exp,exp_name,mrs. honeychurch,Mrs. Honeychurch,234122,234138,17,1307,12,M_4572,PROPN
4573,pdnc,qID,Q926-1,you,234199,234202,1,1307,12,M_4573,Other
4574,pdnc,qID,Q927-0,Mother,234286,234292,17,1308,12,M_4574,Other
4575,exp,exp_name,lucy,Lucy,234314,234318,4,1308,12,M_4575,PROPN
4576,exp,exp_name,george,George,234370,234376,2,1309,12,M_4576,PROPN
4577,pdnc,qID,Q929-0,Miss Honeychurch,234539,234555,4,1311,12,M_4577,PROPN
4578,pdnc,qID,Q930-0,Lucy,234572,234576,4,1312,12,M_4578,PROPN
4579,exp,exp_name,miss honeychurch,Miss Honeychurch,234620,234636,4,1313,12,M_4579,PROPN
4580,exp,exp_name,miss bartlett,Miss Bartlett,234949,234962,6,1315,13,M_4580,PROPN
4581,exp,exp_name,lucy,Lucy,235003,235007,4,1316,13,M_4581,PROPN
4582,booknlp,COREF,116,she,235048,235051,4,1316,13,M_4582,Other
4583,booknlp,COREF,116,she,235181,235184,4,1316,13,M_4583,Other
4584,exp,exp_name,george,George,235189,235195,2,1316,13,M_4584,PROPN
4585,booknlp,COREF,116,She,235324,235327,4,1316,13,M_4585,Other
4586,exp,exp_name,mr. emerson,Mr. Emerson,235349,235360,11,1316,13,M_4586,PROPN
4587,booknlp,COREF,116,She,235427,235430,4,1316,13,M_4587,Other
4588,booknlp,COREF,116,she,235466,235469,4,1316,13,M_4588,Other
4589,booknlp,COREF,116,her,235522,235525,4,1316,13,M_4589,Other
4590,booknlp,COREF,116,herself,235571,235578,4,1317,13,M_4590,Other
4591,exp,exp_name,mrs. butterworth,Mrs. Butterworth,235606,235622,15,1317,13,M_4591,PROPN
4592,booknlp,COREF,116,she,235624,235627,4,1317,13,M_4592,Other
4593,booknlp,COREF,116,I,235918,235919,4,1317,13,M_4593,Other
4594,booknlp,COREF,116,she,235931,235934,4,1317,13,M_4594,Other
4595,booknlp,COREF,116,I,235949,235950,4,1317,13,M_4595,Other
4596,pdnc,qID,Q931-1,him,235977,235980,2,1317,13,M_4596,Other
4597,booknlp,COREF,116,She,236019,236022,4,1317,13,M_4597,Other
4598,booknlp,COREF,116,She,236100,236103,4,1317,13,M_4598,Other
4599,booknlp,COREF,116,her,236165,236168,4,1318,13,M_4599,Other
4600,booknlp,COREF,116,her,236185,236188,4,1318,13,M_4600,Other
4601,exp,exp_name,cecil,Cecil,236214,236219,0,1318,13,M_4601,PROPN
4602,exp,exp_name,mrs. butterworth,Mrs. Butterworth,236272,236288,15,1318,13,M_4602,PROPN
4603,booknlp,COREF,198,him,236307,236310,0,1318,13,M_4603,Other
4604,booknlp,COREF,198,he,236316,236318,0,1318,13,M_4604,Other
4605,booknlp,COREF,198,He,236344,236346,0,1318,13,M_4605,Other
4606,booknlp,COREF,198,He,236431,236433,0,1318,13,M_4606,Other
4607,booknlp,COREF,198,he,236479,236481,0,1318,13,M_4607,Other
4608,exp,exp_name,lucy,Lucy,236571,236575,4,1318,13,M_4608,PROPN
4609,booknlp,COREF,198,him,236584,236587,0,1318,13,M_4609,Other
4610,exp,exp_name,miss bartlett,Miss Bartlett,236762,236775,6,1318,13,M_4610,PROPN
4611,exp,exp_name,the girl,the girl,236816,236824,19,1318,13,M_4611,PROPN
4612,exp,exp_name,lucy,Lucy,236875,236879,4,1318,13,M_4612,PROPN
4613,booknlp,COREF,116,she,236888,236891,4,1318,13,M_4613,Other
4614,booknlp,COREF,116,her,236967,236970,4,1318,13,M_4614,Other
4615,pdnc,qID,Q932-0,Lucy,236980,236984,4,1319,13,M_4615,PROPN
4616,booknlp,COREF,116,her,236992,236995,4,1319,13,M_4616,Other
4617,pdnc,qID,Q932-1,Cecil,237053,237058,0,1319,13,M_4617,Other
4618,exp,exp_name,mrs. honeychurch,Mrs. Honeychurch,237100,237116,17,1320,13,M_4618,PROPN
4619,pdnc,qID,Q933-0,Cecil,237189,237194,0,1321,13,M_4619,Other
4620,pdnc,qID,Q934-0,he,237219,237221,0,1322,13,M_4620,Other
4621,exp,exp_name,lucy,Lucy,237233,237237,4,1323,13,M_4621,PROPN
4622,exp,exp_name,cecil,Cecil,237259,237264,0,1323,13,M_4622,PROPN
4623,pdnc,qID,Q936-0,him,237406,237409,0,1324,13,M_4623,Other
4624,pdnc,qID,Q937-0,Mrs. Butterworth,237425,237441,15,1325,13,M_4624,PROPN
4625,pdnc,qID,Q937-0,you,237465,237468,17,1325,13,M_4625,Other
4626,pdnc,qID,Q938-0,Cecil,237483,237488,0,1326,13,M_4626,Other
4627,pdnc,qID,Q938-0,you,237498,237501,4,1326,13,M_4627,Other
4628,pdnc,qID,Q938-0,You,237515,237518,4,1326,13,M_4628,Other
4629,booknlp,COREF,136,her,237535,237538,15,1326,13,M_4629,Other
4630,pdnc,qID,Q938-0,her,237583,237586,15,1326,13,M_4630,Other
4631,pdnc,qID,Q938-0,you,237599,237602,4,1326,13,M_4631,Other
4632,pdnc,qID,Q939-0,your,237691,237695,17,1327,13,M_4632,Other
4633,pdnc,qID,Q940-0,he,237726,237728,0,1328,13,M_4633,Other
4634,pdnc,qID,Q940-0,her,237742,237745,15,1328,13,M_4634,Other
4635,pdnc,qID,Q941-0,Cecil,237776,237781,0,1329,13,M_4635,Other
4636,exp,exp_name,lucy,Lucy,237829,237833,4,1329,13,M_4636,PROPN
4637,pdnc,qID,Q941-1,his,237871,237874,0,1329,13,M_4637,Other
4638,pdnc,qID,Q941-1,him,237912,237915,0,1329,13,M_4638,Other
4639,exp,exp_name,mrs. honeychurch,Mrs. Honeychurch,238036,238052,17,1330,13,M_4639,PROPN
4640,booknlp,COREF,116,her,238062,238065,4,1330,13,M_4640,Other
4641,pdnc,qID,Q943-0,mother,238085,238091,17,1331,13,M_4641,Other
4642,pdnc,qID,Q943-0,you,238103,238106,17,1331,13,M_4642,Other
4643,pdnc,qID,Q943-0,Mrs. Butterworth,238118,238134,15,1331,13,M_4643,PROPN
4644,booknlp,COREF,116,yourself,238135,238143,4,1331,13,M_4644,Other
4645,pdnc,qID,Q944-0,her,238188,238191,15,1332,13,M_4645,Other
4646,pdnc,qID,Q944-0,Cecil,238243,238248,0,1332,13,M_4646,Other
4647,pdnc,qID,Q945-0,you,238286,238289,17,1333,13,M_4647,Other
4648,pdnc,qID,Q945-0,Charlotte,238311,238320,6,1333,13,M_4648,PROPN
4649,exp,exp_name,mrs. honeychurch,Mrs. Honeychurch,238412,238428,17,1334,13,M_4649,PROPN
4650,pdnc,qID,Q946-0,Cecil,238450,238455,0,1335,13,M_4650,Other
4651,pdnc,qID,Q946-0,him,238505,238508,0,1335,13,M_4651,Other
4652,pdnc,qID,Q946-0,he,238527,238529,0,1335,13,M_4652,Other
4653,pdnc,qID,Q946-0,him,238545,238548,0,1335,13,M_4653,Other
4654,pdnc,qID,Q946-0,Lucy,238550,238554,4,1335,13,M_4654,PROPN
4655,pdnc,qID,Q946-0,your father,238708,238719,4,1335,13,M_4655,Other
4656,pdnc,qID,Q946-0,we,238734,238736,13,1335,13,M_4656,Other
4657,exp,exp_name,cecil,Cecil,238763,238768,0,1335,13,M_4657,PROPN
4658,booknlp,COREF,116,you,238803,238806,4,1336,13,M_4658,Other
4659,pdnc,qID,Q947-0,Cecil,238827,238832,0,1336,13,M_4659,Other
4660,pdnc,qID,Q947-0,he,238850,238852,0,1336,13,M_4660,Other
4661,pdnc,qID,Q947-0,he,238882,238884,0,1336,13,M_4661,Other
4662,booknlp,COREF,198,him,238929,238932,0,1336,13,M_4662,Other
4663,pdnc,qID,Q947-0,he,238934,238936,0,1336,13,M_4663,Other
4664,pdnc,qID,Q947-0,he,238969,238971,0,1336,13,M_4664,Other
4665,pdnc,qID,Q948-0,Freddy,239032,239038,1,1337,13,M_4665,PROPN
4666,pdnc,qID,Q949-0,You,239049,239052,17,1338,13,M_4666,Other
4667,booknlp,COREF,198,he,239140,239142,0,1339,13,M_4667,Other
4668,exp,exp_name,lucy,Lucy,239269,239273,4,1340,13,M_4668,PROPN
4669,booknlp,COREF,116,her,239299,239302,4,1340,13,M_4669,Other
4670,exp,exp_name,cecil,Cecil,239321,239326,0,1340,13,M_4670,PROPN
4671,booknlp,COREF,116,she,239334,239337,4,1340,13,M_4671,Other
4672,exp,exp_name,cecil,Cecil,239453,239458,0,1340,13,M_4672,PROPN
4673,booknlp,COREF,116,she,239487,239490,4,1340,13,M_4673,Other
4674,booknlp,COREF,116,her,239588,239591,4,1340,13,M_4674,Other
4675,booknlp,COREF,116,She,239790,239793,4,1341,13,M_4675,Other
4676,exp,exp_name,mrs. honeychurch,Mrs. Honeychurch,239832,239848,17,1341,13,M_4676,PROPN
4677,exp,exp_name,cecil,Cecil,239980,239985,0,1341,13,M_4677,PROPN
4678,booknlp,COREF,198,he,240020,240022,0,1341,13,M_4678,Other
4679,exp,exp_name,lucy,Lucy,240042,240046,4,1341,13,M_4679,PROPN
4680,booknlp,COREF,116,she,240048,240051,4,1341,13,M_4680,Other
4681,pdnc,qID,Q952-0,dear,240141,240145,4,1342,13,M_4681,Other
4682,pdnc,qID,Q952-0,you,240147,240150,4,1342,13,M_4682,Other
4683,pdnc,qID,Q953-0,mother,240177,240183,17,1343,13,M_4683,Other
4684,booknlp,COREF,116,She,240227,240230,4,1345,13,M_4684,Other
4685,booknlp,COREF,116,her,240408,240411,4,1345,13,M_4685,Other
4686,booknlp,COREF,116,her,240496,240499,4,1345,13,M_4686,Other
4687,booknlp,COREF,116,she,240505,240508,4,1345,13,M_4687,Other
4688,booknlp,COREF,116,herself,240519,240526,4,1345,13,M_4688,Other
4689,booknlp,COREF,116,I,240550,240551,4,1345,13,M_4689,Other
4690,booknlp,COREF,116,I,240567,240568,4,1345,13,M_4690,Other
4691,booknlp,COREF,116,her,240587,240590,4,1345,13,M_4691,Other
4692,booknlp,COREF,116,she,240639,240642,4,1345,13,M_4692,Other
4693,exp,exp_name,miss bartlett,Miss Bartlett,240671,240684,6,1345,13,M_4693,PROPN
4694,booknlp,COREF,116,She,240695,240698,4,1345,13,M_4694,Other
4695,booknlp,COREF,116,her,240721,240724,4,1345,13,M_4695,Other
4696,booknlp,COREF,116,she,240818,240821,4,1345,13,M_4696,Other
4697,exp,exp_name,freddy,Freddy,240836,240842,1,1345,13,M_4697,PROPN
4698,booknlp,COREF,116,I,240910,240911,4,1346,13,M_4698,Other
4699,pdnc,qID,Q958-0,My dear baby,240946,240958,1,1347,13,M_4699,Other
4700,pdnc,qID,Q958-0,you,240973,240976,1,1347,13,M_4700,Other
4701,pdnc,qID,Q958-0,You,240986,240989,1,1347,13,M_4701,Other
4702,pdnc,qID,Q958-0,you,241091,241094,1,1347,13,M_4702,Other
4703,pdnc,qID,Q958-0,You,241151,241154,1,1347,13,M_4703,Other
4704,booknlp,COREF,116,I,241201,241202,4,1348,13,M_4704,Other
4705,booknlp,COREF,116,I,241251,241252,4,1349,13,M_4705,Other
4706,booknlp,COREF,116,I,241270,241271,4,1350,13,M_4706,Other
4707,booknlp,COREF,116,I,241325,241326,4,1351,13,M_4707,Other
4708,pdnc,qID,Q962-0,Freddy,241345,241351,1,1351,13,M_4708,PROPN
4709,booknlp,COREF,116,I,241353,241354,4,1351,13,M_4709,Other
4710,booknlp,COREF,116,I,241461,241462,4,1352,13,M_4710,Other
4711,booknlp,COREF,116,I,241488,241489,4,1353,13,M_4711,Other
4712,booknlp,COREF,116,I,241513,241514,4,1353,13,M_4712,Other
4713,exp,exp_name,cecil,Cecil,241680,241685,0,1354,13,M_4713,PROPN
4714,exp,exp_name,mary,Mary,241749,241753,39,1354,13,M_4714,PROPN
4715,booknlp,COREF,213,her,241759,241762,39,1354,13,M_4715,Other
4716,exp,exp_name,mrs. honeychurch,Mrs. Honeychurch,241793,241809,17,1354,13,M_4716,PROPN
4717,pdnc,qID,Q965-0,Lucy,241837,241841,4,1354,13,M_4717,PROPN
4718,pdnc,qID,Q965-0,you,241856,241859,4,1354,13,M_4718,Other
4719,pdnc,qID,Q965-0,you,241898,241901,4,1354,13,M_4719,Other
4720,pdnc,qID,Q965-0,you,241907,241910,4,1354,13,M_4720,Other
4721,pdnc,qID,Q965-0,you,241915,241918,4,1354,13,M_4721,Other
4722,pdnc,qID,Q965-0,Charlotte,241941,241950,6,1354,13,M_4722,PROPN
4723,exp,exp_name,freddy,Freddy,241957,241963,1,1354,13,M_4723,PROPN
4724,pdnc,qID,Q967-0,Charlotte,242029,242038,6,1356,13,M_4724,PROPN
4725,pdnc,qID,Q969-0,Lucy,242057,242061,4,1358,13,M_4725,PROPN
4726,pdnc,qID,Q970-0,You,242098,242101,4,1360,13,M_4726,Other
4727,pdnc,qID,Q970-0,Charlotte,242172,242181,6,1360,13,M_4727,PROPN
4728,pdnc,qID,Q970-0,her,242190,242193,6,1360,13,M_4728,Other
4729,pdnc,qID,Q971-0,Her,242205,242208,6,1361,13,M_4729,Other
4730,pdnc,qID,Q972-0,you,242224,242227,4,1362,13,M_4730,Other
4731,pdnc,qID,Q972-0,her,242242,242245,6,1362,13,M_4731,Other
4732,pdnc,qID,Q972-0,her,242287,242290,6,1362,13,M_4732,Other
4733,booknlp,COREF,116,I,242357,242358,4,1363,13,M_4733,Other
4734,pdnc,qID,Q973-0,Charlotte,242378,242387,6,1363,13,M_4734,PROPN
4735,exp,exp_name,lucy,Lucy,242405,242409,4,1363,13,M_4735,PROPN
4736,booknlp,COREF,116,I,242421,242422,4,1363,13,M_4736,Other
4737,booknlp,COREF,116,my,242444,242446,4,1363,13,M_4737,Other
4738,pdnc,qID,Q973-1,you,242461,242464,17,1363,13,M_4738,Other
4739,pdnc,qID,Q973-1,Cecil,242486,242491,0,1363,13,M_4739,Other
4740,exp,exp_name,mrs. honeychurch,Mrs. Honeychurch,242495,242511,17,1364,13,M_4740,PROPN
4741,pdnc,qID,Q974-0,old lady,242570,242578,4,1364,13,M_4741,Other
4742,pdnc,qID,Q974-0,you,242586,242589,4,1364,13,M_4742,Other
4743,exp,exp_name,lucy,Lucy,242660,242664,4,1364,13,M_4743,PROPN
4744,booknlp,COREF,116,her,242690,242693,4,1364,13,M_4744,Other
4745,exp,exp_name,cecil,Cecil,242965,242970,0,1365,13,M_4745,PROPN
4746,booknlp,COREF,198,his,243041,243044,0,1365,13,M_4746,Other
4747,exp,exp_name,freddy,Freddy,243082,243088,1,1366,13,M_4747,PROPN
4748,exp,exp_name,freddy,Freddy,243241,243247,1,1366,13,M_4748,PROPN
4749,pdnc,qID,Q975-0,Lucy,243256,243260,4,1367,13,M_4749,PROPN
4750,pdnc,qID,Q975-0,Emerson,243269,243276,2,1367,13,M_4750,PROPN
4751,booknlp,COREF,116,I,243286,243287,4,1368,13,M_4751,Other
4752,pdnc,qID,Q976-0,him,243292,243295,2,1368,13,M_4752,Other
4753,exp,exp_name,lucy,Lucy,243315,243319,4,1368,13,M_4753,PROPN
4754,pdnc,qID,Q977-0,he,243367,243369,2,1369,13,M_4754,Other
4755,pdnc,qID,Q977-0,he,243393,243395,2,1369,13,M_4755,Other
4756,pdnc,qID,Q978-0,Cecil,243418,243423,0,1370,13,M_4756,Other
4757,pdnc,qID,Q978-0,Cecil,243431,243436,0,1370,13,M_4757,Other
4758,pdnc,qID,Q978-0,him,243449,243452,2,1370,13,M_4758,Other
4759,pdnc,qID,Q979-0,He,243462,243464,2,1371,13,M_4759,Other
4760,booknlp,COREF,198,myself,243490,243496,0,1371,13,M_4760,Other
4761,exp,exp_name,cecil,Cecil,243504,243509,0,1371,13,M_4761,PROPN
4762,exp,exp_name,freddy,Freddy,243512,243518,1,1372,13,M_4762,PROPN
4763,booknlp,COREF,198,him,243529,243532,0,1372,13,M_4763,Other
4764,pdnc,qID,Q980-0,you,243560,243563,4,1373,13,M_4764,Other
4765,exp,exp_name,mrs. honeychurch,Mrs. Honeychurch,243599,243615,17,1373,13,M_4765,PROPN
4766,booknlp,COREF,124,I,243638,243639,1,1374,13,M_4766,Other
4767,pdnc,qID,Q981-0,Charlotte,243646,243655,6,1374,13,M_4767,PROPN
4768,booknlp,COREF,124,I,243681,243682,1,1374,13,M_4768,Other
4769,booknlp,COREF,124,me,243708,243710,1,1375,13,M_4769,Other
4770,pdnc,qID,Q982-0,you,243712,243715,4,1375,13,M_4770,Other
4771,booknlp,COREF,124,me,243727,243729,1,1375,13,M_4771,Other
4772,pdnc,qID,Q982-0,Charlotte,243735,243744,6,1375,13,M_4772,PROPN
4773,pdnc,qID,Q982-0,her,243753,243756,6,1375,13,M_4773,Other
4774,exp,exp_name,lucy,Lucy,243797,243801,4,1376,13,M_4774,PROPN
4775,booknlp,COREF,116,she,243821,243824,4,1376,13,M_4775,Other
4776,pdnc,qID,Q983-1,an awful friend of hers,243893,243916,8,1376,13,M_4776,Other
4777,pdnc,qID,Q984-0,Lucy,244023,244027,4,1377,13,M_4777,PROPN
4778,pdnc,qID,Q984-0,you,244047,244050,4,1377,13,M_4778,Other
4779,exp,exp_name,lucy,Lucy,244093,244097,4,1378,13,M_4779,PROPN
4780,exp,exp_name,mrs. honeychurch,Mrs. Honeychurch,244155,244171,17,1378,13,M_4780,PROPN
4781,exp,exp_name,cecil,Cecil,244480,244485,0,1378,13,M_4781,PROPN
4782,exp,exp_name,freddy,Freddy,244497,244503,1,1378,13,M_4782,PROPN
4783,booknlp,COREF,124,his,244555,244558,1,1378,13,M_4783,Other
4784,exp,exp_name,lucy,Lucy,244576,244580,4,1378,13,M_4784,PROPN
4785,booknlp,COREF,116,her,244608,244611,4,1378,13,M_4785,Other
4786,exp,exp_name,miss bartlett,Miss Bartlett,244956,244969,6,1378,13,M_4786,PROPN
4787,exp,exp_name,mr. beebe,Mr. Beebe,244980,244989,10,1378,13,M_4787,PROPN
4788,exp,exp_name,cecil,Cecil,245069,245074,0,1378,13,M_4788,PROPN
4789,exp,exp_name,miss bartlett,Miss Bartlett,245095,245108,6,1378,13,M_4789,PROPN
4790,pdnc,qID,Q987-0,Lucy,245181,245185,4,1379,13,M_4790,PROPN
4791,pdnc,qID,Q987-0,Charlotte,245205,245214,6,1379,13,M_4791,PROPN
4792,pdnc,qID,Q987-0,she,245225,245228,6,1379,13,M_4792,Other
4793,pdnc,qID,Q989-0,she,245264,245267,6,1381,13,M_4793,Other
4794,pdnc,qID,Q989-0,she,245276,245279,6,1381,13,M_4794,Other
4795,pdnc,qID,Q989-0,she,245294,245297,6,1381,13,M_4795,Other
4796,exp,exp_name,cecil,Cecil,245529,245534,0,1384,13,M_4796,PROPN
4797,booknlp,COREF,198,his,245540,245543,0,1384,13,M_4797,Other
4798,booknlp,COREF,198,his,245554,245557,0,1384,13,M_4798,Other
4799,booknlp,COREF,124,I,245575,245576,1,1385,13,M_4799,Other
4800,exp,exp_name,freddy,Freddy,245588,245594,1,1385,13,M_4800,PROPN
4801,booknlp,COREF,124,his,245604,245607,1,1385,13,M_4801,Other
4802,pdnc,qID,Q993-1,Charlotte,245764,245773,6,1386,13,M_4802,PROPN
4803,pdnc,qID,Q993-1,her,245802,245805,6,1386,13,M_4803,Other
4804,pdnc,qID,Q993-1,Charlotte,245884,245893,6,1386,13,M_4804,PROPN
4805,pdnc,qID,Q994-0,Mother,246033,246039,17,1388,13,M_4805,Other
4806,pdnc,qID,Q994-1,Charlotte,246091,246100,6,1388,13,M_4806,PROPN
4807,pdnc,qID,Q994-1,Freddy,246167,246173,1,1388,13,M_4807,PROPN
4808,pdnc,qID,Q994-1,a friend,246180,246188,12,1388,13,M_4808,Other
4809,pdnc,qID,Q994-1,Cecil,246213,246218,0,1388,13,M_4809,Other
4810,pdnc,qID,Q994-1,you,246224,246227,17,1388,13,M_4810,Other
4811,pdnc,qID,Q994-1,Minnie Beebe,246251,246263,5,1388,13,M_4811,PROPN
4812,pdnc,qID,Q996-0,Minnie,246349,246355,5,1390,13,M_4812,PROPN
4813,pdnc,qID,Q997-0,Minnie,246394,246400,5,1391,13,M_4813,PROPN
4814,pdnc,qID,Q997-0,you,246416,246419,4,1391,13,M_4814,Other
4815,pdnc,qID,Q998-0,her,246437,246440,5,1392,13,M_4815,Other
4816,pdnc,qID,Q999-0,you,246454,246457,4,1393,13,M_4816,Other
4817,pdnc,qID,Q999-0,Mr. Floyd,246473,246482,12,1393,13,M_4817,PROPN
4818,pdnc,qID,Q999-0,Freddy,246506,246512,1,1393,13,M_4818,PROPN
4819,pdnc,qID,Q1000-0,Miss Bartlett,246517,246530,6,1394,13,M_4819,PROPN
4820,pdnc,qID,Q1000-0,Miss Bartlett,246532,246545,6,1394,13,M_4820,PROPN
4821,pdnc,qID,Q1000-0,Miss Bartlett,246547,246560,6,1394,13,M_4821,PROPN
4822,exp,exp_name,cecil,Cecil,246570,246575,0,1394,13,M_4822,PROPN
4823,booknlp,COREF,198,his,246590,246593,0,1394,13,M_4823,Other
4824,booknlp,COREF,198,his,246604,246607,0,1394,13,M_4824,Other
4825,exp,exp_name,lucy,Lucy,246643,246647,4,1395,13,M_4825,PROPN
4826,booknlp,COREF,116,I,246650,246651,4,1395,13,M_4826,Other
4827,pdnc,qID,Q1002-0,you,246778,246781,4,1397,13,M_4827,Other
4828,pdnc,qID,Q1002-0,Charlotte,246793,246802,6,1397,13,M_4828,PROPN
4829,pdnc,qID,Q1003-0,Cecil,246837,246842,0,1398,13,M_4829,Other
4830,pdnc,qID,Q1003-0,She,246844,246847,6,1398,13,M_4830,Other
4831,pdnc,qID,Q1003-0,her,246885,246888,6,1398,13,M_4831,Other
4832,pdnc,qID,Q1003-0,she,246928,246931,6,1398,13,M_4832,Other
4833,pdnc,qID,Q1003-0,mother,246967,246973,17,1398,13,M_4833,Other
4834,pdnc,qID,Q1003-0,us,246987,246989,4,1398,13,M_4834,Other
4835,pdnc,qID,Q1003-0,us,247018,247020,4,1398,13,M_4835,Other
4836,pdnc,qID,Q1003-0,her,247035,247038,6,1398,13,M_4836,Other
4837,exp,exp_name,cecil,Cecil,247069,247074,0,1399,13,M_4837,PROPN
4838,exp,exp_name,mrs. honeychurch,Mrs. Honeychurch,247077,247093,17,1400,13,M_4838,PROPN
4839,pdnc,qID,Q1005-0,poor Charlotte,247311,247325,6,1400,13,M_4839,Other
4840,exp,exp_name,cecil,Cecil,247519,247524,0,1401,13,M_4840,PROPN
4841,booknlp,COREF,198,his,247534,247537,0,1401,13,M_4841,Other
4842,booknlp,COREF,124,I,247547,247548,1,1402,13,M_4842,Other
4843,pdnc,qID,Q1006-0,Cousin Charlotte,247558,247574,6,1402,13,M_4843,PROPN
4844,booknlp,COREF,124,me,247592,247594,1,1402,13,M_4844,Other
4845,booknlp,COREF,124,I,247605,247606,1,1402,13,M_4845,Other
4846,booknlp,COREF,124,my,247617,247619,1,1402,13,M_4846,Other
4847,exp,exp_name,freddy,Freddy,247634,247640,1,1402,13,M_4847,PROPN
4848,pdnc,qID,Q1006-1,She,247643,247646,6,1402,13,M_4848,Other
4849,booknlp,COREF,124,me,247655,247657,1,1402,13,M_4849,Other
4850,booknlp,COREF,124,I,247674,247675,1,1402,13,M_4850,Other
4851,booknlp,COREF,124,my,247748,247750,1,1402,13,M_4851,Other
4852,booknlp,COREF,116,I,247770,247771,4,1403,13,M_4852,Other
4853,pdnc,qID,Q1007-0,She,247784,247787,6,1403,13,M_4853,Other
4854,pdnc,qID,Q1007-0,Lucy,247817,247821,4,1403,13,M_4854,PROPN
4855,pdnc,qID,Q1007-0,her,247864,247867,6,1403,13,M_4855,Other
4856,exp,exp_name,lucy,Lucy,247894,247898,4,1404,13,M_4856,PROPN
4857,booknlp,COREF,116,her,247908,247911,4,1404,13,M_4857,Other
4858,exp,exp_name,miss bartlett,Miss Bartlett,247948,247961,6,1404,13,M_4858,PROPN
4859,booknlp,COREF,115,She,247963,247966,6,1404,13,M_4859,Other
4860,booknlp,COREF,115,herself,247977,247984,6,1404,13,M_4860,Other
4861,exp,exp_name,miss bartlett,Miss Bartlett,248090,248103,6,1404,13,M_4861,PROPN
4862,booknlp,COREF,115,She,248133,248136,6,1404,13,M_4862,Other
4863,booknlp,COREF,115,I,248161,248162,6,1404,13,M_4863,Other
4864,pdnc,qID,Q1008-0,mother,248178,248184,17,1404,13,M_4864,Other
4865,booknlp,COREF,115,I,248186,248187,6,1404,13,M_4865,Other
4866,pdnc,qID,Q1008-0,Charlotte,248199,248208,6,1404,13,M_4866,PROPN
4867,booknlp,COREF,115,I,248210,248211,6,1404,13,M_4867,Other
4868,booknlp,COREF,115,me,248233,248235,6,1404,13,M_4868,Other
4869,pdnc,qID,Q1009-0,you,248263,248266,4,1405,13,M_4869,Other
4870,pdnc,qID,Q1009-0,her,248272,248275,6,1405,13,M_4870,Other
4871,pdnc,qID,Q1010-0,she,248294,248297,6,1406,13,M_4871,Other
4872,pdnc,qID,Q1010-0,She,248332,248335,6,1406,13,M_4872,Other
4873,booknlp,COREF,115,she,248430,248433,6,1407,13,M_4873,Other
4874,booknlp,COREF,115,she,248579,248582,6,1407,13,M_4874,Other
4875,booknlp,COREF,198,I,248695,248696,0,1408,13,M_4875,Other
4876,pdnc,qID,Q1011-0,Miss Bartlett,248705,248718,6,1408,13,M_4876,PROPN
4877,pdnc,qID,Q1011-0,she,248736,248739,6,1408,13,M_4877,Other
4878,exp,exp_name,cecil,Cecil,248767,248772,0,1408,13,M_4878,PROPN
4879,booknlp,COREF,1583,I,248852,248853,1,1409,13,M_4879,Other
4880,exp,exp_name,freddy,Freddy,248902,248908,1,1409,13,M_4880,PROPN
4881,pdnc,qID,Q1012-1,she,248936,248939,6,1409,13,M_4881,Other
4882,booknlp,COREF,1583,I,248987,248988,1,1409,13,M_4882,Other
4883,booknlp,COREF,1583,I,249010,249011,1,1409,13,M_4883,Other
4884,pdnc,qID,Q1012-1,she,249038,249041,6,1409,13,M_4884,Other
4885,exp,exp_name,cecil,Cecil,249052,249057,0,1410,13,M_4885,PROPN
4886,booknlp,COREF,198,me,249171,249173,0,1410,13,M_4886,Other
4887,pdnc,qID,Q1013-0,Lucy,249178,249182,4,1410,13,M_4887,PROPN
4888,booknlp,COREF,198,he,249210,249212,0,1410,13,M_4888,Other
4889,exp,exp_name,lucy,Lucy,249300,249304,4,1411,14,M_4889,PROPN
4890,exp,exp_name,miss bartlett,Miss Bartlett,249353,249366,6,1412,14,M_4890,PROPN
4891,booknlp,COREF,115,she,249401,249404,6,1412,14,M_4891,Other
4892,booknlp,COREF,115,she,249420,249423,6,1412,14,M_4892,Other
4893,booknlp,COREF,115,Her,249529,249532,6,1412,14,M_4893,Other
4894,exp,exp_name,lucy,Lucy,249541,249545,4,1412,14,M_4894,PROPN
4895,exp,exp_name,george emerson,George Emerson,249571,249585,2,1412,14,M_4895,PROPN
4896,exp,exp_name,lucy,Lucy,249628,249632,4,1413,14,M_4896,PROPN
4897,booknlp,COREF,116,she,249687,249690,4,1413,14,M_4897,Other
4898,booknlp,COREF,116,her,249733,249736,4,1413,14,M_4898,Other
4899,booknlp,COREF,116,She,249738,249741,4,1413,14,M_4899,Other
4900,booknlp,COREF,116,she,249812,249815,4,1413,14,M_4900,Other
4901,exp,exp_name,cecil,Cecil,249846,249851,0,1413,14,M_4901,PROPN
4902,booknlp,COREF,116,her,249904,249907,4,1413,14,M_4902,Other
4903,exp,exp_name,charlotte,Charlotte,249916,249925,6,1413,14,M_4903,PROPN
4904,booknlp,COREF,116,her,249982,249985,4,1413,14,M_4904,Other
4905,booknlp,COREF,116,She,249994,249997,4,1413,14,M_4905,Other
4906,booknlp,COREF,116,she,250025,250028,4,1413,14,M_4906,Other
4907,exp,exp_name,george,George,250039,250045,2,1413,14,M_4907,PROPN
4908,booknlp,COREF,116,her,250113,250116,4,1413,14,M_4908,Other
4909,booknlp,COREF,116,she,250129,250132,4,1413,14,M_4909,Other
4910,booknlp,COREF,116,she,250176,250179,4,1413,14,M_4910,Other
4911,booknlp,COREF,116,she,250307,250310,4,1413,14,M_4911,Other
4912,booknlp,COREF,116,she,250372,250375,4,1413,14,M_4912,Other
4913,exp,exp_name,cecil,Cecil,250400,250405,0,1413,14,M_4913,PROPN
4914,booknlp,COREF,116,her,250434,250437,4,1413,14,M_4914,Other
4915,booknlp,COREF,116,She,250578,250581,4,1414,14,M_4915,Other
4916,exp,exp_name,emerson,Emerson,250594,250601,2,1414,14,M_4916,PROPN
4917,exp,exp_name,lucy,Lucy,250616,250620,4,1414,14,M_4917,PROPN
4918,booknlp,COREF,116,She,250798,250801,4,1414,14,M_4918,Other
4919,exp,exp_name,cecil,Cecil,250808,250813,0,1414,14,M_4919,PROPN
4920,exp,exp_name,george,George,250815,250821,2,1414,14,M_4920,PROPN
4921,booknlp,COREF,116,her,250827,250830,4,1414,14,M_4921,Other
4922,booknlp,COREF,116,her,250867,250870,4,1414,14,M_4922,Other
4923,booknlp,COREF,116,she,250944,250947,4,1415,14,M_4923,Other
4924,exp,exp_name,mr. beebe,Mr. Beebe,251045,251054,10,1416,14,M_4924,PROPN
4925,exp,exp_name,cecil,Cecil,251059,251064,0,1416,14,M_4925,PROPN
4926,booknlp,COREF,116,she,251066,251069,4,1416,14,M_4926,Other
4927,exp,exp_name,george,George,251119,251125,2,1416,14,M_4927,PROPN
4928,booknlp,COREF,116,She,251139,251142,4,1416,14,M_4928,Other
4929,booknlp,COREF,116,she,251168,251171,4,1416,14,M_4929,Other
4930,pdnc,qID,Q1014-0,A nice fellow,251233,251246,2,1417,14,M_4930,Other
4931,exp,exp_name,mr. beebe,Mr. Beebe,251254,251263,10,1417,14,M_4931,PROPN
4932,pdnc,qID,Q1014-1,He,251276,251278,2,1417,14,M_4932,Other
4933,pdnc,qID,Q1014-1,his,251293,251296,2,1417,14,M_4933,Other
4934,booknlp,COREF,119,I,251316,251317,10,1417,14,M_4934,Other
4935,exp,exp_name,lucy,Lucy,251377,251381,4,1418,14,M_4935,PROPN
4936,pdnc,qID,Q1015-0,He,251389,251391,2,1418,14,M_4936,Other
4937,pdnc,qID,Q1015-0,He,251417,251419,2,1418,14,M_4937,Other
4938,exp,exp_name,the clergyman,the clergyman,251450,251463,32,1419,14,M_4938,PROPN
4939,pdnc,qID,Q1016-1,He,251466,251468,2,1419,14,M_4939,Other
4940,booknlp,COREF,116,her,251533,251536,4,1420,14,M_4940,Other
4941,booknlp,COREF,116,she,251556,251559,4,1420,14,M_4941,Other
4942,exp,exp_name,miss bartlett,Miss Bartlett,251644,251657,6,1420,14,M_4942,PROPN
4943,booknlp,COREF,116,her,251678,251681,4,1420,14,M_4943,Other
4944,booknlp,COREF,116,She,251691,251694,4,1420,14,M_4944,Other
4945,exp,exp_name,mrs. honeychurch,Mrs. Honeychurch,251752,251768,17,1420,14,M_4945,PROPN
4946,booknlp,COREF,116,her,251783,251786,4,1420,14,M_4946,Other
4947,booknlp,COREF,116,She,251788,251791,4,1420,14,M_4947,Other
4948,exp,exp_name,freddy,Freddy,251888,251894,1,1420,14,M_4948,PROPN
4949,booknlp,COREF,124,his,251899,251902,1,1420,14,M_4949,Other
4950,booknlp,COREF,116,her,251957,251960,4,1420,14,M_4950,Other
4951,exp,exp_name,cecil,Cecil,251979,251984,0,1420,14,M_4951,PROPN
4952,exp,exp_name,lucy,Lucy,251989,251993,4,1420,14,M_4952,PROPN
4953,exp,exp_name,minnie beebe,Minnie Beebe,252044,252056,5,1420,14,M_4953,PROPN
4954,booknlp,COREF,115,I,252125,252126,6,1421,14,M_4954,Other
4955,booknlp,COREF,115,myself,252147,252153,6,1421,14,M_4955,Other
4956,exp,exp_name,miss bartlett,Miss Bartlett,252161,252174,6,1421,14,M_4956,PROPN
4957,booknlp,COREF,115,her,252200,252203,6,1421,14,M_4957,Other
4958,booknlp,COREF,115,I,252265,252266,6,1421,14,M_4958,Other
4959,booknlp,COREF,115,I,252323,252324,6,1421,14,M_4959,Other
4960,booknlp,COREF,115,my,252346,252348,6,1421,14,M_4960,Other
4961,exp,exp_name,lucy,Lucy,252435,252439,4,1422,14,M_4961,PROPN
4962,booknlp,COREF,116,her,252447,252450,4,1422,14,M_4962,Other
4963,booknlp,COREF,115,I,252565,252566,6,1422,14,M_4963,Other
4964,pdnc,qID,Q1018-0,Cousin Charlotte,252594,252610,6,1422,14,M_4964,PROPN
4965,pdnc,qID,Q1018-0,Lucy,252615,252619,4,1422,14,M_4965,PROPN
4966,booknlp,COREF,115,I,252648,252649,6,1423,14,M_4966,Other
4967,booknlp,COREF,115,myself,252662,252668,6,1423,14,M_4967,Other
4968,exp,exp_name,miss bartlett,Miss Bartlett,252696,252709,6,1423,14,M_4968,PROPN
4969,booknlp,COREF,115,her,252725,252728,6,1423,14,M_4969,Other
4970,pdnc,qID,Q1020-0,you,252759,252762,6,1424,14,M_4970,Other
4971,booknlp,COREF,115,I,252800,252801,6,1424,14,M_4971,Other
4972,exp,exp_name,the driver,the driver,252816,252826,44,1424,14,M_4972,PROPN
4973,exp,exp_name,miss bartlett,Miss Bartlett,252830,252843,6,1425,14,M_4973,PROPN
4974,booknlp,COREF,115,her,252854,252857,6,1425,14,M_4974,Other
4975,booknlp,COREF,115,her,252913,252916,6,1425,14,M_4975,Other
4976,exp,exp_name,freddy,Freddy,252925,252931,1,1425,14,M_4976,PROPN
4977,booknlp,COREF,124,his,252952,252955,1,1425,14,M_4977,Other
4978,exp,exp_name,miss bartlett,Miss Bartlett,252985,252998,6,1425,14,M_4978,PROPN
4979,booknlp,COREF,115,I,253048,253049,6,1425,14,M_4979,Other
4980,exp,exp_name,lucy,Lucy,253133,253137,4,1426,14,M_4980,PROPN
4981,pdnc,qID,Q1023-0,your mother,253151,253162,17,1427,14,M_4981,Other
4982,pdnc,qID,Q1023-0,she,253200,253203,17,1427,14,M_4982,Other
4983,booknlp,COREF,115,me,253225,253227,6,1427,14,M_4983,Other
4984,booknlp,COREF,115,mine,253265,253269,6,1427,14,M_4984,Other
4985,exp,exp_name,freddy,Freddy,253313,253319,1,1428,14,M_4985,PROPN
4986,exp,exp_name,mr. floyd,Mr. Floyd,253330,253339,12,1428,14,M_4986,PROPN
4987,booknlp,COREF,251,his,253364,253367,12,1428,14,M_4987,Other
4988,booknlp,COREF,251,he,253389,253391,12,1428,14,M_4988,Other
4989,exp,exp_name,freddy,Freddy,253408,253414,1,1428,14,M_4989,PROPN
4990,exp,exp_name,miss bartlett,Miss Bartlett,253419,253432,6,1428,14,M_4990,PROPN
4991,exp,exp_name,cecil,Cecil,253478,253483,0,1428,14,M_4991,PROPN
4992,booknlp,COREF,198,his,253522,253525,0,1428,14,M_4992,Other
4993,pdnc,qID,Q1025-0,Freddy,253763,253769,1,1431,14,M_4993,PROPN
4994,booknlp,COREF,198,me,253775,253777,0,1431,14,M_4994,Other
4995,exp,exp_name,cecil,Cecil,253809,253814,0,1431,14,M_4995,PROPN
4996,pdnc,qID,Q1025-1,you,253846,253849,6,1431,14,M_4996,Other
4997,booknlp,COREF,198,me,253868,253870,0,1431,14,M_4997,Other
4998,exp,exp_name,miss bartlett,Miss Bartlett,253900,253913,6,1432,14,M_4998,PROPN
4999,pdnc,qID,Q1026-1,Mr. Vyse,253939,253947,0,1432,14,M_4999,PROPN
5000,pdnc,qID,Q1027-0,you,253967,253970,6,1433,14,M_5000,Other
5001,pdnc,qID,Q1027-0,Freddy,253976,253982,1,1433,14,M_5001,PROPN
5002,pdnc,qID,Q1027-0,your,253988,253992,6,1433,14,M_5002,Other
5003,booknlp,COREF,198,me,254003,254005,0,1433,14,M_5003,Other
5004,exp,exp_name,miss bartlett,Miss Bartlett,254064,254077,6,1434,14,M_5004,PROPN
5005,exp,exp_name,cecil,Cecil,254217,254222,0,1434,14,M_5005,PROPN
5006,booknlp,COREF,198,He,254234,254236,0,1434,14,M_5006,Other
5007,booknlp,COREF,198,his,254267,254270,0,1434,14,M_5007,Other
5008,booknlp,COREF,198,he,254283,254285,0,1434,14,M_5008,Other
5009,exp,exp_name,lucy,Lucy,254297,254301,4,1434,14,M_5009,PROPN
5010,booknlp,COREF,198,he,254367,254369,0,1434,14,M_5010,Other
5011,booknlp,COREF,198,his,254383,254386,0,1434,14,M_5011,Other
5012,exp,exp_name,leonardo,Leonardo,254387,254395,28,1434,14,M_5012,PROPN
5013,booknlp,COREF,225,I,254432,254433,5,1435,14,M_5013,Other
5014,exp,exp_name,minnie beebe,Minnie Beebe,254461,254473,5,1435,14,M_5014,PROPN
5015,booknlp,COREF,225,I,254528,254529,5,1435,14,M_5015,Other
5016,pdnc,qID,Q1028-1,Mr. Vyse,254544,254552,0,1435,14,M_5016,PROPN
5017,booknlp,COREF,225,you,254699,254702,5,1436,14,M_5017,Other
5018,booknlp,COREF,225,I,254715,254716,5,1437,14,M_5018,Other
5019,booknlp,COREF,116,her,254752,254755,4,1438,14,M_5019,Other
5020,booknlp,COREF,225,you,254779,254782,5,1439,14,M_5020,Other
5021,booknlp,COREF,225,I,254784,254785,5,1439,14,M_5021,Other
5022,booknlp,COREF,225,I,254794,254795,5,1439,14,M_5022,Other
5023,pdnc,qID,Q1030-0,Freddy,254811,254817,0,1439,14,M_5023,PROPN
5024,booknlp,COREF,225,me,254830,254832,5,1439,14,M_5024,Other
5025,pdnc,qID,Q1030-0,Miss Honeychurch,254834,254850,1,1439,14,M_5025,PROPN
5026,pdnc,qID,Q1030-0,your brother,254852,254864,4,1439,14,M_5026,Other
5027,booknlp,COREF,225,me,254875,254877,5,1439,14,M_5027,Other
5028,pdnc,qID,Q1030-0,Mr. Floyd,254894,254903,1,1439,14,M_5028,PROPN
5029,booknlp,COREF,225,I,254929,254930,5,1439,14,M_5029,Other
5030,booknlp,COREF,225,I,254945,254946,5,1439,14,M_5030,Other
5031,pdnc,qID,Q1030-0,Miss What's-her-name,254967,254987,12,1439,14,M_5031,Other
5032,exp,exp_name,the driver,the driver,255015,255025,44,1439,14,M_5032,PROPN
5033,booknlp,COREF,115,I,255030,255031,6,1440,14,M_5033,Other
5034,exp,exp_name,the driver,the driver,255046,255056,44,1440,14,M_5034,PROPN
5035,exp,exp_name,miss bartlett,Miss Bartlett,255064,255077,6,1440,14,M_5035,PROPN
5036,pdnc,qID,Q1031-1,you,255097,255100,5,1440,14,M_5036,Other
5037,pdnc,qID,Q1031-1,dear,255102,255106,5,1440,14,M_5037,Other
5038,booknlp,COREF,115,me,255122,255124,6,1440,14,M_5038,Other
5039,booknlp,COREF,115,me,255162,255164,6,1440,14,M_5039,Other
5040,pdnc,qID,Q1033-0,Cecil,255255,255260,0,1442,14,M_5040,Other
5041,booknlp,COREF,115,me,255267,255269,6,1442,14,M_5041,Other
5042,booknlp,COREF,115,me,255295,255297,6,1442,14,M_5042,Other
5043,booknlp,COREF,115,I,255317,255318,6,1442,14,M_5043,Other
5044,pdnc,qID,Q1033-0,Euphemia,255326,255334,37,1442,14,M_5044,Other
5045,pdnc,qID,Q1034-0,Lucy,255410,255414,4,1443,14,M_5045,PROPN
5046,pdnc,qID,Q1034-0,Lucy,255416,255420,4,1443,14,M_5046,PROPN
5047,booknlp,COREF,115,I,255438,255439,6,1443,14,M_5047,Other
5048,exp,exp_name,miss bartlett,Miss Bartlett,255455,255468,6,1443,14,M_5048,PROPN
5049,exp,exp_name,lucy,Lucy,255504,255508,4,1443,14,M_5049,PROPN
5050,exp,exp_name,miss bartlett,Miss Bartlett,255575,255588,6,1443,14,M_5050,PROPN
5051,booknlp,COREF,116,her,255597,255600,4,1443,14,M_5051,Other
5052,pdnc,qID,Q1035-0,you,255637,255640,4,1443,14,M_5052,Other
5053,pdnc,qID,Q1035-0,him,255646,255649,0,1443,14,M_5053,Other
5054,pdnc,qID,Q1035-0,him,255656,255659,2,1443,14,M_5054,Other
5055,booknlp,COREF,116,I,255672,255673,4,1444,14,M_5055,Other
5056,exp,exp_name,lucy,Lucy,255692,255696,4,1444,14,M_5056,PROPN
5057,booknlp,COREF,116,her,255725,255728,4,1444,14,M_5057,Other
5058,booknlp,COREF,116,her,255770,255773,4,1444,14,M_5058,Other
5059,booknlp,COREF,116,me,255793,255795,4,1444,14,M_5059,Other
5060,booknlp,COREF,116,She,255834,255837,4,1445,14,M_5060,Other
5061,exp,exp_name,miss bartlett,Miss Bartlett,255864,255877,6,1445,14,M_5061,PROPN
5062,booknlp,COREF,115,she,255943,255946,6,1445,14,M_5062,Other
5063,booknlp,COREF,115,she,255966,255969,6,1445,14,M_5063,Other
5064,booknlp,COREF,115,I,256087,256088,6,1446,14,M_5064,Other
5065,pdnc,qID,Q1037-0,Cecil,256102,256107,0,1446,14,M_5065,Other
5066,booknlp,COREF,115,she,256121,256124,6,1446,14,M_5066,Other
5067,booknlp,COREF,115,she,256140,256143,6,1446,14,M_5067,Other
5068,booknlp,COREF,115,I,256155,256156,6,1446,14,M_5068,Other
5069,pdnc,qID,Q1037-1,you,256166,256169,6,1446,14,M_5069,Other
5070,booknlp,COREF,115,I,256170,256171,6,1446,14,M_5070,Other
5071,booknlp,COREF,198,your,256191,256195,0,1446,14,M_5071,Other
5072,pdnc,qID,Q1037-1,you,256248,256251,6,1446,14,M_5072,Other
5073,pdnc,qID,Q1037-1,You,256262,256265,6,1446,14,M_5073,Other
5074,pdnc,qID,Q1037-1,your,256277,256281,6,1446,14,M_5074,Other
5075,exp,exp_name,miss bartlett,Miss Bartlett,256301,256314,6,1447,14,M_5075,PROPN
5076,booknlp,COREF,115,she,256428,256431,6,1448,14,M_5076,Other
5077,pdnc,qID,Q1038-1,Mr. Vyse,256470,256478,0,1448,14,M_5077,PROPN
5078,pdnc,qID,Q1039-0,Charlotte,256540,256549,6,1449,14,M_5078,PROPN
5079,exp,exp_name,the girl,the girl,256557,256565,19,1449,14,M_5079,PROPN
5080,pdnc,qID,Q1039-1,George Emerson,256589,256603,2,1449,14,M_5080,PROPN
5081,exp,exp_name,miss bartlett,Miss Bartlett,256652,256665,6,1450,14,M_5081,PROPN
5082,exp,exp_name,the driver,the driver,256693,256703,44,1450,14,M_5082,PROPN
5083,booknlp,COREF,115,I,256705,256706,6,1450,14,M_5083,Other
5084,booknlp,COREF,2196,him,256711,256714,44,1450,14,M_5084,Other
5085,booknlp,COREF,116,you,256745,256748,4,1450,14,M_5085,Other
5086,pdnc,qID,Q1040-0,he,256759,256761,44,1450,14,M_5086,Other
5087,pdnc,qID,Q1040-0,his,256783,256786,44,1450,14,M_5087,Other
5088,exp,exp_name,lucy,Lucy,256796,256800,4,1451,14,M_5088,PROPN
5089,exp,exp_name,cecil,Cecil,256939,256944,0,1451,14,M_5089,PROPN
5090,pdnc,qID,Q1044-0,old Mr. Emerson,257022,257037,11,1454,14,M_5090,Other
5091,pdnc,qID,Q1044-0,he,257054,257056,11,1454,14,M_5091,Other
5092,booknlp,COREF,116,I,257080,257081,4,1455,14,M_5092,Other
5093,pdnc,qID,Q1045-0,he,257096,257098,11,1455,14,M_5093,Other
5094,booknlp,COREF,116,I,257105,257106,4,1455,14,M_5094,Other
5095,pdnc,qID,Q1045-0,you,257123,257126,6,1455,14,M_5095,Other
5096,pdnc,qID,Q1045-0,your,257131,257135,6,1455,14,M_5096,Other
5097,booknlp,COREF,116,I,257181,257182,4,1455,14,M_5097,Other
5098,booknlp,COREF,116,I,257189,257190,4,1455,14,M_5098,Other
5099,pdnc,qID,Q1045-0,Cecil,257201,257206,6,1455,14,M_5099,Other
5100,booknlp,COREF,116,she,257272,257275,4,1457,14,M_5100,Other
5101,booknlp,COREF,116,her,257284,257287,4,1457,14,M_5101,Other
5102,booknlp,COREF,116,she,257299,257302,4,1457,14,M_5102,Other
5103,booknlp,COREF,116,her,257339,257342,4,1457,14,M_5103,Other
5104,pdnc,qID,Q1048-0,dear,257367,257371,4,1458,14,M_5104,Other
5105,pdnc,qID,Q1048-0,you,257373,257376,4,1458,14,M_5105,Other
5106,pdnc,qID,Q1049-0,Charlotte,257496,257505,6,1459,14,M_5106,PROPN
5107,booknlp,COREF,116,She,257508,257511,4,1459,14,M_5107,Other
5108,booknlp,COREF,116,her,257522,257525,4,1459,14,M_5108,Other
5109,booknlp,COREF,115,You,257538,257541,6,1459,14,M_5109,Other
5110,booknlp,COREF,115,you,257574,257577,6,1459,14,M_5110,Other
5111,booknlp,COREF,116,me,257583,257585,4,1459,14,M_5111,Other
5112,booknlp,COREF,115,you,257596,257599,6,1459,14,M_5112,Other
5113,booknlp,COREF,115,you,257627,257630,6,1459,14,M_5113,Other
5114,exp,exp_name,miss bartlett,Miss Bartlett,257672,257685,6,1460,14,M_5114,PROPN
5115,booknlp,COREF,115,I,257694,257695,6,1460,14,M_5115,Other
5116,pdnc,qID,Q1050-0,you,257712,257715,4,1460,14,M_5116,Other
5117,pdnc,qID,Q1050-0,dearest,257733,257740,4,1460,14,M_5117,Other
5118,booknlp,COREF,115,I,257742,257743,6,1460,14,M_5118,Other
5119,booknlp,COREF,115,I,257755,257756,6,1460,14,M_5119,Other
5120,booknlp,COREF,115,I,257767,257768,6,1460,14,M_5120,Other
5121,pdnc,qID,Q1050-0,you,257797,257800,4,1460,14,M_5121,Other
5122,booknlp,COREF,116,yourself,257828,257836,4,1460,14,M_5122,Other
5123,booknlp,COREF,115,I,257876,257877,6,1460,14,M_5123,Other
5124,pdnc,qID,Q1050-0,You,257882,257885,4,1460,14,M_5124,Other
5125,booknlp,COREF,115,me,257905,257907,6,1460,14,M_5125,Other
5126,exp,exp_name,minnie,Minnie,258017,258023,5,1462,14,M_5126,PROPN
5127,pdnc,qID,Q1052-0,Dear,258066,258070,4,1463,14,M_5127,Other
5128,pdnc,qID,Q1052-0,you,258135,258138,4,1463,14,M_5128,Other
5129,pdnc,qID,Q1052-0,the young one,258144,258157,2,1463,14,M_5129,Other
5130,booknlp,COREF,115,I,258171,258172,6,1464,14,M_5130,Other
5131,pdnc,qID,Q1055-0,We,258200,258202,2,1466,14,M_5131,Other
5132,pdnc,qID,Q1056-0,he,258239,258241,2,1467,14,M_5132,Other
5133,pdnc,qID,Q1057-0,He,258265,258267,2,1468,14,M_5133,Other
5134,pdnc,qID,Q1057-0,he,258356,258358,2,1468,14,M_5134,Other
5135,booknlp,COREF,115,I,258400,258401,6,1468,14,M_5135,Other
5136,booknlp,COREF,115,I,258410,258411,6,1468,14,M_5136,Other
5137,pdnc,qID,Q1057-0,you,258423,258426,6,1468,14,M_5137,Other
5138,booknlp,COREF,115,my,258434,258436,6,1468,14,M_5138,Other
5139,pdnc,qID,Q1057-0,He,258442,258444,2,1468,14,M_5139,Other
5140,pdnc,qID,Q1057-0,Charlotte,258475,258484,6,1468,14,M_5140,PROPN
5141,booknlp,COREF,115,my,258523,258525,6,1469,14,M_5141,Other
5142,exp,exp_name,lucy,Lucy,258542,258546,4,1470,14,M_5142,PROPN
5143,pdnc,qID,Q1059-0,Cecil,258556,258561,0,1470,14,M_5143,Other
5144,booknlp,COREF,116,I,258580,258581,4,1470,14,M_5144,Other
5145,booknlp,COREF,116,She,258677,258680,4,1470,14,M_5145,Other
5146,exp,exp_name,cecil,Cecil,258726,258731,0,1470,14,M_5146,PROPN
5147,booknlp,COREF,116,she,258765,258768,4,1470,14,M_5147,Other
5148,exp,exp_name,cecil,Cecil,258773,258778,0,1470,14,M_5148,PROPN
5149,booknlp,COREF,198,himself,258779,258786,0,1470,14,M_5149,Other
5150,booknlp,COREF,116,Her,258862,258865,4,1470,14,M_5150,Other
5151,exp,exp_name,miss bartlett,Miss Bartlett,258946,258959,6,1471,14,M_5151,PROPN
5152,pdnc,qID,Q1061-0,Emerson,258999,259006,2,1472,14,M_5152,PROPN
5153,pdnc,qID,Q1061-0,his,259012,259015,2,1472,14,M_5153,Other
5154,pdnc,qID,Q1061-0,he,259057,259059,2,1472,14,M_5154,Other
5155,pdnc,qID,Q1061-0,him,259117,259120,2,1472,14,M_5155,Other
5156,pdnc,qID,Q1061-0,he,259281,259283,6,1472,14,M_5156,Other
5157,pdnc,qID,Q1061-0,his,259289,259292,2,1472,14,M_5157,Other
5158,pdnc,qID,Q1061-0,he,259299,259301,2,1472,14,M_5158,Other
5159,pdnc,qID,Q1061-0,Freddy,259357,259363,2,1472,14,M_5159,PROPN
5160,pdnc,qID,Q1061-0,him,259377,259380,2,1472,14,M_5160,Other
5161,pdnc,qID,Q1061-0,him,259396,259399,1,1472,14,M_5161,Other
5162,pdnc,qID,Q1061-0,you,259422,259425,2,1472,14,M_5162,Other
5163,pdnc,qID,Q1061-0,He,259450,259452,2,1472,14,M_5163,Other
5164,pdnc,qID,Q1061-0,he,259467,259469,6,1472,14,M_5164,Other
5165,pdnc,qID,Q1061-0,he,259496,259498,6,1472,14,M_5165,Other
5166,pdnc,qID,Q1061-0,He,259528,259530,2,1472,14,M_5166,Other
5167,pdnc,qID,Q1061-0,his father,259633,259643,2,1472,14,M_5167,Other
5168,pdnc,qID,Q1061-0,Papa,259659,259663,2,1472,14,M_5168,PROPN
5169,pdnc,qID,Q1062-0,we,259801,259803,4,1472,14,M_5169,Other
5170,pdnc,qID,Q1062-0,you,259867,259870,6,1472,14,M_5170,Other
5171,exp,exp_name,lucy,Lucy,259938,259942,4,1473,14,M_5171,PROPN
5172,exp,exp_name,miss bartlett,Miss Bartlett,260042,260055,6,1473,14,M_5172,PROPN
5173,booknlp,COREF,115,She,260158,260161,6,1473,14,M_5173,Other
5174,booknlp,COREF,115,her,260234,260237,6,1473,14,M_5174,Other
5175,exp,exp_name,lucy,Lucy,260297,260301,4,1473,14,M_5175,PROPN
5176,booknlp,COREF,116,her,260357,260360,4,1473,14,M_5176,Other
5177,exp,exp_name,miss bartlett,Miss Bartlett,260419,260432,6,1475,15,M_5177,PROPN
5178,exp,exp_name,minnie,Minnie,261108,261114,5,1476,15,M_5178,PROPN
5179,booknlp,COREF,115,she,261127,261130,6,1476,15,M_5179,Other
5180,booknlp,COREF,115,her,261143,261146,6,1476,15,M_5180,Other
5181,exp,exp_name,anne,Anne,261163,261167,36,1476,15,M_5181,PROPN
5182,exp,exp_name,mary,Mary,261169,261173,39,1476,15,M_5182,PROPN
5183,exp,exp_name,lucia,Lucia,261202,261207,4,1476,15,M_5183,PROPN
5184,booknlp,COREF,115,I,261213,261214,6,1476,15,M_5184,Other
5185,booknlp,COREF,165,you,261229,261232,4,1476,15,M_5185,Other
5186,exp,exp_name,miss bartlett,Miss Bartlett,261249,261262,6,1476,15,M_5186,PROPN
5187,booknlp,COREF,115,she,261282,261285,6,1476,15,M_5187,Other
5188,exp,exp_name,phaethon,Phaethon,261372,261380,44,1477,15,M_5188,PROPN
5189,exp,exp_name,mr. beebe,Mr. Beebe,261511,261520,10,1477,15,M_5189,PROPN
5190,booknlp,COREF,119,he,261546,261548,10,1477,15,M_5190,Other
5191,exp,exp_name,miss catharine alan,Miss Catharine Alan,261575,261594,7,1477,15,M_5191,PROPN
5192,exp,exp_name,george emerson,George Emerson,261599,261613,2,1477,15,M_5192,PROPN
5193,exp,exp_name,mr. beebe,Mr. Beebe,261757,261766,10,1477,15,M_5193,PROPN
5194,exp,exp_name,george,George,261774,261780,2,1477,15,M_5194,PROPN
5195,exp,exp_name,lucy,Lucy,261976,261980,4,1478,15,M_5195,PROPN
5196,booknlp,COREF,115,Her,262019,262022,6,1478,15,M_5196,Other
5197,booknlp,COREF,115,her,262070,262073,6,1478,15,M_5197,Other
5198,booknlp,COREF,115,her,262098,262101,6,1478,15,M_5198,Other
5199,booknlp,COREF,115,her,262132,262135,6,1478,15,M_5199,Other
5200,booknlp,COREF,115,Her,262187,262190,6,1478,15,M_5200,Other
5201,booknlp,COREF,115,She,262219,262222,6,1478,15,M_5201,Other
5202,booknlp,COREF,115,her,262359,262362,6,1478,15,M_5202,Other
5203,booknlp,COREF,115,she,262368,262371,6,1478,15,M_5203,Other
5204,pdnc,qID,Q1064-0,Lucy,262472,262476,4,1479,15,M_5204,PROPN
5205,pdnc,qID,Q1064-0,Lucy,262478,262482,4,1479,15,M_5205,PROPN
5206,pdnc,qID,Q1065-0,Cecil,262610,262615,0,1480,15,M_5206,Other
5207,exp,exp_name,lucy,Lucy,262699,262703,4,1482,15,M_5207,PROPN
5208,booknlp,COREF,116,She,262776,262779,4,1482,15,M_5208,Other
5209,booknlp,COREF,116,herself,262802,262809,4,1482,15,M_5209,Other
5210,booknlp,COREF,116,her,262824,262827,4,1482,15,M_5210,Other
5211,exp,exp_name,cecil,Cecil,262883,262888,0,1482,15,M_5211,PROPN
5212,booknlp,COREF,116,she,262920,262923,4,1482,15,M_5212,Other
5213,booknlp,COREF,116,she,262944,262947,4,1482,15,M_5213,Other
5214,booknlp,COREF,116,she,262956,262959,4,1482,15,M_5214,Other
5215,booknlp,COREF,116,she,263001,263004,4,1482,15,M_5215,Other
5216,booknlp,COREF,116,she,263011,263014,4,1482,15,M_5216,Other
5217,booknlp,COREF,116,she,263051,263054,4,1482,15,M_5217,Other
5218,exp,exp_name,cecil,Cecil,263118,263123,0,1482,15,M_5218,PROPN
5219,pdnc,qID,Q1067-0,you,263141,263144,4,1482,15,M_5219,Other
5220,pdnc,qID,Q1067-0,your,263163,263167,4,1482,15,M_5220,Other
5221,booknlp,COREF,116,her,263217,263220,4,1482,15,M_5221,Other
5222,booknlp,COREF,116,she,263231,263234,4,1482,15,M_5222,Other
5223,pdnc,qID,Q1068-0,Lucy,263360,263364,4,1483,15,M_5223,PROPN
5224,pdnc,qID,Q1068-0,you,263371,263374,4,1483,15,M_5224,Other
5225,pdnc,qID,Q1068-0,Minnie,263390,263396,5,1483,15,M_5225,PROPN
5226,pdnc,qID,Q1068-0,yourself,263416,263424,4,1483,15,M_5226,Other
5227,booknlp,COREF,116,She,263428,263431,4,1484,15,M_5227,Other
5228,booknlp,COREF,116,her,263447,263450,4,1484,15,M_5228,Other
5229,booknlp,COREF,198,I,263543,263544,0,1485,15,M_5229,Other
5230,booknlp,COREF,198,I,263562,263563,0,1485,15,M_5230,Other
5231,pdnc,qID,Q1069-0,Minnie,263631,263637,5,1485,15,M_5231,PROPN
5232,exp,exp_name,the child,the child,263675,263684,55,1485,15,M_5232,PROPN
5233,pdnc,qID,Q1069-0,Minnie,263686,263692,5,1485,15,M_5233,PROPN
5234,pdnc,qID,Q1069-0,you,263739,263742,4,1485,15,M_5234,Other
5235,pdnc,qID,Q1069-0,Minnie,263783,263789,5,1485,15,M_5235,PROPN
5236,pdnc,qID,Q1070-0,Mrs. Honeychurch,263798,263814,17,1486,15,M_5236,PROPN
5237,pdnc,qID,Q1071-0,Minnie,263844,263850,5,1487,15,M_5237,PROPN
5238,pdnc,qID,Q1072-0,Charlotte,263944,263953,6,1487,15,M_5238,PROPN
5239,pdnc,qID,Q1072-0,her,263972,263975,6,1487,15,M_5239,Other
5240,pdnc,qID,Q1072-0,she,263984,263987,6,1487,15,M_5240,Other
5241,pdnc,qID,Q1072-0,She,263997,264000,6,1487,15,M_5241,Other
5242,pdnc,qID,Q1072-0,She,264020,264023,6,1487,15,M_5242,Other
5243,pdnc,qID,Q1072-0,Charlotte,264064,264073,6,1487,15,M_5243,PROPN
5244,booknlp,COREF,198,I,264079,264080,0,1487,15,M_5244,Other
5245,pdnc,qID,Q1072-0,Minnie,264100,264106,5,1487,15,M_5245,PROPN
5246,exp,exp_name,mrs. honeychurch,Mrs. Honeychurch,264385,264401,17,1488,15,M_5246,PROPN
5247,exp,exp_name,miss bartlett,Miss Bartlett,264456,264469,6,1488,15,M_5247,PROPN
5248,pdnc,qID,Q1073-0,Marian,264553,264559,17,1489,15,M_5248,PROPN
5249,booknlp,COREF,115,I,264561,264562,6,1489,15,M_5249,Other
5250,booknlp,COREF,115,I,264582,264583,6,1489,15,M_5250,Other
5251,booknlp,COREF,115,me,264704,264706,6,1490,15,M_5251,Other
5252,pdnc,qID,Q1074-0,you,264718,264721,6,1490,15,M_5252,Other
5253,pdnc,qID,Q1074-0,You,264749,264752,6,1490,15,M_5253,Other
5254,booknlp,COREF,115,I,264780,264781,6,1491,15,M_5254,Other
5255,booknlp,COREF,115,my,264795,264797,6,1491,15,M_5255,Other
5256,booknlp,COREF,115,I,264837,264838,6,1491,15,M_5256,Other
5257,exp,exp_name,miss bartlett,Miss Bartlett,264856,264869,6,1491,15,M_5257,PROPN
5258,booknlp,COREF,115,She,264885,264888,6,1491,15,M_5258,Other
5259,booknlp,COREF,115,herself,264922,264929,6,1491,15,M_5259,Other
5260,booknlp,COREF,115,her,264935,264938,6,1491,15,M_5260,Other
5261,exp,exp_name,cecil,Cecil,265043,265048,0,1492,15,M_5261,PROPN
5262,exp,exp_name,lucy,Lucy,265051,265055,4,1493,15,M_5262,PROPN
5263,booknlp,COREF,116,her,265060,265063,4,1493,15,M_5263,Other
5264,booknlp,COREF,198,He,265185,265187,0,1493,15,M_5264,Other
5265,booknlp,COREF,116,she,265243,265246,4,1493,15,M_5265,Other
5266,booknlp,COREF,116,herself,265272,265279,4,1493,15,M_5266,Other
5267,booknlp,COREF,116,she,265281,265284,4,1493,15,M_5267,Other
5268,exp,exp_name,cecil,Cecil,265328,265333,0,1493,15,M_5268,PROPN
5269,booknlp,COREF,198,he,265349,265351,0,1493,15,M_5269,Other
5270,booknlp,COREF,198,he,265417,265419,0,1493,15,M_5270,Other
5271,booknlp,COREF,198,he,265516,265518,0,1493,15,M_5271,Other
5272,booknlp,COREF,116,her,265547,265550,4,1493,15,M_5272,Other
5273,booknlp,COREF,198,he,265559,265561,0,1493,15,M_5273,Other
5274,booknlp,COREF,116,She,265634,265637,4,1494,15,M_5274,Other
5275,exp,exp_name,honeychurch,Honeychurch,265722,265733,1,1494,15,M_5275,PROPN
5276,booknlp,COREF,116,her,265898,265901,4,1495,15,M_5276,Other
5277,pdnc,qID,Q1077-1,the young man,265918,265931,2,1495,15,M_5277,Other
5278,pdnc,qID,Q1077-1,he,265947,265949,2,1495,15,M_5278,Other
5279,booknlp,COREF,198,He,265970,265972,0,1496,15,M_5279,Other
5280,exp,exp_name,lucy,Lucy,265991,265995,4,1496,15,M_5280,PROPN
5281,exp,exp_name,old mr. emerson,Old Mr. Emerson,266050,266065,11,1496,15,M_5281,PROPN
5282,booknlp,COREF,116,her,266074,266077,4,1496,15,M_5282,Other
5283,booknlp,COREF,261,he,266114,266116,11,1496,15,M_5283,Other
5284,booknlp,COREF,116,she,266126,266129,4,1496,15,M_5284,Other
5285,booknlp,COREF,116,She,266155,266158,4,1496,15,M_5285,Other
5286,booknlp,COREF,116,she,266169,266172,4,1496,15,M_5286,Other
5287,exp,exp_name,miss bartlett,Miss Bartlett,266200,266213,6,1496,15,M_5287,PROPN
5288,exp,exp_name,minnie,Minnie,266218,266224,5,1496,15,M_5288,PROPN
5289,exp,exp_name,mr. beebe,Mr. Beebe,266252,266261,10,1496,15,M_5289,PROPN
5290,booknlp,COREF,116,she,266263,266266,4,1496,15,M_5290,Other
5291,booknlp,COREF,261,him,266329,266332,11,1496,15,M_5291,Other
5292,booknlp,COREF,261,he,266337,266339,11,1496,15,M_5292,Other
5293,booknlp,COREF,261,his,266346,266349,11,1496,15,M_5293,Other
5294,booknlp,COREF,261,he,266375,266377,11,1497,15,M_5294,Other
5295,booknlp,COREF,261,his,266422,266425,11,1497,15,M_5295,Other
5296,booknlp,COREF,116,she,266433,266436,4,1497,15,M_5296,Other
5297,booknlp,COREF,261,him,266453,266456,11,1497,15,M_5297,Other
5298,booknlp,COREF,261,He,266474,266476,11,1497,15,M_5298,Other
5299,booknlp,COREF,261,I,266594,266595,11,1497,15,M_5299,Other
5300,exp,exp_name,mrs. honeychurch,Mrs. Honeychurch,266682,266698,17,1498,15,M_5300,PROPN
5301,pdnc,qID,Q1081-0,Our landlord,266711,266723,21,1499,15,M_5301,Other
5302,exp,exp_name,george,George,266786,266792,2,1499,15,M_5302,PROPN
5303,pdnc,qID,Q1081-1,He,266844,266846,21,1499,15,M_5303,Other
5304,pdnc,qID,Q1081-1,He,266878,266880,21,1499,15,M_5304,Other
5305,pdnc,qID,Q1082-0,you,266991,266994,4,1500,15,M_5305,Other
5306,exp,exp_name,lucy,Lucy,267018,267022,4,1500,15,M_5306,PROPN
5307,pdnc,qID,Q1083-0,you,267039,267042,2,1501,15,M_5307,Other
5308,exp,exp_name,lucy,Lucy,267060,267064,4,1501,15,M_5308,PROPN
5309,booknlp,COREF,116,She,267074,267077,4,1501,15,M_5309,Other
5310,exp,exp_name,cecil,Cecil,267099,267104,0,1501,15,M_5310,PROPN
5311,exp,exp_name,cecil,Cecil,267120,267125,0,1501,15,M_5311,PROPN
5312,booknlp,COREF,198,his,267165,267168,0,1501,15,M_5312,Other
5313,pdnc,qID,Q1084-0,George,267200,267206,2,1502,15,M_5313,PROPN
5314,pdnc,qID,Q1084-0,He,267213,267215,2,1502,15,M_5314,Other
5315,exp,exp_name,george,George,267356,267362,2,1503,15,M_5315,PROPN
5316,exp,exp_name,mrs. honeychurch,Mrs. Honeychurch,267450,267466,17,1504,15,M_5316,PROPN
5317,pdnc,qID,Q1088-0,Mr. Emerson,267981,267992,2,1506,15,M_5317,PROPN
5318,pdnc,qID,Q1088-0,you,268000,268003,2,1506,15,M_5318,Other
5319,pdnc,qID,Q1090-0,you,268033,268036,2,1508,15,M_5319,Other
5320,pdnc,qID,Q1090-0,you,268067,268070,2,1508,15,M_5320,Other
5321,pdnc,qID,Q1090-0,Freddy,268108,268114,1,1508,15,M_5321,PROPN
5322,exp,exp_name,george,George,268118,268124,2,1509,15,M_5322,PROPN
5323,exp,exp_name,lucy,Lucy,268145,268149,4,1509,15,M_5323,PROPN
5324,booknlp,COREF,116,her,268172,268175,4,1509,15,M_5324,Other
5325,pdnc,qID,Q1091-1,He,268236,268238,1,1510,15,M_5325,Other
5326,pdnc,qID,Q1091-1,his,268269,268272,1,1510,15,M_5326,Other
5327,pdnc,qID,Q1091-1,he,268290,268292,1,1510,15,M_5327,Other
5328,pdnc,qID,Q1092-0,you,268375,268378,2,1511,15,M_5328,Other
5329,pdnc,qID,Q1092-0,you,268405,268408,2,1511,15,M_5329,Other
5330,pdnc,qID,Q1092-0,He,268430,268432,1,1511,15,M_5330,Other
5331,pdnc,qID,Q1092-0,you,268457,268460,2,1511,15,M_5331,Other
5332,pdnc,qID,Q1092-0,you,268480,268483,2,1511,15,M_5332,Other
5333,pdnc,qID,Q1092-0,you,268500,268503,2,1511,15,M_5333,Other
5334,pdnc,qID,Q1093-0,George,268532,268538,2,1512,15,M_5334,PROPN
5335,pdnc,qID,Q1093-0,George,268562,268568,2,1512,15,M_5335,PROPN
5336,pdnc,qID,Q1093-0,his,268576,268579,2,1512,15,M_5336,Other
5337,pdnc,qID,Q1094-0,George,268634,268640,2,1513,15,M_5337,PROPN
5338,pdnc,qID,Q1094-0,Mr. Emerson,268702,268713,11,1513,15,M_5338,PROPN
5339,pdnc,qID,Q1094-0,you,268718,268721,11,1513,15,M_5339,Other
5340,pdnc,qID,Q1094-0,your son,268738,268746,2,1513,15,M_5340,Other
5341,exp,exp_name,george,George,268880,268886,2,1515,15,M_5341,PROPN
5342,exp,exp_name,george,George,268964,268970,2,1516,15,M_5342,PROPN
5343,exp,exp_name,mr. beebe,Mr. Beebe,269031,269040,10,1516,15,M_5343,PROPN
5344,exp,exp_name,lucy,Lucy,269045,269049,4,1516,15,M_5344,PROPN
5345,exp,exp_name,miss bartlett,Miss Bartlett,269255,269268,6,1517,15,M_5345,PROPN
5346,pdnc,qID,Q1097-0,You,269283,269286,11,1518,15,M_5346,Other
5347,pdnc,qID,Q1097-0,our cousin,269292,269302,6,1518,15,M_5347,Other
5348,pdnc,qID,Q1097-0,Miss Bartlett,269304,269317,6,1518,15,M_5348,PROPN
5349,exp,exp_name,mrs. honeychurch,Mrs. Honeychurch,269325,269341,17,1518,15,M_5349,PROPN
5350,pdnc,qID,Q1097-1,You,269355,269358,11,1518,15,M_5350,Other
5351,pdnc,qID,Q1097-1,her,269363,269366,6,1518,15,M_5351,Other
5352,pdnc,qID,Q1097-1,my daughter,269372,269383,4,1518,15,M_5352,Other
5353,exp,exp_name,the lady,the lady,269487,269495,34,1519,15,M_5353,PROPN
5354,exp,exp_name,miss bartlett,Miss Bartlett,269497,269510,6,1519,15,M_5354,PROPN
5355,booknlp,COREF,115,she,269560,269563,6,1519,15,M_5355,Other
5356,exp,exp_name,george,George,269732,269738,2,1520,15,M_5356,PROPN
5357,exp,exp_name,lucy,Lucy,269977,269981,4,1520,15,M_5357,PROPN
5358,booknlp,COREF,116,her,270020,270023,4,1520,15,M_5358,Other
5359,booknlp,COREF,116,her,270170,270173,4,1520,15,M_5359,Other
5360,booknlp,COREF,116,her,270193,270196,4,1520,15,M_5360,Other
5361,booknlp,COREF,116,she,270258,270261,4,1520,15,M_5361,Other
5362,exp,exp_name,george,George,270296,270302,2,1520,15,M_5362,PROPN
5363,booknlp,COREF,116,her,270309,270312,4,1520,15,M_5363,Other
5364,pdnc,qID,Q1100-0,George,270348,270354,2,1521,15,M_5364,PROPN
5365,pdnc,qID,Q1100-1,George,270457,270463,2,1521,15,M_5365,PROPN
5366,pdnc,qID,Q1100-1,he,270515,270517,2,1521,15,M_5366,Other
5367,exp,exp_name,lucy,Lucy,270558,270562,4,1522,15,M_5367,PROPN
5368,booknlp,COREF,116,her,270570,270573,4,1522,15,M_5368,Other
5369,booknlp,COREF,116,her,270622,270625,4,1522,15,M_5369,Other
5370,booknlp,COREF,116,she,270643,270646,4,1522,15,M_5370,Other
5371,booknlp,COREF,116,her,270661,270664,4,1522,15,M_5371,Other
5372,booknlp,COREF,116,I,270673,270674,4,1522,15,M_5372,Other
5373,pdnc,qID,Q1101-1,he,270683,270685,2,1522,15,M_5373,Other
5374,booknlp,COREF,116,she,270698,270701,4,1522,15,M_5374,Other
5375,pdnc,qID,Q1102-0,The old man,270738,270749,11,1522,15,M_5375,Other
5376,booknlp,COREF,116,I,270768,270769,4,1522,15,M_5376,Other
5377,exp,exp_name,mrs. honeychurch,Mrs. Honeychurch,270794,270810,17,1522,15,M_5377,PROPN
5378,booknlp,COREF,116,her,270820,270823,4,1522,15,M_5378,Other
5379,exp,exp_name,mr. emerson,Mr. Emerson,270865,270876,11,1523,15,M_5379,PROPN
5380,exp,exp_name,lucy,Lucy,270925,270929,4,1523,15,M_5380,PROPN
5381,booknlp,COREF,116,she,270971,270974,4,1523,15,M_5381,Other
5382,booknlp,COREF,116,she,271036,271039,4,1523,15,M_5382,Other
5383,booknlp,COREF,116,her,271128,271131,4,1523,15,M_5383,Other
5384,pdnc,qID,Q1103-0,He,271134,271136,2,1523,15,M_5384,Other
5385,pdnc,qID,Q1103-0,he,271151,271153,2,1523,15,M_5385,Other
5386,booknlp,COREF,116,Her,271169,271172,4,1523,15,M_5386,Other
5387,pdnc,qID,Q1104-0,He,271201,271203,2,1523,15,M_5387,Other
5388,pdnc,qID,Q1104-0,his father,271217,271227,11,1523,15,M_5388,Other
5389,pdnc,qID,Q1104-0,he,271237,271239,2,1523,15,M_5389,Other
5390,pdnc,qID,Q1104-0,He,271281,271283,2,1523,15,M_5390,Other
5391,booknlp,COREF,116,me,271301,271303,4,1523,15,M_5391,Other
5392,booknlp,COREF,116,I,271309,271310,4,1523,15,M_5392,Other
5393,booknlp,COREF,116,She,271322,271325,4,1523,15,M_5393,Other
5394,booknlp,COREF,116,her,271333,271336,4,1523,15,M_5394,Other
5395,booknlp,COREF,116,her,271345,271348,4,1523,15,M_5395,Other
5396,pdnc,qID,Q1104-1,He,271357,271359,2,1523,15,M_5396,Other
5397,booknlp,COREF,116,me,271374,271376,4,1523,15,M_5397,Other
5398,pdnc,qID,Q1104-1,he,271398,271400,2,1523,15,M_5398,Other
5399,pdnc,qID,Q1104-1,He,271427,271429,2,1523,15,M_5399,Other
5400,booknlp,COREF,116,She,271447,271450,4,1524,15,M_5400,Other
5401,pdnc,qID,Q1105-0,Cecil,271535,271540,0,1524,15,M_5401,Other
5402,booknlp,COREF,116,She,271559,271562,4,1524,15,M_5402,Other
5403,exp,exp_name,miss bartlett,Miss Bartlett,271582,271595,6,1524,15,M_5403,PROPN
5404,booknlp,COREF,115,her,271605,271608,6,1524,15,M_5404,Other
5405,booknlp,COREF,116,she,271800,271803,4,1525,15,M_5405,Other
5406,booknlp,COREF,116,her,271816,271819,4,1525,15,M_5406,Other
5407,booknlp,COREF,116,She,271825,271828,4,1525,15,M_5407,Other
5408,exp,exp_name,cecil,Cecil,271837,271842,0,1525,15,M_5408,PROPN
5409,booknlp,COREF,116,she,271874,271877,4,1525,15,M_5409,Other
5410,booknlp,COREF,198,he,271895,271897,0,1525,15,M_5410,Other
5411,booknlp,COREF,116,her,271905,271908,4,1525,15,M_5411,Other
5412,booknlp,COREF,116,she,271930,271933,4,1525,15,M_5412,Other
5413,pdnc,qID,Q1106-0,George Emerson,271974,271988,2,1526,15,M_5413,PROPN
5414,booknlp,COREF,198,my,272025,272027,0,1527,15,M_5414,Other
5415,exp,exp_name,cecil,Cecil,272045,272050,0,1527,15,M_5415,PROPN
5416,booknlp,COREF,198,his,272116,272119,0,1527,15,M_5416,Other
5417,booknlp,COREF,116,she,272200,272203,4,1528,15,M_5417,Other
5418,exp,exp_name,cecil,Cecil,272264,272269,0,1528,15,M_5418,PROPN
5419,booknlp,COREF,198,He,272325,272327,0,1528,15,M_5419,Other
5420,exp,exp_name,the girl,the girl,272374,272382,19,1528,15,M_5420,PROPN
5421,pdnc,qID,Q1109-0,You,272401,272404,0,1529,15,M_5421,Other
5422,pdnc,qID,Q1109-0,yourself,272419,272427,0,1529,15,M_5422,Other
5423,booknlp,COREF,116,your,272432,272436,4,1529,15,M_5423,Other
5424,pdnc,qID,Q1109-0,George Emerson,272451,272465,2,1529,15,M_5424,PROPN
5425,pdnc,qID,Q1109-0,He,272495,272497,2,1529,15,M_5425,Other
5426,booknlp,COREF,116,She,272550,272553,4,1529,15,M_5426,Other
5427,exp,exp_name,cecil,Cecil,272648,272653,0,1529,15,M_5427,PROPN
5428,booknlp,COREF,116,her,272685,272688,4,1529,15,M_5428,Other
5429,booknlp,COREF,116,her,272729,272732,4,1529,15,M_5429,Other
5430,exp,exp_name,lucy,Lucy,272778,272782,4,1530,15,M_5430,PROPN
5431,exp,exp_name,cecil,Cecil,272842,272847,0,1530,15,M_5431,PROPN
5432,exp,exp_name,miss bartlett,Miss Bartlett,272851,272864,6,1530,15,M_5432,PROPN
5433,booknlp,COREF,116,her,272932,272935,4,1530,15,M_5433,Other
5434,booknlp,COREF,116,you,272991,272994,4,1530,15,M_5434,Other
5435,booknlp,COREF,116,she,273075,273078,4,1530,15,M_5435,Other
5436,booknlp,COREF,116,she,273084,273087,4,1530,15,M_5436,Other
5437,booknlp,COREF,116,Her,273114,273117,4,1530,15,M_5437,Other
5438,booknlp,COREF,116,her,273149,273152,4,1530,15,M_5438,Other
5439,booknlp,COREF,116,her,273298,273301,4,1530,15,M_5439,Other
5440,booknlp,COREF,116,She,273311,273314,4,1530,15,M_5440,Other
5441,booknlp,COREF,116,her,273620,273623,4,1530,15,M_5441,Other
5442,exp,exp_name,cecil,Cecil,273659,273664,0,1530,15,M_5442,PROPN
5443,booknlp,COREF,116,She,273756,273759,4,1531,15,M_5443,Other
5444,booknlp,COREF,116,her,273809,273812,4,1532,15,M_5444,Other
5445,booknlp,COREF,116,she,273843,273846,4,1533,15,M_5445,Other
5446,exp,exp_name,cecil,Cecil,273860,273865,0,1533,15,M_5446,PROPN
5447,booknlp,COREF,116,she,273867,273870,4,1533,15,M_5447,Other
5448,exp,exp_name,george,George,273899,273905,2,1533,15,M_5448,PROPN
5449,booknlp,COREF,116,her,273948,273951,4,1533,15,M_5449,Other
5450,booknlp,COREF,116,I,273959,273960,4,1534,15,M_5450,Other
5451,booknlp,COREF,116,she,273975,273978,4,1534,15,M_5451,Other
5452,booknlp,COREF,116,she,274046,274049,4,1534,15,M_5452,Other
5453,exp,exp_name,cecil,Cecil,274070,274075,0,1534,15,M_5453,PROPN
5454,booknlp,COREF,198,he,274125,274127,0,1534,15,M_5454,Other
5455,pdnc,qID,Q1113-0,Our performer,274137,274150,4,1535,15,M_5455,Other
5456,pdnc,qID,Q1113-0,her,274163,274166,4,1535,15,M_5456,Other
5457,exp,exp_name,miss bartlett,Miss Bartlett,274179,274192,6,1535,15,M_5457,PROPN
5458,booknlp,COREF,116,she,274212,274215,4,1535,15,M_5458,Other
5459,exp,exp_name,mr. emerson,Mr. Emerson,274239,274250,11,1535,15,M_5459,PROPN
5460,exp,exp_name,lucy,Lucy,274252,274256,4,1535,15,M_5460,PROPN
5461,booknlp,COREF,116,she,274295,274298,4,1535,15,M_5461,Other
5462,booknlp,COREF,116,She,274313,274316,4,1535,15,M_5462,Other
5463,booknlp,COREF,116,she,274383,274386,4,1535,15,M_5463,Other
5464,booknlp,COREF,124,I,274398,274399,1,1536,15,M_5464,Other
5465,exp,exp_name,freddy,Freddy,274419,274425,1,1536,15,M_5465,PROPN
5466,booknlp,COREF,124,I.,274480,274482,1,1537,15,M_5466,Other
5467,booknlp,COREF,116,she,274494,274497,4,1537,15,M_5467,Other
5468,booknlp,COREF,116,I,274529,274530,4,1537,15,M_5468,Other
5469,booknlp,COREF,198,you,274536,274539,0,1537,15,M_5469,Other
5470,booknlp,COREF,198,me,274584,274586,0,1539,15,M_5470,Other
5471,pdnc,qID,Q1118-0,you,274594,274597,4,1539,15,M_5471,Other
5472,exp,exp_name,cecil,Cecil,274605,274610,0,1539,15,M_5472,PROPN
5473,booknlp,COREF,198,I,274613,274614,0,1539,15,M_5473,Other
5474,booknlp,COREF,198,He,274640,274642,0,1539,15,M_5474,Other
5475,pdnc,qID,Q1119-0,Cecil,274746,274751,0,1540,15,M_5475,Other
5476,booknlp,COREF,198,I,274753,274754,0,1540,15,M_5476,Other
5477,pdnc,qID,Q1119-0,Floyd,274762,274767,12,1540,15,M_5477,PROPN
5478,booknlp,COREF,198,I,274785,274786,0,1540,15,M_5478,Other
5479,pdnc,qID,Q1119-0,Emerson,274798,274805,2,1540,15,M_5479,PROPN
5480,exp,exp_name,george,George,274809,274815,2,1541,15,M_5480,PROPN
5481,booknlp,COREF,198,him,274826,274829,0,1541,15,M_5481,Other
5482,booknlp,COREF,198,I,274900,274901,0,1542,15,M_5482,Other
5483,exp,exp_name,cecil,Cecil,274920,274925,0,1542,15,M_5483,PROPN
5484,exp,exp_name,miss bartlett,Miss Bartlett,274933,274946,6,1542,15,M_5484,PROPN
5485,booknlp,COREF,115,she,274974,274977,6,1542,15,M_5485,Other
5486,exp,exp_name,george,George,274991,274997,2,1542,15,M_5486,PROPN
5487,booknlp,COREF,115,I,275007,275008,6,1542,15,M_5487,Other
5488,pdnc,qID,Q1122-0,you,275020,275023,0,1542,15,M_5488,Other
5489,pdnc,qID,Q1122-0,Mr. Vyse,275025,275033,0,1542,15,M_5489,PROPN
5490,pdnc,qID,Q1122-0,You,275035,275038,0,1542,15,M_5490,Other
5491,exp,exp_name,minnie,Minnie,275084,275090,5,1543,15,M_5491,PROPN
5492,exp,exp_name,cecil,Cecil,275109,275114,0,1543,15,M_5492,PROPN
5493,booknlp,COREF,225,she,275147,275150,5,1543,15,M_5493,Other
5494,pdnc,qID,Q1124-0,Lucy,275317,275321,4,1544,15,M_5494,PROPN
5495,exp,exp_name,mrs. honeychurch,Mrs. Honeychurch,275329,275345,17,1544,15,M_5495,PROPN
5496,pdnc,qID,Q1124-1,you,275348,275351,4,1544,15,M_5496,Other
5497,pdnc,qID,Q1124-1,Lucy,275370,275374,4,1544,15,M_5497,PROPN
5498,pdnc,qID,Q1124-1,Lucy,275409,275413,4,1544,15,M_5498,PROPN
5499,pdnc,qID,Q1124-1,your,275429,275433,4,1544,15,M_5499,Other
5500,exp,exp_name,lucy,Lucy,275443,275447,4,1545,15,M_5500,PROPN
5501,exp,exp_name,nature,nature,275491,275497,29,1545,15,M_5501,PROPN
5502,booknlp,COREF,116,She,275499,275502,4,1545,15,M_5502,Other
5503,booknlp,COREF,116,she,275598,275601,4,1545,15,M_5503,Other
5504,booknlp,COREF,116,her,275610,275613,4,1545,15,M_5504,Other
5505,booknlp,COREF,116,she,275621,275624,4,1545,15,M_5505,Other
5506,exp,exp_name,cecil,Cecil,275642,275647,0,1545,15,M_5506,PROPN
5507,booknlp,COREF,116,her,275664,275667,4,1545,15,M_5507,Other
5508,booknlp,COREF,116,she,275676,275679,4,1545,15,M_5508,Other
5509,booknlp,COREF,116,herself,275694,275701,4,1545,15,M_5509,Other
5510,booknlp,COREF,116,she,275734,275737,4,1545,15,M_5510,Other
5511,booknlp,COREF,198,him,275746,275749,0,1545,15,M_5511,Other
5512,exp,exp_name,mr. floyd,Mr. Floyd,275752,275761,12,1546,15,M_5512,PROPN
5513,booknlp,COREF,116,her,275766,275769,4,1546,15,M_5513,Other
5514,booknlp,COREF,116,She,275779,275782,4,1546,15,M_5514,Other
5515,booknlp,COREF,116,her,275966,275969,4,1546,15,M_5515,Other
5516,exp,exp_name,george,George,275997,276003,2,1546,15,M_5516,PROPN
5517,booknlp,COREF,116,her,276026,276029,4,1546,15,M_5517,Other
5518,booknlp,COREF,116,She,276053,276056,4,1546,15,M_5518,Other
5519,exp,exp_name,the arno,the Arno,276223,276231,31,1546,15,M_5519,PROPN
5520,booknlp,COREF,116,her,276244,276247,4,1546,15,M_5520,Other
5521,pdnc,qID,Q1125-0,you,276279,276282,4,1546,15,M_5521,Other
5522,booknlp,COREF,116,her,276422,276425,4,1546,15,M_5522,Other
5523,booknlp,COREF,116,She,276633,276636,4,1547,15,M_5523,Other
5524,booknlp,COREF,116,her,276657,276660,4,1547,15,M_5524,Other
5525,booknlp,COREF,116,she,276672,276675,4,1547,15,M_5525,Other
5526,booknlp,COREF,116,her,276704,276707,4,1547,15,M_5526,Other
5527,exp,exp_name,cecil,Cecil,276893,276898,0,1548,15,M_5527,PROPN
5528,booknlp,COREF,116,her,276907,276910,4,1548,15,M_5528,Other
5529,booknlp,COREF,198,He,276912,276914,0,1548,15,M_5529,Other
5530,booknlp,COREF,198,He,276997,276999,0,1548,15,M_5530,Other
5531,booknlp,COREF,198,he,277070,277072,0,1548,15,M_5531,Other
5532,booknlp,COREF,198,he,277101,277103,0,1548,15,M_5532,Other
5533,booknlp,COREF,198,He,277144,277146,0,1548,15,M_5533,Other
5534,booknlp,COREF,198,I,277208,277209,0,1548,15,M_5534,Other
5535,pdnc,qID,Q1126-0,Lucy,277231,277235,4,1548,15,M_5535,PROPN
5536,exp,exp_name,lucy,Lucy,277281,277285,4,1549,15,M_5536,PROPN
5537,booknlp,COREF,116,her,277298,277301,4,1549,15,M_5537,Other
5538,booknlp,COREF,198,he,277344,277346,0,1549,15,M_5538,Other
5539,exp,exp_name,freddy,Freddy,277438,277444,1,1549,15,M_5539,PROPN
5540,exp,exp_name,mr. floyd,Mr. Floyd,277449,277458,12,1549,15,M_5540,PROPN
5541,pdnc,qID,Q1129-0,Cecil,277588,277593,0,1551,15,M_5541,Other
5542,pdnc,qID,Q1129-0,Mr. Emerson,277612,277623,2,1551,15,M_5542,PROPN
5543,booknlp,COREF,198,your,277644,277648,0,1551,15,M_5543,Other
5544,booknlp,COREF,116,She,277658,277661,4,1551,15,M_5544,Other
5545,exp,exp_name,george,George,277677,277683,2,1551,15,M_5545,PROPN
5546,booknlp,COREF,116,she,277688,277691,4,1551,15,M_5546,Other
5547,booknlp,COREF,116,she,277704,277707,4,1551,15,M_5547,Other
5548,booknlp,COREF,198,He,277748,277750,0,1552,15,M_5548,Other
5549,booknlp,COREF,116,her,277787,277790,4,1552,15,M_5549,Other
5550,pdnc,qID,Q1130-0,You,277805,277808,4,1552,15,M_5550,Other
5551,booknlp,COREF,116,you,277818,277821,4,1552,15,M_5551,Other
5552,booknlp,COREF,116,I,277842,277843,4,1553,15,M_5552,Other
5553,pdnc,qID,Q1132-0,you,277857,277860,4,1554,15,M_5553,Other
5554,booknlp,COREF,116,She,277882,277885,4,1555,15,M_5554,Other
5555,booknlp,COREF,116,her,277928,277931,4,1555,15,M_5555,Other
5556,booknlp,COREF,116,she,277937,277940,4,1555,15,M_5556,Other
5557,booknlp,COREF,116,she,277954,277957,4,1555,15,M_5557,Other
5558,booknlp,COREF,116,She,277975,277978,4,1555,15,M_5558,Other
5559,booknlp,COREF,116,I,277995,277996,4,1555,15,M_5559,Other
5560,pdnc,qID,Q1134-0,you,278007,278010,2,1555,15,M_5560,Other
5561,pdnc,qID,Q1134-0,you,278067,278070,2,1555,15,M_5561,Other
5562,booknlp,COREF,116,my,278086,278088,4,1555,15,M_5562,Other
5563,booknlp,COREF,116,I,278098,278099,4,1556,15,M_5563,Other
5564,booknlp,COREF,116,I,278111,278112,4,1556,15,M_5564,Other
5565,pdnc,qID,Q1136-0,you,278126,278129,2,1557,15,M_5565,Other
5566,pdnc,qID,Q1137-0,You,278138,278141,4,1558,15,M_5566,Other
5567,pdnc,qID,Q1138-0,You,278160,278163,2,1559,15,M_5567,Other
5568,exp,exp_name,cecil,Cecil,278324,278329,0,1560,15,M_5568,PROPN
5569,exp,exp_name,lucy,Lucy,278353,278357,4,1561,15,M_5569,PROPN
5570,booknlp,COREF,116,herself,278370,278377,4,1561,15,M_5570,Other
5571,booknlp,COREF,131,Leonora,278390,278397,8,1562,15,M_5571,PROPN
5572,exp,exp_name,lucy,Lucy,278416,278420,4,1563,15,M_5572,PROPN
5573,booknlp,COREF,131,Leonora,278435,278442,8,1563,15,M_5573,PROPN
5574,booknlp,COREF,131,Leonora,278447,278454,8,1563,15,M_5574,PROPN
5575,pdnc,qID,Q1140-0,Joseph Emery Prank,278490,278508,8,1564,15,M_5575,PROPN
5576,booknlp,COREF,131,Leonora,278519,278526,8,1564,15,M_5576,PROPN
5577,booknlp,COREF,131,she,278571,278574,8,1564,15,M_5577,Other
5578,exp,exp_name,lucy,Lucy,278710,278714,4,1565,15,M_5578,PROPN
5579,exp,exp_name,joseph emery prank,Joseph Emery Prank,278738,278756,8,1565,15,M_5579,PROPN
5580,pdnc,qID,Q1141-0,Miss Lavish,278775,278786,8,1565,15,M_5580,PROPN
5581,pdnc,qID,Q1141-0,Miss Lavish,278793,278804,8,1565,15,M_5581,PROPN
5582,pdnc,qID,Q1141-0,she,278818,278821,8,1565,15,M_5582,Other
5583,pdnc,qID,Q1142-0,Miss Lavish,278877,278888,8,1566,15,M_5583,PROPN
5584,pdnc,qID,Q1143-0,Mr. Emerson,278919,278930,2,1567,15,M_5584,PROPN
5585,pdnc,qID,Q1143-0,you,278932,278935,2,1567,15,M_5585,Other
5586,pdnc,qID,Q1143-0,Miss Lavish,278945,278956,8,1567,15,M_5586,PROPN
5587,booknlp,COREF,116,her,278971,278974,4,1568,15,M_5587,Other
5588,booknlp,COREF,116,she,278995,278998,4,1568,15,M_5588,Other
5589,booknlp,COREF,116,her,279007,279010,4,1568,15,M_5589,Other
5590,exp,exp_name,george,George,279019,279025,2,1569,15,M_5590,PROPN
5591,pdnc,qID,Q1144-0,her,279060,279063,8,1569,15,M_5591,Other
5592,pdnc,qID,Q1144-0,she,279107,279110,8,1569,15,M_5592,Other
5593,pdnc,qID,Q1144-0,you,279128,279131,4,1569,15,M_5593,Other
5594,pdnc,qID,Q1145-0,you,279155,279158,2,1570,15,M_5594,Other
5595,booknlp,COREF,116,She,279169,279172,4,1570,15,M_5595,Other
5596,exp,exp_name,miss lavish,Miss Lavish,279187,279198,8,1570,15,M_5596,PROPN
5597,booknlp,COREF,116,her,279264,279267,4,1570,15,M_5597,Other
5598,booknlp,COREF,116,she,279273,279276,4,1570,15,M_5598,Other
5599,booknlp,COREF,116,She,279304,279307,4,1570,15,M_5599,Other
5600,booknlp,COREF,116,her,279359,279362,4,1570,15,M_5600,Other
5601,booknlp,COREF,116,she,279373,279376,4,1570,15,M_5601,Other
5602,booknlp,COREF,116,she,279444,279447,4,1570,15,M_5602,Other
5603,booknlp,COREF,116,I,279456,279457,4,1570,15,M_5603,Other
5604,pdnc,qID,Q1146-1,Miss Lavish,279470,279481,8,1570,15,M_5604,PROPN
5605,booknlp,COREF,116,I,279487,279488,4,1570,15,M_5605,Other
5606,pdnc,qID,Q1146-1,her,279531,279534,8,1570,15,M_5606,Other
5607,exp,exp_name,cecil,Cecil,279571,279576,0,1571,15,M_5607,PROPN
5608,booknlp,COREF,116,her,279597,279600,4,1571,15,M_5608,Other
5609,booknlp,COREF,198,his,279625,279628,0,1571,15,M_5609,Other
5610,pdnc,qID,Q1148-0,Cecil,279704,279709,0,1572,15,M_5610,Other
5611,booknlp,COREF,198,I,279726,279727,0,1573,15,M_5611,Other
5612,pdnc,qID,Q1149-0,Joseph Emery Prank,279741,279759,8,1573,15,M_5612,PROPN
5613,pdnc,qID,Q1149-0,you,279763,279766,4,1573,15,M_5613,Other
5614,exp,exp_name,cecil,Cecil,279780,279785,0,1574,15,M_5614,PROPN
5615,booknlp,COREF,116,her,279908,279911,4,1574,15,M_5615,Other
5616,booknlp,COREF,116,She,279913,279916,4,1574,15,M_5616,Other
5617,booknlp,COREF,116,her,279960,279963,4,1574,15,M_5617,Other
5618,booknlp,COREF,116,she,280037,280040,4,1574,15,M_5618,Other
5619,booknlp,COREF,116,She,280072,280075,4,1574,15,M_5619,Other
5620,booknlp,COREF,116,she,280107,280110,4,1574,15,M_5620,Other
5621,booknlp,COREF,116,herself,280115,280122,4,1574,15,M_5621,Other
5622,exp,exp_name,mr. emerson,Mr. Emerson,280209,280220,11,1575,15,M_5622,PROPN
5623,exp,exp_name,cecil,Cecil,280385,280390,0,1579,15,M_5623,PROPN
5624,pdnc,qID,Q1155-0,My father,280444,280453,11,1580,15,M_5624,Other
5625,booknlp,COREF,116,her,280472,280475,4,1580,15,M_5625,Other
5626,booknlp,COREF,198,I,280662,280663,0,1581,15,M_5626,Other
5627,pdnc,qID,Q1157-0,your father,280671,280682,11,1581,15,M_5627,Other
5628,exp,exp_name,cecil,Cecil,280713,280718,0,1581,15,M_5628,PROPN
5629,booknlp,COREF,198,him,280763,280766,0,1581,15,M_5629,Other
5630,pdnc,qID,Q1158-0,He,280795,280797,11,1582,15,M_5630,Other
5631,exp,exp_name,lucy,Lucy,281030,281034,4,1583,15,M_5631,PROPN
5632,booknlp,COREF,198,He,281200,281202,0,1585,15,M_5632,Other
5633,booknlp,COREF,198,his,281216,281219,0,1585,15,M_5633,Other
5634,booknlp,COREF,116,she,281273,281276,4,1586,15,M_5634,Other
5635,booknlp,COREF,116,I,281288,281289,4,1586,15,M_5635,Other
5636,pdnc,qID,Q1160-1,your father,281310,281321,11,1586,15,M_5636,Other
5637,booknlp,COREF,116,I,281334,281335,4,1586,15,M_5637,Other
5638,pdnc,qID,Q1160-1,he,281347,281349,11,1586,15,M_5638,Other
5639,pdnc,qID,Q1161-0,he,281372,281374,11,1587,15,M_5639,Other
5640,exp,exp_name,cecil,Cecil,281446,281451,0,1588,15,M_5640,PROPN
5641,pdnc,qID,Q1163-0,Mr. Emerson,281567,281578,2,1589,15,M_5641,PROPN
5642,pdnc,qID,Q1163-0,you,281585,281588,2,1589,15,M_5642,Other
5643,pdnc,qID,Q1165-0,You,281631,281634,2,1591,15,M_5643,Other
5644,pdnc,qID,Q1166-0,My mother,281653,281662,16,1592,15,M_5644,Other
5645,booknlp,COREF,198,I,281664,281665,0,1592,15,M_5645,Other
5646,exp,exp_name,cecil,Cecil,281681,281686,0,1593,15,M_5646,PROPN
5647,pdnc,qID,Q1167-0,Cecil,281723,281728,0,1594,15,M_5647,Other
5648,pdnc,qID,Q1167-0,you,281734,281737,0,1594,15,M_5648,Other
5649,pdnc,qID,Q1168-0,Joseph Emery Prank,281770,281788,8,1595,15,M_5649,PROPN
5650,pdnc,qID,Q1168-0,you,281792,281795,4,1595,15,M_5650,Other
5651,pdnc,qID,Q1169-0,us,281830,281832,2,1596,15,M_5651,Other
5652,exp,exp_name,cecil,Cecil,281950,281955,0,1597,15,M_5652,PROPN
5653,exp,exp_name,lucy,Lucy,282071,282075,4,1597,15,M_5653,PROPN
5654,pdnc,qID,Q1170-0,Cecil,282099,282104,0,1598,15,M_5654,Other
5655,exp,exp_name,mr. emerson,Mr. Emerson,282153,282164,11,1599,15,M_5655,PROPN
5656,exp,exp_name,mr. emerson,Mr. Emerson,282278,282289,11,1600,15,M_5656,PROPN
5657,exp,exp_name,cecil,Cecil,282336,282341,0,1601,15,M_5657,PROPN
5658,booknlp,COREF,198,him,282365,282368,0,1601,15,M_5658,Other
5659,booknlp,COREF,198,he,282438,282440,0,1601,15,M_5659,Other
5660,exp,exp_name,mr. emerson,Mr. Emerson,282459,282470,11,1602,15,M_5660,PROPN
5661,booknlp,COREF,116,She,282499,282502,4,1602,15,M_5661,Other
5662,exp,exp_name,cecil,Cecil,282520,282525,0,1602,15,M_5662,PROPN
5663,booknlp,COREF,198,his,282536,282539,0,1602,15,M_5663,Other
5664,booknlp,COREF,198,he,282571,282573,0,1602,15,M_5664,Other
5665,booknlp,COREF,116,her,282585,282588,4,1602,15,M_5665,Other
5666,exp,exp_name,george,George,282611,282617,2,1602,15,M_5666,PROPN
5667,exp,exp_name,mr. eager,Mr. Eager,282646,282655,49,1602,15,M_5667,PROPN
5668,exp,exp_name,george,George,282779,282785,2,1603,15,M_5668,PROPN
5669,booknlp,COREF,116,she,282816,282819,4,1604,15,M_5669,Other
5670,exp,exp_name,cecil,Cecil,282851,282856,0,1605,15,M_5670,PROPN
5671,booknlp,COREF,198,me,282873,282875,0,1605,15,M_5671,Other
5672,booknlp,COREF,116,you,282911,282914,4,1605,15,M_5672,Other
5673,booknlp,COREF,116,she,282945,282948,4,1606,15,M_5673,Other
5674,booknlp,COREF,116,She,282984,282987,4,1607,15,M_5674,Other
5675,booknlp,COREF,116,she,282996,282999,4,1607,15,M_5675,Other
5676,booknlp,COREF,198,me,283027,283029,0,1608,15,M_5676,Other
5677,booknlp,COREF,116,She,283042,283045,4,1609,15,M_5677,Other
5678,booknlp,COREF,116,her,283052,283055,4,1609,15,M_5678,Other
5679,booknlp,COREF,116,I,283119,283120,4,1609,15,M_5679,Other
5680,booknlp,COREF,198,He,283188,283190,0,1610,15,M_5680,Other
5681,booknlp,COREF,116,her,283210,283213,4,1610,15,M_5681,Other
5682,booknlp,COREF,131,Leonora,283218,283225,8,1611,15,M_5682,PROPN
5683,booknlp,COREF,198,he,283229,283231,0,1611,15,M_5683,Other
5684,booknlp,COREF,131,her,283270,283273,8,1611,15,M_5684,Other
5685,exp,exp_name,miss lavish,Miss Lavish,283376,283387,8,1612,15,M_5685,PROPN
5686,exp,exp_name,cecil,Cecil,283451,283456,0,1612,15,M_5686,PROPN
5687,exp,exp_name,george,George,283473,283479,2,1612,15,M_5687,PROPN
5688,booknlp,COREF,198,he,283509,283511,0,1613,15,M_5688,Other
5689,booknlp,COREF,198,He,283518,283520,0,1613,15,M_5689,Other
5690,booknlp,COREF,131,she,283586,283589,8,1613,15,M_5690,Other
5691,booknlp,COREF,131,her--,283660,283665,8,1613,15,M_5691,Other
5692,exp,exp_name,cecil,Cecil,283674,283679,0,1614,15,M_5692,PROPN
5693,booknlp,COREF,116,her,283691,283694,4,1614,15,M_5693,Other
5694,booknlp,COREF,116,she,283700,283703,4,1614,15,M_5694,Other
5695,exp,exp_name,george,George,283714,283720,2,1614,15,M_5695,PROPN
5696,booknlp,COREF,116,her,283905,283908,4,1615,15,M_5696,Other
5697,exp,exp_name,lucy,Lucy,284088,284092,4,1617,15,M_5697,PROPN
5698,booknlp,COREF,116,She,284124,284127,4,1618,15,M_5698,Other
5699,exp,exp_name,cecil,Cecil,284155,284160,0,1618,15,M_5699,PROPN
5700,booknlp,COREF,116,her,284171,284174,4,1618,15,M_5700,Other
5701,exp,exp_name,george,George,284176,284182,2,1618,15,M_5701,PROPN
5702,booknlp,COREF,116,She,284189,284192,4,1618,15,M_5702,Other
5703,exp,exp_name,cecil,Cecil,284345,284350,0,1618,15,M_5703,PROPN
5704,exp,exp_name,george,George,284376,284382,2,1618,15,M_5704,PROPN
5705,booknlp,COREF,116,her,284429,284432,4,1618,15,M_5705,Other
5706,booknlp,COREF,116,she,284461,284464,4,1619,15,M_5706,Other
5707,exp,exp_name,cecil,Cecil,284564,284569,0,1620,15,M_5707,PROPN
5708,booknlp,COREF,116,her,284579,284582,4,1620,15,M_5708,Other
5709,exp,exp_name,george,George,284644,284650,2,1621,16,M_5709,PROPN
5710,exp,exp_name,lucy,Lucy,284656,284660,4,1622,16,M_5710,PROPN
5711,booknlp,COREF,116,she,284709,284712,4,1622,16,M_5711,Other
5712,booknlp,COREF,116,she,284838,284841,4,1622,16,M_5712,Other
5713,booknlp,COREF,116,She,284871,284874,4,1622,16,M_5713,Other
5714,exp,exp_name,cecil,Cecil,284883,284888,0,1622,16,M_5714,PROPN
5715,booknlp,COREF,116,I,284891,284892,4,1622,16,M_5715,Other
5716,booknlp,COREF,116,I,284931,284932,4,1622,16,M_5716,Other
5717,booknlp,COREF,116,her,284974,284977,4,1622,16,M_5717,Other
5718,booknlp,COREF,116,she,284989,284992,4,1622,16,M_5718,Other
5719,booknlp,COREF,116,she,285200,285203,4,1622,16,M_5719,Other
5720,booknlp,COREF,116,She,285221,285224,4,1623,16,M_5720,Other
5721,exp,exp_name,miss bartlett,Miss Bartlett,285234,285247,6,1623,16,M_5721,PROPN
5722,exp,exp_name,lucy,Lucy,285379,285383,4,1624,16,M_5722,PROPN
5723,booknlp,COREF,116,herself,285410,285417,4,1624,16,M_5723,Other
5724,booknlp,COREF,116,her,285422,285425,4,1624,16,M_5724,Other
5725,booknlp,COREF,116,she,285519,285522,4,1624,16,M_5725,Other
5726,booknlp,COREF,116,her,285535,285538,4,1624,16,M_5726,Other
5727,booknlp,COREF,116,She,285565,285568,4,1624,16,M_5727,Other
5728,booknlp,COREF,116,her,285580,285583,4,1624,16,M_5728,Other
5729,booknlp,COREF,116,she,285622,285625,4,1624,16,M_5729,Other
5730,booknlp,COREF,116,she,285680,285683,4,1624,16,M_5730,Other
5731,exp,exp_name,cecil,Cecil,285699,285704,0,1624,16,M_5731,PROPN
5732,booknlp,COREF,116,she,285706,285709,4,1624,16,M_5732,Other
5733,booknlp,COREF,116,herself,285720,285727,4,1624,16,M_5733,Other
5734,exp,exp_name,george,George,285756,285762,2,1624,16,M_5734,PROPN
5735,booknlp,COREF,116,her,285782,285785,4,1624,16,M_5735,Other
5736,booknlp,COREF,116,she,285842,285845,4,1624,16,M_5736,Other
5737,exp,exp_name,lucy,Lucy,286009,286013,4,1624,16,M_5737,PROPN
5738,booknlp,COREF,116,she,286076,286079,4,1625,16,M_5738,Other
5739,booknlp,COREF,116,her,286098,286101,4,1625,16,M_5739,Other
5740,pdnc,qID,Q1184-1,you,286122,286125,6,1625,16,M_5740,Other
5741,pdnc,qID,Q1184-1,Miss Lavish,286146,286157,8,1625,16,M_5741,PROPN
5742,exp,exp_name,miss bartlett,Miss Bartlett,286169,286182,6,1626,16,M_5742,PROPN
5743,booknlp,COREF,115,she,286215,286218,6,1626,16,M_5743,Other
5744,exp,exp_name,eleanor,Eleanor,286275,286282,8,1626,16,M_5744,PROPN
5745,pdnc,qID,Q1185-0,you,286375,286378,6,1627,16,M_5745,Other
5746,pdnc,qID,Q1186-0,Dear,286399,286403,4,1628,16,M_5746,Other
5747,pdnc,qID,Q1187-0,you,286413,286416,6,1629,16,M_5747,Other
5748,booknlp,COREF,116,she,286441,286444,4,1629,16,M_5748,Other
5749,pdnc,qID,Q1188-0,My good Lucia,286516,286529,4,1630,16,M_5749,Other
5750,booknlp,COREF,115,I,286531,286532,6,1630,16,M_5750,Other
5751,booknlp,COREF,115,I,286548,286549,6,1630,16,M_5751,Other
5752,booknlp,COREF,116,I,286604,286605,4,1631,16,M_5752,Other
5753,pdnc,qID,Q1189-0,Charlotte,286642,286651,6,1631,16,M_5753,PROPN
5754,pdnc,qID,Q1189-0,Charlotte,286653,286662,6,1631,16,M_5754,PROPN
5755,pdnc,qID,Q1189-0,you,286674,286677,6,1631,16,M_5755,Other
5756,pdnc,qID,Q1189-0,her,286688,286691,8,1631,16,M_5756,Other
5757,booknlp,COREF,116,I,286693,286694,4,1631,16,M_5757,Other
5758,pdnc,qID,Q1189-0,you,286736,286739,6,1631,16,M_5758,Other
5759,pdnc,qID,Q1190-0,her,286749,286752,8,1632,16,M_5759,Other
5760,booknlp,COREF,116,she,286760,286763,4,1632,16,M_5760,Other
5761,exp,exp_name,miss bartlett,Miss Bartlett,286842,286855,6,1634,16,M_5761,PROPN
5762,pdnc,qID,Q1192-0,Lucy,286882,286886,4,1634,16,M_5762,PROPN
5763,pdnc,qID,Q1192-0,dearest girl,286888,286900,4,1634,16,M_5763,Other
5764,pdnc,qID,Q1192-0,she,286902,286905,8,1634,16,M_5764,Other
5765,pdnc,qID,Q1192-0,her,286925,286928,8,1634,16,M_5765,Other
5766,exp,exp_name,lucy,Lucy,286937,286941,4,1635,16,M_5766,PROPN
5767,pdnc,qID,Q1194-0,Eleanor Lavish,287032,287046,8,1637,16,M_5767,PROPN
5768,booknlp,COREF,115,mine,287062,287066,6,1637,16,M_5768,Other
5769,pdnc,qID,Q1195-0,you,287074,287077,6,1638,16,M_5769,Other
5770,booknlp,COREF,116,I,287091,287092,4,1639,16,M_5770,Other
5771,booknlp,COREF,116,I,287115,287116,4,1639,16,M_5771,Other
5772,pdnc,qID,Q1196-0,her,287130,287133,8,1639,16,M_5772,Other
5773,pdnc,qID,Q1197-0,Charlotte,287182,287191,6,1640,16,M_5773,PROPN
5774,pdnc,qID,Q1197-0,you,287216,287219,6,1640,16,M_5774,Other
5775,booknlp,COREF,116,me,287225,287227,4,1640,16,M_5775,Other
5776,pdnc,qID,Q1197-0,you,287258,287261,6,1640,16,M_5776,Other
5777,pdnc,qID,Q1197-0,Miss Lavish,287267,287278,8,1640,16,M_5777,PROPN
5778,pdnc,qID,Q1197-0,you,287285,287288,6,1640,16,M_5778,Other
5779,booknlp,COREF,116,me,287307,287309,4,1640,16,M_5779,Other
5780,pdnc,qID,Q1197-0,mother,287315,287321,17,1640,16,M_5780,Other
5781,booknlp,COREF,116,I,287326,287327,4,1641,16,M_5781,Other
5782,pdnc,qID,Q1198-0,Eleanor,287347,287354,8,1641,16,M_5782,Other
5783,pdnc,qID,Q1198-0,She,287356,287359,8,1641,16,M_5783,Other
5784,booknlp,COREF,116,my,287373,287375,4,1641,16,M_5784,Other
5785,pdnc,qID,Q1199-0,you,287399,287402,6,1642,16,M_5785,Other
5786,pdnc,qID,Q1199-0,her,287408,287411,8,1642,16,M_5786,Other
5787,exp,exp_name,miss bartlett,Miss Bartlett,287541,287554,6,1643,16,M_5787,PROPN
5788,booknlp,COREF,115,She,287593,287596,6,1643,16,M_5788,Other
5789,booknlp,COREF,115,she,287613,287616,6,1643,16,M_5789,Other
5790,booknlp,COREF,115,she,287630,287633,6,1643,16,M_5790,Other
5791,booknlp,COREF,115,she,287650,287653,6,1643,16,M_5791,Other
5792,booknlp,COREF,115,she,287673,287676,6,1643,16,M_5792,Other
5793,exp,exp_name,eleanor,Eleanor,287686,287693,8,1643,16,M_5793,PROPN
5794,exp,exp_name,lucy,Lucy,287724,287728,4,1644,16,M_5794,PROPN
5795,pdnc,qID,Q1200-0,Cecil,287756,287761,0,1645,16,M_5795,Other
5796,booknlp,COREF,116,me,287804,287806,4,1645,16,M_5796,Other
5797,pdnc,qID,Q1200-0,Mr. Emerson,287814,287825,2,1645,16,M_5797,PROPN
5798,pdnc,qID,Q1200-0,Mr. Emerson,287836,287847,2,1645,16,M_5798,PROPN
5799,pdnc,qID,Q1200-0,he,287852,287854,2,1645,16,M_5799,Other
5800,booknlp,COREF,116,me,287864,287866,4,1645,16,M_5800,Other
5801,pdnc,qID,Q1200-0,Cecil,287881,287886,0,1645,16,M_5801,Other
5802,pdnc,qID,Q1200-0,Cecil,287948,287953,0,1645,16,M_5802,Other
5803,exp,exp_name,miss bartlett,Miss Bartlett,287997,288010,6,1646,16,M_5803,PROPN
5804,pdnc,qID,Q1201-0,you,288082,288085,6,1647,16,M_5804,Other
5805,booknlp,COREF,116,me,288091,288093,4,1647,16,M_5805,Other
5806,pdnc,qID,Q1202-0,Lucy,288102,288106,4,1648,16,M_5806,PROPN
5807,booknlp,COREF,116,I,288108,288109,4,1648,16,M_5807,Other
5808,booknlp,COREF,116,myself,288130,288136,4,1648,16,M_5808,Other
5809,booknlp,COREF,116,my,288147,288149,4,1648,16,M_5809,Other
5810,pdnc,qID,Q1202-0,your,288170,288174,4,1648,16,M_5810,Other
5811,booknlp,COREF,116,I,288190,288191,4,1649,16,M_5811,Other
5812,exp,exp_name,lucy,Lucy,288204,288208,4,1649,16,M_5812,PROPN
5813,booknlp,COREF,116,I,288232,288233,4,1649,16,M_5813,Other
5814,pdnc,qID,Q1203-1,you,288246,288249,6,1649,16,M_5814,Other
5815,booknlp,COREF,116,me,288257,288259,4,1649,16,M_5815,Other
5816,pdnc,qID,Q1203-1,Cecil,288268,288273,0,1649,16,M_5816,Other
5817,pdnc,qID,Q1203-1,you,288284,288287,6,1649,16,M_5817,Other
5818,pdnc,qID,Q1203-2,You,288318,288321,6,1649,16,M_5818,Other
5819,pdnc,qID,Q1203-2,you,288332,288335,6,1649,16,M_5819,Other
5820,pdnc,qID,Q1203-2,Miss Lavish,288345,288356,8,1649,16,M_5820,PROPN
5821,pdnc,qID,Q1203-2,she,288367,288370,8,1649,16,M_5821,Other
5822,exp,exp_name,miss bartlett,Miss Bartlett,288398,288411,6,1650,16,M_5822,PROPN
5823,exp,exp_name,the girl,the girl,288445,288453,19,1650,16,M_5823,PROPN
5824,booknlp,COREF,332,her,288465,288468,19,1650,16,M_5824,Other
5825,booknlp,COREF,116,You,288511,288514,4,1650,16,M_5825,Other
5826,booknlp,COREF,332,me,288524,288526,19,1650,16,M_5826,Other
5827,booknlp,COREF,332,I,288562,288563,19,1650,16,M_5827,Other
5828,exp,exp_name,miss bartlett,Miss Bartlett,288584,288597,6,1651,16,M_5828,PROPN
5829,booknlp,COREF,115,her,288627,288630,6,1651,16,M_5829,Other
5830,booknlp,COREF,115,She,288649,288652,6,1651,16,M_5830,Other
5831,booknlp,COREF,115,She,288719,288722,6,1651,16,M_5831,Other
5832,exp,exp_name,the girl,the girl,288754,288762,19,1651,16,M_5832,PROPN
5833,booknlp,COREF,332,herself,288770,288777,19,1651,16,M_5833,Other
5834,pdnc,qID,Q1205-0,He,288805,288807,2,1652,16,M_5834,Other
5835,pdnc,qID,Q1205-0,that man,288814,288822,2,1652,16,M_5835,Other
5836,pdnc,qID,Q1205-0,he,288858,288860,2,1652,16,M_5836,Other
5837,pdnc,qID,Q1205-0,him,288896,288899,2,1652,16,M_5837,Other
5838,booknlp,COREF,332,I,288901,288902,19,1652,16,M_5838,Other
5839,pdnc,qID,Q1205-0,mother ,288914,288921,17,1652,16,M_5839,Other
5840,pdnc,qID,Q1205-0,you,288935,288938,6,1652,16,M_5840,Other
5841,pdnc,qID,Q1205-0,Cecil,288944,288949,0,1652,16,M_5841,Other
5842,pdnc,qID,Q1205-0,Charlotte,288951,288960,6,1652,16,M_5842,PROPN
5843,pdnc,qID,Q1205-0,you,288971,288974,6,1652,16,M_5843,Other
5844,booknlp,COREF,332,I,288976,288977,19,1652,16,M_5844,Other
5845,booknlp,COREF,332,I,289002,289003,19,1652,16,M_5845,Other
5846,booknlp,COREF,332,I,289010,289011,19,1652,16,M_5846,Other
5847,booknlp,COREF,332,I,289026,289027,19,1652,16,M_5847,Other
5848,booknlp,COREF,332,me,289048,289050,19,1652,16,M_5848,Other
5849,booknlp,COREF,332,I,289063,289064,19,1652,16,M_5849,Other
5850,pdnc,qID,Q1205-0,you,289077,289080,6,1652,16,M_5850,Other
5851,exp,exp_name,miss bartlett,Miss Bartlett,289120,289133,6,1653,16,M_5851,PROPN
5852,booknlp,COREF,115,I,289304,289305,6,1655,16,M_5852,Other
5853,pdnc,qID,Q1207-0,he,289318,289320,2,1655,16,M_5853,Other
5854,booknlp,COREF,115,me,289343,289345,6,1655,16,M_5854,Other
5855,pdnc,qID,Q1207-0,he,289411,289413,2,1655,16,M_5855,Other
5856,pdnc,qID,Q1207-0,his father,289419,289429,11,1655,16,M_5856,Other
5857,pdnc,qID,Q1208-0,George Emerson,289537,289551,2,1656,16,M_5857,PROPN
5858,pdnc,qID,Q1208-0,he,289591,289593,2,1656,16,M_5858,Other
5859,pdnc,qID,Q1208-0,he,289626,289628,2,1656,16,M_5859,Other
5860,exp,exp_name,miss bartlett,Miss Bartlett,289648,289661,6,1657,16,M_5860,PROPN
5861,booknlp,COREF,115,Her,289687,289690,6,1657,16,M_5861,Other
5862,booknlp,COREF,115,her,289717,289720,6,1657,16,M_5862,Other
5863,booknlp,COREF,115,her,289763,289766,6,1657,16,M_5863,Other
5864,booknlp,COREF,115,She,289774,289777,6,1657,16,M_5864,Other
5865,pdnc,qID,Q1209-0,You,289872,289875,6,1658,16,M_5865,Other
5866,pdnc,qID,Q1209-0,you,289916,289919,6,1658,16,M_5866,Other
5867,pdnc,qID,Q1209-0,you,289949,289952,6,1658,16,M_5867,Other
5868,pdnc,qID,Q1209-0,him,289968,289971,2,1658,16,M_5868,Other
5869,booknlp,COREF,116,I,290025,290026,4,1660,16,M_5869,Other
5870,exp,exp_name,lucy,Lucy,290063,290067,4,1660,16,M_5870,PROPN
5871,pdnc,qID,Q1211-1,you,290090,290093,6,1660,16,M_5871,Other
5872,pdnc,qID,Q1211-1,him,290103,290106,2,1660,16,M_5872,Other
5873,pdnc,qID,Q1211-1,you,290124,290127,6,1660,16,M_5873,Other
5874,pdnc,qID,Q1211-1,you,290180,290183,6,1660,16,M_5874,Other
5875,pdnc,qID,Q1211-1,your,290190,290194,6,1660,16,M_5875,Other
5876,pdnc,qID,Q1212-0,Eleanor Lavish,290222,290236,8,1661,16,M_5876,PROPN
5877,exp,exp_name,charlotte,Charlotte,290268,290277,6,1662,16,M_5877,PROPN
5878,booknlp,COREF,115,herself,290291,290298,6,1662,16,M_5878,Other
5879,exp,exp_name,george emerson,George Emerson,290394,290408,2,1664,16,M_5879,PROPN
5880,exp,exp_name,lucy,Lucy,290485,290489,4,1665,16,M_5880,PROPN
5881,booknlp,COREF,116,me,290532,290534,4,1665,16,M_5881,Other
5882,booknlp,COREF,116,I,290536,290537,4,1665,16,M_5882,Other
5883,pdnc,qID,Q1215-1,him,290552,290555,2,1665,16,M_5883,Other
5884,booknlp,COREF,116,myself,290556,290562,4,1665,16,M_5884,Other
5885,booknlp,COREF,116,she,290581,290584,4,1665,16,M_5885,Other
5886,booknlp,COREF,116,her,290613,290616,4,1665,16,M_5886,Other
5887,pdnc,qID,Q1216-0,Emerson,290657,290664,2,1666,16,M_5887,PROPN
5888,exp,exp_name,freddy,Freddy,290674,290680,1,1666,16,M_5888,PROPN
5889,pdnc,qID,Q1216-1,Good man,290715,290723,2,1666,16,M_5889,Other
5890,pdnc,qID,Q1217-0,Lucy,290807,290811,4,1667,16,M_5890,PROPN
5891,pdnc,qID,Q1217-0,you,290834,290837,4,1667,16,M_5891,Other
5892,pdnc,qID,Q1217-0,you,290848,290851,4,1667,16,M_5892,Other
5893,exp,exp_name,george,George,290880,290886,2,1668,16,M_5893,PROPN
5894,booknlp,COREF,116,she,290902,290905,4,1668,16,M_5894,Other
5895,booknlp,COREF,116,her,291003,291006,4,1668,16,M_5895,Other
5896,booknlp,COREF,116,Her,291013,291016,4,1668,16,M_5896,Other
5897,booknlp,COREF,116,She,291098,291101,4,1668,16,M_5897,Other
5898,booknlp,COREF,116,her,291126,291129,4,1668,16,M_5898,Other
5899,pdnc,qID,Q1218-0,Freddy,291153,291159,1,1669,16,M_5899,PROPN
5900,pdnc,qID,Q1218-0,him,291170,291173,2,1669,16,M_5900,Other
5901,booknlp,COREF,116,I,291276,291277,4,1669,16,M_5901,Other
5902,pdnc,qID,Q1218-0,you,291283,291286,6,1669,16,M_5902,Other
5903,pdnc,qID,Q1219-0,Lucy,291314,291318,4,1670,16,M_5903,PROPN
5904,pdnc,qID,Q1219-0,you,291323,291326,4,1670,16,M_5904,Other
5905,pdnc,qID,Q1220-0,you,291353,291356,6,1671,16,M_5905,Other
5906,pdnc,qID,Q1221-0,Lucy,291397,291401,4,1672,16,M_5906,PROPN
5907,booknlp,COREF,116,She,291405,291408,4,1672,16,M_5907,Other
5908,booknlp,COREF,116,her,291423,291426,4,1672,16,M_5908,Other
5909,booknlp,COREF,116,I,291434,291435,4,1672,16,M_5909,Other
5910,booknlp,COREF,116,I,291482,291483,4,1672,16,M_5910,Other
5911,exp,exp_name,lucy,Lucy,291489,291493,4,1672,16,M_5911,PROPN
5912,booknlp,COREF,116,She,291502,291505,4,1672,16,M_5912,Other
5913,exp,exp_name,miss bartlett,Miss Bartlett,291588,291601,6,1672,16,M_5913,PROPN
5914,booknlp,COREF,116,She,291623,291626,4,1672,16,M_5914,Other
5915,booknlp,COREF,116,her,291682,291685,4,1672,16,M_5915,Other
5916,booknlp,COREF,116,she,291703,291706,4,1672,16,M_5916,Other
5917,exp,exp_name,freddy,Freddy,291747,291753,1,1673,16,M_5917,PROPN
5918,exp,exp_name,george,George,291791,291797,2,1674,16,M_5918,PROPN
5919,booknlp,COREF,116,she,291871,291874,4,1674,16,M_5919,Other
5920,pdnc,qID,Q1225-0,You,291930,291933,1,1676,16,M_5920,Other
5921,exp,exp_name,lucy,Lucy,291963,291967,4,1676,16,M_5921,PROPN
5922,pdnc,qID,Q1225-1,Charlotte,291970,291979,6,1676,16,M_5922,PROPN
5923,booknlp,COREF,116,I,291984,291985,4,1676,16,M_5923,Other
5924,pdnc,qID,Q1225-1,Mr. Emerson,291996,292007,2,1676,16,M_5924,PROPN
5925,pdnc,qID,Q1225-1,he,292012,292014,2,1676,16,M_5925,Other
5926,pdnc,qID,Q1225-1,mother,292030,292036,17,1676,16,M_5926,Other
5927,pdnc,qID,Q1226-0,She,292041,292044,17,1677,16,M_5927,Other
5928,pdnc,qID,Q1226-0,her,292058,292061,17,1677,16,M_5928,Other
5929,pdnc,qID,Q1226-0,She,292078,292081,17,1677,16,M_5929,Other
5930,pdnc,qID,Q1227-0,You,292126,292129,1,1678,16,M_5930,Other
5931,exp,exp_name,lucy,Lucy,292163,292167,4,1680,16,M_5931,PROPN
5932,exp,exp_name,miss bartlett,Miss Bartlett,292191,292204,6,1680,16,M_5932,PROPN
5933,booknlp,COREF,115,She,292276,292279,6,1681,16,M_5933,Other
5934,booknlp,COREF,115,She,292325,292328,6,1681,16,M_5934,Other
5935,booknlp,COREF,115,I,292341,292342,6,1681,16,M_5935,Other
5936,pdnc,qID,Q1228-0,Mr. Emerson,292358,292369,2,1681,16,M_5936,PROPN
5937,booknlp,COREF,115,I,292371,292372,6,1681,16,M_5937,Other
5938,pdnc,qID,Q1228-0,you,292393,292396,2,1681,16,M_5938,Other
5939,booknlp,COREF,115,I,292460,292461,6,1681,16,M_5939,Other
5940,booknlp,COREF,115,she,292487,292490,6,1681,16,M_5940,Other
5941,booknlp,COREF,115,I,292524,292525,6,1681,16,M_5941,Other
5942,booknlp,COREF,115,I,292584,292585,6,1684,16,M_5942,Other
5943,booknlp,COREF,115,She,292596,292599,6,1685,16,M_5943,Other
5944,booknlp,COREF,115,her,292606,292609,6,1685,16,M_5944,Other
5945,booknlp,COREF,115,I,292629,292630,6,1685,16,M_5945,Other
5946,pdnc,qID,Q1232-0,Mr. Vyse,292654,292662,0,1685,16,M_5946,PROPN
5947,pdnc,qID,Q1233-0,You,292667,292670,4,1686,16,M_5947,Other
5948,exp,exp_name,miss bartlett,Miss Bartlett,292713,292726,6,1686,16,M_5948,PROPN
5949,pdnc,qID,Q1233-1,you,292729,292732,4,1686,16,M_5949,Other
5950,pdnc,qID,Q1233-1,you,292749,292752,4,1686,16,M_5950,Other
5951,pdnc,qID,Q1233-1,that man,292772,292780,0,1686,16,M_5951,Other
5952,booknlp,COREF,115,She,292810,292813,6,1688,16,M_5952,Other
5953,booknlp,COREF,115,her,292823,292826,6,1688,16,M_5953,Other
5954,booknlp,COREF,115,her,292866,292869,6,1688,16,M_5954,Other
5955,booknlp,COREF,115,she,292900,292903,6,1688,16,M_5955,Other
5956,booknlp,COREF,115,hers,292952,292956,6,1689,16,M_5956,Other
5957,pdnc,qID,Q1235-0,You,292959,292962,4,1689,16,M_5957,Other
5958,pdnc,qID,Q1235-0,Vyse,292980,292984,0,1689,16,M_5958,Other
5959,pdnc,qID,Q1235-0,He,292986,292988,0,1689,16,M_5959,Other
5960,pdnc,qID,Q1235-0,He,293017,293019,0,1689,16,M_5960,Other
5961,pdnc,qID,Q1235-0,He,293056,293058,0,1689,16,M_5961,Other
5962,exp,exp_name,cecil,Cecil,293136,293141,0,1690,16,M_5962,PROPN
5963,pdnc,qID,Q1236-0,you,293162,293165,4,1691,16,M_5963,Other
5964,pdnc,qID,Q1236-0,Vyse,293181,293185,0,1691,16,M_5964,Other
5965,pdnc,qID,Q1238-0,you,293253,293256,4,1693,16,M_5965,Other
5966,pdnc,qID,Q1238-0,He,293263,293265,0,1693,16,M_5966,Other
5967,pdnc,qID,Q1238-0,you,293469,293472,4,1693,16,M_5967,Other
5968,pdnc,qID,Q1238-0,himself,293516,293523,0,1693,16,M_5968,Other
5969,pdnc,qID,Q1238-0,your Cecil,293559,293569,0,1693,16,M_5969,Other
5970,pdnc,qID,Q1238-0,him,293643,293646,0,1693,16,M_5970,Other
5971,pdnc,qID,Q1238-0,he,293683,293685,0,1693,16,M_5971,Other
5972,pdnc,qID,Q1238-0,my father,293701,293710,11,1693,16,M_5972,Other
5973,pdnc,qID,Q1238-0,he,293759,293761,0,1693,16,M_5973,Other
5974,pdnc,qID,Q1238-0,kind neighbour,293826,293840,21,1693,16,M_5974,Other
5975,pdnc,qID,Q1238-0,the man,293850,293857,0,1693,16,M_5975,Other
5976,pdnc,qID,Q1238-0,he,293931,293933,0,1693,16,M_5976,Other
5977,pdnc,qID,Q1238-0,you,293957,293960,4,1693,16,M_5977,Other
5978,pdnc,qID,Q1238-0,him,293980,293983,0,1693,16,M_5978,Other
5979,pdnc,qID,Q1238-0,you,294008,294011,4,1693,16,M_5979,Other
5980,pdnc,qID,Q1238-0,your mother,294016,294027,17,1693,16,M_5980,Other
5981,pdnc,qID,Q1238-0,YOU ,294059,294063,4,1693,16,M_5981,Other
5982,pdnc,qID,Q1238-0,you,294081,294084,4,1693,16,M_5982,Other
5983,pdnc,qID,Q1238-0,Cecil,294105,294110,0,1693,16,M_5983,Other
5984,pdnc,qID,Q1238-0,He,294127,294129,0,1693,16,M_5984,Other
5985,pdnc,qID,Q1238-0,He,294158,294160,0,1693,16,M_5985,Other
5986,pdnc,qID,Q1238-0,his,294233,294236,0,1693,16,M_5986,Other
5987,pdnc,qID,Q1238-0,he,294242,294244,0,1693,16,M_5987,Other
5988,pdnc,qID,Q1238-0,you,294255,294258,4,1693,16,M_5988,Other
5989,pdnc,qID,Q1238-0,you,294268,294271,4,1693,16,M_5989,Other
5990,pdnc,qID,Q1238-0,you,294320,294323,4,1693,16,M_5990,Other
5991,pdnc,qID,Q1238-0,you,294355,294358,4,1693,16,M_5991,Other
5992,pdnc,qID,Q1238-0,you,294360,294363,4,1693,16,M_5992,Other
5993,pdnc,qID,Q1238-0,his,294388,294391,0,1693,16,M_5993,Other
5994,pdnc,qID,Q1238-0,your,294412,294416,4,1693,16,M_5994,Other
5995,pdnc,qID,Q1238-0,you both,294459,294467,4,1693,16,M_5995,Other
5996,pdnc,qID,Q1239-0,you,294700,294703,4,1693,16,M_5996,Other
5997,pdnc,qID,Q1239-0,you,294709,294712,4,1693,16,M_5997,Other
5998,pdnc,qID,Q1239-0,you,294746,294749,4,1693,16,M_5998,Other
5999,pdnc,qID,Q1239-0,you,294760,294763,4,1693,16,M_5999,Other
6000,pdnc,qID,Q1239-0,him,294874,294877,0,1693,16,M_6000,Other
6001,exp,exp_name,lucy,Lucy,294881,294885,4,1694,16,M_6001,PROPN
6002,pdnc,qID,Q1240-0,You,294919,294922,2,1695,16,M_6002,Other
6003,pdnc,qID,Q1240-0,Mr. Vyse,294927,294935,0,1695,16,M_6003,PROPN
6004,pdnc,qID,Q1240-0,him,294958,294961,0,1695,16,M_6004,Other
6005,pdnc,qID,Q1240-0,Mr. Emerson,294963,294974,2,1695,16,M_6005,PROPN
6006,pdnc,qID,Q1240-0,you,295006,295009,2,1695,16,M_6006,Other
6007,pdnc,qID,Q1241-1,you,295340,295343,4,1697,16,M_6007,Other
6008,pdnc,qID,Q1241-1,he,295372,295374,0,1697,16,M_6008,Other
6009,pdnc,qID,Q1242-0,you,295431,295434,4,1697,16,M_6009,Other
6010,pdnc,qID,Q1242-0,you,295478,295481,4,1697,16,M_6010,Other
6011,pdnc,qID,Q1243-0,Lucy,295527,295531,4,1697,16,M_6011,PROPN
6012,pdnc,qID,Q1243-0,you,295593,295596,4,1697,16,M_6012,Other
6013,pdnc,qID,Q1243-0,you,295679,295682,4,1697,16,M_6013,Other
6014,pdnc,qID,Q1243-0,you,295726,295729,4,1697,16,M_6014,Other
6015,pdnc,qID,Q1243-2,you,295796,295799,4,1697,16,M_6015,Other
6016,pdnc,qID,Q1243-2,you,295855,295858,4,1697,16,M_6016,Other
6017,pdnc,qID,Q1244-0,Mr. Vyse,295976,295984,0,1698,16,M_6017,PROPN
6018,exp,exp_name,lucy,Lucy,295992,295996,4,1698,16,M_6018,PROPN
6019,pdnc,qID,Q1244-1,he,296031,296033,0,1698,16,M_6019,Other
6020,booknlp,COREF,116,I,296051,296052,4,1698,16,M_6020,Other
6021,pdnc,qID,Q1244-1,Cecil,296058,296063,0,1698,16,M_6021,Other
6022,pdnc,qID,Q1244-1,his,296077,296080,0,1698,16,M_6022,Other
6023,booknlp,COREF,116,I,296122,296123,4,1698,16,M_6023,Other
6024,booknlp,COREF,116,her,296184,296187,4,1699,16,M_6024,Other
6025,booknlp,COREF,116,I,296195,296196,4,1700,16,M_6025,Other
6026,pdnc,qID,Q1245-0,you,296206,296209,2,1700,16,M_6026,Other
6027,pdnc,qID,Q1246-0,our ,296263,296267,4,1701,16,M_6027,Other
6028,exp,exp_name,miss bartlett,Miss Bartlett,296353,296366,6,1701,16,M_6028,PROPN
6029,pdnc,qID,Q1247-0,You,296429,296432,6,1701,16,M_6029,Other
6030,pdnc,qID,Q1247-0,us,296447,296449,4,1701,16,M_6030,Other
6031,pdnc,qID,Q1247-0,you,296470,296473,6,1701,16,M_6031,Other
6032,pdnc,qID,Q1247-1,you,296560,296563,6,1701,16,M_6032,Other
6033,booknlp,COREF,115,Her,296590,296593,6,1702,16,M_6033,Other
6034,booknlp,COREF,115,She,296689,296692,6,1702,16,M_6034,Other
6035,pdnc,qID,Q1247-3,Lucy,296833,296837,4,1703,16,M_6035,PROPN
6036,pdnc,qID,Q1248-0,Lucia,297387,297392,4,1705,16,M_6036,Other
6037,pdnc,qID,Q1248-0,man,297428,297431,2,1705,16,M_6037,Other
6038,exp,exp_name,lucy,Lucy,297435,297439,4,1706,16,M_6038,PROPN
6039,pdnc,qID,Q1249-0,he,297483,297485,2,1706,16,M_6039,Other
6040,booknlp,COREF,116,me,297493,297495,4,1706,16,M_6040,Other
6041,booknlp,COREF,116,she,297498,297501,4,1706,16,M_6041,Other
6042,booknlp,COREF,116,I,297516,297517,4,1706,16,M_6042,Other
6043,pdnc,qID,Q1249-1,he,297533,297535,2,1706,16,M_6043,Other
6044,booknlp,COREF,116,I,297544,297545,4,1706,16,M_6044,Other
6045,pdnc,qID,Q1249-1,you,297610,297613,6,1706,16,M_6045,Other
6046,pdnc,qID,Q1249-1,Charlotte,297615,297624,6,1706,16,M_6046,PROPN
6047,booknlp,COREF,116,I,297639,297640,4,1706,16,M_6047,Other
6048,pdnc,qID,Q1249-1,My admirer,297679,297689,2,1706,16,M_6048,Other
6049,booknlp,COREF,116,me,297710,297712,4,1706,16,M_6049,Other
6050,exp,exp_name,miss bartlett,Miss Bartlett,297726,297739,6,1707,16,M_6050,PROPN
6051,pdnc,qID,Q1250-0,dearest,297826,297833,4,1708,16,M_6051,Other
6052,pdnc,qID,Q1250-0,you,297914,297917,4,1708,16,M_6052,Other
6053,booknlp,COREF,116,my,297969,297971,4,1708,16,M_6053,Other
6054,booknlp,COREF,116,she,298032,298035,4,1710,16,M_6054,Other
6055,booknlp,COREF,116,her,298113,298116,4,1710,16,M_6055,Other
6056,booknlp,COREF,116,she,298122,298125,4,1710,16,M_6056,Other
6057,booknlp,COREF,116,her,298190,298193,4,1710,16,M_6057,Other
6058,booknlp,COREF,116,her,298359,298362,4,1710,16,M_6058,Other
6059,pdnc,qID,Q1252-0,Lucy,298509,298513,4,1711,16,M_6059,PROPN
6060,booknlp,COREF,116,you,298562,298565,4,1711,16,M_6060,Other
6061,pdnc,qID,Q1253-0,Mr. Emerson,298583,298594,2,1712,16,M_6061,PROPN
6062,booknlp,COREF,116,I,298652,298653,4,1713,16,M_6062,Other
6063,pdnc,qID,Q1254-0,Cecil,298659,298664,0,1713,16,M_6063,Other
6064,pdnc,qID,Q1254-0,Floyd,298705,298710,12,1713,16,M_6064,PROPN
6065,exp,exp_name,cecil,Cecil,298765,298770,0,1714,16,M_6065,PROPN
6066,pdnc,qID,Q1255-0,My dear Freddy,298786,298800,1,1714,16,M_6066,Other
6067,booknlp,COREF,198,I,298802,298803,0,1714,16,M_6067,Other
6068,pdnc,qID,Q1255-0,you,298822,298825,1,1714,16,M_6068,Other
6069,booknlp,COREF,198,I,298922,298923,0,1714,16,M_6069,Other
6070,booknlp,COREF,198,myself,298980,298986,0,1714,16,M_6070,Other
6071,pdnc,qID,Q1255-1,you,298990,298993,1,1714,16,M_6071,Other
6072,exp,exp_name,lucy,Lucy,299018,299022,4,1715,16,M_6072,PROPN
6073,booknlp,COREF,116,she,299039,299042,4,1715,16,M_6073,Other
6074,exp,exp_name,cecil,Cecil,299049,299054,0,1715,16,M_6074,PROPN
6075,booknlp,COREF,198,He,299069,299071,0,1715,16,M_6075,Other
6076,booknlp,COREF,116,she,299121,299124,4,1715,16,M_6076,Other
6077,booknlp,COREF,116,her,299135,299138,4,1715,16,M_6077,Other
6078,exp,exp_name,cecil,Cecil,299177,299182,0,1716,17,M_6078,PROPN
6079,booknlp,COREF,198,He,299184,299186,0,1717,17,M_6079,Other
6080,booknlp,COREF,198,He,299203,299205,0,1717,17,M_6080,Other
6081,booknlp,COREF,198,He,299226,299228,0,1717,17,M_6081,Other
6082,booknlp,COREF,198,his,299292,299295,0,1717,17,M_6082,Other
6083,booknlp,COREF,116,her,299332,299335,4,1717,17,M_6083,Other
6084,booknlp,COREF,116,She,299359,299362,4,1718,17,M_6084,Other
6085,booknlp,COREF,116,she,299445,299448,4,1718,17,M_6085,Other
6086,exp,exp_name,freddy,Freddy,299485,299491,1,1718,17,M_6086,PROPN
6087,exp,exp_name,mr. floyd,Mr. Floyd,299496,299505,12,1718,17,M_6087,PROPN
6088,exp,exp_name,cecil,Cecil,299552,299557,0,1718,17,M_6088,PROPN
6089,booknlp,COREF,198,his,299590,299593,0,1718,17,M_6089,Other
6090,booknlp,COREF,116,she,299600,299603,4,1718,17,M_6090,Other
6091,booknlp,COREF,116,I,299631,299632,4,1719,17,M_6091,Other
6092,booknlp,COREF,116,she,299658,299661,4,1719,17,M_6092,Other
6093,booknlp,COREF,116,I,299669,299670,4,1719,17,M_6093,Other
6094,booknlp,COREF,116,I,299729,299730,4,1719,17,M_6094,Other
6095,pdnc,qID,Q1256-1,you,299740,299743,0,1719,17,M_6095,Other
6096,booknlp,COREF,116,me,299755,299757,4,1719,17,M_6096,Other
6097,booknlp,COREF,116,she,299850,299853,4,1720,17,M_6097,Other
6098,booknlp,COREF,116,her,299885,299888,4,1720,17,M_6098,Other
6099,booknlp,COREF,116,I,299933,299934,4,1722,17,M_6099,Other
6100,booknlp,COREF,116,she,299988,299991,4,1722,17,M_6100,Other
6101,booknlp,COREF,116,her,300012,300015,4,1722,17,M_6101,Other
6102,booknlp,COREF,116,My,300041,300043,4,1722,17,M_6102,Other
6103,booknlp,COREF,116,I,300076,300077,4,1722,17,M_6103,Other
6104,booknlp,COREF,116,I,300101,300102,4,1722,17,M_6104,Other
6105,booknlp,COREF,116,I,300117,300118,4,1722,17,M_6105,Other
6106,pdnc,qID,Q1258-1,your,300150,300154,0,1722,17,M_6106,Other
6107,pdnc,qID,Q1258-1,yours,300187,300192,0,1722,17,M_6107,Other
6108,booknlp,COREF,116,I,300204,300205,4,1723,17,M_6108,Other
6109,pdnc,qID,Q1259-0,you,300223,300226,4,1723,17,M_6109,Other
6110,pdnc,qID,Q1259-0,You,300228,300231,4,1723,17,M_6110,Other
6111,pdnc,qID,Q1259-0,yourself,300244,300252,4,1723,17,M_6111,Other
6112,pdnc,qID,Q1259-0,You,300254,300257,4,1723,17,M_6112,Other
6113,pdnc,qID,Q1259-0,Lucy,300268,300272,4,1723,17,M_6113,PROPN
6114,booknlp,COREF,116,she,300285,300288,4,1724,17,M_6114,Other
6115,pdnc,qID,Q1260-1,you,300339,300342,0,1724,17,M_6115,Other
6116,pdnc,qID,Q1260-1,You,300344,300347,0,1724,17,M_6116,Other
6117,pdnc,qID,Q1261-0,you,300402,300405,4,1725,17,M_6117,Other
6118,pdnc,qID,Q1261-0,you,300447,300450,4,1725,17,M_6118,Other
6119,booknlp,COREF,116,I,300463,300464,4,1726,17,M_6119,Other
6120,booknlp,COREF,116,me,300488,300490,4,1726,17,M_6120,Other
6121,booknlp,COREF,116,I,300517,300518,4,1726,17,M_6121,Other
6122,pdnc,qID,Q1262-0,you,300531,300534,0,1726,17,M_6122,Other
6123,pdnc,qID,Q1262-0,you,300540,300543,0,1726,17,M_6123,Other
6124,booknlp,COREF,116,me,300555,300557,4,1726,17,M_6124,Other
6125,pdnc,qID,Q1263-0,You,300585,300588,4,1727,17,M_6125,Other
6126,booknlp,COREF,116,she,300638,300641,4,1727,17,M_6126,Other
6127,booknlp,COREF,116,I,300670,300671,4,1727,17,M_6127,Other
6128,booknlp,COREF,116,me,300716,300718,4,1727,17,M_6128,Other
6129,pdnc,qID,Q1265-0,You,300758,300761,4,1727,17,M_6129,Other
6130,pdnc,qID,Q1265-0,you,300892,300895,4,1727,17,M_6130,Other
6131,booknlp,COREF,116,her,300995,300998,4,1728,17,M_6131,Other
6132,booknlp,COREF,116,her,301038,301041,4,1728,17,M_6132,Other
6133,booknlp,COREF,116,She,301064,301067,4,1728,17,M_6133,Other
6134,booknlp,COREF,116,she,301136,301139,4,1728,17,M_6134,Other
6135,pdnc,qID,Q1266-0,you ,301291,301295,0,1729,17,M_6135,Other
6136,booknlp,COREF,116,me,301338,301340,4,1729,17,M_6136,Other
6137,pdnc,qID,Q1266-0,you,301353,301356,0,1729,17,M_6137,Other
6138,pdnc,qID,Q1266-0,you ,301363,301367,0,1729,17,M_6138,Other
6139,pdnc,qID,Q1266-0,Freddy,301393,301399,1,1729,17,M_6139,PROPN
6140,booknlp,COREF,198,I,301404,301405,0,1730,17,M_6140,Other
6141,exp,exp_name,cecil,Cecil,301434,301439,0,1730,17,M_6141,PROPN
6142,booknlp,COREF,198,I,301464,301465,0,1730,17,M_6142,Other
6143,booknlp,COREF,198,I,301484,301485,0,1730,17,M_6143,Other
6144,pdnc,qID,Q1267-1,you,301510,301513,4,1730,17,M_6144,Other
6145,pdnc,qID,Q1268-0,You,301522,301525,0,1731,17,M_6145,Other
6146,booknlp,COREF,116,I,301566,301567,4,1731,17,M_6146,Other
6147,pdnc,qID,Q1268-0,you,301601,301604,0,1731,17,M_6147,Other
6148,booknlp,COREF,198,I,301613,301614,0,1732,17,M_6148,Other
6149,pdnc,qID,Q1269-0,you,301664,301667,4,1732,17,M_6149,Other
6150,pdnc,qID,Q1269-0,you,301678,301681,4,1732,17,M_6150,Other
6151,booknlp,COREF,198,me,301694,301696,0,1732,17,M_6151,Other
6152,pdnc,qID,Q1269-0,you,301700,301703,4,1732,17,M_6152,Other
6153,pdnc,qID,Q1269-0,You,301725,301728,4,1732,17,M_6153,Other
6154,pdnc,qID,Q1269-0,you,301771,301774,4,1732,17,M_6154,Other
6155,booknlp,COREF,198,me,301779,301781,0,1732,17,M_6155,Other
6156,booknlp,COREF,116,I,301791,301792,4,1733,17,M_6156,Other
6157,pdnc,qID,Q1270-0,you,301798,301801,0,1733,17,M_6157,Other
6158,exp,exp_name,lucy,Lucy,301829,301833,4,1733,17,M_6158,PROPN
6159,booknlp,COREF,116,I,301850,301851,4,1733,17,M_6159,Other
6160,booknlp,COREF,116,I,301988,301989,4,1733,17,M_6160,Other
6161,booknlp,COREF,116,I,302059,302060,4,1733,17,M_6161,Other
6162,booknlp,COREF,116,She,302076,302079,4,1733,17,M_6162,Other
6163,booknlp,COREF,116,I,302119,302120,4,1733,17,M_6163,Other
6164,booknlp,COREF,116,I,302138,302139,4,1733,17,M_6164,Other
6165,pdnc,qID,Q1270-2,your ,302155,302160,0,1733,17,M_6165,Other
6166,pdnc,qID,Q1270-2,you,302199,302202,0,1733,17,M_6166,Other
6167,booknlp,COREF,116,my,302216,302218,4,1733,17,M_6167,Other
6168,booknlp,COREF,116,I,302228,302229,4,1733,17,M_6168,Other
6169,pdnc,qID,Q1270-2,You,302246,302249,0,1733,17,M_6169,Other
6170,pdnc,qID,Q1270-2,Freddy,302261,302267,1,1733,17,M_6170,PROPN
6171,pdnc,qID,Q1270-2,my mother,302273,302282,17,1733,17,M_6171,Other
6172,pdnc,qID,Q1270-2,Cecil,302331,302336,0,1733,17,M_6172,Other
6173,booknlp,COREF,116,I,302495,302496,4,1733,17,M_6173,Other
6174,booknlp,COREF,116,I,302510,302511,4,1733,17,M_6174,Other
6175,booknlp,COREF,198,I,302539,302540,0,1734,17,M_6175,Other
6176,pdnc,qID,Q1271-0,you,302554,302557,4,1734,17,M_6176,Other
6177,exp,exp_name,cecil,Cecil,302576,302581,0,1734,17,M_6177,PROPN
6178,booknlp,COREF,198,I,302591,302592,0,1734,17,M_6178,Other
6179,pdnc,qID,Q1271-1,you,302630,302633,4,1734,17,M_6179,Other
6180,booknlp,COREF,198,I,302651,302652,0,1734,17,M_6180,Other
6181,pdnc,qID,Q1271-1,you,302663,302666,4,1734,17,M_6181,Other
6182,booknlp,COREF,198,me,302684,302686,0,1734,17,M_6182,Other
6183,booknlp,COREF,198,I,302772,302773,0,1736,17,M_6183,Other
6184,booknlp,COREF,198,He,302812,302814,0,1737,17,M_6184,Other
6185,booknlp,COREF,198,his,302824,302827,0,1737,17,M_6185,Other
6186,booknlp,COREF,198,him,302974,302977,0,1737,17,M_6186,Other
6187,booknlp,COREF,198,his,302998,303001,0,1737,17,M_6187,Other
6188,pdnc,qID,Q1274-0,you,303054,303057,0,1738,17,M_6188,Other
6189,pdnc,qID,Q1274-0,Freddy,303090,303096,1,1738,17,M_6189,PROPN
6190,booknlp,COREF,198,He,303127,303129,0,1738,17,M_6190,Other
6191,booknlp,COREF,198,I,303139,303140,0,1738,17,M_6191,Other
6192,pdnc,qID,Q1275-0,you,303182,303185,0,1738,17,M_6192,Other
6193,booknlp,COREF,198,I,303198,303199,0,1738,17,M_6193,Other
6194,booknlp,COREF,198,me,303237,303239,0,1738,17,M_6194,Other
6195,pdnc,qID,Q1275-0,you,303263,303266,0,1738,17,M_6195,Other
6196,exp,exp_name,cecil,Cecil,303331,303336,0,1739,17,M_6196,PROPN
6197,booknlp,COREF,198,he,303347,303349,0,1739,17,M_6197,Other
6198,booknlp,COREF,198,He,303412,303414,0,1739,17,M_6198,Other
6199,exp,exp_name,leonardo,Leonardo,303505,303513,28,1739,17,M_6199,PROPN
6200,booknlp,COREF,198,His,303620,303623,0,1739,17,M_6200,Other
6201,booknlp,COREF,198,he,303693,303695,0,1739,17,M_6201,Other
6202,booknlp,COREF,198,I,303708,303709,0,1739,17,M_6202,Other
6203,pdnc,qID,Q1276-0,you,303715,303718,4,1739,17,M_6203,Other
6204,booknlp,COREF,198,I,303724,303725,0,1739,17,M_6204,Other
6205,pdnc,qID,Q1276-0,you,303736,303739,4,1739,17,M_6205,Other
6206,booknlp,COREF,198,me,303746,303748,0,1739,17,M_6206,Other
6207,pdnc,qID,Q1277-1,you,303840,303843,0,1740,17,M_6207,Other
6208,booknlp,COREF,198,He,303867,303869,0,1741,17,M_6208,Other
6209,booknlp,COREF,198,his,303942,303945,0,1741,17,M_6209,Other
6210,booknlp,COREF,198,his,303986,303989,0,1741,17,M_6210,Other
6211,booknlp,COREF,198,his,304105,304108,0,1741,17,M_6211,Other
6212,pdnc,qID,Q1278-0,You,304124,304127,4,1742,17,M_6212,Other
6213,booknlp,COREF,198,me,304139,304141,0,1742,17,M_6213,Other
6214,booknlp,COREF,198,I,304154,304155,0,1742,17,M_6214,Other
6215,pdnc,qID,Q1278-0,you,304165,304168,4,1742,17,M_6215,Other
6216,booknlp,COREF,198,I,304222,304223,0,1742,17,M_6216,Other
6217,pdnc,qID,Q1280-0,you,304291,304294,0,1743,17,M_6217,Other
6218,booknlp,COREF,198,his,304371,304374,0,1744,17,M_6218,Other
6219,booknlp,COREF,198,you,304414,304417,0,1745,17,M_6219,Other
6220,booknlp,COREF,198,you,304449,304452,0,1745,17,M_6220,Other
6221,booknlp,COREF,198,you,304546,304549,0,1745,17,M_6221,Other
6222,booknlp,COREF,198,you,304576,304579,0,1745,17,M_6222,Other
6223,booknlp,COREF,198,you,304803,304806,0,1745,17,M_6223,Other
6224,pdnc,qID,Q1281-1,You,304825,304828,0,1745,17,M_6224,Other
6225,pdnc,qID,Q1281-1,my mother,304837,304846,17,1745,17,M_6225,Other
6226,pdnc,qID,Q1281-1,you,304855,304858,0,1745,17,M_6226,Other
6227,pdnc,qID,Q1281-1,she,304871,304874,17,1745,17,M_6227,Other
6228,pdnc,qID,Q1281-2,Cecil,304974,304979,0,1745,17,M_6228,Other
6229,pdnc,qID,Q1281-2,you,304981,304984,0,1745,17,M_6229,Other
6230,pdnc,qID,Q1281-2,you,304998,305001,0,1745,17,M_6230,Other
6231,pdnc,qID,Q1281-2,you,305039,305042,0,1745,17,M_6231,Other
6232,pdnc,qID,Q1281-2,you,305075,305078,0,1745,17,M_6232,Other
6233,pdnc,qID,Q1281-2,yourself,305084,305092,0,1745,17,M_6233,Other
6234,pdnc,qID,Q1281-2,you,305239,305242,0,1745,17,M_6234,Other
6235,pdnc,qID,Q1281-2,You,305300,305303,0,1745,17,M_6235,Other
6236,pdnc,qID,Q1281-2,you,305330,305333,0,1745,17,M_6236,Other
6237,pdnc,qID,Q1281-2,you,305359,305362,0,1745,17,M_6237,Other
6238,exp,exp_name,cecil,Cecil,305419,305424,0,1746,17,M_6238,PROPN
6239,booknlp,COREF,198,I.,305575,305577,0,1749,17,M_6239,Other
6240,booknlp,COREF,198,my,305599,305601,0,1750,17,M_6240,Other
6241,pdnc,qID,Q1285-0,your,305624,305628,0,1750,17,M_6241,Other
6242,booknlp,COREF,198,He,305637,305639,0,1751,17,M_6242,Other
6243,booknlp,COREF,198,I,305707,305708,0,1751,17,M_6243,Other
6244,booknlp,COREF,198,I,305760,305761,0,1751,17,M_6244,Other
6245,pdnc,qID,Q1286-0,Beebe,305784,305789,10,1751,17,M_6245,Other
6246,pdnc,qID,Q1286-0,your brother,305797,305809,1,1751,17,M_6246,Other
6247,pdnc,qID,Q1286-0,You,305811,305814,4,1751,17,M_6247,Other
6248,booknlp,COREF,198,I,305837,305838,0,1751,17,M_6248,Other
6249,pdnc,qID,Q1286-1,you,305894,305897,4,1751,17,M_6249,Other
6250,pdnc,qID,Q1286-1,You,305899,305902,4,1751,17,M_6250,Other
6251,booknlp,COREF,198,your,305948,305952,0,1751,17,M_6251,Other
6252,pdnc,qID,Q1286-1,dear,305967,305971,4,1751,17,M_6252,Other
6253,pdnc,qID,Q1286-1,you,305986,305989,4,1751,17,M_6253,Other
6254,pdnc,qID,Q1286-1,you,306000,306003,4,1751,17,M_6254,Other
6255,pdnc,qID,Q1286-1,you,306053,306056,4,1751,17,M_6255,Other
6256,pdnc,qID,Q1286-1,you,306062,306065,4,1751,17,M_6256,Other
6257,pdnc,qID,Q1286-1,you,306146,306149,4,1751,17,M_6257,Other
6258,pdnc,qID,Q1286-1,you,306186,306189,4,1751,17,M_6258,Other
6259,pdnc,qID,Q1286-1,you,306264,306267,4,1751,17,M_6259,Other
6260,pdnc,qID,Q1287-0,you,306336,306339,0,1752,17,M_6260,Other
6261,pdnc,qID,Q1288-0,you,306457,306460,4,1753,17,M_6261,Other
6262,pdnc,qID,Q1289-0,you,306515,306518,0,1754,17,M_6262,Other
6263,pdnc,qID,Q1289-0,you,306557,306560,0,1754,17,M_6263,Other
6264,pdnc,qID,Q1290-0,You,306618,306621,4,1755,17,M_6264,Other
6265,pdnc,qID,Q1290-0,Lucy,306641,306645,4,1755,17,M_6265,PROPN
6266,pdnc,qID,Q1291-0,you,306659,306662,0,1756,17,M_6266,Other
6267,pdnc,qID,Q1293-0,You,307082,307085,4,1757,17,M_6267,Other
6268,pdnc,qID,Q1294-0,your,307287,307291,4,1758,17,M_6268,Other
6269,pdnc,qID,Q1294-0,you,307388,307391,4,1758,17,M_6269,Other
6270,pdnc,qID,Q1295-0,Cecil,307442,307447,0,1759,17,M_6270,Other
6271,pdnc,qID,Q1296-0,yours,307541,307546,4,1760,17,M_6271,Other
6272,pdnc,qID,Q1296-0,yours,307583,307588,4,1760,17,M_6272,Other
6273,pdnc,qID,Q1296-0,you,307665,307668,4,1760,17,M_6273,Other
6274,pdnc,qID,Q1297-0,you,307733,307736,4,1760,17,M_6274,Other
6275,pdnc,qID,Q1297-0,you,307746,307749,4,1760,17,M_6275,Other
6276,pdnc,qID,Q1297-0,you,307812,307815,4,1760,17,M_6276,Other
6277,pdnc,qID,Q1297-0,you,307850,307853,4,1760,17,M_6277,Other
6278,booknlp,COREF,116,I,307880,307881,4,1761,17,M_6278,Other
6279,exp,exp_name,lucy,Lucy,307894,307898,4,1761,17,M_6279,PROPN
6280,booknlp,COREF,116,her,307912,307915,4,1761,17,M_6280,Other
6281,pdnc,qID,Q1298-1,Cecil,307957,307962,0,1761,17,M_6281,Other
6282,booknlp,COREF,116,I,307992,307993,4,1761,17,M_6282,Other
6283,pdnc,qID,Q1298-1,you,308018,308021,0,1761,17,M_6283,Other
6284,pdnc,qID,Q1298-1,your,308036,308040,0,1761,17,M_6284,Other
6285,pdnc,qID,Q1299-0,your,308069,308073,4,1762,17,M_6285,Other
6286,pdnc,qID,Q1300-0,you,308126,308129,4,1764,17,M_6286,Other
6287,pdnc,qID,Q1300-0,you,308159,308162,4,1764,17,M_6287,Other
6288,pdnc,qID,Q1300-0,Lucy,308164,308168,4,1764,17,M_6288,PROPN
6289,pdnc,qID,Q1301-0,Cecil,308183,308188,0,1765,17,M_6289,Other
6290,booknlp,COREF,116,She,308192,308195,4,1766,17,M_6290,Other
6291,booknlp,COREF,116,her,308276,308279,4,1766,17,M_6291,Other
6292,booknlp,COREF,116,her,308371,308374,4,1766,17,M_6292,Other
6293,exp,exp_name,cecil,Cecil,308424,308429,0,1766,17,M_6293,PROPN
6294,booknlp,COREF,116,She,308515,308518,4,1767,17,M_6294,Other
6295,booknlp,COREF,116,her,308555,308558,4,1767,17,M_6295,Other
6296,exp,exp_name,cecil,Cecil,308582,308587,0,1767,17,M_6296,PROPN
6297,booknlp,COREF,116,her,308600,308603,4,1767,17,M_6297,Other
6298,booknlp,COREF,116,she,308605,308608,4,1767,17,M_6298,Other
6299,booknlp,COREF,116,herself,308634,308641,4,1767,17,M_6299,Other
6300,booknlp,COREF,116,She,308643,308646,4,1767,17,M_6300,Other
6301,booknlp,COREF,116,she,308677,308680,4,1767,17,M_6301,Other
6302,booknlp,COREF,116,she,308746,308749,4,1767,17,M_6302,Other
6303,exp,exp_name,george,George,308767,308773,2,1767,17,M_6303,PROPN
6304,booknlp,COREF,116,her,308780,308783,4,1767,17,M_6304,Other
6305,exp,exp_name,george,George,308790,308796,2,1767,17,M_6305,PROPN
6306,booknlp,COREF,116,her,308823,308826,4,1767,17,M_6306,Other
6307,booknlp,COREF,116,her,308838,308841,4,1767,17,M_6307,Other
6308,exp,exp_name,george,George,308872,308878,2,1767,17,M_6308,PROPN
6309,booknlp,COREF,116,She,308928,308931,4,1768,17,M_6309,Other
6310,booknlp,COREF,116,She,309013,309016,4,1769,17,M_6310,Other
6311,booknlp,COREF,116,herself,309046,309053,4,1769,17,M_6311,Other
6312,exp,exp_name,nature,nature,309714,309720,29,1769,17,M_6312,PROPN
6313,exp,exp_name,lucy,Lucy,309761,309765,4,1770,17,M_6313,PROPN
6314,booknlp,COREF,116,she,309789,309792,4,1770,17,M_6314,Other
6315,exp,exp_name,george,George,309806,309812,2,1770,17,M_6315,PROPN
6316,booknlp,COREF,116,she,309818,309821,4,1770,17,M_6316,Other
6317,exp,exp_name,cecil,Cecil,309857,309862,0,1770,17,M_6317,PROPN
6318,booknlp,COREF,116,she,309868,309871,4,1770,17,M_6318,Other
6319,booknlp,COREF,116,her,309905,309908,4,1770,17,M_6319,Other
6320,exp,exp_name,miss bartlett,Miss Bartlett,309929,309942,6,1770,17,M_6320,PROPN
6321,exp,exp_name,mr. beebe,Mr. Beebe,309991,310000,10,1771,18,M_6321,PROPN
6322,exp,exp_name,mrs. honeychurch,Mrs. Honeychurch,310002,310018,17,1771,18,M_6322,PROPN
6323,exp,exp_name,freddy,Freddy,310020,310026,1,1771,18,M_6323,PROPN
6324,exp,exp_name,mr. beebe,Mr. Beebe,310368,310377,10,1773,18,M_6324,PROPN
6325,exp,exp_name,mr. honeychurch,Mr. Honeychurch,310607,310622,13,1773,18,M_6325,PROPN
6326,exp,exp_name,nature,Nature,311231,311237,29,1773,18,M_6326,PROPN
6327,exp,exp_name,mr. beebe,Mr. Beebe,311309,311318,10,1773,18,M_6327,PROPN
6328,booknlp,COREF,119,He,311384,311386,10,1773,18,M_6328,Other
6329,booknlp,COREF,146,my,311564,311566,7,1774,18,M_6329,Other
6330,exp,exp_name,miss catharine,Miss Catharine,311600,311614,7,1774,18,M_6330,PROPN
6331,booknlp,COREF,146,I,311934,311935,7,1774,18,M_6331,Other
6332,booknlp,COREF,119,you,311994,311997,10,1774,18,M_6332,Other
6333,exp,exp_name,lucy,Lucy,312082,312086,4,1775,18,M_6333,PROPN
6334,exp,exp_name,mr. beebe,Mr. Beebe,312137,312146,10,1775,18,M_6334,PROPN
6335,booknlp,COREF,116,her,312183,312186,4,1775,18,M_6335,Other
6336,booknlp,COREF,116,She,312188,312191,4,1775,18,M_6336,Other
6337,booknlp,COREF,116,she,312245,312248,4,1775,18,M_6337,Other
6338,booknlp,COREF,116,she,312278,312281,4,1775,18,M_6338,Other
6339,booknlp,COREF,116,she,312322,312325,4,1775,18,M_6339,Other
6340,booknlp,COREF,116,she,312428,312431,4,1775,18,M_6340,Other
6341,booknlp,COREF,116,she,312460,312463,4,1775,18,M_6341,Other
6342,booknlp,COREF,119,He,312469,312471,10,1775,18,M_6342,Other
6343,booknlp,COREF,119,he,312746,312748,10,1775,18,M_6343,Other
6344,booknlp,COREF,119,he,312840,312842,10,1775,18,M_6344,Other
6345,booknlp,COREF,119,his,312888,312891,10,1775,18,M_6345,Other
6346,exp,exp_name,miss honeychurch,Miss Honeychurch,312922,312938,4,1775,18,M_6346,PROPN
6347,booknlp,COREF,119,he,313070,313072,10,1776,18,M_6347,Other
6348,booknlp,COREF,119,him,313282,313285,10,1776,18,M_6348,Other
6349,exp,exp_name,mr. beebe,Mr. Beebe,313341,313350,10,1776,18,M_6349,PROPN
6350,exp,exp_name,cecil,Cecil,313365,313370,0,1776,18,M_6350,PROPN
6351,exp,exp_name,freddy,Freddy,313375,313381,1,1776,18,M_6351,PROPN
6352,booknlp,COREF,119,he,313426,313428,10,1776,18,M_6352,Other
6353,exp,exp_name,cecil,Cecil,313469,313474,0,1776,18,M_6353,PROPN
6354,exp,exp_name,freddy,Freddy,313521,313527,1,1776,18,M_6354,PROPN
6355,booknlp,COREF,119,him,313548,313551,10,1776,18,M_6355,Other
6356,exp,exp_name,the clergyman,the clergyman,313722,313735,32,1777,18,M_6356,PROPN
6357,pdnc,qID,Q1302-0,you,313761,313764,0,1778,18,M_6357,Other
6358,pdnc,qID,Q1302-0,Mr. Vyse,313786,313794,0,1778,18,M_6358,PROPN
6359,booknlp,COREF,335,he,313797,313799,32,1778,18,M_6359,Other
6360,exp,exp_name,cecil,Cecil,313808,313813,0,1779,18,M_6360,PROPN
6361,exp,exp_name,freddy,Freddy,313833,313839,1,1779,18,M_6361,PROPN
6362,booknlp,COREF,335,I,313854,313855,32,1780,18,M_6362,Other
6363,pdnc,qID,Q1304-0,you,313875,313878,0,1780,18,M_6363,Other
6364,exp,exp_name,miss honeychurch,Miss Honeychurch,313924,313940,4,1780,18,M_6364,PROPN
6365,booknlp,COREF,335,He,313943,313945,32,1780,18,M_6365,Other
6366,exp,exp_name,cecil,Cecil,314134,314139,0,1781,18,M_6366,PROPN
6367,booknlp,COREF,198,he,314167,314169,0,1781,18,M_6367,Other
6368,exp,exp_name,lucy,Lucy,314184,314188,4,1781,18,M_6368,PROPN
6369,booknlp,COREF,198,I,314249,314250,0,1782,18,M_6369,Other
6370,booknlp,COREF,198,you,314270,314273,0,1782,18,M_6370,Other
6371,booknlp,COREF,198,you,314288,314291,0,1782,18,M_6371,Other
6372,booknlp,COREF,124,I,314731,314732,1,1783,18,M_6372,Other
6373,pdnc,qID,Q1308-0,Mr. Beebe,314763,314772,10,1783,18,M_6373,PROPN
6374,exp,exp_name,freddy,Freddy,314780,314786,1,1783,18,M_6374,PROPN
6375,pdnc,qID,Q1308-1,you,314798,314801,10,1783,18,M_6375,Other
6376,booknlp,COREF,198,I,314818,314819,0,1784,18,M_6376,Other
6377,exp,exp_name,cecil,Cecil,314832,314837,0,1784,18,M_6377,PROPN
6378,exp,exp_name,mr. beebe,Mr. Beebe,314861,314870,10,1784,18,M_6378,PROPN
6379,booknlp,COREF,198,he,314885,314887,0,1784,18,M_6379,Other
6380,pdnc,qID,Q1310-0,You,314920,314923,0,1785,18,M_6380,Other
6381,pdnc,qID,Q1310-0,you,314962,314965,0,1785,18,M_6381,Other
6382,pdnc,qID,Q1310-0,Mr. Vyse,314967,314975,0,1785,18,M_6382,PROPN
6383,pdnc,qID,Q1312-0,you,314995,314998,0,1787,18,M_6383,Other
6384,booknlp,COREF,198,I,315041,315042,0,1787,18,M_6384,Other
6385,booknlp,COREF,198,myself,315066,315072,0,1787,18,M_6385,Other
6386,booknlp,COREF,198,I,315100,315101,0,1787,18,M_6386,Other
6387,booknlp,COREF,198,my,315123,315125,0,1787,18,M_6387,Other
6388,pdnc,qID,Q1312-0,you,315192,315195,0,1787,18,M_6388,Other
6389,booknlp,COREF,198,I,315304,315305,0,1787,18,M_6389,Other
6390,pdnc,qID,Q1312-0,Freddy,315393,315399,1,1787,18,M_6390,PROPN
6391,booknlp,COREF,198,I,315401,315402,0,1787,18,M_6391,Other
6392,booknlp,COREF,198,my,315429,315431,0,1787,18,M_6392,Other
6393,booknlp,COREF,198,I,315437,315438,0,1787,18,M_6393,Other
6394,booknlp,COREF,198,I,315447,315448,0,1787,18,M_6394,Other
6395,booknlp,COREF,198,me,315493,315495,0,1787,18,M_6395,Other
6396,pdnc,qID,Q1312-0,you,315515,315518,1,1787,18,M_6396,Other
6397,pdnc,qID,Q1314-0,You,315912,315915,10,1788,18,M_6397,Other
6398,exp,exp_name,cecil,Cecil,315938,315943,0,1788,18,M_6398,PROPN
6399,exp,exp_name,freddy,Freddy,315996,316002,1,1788,18,M_6399,PROPN
6400,exp,exp_name,the clergyman,the clergyman,316024,316037,32,1788,18,M_6400,PROPN
6401,booknlp,COREF,124,he,316044,316046,1,1788,18,M_6401,Other
6402,booknlp,COREF,124,he,316131,316133,1,1788,18,M_6402,Other
6403,exp,exp_name,vyse,Vyse,316172,316176,18,1788,18,M_6403,PROPN
6404,booknlp,COREF,124,he,316222,316224,1,1788,18,M_6404,Other
6405,booknlp,COREF,124,he,316234,316236,1,1788,18,M_6405,Other
6406,booknlp,COREF,124,I,316244,316245,1,1788,18,M_6406,Other
6407,booknlp,COREF,124,you,316256,316259,1,1788,18,M_6407,Other
6408,pdnc,qID,Q1315-0,Cecil,316285,316290,0,1788,18,M_6408,Other
6409,pdnc,qID,Q1315-0,Lucy,316303,316307,4,1788,18,M_6409,PROPN
6410,pdnc,qID,Q1315-0,him,316320,316323,0,1788,18,M_6410,Other
6411,booknlp,COREF,124,you,316328,316331,1,1788,18,M_6411,Other
6412,pdnc,qID,Q1315-0,her,316348,316351,4,1788,18,M_6412,Other
6413,pdnc,qID,Q1315-0,you,316356,316359,10,1788,18,M_6413,Other
6414,pdnc,qID,Q1315-0,he,316376,316378,0,1788,18,M_6414,Other
6415,booknlp,COREF,124,I,316437,316438,1,1790,18,M_6415,Other
6416,booknlp,COREF,124,me,316475,316477,1,1791,18,M_6416,Other
6417,exp,exp_name,mr. beebe,Mr. Beebe,316544,316553,10,1793,18,M_6417,PROPN
6418,booknlp,COREF,119,himself,316557,316564,10,1793,18,M_6418,Other
6419,booknlp,COREF,119,his,316591,316594,10,1793,18,M_6419,Other
6420,pdnc,qID,Q1320-1,she,316646,316649,4,1793,18,M_6420,Other
6421,booknlp,COREF,124,he,316720,316722,1,1793,18,M_6421,Other
6422,exp,exp_name,cecil,Cecil,316839,316844,0,1793,18,M_6422,PROPN
6423,booknlp,COREF,124,He,316867,316869,1,1794,18,M_6423,Other
6424,exp,exp_name,minnie,Minnie,316886,316892,5,1794,18,M_6424,PROPN
6425,exp,exp_name,lucy,Lucy,316934,316938,4,1795,18,M_6425,PROPN
6426,booknlp,COREF,124,He,316972,316974,1,1795,18,M_6426,Other
6427,booknlp,COREF,124,he,317040,317042,1,1795,18,M_6427,Other
6428,exp,exp_name,mrs. honeychurch,Mrs. Honeychurch,317141,317157,17,1795,18,M_6428,PROPN
6429,exp,exp_name,miss bartlett,Miss Bartlett,317202,317215,6,1795,18,M_6429,PROPN
6430,exp,exp_name,minnie,Minnie,317303,317309,5,1795,18,M_6430,PROPN
6431,pdnc,qID,Q1321-0,you,317418,317421,10,1796,18,M_6431,Other
6432,pdnc,qID,Q1321-0,Mr. Beebe,317426,317435,10,1796,18,M_6432,PROPN
6433,booknlp,COREF,124,your,317522,317526,1,1796,18,M_6433,Other
6434,pdnc,qID,Q1321-0,Powell,317664,317670,20,1796,18,M_6434,PROPN
6435,exp,exp_name,mrs. honeychurch,Mrs. Honeychurch,317745,317761,17,1797,18,M_6435,PROPN
6436,pdnc,qID,Q1322-0,you,317786,317789,10,1798,18,M_6436,Other
6437,exp,exp_name,miss bartlett,Miss Bartlett,317800,317813,6,1798,18,M_6437,PROPN
6438,pdnc,qID,Q1323-0,Lennie,317930,317936,3,1799,18,M_6438,PROPN
6439,exp,exp_name,mrs. honeychurch,Mrs. Honeychurch,317955,317971,17,1799,18,M_6439,PROPN
6440,exp,exp_name,the garden-child,The garden-child,317973,317989,3,1799,18,M_6440,PROPN
6441,exp,exp_name,minnie,Minnie,318061,318067,5,1799,18,M_6441,PROPN
6442,booknlp,COREF,225,her,318079,318082,5,1799,18,M_6442,Other
6443,booknlp,COREF,225,her,318167,318170,5,1799,18,M_6443,Other
6444,booknlp,COREF,225,her,318270,318273,5,1800,18,M_6444,Other
6445,booknlp,COREF,225,You,318276,318279,5,1800,18,M_6445,Other
6446,pdnc,qID,Q1324-1,them,318293,318297,6,1800,18,M_6446,Other
6447,pdnc,qID,Q1324-1,they,318309,318313,6,1800,18,M_6447,Other
6448,pdnc,qID,Q1324-1,Mrs. Honeychurch,318325,318341,17,1800,18,M_6448,PROPN
6449,pdnc,qID,Q1325-0,you,318443,318446,10,1801,18,M_6449,Other
6450,pdnc,qID,Q1325-0,you,318481,318484,6,1801,18,M_6450,Other
6451,pdnc,qID,Q1325-0,Charlotte,318486,318495,6,1801,18,M_6451,PROPN
6452,booknlp,COREF,225,my,318507,318509,5,1801,18,M_6452,Other
6453,booknlp,COREF,225,I,318594,318595,5,1801,18,M_6453,Other
6454,exp,exp_name,mr. beebe,Mr. Beebe,318613,318622,10,1802,18,M_6454,PROPN
6455,exp,exp_name,miss bartlett,Miss Bartlett,318674,318687,6,1802,18,M_6455,PROPN
6456,pdnc,qID,Q1326-0,Charlotte,318737,318746,6,1803,18,M_6456,PROPN
6457,booknlp,COREF,225,I,318748,318749,5,1803,18,M_6457,Other
6458,pdnc,qID,Q1326-0,you,318761,318764,6,1803,18,M_6458,Other
6459,exp,exp_name,miss bartlett,Miss Bartlett,318844,318857,6,1804,18,M_6459,PROPN
6460,booknlp,COREF,115,her,318868,318871,6,1804,18,M_6460,Other
6461,booknlp,COREF,115,she,318909,318912,6,1804,18,M_6461,Other
6462,exp,exp_name,minnie,Minnie,318946,318952,5,1804,18,M_6462,PROPN
6463,booknlp,COREF,115,she,318968,318971,6,1804,18,M_6463,Other
6464,exp,exp_name,minnie,Minnie,319001,319007,5,1804,18,M_6464,PROPN
6465,exp,exp_name,mr. beebe,Mr. Beebe,319084,319093,10,1804,18,M_6465,PROPN
6466,exp,exp_name,the garden-child,the garden-child,319115,319131,3,1804,18,M_6466,PROPN
6467,booknlp,COREF,119,his,319158,319161,10,1804,18,M_6467,Other
6468,booknlp,COREF,119,he,319252,319254,10,1805,18,M_6468,Other
6469,exp,exp_name,miss bartlett,Miss Bartlett,319354,319367,6,1806,18,M_6469,PROPN
6470,pdnc,qID,Q1329-0,Miss Honeychurch,319396,319412,4,1807,18,M_6470,PROPN
6471,pdnc,qID,Q1329-0,her mother,319421,319431,17,1807,18,M_6471,Other
6472,pdnc,qID,Q1329-0,she ,319441,319445,4,1807,18,M_6472,Other
6473,booknlp,COREF,119,I,319462,319463,10,1808,18,M_6473,Other
6474,pdnc,qID,Q1330-0,Lucy,319490,319494,4,1808,18,M_6474,PROPN
6475,pdnc,qID,Q1330-0,herself,319498,319505,4,1808,18,M_6475,Other
6476,pdnc,qID,Q1330-0,her,319514,319517,4,1808,18,M_6476,Other
6477,pdnc,qID,Q1331-0,Miss Honeychurch,319554,319570,4,1809,18,M_6477,PROPN
6478,pdnc,qID,Q1331-0,she,319579,319582,4,1809,18,M_6478,Other
6479,exp,exp_name,minnie,Minnie,319618,319624,5,1809,18,M_6479,PROPN
6480,pdnc,qID,Q1331-1,Floyd ,319631,319637,12,1809,18,M_6480,PROPN
6481,pdnc,qID,Q1331-1,Mr. Vyse,319651,319659,0,1809,18,M_6481,PROPN
6482,pdnc,qID,Q1331-1,Freddy,319674,319680,1,1809,18,M_6482,PROPN
6483,booknlp,COREF,225,me,319697,319699,5,1809,18,M_6483,Other
6484,pdnc,qID,Q1331-1,Uncle Arthur,319710,319722,10,1809,18,M_6484,PROPN
6485,booknlp,COREF,225,her,319797,319800,5,1810,18,M_6485,Other
6486,exp,exp_name,arthur,Arthur,319807,319813,10,1810,18,M_6486,PROPN
6487,pdnc,qID,Q1332-1,your ,319830,319835,5,1810,18,M_6487,Other
6488,booknlp,COREF,282,He,319844,319846,10,1811,18,M_6488,Other
6489,exp,exp_name,lucy,Lucy,319884,319888,4,1811,18,M_6489,PROPN
6490,booknlp,COREF,225,She,319943,319946,5,1811,18,M_6490,Other
6491,booknlp,COREF,282,he,319960,319962,10,1811,18,M_6491,Other
6492,pdnc,qID,Q1333-0,you,319981,319984,4,1812,18,M_6492,Other
6493,pdnc,qID,Q1333-0,Miss Bartlett,319989,320002,6,1812,18,M_6493,PROPN
6494,pdnc,qID,Q1333-0,Minnie,320007,320013,5,1812,18,M_6494,PROPN
6495,booknlp,COREF,225,me,320030,320032,5,1812,18,M_6495,Other
6496,pdnc,qID,Q1333-0,you,320062,320065,4,1812,18,M_6496,Other
6497,booknlp,COREF,225,I,320079,320080,5,1813,18,M_6497,Other
6498,booknlp,COREF,225,I,320093,320094,5,1813,18,M_6498,Other
6499,pdnc,qID,Q1334-0,you,320107,320110,10,1813,18,M_6499,Other
6500,booknlp,COREF,225,I,320119,320120,5,1814,18,M_6500,Other
6501,pdnc,qID,Q1335-0,you,320136,320139,4,1814,18,M_6501,Other
6502,exp,exp_name,lucy,Lucy,320162,320166,4,1815,18,M_6502,PROPN
6503,exp,exp_name,mr. beebe,Mr. Beebe,320252,320261,10,1816,18,M_6503,PROPN
6504,booknlp,COREF,119,his,320287,320290,10,1816,18,M_6504,Other
6505,booknlp,COREF,119,he,320298,320300,10,1816,18,M_6505,Other
6506,exp,exp_name,lucy,Lucy,320336,320340,4,1817,18,M_6506,PROPN
6507,exp,exp_name,schumann,Schumann,320353,320361,30,1817,18,M_6507,PROPN
6508,exp,exp_name,miss honeychurch,Miss Honeychurch,320365,320381,4,1818,18,M_6508,PROPN
6509,booknlp,COREF,116,I,320394,320395,4,1820,18,M_6509,Other
6510,pdnc,qID,Q1339-0,Your brother,320418,320430,1,1820,18,M_6510,Other
6511,booknlp,COREF,116,me,320436,320438,4,1820,18,M_6511,Other
6512,pdnc,qID,Q1340-0,he,320446,320448,1,1821,18,M_6512,Other
6513,booknlp,COREF,116,She,320455,320458,4,1821,18,M_6513,Other
6514,exp,exp_name,mr. beebe,Mr. Beebe,320476,320485,10,1821,18,M_6514,PROPN
6515,booknlp,COREF,119,he,320501,320503,10,1821,18,M_6515,Other
6516,booknlp,COREF,116,she,320521,320524,4,1821,18,M_6516,Other
6517,booknlp,COREF,119,him,320536,320539,10,1821,18,M_6517,Other
6518,booknlp,COREF,116,I,320554,320555,4,1822,18,M_6518,Other
6519,pdnc,qID,Q1342-0,Mother,320599,320605,17,1823,18,M_6519,Other
6520,pdnc,qID,Q1342-0,Charlotte,320607,320616,6,1823,18,M_6520,PROPN
6521,pdnc,qID,Q1342-0,Cecil,320618,320623,0,1823,18,M_6521,Other
6522,pdnc,qID,Q1342-0,Freddy,320625,320631,1,1823,18,M_6522,PROPN
6523,pdnc,qID,Q1342-0,you,320633,320636,10,1823,18,M_6523,Other
6524,exp,exp_name,lucy,Lucy,320644,320648,4,1823,18,M_6524,PROPN
6525,pdnc,qID,Q1343-0,you,320727,320730,4,1824,18,M_6525,Other
6526,booknlp,COREF,116,me,320738,320740,4,1824,18,M_6526,Other
6527,booknlp,COREF,116,I,320749,320750,4,1824,18,M_6527,Other
6528,booknlp,COREF,116,I,320769,320770,4,1824,18,M_6528,Other
6529,pdnc,qID,Q1343-0,you,320787,320790,4,1824,18,M_6529,Other
6530,booknlp,COREF,116,I,320824,320825,4,1825,18,M_6530,Other
6531,booknlp,COREF,116,I,320885,320886,4,1826,18,M_6531,Other
6532,pdnc,qID,Q1345-0,Miss Bartlett,320902,320915,6,1826,18,M_6532,PROPN
6533,pdnc,qID,Q1346-0,mother,320946,320952,17,1827,18,M_6533,Other
6534,pdnc,qID,Q1346-0,Mother ,320954,320961,17,1827,18,M_6534,Other
6535,booknlp,COREF,119,I,320982,320983,10,1828,18,M_6535,Other
6536,exp,exp_name,mr. beebe,Mr. Beebe,321014,321023,10,1828,18,M_6536,PROPN
6537,exp,exp_name,mrs. honeychurch,Mrs. Honeychurch,321039,321055,17,1829,18,M_6537,PROPN
6538,exp,exp_name,lucy,Lucy,321189,321193,4,1829,18,M_6538,PROPN
6539,booknlp,COREF,116,her,321207,321210,4,1829,18,M_6539,Other
6540,booknlp,COREF,116,she,321240,321243,4,1829,18,M_6540,Other
6541,booknlp,COREF,116,herself,321252,321259,4,1829,18,M_6541,Other
6542,booknlp,COREF,116,she,321275,321278,4,1829,18,M_6542,Other
6543,pdnc,qID,Q1348-0,Freddy,321325,321331,1,1830,18,M_6543,PROPN
6544,pdnc,qID,Q1349-0,Freddy,321349,321355,1,1831,18,M_6544,PROPN
6545,pdnc,qID,Q1349-0,Vyse,321378,321382,0,1831,18,M_6545,Other
6546,pdnc,qID,Q1349-0,he,321393,321395,1,1831,18,M_6546,Other
6547,booknlp,COREF,116,I,321397,321398,4,1831,18,M_6547,Other
6548,pdnc,qID,Q1349-0,he ,321413,321416,1,1831,18,M_6548,Other
6549,pdnc,qID,Q1349-0,him,321468,321471,1,1831,18,M_6549,Other
6550,pdnc,qID,Q1349-0,you,321477,321480,4,1831,18,M_6550,Other
6551,exp,exp_name,minnie,Minnie,321504,321510,5,1833,18,M_6551,PROPN
6552,exp,exp_name,miss bartlett,Miss Bartlett,321539,321552,6,1833,18,M_6552,PROPN
6553,exp,exp_name,mr. beebe,Mr. Beebe,321641,321650,10,1833,18,M_6553,PROPN
6554,exp,exp_name,lucy,Lucy,321660,321664,4,1833,18,M_6554,PROPN
6555,booknlp,COREF,116,her,321705,321708,4,1833,18,M_6555,Other
6556,booknlp,COREF,119,he,321760,321762,10,1833,18,M_6556,Other
6557,booknlp,COREF,119,I,321770,321771,10,1833,18,M_6557,Other
6558,pdnc,qID,Q1351-0,Miss Alan,321803,321812,7,1833,18,M_6558,PROPN
6559,booknlp,COREF,119,me,321843,321845,10,1833,18,M_6559,Other
6560,booknlp,COREF,119,I,321852,321853,10,1833,18,M_6560,Other
6561,pdnc,qID,Q1351-0,you all,321877,321884,4,1833,18,M_6561,Other
6562,exp,exp_name,lucy,Lucy,321911,321915,4,1834,18,M_6562,PROPN
6563,booknlp,COREF,119,he,321968,321970,10,1835,18,M_6563,Other
6564,booknlp,COREF,116,her,321985,321988,4,1835,18,M_6564,Other
6565,booknlp,COREF,116,her,322019,322022,4,1835,18,M_6565,Other
6566,booknlp,COREF,116,she,322049,322052,4,1835,18,M_6566,Other
6567,booknlp,COREF,119,him,322065,322068,10,1835,18,M_6567,Other
6568,booknlp,COREF,116,I,322123,322124,4,1836,18,M_6568,Other
6569,pdnc,qID,Q1355-0,Freddy,322140,322146,1,1837,18,M_6569,PROPN
6570,pdnc,qID,Q1355-0,he,322159,322161,1,1837,18,M_6570,Other
6571,pdnc,qID,Q1356-0,he,322196,322198,1,1838,18,M_6571,Other
6572,booknlp,COREF,116,I,322218,322219,4,1839,18,M_6572,Other
6573,pdnc,qID,Q1357-0,he,322228,322230,1,1839,18,M_6573,Other
6574,booknlp,COREF,116,she,322256,322259,4,1840,18,M_6574,Other
6575,booknlp,COREF,116,her,322283,322286,4,1840,18,M_6575,Other
6576,booknlp,COREF,119,he,322326,322328,10,1840,18,M_6576,Other
6577,booknlp,COREF,116,she,322354,322357,4,1840,18,M_6577,Other
6578,booknlp,COREF,116,me,322407,322409,4,1840,18,M_6578,Other
6579,booknlp,COREF,116,I,322485,322486,4,1841,18,M_6579,Other
6580,booknlp,COREF,116,She,322572,322575,4,1842,18,M_6580,Other
6581,booknlp,COREF,116,I,322611,322612,4,1842,18,M_6581,Other
6582,booknlp,COREF,116,me,322630,322632,4,1842,18,M_6582,Other
6583,pdnc,qID,Q1361-0,you,322654,322657,4,1843,18,M_6583,Other
6584,pdnc,qID,Q1361-0,George Emerson,322692,322706,2,1843,18,M_6584,PROPN
6585,pdnc,qID,Q1361-0,He,322717,322719,2,1843,18,M_6585,Other
6586,exp,exp_name,fate,Fate,322761,322765,26,1843,18,M_6586,PROPN
6587,booknlp,COREF,116,I,322806,322807,4,1844,18,M_6587,Other
6588,exp,exp_name,mr. beebe,Mr. Beebe,322900,322909,10,1845,18,M_6588,PROPN
6589,booknlp,COREF,116,her,322919,322922,4,1845,18,M_6589,Other
6590,booknlp,COREF,116,her,323087,323090,4,1845,18,M_6590,Other
6591,booknlp,COREF,116,She,323103,323106,4,1845,18,M_6591,Other
6592,booknlp,COREF,119,He,323163,323165,10,1845,18,M_6592,Other
6593,booknlp,COREF,119,his,323174,323177,10,1845,18,M_6593,Other
6594,booknlp,COREF,116,she,323193,323196,4,1845,18,M_6594,Other
6595,booknlp,COREF,116,I,323223,323224,4,1846,18,M_6595,Other
6596,pdnc,qID,Q1364-0,you,323245,323248,4,1846,18,M_6596,Other
6597,booknlp,COREF,116,I,323336,323337,4,1847,18,M_6597,Other
6598,booknlp,COREF,116,you,323345,323348,4,1847,18,M_6598,Other
6599,booknlp,COREF,116,me,323375,323377,4,1847,18,M_6599,Other
6600,booknlp,COREF,116,I,323379,323380,4,1847,18,M_6600,Other
6601,pdnc,qID,Q1366-0,your mother,323427,323438,17,1848,18,M_6601,Other
6602,pdnc,qID,Q1366-0,you,323445,323448,4,1848,18,M_6602,Other
6603,pdnc,qID,Q1366-0,You,323464,323467,4,1848,18,M_6603,Other
6604,pdnc,qID,Q1367-0,She,323509,323512,17,1849,18,M_6604,Other
6605,booknlp,COREF,116,me,323524,323526,4,1849,18,M_6605,Other
6606,exp,exp_name,lucy,Lucy,323535,323539,4,1849,18,M_6606,PROPN
6607,booknlp,COREF,116,I,323565,323566,4,1849,18,M_6607,Other
6608,booknlp,COREF,116,I,323588,323589,4,1849,18,M_6608,Other
6609,booknlp,COREF,116,She,323600,323603,4,1849,18,M_6609,Other
6610,booknlp,COREF,116,her,323608,323611,4,1849,18,M_6610,Other
6611,booknlp,COREF,116,her,323641,323644,4,1849,18,M_6611,Other
6612,pdnc,qID,Q1367-2,you,323658,323661,10,1849,18,M_6612,Other
6613,booknlp,COREF,116,I,323671,323672,4,1849,18,M_6613,Other
6614,booknlp,COREF,116,I,323690,323691,4,1849,18,M_6614,Other
6615,booknlp,COREF,116,I,323734,323735,4,1849,18,M_6615,Other
6616,pdnc,qID,Q1368-0,You,323783,323786,4,1850,18,M_6616,Other
6617,pdnc,qID,Q1368-0,you,323803,323806,4,1850,18,M_6617,Other
6618,booknlp,COREF,116,your,323823,323827,4,1850,18,M_6618,Other
6619,pdnc,qID,Q1368-0,you,323839,323842,4,1850,18,M_6619,Other
6620,booknlp,COREF,116,I,323863,323864,4,1851,18,M_6620,Other
6621,pdnc,qID,Q1369-0,you,323870,323873,10,1851,18,M_6621,Other
6622,exp,exp_name,mr. beebe,Mr. Beebe,323890,323899,10,1852,18,M_6622,PROPN
6623,exp,exp_name,miss honeychurch,Miss Honeychurch,323940,323956,4,1852,18,M_6623,PROPN
6624,booknlp,COREF,116,her,323980,323983,4,1852,18,M_6624,Other
6625,exp,exp_name,cecil,Cecil,323992,323997,0,1852,18,M_6625,PROPN
6626,booknlp,COREF,116,her,324068,324071,4,1852,18,M_6626,Other
6627,booknlp,COREF,119,him,324088,324091,10,1852,18,M_6627,Other
6628,booknlp,COREF,116,her,324097,324100,4,1852,18,M_6628,Other
6629,booknlp,COREF,198,He,324134,324136,0,1852,18,M_6629,Other
6630,booknlp,COREF,116,her,324152,324155,4,1852,18,M_6630,Other
6631,booknlp,COREF,116,she,324161,324164,4,1852,18,M_6631,Other
6632,booknlp,COREF,198,I,324301,324302,0,1854,18,M_6632,Other
6633,booknlp,COREF,198,he,324349,324351,0,1854,18,M_6633,Other
6634,pdnc,qID,Q1372-0,Cecil,324383,324388,0,1855,18,M_6634,Other
6635,booknlp,COREF,116,I,324417,324418,4,1855,18,M_6635,Other
6636,pdnc,qID,Q1372-0,you,324435,324438,10,1855,18,M_6636,Other
6637,pdnc,qID,Q1372-0,you,324462,324465,10,1855,18,M_6637,Other
6638,pdnc,qID,Q1372-0,he,324499,324501,0,1855,18,M_6638,Other
6639,booknlp,COREF,116,I,324519,324520,4,1855,18,M_6639,Other
6640,pdnc,qID,Q1372-0,he,324532,324534,0,1855,18,M_6640,Other
6641,booknlp,COREF,116,me,324548,324550,4,1855,18,M_6641,Other
6642,booknlp,COREF,116,my,324554,324556,4,1855,18,M_6642,Other
6643,pdnc,qID,Q1372-0,He,324566,324568,0,1855,18,M_6643,Other
6644,booknlp,COREF,116,me,324583,324585,4,1855,18,M_6644,Other
6645,booknlp,COREF,116,I,324602,324603,4,1855,18,M_6645,Other
6646,pdnc,qID,Q1372-0,Cecil,324623,324628,0,1855,18,M_6646,Other
6647,pdnc,qID,Q1372-0,he,324676,324678,0,1855,18,M_6647,Other
6648,booknlp,COREF,116,I,324702,324703,4,1855,18,M_6648,Other
6649,booknlp,COREF,116,I,324758,324759,4,1856,18,M_6649,Other
6650,booknlp,COREF,116,my,324774,324776,4,1856,18,M_6650,Other
6651,pdnc,qID,Q1373-0,Mr. Vyse,324796,324804,0,1856,18,M_6651,PROPN
6652,booknlp,COREF,116,I,324817,324818,4,1856,18,M_6652,Other
6653,booknlp,COREF,116,I,324840,324841,4,1856,18,M_6653,Other
6654,pdnc,qID,Q1373-0,you,324856,324859,4,1856,18,M_6654,Other
6655,booknlp,COREF,116,I,324861,324862,4,1856,18,M_6655,Other
6656,booknlp,COREF,116,I,324904,324905,4,1856,18,M_6656,Other
6657,pdnc,qID,Q1373-0,you,324925,324928,4,1856,18,M_6657,Other
6658,booknlp,COREF,116,me,324938,324940,4,1856,18,M_6658,Other
6659,booknlp,COREF,116,I,325050,325051,4,1857,18,M_6659,Other
6660,pdnc,qID,Q1375-0,mother,325216,325222,17,1857,18,M_6660,Other
6661,pdnc,qID,Q1375-0,she,325242,325245,17,1857,18,M_6661,Other
6662,pdnc,qID,Q1375-0,you,325315,325318,10,1857,18,M_6662,Other
6663,exp,exp_name,miss bartlett,Miss Bartlett,325352,325365,6,1857,18,M_6663,PROPN
6664,booknlp,COREF,115,her,325379,325382,6,1857,18,M_6664,Other
6665,booknlp,COREF,115,I,325407,325408,6,1857,18,M_6665,Other
6666,booknlp,COREF,115,I,325437,325438,6,1857,18,M_6666,Other
6667,booknlp,COREF,115,my,325449,325451,6,1857,18,M_6667,Other
6668,booknlp,COREF,115,I,325471,325472,6,1857,18,M_6668,Other
6669,exp,exp_name,mr. beebe,Mr. Beebe,325521,325530,10,1858,18,M_6669,PROPN
6670,booknlp,COREF,119,his,325544,325547,10,1858,18,M_6670,Other
6671,booknlp,COREF,119,He,325578,325580,10,1858,18,M_6671,Other
6672,booknlp,COREF,119,he,325610,325612,10,1858,18,M_6672,Other
6673,booknlp,COREF,119,his,325620,325623,10,1858,18,M_6673,Other
6674,booknlp,COREF,119,he,325634,325636,10,1858,18,M_6674,Other
6675,booknlp,COREF,119,he,325653,325655,10,1858,18,M_6675,Other
6676,booknlp,COREF,119,his,325666,325669,10,1858,18,M_6676,Other
6677,pdnc,qID,Q1378-0,She,325726,325729,4,1859,18,M_6677,Other
6678,booknlp,COREF,119,he,325749,325751,10,1859,18,M_6678,Other
6679,exp,exp_name,miss bartlett,Miss Bartlett,325760,325773,6,1859,18,M_6679,PROPN
6680,pdnc,qID,Q1379-0,Lucy,325777,325781,4,1860,18,M_6680,PROPN
6681,pdnc,qID,Q1380-0,she,325848,325851,4,1861,18,M_6681,Other
6682,pdnc,qID,Q1380-0,She,325873,325876,4,1861,18,M_6682,Other
6683,pdnc,qID,Q1380-0,she,325919,325922,4,1861,18,M_6683,Other
6684,booknlp,COREF,119,I,325936,325937,10,1861,18,M_6684,Other
6685,pdnc,qID,Q1380-0,she,326028,326031,4,1861,18,M_6685,Other
6686,pdnc,qID,Q1380-0,herself,326043,326050,4,1861,18,M_6686,Other
6687,exp,exp_name,miss bartlett,Miss Bartlett,326066,326079,6,1862,18,M_6687,PROPN
6688,booknlp,COREF,119,he,326108,326110,10,1862,18,M_6688,Other
6689,booknlp,COREF,119,He,326138,326140,10,1862,18,M_6689,Other
6690,exp,exp_name,miss bartlett,Miss Bartlett,326160,326173,6,1862,18,M_6690,PROPN
6691,booknlp,COREF,119,he,326178,326180,10,1862,18,M_6691,Other
6692,booknlp,COREF,119,himself,326195,326202,10,1862,18,M_6692,Other
6693,booknlp,COREF,115,she,326217,326220,6,1862,18,M_6693,Other
6694,booknlp,COREF,115,she,326285,326288,6,1862,18,M_6694,Other
6695,booknlp,COREF,115,she,326315,326318,6,1862,18,M_6695,Other
6696,booknlp,COREF,119,He,326337,326339,10,1862,18,M_6696,Other
6697,booknlp,COREF,119,he,326363,326365,10,1862,18,M_6697,Other
6698,exp,exp_name,lucy,Lucy,326398,326402,4,1862,18,M_6698,PROPN
6699,booknlp,COREF,115,her,326408,326411,6,1862,18,M_6699,Other
6700,exp,exp_name,minnie,Minnie,326413,326419,5,1862,18,M_6700,PROPN
6701,booknlp,COREF,225,She,326455,326458,5,1863,18,M_6701,Other
6702,pdnc,qID,Q1382-0,We,326488,326490,10,1863,18,M_6702,Other
6703,booknlp,COREF,225,I,326531,326532,5,1864,18,M_6703,Other
6704,pdnc,qID,Q1384-0,Mr. Vyse,326659,326667,0,1865,18,M_6704,PROPN
6705,exp,exp_name,mr. beebe,Mr. Beebe,326705,326714,10,1866,18,M_6705,PROPN
6706,booknlp,COREF,119,his,326722,326725,10,1866,18,M_6706,Other
6707,booknlp,COREF,119,He,326813,326815,10,1866,18,M_6707,Other
6708,pdnc,qID,Q1385-0,Miss Honeychurch,326834,326850,4,1866,18,M_6708,PROPN
6709,pdnc,qID,Q1385-0,her,326880,326883,4,1866,18,M_6709,Other
6710,pdnc,qID,Q1385-0,she,326902,326905,4,1866,18,M_6710,Other
6711,pdnc,qID,Q1385-0,Freddy,326915,326921,1,1866,18,M_6711,PROPN
6712,booknlp,COREF,119,me,326932,326934,10,1866,18,M_6712,Other
6713,pdnc,qID,Q1385-0,he,326943,326945,1,1866,18,M_6713,Other
6714,pdnc,qID,Q1385-0,she,326951,326954,4,1866,18,M_6714,Other
6715,booknlp,COREF,115,I,326974,326975,6,1867,18,M_6715,Other
6716,exp,exp_name,miss bartlett,Miss Bartlett,326988,327001,6,1867,18,M_6716,PROPN
6717,pdnc,qID,Q1386-1,Freddy,327016,327022,1,1867,18,M_6717,PROPN
6718,pdnc,qID,Q1386-1,you,327051,327054,10,1867,18,M_6718,Other
6719,booknlp,COREF,115,I,327099,327100,6,1869,18,M_6719,Other
6720,booknlp,COREF,119,He,327187,327189,10,1870,18,M_6720,Other
6721,exp,exp_name,mr. beebe,Mr. Beebe,327444,327453,10,1870,18,M_6721,PROPN
6722,pdnc,qID,Q1390-0,you,327480,327483,6,1870,18,M_6722,Other
6723,booknlp,COREF,119,I,327524,327525,10,1870,18,M_6723,Other
6724,pdnc,qID,Q1390-0,you,327534,327537,6,1870,18,M_6724,Other
6725,pdnc,qID,Q1390-0,Miss Lavish,327551,327562,8,1870,18,M_6725,PROPN
6726,booknlp,COREF,119,I,327723,327724,10,1870,18,M_6726,Other
6727,exp,exp_name,the signora,the Signora,327806,327817,52,1870,18,M_6727,PROPN
6728,exp,exp_name,miss bartlett,Miss Bartlett,327840,327853,6,1871,18,M_6728,PROPN
6729,exp,exp_name,mr. beebe,Mr. Beebe,328594,328603,10,1871,18,M_6729,PROPN
6730,exp,exp_name,lucy,Lucy,328641,328645,4,1871,18,M_6730,PROPN
6731,booknlp,COREF,119,his,328687,328690,10,1871,18,M_6731,Other
6732,booknlp,COREF,119,he,328730,328732,10,1871,18,M_6732,Other
6733,exp,exp_name,mr. beebe,Mr. Beebe,329106,329115,10,1872,18,M_6733,PROPN
6734,exp,exp_name,miss bartlett,Miss Bartlett,329125,329138,6,1872,18,M_6734,PROPN
6735,booknlp,COREF,115,she,329156,329159,6,1872,18,M_6735,Other
6736,exp,exp_name,minnie,Minnie,329178,329184,5,1872,18,M_6736,PROPN
6737,booknlp,COREF,115,she,329202,329205,6,1872,18,M_6737,Other
6738,booknlp,COREF,119,he,329217,329219,10,1872,18,M_6738,Other
6739,exp,exp_name,the child,the child,329267,329276,55,1872,18,M_6739,PROPN
6740,booknlp,COREF,506,her,329277,329280,55,1872,18,M_6740,Other
6741,booknlp,COREF,119,he,329311,329313,10,1872,18,M_6741,Other
6742,exp,exp_name,lucy,Lucy,329366,329370,4,1872,18,M_6742,PROPN
6743,booknlp,COREF,119,I,329374,329375,10,1873,18,M_6743,Other
6744,pdnc,qID,Q1391-1,Miss Bartlett,329396,329409,6,1873,18,M_6744,PROPN
6745,booknlp,COREF,119,he,329412,329414,10,1873,18,M_6745,Other
6746,pdnc,qID,Q1391-2,you,329434,329437,6,1873,18,M_6746,Other
6747,booknlp,COREF,119,I,329456,329457,10,1873,18,M_6747,Other
6748,booknlp,COREF,115,She,329497,329500,6,1873,18,M_6748,Other
6749,booknlp,COREF,119,I,329533,329534,10,1873,18,M_6749,Other
6750,booknlp,COREF,119,I,329573,329574,10,1873,18,M_6750,Other
6751,pdnc,qID,Q1391-3,your cousin,329611,329622,4,1873,18,M_6751,Other
6752,pdnc,qID,Q1391-3,She,329633,329636,4,1873,18,M_6752,Other
6753,pdnc,qID,Q1391-3,her,329683,329686,4,1873,18,M_6753,Other
6754,pdnc,qID,Q1391-3,her,329737,329740,4,1873,18,M_6754,Other
6755,booknlp,COREF,115,you,329777,329780,6,1873,18,M_6755,Other
6756,booknlp,COREF,119,He,329808,329810,10,1873,18,M_6756,Other
6757,booknlp,COREF,119,I,329841,329842,10,1873,18,M_6757,Other
6758,pdnc,qID,Q1391-4,you,329862,329865,6,1873,18,M_6758,Other
6759,pdnc,qID,Q1391-4,she,329881,329884,4,1873,18,M_6759,Other
6760,booknlp,COREF,119,I,329945,329946,10,1873,18,M_6760,Other
6761,exp,exp_name,miss bartlett,Miss Bartlett,329976,329989,6,1874,18,M_6761,PROPN
6762,booknlp,COREF,119,his,330119,330122,10,1876,18,M_6762,Other
6763,booknlp,COREF,115,she,330137,330140,6,1876,18,M_6763,Other
6764,booknlp,COREF,115,I,330157,330158,6,1876,18,M_6764,Other
6765,pdnc,qID,Q1393-0,you,330177,330180,10,1876,18,M_6765,Other
6766,booknlp,COREF,115,I,330188,330189,6,1876,18,M_6766,Other
6767,pdnc,qID,Q1393-0,Lucy,330194,330198,4,1876,18,M_6767,PROPN
6768,pdnc,qID,Q1395-0,She,330236,330239,4,1878,18,M_6768,Other
6769,booknlp,COREF,119,I,330273,330274,10,1879,18,M_6769,Other
6770,pdnc,qID,Q1396-0,her,330312,330315,4,1879,18,M_6770,Other
6771,booknlp,COREF,119,I,330321,330322,10,1879,18,M_6771,Other
6772,pdnc,qID,Q1397-0,she,330408,330411,4,1880,18,M_6772,Other
6773,exp,exp_name,mr. beebe,Mr. Beebe,330512,330521,10,1881,18,M_6773,PROPN
6774,pdnc,qID,Q1398-0,she,330537,330540,4,1881,18,M_6774,Other
6775,pdnc,qID,Q1398-0,herself,330546,330553,4,1881,18,M_6775,Other
6776,pdnc,qID,Q1398-0,her,330590,330593,4,1881,18,M_6776,Other
6777,booknlp,COREF,119,I,330595,330596,10,1881,18,M_6777,Other
6778,booknlp,COREF,119,I,330611,330612,10,1881,18,M_6778,Other
6779,pdnc,qID,Q1398-0,she,330645,330648,4,1881,18,M_6779,Other
6780,booknlp,COREF,119,I,330669,330670,10,1881,18,M_6780,Other
6781,booknlp,COREF,119,I,330695,330696,10,1881,18,M_6781,Other
6782,pdnc,qID,Q1398-0,she,330741,330744,4,1881,18,M_6782,Other
6783,pdnc,qID,Q1399-0,You,330769,330772,10,1882,18,M_6783,Other
6784,exp,exp_name,miss bartlett,Miss Bartlett,330801,330814,6,1882,18,M_6784,PROPN
6785,booknlp,COREF,115,her,330869,330872,6,1882,18,M_6785,Other
6786,pdnc,qID,Q1399-1,Minnie,330915,330921,5,1882,18,M_6786,PROPN
6787,pdnc,qID,Q1399-1,Mr. Beebe,330963,330972,10,1882,18,M_6787,PROPN
6788,booknlp,COREF,115,I,330974,330975,6,1882,18,M_6788,Other
6789,pdnc,qID,Q1399-1,dear Lucy,331026,331035,4,1882,18,M_6789,Other
6790,booknlp,COREF,115,I,331050,331051,6,1882,18,M_6790,Other
6791,pdnc,qID,Q1399-1,her,331064,331067,4,1882,18,M_6791,Other
6792,booknlp,COREF,115,I,331069,331070,6,1882,18,M_6792,Other
6793,booknlp,COREF,115,I,331097,331098,6,1882,18,M_6793,Other
6794,booknlp,COREF,115,I,331127,331128,6,1882,18,M_6794,Other
6795,booknlp,COREF,115,I,331145,331146,6,1882,18,M_6795,Other
6796,pdnc,qID,Q1399-1,her,331154,331157,4,1882,18,M_6796,Other
6797,booknlp,COREF,115,me,331183,331185,6,1882,18,M_6797,Other
6798,pdnc,qID,Q1399-1,she,331210,331213,4,1882,18,M_6798,Other
6799,exp,exp_name,mr. beebe,Mr. Beebe,331225,331234,10,1883,18,M_6799,PROPN
6800,booknlp,COREF,119,his,331257,331260,10,1883,18,M_6800,Other
6801,booknlp,COREF,115,my,331274,331276,6,1884,18,M_6801,Other
6802,booknlp,COREF,115,I,331308,331309,6,1884,18,M_6802,Other
6803,booknlp,COREF,115,I,331329,331330,6,1884,18,M_6803,Other
6804,pdnc,qID,Q1400-0,Lucy,331338,331342,4,1884,18,M_6804,PROPN
6805,pdnc,qID,Q1400-0,She,331377,331380,4,1884,18,M_6805,Other
6806,pdnc,qID,Q1400-0,she,331431,331434,4,1884,18,M_6806,Other
6807,booknlp,COREF,115,I,331480,331481,6,1884,18,M_6807,Other
6808,booknlp,COREF,115,I,331492,331493,6,1884,18,M_6808,Other
6809,pdnc,qID,Q1400-0,her mother,331507,331517,17,1884,18,M_6809,Other
6810,exp,exp_name,mr. beebe,Mr. Beebe,331580,331589,10,1885,18,M_6810,PROPN
6811,booknlp,COREF,119,I,331592,331593,10,1885,18,M_6811,Other
6812,pdnc,qID,Q1401-1,your,331599,331603,6,1885,18,M_6812,Other
6813,exp,exp_name,charlotte,Charlotte,331632,331641,6,1886,18,M_6813,PROPN
6814,booknlp,COREF,119,him,331683,331686,10,1886,18,M_6814,Other
6815,exp,exp_name,lucy,Lucy,331707,331711,4,1886,18,M_6815,PROPN
6816,booknlp,COREF,115,I,331714,331715,6,1886,18,M_6816,Other
6817,pdnc,qID,Q1402-1,her,331734,331737,4,1886,18,M_6817,Other
6818,pdnc,qID,Q1402-1,you,331760,331763,10,1886,18,M_6818,Other
6819,exp,exp_name,mr. beebe,Mr. Beebe,331767,331776,10,1887,18,M_6819,PROPN
6820,booknlp,COREF,116,she,331820,331823,4,1888,18,M_6820,Other
6821,booknlp,COREF,116,her,331844,331847,4,1888,18,M_6821,Other
6822,booknlp,COREF,119,him,331924,331927,10,1888,18,M_6822,Other
6823,booknlp,COREF,116,I,331930,331931,4,1888,18,M_6823,Other
6824,booknlp,COREF,116,I,331938,331939,4,1888,18,M_6824,Other
6825,booknlp,COREF,119,he,331979,331981,10,1888,18,M_6825,Other
6826,pdnc,qID,Q1403-2,She,332025,332028,4,1888,18,M_6826,Other
6827,pdnc,qID,Q1403-2,she,332086,332089,4,1888,18,M_6827,Other
6828,booknlp,COREF,119,I,332096,332097,10,1888,18,M_6828,Other
6829,booknlp,COREF,119,I,332152,332153,10,1888,18,M_6829,Other
6830,pdnc,qID,Q1403-2,Lucy,332192,332196,4,1888,18,M_6830,PROPN
6831,booknlp,COREF,119,I,332201,332202,10,1888,18,M_6831,Other
6832,pdnc,qID,Q1403-2,Mrs. Honeychurch,332224,332240,17,1888,18,M_6832,PROPN
6833,pdnc,qID,Q1403-2,you,332251,332254,10,1888,18,M_6833,Other
6834,booknlp,COREF,116,she,332319,332322,4,1890,18,M_6834,Other
6835,booknlp,COREF,335,I,332369,332370,32,1891,18,M_6835,Other
6836,pdnc,qID,Q1406-0,her,332381,332384,4,1891,18,M_6836,Other
6837,exp,exp_name,the clergyman,the clergyman,332392,332405,32,1891,18,M_6837,PROPN
6838,booknlp,COREF,335,his,332415,332418,32,1891,18,M_6838,Other
6839,exp,exp_name,miss bartlett,Miss Bartlett,332489,332502,6,1892,18,M_6839,PROPN
6840,booknlp,COREF,116,she,332616,332619,4,1892,18,M_6840,Other
6841,booknlp,COREF,335,him,332628,332631,32,1892,18,M_6841,Other
6842,exp,exp_name,mr. beebe,Mr. Beebe,332633,332642,10,1892,18,M_6842,PROPN
6843,booknlp,COREF,119,he,332693,332695,10,1892,18,M_6843,Other
6844,booknlp,COREF,119,He,332818,332820,10,1892,18,M_6844,Other
6845,exp,exp_name,miss bartlett,Miss Bartlett,332836,332849,6,1892,18,M_6845,PROPN
6846,exp,exp_name,the girl,the girl,332890,332898,19,1892,18,M_6846,PROPN
6847,booknlp,COREF,119,him,333004,333007,10,1892,18,M_6847,Other
6848,booknlp,COREF,119,His,333030,333033,10,1892,18,M_6848,Other
6849,booknlp,COREF,119,his,333098,333101,10,1892,18,M_6849,Other
6850,booknlp,COREF,119,his,333256,333259,10,1892,18,M_6850,Other
6851,booknlp,COREF,119,he,333272,333274,10,1892,18,M_6851,Other
6852,exp,exp_name,lucy,Lucy,333375,333379,4,1892,18,M_6852,PROPN
6853,exp,exp_name,cecil,Cecil,333428,333433,0,1892,18,M_6853,PROPN
6854,booknlp,COREF,119,he,333439,333441,10,1892,18,M_6854,Other
6855,booknlp,COREF,116,her,333478,333481,4,1892,18,M_6855,Other
6856,booknlp,COREF,116,she,333502,333505,4,1892,18,M_6856,Other
6857,booknlp,COREF,116,her,333520,333523,4,1892,18,M_6857,Other
6858,booknlp,COREF,119,he,333603,333605,10,1892,18,M_6858,Other
6859,booknlp,COREF,119,his,333715,333718,10,1892,18,M_6859,Other
6860,booknlp,COREF,119,his,333744,333747,10,1892,18,M_6860,Other
6861,booknlp,COREF,119,he,333800,333802,10,1892,18,M_6861,Other
6862,exp,exp_name,miss bartlett,Miss Bartlett,333813,333826,6,1892,18,M_6862,PROPN
6863,exp,exp_name,lucy,Lucy,333863,333867,4,1892,18,M_6863,PROPN
6864,booknlp,COREF,119,He,333942,333944,10,1893,18,M_6864,Other
6865,exp,exp_name,mrs. honeychurch,Mrs. Honeychurch,334158,334174,17,1893,18,M_6865,PROPN
6866,exp,exp_name,freddy,Freddy,334190,334196,1,1893,18,M_6866,PROPN
6867,pdnc,qID,Q1408-1,Lucy,334375,334379,4,1894,18,M_6867,PROPN
6868,exp,exp_name,mrs. honeychurch,Mrs. Honeychurch,334447,334463,17,1895,18,M_6868,PROPN
6869,booknlp,COREF,119,he,334466,334468,10,1895,18,M_6869,Other
6870,pdnc,qID,Q1409-1,she,334489,334492,4,1895,18,M_6870,Other
6871,pdnc,qID,Q1409-1,you,334547,334550,17,1895,18,M_6871,Other
6872,pdnc,qID,Q1409-1,her,334577,334580,4,1895,18,M_6872,Other
6873,pdnc,qID,Q1409-1,Vyse,334595,334599,0,1895,18,M_6873,Other
6874,pdnc,qID,Q1410-0,Mr. Beebe,334604,334613,10,1896,18,M_6874,PROPN
6875,booknlp,COREF,124,I,334655,334656,1,1897,18,M_6875,Other
6876,exp,exp_name,freddy,Freddy,334664,334670,1,1897,18,M_6876,PROPN
6877,exp,exp_name,lucy,Lucy,334761,334765,4,1900,18,M_6877,PROPN
6878,booknlp,COREF,116,her,334866,334869,4,1900,18,M_6878,Other
6879,exp,exp_name,charlotte,Charlotte,334896,334905,6,1900,18,M_6879,PROPN
6880,exp,exp_name,mr. beebe,Mr. Beebe,334957,334966,10,1900,18,M_6880,PROPN
6881,booknlp,COREF,119,his,334971,334974,10,1900,18,M_6881,Other
6882,booknlp,COREF,119,his,335005,335008,10,1900,18,M_6882,Other
6883,exp,exp_name,mrs. honeychurch,Mrs. Honeychurch,335081,335097,17,1900,18,M_6883,PROPN
6884,booknlp,COREF,119,he,335107,335109,10,1900,18,M_6884,Other
6885,pdnc,qID,Q1413-1,you,335194,335197,10,1900,18,M_6885,Other
6886,pdnc,qID,Q1413-1,Lucy,335270,335274,4,1900,18,M_6886,PROPN
6887,pdnc,qID,Q1413-1,her,335287,335290,4,1900,18,M_6887,Other
6888,pdnc,qID,Q1413-1,Lucy,335292,335296,4,1900,18,M_6888,PROPN
6889,pdnc,qID,Q1414-0,She,335301,335304,4,1901,18,M_6889,Other
6890,exp,exp_name,mr. beebe,Mr. Beebe,335328,335337,10,1901,18,M_6890,PROPN
6891,booknlp,COREF,119,He,335344,335346,10,1901,18,M_6891,Other
6892,pdnc,qID,Q1415-0,Miss Honeychurch,335460,335476,4,1903,18,M_6892,PROPN
6893,pdnc,qID,Q1416-0,Cecil,335593,335598,0,1905,18,M_6893,Other
6894,pdnc,qID,Q1416-0,her,335604,335607,4,1905,18,M_6894,Other
6895,exp,exp_name,lucy,Lucy,335652,335656,4,1906,18,M_6895,PROPN
6896,pdnc,qID,Q1418-0,dear,335687,335691,4,1907,18,M_6896,Other
6897,exp,exp_name,mrs. honeychurch,Mrs. Honeychurch,335699,335715,17,1907,18,M_6897,PROPN
6898,exp,exp_name,mr. beebe,Mr. Beebe,335760,335769,10,1907,18,M_6898,PROPN
6899,exp,exp_name,lucy,Lucy,335785,335789,4,1907,18,M_6899,PROPN
6900,booknlp,COREF,119,I,335800,335801,10,1907,18,M_6900,Other
6901,booknlp,COREF,119,I,335811,335812,10,1907,18,M_6901,Other
6902,pdnc,qID,Q1420-0,you,335914,335917,17,1908,18,M_6902,Other
6903,pdnc,qID,Q1420-0,mother,335919,335925,17,1908,18,M_6903,Other
6904,pdnc,qID,Q1421-0,you,335961,335964,4,1909,18,M_6904,Other
6905,pdnc,qID,Q1421-0,you,336007,336010,4,1909,18,M_6905,Other
6906,pdnc,qID,Q1421-0,you,336046,336049,4,1909,18,M_6906,Other
6907,pdnc,qID,Q1422-0,you,336078,336081,17,1910,18,M_6907,Other
6908,exp,exp_name,mr. beebe,Mr. Beebe,336085,336094,10,1911,18,M_6908,PROPN
6909,exp,exp_name,lucy,Lucy,336105,336109,4,1911,18,M_6909,PROPN
6910,booknlp,COREF,116,her,336138,336141,4,1911,18,M_6910,Other
6911,booknlp,COREF,116,She,336163,336166,4,1911,18,M_6911,Other
6912,booknlp,COREF,119,he,336181,336183,10,1911,18,M_6912,Other
6913,booknlp,COREF,116,Her,336215,336218,4,1911,18,M_6913,Other
6914,booknlp,COREF,116,her,336236,336239,4,1911,18,M_6914,Other
6915,exp,exp_name,freddy,Freddy,336241,336247,1,1911,18,M_6915,PROPN
6916,booknlp,COREF,116,she,336257,336260,4,1911,18,M_6916,Other
6917,booknlp,COREF,1933,his,336306,336309,1,1911,18,M_6917,Other
6918,booknlp,COREF,116,her,336323,336326,4,1911,18,M_6918,Other
6919,booknlp,COREF,1933,his,336354,336357,1,1911,18,M_6919,Other
6920,exp,exp_name,mr. beebe,Mr. Beebe,336403,336412,10,1911,18,M_6920,PROPN
6921,exp,exp_name,lucy,Lucy,336692,336696,4,1911,18,M_6921,PROPN
6922,booknlp,COREF,116,she,336736,336739,4,1911,18,M_6922,Other
6923,booknlp,COREF,116,she,336848,336851,4,1913,18,M_6923,Other
6924,pdnc,qID,Q1423-0,Mr. Beebe,336872,336881,10,1914,18,M_6924,PROPN
6925,pdnc,qID,Q1424-0,Mr. Beebe,336886,336895,10,1915,18,M_6925,PROPN
6926,booknlp,COREF,116,my,336902,336904,4,1915,18,M_6926,Other
6927,booknlp,COREF,119,he,336963,336965,10,1916,18,M_6927,Other
6928,booknlp,COREF,116,she,336999,337002,4,1917,18,M_6928,Other
6929,booknlp,COREF,116,I,337021,337022,4,1917,18,M_6929,Other
6930,booknlp,COREF,116,I,337060,337061,4,1918,18,M_6930,Other
6931,exp,exp_name,freddy,Freddy,337145,337151,1,1919,18,M_6931,PROPN
6932,pdnc,qID,Q1429-0,you,337221,337224,1,1920,18,M_6932,Other
6933,booknlp,COREF,119,his,337237,337240,10,1920,18,M_6933,Other
6934,exp,exp_name,lucy,Lucy,337324,337328,4,1920,18,M_6934,PROPN
6935,booknlp,COREF,124,him,337363,337366,1,1920,18,M_6935,Other
6936,booknlp,COREF,116,her,337382,337385,4,1920,18,M_6936,Other
6937,booknlp,COREF,124,he,337397,337399,1,1920,18,M_6937,Other
6938,exp,exp_name,freddy,Freddy,337416,337422,1,1921,18,M_6938,PROPN
6939,booknlp,COREF,124,his,337427,337430,1,1921,18,M_6939,Other
6940,booknlp,COREF,124,him,337448,337451,1,1921,18,M_6940,Other
6941,booknlp,COREF,124,his,337475,337478,1,1921,18,M_6941,Other
6942,pdnc,qID,Q1431-0,she,337605,337608,4,1923,18,M_6942,Other
6943,booknlp,COREF,116,thy,337652,337655,4,1924,18,M_6943,PROPN
6944,booknlp,COREF,124,I,337730,337731,1,1925,18,M_6944,Other
6945,exp,exp_name,freddy,Freddy,337762,337768,1,1925,18,M_6945,PROPN
6946,exp,exp_name,mr. beebe,Mr. Beebe,337771,337780,10,1926,18,M_6946,PROPN
6947,booknlp,COREF,116,She,337829,337832,4,1927,18,M_6947,Other
6948,booknlp,COREF,119,he,337861,337863,10,1927,18,M_6948,Other
6949,booknlp,COREF,116,her,337875,337878,4,1927,18,M_6949,Other
6950,booknlp,COREF,119,He,337880,337882,10,1927,18,M_6950,Other
6951,booknlp,COREF,119,he,337977,337979,10,1927,18,M_6951,Other
6952,booknlp,COREF,119,he,338009,338011,10,1927,18,M_6952,Other
6953,booknlp,COREF,116,she,338028,338031,4,1927,18,M_6953,Other
6954,booknlp,COREF,119,He,338164,338166,10,1929,18,M_6954,Other
6955,booknlp,COREF,119,he,338218,338220,10,1929,18,M_6955,Other
6956,exp,exp_name,freddy,Freddy,338279,338285,1,1929,18,M_6956,PROPN
6957,booknlp,COREF,119,him,338464,338467,10,1931,18,M_6957,Other
6958,exp,exp_name,mr. emerson,Mr. Emerson,338544,338555,11,1932,19,M_6958,PROPN
6959,exp,exp_name,miss honeychurch,Miss Honeychurch,339104,339120,4,1933,19,M_6959,PROPN
6960,booknlp,COREF,116,herself,339161,339168,4,1933,19,M_6960,Other
6961,exp,exp_name,lucy,Lucy,339293,339297,4,1933,19,M_6961,PROPN
6962,pdnc,qID,Q1433-0,you,339346,339349,4,1934,19,M_6962,Other
6963,pdnc,qID,Q1433-0,you,339383,339386,4,1934,19,M_6963,Other
6964,pdnc,qID,Q1433-0,Mr. Vyse,339392,339400,0,1934,19,M_6964,PROPN
6965,pdnc,qID,Q1433-0,you,339409,339412,4,1934,19,M_6965,Other
6966,exp,exp_name,mrs. honeychurch,Mrs. Honeychurch,339448,339464,17,1935,19,M_6966,PROPN
6967,pdnc,qID,Q1434-0,Mr. Vyse,339578,339586,0,1936,19,M_6967,PROPN
6968,pdnc,qID,Q1434-0,you,339596,339599,4,1936,19,M_6968,Other
6969,exp,exp_name,miss catharine,Miss Catharine,339602,339616,7,1936,19,M_6969,PROPN
6970,pdnc,qID,Q1434-1,he,339694,339696,0,1936,19,M_6970,Other
6971,pdnc,qID,Q1434-1,you,339720,339723,4,1936,19,M_6971,Other
6972,pdnc,qID,Q1435-0,his,339745,339748,0,1937,19,M_6972,Other
6973,pdnc,qID,Q1435-0,him,339759,339762,0,1937,19,M_6973,Other
6974,exp,exp_name,miss teresa,Miss Teresa,339780,339791,9,1937,19,M_6974,PROPN
6975,pdnc,qID,Q1436-0,him,339868,339871,0,1938,19,M_6975,Other
6976,pdnc,qID,Q1436-0,he,339877,339879,0,1938,19,M_6976,Other
6977,pdnc,qID,Q1436-0,you,339885,339888,4,1938,19,M_6977,Other
6978,booknlp,COREF,146,I,339894,339895,7,1938,19,M_6978,Other
6979,pdnc,qID,Q1436-0,him,339914,339917,0,1938,19,M_6979,Other
6980,pdnc,qID,Q1437-0,Lucy,339938,339942,4,1939,19,M_6980,PROPN
6981,exp,exp_name,mrs. honeychurch,Mrs. Honeychurch,339960,339976,17,1939,19,M_6981,PROPN
6982,pdnc,qID,Q1437-1,She,339979,339982,4,1939,19,M_6982,Other
6983,booknlp,COREF,116,I,340007,340008,4,1940,19,M_6983,Other
6984,exp,exp_name,lucy,Lucy,340033,340037,4,1940,19,M_6984,PROPN
6985,pdnc,qID,Q1440-0,Mrs. Honeychurch,340109,340125,17,1942,19,M_6985,PROPN
6986,pdnc,qID,Q1440-0,you,340127,340130,17,1942,19,M_6986,Other
6987,pdnc,qID,Q1440-0,you,340179,340182,17,1942,19,M_6987,Other
6988,exp,exp_name,lucy,Lucy,340204,340208,4,1943,19,M_6988,PROPN
6989,booknlp,COREF,116,her,340283,340286,4,1944,19,M_6989,Other
6990,pdnc,qID,Q1442-0,dear,340326,340330,4,1944,19,M_6990,Other
6991,pdnc,qID,Q1442-0,you,340378,340381,4,1944,19,M_6991,Other
6992,pdnc,qID,Q1442-0,Cecil ,340413,340419,0,1944,19,M_6992,Other
6993,exp,exp_name,lucy,Lucy,340573,340577,4,1945,19,M_6993,PROPN
6994,booknlp,COREF,116,She,340606,340609,4,1945,19,M_6994,Other
6995,pdnc,qID,Q1444-0,Cecil,340809,340814,0,1947,19,M_6995,Other
6996,exp,exp_name,mrs. honeychurch,Mrs. Honeychurch,340970,340986,17,1948,19,M_6996,PROPN
6997,exp,exp_name,lucy,Lucy,341044,341048,4,1948,19,M_6997,PROPN
6998,booknlp,COREF,116,she,341072,341075,4,1948,19,M_6998,Other
6999,exp,exp_name,mr. beebe,Mr. Beebe,341175,341184,10,1948,19,M_6999,PROPN
7000,booknlp,COREF,116,I,341287,341288,4,1949,19,M_7000,Other
7001,pdnc,qID,Q1446-0,You,341313,341316,4,1950,19,M_7001,Other
7002,pdnc,qID,Q1446-0,Lucy,341323,341327,4,1950,19,M_7002,PROPN
7003,pdnc,qID,Q1446-0,you,341329,341332,4,1950,19,M_7003,Other
7004,pdnc,qID,Q1446-0,Charlotte,341337,341346,6,1950,19,M_7004,PROPN
7005,pdnc,qID,Q1446-0,Mr. Beebe,341351,341360,10,1950,19,M_7005,PROPN
7006,booknlp,COREF,116,me,341370,341372,4,1950,19,M_7006,Other
7007,booknlp,COREF,116,I,341373,341374,4,1950,19,M_7007,Other
7008,booknlp,COREF,116,I,341391,341392,4,1950,19,M_7008,Other
7009,booknlp,COREF,116,I,341401,341402,4,1950,19,M_7009,Other
7010,booknlp,COREF,116,I,341411,341412,4,1950,19,M_7010,Other
7011,pdnc,qID,Q1446-0,You,341463,341466,4,1950,19,M_7011,Other
7012,pdnc,qID,Q1446-0,Cecil,341481,341486,0,1950,19,M_7012,Other
7013,booknlp,COREF,116,I,341507,341508,4,1950,19,M_7013,Other
7014,pdnc,qID,Q1446-0,he,341520,341522,0,1950,19,M_7014,Other
7015,booknlp,COREF,116,I,341538,341539,4,1950,19,M_7015,Other
7016,exp,exp_name,lucy,Lucy,341682,341686,4,1953,19,M_7016,PROPN
7017,booknlp,COREF,116,She,341699,341702,4,1953,19,M_7017,Other
7018,booknlp,COREF,116,her,341726,341729,4,1953,19,M_7018,Other
7019,pdnc,qID,Q1449-0,George Emerson,341773,341787,2,1953,19,M_7019,PROPN
7020,booknlp,COREF,116,me,341807,341809,4,1953,19,M_7020,Other
7021,pdnc,qID,Q1449-0,he,341818,341820,2,1953,19,M_7021,Other
7022,booknlp,COREF,116,I,341827,341828,4,1953,19,M_7022,Other
7023,pdnc,qID,Q1449-0,Cecil,341841,341846,0,1953,19,M_7023,Other
7024,booknlp,COREF,116,she,341932,341935,4,1953,19,M_7024,Other
7025,booknlp,COREF,116,She,341954,341957,4,1953,19,M_7025,Other
7026,booknlp,COREF,116,she,342095,342098,4,1953,19,M_7026,Other
7027,booknlp,COREF,116,her,342130,342133,4,1953,19,M_7027,Other
7028,exp,exp_name,mrs. honeychurch,Mrs. Honeychurch,342141,342157,17,1954,19,M_7028,PROPN
7029,pdnc,qID,Q1450-0,My daughter,342195,342206,4,1954,19,M_7029,Other
7030,pdnc,qID,Q1450-0,she,342224,342227,4,1954,19,M_7030,Other
7031,pdnc,qID,Q1450-0,Freddy,342287,342293,1,1954,19,M_7031,PROPN
7032,pdnc,qID,Q1450-0,she,342347,342350,4,1954,19,M_7032,Other
7033,pdnc,qID,Q1450-0,her,342361,342364,4,1954,19,M_7033,Other
7034,booknlp,COREF,116,her,342382,342385,4,1954,19,M_7034,Other
7035,pdnc,qID,Q1451-0,You,342451,342454,4,1954,19,M_7035,Other
7036,exp,exp_name,lucy,Lucy,342508,342512,4,1955,19,M_7036,PROPN
7037,booknlp,COREF,116,she,342554,342557,4,1955,19,M_7037,Other
7038,exp,exp_name,cecil,Cecil,342571,342576,0,1955,19,M_7038,PROPN
7039,booknlp,COREF,116,she,342582,342585,4,1955,19,M_7039,Other
7040,booknlp,COREF,116,her,342602,342605,4,1955,19,M_7040,Other
7041,exp,exp_name,freddy,Freddy,342649,342655,1,1955,19,M_7041,PROPN
7042,booknlp,COREF,116,She,342750,342753,4,1955,19,M_7042,Other
7043,booknlp,COREF,116,her,342779,342782,4,1955,19,M_7043,Other
7044,booknlp,COREF,116,she,342862,342865,4,1955,19,M_7044,Other
7045,booknlp,COREF,116,She,342912,342915,4,1955,19,M_7045,Other
7046,booknlp,COREF,116,I,342928,342929,4,1955,19,M_7046,Other
7047,pdnc,qID,Q1452-0,George,342942,342948,2,1955,19,M_7047,PROPN
7048,booknlp,COREF,116,I,342950,342951,4,1955,19,M_7048,Other
7049,booknlp,COREF,116,my,342962,342964,4,1955,19,M_7049,Other
7050,booknlp,COREF,116,I,342984,342985,4,1955,19,M_7050,Other
7051,pdnc,qID,Q1452-0,George,342999,343005,2,1955,19,M_7051,PROPN
7052,booknlp,COREF,116,I,343007,343008,4,1955,19,M_7052,Other
7053,booknlp,COREF,116,I,343035,343036,4,1955,19,M_7053,Other
7054,pdnc,qID,Q1452-0,George,343049,343055,2,1955,19,M_7054,PROPN
7055,booknlp,COREF,116,I,343083,343084,4,1955,19,M_7055,Other
7056,booknlp,COREF,116,I,343133,343134,4,1955,19,M_7056,Other
7057,pdnc,qID,Q1452-0,my mother,343147,343156,17,1955,19,M_7057,Other
7058,booknlp,COREF,116,She,343197,343200,4,1955,19,M_7058,Other
7059,booknlp,COREF,116,she,343258,343261,4,1955,19,M_7059,Other
7060,booknlp,COREF,116,she,343305,343308,4,1955,19,M_7060,Other
7061,pdnc,qID,Q1453-0,mother,343348,343354,17,1956,19,M_7061,Other
7062,pdnc,qID,Q1453-0,you,343369,343372,17,1956,19,M_7062,Other
7063,booknlp,COREF,116,I,343389,343390,4,1956,19,M_7063,Other
7064,booknlp,COREF,116,She,343491,343494,4,1958,19,M_7064,Other
7065,pdnc,qID,Q1456-0,you,343555,343558,4,1959,19,M_7065,Other
7066,pdnc,qID,Q1456-0,your ,343588,343593,4,1959,19,M_7066,Other
7067,pdnc,qID,Q1457-0,mother,343619,343625,17,1960,19,M_7067,Other
7068,pdnc,qID,Q1457-0,you,343644,343647,17,1960,19,M_7068,Other
7069,booknlp,COREF,116,She,343680,343683,4,1960,19,M_7069,Other
7070,pdnc,qID,Q1457-1,You,343872,343875,17,1960,19,M_7070,Other
7071,booknlp,COREF,116,her,343931,343934,4,1961,19,M_7071,Other
7072,exp,exp_name,lucy,Lucy,344034,344038,4,1962,19,M_7072,PROPN
7073,booknlp,COREF,116,I,344077,344078,4,1962,19,M_7073,Other
7074,booknlp,COREF,116,I,344108,344109,4,1962,19,M_7074,Other
7075,booknlp,COREF,116,I,344142,344143,4,1962,19,M_7075,Other
7076,booknlp,COREF,116,I,344255,344256,4,1962,19,M_7076,Other
7077,exp,exp_name,mrs. honeychurch,Mrs. Honeychurch,344371,344387,17,1963,19,M_7077,PROPN
7078,pdnc,qID,Q1459-1,you,344497,344500,4,1963,19,M_7078,Other
7079,pdnc,qID,Q1459-1,you,344539,344542,4,1963,19,M_7079,Other
7080,pdnc,qID,Q1459-1,your,344555,344559,4,1963,19,M_7080,Other
7081,pdnc,qID,Q1459-1,yourself,344674,344682,4,1963,19,M_7081,Other
7082,booknlp,COREF,116,I,344743,344744,4,1964,19,M_7082,Other
7083,exp,exp_name,lucy,Lucy,344775,344779,4,1964,19,M_7083,PROPN
7084,booknlp,COREF,116,she,344788,344791,4,1964,19,M_7084,Other
7085,booknlp,COREF,116,she,344802,344805,4,1964,19,M_7085,Other
7086,booknlp,COREF,116,She,344901,344904,4,1964,19,M_7086,Other
7087,booknlp,COREF,116,her,344923,344926,4,1964,19,M_7087,Other
7088,booknlp,COREF,116,her,345085,345088,4,1964,19,M_7088,Other
7089,pdnc,qID,Q1461-0,your,345112,345116,4,1965,19,M_7089,Other
7090,pdnc,qID,Q1461-0,he,345293,345295,13,1965,19,M_7090,Other
7091,exp,exp_name,lucy,Lucy,345367,345371,4,1966,19,M_7091,PROPN
7092,booknlp,COREF,116,her,345383,345386,4,1966,19,M_7092,Other
7093,booknlp,COREF,116,I,345412,345413,4,1966,19,M_7093,Other
7094,booknlp,COREF,116,her,345447,345450,4,1967,19,M_7094,Other
7095,pdnc,qID,Q1463-1,you,345472,345475,4,1967,19,M_7095,Other
7096,pdnc,qID,Q1463-1,Charlotte Bartlett,345492,345510,6,1967,19,M_7096,PROPN
7097,pdnc,qID,Q1464-0,Charlotte,345515,345524,6,1968,19,M_7097,PROPN
7098,exp,exp_name,lucy,Lucy,345535,345539,4,1968,19,M_7098,PROPN
7099,booknlp,COREF,116,her,345543,345546,4,1968,19,M_7099,Other
7100,booknlp,COREF,116,I,345610,345611,4,1970,19,M_7100,Other
7101,pdnc,qID,Q1466-0,you,345628,345631,17,1970,19,M_7101,Other
7102,pdnc,qID,Q1466-0,mother,345638,345644,17,1970,19,M_7102,Other
7103,pdnc,qID,Q1466-0,Charlotte,345646,345655,6,1970,19,M_7103,PROPN
7104,booknlp,COREF,116,I,345660,345661,4,1970,19,M_7104,Other
7105,booknlp,COREF,116,I,345701,345702,4,1971,19,M_7105,Other
7106,pdnc,qID,Q1467-0,You,345779,345782,4,1971,19,M_7106,Other
7107,pdnc,qID,Q1467-0,Charlotte,345787,345796,6,1971,19,M_7107,PROPN
7108,pdnc,qID,Q1468-0,you,345897,345900,17,1972,19,M_7108,Other
7109,pdnc,qID,Q1468-0,Charlotte,345909,345918,6,1972,19,M_7109,PROPN
7110,pdnc,qID,Q1468-0,you,345942,345945,17,1972,19,M_7110,Other
7111,booknlp,COREF,115,her,345952,345955,6,1972,19,M_7111,Other
7112,booknlp,COREF,116,I,345965,345966,4,1972,19,M_7112,Other
7113,pdnc,qID,Q1468-0,you,345974,345977,17,1972,19,M_7113,Other
7114,pdnc,qID,Q1468-0,her,345984,345987,6,1972,19,M_7114,Other
7115,booknlp,COREF,116,I,345989,345990,4,1972,19,M_7115,Other
7116,pdnc,qID,Q1468-0,you,345998,346001,17,1972,19,M_7116,Other
7117,pdnc,qID,Q1468-0,you,346012,346015,17,1972,19,M_7117,Other
7118,pdnc,qID,Q1469-0,you,346071,346074,4,1973,19,M_7118,Other
7119,booknlp,COREF,116,I,346082,346083,4,1974,19,M_7119,Other
7120,pdnc,qID,Q1470-0,your,346088,346092,17,1974,19,M_7120,Other
7121,pdnc,qID,Q1471-0,Charlotte,346104,346113,6,1975,19,M_7121,PROPN
7122,pdnc,qID,Q1471-0,my dear,346121,346128,4,1975,19,M_7122,Other
7123,pdnc,qID,Q1471-0,her,346142,346145,6,1975,19,M_7123,Other
7124,exp,exp_name,lucy,Lucy,346160,346164,4,1976,19,M_7124,PROPN
7125,booknlp,COREF,116,her,346174,346177,4,1976,19,M_7125,Other
7126,booknlp,COREF,116,My,346186,346188,4,1976,19,M_7126,Other
7127,pdnc,qID,Q1472-0,you,346203,346206,17,1976,19,M_7127,Other
7128,exp,exp_name,charlotte,Charlotte,346230,346239,6,1976,19,M_7128,PROPN
7129,booknlp,COREF,116,I,346249,346250,4,1976,19,M_7129,Other
7130,pdnc,qID,Q1472-0,you,346256,346259,17,1976,19,M_7130,Other
7131,booknlp,COREF,116,She,346333,346336,4,1977,19,M_7131,Other
7132,booknlp,COREF,116,her,346341,346344,4,1977,19,M_7132,Other
7133,exp,exp_name,lucy,Lucy,346618,346622,4,1977,19,M_7133,PROPN
7134,booknlp,COREF,116,she,346677,346680,4,1977,19,M_7134,Other
7135,exp,exp_name,charlotte,Charlotte,346838,346847,6,1977,19,M_7135,PROPN
7136,booknlp,COREF,116,she,346877,346880,4,1977,19,M_7136,Other
7137,exp,exp_name,miss bartlett,Miss Bartlett,346916,346929,6,1977,19,M_7137,PROPN
7138,booknlp,COREF,115,she,346954,346957,6,1977,19,M_7138,Other
7139,exp,exp_name,mr. beebe,Mr. Beebe,347019,347028,10,1977,19,M_7139,PROPN
7140,booknlp,COREF,116,she,347157,347160,4,1977,19,M_7140,Other
7141,booknlp,COREF,280,he,347210,347212,20,1977,19,M_7141,Other
7142,booknlp,COREF,116,she,347301,347304,4,1977,19,M_7142,Other
7143,booknlp,COREF,116,her,347319,347322,4,1977,19,M_7143,Other
7144,pdnc,qID,Q1476-0,old lady,347373,347381,4,1977,19,M_7144,Other
7145,exp,exp_name,lucy,Lucy,347431,347435,4,1977,19,M_7145,PROPN
7146,exp,exp_name,powell,Powell,347440,347446,20,1977,19,M_7146,PROPN
7147,exp,exp_name,mrs. honeychurch,Mrs. Honeychurch,347495,347511,17,1977,19,M_7147,PROPN
7148,booknlp,COREF,116,she,347552,347555,4,1977,19,M_7148,Other
7149,booknlp,COREF,116,she,347579,347582,4,1977,19,M_7149,Other
7150,booknlp,COREF,116,she,347681,347684,4,1977,19,M_7150,Other
7151,booknlp,COREF,116,she,347693,347696,4,1977,19,M_7151,Other
7152,pdnc,qID,Q1477-0,Powell,347742,347748,20,1978,19,M_7152,PROPN
7153,booknlp,COREF,116,she,347751,347754,4,1978,19,M_7153,Other
7154,pdnc,qID,Q1478-0,miss,347770,347774,17,1979,19,M_7154,Other
7155,booknlp,COREF,280,he,347777,347779,20,1979,19,M_7155,Other
7156,pdnc,qID,Q1480-0,the young gentleman,347840,347859,2,1981,19,M_7156,Other
7157,pdnc,qID,Q1480-0,his father,347865,347875,11,1981,19,M_7157,Other
7158,exp,exp_name,lucy,Lucy,348039,348043,4,1984,19,M_7158,PROPN
7159,booknlp,COREF,116,She,348092,348095,4,1984,19,M_7159,Other
7160,exp,exp_name,miss bartlett,Miss Bartlett,348116,348129,6,1984,19,M_7160,PROPN
7161,booknlp,COREF,116,she,348310,348313,4,1984,19,M_7161,Other
7162,booknlp,COREF,116,her,348326,348329,4,1984,19,M_7162,Other
7163,booknlp,COREF,116,she,348359,348362,4,1984,19,M_7163,Other
7164,exp,exp_name,the maid,the maid,348427,348435,23,1984,19,M_7164,PROPN
7165,booknlp,COREF,2625,she,348453,348456,23,1984,19,M_7165,Other
7166,exp,exp_name,miss bartlett,Miss Bartlett,348514,348527,6,1985,19,M_7166,PROPN
7167,booknlp,COREF,116,she,348604,348607,4,1985,19,M_7167,Other
7168,exp,exp_name,mr. beebe,Mr. Beebe,348622,348631,10,1985,19,M_7168,PROPN
7169,booknlp,COREF,119,his,348636,348639,10,1985,19,M_7169,Other
7170,booknlp,COREF,116,she,348669,348672,4,1985,19,M_7170,Other
7171,booknlp,COREF,116,she,348700,348703,4,1985,19,M_7171,Other
7172,booknlp,COREF,116,her,348713,348716,4,1985,19,M_7172,Other
7173,exp,exp_name,the hostess,the hostess,348830,348841,33,1986,19,M_7173,PROPN
7174,booknlp,COREF,1989,I,348852,348853,33,1986,19,M_7174,Other
7175,pdnc,qID,Q1483-1,'s,348879,348881,4,1986,19,M_7175,Other
7176,pdnc,qID,Q1483-1,Powell,348890,348896,20,1986,19,M_7176,PROPN
7177,pdnc,qID,Q1484-0,Lucy,348929,348933,4,1987,19,M_7177,PROPN
7178,booknlp,COREF,1989,me,348961,348963,33,1988,19,M_7178,Other
7179,pdnc,qID,Q1485-0,you,348971,348974,6,1988,19,M_7179,Other
7180,exp,exp_name,lucy,Lucy,349191,349195,4,1989,19,M_7180,PROPN
7181,exp,exp_name,mr. beebe,Mr. Beebe,349202,349211,10,1989,19,M_7181,PROPN
7182,booknlp,COREF,116,She,349532,349535,4,1990,19,M_7182,Other
7183,exp,exp_name,the maid,the maid,349545,349553,23,1990,19,M_7183,PROPN
7184,booknlp,COREF,116,she,349579,349582,4,1991,19,M_7184,Other
7185,exp,exp_name,mr. beebe,Mr. Beebe,349604,349613,10,1991,19,M_7185,PROPN
7186,booknlp,COREF,116,She,349654,349657,4,1992,19,M_7186,Other
7187,exp,exp_name,lucy,Lucy,349709,349713,4,1993,19,M_7187,PROPN
7188,pdnc,qID,Q1486-0,lady,349734,349738,4,1993,19,M_7188,PROPN
7189,exp,exp_name,old mr. emerson,Old Mr. Emerson,349755,349770,11,1994,19,M_7189,PROPN
7190,booknlp,COREF,261,his,349801,349804,11,1994,19,M_7190,Other
7191,pdnc,qID,Q1487-0,Miss Honeychurch,349835,349851,4,1995,19,M_7191,PROPN
7192,pdnc,qID,Q1487-0,you,349858,349861,4,1995,19,M_7192,Other
7193,booknlp,COREF,261,he,349876,349878,11,1995,19,M_7193,Other
7194,exp,exp_name,lucy,Lucy,349893,349897,4,1995,19,M_7194,PROPN
7195,booknlp,COREF,261,him,349919,349922,11,1995,19,M_7195,Other
7196,booknlp,COREF,116,her,349968,349971,4,1996,19,M_7196,Other
7197,exp,exp_name,george,George,349978,349984,2,1996,19,M_7197,PROPN
7198,booknlp,COREF,116,she,349985,349988,4,1996,19,M_7198,Other
7199,booknlp,COREF,116,she,350032,350035,4,1996,19,M_7199,Other
7200,pdnc,qID,Q1488-0,Miss Honeychurch,350077,350093,4,1997,19,M_7200,PROPN
7201,pdnc,qID,Q1488-0,dear,350095,350099,4,1997,19,M_7201,Other
7202,pdnc,qID,Q1488-0,George,350118,350124,2,1997,19,M_7202,PROPN
7203,pdnc,qID,Q1488-0,He,350138,350140,2,1997,19,M_7203,Other
7204,pdnc,qID,Q1488-0,he,350149,350151,2,1997,19,M_7204,Other
7205,pdnc,qID,Q1488-0,my boy,350187,350193,2,1997,19,M_7205,Other
7206,pdnc,qID,Q1488-0,he,350210,350212,2,1997,19,M_7206,Other
7207,pdnc,qID,Q1488-0,He,350232,350234,2,1997,19,M_7207,Other
7208,booknlp,COREF,116,she,350302,350305,4,1998,19,M_7208,Other
7209,pdnc,qID,Q1489-0,you,350363,350366,4,1999,19,M_7209,Other
7210,pdnc,qID,Q1489-0,him,350382,350385,2,1999,19,M_7210,Other
7211,exp,exp_name,lucy,Lucy,350389,350393,4,2000,19,M_7211,PROPN
7212,booknlp,COREF,116,her,350401,350404,4,2000,19,M_7212,Other
7213,exp,exp_name,mr. beebe,Mr. Beebe,350432,350441,10,2000,19,M_7213,PROPN
7214,pdnc,qID,Q1490-0,him,350462,350465,2,2001,19,M_7214,Other
7215,booknlp,COREF,116,you,350614,350617,4,2001,19,M_7215,Other
7216,booknlp,COREF,116,you,350647,350650,4,2001,19,M_7216,Other
7217,pdnc,qID,Q1491-0,Poor boy,350775,350783,2,2001,19,M_7217,Other
7218,pdnc,qID,Q1491-0,He,350785,350787,2,2001,19,M_7218,Other
7219,pdnc,qID,Q1491-0,He,350801,350803,2,2001,19,M_7219,Other
7220,pdnc,qID,Q1491-0,he,350809,350811,2,2001,19,M_7220,Other
7221,pdnc,qID,Q1491-0,you,350837,350840,4,2001,19,M_7221,Other
7222,pdnc,qID,Q1491-0,your cousin,350849,350860,6,2001,19,M_7222,Other
7223,pdnc,qID,Q1491-0,you,350879,350882,4,2001,19,M_7223,Other
7224,pdnc,qID,Q1491-0,you,350888,350891,4,2001,19,M_7224,Other
7225,pdnc,qID,Q1491-1,Miss Honeychurch,350972,350988,4,2001,19,M_7225,PROPN
7226,pdnc,qID,Q1491-1,you,350993,350996,4,2001,19,M_7226,Other
7227,exp,exp_name,lucy,Lucy,351015,351019,4,2002,19,M_7227,PROPN
7228,booknlp,COREF,116,her,351094,351097,4,2002,19,M_7228,Other
7229,booknlp,COREF,116,she,351104,351107,4,2002,19,M_7229,Other
7230,booknlp,COREF,116,I,351115,351116,4,2002,19,M_7230,Other
7231,pdnc,qID,Q1492-0,your son,351177,351185,2,2002,19,M_7231,Other
7232,pdnc,qID,Q1493-0,you,351194,351197,4,2003,19,M_7232,Other
7233,pdnc,qID,Q1494-0,He,351217,351219,2,2004,19,M_7233,Other
7234,pdnc,qID,Q1494-0,himself,351235,351242,2,2004,19,M_7234,Other
7235,booknlp,COREF,116,I,351262,351263,4,2005,19,M_7235,Other
7236,pdnc,qID,Q1495-0,he,351283,351285,2,2005,19,M_7236,Other
7237,pdnc,qID,Q1495-0,you,351292,351295,4,2005,19,M_7237,Other
7238,booknlp,COREF,116,I,351309,351310,4,2005,19,M_7238,Other
7239,booknlp,COREF,116,I,351340,351341,4,2005,19,M_7239,Other
7240,booknlp,COREF,116,I,351343,351344,4,2005,19,M_7240,Other
7241,pdnc,qID,Q1495-0,he,351354,351356,2,2005,19,M_7241,Other
7242,booknlp,COREF,116,she,351391,351394,4,2006,19,M_7242,Other
7243,pdnc,qID,Q1496-0,he,351556,351558,2,2007,19,M_7243,Other
7244,booknlp,COREF,116,she,351584,351587,4,2007,19,M_7244,Other
7245,booknlp,COREF,116,I,351595,351596,4,2007,19,M_7245,Other
7246,pdnc,qID,Q1496-1,he,351605,351607,2,2007,19,M_7246,Other
7247,pdnc,qID,Q1496-1,he,351635,351637,2,2007,19,M_7247,Other
7248,pdnc,qID,Q1498-0,He,351693,351695,2,2008,19,M_7248,Other
7249,pdnc,qID,Q1498-0,he,351712,351714,2,2008,19,M_7249,Other
7250,pdnc,qID,Q1498-0,You,351738,351741,4,2008,19,M_7250,Other
7251,pdnc,qID,Q1498-0,you,351751,351754,4,2008,19,M_7251,Other
7252,pdnc,qID,Q1498-0,Miss Honeychurch,351761,351777,4,2008,19,M_7252,PROPN
7253,pdnc,qID,Q1498-0,you,351779,351782,4,2008,19,M_7253,Other
7254,pdnc,qID,Q1498-0,you,351810,351813,4,2008,19,M_7254,Other
7255,pdnc,qID,Q1498-0,George,351837,351843,2,2008,19,M_7255,PROPN
7256,pdnc,qID,Q1498-0,he,351858,351860,2,2008,19,M_7256,Other
7257,exp,exp_name,lucy,Lucy,351900,351904,4,2009,19,M_7257,PROPN
7258,exp,exp_name,cecil,Cecil,351934,351939,0,2009,19,M_7258,PROPN
7259,booknlp,COREF,116,I,351975,351976,4,2009,19,M_7259,Other
7260,booknlp,COREF,116,I,351986,351987,4,2009,19,M_7260,Other
7261,pdnc,qID,Q1499-1,your son,352002,352010,2,2009,19,M_7261,Other
7262,booknlp,COREF,116,I,352012,352013,4,2009,19,M_7262,Other
7263,booknlp,COREF,116,I,352020,352021,4,2009,19,M_7263,Other
7264,pdnc,qID,Q1499-1,My mother,352052,352061,17,2009,19,M_7264,Other
7265,pdnc,qID,Q1499-1,my cousin,352066,352075,6,2009,19,M_7265,Other
7266,booknlp,COREF,116,I,352087,352088,4,2009,19,M_7266,Other
7267,pdnc,qID,Q1500-0,he,352134,352136,2,2010,19,M_7267,Other
7268,booknlp,COREF,116,I,352283,352284,4,2013,19,M_7268,Other
7269,pdnc,qID,Q1505-0,Mr. Emerson,352333,352344,11,2015,19,M_7269,PROPN
7270,pdnc,qID,Q1505-0,MR. EMERSON,352346,352357,11,2015,19,M_7270,Other
7271,pdnc,qID,Q1505-0,you,352368,352371,11,2015,19,M_7271,Other
7272,pdnc,qID,Q1506-0,George,352411,352417,2,2016,19,M_7272,PROPN
7273,exp,exp_name,lucy,Lucy,352439,352443,4,2017,19,M_7273,PROPN
7274,pdnc,qID,Q1507-0,he,352507,352509,2,2018,19,M_7274,Other
7275,pdnc,qID,Q1507-0,he,352533,352535,2,2018,19,M_7275,Other
7276,pdnc,qID,Q1507-0,she,352551,352554,16,2018,19,M_7276,Other
7277,pdnc,qID,Q1507-0,She,352569,352572,16,2018,19,M_7277,Other
7278,pdnc,qID,Q1508-0,her,352688,352691,16,2018,19,M_7278,Other
7279,pdnc,qID,Q1508-0,our boy,352905,352912,2,2018,19,M_7279,Other
7280,pdnc,qID,Q1508-0,him,352967,352970,2,2018,19,M_7280,Other
7281,pdnc,qID,Q1508-0,Miss Honeychurch,352998,353014,4,2018,19,M_7281,PROPN
7282,booknlp,COREF,116,I,353066,353067,4,2019,19,M_7282,Other
7283,exp,exp_name,lucy,Lucy,353088,353092,4,2019,19,M_7283,PROPN
7284,booknlp,COREF,116,I,353095,353096,4,2019,19,M_7284,Other
7285,booknlp,COREF,116,I,353134,353135,4,2019,19,M_7285,Other
7286,pdnc,qID,Q1510-0,Mr. Eager,353175,353184,49,2020,19,M_7286,PROPN
7287,pdnc,qID,Q1510-0,he,353186,353188,49,2020,19,M_7287,Other
7288,pdnc,qID,Q1510-0,his,353233,353236,49,2020,19,M_7288,Other
7289,pdnc,qID,Q1510-0,him,353263,353266,49,2020,19,M_7289,Other
7290,pdnc,qID,Q1510-0,George,353297,353303,2,2020,19,M_7290,PROPN
7291,pdnc,qID,Q1510-0,she,353313,353316,16,2020,19,M_7291,Other
7292,pdnc,qID,Q1510-0,He,353326,353328,49,2020,19,M_7292,Other
7293,pdnc,qID,Q1510-0,her,353334,353337,16,2020,19,M_7293,Other
7294,pdnc,qID,Q1510-0,she,353359,353362,16,2020,19,M_7294,Other
7295,exp,exp_name,mr. emerson,Mr. Emerson,353412,353423,11,2021,19,M_7295,PROPN
7296,exp,exp_name,lucy,Lucy,353493,353497,4,2022,19,M_7296,PROPN
7297,booknlp,COREF,116,her,353510,353513,4,2022,19,M_7297,Other
7298,pdnc,qID,Q1512-0,He,353537,353539,2,2023,19,M_7298,Other
7299,pdnc,qID,Q1512-2,My boy,353708,353714,2,2023,19,M_7299,Other
7300,booknlp,COREF,116,She,353755,353758,4,2024,19,M_7300,Other
7301,exp,exp_name,mr. emerson,Mr. Emerson,353779,353790,11,2024,19,M_7301,PROPN
7302,pdnc,qID,Q1513-1,George,353850,353856,2,2025,19,M_7302,PROPN
7303,pdnc,qID,Q1513-1,He,353900,353902,2,2025,19,M_7303,Other
7304,pdnc,qID,Q1513-1,he,353921,353923,2,2025,19,M_7304,Other
7305,pdnc,qID,Q1513-1,his mother,353927,353937,16,2025,19,M_7305,Other
7306,pdnc,qID,Q1513-1,Her,353945,353948,16,2025,19,M_7306,Other
7307,pdnc,qID,Q1513-1,his,353959,353962,2,2025,19,M_7307,Other
7308,pdnc,qID,Q1513-1,she,353968,353971,16,2025,19,M_7308,Other
7309,pdnc,qID,Q1513-1,he,354021,354023,2,2025,19,M_7309,Other
7310,pdnc,qID,Q1513-1,He,354091,354093,2,2025,19,M_7310,Other
7311,pdnc,qID,Q1513-1,he,354109,354111,2,2025,19,M_7311,Other
7312,pdnc,qID,Q1513-1,He,354151,354153,2,2025,19,M_7312,Other
7313,pdnc,qID,Q1513-1,You,354193,354196,4,2025,19,M_7313,Other
7314,exp,exp_name,lucy,Lucy,354233,354237,4,2026,19,M_7314,PROPN
7315,booknlp,COREF,116,she,354260,354263,4,2026,19,M_7315,Other
7316,exp,exp_name,george,George,354283,354289,2,2026,19,M_7316,PROPN
7317,pdnc,qID,Q1514-0,you,354329,354332,4,2027,19,M_7317,Other
7318,pdnc,qID,Q1514-0,he,354391,354393,2,2027,19,M_7318,Other
7319,pdnc,qID,Q1514-0,your brother,354412,354424,1,2027,19,M_7319,Other
7320,pdnc,qID,Q1514-0,You,354445,354448,4,2027,19,M_7320,Other
7321,pdnc,qID,Q1514-0,him,354453,354456,2,2027,19,M_7321,Other
7322,booknlp,COREF,116,I,354469,354470,4,2028,19,M_7322,Other
7323,booknlp,COREF,116,I,354526,354527,4,2028,19,M_7323,Other
7324,booknlp,COREF,116,I,354598,354599,4,2029,19,M_7324,Other
7325,booknlp,COREF,116,I,354625,354626,4,2029,19,M_7325,Other
7326,pdnc,qID,Q1516-0,he,354652,354654,2,2029,19,M_7326,Other
7327,booknlp,COREF,116,me,354670,354672,4,2029,19,M_7327,Other
7328,pdnc,qID,Q1516-0,he,354674,354676,2,2029,19,M_7328,Other
7329,booknlp,COREF,116,me,354683,354685,4,2029,19,M_7329,Other
7330,pdnc,qID,Q1516-0,George,354729,354735,2,2029,19,M_7330,PROPN
7331,booknlp,COREF,116,me,354768,354770,4,2029,19,M_7331,Other
7332,pdnc,qID,Q1516-0,his,354777,354780,2,2029,19,M_7332,Other
7333,pdnc,qID,Q1516-0,He,354795,354797,2,2029,19,M_7333,Other
7334,booknlp,COREF,116,I,354831,354832,4,2029,19,M_7334,Other
7335,pdnc,qID,Q1516-0,he,354847,354849,2,2029,19,M_7335,Other
7336,pdnc,qID,Q1517-0,Mr. Emerson,354857,354868,11,2030,19,M_7336,PROPN
7337,exp,exp_name,the girl,the girl,354877,354885,19,2030,19,M_7337,PROPN
7338,booknlp,COREF,332,my,354917,354919,19,2030,19,M_7338,Other
7339,booknlp,COREF,332,I,354929,354930,19,2030,19,M_7339,Other
7340,pdnc,qID,Q1517-1,your,354963,354967,11,2030,19,M_7340,Other
7341,booknlp,COREF,332,her,355011,355014,19,2031,19,M_7341,Other
7342,pdnc,qID,Q1518-0,Mr. Beebe,355085,355094,10,2031,19,M_7342,PROPN
7343,pdnc,qID,Q1519-0,you,355203,355206,11,2032,19,M_7343,Other
7344,pdnc,qID,Q1520-0,George,355263,355269,2,2033,19,M_7344,PROPN
7345,pdnc,qID,Q1520-0,him,355283,355286,2,2033,19,M_7345,Other
7346,pdnc,qID,Q1520-0,he,355315,355317,2,2033,19,M_7346,Other
7347,pdnc,qID,Q1520-0,He,355325,355327,2,2033,19,M_7347,Other
7348,pdnc,qID,Q1520-0,you,355355,355358,4,2033,19,M_7348,Other
7349,pdnc,qID,Q1520-0,you,355380,355383,4,2033,19,M_7349,Other
7350,pdnc,qID,Q1520-0,him,355405,355408,2,2033,19,M_7350,Other
7351,pdnc,qID,Q1521-0,Mr. Emerson,355453,355464,11,2034,19,M_7351,PROPN
7352,pdnc,qID,Q1522-0,you,355495,355498,11,2034,19,M_7352,Other
7353,booknlp,COREF,332,I,355508,355509,19,2034,19,M_7353,Other
7354,booknlp,COREF,332,I,355553,355554,19,2034,19,M_7354,Other
7355,pdnc,qID,Q1522-0,you,355566,355569,11,2034,19,M_7355,Other
7356,pdnc,qID,Q1522-0,your,355584,355588,11,2034,19,M_7356,Other
7357,pdnc,qID,Q1522-0,you,355600,355603,11,2034,19,M_7357,Other
7358,booknlp,COREF,332,my,355657,355659,19,2034,19,M_7358,Other
7359,pdnc,qID,Q1522-0,You,355669,355672,11,2034,19,M_7359,Other
7360,booknlp,COREF,332,I,355684,355685,19,2034,19,M_7360,Other
7361,pdnc,qID,Q1526-0,We,355881,355883,2,2039,19,M_7361,Other
7362,pdnc,qID,Q1528-0,Mr. Vyse,355996,356004,0,2041,19,M_7362,PROPN
7363,pdnc,qID,Q1528-0,George,356024,356030,2,2041,19,M_7363,PROPN
7364,pdnc,qID,Q1528-0,George ,356052,356059,2,2041,19,M_7364,PROPN
7365,pdnc,qID,Q1528-0,We,356067,356069,11,2041,19,M_7365,Other
7366,pdnc,qID,Q1528-0,we,356116,356118,11,2041,19,M_7366,Other
7367,exp,exp_name,lucy,Lucy,356332,356336,4,2042,19,M_7367,PROPN
7368,exp,exp_name,mr. emerson,Mr. Emerson,356360,356371,11,2042,19,M_7368,PROPN
7369,exp,exp_name,mr. beebe,Mr. Beebe,356416,356425,10,2042,19,M_7369,PROPN
7370,pdnc,qID,Q1530-0,Miss Honeychurch,356739,356755,4,2045,19,M_7370,PROPN
7371,pdnc,qID,Q1530-0,you,356757,356760,4,2045,19,M_7371,Other
7372,exp,exp_name,lucy,Lucy,356797,356801,4,2046,19,M_7372,PROPN
7373,pdnc,qID,Q1532-0,you,356830,356833,4,2047,19,M_7373,Other
7374,pdnc,qID,Q1532-0,George,356861,356867,2,2047,19,M_7374,PROPN
7375,pdnc,qID,Q1532-0,you,356874,356877,4,2047,19,M_7375,Other
7376,pdnc,qID,Q1532-0,you,356893,356896,4,2047,19,M_7376,Other
7377,pdnc,qID,Q1534-0,you ,357014,357018,4,2049,19,M_7377,Other
7378,exp,exp_name,lucy,Lucy,357097,357101,4,2050,19,M_7378,PROPN
7379,booknlp,COREF,116,her,357112,357115,4,2050,19,M_7379,Other
7380,pdnc,qID,Q1536-0,Mr. Vyse,357196,357204,0,2051,19,M_7380,PROPN
7381,pdnc,qID,Q1536-0,you,357219,357222,4,2051,19,M_7381,Other
7382,pdnc,qID,Q1536-0,George ,357249,357256,2,2051,19,M_7382,PROPN
7383,pdnc,qID,Q1536-0,you,357267,357270,4,2051,19,M_7383,Other
7384,pdnc,qID,Q1538-0,you,357309,357312,4,2053,19,M_7384,Other
7385,pdnc,qID,Q1538-0,Mr. Vyse,357336,357344,0,2053,19,M_7385,PROPN
7386,pdnc,qID,Q1539-0,you,357355,357358,11,2054,19,M_7386,Other
7387,exp,exp_name,mr. beebe,Mr. Beebe,357377,357386,10,2055,19,M_7387,PROPN
7388,booknlp,COREF,119,His,357410,357413,10,2055,19,M_7388,Other
7389,booknlp,COREF,119,he,357465,357467,10,2055,19,M_7389,Other
7390,booknlp,COREF,119,I,357482,357483,10,2055,19,M_7390,Other
7391,booknlp,COREF,116,you,357495,357498,4,2055,19,M_7391,Other
7392,pdnc,qID,Q1540-1,your cousin,357594,357605,6,2055,19,M_7392,Other
7393,pdnc,qID,Q1540-1,your mother,357607,357618,17,2055,19,M_7393,Other
7394,booknlp,COREF,119,my,357624,357626,10,2055,19,M_7394,Other
7395,pdnc,qID,Q1540-1,Powell ,357699,357706,20,2055,19,M_7395,PROPN
7396,booknlp,COREF,119,I,357759,357760,10,2057,19,M_7396,Other
7397,pdnc,qID,Q1543-0,you,357813,357816,10,2058,19,M_7397,Other
7398,pdnc,qID,Q1544-0,you,357825,357828,4,2059,19,M_7398,Other
7399,pdnc,qID,Q1544-0,Mr. Emerson,357834,357845,11,2059,19,M_7399,PROPN
7400,pdnc,qID,Q1546-0,you,357882,357885,11,2061,19,M_7400,Other
7401,pdnc,qID,Q1546-0,her,357910,357913,4,2061,19,M_7401,Other
7402,pdnc,qID,Q1546-0,Mr. Emerson,357915,357926,11,2061,19,M_7402,PROPN
7403,pdnc,qID,Q1546-0,Miss Honeychurch,357966,357982,4,2061,19,M_7403,PROPN
7404,pdnc,qID,Q1547-0,He,358102,358104,0,2062,19,M_7404,Other
7405,pdnc,qID,Q1547-1,Mr. Vyse,358155,358163,0,2062,19,M_7405,PROPN
7406,exp,exp_name,george,George,358247,358253,2,2063,19,M_7406,PROPN
7407,exp,exp_name,cecil,Cecil,358258,358263,0,2063,19,M_7407,PROPN
7408,exp,exp_name,cecil,Cecil,358677,358682,0,2063,19,M_7408,PROPN
7409,pdnc,qID,Q1548-0,You,358810,358813,4,2063,19,M_7409,Other
7410,pdnc,qID,Q1548-0,him,358826,358829,0,2063,19,M_7410,Other
7411,pdnc,qID,Q1548-0,You,358831,358834,4,2063,19,M_7411,Other
7412,pdnc,qID,Q1548-0,you,358855,358858,4,2063,19,M_7412,Other
7413,pdnc,qID,Q1550-0,Miss Honeychurch,358889,358905,4,2065,19,M_7413,PROPN
7414,exp,exp_name,mr. beebe,Mr. Beebe,359014,359023,10,2066,19,M_7414,PROPN
7415,pdnc,qID,Q1551-0,My dear,359152,359159,4,2066,19,M_7415,Other
7416,pdnc,qID,Q1551-0,you,359180,359183,4,2066,19,M_7416,Other
7417,pdnc,qID,Q1551-1,you,359239,359242,4,2066,19,M_7417,Other
7418,exp,exp_name,fate,Fate,359391,359395,26,2068,19,M_7418,PROPN
7419,pdnc,qID,Q1552-0,George,359671,359677,2,2068,19,M_7419,PROPN
7420,pdnc,qID,Q1552-0,you,359722,359725,4,2068,19,M_7420,Other
7421,pdnc,qID,Q1552-0,you,359756,359759,4,2068,19,M_7421,Other
7422,pdnc,qID,Q1552-0,you,359808,359811,4,2068,19,M_7422,Other
7423,pdnc,qID,Q1552-0,you,359834,359837,4,2068,19,M_7423,Other
7424,pdnc,qID,Q1552-0,you,359933,359936,4,2068,19,M_7424,Other
7425,pdnc,qID,Q1553-0,Miss Honeychurch,359987,360003,4,2068,19,M_7425,PROPN
7426,pdnc,qID,Q1556-0,You,360387,360390,4,2068,19,M_7426,Other
7427,pdnc,qID,Q1556-0,George,360396,360402,2,2068,19,M_7427,PROPN
7428,exp,exp_name,lucy,Lucy,360465,360469,4,2068,19,M_7428,PROPN
7429,pdnc,qID,Q1557-0,you,360506,360509,4,2069,19,M_7429,Other
7430,pdnc,qID,Q1557-1,You,360559,360562,4,2069,19,M_7430,Other
7431,pdnc,qID,Q1557-1,the boy,360568,360575,2,2069,19,M_7431,Other
7432,pdnc,qID,Q1557-1,he,360613,360615,2,2069,19,M_7432,Other
7433,pdnc,qID,Q1557-1,you,360622,360625,4,2069,19,M_7433,Other
7434,pdnc,qID,Q1557-1,You,360659,360662,4,2069,19,M_7434,Other
7435,pdnc,qID,Q1557-1,the other man,360675,360688,0,2069,19,M_7435,Other
7436,pdnc,qID,Q1557-1,his,360693,360696,2,2069,19,M_7436,Other
7437,pdnc,qID,Q1558-0,you,360715,360718,11,2070,19,M_7437,Other
7438,exp,exp_name,lucy,Lucy,360728,360732,4,2070,19,M_7438,PROPN
7439,booknlp,COREF,116,her,360764,360767,4,2070,19,M_7439,Other
7440,pdnc,qID,Q1559-0,you,360867,360870,4,2071,19,M_7440,Other
7441,booknlp,COREF,116,She,360878,360881,4,2072,19,M_7441,Other
7442,pdnc,qID,Q1560-0,You,360911,360914,4,2073,19,M_7442,Other
7443,pdnc,qID,Q1560-0,you,360947,360950,4,2073,19,M_7443,Other
7444,pdnc,qID,Q1560-0,you,360993,360996,4,2073,19,M_7444,Other
7445,pdnc,qID,Q1560-0,You,361011,361014,4,2073,19,M_7445,Other
7446,pdnc,qID,Q1560-0,your,361030,361034,4,2073,19,M_7446,Other
7447,pdnc,qID,Q1560-0,You,361056,361059,4,2073,19,M_7447,Other
7448,pdnc,qID,Q1560-0,you,361211,361214,4,2073,19,M_7448,Other
7449,pdnc,qID,Q1560-0,George,361240,361246,2,2073,19,M_7449,PROPN
7450,pdnc,qID,Q1560-0,you,361248,361251,4,2073,19,M_7450,Other
7451,pdnc,qID,Q1560-0,you,361277,361280,4,2073,19,M_7451,Other
7452,pdnc,qID,Q1560-0,him,361286,361289,2,2073,19,M_7452,Other
7453,pdnc,qID,Q1560-0,his,361299,361302,2,2073,19,M_7453,Other
7454,pdnc,qID,Q1560-0,He,361309,361311,2,2073,19,M_7454,Other
7455,pdnc,qID,Q1560-0,you,361331,361334,4,2073,19,M_7455,Other
7456,pdnc,qID,Q1560-0,you,361343,361346,4,2073,19,M_7456,Other
7457,pdnc,qID,Q1560-0,him,361376,361379,2,2073,19,M_7457,Other
7458,pdnc,qID,Q1560-0,his,361397,361400,2,2073,19,M_7458,Other
7459,pdnc,qID,Q1560-0,George,361412,361418,2,2073,19,M_7459,PROPN
7460,pdnc,qID,Q1560-0,your,361432,361436,4,2073,19,M_7460,Other
7461,pdnc,qID,Q1560-0,you,361451,361454,4,2073,19,M_7461,Other
7462,pdnc,qID,Q1560-0,You,361499,361502,4,2073,19,M_7462,Other
7463,pdnc,qID,Q1560-0,you,361605,361608,4,2073,19,M_7463,Other
7464,exp,exp_name,lucy,Lucy,361676,361680,4,2074,19,M_7464,PROPN
7465,booknlp,COREF,116,her,361717,361720,4,2074,19,M_7465,Other
7466,booknlp,COREF,116,her,361745,361748,4,2074,19,M_7466,Other
7467,pdnc,qID,Q1561-0,Your,361965,361969,4,2075,19,M_7467,Other
7468,pdnc,qID,Q1561-0,dear Lucy,361976,361985,4,2075,19,M_7468,Other
7469,pdnc,qID,Q1561-0,you,362173,362176,4,2075,19,M_7469,Other
7470,pdnc,qID,Q1561-0,yours,362185,362190,4,2075,19,M_7470,Other
7471,pdnc,qID,Q1562-0,you,362357,362360,4,2075,19,M_7471,Other
7472,pdnc,qID,Q1562-0,Dear girl,362366,362375,4,2075,19,M_7472,Other
7473,pdnc,qID,Q1562-0,my boy,362405,362411,2,2075,19,M_7473,Other
7474,pdnc,qID,Q1562-0,him,362487,362490,2,2075,19,M_7474,Other
7475,pdnc,qID,Q1563-0,Lucy,362717,362721,4,2077,19,M_7475,PROPN
7476,pdnc,qID,Q1564-0,You,362727,362730,11,2078,19,M_7476,Other
7477,pdnc,qID,Q1564-1,Cecil,362763,362768,0,2078,19,M_7477,Other
7478,pdnc,qID,Q1564-1,Mr. Beebe,362770,362779,10,2078,19,M_7478,PROPN
7479,pdnc,qID,Q1564-2,him,362912,362915,2,2078,19,M_7479,Other
7480,pdnc,qID,Q1564-2,his,362954,362957,2,2078,19,M_7480,Other
7481,pdnc,qID,Q1565-0,George,363028,363034,2,2080,19,M_7481,PROPN
7482,pdnc,qID,Q1565-0,him,363060,363063,2,2080,19,M_7482,Other
7483,pdnc,qID,Q1566-0,Lucy,363152,363156,4,2081,19,M_7483,PROPN
7484,pdnc,qID,Q1567-0,Mr. Emerson,363204,363215,11,2082,19,M_7484,PROPN
7485,pdnc,qID,Q1568-0,you,363262,363265,4,2083,19,M_7485,Other
7486,exp,exp_name,mr. beebe,Mr. Beebe,363288,363297,10,2084,19,M_7486,PROPN
7487,pdnc,qID,Q1569-0,my mother,363331,363340,14,2084,19,M_7487,Other
7488,exp,exp_name,mr. beebe,Mr. Beebe,363401,363410,10,2086,19,M_7488,PROPN
7489,booknlp,COREF,119,I,363422,363423,10,2087,19,M_7489,Other
7490,pdnc,qID,Q1572-0,you,363447,363450,10,2087,19,M_7490,Other
7491,pdnc,qID,Q1572-0,her,363457,363460,4,2087,19,M_7491,Other
7492,pdnc,qID,Q1572-0,she,363466,363469,4,2087,19,M_7492,Other
7493,pdnc,qID,Q1572-0,you,363479,363482,10,2087,19,M_7493,Other
7494,pdnc,qID,Q1573-0,mother,363499,363505,14,2088,19,M_7494,Other
7495,booknlp,COREF,119,He,363508,363510,10,2088,19,M_7495,Other
7496,booknlp,COREF,119,I,363540,363541,10,2089,19,M_7496,Other
7497,pdnc,qID,Q1574-0,you,363555,363558,11,2089,19,M_7497,Other
7498,pdnc,qID,Q1574-0,Mr. Emerson,363560,363571,11,2089,19,M_7498,PROPN
7499,pdnc,qID,Q1574-0,you,363584,363587,11,2089,19,M_7499,Other
7500,pdnc,qID,Q1575-0,she,363617,363620,4,2090,19,M_7500,Other
7501,pdnc,qID,Q1575-0,she,363647,363650,4,2090,19,M_7501,Other
7502,pdnc,qID,Q1575-0,George,363664,363670,2,2090,19,M_7502,PROPN
7503,exp,exp_name,mr. beebe,Mr. Beebe,363713,363722,10,2091,19,M_7503,PROPN
7504,booknlp,COREF,119,He,363751,363753,10,2091,19,M_7504,Other
7505,booknlp,COREF,119,his,363774,363777,10,2091,19,M_7505,Other
7506,booknlp,COREF,119,he,363861,363863,10,2091,19,M_7506,Other
7507,booknlp,COREF,116,I,363895,363896,4,2092,19,M_7507,Other
7508,pdnc,qID,Q1576-0,him,363915,363918,2,2092,19,M_7508,Other
7509,exp,exp_name,lucy,Lucy,363930,363934,4,2092,19,M_7509,PROPN
7510,booknlp,COREF,119,him,363966,363969,10,2093,19,M_7510,Other
7511,booknlp,COREF,119,he,363975,363977,10,2093,19,M_7511,Other
7512,pdnc,qID,Q1578-0,Mr. Beebe,363997,364006,10,2094,19,M_7512,PROPN
7513,booknlp,COREF,119,I,364008,364009,10,2094,19,M_7513,Other
7514,pdnc,qID,Q1578-0,you,364022,364025,10,2094,19,M_7514,Other
7515,booknlp,COREF,119,I,364027,364028,10,2094,19,M_7515,Other
7516,booknlp,COREF,119,myself--,364041,364049,10,2094,19,M_7516,PROPN
7517,pdnc,qID,Q1579-0,Miss Honeychurch,364066,364082,4,2095,19,M_7517,PROPN
7518,pdnc,qID,Q1580-1,you,364161,364164,10,2096,19,M_7518,Other
7519,exp,exp_name,mr. beebe,Mr. Beebe,364185,364194,10,2097,19,M_7519,PROPN
7520,booknlp,COREF,119,his,364200,364203,10,2097,19,M_7520,Other
7521,exp,exp_name,lucy,Lucy,364249,364253,4,2098,19,M_7521,PROPN
7522,exp,exp_name,lucy,Lucy,364255,364259,4,2098,19,M_7522,PROPN
7523,pdnc,qID,Q1581-0,Mr. Beebe,364297,364306,10,2099,19,M_7523,PROPN
7524,pdnc,qID,Q1581-0,you,364314,364317,10,2099,19,M_7524,Other
7525,booknlp,COREF,119,me,364323,364325,10,2099,19,M_7525,Other
7526,booknlp,COREF,119,He,364329,364331,10,2100,19,M_7526,Other
7527,booknlp,COREF,119,I,364395,364396,10,2100,19,M_7527,Other
7528,booknlp,COREF,119,I,364418,364419,10,2100,19,M_7528,Other
7529,pdnc,qID,Q1584-0,Mr. Emerson,364552,364563,11,2102,19,M_7529,PROPN
7530,booknlp,COREF,119,me,364600,364602,10,2102,19,M_7530,Other
7531,pdnc,qID,Q1584-0,George,364610,364616,2,2102,19,M_7531,PROPN
7532,pdnc,qID,Q1584-0,Miss Honeychurch,364618,364634,4,2102,19,M_7532,PROPN
7533,pdnc,qID,Q1584-0,He,364636,364638,2,2102,19,M_7533,Other
7534,booknlp,COREF,119,He,364660,364662,10,2103,19,M_7534,Other
7535,booknlp,COREF,119,him,364700,364703,10,2103,19,M_7535,Other
7536,booknlp,COREF,119,his,364712,364715,10,2103,19,M_7536,Other
7537,exp,exp_name,lucy,Lucy,364736,364740,4,2104,19,M_7537,PROPN
7538,exp,exp_name,mr. emerson,Mr. Emerson,364777,364788,11,2105,19,M_7538,PROPN
7539,pdnc,qID,Q1585-0,George,365026,365032,2,2106,19,M_7539,PROPN
7540,pdnc,qID,Q1585-0,you,365043,365046,4,2106,19,M_7540,Other
7541,pdnc,qID,Q1585-0,you,365071,365074,4,2106,19,M_7541,Other
7542,pdnc,qID,Q1585-0,You,365082,365085,4,2106,19,M_7542,Other
7543,pdnc,qID,Q1585-0,you,365160,365163,4,2106,19,M_7543,Other
7544,pdnc,qID,Q1585-0,yourself,365174,365182,4,2106,19,M_7544,Other
7545,pdnc,qID,Q1585-0,your mother,365188,365199,17,2106,19,M_7545,Other
7546,pdnc,qID,Q1585-0,your,365208,365212,4,2106,19,M_7546,Other
7547,pdnc,qID,Q1585-0,you,365234,365237,4,2106,19,M_7547,Other
7548,pdnc,qID,Q1585-0,my darling,365243,365253,4,2106,19,M_7548,Other
7549,pdnc,qID,Q1585-0,George,365300,365306,2,2106,19,M_7549,PROPN
7550,pdnc,qID,Q1585-0,him,365369,365372,2,2106,19,M_7550,Other
7551,pdnc,qID,Q1587-0,You ,365523,365527,11,2107,19,M_7551,Other
7552,booknlp,COREF,332,me,365532,365534,19,2107,19,M_7552,Other
7553,exp,exp_name,the girl,the girl,365542,365550,19,2107,19,M_7553,PROPN
7554,pdnc,qID,Q1587-1,You,365553,365556,11,2107,19,M_7554,Other
7555,booknlp,COREF,332,me,365562,365564,19,2107,19,M_7555,Other
7556,booknlp,COREF,332,I,365566,365567,19,2107,19,M_7556,Other
7557,booknlp,COREF,332,her,365588,365591,19,2108,19,M_7557,Other
7558,booknlp,COREF,332,she,365658,365661,19,2108,19,M_7558,Other
7559,booknlp,COREF,332,she,365669,365672,19,2108,19,M_7559,Other
7560,booknlp,COREF,332,her,365741,365744,19,2108,19,M_7560,Other
7561,booknlp,COREF,332,she,365761,365764,19,2108,19,M_7561,Other
7562,booknlp,COREF,332,her,365890,365893,19,2108,19,M_7562,Other
7563,booknlp,COREF,332,She,365925,365928,19,2108,19,M_7563,Other
7564,booknlp,COREF,332,she,365957,365960,19,2108,19,M_7564,Other
7565,pdnc,qID,Q1588-1,he,365992,365994,11,2108,19,M_7565,Other
7566,pdnc,qID,Q1588-1,her,366017,366020,4,2108,19,M_7566,Other
7567,pdnc,qID,Q1588-1,he,366035,366037,11,2108,19,M_7567,Other
7568,pdnc,qID,Q1588-1,her,366047,366050,4,2108,19,M_7568,Other
7569,exp,exp_name,george,George,366773,366779,2,2111,20,M_7569,PROPN
7570,exp,exp_name,lucy,Lucy,366828,366832,4,2112,20,M_7570,PROPN
7571,booknlp,COREF,116,I,366858,366859,4,2112,20,M_7571,Other
7572,booknlp,COREF,116,I,366869,366870,4,2112,20,M_7572,Other
7573,pdnc,qID,Q1589-1,your father,366875,366886,11,2112,20,M_7573,Other
7574,booknlp,COREF,116,I,366895,366896,4,2112,20,M_7574,Other
7575,pdnc,qID,Q1589-1,Charlotte,366909,366918,6,2112,20,M_7575,PROPN
7576,booknlp,COREF,116,me,366924,366926,4,2112,20,M_7576,Other
7577,booknlp,COREF,116,her,366997,367000,4,2113,20,M_7577,Other
7578,pdnc,qID,Q1590-0,George,367008,367014,2,2114,20,M_7578,PROPN
7579,pdnc,qID,Q1590-0,you,367016,367019,2,2114,20,M_7579,Other
7580,exp,exp_name,george,George,367074,367080,2,2115,20,M_7580,PROPN
7581,booknlp,COREF,116,she,367115,367118,4,2116,20,M_7581,Other
7582,booknlp,COREF,116,she,367144,367147,4,2116,20,M_7582,Other
7583,pdnc,qID,Q1592-0,Charlotte,367252,367261,6,2117,20,M_7583,PROPN
7584,booknlp,COREF,116,she,367264,367267,4,2117,20,M_7584,Other
7585,pdnc,qID,Q1596-0,you,367411,367414,2,2121,20,M_7585,Other
7586,pdnc,qID,Q1596-0,you,367445,367448,2,2121,20,M_7586,Other
7587,pdnc,qID,Q1596-0,you,367485,367488,2,2121,20,M_7587,Other
7588,booknlp,COREF,116,her,367568,367571,4,2122,20,M_7588,Other
7589,booknlp,COREF,116,hers,367615,367619,4,2122,20,M_7589,Other
7590,booknlp,COREF,116,she,367773,367776,4,2123,20,M_7590,Other
7591,booknlp,COREF,116,she,367802,367805,4,2123,20,M_7591,Other
7592,booknlp,COREF,116,she,367844,367847,4,2123,20,M_7592,Other
7593,booknlp,COREF,116,her,367912,367915,4,2123,20,M_7593,Other
7594,pdnc,qID,Q1598-0,Freddy,368006,368012,1,2125,20,M_7594,PROPN
7595,exp,exp_name,phaethon,Phaethon,368337,368345,44,2127,20,M_7595,PROPN
7596,pdnc,qID,Q1600-0,Lucy,368734,368738,4,2129,20,M_7596,PROPN
7597,pdnc,qID,Q1600-0,you,368740,368743,4,2129,20,M_7597,Other
7598,pdnc,qID,Q1601-0,your,368860,368864,2,2130,20,M_7598,Other
7599,pdnc,qID,Q1602-0,Signorino,368874,368883,2,2131,20,M_7599,PROPN
7600,exp,exp_name,the cabman,the cabman,368917,368927,22,2131,20,M_7600,PROPN
7601,exp,exp_name,george,George,368955,368961,2,2132,20,M_7601,PROPN
7602,booknlp,COREF,2069,him,368967,368970,22,2132,20,M_7602,Other
7603,exp,exp_name,fate,Fate,369153,369157,26,2133,20,M_7603,PROPN
7604,exp,exp_name,george,George,369159,369165,2,2133,20,M_7604,PROPN
7605,pdnc,qID,Q1603-0,Freddy,369249,369255,1,2134,20,M_7605,PROPN
7606,pdnc,qID,Q1605-0,he,369482,369484,1,2137,20,M_7606,Other
7607,pdnc,qID,Q1606-0,He,369504,369506,1,2138,20,M_7607,Other
7608,pdnc,qID,Q1606-0,he,369514,369516,1,2138,20,M_7608,Other
7609,pdnc,qID,Q1606-0,He,369536,369538,1,2138,20,M_7609,Other
7610,pdnc,qID,Q1606-0,we,369544,369546,4,2138,20,M_7610,Other
7611,pdnc,qID,Q1606-0,he,369576,369578,1,2138,20,M_7611,Other
7612,pdnc,qID,Q1606-0,mother ,369616,369623,17,2138,20,M_7612,Other
7613,pdnc,qID,Q1606-0,her ,369637,369641,17,2138,20,M_7613,Other
7614,pdnc,qID,Q1606-0,we,369649,369651,4,2138,20,M_7614,Other
7615,pdnc,qID,Q1606-0,he,369725,369727,1,2138,20,M_7615,Other
7616,pdnc,qID,Q1606-0,Ridiculous boy,369751,369765,1,2138,20,M_7616,Other
7617,pdnc,qID,Q1607-0,Signorino,369771,369780,2,2139,20,M_7617,PROPN
7618,pdnc,qID,Q1608-0,He,369849,369851,1,2140,20,M_7618,Other
7619,pdnc,qID,Q1608-0,Cecil,369923,369928,0,2140,20,M_7619,Other
7620,pdnc,qID,Q1608-0,He,369968,369970,0,2140,20,M_7620,Other
7621,exp,exp_name,mr. beebe,Mr. Beebe,370095,370104,10,2140,20,M_7621,PROPN
7622,pdnc,qID,Q1609-0,You,370110,370113,4,2141,20,M_7622,Other
7623,booknlp,COREF,124,He,370137,370139,1,2142,20,M_7623,Other
7624,pdnc,qID,Q1610-0,us,370159,370161,4,2142,20,M_7624,Other
7625,booknlp,COREF,124,he,370171,370173,1,2142,20,M_7625,Other
7626,booknlp,COREF,124,he,370224,370226,1,2142,20,M_7626,Other
7627,booknlp,COREF,124,he,370282,370284,1,2142,20,M_7627,Other
7628,pdnc,qID,Q1610-0,us,370345,370347,4,2142,20,M_7628,Other
7629,pdnc,qID,Q1610-0,us,370373,370375,4,2142,20,M_7629,Other
7630,pdnc,qID,Q1611-1,you,370487,370490,4,2143,20,M_7630,Other
7631,pdnc,qID,Q1611-1,you,370520,370523,4,2143,20,M_7631,Other
7632,pdnc,qID,Q1612-0,Signorino,370908,370917,2,2144,20,M_7632,PROPN
7633,pdnc,qID,Q1613-0,that man,370949,370957,22,2145,20,M_7633,Other
7634,exp,exp_name,lucy,Lucy,370965,370969,4,2146,20,M_7634,PROPN
7635,exp,exp_name,vendor of photographs,vendor of photographs,370985,371006,58,2146,20,M_7635,PROPN
7636,pdnc,qID,Q1614-0,him,371039,371042,22,2146,20,M_7636,Other
7637,booknlp,COREF,116,her,371069,371072,4,2146,20,M_7637,Other
7638,booknlp,COREF,116,she,371081,371084,4,2146,20,M_7638,Other
7639,pdnc,qID,Q1615-0,Mr. Eager,371096,371105,49,2146,20,M_7639,PROPN
7640,pdnc,qID,Q1615-0,Charlotte,371110,371119,6,2146,20,M_7640,PROPN
7641,pdnc,qID,Q1615-0,Charlotte,371137,371146,6,2146,20,M_7641,PROPN
7642,pdnc,qID,Q1615-0,she,371158,371161,6,2146,20,M_7642,Other
7643,booknlp,COREF,116,me,371261,371263,4,2148,20,M_7643,Other
7644,pdnc,qID,Q1617-0,Charlotte,371267,371276,6,2148,20,M_7644,PROPN
7645,pdnc,qID,Q1617-0,Charlotte,371306,371315,6,2148,20,M_7645,PROPN
7646,pdnc,qID,Q1617-0,she,371365,371368,6,2148,20,M_7646,Other
7647,pdnc,qID,Q1617-0,your father,371390,371401,11,2148,20,M_7647,Other
7648,pdnc,qID,Q1617-0,she,371424,371427,6,2148,20,M_7648,Other
7649,booknlp,COREF,116,me,371447,371449,4,2148,20,M_7649,Other
7650,pdnc,qID,Q1617-0,he,371464,371466,11,2148,20,M_7650,Other
7651,booknlp,COREF,116,me,371513,371515,4,2148,20,M_7651,Other
7652,pdnc,qID,Q1617-0,You,371527,371530,2,2148,20,M_7652,Other
7653,booknlp,COREF,116,me,371550,371552,4,2148,20,M_7653,Other
7654,booknlp,COREF,116,I,371559,371560,4,2148,20,M_7654,Other
7655,booknlp,COREF,116,"him--""I",371588,371595,4,2148,20,M_7655,Other
7656,pdnc,qID,Q1618-0,Charlotte,371636,371645,6,2148,20,M_7656,PROPN
7657,pdnc,qID,Q1618-0,she,371662,371665,6,2148,20,M_7657,Other
7658,booknlp,COREF,116,me,371685,371687,4,2148,20,M_7658,Other
7659,booknlp,COREF,116,I,371702,371703,4,2148,20,M_7659,Other
7660,pdnc,qID,Q1619-0,she,371776,371779,6,2149,20,M_7660,Other
7661,exp,exp_name,george,George,371796,371802,2,2149,20,M_7661,PROPN
7662,pdnc,qID,Q1619-1,she,371805,371808,6,2149,20,M_7662,Other
7663,pdnc,qID,Q1619-1,my father,371817,371826,11,2149,20,M_7663,Other
7664,pdnc,qID,Q1619-1,He,371836,371838,11,2149,20,M_7664,Other
7665,pdnc,qID,Q1620-0,she,371859,371862,6,2150,20,M_7665,Other
7666,pdnc,qID,Q1620-0,him,371874,371877,11,2150,20,M_7666,Other
7667,pdnc,qID,Q1620-0,She,371879,371882,6,2150,20,M_7667,Other
7668,pdnc,qID,Q1620-0,old Mrs. Beebe,371901,371915,14,2150,20,M_7668,Other
7669,pdnc,qID,Q1620-0,She,371975,371978,6,2150,20,M_7669,Other
7670,exp,exp_name,george,George,371990,371996,2,2151,20,M_7670,PROPN
7671,pdnc,qID,Q1621-0,My father,372019,372028,11,2151,20,M_7671,Other
7672,pdnc,qID,Q1621-1,her,372045,372048,6,2151,20,M_7672,Other
7673,pdnc,qID,Q1621-1,He,372073,372075,11,2151,20,M_7673,Other
7674,pdnc,qID,Q1621-1,he,372110,372112,11,2151,20,M_7674,Other
7675,pdnc,qID,Q1621-1,his,372120,372123,11,2151,20,M_7675,Other
7676,pdnc,qID,Q1621-1,Miss Bartlett,372144,372157,6,2151,20,M_7676,PROPN
7677,pdnc,qID,Q1621-1,you,372180,372183,4,2151,20,M_7677,Other
7678,pdnc,qID,Q1621-1,She,372193,372196,6,2151,20,M_7678,Other
7679,pdnc,qID,Q1621-1,he,372218,372220,11,2151,20,M_7679,Other
7680,pdnc,qID,Q1621-1,He,372230,372232,11,2151,20,M_7680,Other
7681,pdnc,qID,Q1621-1,her,372249,372252,6,2151,20,M_7681,Other
7682,exp,exp_name,miss bartlett,Miss Bartlett,372453,372466,6,2152,20,M_7682,PROPN
7683,booknlp,COREF,115,her,372486,372489,6,2152,20,M_7683,Other
7684,exp,exp_name,george,George,372525,372531,2,2152,20,M_7684,PROPN
7685,pdnc,qID,Q1622-0,she,372583,372586,6,2152,20,M_7685,Other
7686,pdnc,qID,Q1622-0,she,372607,372610,6,2152,20,M_7686,Other
7687,pdnc,qID,Q1622-0,She,372629,372632,6,2152,20,M_7687,Other
7688,pdnc,qID,Q1622-0,he,372638,372640,11,2152,20,M_7688,Other
7689,pdnc,qID,Q1622-0,she,372660,372663,6,2152,20,M_7689,Other
7690,exp,exp_name,lucy,Lucy,372772,372776,4,2154,20,M_7690,PROPN
7691,booknlp,COREF,116,She,372785,372788,4,2154,20,M_7691,Other
7692,pdnc,qID,Q1623-0,Charlotte,372822,372831,6,2154,20,M_7692,PROPN
7693,pdnc,qID,Q1623-0,her,372840,372843,6,2154,20,M_7693,Other
7694,booknlp,COREF,115,her,372990,372993,6,2154,20,M_7694,Other
7695,exp,exp_name,george,George,373024,373030,2,2154,20,M_7695,PROPN
7696,pdnc,qID,Q1624-0,she,373050,373053,6,2154,20,M_7696,Other
7697,pdnc,qID,Q1626-0,Signorino,373080,373089,2,2156,20,M_7697,PROPN
7698,exp,exp_name,lucy,Lucy,373118,373122,4,2157,20,M_7698,PROPN
7699,pdnc,qID,Q1628-0,signora,373217,373224,4,2158,20,M_7699,PROPN
7700,exp,exp_name,the cabman,The cabman,373320,373330,22,2161,20,M_7700,PROPN
7701,pdnc,qID,Q1631-0,George,373364,373370,2,2162,20,M_7701,PROPN
7702,pdnc,qID,Q1632-0,your cousin,373450,373461,6,2163,20,M_7702,Other
7703,pdnc,qID,Q1632-0,she,373520,373523,6,2163,20,M_7703,Other
7704,pdnc,qID,Q1632-0,her,373543,373546,6,2163,20,M_7704,Other
7705,pdnc,qID,Q1632-0,she,373613,373616,6,2163,20,M_7705,Other
7706,pdnc,qID,Q1632-0,she,373651,373654,6,2163,20,M_7706,Other
7707,pdnc,qID,Q1632-0,her,373678,373681,6,2163,20,M_7707,Other
7708,pdnc,qID,Q1632-0,you,373701,373704,4,2163,20,M_7708,Other
7709,pdnc,qID,Q1632-0,she,373715,373718,6,2163,20,M_7709,Other
7710,pdnc,qID,Q1632-0,you,373736,373739,4,2163,20,M_7710,Other
7711,pdnc,qID,Q1632-0,she,373760,373763,6,2163,20,M_7711,Other
7712,pdnc,qID,Q1632-0,you,373769,373772,4,2163,20,M_7712,Other
7713,pdnc,qID,Q1632-0,she,373805,373808,6,2163,20,M_7713,Other
7714,pdnc,qID,Q1632-0,her,373871,373874,6,2163,20,M_7714,Other
7715,pdnc,qID,Q1632-0,she,373879,373882,6,2163,20,M_7715,Other
7716,pdnc,qID,Q1632-0,she,373913,373916,6,2163,20,M_7716,Other
7717,pdnc,qID,Q1632-0,her friend,373924,373934,8,2163,20,M_7717,Other
7718,pdnc,qID,Q1632-0,She,373993,373996,6,2163,20,M_7718,Other
7719,pdnc,qID,Q1632-0,Lucy,374012,374016,4,2163,20,M_7719,PROPN
7720,pdnc,qID,Q1632-0,she,374018,374021,6,2163,20,M_7720,Other
7721,pdnc,qID,Q1632-0,She,374054,374057,6,2163,20,M_7721,Other
7722,pdnc,qID,Q1632-0,she,374111,374114,6,2163,20,M_7722,Other
7723,pdnc,qID,Q1632-0,her,374190,374193,6,2163,20,M_7723,Other
7724,pdnc,qID,Q1632-0,her,374203,374206,6,2163,20,M_7724,Other
7725,pdnc,qID,Q1632-0,her,374243,374246,6,2163,20,M_7725,Other
7726,pdnc,qID,Q1632-0,she,374290,374293,6,2163,20,M_7726,Other
7727,exp,exp_name,lucy,Lucy,374334,374338,4,2164,20,M_7727,PROPN
7728,booknlp,COREF,116,her,374381,374384,4,2164,20,M_7728,Other
7729,booknlp,COREF,116,she,374396,374399,4,2164,20,M_7729,Other
7730,exp,exp_name,phaethon,Phaethon,374468,374476,44,2165,20,M_7730,PROPN
