,source,idColName,iden,text,startByte,endByte,pdncID,paraID,chapID,mID,mention_type
0,exp,exp_name,daisy miller,DAISY MILLER,0,12,0,1,-1,M_0,PROPN
1,exp,exp_name,winterbourne,Winterbourne,3403,3415,8,6,1,M_1,PROPN
2,booknlp,COREF,43,he,3478,3480,8,6,1,M_2,Other
3,booknlp,COREF,43,he,3524,3526,8,6,1,M_3,Other
4,booknlp,COREF,43,his,3595,3598,8,6,1,M_4,Other
5,booknlp,COREF,43,he,3656,3658,8,6,1,M_5,Other
6,booknlp,COREF,43,him,3717,3720,8,6,1,M_6,Other
7,booknlp,COREF,43,his,3741,3744,8,7,1,M_7,Other
8,booknlp,COREF,43,he,3795,3797,8,7,1,M_8,Other
9,booknlp,COREF,43,he,3840,3842,8,7,1,M_9,Other
10,booknlp,COREF,43,his,3858,3861,8,7,1,M_10,Other
11,booknlp,COREF,43,He,3873,3875,8,7,1,M_11,Other
12,booknlp,COREF,43,his,3893,3896,8,7,1,M_12,Other
13,booknlp,COREF,43,he,3912,3914,8,7,1,M_13,Other
14,booknlp,COREF,43,him,3976,3979,8,7,1,M_14,Other
15,booknlp,COREF,43,he,4070,4072,8,7,1,M_15,Other
16,booknlp,COREF,43,his,4082,4085,8,7,1,M_16,Other
17,exp,exp_name,the child,The child,4191,4200,6,7,1,M_17,PROPN
18,booknlp,COREF,150,his,4225,4228,6,7,1,M_18,Other
19,booknlp,COREF,150,He,4321,4323,6,7,1,M_19,Other
20,booknlp,COREF,150,his,4391,4394,6,7,1,M_20,Other
21,booknlp,COREF,150,he,4423,4425,6,7,1,M_21,Other
22,booknlp,COREF,150,He,4460,4462,6,7,1,M_22,Other
23,booknlp,COREF,150,his,4474,4477,6,7,1,M_23,Other
24,booknlp,COREF,150,he,4527,4529,6,7,1,M_24,Other
25,booknlp,COREF,150,he,4558,4560,6,7,1,M_25,Other
26,exp,exp_name,winterbourne,Winterbourne,4656,4668,8,7,1,M_26,PROPN
27,booknlp,COREF,43,he,4669,4671,8,7,1,M_27,Other
28,booknlp,COREF,43,him,4691,4694,8,7,1,M_28,Other
29,pdnc,qID,Q0-0,you,4750,4753,8,8,1,M_29,Other
30,booknlp,COREF,43,me,4759,4761,8,8,1,M_30,Other
31,booknlp,COREF,43,he,4780,4782,8,8,1,M_31,Other
32,exp,exp_name,winterbourne,Winterbourne,4867,4879,8,9,1,M_32,PROPN
33,booknlp,COREF,43,him,4912,4915,8,9,1,M_33,Other
34,booknlp,COREF,43,his,4926,4929,8,9,1,M_34,Other
35,pdnc,qID,Q1-0,you,5007,5010,6,9,1,M_35,Other
36,booknlp,COREF,43,he,5026,5028,8,9,1,M_36,Other
37,booknlp,COREF,43,I,5044,5045,8,9,1,M_37,Other
38,booknlp,COREF,150,he,5191,5193,6,10,1,M_38,Other
39,booknlp,COREF,150,his,5218,5221,6,10,1,M_39,Other
40,booknlp,COREF,150,He,5289,5291,6,10,1,M_40,Other
41,booknlp,COREF,150,his,5298,5301,6,10,1,M_41,Other
42,exp,exp_name,winterbourne,Winterbourne,5334,5346,8,10,1,M_42,PROPN
43,booknlp,COREF,150,his,5397,5400,6,10,1,M_43,Other
44,booknlp,COREF,150,he,5437,5439,6,11,1,M_44,Other
45,exp,exp_name,winterbourne,Winterbourne,5500,5512,8,12,1,M_45,PROPN
46,booknlp,COREF,43,he,5544,5546,8,12,1,M_46,Other
47,pdnc,qID,Q3-0,you,5619,5622,6,12,1,M_47,Other
48,pdnc,qID,Q3-0,your,5634,5638,6,12,1,M_48,Other
49,booknlp,COREF,43,he,5647,5649,8,12,1,M_49,Other
50,pdnc,qID,Q4-0,My mother,5756,5765,4,13,1,M_50,Other
51,pdnc,qID,Q4-0,She,5825,5828,4,13,1,M_51,Other
52,pdnc,qID,Q4-0,she,5834,5837,4,13,1,M_52,Other
53,exp,exp_name,winterbourne,Winterbourne,6006,6018,8,14,1,M_53,PROPN
54,pdnc,qID,Q5-0,you,6040,6043,6,14,1,M_54,Other
55,pdnc,qID,Q5-0,your mother,6070,6081,4,14,1,M_55,Other
56,pdnc,qID,Q5-0,you,6102,6105,6,14,1,M_56,Other
57,booknlp,COREF,43,he,6108,6110,8,14,1,M_57,Other
58,pdnc,qID,Q6-0,She,6119,6122,4,15,1,M_58,Other
59,booknlp,COREF,43,his,6168,6171,8,15,1,M_59,Other
60,exp,exp_name,winterbourne,Winterbourne,6335,6347,8,16,1,M_60,PROPN
61,booknlp,COREF,150,I,6351,6352,6,17,1,M_61,Other
62,booknlp,COREF,150,I,6365,6366,6,17,1,M_62,Other
63,exp,exp_name,the child,the child,6392,6401,6,17,1,M_63,PROPN
64,booknlp,COREF,43,I,6405,6406,8,18,1,M_64,Other
65,pdnc,qID,Q9-0,you,6411,6414,6,18,1,M_65,Other
66,exp,exp_name,winterbourne,Winterbourne,6445,6457,8,18,1,M_66,PROPN
67,pdnc,qID,Q10-0,you,6465,6468,8,19,1,M_67,Other
68,exp,exp_name,winterbourne,Winterbourne,6531,6543,8,19,1,M_68,PROPN
69,booknlp,COREF,43,His,6608,6611,8,20,1,M_69,Other
70,booknlp,COREF,43,him,6630,6633,8,20,1,M_70,Other
71,exp,exp_name,the child,the child,6658,6667,6,20,1,M_71,PROPN
72,booknlp,COREF,150,his,6696,6699,6,20,1,M_72,Other
73,booknlp,COREF,150,him,6732,6735,6,20,1,M_73,Other
74,booknlp,COREF,150,he,6743,6745,6,20,1,M_74,Other
75,exp,exp_name,winterbourne,Winterbourne,6779,6791,8,20,1,M_75,PROPN
76,booknlp,COREF,150,he,6804,6806,6,20,1,M_76,Other
77,booknlp,COREF,150,himself,6807,6814,6,20,1,M_77,Other
78,booknlp,COREF,150,his,6837,6840,6,20,1,M_78,Other
79,booknlp,COREF,150,he,6854,6856,6,20,1,M_79,Other
80,pdnc,qID,Q12-0,my sister,6916,6925,0,21,1,M_80,Other
81,exp,exp_name,the child,the child,6934,6943,6,21,1,M_81,PROPN
82,pdnc,qID,Q12-1,She,6958,6961,0,21,1,M_82,Other
83,exp,exp_name,winterbourne,Winterbourne,6984,6996,8,22,1,M_83,PROPN
84,booknlp,COREF,43,he,7098,7100,8,22,1,M_84,Other
85,booknlp,COREF,43,his,7120,7123,8,22,1,M_85,Other
86,pdnc,qID,Q14-0,My sister,7143,7152,0,23,1,M_86,Other
87,exp,exp_name,the child,the child,7170,7179,6,23,1,M_87,PROPN
88,pdnc,qID,Q14-1,She,7191,7194,0,23,1,M_88,Other
89,booknlp,COREF,150,me,7215,7217,6,23,1,M_89,Other
90,booknlp,COREF,43,I,7222,7223,8,24,1,M_90,Other
91,pdnc,qID,Q15-0,your,7240,7244,6,24,1,M_91,Other
92,pdnc,qID,Q15-0,hers,7256,7260,0,24,1,M_92,Other
93,exp,exp_name,winterbourne,Winterbourne,7268,7280,8,24,1,M_93,PROPN
94,exp,exp_name,winterbourne,Winterbourne,7599,7611,8,24,1,M_94,PROPN
95,booknlp,COREF,43,himself,7627,7634,8,24,1,M_95,Other
96,booknlp,COREF,43,his,7638,7641,8,24,1,M_96,Other
97,booknlp,COREF,43,he,7654,7656,8,24,1,M_97,Other
98,booknlp,COREF,43,his,7715,7718,8,25,1,M_98,Other
99,pdnc,qID,Q17-0,Randolph,7946,7954,6,26,1,M_99,PROPN
100,pdnc,qID,Q17-1,you,7988,7991,6,26,1,M_100,Other
101,booknlp,COREF,44,I,8002,8003,6,27,1,M_101,Other
102,exp,exp_name,randolph,Randolph,8034,8042,6,27,1,M_102,PROPN
103,booknlp,COREF,44,he,8067,8069,6,27,1,M_103,Other
104,exp,exp_name,winterbourne,Winterbourne,8125,8137,8,27,1,M_104,PROPN
105,exp,exp_name,winterbourne,Winterbourne,8185,8197,8,28,1,M_105,PROPN
106,pdnc,qID,Q20-0,He,8201,8203,8,29,1,M_106,Other
107,exp,exp_name,randolph,Randolph,8230,8238,6,29,1,M_107,PROPN
108,booknlp,COREF,44,his,8243,8246,6,29,1,M_108,Other
109,pdnc,qID,Q21-0,you,8368,8371,6,30,1,M_109,Other
110,exp,exp_name,winterbourne,Winterbourne,8429,8441,8,31,1,M_110,PROPN
111,booknlp,COREF,43,he,8447,8449,8,31,1,M_111,Other
112,booknlp,COREF,43,He,8482,8484,8,31,1,M_112,Other
113,booknlp,COREF,43,his,8548,8551,8,31,1,M_113,Other
114,booknlp,COREF,43,I,8584,8585,8,31,1,M_114,Other
115,booknlp,COREF,43,he,8611,8613,8,31,1,M_115,Other
116,booknlp,COREF,43,he,8655,8657,8,31,1,M_116,Other
117,exp,exp_name,winterbourne,Winterbourne,8983,8995,8,31,1,M_117,PROPN
118,booknlp,COREF,43,him,9029,9032,8,31,1,M_118,Other
119,booknlp,COREF,43,He,9128,9130,8,31,1,M_119,Other
120,booknlp,COREF,43,he,9148,9150,8,31,1,M_120,Other
121,booknlp,COREF,43,he,9173,9175,8,31,1,M_121,Other
122,booknlp,COREF,43,he,9189,9191,8,31,1,M_122,Other
123,booknlp,COREF,43,he,9241,9243,8,31,1,M_123,Other
124,pdnc,qID,Q23-0,you,9360,9363,6,32,1,M_124,Other
125,booknlp,COREF,44,I,9392,9393,6,33,1,M_125,Other
126,exp,exp_name,randolph,Randolph,9416,9424,6,33,1,M_126,PROPN
127,pdnc,qID,Q25-0,You,9428,9431,6,34,1,M_127,Other
128,pdnc,qID,Q25-0,you,9450,9453,6,34,1,M_128,Other
129,booknlp,COREF,150,I,9492,9493,6,35,1,M_129,Other
130,exp,exp_name,the child,the child,9525,9534,6,35,1,M_130,PROPN
131,pdnc,qID,Q27-0,you,9704,9707,6,36,1,M_131,Other
132,pdnc,qID,Q28-0,you,9771,9774,0,37,1,M_132,Other
133,exp,exp_name,winterbourne,Winterbourne,9792,9804,8,37,1,M_133,PROPN
134,booknlp,COREF,43,him,9869,9872,8,38,1,M_134,Other
135,pdnc,qID,Q29-0,sir,9886,9889,8,38,1,M_135,PROPN
136,pdnc,qID,Q30-0,you,9938,9941,0,39,1,M_136,Other
137,exp,exp_name,winterbourne,Winterbourne,9971,9983,8,39,1,M_137,PROPN
138,pdnc,qID,Q31-1,Randolph,10073,10081,6,40,1,M_138,PROPN
139,exp,exp_name,the child,the child,10133,10142,6,41,1,M_139,PROPN
140,exp,exp_name,winterbourne,Winterbourne,10166,10178,8,42,1,M_140,PROPN
141,booknlp,COREF,44,I,10192,10193,6,43,1,M_141,Other
142,exp,exp_name,randolph,Randolph,10212,10220,6,43,1,M_142,PROPN
143,booknlp,COREF,44,I,10223,10224,6,43,1,M_143,Other
144,booknlp,COREF,44,I,10252,10253,6,43,1,M_144,Other
145,exp,exp_name,randolph,Randolph,10365,10373,6,45,1,M_145,PROPN
146,booknlp,COREF,44,his,10411,10414,6,46,1,M_146,Other
147,pdnc,qID,Q37-1,you,10432,10435,6,46,1,M_147,Other
148,pdnc,qID,Q37-1,mother,10463,10469,4,46,1,M_148,Other
149,exp,exp_name,winterbourne,Winterbourne,10657,10669,8,48,1,M_149,PROPN
150,booknlp,COREF,43,He,10731,10733,8,48,1,M_150,Other
151,booknlp,COREF,43,he,10769,10771,8,48,1,M_151,Other
152,booknlp,COREF,43,he,10998,11000,8,48,1,M_152,Other
153,booknlp,COREF,43,him,11051,11054,8,48,1,M_153,Other
154,booknlp,COREF,43,he,11103,11105,8,48,1,M_154,Other
155,booknlp,COREF,43,him,11251,11254,8,48,1,M_155,Other
156,booknlp,COREF,43,he,11299,11301,8,48,1,M_156,Other
157,exp,exp_name,winterbourne,Winterbourne,11538,11550,8,48,1,M_157,PROPN
158,booknlp,COREF,43,his,11603,11606,8,48,1,M_158,Other
159,booknlp,COREF,43,He,11692,11694,8,48,1,M_159,Other
160,booknlp,COREF,43,he,11735,11737,8,48,1,M_160,Other
161,booknlp,COREF,43,he,11820,11822,8,48,1,M_161,Other
162,exp,exp_name,winterbourne,Winterbourne,11950,11962,8,48,1,M_162,PROPN
163,booknlp,COREF,43,He,12023,12025,8,48,1,M_163,Other
164,exp,exp_name,randolph,Randolph,12063,12071,6,48,1,M_164,PROPN
165,booknlp,COREF,43,he,12097,12099,8,48,1,M_165,Other
166,booknlp,COREF,43,him,12309,12312,8,48,1,M_166,Other
167,exp,exp_name,randolph,Randolph,12381,12389,6,48,1,M_167,PROPN
168,booknlp,COREF,43,him,12401,12404,8,48,1,M_168,Other
169,booknlp,COREF,43,he,12408,12410,8,48,1,M_169,Other
170,booknlp,COREF,43,him,12459,12462,8,48,1,M_170,Other
171,booknlp,COREF,43,he,12472,12474,8,48,1,M_171,Other
172,booknlp,COREF,43,he,12559,12561,8,48,1,M_172,Other
173,exp,exp_name,winterbourne,Winterbourne,12569,12581,8,48,1,M_173,PROPN
174,booknlp,COREF,43,he,12607,12609,8,48,1,M_174,Other
175,booknlp,COREF,43,he,12661,12663,8,48,1,M_175,Other
176,booknlp,COREF,43,he,12683,12685,8,48,1,M_176,Other
177,booknlp,COREF,43,he,12744,12746,8,48,1,M_177,Other
178,booknlp,COREF,43,he,12827,12829,8,48,1,M_178,Other
179,booknlp,COREF,43,him,12944,12947,8,48,1,M_179,Other
180,pdnc,qID,Q40-0,you,12981,12984,8,48,1,M_180,Other
181,exp,exp_name,winterbourne,Winterbourne,13006,13018,8,48,1,M_181,PROPN
182,booknlp,COREF,43,me,13145,13147,8,49,1,M_182,Other
183,pdnc,qID,Q41-0,your,13148,13152,6,49,1,M_183,Other
184,pdnc,qID,Q41-0,my boy,13159,13165,6,49,1,M_184,Other
185,booknlp,COREF,43,he,13168,13170,8,49,1,M_185,Other
186,pdnc,qID,Q42-0,Randolph C. Miller,13179,13197,6,50,1,M_186,PROPN
187,booknlp,COREF,43,I,13227,13228,8,50,1,M_187,Other
188,pdnc,qID,Q42-1,you,13237,13240,8,50,1,M_188,Other
189,pdnc,qID,Q42-1,her,13241,13244,0,50,1,M_189,Other
190,booknlp,COREF,43,he,13256,13258,8,50,1,M_190,Other
191,booknlp,COREF,43,his,13267,13270,8,50,1,M_191,Other
192,pdnc,qID,Q43-0,You,13299,13302,6,51,1,M_192,Other
193,pdnc,qID,Q43-0,you,13324,13327,6,51,1,M_193,Other
194,booknlp,COREF,43,I,13371,13372,8,52,1,M_194,Other
195,pdnc,qID,Q44-0,your,13403,13407,0,52,1,M_195,Other
196,exp,exp_name,winterbourne,Winterbourne,13420,13432,8,52,1,M_196,PROPN
197,pdnc,qID,Q45-0,Her,13436,13439,0,53,1,M_197,Other
198,pdnc,qID,Q45-0,Daisy Miller,13448,13460,0,53,1,M_198,PROPN
199,exp,exp_name,the child,the child,13469,13478,6,53,1,M_199,PROPN
200,pdnc,qID,Q45-1,her,13496,13499,0,53,1,M_200,Other
201,pdnc,qID,Q45-1,her,13522,13525,0,53,1,M_201,Other
202,pdnc,qID,Q45-1,her,13534,13537,0,53,1,M_202,Other
203,booknlp,COREF,42,my,13583,13585,0,54,1,M_203,Other
204,exp,exp_name,miss miller,Miss Miller,13599,13610,0,54,1,M_204,PROPN
205,pdnc,qID,Q47-0,Her,13614,13617,0,55,1,M_205,Other
206,pdnc,qID,Q47-0,Annie P. Miller,13631,13646,0,55,1,M_206,PROPN
207,pdnc,qID,Q48-0,him,13672,13675,8,56,1,M_207,Other
208,pdnc,qID,Q48-0,HIS,13676,13679,8,56,1,M_208,Other
209,exp,exp_name,winterbourne,Winterbourne,13715,13727,8,56,1,M_209,PROPN
210,exp,exp_name,randolph,Randolph,13748,13756,6,57,1,M_210,PROPN
211,booknlp,COREF,45,he,13787,13789,6,57,1,M_211,Other
212,booknlp,COREF,45,his,13837,13840,6,57,1,M_212,Other
213,booknlp,COREF,45,My,13854,13856,6,57,1,M_213,Other
214,booknlp,COREF,45,he,13891,13893,6,57,1,M_214,Other
215,booknlp,COREF,45,My,13906,13908,6,57,1,M_215,Other
216,booknlp,COREF,45,my,13933,13935,6,57,1,M_216,Other
217,exp,exp_name,winterbourne,Winterbourne,13978,13990,8,58,1,M_217,PROPN
218,exp,exp_name,the child,the child,14047,14056,6,58,1,M_218,PROPN
219,exp,exp_name,randolph,Randolph,14157,14165,6,58,1,M_219,PROPN
220,booknlp,COREF,45,My,14186,14188,6,58,1,M_220,Other
221,booknlp,COREF,45,My,14239,14241,6,58,1,M_221,Other
222,pdnc,qID,Q50-0,you,14257,14260,8,58,1,M_222,Other
223,exp,exp_name,miss miller,Miss Miller,14287,14298,0,59,1,M_223,PROPN
224,booknlp,COREF,42,her,14309,14312,0,59,1,M_224,Other
225,exp,exp_name,winterbourne,Winterbourne,14360,14372,8,59,1,M_225,PROPN
226,exp,exp_name,the child,the child,14392,14401,6,59,1,M_226,PROPN
227,booknlp,COREF,150,his,14426,14429,6,59,1,M_227,Other
228,pdnc,qID,Q52-0,He,14458,14460,6,59,1,M_228,Other
229,pdnc,qID,Q52-1,He,14505,14507,6,59,1,M_229,Other
230,pdnc,qID,Q53-0,you,14545,14548,0,60,1,M_230,Other
231,pdnc,qID,Q54-0,he,14563,14565,6,61,1,M_231,Other
232,pdnc,qID,Q54-0,He,14590,14592,6,61,1,M_232,Other
233,pdnc,qID,Q54-0,he,14646,14648,6,61,1,M_233,Other
234,pdnc,qID,Q55-0,your brother,14715,14727,6,62,1,M_234,Other
235,exp,exp_name,winterbourne,Winterbourne,14749,14761,8,62,1,M_235,PROPN
236,pdnc,qID,Q56-0,Mother,14774,14780,4,63,1,M_236,Other
237,pdnc,qID,Q56-0,him,14800,14803,6,63,1,M_237,Other
238,pdnc,qID,Q56-0,her,14856,14859,4,63,1,M_238,Other
239,pdnc,qID,Q56-0,you,14910,14913,8,63,1,M_239,Other
240,pdnc,qID,Q56-0,her,14977,14980,4,63,1,M_240,Other
241,pdnc,qID,Q56-0,Randolph,15057,15065,6,63,1,M_241,PROPN
242,pdnc,qID,Q56-0,he,15071,15073,6,63,1,M_242,Other
243,pdnc,qID,Q56-0,He,15121,15123,6,63,1,M_243,Other
244,pdnc,qID,Q56-0,he,15129,15131,6,63,1,M_244,Other
245,pdnc,qID,Q56-0,he,15159,15161,6,63,1,M_245,Other
246,pdnc,qID,Q56-0,you,15317,15320,8,63,1,M_246,Other
247,pdnc,qID,Q56-0,Randolph,15368,15376,6,63,1,M_247,PROPN
248,pdnc,qID,Q56-0,him,15391,15394,6,63,1,M_248,Other
249,pdnc,qID,Q56-0,he,15433,15435,6,63,1,M_249,Other
250,pdnc,qID,Q56-0,him,15485,15488,6,63,1,M_250,Other
251,pdnc,qID,Q56-0,He,15490,15492,6,63,1,M_251,Other
252,exp,exp_name,winterbourne,Winterbourne,15521,15533,8,64,1,M_252,PROPN
253,pdnc,qID,Q57-1,he,15536,15538,6,64,1,M_253,Other
254,pdnc,qID,Q58-0,Mother,15560,15566,4,65,1,M_254,Other
255,pdnc,qID,Q58-0,him,15596,15599,6,65,1,M_255,Other
256,booknlp,COREF,43,I,15678,15679,8,66,1,M_256,Other
257,exp,exp_name,winterbourne,Winterbourne,15700,15712,8,66,1,M_257,PROPN
258,pdnc,qID,Q60-0,she,15724,15727,4,67,1,M_258,Other
259,pdnc,qID,Q60-0,He,15757,15759,6,67,1,M_259,Other
260,pdnc,qID,Q60-0,He,15786,15788,6,67,1,M_260,Other
261,pdnc,qID,Q60-0,He,15802,15804,6,67,1,M_261,Other
262,exp,exp_name,miss miller,Miss Miller,15842,15853,0,67,1,M_262,PROPN
263,booknlp,COREF,42,her,15896,15899,0,67,1,M_263,Other
264,booknlp,COREF,42,She,15930,15933,0,67,1,M_264,Other
265,booknlp,COREF,42,her,15949,15952,0,67,1,M_265,Other
266,booknlp,COREF,42,her,16025,16028,0,67,1,M_266,Other
267,booknlp,COREF,42,her,16043,16046,0,67,1,M_267,Other
268,exp,exp_name,winterbourne,Winterbourne,16085,16097,8,67,1,M_268,PROPN
269,booknlp,COREF,42,She,16180,16183,0,67,1,M_269,Other
270,exp,exp_name,winterbourne,Winterbourne,16194,16206,8,67,1,M_270,PROPN
271,booknlp,COREF,42,she,16213,16216,0,67,1,M_271,Other
272,booknlp,COREF,43,him,16227,16230,8,67,1,M_272,Other
273,booknlp,COREF,43,He,16244,16246,8,67,1,M_273,Other
274,booknlp,COREF,43,he,16295,16297,8,67,1,M_274,Other
275,booknlp,COREF,43,him,16420,16423,8,67,1,M_275,Other
276,booknlp,COREF,42,she,16443,16446,0,67,1,M_276,Other
277,booknlp,COREF,42,She,16458,16461,0,67,1,M_277,Other
278,booknlp,COREF,42,she,16478,16481,0,67,1,M_278,Other
279,booknlp,COREF,42,her,16524,16527,0,67,1,M_279,Other
280,booknlp,COREF,42,her,16537,16540,0,67,1,M_280,Other
281,booknlp,COREF,42,She,16570,16573,0,67,1,M_281,Other
282,booknlp,COREF,42,her,16616,16619,0,67,1,M_282,Other
283,booknlp,COREF,42,She,16649,16652,0,67,1,M_283,Other
284,exp,exp_name,winterbourne,Winterbourne,16658,16670,8,67,1,M_284,PROPN
285,booknlp,COREF,42,her,16684,16687,0,67,1,M_285,Other
286,booknlp,COREF,42,her,16726,16729,0,67,1,M_286,Other
287,booknlp,COREF,42,she,16871,16874,0,67,1,M_287,Other
288,booknlp,COREF,42,me,16907,16909,0,67,1,M_288,Other
289,booknlp,COREF,42,I,16954,16955,0,67,1,M_289,Other
290,booknlp,COREF,42,I,16965,16966,0,67,1,M_290,Other
291,booknlp,COREF,42,my,17003,17005,0,67,1,M_291,Other
292,booknlp,COREF,42,I,17020,17021,0,67,1,M_292,Other
293,booknlp,COREF,42,I,17038,17039,0,67,1,M_293,Other
294,exp,exp_name,miss miller,Miss Miller,17095,17106,0,67,1,M_294,PROPN
295,booknlp,COREF,42,she,17157,17160,0,67,1,M_295,Other
296,booknlp,COREF,42,She,17211,17214,0,67,1,M_296,Other
297,booknlp,COREF,42,She,17331,17334,0,67,1,M_297,Other
298,booknlp,COREF,42,she,17391,17394,0,67,1,M_298,Other
299,booknlp,COREF,42,She,17430,17433,0,67,1,M_299,Other
300,booknlp,COREF,42,she,17517,17520,0,67,1,M_300,Other
301,booknlp,COREF,42,she,17582,17585,0,67,1,M_301,Other
302,booknlp,COREF,42,she,17607,17610,0,67,1,M_302,Other
303,booknlp,COREF,42,she,17622,17625,0,67,1,M_303,Other
304,exp,exp_name,winterbourne,Winterbourne,17682,17694,8,68,1,M_304,PROPN
305,exp,exp_name,miss miller,Miss Miller,17709,17720,0,69,1,M_305,PROPN
306,booknlp,COREF,42,me,17769,17771,0,69,1,M_306,Other
307,booknlp,COREF,42,I,17777,17778,0,69,1,M_307,Other
308,booknlp,COREF,42,I,17793,17794,0,69,1,M_308,Other
309,booknlp,COREF,42,I,17831,17832,0,69,1,M_309,Other
310,booknlp,COREF,42,I,17938,17939,0,69,1,M_310,Other
311,booknlp,COREF,42,she,17953,17956,0,69,1,M_311,Other
312,booknlp,COREF,42,I,18027,18028,0,69,1,M_312,Other
313,pdnc,qID,Q64-1,you,18066,18069,8,69,1,M_313,Other
314,booknlp,COREF,42,I,18071,18072,0,69,1,M_314,Other
315,booknlp,COREF,42,I,18118,18119,0,69,1,M_315,Other
316,booknlp,COREF,42,I,18149,18150,0,69,1,M_316,Other
317,booknlp,COREF,42,I,18179,18180,0,69,1,M_317,Other
318,booknlp,COREF,42,I,18217,18218,0,69,1,M_318,Other
319,booknlp,COREF,42,I,18268,18269,0,69,1,M_319,Other
320,booknlp,COREF,42,I,18319,18320,0,69,1,M_320,Other
321,booknlp,COREF,42,I,18354,18355,0,69,1,M_321,Other
322,booknlp,COREF,42,me,18384,18386,0,69,1,M_322,Other
323,exp,exp_name,daisy miller,Daisy Miller,18432,18444,0,69,1,M_323,PROPN
324,booknlp,COREF,42,I,18447,18448,0,69,1,M_324,Other
325,booknlp,COREF,42,she,18558,18561,0,69,1,M_325,Other
326,booknlp,COREF,42,She,18583,18586,0,69,1,M_326,Other
327,booknlp,COREF,42,she,18616,18619,0,69,1,M_327,Other
328,exp,exp_name,winterbourne,Winterbourne,18635,18647,8,69,1,M_328,PROPN
329,booknlp,COREF,42,her,18657,18660,0,69,1,M_329,Other
330,booknlp,COREF,42,her,18675,18678,0,69,1,M_330,Other
331,booknlp,COREF,42,her,18698,18701,0,69,1,M_331,Other
332,booknlp,COREF,42,I,18737,18738,0,69,1,M_332,Other
333,booknlp,COREF,42,she,18757,18760,0,69,1,M_333,Other
334,exp,exp_name,winterbourne,Winterbourne,18812,18824,8,70,1,M_334,PROPN
335,booknlp,COREF,43,He,18871,18873,8,70,1,M_335,Other
336,booknlp,COREF,43,he,19088,19090,8,70,1,M_336,Other
337,exp,exp_name,miss daisy miller,Miss Daisy Miller,19101,19118,0,70,1,M_337,PROPN
338,booknlp,COREF,43,He,19178,19180,8,70,1,M_338,Other
339,booknlp,COREF,43,he,19191,19193,8,70,1,M_339,Other
340,booknlp,COREF,43,he,19227,19229,8,70,1,M_340,Other
341,booknlp,COREF,43,he,19252,19254,8,70,1,M_341,Other
342,booknlp,COREF,43,he,19323,19325,8,70,1,M_342,Other
343,booknlp,COREF,43,he,19373,19375,8,70,1,M_343,Other
344,exp,exp_name,winterbourne,Winterbourne,19712,19724,8,70,1,M_344,PROPN
345,booknlp,COREF,43,his,19734,19737,8,70,1,M_345,Other
346,booknlp,COREF,43,his,19767,19770,8,70,1,M_346,Other
347,booknlp,COREF,43,him,19793,19796,8,70,1,M_347,Other
348,exp,exp_name,miss daisy miller,Miss Daisy Miller,19798,19815,0,70,1,M_348,PROPN
349,booknlp,COREF,43,him,19864,19867,8,70,1,M_349,Other
350,booknlp,COREF,43,him,19947,19950,8,70,1,M_350,Other
351,booknlp,COREF,43,He,19983,19985,8,70,1,M_351,Other
352,exp,exp_name,miss daisy miller,Miss Daisy Miller,20008,20025,0,70,1,M_352,PROPN
353,booknlp,COREF,43,He,20064,20066,8,70,1,M_353,Other
354,booknlp,COREF,43,He,20140,20142,8,70,1,M_354,Other
355,exp,exp_name,miss daisy miller,Miss Daisy Miller,20209,20226,0,70,1,M_355,PROPN
356,exp,exp_name,winterbourne,Winterbourne,20521,20533,8,70,1,M_356,PROPN
357,exp,exp_name,miss daisy miller,Miss Daisy Miller,20599,20616,0,70,1,M_357,PROPN
358,booknlp,COREF,43,He,20618,20620,8,70,1,M_358,Other
359,booknlp,COREF,43,his,20636,20639,8,70,1,M_359,Other
360,booknlp,COREF,43,he,20646,20648,8,70,1,M_360,Other
361,booknlp,COREF,43,himself,20661,20668,8,70,1,M_361,Other
362,booknlp,COREF,43,he,20705,20707,8,70,1,M_362,Other
363,booknlp,COREF,43,he,20723,20725,8,70,1,M_363,Other
364,booknlp,COREF,43,he,20869,20871,8,70,1,M_364,Other
365,pdnc,qID,Q68-0,you,20904,20907,8,71,1,M_365,Other
366,exp,exp_name,winterbourne,Winterbourne,21074,21086,8,72,1,M_366,PROPN
367,pdnc,qID,Q69-1,You,21089,21092,0,72,1,M_367,Other
368,booknlp,COREF,43,I,21098,21099,8,72,1,M_368,Other
369,exp,exp_name,winterbourne,Winterbourne,21319,21331,8,74,1,M_369,PROPN
370,pdnc,qID,Q71-1,you,21372,21375,0,74,1,M_370,Other
371,pdnc,qID,Q71-1,you,21385,21388,0,74,1,M_371,Other
372,exp,exp_name,miss miller,Miss Miller,21452,21463,0,75,1,M_372,PROPN
373,pdnc,qID,Q73-0,you,21472,21475,0,76,1,M_373,Other
374,exp,exp_name,winterbourne,Winterbourne,21497,21509,8,76,1,M_374,PROPN
375,pdnc,qID,Q74-0,Our courier,21522,21533,1,77,1,M_375,Other
376,pdnc,qID,Q74-1,my mother,21634,21643,4,77,1,M_376,Other
377,pdnc,qID,Q74-1,She,21654,21657,4,77,1,M_377,Other
378,pdnc,qID,Q74-1,She,21693,21696,4,77,1,M_378,Other
379,pdnc,qID,Q74-1,she,21702,21705,4,77,1,M_379,Other
380,pdnc,qID,Q74-1,Randolph,21719,21727,6,77,1,M_380,PROPN
381,pdnc,qID,Q74-1,he,21748,21750,6,77,1,M_381,Other
382,pdnc,qID,Q74-1,he,21756,21758,6,77,1,M_382,Other
383,pdnc,qID,Q74-1,Randolph,21840,21848,6,77,1,M_383,PROPN
384,pdnc,qID,Q75-0,Your brother,21853,21865,6,78,1,M_384,Other
385,exp,exp_name,winterbourne,Winterbourne,21907,21919,8,78,1,M_385,PROPN
386,pdnc,qID,Q76-0,He,21941,21943,6,79,1,M_386,Other
387,pdnc,qID,Q76-0,he,21949,21951,6,79,1,M_387,Other
388,pdnc,qID,Q76-0,He,21987,21989,6,79,1,M_388,Other
389,pdnc,qID,Q76-0,He,22003,22005,6,79,1,M_389,Other
390,pdnc,qID,Q76-0,Mother,22034,22040,4,79,1,M_390,Other
391,pdnc,qID,Q76-0,him,22059,22062,6,79,1,M_391,Other
392,pdnc,qID,Q76-0,the courier,22074,22085,1,79,1,M_392,Other
393,pdnc,qID,Q76-0,him,22102,22105,6,79,1,M_393,Other
394,exp,exp_name,miss miller,Miss Miller,22195,22206,0,79,1,M_394,PROPN
395,booknlp,COREF,43,I,22250,22251,8,80,1,M_395,Other
396,exp,exp_name,winterbourne,Winterbourne,22293,22305,8,80,1,M_396,PROPN
397,pdnc,qID,Q77-1,you,22317,22320,0,80,1,M_397,Other
398,pdnc,qID,Q77-1,Randolph,22365,22373,6,80,1,M_398,PROPN
399,exp,exp_name,miss miller,Miss Miller,22377,22388,0,81,1,M_399,PROPN
400,booknlp,COREF,43,him,22399,22402,8,81,1,M_400,Other
401,booknlp,COREF,42,I,22439,22440,0,81,1,M_401,Other
402,pdnc,qID,Q78-0,YOU,22446,22449,8,81,1,M_402,Other
403,pdnc,qID,Q78-0,him,22466,22469,6,81,1,M_403,Other
404,booknlp,COREF,42,she,22472,22475,0,81,1,M_404,Other
405,exp,exp_name,winterbourne,Winterbourne,22483,22495,8,82,1,M_405,PROPN
406,booknlp,COREF,43,I,22517,22518,8,82,1,M_406,Other
407,pdnc,qID,Q79-0,you,22557,22560,0,82,1,M_407,Other
408,exp,exp_name,winterbourne,Winterbourne,22700,22712,8,84,1,M_408,PROPN
409,booknlp,COREF,43,he,22729,22731,8,84,1,M_409,Other
410,pdnc,qID,Q81-0,your mother,22796,22807,4,84,1,M_410,Other
411,booknlp,COREF,43,he,22810,22812,8,84,1,M_411,Other
412,booknlp,COREF,43,his,22866,22869,8,85,1,M_412,Other
413,booknlp,COREF,43,his,22883,22886,8,85,1,M_413,Other
414,exp,exp_name,miss daisy miller,Miss Daisy Miller,22910,22927,0,85,1,M_414,PROPN
415,pdnc,qID,Q82-0,my mother,22938,22947,4,85,1,M_415,Other
416,pdnc,qID,Q82-1,She,22981,22984,4,85,1,M_416,Other
417,pdnc,qID,Q82-1,you,23036,23039,8,85,1,M_417,Other
418,pdnc,qID,Q82-1,you,23057,23060,8,85,1,M_418,Other
419,pdnc,qID,Q82-1,you,23081,23084,8,85,1,M_419,Other
420,exp,exp_name,winterbourne,Winterbourne,23132,23144,8,86,1,M_420,PROPN
421,pdnc,qID,Q84-0,mother,23184,23190,4,87,1,M_421,Other
422,pdnc,qID,Q84-0,Randolph,23206,23214,6,87,1,M_422,PROPN
423,pdnc,qID,Q84-0,Eugenio,23224,23231,1,87,1,M_423,PROPN
424,pdnc,qID,Q85-0,Eugenio,23241,23248,1,88,1,M_424,PROPN
425,pdnc,qID,Q86-0,Eugenio,23277,23284,1,89,1,M_425,PROPN
426,pdnc,qID,Q86-0,our courier,23287,23298,1,89,1,M_426,Other
427,pdnc,qID,Q86-0,He,23300,23302,1,89,1,M_427,Other
428,pdnc,qID,Q86-0,Randolph,23329,23337,6,89,1,M_428,PROPN
429,pdnc,qID,Q86-0,he,23339,23341,1,89,1,M_429,Other
430,pdnc,qID,Q86-0,he,23384,23386,1,89,1,M_430,Other
431,pdnc,qID,Q86-0,he,23417,23419,1,89,1,M_431,Other
432,pdnc,qID,Q86-0,Randolph,23441,23449,6,89,1,M_432,PROPN
433,pdnc,qID,Q86-0,mother,23453,23459,4,89,1,M_433,Other
434,exp,exp_name,winterbourne,Winterbourne,23502,23514,8,90,1,M_434,PROPN
435,exp,exp_name,miss daisy miller,Miss Daisy Miller,23585,23602,0,90,1,M_435,PROPN
436,booknlp,COREF,43,himself,23607,23614,8,90,1,M_436,Other
437,booknlp,COREF,43,he,23671,23673,8,90,1,M_437,Other
438,booknlp,COREF,43,he,23685,23687,8,90,1,M_438,Other
439,booknlp,COREF,43,he,23734,23736,8,90,1,M_439,Other
440,exp,exp_name,eugenio,Eugenio,23833,23840,1,90,1,M_440,PROPN
441,exp,exp_name,miss miller,Miss Miller,23966,23977,0,90,1,M_441,PROPN
442,booknlp,COREF,42,her,23998,24001,0,90,1,M_442,Other
443,pdnc,qID,Q87-0,Eugenio,24018,24025,1,90,1,M_443,PROPN
444,exp,exp_name,miss miller,Miss Miller,24033,24044,0,90,1,M_444,PROPN
445,exp,exp_name,eugenio,Eugenio,24075,24082,1,91,1,M_445,PROPN
446,exp,exp_name,winterbourne,Winterbourne,24097,24109,8,91,1,M_446,PROPN
447,booknlp,COREF,53,he,24129,24131,1,91,1,M_447,Other
448,booknlp,COREF,53,I,24170,24171,1,91,1,M_448,Other
449,exp,exp_name,miss miller,Miss Miller,24245,24256,0,92,1,M_449,PROPN
450,pdnc,qID,Q89-0,Eugenio,24281,24288,1,92,1,M_450,PROPN
451,booknlp,COREF,42,she,24291,24294,0,92,1,M_451,Other
452,booknlp,COREF,42,I,24302,24303,0,92,1,M_452,Other
453,pdnc,qID,Q90-0,mademoiselle,24370,24382,0,93,1,M_453,PROPN
454,pdnc,qID,Q91-0,Mademoiselle,24408,24420,0,93,1,M_454,PROPN
455,exp,exp_name,winterbourne,Winterbourne,24477,24489,8,93,1,M_455,PROPN
456,exp,exp_name,eugenio,Eugenio,24512,24519,1,94,1,M_456,PROPN
457,exp,exp_name,miss miller,Miss Miller,24553,24564,0,94,1,M_457,PROPN
458,booknlp,COREF,42,She,24644,24647,0,94,1,M_458,Other
459,exp,exp_name,winterbourne,Winterbourne,24658,24670,8,94,1,M_459,PROPN
460,pdnc,qID,Q92-0,You,24707,24710,8,94,1,M_460,Other
461,booknlp,COREF,42,she,24729,24732,0,94,1,M_461,Other
462,booknlp,COREF,43,I,24741,24742,8,95,1,M_462,Other
463,booknlp,COREF,43,he,24775,24777,8,95,1,M_463,Other
464,pdnc,qID,Q94-0,you,24795,24798,8,96,1,M_464,Other
465,booknlp,COREF,42,she,24827,24830,0,96,1,M_465,Other
466,pdnc,qID,Q94-1,you,24845,24848,8,96,1,M_466,Other
467,exp,exp_name,winterbourne,Winterbourne,24904,24916,8,97,1,M_467,PROPN
468,exp,exp_name,miss miller,Miss Miller,24999,25010,0,97,1,M_468,PROPN
469,booknlp,COREF,42,she,25043,25046,0,97,1,M_469,Other
470,pdnc,qID,Q95-0,you,25115,25118,0,97,1,M_470,Other
471,pdnc,qID,Q95-0,a person,25119,25127,3,97,1,M_471,Other
472,pdnc,qID,Q95-0,you,25142,25145,0,97,1,M_472,Other
473,exp,exp_name,miss miller,Miss Miller,25243,25254,0,98,1,M_473,PROPN
474,booknlp,COREF,42,she,25260,25263,0,98,1,M_474,Other
475,booknlp,COREF,42,She,25298,25301,0,98,1,M_475,Other
476,booknlp,COREF,42,her,25309,25312,0,98,1,M_476,Other
477,exp,exp_name,eugenio,Eugenio,25355,25362,1,98,1,M_477,PROPN
478,exp,exp_name,winterbourne,Winterbourne,25364,25376,8,98,1,M_478,PROPN
479,booknlp,COREF,42,her,25397,25400,0,98,1,M_479,Other
480,booknlp,COREF,42,she,25409,25412,0,98,1,M_480,Other
481,booknlp,COREF,42,her,25433,25436,0,98,1,M_481,Other
482,booknlp,COREF,42,she,25492,25495,0,98,1,M_482,Other
483,exp,exp_name,mrs. costello,Mrs. Costello,25621,25634,3,99,1,M_483,PROPN
484,exp,exp_name,miss daisy miller,Miss Daisy Miller,25639,25656,0,99,1,M_484,PROPN
485,pdnc,qID,Q97-0,a courier,25922,25931,1,100,1,M_485,Other
486,exp,exp_name,mrs. costello,Mrs. Costello,25939,25952,3,100,1,M_486,PROPN
487,booknlp,COREF,55,I,25963,25964,3,100,1,M_487,Other
488,exp,exp_name,mrs. costello,Mrs. Costello,26036,26049,3,100,1,M_488,PROPN
489,booknlp,COREF,55,she,26142,26145,3,100,1,M_489,Other
490,booknlp,COREF,55,she,26195,26198,3,100,1,M_490,Other
491,booknlp,COREF,55,her,26246,26249,3,100,1,M_491,Other
492,booknlp,COREF,55,She,26256,26259,3,100,1,M_492,Other
493,booknlp,COREF,55,she,26348,26351,3,100,1,M_493,Other
494,booknlp,COREF,55,her,26401,26404,3,100,1,M_494,Other
495,booknlp,COREF,55,She,26411,26414,3,100,1,M_495,Other
496,booknlp,COREF,55,Her,26682,26685,3,100,1,M_496,Other
497,booknlp,COREF,55,her,26736,26739,3,100,1,M_497,Other
498,booknlp,COREF,55,she,26789,26792,3,100,1,M_498,Other
499,booknlp,COREF,55,her,26814,26817,3,100,1,M_499,Other
500,exp,exp_name,mrs. costello,Mrs. Costello,26902,26915,3,100,1,M_500,PROPN
501,booknlp,COREF,55,she,26953,26956,3,100,1,M_501,Other
502,booknlp,COREF,55,her,26999,27002,3,100,1,M_502,Other
503,booknlp,COREF,55,she,27088,27091,3,100,1,M_503,Other
504,booknlp,COREF,55,she,27116,27119,3,100,1,M_504,Other
505,booknlp,COREF,55,She,27153,27156,3,100,1,M_505,Other
506,booknlp,COREF,55,she,27171,27174,3,100,1,M_506,Other
507,booknlp,COREF,55,her,27274,27277,3,100,1,M_507,Other
508,booknlp,COREF,55,she,27363,27366,3,100,1,M_508,Other
509,exp,exp_name,winterbourne,Winterbourne,27418,27430,8,100,1,M_509,PROPN
510,booknlp,COREF,55,her,27508,27511,3,101,1,M_510,Other
511,exp,exp_name,miss daisy miller,Miss Daisy Miller,27523,27540,0,101,1,M_511,PROPN
512,pdnc,qID,Q98-0,you,27591,27594,3,101,1,M_512,Other
513,exp,exp_name,mrs. costello,Mrs. Costello,27653,27666,3,102,1,M_513,PROPN
514,pdnc,qID,Q100-0,you,27764,27767,3,103,1,M_514,Other
515,booknlp,COREF,55,I,27810,27811,3,104,1,M_515,Other
516,pdnc,qID,Q101-0,my dear Frederick,27819,27836,8,104,1,M_516,Other
517,booknlp,COREF,55,I,27838,27839,3,104,1,M_517,Other
518,booknlp,COREF,55,I,27849,27850,3,104,1,M_518,Other
519,booknlp,COREF,55,I,27862,27863,3,104,1,M_519,Other
520,pdnc,qID,Q102-0,The young girl,27874,27888,0,105,1,M_520,Other
521,exp,exp_name,winterbourne,Winterbourne,27911,27923,8,105,1,M_521,PROPN
522,pdnc,qID,Q103-0,she,27949,27952,0,106,1,M_522,Other
523,pdnc,qID,Q103-0,she,27967,27970,0,106,1,M_523,Other
524,booknlp,COREF,43,I,27990,27991,8,107,1,M_524,Other
525,pdnc,qID,Q104-0,you,28001,28004,3,107,1,M_525,Other
526,exp,exp_name,winterbourne,Winterbourne,28028,28040,8,107,1,M_526,PROPN
527,pdnc,qID,Q105-0,She,28064,28067,0,108,1,M_527,Other
528,pdnc,qID,Q105-1,she,28172,28175,0,108,1,M_528,Other
529,pdnc,qID,Q105-1,you,28203,28206,8,108,1,M_529,Other
530,pdnc,qID,Q105-1,she,28227,28230,0,108,1,M_530,Other
531,pdnc,qID,Q106-0,my dear aunt,28290,28302,3,109,1,M_531,Other
532,pdnc,qID,Q106-0,she,28304,28307,0,109,1,M_532,Other
533,pdnc,qID,Q107-0,She,28349,28352,0,110,1,M_533,Other
534,exp,exp_name,mrs. costello,Mrs. Costello,28376,28389,3,110,1,M_534,PROPN
535,pdnc,qID,Q107-1,her mamma s courier,28417,28436,1,110,1,M_535,Other
536,pdnc,qID,Q108-0,the courier,28458,28469,1,111,1,M_536,Other
537,pdnc,qID,Q109-0,the mother,28502,28512,4,112,1,M_537,Other
538,pdnc,qID,Q109-0,the courier,28540,28551,1,112,1,M_538,Other
539,pdnc,qID,Q109-0,he,28616,28618,1,112,1,M_539,Other
540,pdnc,qID,Q109-0,He,28739,28741,1,112,1,M_540,Other
541,pdnc,qID,Q109-0,the young lady,28766,28780,0,112,1,M_541,Other
542,pdnc,qID,Q109-0,He,28800,28802,1,112,1,M_542,Other
543,pdnc,qID,Q109-0,he,28856,28858,1,112,1,M_543,Other
544,exp,exp_name,winterbourne,Winterbourne,28869,28881,8,113,1,M_544,PROPN
545,booknlp,COREF,43,him,28939,28942,8,113,1,M_545,Other
546,booknlp,COREF,43,his,28954,28957,8,113,1,M_546,Other
547,exp,exp_name,miss daisy,Miss Daisy,28969,28979,0,113,1,M_547,PROPN
548,booknlp,COREF,42,she,28991,28994,0,113,1,M_548,Other
549,booknlp,COREF,43,he,29020,29022,8,113,1,M_549,Other
550,booknlp,COREF,43,I,29030,29031,8,113,1,M_550,Other
551,pdnc,qID,Q110-1,she,29058,29061,0,113,1,M_551,Other
552,booknlp,COREF,43,me,29083,29085,8,113,1,M_552,Other
553,pdnc,qID,Q111-0,You,29090,29093,8,114,1,M_553,Other
554,exp,exp_name,mrs. costello,Mrs. Costello,29131,29144,3,114,1,M_554,PROPN
555,pdnc,qID,Q111-1,you,29165,29168,8,114,1,M_555,Other
556,pdnc,qID,Q111-1,her,29178,29181,0,114,1,M_556,Other
557,pdnc,qID,Q113-0,you,29286,29289,8,116,1,M_557,Other
558,booknlp,COREF,43,I,29298,29299,8,117,1,M_558,Other
559,booknlp,COREF,43,I,29305,29306,8,117,1,M_559,Other
560,pdnc,qID,Q114-0,her,29346,29349,0,117,1,M_560,Other
561,pdnc,qID,Q114-0,my admirable aunt,29353,29370,3,117,1,M_561,Other
562,booknlp,COREF,55,I,29375,29376,3,118,1,M_562,Other
563,pdnc,qID,Q115-0,you,29396,29399,8,118,1,M_563,Other
564,booknlp,COREF,43,my,29424,29426,8,119,1,M_564,Other
565,exp,exp_name,winterbourne,Winterbourne,29449,29461,8,119,1,M_565,PROPN
566,pdnc,qID,Q117-0,hers,29494,29498,0,120,1,M_566,Other
567,pdnc,qID,Q118-0,you,29507,29510,3,121,1,M_567,Other
568,pdnc,qID,Q118-1,She,29544,29547,0,121,1,M_568,Other
569,pdnc,qID,Q119-0,You,29577,29580,8,122,1,M_569,Other
570,pdnc,qID,Q119-0,you,29602,29605,8,122,1,M_570,Other
571,exp,exp_name,mrs. costello,Mrs. Costello,29620,29633,3,122,1,M_571,PROPN
572,pdnc,qID,Q120-0,She,29646,29649,0,123,1,M_572,Other
573,exp,exp_name,winterbourne,Winterbourne,29679,29691,8,123,1,M_573,PROPN
574,pdnc,qID,Q120-1,she,29706,29709,0,123,1,M_574,Other
575,pdnc,qID,Q120-1,she,29748,29751,0,123,1,M_575,Other
576,booknlp,COREF,43,I,29780,29781,8,123,1,M_576,Other
577,booknlp,COREF,43,I,29794,29795,8,123,1,M_577,Other
578,pdnc,qID,Q120-1,her,29813,29816,0,123,1,M_578,Other
579,pdnc,qID,Q121-0,You two,29847,29854,8,124,1,M_579,Other
580,pdnc,qID,Q121-0,you,29940,29943,8,124,1,M_580,Other
581,pdnc,qID,Q121-0,her,29950,29953,0,124,1,M_581,Other
582,pdnc,qID,Q121-0,You,30008,30011,8,124,1,M_582,Other
583,booknlp,COREF,43,I,30060,30061,8,125,1,M_583,Other
584,pdnc,qID,Q122-0,her,30073,30076,0,125,1,M_584,Other
585,exp,exp_name,winterbourne,Winterbourne,30097,30109,8,125,1,M_585,PROPN
586,booknlp,COREF,55,me,30127,30129,3,126,1,M_586,Other
587,exp,exp_name,mrs. costello,Mrs. Costello,30138,30151,3,126,1,M_587,PROPN
588,pdnc,qID,Q123-1,dreadful girl,30161,30174,0,126,1,M_588,Other
589,booknlp,COREF,55,Her,30178,30181,3,127,1,M_589,Other
590,pdnc,qID,Q124-0,You,30219,30222,3,127,1,M_590,Other
591,booknlp,COREF,43,he,30244,30246,8,127,1,M_591,Other
592,pdnc,qID,Q124-1,you,30312,30315,3,127,1,M_592,Other
593,booknlp,COREF,43,he,30341,30343,8,127,1,M_593,Other
594,pdnc,qID,Q125-0,sir,30372,30375,8,128,1,M_594,PROPN
595,booknlp,COREF,43,his,30383,30386,8,128,1,M_595,Other
596,pdnc,qID,Q126-0,she,30400,30403,0,129,1,M_596,Other
597,pdnc,qID,Q126-0,her,30475,30478,0,129,1,M_597,Other
598,booknlp,COREF,43,I,30487,30488,8,130,1,M_598,Other
599,booknlp,COREF,43,I,30559,30560,8,130,1,M_599,Other
600,pdnc,qID,Q127-0,you,30579,30582,8,130,1,M_600,Other
601,pdnc,qID,Q127-0,you,30658,30661,8,130,1,M_601,Other
602,pdnc,qID,Q127-0,You,30673,30676,8,130,1,M_602,Other
603,pdnc,qID,Q127-0,You,30717,30720,8,130,1,M_603,Other
604,pdnc,qID,Q127-0,You,30762,30765,8,130,1,M_604,Other
605,pdnc,qID,Q128-0,My dear aunt,30787,30799,3,131,1,M_605,Other
606,booknlp,COREF,43,I,30801,30802,8,131,1,M_606,Other
607,exp,exp_name,winterbourne,Winterbourne,30829,30841,8,131,1,M_607,PROPN
608,booknlp,COREF,43,his,30863,30866,8,131,1,M_608,Other
609,pdnc,qID,Q129-0,You,30879,30882,8,132,1,M_609,Other
610,exp,exp_name,winterbourne,Winterbourne,30907,30919,8,133,1,M_610,PROPN
611,booknlp,COREF,43,his,30938,30941,8,133,1,M_611,Other
612,pdnc,qID,Q130-0,You,30966,30969,3,133,1,M_612,Other
613,pdnc,qID,Q130-0,the poor girl,30980,30993,0,133,1,M_613,Other
614,pdnc,qID,Q130-0,you,30999,31002,3,133,1,M_614,Other
615,booknlp,COREF,43,he,31010,31012,8,133,1,M_615,Other
616,pdnc,qID,Q131-0,she,31056,31059,0,134,1,M_616,Other
617,pdnc,qID,Q131-0,you,31100,31103,8,134,1,M_617,Other
618,booknlp,COREF,43,I,31108,31109,8,135,1,M_618,Other
619,pdnc,qID,Q132-0,she,31121,31124,0,135,1,M_619,Other
620,pdnc,qID,Q133-0,my dear Frederick,31152,31169,8,136,1,M_620,Other
621,exp,exp_name,mrs. costello,Mrs. Costello,31177,31190,3,136,1,M_621,PROPN
622,booknlp,COREF,55,I,31193,31194,3,136,1,M_622,Other
623,pdnc,qID,Q133-1,her,31221,31224,0,136,1,M_623,Other
624,booknlp,COREF,55,I,31239,31240,3,136,1,M_624,Other
625,booknlp,COREF,55,I,31262,31263,3,136,1,M_625,Other
626,exp,exp_name,winterbourne,Winterbourne,31378,31390,8,137,1,M_626,PROPN
627,exp,exp_name,mrs. costello,Mrs. Costello,31402,31415,3,138,1,M_627,PROPN
628,booknlp,COREF,55,I,31434,31435,3,138,1,M_628,Other
629,booknlp,COREF,55,my,31455,31457,3,138,1,M_629,Other
630,booknlp,COREF,55,she,31483,31486,3,138,1,M_630,Other
631,exp,exp_name,winterbourne,Winterbourne,31558,31570,8,139,1,M_631,PROPN
632,booknlp,COREF,43,his,31601,31604,8,139,1,M_632,Other
633,exp,exp_name,miss daisy miller,Miss Daisy Miller,31673,31690,0,139,1,M_633,PROPN
634,booknlp,COREF,42,her,31801,31804,0,139,1,M_634,Other
635,exp,exp_name,winterbourne,Winterbourne,31806,31818,8,139,1,M_635,PROPN
636,booknlp,COREF,42,her,31840,31843,0,139,1,M_636,Other
637,booknlp,COREF,43,he,31855,31857,8,139,1,M_637,Other
638,booknlp,COREF,43,himself,31873,31880,8,139,1,M_638,Other
639,booknlp,COREF,43,he,31900,31902,8,139,1,M_639,Other
640,booknlp,COREF,42,her,31925,31928,0,139,1,M_640,Other
641,booknlp,COREF,43,he,31945,31947,8,140,1,M_641,Other
642,booknlp,COREF,42,her,31969,31972,0,140,1,M_642,Other
643,booknlp,COREF,43,he,31974,31976,8,140,1,M_643,Other
644,booknlp,COREF,43,he,31994,31996,8,140,1,M_644,Other
645,booknlp,COREF,42,her,32011,32014,0,140,1,M_645,Other
646,booknlp,COREF,43,his,32021,32024,8,140,1,M_646,Other
647,booknlp,COREF,42,her,32066,32069,0,140,1,M_647,Other
648,booknlp,COREF,43,he,32075,32077,8,140,1,M_648,Other
649,exp,exp_name,miss daisy miller,Miss Daisy Miller,32117,32134,0,140,1,M_649,PROPN
650,booknlp,COREF,43,He,32181,32183,8,140,1,M_650,Other
651,booknlp,COREF,42,her,32190,32193,0,140,1,M_651,Other
652,booknlp,COREF,43,he,32324,32326,8,140,1,M_652,Other
653,booknlp,COREF,43,He,32364,32366,8,140,1,M_653,Other
654,booknlp,COREF,43,his,32382,32385,8,140,1,M_654,Other
655,booknlp,COREF,42,her,32414,32417,0,140,1,M_655,Other
656,booknlp,COREF,42,her,32460,32463,0,140,1,M_656,Other
657,exp,exp_name,miss daisy miller,Miss Daisy Miller,32481,32498,0,140,1,M_657,PROPN
658,booknlp,COREF,43,him,32523,32526,8,140,1,M_658,Other
659,booknlp,COREF,42,she,32528,32531,0,140,1,M_659,Other
660,booknlp,COREF,42,she,32568,32571,0,140,1,M_660,Other
661,pdnc,qID,Q136-0,you,32596,32599,0,141,1,M_661,Other
662,booknlp,COREF,43,he,32617,32619,8,141,1,M_662,Other
663,booknlp,COREF,42,I,32629,32630,0,142,1,M_663,Other
664,pdnc,qID,Q137-0,mother,32660,32666,4,142,1,M_664,Other
665,pdnc,qID,Q137-0,mother,32672,32678,4,142,1,M_665,Other
666,booknlp,COREF,42,she,32706,32709,0,142,1,M_666,Other
667,pdnc,qID,Q138-0,she,32726,32729,4,143,1,M_667,Other
668,pdnc,qID,Q139-0,she,32750,32753,4,144,1,M_668,Other
669,pdnc,qID,Q139-1,She,32804,32807,4,144,1,M_669,Other
670,pdnc,qID,Q139-1,She,32840,32843,4,144,1,M_670,Other
671,pdnc,qID,Q139-1,she,32849,32852,4,144,1,M_671,Other
672,pdnc,qID,Q139-1,she,32870,32873,4,144,1,M_672,Other
673,pdnc,qID,Q139-1,She,32881,32884,4,144,1,M_673,Other
674,pdnc,qID,Q139-1,she,32915,32918,4,144,1,M_674,Other
675,pdnc,qID,Q139-1,she,32936,32939,4,144,1,M_675,Other
676,pdnc,qID,Q139-1,She,32948,32951,4,144,1,M_676,Other
677,pdnc,qID,Q139-1,Randolph,32975,32983,6,144,1,M_677,PROPN
678,pdnc,qID,Q139-1,she,32985,32988,4,144,1,M_678,Other
679,pdnc,qID,Q139-1,him,33009,33012,6,144,1,M_679,Other
680,pdnc,qID,Q139-1,He,33027,33029,6,144,1,M_680,Other
681,pdnc,qID,Q140-0,she,33072,33075,4,145,1,M_681,Other
682,pdnc,qID,Q140-0,him,33090,33093,6,145,1,M_682,Other
683,exp,exp_name,winterbourne,Winterbourne,33105,33117,8,145,1,M_683,PROPN
684,pdnc,qID,Q141-0,She,33121,33124,4,146,1,M_684,Other
685,pdnc,qID,Q141-0,him,33138,33141,6,146,1,M_685,Other
686,pdnc,qID,Q141-0,she,33146,33149,4,146,1,M_686,Other
687,pdnc,qID,Q141-0,he,33159,33161,6,146,1,M_687,Other
688,pdnc,qID,Q141-0,her,33175,33178,4,146,1,M_688,Other
689,pdnc,qID,Q141-0,him,33190,33193,6,146,1,M_689,Other
690,exp,exp_name,miss daisy,Miss Daisy,33201,33211,0,146,1,M_690,PROPN
691,booknlp,COREF,42,her,33221,33224,0,146,1,M_691,Other
692,pdnc,qID,Q141-1,She,33231,33234,4,146,1,M_692,Other
693,pdnc,qID,Q141-1,Eugenio,33257,33264,1,146,1,M_693,PROPN
694,pdnc,qID,Q141-1,him,33276,33279,6,146,1,M_694,Other
695,pdnc,qID,Q141-1,he,33285,33287,6,146,1,M_695,Other
696,pdnc,qID,Q141-1,Eugenio,33304,33311,1,146,1,M_696,PROPN
697,pdnc,qID,Q141-1,Eugenio,33313,33320,1,146,1,M_697,PROPN
698,pdnc,qID,Q141-1,he,33347,33349,1,146,1,M_698,Other
699,pdnc,qID,Q141-1,Randolph,33380,33388,6,146,1,M_699,PROPN
700,booknlp,COREF,42,I,33390,33391,0,146,1,M_700,Other
701,pdnc,qID,Q141-1,he,33406,33408,6,146,1,M_701,Other
702,exp,exp_name,randolph,Randolph,33455,33463,6,146,1,M_702,PROPN
703,exp,exp_name,winterbourne,Winterbourne,33512,33524,8,146,1,M_703,PROPN
704,pdnc,qID,Q142-0,that lady you want to introduce me to,33633,33670,3,146,1,M_704,Other
705,booknlp,COREF,43,his,33673,33676,8,146,1,M_705,Other
706,pdnc,qID,Q142-1,She,33697,33700,3,146,1,M_706,Other
707,exp,exp_name,winterbourne,Winterbourne,33724,33736,8,146,1,M_707,PROPN
708,exp,exp_name,mrs. costello,Mrs. Costello,33851,33864,3,146,1,M_708,PROPN
709,booknlp,COREF,42,I,34050,34051,0,146,1,M_709,Other
710,exp,exp_name,miss daisy,Miss Daisy,34111,34121,0,146,1,M_710,PROPN
711,booknlp,COREF,42,her,34143,34146,0,146,1,M_711,Other
712,booknlp,COREF,42,I,34165,34166,0,146,1,M_712,Other
713,pdnc,qID,Q143-1,her,34180,34183,3,146,1,M_713,Other
714,booknlp,COREF,42,I,34198,34199,0,146,1,M_714,Other
715,pdnc,qID,Q143-1,YOUR aunt,34215,34224,3,146,1,M_715,Other
716,booknlp,COREF,42,I,34235,34236,0,146,1,M_716,Other
717,booknlp,COREF,42,I,34242,34243,0,146,1,M_717,Other
718,pdnc,qID,Q143-1,her,34256,34259,3,146,1,M_718,Other
719,pdnc,qID,Q143-1,She,34261,34264,3,146,1,M_719,Other
720,booknlp,COREF,42,I,34290,34291,0,146,1,M_720,Other
721,booknlp,COREF,42,I,34321,34322,0,146,1,M_721,Other
722,booknlp,COREF,42,myself,34347,34353,0,146,1,M_722,Other
723,pdnc,qID,Q143-1,mother,34379,34385,4,146,1,M_723,Other
724,booknlp,COREF,42,I.,34390,34392,0,146,1,M_724,Other
725,booknlp,COREF,42,I,34448,34449,0,146,1,M_725,Other
726,booknlp,COREF,42,I,34493,34494,0,146,1,M_726,Other
727,pdnc,qID,Q143-1,your aunt,34525,34534,3,146,1,M_727,Other
728,exp,exp_name,winterbourne,Winterbourne,34538,34550,8,147,1,M_728,PROPN
729,pdnc,qID,Q144-0,She,34569,34572,3,147,1,M_729,Other
730,booknlp,COREF,43,he,34595,34597,8,147,1,M_730,Other
731,booknlp,COREF,43,I,34609,34610,8,147,1,M_731,Other
732,booknlp,COREF,43,him,34680,34683,8,148,1,M_732,Other
733,pdnc,qID,Q145-0,she,34717,34720,3,148,1,M_733,Other
734,exp,exp_name,winterbourne,Winterbourne,34784,34796,8,149,1,M_734,PROPN
735,pdnc,qID,Q146-0,She,34819,34822,3,149,1,M_735,Other
736,booknlp,COREF,43,me,34829,34831,8,149,1,M_736,Other
737,pdnc,qID,Q146-0,she,34832,34835,3,149,1,M_737,Other
738,booknlp,COREF,43,he,34843,34845,8,149,1,M_738,Other
739,exp,exp_name,miss daisy miller,Miss Daisy Miller,34890,34907,0,150,1,M_739,PROPN
740,booknlp,COREF,43,him,34937,34940,8,150,1,M_740,Other
741,booknlp,COREF,42,Her,34942,34945,0,150,1,M_741,Other
742,booknlp,COREF,42,she,34992,34995,0,150,1,M_742,Other
743,booknlp,COREF,42,her,35020,35023,0,150,1,M_743,Other
744,pdnc,qID,Q147-0,She,35039,35042,3,150,1,M_744,Other
745,booknlp,COREF,42,me,35064,35066,0,150,1,M_745,Other
746,booknlp,COREF,42,she,35069,35072,0,150,1,M_746,Other
747,pdnc,qID,Q147-1,you,35099,35102,8,150,1,M_747,Other
748,pdnc,qID,Q147-1,You,35111,35114,8,150,1,M_748,Other
749,booknlp,COREF,42,I,35134,35135,0,150,1,M_749,Other
750,booknlp,COREF,42,she,35155,35158,0,150,1,M_750,Other
751,exp,exp_name,winterbourne,Winterbourne,35181,35193,8,151,1,M_751,PROPN
752,booknlp,COREF,42,her,35224,35227,0,151,1,M_752,Other
753,booknlp,COREF,43,he,35235,35237,8,151,1,M_753,Other
754,pdnc,qID,Q148-0,My dear young lady,35278,35296,0,151,1,M_754,Other
755,booknlp,COREF,43,he,35299,35301,8,151,1,M_755,Other
756,pdnc,qID,Q148-1,she,35314,35317,3,151,1,M_756,Other
757,pdnc,qID,Q148-1,her,35337,35340,3,151,1,M_757,Other
758,pdnc,qID,Q149-0,You,35415,35418,8,152,1,M_758,Other
759,booknlp,COREF,42,she,35439,35442,0,152,1,M_759,Other
760,pdnc,qID,Q149-1,she,35465,35468,3,152,1,M_760,Other
761,booknlp,COREF,42,me,35482,35484,0,152,1,M_761,Other
762,booknlp,COREF,42,she,35492,35495,0,152,1,M_762,Other
763,booknlp,COREF,42,she,35510,35513,0,152,1,M_763,Other
764,booknlp,COREF,42,her,35570,35573,0,152,1,M_764,Other
765,exp,exp_name,daisy miller,Daisy Miller,35690,35702,0,152,1,M_765,PROPN
766,booknlp,COREF,42,she,35752,35755,0,152,1,M_766,Other
767,pdnc,qID,Q150-0,she,35794,35797,3,152,1,M_767,Other
768,booknlp,COREF,42,she,35813,35816,0,152,1,M_768,Other
769,exp,exp_name,winterbourne,Winterbourne,35823,35835,8,152,1,M_769,PROPN
770,booknlp,COREF,42,she,35853,35856,0,152,1,M_770,Other
771,booknlp,COREF,42,her,35916,35919,0,152,1,M_771,Other
772,booknlp,COREF,43,him,35976,35979,8,152,1,M_772,Other
773,booknlp,COREF,42,her,36015,36018,0,152,1,M_773,Other
774,booknlp,COREF,43,He,36020,36022,8,152,1,M_774,Other
775,booknlp,COREF,42,she,36049,36052,0,152,1,M_775,Other
776,booknlp,COREF,43,He,36106,36108,8,152,1,M_776,Other
777,booknlp,COREF,43,his,36162,36165,8,152,1,M_777,Other
778,booknlp,COREF,42,she,36204,36207,0,152,1,M_778,Other
779,booknlp,COREF,42,her,36271,36274,0,152,1,M_779,Other
780,booknlp,COREF,43,he,36287,36289,8,152,1,M_780,Other
781,booknlp,COREF,43,himself,36309,36316,8,152,1,M_781,Other
782,pdnc,qID,Q151-0,Mother,36460,36466,4,152,1,M_782,Other
783,pdnc,qID,Q151-0,she,36476,36479,4,152,1,M_783,Other
784,pdnc,qID,Q151-0,Randolph,36491,36499,6,152,1,M_784,PROPN
785,pdnc,qID,Q152-0,you,36677,36680,0,153,1,M_785,Other
786,pdnc,qID,Q152-0,your mother,36692,36703,4,153,1,M_786,Other
787,pdnc,qID,Q152-0,you,36709,36712,0,153,1,M_787,Other
788,pdnc,qID,Q152-0,her,36725,36728,4,153,1,M_788,Other
789,exp,exp_name,winterbourne,Winterbourne,36750,36762,8,153,1,M_789,PROPN
790,exp,exp_name,miss daisy miller,Miss Daisy Miller,36785,36802,0,154,1,M_790,PROPN
791,booknlp,COREF,42,I,36818,36819,0,154,1,M_791,Other
792,booknlp,COREF,42,I,36826,36827,0,154,1,M_792,Other
793,pdnc,qID,Q153-1,my own mother,36833,36846,4,154,1,M_793,Other
794,pdnc,qID,Q153-1,she,36857,36860,4,154,1,M_794,Other
795,booknlp,COREF,42,my,36872,36874,0,154,1,M_795,Other
796,pdnc,qID,Q153-1,She,36887,36890,4,154,1,M_796,Other
797,booknlp,COREF,42,my,36909,36911,0,154,1,M_797,Other
798,booknlp,COREF,42,she,37004,37007,0,155,1,M_798,Other
799,booknlp,COREF,42,her,37020,37023,0,155,1,M_799,Other
800,booknlp,COREF,43,I,37033,37034,8,156,1,M_800,Other
801,pdnc,qID,Q154-0,your mother,37045,37056,4,156,1,M_801,Other
802,pdnc,qID,Q154-0,you,37069,37072,0,156,1,M_802,Other
803,exp,exp_name,winterbourne,Winterbourne,37080,37092,8,156,1,M_803,PROPN
804,booknlp,COREF,43,he,37108,37110,8,156,1,M_804,Other
805,exp,exp_name,miss miller,Miss Miller,37133,37144,0,156,1,M_805,PROPN
806,pdnc,qID,Q155-1,she,37177,37180,4,156,1,M_806,Other
807,pdnc,qID,Q155-1,your,37200,37204,0,156,1,M_807,Other
808,pdnc,qID,Q156-1,her,37287,37290,4,157,1,M_808,Other
809,pdnc,qID,Q156-1,she,37291,37294,4,157,1,M_809,Other
810,pdnc,qID,Q156-1,She,37310,37313,4,157,1,M_810,Other
811,pdnc,qID,Q156-1,she,37338,37341,4,157,1,M_811,Other
812,pdnc,qID,Q156-1,you,37347,37350,8,157,1,M_812,Other
813,exp,exp_name,winterbourne,Winterbourne,37371,37383,8,158,1,M_813,PROPN
814,booknlp,COREF,43,I,37386,37387,8,158,1,M_814,Other
815,pdnc,qID,Q157-1,you,37405,37408,0,158,1,M_815,Other
816,exp,exp_name,miss daisy miller,Miss Daisy Miller,37437,37454,0,159,1,M_816,PROPN
817,booknlp,COREF,43,I,37458,37459,8,160,1,M_817,Other
818,pdnc,qID,Q159-0,your mother,37469,37480,4,160,1,M_818,Other
819,booknlp,COREF,43,my,37500,37502,8,160,1,M_819,Other
820,pdnc,qID,Q159-0,you,37516,37519,0,160,1,M_820,Other
821,exp,exp_name,miss miller,Miss Miller,37523,37534,0,161,1,M_821,PROPN
822,booknlp,COREF,43,him,37540,37543,8,161,1,M_822,Other
823,pdnc,qID,Q160-0,you,37589,37592,8,161,1,M_823,Other
824,pdnc,qID,Q160-0,HER,37612,37615,4,161,1,M_824,Other
825,pdnc,qID,Q160-0,mother,37654,37660,4,161,1,M_825,Other
826,pdnc,qID,Q160-0,She,37703,37706,4,161,1,M_826,Other
827,pdnc,qID,Q160-0,She,37727,37730,4,161,1,M_827,Other
828,pdnc,qID,Q160-0,Mother,37865,37871,4,161,1,M_828,Other
829,booknlp,COREF,43,me,37980,37982,8,162,1,M_829,Other
830,exp,exp_name,winterbourne,Winterbourne,37990,38002,8,162,1,M_830,PROPN
831,pdnc,qID,Q161-1,you,38005,38008,0,162,1,M_831,Other
832,booknlp,COREF,43,my,38019,38021,8,162,1,M_832,Other
833,booknlp,COREF,43,he,38033,38035,8,162,1,M_833,Other
834,booknlp,COREF,43,his,38103,38106,8,163,1,M_834,Other
835,exp,exp_name,mrs. miller,Mrs. Miller,38168,38179,4,163,1,M_835,PROPN
836,booknlp,COREF,60,her,38302,38305,4,163,1,M_836,Other
837,exp,exp_name,mr. winterbourne,Mr. Winterbourne,38413,38429,8,163,1,M_837,PROPN
838,exp,exp_name,miss daisy miller,Miss Daisy Miller,38437,38454,0,163,1,M_838,PROPN
839,booknlp,COREF,60,she,38519,38522,4,163,1,M_839,Other
840,exp,exp_name,mrs. costello,Mrs. Costello,38531,38544,3,163,1,M_840,PROPN
841,booknlp,COREF,60,her,38560,38563,4,163,1,M_841,Other
842,exp,exp_name,winterbourne,Winterbourne,38588,38600,8,163,1,M_842,PROPN
843,booknlp,COREF,60,her,38612,38615,4,163,1,M_843,Other
844,booknlp,COREF,60,she,38628,38631,4,163,1,M_844,Other
845,booknlp,COREF,60,Her,38666,38669,4,164,1,M_845,Other
846,exp,exp_name,mrs. miller,Mrs. Miller,38857,38868,4,164,1,M_846,PROPN
847,booknlp,COREF,60,she,38904,38907,4,164,1,M_847,Other
848,booknlp,COREF,60,her,38933,38936,4,164,1,M_848,Other
849,exp,exp_name,winterbourne,Winterbourne,38953,38965,8,164,1,M_849,PROPN
850,booknlp,COREF,60,she,38981,38984,4,164,1,M_850,Other
851,booknlp,COREF,43,him,38990,38993,8,164,1,M_851,Other
852,booknlp,COREF,60,she,39007,39010,4,164,1,M_852,Other
853,booknlp,COREF,43,him,39040,39043,8,164,1,M_853,Other
854,exp,exp_name,daisy,Daisy,39045,39050,0,164,1,M_854,PROPN
855,booknlp,COREF,42,her,39073,39076,0,164,1,M_855,Other
856,pdnc,qID,Q165-0,you,39103,39106,4,164,1,M_856,Other
857,booknlp,COREF,60,her,39265,39268,4,165,1,M_857,Other
858,booknlp,COREF,42,I,39310,39311,0,166,1,M_858,Other
859,pdnc,qID,Q167-0,you,39328,39331,4,166,1,M_859,Other
860,exp,exp_name,daisy,Daisy,39352,39357,0,166,1,M_860,PROPN
861,booknlp,COREF,60,her,39383,39386,4,167,1,M_861,Other
862,pdnc,qID,Q169-0,you,39430,39433,4,168,1,M_862,Other
863,pdnc,qID,Q169-0,Randolph,39438,39446,6,168,1,M_863,PROPN
864,booknlp,COREF,60,I,39490,39491,4,169,1,M_864,Other
865,pdnc,qID,Q170-0,him,39508,39511,6,169,1,M_865,Other
866,exp,exp_name,mrs. miller,Mrs. Miller,39519,39530,4,169,1,M_866,PROPN
867,pdnc,qID,Q170-1,He,39545,39547,6,169,1,M_867,Other
868,pdnc,qID,Q170-1,He,39577,39579,6,169,1,M_868,Other
869,pdnc,qID,Q171-0,Mr. Winterbourne,39627,39643,8,170,1,M_869,PROPN
870,exp,exp_name,winterbourne,Winterbourne,39794,39806,8,171,1,M_870,PROPN
871,booknlp,COREF,43,I,39809,39810,8,171,1,M_871,Other
872,pdnc,qID,Q172-1,your son,39840,39848,6,171,1,M_872,Other
873,exp,exp_name,randolph,Randolph,39852,39860,6,172,1,M_873,PROPN
874,pdnc,qID,Q173-0,he,39965,39967,6,172,1,M_874,Other
875,exp,exp_name,daisy miller,Daisy Miller,40028,40040,0,173,1,M_875,PROPN
876,exp,exp_name,winterbourne,Winterbourne,40073,40085,8,174,1,M_876,PROPN
877,pdnc,qID,Q176-0,He,40095,40097,6,175,1,M_877,Other
878,pdnc,qID,Q176-0,he,40133,40135,6,175,1,M_878,Other
879,pdnc,qID,Q176-0,He,40175,40177,6,175,1,M_879,Other
880,exp,exp_name,mrs. miller,Mrs. Miller,40262,40273,4,176,1,M_880,PROPN
881,pdnc,qID,Q178-0,he,40301,40303,6,177,1,M_881,Other
882,exp,exp_name,winterbourne,Winterbourne,40332,40344,8,177,1,M_882,PROPN
883,booknlp,COREF,42,I,40357,40358,0,178,1,M_883,Other
884,pdnc,qID,Q179-0,he,40365,40367,6,178,1,M_884,Other
885,exp,exp_name,daisy,Daisy,40389,40394,0,178,1,M_885,PROPN
886,pdnc,qID,Q180-0,he,40414,40416,6,179,1,M_886,Other
887,booknlp,COREF,42,her,40430,40433,0,179,1,M_887,Other
888,pdnc,qID,Q180-1,he,40458,40460,6,179,1,M_888,Other
889,booknlp,COREF,42,I,40474,40475,0,180,1,M_889,Other
890,pdnc,qID,Q181-0,he,40482,40484,6,180,1,M_890,Other
891,exp,exp_name,daisy,Daisy,40503,40508,0,180,1,M_891,PROPN
892,pdnc,qID,Q182-0,Daisy Miller,40569,40581,0,181,1,M_892,PROPN
893,pdnc,qID,Q182-1,you,40635,40638,0,181,1,M_893,Other
894,pdnc,qID,Q182-1,your own brother,40662,40678,6,181,1,M_894,Other
895,pdnc,qID,Q183-0,he,40689,40691,6,182,1,M_895,Other
896,exp,exp_name,daisy,Daisy,40719,40724,0,182,1,M_896,PROPN
897,pdnc,qID,Q184-0,He,40768,40770,6,183,1,M_897,Other
898,exp,exp_name,mrs. miller,Mrs. Miller,40791,40802,4,183,1,M_898,PROPN
899,pdnc,qID,Q185-0,he,40812,40814,6,184,1,M_899,Other
900,pdnc,qID,Q185-1,Mr. Winterbourne,40887,40903,8,184,1,M_900,PROPN
901,exp,exp_name,daisy,Daisy,40949,40954,0,185,1,M_901,PROPN
902,exp,exp_name,winterbourne,Winterbourne,40984,40996,8,185,1,M_902,PROPN
903,booknlp,COREF,43,he,41074,41076,8,185,1,M_903,Other
904,booknlp,COREF,43,himself,41085,41092,8,185,1,M_904,Other
905,booknlp,COREF,43,he,41229,41231,8,185,1,M_905,Other
906,pdnc,qID,Q186-1,your daughter,41240,41253,0,185,1,M_906,Other
907,booknlp,COREF,43,me,41273,41275,8,185,1,M_907,Other
908,pdnc,qID,Q186-1,her,41295,41298,0,185,1,M_908,Other
909,exp,exp_name,mrs. miller,Mrs. Miller,41308,41319,4,186,1,M_909,PROPN
910,exp,exp_name,daisy,Daisy,41391,41396,0,186,1,M_910,PROPN
911,booknlp,COREF,42,herself,41460,41467,0,186,1,M_911,Other
912,booknlp,COREF,42,you,41480,41483,0,186,1,M_912,Other
913,booknlp,COREF,42,her,41511,41514,0,186,1,M_913,Other
914,exp,exp_name,winterbourne,Winterbourne,41552,41564,8,187,1,M_914,PROPN
915,booknlp,COREF,60,I,41585,41586,4,188,1,M_915,Other
916,exp,exp_name,mrs. miller,Mrs. Miller,41600,41611,4,188,1,M_916,PROPN
917,booknlp,COREF,60,I,41623,41624,4,188,1,M_917,Other
918,pdnc,qID,Q190-0,you,41673,41676,4,189,1,M_918,Other
919,exp,exp_name,winterbourne,Winterbourne,41697,41709,8,189,1,M_919,PROPN
920,booknlp,COREF,42,her,41745,41748,0,189,1,M_920,Other
921,booknlp,COREF,43,he,41769,41771,8,189,1,M_921,Other
922,booknlp,COREF,42,she,41828,41831,0,189,1,M_922,Other
923,booknlp,COREF,60,her,41851,41854,4,189,1,M_923,Other
924,booknlp,COREF,42,she,41914,41917,0,190,1,M_924,Other
925,pdnc,qID,Q192-0,Daisy,41970,41975,0,190,1,M_925,PROPN
926,pdnc,qID,Q192-0,she,41977,41980,0,190,1,M_926,Other
927,booknlp,COREF,60,I,42025,42026,4,190,1,M_927,Other
928,booknlp,COREF,60,her,42038,42041,4,190,1,M_928,Other
929,booknlp,COREF,60,she,42048,42051,4,190,1,M_929,Other
930,booknlp,COREF,60,she,42057,42060,4,190,1,M_930,Other
931,booknlp,COREF,60,she,42114,42117,4,190,1,M_931,Other
932,exp,exp_name,mrs. miller,Mrs. Miller,42228,42239,4,190,1,M_932,PROPN
933,booknlp,COREF,42,she,42362,42365,0,190,1,M_933,Other
934,exp,exp_name,winterbourne,Winterbourne,42439,42451,8,191,1,M_934,PROPN
935,pdnc,qID,Q195-0,Daisy,42511,42516,0,192,1,M_935,PROPN
936,exp,exp_name,mrs. miller,Mrs. Miller,42540,42551,4,192,1,M_936,PROPN
937,pdnc,qID,Q195-1,she,42658,42661,0,192,1,M_937,Other
938,booknlp,COREF,43,I,42689,42690,8,193,1,M_938,Other
939,pdnc,qID,Q196-0,she,42697,42700,0,193,1,M_939,Other
940,exp,exp_name,winterbourne,Winterbourne,42715,42727,8,193,1,M_940,PROPN
941,booknlp,COREF,43,he,42742,42744,8,193,1,M_941,Other
942,booknlp,COREF,43,he,42795,42797,8,193,1,M_942,Other
943,pdnc,qID,Q197-0,You,42930,42933,4,193,1,M_943,Other
944,pdnc,qID,Q197-0,madam,42952,42957,4,193,1,M_944,Other
945,booknlp,COREF,43,he,42960,42962,8,193,1,M_945,Other
946,exp,exp_name,daisy,Daisy,43002,43007,0,194,1,M_946,PROPN
947,booknlp,COREF,43,him,43027,43030,8,194,1,M_947,Other
948,pdnc,qID,Q198-0,she,43102,43105,0,194,1,M_948,Other
949,exp,exp_name,winterbourne,Winterbourne,43145,43157,8,194,1,M_949,PROPN
950,booknlp,COREF,43,himself,43170,43177,8,194,1,M_950,Other
951,booknlp,COREF,43,his,43377,43380,8,194,1,M_951,Other
952,booknlp,COREF,43,his,43421,43424,8,194,1,M_952,Other
953,exp,exp_name,mrs. miller,Mrs. Miller,43460,43471,4,194,1,M_953,PROPN
954,pdnc,qID,Q199-0,Mr. Winterbourne,43498,43514,8,195,1,M_954,PROPN
955,exp,exp_name,daisy,Daisy,43526,43531,0,195,1,M_955,PROPN
956,pdnc,qID,Q200-0,Mademoiselle,43535,43547,0,196,1,M_956,PROPN
957,pdnc,qID,Q201-0,you,43578,43581,8,197,1,M_957,Other
958,exp,exp_name,daisy,Daisy,43658,43663,0,199,1,M_958,PROPN
959,pdnc,qID,Q204-0,Annie Miller,43673,43685,0,200,1,M_959,PROPN
960,booknlp,COREF,42,her,43698,43701,0,200,1,M_960,Other
961,booknlp,COREF,43,I,43712,43713,8,201,1,M_961,Other
962,pdnc,qID,Q205-0,you,43718,43721,4,201,1,M_962,Other
963,pdnc,qID,Q205-0,madam,43723,43728,4,201,1,M_963,Other
964,pdnc,qID,Q205-0,her,43737,43740,0,201,1,M_964,Other
965,exp,exp_name,winterbourne,Winterbourne,43751,43763,8,201,1,M_965,PROPN
966,booknlp,COREF,43,he,43778,43780,8,201,1,M_966,Other
967,pdnc,qID,Q206-0,she,43934,43937,0,202,1,M_967,Other
968,booknlp,COREF,42,her,43955,43958,0,202,1,M_968,Other
969,pdnc,qID,Q206-1,she,43983,43986,0,202,1,M_969,Other
970,booknlp,COREF,42,I,44011,44012,0,203,1,M_970,Other
971,pdnc,qID,Q207-0,Mr. Winterbourne,44020,44036,8,203,1,M_971,PROPN
972,booknlp,COREF,42,me,44051,44053,0,203,1,M_972,Other
973,exp,exp_name,daisy,Daisy,44056,44061,0,203,1,M_973,PROPN
974,pdnc,qID,Q207-1,He,44073,44075,8,203,1,M_974,Other
975,pdnc,qID,Q208-0,you,44112,44115,0,204,1,M_975,Other
976,booknlp,COREF,42,I,44153,44154,0,205,1,M_976,Other
977,exp,exp_name,daisy,Daisy,44179,44184,0,205,1,M_977,PROPN
978,pdnc,qID,Q211-0,You,44230,44233,8,207,1,M_978,Other
979,booknlp,COREF,43,I,44298,44299,8,208,1,M_979,Other
980,pdnc,qID,Q212-0,your mother,44354,44365,4,208,1,M_980,Other
981,exp,exp_name,winterbourne,Winterbourne,44374,44386,8,208,1,M_981,PROPN
982,booknlp,COREF,42,I,44396,44397,0,209,1,M_982,Other
983,pdnc,qID,Q213-0,you,44403,44406,8,209,1,M_983,Other
984,booknlp,COREF,42,me,44415,44417,0,209,1,M_984,Other
985,exp,exp_name,daisy,Daisy,44434,44439,0,209,1,M_985,PROPN
986,exp,exp_name,winterbourne,Winterbourne,44516,44528,8,209,1,M_986,PROPN
987,exp,exp_name,winterbourne,Winterbourne,44685,44697,8,209,1,M_987,PROPN
988,booknlp,COREF,43,he,44761,44763,8,210,1,M_988,Other
989,pdnc,qID,Q214-1,you,44845,44848,0,210,1,M_989,Other
990,booknlp,COREF,43,me,44857,44859,8,210,1,M_990,Other
991,booknlp,COREF,43,my,44880,44882,8,210,1,M_991,Other
992,exp,exp_name,daisy,Daisy,44925,44930,0,211,1,M_992,PROPN
993,booknlp,COREF,42,she,44952,44955,0,211,1,M_993,Other
994,booknlp,COREF,42,her,44967,44970,0,211,1,M_994,Other
995,booknlp,COREF,42,I,45009,45010,0,211,1,M_995,Other
996,booknlp,COREF,42,she,45043,45046,0,211,1,M_996,Other
997,booknlp,COREF,43,I,45059,45060,8,212,1,M_997,Other
998,pdnc,qID,Q216-0,you,45068,45071,0,212,1,M_998,Other
999,booknlp,COREF,42,I,45096,45097,0,213,1,M_999,Other
1000,booknlp,COREF,42,I,45108,45109,0,213,1,M_1000,Other
1001,pdnc,qID,Q217-0,you,45121,45124,8,213,1,M_1001,Other
1002,exp,exp_name,daisy,Daisy,45141,45146,0,213,1,M_1002,PROPN
1003,pdnc,qID,Q218-0,You,45158,45161,0,214,1,M_1003,Other
1004,exp,exp_name,winterbourne,Winterbourne,45198,45210,8,214,1,M_1004,PROPN
1005,booknlp,COREF,43,I,45217,45218,8,214,1,M_1005,Other
1006,pdnc,qID,Q218-1,you,45229,45232,0,214,1,M_1006,Other
1007,booknlp,COREF,43,me,45246,45248,8,214,1,M_1007,Other
1008,booknlp,COREF,60,I,45253,45254,4,215,1,M_1008,Other
1009,pdnc,qID,Q219-0,sir,45266,45269,8,215,1,M_1009,PROPN
1010,exp,exp_name,mrs. miller,Mrs. Miller,45281,45292,4,215,1,M_1010,PROPN
1011,booknlp,COREF,43,me,45322,45324,8,216,1,M_1011,Other
1012,pdnc,qID,Q220-0,you,45330,45333,0,216,1,M_1012,Other
1013,booknlp,COREF,43,he,45342,45344,8,216,1,M_1013,Other
1014,pdnc,qID,Q221-0,you,45398,45401,8,217,1,M_1014,Other
1015,exp,exp_name,daisy,Daisy,45419,45424,0,217,1,M_1015,PROPN
1016,exp,exp_name,daisy,Daisy,45501,45506,0,219,1,M_1016,PROPN
1017,booknlp,COREF,42,she,45512,45515,0,219,1,M_1017,Other
1018,booknlp,COREF,43,him,45546,45549,8,219,1,M_1018,Other
1019,booknlp,COREF,42,she,45551,45554,0,219,1,M_1019,Other
1020,pdnc,qID,Q224-0,you,45599,45602,0,220,1,M_1020,Other
1021,booknlp,COREF,42,her,45652,45655,0,220,1,M_1021,Other
1022,pdnc,qID,Q225-0,madam,45688,45693,4,221,1,M_1022,Other
1023,exp,exp_name,winterbourne,Winterbourne,45770,45782,8,221,1,M_1023,PROPN
1024,pdnc,qID,Q226-0,Eugenio,45908,45915,1,222,1,M_1024,PROPN
1025,exp,exp_name,daisy,Daisy,45923,45928,0,222,1,M_1025,PROPN
1026,booknlp,COREF,42,I,45931,45932,0,222,1,M_1026,Other
1027,exp,exp_name,eugenio,Eugenio,45959,45966,1,223,1,M_1027,PROPN
1028,pdnc,qID,Q227-0,mademoiselle,45994,46006,0,223,1,M_1028,PROPN
1029,booknlp,COREF,42,I,46011,46012,0,224,1,M_1029,Other
1030,pdnc,qID,Q228-0,Mr. Winterbourne,46027,46043,8,224,1,M_1030,PROPN
1031,pdnc,qID,Q229-0,her,46074,46077,0,225,1,M_1031,Other
1032,pdnc,qID,Q229-0,she,46078,46081,0,225,1,M_1032,Other
1033,exp,exp_name,mrs. miller,Mrs. Miller,46095,46106,4,225,1,M_1033,PROPN
1034,booknlp,COREF,53,I,46125,46126,1,226,1,M_1034,Other
1035,pdnc,qID,Q230-0,you,46133,46136,0,226,1,M_1035,Other
1036,pdnc,qID,Q230-0,mademoiselle,46170,46182,0,226,1,M_1036,PROPN
1037,exp,exp_name,eugenio,Eugenio,46185,46192,1,226,1,M_1037,PROPN
1038,exp,exp_name,winterbourne,Winterbourne,46204,46216,8,227,1,M_1038,PROPN
1039,booknlp,COREF,43,he,46294,46296,8,227,1,M_1039,Other
1040,booknlp,COREF,42,I,46313,46314,0,228,1,M_1040,Other
1041,pdnc,qID,Q231-0,you,46323,46326,1,228,1,M_1041,Other
1042,exp,exp_name,daisy,Daisy,46353,46358,0,228,1,M_1042,PROPN
1043,pdnc,qID,Q231-1,Eugenio,46371,46378,1,228,1,M_1043,PROPN
1044,booknlp,COREF,43,I,46415,46416,8,229,1,M_1044,Other
1045,pdnc,qID,Q232-0,your,46423,46427,0,229,1,M_1045,Other
1046,exp,exp_name,winterbourne,Winterbourne,46443,46455,8,229,1,M_1046,PROPN
1047,pdnc,qID,Q233-0,mademoiselle,46464,46476,0,230,1,M_1047,PROPN
1048,exp,exp_name,eugenio,Eugenio,46505,46512,1,230,1,M_1048,PROPN
1049,exp,exp_name,mrs. miller,Mrs. Miller,46516,46527,4,230,1,M_1049,PROPN
1050,pdnc,qID,Q234-0,this gentleman,46544,46558,8,231,1,M_1050,Other
1051,exp,exp_name,daisy,Daisy,46570,46575,0,231,1,M_1051,PROPN
1052,exp,exp_name,winterbourne,Winterbourne,46621,46633,8,232,1,M_1052,PROPN
1053,pdnc,qID,Q235-0,mademoiselle,46706,46718,0,232,1,M_1053,PROPN
1054,booknlp,COREF,42,I,46745,46746,0,233,1,M_1054,Other
1055,pdnc,qID,Q236-0,you,46753,46756,1,233,1,M_1055,Other
1056,exp,exp_name,daisy,Daisy,46782,46787,0,233,1,M_1056,PROPN
1057,booknlp,COREF,42,I,46790,46791,0,233,1,M_1057,Other
1058,booknlp,COREF,43,I,46817,46818,8,234,1,M_1058,Other
1059,booknlp,COREF,43,myself,46819,46825,8,234,1,M_1059,Other
1060,pdnc,qID,Q237-0,you,46847,46850,0,234,1,M_1060,Other
1061,exp,exp_name,winterbourne,Winterbourne,46867,46879,8,234,1,M_1061,PROPN
1062,pdnc,qID,Q239-0,Mr. Randolph,46961,46973,6,236,1,M_1062,PROPN
1063,pdnc,qID,Q240-0,Daisy,47030,47035,0,237,1,M_1063,PROPN
1064,exp,exp_name,mrs. miller,Mrs. Miller,47058,47069,4,237,1,M_1064,PROPN
1065,exp,exp_name,daisy,Daisy,47072,47077,0,238,1,M_1065,PROPN
1066,exp,exp_name,winterbourne,Winterbourne,47095,47107,8,238,1,M_1066,PROPN
1067,booknlp,COREF,43,him,47120,47123,8,238,1,M_1067,Other
1068,booknlp,COREF,42,herself,47145,47152,0,238,1,M_1068,Other
1069,booknlp,COREF,42,she,47168,47171,0,238,1,M_1069,Other
1070,booknlp,COREF,42,I,47179,47180,0,238,1,M_1070,Other
1071,pdnc,qID,Q241-1,you,47186,47189,8,238,1,M_1071,Other
1072,booknlp,COREF,43,He,47238,47240,8,239,1,M_1072,Other
1073,booknlp,COREF,42,her,47251,47254,0,239,1,M_1073,Other
1074,booknlp,COREF,42,she,47272,47275,0,239,1,M_1074,Other
1075,booknlp,COREF,43,him,47284,47287,8,239,1,M_1075,Other
1076,booknlp,COREF,43,I,47290,47291,8,239,1,M_1076,Other
1077,booknlp,COREF,43,he,47305,47307,8,239,1,M_1077,Other
1078,booknlp,COREF,42,I,47326,47327,0,240,1,M_1078,Other
1079,pdnc,qID,Q243-0,you,47347,47350,8,240,1,M_1079,Other
1080,booknlp,COREF,42,she,47359,47362,0,240,1,M_1080,Other
1081,exp,exp_name,eugenio,Eugenio,47422,47429,1,240,1,M_1081,PROPN
1082,exp,exp_name,winterbourne,Winterbourne,47472,47484,8,241,1,M_1082,PROPN
1083,booknlp,COREF,43,he,47511,47513,8,241,1,M_1083,Other
1084,booknlp,COREF,43,He,47534,47536,8,241,1,M_1084,Other
1085,booknlp,COREF,43,he,47706,47708,8,241,1,M_1085,Other
1086,booknlp,COREF,43,he,47726,47728,8,241,1,M_1086,Other
1087,booknlp,COREF,43,he,47803,47805,8,242,1,M_1087,Other
1088,booknlp,COREF,43,He,47850,47852,8,242,1,M_1088,Other
1089,booknlp,COREF,43,he,48010,48012,8,242,1,M_1089,Other
1090,exp,exp_name,winterbourne,Winterbourne,48238,48250,8,242,1,M_1090,PROPN
1091,booknlp,COREF,43,he,48327,48329,8,242,1,M_1091,Other
1092,booknlp,COREF,43,he,48413,48415,8,242,1,M_1092,Other
1093,booknlp,COREF,43,He,48472,48474,8,242,1,M_1093,Other
1094,booknlp,COREF,43,he,48495,48497,8,242,1,M_1094,Other
1095,booknlp,COREF,43,He,48527,48529,8,242,1,M_1095,Other
1096,booknlp,COREF,43,him,48690,48693,8,242,1,M_1096,Other
1097,exp,exp_name,winterbourne,Winterbourne,48695,48707,8,242,1,M_1097,PROPN
1098,exp,exp_name,winterbourne,Winterbourne,49012,49024,8,242,1,M_1098,PROPN
1099,exp,exp_name,daisy miller,Daisy Miller,49358,49370,0,242,1,M_1099,PROPN
1100,booknlp,COREF,42,she,49395,49398,0,242,1,M_1100,Other
1101,booknlp,COREF,42,she,49428,49431,0,242,1,M_1101,Other
1102,booknlp,COREF,42,she,49467,49470,0,242,1,M_1102,Other
1103,booknlp,COREF,42,she,49490,49493,0,242,1,M_1103,Other
1104,booknlp,COREF,42,she,49545,49548,0,242,1,M_1104,Other
1105,booknlp,COREF,42,she,49570,49573,0,242,1,M_1105,Other
1106,booknlp,COREF,42,she,49597,49600,0,242,1,M_1106,Other
1107,booknlp,COREF,42,her,49634,49637,0,242,1,M_1107,Other
1108,booknlp,COREF,42,her,49667,49670,0,242,1,M_1108,Other
1109,exp,exp_name,winterbourne,Winterbourne,49689,49701,8,242,1,M_1109,PROPN
1110,booknlp,COREF,43,his,49728,49731,8,242,1,M_1110,Other
1111,booknlp,COREF,43,He,49770,49772,8,242,1,M_1111,Other
1112,booknlp,COREF,43,he,49906,49908,8,242,1,M_1112,Other
1113,booknlp,COREF,43,his,49922,49925,8,242,1,M_1113,Other
1114,booknlp,COREF,43,he,49933,49935,8,242,1,M_1114,Other
1115,booknlp,COREF,43,his,49954,49957,8,242,1,M_1115,Other
1116,booknlp,COREF,43,he,50116,50118,8,242,1,M_1116,Other
1117,booknlp,COREF,43,He,50135,50137,8,242,1,M_1117,Other
1118,booknlp,COREF,43,he,50220,50222,8,242,1,M_1118,Other
1119,pdnc,qID,Q244-0,you,50409,50412,8,243,1,M_1119,Other
1120,exp,exp_name,winterbourne,Winterbourne,50484,50496,8,243,1,M_1120,PROPN
1121,booknlp,COREF,43,I,50505,50506,8,244,1,M_1121,Other
1122,booknlp,COREF,43,he,50515,50517,8,244,1,M_1122,Other
1123,booknlp,COREF,43,I,50526,50527,8,244,1,M_1123,Other
1124,booknlp,COREF,43,I,50540,50541,8,244,1,M_1124,Other
1125,pdnc,qID,Q246-0,You,50575,50578,8,245,1,M_1125,Other
1126,pdnc,qID,Q246-0,you,50590,50593,8,245,1,M_1126,Other
1127,booknlp,COREF,43,me,50606,50608,8,245,1,M_1127,Other
1128,pdnc,qID,Q246-0,your,50641,50645,8,245,1,M_1128,Other
1129,pdnc,qID,Q247-0,you,50685,50688,0,246,1,M_1129,Other
1130,booknlp,COREF,43,me,50694,50696,8,246,1,M_1130,Other
1131,booknlp,COREF,43,I,50746,50747,8,247,1,M_1131,Other
1132,pdnc,qID,Q248-0,your,50763,50767,8,247,1,M_1132,Other
1133,booknlp,COREF,43,I,50817,50818,8,248,1,M_1133,Other
1134,booknlp,COREF,43,my,50847,50849,8,248,1,M_1134,Other
1135,exp,exp_name,winterbourne,Winterbourne,50866,50878,8,248,1,M_1135,PROPN
1136,booknlp,COREF,43,him,50895,50898,8,249,1,M_1136,Other
1137,pdnc,qID,Q250-0,you,50960,50963,8,249,1,M_1137,Other
1138,pdnc,qID,Q250-0,You,50982,50985,8,249,1,M_1138,Other
1139,exp,exp_name,daisy,Daisy,51090,51095,0,250,1,M_1139,PROPN
1140,booknlp,COREF,42,her,51140,51143,0,250,1,M_1140,Other
1141,exp,exp_name,winterbourne,Winterbourne,51324,51336,8,250,1,M_1141,PROPN
1142,booknlp,COREF,42,her,51342,51345,0,250,1,M_1142,Other
1143,booknlp,COREF,43,he,51367,51369,8,250,1,M_1143,Other
1144,booknlp,COREF,42,she,51379,51382,0,250,1,M_1144,Other
1145,booknlp,COREF,42,her,51499,51502,0,250,1,M_1145,Other
1146,exp,exp_name,winterbourne,Winterbourne,51622,51634,8,250,1,M_1146,PROPN
1147,exp,exp_name,winterbourne,Winterbourne,51804,51816,8,250,1,M_1147,PROPN
1148,exp,exp_name,miss miller,Miss Miller,51897,51908,0,250,1,M_1148,PROPN
1149,booknlp,COREF,42,she,51982,51985,0,250,1,M_1149,Other
1150,booknlp,COREF,42,she,52000,52003,0,250,1,M_1150,Other
1151,booknlp,COREF,42,She,52032,52035,0,250,1,M_1151,Other
1152,exp,exp_name,winterbourne,Winterbourne,52111,52123,8,250,1,M_1152,PROPN
1153,booknlp,COREF,43,himself,52147,52154,8,250,1,M_1153,Other
1154,booknlp,COREF,43,his,52156,52159,8,250,1,M_1154,Other
1155,booknlp,COREF,43,his,52168,52171,8,250,1,M_1155,Other
1156,booknlp,COREF,43,his,52190,52193,8,250,1,M_1156,Other
1157,booknlp,COREF,43,his,52202,52205,8,250,1,M_1157,Other
1158,booknlp,COREF,43,his,52214,52217,8,250,1,M_1158,Other
1159,booknlp,COREF,42,her,52289,52292,0,250,1,M_1159,Other
1160,booknlp,COREF,42,her,52313,52316,0,250,1,M_1160,Other
1161,exp,exp_name,miss miller,Miss Miller,52352,52363,0,250,1,M_1161,PROPN
1162,booknlp,COREF,42,I,52451,52452,0,251,1,M_1162,Other
1163,pdnc,qID,Q251-0,you,52458,52461,8,251,1,M_1163,Other
1164,booknlp,COREF,42,she,52476,52479,0,251,1,M_1164,Other
1165,booknlp,COREF,42,her,52488,52491,0,251,1,M_1165,Other
1166,booknlp,COREF,42,her,52521,52524,0,251,1,M_1166,Other
1167,booknlp,COREF,42,I,52563,52564,0,251,1,M_1167,Other
1168,exp,exp_name,daisy,Daisy,52697,52702,0,251,1,M_1168,PROPN
1169,booknlp,COREF,42,she,52723,52726,0,251,1,M_1169,Other
1170,exp,exp_name,winterbourne,Winterbourne,52734,52746,8,251,1,M_1170,PROPN
1171,pdnc,qID,Q252-0,you,52844,52847,8,251,1,M_1171,Other
1172,pdnc,qID,Q252-0,Randolph,52871,52879,6,251,1,M_1172,PROPN
1173,booknlp,COREF,42,she,52882,52885,0,251,1,M_1173,Other
1174,exp,exp_name,winterbourne,Winterbourne,52893,52905,8,251,1,M_1174,PROPN
1175,booknlp,COREF,43,him,52946,52949,8,251,1,M_1175,Other
1176,booknlp,COREF,43,he,52968,52970,8,251,1,M_1176,Other
1177,booknlp,COREF,42,I,53028,53029,0,251,1,M_1177,Other
1178,exp,exp_name,miss daisy,Miss Daisy,53054,53064,0,251,1,M_1178,PROPN
1179,pdnc,qID,Q253-1,you,53075,53078,8,251,1,M_1179,Other
1180,pdnc,qID,Q253-1,You,53085,53088,8,251,1,M_1180,Other
1181,booknlp,COREF,42,she,53271,53274,0,251,1,M_1181,Other
1182,booknlp,COREF,42,I,53282,53283,0,251,1,M_1182,Other
1183,booknlp,COREF,42,she,53307,53310,0,251,1,M_1183,Other
1184,booknlp,COREF,42,her,53400,53403,0,251,1,M_1184,Other
1185,booknlp,COREF,42,she,53447,53450,0,251,1,M_1185,Other
1186,pdnc,qID,Q255-0,You,53476,53479,8,251,1,M_1186,Other
1187,pdnc,qID,Q255-0,you,53498,53501,8,251,1,M_1187,Other
1188,booknlp,COREF,42,I,53560,53561,0,252,1,M_1188,Other
1189,pdnc,qID,Q257-0,Mr. Winterbourne,53612,53628,8,253,1,M_1189,PROPN
1190,exp,exp_name,daisy,Daisy,53636,53641,0,253,1,M_1190,PROPN
1191,booknlp,COREF,42,I,53644,53645,0,253,1,M_1191,Other
1192,pdnc,qID,Q257-1,you,53652,53655,8,253,1,M_1192,Other
1193,exp,exp_name,winterbourne,Winterbourne,53712,53724,8,254,1,M_1193,PROPN
1194,pdnc,qID,Q259-1,you,53831,53834,8,255,1,M_1194,Other
1195,booknlp,COREF,42,she,53911,53914,0,255,1,M_1195,Other
1196,exp,exp_name,winterbourne,Winterbourne,53953,53965,8,255,1,M_1196,PROPN
1197,booknlp,COREF,42,she,54203,54206,0,255,1,M_1197,Other
1198,booknlp,COREF,42,she,54262,54265,0,255,1,M_1198,Other
1199,exp,exp_name,miss daisy miller,Miss Daisy Miller,54356,54373,0,255,1,M_1199,PROPN
1200,exp,exp_name,winterbourne,Winterbourne,54415,54427,8,255,1,M_1200,PROPN
1201,booknlp,COREF,42,her,54558,54561,0,255,1,M_1201,Other
1202,booknlp,COREF,42,her,54606,54609,0,255,1,M_1202,Other
1203,booknlp,COREF,42,She,54622,54625,0,255,1,M_1203,Other
1204,booknlp,COREF,42,she,54711,54714,0,255,1,M_1204,Other
1205,pdnc,qID,Q260-0,you,54727,54730,8,255,1,M_1205,Other
1206,exp,exp_name,daisy,Daisy,54770,54775,0,255,1,M_1206,PROPN
1207,booknlp,COREF,42,she,54797,54800,0,255,1,M_1207,Other
1208,pdnc,qID,Q260-1,you,54806,54809,8,255,1,M_1208,Other
1209,booknlp,COREF,42,I,54921,54922,0,255,1,M_1209,Other
1210,pdnc,qID,Q260-1,you,54935,54938,8,255,1,M_1210,Other
1211,booknlp,COREF,42,she,54957,54960,0,255,1,M_1211,Other
1212,pdnc,qID,Q260-1,you,54975,54978,8,255,1,M_1212,Other
1213,booknlp,COREF,42,I,55022,55023,0,255,1,M_1213,Other
1214,booknlp,COREF,42,her,55059,55062,0,255,1,M_1214,Other
1215,exp,exp_name,winterbourne,Winterbourne,55073,55085,8,255,1,M_1215,PROPN
1216,exp,exp_name,winterbourne,Winterbourne,55483,55495,8,256,1,M_1216,PROPN
1217,pdnc,qID,Q261-1,My aunt,55498,55505,3,256,1,M_1217,Other
1218,booknlp,COREF,52,me,55574,55576,8,256,1,M_1218,Other
1219,pdnc,qID,Q261-1,her,55593,55596,3,256,1,M_1219,Other
1220,booknlp,COREF,42,I,55601,55602,0,257,1,M_1220,Other
1221,pdnc,qID,Q262-0,you,55614,55617,8,257,1,M_1221,Other
1222,pdnc,qID,Q262-0,your aunt,55630,55639,3,257,1,M_1222,Other
1223,exp,exp_name,daisy,Daisy,55647,55652,0,257,1,M_1223,PROPN
1224,booknlp,COREF,42,I,55655,55656,0,257,1,M_1224,Other
1225,pdnc,qID,Q262-1,you,55662,55665,8,257,1,M_1225,Other
1226,booknlp,COREF,42,me,55678,55680,0,257,1,M_1226,Other
1227,exp,exp_name,daisy,Daisy,55854,55859,0,257,1,M_1227,PROPN
1228,exp,exp_name,winterbourne,Winterbourne,55877,55889,8,257,1,M_1228,PROPN
1229,exp,exp_name,winterbourne,Winterbourne,55996,56008,8,258,1,M_1229,PROPN
1230,exp,exp_name,mrs. costello,Mrs. Costello,56022,56035,3,258,1,M_1230,PROPN
1231,exp,exp_name,miss daisy miller,Miss Daisy Miller,56084,56101,0,258,1,M_1231,PROPN
1232,pdnc,qID,Q263-0,the courier,56123,56134,1,259,1,M_1232,Other
1233,exp,exp_name,winterbourne,Winterbourne,56175,56187,8,260,1,M_1233,PROPN
1234,pdnc,qID,Q264-1,the courier,56190,56201,1,260,1,M_1234,Other
1235,pdnc,qID,Q265-0,She,56221,56224,0,261,1,M_1235,Other
1236,pdnc,qID,Q265-0,you,56235,56238,8,261,1,M_1236,Other
1237,exp,exp_name,mrs. costello,Mrs. Costello,56266,56279,3,263,1,M_1237,PROPN
1238,booknlp,COREF,55,her,56300,56303,3,263,1,M_1238,Other
1239,pdnc,qID,Q267-0,that,56326,56330,0,263,1,M_1239,Other
1240,booknlp,COREF,55,she,56333,56336,3,263,1,M_1240,Other
1241,pdnc,qID,Q267-1,you,56374,56377,8,263,1,M_1241,Other
1242,booknlp,COREF,55,me,56385,56387,3,263,1,M_1242,Other
1243,exp,exp_name,winterbourne,Winterbourne,56409,56421,8,265,2,M_1243,PROPN
1244,booknlp,COREF,55,she,56732,56735,3,265,2,M_1244,Other
1245,booknlp,COREF,55,me,56982,56984,3,265,2,M_1245,Other
1246,exp,exp_name,winterbourne,Winterbourne,57103,57115,8,266,2,M_1246,PROPN
1247,exp,exp_name,mrs. miller,Mrs. Miller,57171,57182,4,266,2,M_1247,PROPN
1248,exp,exp_name,miss daisy,Miss Daisy,57258,57268,0,266,2,M_1248,PROPN
1249,exp,exp_name,mrs. costello,Mrs. Costello,57353,57366,3,266,2,M_1249,PROPN
1250,pdnc,qID,Q269-0,you,57419,57422,8,267,2,M_1250,Other
1251,pdnc,qID,Q269-0,you,57459,57462,8,267,2,M_1251,Other
1252,exp,exp_name,winterbourne,Winterbourne,57604,57616,8,268,2,M_1252,PROPN
1253,pdnc,qID,Q271-0,The girl,57629,57637,0,269,2,M_1253,Other
1254,pdnc,qID,Q271-0,her,57660,57663,0,269,2,M_1254,Other
1255,pdnc,qID,Q271-0,you,57704,57707,8,269,2,M_1255,Other
1256,pdnc,qID,Q271-0,She,57746,57749,0,269,2,M_1256,Other
1257,pdnc,qID,Q271-0,she,57819,57822,0,269,2,M_1257,Other
1258,pdnc,qID,Q271-0,she,57865,57868,0,269,2,M_1258,Other
1259,pdnc,qID,Q271-0,she,57886,57889,0,269,2,M_1259,Other
1260,pdnc,qID,Q271-0,her,57902,57905,0,269,2,M_1260,Other
1261,pdnc,qID,Q271-0,a gentleman,57906,57917,2,269,2,M_1261,Other
1262,pdnc,qID,Q272-0,the mother,57987,57997,4,270,2,M_1262,Other
1263,booknlp,COREF,55,I,58002,58003,3,271,2,M_1263,Other
1264,exp,exp_name,winterbourne,Winterbourne,58061,58073,8,272,2,M_1264,PROPN
1265,exp,exp_name,mrs. costello,Mrs. Costello,58209,58222,3,273,2,M_1265,PROPN
1266,exp,exp_name,daisy miller,Daisy Miller,58423,58435,0,274,2,M_1266,PROPN
1267,exp,exp_name,winterbourne,Winterbourne,58495,58507,8,274,2,M_1267,PROPN
1268,booknlp,COREF,42,her,58543,58546,0,274,2,M_1268,Other
1269,booknlp,COREF,42,her,58647,58650,0,274,2,M_1269,Other
1270,exp,exp_name,mr. winterbourne,Mr. Winterbourne,58904,58920,8,274,2,M_1270,PROPN
1271,exp,exp_name,miss miller,Miss Miller,58996,59007,0,274,2,M_1271,PROPN
1272,booknlp,COREF,42,her,59025,59028,0,274,2,M_1272,Other
1273,exp,exp_name,winterbourne,Winterbourne,59303,59315,8,274,2,M_1273,PROPN
1274,booknlp,COREF,43,He,59421,59423,8,274,2,M_1274,Other
1275,exp,exp_name,the servant,the servant,59460,59471,7,274,2,M_1275,PROPN
1276,pdnc,qID,Q276-0,Madame Mila,59493,59504,4,274,2,M_1276,PROPN
1277,exp,exp_name,randolph miller,Randolph Miller,59574,59589,6,274,2,M_1277,PROPN
1278,exp,exp_name,winterbourne,Winterbourne,59650,59662,8,274,2,M_1278,PROPN
1279,booknlp,COREF,45,his,59681,59684,6,274,2,M_1279,Other
1280,exp,exp_name,mrs. miller,Mrs. Miller,59763,59774,4,274,2,M_1280,PROPN
1281,booknlp,COREF,45,I,59794,59795,6,275,2,M_1281,Other
1282,pdnc,qID,Q277-0,you,59801,59804,8,275,2,M_1282,Other
1283,exp,exp_name,randolph,Randolph,59812,59820,6,275,2,M_1283,PROPN
1284,booknlp,COREF,43,I,59824,59825,8,276,2,M_1284,Other
1285,pdnc,qID,Q278-0,you,59833,59836,6,276,2,M_1285,Other
1286,exp,exp_name,winterbourne,Winterbourne,59874,59886,8,276,2,M_1286,PROPN
1287,booknlp,COREF,43,him,59895,59898,8,276,2,M_1287,Other
1288,pdnc,qID,Q278-1,your,59920,59924,6,276,2,M_1288,Other
1289,exp,exp_name,daisy,Daisy,59948,59953,0,277,2,M_1289,PROPN
1290,booknlp,COREF,42,her,59998,60001,0,277,2,M_1290,Other
1291,booknlp,COREF,42,she,60020,60023,0,277,2,M_1291,Other
1292,exp,exp_name,winterbourne,Winterbourne,60030,60042,8,277,2,M_1292,PROPN
1293,booknlp,COREF,42,she,60051,60054,0,277,2,M_1293,Other
1294,booknlp,COREF,42,her,60070,60073,0,277,2,M_1294,Other
1295,booknlp,COREF,42,I,60087,60088,0,277,2,M_1295,Other
1296,booknlp,COREF,42,she,60099,60102,0,277,2,M_1296,Other
1297,booknlp,COREF,43,I,60111,60112,8,278,2,M_1297,Other
1298,pdnc,qID,Q280-0,you,60118,60121,0,278,2,M_1298,Other
1299,booknlp,COREF,43,I,60122,60123,8,278,2,M_1299,Other
1300,pdnc,qID,Q280-0,you,60137,60140,0,278,2,M_1300,Other
1301,exp,exp_name,winterbourne,Winterbourne,60148,60160,8,278,2,M_1301,PROPN
1302,booknlp,COREF,42,I,60188,60189,0,279,2,M_1302,Other
1303,exp,exp_name,miss daisy,Miss Daisy,60215,60225,0,279,2,M_1303,PROPN
1304,pdnc,qID,Q282-0,you,60250,60253,0,280,2,M_1304,Other
1305,pdnc,qID,Q283-0,You,60281,60284,8,281,2,M_1305,Other
1306,booknlp,COREF,42,me,60308,60310,0,281,2,M_1306,Other
1307,exp,exp_name,daisy,Daisy,60318,60323,0,281,2,M_1307,PROPN
1308,exp,exp_name,winterbourne,Winterbourne,60405,60417,8,284,2,M_1308,PROPN
1309,exp,exp_name,randolph,Randolph,60591,60599,6,284,2,M_1309,PROPN
1310,exp,exp_name,mrs. miller,Mrs. Miller,60632,60643,4,285,2,M_1310,PROPN
1311,booknlp,COREF,60,her,60663,60666,4,285,2,M_1311,Other
1312,booknlp,COREF,60,I,60675,60676,4,285,2,M_1312,Other
1313,pdnc,qID,Q287-0,you,60682,60685,6,285,2,M_1313,Other
1314,booknlp,COREF,60,I,60689,60690,4,285,2,M_1314,Other
1315,pdnc,qID,Q287-0,you,60705,60708,6,285,2,M_1315,Other
1316,pdnc,qID,Q287-0,you,60710,60713,6,285,2,M_1316,Other
1317,booknlp,COREF,60,she,60736,60739,4,285,2,M_1317,Other
1318,booknlp,COREF,45,I,60752,60753,6,286,2,M_1318,Other
1319,pdnc,qID,Q288-0,YOU,60759,60762,4,286,2,M_1319,Other
1320,exp,exp_name,randolph,Randolph,60765,60773,6,286,2,M_1320,PROPN
1321,booknlp,COREF,45,I,60786,60787,6,286,2,M_1321,Other
1322,pdnc,qID,Q289-0,YOU,60793,60796,8,286,2,M_1322,Other
1323,pdnc,qID,Q289-0,sir,60798,60801,8,286,2,M_1323,PROPN
1324,booknlp,COREF,45,he,60804,60806,6,286,2,M_1324,Other
1325,exp,exp_name,winterbourne,Winterbourne,60830,60842,8,286,2,M_1325,PROPN
1326,exp,exp_name,daisy,Daisy,60886,60891,0,287,2,M_1326,PROPN
1327,booknlp,COREF,42,her,60936,60939,0,287,2,M_1327,Other
1328,exp,exp_name,winterbourne,Winterbourne,60949,60961,8,287,2,M_1328,PROPN
1329,booknlp,COREF,42,her,61007,61010,0,287,2,M_1329,Other
1330,booknlp,COREF,45,I,61020,61021,6,287,2,M_1330,Other
1331,pdnc,qID,Q290-0,you,61027,61030,4,287,2,M_1331,Other
1332,booknlp,COREF,45,he,61073,61075,6,287,2,M_1332,Other
1333,exp,exp_name,mrs. miller,Mrs. Miller,61083,61094,4,288,2,M_1333,PROPN
1334,booknlp,COREF,45,him,61119,61122,6,288,2,M_1334,Other
1335,booknlp,COREF,45,his,61127,61130,6,288,2,M_1335,Other
1336,pdnc,qID,Q291-0,sir,61153,61156,8,288,2,M_1336,PROPN
1337,booknlp,COREF,60,she,61159,61162,4,288,2,M_1337,Other
1338,pdnc,qID,Q292-0,She,61175,61178,4,289,2,M_1338,Other
1339,exp,exp_name,randolph,Randolph,61206,61214,6,289,2,M_1339,PROPN
1340,booknlp,COREF,45,I,61217,61218,6,289,2,M_1340,Other
1341,booknlp,COREF,45,I,61251,61252,6,289,2,M_1341,Other
1342,exp,exp_name,mrs. miller,Mrs. Miller,61314,61325,4,290,2,M_1342,PROPN
1343,booknlp,COREF,60,her,61345,61348,4,290,2,M_1343,Other
1344,booknlp,COREF,60,I,61351,61352,4,290,2,M_1344,Other
1345,booknlp,COREF,60,she,61377,61380,4,290,2,M_1345,Other
1346,booknlp,COREF,60,I,61388,61389,4,290,2,M_1346,Other
1347,booknlp,COREF,60,I,61484,61485,4,290,2,M_1347,Other
1348,pdnc,qID,Q293-1,you,61505,61508,8,290,2,M_1348,Other
1349,booknlp,COREF,60,I,61540,61541,4,290,2,M_1349,Other
1350,pdnc,qID,Q293-1,Daisy,61556,61561,0,290,2,M_1350,PROPN
1351,booknlp,COREF,60,I,61567,61568,4,290,2,M_1351,Other
1352,booknlp,COREF,60,I,61620,61621,4,290,2,M_1352,Other
1353,booknlp,COREF,60,I,61637,61638,4,290,2,M_1353,Other
1354,booknlp,COREF,60,me,61780,61782,4,290,2,M_1354,Other
1355,booknlp,COREF,60,my,61819,61821,4,290,2,M_1355,Other
1356,booknlp,COREF,60,I,61862,61863,4,290,2,M_1356,Other
1357,pdnc,qID,Q293-1,Daisy,61981,61986,0,290,2,M_1357,PROPN
1358,booknlp,COREF,42,herself,62005,62012,0,290,2,M_1358,Other
1359,booknlp,COREF,60,I,62018,62019,4,290,2,M_1359,Other
1360,booknlp,COREF,60,I,62060,62061,4,290,2,M_1360,Other
1361,booknlp,COREF,60,my,62199,62201,4,290,2,M_1361,Other
1362,exp,exp_name,winterbourne,Winterbourne,62211,62223,8,291,2,M_1362,PROPN
1363,exp,exp_name,daisy,Daisy,62302,62307,0,291,2,M_1363,PROPN
1364,booknlp,COREF,42,her,62335,62338,0,291,2,M_1364,Other
1365,exp,exp_name,mrs. miller,Mrs. Miller,62374,62385,4,291,2,M_1365,PROPN
1366,booknlp,COREF,60,she,62390,62393,4,291,2,M_1366,Other
1367,booknlp,COREF,60,I,62424,62425,4,291,2,M_1367,Other
1368,booknlp,COREF,60,I,62435,62436,4,291,2,M_1368,Other
1369,booknlp,COREF,60,she,62455,62458,4,291,2,M_1369,Other
1370,booknlp,COREF,60,I,62501,62502,4,291,2,M_1370,Other
1371,pdnc,qID,Q295-0,you,62634,62637,4,292,2,M_1371,Other
1372,exp,exp_name,winterbourne,Winterbourne,62673,62685,8,292,2,M_1372,PROPN
1373,booknlp,COREF,45,I,62689,62690,6,293,2,M_1373,Other
1374,exp,exp_name,randolph,Randolph,62733,62741,6,293,2,M_1374,PROPN
1375,pdnc,qID,Q297-0,You,62745,62748,6,294,2,M_1375,Other
1376,exp,exp_name,winterbourne,Winterbourne,62785,62797,8,294,2,M_1376,PROPN
1377,booknlp,COREF,45,I,62805,62806,6,295,2,M_1377,Other
1378,exp,exp_name,randolph,Randolph,62815,62823,6,295,2,M_1378,PROPN
1379,pdnc,qID,Q299-0,You,62849,62852,6,296,2,M_1379,Other
1380,booknlp,COREF,45,his,62888,62891,6,296,2,M_1380,Other
1381,exp,exp_name,winterbourne,Winterbourne,63000,63012,8,296,2,M_1381,PROPN
1382,exp,exp_name,randolph,Randolph,63193,63201,6,297,2,M_1382,PROPN
1383,pdnc,qID,Q303-0,He,63205,63207,6,298,2,M_1383,Other
1384,booknlp,COREF,45,his,63225,63228,6,298,2,M_1384,Other
1385,pdnc,qID,Q303-1,Randolph,63273,63281,6,298,2,M_1385,PROPN
1386,booknlp,COREF,150,I,63346,63347,6,299,2,M_1386,Other
1387,exp,exp_name,the child,the child,63358,63367,6,299,2,M_1387,PROPN
1388,exp,exp_name,mrs. miller,Mrs. Miller,63471,63482,4,300,2,M_1388,PROPN
1389,exp,exp_name,winterbourne,Winterbourne,63504,63516,8,300,2,M_1389,PROPN
1390,exp,exp_name,daisy,Daisy,63619,63624,0,300,2,M_1390,PROPN
1391,pdnc,qID,Q306-0,She,63706,63709,0,300,2,M_1391,Other
1392,pdnc,qID,Q306-0,she,63733,63736,0,300,2,M_1392,Other
1393,pdnc,qID,Q306-0,she,63789,63792,0,300,2,M_1393,Other
1394,pdnc,qID,Q306-0,her,63877,63880,0,300,2,M_1394,Other
1395,pdnc,qID,Q306-0,she,63900,63903,0,300,2,M_1395,Other
1396,pdnc,qID,Q306-0,she,63938,63941,0,300,2,M_1396,Other
1397,exp,exp_name,daisy,Daisy,64082,64087,0,301,2,M_1397,PROPN
1398,booknlp,COREF,42,her,64099,64102,0,301,2,M_1398,Other
1399,exp,exp_name,winterbourne,Winterbourne,64122,64134,8,301,2,M_1399,PROPN
1400,pdnc,qID,Q307-0,Mrs. Walker,64155,64166,5,301,2,M_1400,PROPN
1401,pdnc,qID,Q307-0,you,64176,64179,8,301,2,M_1401,Other
1402,pdnc,qID,Q308-0,you,64240,64243,0,302,2,M_1402,Other
1403,exp,exp_name,winterbourne,Winterbourne,64265,64277,8,302,2,M_1403,PROPN
1404,exp,exp_name,miss miller,Miss Miller,64297,64308,0,302,2,M_1404,PROPN
1405,booknlp,COREF,43,He,64486,64488,8,302,2,M_1405,Other
1406,booknlp,COREF,43,him,64540,64543,8,302,2,M_1406,Other
1407,pdnc,qID,Q309-0,you,64725,64728,8,303,2,M_1407,Other
1408,exp,exp_name,daisy,Daisy,64763,64768,0,303,2,M_1408,PROPN
1409,pdnc,qID,Q309-1,You,64771,64774,8,303,2,M_1409,Other
1410,pdnc,qID,Q309-1,You,64797,64800,8,303,2,M_1410,Other
1411,booknlp,COREF,42,I,64826,64827,0,303,2,M_1411,Other
1412,pdnc,qID,Q309-1,you,64834,64837,8,303,2,M_1412,Other
1413,pdnc,qID,Q310-0,My dearest young lady,64842,64863,0,304,2,M_1413,Other
1414,exp,exp_name,winterbourne,Winterbourne,64872,64884,8,304,2,M_1414,PROPN
1415,booknlp,COREF,43,I,64908,64909,8,304,2,M_1415,Other
1416,pdnc,qID,Q310-1,your,64948,64952,0,304,2,M_1416,Other
1417,pdnc,qID,Q311-0,him,64978,64981,8,305,2,M_1417,Other
1418,exp,exp_name,daisy,Daisy,64998,65003,0,305,2,M_1418,PROPN
1419,booknlp,COREF,42,her,65007,65010,0,305,2,M_1419,Other
1420,pdnc,qID,Q311-1,you,65071,65074,5,305,2,M_1420,Other
1421,pdnc,qID,Q312-0,my dear,65119,65126,0,306,2,M_1421,Other
1422,exp,exp_name,mrs. walker,Mrs. Walker,65138,65149,5,306,2,M_1422,PROPN
1423,exp,exp_name,winterbourne,Winterbourne,65179,65191,8,306,2,M_1423,PROPN
1424,booknlp,COREF,42,I,65201,65202,0,307,2,M_1424,Other
1425,exp,exp_name,daisy,Daisy,65221,65226,0,307,2,M_1425,PROPN
1426,exp,exp_name,mrs. walker,Mrs. Walker,65238,65249,5,307,2,M_1426,PROPN
1427,pdnc,qID,Q313-1,Mrs. Walker,65262,65273,5,307,2,M_1427,PROPN
1428,booknlp,COREF,42,I,65275,65276,0,307,2,M_1428,Other
1429,pdnc,qID,Q313-1,you,65290,65293,5,307,2,M_1429,Other
1430,pdnc,qID,Q314-0,Mother-r,65308,65316,4,308,2,M_1430,Other
1431,exp,exp_name,randolph,Randolph,65330,65338,6,308,2,M_1431,PROPN
1432,booknlp,COREF,45,his,65345,65348,6,308,2,M_1432,Other
1433,booknlp,COREF,45,his,65363,65366,6,308,2,M_1433,Other
1434,booknlp,COREF,45,I,65375,65376,6,308,2,M_1434,Other
1435,pdnc,qID,Q314-1,you,65382,65385,4,308,2,M_1435,Other
1436,pdnc,qID,Q314-1,you,65386,65389,4,308,2,M_1436,Other
1437,pdnc,qID,Q314-1,Eugenio,65404,65411,1,308,2,M_1437,PROPN
1438,booknlp,COREF,42,I,65436,65437,0,309,2,M_1438,Other
1439,pdnc,qID,Q315-0,Eugenio,65454,65461,1,309,2,M_1439,PROPN
1440,exp,exp_name,daisy,Daisy,65469,65474,0,309,2,M_1440,PROPN
1441,booknlp,COREF,42,her,65490,65493,0,309,2,M_1441,Other
1442,pdnc,qID,Q316-0,Mrs. Walker,65512,65523,5,309,2,M_1442,PROPN
1443,booknlp,COREF,42,she,65526,65529,0,309,2,M_1443,Other
1444,pdnc,qID,Q316-1,you,65540,65543,5,309,2,M_1444,Other
1445,booknlp,COREF,42,I,65549,65550,0,309,2,M_1445,Other
1446,pdnc,qID,Q316-1,your,65563,65567,5,309,2,M_1446,Other
1447,booknlp,COREF,45,I,65578,65579,6,310,2,M_1447,Other
1448,booknlp,COREF,42,I,65608,65609,0,311,2,M_1448,Other
1449,booknlp,COREF,45,I,65636,65637,6,312,2,M_1449,Other
1450,booknlp,COREF,42,I,65667,65668,0,313,2,M_1450,Other
1451,exp,exp_name,a friend,a friend,65710,65718,9,313,2,M_1451,PROPN
1452,booknlp,COREF,70,I,65723,65724,5,314,2,M_1452,Other
1453,booknlp,COREF,70,your,65754,65758,5,314,2,M_1453,Other
1454,exp,exp_name,mrs. walker,Mrs. Walker,65774,65785,5,314,2,M_1454,PROPN
1455,exp,exp_name,mrs. miller,Mrs. Miller,65811,65822,4,314,2,M_1455,PROPN
1456,booknlp,COREF,42,my,65843,65845,0,315,2,M_1456,Other
1457,exp,exp_name,daisy,Daisy,65865,65870,0,315,2,M_1457,PROPN
1458,booknlp,COREF,42,mine,65968,65972,0,316,2,M_1458,Other
1459,pdnc,qID,Q323-0,Mr. Giovanelli,65974,65988,2,316,2,M_1459,PROPN
1460,exp,exp_name,daisy,Daisy,65996,66001,0,316,2,M_1460,PROPN
1461,booknlp,COREF,42,her,66022,66025,0,316,2,M_1461,Other
1462,booknlp,COREF,42,her,66060,66063,0,316,2,M_1462,Other
1463,exp,exp_name,mrs. walker,Mrs. Walker,66088,66099,5,317,2,M_1463,PROPN
1464,booknlp,COREF,70,she,66121,66124,5,317,2,M_1464,Other
1465,exp,exp_name,winterbourne,Winterbourne,66148,66160,8,317,2,M_1465,PROPN
1466,booknlp,COREF,70,I,66163,66164,5,317,2,M_1466,Other
1467,pdnc,qID,Q324-0,Mr. Giovanelli,66186,66200,2,317,2,M_1467,PROPN
1468,booknlp,COREF,70,she,66203,66206,5,317,2,M_1468,Other
1469,pdnc,qID,Q325-0,He,66220,66222,2,318,2,M_1469,Other
1470,exp,exp_name,daisy,Daisy,66238,66243,0,318,2,M_1470,PROPN
1471,pdnc,qID,Q325-1,He,66282,66284,2,318,2,M_1471,Other
1472,booknlp,COREF,42,mine,66305,66309,0,318,2,M_1472,Other
1473,pdnc,qID,Q325-1,he,66311,66313,2,318,2,M_1473,Other
1474,pdnc,qID,Q325-1,Mr. Winterbourne,66356,66372,8,318,2,M_1474,PROPN
1475,pdnc,qID,Q325-1,He,66374,66376,2,318,2,M_1475,Other
1476,pdnc,qID,Q325-1,he,66407,66409,2,318,2,M_1476,Other
1477,pdnc,qID,Q325-1,He,66440,66442,2,318,2,M_1477,Other
1478,pdnc,qID,Q325-1,He,66477,66479,2,318,2,M_1478,Other
1479,pdnc,qID,Q325-1,He,66503,66505,2,318,2,M_1479,Other
1480,exp,exp_name,mrs. walker,Mrs. Walker,66594,66605,5,319,2,M_1480,PROPN
1481,exp,exp_name,mrs. miller,Mrs. Miller,66624,66635,4,319,2,M_1481,PROPN
1482,booknlp,COREF,60,her,66653,66656,4,319,2,M_1482,Other
1483,booknlp,COREF,70,I,66665,66666,5,319,2,M_1483,Other
1484,booknlp,COREF,70,she,66702,66705,5,319,2,M_1484,Other
1485,pdnc,qID,Q327-0,You,66714,66717,4,320,2,M_1485,Other
1486,pdnc,qID,Q327-0,Mother,66744,66750,4,320,2,M_1486,Other
1487,booknlp,COREF,42,I,66756,66757,0,320,2,M_1487,Other
1488,exp,exp_name,daisy,Daisy,66789,66794,0,320,2,M_1488,PROPN
1489,pdnc,qID,Q328-0,She,66798,66801,0,321,2,M_1489,Other
1490,pdnc,qID,Q328-0,Mr. Giovanelli,66823,66837,2,321,2,M_1490,PROPN
1491,exp,exp_name,randolph,Randolph,66840,66848,6,321,2,M_1491,PROPN
1492,booknlp,COREF,42,I,66863,66864,0,322,2,M_1492,Other
1493,exp,exp_name,daisy,Daisy,66895,66900,0,322,2,M_1493,PROPN
1494,pdnc,qID,Q330-0,my dear,66920,66927,0,323,2,M_1494,Other
1495,exp,exp_name,mrs. walker,Mrs. Walker,66944,66955,5,323,2,M_1495,PROPN
1496,booknlp,COREF,70,I,67080,67081,5,323,2,M_1496,Other
1497,pdnc,qID,Q331-0,my dear,67105,67112,0,323,2,M_1497,Other
1498,exp,exp_name,mrs. walker,Mrs. Walker,67120,67131,5,323,2,M_1498,PROPN
1499,booknlp,COREF,60,I,67146,67147,4,324,2,M_1499,Other
1500,exp,exp_name,mrs. miller,Mrs. Miller,67160,67171,4,324,2,M_1500,PROPN
1501,pdnc,qID,Q332-1,You,67174,67177,0,324,2,M_1501,Other
1502,pdnc,qID,Q332-1,you,67207,67210,0,324,2,M_1502,Other
1503,pdnc,qID,Q332-1,you,67246,67249,0,324,2,M_1503,Other
1504,pdnc,qID,Q333-0,her,67259,67262,0,325,2,M_1504,Other
1505,pdnc,qID,Q333-0,she,67284,67287,0,325,2,M_1505,Other
1506,exp,exp_name,randolph,Randolph,67300,67308,6,325,2,M_1506,PROPN
1507,exp,exp_name,daisy,Daisy,67346,67351,0,326,2,M_1507,PROPN
1508,booknlp,COREF,42,her,67367,67370,0,326,2,M_1508,Other
1509,booknlp,COREF,42,her,67406,67409,0,326,2,M_1509,Other
1510,pdnc,qID,Q334-0,Mrs. Walker,67420,67431,5,326,2,M_1510,PROPN
1511,pdnc,qID,Q334-0,you,67433,67436,5,326,2,M_1511,Other
1512,booknlp,COREF,42,she,67455,67458,0,326,2,M_1512,Other
1513,booknlp,COREF,42,I,67466,67467,0,326,2,M_1513,Other
1514,booknlp,COREF,42,I,67487,67488,0,326,2,M_1514,Other
1515,pdnc,qID,Q334-1,a friend,67506,67514,2,326,2,M_1515,Other
1516,pdnc,qID,Q335-0,Your,67519,67523,0,327,2,M_1516,Other
1517,pdnc,qID,Q335-0,you,67542,67545,0,327,2,M_1517,Other
1518,exp,exp_name,mrs. miller,Mrs. Miller,67571,67582,4,327,2,M_1518,PROPN
1519,pdnc,qID,Q336-0,Mr. Giovanelli,67601,67615,2,328,2,M_1519,PROPN
1520,exp,exp_name,winterbourne,Winterbourne,67638,67650,8,329,2,M_1520,PROPN
1521,booknlp,COREF,43,his,67697,67700,8,329,2,M_1521,Other
1522,exp,exp_name,winterbourne,Winterbourne,67796,67808,8,329,2,M_1522,PROPN
1523,pdnc,qID,Q337-0,Mr. Giovanelli,67892,67906,2,329,2,M_1523,PROPN
1524,pdnc,qID,Q337-0,the beautiful Giovanelli,67908,67932,2,329,2,M_1524,Other
1525,pdnc,qID,Q338-0,My dear young friend,67937,67957,0,330,2,M_1525,Other
1526,exp,exp_name,mrs. walker,Mrs. Walker,67965,67976,5,330,2,M_1526,PROPN
1527,pdnc,qID,Q338-1,a beautiful Italian,68057,68076,2,330,2,M_1527,Other
1528,pdnc,qID,Q339-0,he,68087,68089,2,331,2,M_1528,Other
1529,exp,exp_name,mrs. miller,Mrs. Miller,68112,68123,4,331,2,M_1529,PROPN
1530,booknlp,COREF,42,me,68136,68138,0,332,2,M_1530,Other
1531,exp,exp_name,daisy,Daisy,68141,68146,0,332,2,M_1531,PROPN
1532,booknlp,COREF,42,I,68159,68160,0,332,2,M_1532,Other
1533,booknlp,COREF,42,She,68227,68230,0,332,2,M_1533,Other
1534,exp,exp_name,winterbourne,Winterbourne,68254,68266,8,332,2,M_1534,PROPN
1535,pdnc,qID,Q340-2,Mr. Winterbourne,68320,68336,8,332,2,M_1535,PROPN
1536,pdnc,qID,Q340-2,he,68355,68357,8,332,2,M_1536,Other
1537,pdnc,qID,Q340-2,he,68368,68370,8,332,2,M_1537,Other
1538,booknlp,COREF,42,me,68396,68398,0,332,2,M_1538,Other
1539,exp,exp_name,winterbourne,Winterbourne,68402,68414,8,333,2,M_1539,PROPN
1540,booknlp,COREF,43,him,68479,68482,8,333,2,M_1540,Other
1541,exp,exp_name,winterbourne,Winterbourne,68574,68586,8,333,2,M_1541,PROPN
1542,exp,exp_name,mrs. miller,Mrs. Miller,68597,68608,4,333,2,M_1542,PROPN
1543,booknlp,COREF,43,he,68677,68679,8,333,2,M_1543,Other
1544,pdnc,qID,Q341-0,Eugenio,68723,68730,1,333,2,M_1544,PROPN
1545,exp,exp_name,daisy,Daisy,68739,68744,0,333,2,M_1545,PROPN
1546,booknlp,COREF,42,I,68747,68748,0,333,2,M_1546,Other
1547,exp,exp_name,winterbourne,Winterbourne,69090,69102,8,333,2,M_1547,PROPN
1548,booknlp,COREF,43,his,69116,69119,8,333,2,M_1548,Other
1549,booknlp,COREF,43,his,69137,69140,8,333,2,M_1549,Other
1550,booknlp,COREF,43,his,69303,69306,8,333,2,M_1550,Other
1551,booknlp,COREF,43,he,69316,69318,8,333,2,M_1551,Other
1552,exp,exp_name,daisy,Daisy,69354,69359,0,333,2,M_1552,PROPN
1553,booknlp,COREF,42,she,69372,69375,0,333,2,M_1553,Other
1554,booknlp,COREF,42,herself,69395,69402,0,333,2,M_1554,Other
1555,booknlp,COREF,43,His,69437,69440,8,333,2,M_1555,Other
1556,booknlp,COREF,42,her,69457,69460,0,333,2,M_1556,Other
1557,booknlp,COREF,42,her,69495,69498,0,333,2,M_1557,Other
1558,exp,exp_name,mr. giovanelli,Mr. Giovanelli,69515,69529,2,333,2,M_1558,PROPN
1559,exp,exp_name,winterbourne,Winterbourne,69535,69547,8,333,2,M_1559,PROPN
1560,booknlp,COREF,43,he,69594,69596,8,333,2,M_1560,Other
1561,pdnc,qID,Q342-0,you,69635,69638,8,334,2,M_1561,Other
1562,booknlp,COREF,42,me,69651,69653,0,334,2,M_1562,Other
1563,exp,exp_name,daisy,Daisy,69662,69667,0,334,2,M_1563,PROPN
1564,pdnc,qID,Q342-1,You,69670,69673,8,334,2,M_1564,Other
1565,booknlp,COREF,43,I,69700,69701,8,335,2,M_1565,Other
1566,pdnc,qID,Q343-0,you,69732,69735,0,335,2,M_1566,Other
1567,booknlp,COREF,43,I,69741,69742,8,335,2,M_1567,Other
1568,pdnc,qID,Q344-0,You,69787,69790,8,336,2,M_1568,Other
1569,pdnc,qID,Q344-1,you,69908,69911,8,336,2,M_1569,Other
1570,pdnc,qID,Q344-1,You,69925,69928,8,336,2,M_1570,Other
1571,pdnc,qID,Q344-1,Mrs. Walker,69956,69967,5,336,2,M_1571,PROPN
1572,booknlp,COREF,43,I,69972,69973,8,337,2,M_1572,Other
1573,pdnc,qID,Q345-0,Mrs. Walker,69979,69990,5,337,2,M_1573,PROPN
1574,exp,exp_name,winterbourne,Winterbourne,69994,70006,8,337,2,M_1574,PROPN
1575,pdnc,qID,Q346-0,you,70040,70043,8,338,2,M_1575,Other
1576,pdnc,qID,Q346-0,her,70049,70052,5,338,2,M_1576,Other
1577,pdnc,qID,Q346-0,You,70054,70057,8,338,2,M_1577,Other
1578,pdnc,qID,Q346-0,her,70063,70066,5,338,2,M_1578,Other
1579,pdnc,qID,Q346-0,She,70078,70081,5,338,2,M_1579,Other
1580,pdnc,qID,Q346-0,you,70100,70103,8,338,2,M_1580,Other
1581,pdnc,qID,Q346-0,you,70146,70149,8,338,2,M_1581,Other
1582,booknlp,COREF,43,him,70181,70184,8,338,2,M_1582,Other
1583,pdnc,qID,Q347-0,Eugenio,70298,70305,1,338,2,M_1583,PROPN
1584,pdnc,qID,Q347-0,Mrs. Walker,71220,71231,5,338,2,M_1584,PROPN
1585,pdnc,qID,Q347-0,her,71235,71238,5,338,2,M_1585,Other
1586,exp,exp_name,miss miller,Miss Miller,71314,71325,0,338,2,M_1586,PROPN
1587,exp,exp_name,mr. giovanelli,Mr. Giovanelli,71348,71362,2,338,2,M_1587,PROPN
1588,booknlp,COREF,42,she,71425,71428,0,338,2,M_1588,Other
1589,booknlp,COREF,43,you,71442,71445,8,338,2,M_1589,Other
1590,booknlp,COREF,43,I,71467,71468,8,339,2,M_1590,Other
1591,pdnc,qID,Q349-0,you,71494,71497,0,339,2,M_1591,Other
1592,pdnc,qID,Q349-0,him,71506,71509,2,339,2,M_1592,Other
1593,exp,exp_name,winterbourne,Winterbourne,71512,71524,8,339,2,M_1593,PROPN
1594,booknlp,COREF,42,I,71542,71543,0,340,2,M_1594,Other
1595,pdnc,qID,Q350-0,him,71555,71558,2,340,2,M_1595,Other
1596,pdnc,qID,Q350-0,you,71567,71570,8,340,2,M_1596,Other
1597,exp,exp_name,miss daisy,Miss Daisy,71579,71589,0,340,2,M_1597,PROPN
1598,pdnc,qID,Q351-0,You,71593,71596,0,341,2,M_1598,Other
1599,booknlp,COREF,43,me,71619,71621,8,341,2,M_1599,Other
1600,exp,exp_name,winterbourne,Winterbourne,71630,71642,8,341,2,M_1600,PROPN
1601,booknlp,COREF,42,She,71645,71648,0,342,2,M_1601,Other
1602,booknlp,COREF,42,her,71660,71663,0,342,2,M_1602,Other
1603,pdnc,qID,Q352-0,you,71683,71686,8,342,2,M_1603,Other
1604,pdnc,qID,Q352-0,you,71694,71697,8,342,2,M_1604,Other
1605,pdnc,qID,Q352-0,Giovanelli,71736,71746,2,342,2,M_1605,Other
1606,pdnc,qID,Q352-0,He,71775,71777,2,342,2,M_1606,Other
1607,pdnc,qID,Q352-0,you,71823,71826,8,342,2,M_1607,Other
1608,exp,exp_name,winterbourne,Winterbourne,71856,71868,8,343,2,M_1608,PROPN
1609,exp,exp_name,winterbourne,Winterbourne,72054,72066,8,343,2,M_1609,PROPN
1610,pdnc,qID,Q353-0,you,72109,72112,0,343,2,M_1610,Other
1611,booknlp,COREF,42,I,72146,72147,0,344,2,M_1611,Other
1612,pdnc,qID,Q354-0,him,72165,72168,2,344,2,M_1612,Other
1613,pdnc,qID,Q354-0,you,72175,72178,8,344,2,M_1613,Other
1614,booknlp,COREF,42,I,72193,72194,0,344,2,M_1614,Other
1615,exp,exp_name,winterbourne,Winterbourne,72257,72269,8,345,2,M_1615,PROPN
1616,booknlp,COREF,43,I,72277,72278,8,345,2,M_1616,Other
1617,pdnc,qID,Q355-1,you,72301,72304,0,345,2,M_1617,Other
1618,exp,exp_name,daisy,Daisy,72308,72313,0,346,2,M_1618,PROPN
1619,booknlp,COREF,42,her,72385,72388,0,346,2,M_1619,Other
1620,booknlp,COREF,42,her,72428,72431,0,346,2,M_1620,Other
1621,booknlp,COREF,42,her,72450,72453,0,346,2,M_1621,Other
1622,pdnc,qID,Q356-0,she,72476,72479,0,346,2,M_1622,Other
1623,booknlp,COREF,42,I,72520,72521,0,347,2,M_1623,Other
1624,pdnc,qID,Q357-0,you,72541,72544,8,347,2,M_1624,Other
1625,exp,exp_name,daisy,Daisy,72561,72566,0,347,2,M_1625,PROPN
1626,booknlp,COREF,42,I,72592,72593,0,348,2,M_1626,Other
1627,pdnc,qID,Q358-0,your,72598,72602,0,348,2,M_1627,Other
1628,booknlp,COREF,42,I,72613,72614,0,348,2,M_1628,Other
1629,pdnc,qID,Q358-0,you,72655,72658,0,348,2,M_1629,Other
1630,booknlp,COREF,42,my,72670,72672,0,348,2,M_1630,Other
1631,booknlp,COREF,43,I,72862,72863,8,350,2,M_1631,Other
1632,pdnc,qID,Q360-0,you,72870,72873,0,350,2,M_1632,Other
1633,exp,exp_name,winterbourne,Winterbourne,72901,72913,8,350,2,M_1633,PROPN
1634,pdnc,qID,Q360-1,You,72916,72919,0,350,2,M_1634,Other
1635,exp,exp_name,daisy,Daisy,72977,72982,0,351,2,M_1635,PROPN
1636,booknlp,COREF,42,I,73006,73007,0,351,2,M_1636,Other
1637,booknlp,COREF,42,she,73045,73048,0,351,2,M_1637,Other
1638,booknlp,COREF,42,me,73066,73068,0,351,2,M_1638,Other
1639,pdnc,qID,Q361-1,Mr. Giovanelli,73072,73086,2,351,2,M_1639,PROPN
1640,exp,exp_name,winterbourne,Winterbourne,73259,73271,8,352,2,M_1640,PROPN
1641,exp,exp_name,winterbourne,Winterbourne,73356,73368,8,352,2,M_1641,PROPN
1642,exp,exp_name,daisy,Daisy,73435,73440,0,352,2,M_1642,PROPN
1643,pdnc,qID,Q362-0,he,73447,73449,2,352,2,M_1643,Other
1644,exp,exp_name,daisy,Daisy,73473,73478,0,353,2,M_1644,PROPN
1645,booknlp,COREF,42,she,73540,73543,0,353,2,M_1645,Other
1646,booknlp,COREF,42,her,73574,73577,0,353,2,M_1646,Other
1647,booknlp,COREF,42,She,73603,73606,0,353,2,M_1647,Other
1648,booknlp,COREF,42,her,73655,73658,0,353,2,M_1648,Other
1649,exp,exp_name,mr. giovanelli,Mr. Giovanelli,73660,73674,2,353,2,M_1649,PROPN
1650,exp,exp_name,winterbourne,Winterbourne,73709,73721,8,353,2,M_1650,PROPN
1651,booknlp,COREF,43,he,73745,73747,8,353,2,M_1651,Other
1652,booknlp,COREF,43,he,73862,73864,8,353,2,M_1652,Other
1653,exp,exp_name,giovanelli,Giovanelli,74080,74090,2,353,2,M_1653,PROPN
1654,booknlp,COREF,71,he,74145,74147,2,353,2,M_1654,Other
1655,booknlp,COREF,71,he,74192,74194,2,353,2,M_1655,Other
1656,booknlp,COREF,71,his,74200,74203,2,353,2,M_1656,Other
1657,exp,exp_name,winterbourne,Winterbourne,74266,74278,8,353,2,M_1657,PROPN
1658,booknlp,COREF,43,himself,74289,74296,8,353,2,M_1658,Other
1659,booknlp,COREF,43,he,74302,74304,8,353,2,M_1659,Other
1660,booknlp,COREF,43,his,74315,74318,8,353,2,M_1660,Other
1661,pdnc,qID,Q363-0,He,74329,74331,2,353,2,M_1661,Other
1662,pdnc,qID,Q363-1,he,74379,74381,2,353,2,M_1662,Other
1663,pdnc,qID,Q363-1,He,74417,74419,2,353,2,M_1663,Other
1664,pdnc,qID,Q363-1,his,74488,74491,2,353,2,M_1664,Other
1665,exp,exp_name,mr. giovanelli,Mr. Giovanelli,74505,74519,2,353,2,M_1665,PROPN
1666,exp,exp_name,winterbourne,Winterbourne,74558,74570,8,353,2,M_1666,PROPN
1667,booknlp,COREF,43,his,74602,74605,8,353,2,M_1667,Other
1668,exp,exp_name,giovanelli,Giovanelli,74711,74721,2,353,2,M_1668,PROPN
1669,booknlp,COREF,71,himself,74752,74759,2,353,2,M_1669,Other
1670,booknlp,COREF,71,he,74804,74806,2,353,2,M_1670,Other
1671,exp,exp_name,winterbourne,Winterbourne,74870,74882,8,353,2,M_1671,PROPN
1672,booknlp,COREF,43,himself,74891,74898,8,353,2,M_1672,Other
1673,booknlp,COREF,43,he,74938,74940,8,353,2,M_1673,Other
1674,exp,exp_name,winterbourne,Winterbourne,75371,75383,8,353,2,M_1674,PROPN
1675,booknlp,COREF,43,his,75475,75478,8,353,2,M_1675,Other
1676,booknlp,COREF,43,he,75496,75498,8,353,2,M_1676,Other
1677,booknlp,COREF,43,his,75520,75523,8,353,2,M_1677,Other
1678,booknlp,COREF,43,him,75866,75869,8,353,2,M_1678,Other
1679,booknlp,COREF,43,him,75881,75884,8,353,2,M_1679,Other
1680,exp,exp_name,daisy,Daisy,76000,76005,0,353,2,M_1680,PROPN
1681,booknlp,COREF,42,herself,76046,76053,0,353,2,M_1681,Other
1682,booknlp,COREF,42,She,76112,76115,0,354,2,M_1682,Other
1683,booknlp,COREF,42,her,76170,76173,0,354,2,M_1683,Other
1684,exp,exp_name,winterbourne,Winterbourne,76255,76267,8,354,2,M_1684,PROPN
1685,exp,exp_name,mr. giovanelli,Mr. Giovanelli,76295,76309,2,354,2,M_1685,PROPN
1686,exp,exp_name,winterbourne,Winterbourne,76421,76433,8,354,2,M_1686,PROPN
1687,booknlp,COREF,43,his,76449,76452,8,354,2,M_1687,Other
1688,exp,exp_name,mrs. walker,Mrs. Walker,76460,76471,5,354,2,M_1688,PROPN
1689,booknlp,COREF,43,he,76494,76496,8,354,2,M_1689,Other
1690,booknlp,COREF,43,him,76561,76564,8,354,2,M_1690,Other
1691,exp,exp_name,miss miller,Miss Miller,76574,76585,0,354,2,M_1691,PROPN
1692,booknlp,COREF,43,he,76594,76596,8,354,2,M_1692,Other
1693,booknlp,COREF,70,her,76614,76617,5,354,2,M_1693,Other
1694,exp,exp_name,mrs. walker,Mrs. Walker,76627,76638,5,354,2,M_1694,PROPN
1695,booknlp,COREF,70,she,76652,76655,5,354,2,M_1695,Other
1696,booknlp,COREF,70,she,76706,76709,5,354,2,M_1696,Other
1697,pdnc,qID,Q365-1,That girl,76717,76726,0,354,2,M_1697,Other
1698,pdnc,qID,Q365-1,She,76759,76762,0,354,2,M_1698,Other
1699,booknlp,COREF,43,you,76787,76790,8,354,2,M_1699,Other
1700,pdnc,qID,Q365-1,her,76826,76829,0,354,2,M_1700,Other
1701,exp,exp_name,winterbourne,Winterbourne,76833,76845,8,355,2,M_1701,PROPN
1702,booknlp,COREF,43,his,76853,76856,8,355,2,M_1702,Other
1703,booknlp,COREF,43,I,76868,76869,8,355,2,M_1703,Other
1704,pdnc,qID,Q367-0,the girl,76942,76950,0,356,2,M_1704,Other
1705,pdnc,qID,Q368-0,She,76968,76971,0,357,2,M_1705,Other
1706,exp,exp_name,winterbourne,Winterbourne,76996,77008,8,357,2,M_1706,PROPN
1707,pdnc,qID,Q369-0,She,77012,77015,0,358,2,M_1707,Other
1708,exp,exp_name,mrs. walker,Mrs. Walker,77037,77048,5,358,2,M_1708,PROPN
1709,pdnc,qID,Q369-1,you,77055,77058,8,358,2,M_1709,Other
1710,pdnc,qID,Q369-1,her mother,77092,77102,4,358,2,M_1710,Other
1711,booknlp,COREF,70,me,77127,77129,5,358,2,M_1711,Other
1712,booknlp,COREF,70,I,77140,77141,5,358,2,M_1712,Other
1713,pdnc,qID,Q369-1,her,77233,77236,0,358,2,M_1713,Other
1714,booknlp,COREF,70,I,77238,77239,5,358,2,M_1714,Other
1715,booknlp,COREF,70,my,77272,77274,5,358,2,M_1715,Other
1716,booknlp,COREF,70,I,77334,77335,5,358,2,M_1716,Other
1717,pdnc,qID,Q369-1,you,77347,77350,8,358,2,M_1717,Other
1718,pdnc,qID,Q370-0,you,77363,77366,5,359,2,M_1718,Other
1719,exp,exp_name,winterbourne,Winterbourne,77397,77409,8,359,2,M_1719,PROPN
1720,pdnc,qID,Q371-0,her,77429,77432,0,360,2,M_1720,Other
1721,pdnc,qID,Q371-0,her,77453,77456,0,360,2,M_1721,Other
1722,pdnc,qID,Q371-0,she,77512,77515,0,360,2,M_1722,Other
1723,pdnc,qID,Q371-0,her,77565,77568,0,360,2,M_1723,Other
1724,booknlp,COREF,43,I,77585,77586,8,361,2,M_1724,Other
1725,exp,exp_name,winterbourne,Winterbourne,77632,77644,8,361,2,M_1725,PROPN
1726,pdnc,qID,Q372-1,you,77651,77654,5,361,2,M_1726,Other
1727,exp,exp_name,mrs. walker,Mrs. Walker,77666,77677,5,362,2,M_1727,PROPN
1728,exp,exp_name,miss miller,Miss Miller,77718,77729,0,362,2,M_1728,PROPN
1729,booknlp,COREF,42,her,77813,77816,0,362,2,M_1729,Other
1730,booknlp,COREF,42,her,77826,77829,0,362,2,M_1730,Other
1731,exp,exp_name,daisy,Daisy,77841,77846,0,362,2,M_1731,PROPN
1732,exp,exp_name,mrs. walker,Mrs. Walker,77865,77876,5,362,2,M_1732,PROPN
1733,booknlp,COREF,70,her,77896,77899,5,362,2,M_1733,Other
1734,booknlp,COREF,42,her,77910,77913,0,362,2,M_1734,Other
1735,exp,exp_name,mr. giovanelli,Mr. Giovanelli,77955,77969,2,362,2,M_1735,PROPN
1736,booknlp,COREF,42,her,77973,77976,0,362,2,M_1736,Other
1737,booknlp,COREF,42,She,77983,77986,0,362,2,M_1737,Other
1738,booknlp,COREF,42,she,78001,78004,0,362,2,M_1738,Other
1739,exp,exp_name,mrs. walker,Mrs. Walker,78065,78076,5,362,2,M_1739,PROPN
1740,booknlp,COREF,42,She,78078,78081,0,362,2,M_1740,Other
1741,booknlp,COREF,42,she,78139,78142,0,362,2,M_1741,Other
1742,booknlp,COREF,42,her,78156,78159,0,362,2,M_1742,Other
1743,exp,exp_name,mrs. walker,Mrs. Walker,78192,78203,5,362,2,M_1743,PROPN
1744,pdnc,qID,Q373-0,you,78232,78235,0,363,2,M_1744,Other
1745,pdnc,qID,Q373-1,you,78287,78290,0,363,2,M_1745,Other
1746,pdnc,qID,Q373-1,you,78321,78324,0,363,2,M_1746,Other
1747,pdnc,qID,Q374-0,you,78343,78346,5,364,2,M_1747,Other
1748,exp,exp_name,daisy,Daisy,78354,78359,0,364,2,M_1748,PROPN
1749,booknlp,COREF,42,I,78362,78363,0,364,2,M_1749,Other
1750,booknlp,COREF,42,I,78393,78394,0,364,2,M_1750,Other
1751,pdnc,qID,Q374-1,you,78399,78402,5,364,2,M_1751,Other
1752,booknlp,COREF,70,me,78454,78456,5,365,2,M_1752,Other
1753,exp,exp_name,mrs. walker,Mrs. Walker,78464,78475,5,365,2,M_1753,PROPN
1754,exp,exp_name,daisy,Daisy,78545,78550,0,366,2,M_1754,PROPN
1755,booknlp,COREF,42,her,78610,78613,0,366,2,M_1755,Other
1756,pdnc,qID,Q377-0,dear child,78639,78649,0,367,2,M_1756,Other
1757,exp,exp_name,mrs. walker,Mrs. Walker,78689,78700,5,367,2,M_1757,PROPN
1758,booknlp,COREF,70,her,78721,78724,5,367,2,M_1758,Other
1759,booknlp,COREF,70,her,78740,78743,5,367,2,M_1759,Other
1760,exp,exp_name,daisy,Daisy,78804,78809,0,368,2,M_1760,PROPN
1761,booknlp,COREF,42,I,78815,78816,0,368,2,M_1761,Other
1762,booknlp,COREF,42,I,78829,78830,0,368,2,M_1762,Other
1763,pdnc,qID,Q379-0,You,78849,78852,0,369,2,M_1763,Other
1764,pdnc,qID,Q379-0,your mother,78870,78881,4,369,2,M_1764,Other
1765,pdnc,qID,Q379-0,dear,78883,78887,0,369,2,M_1765,Other
1766,pdnc,qID,Q380-0,my mother dear,78942,78956,4,370,2,M_1766,Other
1767,exp,exp_name,winterbourne,Winterbourne,78985,78997,8,370,2,M_1767,PROPN
1768,pdnc,qID,Q381-0,My mother,79034,79043,4,370,2,M_1768,Other
1769,pdnc,qID,Q381-0,her,79070,79073,4,370,2,M_1769,Other
1770,pdnc,qID,Q381-0,you,79090,79093,5,370,2,M_1770,Other
1771,pdnc,qID,Q382-0,You,79160,79163,0,371,2,M_1771,Other
1772,pdnc,qID,Q382-0,You,79202,79205,0,371,2,M_1772,Other
1773,pdnc,qID,Q382-0,dear Miss Miller,79222,79238,0,371,2,M_1773,Other
1774,exp,exp_name,daisy,Daisy,79262,79267,0,372,2,M_1774,PROPN
1775,exp,exp_name,mrs. walker,Mrs. Walker,79278,79289,5,372,2,M_1775,PROPN
1776,pdnc,qID,Q383-0,you,79333,79336,5,372,2,M_1776,Other
1777,pdnc,qID,Q384-0,you,79385,79388,0,373,2,M_1777,Other
1778,exp,exp_name,daisy,Daisy,79392,79397,0,374,2,M_1778,PROPN
1779,booknlp,COREF,42,her,79405,79408,0,374,2,M_1779,Other
1780,booknlp,COREF,42,her,79465,79468,0,374,2,M_1780,Other
1781,exp,exp_name,mr. giovanelli,Mr. Giovanelli,79483,79497,2,374,2,M_1781,PROPN
1782,booknlp,COREF,71,his,79534,79537,2,374,2,M_1782,Other
1783,exp,exp_name,winterbourne,Winterbourne,79574,79586,8,374,2,M_1783,PROPN
1784,booknlp,COREF,42,I,79624,79625,0,374,2,M_1784,Other
1785,booknlp,COREF,42,I,79638,79639,0,374,2,M_1785,Other
1786,pdnc,qID,Q385-0,you,79658,79661,5,374,2,M_1786,Other
1787,exp,exp_name,daisy,Daisy,79674,79679,0,374,2,M_1787,PROPN
1788,booknlp,COREF,42,I,79692,79693,0,374,2,M_1788,Other
1789,booknlp,COREF,42,I,79706,79707,0,374,2,M_1789,Other
1790,exp,exp_name,winterbourne,Winterbourne,79726,79738,8,375,2,M_1790,PROPN
1791,exp,exp_name,mrs. walker,Mrs. Walker,79751,79762,5,375,2,M_1791,PROPN
1792,booknlp,COREF,70,her,79777,79780,5,375,2,M_1792,Other
1793,booknlp,COREF,70,she,79855,79858,5,375,2,M_1793,Other
1794,booknlp,COREF,43,him,79874,79877,8,375,2,M_1794,Other
1795,pdnc,qID,Q386-0,you,79887,79890,0,375,2,M_1795,Other
1796,booknlp,COREF,70,she,79935,79938,5,375,2,M_1796,Other
1797,exp,exp_name,daisy,Daisy,79972,79977,0,376,2,M_1797,PROPN
1798,booknlp,COREF,42,She,79979,79982,0,376,2,M_1798,Other
1799,exp,exp_name,mr. giovanelli,Mr. Giovanelli,79999,80013,2,376,2,M_1799,PROPN
1800,booknlp,COREF,42,she,80020,80023,0,376,2,M_1800,Other
1801,exp,exp_name,winterbourne,Winterbourne,80034,80046,8,376,2,M_1801,PROPN
1802,booknlp,COREF,42,her,80081,80084,0,376,2,M_1802,Other
1803,booknlp,COREF,42,she,80092,80095,0,376,2,M_1803,Other
1804,pdnc,qID,Q388-0,Mr. Winterbourne,80127,80143,8,376,2,M_1804,PROPN
1805,booknlp,COREF,42,she,80152,80155,0,376,2,M_1805,Other
1806,booknlp,COREF,42,her,80193,80196,0,376,2,M_1806,Other
1807,booknlp,COREF,43,him,80219,80222,8,376,2,M_1807,Other
1808,booknlp,COREF,42,my,80257,80259,0,376,2,M_1808,Other
1809,booknlp,COREF,42,I,80272,80273,0,376,2,M_1809,Other
1810,exp,exp_name,winterbourne,Winterbourne,80308,80320,8,377,2,M_1810,PROPN
1811,booknlp,COREF,43,he,80345,80347,8,377,2,M_1811,Other
1812,booknlp,COREF,42,her,80396,80399,0,377,2,M_1812,Other
1813,booknlp,COREF,42,her,80418,80421,0,377,2,M_1813,Other
1814,booknlp,COREF,43,he,80440,80442,8,377,2,M_1814,Other
1815,booknlp,COREF,43,himself,80443,80450,8,377,2,M_1815,Other
1816,booknlp,COREF,42,her,80549,80552,0,377,2,M_1816,Other
1817,exp,exp_name,winterbourne,Winterbourne,80583,80595,8,377,2,M_1817,PROPN
1818,booknlp,COREF,43,him,80655,80658,8,377,2,M_1818,Other
1819,exp,exp_name,daisy miller,Daisy Miller,80689,80701,0,377,2,M_1819,PROPN
1820,exp,exp_name,mrs. walker,Mrs. Walker,80714,80725,5,377,2,M_1820,PROPN
1821,booknlp,COREF,43,He,80736,80738,8,377,2,M_1821,Other
1822,booknlp,COREF,42,her,80749,80752,0,377,2,M_1822,Other
1823,booknlp,COREF,43,he,80784,80786,8,377,2,M_1823,Other
1824,booknlp,COREF,43,I,80807,80808,8,377,2,M_1824,Other
1825,pdnc,qID,Q389-0,you,80815,80818,0,377,2,M_1825,Other
1826,exp,exp_name,daisy,Daisy,80851,80856,0,378,2,M_1826,PROPN
1827,booknlp,COREF,42,I,80880,80881,0,378,2,M_1827,Other
1828,pdnc,qID,Q390-0,Mrs. Walker,80934,80945,5,378,2,M_1828,PROPN
1829,booknlp,COREF,42,she,80948,80951,0,378,2,M_1829,Other
1830,booknlp,COREF,42,I,80967,80968,0,378,2,M_1830,Other
1831,pdnc,qID,Q390-1,you,80990,80993,5,378,2,M_1831,Other
1832,booknlp,COREF,42,me,81004,81006,0,378,2,M_1832,Other
1833,booknlp,COREF,42,I,81020,81021,0,378,2,M_1833,Other
1834,pdnc,qID,Q390-1,you,81027,81030,5,378,2,M_1834,Other
1835,exp,exp_name,mr. giovanelli,Mr. Giovanelli,81065,81079,2,378,2,M_1835,PROPN
1836,booknlp,COREF,42,she,81124,81127,0,378,2,M_1836,Other
1837,exp,exp_name,mrs. walker,Mrs. Walker,81142,81153,5,379,2,M_1837,PROPN
1838,booknlp,COREF,42,her,81172,81175,0,379,2,M_1838,Other
1839,exp,exp_name,mrs. walker,Mrs. Walker,81201,81212,5,379,2,M_1839,PROPN
1840,pdnc,qID,Q391-0,sir,81235,81238,8,379,2,M_1840,PROPN
1841,booknlp,COREF,42,she,81241,81244,0,379,2,M_1841,Other
1842,exp,exp_name,winterbourne,Winterbourne,81253,81265,8,379,2,M_1842,PROPN
1843,booknlp,COREF,42,her,81295,81298,0,379,2,M_1843,Other
1844,exp,exp_name,miss miller,Miss Miller,81355,81366,0,379,2,M_1844,PROPN
1845,exp,exp_name,mrs. walker,Mrs. Walker,81378,81389,5,379,2,M_1845,PROPN
1846,booknlp,COREF,70,her,81418,81421,5,379,2,M_1846,Other
1847,booknlp,COREF,70,she,81433,81436,5,379,2,M_1847,Other
1848,booknlp,COREF,70,She,81469,81472,5,379,2,M_1848,Other
1849,exp,exp_name,winterbourne,Winterbourne,81499,81511,8,379,2,M_1849,PROPN
1850,exp,exp_name,daisy,Daisy,81521,81526,0,379,2,M_1850,PROPN
1851,booknlp,COREF,42,her,81531,81534,0,379,2,M_1851,Other
1852,booknlp,COREF,43,his,81575,81578,8,379,2,M_1852,Other
1853,exp,exp_name,mrs. walker,Mrs. Walker,81599,81610,5,379,2,M_1853,PROPN
1854,booknlp,COREF,43,his,81644,81647,8,379,2,M_1854,Other
1855,booknlp,COREF,43,He,81657,81659,8,379,2,M_1855,Other
1856,booknlp,COREF,70,she,81684,81687,5,379,2,M_1856,Other
1857,booknlp,COREF,70,herself,81741,81748,5,379,2,M_1857,Other
1858,exp,exp_name,mrs. walker,Mrs. Walker,81797,81808,5,379,2,M_1858,PROPN
1859,booknlp,COREF,70,her,81850,81853,5,379,2,M_1859,Other
1860,booknlp,COREF,70,she,81859,81862,5,379,2,M_1860,Other
1861,booknlp,COREF,43,his,81874,81877,8,379,2,M_1861,Other
1862,booknlp,COREF,43,him,81902,81905,8,379,2,M_1862,Other
1863,exp,exp_name,mr. giovanelli,Mr. Giovanelli,81913,81927,2,379,2,M_1863,PROPN
1864,booknlp,COREF,43,him,81933,81936,8,379,2,M_1864,Other
1865,exp,exp_name,winterbourne,Winterbourne,81988,82000,8,380,2,M_1865,PROPN
1866,booknlp,COREF,43,he,82039,82041,8,380,2,M_1866,Other
1867,booknlp,COREF,43,his,82047,82050,8,380,2,M_1867,Other
1868,exp,exp_name,mrs. walker,Mrs. Walker,82059,82070,5,380,2,M_1868,PROPN
1869,pdnc,qID,Q392-0,you,82107,82110,5,380,2,M_1869,Other
1870,booknlp,COREF,43,he,82113,82115,8,380,2,M_1870,Other
1871,booknlp,COREF,43,his,82212,82215,8,381,2,M_1871,Other
1872,pdnc,qID,Q394-0,your,82295,82299,5,382,2,M_1872,Other
1873,pdnc,qID,Q394-0,her,82330,82333,0,382,2,M_1873,Other
1874,pdnc,qID,Q394-0,her,82342,82345,0,382,2,M_1874,Other
1875,exp,exp_name,mrs. walker,Mrs. Walker,82387,82398,5,383,2,M_1875,PROPN
1876,pdnc,qID,Q395-1,she,82404,82407,0,383,2,M_1876,Other
1877,booknlp,COREF,70,herself,82449,82456,5,383,2,M_1877,Other
1878,booknlp,COREF,43,I,82522,82523,8,384,2,M_1878,Other
1879,pdnc,qID,Q396-0,she,82532,82535,0,384,2,M_1879,Other
1880,exp,exp_name,winterbourne,Winterbourne,82552,82564,8,384,2,M_1880,PROPN
1881,booknlp,COREF,43,I,82580,82581,8,385,2,M_1881,Other
1882,pdnc,qID,Q397-0,she,82607,82610,0,385,2,M_1882,Other
1883,pdnc,qID,Q398-0,she,82647,82650,0,386,2,M_1883,Other
1884,pdnc,qID,Q399-0,she,82722,82725,0,387,2,M_1884,Other
1885,pdnc,qID,Q399-0,Her mother,82879,82889,4,387,2,M_1885,Other
1886,pdnc,qID,Q400-0,her brother,82927,82938,6,388,2,M_1886,Other
1887,exp,exp_name,winterbourne,Winterbourne,82946,82958,8,388,2,M_1887,PROPN
1888,pdnc,qID,Q401-0,He,82997,82999,6,389,2,M_1888,Other
1889,pdnc,qID,Q401-0,he,83024,83026,6,389,2,M_1889,Other
1890,booknlp,COREF,43,I,83033,83034,8,389,2,M_1890,Other
1891,pdnc,qID,Q401-0,her,83088,83091,0,389,2,M_1891,Other
1892,pdnc,qID,Q401-0,Miss Miller,83180,83191,0,389,2,M_1892,PROPN
1893,exp,exp_name,winterbourne,Winterbourne,83226,83238,8,390,2,M_1893,PROPN
1894,pdnc,qID,Q403-0,The poor girl,83249,83262,0,390,2,M_1894,Other
1895,booknlp,COREF,43,he,83278,83280,8,390,2,M_1895,Other
1896,pdnc,qID,Q403-1,she,83307,83310,0,390,2,M_1896,Other
1897,pdnc,qID,Q404-0,She,83336,83339,0,391,2,M_1897,Other
1898,exp,exp_name,mrs. walker,Mrs. Walker,83366,83377,5,391,2,M_1898,PROPN
1899,pdnc,qID,Q405-0,you,83435,83438,8,392,2,M_1899,Other
1900,pdnc,qID,Q405-0,her,83445,83448,0,392,2,M_1900,Other
1901,pdnc,qID,Q407-0,her,83496,83499,0,394,2,M_1901,Other
1902,pdnc,qID,Q407-0,you,83533,83536,8,394,2,M_1902,Other
1903,exp,exp_name,winterbourne,Winterbourne,83567,83579,8,395,2,M_1903,PROPN
1904,booknlp,COREF,43,he,83614,83616,8,395,2,M_1904,Other
1905,booknlp,COREF,43,I,83624,83625,8,395,2,M_1905,Other
1906,pdnc,qID,Q408-0,Mrs. Walker,83635,83646,5,395,2,M_1906,PROPN
1907,pdnc,qID,Q408-0,you,83653,83656,5,395,2,M_1907,Other
1908,booknlp,COREF,43,I,83661,83662,8,395,2,M_1908,Other
1909,booknlp,COREF,43,he,83699,83701,8,395,2,M_1909,Other
1910,booknlp,COREF,70,she,83723,83726,5,395,2,M_1910,Other
1911,booknlp,COREF,43,him,83741,83744,8,395,2,M_1911,Other
1912,booknlp,COREF,70,she,83773,83776,5,395,2,M_1912,Other
1913,booknlp,COREF,43,him,83786,83789,8,395,2,M_1913,Other
1914,booknlp,COREF,70,her,83796,83799,5,395,2,M_1914,Other
1915,booknlp,COREF,43,I,83812,83813,8,396,2,M_1915,Other
1916,pdnc,qID,Q409-0,you,83828,83831,8,396,2,M_1916,Other
1917,pdnc,qID,Q409-0,your,83841,83845,8,396,2,M_1917,Other
1918,pdnc,qID,Q409-0,Miss Miller,83861,83872,0,396,2,M_1918,PROPN
1919,pdnc,qID,Q409-0,her,83892,83895,0,396,2,M_1919,Other
1920,pdnc,qID,Q409-0,her,83905,83908,0,396,2,M_1920,Other
1921,booknlp,COREF,42,herself,83942,83949,0,396,2,M_1921,Other
1922,pdnc,qID,Q409-0,her,83958,83961,0,396,2,M_1922,Other
1923,booknlp,COREF,43,I,83982,83983,8,397,2,M_1923,Other
1924,booknlp,COREF,43,I,83993,83994,8,397,2,M_1924,Other
1925,exp,exp_name,winterbourne,Winterbourne,84016,84028,8,397,2,M_1925,PROPN
1926,booknlp,COREF,43,I,84031,84032,8,397,2,M_1926,Other
1927,pdnc,qID,Q410-1,her,84038,84041,0,397,2,M_1927,Other
1928,pdnc,qID,Q411-0,you,84081,84084,8,398,2,M_1928,Other
1929,pdnc,qID,Q411-0,her,84100,84103,0,398,2,M_1929,Other
1930,booknlp,COREF,43,my,84163,84165,8,399,2,M_1930,Other
1931,pdnc,qID,Q412-0,her,84180,84183,0,399,2,M_1931,Other
1932,pdnc,qID,Q413-0,she,84223,84226,0,400,2,M_1932,Other
1933,booknlp,COREF,70,I,84243,84244,5,400,2,M_1933,Other
1934,booknlp,COREF,70,I,84260,84261,5,400,2,M_1934,Other
1935,booknlp,COREF,70,my,84269,84271,5,400,2,M_1935,Other
1936,exp,exp_name,mrs. walker,Mrs. Walker,84285,84296,5,400,2,M_1936,PROPN
1937,pdnc,qID,Q413-1,you,84310,84313,8,400,2,M_1937,Other
1938,pdnc,qID,Q413-1,the young lady,84329,84343,0,400,2,M_1938,Other
1939,booknlp,COREF,70,I,84344,84345,5,400,2,M_1939,Other
1940,pdnc,qID,Q413-1,you,84355,84358,8,400,2,M_1940,Other
1941,pdnc,qID,Q413-1,you,84383,84386,8,400,2,M_1941,Other
1942,exp,exp_name,mrs. walker,Mrs. Walker,84694,84705,5,401,2,M_1942,PROPN
1943,booknlp,COREF,70,her,84721,84724,5,401,2,M_1943,Other
1944,exp,exp_name,winterbourne,Winterbourne,84800,84812,8,401,2,M_1944,PROPN
1945,booknlp,COREF,43,he,84845,84847,8,401,2,M_1945,Other
1946,booknlp,COREF,43,His,84881,84884,8,401,2,M_1946,Other
1947,booknlp,COREF,43,him,84905,84908,8,401,2,M_1947,Other
1948,booknlp,COREF,43,he,84942,84944,8,401,2,M_1948,Other
1949,booknlp,COREF,43,his,84952,84955,8,401,2,M_1949,Other
1950,exp,exp_name,winterbourne,Winterbourne,84990,85002,8,401,2,M_1950,PROPN
1951,booknlp,COREF,43,he,85016,85018,8,401,2,M_1951,Other
1952,booknlp,COREF,43,his,85030,85033,8,401,2,M_1952,Other
1953,exp,exp_name,daisy,Daisy,85046,85051,0,401,2,M_1953,PROPN
1954,booknlp,COREF,42,her,85056,85059,0,401,2,M_1954,Other
1955,exp,exp_name,giovanelli,Giovanelli,85282,85292,2,401,2,M_1955,PROPN
1956,booknlp,COREF,71,himself,85300,85307,2,401,2,M_1956,Other
1957,exp,exp_name,daisy,Daisy,85460,85465,0,401,2,M_1957,PROPN
1958,booknlp,COREF,42,her,85483,85486,0,401,2,M_1958,Other
1959,booknlp,COREF,42,her,85502,85505,0,401,2,M_1959,Other
1960,booknlp,COREF,42,She,85527,85530,0,401,2,M_1960,Other
1961,booknlp,COREF,43,he,85557,85559,8,401,2,M_1961,Other
1962,booknlp,COREF,42,her,85582,85585,0,401,2,M_1962,Other
1963,booknlp,COREF,43,he,85611,85613,8,401,2,M_1963,Other
1964,booknlp,COREF,42,her,85631,85634,0,401,2,M_1964,Other
1965,exp,exp_name,winterbourne,Winterbourne,85690,85702,8,401,2,M_1965,PROPN
1966,exp,exp_name,mrs. costello,Mrs. Costello,85850,85863,3,401,2,M_1966,PROPN
1967,exp,exp_name,mrs. miller,Mrs. Miller,85982,85993,4,402,2,M_1967,PROPN
1968,booknlp,COREF,60,her,85997,86000,4,402,2,M_1968,Other
1969,booknlp,COREF,60,her,86022,86025,4,402,2,M_1969,Other
1970,exp,exp_name,winterbourne,Winterbourne,86111,86123,8,402,2,M_1970,PROPN
1971,exp,exp_name,mrs. walker,Mrs. Walker,86167,86178,5,402,2,M_1971,PROPN
1972,exp,exp_name,winterbourne,Winterbourne,86302,86314,8,402,2,M_1972,PROPN
1973,exp,exp_name,mrs. walker,Mrs. Walker,86337,86348,5,402,2,M_1973,PROPN
1974,booknlp,COREF,70,she,86479,86482,5,402,2,M_1974,Other
1975,booknlp,COREF,70,her,86535,86538,5,402,2,M_1975,Other
1976,exp,exp_name,winterbourne,Winterbourne,86610,86622,8,402,2,M_1976,PROPN
1977,exp,exp_name,daisy miller,Daisy Miller,86632,86644,0,402,2,M_1977,PROPN
1978,booknlp,COREF,42,her,86688,86691,0,402,2,M_1978,Other
1979,exp,exp_name,mrs. miller,Mrs. Miller,86739,86750,4,402,2,M_1979,PROPN
1980,booknlp,COREF,60,her,86764,86767,4,402,2,M_1980,Other
1981,booknlp,COREF,60,she,86824,86827,4,402,2,M_1981,Other
1982,exp,exp_name,mrs. walker,Mrs. Walker,86839,86850,5,402,2,M_1982,PROPN
1983,exp,exp_name,winterbourne,Winterbourne,86852,86864,8,402,2,M_1983,PROPN
1984,pdnc,qID,Q414-0,You,86883,86886,5,403,2,M_1984,Other
1985,booknlp,COREF,60,I,86892,86893,4,403,2,M_1985,Other
1986,exp,exp_name,mrs. miller,Mrs. Miller,86924,86935,4,403,2,M_1986,PROPN
1987,booknlp,COREF,60,I,86938,86939,4,403,2,M_1987,Other
1988,booknlp,COREF,60,I,86957,86958,4,403,2,M_1988,Other
1989,booknlp,COREF,60,I,87002,87003,4,403,2,M_1989,Other
1990,booknlp,COREF,60,I,87063,87064,4,403,2,M_1990,Other
1991,pdnc,qID,Q414-1,Randolph,87081,87089,6,403,2,M_1991,PROPN
1992,pdnc,qID,Q414-1,Eugenio,87093,87100,1,403,2,M_1992,PROPN
1993,pdnc,qID,Q414-1,Daisy,87118,87123,0,403,2,M_1993,PROPN
1994,booknlp,COREF,60,me,87136,87138,4,403,2,M_1994,Other
1995,booknlp,COREF,60,myself,87146,87152,4,403,2,M_1995,Other
1996,booknlp,COREF,60,I,87154,87155,4,403,2,M_1996,Other
1997,pdnc,qID,Q415-0,your daughter,87205,87218,0,404,2,M_1997,Other
1998,pdnc,qID,Q415-0,her,87243,87246,0,404,2,M_1998,Other
1999,exp,exp_name,mrs. walker,Mrs. Walker,87267,87278,5,404,2,M_1999,PROPN
2000,pdnc,qID,Q416-0,Daisy,87301,87306,0,405,2,M_2000,PROPN
2001,exp,exp_name,mrs. miller,Mrs. Miller,87328,87339,4,405,2,M_2001,PROPN
2002,booknlp,COREF,60,she,87427,87430,4,405,2,M_2002,Other
2003,booknlp,COREF,60,her,87472,87475,4,405,2,M_2003,Other
2004,pdnc,qID,Q417-0,She,87496,87499,0,405,2,M_2004,Other
2005,pdnc,qID,Q417-0,she,87542,87545,0,405,2,M_2005,Other
2006,exp,exp_name,a friend,a friend,87552,87560,9,405,2,M_2006,PROPN
2007,pdnc,qID,Q417-0,hers,87564,87568,0,405,2,M_2007,Other
2008,pdnc,qID,Q417-0,that gentleman,87576,87590,2,405,2,M_2008,Other
2009,pdnc,qID,Q417-0,the Italian,87592,87603,2,405,2,M_2009,Other
2010,pdnc,qID,Q417-0,she,87610,87613,0,405,2,M_2010,Other
2011,pdnc,qID,Q417-0,Mr. Giovanelli,87703,87717,2,405,2,M_2011,PROPN
2012,booknlp,COREF,60,I,87740,87741,4,405,2,M_2012,Other
2013,exp,exp_name,mrs. miller,Mrs. Miller,87790,87801,4,405,2,M_2013,PROPN
2014,booknlp,COREF,70,I,87815,87816,5,406,2,M_2014,Other
2015,pdnc,qID,Q418-0,she,87825,87828,0,406,2,M_2015,Other
2016,exp,exp_name,mrs. walker,Mrs. Walker,87860,87871,5,406,2,M_2016,PROPN
2017,booknlp,COREF,42,I,87881,87882,0,407,2,M_2017,Other
2018,pdnc,qID,Q419-0,her,87888,87891,0,407,2,M_2018,Other
2019,pdnc,qID,Q419-0,her,87917,87920,0,407,2,M_2019,Other
2020,pdnc,qID,Q419-0,she,87954,87957,0,407,2,M_2020,Other
2021,exp,exp_name,daisy,Daisy,88000,88005,0,407,2,M_2021,PROPN
2022,booknlp,COREF,42,I,88016,88017,0,407,2,M_2022,Other
2023,pdnc,qID,Q419-1,her,88040,88043,0,407,2,M_2023,Other
2024,pdnc,qID,Q419-1,Mr. Giovanelli,88094,88108,2,407,2,M_2024,PROPN
2025,exp,exp_name,mrs. walker,Mrs. Walker,88142,88153,5,408,2,M_2025,PROPN
2026,booknlp,COREF,70,herself,88183,88190,5,408,2,M_2026,Other
2027,exp,exp_name,winterbourne,Winterbourne,88194,88206,8,408,2,M_2027,PROPN
2028,pdnc,qID,Q421-0,Elle,88209,88213,0,408,2,M_2028,Other
2029,pdnc,qID,Q421-0,her,88230,88233,0,408,2,M_2029,Other
2030,booknlp,COREF,70,my,88246,88248,5,408,2,M_2030,Other
2031,pdnc,qID,Q421-0,her,88285,88288,0,408,2,M_2031,Other
2032,pdnc,qID,Q421-0,she,88295,88298,0,408,2,M_2032,Other
2033,booknlp,COREF,70,I,88306,88307,5,408,2,M_2033,Other
2034,pdnc,qID,Q421-0,her,88327,88330,0,408,2,M_2034,Other
2035,exp,exp_name,daisy,Daisy,88334,88339,0,409,2,M_2035,PROPN
2036,booknlp,COREF,42,she,88371,88374,0,409,2,M_2036,Other
2037,booknlp,COREF,42,She,88443,88446,0,409,2,M_2037,Other
2038,exp,exp_name,mr. giovanelli,Mr. Giovanelli,88552,88566,2,409,2,M_2038,PROPN
2039,booknlp,COREF,42,her,88618,88621,0,409,2,M_2039,Other
2040,booknlp,COREF,42,She,88623,88626,0,409,2,M_2040,Other
2041,exp,exp_name,mrs. walker,Mrs. Walker,88644,88655,5,409,2,M_2041,PROPN
2042,booknlp,COREF,42,I,88658,88659,0,409,2,M_2042,Other
2043,pdnc,qID,Q422-0,you,88669,88672,5,409,2,M_2043,Other
2044,booknlp,COREF,42,I,88681,88682,0,409,2,M_2044,Other
2045,booknlp,COREF,42,I,88704,88705,0,409,2,M_2045,Other
2046,pdnc,qID,Q422-0,mother,88711,88717,4,409,2,M_2046,Other
2047,pdnc,qID,Q422-0,you,88730,88733,5,409,2,M_2047,Other
2048,booknlp,COREF,42,I,88735,88736,0,409,2,M_2048,Other
2049,pdnc,qID,Q422-0,Mr. Giovanelli,88752,88766,2,409,2,M_2049,PROPN
2050,pdnc,qID,Q422-0,he,88795,88797,2,409,2,M_2050,Other
2051,pdnc,qID,Q422-0,you,88804,88807,5,409,2,M_2051,Other
2052,pdnc,qID,Q422-0,he,88813,88815,2,409,2,M_2052,Other
2053,booknlp,COREF,42,I,88839,88840,0,409,2,M_2053,Other
2054,pdnc,qID,Q422-0,you,88846,88849,5,409,2,M_2054,Other
2055,pdnc,qID,Q422-0,him,88857,88860,2,409,2,M_2055,Other
2056,pdnc,qID,Q422-0,Mr. Giovanelli,88878,88892,2,409,2,M_2056,PROPN
2057,pdnc,qID,Q422-0,you,88894,88897,5,409,2,M_2057,Other
2058,booknlp,COREF,42,I,88903,88904,0,409,2,M_2058,Other
2059,pdnc,qID,Q422-0,him,88916,88919,2,409,2,M_2059,Other
2060,pdnc,qID,Q422-0,you,88923,88926,5,409,2,M_2060,Other
2061,pdnc,qID,Q422-0,he,88928,88930,2,409,2,M_2061,Other
2062,pdnc,qID,Q422-0,he,88964,88966,2,409,2,M_2062,Other
2063,booknlp,COREF,42,I,89005,89006,0,409,2,M_2063,Other
2064,pdnc,qID,Q422-0,him,89012,89015,2,409,2,M_2064,Other
2065,exp,exp_name,daisy,Daisy,89106,89111,0,409,2,M_2065,PROPN
2066,booknlp,COREF,42,herself,89122,89129,0,409,2,M_2066,Other
2067,booknlp,COREF,42,her,89187,89190,0,409,2,M_2067,Other
2068,booknlp,COREF,42,she,89229,89232,0,409,2,M_2068,Other
2069,booknlp,COREF,42,her,89269,89272,0,409,2,M_2069,Other
2070,booknlp,COREF,42,her,89300,89303,0,409,2,M_2070,Other
2071,booknlp,COREF,42,I,89328,89329,0,409,2,M_2071,Other
2072,booknlp,COREF,42,she,89337,89340,0,409,2,M_2072,Other
2073,booknlp,COREF,70,I,89350,89351,5,410,2,M_2073,Other
2074,pdnc,qID,Q424-0,you,89374,89377,0,410,2,M_2074,Other
2075,exp,exp_name,mrs. walker,Mrs. Walker,89385,89396,5,410,2,M_2075,PROPN
2076,booknlp,COREF,70,she,89413,89416,5,410,2,M_2076,Other
2077,exp,exp_name,mr. giovanelli,Mr. Giovanelli,89449,89463,2,410,2,M_2077,PROPN
2078,exp,exp_name,mrs. walker,Mrs. Walker,89727,89738,5,410,2,M_2078,PROPN
2079,booknlp,COREF,70,she,89763,89766,5,410,2,M_2079,Other
2080,exp,exp_name,daisy,Daisy,89838,89843,0,410,2,M_2080,PROPN
2081,exp,exp_name,daisy,Daisy,89874,89879,0,410,2,M_2081,PROPN
2082,booknlp,COREF,42,she,89925,89928,0,410,2,M_2082,Other
2083,booknlp,COREF,42,she,90103,90106,0,411,2,M_2083,Other
2084,exp,exp_name,winterbourne,Winterbourne,90115,90127,8,411,2,M_2084,PROPN
2085,booknlp,COREF,42,she,90135,90138,0,411,2,M_2085,Other
2086,booknlp,COREF,43,him,90148,90151,8,411,2,M_2086,Other
2087,booknlp,COREF,43,I,90175,90176,8,412,2,M_2087,Other
2088,exp,exp_name,winterbourne,Winterbourne,90207,90219,8,412,2,M_2088,PROPN
2089,booknlp,COREF,43,I,90231,90232,8,412,2,M_2089,Other
2090,pdnc,qID,Q427-0,you,90259,90262,8,413,2,M_2090,Other
2091,pdnc,qID,Q427-0,you,90276,90279,8,413,2,M_2091,Other
2092,exp,exp_name,miss daisy,Miss Daisy,90300,90310,0,413,2,M_2092,PROPN
2093,booknlp,COREF,42,I,90313,90314,0,413,2,M_2093,Other
2094,pdnc,qID,Q427-1,you,90320,90323,8,413,2,M_2094,Other
2095,pdnc,qID,Q427-1,your,90332,90336,8,413,2,M_2095,Other
2096,pdnc,qID,Q427-1,Mrs. Walker,90348,90359,5,413,2,M_2096,PROPN
2097,booknlp,COREF,43,I,90368,90369,8,414,2,M_2097,Other
2098,booknlp,COREF,43,I,90387,90388,8,414,2,M_2098,Other
2099,pdnc,qID,Q428-0,you,90412,90415,0,414,2,M_2099,Other
2100,exp,exp_name,daisy,Daisy,90463,90468,0,415,2,M_2100,PROPN
2101,pdnc,qID,Q429-1,you,90479,90482,8,415,2,M_2101,Other
2102,pdnc,qID,Q429-1,Mrs. Walker,90513,90524,5,415,2,M_2102,PROPN
2103,booknlp,COREF,42,me,90535,90537,0,415,2,M_2103,Other
2104,pdnc,qID,Q429-1,her,90550,90553,5,415,2,M_2104,Other
2105,pdnc,qID,Q429-1,poor Mr. Giovanelli,90572,90591,2,415,2,M_2105,Other
2106,pdnc,qID,Q429-1,he,90696,90698,2,415,2,M_2106,Other
2107,pdnc,qID,Q430-0,He,90749,90751,2,416,2,M_2107,Other
2108,exp,exp_name,winterbourne,Winterbourne,90798,90810,8,416,2,M_2108,PROPN
2109,pdnc,qID,Q430-1,he,90813,90815,2,416,2,M_2109,Other
2110,pdnc,qID,Q430-1,him,90905,90908,2,416,2,M_2110,Other
2111,exp,exp_name,daisy,Daisy,90939,90944,0,417,2,M_2111,PROPN
2112,booknlp,COREF,42,her,90950,90953,0,417,2,M_2112,Other
2113,pdnc,qID,Q431-1,he,90988,90990,2,417,2,M_2113,Other
2114,booknlp,COREF,42,I,91064,91065,0,417,2,M_2114,Other
2115,booknlp,COREF,42,I,91198,91199,0,417,2,M_2115,Other
2116,booknlp,COREF,42,I,91211,91212,0,417,2,M_2116,Other
2117,booknlp,COREF,42,I,91227,91228,0,417,2,M_2117,Other
2118,booknlp,COREF,42,my,91243,91245,0,417,2,M_2118,Other
2119,booknlp,COREF,43,I,91266,91267,8,418,2,M_2119,Other
2120,pdnc,qID,Q432-0,your,91278,91282,0,418,2,M_2120,Other
2121,exp,exp_name,winterbourne,Winterbourne,91318,91330,8,418,2,M_2121,PROPN
2122,booknlp,COREF,42,she,91363,91366,0,419,2,M_2122,Other
2123,booknlp,COREF,43,him,91381,91384,8,419,2,M_2123,Other
2124,booknlp,COREF,42,her,91385,91388,0,419,2,M_2124,Other
2125,booknlp,COREF,42,I,91418,91419,0,419,2,M_2125,Other
2126,pdnc,qID,Q433-1,you,91454,91457,8,419,2,M_2126,Other
2127,booknlp,COREF,42,I,91501,91502,0,419,2,M_2127,Other
2128,pdnc,qID,Q433-1,you,91511,91514,8,419,2,M_2128,Other
2129,booknlp,COREF,42,me,91525,91527,0,419,2,M_2129,Other
2130,booknlp,COREF,42,I,91537,91538,0,419,2,M_2130,Other
2131,pdnc,qID,Q434-0,You,91562,91565,0,420,2,M_2131,Other
2132,booknlp,COREF,43,I,91591,91592,8,420,2,M_2132,Other
2133,pdnc,qID,Q434-0,you,91598,91601,0,420,2,M_2133,Other
2134,booknlp,COREF,43,me,91619,91621,8,420,2,M_2134,Other
2135,booknlp,COREF,43,me,91627,91629,8,420,2,M_2135,Other
2136,exp,exp_name,winterbourne,Winterbourne,91642,91654,8,420,2,M_2136,PROPN
2137,pdnc,qID,Q435-0,you,91668,91671,8,421,2,M_2137,Other
2138,pdnc,qID,Q435-0,you,91679,91682,8,421,2,M_2138,Other
2139,pdnc,qID,Q435-0,you,91694,91697,8,421,2,M_2139,Other
2140,booknlp,COREF,42,I,91715,91716,0,421,2,M_2140,Other
2141,booknlp,COREF,42,I,91751,91752,0,421,2,M_2141,Other
2142,pdnc,qID,Q435-0,you,91788,91791,8,421,2,M_2142,Other
2143,pdnc,qID,Q435-0,you,91793,91796,8,421,2,M_2143,Other
2144,pdnc,qID,Q436-0,You,91815,91818,0,422,2,M_2144,Other
2145,exp,exp_name,winterbourne,Winterbourne,91845,91857,8,422,2,M_2145,PROPN
2146,exp,exp_name,daisy,Daisy,91860,91865,0,423,2,M_2146,PROPN
2147,booknlp,COREF,42,I,91894,91895,0,423,2,M_2147,Other
2148,pdnc,qID,Q437-0,you,91932,91935,8,423,2,M_2148,Other
2149,booknlp,COREF,42,I,91943,91944,0,423,2,M_2149,Other
2150,booknlp,COREF,42,I,91989,91990,0,424,2,M_2150,Other
2151,booknlp,COREF,42,I,92000,92001,0,424,2,M_2151,Other
2152,pdnc,qID,Q438-0,you,92030,92033,0,424,2,M_2152,Other
2153,booknlp,COREF,42,me,92051,92053,0,424,2,M_2153,Other
2154,pdnc,qID,Q438-0,your friend,92089,92100,2,424,2,M_2154,Other
2155,booknlp,COREF,42,I,92165,92166,0,425,2,M_2155,Other
2156,exp,exp_name,daisy,Daisy,92216,92221,0,425,2,M_2156,PROPN
2157,booknlp,COREF,42,me,92270,92272,0,427,2,M_2157,Other
2158,exp,exp_name,daisy,Daisy,92342,92347,0,427,2,M_2158,PROPN
2159,exp,exp_name,winterbourne,Winterbourne,92372,92384,8,428,2,M_2159,PROPN
2160,pdnc,qID,Q442-1,you,92392,92395,0,428,2,M_2160,Other
2161,pdnc,qID,Q442-1,you,92414,92417,0,428,2,M_2161,Other
2162,pdnc,qID,Q442-1,you,92523,92526,0,428,2,M_2162,Other
2163,booknlp,COREF,43,yourself,92532,92540,8,428,2,M_2163,Other
2164,pdnc,qID,Q442-1,Mr. Giovanelli,92556,92570,2,428,2,M_2164,PROPN
2165,pdnc,qID,Q442-1,your mother,92584,92595,4,428,2,M_2165,Other
2166,pdnc,qID,Q443-0,poor Mother,92611,92622,4,429,2,M_2166,Other
2167,exp,exp_name,daisy,Daisy,92636,92641,0,429,2,M_2167,PROPN
2168,pdnc,qID,Q444-0,you,92652,92655,0,430,2,M_2168,Other
2169,pdnc,qID,Q444-0,Mr. Giovanelli,92673,92687,2,430,2,M_2169,PROPN
2170,pdnc,qID,Q444-0,he,92696,92698,2,430,2,M_2170,Other
2171,pdnc,qID,Q445-0,He,92724,92726,2,431,2,M_2171,Other
2172,exp,exp_name,daisy,Daisy,92763,92768,0,431,2,M_2172,PROPN
2173,pdnc,qID,Q445-1,you,92792,92795,8,431,2,M_2173,Other
2174,exp,exp_name,winterbourne,Winterbourne,92932,92944,8,432,2,M_2174,PROPN
2175,booknlp,COREF,43,you,92950,92953,8,432,2,M_2175,Other
2176,booknlp,COREF,42,She,93007,93010,0,433,2,M_2176,Other
2177,booknlp,COREF,43,him,93023,93026,8,433,2,M_2177,Other
2178,booknlp,COREF,43,he,93068,93070,8,433,2,M_2178,Other
2179,booknlp,COREF,42,her,93102,93105,0,433,2,M_2179,Other
2180,booknlp,COREF,42,she,93131,93134,0,433,2,M_2180,Other
2181,booknlp,COREF,43,him,93185,93188,8,433,2,M_2181,Other
2182,exp,exp_name,mr. giovanelli,Mr. Giovanelli,93280,93294,2,433,2,M_2182,PROPN
2183,booknlp,COREF,42,she,93307,93310,0,433,2,M_2183,Other
2184,booknlp,COREF,42,her,93324,93327,0,433,2,M_2184,Other
2185,booknlp,COREF,42,me,93403,93405,0,433,2,M_2185,Other
2186,exp,exp_name,winterbourne,Winterbourne,93409,93421,8,434,2,M_2186,PROPN
2187,booknlp,COREF,43,he,93438,93440,8,434,2,M_2187,Other
2188,exp,exp_name,mr. giovanelli,Mr. Giovanelli,93457,93471,2,434,2,M_2188,PROPN
2189,booknlp,COREF,71,He,93494,93496,2,434,2,M_2189,Other
2190,exp,exp_name,daisy,Daisy,93529,93534,0,434,2,M_2190,PROPN
2191,pdnc,qID,Q448-0,you,93543,93546,0,434,2,M_2191,Other
2192,booknlp,COREF,71,he,93592,93594,2,434,2,M_2192,Other
2193,booknlp,COREF,42,her,93617,93620,0,434,2,M_2193,Other
2194,booknlp,COREF,71,his,93626,93629,2,434,2,M_2194,Other
2195,exp,exp_name,daisy,Daisy,93649,93654,0,435,2,M_2195,PROPN
2196,exp,exp_name,winterbourne,Winterbourne,93665,93677,8,435,2,M_2196,PROPN
2197,booknlp,COREF,43,He,93705,93707,8,435,2,M_2197,Other
2198,booknlp,COREF,42,she,93822,93825,0,435,2,M_2198,Other
2199,pdnc,qID,Q449-0,Mr. Winterbourne,93936,93952,8,435,2,M_2199,PROPN
2200,booknlp,COREF,42,me,93962,93964,0,435,2,M_2200,Other
2201,booknlp,COREF,42,she,93975,93978,0,435,2,M_2201,Other
2202,booknlp,COREF,42,her,93989,93992,0,435,2,M_2202,Other
2203,booknlp,COREF,43,I,94021,94022,8,436,2,M_2203,Other
2204,pdnc,qID,Q450-0,you,94036,94039,0,436,2,M_2204,Other
2205,exp,exp_name,winterbourne,Winterbourne,94049,94061,8,436,2,M_2205,PROPN
2206,booknlp,COREF,42,I,94074,94075,0,437,2,M_2206,Other
2207,exp,exp_name,daisy,Daisy,94100,94105,0,437,2,M_2207,PROPN
2208,booknlp,COREF,42,she,94111,94114,0,437,2,M_2208,Other
2209,exp,exp_name,giovanelli,Giovanelli,94143,94153,2,437,2,M_2209,PROPN
2210,booknlp,COREF,42,She,94155,94158,0,437,2,M_2210,Other
2211,booknlp,COREF,71,him,94168,94171,2,437,2,M_2211,Other
2212,exp,exp_name,daisy,Daisy,94363,94368,0,437,2,M_2212,PROPN
2213,exp,exp_name,mrs. walker,Mrs. Walker,94391,94402,5,437,2,M_2213,PROPN
2214,exp,exp_name,miss miller,Miss Miller,94558,94569,0,437,2,M_2214,PROPN
2215,booknlp,COREF,42,her,94579,94582,0,437,2,M_2215,Other
2216,exp,exp_name,winterbourne,Winterbourne,94620,94632,8,437,2,M_2216,PROPN
2217,booknlp,COREF,43,he,94661,94663,8,437,2,M_2217,Other
2218,exp,exp_name,daisy,Daisy,94676,94681,0,437,2,M_2218,PROPN
2219,booknlp,COREF,42,her,94713,94716,0,437,2,M_2219,Other
2220,exp,exp_name,mrs. miller,Mrs. Miller,94729,94740,4,437,2,M_2220,PROPN
2221,booknlp,COREF,60,She,94808,94811,4,437,2,M_2221,Other
2222,booknlp,COREF,60,her,94887,94890,4,437,2,M_2222,Other
2223,pdnc,qID,Q452-0,Mrs. Walker,94937,94948,5,437,2,M_2223,PROPN
2224,booknlp,COREF,60,she,94951,94954,4,437,2,M_2224,Other
2225,pdnc,qID,Q452-1,You,94993,94996,5,437,2,M_2225,Other
2226,booknlp,COREF,60,I,95005,95006,4,437,2,M_2226,Other
2227,pdnc,qID,Q452-1,Daisy,95011,95016,0,437,2,M_2227,PROPN
2228,booknlp,COREF,60,me,95041,95043,4,437,2,M_2228,Other
2229,booknlp,COREF,60,I,95045,95046,4,437,2,M_2229,Other
2230,pdnc,qID,Q452-1,her,95058,95061,0,437,2,M_2230,Other
2231,booknlp,COREF,60,me,95081,95083,4,437,2,M_2231,Other
2232,exp,exp_name,daisy,Daisy,95086,95091,0,437,2,M_2232,PROPN
2233,exp,exp_name,winterbourne,Winterbourne,95166,95178,8,437,2,M_2233,PROPN
2234,booknlp,COREF,60,she,95211,95214,4,437,2,M_2234,Other
2235,booknlp,COREF,43,He,95270,95272,8,437,2,M_2235,Other
2236,booknlp,COREF,43,his,95276,95279,8,437,2,M_2236,Other
2237,booknlp,COREF,43,he,95330,95332,8,438,2,M_2237,Other
2238,exp,exp_name,mrs. walker,Mrs. Walker,95341,95352,5,438,2,M_2238,PROPN
2239,pdnc,qID,Q454-0,She,95356,95359,0,439,2,M_2239,Other
2240,booknlp,COREF,43,his,95405,95408,8,439,2,M_2240,Other
2241,exp,exp_name,winterbourne,Winterbourne,95425,95437,8,440,2,M_2241,PROPN
2242,booknlp,COREF,60,her,95454,95457,4,440,2,M_2242,Other
2243,exp,exp_name,mrs. walker,Mrs. Walker,95461,95472,5,440,2,M_2243,PROPN
2244,booknlp,COREF,43,he,95489,95491,8,440,2,M_2244,Other
2245,exp,exp_name,mrs. miller,Mrs. Miller,95521,95532,4,440,2,M_2245,PROPN
2246,booknlp,COREF,43,he,95583,95585,8,440,2,M_2246,Other
2247,exp,exp_name,giovanelli,Giovanelli,95610,95620,2,440,2,M_2247,PROPN
2248,exp,exp_name,daisy,Daisy,95708,95713,0,440,2,M_2248,PROPN
2249,exp,exp_name,mrs. miller,Mrs. Miller,95721,95732,4,440,2,M_2249,PROPN
2250,exp,exp_name,winterbourne,Winterbourne,95828,95840,8,440,2,M_2250,PROPN
2251,exp,exp_name,daisy,Daisy,95877,95882,0,440,2,M_2251,PROPN
2252,booknlp,COREF,43,his,95938,95941,8,440,2,M_2252,Other
2253,booknlp,COREF,43,he,95960,95962,8,440,2,M_2253,Other
2254,booknlp,COREF,42,she,95997,96000,0,440,2,M_2254,Other
2255,booknlp,COREF,43,him,96027,96030,8,440,2,M_2255,Other
2256,booknlp,COREF,42,her,96050,96053,0,440,2,M_2256,Other
2257,booknlp,COREF,42,She,96093,96096,0,440,2,M_2257,Other
2258,booknlp,COREF,42,her,96122,96125,0,440,2,M_2258,Other
2259,exp,exp_name,giovanelli,Giovanelli,96143,96153,2,440,2,M_2259,PROPN
2260,booknlp,COREF,42,she,96173,96176,0,440,2,M_2260,Other
2261,booknlp,COREF,42,her,96266,96269,0,440,2,M_2261,Other
2262,exp,exp_name,winterbourne,Winterbourne,96332,96344,8,440,2,M_2262,PROPN
2263,booknlp,COREF,43,himself,96357,96364,8,440,2,M_2263,Other
2264,booknlp,COREF,42,she,96373,96376,0,440,2,M_2264,Other
2265,exp,exp_name,giovanelli,Giovanelli,96405,96415,2,440,2,M_2265,PROPN
2266,booknlp,COREF,42,she,96443,96446,0,440,2,M_2266,Other
2267,booknlp,COREF,43,he,96526,96528,8,440,2,M_2267,Other
2268,booknlp,COREF,42,her,96535,96538,0,440,2,M_2268,Other
2269,booknlp,COREF,42,her,96552,96555,0,440,2,M_2269,Other
2270,booknlp,COREF,42,her,96590,96593,0,440,2,M_2270,Other
2271,booknlp,COREF,43,He,96631,96633,8,440,2,M_2271,Other
2272,booknlp,COREF,42,she,96666,96669,0,440,2,M_2272,Other
2273,booknlp,COREF,43,him,96680,96683,8,440,2,M_2273,Other
2274,booknlp,COREF,43,him,96862,96865,8,440,2,M_2274,Other
2275,exp,exp_name,winterbourne,Winterbourne,96891,96903,8,440,2,M_2275,PROPN
2276,booknlp,COREF,43,he,96963,96965,8,440,2,M_2276,Other
2277,booknlp,COREF,43,he,97019,97021,8,440,2,M_2277,Other
2278,booknlp,COREF,43,he,97048,97050,8,440,2,M_2278,Other
2279,exp,exp_name,daisy miller,Daisy Miller,97077,97089,0,440,2,M_2279,PROPN
2280,exp,exp_name,daisy,Daisy,97161,97166,0,440,2,M_2280,PROPN
2281,booknlp,COREF,43,his,97183,97186,8,440,2,M_2281,Other
2282,booknlp,COREF,43,his,97212,97215,8,440,2,M_2282,Other
2283,booknlp,COREF,42,she,97235,97238,0,440,2,M_2283,Other
2284,booknlp,COREF,42,she,97283,97286,0,441,2,M_2284,Other
2285,exp,exp_name,giovanelli,Giovanelli,97325,97335,2,441,2,M_2285,PROPN
2286,booknlp,COREF,42,She,97337,97340,0,441,2,M_2286,Other
2287,booknlp,COREF,71,him,97351,97354,2,441,2,M_2287,Other
2288,booknlp,COREF,71,he,97364,97366,2,441,2,M_2288,Other
2289,booknlp,COREF,42,she,97374,97377,0,441,2,M_2289,Other
2290,booknlp,COREF,71,him,97402,97405,2,441,2,M_2290,Other
2291,booknlp,COREF,42,she,97433,97436,0,441,2,M_2291,Other
2292,booknlp,COREF,71,him,97475,97478,2,441,2,M_2292,Other
2293,booknlp,COREF,42,She,97480,97483,0,441,2,M_2293,Other
2294,exp,exp_name,winterbourne,Winterbourne,97527,97539,8,441,2,M_2294,PROPN
2295,booknlp,COREF,42,her,97571,97574,0,441,2,M_2295,Other
2296,exp,exp_name,mrs. walker,Mrs. Walker,97578,97589,5,441,2,M_2296,PROPN
2297,booknlp,COREF,43,his,97660,97663,8,441,2,M_2297,Other
2298,exp,exp_name,winterbourne,Winterbourne,97670,97682,8,441,2,M_2298,PROPN
2299,exp,exp_name,daisy,Daisy,97693,97698,0,441,2,M_2299,PROPN
2300,exp,exp_name,giovanelli,Giovanelli,97763,97773,2,441,2,M_2300,PROPN
2301,booknlp,COREF,43,he,97785,97787,8,441,2,M_2301,Other
2302,exp,exp_name,mrs. costello,Mrs. Costello,97835,97848,3,441,2,M_2302,PROPN
2303,pdnc,qID,Q455-0,you,97945,97948,8,442,2,M_2303,Other
2304,pdnc,qID,Q457-0,You,98045,98048,8,444,2,M_2304,Other
2305,pdnc,qID,Q457-0,you,98076,98079,8,444,2,M_2305,Other
2306,pdnc,qID,Q458-1,you,98143,98146,3,445,2,M_2306,Other
2307,pdnc,qID,Q459-0,that young lady,98179,98194,0,446,2,M_2307,Other
2308,pdnc,qID,Q459-0,her,98236,98239,0,446,2,M_2308,Other
2309,pdnc,qID,Q459-0,Miss Miller,98247,98258,0,446,2,M_2309,PROPN
2310,pdnc,qID,Q459-0,that little barber s block,98275,98301,2,446,2,M_2310,Other
2311,pdnc,qID,Q460-0,you,98309,98312,3,447,2,M_2311,Other
2312,exp,exp_name,winterbourne,Winterbourne,98335,98347,8,447,2,M_2312,PROPN
2313,exp,exp_name,mrs. costello,Mrs. Costello,98438,98451,3,448,2,M_2313,PROPN
2314,exp,exp_name,winterbourne,Winterbourne,98493,98505,8,449,2,M_2314,PROPN
2315,booknlp,COREF,43,his,98551,98554,8,449,2,M_2315,Other
2316,booknlp,COREF,43,I,98574,98575,8,449,2,M_2316,Other
2317,booknlp,COREF,55,I,98642,98643,3,450,2,M_2317,Other
2318,pdnc,qID,Q463-0,she,98692,98695,0,450,2,M_2318,Other
2319,pdnc,qID,Q463-0,him,98721,98724,2,450,2,M_2319,Other
2320,exp,exp_name,winterbourne,Winterbourne,98769,98781,8,451,2,M_2320,PROPN
2321,exp,exp_name,mrs. costello,Mrs. Costello,98784,98797,3,452,2,M_2321,PROPN
2322,booknlp,COREF,55,her,98836,98839,3,452,2,M_2322,Other
2323,pdnc,qID,Q465-0,He,98861,98863,2,452,2,M_2323,Other
2324,pdnc,qID,Q465-0,She,98909,98912,0,452,2,M_2324,Other
2325,pdnc,qID,Q465-0,him,98920,98923,2,452,2,M_2325,Other
2326,pdnc,qID,Q465-0,She,98981,98984,0,452,2,M_2326,Other
2327,pdnc,qID,Q465-0,him,99014,99017,2,452,2,M_2327,Other
2328,pdnc,qID,Q465-0,he,99019,99021,2,452,2,M_2328,Other
2329,pdnc,qID,Q465-0,the courier,99044,99055,1,452,2,M_2329,Other
2330,pdnc,qID,Q465-0,the courier,99064,99075,1,452,2,M_2330,Other
2331,pdnc,qID,Q465-0,him,99100,99103,2,452,2,M_2331,Other
2332,pdnc,qID,Q465-0,he,99112,99114,2,452,2,M_2332,Other
2333,pdnc,qID,Q465-0,the young lady,99136,99150,0,452,2,M_2333,Other
2334,pdnc,qID,Q465-0,the courier,99152,99163,1,452,2,M_2334,Other
2335,booknlp,COREF,43,I,99210,99211,8,453,2,M_2335,Other
2336,pdnc,qID,Q466-0,she,99226,99229,0,453,2,M_2336,Other
2337,pdnc,qID,Q466-0,him,99249,99252,2,453,2,M_2337,Other
2338,exp,exp_name,winterbourne,Winterbourne,99260,99272,8,453,2,M_2338,PROPN
2339,booknlp,COREF,43,I,99279,99280,8,453,2,M_2339,Other
2340,pdnc,qID,Q466-1,he,99295,99297,2,453,2,M_2340,Other
2341,pdnc,qID,Q466-1,her,99313,99316,0,453,2,M_2341,Other
2342,pdnc,qID,Q467-0,You,99321,99324,8,454,2,M_2342,Other
2343,pdnc,qID,Q467-0,she,99342,99345,0,454,2,M_2343,Other
2344,pdnc,qID,Q467-0,She,99365,99368,0,454,2,M_2344,Other
2345,booknlp,COREF,55,I,99444,99445,3,454,2,M_2345,Other
2346,exp,exp_name,mrs. costello,Mrs. Costello,99508,99521,3,454,2,M_2346,PROPN
2347,pdnc,qID,Q467-1,she,99544,99547,0,454,2,M_2347,Other
2348,pdnc,qID,Q467-1,you,99557,99560,8,454,2,M_2348,Other
2349,pdnc,qID,Q467-1,she,99577,99580,0,454,2,M_2349,Other
2350,booknlp,COREF,43,I,99598,99599,8,455,2,M_2350,Other
2351,pdnc,qID,Q468-0,Giovanelli,99624,99634,2,455,2,M_2351,Other
2352,exp,exp_name,winterbourne,Winterbourne,99650,99662,8,455,2,M_2352,PROPN
2353,pdnc,qID,Q469-0,Giovanelli,99673,99683,2,456,2,M_2353,Other
2354,pdnc,qID,Q470-0,The little Italian,99688,99706,2,457,2,M_2354,Other
2355,booknlp,COREF,43,I,99708,99709,8,457,2,M_2355,Other
2356,pdnc,qID,Q470-0,him,99737,99740,2,457,2,M_2356,Other
2357,pdnc,qID,Q470-0,He,99764,99766,2,457,2,M_2357,Other
2358,booknlp,COREF,43,I,99817,99818,8,457,2,M_2358,Other
2359,pdnc,qID,Q470-0,he,99827,99829,2,457,2,M_2359,Other
2360,pdnc,qID,Q470-0,he,99876,99878,2,457,2,M_2360,Other
2361,booknlp,COREF,43,I,99930,99931,8,457,2,M_2361,Other
2362,pdnc,qID,Q470-0,the courier,99982,99993,1,457,2,M_2362,Other
2363,pdnc,qID,Q470-0,him,100005,100008,2,457,2,M_2363,Other
2364,pdnc,qID,Q470-0,He,100010,100012,2,457,2,M_2364,Other
2365,pdnc,qID,Q470-0,Miss Miller,100049,100060,0,457,2,M_2365,PROPN
2366,pdnc,qID,Q470-0,she,100065,100068,0,457,2,M_2366,Other
2367,pdnc,qID,Q470-0,him,100076,100079,2,457,2,M_2367,Other
2368,pdnc,qID,Q470-0,he,100115,100117,2,457,2,M_2368,Other
2369,pdnc,qID,Q470-0,his,100122,100125,2,457,2,M_2369,Other
2370,booknlp,COREF,71,himself,100148,100155,2,457,2,M_2370,Other
2371,pdnc,qID,Q470-0,this young lady,100233,100248,0,457,2,M_2371,Other
2372,pdnc,qID,Q470-0,she,100261,100264,0,457,2,M_2372,Other
2373,pdnc,qID,Q470-0,him,100278,100281,2,457,2,M_2373,Other
2374,booknlp,COREF,43,I,100318,100319,8,457,2,M_2374,Other
2375,pdnc,qID,Q470-0,he,100338,100340,2,457,2,M_2375,Other
2376,pdnc,qID,Q470-0,her,100360,100363,0,457,2,M_2376,Other
2377,pdnc,qID,Q470-0,him,100385,100388,2,457,2,M_2377,Other
2378,pdnc,qID,Q470-0,He,100421,100423,2,457,2,M_2378,Other
2379,pdnc,qID,Q470-0,his,100440,100443,2,457,2,M_2379,Other
2380,pdnc,qID,Q470-0,Giovanelli,100542,100552,2,457,2,M_2380,Other
2381,pdnc,qID,Q470-0,he,100564,100566,2,457,2,M_2381,Other
2382,pdnc,qID,Q470-0,he,100595,100597,2,457,2,M_2382,Other
2383,pdnc,qID,Q470-0,He,100631,100633,2,457,2,M_2383,Other
2384,pdnc,qID,Q470-0,his,100649,100652,2,457,2,M_2384,Other
2385,pdnc,qID,Q470-0,him,100686,100689,2,457,2,M_2385,Other
2386,pdnc,qID,Q471-0,He,100697,100699,2,458,2,M_2386,Other
2387,pdnc,qID,Q471-0,his,100719,100722,2,458,2,M_2387,Other
2388,pdnc,qID,Q471-0,Miss Miller,100748,100759,0,458,2,M_2388,PROPN
2389,exp,exp_name,mrs. costello,Mrs. Costello,100808,100821,3,458,2,M_2389,PROPN
2390,exp,exp_name,winterbourne,Winterbourne,100843,100855,8,459,2,M_2390,PROPN
2391,pdnc,qID,Q472-1,Daisy,100871,100876,0,459,2,M_2391,PROPN
2392,pdnc,qID,Q472-1,her mamma,100881,100890,4,459,2,M_2392,Other
2393,booknlp,COREF,43,I,100939,100940,8,459,2,M_2393,Other
2394,booknlp,COREF,43,I,101022,101023,8,459,2,M_2394,Other
2395,pdnc,qID,Q473-0,the avvocato,101102,101114,2,460,2,M_2395,Other
2396,exp,exp_name,mrs. costello,Mrs. Costello,101139,101152,3,460,2,M_2396,PROPN
2397,exp,exp_name,daisy,Daisy,101185,101190,0,461,2,M_2397,PROPN
2398,exp,exp_name,winterbourne,Winterbourne,101205,101217,8,461,2,M_2398,PROPN
2399,exp,exp_name,mrs. costello,Mrs. Costello,101332,101345,3,461,2,M_2399,PROPN
2400,exp,exp_name,mrs. costello,Mrs. Costello,101543,101556,3,461,2,M_2400,PROPN
2401,booknlp,COREF,55,her,101561,101564,3,461,2,M_2401,Other
2402,exp,exp_name,miss miller,Miss Miller,101620,101631,0,461,2,M_2402,PROPN
2403,exp,exp_name,winterbourne,Winterbourne,101658,101670,8,461,2,M_2403,PROPN
2404,booknlp,COREF,43,he,101697,101699,8,461,2,M_2404,Other
2405,booknlp,COREF,43,he,101764,101766,8,461,2,M_2405,Other
2406,exp,exp_name,daisy,Daisy,101771,101776,0,461,2,M_2406,PROPN
2407,booknlp,COREF,43,him,101801,101804,8,461,2,M_2407,Other
2408,booknlp,COREF,42,her,101832,101835,0,461,2,M_2408,Other
2409,booknlp,COREF,43,he,101898,101900,8,461,2,M_2409,Other
2410,booknlp,COREF,43,himself,101919,101926,8,461,2,M_2410,Other
2411,booknlp,COREF,42,she,101932,101935,0,461,2,M_2411,Other
2412,booknlp,COREF,43,He,101963,101965,8,461,2,M_2412,Other
2413,booknlp,COREF,42,her,101986,101989,0,461,2,M_2413,Other
2414,booknlp,COREF,43,he,102008,102010,8,461,2,M_2414,Other
2415,booknlp,COREF,42,she,102025,102028,0,461,2,M_2415,Other
2416,booknlp,COREF,42,her,102049,102052,0,461,2,M_2416,Other
2417,booknlp,COREF,43,He,102208,102210,8,461,2,M_2417,Other
2418,exp,exp_name,mrs. miller,Mrs. Miller,102256,102267,4,461,2,M_2418,PROPN
2419,booknlp,COREF,43,He,102269,102271,8,461,2,M_2419,Other
2420,exp,exp_name,a friend,a friend,102297,102305,9,461,2,M_2420,PROPN
2421,booknlp,COREF,43,himself,102322,102329,8,461,2,M_2421,Other
2422,booknlp,COREF,43,he,102380,102382,8,461,2,M_2422,Other
2423,booknlp,COREF,43,His,102431,102434,8,461,2,M_2423,Other
2424,pdnc,qID,Q474-0,that pretty American girl,102685,102710,0,461,2,M_2424,Other
2425,pdnc,qID,Q474-0,you,102716,102719,8,461,2,M_2425,Other
2426,exp,exp_name,winterbourne,Winterbourne,102763,102775,8,461,2,M_2426,PROPN
2427,booknlp,COREF,43,his,102789,102792,8,461,2,M_2427,Other
2428,pdnc,qID,Q475-0,her,102968,102971,0,462,2,M_2428,Other
2429,exp,exp_name,winterbourne,Winterbourne,102990,103002,8,462,2,M_2429,PROPN
2430,pdnc,qID,Q476-0,A little Italian,103006,103022,2,463,2,M_2430,Other
2431,pdnc,qID,Q476-0,his,103041,103044,2,463,2,M_2431,Other
2432,pdnc,qID,Q476-0,The girl,103057,103065,0,463,2,M_2432,Other
2433,pdnc,qID,Q476-0,you,103122,103125,8,463,2,M_2433,Other
2434,pdnc,qID,Q476-0,she,103145,103148,0,463,2,M_2434,Other
2435,pdnc,qID,Q477-0,she,103191,103194,0,464,2,M_2435,Other
2436,exp,exp_name,winterbourne,Winterbourne,103209,103221,8,464,2,M_2436,PROPN
2437,booknlp,COREF,43,himself,103242,103249,8,464,2,M_2437,Other
2438,booknlp,COREF,43,his,103255,103258,8,464,2,M_2438,Other
2439,exp,exp_name,daisy,Daisy,103278,103283,0,464,2,M_2439,PROPN
2440,booknlp,COREF,42,her,103288,103291,0,464,2,M_2440,Other
2441,booknlp,COREF,43,he,103327,103329,8,464,2,M_2441,Other
2442,exp,exp_name,mrs. miller,Mrs. Miller,103368,103379,4,464,2,M_2442,PROPN
2443,booknlp,COREF,60,She,103381,103384,4,464,2,M_2443,Other
2444,booknlp,COREF,60,she,103402,103405,4,464,2,M_2444,Other
2445,booknlp,COREF,43,him,103420,103423,8,464,2,M_2445,Other
2446,booknlp,COREF,43,him,103438,103441,8,464,2,M_2446,Other
2447,exp,exp_name,daisy,Daisy,103445,103450,0,464,2,M_2447,PROPN
2448,pdnc,qID,Q478-0,She,103464,103467,0,465,2,M_2448,Other
2449,pdnc,qID,Q478-0,Mr. Giovanelli,103494,103508,2,465,2,M_2449,PROPN
2450,exp,exp_name,mrs. miller,Mrs. Miller,103516,103527,4,465,2,M_2450,PROPN
2451,pdnc,qID,Q478-1,She,103530,103533,0,465,2,M_2451,Other
2452,pdnc,qID,Q478-1,Mr. Giovanelli,103560,103574,2,465,2,M_2452,PROPN
2453,booknlp,COREF,43,I,103579,103580,8,466,2,M_2453,Other
2454,exp,exp_name,winterbourne,Winterbourne,103624,103636,8,466,2,M_2454,PROPN
2455,exp,exp_name,mrs. miller,Mrs. Miller,103713,103724,4,467,2,M_2455,PROPN
2456,pdnc,qID,Q480-1,he,103733,103735,2,467,2,M_2456,Other
2457,booknlp,COREF,60,I,103764,103765,4,467,2,M_2457,Other
2458,pdnc,qID,Q480-1,Daisy,103779,103784,0,467,2,M_2458,PROPN
2459,pdnc,qID,Q480-1,she,103785,103788,0,467,2,M_2459,Other
2460,pdnc,qID,Q481-0,Daisy,103817,103822,0,468,2,M_2460,PROPN
2461,pdnc,qID,Q482-0,she,103835,103838,0,469,2,M_2461,Other
2462,pdnc,qID,Q482-0,she,103844,103847,0,469,2,M_2462,Other
2463,pdnc,qID,Q482-0,she,103867,103870,0,469,2,M_2463,Other
2464,pdnc,qID,Q482-1,she,103922,103925,0,469,2,M_2464,Other
2465,pdnc,qID,Q482-1,she,103940,103943,0,469,2,M_2465,Other
2466,pdnc,qID,Q482-1,Mr. Giovanelli,103963,103977,2,469,2,M_2466,PROPN
2467,pdnc,qID,Q482-1,SHE,104001,104004,0,469,2,M_2467,Other
2468,pdnc,qID,Q482-1,you,104071,104074,8,469,2,M_2468,Other
2469,exp,exp_name,winterbourne,Winterbourne,104078,104090,8,470,2,M_2469,PROPN
2470,booknlp,COREF,43,he,104104,104106,8,470,2,M_2470,Other
2471,exp,exp_name,daisy,Daisy,104150,104155,0,470,2,M_2471,PROPN
2472,booknlp,COREF,43,him,104171,104174,8,470,2,M_2472,Other
2473,booknlp,COREF,43,he,104236,104238,8,470,2,M_2473,Other
2474,booknlp,COREF,42,her,104290,104293,0,470,2,M_2474,Other
2475,booknlp,COREF,42,her,104299,104302,0,470,2,M_2475,Other
2476,exp,exp_name,daisy,Daisy,104322,104327,0,471,2,M_2476,PROPN
2477,exp,exp_name,winterbourne,Winterbourne,104351,104363,8,471,2,M_2477,PROPN
2478,booknlp,COREF,42,her,104379,104382,0,471,2,M_2478,Other
2479,booknlp,COREF,43,he,104440,104442,8,471,2,M_2479,Other
2480,booknlp,COREF,42,she,104509,104512,0,471,2,M_2480,Other
2481,booknlp,COREF,42,her,104554,104557,0,471,2,M_2481,Other
2482,exp,exp_name,miss daisy miller,Miss Daisy Miller,104659,104676,0,471,2,M_2482,PROPN
2483,booknlp,COREF,42,her,104704,104707,0,471,2,M_2483,Other
2484,booknlp,COREF,42,her,104757,104760,0,471,2,M_2484,Other
2485,exp,exp_name,winterbourne,Winterbourne,104786,104798,8,471,2,M_2485,PROPN
2486,booknlp,COREF,42,she,104812,104815,0,471,2,M_2486,Other
2487,booknlp,COREF,42,her,104874,104877,0,471,2,M_2487,Other
2488,booknlp,COREF,43,him,104904,104907,8,471,2,M_2488,Other
2489,booknlp,COREF,42,she,104924,104927,0,471,2,M_2489,Other
2490,booknlp,COREF,43,He,104949,104951,8,471,2,M_2490,Other
2491,booknlp,COREF,43,himself,104960,104967,8,471,2,M_2491,Other
2492,booknlp,COREF,42,she,104973,104976,0,471,2,M_2492,Other
2493,booknlp,COREF,42,her,105078,105081,0,471,2,M_2493,Other
2494,booknlp,COREF,43,he,105145,105147,8,471,2,M_2494,Other
2495,booknlp,COREF,42,she,105162,105165,0,471,2,M_2495,Other
2496,booknlp,COREF,42,her,105183,105186,0,471,2,M_2496,Other
2497,booknlp,COREF,42,she,105304,105307,0,471,2,M_2497,Other
2498,booknlp,COREF,43,He,105318,105320,8,471,2,M_2498,Other
2499,booknlp,COREF,43,himself,105327,105334,8,471,2,M_2499,Other
2500,exp,exp_name,daisy,Daisy,105343,105348,0,471,2,M_2500,PROPN
2501,booknlp,COREF,42,her,105410,105413,0,471,2,M_2501,Other
2502,exp,exp_name,daisy,Daisy,105531,105536,0,471,2,M_2502,PROPN
2503,exp,exp_name,winterbourne,Winterbourne,105567,105579,8,471,2,M_2503,PROPN
2504,booknlp,COREF,43,he,105669,105671,8,471,2,M_2504,Other
2505,booknlp,COREF,43,himself,105693,105700,8,471,2,M_2505,Other
2506,booknlp,COREF,43,he,105750,105752,8,471,2,M_2506,Other
2507,booknlp,COREF,43,his,105766,105769,8,471,2,M_2507,Other
2508,booknlp,COREF,42,her,105814,105817,0,471,2,M_2508,Other
2509,booknlp,COREF,43,he,105914,105916,8,471,2,M_2509,Other
2510,booknlp,COREF,42,her,105936,105939,0,471,2,M_2510,Other
2511,booknlp,COREF,42,She,105966,105969,0,471,2,M_2511,Other
2512,exp,exp_name,mr. giovanelli,Mr. Giovanelli,105992,106006,2,471,2,M_2512,PROPN
2513,booknlp,COREF,43,his,106026,106029,8,472,2,M_2513,Other
2514,booknlp,COREF,42,her,106051,106054,0,472,2,M_2514,Other
2515,booknlp,COREF,43,he,106063,106065,8,472,2,M_2515,Other
2516,booknlp,COREF,42,her,106078,106081,0,472,2,M_2516,Other
2517,exp,exp_name,daisy,Daisy,106304,106309,0,472,2,M_2517,PROPN
2518,booknlp,COREF,43,him,106464,106467,8,472,2,M_2518,Other
2519,booknlp,COREF,43,He,106517,106519,8,472,2,M_2519,Other
2520,booknlp,COREF,43,him,106779,106782,8,472,2,M_2520,Other
2521,exp,exp_name,daisy,Daisy,106793,106798,0,472,2,M_2521,PROPN
2522,booknlp,COREF,43,his,106863,106866,8,472,2,M_2522,Other
2523,booknlp,COREF,43,he,106876,106878,8,472,2,M_2523,Other
2524,booknlp,COREF,42,her,106883,106886,0,472,2,M_2524,Other
2525,exp,exp_name,giovanelli,Giovanelli,106888,106898,2,472,2,M_2525,PROPN
2526,booknlp,COREF,42,her,106906,106909,0,472,2,M_2526,Other
2527,exp,exp_name,giovanelli,Giovanelli,106920,106930,2,472,2,M_2527,PROPN
2528,exp,exp_name,daisy,Daisy,106995,107000,0,473,2,M_2528,PROPN
2529,booknlp,COREF,42,I,107003,107004,0,473,2,M_2529,Other
2530,pdnc,qID,Q483-1,you,107018,107021,8,473,2,M_2530,Other
2531,exp,exp_name,winterbourne,Winterbourne,107061,107073,8,474,2,M_2531,PROPN
2532,pdnc,qID,Q485-0,You,107077,107080,8,475,2,M_2532,Other
2533,booknlp,COREF,43,yourself,107107,107115,8,475,2,M_2533,Other
2534,pdnc,qID,Q485-0,you,107123,107126,8,475,2,M_2534,Other
2535,pdnc,qID,Q485-0,you,107151,107154,8,475,2,M_2535,Other
2536,booknlp,COREF,43,I,107159,107160,8,476,2,M_2536,Other
2537,exp,exp_name,winterbourne,Winterbourne,107188,107200,8,476,2,M_2537,PROPN
2538,pdnc,qID,Q486-1,your companion,107206,107220,2,476,2,M_2538,Other
2539,exp,exp_name,giovanelli,Giovanelli,107224,107234,2,477,2,M_2539,PROPN
2540,exp,exp_name,winterbourne,Winterbourne,107264,107276,8,477,2,M_2540,PROPN
2541,booknlp,COREF,71,He,107308,107310,2,477,2,M_2541,Other
2542,booknlp,COREF,71,his,107346,107349,2,477,2,M_2542,Other
2543,booknlp,COREF,71,he,107359,107361,2,477,2,M_2543,Other
2544,booknlp,COREF,71,his,107387,107390,2,477,2,M_2544,Other
2545,booknlp,COREF,71,he,107405,107407,2,477,2,M_2545,Other
2546,booknlp,COREF,71,his,107438,107441,2,477,2,M_2546,Other
2547,exp,exp_name,winterbourne,Winterbourne,107454,107466,8,477,2,M_2547,PROPN
2548,booknlp,COREF,71,He,107493,107495,2,477,2,M_2548,Other
2549,booknlp,COREF,71,himself,107504,107511,2,477,2,M_2549,Other
2550,booknlp,COREF,71,he,107547,107549,2,477,2,M_2550,Other
2551,booknlp,COREF,71,he,107586,107588,2,477,2,M_2551,Other
2552,booknlp,COREF,71,him,107645,107648,2,477,2,M_2552,Other
2553,exp,exp_name,winterbourne,Winterbourne,107668,107680,8,477,2,M_2553,PROPN
2554,exp,exp_name,giovanelli,Giovanelli,107695,107705,2,477,2,M_2554,PROPN
2555,booknlp,COREF,43,him,107792,107795,8,477,2,M_2555,Other
2556,booknlp,COREF,43,him,107807,107810,8,477,2,M_2556,Other
2557,booknlp,COREF,71,HE,107852,107854,2,477,2,M_2557,Other
2558,booknlp,COREF,71,himself,107918,107925,2,477,2,M_2558,Other
2559,booknlp,COREF,71,he,108016,108018,2,477,2,M_2559,Other
2560,booknlp,COREF,71,his,108038,108041,2,477,2,M_2560,Other
2561,booknlp,COREF,71,he,108094,108096,2,477,2,M_2561,Other
2562,booknlp,COREF,71,his,108119,108122,2,477,2,M_2562,Other
2563,booknlp,COREF,42,I,108137,108138,0,478,2,M_2563,Other
2564,pdnc,qID,Q487-0,you,108148,108151,8,478,2,M_2564,Other
2565,exp,exp_name,daisy,Daisy,108168,108173,0,478,2,M_2565,PROPN
2566,exp,exp_name,giovanelli,Giovanelli,108184,108194,2,478,2,M_2566,PROPN
2567,pdnc,qID,Q487-1,you,108205,108208,8,478,2,M_2567,Other
2568,booknlp,COREF,42,I,108215,108216,0,478,2,M_2568,Other
2569,pdnc,qID,Q487-1,HIM,108240,108243,2,478,2,M_2569,PROPN
2570,booknlp,COREF,42,she,108250,108253,0,478,2,M_2570,Other
2571,booknlp,COREF,42,her,108264,108267,0,478,2,M_2571,Other
2572,pdnc,qID,Q488-0,you,108305,108308,0,479,2,M_2572,Other
2573,exp,exp_name,winterbourne,Winterbourne,108329,108341,8,479,2,M_2573,PROPN
2574,booknlp,COREF,42,I,108355,108356,0,480,2,M_2574,Other
2575,exp,exp_name,daisy,Daisy,108372,108377,0,480,2,M_2575,PROPN
2576,booknlp,COREF,42,I,108404,108405,0,480,2,M_2576,Other
2577,booknlp,COREF,42,I,108500,108501,0,480,2,M_2577,Other
2578,booknlp,COREF,42,I,108515,108516,0,480,2,M_2578,Other
2579,pdnc,qID,Q490-0,you,108552,108555,0,481,2,M_2579,Other
2580,exp,exp_name,daisy,Daisy,108614,108619,0,482,2,M_2580,PROPN
2581,booknlp,COREF,43,him,108630,108633,8,482,2,M_2581,Other
2582,pdnc,qID,Q492-0,you,108674,108677,0,483,2,M_2582,Other
2583,exp,exp_name,winterbourne,Winterbourne,108697,108709,8,483,2,M_2583,PROPN
2584,booknlp,COREF,42,I,108719,108720,0,484,2,M_2584,Other
2585,booknlp,COREF,43,you,108734,108737,8,484,2,M_2585,Other
2586,booknlp,COREF,42,I,108743,108744,0,484,2,M_2586,Other
2587,booknlp,COREF,43,you,108753,108756,8,484,2,M_2587,Other
2588,booknlp,COREF,42,I,108801,108802,0,484,2,M_2588,Other
2589,booknlp,COREF,43,you,108807,108810,8,484,2,M_2589,Other
2590,pdnc,qID,Q494-0,You,108815,108818,0,485,2,M_2590,Other
2591,booknlp,COREF,43,I,108829,108830,8,485,2,M_2591,Other
2592,exp,exp_name,winterbourne,Winterbourne,108872,108884,8,485,2,M_2592,PROPN
2593,booknlp,COREF,42,I,108907,108908,0,486,2,M_2593,Other
2594,booknlp,COREF,42,me,108973,108975,0,488,2,M_2594,Other
2595,pdnc,qID,Q498-0,you,108995,108998,0,489,2,M_2595,Other
2596,pdnc,qID,Q498-0,you,109021,109024,0,489,2,M_2596,Other
2597,exp,exp_name,daisy,Daisy,109049,109054,0,490,2,M_2597,PROPN
2598,booknlp,COREF,43,him,109070,109073,8,490,2,M_2598,Other
2599,booknlp,COREF,42,she,109084,109087,0,490,2,M_2599,Other
2600,pdnc,qID,Q499-0,you,109108,109111,8,490,2,M_2600,Other
2601,pdnc,qID,Q499-0,Mrs. Walker,109120,109131,5,490,2,M_2601,PROPN
2602,exp,exp_name,winterbourne,Winterbourne,109171,109183,8,491,2,M_2602,PROPN
2603,booknlp,COREF,42,She,109186,109189,0,492,2,M_2603,Other
2604,exp,exp_name,giovanelli,Giovanelli,109205,109215,2,492,2,M_2604,PROPN
2605,booknlp,COREF,71,himself,109236,109243,2,492,2,M_2605,Other
2606,booknlp,COREF,71,his,109249,109252,2,492,2,M_2606,Other
2607,exp,exp_name,winterbourne,Winterbourne,109290,109302,8,492,2,M_2607,PROPN
2608,booknlp,COREF,42,I,109305,109306,0,492,2,M_2608,Other
2609,pdnc,qID,Q501-0,you,109323,109326,8,492,2,M_2609,Other
2610,booknlp,COREF,42,she,109359,109362,0,492,2,M_2610,Other
2611,booknlp,COREF,43,I,109379,109380,8,493,2,M_2611,Other
2612,booknlp,COREF,43,he,109391,109393,8,493,2,M_2612,Other
2613,booknlp,COREF,71,I,109403,109404,2,494,2,M_2613,Other
2614,pdnc,qID,Q503-0,you,109418,109421,8,494,2,M_2614,Other
2615,booknlp,COREF,43,I,109446,109447,8,495,2,M_2615,Other
2616,booknlp,COREF,43,he,109471,109473,8,495,2,M_2616,Other
2617,booknlp,COREF,43,I,109492,109493,8,495,2,M_2617,Other
2618,pdnc,qID,Q505-0,your mother,109503,109514,4,495,2,M_2618,Other
2619,booknlp,COREF,43,me,109521,109523,8,495,2,M_2619,Other
2620,pdnc,qID,Q505-0,she,109529,109532,4,495,2,M_2620,Other
2621,pdnc,qID,Q505-0,you,109542,109545,0,495,2,M_2621,Other
2622,pdnc,qID,Q506-0,she,109568,109571,4,496,2,M_2622,Other
2623,exp,exp_name,daisy,Daisy,109584,109589,0,496,2,M_2623,PROPN
2624,exp,exp_name,winterbourne,Winterbourne,109604,109616,8,497,2,M_2624,PROPN
2625,pdnc,qID,Q507-0,Randolph,109643,109651,6,497,2,M_2625,PROPN
2626,booknlp,COREF,43,he,109665,109667,8,497,2,M_2626,Other
2627,booknlp,COREF,42,I,109677,109678,0,498,2,M_2627,Other
2628,pdnc,qID,Q508-0,Randolph,109685,109693,6,498,2,M_2628,PROPN
2629,exp,exp_name,daisy,Daisy,109726,109731,0,498,2,M_2629,PROPN
2630,exp,exp_name,randolph,Randolph,109733,109741,6,498,2,M_2630,PROPN
2631,exp,exp_name,winterbourne,Winterbourne,109763,109775,8,498,2,M_2631,PROPN
2632,booknlp,COREF,43,he,109801,109803,8,498,2,M_2632,Other
2633,exp,exp_name,giovanelli,Giovanelli,109818,109828,2,498,2,M_2633,PROPN
2634,exp,exp_name,daisy,Daisy,109854,109859,0,498,2,M_2634,PROPN
2635,booknlp,COREF,42,herself,109889,109896,0,498,2,M_2635,Other
2636,booknlp,COREF,42,her,109906,109909,0,498,2,M_2636,Other
2637,pdnc,qID,Q509-0,you,109929,109932,8,498,2,M_2637,Other
2638,booknlp,COREF,42,she,109953,109956,0,498,2,M_2638,Other
2639,booknlp,COREF,42,I,109964,109965,0,498,2,M_2639,Other
2640,exp,exp_name,winterbourne,Winterbourne,109985,109997,8,498,2,M_2640,PROPN
2641,booknlp,COREF,42,her,110008,110011,0,498,2,M_2641,Other
2642,booknlp,COREF,43,he,110013,110015,8,498,2,M_2642,Other
2643,pdnc,qID,Q510-0,You,110039,110042,8,498,2,M_2643,Other
2644,booknlp,COREF,42,she,110059,110062,0,498,2,M_2644,Other
2645,booknlp,COREF,43,He,110071,110073,8,499,2,M_2645,Other
2646,booknlp,COREF,43,I,110111,110112,8,499,2,M_2646,Other
2647,booknlp,COREF,43,he,110126,110128,8,499,2,M_2647,Other
2648,pdnc,qID,Q512-0,you,110145,110148,8,500,2,M_2648,Other
2649,booknlp,COREF,42,she,110157,110160,0,500,2,M_2649,Other
2650,booknlp,COREF,42,I,110184,110185,0,500,2,M_2650,Other
2651,exp,exp_name,winterbourne,Winterbourne,110284,110296,8,501,2,M_2651,PROPN
2652,booknlp,COREF,43,he,110373,110375,8,501,2,M_2652,Other
2653,booknlp,COREF,43,his,110459,110462,8,501,2,M_2653,Other
2654,booknlp,COREF,43,he,110508,110510,8,501,2,M_2654,Other
2655,booknlp,COREF,43,himself,110520,110527,8,501,2,M_2655,Other
2656,booknlp,COREF,43,his,110811,110814,8,501,2,M_2656,Other
2657,exp,exp_name,winterbourne,Winterbourne,110862,110874,8,501,2,M_2657,PROPN
2658,booknlp,COREF,43,him,110936,110939,8,501,2,M_2658,Other
2659,booknlp,COREF,43,He,111044,111046,8,501,2,M_2659,Other
2660,booknlp,COREF,43,he,111114,111116,8,501,2,M_2660,Other
2661,booknlp,COREF,43,he,111201,111203,8,501,2,M_2661,Other
2662,booknlp,COREF,43,him,111342,111345,8,501,2,M_2662,Other
2663,booknlp,COREF,43,he,111462,111464,8,501,2,M_2663,Other
2664,booknlp,COREF,43,he,111477,111479,8,501,2,M_2664,Other
2665,booknlp,COREF,43,he,111547,111549,8,501,2,M_2665,Other
2666,booknlp,COREF,43,his,111563,111566,8,501,2,M_2666,Other
2667,booknlp,COREF,43,he,111577,111579,8,501,2,M_2667,Other
2668,exp,exp_name,winterbourne,Winterbourne,111846,111858,8,501,2,M_2668,PROPN
2669,booknlp,COREF,43,he,112041,112043,8,501,2,M_2669,Other
2670,booknlp,COREF,43,he,112062,112064,8,501,2,M_2670,Other
2671,booknlp,COREF,43,he,112094,112096,8,501,2,M_2671,Other
2672,booknlp,COREF,43,him,112303,112306,8,502,2,M_2672,Other
2673,pdnc,qID,Q513-0,he,112348,112350,8,502,2,M_2673,Other
2674,booknlp,COREF,43,he,112461,112463,8,502,2,M_2674,Other
2675,exp,exp_name,miss daisy miller,Miss Daisy Miller,112497,112514,0,502,2,M_2675,PROPN
2676,pdnc,qID,Q514-0,he,112530,112532,8,503,2,M_2676,Other
2677,exp,exp_name,giovanelli,Giovanelli,112578,112588,2,503,2,M_2677,PROPN
2678,pdnc,qID,Q514-1,He,112591,112593,8,503,2,M_2678,Other
2679,booknlp,COREF,71,me,112612,112614,2,503,2,M_2679,Other
2680,pdnc,qID,Q514-1,you,112622,112625,0,503,2,M_2680,Other
2681,exp,exp_name,winterbourne,Winterbourne,112652,112664,8,504,2,M_2681,PROPN
2682,exp,exp_name,daisy,Daisy,112817,112822,0,504,2,M_2682,PROPN
2683,booknlp,COREF,42,She,112875,112878,0,504,2,M_2683,Other
2684,booknlp,COREF,43,He,112952,112954,8,504,2,M_2684,Other
2685,booknlp,COREF,42,her,112979,112982,0,504,2,M_2685,Other
2686,booknlp,COREF,42,her,112995,112998,0,504,2,M_2686,Other
2687,booknlp,COREF,43,he,113040,113042,8,504,2,M_2687,Other
2688,booknlp,COREF,43,he,113061,113063,8,504,2,M_2688,Other
2689,booknlp,COREF,43,himself,113064,113071,8,504,2,M_2689,Other
2690,booknlp,COREF,43,He,113110,113112,8,504,2,M_2690,Other
2691,booknlp,COREF,43,himself,113129,113136,8,504,2,M_2691,Other
2692,booknlp,COREF,43,he,113142,113144,8,504,2,M_2692,Other
2693,exp,exp_name,miss daisy miller,Miss Daisy Miller,113199,113216,0,504,2,M_2693,PROPN
2694,booknlp,COREF,43,he,113227,113229,8,504,2,M_2694,Other
2695,booknlp,COREF,43,he,113258,113260,8,504,2,M_2695,Other
2696,booknlp,COREF,43,himself,113269,113276,8,504,2,M_2696,Other
2697,booknlp,COREF,43,he,113301,113303,8,504,2,M_2697,Other
2698,booknlp,COREF,42,her,113314,113317,0,504,2,M_2698,Other
2699,booknlp,COREF,43,He,113448,113450,8,504,2,M_2699,Other
2700,booknlp,COREF,43,he,113505,113507,8,504,2,M_2700,Other
2701,booknlp,COREF,43,he,113516,113518,8,504,2,M_2701,Other
2702,exp,exp_name,daisy,Daisy,113525,113530,0,504,2,M_2702,PROPN
2703,pdnc,qID,Q515-0,Mr. Winterbourne,113558,113574,8,505,2,M_2703,PROPN
2704,pdnc,qID,Q515-0,He,113576,113578,8,505,2,M_2704,Other
2705,booknlp,COREF,42,me,113583,113585,0,505,2,M_2705,Other
2706,pdnc,qID,Q515-0,he,113591,113593,8,505,2,M_2706,Other
2707,booknlp,COREF,42,me,113599,113601,0,505,2,M_2707,Other
2708,booknlp,COREF,42,she,113636,113639,0,506,2,M_2708,Other
2709,booknlp,COREF,42,she,113661,113664,0,506,2,M_2709,Other
2710,booknlp,COREF,43,he,113698,113700,8,506,2,M_2710,Other
2711,booknlp,COREF,42,her,113714,113717,0,506,2,M_2711,Other
2712,exp,exp_name,winterbourne,Winterbourne,113719,113731,8,506,2,M_2712,PROPN
2713,exp,exp_name,daisy,Daisy,113784,113789,0,506,2,M_2713,PROPN
2714,exp,exp_name,giovanelli,Giovanelli,113802,113812,2,506,2,M_2714,PROPN
2715,booknlp,COREF,71,his,113820,113823,2,506,2,M_2715,Other
2716,exp,exp_name,winterbourne,Winterbourne,113829,113841,8,506,2,M_2716,PROPN
2717,booknlp,COREF,42,she,114005,114008,0,506,2,M_2717,Other
2718,booknlp,COREF,42,her,114064,114067,0,506,2,M_2718,Other
2719,booknlp,COREF,42,you,114108,114111,0,506,2,M_2719,Other
2720,booknlp,COREF,43,he,114124,114126,8,506,2,M_2720,Other
2721,exp,exp_name,daisy,Daisy,114151,114156,0,507,2,M_2721,PROPN
2722,booknlp,COREF,43,him,114204,114207,8,507,2,M_2722,Other
2723,booknlp,COREF,42,she,114243,114246,0,507,2,M_2723,Other
2724,booknlp,COREF,42,I,114272,114273,0,507,2,M_2724,Other
2725,booknlp,COREF,43,I,114307,114308,8,508,2,M_2725,Other
2726,exp,exp_name,winterbourne,Winterbourne,114326,114338,8,508,2,M_2726,PROPN
2727,pdnc,qID,Q518-1,you,114346,114349,0,508,2,M_2727,Other
2728,booknlp,COREF,43,I,114423,114424,8,508,2,M_2728,Other
2729,booknlp,COREF,43,he,114434,114436,8,508,2,M_2729,Other
2730,exp,exp_name,giovanelli,Giovanelli,114455,114465,2,508,2,M_2730,PROPN
2731,pdnc,qID,Q519-1,you,114473,114476,2,508,2,M_2731,Other
2732,booknlp,COREF,43,I,114620,114621,8,510,2,M_2732,Other
2733,pdnc,qID,Q521-0,you,114627,114630,2,510,2,M_2733,Other
2734,booknlp,COREF,43,I,114632,114633,8,510,2,M_2734,Other
2735,pdnc,qID,Q521-0,this young lady,114650,114665,0,510,2,M_2735,Other
2736,exp,exp_name,giovanelli,Giovanelli,114669,114679,2,511,2,M_2736,PROPN
2737,booknlp,COREF,71,his,114687,114690,2,511,2,M_2737,Other
2738,booknlp,COREF,71,his,114723,114726,2,511,2,M_2738,Other
2739,booknlp,COREF,71,he,114748,114750,2,511,2,M_2739,Other
2740,exp,exp_name,winterbourne,Winterbourne,114756,114768,8,511,2,M_2740,PROPN
2741,booknlp,COREF,71,I,114794,114795,2,511,2,M_2741,Other
2742,pdnc,qID,Q523-1,Mr. Giovanelli,115146,115160,2,512,2,M_2742,PROPN
2743,pdnc,qID,Q523-1,Eugenio,115192,115199,1,512,2,M_2743,PROPN
2744,pdnc,qID,Q523-1,He,115224,115226,1,512,2,M_2744,Other
2745,booknlp,COREF,43,I,115259,115260,8,513,2,M_2745,Other
2746,pdnc,qID,Q524-0,you,115275,115278,0,513,2,M_2746,Other
2747,exp,exp_name,winterbourne,Winterbourne,115286,115298,8,513,2,M_2747,PROPN
2748,pdnc,qID,Q525-0,you,115357,115360,8,514,2,M_2748,Other
2749,exp,exp_name,giovanelli,Giovanelli,115380,115390,2,514,2,M_2749,PROPN
2750,booknlp,COREF,71,I,115402,115403,2,514,2,M_2750,Other
2751,booknlp,COREF,71,he,115456,115458,2,514,2,M_2751,Other
2752,exp,exp_name,daisy,Daisy,115482,115487,0,515,2,M_2752,PROPN
2753,exp,exp_name,winterbourne,Winterbourne,115502,115514,8,515,2,M_2753,PROPN
2754,booknlp,COREF,43,He,115516,115518,8,515,2,M_2754,Other
2755,booknlp,COREF,42,her,115535,115538,0,515,2,M_2755,Other
2756,booknlp,COREF,42,she,115540,115543,0,515,2,M_2756,Other
2757,exp,exp_name,winterbourne,Winterbourne,115581,115593,8,515,2,M_2757,PROPN
2758,exp,exp_name,daisy,Daisy,115608,115613,0,515,2,M_2758,PROPN
2759,booknlp,COREF,42,I,115662,115663,0,515,2,M_2759,Other
2760,booknlp,COREF,42,she,115703,115706,0,515,2,M_2760,Other
2761,exp,exp_name,winterbourne,Winterbourne,115758,115770,8,515,2,M_2761,PROPN
2762,booknlp,COREF,42,she,115782,115785,0,515,2,M_2762,Other
2763,booknlp,COREF,43,him,115792,115795,8,515,2,M_2763,Other
2764,booknlp,COREF,43,he,115800,115802,8,515,2,M_2764,Other
2765,booknlp,COREF,43,He,115817,115819,8,515,2,M_2765,Other
2766,booknlp,COREF,43,he,115836,115838,8,515,2,M_2766,Other
2767,exp,exp_name,giovanelli,Giovanelli,115904,115914,2,515,2,M_2767,PROPN
2768,exp,exp_name,daisy,Daisy,115952,115957,0,515,2,M_2768,PROPN
2769,pdnc,qID,Q527-0,you,116012,116015,8,515,2,M_2769,Other
2770,booknlp,COREF,42,I,116024,116025,0,515,2,M_2770,Other
2771,booknlp,COREF,42,she,116055,116058,0,515,2,M_2771,Other
2772,booknlp,COREF,43,I,116091,116092,8,516,2,M_2772,Other
2773,exp,exp_name,winterbourne,Winterbourne,116123,116135,8,516,2,M_2773,PROPN
2774,pdnc,qID,Q529-0,you,116169,116172,8,517,2,M_2774,Other
2775,pdnc,qID,Q530-0,you,116244,116247,0,518,2,M_2775,Other
2776,booknlp,COREF,43,He,116270,116272,8,519,2,M_2776,Other
2777,booknlp,COREF,43,him,116318,116321,8,519,2,M_2777,Other
2778,exp,exp_name,giovanelli,Giovanelli,116402,116412,2,519,2,M_2778,PROPN
2779,booknlp,COREF,71,he,116450,116452,2,519,2,M_2779,Other
2780,exp,exp_name,daisy,Daisy,116506,116511,0,520,2,M_2780,PROPN
2781,booknlp,COREF,42,her,116517,116520,0,520,2,M_2781,Other
2782,booknlp,COREF,42,her,116591,116594,0,520,2,M_2782,Other
2783,pdnc,qID,Q532-0,Eugenio,116610,116617,1,520,2,M_2783,PROPN
2784,exp,exp_name,winterbourne,Winterbourne,116633,116645,8,520,2,M_2784,PROPN
2785,booknlp,COREF,43,he,116649,116651,8,520,2,M_2785,Other
2786,booknlp,COREF,43,his,116659,116662,8,520,2,M_2786,Other
2787,booknlp,COREF,42,I,116670,116671,0,521,2,M_2787,Other
2788,exp,exp_name,daisy,Daisy,116690,116695,0,521,2,M_2788,PROPN
2789,booknlp,COREF,42,I,116731,116732,0,521,2,M_2789,Other
2790,exp,exp_name,winterbourne,Winterbourne,116876,116888,8,522,2,M_2790,PROPN
2791,booknlp,COREF,43,he,116946,116948,8,522,2,M_2791,Other
2792,exp,exp_name,miss miller,Miss Miller,116965,116976,0,522,2,M_2792,PROPN
2793,booknlp,COREF,42,her,117080,117083,0,522,2,M_2793,Other
2794,exp,exp_name,winterbourne,Winterbourne,117212,117224,8,522,2,M_2794,PROPN
2795,exp,exp_name,daisy,Daisy,117298,117303,0,522,2,M_2795,PROPN
2796,exp,exp_name,winterbourne,Winterbourne,117695,117707,8,522,2,M_2796,PROPN
2797,booknlp,COREF,43,him,117732,117735,8,522,2,M_2797,Other
2798,booknlp,COREF,43,He,117782,117784,8,522,2,M_2798,Other
2799,booknlp,COREF,43,him,117841,117844,8,522,2,M_2799,Other
2800,exp,exp_name,mrs. miller,Mrs. Miller,117886,117897,4,522,2,M_2800,PROPN
2801,exp,exp_name,randolph,Randolph,117909,117917,6,522,2,M_2801,PROPN
2802,exp,exp_name,randolph,Randolph,117954,117962,6,523,2,M_2802,PROPN
2803,pdnc,qID,Q534-1,her,117982,117985,0,523,2,M_2803,Other
2804,pdnc,qID,Q534-1,She,117992,117995,0,523,2,M_2804,Other
2805,pdnc,qID,Q534-1,she,118045,118048,0,523,2,M_2805,Other
2806,exp,exp_name,mrs. miller,Mrs. Miller,118182,118193,4,523,2,M_2806,PROPN
2807,booknlp,COREF,60,she,118209,118212,4,523,2,M_2807,Other
2808,booknlp,COREF,60,her,118239,118242,4,523,2,M_2808,Other
2809,booknlp,COREF,60,her,118269,118272,4,523,2,M_2809,Other
2810,exp,exp_name,daisy,Daisy,118302,118307,0,523,2,M_2810,PROPN
2811,exp,exp_name,winterbourne,Winterbourne,118330,118342,8,524,2,M_2811,PROPN
2812,booknlp,COREF,42,her,118373,118376,0,524,2,M_2812,Other
2813,booknlp,COREF,43,he,118387,118389,8,524,2,M_2813,Other
2814,exp,exp_name,mrs. miller,Mrs. Miller,118394,118405,4,524,2,M_2814,PROPN
2815,booknlp,COREF,43,his,118450,118453,8,524,2,M_2815,Other
2816,booknlp,COREF,42,She,118543,118546,0,524,2,M_2816,Other
2817,exp,exp_name,winterbourne,Winterbourne,118587,118599,8,524,2,M_2817,PROPN
2818,booknlp,COREF,42,her,118605,118608,0,524,2,M_2818,Other
2819,booknlp,COREF,43,himself,118637,118644,8,524,2,M_2819,Other
2820,booknlp,COREF,42,she,118650,118653,0,524,2,M_2820,Other
2821,pdnc,qID,Q535-0,Daisy,118699,118704,0,524,2,M_2821,PROPN
2822,pdnc,qID,Q535-0,you,118714,118717,8,524,2,M_2822,Other
2823,booknlp,COREF,42,she,118734,118737,0,524,2,M_2823,Other
2824,booknlp,COREF,43,him,118746,118749,8,524,2,M_2824,Other
2825,pdnc,qID,Q535-1,she,118766,118769,0,524,2,M_2825,Other
2826,pdnc,qID,Q535-1,she,118788,118791,0,524,2,M_2826,Other
2827,booknlp,COREF,42,I,118816,118817,0,524,2,M_2827,Other
2828,pdnc,qID,Q535-1,she,118824,118827,0,524,2,M_2828,Other
2829,pdnc,qID,Q535-1,She,118833,118836,0,524,2,M_2829,Other
2830,booknlp,COREF,42,me,118842,118844,0,524,2,M_2830,Other
2831,pdnc,qID,Q535-1,she,118855,118858,0,524,2,M_2831,Other
2832,booknlp,COREF,42,me,118864,118866,0,524,2,M_2832,Other
2833,pdnc,qID,Q535-1,you,118875,118878,8,524,2,M_2833,Other
2834,pdnc,qID,Q535-1,She,118880,118883,0,524,2,M_2834,Other
2835,booknlp,COREF,42,me,118889,118891,0,524,2,M_2835,Other
2836,pdnc,qID,Q535-1,you,118900,118903,8,524,2,M_2836,Other
2837,pdnc,qID,Q535-1,she,118909,118912,0,524,2,M_2837,Other
2838,pdnc,qID,Q535-1,that handsome Italian,118934,118955,2,524,2,M_2838,Other
2839,booknlp,COREF,42,I,118957,118958,0,524,2,M_2839,Other
2840,booknlp,COREF,42,I,118967,118968,0,524,2,M_2840,Other
2841,pdnc,qID,Q535-1,Mr. Giovanelli,118983,118997,2,524,2,M_2841,PROPN
2842,pdnc,qID,Q535-1,she,119024,119027,0,524,2,M_2842,Other
2843,booknlp,COREF,42,I,119043,119044,0,524,2,M_2843,Other
2844,pdnc,qID,Q535-1,he,119053,119055,2,524,2,M_2844,Other
2845,booknlp,COREF,42,I,119088,119089,0,524,2,M_2845,Other
2846,booknlp,COREF,42,me,119131,119133,0,524,2,M_2846,Other
2847,pdnc,qID,Q535-1,he,119139,119141,2,524,2,M_2847,Other
2848,booknlp,COREF,42,I,119153,119154,0,524,2,M_2848,Other
2849,pdnc,qID,Q535-1,him,119170,119173,2,524,2,M_2849,Other
2850,pdnc,qID,Q535-1,Daisy,119185,119190,0,524,2,M_2850,PROPN
2851,booknlp,COREF,42,I,119216,119217,0,524,2,M_2851,Other
2852,booknlp,COREF,42,I,119226,119227,0,524,2,M_2852,Other
2853,pdnc,qID,Q535-1,he,119236,119238,2,524,2,M_2853,Other
2854,booknlp,COREF,42,I,119245,119246,0,524,2,M_2854,Other
2855,booknlp,COREF,42,I,119257,119258,0,524,2,M_2855,Other
2856,pdnc,qID,Q535-1,him,119280,119283,2,524,2,M_2856,Other
2857,pdnc,qID,Q535-1,she,119293,119296,0,524,2,M_2857,Other
2858,pdnc,qID,Q535-1,she,119302,119305,0,524,2,M_2858,Other
2859,booknlp,COREF,42,I,119321,119322,0,524,2,M_2859,Other
2860,pdnc,qID,Q535-1,she,119338,119341,0,524,2,M_2860,Other
2861,pdnc,qID,Q535-1,you,119349,119352,8,524,2,M_2861,Other
2862,pdnc,qID,Q535-1,she,119366,119369,0,524,2,M_2862,Other
2863,booknlp,COREF,42,me,119378,119380,0,524,2,M_2863,Other
2864,exp,exp_name,mr. winterbourne,Mr. Winterbourne,119409,119425,8,524,2,M_2864,PROPN
2865,pdnc,qID,Q535-2,she,119437,119440,0,524,2,M_2865,Other
2866,booknlp,COREF,42,me,119446,119448,0,524,2,M_2866,Other
2867,pdnc,qID,Q535-2,you,119459,119462,8,524,2,M_2867,Other
2868,pdnc,qID,Q535-2,you,119483,119486,8,524,2,M_2868,Other
2869,booknlp,COREF,42,I,119527,119528,0,524,2,M_2869,Other
2870,booknlp,COREF,42,I,119534,119535,0,524,2,M_2870,Other
2871,pdnc,qID,Q535-2,she,119586,119589,0,524,2,M_2871,Other
2872,booknlp,COREF,42,I,119606,119607,0,524,2,M_2872,Other
2873,booknlp,COREF,42,I,119615,119616,0,524,2,M_2873,Other
2874,exp,exp_name,winterbourne,Winterbourne,119646,119658,8,525,2,M_2874,PROPN
2875,exp,exp_name,daisy,Daisy,119775,119780,0,525,2,M_2875,PROPN
2876,exp,exp_name,winterbourne,Winterbourne,119922,119934,8,525,2,M_2876,PROPN
2877,booknlp,COREF,43,him,120094,120097,8,525,2,M_2877,Other
2878,exp,exp_name,giovanelli,Giovanelli,120104,120114,2,525,2,M_2878,PROPN
2879,exp,exp_name,winterbourne,Winterbourne,120145,120157,8,525,2,M_2879,PROPN
2880,exp,exp_name,giovanelli,Giovanelli,120171,120181,2,525,2,M_2880,PROPN
2881,booknlp,COREF,71,he,120214,120216,2,525,2,M_2881,Other
2882,booknlp,COREF,71,his,120234,120237,2,525,2,M_2882,Other
2883,booknlp,COREF,71,he,120250,120252,2,525,2,M_2883,Other
2884,booknlp,COREF,71,he,120294,120296,2,525,2,M_2884,Other
2885,pdnc,qID,Q536-0,She,120304,120307,0,525,2,M_2885,Other
2886,booknlp,COREF,71,I,120342,120343,2,525,2,M_2886,Other
2887,booknlp,COREF,71,he,120386,120388,2,525,2,M_2887,Other
2888,pdnc,qID,Q537-0,she,120413,120416,0,525,2,M_2888,Other
2889,exp,exp_name,winterbourne,Winterbourne,120442,120454,8,526,2,M_2889,PROPN
2890,booknlp,COREF,71,him,120465,120468,2,526,2,M_2890,Other
2891,booknlp,COREF,71,his,120492,120495,2,526,2,M_2891,Other
2892,exp,exp_name,winterbourne,Winterbourne,120551,120563,8,528,2,M_2892,PROPN
2893,booknlp,COREF,71,he,120602,120604,2,528,2,M_2893,Other
2894,pdnc,qID,Q540-1,you,120617,120620,2,528,2,M_2894,Other
2895,pdnc,qID,Q540-1,her,120626,120629,0,528,2,M_2895,Other
2896,exp,exp_name,mr. giovanelli,Mr. Giovanelli,120653,120667,2,529,2,M_2896,PROPN
2897,booknlp,COREF,71,He,120709,120711,2,529,2,M_2897,Other
2898,booknlp,COREF,71,he,120752,120754,2,529,2,M_2898,Other
2899,booknlp,COREF,71,myself,120766,120772,2,529,2,M_2899,Other
2900,booknlp,COREF,71,I,120773,120774,2,529,2,M_2900,Other
2901,pdnc,qID,Q541-0,she,120792,120795,0,529,2,M_2901,Other
2902,exp,exp_name,winterbourne,Winterbourne,120834,120846,8,530,2,M_2902,PROPN
2903,booknlp,COREF,71,his,120889,120892,2,531,2,M_2903,Other
2904,pdnc,qID,Q543-0,she,120903,120906,0,531,2,M_2904,Other
2905,booknlp,COREF,71,I,120918,120919,2,531,2,M_2905,Other
2906,pdnc,qID,Q543-0,She,120945,120948,0,531,2,M_2906,Other
2907,booknlp,COREF,71,me,120974,120976,2,531,2,M_2907,Other
2908,booknlp,COREF,71,I,120978,120979,2,531,2,M_2908,Other
2909,pdnc,qID,Q544-0,She,120992,120995,0,532,2,M_2909,Other
2910,pdnc,qID,Q544-0,you,121021,121024,2,532,2,M_2910,Other
2911,booknlp,COREF,71,I,121042,121043,2,533,2,M_2911,Other
2912,booknlp,COREF,71,I,121062,121063,2,533,2,M_2912,Other
2913,exp,exp_name,winterbourne,Winterbourne,121075,121087,8,534,2,M_2913,PROPN
2914,booknlp,COREF,71,him,121100,121103,2,534,2,M_2914,Other
2915,booknlp,COREF,71,he,121105,121107,2,534,2,M_2915,Other
2916,booknlp,COREF,71,he,121176,121178,2,534,2,M_2916,Other
2917,exp,exp_name,mr. giovanelli,Mr. Giovanelli,121198,121212,2,534,2,M_2917,PROPN
2918,booknlp,COREF,71,his,121219,121222,2,534,2,M_2918,Other
2919,exp,exp_name,winterbourne,Winterbourne,121255,121267,8,535,2,M_2919,PROPN
2920,booknlp,COREF,43,he,121323,121325,8,535,2,M_2920,Other
2921,booknlp,COREF,43,his,121336,121339,8,535,2,M_2921,Other
2922,exp,exp_name,mrs. costello,Mrs. Costello,121346,121359,3,535,2,M_2922,PROPN
2923,exp,exp_name,mrs. costello,Mrs. Costello,121370,121383,3,535,2,M_2923,PROPN
2924,exp,exp_name,winterbourne,Winterbourne,121419,121431,8,535,2,M_2924,PROPN
2925,exp,exp_name,daisy miller,Daisy Miller,121453,121465,0,535,2,M_2925,PROPN
2926,booknlp,COREF,42,her,121470,121473,0,535,2,M_2926,Other
2927,booknlp,COREF,43,he,121502,121504,8,535,2,M_2927,Other
2928,booknlp,COREF,42,her,121514,121517,0,535,2,M_2928,Other
2929,booknlp,COREF,43,his,121521,121524,8,535,2,M_2929,Other
2930,booknlp,COREF,43,his,121546,121549,8,535,2,M_2930,Other
2931,booknlp,COREF,43,he,121566,121568,8,535,2,M_2931,Other
2932,booknlp,COREF,42,her,121578,121581,0,535,2,M_2932,Other
2933,booknlp,COREF,55,I,121595,121596,3,536,2,M_2933,Other
2934,booknlp,COREF,55,I,121605,121606,3,536,2,M_2934,Other
2935,exp,exp_name,mrs. costello,Mrs. Costello,121625,121638,3,536,2,M_2935,PROPN
2936,pdnc,qID,Q546-1,your,121649,121653,8,536,2,M_2936,Other
2937,pdnc,qID,Q546-1,her,121671,121674,0,536,2,M_2937,Other
2938,pdnc,qID,Q547-0,She,121679,121682,0,537,2,M_2938,Other
2939,booknlp,COREF,42,me,121688,121690,0,537,2,M_2939,Other
2940,pdnc,qID,Q547-0,her,121708,121711,0,537,2,M_2940,Other
2941,booknlp,COREF,42,I,121724,121725,0,537,2,M_2941,Other
2942,booknlp,COREF,42,I,121761,121762,0,537,2,M_2942,Other
2943,pdnc,qID,Q547-0,She,121789,121792,0,537,2,M_2943,Other
2944,exp,exp_name,mrs. costello,Mrs. Costello,121862,121875,3,538,2,M_2944,PROPN
2945,pdnc,qID,Q548-1,she,121893,121896,0,538,2,M_2945,Other
2946,exp,exp_name,winterbourne,Winterbourne,121940,121952,8,539,2,M_2946,PROPN
2947,booknlp,COREF,43,he,121993,121995,8,539,2,M_2947,Other
2948,pdnc,qID,Q549-0,You,122013,122016,3,539,2,M_2948,Other
2949,pdnc,qID,Q549-0,you,122048,122051,3,539,2,M_2949,Other
2950,booknlp,COREF,43,I,122070,122071,8,539,2,M_2950,Other
2951,booknlp,COREF,43,I,122102,122103,8,539,2,M_2951,Other
2952,booknlp,COREF,43,he,122158,122160,8,540,2,M_2952,Other
2953,booknlp,COREF,43,his,122255,122258,8,540,2,M_2953,Other
2954,booknlp,COREF,43,he,122293,122295,8,540,2,M_2954,Other
2955,booknlp,COREF,43,he,122335,122337,8,540,2,M_2955,Other
