,source,idColName,iden,text,startByte,endByte,pdncID,paraID,chapID,mID,mention_type
0,exp,exp_name,sherlock holmes,Sherlock Holmes,36,51,14,2,1,M_0,PROPN
1,booknlp,COREF,105,his,57,60,14,2,1,M_1,Other
2,booknlp,COREF,105,his,108,111,14,2,1,M_2,Other
3,booknlp,COREF,105,his,164,167,14,2,1,M_3,Other
4,booknlp,COREF,105,he,197,199,14,2,1,M_4,Other
5,booknlp,COREF,105,his,246,249,14,2,1,M_5,Other
6,booknlp,COREF,105,his,288,291,14,2,1,M_6,Other
7,booknlp,COREF,105,he,415,417,14,2,1,M_7,Other
8,booknlp,COREF,105,him,1008,1011,14,3,1,M_8,Other
9,booknlp,COREF,105,His,1093,1096,14,3,1,M_9,Other
10,booknlp,COREF,105,his,1111,1114,14,3,1,M_10,Other
11,booknlp,COREF,105,his,1170,1173,14,3,1,M_11,Other
12,booknlp,COREF,105,him,1251,1254,14,3,1,M_12,Other
13,booknlp,COREF,105,his,1412,1415,14,4,1,M_13,Other
14,booknlp,COREF,105,He,1529,1531,14,6,1,M_14,Other
15,booknlp,COREF,105,his,1539,1542,14,6,1,M_15,Other
16,booknlp,COREF,105,he,1597,1599,14,6,1,M_16,Other
17,booknlp,COREF,105,he,1629,1631,14,6,1,M_17,Other
18,pdnc,qID,Q1-1,you,1673,1676,21,6,1,M_18,Other
19,booknlp,COREF,105,He,1844,1846,14,8,1,M_19,Other
20,pdnc,qID,Q3-0,you,1880,1883,21,8,1,M_20,Other
21,pdnc,qID,Q3-0,Watson,1895,1901,21,8,1,M_21,Other
22,booknlp,COREF,105,he,1904,1906,14,8,1,M_22,Other
23,booknlp,COREF,105,I,1914,1915,14,8,1,M_23,Other
24,booknlp,COREF,105,I,1968,1969,14,8,1,M_24,Other
25,exp,exp_name,small,small,2086,2091,25,8,1,M_25,PROPN
26,pdnc,qID,Q4-1,Your,2154,2158,14,9,1,M_26,Other
27,pdnc,qID,Q4-1,you,2173,2176,14,9,1,M_27,Other
28,pdnc,qID,Q4-1,You,2333,2336,14,9,1,M_28,Other
29,pdnc,qID,Q4-1,you,2381,2384,14,9,1,M_29,Other
30,pdnc,qID,Q4-1,you,2441,2444,14,9,1,M_30,Other
31,pdnc,qID,Q4-1,you,2522,2525,14,9,1,M_31,Other
32,booknlp,COREF,105,he,2654,2656,14,9,1,M_32,Other
33,booknlp,COREF,105,He,2689,2691,14,10,1,M_33,Other
34,booknlp,COREF,105,he,2732,2734,14,10,1,M_34,Other
35,booknlp,COREF,105,his,2739,2742,14,10,1,M_35,Other
36,booknlp,COREF,105,his,2775,2778,14,10,1,M_36,Other
37,booknlp,COREF,105,his,2801,2804,14,10,1,M_37,Other
38,booknlp,COREF,105,My,2858,2860,14,11,1,M_38,Other
39,booknlp,COREF,105,he,2868,2870,14,11,1,M_39,Other
40,booknlp,COREF,105,me,2905,2907,14,11,1,M_40,Other
41,booknlp,COREF,105,me,2923,2925,14,11,1,M_41,Other
42,booknlp,COREF,105,me,2937,2939,14,11,1,M_42,Other
43,booknlp,COREF,105,I,3005,3006,14,11,1,M_43,Other
44,booknlp,COREF,105,my,3013,3015,14,11,1,M_44,Other
45,booknlp,COREF,105,I,3039,3040,14,11,1,M_45,Other
46,booknlp,COREF,105,I,3091,3092,14,11,1,M_46,Other
47,booknlp,COREF,105,I,3130,3131,14,11,1,M_47,Other
48,booknlp,COREF,105,I,3173,3174,14,11,1,M_48,Other
49,booknlp,COREF,105,my,3187,3189,14,11,1,M_49,Other
50,booknlp,COREF,105,I,3243,3244,14,11,1,M_50,Other
51,booknlp,COREF,105,he,3384,3386,14,13,1,M_51,Other
52,booknlp,COREF,105,I,3398,3399,14,13,1,M_52,Other
53,pdnc,qID,Q7-1,Athelney Jones,3482,3496,3,13,1,M_53,PROPN
54,booknlp,COREF,105,me,3588,3590,14,13,1,M_54,Other
55,booknlp,COREF,105,I,3592,3593,14,13,1,M_55,Other
56,booknlp,COREF,105,I,3664,3665,14,13,1,M_56,Other
57,booknlp,COREF,105,My,3697,3699,14,13,1,M_57,Other
58,booknlp,COREF,105,my,3783,3785,14,13,1,M_58,Other
59,booknlp,COREF,105,my,3806,3808,14,13,1,M_59,Other
60,pdnc,qID,Q7-1,you,3829,3832,21,13,1,M_60,Other
61,booknlp,COREF,105,my,3870,3872,14,13,1,M_61,Other
62,exp,exp_name,small,small,4024,4029,25,14,1,M_62,PROPN
63,pdnc,qID,Q9-1,you,4188,4191,21,15,1,M_63,Other
64,pdnc,qID,Q9-1,You,4312,4315,21,15,1,M_64,Other
65,pdnc,qID,Q9-1,you,4403,4406,21,15,1,M_65,Other
66,exp,exp_name,small,small,5165,5170,25,18,1,M_66,PROPN
67,booknlp,COREF,105,My,5438,5440,14,19,1,M_67,Other
68,exp,exp_name,holmes,Holmes,5496,5502,14,19,1,M_68,PROPN
69,booknlp,COREF,105,his,5530,5533,14,19,1,M_69,Other
70,booknlp,COREF,105,I,5556,5557,14,19,1,M_70,Other
71,pdnc,qID,Q12-1,you,5614,5617,21,19,1,M_71,Other
72,booknlp,COREF,105,I,5942,5943,14,19,1,M_72,Other
73,booknlp,COREF,105,him,5962,5965,14,19,1,M_73,Other
74,booknlp,COREF,105,him,6074,6077,14,19,1,M_74,Other
75,booknlp,COREF,105,I,6122,6123,14,19,1,M_75,Other
76,booknlp,COREF,105,my,6155,6157,14,19,1,M_76,Other
77,booknlp,COREF,105,He,6171,6173,14,19,1,M_77,Other
78,booknlp,COREF,105,he,6190,6192,14,19,1,M_78,Other
79,booknlp,COREF,105,He,6438,6440,14,20,1,M_79,Other
80,booknlp,COREF,105,his,6462,6465,14,20,1,M_80,Other
81,booknlp,COREF,105,he,6489,6491,14,21,1,M_81,Other
82,booknlp,COREF,105,my,6498,6500,14,21,1,M_82,Other
83,exp,exp_name,sherlock holmes,Sherlock Holmes,6530,6545,14,21,1,M_83,PROPN
84,booknlp,COREF,105,He,6557,6559,14,21,1,M_84,Other
85,booknlp,COREF,105,himself,6583,6590,14,21,1,M_85,Other
86,booknlp,COREF,105,He,6592,6594,14,21,1,M_86,Other
87,booknlp,COREF,105,He,6671,6673,14,21,1,M_87,Other
88,booknlp,COREF,105,He,6726,6728,14,21,1,M_88,Other
89,booknlp,COREF,105,He,6786,6788,14,21,1,M_89,Other
90,booknlp,COREF,105,my,6808,6810,14,21,1,M_90,Other
91,exp,exp_name,small,small,6811,6816,25,21,1,M_91,PROPN
92,pdnc,qID,Q15-0,Your,6839,6843,14,22,1,M_92,Other
93,pdnc,qID,Q16-0,you,6865,6868,21,23,1,M_93,Other
94,booknlp,COREF,105,he,6876,6878,14,23,1,M_94,Other
95,booknlp,COREF,105,I,6902,6903,14,23,1,M_95,Other
96,booknlp,COREF,105,I,7081,7082,14,23,1,M_96,Other
97,pdnc,qID,Q17-0,You,7668,7671,14,24,1,M_97,Other
98,booknlp,COREF,105,I,7729,7730,14,25,1,M_98,Other
99,booknlp,COREF,105,my,7768,7770,14,25,1,M_99,Other
100,booknlp,COREF,105,I,8261,8262,14,25,1,M_100,Other
101,pdnc,qID,Q18-0,you,8269,8272,21,25,1,M_101,Other
102,booknlp,COREF,105,my,8278,8280,14,25,1,M_102,Other
103,pdnc,qID,Q19-1,your,8423,8427,14,26,1,M_103,Other
104,pdnc,qID,Q19-1,you,8461,8464,14,26,1,M_104,Other
105,pdnc,qID,Q20-1,you,8721,8724,21,27,1,M_105,Other
106,booknlp,COREF,105,you,8826,8829,14,27,1,M_106,Other
107,pdnc,qID,Q21-1,you,8930,8933,14,28,1,M_107,Other
108,pdnc,qID,Q22-1,you,9247,9250,21,29,1,M_108,Other
109,booknlp,COREF,105,your,9291,9295,14,29,1,M_109,Other
110,pdnc,qID,Q23-0,you,9661,9664,14,30,1,M_110,Other
111,pdnc,qID,Q24-0,you,9716,9719,21,31,1,M_111,Other
112,pdnc,qID,Q24-0,you,9770,9773,21,31,1,M_112,Other
113,booknlp,COREF,105,your,9801,9805,14,31,1,M_113,Other
114,pdnc,qID,Q24-0,you,9827,9830,21,31,1,M_114,Other
115,pdnc,qID,Q24-0,you,9899,9902,21,31,1,M_115,Other
116,pdnc,qID,Q25-1,you,10132,10135,14,32,1,M_116,Other
117,pdnc,qID,Q25-1,you,10164,10167,14,32,1,M_117,Other
118,booknlp,COREF,105,your,10206,10210,14,32,1,M_118,Other
119,pdnc,qID,Q26-1,you,10389,10392,21,33,1,M_119,Other
120,pdnc,qID,Q27-0,you,10429,10432,14,34,1,M_120,Other
121,pdnc,qID,Q27-0,you,10685,10688,14,34,1,M_121,Other
122,pdnc,qID,Q29-0,You,11413,11416,14,37,1,M_122,Other
123,pdnc,qID,Q30-1,your,11792,11796,21,38,1,M_123,Other
124,pdnc,qID,Q30-1,your,11851,11855,21,38,1,M_124,Other
125,pdnc,qID,Q30-1,your,11893,11897,21,38,1,M_125,Other
126,pdnc,qID,Q31-0,you,11914,11917,14,39,1,M_126,Other
127,pdnc,qID,Q32-0,your,11995,11999,21,40,1,M_127,Other
128,pdnc,qID,Q32-0,Your,12245,12249,21,40,1,M_128,Other
129,pdnc,qID,Q32-0,your,12345,12349,21,40,1,M_129,Other
130,pdnc,qID,Q35-0,you,12803,12806,14,44,1,M_130,Other
131,pdnc,qID,Q35-0,Holmes,12808,12814,14,44,1,M_131,Other
132,pdnc,qID,Q35-1,you,12857,12860,14,44,1,M_132,Other
133,pdnc,qID,Q35-1,You,12891,12894,14,44,1,M_133,Other
134,pdnc,qID,Q35-1,you,12958,12961,14,44,1,M_134,Other
135,pdnc,qID,Q35-1,You,13021,13024,14,44,1,M_135,Other
136,pdnc,qID,Q35-1,you,13058,13061,14,44,1,M_136,Other
137,pdnc,qID,Q36-0,My dear doctor,13176,13190,21,45,1,M_137,Other
138,pdnc,qID,Q36-1,you,13344,13347,21,45,1,M_138,Other
139,pdnc,qID,Q36-1,you,13358,13361,21,45,1,M_139,Other
140,pdnc,qID,Q36-1,you,13400,13403,21,45,1,M_140,Other
141,pdnc,qID,Q36-1,you,13424,13427,21,45,1,M_141,Other
142,pdnc,qID,Q37-0,you,13502,13505,14,46,1,M_142,Other
143,pdnc,qID,Q40-0,you,13838,13841,21,49,1,M_143,Other
144,pdnc,qID,Q40-0,you,13861,13864,21,49,1,M_144,Other
145,exp,exp_name,small,small,13914,13919,25,49,1,M_145,PROPN
146,pdnc,qID,Q40-0,your,14003,14007,21,49,1,M_146,Other
147,pdnc,qID,Q40-0,you,14035,14038,21,49,1,M_147,Other
148,pdnc,qID,Q40-0,you,14081,14084,21,49,1,M_148,Other
149,pdnc,qID,Q41-0,you,15078,15081,21,51,1,M_149,Other
150,pdnc,qID,Q41-0,you,15285,15288,21,51,1,M_150,Other
151,pdnc,qID,Q42-1,you,15522,15525,14,52,1,M_151,Other
152,pdnc,qID,Q42-1,your,15559,15563,14,52,1,M_152,Other
153,pdnc,qID,Q42-1,you,15602,15605,14,52,1,M_153,Other
154,pdnc,qID,Q44-0,A young lady,16322,16334,12,55,1,M_154,Other
155,pdnc,qID,Q44-0,you,16339,16342,14,55,1,M_155,Other
156,pdnc,qID,Q44-0,sir,16344,16347,14,55,1,M_156,PROPN
157,pdnc,qID,Q45-0,Miss Mary Morstan,16387,16404,12,56,1,M_157,PROPN
158,pdnc,qID,Q45-1,the young lady,16462,16476,12,56,1,M_158,Other
159,pdnc,qID,Q45-1,Mrs. Hudson,16489,16500,17,56,1,M_159,PROPN
160,pdnc,qID,Q45-1,doctor,16512,16518,21,56,1,M_160,Other
161,pdnc,qID,Q45-1,you,16541,16544,21,56,1,M_161,Other
162,exp,exp_name,miss morstan,Miss Morstan,16595,16607,12,58,2,M_162,PROPN
163,exp,exp_name,small,small,16707,16712,25,58,2,M_163,PROPN
164,exp,exp_name,small,small,16967,16972,25,58,2,M_164,PROPN
165,exp,exp_name,sherlock holmes,Sherlock Holmes,17480,17495,14,58,2,M_165,PROPN
166,pdnc,qID,Q46-0,you,17621,17624,14,59,2,M_166,Other
167,pdnc,qID,Q46-0,Mr. Holmes,17626,17636,14,59,2,M_167,PROPN
168,pdnc,qID,Q46-1,you,17658,17661,14,59,2,M_168,Other
169,pdnc,qID,Q46-1,my employer,17675,17686,16,59,2,M_169,Other
170,pdnc,qID,Q46-1,Mrs. Cecil Forrester,17688,17708,16,59,2,M_170,PROPN
171,pdnc,qID,Q46-1,She,17753,17756,16,59,2,M_171,Other
172,pdnc,qID,Q46-1,your,17779,17783,14,59,2,M_172,Other
173,pdnc,qID,Q47-0,Mrs. Cecil Forrester,17807,17827,16,60,2,M_173,PROPN
174,booknlp,COREF,105,he,17830,17832,14,60,2,M_174,Other
175,booknlp,COREF,105,I,17857,17858,14,60,2,M_175,Other
176,booknlp,COREF,105,I,17872,17873,14,60,2,M_176,Other
177,pdnc,qID,Q47-1,her,17904,17907,16,60,2,M_177,Other
178,booknlp,COREF,105,I,17931,17932,14,60,2,M_178,Other
179,pdnc,qID,Q48-0,She,17972,17975,16,61,2,M_179,Other
180,pdnc,qID,Q48-0,you,18007,18010,14,61,2,M_180,Other
181,booknlp,COREF,105,mine,18034,18038,14,61,2,M_181,Other
182,booknlp,COREF,105,I,18040,18041,14,61,2,M_182,Other
183,booknlp,COREF,105,I,18139,18140,14,61,2,M_183,Other
184,booknlp,COREF,105,myself,18146,18152,14,61,2,M_184,Other
185,exp,exp_name,holmes,Holmes,18156,18162,14,62,2,M_185,PROPN
186,booknlp,COREF,105,his,18170,18173,14,62,2,M_186,Other
187,booknlp,COREF,105,his,18185,18188,14,62,2,M_187,Other
188,booknlp,COREF,105,He,18205,18207,14,62,2,M_188,Other
189,booknlp,COREF,105,his,18226,18229,14,62,2,M_189,Other
190,booknlp,COREF,105,his,18291,18294,14,62,2,M_190,Other
191,pdnc,qID,Q49-0,your,18332,18336,12,62,2,M_191,Other
192,booknlp,COREF,105,he,18349,18351,14,62,2,M_192,Other
193,pdnc,qID,Q51-0,your friend,18567,18578,21,64,2,M_193,Other
194,pdnc,qID,Q51-1,he,18622,18624,21,64,2,M_194,Other
195,pdnc,qID,Q52-1,My father,18741,18750,5,66,2,M_195,Other
196,pdnc,qID,Q52-1,my father,19036,19045,5,66,2,M_196,Other
197,pdnc,qID,Q52-1,his,19073,19076,5,66,2,M_197,Other
198,pdnc,qID,Q52-1,He,19132,19134,5,66,2,M_198,Other
199,pdnc,qID,Q52-1,he,19170,19172,5,66,2,M_199,Other
200,pdnc,qID,Q52-1,his,19261,19264,5,66,2,M_200,Other
201,pdnc,qID,Q52-1,His,19274,19277,5,66,2,M_201,Other
202,pdnc,qID,Q52-1,Captain Morstan,19398,19413,5,66,2,M_202,PROPN
203,pdnc,qID,Q52-1,he,19442,19444,5,66,2,M_203,Other
204,pdnc,qID,Q52-1,him,19534,19537,5,66,2,M_204,Other
205,pdnc,qID,Q52-1,my unfortunate father,19765,19786,5,66,2,M_205,Other
206,pdnc,qID,Q52-1,He,19788,19790,5,66,2,M_206,Other
207,pdnc,qID,Q52-1,his,19806,19809,5,66,2,M_207,Other
208,exp,exp_name,holmes,Holmes,19971,19977,14,67,2,M_208,PROPN
209,booknlp,COREF,105,his,19987,19990,14,67,2,M_209,Other
210,pdnc,qID,Q54-0,He,20004,20006,5,68,2,M_210,Other
211,pdnc,qID,Q55-0,His,20076,20079,5,69,2,M_211,Other
212,pdnc,qID,Q56-0,He,20251,20253,5,70,2,M_212,Other
213,pdnc,qID,Q57-0,he,20328,20330,5,71,2,M_213,Other
214,pdnc,qID,Q58-0,Major Sholto,20381,20393,11,72,2,M_214,PROPN
215,pdnc,qID,Q58-0,his,20398,20401,5,72,2,M_215,Other
216,pdnc,qID,Q58-0,him,20538,20541,11,72,2,M_216,Other
217,pdnc,qID,Q58-0,he,20558,20560,11,72,2,M_217,Other
218,pdnc,qID,Q58-0,his,20584,20587,11,72,2,M_218,Other
219,exp,exp_name,holmes,Holmes,20650,20656,14,73,2,M_219,PROPN
220,pdnc,qID,Q60-0,Miss Mary Morstan,20842,20859,12,74,2,M_220,PROPN
221,pdnc,qID,Q60-0,her,20892,20895,12,74,2,M_221,Other
222,pdnc,qID,Q60-0,Mrs. Cecil Forrester,21008,21028,16,74,2,M_222,PROPN
223,pdnc,qID,Q60-0,her,21062,21065,16,74,2,M_223,Other
224,exp,exp_name,small,small,21171,21176,25,74,2,M_224,PROPN
225,pdnc,qID,Q61-0,Your,21691,21695,12,75,2,M_225,Other
226,exp,exp_name,sherlock holmes,Sherlock Holmes,21733,21748,14,75,2,M_226,PROPN
227,pdnc,qID,Q61-1,you,21781,21784,12,75,2,M_227,Other
228,pdnc,qID,Q62-0,you,21847,21850,14,76,2,M_228,Other
229,pdnc,qID,Q62-0,you,21895,21898,14,76,2,M_229,Other
230,pdnc,qID,Q63-0,you,21940,21943,12,77,2,M_230,Other
231,exp,exp_name,holmes,Holmes,21951,21957,14,77,2,M_231,PROPN
232,pdnc,qID,Q63-2,you,22491,22494,12,77,2,M_232,Other
233,pdnc,qID,Q63-2,Miss Morstan,22509,22521,12,77,2,M_233,PROPN
234,pdnc,qID,Q64-0,you,22561,22564,14,78,2,M_234,Other
235,pdnc,qID,Q65-0,You,22602,22605,12,79,2,M_235,Other
236,booknlp,COREF,105,I,22610,22611,14,79,2,M_236,Other
237,pdnc,qID,Q65-0,Dr. Watson,22626,22636,21,79,2,M_237,PROPN
238,pdnc,qID,Q65-0,Your,22654,22658,12,79,2,M_238,Other
239,pdnc,qID,Q65-0,He,22691,22693,21,79,2,M_239,Other
240,booknlp,COREF,105,I,22698,22699,14,79,2,M_240,Other
241,pdnc,qID,Q66-0,he,22742,22744,21,80,2,M_241,Other
242,pdnc,qID,Q69-0,You,23057,23060,12,83,2,M_242,Other
243,exp,exp_name,holmes,Holmes,23086,23092,14,83,2,M_243,PROPN
244,pdnc,qID,Q71-0,You,23275,23278,12,85,2,M_244,Other
245,pdnc,qID,Q71-0,You,23309,23312,12,85,2,M_245,Other
246,booknlp,COREF,105,He,23359,23361,14,85,2,M_246,Other
247,booknlp,COREF,105,he,23502,23504,14,85,2,M_247,Other
248,booknlp,COREF,105,I,23703,23704,14,85,2,M_248,Other
249,pdnc,qID,Q71-2,Miss Morstan,23745,23757,12,85,2,M_249,PROPN
250,pdnc,qID,Q71-2,your father,23818,23829,5,85,2,M_250,Other
251,booknlp,COREF,105,I,23867,23868,14,87,2,M_251,Other
252,pdnc,qID,Q73-0,you,23886,23889,12,87,2,M_252,Other
253,pdnc,qID,Q73-0,you,23920,23923,12,87,2,M_253,Other
254,booknlp,COREF,105,me,23950,23952,14,87,2,M_254,Other
255,booknlp,COREF,105,I,23973,23974,14,87,2,M_255,Other
256,pdnc,qID,Q75-0,woman,24390,24395,12,89,2,M_256,Other
257,pdnc,qID,Q76-0,she,24512,24515,12,90,2,M_257,Other
258,pdnc,qID,Q77-0,You,24561,24564,14,91,2,M_258,Other
259,pdnc,qID,Q77-1,you,24665,24668,14,91,2,M_259,Other
260,pdnc,qID,Q78-1,your,24755,24759,21,92,2,M_260,Other
261,pdnc,qID,Q78-1,you,24929,24932,21,92,2,M_261,Other
262,pdnc,qID,Q80-0,you,25271,25274,21,94,2,M_262,Other
263,pdnc,qID,Q80-0,you,25336,25339,21,94,2,M_263,Other
264,exp,exp_name,holmes,Holmes,25472,25478,14,96,2,M_264,PROPN
265,booknlp,COREF,105,his,25485,25488,14,96,2,M_265,Other
266,booknlp,COREF,105,he,25523,25525,14,96,2,M_266,Other
267,booknlp,COREF,105,I,25779,25780,14,96,2,M_267,Other
268,booknlp,COREF,105,I,25799,25800,14,96,2,M_268,Other
269,booknlp,COREF,105,me,25839,25841,14,96,2,M_269,Other
270,booknlp,COREF,105,I,25945,25946,14,96,2,M_270,Other
271,exp,exp_name,holmes,Holmes,26948,26954,14,99,3,M_271,PROPN
272,booknlp,COREF,105,He,26965,26967,14,99,3,M_272,Other
273,booknlp,COREF,105,his,27029,27032,14,99,3,M_273,Other
274,booknlp,COREF,105,he,27132,27134,14,100,3,M_274,Other
275,booknlp,COREF,105,him,27190,27193,14,100,3,M_275,Other
276,pdnc,qID,Q83-0,you,27256,27259,14,101,3,M_276,Other
277,booknlp,COREF,105,I,27324,27325,14,102,3,M_277,Other
278,booknlp,COREF,105,I,27444,27445,14,102,3,M_278,Other
279,pdnc,qID,Q84-0,Major Sholto,27513,27525,11,102,3,M_279,PROPN
280,booknlp,COREF,105,I,27617,27618,14,103,3,M_280,Other
281,pdnc,qID,Q85-0,Holmes,27639,27645,14,103,3,M_281,Other
282,booknlp,COREF,105,I,27651,27652,14,103,3,M_282,Other
283,pdnc,qID,Q86-0,You,27692,27695,21,104,3,M_283,Other
284,booknlp,COREF,105,me,27705,27707,14,104,3,M_284,Other
285,pdnc,qID,Q86-0,Captain Morstan,27739,27754,5,104,3,M_285,PROPN
286,pdnc,qID,Q86-0,he,27798,27800,5,104,3,M_286,Other
287,pdnc,qID,Q86-0,Major Sholto,27823,27835,11,104,3,M_287,PROPN
288,pdnc,qID,Q86-0,Major Sholto,27837,27849,11,104,3,M_288,PROPN
289,pdnc,qID,Q86-0,he,27875,27877,5,104,3,M_289,Other
290,pdnc,qID,Q86-0,Sholto,27910,27916,11,104,3,M_290,PROPN
291,pdnc,qID,Q86-0,Captain Morstan s daughter,27952,27978,12,104,3,M_291,Other
292,pdnc,qID,Q86-0,her,28092,28095,12,104,3,M_292,Other
293,pdnc,qID,Q86-0,her father,28170,28180,5,104,3,M_293,Other
294,pdnc,qID,Q86-0,Sholto,28234,28240,11,104,3,M_294,PROPN
295,pdnc,qID,Q86-0,Sholto,28268,28274,11,104,3,M_295,PROPN
296,pdnc,qID,Q86-0,you,28352,28355,21,104,3,M_296,Other
297,pdnc,qID,Q87-0,he,28483,28485,5,105,3,M_297,Other
298,pdnc,qID,Q87-0,her,28568,28571,12,105,3,M_298,Other
299,pdnc,qID,Q87-0,she,28598,28601,12,105,3,M_299,Other
300,pdnc,qID,Q87-0,her father,28639,28649,5,105,3,M_300,Other
301,pdnc,qID,Q87-0,her,28697,28700,12,105,3,M_301,Other
302,pdnc,qID,Q87-0,you,28711,28714,14,105,3,M_302,Other
303,exp,exp_name,sherlock holmes,Sherlock Holmes,28791,28806,14,106,3,M_303,PROPN
304,pdnc,qID,Q88-1,Miss Morstan,28904,28916,12,106,3,M_304,PROPN
305,pdnc,qID,Q88-1,you,28932,28935,21,106,3,M_305,Other
306,exp,exp_name,holmes,Holmes,29073,29079,14,107,3,M_306,PROPN
307,booknlp,COREF,105,his,29085,29088,14,107,3,M_307,Other
308,booknlp,COREF,105,his,29103,29106,14,107,3,M_308,Other
309,booknlp,COREF,105,his,29134,29137,14,107,3,M_309,Other
310,booknlp,COREF,105,he,29164,29166,14,107,3,M_310,Other
311,exp,exp_name,miss morstan,Miss Morstan,29222,29234,12,108,3,M_311,PROPN
312,exp,exp_name,sherlock holmes,Sherlock Holmes,29532,29547,14,108,3,M_312,PROPN
313,pdnc,qID,Q89-0,Major Sholto,29562,29574,11,109,3,M_313,PROPN
314,pdnc,qID,Q89-0,papa,29607,29611,5,109,3,M_314,Other
315,pdnc,qID,Q89-1,He,29676,29678,11,109,3,M_315,Other
316,pdnc,qID,Q89-1,papa,29683,29687,5,109,3,M_316,Other
317,pdnc,qID,Q89-1,papa,29826,29830,5,109,3,M_317,Other
318,pdnc,qID,Q89-1,you,29939,29942,14,109,3,M_318,Other
319,exp,exp_name,holmes,Holmes,30004,30010,14,110,3,M_319,PROPN
320,booknlp,COREF,105,his,30065,30068,14,110,3,M_320,Other
321,booknlp,COREF,105,He,30075,30077,14,110,3,M_321,Other
322,booknlp,COREF,105,his,30127,30130,14,110,3,M_322,Other
323,booknlp,COREF,105,he,30189,30191,14,111,3,M_323,Other
324,exp,exp_name,small,small,30380,30385,25,111,3,M_324,PROPN
325,exp,exp_name,jonathan small,Jonathan Small,30654,30668,23,111,3,M_325,PROPN
326,exp,exp_name,mahomet singh,Mahomet Singh,30670,30683,10,111,3,M_326,PROPN
327,exp,exp_name,abdullah khan,Abdullah Khan,30685,30698,1,111,3,M_327,PROPN
328,exp,exp_name,dost akbar,Dost Akbar,30700,30710,6,111,3,M_328,PROPN
329,booknlp,COREF,105,I,30717,30718,14,111,3,M_329,Other
330,booknlp,COREF,105,I,30732,30733,14,111,3,M_330,Other
331,pdnc,qID,Q91-0,his,30924,30927,5,112,3,M_331,Other
332,pdnc,qID,Q92-0,Miss Morstan,30990,31002,12,113,3,M_332,PROPN
333,booknlp,COREF,105,I,31041,31042,14,113,3,M_333,Other
334,booknlp,COREF,105,I,31129,31130,14,113,3,M_334,Other
335,booknlp,COREF,105,I,31150,31151,14,113,3,M_335,Other
336,booknlp,COREF,105,my,31168,31170,14,113,3,M_336,Other
337,booknlp,COREF,105,He,31179,31181,14,113,3,M_337,Other
338,booknlp,COREF,105,his,31225,31228,14,113,3,M_338,Other
339,booknlp,COREF,105,his,31244,31247,14,113,3,M_339,Other
340,booknlp,COREF,105,he,31264,31266,14,113,3,M_340,Other
341,exp,exp_name,miss morstan,Miss Morstan,31290,31302,12,113,3,M_341,PROPN
342,booknlp,COREF,105,his,31417,31420,14,113,3,M_342,Other
343,exp,exp_name,miss morstan,Miss Morstan,32415,32427,12,114,3,M_343,PROPN
344,exp,exp_name,holmes,Holmes,32483,32489,14,114,3,M_344,PROPN
345,exp,exp_name,"a small, dark, brisk man","a small, dark, brisk man",32980,33004,28,115,3,M_345,PROPN
346,exp,exp_name,coachman,coachman,33023,33031,28,115,3,M_346,PROPN
347,pdnc,qID,Q93-0,Miss Morstan,33081,33093,12,116,3,M_347,PROPN
348,pdnc,qID,Q94-0,Miss Morstan,33113,33125,12,117,3,M_348,PROPN
349,pdnc,qID,Q95-0,You,33252,33255,12,118,3,M_349,Other
350,pdnc,qID,Q95-0,miss,33272,33276,12,118,3,M_350,Other
351,pdnc,qID,Q95-1,you,33335,33338,12,118,3,M_351,Other
352,pdnc,qID,Q95-1,your,33350,33354,12,118,3,M_352,Other
353,pdnc,qID,Q96-0,you,33423,33426,28,119,3,M_353,Other
354,exp,exp_name,miss morstan,Miss Morstan,34031,34043,12,121,3,M_354,PROPN
355,exp,exp_name,sherlock holmes,Sherlock Holmes,34733,34748,14,121,3,M_355,PROPN
356,booknlp,COREF,105,he,34782,34784,14,121,3,M_356,Other
357,booknlp,COREF,105,he,34901,34903,14,122,3,M_357,Other
358,booknlp,COREF,105,I,35023,35024,14,122,3,M_358,Other
359,pdnc,qID,Q97-1,You,35063,35066,21,122,3,M_359,Other
360,exp,exp_name,a hindoo servant,a Hindoo servant,36187,36203,8,125,3,M_360,PROPN
361,pdnc,qID,Q99-0,Sahib,36424,36429,19,126,3,M_361,Other
362,exp,exp_name,a high piping voice,a high piping voice,36484,36503,19,126,3,M_362,PROPN
363,pdnc,qID,Q100-0,khitmutgar,36547,36557,8,126,3,M_363,Other
364,exp,exp_name,small,small,36887,36892,25,128,4,M_364,PROPN
365,pdnc,qID,Q101-0,Miss Morstan,37542,37554,12,129,4,M_365,PROPN
366,exp,exp_name,small,small,37661,37666,25,129,4,M_366,PROPN
367,pdnc,qID,Q101-1,miss,37674,37678,12,129,4,M_367,Other
368,pdnc,qID,Q102-0,Mr. Thaddeus Sholto,38549,38568,19,131,4,M_368,PROPN
369,pdnc,qID,Q102-1,You,38637,38640,12,131,4,M_369,Other
370,pdnc,qID,Q102-1,Miss Morstan,38645,38657,12,131,4,M_370,PROPN
371,pdnc,qID,Q103-0,Mr. Sherlock Holmes,38702,38721,14,132,4,M_371,PROPN
372,pdnc,qID,Q103-0,Dr. Watson,38735,38745,21,132,4,M_372,PROPN
373,pdnc,qID,Q104-1,you,38795,38798,21,133,4,M_373,Other
374,pdnc,qID,Q104-1,your,38799,38803,21,133,4,M_374,Other
375,pdnc,qID,Q104-1,you,38829,38832,21,133,4,M_375,Other
376,pdnc,qID,Q104-1,you,38839,38842,21,133,4,M_376,Other
377,pdnc,qID,Q104-1,you,38908,38911,21,133,4,M_377,Other
378,pdnc,qID,Q104-1,your,38982,38986,21,133,4,M_378,Other
379,pdnc,qID,Q105-1,You,39210,39213,19,134,4,M_379,Other
380,pdnc,qID,Q106-0,You,39247,39250,12,135,4,M_380,Other
381,pdnc,qID,Q106-0,Miss Morstan,39275,39287,12,135,4,M_381,PROPN
382,pdnc,qID,Q106-1,your father,39438,39449,5,135,4,M_382,Other
383,pdnc,qID,Q106-1,Miss Morstan,39451,39463,12,135,4,M_383,PROPN
384,pdnc,qID,Q106-1,his,39503,39506,5,135,4,M_384,Other
385,pdnc,qID,Q106-1,he,39514,39516,5,135,4,M_385,Other
386,exp,exp_name,miss morstan,Miss Morstan,39668,39680,12,136,4,M_386,PROPN
387,pdnc,qID,Q107-0,he,39753,39755,5,136,4,M_387,Other
388,pdnc,qID,Q108-0,you,39790,39793,12,137,4,M_388,Other
389,pdnc,qID,Q108-1,you,39852,39855,12,137,4,M_389,Other
390,pdnc,qID,Q108-1,Brother Bartholomew,39891,39910,4,137,4,M_390,PROPN
391,pdnc,qID,Q108-1,you,39985,39988,12,137,4,M_391,Other
392,pdnc,qID,Q108-1,Brother Bartholomew,40087,40106,4,137,4,M_392,PROPN
393,pdnc,qID,Q108-1,Brother Bartholomew,40265,40284,4,137,4,M_393,PROPN
394,booknlp,COREF,105,my,40410,40412,14,138,4,M_394,Other
395,exp,exp_name,holmes,Holmes,40425,40431,14,138,4,M_395,PROPN
396,pdnc,qID,Q109-1,you,40443,40446,19,138,4,M_396,Other
397,pdnc,qID,Q110-1,you,40571,40574,12,140,4,M_397,Other
398,pdnc,qID,Q110-1,Miss Morstan,40595,40607,12,140,4,M_398,PROPN
399,pdnc,qID,Q110-1,you,40696,40699,12,140,4,M_399,Other
400,pdnc,qID,Q110-2,you,41194,41197,12,141,4,M_400,Other
401,pdnc,qID,Q110-3,you,41229,41232,12,141,4,M_401,Other
402,pdnc,qID,Q110-3,you,41263,41266,12,141,4,M_402,Other
403,pdnc,qID,Q110-3,you,41327,41330,12,141,4,M_403,Other
404,pdnc,qID,Q110-3,my man Williams,41407,41422,28,141,4,M_404,Other
405,pdnc,qID,Q110-3,you,41444,41447,12,141,4,M_405,Other
406,pdnc,qID,Q110-3,his,41485,41488,28,141,4,M_406,Other
407,pdnc,qID,Q110-3,he,41505,41507,28,141,4,M_407,Other
408,pdnc,qID,Q110-3,he,41523,41525,28,141,4,M_408,Other
409,pdnc,qID,Q110-3,You,41582,41585,12,141,4,M_409,Other
410,pdnc,qID,Q110-3,you,41869,41872,12,141,4,M_410,Other
411,pdnc,qID,Q111-0,You,42203,42206,19,142,4,M_411,Other
412,pdnc,qID,Q111-0,Mr. Sholto,42223,42233,19,142,4,M_412,PROPN
413,exp,exp_name,miss morstan,Miss Morstan,42241,42253,12,142,4,M_413,PROPN
414,pdnc,qID,Q111-1,your,42273,42277,19,142,4,M_414,Other
415,pdnc,qID,Q111-1,you,42311,42314,19,142,4,M_415,Other
416,pdnc,qID,Q112-1,Brother Bartholomew,42520,42539,4,143,4,M_416,PROPN
417,pdnc,qID,Q112-1,Brother Bartholomew,42593,42612,4,143,4,M_417,PROPN
418,pdnc,qID,Q112-1,He,42614,42616,4,143,4,M_418,Other
419,pdnc,qID,Q112-1,him,42719,42722,4,143,4,M_419,Other
420,pdnc,qID,Q112-1,You,42735,42738,12,143,4,M_420,Other
421,pdnc,qID,Q112-1,he,42777,42779,4,143,4,M_421,Other
422,pdnc,qID,Q112-1,he,42788,42790,4,143,4,M_422,Other
423,pdnc,qID,Q114-1,he,42996,42998,4,145,4,M_423,Other
424,exp,exp_name,major john sholto,Major John Sholto,43334,43351,33,146,4,M_424,PROPN
425,pdnc,qID,Q114-2,him,43517,43520,11,146,4,M_425,Other
426,pdnc,qID,Q114-2,he,43648,43650,11,146,4,M_426,Other
427,pdnc,qID,Q114-2,My twin-brother Bartholomew,43702,43729,4,146,4,M_427,Other
428,pdnc,qID,Q114-3,Captain Morstan,43838,43853,5,147,4,M_428,PROPN
429,pdnc,qID,Q114-3,he,43908,43910,5,147,4,M_429,Other
430,pdnc,qID,Q114-3,our father,43932,43942,11,147,4,M_430,Other
431,pdnc,qID,Q114-3,he,44101,44103,11,147,4,M_431,Other
432,pdnc,qID,Q114-3,Arthur Morstan,44193,44207,5,147,4,M_432,PROPN
433,pdnc,qID,Q114-4,our father,44281,44291,11,148,4,M_433,Other
434,pdnc,qID,Q114-4,He,44293,44295,11,148,4,M_434,Other
435,pdnc,qID,Q114-4,Williams,44415,44423,28,148,4,M_435,PROPN
436,booknlp,COREF,128,He,44466,44468,28,148,4,M_436,Other
437,pdnc,qID,Q114-4,Our father,44512,44522,11,148,4,M_437,Other
438,pdnc,qID,Q114-4,he,44555,44557,11,148,4,M_438,Other
439,pdnc,qID,Q114-4,he,44570,44572,11,148,4,M_439,Other
440,pdnc,qID,Q114-4,he,44641,44643,11,148,4,M_440,Other
441,pdnc,qID,Q114-4,his,44659,44662,11,148,4,M_441,Other
442,exp,exp_name,wooden-legged man,wooden-legged man,44677,44694,23,148,4,M_442,PROPN
443,pdnc,qID,Q114-4,My brother,44806,44816,4,148,4,M_443,Other
444,pdnc,qID,Q114-4,my father,44857,44866,11,148,4,M_444,Other
445,pdnc,qID,Q114-5,he,45410,45412,11,149,4,M_445,Other
446,pdnc,qID,Q114-6,he,45483,45485,11,150,4,M_446,Other
447,pdnc,qID,Q114-6,He,45537,45539,11,150,4,M_447,Other
448,pdnc,qID,Q114-6,he,45636,45638,11,150,4,M_448,Other
449,pdnc,qID,Q114-6,his,45767,45770,11,150,4,M_449,Other
450,pdnc,qID,Q114-7,he,45814,45816,11,151,4,M_450,Other
451,exp,exp_name,morstan,Morstan,45901,45908,5,151,4,M_451,PROPN
452,exp,exp_name,morstan,Morstan,46620,46627,5,152,4,M_452,PROPN
453,pdnc,qID,Q114-8,he,46635,46637,11,152,4,M_453,Other
454,booknlp,COREF,131,He,46650,46652,5,152,4,M_454,Other
455,booknlp,COREF,131,he,46699,46701,5,152,4,M_455,Other
456,booknlp,COREF,131,he,46763,46765,5,152,4,M_456,Other
457,exp,exp_name,morstan,Morstan,46917,46924,5,152,4,M_457,PROPN
458,booknlp,COREF,131,he,46935,46937,5,152,4,M_458,Other
459,booknlp,COREF,131,his,46971,46974,5,152,4,M_459,Other
460,booknlp,COREF,131,He,46982,46984,5,152,4,M_460,Other
461,exp,exp_name,morstan,Morstan,47081,47088,5,152,4,M_461,PROPN
462,exp,exp_name,morstan,Morstan,47188,47195,5,152,4,M_462,PROPN
463,booknlp,COREF,131,his,47214,47217,5,152,4,M_463,Other
464,booknlp,COREF,131,he,47253,47255,5,152,4,M_464,Other
465,booknlp,COREF,131,his,47273,47276,5,152,4,M_465,Other
466,booknlp,COREF,131,his,47285,47288,5,152,4,M_466,Other
467,booknlp,COREF,131,his,47295,47298,5,152,4,M_467,Other
468,booknlp,COREF,131,he,47328,47330,5,152,4,M_468,Other
469,booknlp,COREF,131,his,47355,47358,5,152,4,M_469,Other
470,booknlp,COREF,131,him,47426,47429,5,152,4,M_470,Other
471,booknlp,COREF,131,he,47458,47460,5,152,4,M_471,Other
472,booknlp,COREF,131,his,47683,47686,5,153,4,M_472,Other
473,booknlp,COREF,131,His,47695,47698,5,153,4,M_473,Other
474,booknlp,COREF,131,his,47749,47752,5,153,4,M_474,Other
475,booknlp,COREF,131,He,47932,47934,5,153,4,M_475,Other
476,booknlp,COREF,131,he,47982,47984,5,153,4,M_476,Other
477,exp,exp_name,sahib,Sahib,48223,48228,34,154,4,M_477,PROPN
478,booknlp,COREF,122,you,48263,48266,34,154,4,M_478,Other
479,exp,exp_name,sahib,Sahib,48415,48420,34,154,4,M_479,PROPN
480,booknlp,COREF,122,you,48441,48444,34,154,4,M_480,Other
481,exp,exp_name,captain morstan,Captain Morstan,48856,48871,5,154,4,M_481,PROPN
482,booknlp,COREF,122,You,48873,48876,34,154,4,M_482,Other
483,exp,exp_name,morstan,Morstan,49056,49063,5,154,4,M_483,PROPN
484,booknlp,COREF,122,you,49101,49104,34,154,4,M_484,Other
485,booknlp,COREF,122,your,49142,49146,34,154,4,M_485,Other
486,pdnc,qID,Q114-10,My brother,49703,49713,4,155,4,M_486,Other
487,pdnc,qID,Q114-11,his,50338,50341,11,156,4,M_487,Other
488,pdnc,qID,Q114-12,my father,50550,50559,11,156,4,M_488,Other
489,pdnc,qID,Q114-12,My brother,50636,50646,4,156,4,M_489,Other
490,exp,exp_name,miss morstan,Miss Morstan,50994,51006,12,157,4,M_490,PROPN
491,exp,exp_name,sherlock holmes,Sherlock Holmes,51216,51231,14,157,4,M_491,PROPN
492,booknlp,COREF,105,his,51247,51250,14,157,4,M_492,Other
493,booknlp,COREF,105,his,51315,51318,14,157,4,M_493,Other
494,booknlp,COREF,105,him,51352,51355,14,157,4,M_494,Other
495,booknlp,COREF,105,he,51399,51401,14,157,4,M_495,Other
496,booknlp,COREF,105,his,51502,51505,14,157,4,M_496,Other
497,exp,exp_name,mr. thaddeus sholto,Mr. Thaddeus Sholto,51530,51549,19,157,4,M_497,PROPN
498,booknlp,COREF,105,his,51627,51630,14,157,4,M_498,Other
499,booknlp,COREF,105,his,51691,51694,14,157,4,M_499,Other
500,pdnc,qID,Q115-0,My brother,51713,51723,4,158,4,M_500,Other
501,booknlp,COREF,105,I,51728,51729,14,158,4,M_501,Other
502,booknlp,COREF,105,he,51737,51739,14,158,4,M_502,Other
503,pdnc,qID,Q115-1,my father,51806,51815,11,158,4,M_503,Other
504,booknlp,COREF,105,his,51995,51998,14,158,4,M_504,Other
505,booknlp,COREF,105,he,52028,52030,14,158,4,M_505,Other
506,booknlp,COREF,105,he,52109,52111,14,158,4,M_506,Other
507,pdnc,qID,Q115-1,my brother Bartholomew,52145,52167,4,158,4,M_507,Other
508,booknlp,COREF,105,I,52172,52173,14,158,4,M_508,Other
509,pdnc,qID,Q115-1,he,52248,52250,4,158,4,M_509,Other
510,pdnc,qID,Q115-1,my brother,52303,52313,4,158,4,M_510,Other
511,booknlp,COREF,105,himself,52318,52325,14,158,4,M_511,Other
512,pdnc,qID,Q115-1,my father,52347,52356,11,158,4,M_512,Other
513,pdnc,qID,Q115-1,He,52366,52368,4,158,4,M_513,Other
514,booknlp,COREF,105,I,52498,52499,14,158,4,M_514,Other
515,pdnc,qID,Q115-1,him,52521,52524,4,158,4,M_515,Other
516,booknlp,COREF,105,me,52532,52534,14,158,4,M_516,Other
517,pdnc,qID,Q115-1,Miss Morstan,52544,52556,12,158,4,M_517,PROPN
518,pdnc,qID,Q115-1,her,52576,52579,12,158,4,M_518,Other
519,pdnc,qID,Q115-1,she,52634,52637,12,158,4,M_519,Other
520,pdnc,qID,Q116-1,you,52752,52755,19,159,4,M_520,Other
521,pdnc,qID,Q117-0,your,52813,52817,12,160,4,M_521,Other
522,pdnc,qID,Q117-1,Brother Bartholomew,52884,52903,4,160,4,M_522,PROPN
523,pdnc,qID,Q117-2,the old khitmutgar,53327,53345,8,160,4,M_523,Other
524,pdnc,qID,Q117-2,Williams,53350,53358,28,160,4,M_524,PROPN
525,pdnc,qID,Q117-2,Miss Morstan,53510,53522,12,160,4,M_525,PROPN
526,pdnc,qID,Q117-2,Brother Bartholomew,53632,53651,4,160,4,M_526,PROPN
527,exp,exp_name,mr. thaddeus sholto,Mr. Thaddeus Sholto,53706,53725,19,161,4,M_527,PROPN
528,booknlp,COREF,124,his,53755,53758,19,161,4,M_528,Other
529,exp,exp_name,holmes,Holmes,53885,53891,14,161,4,M_529,PROPN
530,booknlp,COREF,105,his,53919,53922,14,161,4,M_530,Other
531,pdnc,qID,Q118-0,You,53931,53934,19,162,4,M_531,Other
532,pdnc,qID,Q118-0,sir,53951,53954,19,162,4,M_532,PROPN
533,booknlp,COREF,105,he,53982,53984,14,162,4,M_533,Other
534,pdnc,qID,Q118-1,you,54030,54033,19,162,4,M_534,Other
535,exp,exp_name,small,small,54039,54044,25,162,4,M_535,PROPN
536,pdnc,qID,Q118-1,you,54108,54111,19,162,4,M_536,Other
537,pdnc,qID,Q118-1,Miss Morstan,54121,54133,12,162,4,M_537,PROPN
538,exp,exp_name,thaddeus sholto,Thaddeus Sholto,54891,54906,19,164,4,M_538,PROPN
539,pdnc,qID,Q120-0,Bartholomew,54988,54999,4,165,4,M_539,Other
540,booknlp,COREF,124,he,55026,55028,19,165,4,M_540,Other
541,pdnc,qID,Q120-1,he,55048,55050,4,165,4,M_541,Other
542,pdnc,qID,Q120-1,He,55085,55087,4,165,4,M_542,Other
543,pdnc,qID,Q120-1,he,55149,55151,4,165,4,M_543,Other
544,pdnc,qID,Q120-1,he,55299,55301,4,165,4,M_544,Other
545,pdnc,qID,Q120-1,he,55481,55483,4,165,4,M_545,Other
546,pdnc,qID,Q120-1,he,55508,55510,4,165,4,M_546,Other
547,pdnc,qID,Q120-1,He,55650,55652,4,165,4,M_547,Other
548,pdnc,qID,Q120-1,he,55757,55759,4,165,4,M_548,Other
549,pdnc,qID,Q120-1,He,55918,55920,4,165,4,M_549,Other
550,pdnc,qID,Q120-1,He,55969,55971,4,165,4,M_550,Other
551,exp,exp_name,miss morstan,Miss Morstan,56125,56137,12,166,4,M_551,PROPN
552,exp,exp_name,holmes,Holmes,56929,56935,14,166,4,M_552,PROPN
553,exp,exp_name,coachman,coachman,57198,57206,28,166,4,M_553,PROPN
554,pdnc,qID,Q121-0,Miss Morstan,57245,57257,12,167,4,M_554,PROPN
555,exp,exp_name,mr. thaddeus sholto,Mr. Thaddeus Sholto,57287,57306,19,167,4,M_555,PROPN
556,booknlp,COREF,124,he,57311,57313,19,167,4,M_556,Other
557,exp,exp_name,thaddeus sholto,Thaddeus Sholto,57740,57755,19,169,5,M_557,PROPN
558,pdnc,qID,Q123-0,McMurdo,58158,58165,30,172,5,M_558,PROPN
559,pdnc,qID,Q123-0,You,58167,58170,30,172,5,M_559,Other
560,pdnc,qID,Q124-0,you,58461,58464,19,174,5,M_560,Other
561,pdnc,qID,Q124-0,Mr. Thaddeus,58466,58478,19,174,5,M_561,PROPN
562,pdnc,qID,Q124-0,the master,58536,58546,4,174,5,M_562,Other
563,pdnc,qID,Q125-0,McMurdo,58555,58562,30,175,5,M_563,PROPN
564,pdnc,qID,Q125-0,You,58564,58567,30,175,5,M_564,Other
565,pdnc,qID,Q125-0,my brother,58588,58598,4,175,5,M_565,Other
566,pdnc,qID,Q126-0,He,58647,58649,4,176,5,M_566,Other
567,pdnc,qID,Q126-0,his,58668,58671,4,176,5,M_567,Other
568,pdnc,qID,Q126-0,Mr. Thaddeus,58685,58697,19,176,5,M_568,PROPN
569,pdnc,qID,Q126-0,You,58721,58724,19,176,5,M_569,Other
570,pdnc,qID,Q126-0,you,58784,58787,19,176,5,M_570,Other
571,booknlp,COREF,124,your,58796,58800,19,176,5,M_571,Other
572,exp,exp_name,thaddeus sholto,Thaddeus Sholto,58875,58890,19,177,5,M_572,PROPN
573,booknlp,COREF,124,him,58904,58907,19,177,5,M_573,Other
574,pdnc,qID,Q127-0,you,58964,58967,30,177,5,M_574,Other
575,pdnc,qID,Q127-0,McMurdo,58969,58976,30,177,5,M_575,PROPN
576,booknlp,COREF,124,he,58979,58981,19,177,5,M_576,Other
577,booknlp,COREF,124,I,58992,58993,19,177,5,M_577,Other
578,pdnc,qID,Q127-1,you,59029,59032,30,177,5,M_578,Other
579,pdnc,qID,Q127-1,the young lady,59043,59057,12,177,5,M_579,Other
580,pdnc,qID,Q127-1,She,59064,59067,12,177,5,M_580,Other
581,pdnc,qID,Q128-0,Mr. Thaddeus,59128,59140,19,178,5,M_581,PROPN
582,exp,exp_name,the porter,the porter,59148,59158,30,178,5,M_582,PROPN
583,pdnc,qID,Q128-1,yours,59196,59201,19,178,5,M_583,Other
584,pdnc,qID,Q128-1,the master,59225,59235,4,178,5,M_584,Other
585,pdnc,qID,Q128-1,He,59239,59241,4,178,5,M_585,Other
586,booknlp,COREF,325,me,59247,59249,30,178,5,M_586,Other
587,booknlp,COREF,325,my,59261,59263,30,178,5,M_587,Other
588,booknlp,COREF,325,my,59274,59276,30,178,5,M_588,Other
589,booknlp,COREF,325,I,59282,59283,30,178,5,M_589,Other
590,booknlp,COREF,325,I,59291,59292,30,178,5,M_590,Other
591,booknlp,COREF,124,your,59312,59316,19,178,5,M_591,Other
592,pdnc,qID,Q129-0,you,59337,59340,30,179,5,M_592,Other
593,pdnc,qID,Q129-0,McMurdo,59345,59352,30,179,5,M_593,PROPN
594,exp,exp_name,sherlock holmes,Sherlock Holmes,59361,59376,14,179,5,M_594,PROPN
595,booknlp,COREF,105,I,59389,59390,14,179,5,M_595,Other
596,pdnc,qID,Q129-1,you,59403,59406,30,179,5,M_596,Other
597,booknlp,COREF,105,me,59426,59428,14,179,5,M_597,Other
598,pdnc,qID,Q129-1,you,59436,59439,30,179,5,M_598,Other
599,pdnc,qID,Q129-1,the amateur,59449,59460,14,179,5,M_599,Other
600,pdnc,qID,Q129-1,you,59490,59493,30,179,5,M_600,Other
601,pdnc,qID,Q129-1,your,59528,59532,30,179,5,M_601,Other
602,pdnc,qID,Q130-0,Mr. Sherlock Holmes,59565,59584,14,180,5,M_602,PROPN
603,pdnc,qID,Q130-1,you,59652,59655,14,180,5,M_603,Other
604,pdnc,qID,Q130-1,you,59695,59698,14,180,5,M_604,Other
605,booknlp,COREF,124,yours,59750,59755,19,180,5,M_605,Other
606,pdnc,qID,Q130-1,you,59785,59788,14,180,5,M_606,Other
607,pdnc,qID,Q130-1,you,59813,59816,14,180,5,M_607,Other
608,pdnc,qID,Q130-1,your,59840,59844,14,180,5,M_608,Other
609,pdnc,qID,Q130-1,you,59852,59855,14,180,5,M_609,Other
610,pdnc,qID,Q130-1,You,59862,59865,14,180,5,M_610,Other
611,pdnc,qID,Q130-1,you,59892,59895,14,180,5,M_611,Other
612,pdnc,qID,Q131-0,You,59921,59924,21,181,5,M_612,Other
613,pdnc,qID,Q131-0,Watson,59930,59936,21,181,5,M_613,Other
614,booknlp,COREF,105,me,59956,59958,14,181,5,M_614,Other
615,booknlp,COREF,105,I,59959,59960,14,181,5,M_615,Other
616,booknlp,COREF,105,me,60014,60016,14,181,5,M_616,Other
617,exp,exp_name,holmes,Holmes,60024,60030,14,181,5,M_617,PROPN
618,pdnc,qID,Q131-1,Our friend,60043,60053,30,181,5,M_618,Other
619,booknlp,COREF,105,I,60089,60090,14,181,5,M_619,Other
620,booknlp,COREF,124,you,60106,60109,19,182,5,M_620,Other
621,booknlp,COREF,124,you,60124,60127,19,182,5,M_621,Other
622,booknlp,COREF,124,you,60134,60137,19,182,5,M_622,Other
623,booknlp,COREF,124,your,60142,60146,19,182,5,M_623,Other
624,booknlp,COREF,105,he,60157,60159,14,182,5,M_624,Other
625,pdnc,qID,Q132-1,Mr. Thaddeus,60183,60195,19,182,5,M_625,PROPN
626,booknlp,COREF,124,your,60246,60250,19,182,5,M_626,Other
627,booknlp,COREF,105,I,60266,60267,14,182,5,M_627,Other
628,exp,exp_name,thaddeus sholto,Thaddeus Sholto,60585,60600,19,183,5,M_628,PROPN
629,booknlp,COREF,124,his,60661,60664,19,183,5,M_629,Other
630,booknlp,COREF,124,I,60673,60674,19,184,5,M_630,Other
631,booknlp,COREF,124,he,60698,60700,19,184,5,M_631,Other
632,booknlp,COREF,124,I,60736,60737,19,184,5,M_632,Other
633,pdnc,qID,Q133-1,Bartholomew,60754,60765,4,184,5,M_633,Other
634,pdnc,qID,Q133-1,his,60819,60822,4,184,5,M_634,Other
635,booknlp,COREF,124,I,60831,60832,19,184,5,M_635,Other
636,pdnc,qID,Q134-0,he,60873,60875,4,185,5,M_636,Other
637,exp,exp_name,holmes,Holmes,60922,60928,14,185,5,M_637,PROPN
638,pdnc,qID,Q135-0,he,60937,60939,4,186,5,M_638,Other
639,booknlp,COREF,124,my,60953,60955,19,186,5,M_639,Other
640,pdnc,qID,Q135-0,He,60973,60975,4,186,5,M_640,Other
641,booknlp,COREF,105,you,60999,61002,14,186,5,M_641,Other
642,booknlp,COREF,124,I,61013,61014,19,186,5,M_642,Other
643,booknlp,COREF,124,my,61036,61038,19,186,5,M_643,Other
644,pdnc,qID,Q135-0,him,61060,61063,4,186,5,M_644,Other
645,booknlp,COREF,124,me,61087,61089,19,186,5,M_645,Other
646,pdnc,qID,Q135-0,Bartholomew,61099,61110,4,186,5,M_646,Other
647,booknlp,COREF,124,I,61213,61214,19,186,5,M_647,Other
648,exp,exp_name,holmes,Holmes,61237,61243,14,187,5,M_648,PROPN
649,booknlp,COREF,105,I,61250,61251,14,187,5,M_649,Other
650,pdnc,qID,Q137-0,the housekeeper,61331,61346,15,188,5,M_650,Other
651,pdnc,qID,Q137-0,Mrs. Bernstone,61373,61387,15,188,5,M_651,PROPN
652,pdnc,qID,Q137-0,She,61394,61397,15,188,5,M_652,Other
653,pdnc,qID,Q137-0,she,61522,61525,15,188,5,M_653,Other
654,pdnc,qID,Q137-0,she,61552,61555,15,188,5,M_654,Other
655,booknlp,COREF,105,He,61598,61600,14,189,5,M_655,Other
656,booknlp,COREF,105,his,61626,61629,14,189,5,M_656,Other
657,exp,exp_name,miss morstan,Miss Morstan,61704,61716,12,189,5,M_657,PROPN
658,pdnc,qID,Q138-0,Mrs. Bernstone,61960,61974,15,190,5,M_658,PROPN
659,exp,exp_name,sholto,Sholto,61982,61988,19,190,5,M_659,PROPN
660,pdnc,qID,Q138-1,She,61991,61994,15,190,5,M_660,Other
661,booknlp,COREF,124,I,62038,62039,19,190,5,M_661,Other
662,booknlp,COREF,105,He,62068,62070,14,190,5,M_662,Other
663,booknlp,COREF,105,his,62108,62111,14,190,5,M_663,Other
664,booknlp,COREF,105,him,62162,62165,14,190,5,M_664,Other
665,booknlp,COREF,105,him,62211,62214,14,190,5,M_665,Other
666,pdnc,qID,Q139-0,Mr. Thaddeus,62222,62234,19,191,5,M_666,PROPN
667,pdnc,qID,Q139-0,sir,62236,62239,19,191,5,M_667,PROPN
668,pdnc,qID,Q139-0,you,62254,62257,19,191,5,M_668,Other
669,pdnc,qID,Q139-0,you,62282,62285,19,191,5,M_669,Other
670,pdnc,qID,Q139-0,Mr. Thaddeus,62297,62309,19,191,5,M_670,PROPN
671,pdnc,qID,Q139-0,sir,62311,62314,19,191,5,M_671,PROPN
672,exp,exp_name,holmes,Holmes,62463,62469,14,192,5,M_672,PROPN
673,exp,exp_name,miss morstan,Miss Morstan,62584,62596,12,192,5,M_673,PROPN
674,exp,exp_name,holmes,Holmes,63500,63506,14,195,5,M_674,PROPN
675,pdnc,qID,Q142-1,You,63555,63558,21,195,5,M_675,Other
676,exp,exp_name,thaddeus sholto,Thaddeus Sholto,63720,63735,19,196,5,M_676,PROPN
677,booknlp,COREF,124,his,63759,63762,19,196,5,M_677,Other
678,booknlp,COREF,124,his,63798,63801,19,196,5,M_678,Other
679,pdnc,qID,Q143-0,Bartholomew,63840,63851,4,197,5,M_679,Other
680,booknlp,COREF,124,he,63854,63856,19,197,5,M_680,Other
681,booknlp,COREF,124,I,63865,63866,19,197,5,M_681,Other
682,booknlp,COREF,124,My,63882,63884,19,197,5,M_682,Other
683,booknlp,COREF,124,He,63910,63912,19,197,5,M_683,Other
684,booknlp,COREF,124,his,63957,63960,19,197,5,M_684,Other
685,exp,exp_name,holmes,Holmes,64116,64122,14,198,5,M_685,PROPN
686,booknlp,COREF,105,his,64127,64130,14,198,5,M_686,Other
687,exp,exp_name,thaddeus sholto,Thaddeus Sholto,64168,64183,19,199,5,M_687,PROPN
688,booknlp,COREF,124,I,64186,64187,19,199,5,M_688,Other
689,booknlp,COREF,124,him,64253,64256,19,200,5,M_689,Other
690,exp,exp_name,miss morstan,Miss Morstan,64441,64453,12,200,5,M_690,PROPN
691,pdnc,qID,Q146-0,your,64511,64515,12,201,5,M_691,Other
692,pdnc,qID,Q146-1,you,64593,64596,12,201,5,M_692,Other
693,pdnc,qID,Q147-0,Master,64811,64817,4,203,5,M_693,Other
694,pdnc,qID,Q147-1,him,64916,64919,4,203,5,M_694,Other
695,pdnc,qID,Q147-1,he,64925,64927,4,203,5,M_695,Other
696,pdnc,qID,Q147-1,You,65050,65053,19,203,5,M_696,Other
697,pdnc,qID,Q147-1,Mr. Thaddeus,65066,65078,19,203,5,M_697,PROPN
698,pdnc,qID,Q147-1,you,65080,65083,19,203,5,M_698,Other
699,booknlp,COREF,124,yourself,65108,65116,19,203,5,M_699,Other
700,pdnc,qID,Q147-1,Mr. Bartholomew Sholto,65130,65152,4,203,5,M_700,PROPN
701,pdnc,qID,Q147-1,him,65210,65213,4,203,5,M_701,Other
702,pdnc,qID,Q147-1,him,65234,65237,4,203,5,M_702,Other
703,exp,exp_name,sherlock holmes,Sherlock Holmes,65249,65264,14,204,5,M_703,PROPN
704,exp,exp_name,thaddeus sholto,Thaddeus Sholto,65300,65315,19,204,5,M_704,PROPN
705,booknlp,COREF,124,his,65343,65346,19,204,5,M_705,Other
706,booknlp,COREF,124,he,65367,65369,19,204,5,M_706,Other
707,booknlp,COREF,124,his,65403,65406,19,204,5,M_707,Other
708,booknlp,COREF,124,his,65441,65444,19,204,5,M_708,Other
709,booknlp,COREF,124,him,65472,65475,19,204,5,M_709,Other
710,exp,exp_name,holmes,Holmes,65498,65504,14,204,5,M_710,PROPN
711,booknlp,COREF,105,his,65513,65516,14,204,5,M_711,Other
712,booknlp,COREF,105,his,65529,65532,14,204,5,M_712,Other
713,booknlp,COREF,105,He,65686,65688,14,204,5,M_713,Other
714,exp,exp_name,miss morstan,Miss Morstan,65785,65797,12,204,5,M_714,PROPN
715,exp,exp_name,holmes,Holmes,66015,66021,14,205,5,M_715,PROPN
716,booknlp,COREF,105,his,66100,66103,14,205,5,M_716,Other
717,exp,exp_name,holmes,Holmes,66225,66231,14,205,5,M_717,PROPN
718,exp,exp_name,sherlock holmes,Sherlock Holmes,66512,66527,14,205,5,M_718,PROPN
719,pdnc,qID,Q148-0,Watson,66646,66652,21,206,5,M_719,Other
720,booknlp,COREF,105,he,66660,66662,14,206,5,M_720,Other
721,booknlp,COREF,105,him,66703,66706,14,206,5,M_721,Other
722,pdnc,qID,Q148-1,you,66717,66720,21,206,5,M_722,Other
723,exp,exp_name,thaddeus,Thaddeus,67017,67025,19,207,5,M_723,PROPN
724,booknlp,COREF,105,him,67389,67392,14,207,5,M_724,Other
725,booknlp,COREF,105,he,67411,67413,14,207,5,M_725,Other
726,booknlp,COREF,105,he,67463,67465,14,207,5,M_726,Other
727,booknlp,COREF,105,his,67491,67494,14,207,5,M_727,Other
728,booknlp,COREF,105,he,67507,67509,14,207,5,M_728,Other
729,exp,exp_name,holmes,Holmes,67553,67559,14,208,5,M_729,PROPN
730,booknlp,COREF,105,he,67611,67613,14,209,5,M_730,Other
731,booknlp,COREF,105,he,67651,67653,14,209,5,M_731,Other
732,booknlp,COREF,105,his,67662,67665,14,209,5,M_732,Other
733,exp,exp_name,bartholomew sholto,Bartholomew Sholto,67854,67872,4,209,5,M_733,PROPN
734,exp,exp_name,holmes,Holmes,69202,69208,14,211,5,M_734,PROPN
735,pdnc,qID,Q151-0,You,69252,69255,21,212,5,M_735,Other
736,booknlp,COREF,105,he,69262,69264,14,212,5,M_736,Other
737,booknlp,COREF,105,he,69476,69478,14,215,5,M_737,Other
738,booknlp,COREF,105,I,69513,69514,14,215,5,M_738,Other
739,booknlp,COREF,105,He,69540,69542,14,215,5,M_739,Other
740,pdnc,qID,Q155-0,You,69679,69682,21,217,5,M_740,Other
741,booknlp,COREF,105,he,70025,70027,14,220,5,M_741,Other
742,booknlp,COREF,105,I,70064,70065,14,220,5,M_742,Other
743,booknlp,COREF,105,He,70216,70218,14,221,5,M_743,Other
744,booknlp,COREF,105,his,70291,70294,14,221,5,M_744,Other
745,booknlp,COREF,105,himself,70316,70323,14,221,5,M_745,Other
746,booknlp,COREF,105,he,70344,70346,14,221,5,M_746,Other
747,booknlp,COREF,105,he,70411,70413,14,222,5,M_747,Other
748,pdnc,qID,Q158-1,him,70438,70441,4,222,5,M_748,Other
749,booknlp,COREF,105,I,70506,70507,14,222,5,M_749,Other
750,pdnc,qID,Q158-1,him,70515,70518,4,222,5,M_750,Other
751,booknlp,COREF,105,I,70529,70530,14,222,5,M_751,Other
752,pdnc,qID,Q158-1,him,70559,70562,4,222,5,M_752,Other
753,booknlp,COREF,105,I,70564,70565,14,222,5,M_753,Other
754,pdnc,qID,Q158-1,him,70571,70574,4,222,5,M_754,Other
755,booknlp,COREF,105,I,70596,70597,14,222,5,M_755,Other
756,pdnc,qID,Q158-1,him,70604,70607,4,222,5,M_756,Other
757,booknlp,COREF,105,I,70625,70626,14,222,5,M_757,Other
758,pdnc,qID,Q160-0,he,70698,70700,4,224,5,M_758,Other
759,booknlp,COREF,105,I,70748,70749,14,224,5,M_759,Other
760,booknlp,COREF,105,I,70806,70807,14,224,5,M_760,Other
761,booknlp,COREF,105,I,70816,70817,14,224,5,M_761,Other
762,booknlp,COREF,105,I,70895,70896,14,224,5,M_762,Other
763,booknlp,COREF,105,I,70916,70917,14,224,5,M_763,Other
764,booknlp,COREF,105,I,70957,70958,14,224,5,M_764,Other
765,booknlp,COREF,105,I,70980,70981,14,224,5,M_765,Other
766,booknlp,COREF,105,I,70992,70993,14,224,5,M_766,Other
767,pdnc,qID,Q161-0,You,71083,71086,19,225,5,M_767,Other
768,pdnc,qID,Q161-0,Mr. Sholto,71112,71122,19,225,5,M_768,PROPN
769,exp,exp_name,holmes,Holmes,71130,71136,14,225,5,M_769,PROPN
770,booknlp,COREF,105,his,71154,71157,14,225,5,M_770,Other
771,booknlp,COREF,105,my,71188,71190,14,225,5,M_771,Other
772,pdnc,qID,Q161-1,your,71326,71330,19,225,5,M_772,Other
773,exp,exp_name,sherlock holmes,Sherlock Holmes,71462,71477,14,227,6,M_773,PROPN
774,pdnc,qID,Q162-0,Watson,71507,71513,21,228,6,M_774,Other
775,exp,exp_name,holmes,Holmes,71521,71527,14,228,6,M_775,PROPN
776,booknlp,COREF,105,his,71537,71540,14,228,6,M_776,Other
777,booknlp,COREF,105,My,71612,71614,14,228,6,M_777,Other
778,booknlp,COREF,105,I,71627,71628,14,228,6,M_778,Other
779,pdnc,qID,Q162-1,you,71639,71642,21,228,6,M_779,Other
780,booknlp,COREF,105,he,71830,71832,14,230,6,M_780,Other
781,booknlp,COREF,105,his,71898,71901,14,230,6,M_781,Other
782,booknlp,COREF,106,your,71945,71949,21,230,6,M_782,Other
783,booknlp,COREF,105,He,72135,72137,14,230,6,M_783,Other
784,booknlp,COREF,105,his,72179,72182,14,230,6,M_784,Other
785,booknlp,COREF,105,himself,72236,72243,14,230,6,M_785,Other
786,pdnc,qID,Q164-2,Watson,72630,72636,21,230,6,M_786,Other
787,pdnc,qID,Q166-0,You,72851,72854,21,232,6,M_787,Other
788,exp,exp_name,wooden-legged man,wooden-legged man,72992,73009,23,233,6,M_788,PROPN
789,pdnc,qID,Q168-0,you,73096,73099,21,234,6,M_789,Other
790,pdnc,qID,Q168-0,doctor,73117,73123,21,234,6,M_790,Other
791,pdnc,qID,Q170-0,you,73435,73438,21,237,6,M_791,Other
792,booknlp,COREF,106,you,73472,73475,21,237,6,M_792,Other
793,pdnc,qID,Q170-0,you,73597,73600,21,237,6,M_793,Other
794,pdnc,qID,Q170-0,You,73621,73624,21,237,6,M_794,Other
795,pdnc,qID,Q170-0,You,73661,73664,21,237,6,M_795,Other
796,booknlp,COREF,106,your,73715,73719,21,237,6,M_796,Other
797,exp,exp_name,holmes,Holmes,74404,74410,14,239,6,M_797,PROPN
798,booknlp,COREF,105,I,74527,74528,14,239,6,M_798,Other
799,booknlp,COREF,105,my,74671,74673,14,239,6,M_799,Other
800,booknlp,COREF,105,me,74688,74690,14,239,6,M_800,Other
801,exp,exp_name,small,small,74848,74853,25,241,6,M_801,PROPN
802,booknlp,COREF,105,he,74856,74858,14,241,6,M_802,Other
803,booknlp,COREF,105,I,74870,74871,14,241,6,M_803,Other
804,pdnc,qID,Q176-0,You,74942,74945,21,243,6,M_804,Other
805,booknlp,COREF,105,my,74961,74963,14,243,6,M_805,Other
806,booknlp,COREF,105,he,74974,74976,14,243,6,M_806,Other
807,booknlp,COREF,105,his,74991,74994,14,243,6,M_807,Other
808,booknlp,COREF,105,I,75017,75018,14,243,6,M_808,Other
809,pdnc,qID,Q176-1,you,75027,75030,21,243,6,M_809,Other
810,pdnc,qID,Q176-1,you,75041,75044,21,243,6,M_810,Other
811,pdnc,qID,Q178-0,you,75434,75437,21,245,6,M_811,Other
812,booknlp,COREF,105,me,75482,75484,14,245,6,M_812,Other
813,booknlp,COREF,105,He,75591,75593,14,246,6,M_813,Other
814,booknlp,COREF,105,he,75653,75655,14,246,6,M_814,Other
815,booknlp,COREF,105,himself,75662,75669,14,246,6,M_815,Other
816,booknlp,COREF,105,his,75705,75708,14,246,6,M_816,Other
817,booknlp,COREF,105,he,75715,75717,14,246,6,M_817,Other
818,booknlp,COREF,105,him,75773,75776,14,246,6,M_818,Other
819,pdnc,qID,Q179-0,you,76188,76191,21,248,6,M_819,Other
820,pdnc,qID,Q179-0,you,76197,76200,21,248,6,M_820,Other
821,exp,exp_name,sherlock holmes,Sherlock Holmes,76212,76227,14,248,6,M_821,PROPN
822,booknlp,COREF,105,his,76237,76240,14,248,6,M_822,Other
823,booknlp,COREF,105,I,76325,76326,14,248,6,M_823,Other
824,booknlp,COREF,105,He,76521,76523,14,249,6,M_824,Other
825,booknlp,COREF,105,he,76564,76566,14,249,6,M_825,Other
826,booknlp,COREF,105,his,76648,76651,14,249,6,M_826,Other
827,booknlp,COREF,105,his,76684,76687,14,249,6,M_827,Other
828,pdnc,qID,Q180-0,Holmes,76886,76892,14,250,6,M_828,Other
829,booknlp,COREF,105,He,76955,76957,14,251,6,M_829,Other
830,booknlp,COREF,105,his,76972,76975,14,251,6,M_830,Other
831,booknlp,COREF,105,I,77008,77009,14,251,6,M_831,Other
832,booknlp,COREF,105,he,77041,77043,14,251,6,M_832,Other
833,booknlp,COREF,105,My,77083,77085,14,251,6,M_833,Other
834,booknlp,COREF,105,me,77100,77102,14,251,6,M_834,Other
835,booknlp,COREF,105,I,77107,77108,14,251,6,M_835,Other
836,booknlp,COREF,105,your,77216,77220,14,252,6,M_836,Other
837,pdnc,qID,Q183-0,My dear Watson,77326,77340,21,253,6,M_837,Other
838,booknlp,COREF,106,yourself,77364,77372,21,253,6,M_838,Other
839,booknlp,COREF,105,he,77380,77382,14,253,6,M_839,Other
840,pdnc,qID,Q183-1,You,77413,77416,21,253,6,M_840,Other
841,booknlp,COREF,105,my,77422,77424,14,253,6,M_841,Other
842,pdnc,qID,Q185-0,you,77593,77596,21,255,6,M_842,Other
843,booknlp,COREF,105,he,77604,77606,14,255,6,M_843,Other
844,booknlp,COREF,105,I,77634,77635,14,255,6,M_844,Other
845,booknlp,COREF,105,I,77693,77694,14,255,6,M_845,Other
846,booknlp,COREF,105,He,77707,77709,14,255,6,M_846,Other
847,booknlp,COREF,105,his,77722,77725,14,255,6,M_847,Other
848,booknlp,COREF,105,his,77781,77784,14,255,6,M_848,Other
849,booknlp,COREF,105,his,77830,77833,14,255,6,M_849,Other
850,booknlp,COREF,105,his,77888,77891,14,255,6,M_850,Other
851,booknlp,COREF,105,his,77982,77985,14,255,6,M_851,Other
852,booknlp,COREF,105,he,78106,78108,14,255,6,M_852,Other
853,booknlp,COREF,105,he,78129,78131,14,255,6,M_853,Other
854,booknlp,COREF,105,his,78139,78142,14,255,6,M_854,Other
855,booknlp,COREF,105,he,78224,78226,14,255,6,M_855,Other
856,booknlp,COREF,105,he,78241,78243,14,255,6,M_856,Other
857,booknlp,COREF,105,himself,78262,78269,14,255,6,M_857,Other
858,booknlp,COREF,105,he,78283,78285,14,255,6,M_858,Other
859,booknlp,COREF,105,he,78359,78361,14,256,6,M_859,Other
860,pdnc,qID,Q186-1,You,78466,78469,21,256,6,M_860,Other
861,exp,exp_name,small,small,78509,78514,25,256,6,M_861,PROPN
862,pdnc,qID,Q186-1,You,78594,78597,21,256,6,M_862,Other
863,booknlp,COREF,105,he,78699,78701,14,258,6,M_863,Other
864,booknlp,COREF,105,I,78704,78705,14,258,6,M_864,Other
865,exp,exp_name,holmes,Holmes,79168,79174,14,260,6,M_865,PROPN
866,pdnc,qID,Q189-1,your,79186,79190,21,260,6,M_866,Other
867,pdnc,qID,Q189-1,this poor fellow,79204,79220,4,260,6,M_867,Other
868,pdnc,qID,Q189-1,his,79240,79243,4,260,6,M_868,Other
869,pdnc,qID,Q189-1,you,79257,79260,21,260,6,M_869,Other
870,pdnc,qID,Q191-0,your,79572,79576,21,262,6,M_870,Other
871,booknlp,COREF,105,me,79744,79746,14,264,6,M_871,Other
872,booknlp,COREF,105,I,79759,79760,14,264,6,M_872,Other
873,booknlp,COREF,105,I,79821,79822,14,264,6,M_873,Other
874,pdnc,qID,Q193-0,you,79899,79902,21,264,6,M_874,Other
875,booknlp,COREF,105,I,79908,79909,14,264,6,M_875,Other
876,pdnc,qID,Q193-0,You,79995,79998,21,264,6,M_876,Other
877,booknlp,COREF,105,he,80420,80422,14,266,6,M_877,Other
878,pdnc,qID,Q196-0,you,80480,80483,21,268,6,M_878,Other
879,booknlp,COREF,105,he,80604,80606,14,269,6,M_879,Other
880,exp,exp_name,small,small,80817,80822,25,269,6,M_880,PROPN
881,exp,exp_name,inspector in uniform,inspector in uniform,80932,80952,29,269,6,M_881,PROPN
882,exp,exp_name,thaddeus sholto,Thaddeus Sholto,80983,80998,19,269,6,M_882,PROPN
883,booknlp,COREF,105,I,81167,81168,14,271,6,M_883,Other
884,pdnc,qID,Q198-0,you,81175,81178,3,271,6,M_884,Other
885,booknlp,COREF,105,me,81194,81196,14,271,6,M_885,Other
886,pdnc,qID,Q198-0,Mr. Athelney Jones,81198,81216,3,271,6,M_886,PROPN
887,exp,exp_name,holmes,Holmes,81224,81230,14,271,6,M_887,PROPN
888,pdnc,qID,Q199-1,Mr. Sherlock Holmes,81283,81302,14,272,6,M_888,PROPN
889,pdnc,qID,Q199-1,you,81327,81330,14,272,6,M_889,Other
890,pdnc,qID,Q199-1,you,81354,81357,14,272,6,M_890,Other
891,pdnc,qID,Q199-1,you,81451,81454,14,272,6,M_891,Other
892,pdnc,qID,Q199-1,you,81486,81489,14,272,6,M_892,Other
893,pdnc,qID,Q201-0,you,81857,81860,14,274,6,M_893,Other
894,booknlp,COREF,105,me,81917,81919,14,275,6,M_894,Other
895,exp,exp_name,holmes,Holmes,81944,81950,14,275,6,M_895,PROPN
896,pdnc,qID,Q203-0,you,81995,81998,14,276,6,M_896,Other
897,pdnc,qID,Q205-0,Man,82281,82284,4,278,6,M_897,Other
898,pdnc,qID,Q205-0,you,82435,82438,19,278,6,M_898,Other
899,pdnc,qID,Q205-0,Mr. Sholto,82440,82450,19,278,6,M_899,PROPN
900,pdnc,qID,Q205-0,Your friend,82452,82463,21,278,6,M_900,Other
901,pdnc,qID,Q205-0,you,82484,82487,14,278,6,M_901,Other
902,pdnc,qID,Q205-0,Holmes,82503,82509,14,278,6,M_902,Other
903,pdnc,qID,Q205-0,Sholto,82511,82517,19,278,6,M_903,PROPN
904,pdnc,qID,Q205-0,his,82526,82529,19,278,6,M_904,Other
905,pdnc,qID,Q205-0,his brother,82551,82562,4,278,6,M_905,Other
906,pdnc,qID,Q205-0,The brother,82575,82586,4,278,6,M_906,Other
907,pdnc,qID,Q205-0,Sholto,82611,82617,19,278,6,M_907,PROPN
908,pdnc,qID,Q206-0,the dead man,82672,82684,4,279,6,M_908,Other
909,pdnc,qID,Q207-0,Thaddeus Sholto,82822,82837,19,280,6,M_909,PROPN
910,pdnc,qID,Q207-0,his brother,82849,82860,4,280,6,M_910,Other
911,pdnc,qID,Q207-0,The brother,82902,82913,4,280,6,M_911,Other
912,pdnc,qID,Q207-0,the brother,82980,82991,4,280,6,M_912,Other
913,pdnc,qID,Q207-0,Thaddeus,83006,83014,19,280,6,M_913,Other
914,pdnc,qID,Q207-0,him,83020,83023,4,280,6,M_914,Other
915,pdnc,qID,Q207-0,His,83025,83028,4,280,6,M_915,Other
916,pdnc,qID,Q207-0,Thaddeus,83056,83064,19,280,6,M_916,Other
917,pdnc,qID,Q207-0,His,83113,83116,19,280,6,M_917,Other
918,pdnc,qID,Q207-0,You,83153,83156,14,280,6,M_918,Other
919,pdnc,qID,Q207-0,Thaddeus,83192,83200,19,280,6,M_919,Other
920,pdnc,qID,Q207-0,him,83231,83234,19,280,6,M_920,Other
921,pdnc,qID,Q208-0,You,83239,83242,3,281,6,M_921,Other
922,exp,exp_name,holmes,Holmes,83295,83301,14,281,6,M_922,PROPN
923,booknlp,COREF,105,I,83333,83334,14,281,6,M_923,Other
924,pdnc,qID,Q208-1,man,83391,83394,4,281,6,M_924,Other
925,pdnc,qID,Q208-1,you,83409,83412,3,281,6,M_925,Other
926,pdnc,qID,Q208-1,you,83457,83460,3,281,6,M_926,Other
927,pdnc,qID,Q208-1,your,83577,83581,3,281,6,M_927,Other
928,pdnc,qID,Q209-1,Thaddeus,83697,83705,19,282,6,M_928,Other
929,pdnc,qID,Q209-1,Thaddeus,83757,83765,19,282,6,M_929,Other
930,pdnc,qID,Q209-1,he,83911,83913,19,282,6,M_930,Other
931,pdnc,qID,Q210-0,He,84172,84174,3,283,6,M_931,Other
932,exp,exp_name,holmes,Holmes,84205,84211,14,283,6,M_932,PROPN
933,booknlp,COREF,105,his,84223,84226,14,283,6,M_933,Other
934,pdnc,qID,Q210-1,He,84239,84241,3,283,6,M_934,Other
935,pdnc,qID,Q211-0,You,84351,84354,14,284,6,M_935,Other
936,exp,exp_name,athelney jones,Athelney Jones,84366,84380,3,284,6,M_936,PROPN
937,booknlp,COREF,109,My,84465,84467,3,284,6,M_937,Other
938,booknlp,COREF,105,I,84582,84583,14,285,6,M_938,Other
939,pdnc,qID,Q213-0,You,84614,84617,14,286,6,M_939,Other
940,pdnc,qID,Q214-0,our gentleman,84729,84742,19,286,6,M_940,Other
941,pdnc,qID,Q214-0,Inspector,84753,84762,29,286,6,M_941,Other
942,pdnc,qID,Q215-0,sir,84772,84775,3,287,6,M_942,PROPN
943,pdnc,qID,Q216-0,Mr. Sholto,84802,84812,19,288,6,M_943,PROPN
944,pdnc,qID,Q216-0,Mr. Sholto,84831,84841,19,288,6,M_944,PROPN
945,pdnc,qID,Q216-0,you,84867,84870,19,288,6,M_945,Other
946,pdnc,qID,Q216-0,you,84891,84894,19,288,6,M_946,Other
947,pdnc,qID,Q216-0,you,84924,84927,19,288,6,M_947,Other
948,pdnc,qID,Q216-0,you,84938,84941,19,288,6,M_948,Other
949,pdnc,qID,Q216-0,your brother,84997,85009,4,288,6,M_949,Other
950,booknlp,COREF,105,you,85040,85043,14,289,6,M_950,Other
951,booknlp,COREF,124,yourself,85154,85162,19,290,6,M_951,Other
952,pdnc,qID,Q218-0,Mr. Sholto,85173,85183,19,290,6,M_952,PROPN
953,exp,exp_name,holmes,Holmes,85191,85197,14,290,6,M_953,PROPN
954,booknlp,COREF,105,I,85200,85201,14,290,6,M_954,Other
955,booknlp,COREF,105,I,85213,85214,14,290,6,M_955,Other
956,pdnc,qID,Q218-1,you,85235,85238,19,290,6,M_956,Other
957,pdnc,qID,Q219-0,Mr. Theorist,85281,85293,14,291,6,M_957,PROPN
958,pdnc,qID,Q219-1,You,85344,85347,14,291,6,M_958,Other
959,pdnc,qID,Q219-1,you,85381,85384,14,291,6,M_959,Other
960,booknlp,COREF,105,I,85409,85410,14,292,6,M_960,Other
961,pdnc,qID,Q220-0,him,85417,85420,19,292,6,M_961,Other
962,pdnc,qID,Q220-0,Mr. Jones,85422,85431,3,292,6,M_962,PROPN
963,booknlp,COREF,105,I,85437,85438,14,292,6,M_963,Other
964,pdnc,qID,Q220-0,you,85449,85452,3,292,6,M_964,Other
965,pdnc,qID,Q220-0,His,85555,85558,23,292,6,M_965,Other
966,booknlp,COREF,105,I,85565,85566,14,292,6,M_966,Other
967,pdnc,qID,Q220-0,Jonathan Small,85600,85614,23,292,6,M_967,PROPN
968,pdnc,qID,Q220-0,He,85616,85618,23,292,6,M_968,Other
969,exp,exp_name,small,small,85645,85650,25,292,6,M_969,PROPN
970,pdnc,qID,Q220-0,his,85665,85668,23,292,6,M_970,Other
971,pdnc,qID,Q220-0,His,85751,85754,23,292,6,M_971,Other
972,pdnc,qID,Q220-0,He,85831,85833,23,292,6,M_972,Other
973,pdnc,qID,Q220-0,you,85947,85950,3,292,6,M_973,Other
974,pdnc,qID,Q220-0,his,86033,86036,23,292,6,M_974,Other
975,exp,exp_name,athelney jones,Athelney Jones,86088,86102,3,293,6,M_975,PROPN
976,exp,exp_name,sherlock holmes,Sherlock Holmes,86253,86268,14,294,6,M_976,PROPN
977,booknlp,COREF,105,his,86283,86286,14,294,6,M_977,Other
978,booknlp,COREF,105,I,86294,86295,14,294,6,M_978,Other
979,pdnc,qID,Q222-1,you,86342,86345,3,294,6,M_979,Other
980,pdnc,qID,Q222-1,you,86379,86382,21,294,6,M_980,Other
981,pdnc,qID,Q222-1,Watson,86384,86390,21,294,6,M_981,Other
982,booknlp,COREF,105,He,86394,86396,14,295,6,M_982,Other
983,booknlp,COREF,105,he,86464,86466,14,295,6,M_983,Other
984,pdnc,qID,Q224-1,Miss Morstan,86617,86629,12,296,6,M_984,PROPN
985,pdnc,qID,Q225-0,You,86675,86678,21,297,6,M_985,Other
986,pdnc,qID,Q225-0,her,86691,86694,12,297,6,M_986,Other
987,pdnc,qID,Q225-0,She,86701,86704,12,297,6,M_987,Other
988,pdnc,qID,Q225-0,Mrs. Cecil Forrester,86716,86736,16,297,6,M_988,PROPN
989,booknlp,COREF,105,I,86782,86783,14,297,6,M_989,Other
990,pdnc,qID,Q225-0,you,86798,86801,21,297,6,M_990,Other
991,pdnc,qID,Q225-0,you,86810,86813,21,297,6,M_991,Other
992,pdnc,qID,Q225-0,you,86847,86850,21,297,6,M_992,Other
993,pdnc,qID,Q226-0,you,87015,87018,14,298,6,M_993,Other
994,pdnc,qID,Q226-0,you,87171,87174,14,298,6,M_994,Other
995,pdnc,qID,Q227-0,Your,87207,87211,21,299,6,M_995,Other
996,pdnc,qID,Q227-1,Jones,87332,87337,3,299,6,M_996,Other
997,pdnc,qID,Q227-1,he,87374,87376,3,299,6,M_997,Other
998,pdnc,qID,Q227-1,you,87407,87410,21,299,6,M_998,Other
999,pdnc,qID,Q227-1,Miss Morstan,87424,87436,12,299,6,M_999,PROPN
1000,pdnc,qID,Q227-1,you,87444,87447,21,299,6,M_1000,Other
1001,pdnc,qID,Q227-1,Sherman,87580,87587,31,299,6,M_1001,Other
1002,pdnc,qID,Q227-1,You,87601,87604,21,299,6,M_1002,Other
1003,pdnc,qID,Q227-1,old Sherman,87667,87678,31,299,6,M_1003,Other
1004,booknlp,COREF,142,him,87692,87695,31,299,6,M_1004,Other
1005,exp,exp_name,toby,Toby,87730,87734,27,299,6,M_1005,PROPN
1006,pdnc,qID,Q227-1,You,87744,87747,21,299,6,M_1006,Other
1007,exp,exp_name,toby,Toby,87759,87763,27,299,6,M_1007,PROPN
1008,pdnc,qID,Q227-1,you,87785,87788,21,299,6,M_1008,Other
1009,exp,exp_name,toby,Toby,87892,87896,27,301,6,M_1009,PROPN
1010,booknlp,COREF,143,him,87971,87974,27,302,6,M_1010,Other
1011,booknlp,COREF,105,I,88075,88076,14,303,6,M_1011,Other
1012,exp,exp_name,holmes,Holmes,88084,88090,14,303,6,M_1012,PROPN
1013,booknlp,COREF,105,I,88108,88109,14,303,6,M_1013,Other
1014,pdnc,qID,Q231-1,Mrs. Bernstone,88125,88139,15,303,6,M_1014,PROPN
1015,pdnc,qID,Q231-1,Mr. Thaddeus,88175,88187,19,303,6,M_1015,PROPN
1016,booknlp,COREF,105,me,88193,88195,14,303,6,M_1016,Other
1017,booknlp,COREF,105,I,88229,88230,14,303,6,M_1017,Other
1018,pdnc,qID,Q231-1,Jones,88253,88258,3,303,6,M_1018,Other
1019,booknlp,COREF,109,his,88283,88286,3,303,6,M_1019,Other
1020,exp,exp_name,miss morstan,Miss Morstan,88517,88529,12,305,7,M_1020,PROPN
1021,exp,exp_name,holmes,Holmes,89557,89563,14,305,7,M_1021,PROPN
1022,exp,exp_name,mrs. cecil forrester,Mrs. Cecil Forrester,89989,90009,16,306,7,M_1022,PROPN
1023,exp,exp_name,mrs. forrester,Mrs. Forrester,90053,90067,24,306,7,M_1023,PROPN
1024,exp,exp_name,miss morstan,Miss Morstan,90120,90132,12,306,7,M_1024,PROPN
1025,exp,exp_name,mrs. forrester,Mrs. Forrester,90473,90487,24,306,7,M_1025,PROPN
1026,exp,exp_name,captain morstan,Captain Morstan,91336,91351,5,307,7,M_1026,PROPN
1027,exp,exp_name,morstan,Morstan,91573,91580,5,307,7,M_1027,PROPN
1028,exp,exp_name,major sholto,Major Sholto,91613,91625,11,307,7,M_1028,PROPN
1029,exp,exp_name,captain morstan,Captain Morstan,91862,91877,5,307,7,M_1029,PROPN
1030,pdnc,qID,Q232-0,you,92306,92309,21,309,7,M_1030,Other
1031,pdnc,qID,Q232-1,you,92348,92351,21,309,7,M_1031,Other
1032,booknlp,COREF,142,I,92373,92374,31,309,7,M_1032,Other
1033,pdnc,qID,Q232-1,you,92429,92432,21,309,7,M_1033,Other
1034,pdnc,qID,Q233-0,you,92440,92443,31,310,7,M_1034,Other
1035,booknlp,COREF,142,me,92537,92539,31,311,7,M_1035,Other
1036,booknlp,COREF,142,I,92550,92551,31,311,7,M_1036,Other
1037,booknlp,COREF,142,I,92581,92582,31,311,7,M_1037,Other
1038,pdnc,qID,Q234-1,your,92597,92601,21,311,7,M_1038,Other
1039,pdnc,qID,Q234-1,you,92610,92613,21,311,7,M_1039,Other
1040,booknlp,COREF,142,I,92662,92663,31,313,7,M_1040,Other
1041,exp,exp_name,mr. sherman,Mr. Sherman,92695,92706,31,313,7,M_1041,PROPN
1042,booknlp,COREF,142,I,92735,92736,31,313,7,M_1042,Other
1043,pdnc,qID,Q237-0,Mr. Sherlock Holmes,92774,92793,14,314,7,M_1043,PROPN
1044,exp,exp_name,mr. sherman,Mr. Sherman,92937,92948,31,314,7,M_1044,PROPN
1045,exp,exp_name,sherlock,Sherlock,93060,93068,14,315,7,M_1045,PROPN
1046,booknlp,COREF,142,he,93094,93096,31,315,7,M_1046,Other
1047,pdnc,qID,Q238-1,sir,93108,93111,21,315,7,M_1047,PROPN
1048,booknlp,COREF,105,he,93143,93145,14,315,7,M_1048,Other
1049,pdnc,qID,Q238-2,sir,93321,93324,21,315,7,M_1049,PROPN
1050,booknlp,COREF,142,I,93376,93377,31,315,7,M_1050,Other
1051,pdnc,qID,Q238-2,You,93439,93442,21,315,7,M_1051,Other
1052,booknlp,COREF,142,my,93457,93459,31,315,7,M_1052,Other
1053,pdnc,qID,Q238-2,you,93490,93493,21,315,7,M_1053,Other
1054,booknlp,COREF,142,I,93508,93509,31,315,7,M_1054,Other
1055,booknlp,COREF,142,me,93596,93598,31,315,7,M_1055,Other
1056,exp,exp_name,mr. sherlock holmes,Mr. Sherlock Holmes,93620,93639,14,315,7,M_1056,PROPN
1057,pdnc,qID,Q238-2,sir,93648,93651,21,315,7,M_1057,PROPN
1058,pdnc,qID,Q239-0,He,93656,93658,14,316,7,M_1058,Other
1059,pdnc,qID,Q239-0,yours,93675,93680,31,316,7,M_1059,Other
1060,exp,exp_name,toby,Toby,93703,93707,27,317,7,M_1060,PROPN
1061,exp,exp_name,toby,Toby,93717,93721,27,318,7,M_1061,PROPN
1062,exp,exp_name,toby,Toby,93739,93743,27,319,7,M_1062,PROPN
1063,exp,exp_name,toby,Toby,94182,94186,27,320,7,M_1063,PROPN
1064,exp,exp_name,mcmurdo,McMurdo,94658,94665,30,320,7,M_1064,PROPN
1065,exp,exp_name,mr. sholto,Mr. Sholto,94727,94737,19,320,7,M_1065,PROPN
1066,exp,exp_name,holmes,Holmes,94896,94902,14,321,7,M_1066,PROPN
1067,booknlp,COREF,105,his,94939,94942,14,321,7,M_1067,Other
1068,booknlp,COREF,105,his,94952,94955,14,321,7,M_1068,Other
1069,booknlp,COREF,105,his,94973,94976,14,321,7,M_1069,Other
1070,pdnc,qID,Q243-0,you,94989,94992,21,322,7,M_1070,Other
1071,booknlp,COREF,105,he,95015,95017,14,322,7,M_1071,Other
1072,pdnc,qID,Q243-1,Atheney Jones,95036,95049,3,322,7,M_1072,PROPN
1073,pdnc,qID,Q243-1,you,95107,95110,21,322,7,M_1073,Other
1074,pdnc,qID,Q243-1,He,95117,95119,3,322,7,M_1074,Other
1075,pdnc,qID,Q243-1,friend Thaddeus,95142,95157,19,322,7,M_1075,Other
1076,pdnc,qID,Q243-1,the housekeeper,95179,95194,15,322,7,M_1076,Other
1077,exp,exp_name,toby,Toby,95324,95328,27,323,7,M_1077,PROPN
1078,booknlp,COREF,143,he,95392,95394,27,323,7,M_1078,Other
1079,exp,exp_name,weary-looking police-sergeant,weary-looking police-sergeant,95469,95498,32,323,7,M_1079,PROPN
1080,pdnc,qID,Q244-0,sergeant,95550,95558,32,324,7,M_1080,Other
1081,pdnc,qID,Q244-1,you,95660,95663,21,324,7,M_1081,Other
1082,pdnc,qID,Q244-1,you,95714,95717,21,324,7,M_1082,Other
1083,pdnc,qID,Q244-1,you,95739,95742,21,324,7,M_1083,Other
1084,pdnc,qID,Q244-1,Watson,95744,95750,21,324,7,M_1084,Other
1085,exp,exp_name,holmes,Holmes,95931,95937,14,325,7,M_1085,PROPN
1086,booknlp,COREF,105,his,95945,95948,14,325,7,M_1086,Other
1087,booknlp,COREF,105,I,95999,96000,14,326,7,M_1087,Other
1088,pdnc,qID,Q245-0,you,96006,96009,21,326,7,M_1088,Other
1089,booknlp,COREF,105,he,96051,96053,14,326,7,M_1089,Other
1090,pdnc,qID,Q245-1,you,96064,96067,21,326,7,M_1090,Other
1091,exp,exp_name,small,small,96150,96155,25,327,7,M_1091,PROPN
1092,booknlp,COREF,105,I,96343,96344,14,330,7,M_1092,Other
1093,booknlp,COREF,105,my,96359,96361,14,330,7,M_1093,Other
1094,pdnc,qID,Q251-0,you,96564,96567,21,332,7,M_1094,Other
1095,booknlp,COREF,105,I,96642,96643,14,332,7,M_1095,Other
1096,booknlp,COREF,105,I,96664,96665,14,332,7,M_1096,Other
1097,booknlp,COREF,105,my,96692,96694,14,332,7,M_1097,Other
1098,booknlp,COREF,105,he,96712,96714,14,333,7,M_1098,Other
1099,booknlp,COREF,105,he,96794,96796,14,334,7,M_1099,Other
1100,booknlp,COREF,105,his,96801,96804,14,334,7,M_1100,Other
1101,pdnc,qID,Q252-0,you,96830,96833,21,334,7,M_1101,Other
1102,booknlp,COREF,105,him,96845,96848,14,334,7,M_1102,Other
1103,booknlp,COREF,105,I,96850,96851,14,334,7,M_1103,Other
1104,exp,exp_name,toby,Toby,96870,96874,27,334,7,M_1104,PROPN
1105,exp,exp_name,sherlock holmes,Sherlock Holmes,97007,97022,14,335,7,M_1105,PROPN
1106,booknlp,COREF,105,him,97056,97059,14,335,7,M_1106,Other
1107,booknlp,COREF,105,him,97141,97144,14,335,7,M_1107,Other
1108,booknlp,COREF,105,he,97177,97179,14,335,7,M_1108,Other
1109,booknlp,COREF,105,him,97293,97296,14,335,7,M_1109,Other
1110,pdnc,qID,Q253-0,you,97339,97342,21,336,7,M_1110,Other
1111,pdnc,qID,Q253-0,Watson,97344,97350,21,336,7,M_1111,Other
1112,booknlp,COREF,105,he,97353,97355,14,336,7,M_1112,Other
1113,booknlp,COREF,105,I,97555,97556,14,344,7,M_1113,Other
1114,booknlp,COREF,105,he,97593,97595,14,344,7,M_1114,Other
1115,booknlp,COREF,105,he,97789,97791,14,345,7,M_1115,Other
1116,booknlp,COREF,105,him,97868,97871,14,346,7,M_1116,Other
1117,booknlp,COREF,105,he,97874,97876,14,346,7,M_1117,Other
1118,booknlp,COREF,105,his,97894,97897,14,346,7,M_1118,Other
1119,booknlp,COREF,105,his,97968,97971,14,346,7,M_1119,Other
1120,booknlp,COREF,105,he,97978,97980,14,346,7,M_1120,Other
1121,booknlp,COREF,105,my,98011,98013,14,346,7,M_1121,Other
1122,booknlp,COREF,105,he,98071,98073,14,347,7,M_1122,Other
1123,exp,exp_name,small,small,98094,98099,25,347,7,M_1123,PROPN
1124,exp,exp_name,bartholomew sholto,Bartholomew Sholto,98361,98379,4,347,7,M_1124,PROPN
1125,booknlp,COREF,105,he,98414,98416,14,348,7,M_1125,Other
1126,pdnc,qID,Q263-1,you,98433,98436,21,348,7,M_1126,Other
1127,booknlp,COREF,105,I,98459,98460,14,348,7,M_1127,Other
1128,booknlp,COREF,105,he,98525,98527,14,348,7,M_1128,Other
1129,pdnc,qID,Q263-1,you,98559,98562,21,348,7,M_1129,Other
1130,booknlp,COREF,105,me,98566,98568,14,348,7,M_1130,Other
1131,booknlp,COREF,105,I,98606,98607,14,348,7,M_1131,Other
1132,booknlp,COREF,105,myself,98644,98650,14,348,7,M_1132,Other
1133,pdnc,qID,Q263-1,you,98656,98659,21,348,7,M_1133,Other
1134,pdnc,qID,Q263-1,Watson,98688,98694,21,348,7,M_1134,Other
1135,pdnc,qID,Q265-0,Your,98725,98729,21,350,7,M_1135,Other
1136,booknlp,COREF,106,you,98769,98772,21,352,7,M_1136,Other
1137,exp,exp_name,toby,Toby,98794,98798,27,352,7,M_1137,PROPN
1138,exp,exp_name,toby,Toby,98810,98814,27,352,7,M_1138,PROPN
1139,booknlp,COREF,105,He,98827,98829,14,352,7,M_1139,Other
1140,exp,exp_name,holmes,Holmes,99047,99053,14,352,7,M_1140,PROPN
1141,booknlp,COREF,105,him,99152,99155,14,352,7,M_1141,Other
1142,booknlp,COREF,105,his,99272,99275,14,352,7,M_1142,Other
1143,booknlp,COREF,105,his,99300,99303,14,352,7,M_1143,Other
1144,booknlp,COREF,105,his,99374,99377,14,352,7,M_1144,Other
1145,exp,exp_name,toby,Toby,99957,99961,27,354,7,M_1145,PROPN
1146,exp,exp_name,holmes,Holmes,100257,100263,14,354,7,M_1146,PROPN
1147,booknlp,COREF,105,he,100307,100309,14,354,7,M_1147,Other
1148,booknlp,COREF,105,he,100390,100392,14,355,7,M_1148,Other
1149,booknlp,COREF,105,him,100426,100429,14,355,7,M_1149,Other
1150,exp,exp_name,toby,Toby,100825,100829,27,356,7,M_1150,PROPN
1151,booknlp,COREF,143,his,100876,100879,27,356,7,M_1151,Other
1152,exp,exp_name,holmes,Holmes,101018,101024,14,357,7,M_1152,PROPN
1153,booknlp,COREF,105,I,101032,101033,14,357,7,M_1153,Other
1154,booknlp,COREF,105,my,101045,101047,14,357,7,M_1154,Other
1155,booknlp,COREF,105,I,101151,101152,14,357,7,M_1155,Other
1156,booknlp,COREF,105,me,101191,101193,14,357,7,M_1156,Other
1157,booknlp,COREF,105,I,101309,101310,14,357,7,M_1157,Other
1158,booknlp,COREF,105,I,101333,101334,14,357,7,M_1158,Other
1159,booknlp,COREF,105,I,101609,101610,14,358,7,M_1159,Other
1160,pdnc,qID,Q270-1,you,101618,101621,14,358,7,M_1160,Other
1161,pdnc,qID,Q270-1,Holmes,101623,101629,14,358,7,M_1161,Other
1162,booknlp,COREF,105,I,101636,101637,14,358,7,M_1162,Other
1163,pdnc,qID,Q270-1,you,101667,101670,14,358,7,M_1163,Other
1164,pdnc,qID,Q270-1,your,101678,101682,14,358,7,M_1164,Other
1165,booknlp,COREF,105,I,101720,101721,14,358,7,M_1165,Other
1166,booknlp,COREF,105,me,101775,101777,14,358,7,M_1166,Other
1167,pdnc,qID,Q270-1,you,101838,101841,14,358,7,M_1167,Other
1168,exp,exp_name,wooden-legged man,wooden-legged man,101876,101893,23,358,7,M_1168,PROPN
1169,pdnc,qID,Q271-0,my dear boy,101905,101916,21,359,7,M_1169,Other
1170,pdnc,qID,Q271-0,Jonathan Small,102156,102170,23,359,7,M_1170,PROPN
1171,pdnc,qID,Q271-0,You,102172,102175,21,359,7,M_1171,Other
1172,pdnc,qID,Q271-0,Captain Morstan,102224,102239,5,359,7,M_1172,PROPN
1173,pdnc,qID,Q271-0,He,102254,102256,23,359,7,M_1173,Other
1174,pdnc,qID,Q271-0,he,102337,102339,23,359,7,M_1174,Other
1175,pdnc,qID,Q271-0,Jonathan Small,102570,102584,23,359,7,M_1175,PROPN
1176,exp,exp_name,morstan,Morstan,102668,102675,5,359,7,M_1176,PROPN
1177,pdnc,qID,Q271-0,Jonathan Small,102726,102740,23,359,7,M_1177,PROPN
1178,pdnc,qID,Q271-0,he,102774,102776,23,359,7,M_1178,Other
1179,exp,exp_name,major sholto,Major Sholto,103004,103016,11,361,7,M_1179,PROPN
1180,pdnc,qID,Q273-0,he,103096,103098,33,361,7,M_1180,Other
1181,exp,exp_name,wooden-legged man,wooden-legged man,103444,103461,23,363,7,M_1181,PROPN
1182,pdnc,qID,Q275-0,you,103481,103484,21,363,7,M_1182,Other
1183,exp,exp_name,wooden-legged man,wooden-legged man,103727,103744,23,363,7,M_1183,PROPN
1184,pdnc,qID,Q275-0,Jonathan Small,103763,103777,23,363,7,M_1184,PROPN
1185,pdnc,qID,Q275-0,you,103805,103808,21,363,7,M_1185,Other
1186,pdnc,qID,Q277-0,Jonathan Small,103909,103923,23,365,7,M_1186,PROPN
1187,pdnc,qID,Q277-0,his,103948,103951,23,365,7,M_1187,Other
1188,pdnc,qID,Q277-0,He,103967,103969,23,365,7,M_1188,Other
1189,pdnc,qID,Q277-0,he,104026,104028,23,365,7,M_1189,Other
1190,pdnc,qID,Q277-0,his,104050,104053,23,365,7,M_1190,Other
1191,pdnc,qID,Q277-0,his,104075,104078,23,365,7,M_1191,Other
1192,pdnc,qID,Q277-0,him,104116,104119,23,365,7,M_1192,Other
1193,pdnc,qID,Q277-0,He,104121,104123,23,365,7,M_1193,Other
1194,exp,exp_name,sholto,Sholto,104140,104146,19,365,7,M_1194,PROPN
1195,pdnc,qID,Q277-0,he,104172,104174,23,365,7,M_1195,Other
1196,pdnc,qID,Q277-0,this butler,104243,104254,9,365,7,M_1196,Other
1197,pdnc,qID,Q277-0,Lal Rao,104256,104263,9,365,7,M_1197,PROPN
1198,pdnc,qID,Q277-0,Mrs. Bernstone,104288,104302,15,365,7,M_1198,PROPN
1199,pdnc,qID,Q277-0,him,104309,104312,9,365,7,M_1199,Other
1200,pdnc,qID,Q277-0,Small,104340,104345,23,365,7,M_1200,Other
1201,pdnc,qID,Q277-0,the major,104430,104439,11,365,7,M_1201,Other
1202,pdnc,qID,Q277-0,Small,104488,104493,23,365,7,M_1202,Other
1203,pdnc,qID,Q277-0,the major,104506,104515,11,365,7,M_1203,Other
1204,pdnc,qID,Q277-0,he,104595,104597,23,365,7,M_1204,Other
1205,pdnc,qID,Q277-0,his,104637,104640,23,365,7,M_1205,Other
1206,pdnc,qID,Q277-0,the dying man,104648,104661,11,365,7,M_1206,Other
1207,pdnc,qID,Q277-0,the dead man,104772,104784,11,365,7,M_1207,Other
1208,pdnc,qID,Q277-0,he,104786,104788,23,365,7,M_1208,Other
1209,pdnc,qID,Q277-0,his,104946,104949,23,365,7,M_1209,Other
1210,pdnc,qID,Q277-0,He,104996,104998,23,365,7,M_1210,Other
1211,pdnc,qID,Q277-0,he,105044,105046,23,365,7,M_1211,Other
1212,pdnc,qID,Q277-0,he,105062,105064,23,365,7,M_1212,Other
1213,pdnc,qID,Q277-0,you,105398,105401,21,365,7,M_1213,Other
1214,pdnc,qID,Q279-0,Jonathan Small,105455,105469,23,367,7,M_1214,PROPN
1215,pdnc,qID,Q279-0,He,105474,105476,23,367,7,M_1215,Other
1216,pdnc,qID,Q279-0,he,105573,105575,23,367,7,M_1216,Other
1217,pdnc,qID,Q279-0,he,105669,105671,23,367,7,M_1217,Other
1218,pdnc,qID,Q279-0,Jonathan,105767,105775,23,367,7,M_1218,PROPN
1219,pdnc,qID,Q279-0,his,105782,105785,23,367,7,M_1219,Other
1220,pdnc,qID,Q279-0,Bartholomew Sholto,105843,105861,4,367,7,M_1220,PROPN
1221,pdnc,qID,Q279-0,He,105863,105865,23,367,7,M_1221,Other
1222,pdnc,qID,Q279-0,him,105877,105880,23,367,7,M_1222,Other
1223,exp,exp_name,toby,Toby,106002,106006,27,367,7,M_1223,PROPN
1224,pdnc,qID,Q280-0,Jonathan,106119,106127,23,368,7,M_1224,PROPN
1225,pdnc,qID,Q281-0,Jonathan,106181,106189,23,369,7,M_1225,PROPN
1226,pdnc,qID,Q281-0,he,106221,106223,23,369,7,M_1226,Other
1227,pdnc,qID,Q281-0,he,106243,106245,23,369,7,M_1227,Other
1228,pdnc,qID,Q281-0,He,106265,106267,23,369,7,M_1228,Other
1229,pdnc,qID,Q281-0,Bartholomew Sholto,106291,106309,4,369,7,M_1229,PROPN
1230,pdnc,qID,Q281-0,He,106383,106385,23,369,7,M_1230,Other
1231,pdnc,qID,Q281-0,Jonathan Small,106554,106568,23,369,7,M_1231,PROPN
1232,pdnc,qID,Q281-0,his,106574,106577,23,369,7,M_1232,Other
1233,pdnc,qID,Q281-0,his,106727,106730,23,369,7,M_1233,Other
1234,pdnc,qID,Q281-0,he,106751,106753,23,369,7,M_1234,Other
1235,pdnc,qID,Q281-0,his,106811,106814,23,369,7,M_1235,Other
1236,pdnc,qID,Q281-0,His,106853,106856,23,369,7,M_1236,Other
1237,pdnc,qID,Q281-0,his,106905,106908,23,369,7,M_1237,Other
1238,pdnc,qID,Q281-0,he,106934,106936,23,369,7,M_1238,Other
1239,pdnc,qID,Q281-0,His,106950,106953,23,369,7,M_1239,Other
1240,pdnc,qID,Q281-0,Thaddeus Sholto,107010,107025,19,369,7,M_1240,PROPN
1241,booknlp,COREF,124,he,107031,107033,19,369,7,M_1241,Other
1242,pdnc,qID,Q281-0,him,107038,107041,23,369,7,M_1242,Other
1243,pdnc,qID,Q283-0,you,107169,107172,21,371,7,M_1243,Other
1244,pdnc,qID,Q283-0,you,107484,107487,21,371,7,M_1244,Other
1245,exp,exp_name,small,small,107499,107504,25,371,7,M_1245,PROPN
1246,pdnc,qID,Q283-0,you,107613,107616,21,371,7,M_1246,Other
1247,pdnc,qID,Q285-0,you,107902,107905,21,373,7,M_1247,Other
1248,pdnc,qID,Q285-0,You,108036,108039,21,373,7,M_1248,Other
1249,pdnc,qID,Q285-0,you,108064,108067,21,373,7,M_1249,Other
1250,pdnc,qID,Q287-0,Jonathan,108176,108184,23,375,7,M_1250,PROPN
1251,pdnc,qID,Q287-0,you,108202,108205,21,375,7,M_1251,Other
1252,pdnc,qID,Q287-0,him,108250,108253,23,375,7,M_1252,Other
1253,exp,exp_name,toby,Toby,108452,108456,27,376,7,M_1253,PROPN
1254,exp,exp_name,toby,Toby,108974,108978,27,376,7,M_1254,PROPN
1255,booknlp,COREF,143,his,109049,109052,27,376,7,M_1255,Other
1256,exp,exp_name,toby,Toby,109649,109653,27,377,7,M_1256,PROPN
1257,booknlp,COREF,143,he,109801,109803,27,377,7,M_1257,Other
1258,booknlp,COREF,143,his,109895,109898,27,377,7,M_1258,Other
1259,exp,exp_name,holmes,Holmes,109968,109974,14,378,7,M_1259,PROPN
1260,booknlp,COREF,143,He,110113,110115,27,380,7,M_1260,Other
1261,booknlp,COREF,143,He,110171,110173,27,381,7,M_1261,Other
1262,booknlp,COREF,143,he,110221,110223,27,381,7,M_1262,Other
1263,booknlp,COREF,143,his,110241,110244,27,381,7,M_1263,Other
1264,booknlp,COREF,143,he,110308,110310,27,381,7,M_1264,Other
1265,booknlp,COREF,143,he,110384,110386,27,381,7,M_1265,Other
1266,booknlp,COREF,143,his,110407,110410,27,381,7,M_1266,Other
1267,booknlp,COREF,143,his,110445,110448,27,381,7,M_1267,Other
1268,exp,exp_name,holmes,Holmes,110513,110519,14,381,7,M_1268,PROPN
1269,booknlp,COREF,105,he,110532,110534,14,381,7,M_1269,Other
1270,exp,exp_name,toby,Toby,111120,111124,27,382,7,M_1270,PROPN
1271,exp,exp_name,sherlock holmes,Sherlock Holmes,111358,111373,14,383,7,M_1271,PROPN
1272,exp,exp_name,toby,Toby,111545,111549,27,385,8,M_1272,PROPN
1273,booknlp,COREF,143,his,111559,111562,27,385,8,M_1273,Other
1274,booknlp,COREF,143,He,111595,111597,27,386,8,M_1274,Other
1275,booknlp,COREF,143,his,111617,111620,27,386,8,M_1275,Other
1276,exp,exp_name,holmes,Holmes,111635,111641,14,386,8,M_1276,PROPN
1277,booknlp,COREF,143,him,111651,111654,27,386,8,M_1277,Other
1278,booknlp,COREF,143,him,111688,111691,27,386,8,M_1278,Other
1279,pdnc,qID,Q292-1,you,111720,111723,21,386,8,M_1279,Other
1280,pdnc,qID,Q292-1,our,111813,111816,14,386,8,M_1280,Other
1281,exp,exp_name,toby,Toby,111913,111917,27,386,8,M_1281,PROPN
1282,booknlp,COREF,143,I,111975,111976,27,387,8,M_1282,Other
1283,exp,exp_name,toby,Toby,112284,112288,27,389,8,M_1283,PROPN
1284,booknlp,COREF,143,he,112308,112310,27,389,8,M_1284,Other
1285,booknlp,COREF,143,his,112325,112328,27,389,8,M_1285,Other
1286,booknlp,COREF,143,he,112336,112338,27,389,8,M_1286,Other
1287,booknlp,COREF,143,he,112437,112439,27,390,8,M_1287,Other
1288,booknlp,COREF,143,I,112527,112528,27,391,8,M_1288,Other
1289,pdnc,qID,Q296-0,you,112554,112557,21,391,8,M_1289,Other
1290,booknlp,COREF,143,he,112570,112572,27,391,8,M_1290,Other
1291,exp,exp_name,small,small,112850,112855,25,392,8,M_1291,PROPN
1292,exp,exp_name,toby,Toby,112870,112874,27,392,8,M_1292,PROPN
1293,exp,exp_name,holmes,Holmes,113001,113007,14,393,8,M_1293,PROPN
1294,exp,exp_name,small,small,113051,113056,25,393,8,M_1294,PROPN
1295,exp,exp_name,toby,Toby,113142,113146,27,393,8,M_1295,PROPN
1296,booknlp,COREF,143,he,113182,113184,27,393,8,M_1296,Other
1297,booknlp,COREF,143,he,113204,113206,27,393,8,M_1297,Other
1298,exp,exp_name,small,small,113260,113265,25,394,8,M_1298,PROPN
1299,exp,exp_name,mordecai smith,Mordecai Smith,113339,113353,13,394,8,M_1299,PROPN
1300,exp,exp_name,sherlock holmes,Sherlock Holmes,113598,113613,14,394,8,M_1300,PROPN
1301,booknlp,COREF,105,his,113639,113642,14,394,8,M_1301,Other
1302,booknlp,COREF,105,he,113703,113705,14,395,8,M_1302,Other
1303,booknlp,COREF,105,I,113739,113740,14,395,8,M_1303,Other
1304,booknlp,COREF,105,I,113802,113803,14,395,8,M_1304,Other
1305,booknlp,COREF,105,He,113847,113849,14,396,8,M_1305,Other
1306,exp,exp_name,"a stoutish, red-faced woman","a stoutish, red-faced woman",113973,114000,18,396,8,M_1306,PROPN
1307,pdnc,qID,Q299-0,You,114036,114039,7,397,8,M_1307,Other
1308,pdnc,qID,Q299-0,Jack,114065,114069,7,397,8,M_1308,PROPN
1309,pdnc,qID,Q299-1,you,114097,114100,7,397,8,M_1309,Other
1310,pdnc,qID,Q299-1,your father,114119,114130,13,397,8,M_1310,Other
1311,pdnc,qID,Q299-1,you,114152,114155,7,397,8,M_1311,Other
1312,pdnc,qID,Q299-1,he,114167,114169,13,397,8,M_1312,Other
1313,pdnc,qID,Q300-0,Dear little chap,114195,114211,7,398,8,M_1313,Other
1314,exp,exp_name,holmes,Holmes,114219,114225,14,398,8,M_1314,PROPN
1315,pdnc,qID,Q300-1,young rascal,114263,114275,7,398,8,M_1315,Other
1316,pdnc,qID,Q300-1,Jack,114282,114286,7,398,8,M_1316,PROPN
1317,pdnc,qID,Q300-1,you,114306,114309,7,398,8,M_1317,Other
1318,pdnc,qID,Q302-0,you,114399,114402,7,400,8,M_1318,Other
1319,pdnc,qID,Q304-0,you,114505,114508,7,402,8,M_1319,Other
1320,pdnc,qID,Q304-0,A fine child,114527,114539,7,402,8,M_1320,Other
1321,pdnc,qID,Q304-0,Mrs. Smith,114541,114551,18,402,8,M_1321,PROPN
1322,pdnc,qID,Q305-0,you,114567,114570,14,403,8,M_1322,Other
1323,pdnc,qID,Q305-0,he,114577,114579,7,403,8,M_1323,Other
1324,pdnc,qID,Q305-0,He,114602,114604,7,403,8,M_1324,Other
1325,booknlp,COREF,105,me,114630,114632,14,403,8,M_1325,Other
1326,booknlp,COREF,105,my,114660,114662,14,403,8,M_1326,Other
1327,pdnc,qID,Q306-0,he,114703,114705,13,404,8,M_1327,Other
1328,exp,exp_name,holmes,Holmes,114713,114719,14,404,8,M_1328,PROPN
1329,booknlp,COREF,105,I,114747,114748,14,404,8,M_1329,Other
1330,booknlp,COREF,105,I,114772,114773,14,404,8,M_1330,Other
1331,pdnc,qID,Q306-1,Mr. Smith,114793,114802,13,404,8,M_1331,PROPN
1332,pdnc,qID,Q307-0,He,114807,114809,13,405,8,M_1332,Other
1333,pdnc,qID,Q307-0,sir,114847,114850,14,405,8,M_1333,PROPN
1334,booknlp,COREF,105,I,114872,114873,14,405,8,M_1334,Other
1335,pdnc,qID,Q307-0,him,114912,114915,13,405,8,M_1335,Other
1336,pdnc,qID,Q307-0,sir,114945,114948,14,405,8,M_1336,PROPN
1337,booknlp,COREF,105,I,114956,114957,14,405,8,M_1337,Other
1338,booknlp,COREF,105,I,114982,114983,14,406,8,M_1338,Other
1339,pdnc,qID,Q308-0,his,114999,115002,13,406,8,M_1339,Other
1340,pdnc,qID,Q309-0,you,115031,115034,14,407,8,M_1340,Other
1341,pdnc,qID,Q309-0,sir,115036,115039,14,407,8,M_1341,PROPN
1342,pdnc,qID,Q309-0,he,115072,115074,13,407,8,M_1342,Other
1343,booknlp,COREF,105,me,115105,115107,14,407,8,M_1343,Other
1344,booknlp,COREF,105,I,115113,115114,14,407,8,M_1344,Other
1345,pdnc,qID,Q309-0,he,115201,115203,13,407,8,M_1345,Other
1346,booknlp,COREF,105,I,115229,115230,14,407,8,M_1346,Other
1347,pdnc,qID,Q309-0,him,115286,115289,13,407,8,M_1347,Other
1348,pdnc,qID,Q309-0,he,115350,115352,13,407,8,M_1348,Other
1349,pdnc,qID,Q310-0,He,115426,115428,13,408,8,M_1349,Other
1350,pdnc,qID,Q311-0,He,115482,115484,13,409,8,M_1350,Other
1351,pdnc,qID,Q311-0,sir,115492,115495,14,409,8,M_1351,PROPN
1352,pdnc,qID,Q311-0,his,115512,115515,13,409,8,M_1352,Other
1353,booknlp,COREF,105,I,115533,115534,14,409,8,M_1353,Other
1354,pdnc,qID,Q311-0,him,115544,115547,13,409,8,M_1354,Other
1355,booknlp,COREF,105,I,115612,115613,14,409,8,M_1355,Other
1356,pdnc,qID,Q311-0,that wooden-legged man,115625,115647,23,409,8,M_1356,Other
1357,pdnc,qID,Q311-0,his,115653,115656,23,409,8,M_1357,Other
1358,pdnc,qID,Q311-0,he,115697,115699,23,409,8,M_1358,Other
1359,pdnc,qID,Q312-0,wooden-legged man,115742,115759,23,410,8,M_1359,Other
1360,exp,exp_name,holmes,Holmes,115767,115773,14,410,8,M_1360,PROPN
1361,pdnc,qID,Q313-0,sir,115803,115806,14,411,8,M_1361,PROPN
1362,pdnc,qID,Q313-0,chap,115830,115834,23,411,8,M_1362,Other
1363,pdnc,qID,Q313-0,my old man,115865,115875,13,411,8,M_1363,Other
1364,pdnc,qID,Q313-0,him,115884,115887,23,411,8,M_1364,Other
1365,pdnc,qID,Q313-0,him,115900,115903,23,411,8,M_1365,Other
1366,pdnc,qID,Q313-0,my man,115938,115944,13,411,8,M_1366,Other
1367,pdnc,qID,Q313-0,he,115950,115952,23,411,8,M_1367,Other
1368,pdnc,qID,Q313-0,he,115969,115971,23,411,8,M_1368,Other
1369,booknlp,COREF,105,I,116000,116001,14,411,8,M_1369,Other
1370,pdnc,qID,Q313-0,you,116007,116010,14,411,8,M_1370,Other
1371,pdnc,qID,Q313-0,sir,116021,116024,14,411,8,M_1371,PROPN
1372,booknlp,COREF,105,I,116026,116027,14,411,8,M_1372,Other
1373,booknlp,COREF,105,my,116047,116049,14,411,8,M_1373,Other
1374,pdnc,qID,Q314-0,my dear Mrs. Smith,116073,116091,18,412,8,M_1374,Other
1375,exp,exp_name,holmes,Holmes,116099,116105,14,412,8,M_1375,PROPN
1376,booknlp,COREF,105,his,116117,116120,14,412,8,M_1376,Other
1377,pdnc,qID,Q314-1,You,116133,116136,18,412,8,M_1377,Other
1378,booknlp,COREF,157,yourself,116153,116161,18,412,8,M_1378,Other
1379,pdnc,qID,Q314-1,you,116187,116190,18,412,8,M_1379,Other
1380,pdnc,qID,Q314-1,the wooden-legged man,116217,116238,23,412,8,M_1380,Other
1381,booknlp,COREF,105,I,116262,116263,14,412,8,M_1381,Other
1382,pdnc,qID,Q314-1,you,116291,116294,18,412,8,M_1382,Other
1383,pdnc,qID,Q315-0,His,116314,116317,23,413,8,M_1383,Other
1384,pdnc,qID,Q315-0,sir,116325,116328,14,413,8,M_1384,PROPN
1385,booknlp,COREF,105,I,116330,116331,14,413,8,M_1385,Other
1386,pdnc,qID,Q315-0,his,116337,116340,23,413,8,M_1386,Other
1387,pdnc,qID,Q315-0,He,116382,116384,23,413,8,M_1387,Other
1388,pdnc,qID,Q316-0,he,116458,116460,23,413,8,M_1388,Other
1389,pdnc,qID,Q317-0,My old man,116488,116498,13,413,8,M_1389,Other
1390,booknlp,COREF,105,my,116519,116521,14,413,8,M_1390,Other
1391,booknlp,COREF,105,me,116579,116581,14,413,8,M_1391,Other
1392,booknlp,COREF,105,I,116583,116584,14,413,8,M_1392,Other
1393,pdnc,qID,Q318-0,wooden-legged man,116651,116668,23,414,8,M_1393,Other
1394,booknlp,COREF,105,I,116693,116694,14,415,8,M_1394,Other
1395,pdnc,qID,Q319-0,sir,116704,116707,14,415,8,M_1395,PROPN
1396,booknlp,COREF,105,I,116709,116710,14,415,8,M_1396,Other
1397,booknlp,COREF,105,I,116739,116740,14,416,8,M_1397,Other
1398,pdnc,qID,Q320-0,Mrs. Smith,116751,116761,18,416,8,M_1398,PROPN
1399,booknlp,COREF,105,I,116767,116768,14,416,8,M_1399,Other
1400,booknlp,COREF,105,I,116796,116797,14,416,8,M_1400,Other
1401,booknlp,COREF,105,me,116833,116835,14,416,8,M_1401,Other
1402,booknlp,COREF,105,I,117094,117095,14,420,8,M_1402,Other
1403,pdnc,qID,Q324-0,you,117106,117109,18,420,8,M_1403,Other
1404,pdnc,qID,Q324-0,Mr. Smith,117130,117139,13,420,8,M_1404,PROPN
1405,booknlp,COREF,105,I,117141,117142,14,420,8,M_1405,Other
1406,booknlp,COREF,105,I,117175,117176,14,420,8,M_1406,Other
1407,booknlp,COREF,105,I,117213,117214,14,420,8,M_1407,Other
1408,pdnc,qID,Q324-0,him,117225,117228,13,420,8,M_1408,Other
1409,pdnc,qID,Q324-0,you,117239,117242,18,420,8,M_1409,Other
1410,pdnc,qID,Q324-0,you,117271,117274,18,420,8,M_1410,Other
1411,pdnc,qID,Q325-0,sir,117287,117290,14,421,8,M_1411,PROPN
1412,pdnc,qID,Q326-0,Mrs. Smith,117384,117394,18,422,8,M_1412,PROPN
1413,pdnc,qID,Q326-0,Watson,117435,117441,21,422,8,M_1413,Other
1414,exp,exp_name,holmes,Holmes,117531,117537,14,423,8,M_1414,PROPN
1415,pdnc,qID,Q329-0,you,117878,117881,21,425,8,M_1415,Other
1416,pdnc,qID,Q331-0,My dear fellow,117974,117988,21,427,8,M_1416,Other
1417,pdnc,qID,Q331-0,you,118199,118202,21,427,8,M_1417,Other
1418,pdnc,qID,Q331-0,you,118237,118240,21,427,8,M_1418,Other
1419,booknlp,COREF,105,I,118296,118297,14,429,8,M_1419,Other
1420,pdnc,qID,Q333-0,Athelney Jones,118318,118332,3,429,8,M_1420,PROPN
1421,pdnc,qID,Q333-0,He,118356,118358,3,429,8,M_1421,Other
1422,booknlp,COREF,105,I,118384,118385,14,429,8,M_1422,Other
1423,pdnc,qID,Q333-0,him,118436,118439,3,429,8,M_1423,Other
1424,booknlp,COREF,105,I,118460,118461,14,429,8,M_1424,Other
1425,booknlp,COREF,105,myself,118494,118500,14,429,8,M_1425,Other
1426,pdnc,qID,Q335-0,Jones,118841,118846,3,431,8,M_1426,Other
1427,pdnc,qID,Q335-0,his,118888,118891,3,431,8,M_1427,Other
1428,exp,exp_name,toby,Toby,119291,119295,27,433,8,M_1428,PROPN
1429,booknlp,COREF,143,he,119301,119303,27,433,8,M_1429,Other
1430,exp,exp_name,holmes,Holmes,119387,119393,14,434,8,M_1430,PROPN
1431,booknlp,COREF,105,his,119405,119408,14,434,8,M_1431,Other
1432,pdnc,qID,Q338-0,you,119424,119427,21,434,8,M_1432,Other
1433,booknlp,COREF,105,he,119447,119449,14,434,8,M_1433,Other
1434,booknlp,COREF,105,I,119486,119487,14,435,8,M_1434,Other
1435,booknlp,COREF,105,I,119496,119497,14,435,8,M_1435,Other
1436,pdnc,qID,Q340-0,You,119513,119516,21,436,8,M_1436,Other
1437,booknlp,COREF,105,I,119587,119588,14,436,8,M_1437,Other
1438,booknlp,COREF,105,I,119724,119725,14,438,8,M_1438,Other
1439,booknlp,COREF,105,I,119752,119753,14,438,8,M_1439,Other
1440,booknlp,COREF,105,my,119793,119795,14,438,8,M_1440,Other
1441,pdnc,qID,Q342-0,Wiggins,119821,119828,22,438,8,M_1441,Other
1442,booknlp,COREF,105,I,119834,119835,14,438,8,M_1442,Other
1443,pdnc,qID,Q342-0,he,119848,119850,22,438,8,M_1443,Other
1444,pdnc,qID,Q342-0,his,119855,119858,22,438,8,M_1444,Other
1445,exp,exp_name,bartholomew sholto,Bartholomew Sholto,120277,120295,4,439,8,M_1445,PROPN
1446,exp,exp_name,miss morstan,Miss Morstan,120479,120491,12,439,8,M_1446,PROPN
1447,exp,exp_name,holmes,Holmes,120752,120758,14,439,8,M_1447,PROPN
1448,pdnc,qID,Q343-1,Jones,121110,121115,3,441,8,M_1448,Other
1449,pdnc,qID,Q343-1,you,121179,121182,21,441,8,M_1449,Other
1450,pdnc,qID,Q343-1,your,121224,121228,21,441,8,M_1450,Other
1451,exp,exp_name,bartholomew sholto,Bartholomew Sholto,121423,121441,4,443,8,M_1451,PROPN
1452,exp,exp_name,mr. sholto,Mr. Sholto,121622,121632,19,443,8,M_1452,PROPN
1453,exp,exp_name,mr. sherlock holmes,Mr. Sherlock Holmes,121797,121816,14,443,8,M_1453,PROPN
1454,exp,exp_name,dr. watson,Dr. Watson,121821,121831,21,443,8,M_1454,PROPN
1455,exp,exp_name,mr. thaddeus sholto,Mr. Thaddeus Sholto,121866,121885,19,443,8,M_1455,PROPN
1456,exp,exp_name,mr. athelney jones,Mr. Athelney Jones,121949,121967,3,443,8,M_1456,PROPN
1457,booknlp,COREF,109,His,122130,122133,3,443,8,M_1457,Other
1458,exp,exp_name,thaddeus sholto,Thaddeus Sholto,122275,122290,19,443,8,M_1458,PROPN
1459,exp,exp_name,mrs. bernstone,Mrs. Bernstone,122350,122364,15,443,8,M_1459,PROPN
1460,exp,exp_name,lal rao,Lal Rao,122389,122396,9,443,8,M_1460,PROPN
1461,exp,exp_name,mcmurdo,McMurdo,122433,122440,30,443,8,M_1461,PROPN
1462,exp,exp_name,mr. jones,Mr. Jones,122529,122538,3,443,8,M_1462,PROPN
1463,booknlp,COREF,109,his,122576,122579,3,443,8,M_1463,Other
1464,booknlp,COREF,109,him,122622,122625,3,443,8,M_1464,Other
1465,exp,exp_name,holmes,Holmes,123398,123404,14,444,8,M_1465,PROPN
1466,booknlp,COREF,105,his,123420,123423,14,444,8,M_1466,Other
1467,pdnc,qID,Q344-1,you,123445,123448,21,444,8,M_1467,Other
1468,booknlp,COREF,113,I,123465,123466,17,445,8,M_1468,Other
1469,booknlp,COREF,105,I,123559,123560,14,446,8,M_1469,Other
1470,pdnc,qID,Q346-0,he,123600,123602,3,446,8,M_1470,Other
1471,pdnc,qID,Q346-0,his,123636,123639,3,446,8,M_1471,Other
1472,exp,exp_name,mrs. hudson,Mrs. Hudson,123728,123739,17,447,8,M_1472,PROPN
1473,booknlp,COREF,113,her,123763,123766,17,447,8,M_1473,Other
1474,pdnc,qID,Q347-0,Holmes,123825,123831,14,448,8,M_1474,Other
1475,pdnc,qID,Q349-0,your,124481,124485,14,451,8,M_1475,Other
1476,pdnc,qID,Q349-0,sir,124495,124498,14,451,8,M_1476,PROPN
1477,pdnc,qID,Q350-0,you,124581,124584,22,452,8,M_1477,Other
1478,exp,exp_name,holmes,Holmes,124596,124602,14,452,8,M_1478,PROPN
1479,pdnc,qID,Q350-1,you,124657,124660,22,452,8,M_1479,Other
1480,pdnc,qID,Q350-1,Wiggins,124662,124669,22,452,8,M_1480,Other
1481,pdnc,qID,Q350-1,you,124675,124678,22,452,8,M_1481,Other
1482,booknlp,COREF,105,me,124682,124684,14,452,8,M_1482,Other
1483,booknlp,COREF,105,I,124686,124687,14,452,8,M_1483,Other
1484,pdnc,qID,Q350-1,you,124764,124767,22,452,8,M_1484,Other
1485,booknlp,COREF,105,I,124802,124803,14,452,8,M_1485,Other
1486,pdnc,qID,Q350-1,Mordecai Smith,124878,124892,13,452,8,M_1486,PROPN
1487,booknlp,COREF,105,I,124987,124988,14,452,8,M_1487,Other
1488,pdnc,qID,Q350-1,Mordecai Smith,125011,125025,13,452,8,M_1488,PROPN
1489,pdnc,qID,Q350-1,You,125091,125094,22,452,8,M_1489,Other
1490,booknlp,COREF,105,me,125166,125168,14,452,8,M_1490,Other
1491,pdnc,qID,Q350-1,you,125185,125188,22,452,8,M_1491,Other
1492,pdnc,qID,Q351-0,guv nor,125227,125234,14,453,8,M_1492,Other
1493,exp,exp_name,wiggins,Wiggins,125242,125249,22,453,8,M_1493,PROPN
1494,pdnc,qID,Q352-0,you,125352,125355,22,454,8,M_1494,Other
1495,booknlp,COREF,159,He,125361,125363,22,454,8,M_1495,Other
1496,exp,exp_name,holmes,Holmes,125545,125551,14,455,8,M_1496,PROPN
1497,booknlp,COREF,105,he,125556,125558,14,455,8,M_1497,Other
1498,booknlp,COREF,105,his,125587,125590,14,455,8,M_1498,Other
1499,booknlp,COREF,105,I,125658,125659,14,455,8,M_1499,Other
1500,pdnc,qID,Q353-1,Mr. Mordecai Smith,125845,125863,13,455,8,M_1500,PROPN
1501,exp,exp_name,toby,Toby,125868,125872,27,456,8,M_1501,PROPN
1502,pdnc,qID,Q354-0,you,125913,125916,14,456,8,M_1502,Other
1503,pdnc,qID,Q354-0,Holmes,125931,125937,14,456,8,M_1503,Other
1504,booknlp,COREF,105,I,125946,125947,14,457,8,M_1504,Other
1505,booknlp,COREF,105,I,125962,125963,14,457,8,M_1505,Other
1506,booknlp,COREF,105,I,125993,125994,14,457,8,M_1506,Other
1507,booknlp,COREF,105,me,126058,126060,14,457,8,M_1507,Other
1508,booknlp,COREF,105,I,126073,126074,14,457,8,M_1508,Other
1509,pdnc,qID,Q355-0,my fair client,126140,126154,12,457,8,M_1509,Other
1510,pdnc,qID,Q355-0,the other man,126271,126284,20,457,8,M_1510,Other
1511,booknlp,COREF,105,I,126291,126292,14,457,8,M_1511,Other
1512,pdnc,qID,Q356-0,other man,126337,126346,20,458,8,M_1512,Other
1513,booknlp,COREF,105,I,126357,126358,14,459,8,M_1513,Other
1514,pdnc,qID,Q357-0,him,126393,126396,20,459,8,M_1514,Other
1515,pdnc,qID,Q357-0,you,126401,126404,21,459,8,M_1515,Other
1516,pdnc,qID,Q357-0,you,126418,126421,21,459,8,M_1516,Other
1517,pdnc,qID,Q357-0,your,126439,126443,21,459,8,M_1517,Other
1518,exp,exp_name,small,small,126589,126594,25,459,8,M_1518,PROPN
1519,pdnc,qID,Q357-0,you,126619,126622,21,459,8,M_1519,Other
1520,pdnc,qID,Q358-1,Jonathan Small,126725,126739,23,460,8,M_1520,PROPN
1521,exp,exp_name,small,small,126970,126975,25,461,8,M_1521,PROPN
1522,pdnc,qID,Q363-0,Watson,128310,128316,21,463,8,M_1522,Other
1523,exp,exp_name,small,small,128405,128410,25,463,8,M_1523,PROPN
1524,exp,exp_name,small,small,128495,128500,25,463,8,M_1524,PROPN
1525,pdnc,qID,Q364-0,Watson,128863,128869,21,463,8,M_1525,Other
1526,pdnc,qID,Q364-0,this fellow,128874,128885,20,463,8,M_1526,Other
1527,pdnc,qID,Q364-0,his,128903,128906,20,463,8,M_1527,Other
1528,pdnc,qID,Q364-0,Jonathan Small,129012,129026,23,463,8,M_1528,PROPN
1529,pdnc,qID,Q365-0,he,129092,129094,23,464,8,M_1529,Other
1530,pdnc,qID,Q365-0,a companion,129115,129126,20,464,8,M_1530,Other
1531,pdnc,qID,Q366-0,Small,129212,129217,23,465,8,M_1531,Other
1532,pdnc,qID,Q366-0,this islander,129279,129292,20,465,8,M_1532,Other
1533,pdnc,qID,Q366-0,him,129308,129311,23,465,8,M_1533,Other
1534,pdnc,qID,Q366-0,Watson,129369,129375,21,465,8,M_1534,Other
1535,pdnc,qID,Q366-0,you,129377,129380,21,465,8,M_1535,Other
1536,pdnc,qID,Q366-0,you,129451,129454,21,465,8,M_1536,Other
1537,exp,exp_name,mary morstan,Mary Morstan,129880,129892,12,466,8,M_1537,PROPN
1538,exp,exp_name,sherlock holmes,Sherlock Holmes,130023,130038,14,468,9,M_1538,PROPN
1539,booknlp,COREF,105,him,130071,130074,14,468,9,M_1539,Other
1540,booknlp,COREF,105,he,130086,130088,14,468,9,M_1540,Other
1541,booknlp,COREF,105,his,130104,130107,14,468,9,M_1541,Other
1542,booknlp,COREF,105,He,130139,130141,14,468,9,M_1542,Other
1543,booknlp,COREF,105,his,130196,130199,14,468,9,M_1543,Other
1544,pdnc,qID,Q367-0,You,130230,130233,21,469,9,M_1544,Other
1545,booknlp,COREF,105,he,130255,130257,14,469,9,M_1545,Other
1546,booknlp,COREF,105,I,130265,130266,14,469,9,M_1546,Other
1547,pdnc,qID,Q367-1,you,130299,130302,21,469,9,M_1547,Other
1548,pdnc,qID,Q368-1,you,130343,130346,14,470,9,M_1548,Other
1549,booknlp,COREF,105,I,130391,130392,14,471,9,M_1549,Other
1550,booknlp,COREF,105,I,130406,130407,14,471,9,M_1550,Other
1551,booknlp,COREF,105,I,130439,130440,14,471,9,M_1551,Other
1552,pdnc,qID,Q369-0,Wiggins,130483,130490,22,471,9,M_1552,Other
1553,pdnc,qID,Q369-0,He,130519,130521,22,471,9,M_1553,Other
1554,pdnc,qID,Q371-0,You,130843,130846,21,473,9,M_1554,Other
1555,pdnc,qID,Q371-0,you,130859,130862,21,473,9,M_1555,Other
1556,booknlp,COREF,105,I,130873,130874,14,473,9,M_1556,Other
1557,pdnc,qID,Q372-0,Mrs. Cecil Forrester,130950,130970,16,474,9,M_1557,PROPN
1558,pdnc,qID,Q372-0,She,130972,130975,16,474,9,M_1558,Other
1559,pdnc,qID,Q373-0,Mrs. Cecil Forrester,131006,131026,16,475,9,M_1559,PROPN
1560,exp,exp_name,holmes,Holmes,131035,131041,14,475,9,M_1560,PROPN
1561,booknlp,COREF,105,his,131074,131077,14,475,9,M_1561,Other
1562,pdnc,qID,Q374-0,Miss Morstan,131102,131114,12,476,9,M_1562,PROPN
1563,booknlp,COREF,105,I,131164,131165,14,477,9,M_1563,Other
1564,exp,exp_name,holmes,Holmes,131202,131208,14,477,9,M_1564,PROPN
1565,pdnc,qID,Q377-0,you,131419,131422,21,479,9,M_1565,Other
1566,pdnc,qID,Q377-0,you,131446,131449,21,479,9,M_1566,Other
1567,exp,exp_name,toby,Toby,131469,131473,27,479,9,M_1567,PROPN
1568,exp,exp_name,miss morstan,Miss Morstan,131696,131708,12,480,9,M_1568,PROPN
1569,exp,exp_name,mrs. forrester,Mrs. Forrester,131787,131801,24,480,9,M_1569,PROPN
1570,exp,exp_name,mr. sholto,Mr. Sholto,131953,131963,19,480,9,M_1570,PROPN
1571,exp,exp_name,mrs. forrester,Mrs. Forrester,132128,132142,24,481,9,M_1571,PROPN
1572,pdnc,qID,Q378-1,An injured lady,132145,132160,12,481,9,M_1572,Other
1573,pdnc,qID,Q378-1,a wooden-legged ruffian,132212,132235,23,481,9,M_1573,Other
1574,exp,exp_name,miss morstan,Miss Morstan,132348,132360,12,482,9,M_1574,PROPN
1575,pdnc,qID,Q380-0,Mary,132397,132401,12,483,9,M_1575,PROPN
1576,pdnc,qID,Q380-0,your,132403,132407,12,483,9,M_1576,Other
1577,pdnc,qID,Q380-0,you,132474,132477,12,483,9,M_1577,Other
1578,pdnc,qID,Q380-0,your,132574,132578,12,483,9,M_1578,Other
1579,exp,exp_name,small,small,132792,132797,25,484,9,M_1579,PROPN
1580,pdnc,qID,Q381-0,Mr. Thaddeus Sholto,132820,132839,19,485,9,M_1580,PROPN
1581,pdnc,qID,Q381-1,he,132924,132926,19,485,9,M_1581,Other
1582,pdnc,qID,Q381-1,him,133002,133005,19,485,9,M_1582,Other
1583,pdnc,qID,Q382-0,Mr. Sherlock Holmes,133284,133303,14,487,9,M_1583,PROPN
1584,exp,exp_name,mrs. hudson,Mrs. Hudson,133329,133340,17,487,9,M_1584,PROPN
1585,booknlp,COREF,113,she,133344,133347,17,487,9,M_1585,Other
1586,pdnc,qID,Q383-0,sir,133383,133386,21,488,9,M_1586,PROPN
1587,pdnc,qID,Q383-0,He,133388,133390,14,488,9,M_1587,Other
1588,pdnc,qID,Q383-0,his,133403,133406,14,488,9,M_1588,Other
1589,pdnc,qID,Q383-0,sir,133413,133416,21,488,9,M_1589,PROPN
1590,pdnc,qID,Q383-0,you,133421,133424,21,488,9,M_1590,Other
1591,pdnc,qID,Q383-0,sir,133431,133434,21,488,9,M_1591,PROPN
1592,booknlp,COREF,113,her,133445,133448,17,488,9,M_1592,Other
1593,booknlp,COREF,113,I,133484,133485,17,488,9,M_1593,Other
1594,pdnc,qID,Q384-0,his,133500,133503,14,488,9,M_1594,Other
1595,pdnc,qID,Q385-0,Mrs. Hudson,133523,133534,17,489,9,M_1595,PROPN
1596,pdnc,qID,Q386-0,he,133545,133547,14,490,9,M_1596,Other
1597,pdnc,qID,Q386-0,sir,133564,133567,21,490,9,M_1597,PROPN
1598,pdnc,qID,Q386-0,you,133575,133578,21,490,9,M_1598,Other
1599,pdnc,qID,Q386-0,he,133588,133590,14,490,9,M_1599,Other
1600,pdnc,qID,Q386-0,he,133602,133604,14,490,9,M_1600,Other
1601,booknlp,COREF,113,I,133649,133650,17,490,9,M_1601,Other
1602,pdnc,qID,Q386-0,his,133677,133680,14,490,9,M_1602,Other
1603,booknlp,COREF,113,I,133696,133697,17,490,9,M_1603,Other
1604,pdnc,qID,Q386-0,him,133704,133707,14,490,9,M_1604,Other
1605,pdnc,qID,Q386-0,he,133775,133777,14,490,9,M_1605,Other
1606,exp,exp_name,mrs. hudson,Mrs. Hudson,133821,133832,17,490,9,M_1606,PROPN
1607,pdnc,qID,Q387-0,he,133843,133845,14,490,9,M_1607,Other
1608,pdnc,qID,Q387-0,his,133865,133868,14,490,9,M_1608,Other
1609,booknlp,COREF,113,I,133879,133880,17,490,9,M_1609,Other
1610,pdnc,qID,Q387-0,him,133890,133893,14,490,9,M_1610,Other
1611,booknlp,COREF,113,I,133925,133926,17,490,9,M_1611,Other
1612,pdnc,qID,Q387-0,he,133932,133934,14,490,9,M_1612,Other
1613,pdnc,qID,Q387-0,sir,133958,133961,21,490,9,M_1613,PROPN
1614,booknlp,COREF,113,I,133963,133964,17,490,9,M_1614,Other
1615,pdnc,qID,Q387-0,him,133994,133997,14,490,9,M_1615,Other
1616,pdnc,qID,Q387-0,he,134026,134028,14,490,9,M_1616,Other
1617,booknlp,COREF,113,me,134039,134041,17,490,9,M_1617,Other
1618,pdnc,qID,Q387-0,sir,134043,134046,21,490,9,M_1618,PROPN
1619,booknlp,COREF,113,I,134070,134071,17,490,9,M_1619,Other
1620,booknlp,COREF,113,I,134092,134093,17,490,9,M_1620,Other
1621,pdnc,qID,Q388-0,you,134137,134140,17,491,9,M_1621,Other
1622,pdnc,qID,Q388-0,Mrs. Hudson,134170,134181,17,491,9,M_1622,PROPN
1623,booknlp,COREF,113,I,134197,134198,17,491,9,M_1623,Other
1624,pdnc,qID,Q388-1,him,134209,134212,14,491,9,M_1624,Other
1625,pdnc,qID,Q388-1,He,134231,134233,14,491,9,M_1625,Other
1626,exp,exp_name,small,small,134243,134248,25,491,9,M_1626,PROPN
1627,pdnc,qID,Q388-1,his,134261,134264,14,491,9,M_1627,Other
1628,pdnc,qID,Q388-1,him,134282,134285,14,491,9,M_1628,Other
1629,pdnc,qID,Q389-0,You,134651,134654,14,493,9,M_1629,Other
1630,pdnc,qID,Q389-0,old man,134681,134688,14,493,9,M_1630,Other
1631,pdnc,qID,Q389-1,you,134712,134715,14,493,9,M_1631,Other
1632,pdnc,qID,Q390-1,Mrs. Smith,135130,135140,18,494,9,M_1632,PROPN
1633,booknlp,COREF,157,her,135150,135153,18,494,9,M_1633,Other
1634,pdnc,qID,Q391-0,Mrs. Smith,135279,135289,18,495,9,M_1634,PROPN
1635,exp,exp_name,wiggins,Wiggins,135770,135777,22,499,9,M_1635,PROPN
1636,exp,exp_name,thaddeus sholto,Thaddeus Sholto,135932,135947,19,499,9,M_1636,PROPN
1637,exp,exp_name,holmes,Holmes,136178,136184,14,499,9,M_1637,PROPN
1638,booknlp,COREF,105,He,136215,136217,14,499,9,M_1638,Other
1639,booknlp,COREF,105,himself,136265,136272,14,499,9,M_1639,Other
1640,exp,exp_name,small,small,136464,136469,25,499,9,M_1640,PROPN
1641,booknlp,COREF,105,his,136520,136523,14,499,9,M_1641,Other
1642,booknlp,COREF,105,he,136554,136556,14,499,9,M_1642,Other
1643,booknlp,COREF,105,his,136578,136581,14,499,9,M_1643,Other
1644,booknlp,COREF,105,him,136671,136674,14,500,9,M_1644,Other
1645,booknlp,COREF,105,his,136775,136778,14,500,9,M_1645,Other
1646,booknlp,COREF,105,I,136787,136788,14,501,9,M_1646,Other
1647,pdnc,qID,Q395-0,Watson,136812,136818,21,501,9,M_1647,Other
1648,booknlp,COREF,105,he,136826,136828,14,501,9,M_1648,Other
1649,booknlp,COREF,105,I,136831,136832,14,501,9,M_1649,Other
1650,booknlp,COREF,105,my,136862,136864,14,501,9,M_1650,Other
1651,booknlp,COREF,105,I,136875,136876,14,501,9,M_1651,Other
1652,pdnc,qID,Q396-0,you,136970,136973,14,502,9,M_1652,Other
1653,pdnc,qID,Q397-0,you,136996,136999,21,503,9,M_1653,Other
1654,pdnc,qID,Q397-0,you,137027,137030,21,503,9,M_1654,Other
1655,booknlp,COREF,105,my,137051,137053,14,503,9,M_1655,Other
1656,booknlp,COREF,105,I,137070,137071,14,503,9,M_1656,Other
1657,pdnc,qID,Q397-0,Wiggins,137167,137174,22,503,9,M_1657,Other
1658,booknlp,COREF,105,I,137211,137212,14,503,9,M_1658,Other
1659,pdnc,qID,Q397-0,you,137218,137221,21,503,9,M_1659,Other
1660,pdnc,qID,Q397-0,your,137269,137273,21,503,9,M_1660,Other
1661,booknlp,COREF,105,I,137316,137317,14,503,9,M_1661,Other
1662,pdnc,qID,Q397-0,you,137328,137331,21,503,9,M_1662,Other
1663,booknlp,COREF,105,I,137355,137356,14,505,9,M_1663,Other
1664,booknlp,COREF,105,you,137372,137375,14,505,9,M_1664,Other
1665,booknlp,COREF,105,me,137404,137406,14,505,9,M_1665,Other
1666,booknlp,COREF,105,I,137412,137413,14,505,9,M_1666,Other
1667,booknlp,COREF,105,I,137440,137441,14,505,9,M_1667,Other
1668,booknlp,COREF,105,myself,137451,137457,14,505,9,M_1668,Other
1669,booknlp,COREF,105,I,137462,137463,14,505,9,M_1669,Other
1670,booknlp,COREF,105,I,137485,137486,14,505,9,M_1670,Other
1671,booknlp,COREF,105,I,137517,137518,14,505,9,M_1671,Other
1672,booknlp,COREF,105,I,137564,137565,14,505,9,M_1672,Other
1673,exp,exp_name,mr. thaddeus sholto,Mr. Thaddeus Sholto,137956,137975,19,506,9,M_1673,PROPN
1674,booknlp,COREF,124,He,138028,138030,19,506,9,M_1674,Other
1675,exp,exp_name,mrs. bernstone,Mrs. Bernstone,138052,138066,15,506,9,M_1675,PROPN
1676,exp,exp_name,mr. athelney jones,Mr. Athelney Jones,138219,138237,3,506,9,M_1676,PROPN
1677,booknlp,COREF,109,his,138266,138269,3,506,9,M_1677,Other
1678,pdnc,qID,Q400-1,Friend Sholto,138405,138418,19,507,9,M_1678,PROPN
1679,exp,exp_name,mordecai smith,Mordecai Smith,138709,138723,13,509,9,M_1679,PROPN
1680,booknlp,COREF,124,his,138738,138741,19,509,9,M_1680,Other
1681,exp,exp_name,smith,Smith,138757,138762,18,509,9,M_1681,PROPN
1682,exp,exp_name,mrs. smith,Mrs. Smith,138983,138993,18,509,9,M_1682,PROPN
1683,exp,exp_name,smith,Smith,138998,139003,18,509,9,M_1683,PROPN
1684,exp,exp_name,mordecai smith,Mordecai Smith,139074,139088,13,509,9,M_1684,PROPN
1685,exp,exp_name,holmes,Holmes,139134,139140,14,510,9,M_1685,PROPN
1686,exp,exp_name,holmes,Holmes,139499,139505,14,511,9,M_1686,PROPN
1687,booknlp,COREF,105,his,139532,139535,14,511,9,M_1687,Other
1688,booknlp,COREF,105,he,139770,139772,14,511,9,M_1688,Other
1689,booknlp,COREF,105,his,139842,139845,14,511,9,M_1689,Other
1690,booknlp,COREF,105,him,139944,139947,14,511,9,M_1690,Other
1691,booknlp,COREF,105,He,140020,140022,14,511,9,M_1691,Other
1692,booknlp,COREF,105,his,140096,140099,14,511,9,M_1692,Other
1693,booknlp,COREF,105,his,140107,140110,14,511,9,M_1693,Other
1694,booknlp,COREF,105,his,140212,140215,14,511,9,M_1694,Other
1695,booknlp,COREF,105,his,140310,140313,14,511,9,M_1695,Other
1696,exp,exp_name,holmes,Holmes,140510,140516,14,511,9,M_1696,PROPN
1697,exp,exp_name,mr. athelney jones,Mr. Athelney Jones,140750,140768,3,512,9,M_1697,PROPN
1698,booknlp,COREF,105,he,140808,140810,14,512,9,M_1698,Other
1699,booknlp,COREF,105,His,140939,140942,14,512,9,M_1699,Other
1700,booknlp,COREF,105,his,140972,140975,14,512,9,M_1700,Other
1701,pdnc,qID,Q401-0,sir,141022,141025,21,513,9,M_1701,PROPN
1702,booknlp,COREF,105,he,141043,141045,14,513,9,M_1702,Other
1703,pdnc,qID,Q401-1,Mr. Sherlock Holmes,141048,141067,14,513,9,M_1703,PROPN
1704,booknlp,COREF,105,I,141076,141077,14,513,9,M_1704,Other
1705,pdnc,qID,Q402-0,he,141124,141126,14,514,9,M_1705,Other
1706,pdnc,qID,Q402-0,you,141153,141156,3,514,9,M_1706,Other
1707,pdnc,qID,Q403-0,you,141231,141234,21,515,9,M_1707,Other
1708,booknlp,COREF,105,I,141236,141237,14,515,9,M_1708,Other
1709,booknlp,COREF,105,I,141252,141253,14,515,9,M_1709,Other
1710,booknlp,COREF,105,he,141264,141266,14,515,9,M_1710,Other
1711,booknlp,COREF,105,his,141276,141279,14,515,9,M_1711,Other
1712,pdnc,qID,Q405-0,You,141453,141456,21,517,9,M_1712,Other
1713,pdnc,qID,Q406-0,you,141516,141519,3,518,9,M_1713,Other
1714,pdnc,qID,Q407-0,Mr. Sholto,141615,141625,19,519,9,M_1714,PROPN
1715,pdnc,qID,Q407-0,sir,141627,141630,21,519,9,M_1715,PROPN
1716,pdnc,qID,Q407-0,he,141641,141643,19,519,9,M_1716,Other
1717,pdnc,qID,Q407-0,He,141685,141687,19,519,9,M_1717,Other
1718,pdnc,qID,Q407-0,he,141761,141763,19,519,9,M_1718,Other
1719,pdnc,qID,Q407-0,his brother,141769,141780,4,519,9,M_1719,Other
1720,pdnc,qID,Q407-0,he,141788,141790,19,519,9,M_1720,Other
1721,pdnc,qID,Q407-0,he,141855,141857,19,519,9,M_1721,Other
1722,pdnc,qID,Q409-0,Your,142056,142060,21,521,9,M_1722,Other
1723,pdnc,qID,Q409-0,Mr. Sherlock Holmes,142068,142087,14,521,9,M_1723,PROPN
1724,pdnc,qID,Q409-0,sir,142108,142111,21,521,9,M_1724,PROPN
1725,pdnc,qID,Q409-1,He,142159,142161,14,521,9,M_1725,Other
1726,pdnc,qID,Q409-1,that young man,142206,142220,14,521,9,M_1726,Other
1727,pdnc,qID,Q409-1,he,142282,142284,14,521,9,M_1727,Other
1728,pdnc,qID,Q409-1,He,142315,142317,14,521,9,M_1728,Other
1729,pdnc,qID,Q409-1,his,142334,142337,14,521,9,M_1729,Other
1730,pdnc,qID,Q409-1,he,142425,142427,14,521,9,M_1730,Other
1731,pdnc,qID,Q409-1,him,142524,142527,14,521,9,M_1731,Other
1732,pdnc,qID,Q409-1,he,142569,142571,14,521,9,M_1732,Other
1733,pdnc,qID,Q409-1,Sholto,142598,142604,19,521,9,M_1733,PROPN
1734,exp,exp_name,sholto,Sholto,142851,142857,19,522,9,M_1734,PROPN
1735,pdnc,qID,Q410-0,He,142951,142953,14,523,9,M_1735,Other
1736,pdnc,qID,Q411-0,he,143015,143017,14,524,9,M_1736,Other
1737,exp,exp_name,jones,Jones,143052,143057,3,524,9,M_1737,PROPN
1738,booknlp,COREF,109,my,143189,143191,3,524,9,M_1738,Other
1739,pdnc,qID,Q411-1,he,143301,143303,14,524,9,M_1739,Other
1740,exp,exp_name,an aged man,an aged man,143628,143639,14,525,9,M_1740,PROPN
1741,pdnc,qID,Q413-0,Mr. Sherlock Holmes,144281,144300,14,528,9,M_1741,PROPN
1742,pdnc,qID,Q414-0,him,144343,144346,14,529,9,M_1742,Other
1743,pdnc,qID,Q414-0,You,144348,144351,14,529,9,M_1743,Other
1744,pdnc,qID,Q414-0,you,144376,144379,14,529,9,M_1744,Other
1745,pdnc,qID,Q414-0,him,144389,144392,14,529,9,M_1745,Other
1746,pdnc,qID,Q415-0,him,144407,144410,14,530,9,M_1746,Other
1747,booknlp,COREF,105,himself,144411,144418,14,530,9,M_1747,Other
1748,pdnc,qID,Q416-0,you,144460,144463,14,531,9,M_1748,Other
1749,pdnc,qID,Q416-0,him,144485,144488,14,531,9,M_1749,Other
1750,pdnc,qID,Q416-0,Mordecai Smith,144503,144517,13,531,9,M_1750,PROPN
1751,pdnc,qID,Q417-0,he,144586,144588,14,532,9,M_1751,Other
1752,pdnc,qID,Q418-0,him,144693,144696,14,533,9,M_1752,Other
1753,pdnc,qID,Q419-0,him,144716,144719,14,534,9,M_1753,Other
1754,pdnc,qID,Q420-0,him,144825,144828,14,535,9,M_1754,Other
1755,pdnc,qID,Q421-0,Mr. Holmes,144896,144906,14,536,9,M_1755,PROPN
1756,pdnc,qID,Q421-0,Mr. Holmes,144924,144934,14,536,9,M_1756,PROPN
1757,booknlp,COREF,105,himself,144960,144967,14,536,9,M_1757,Other
1758,exp,exp_name,athelney jones,Athelney Jones,145076,145090,3,537,9,M_1758,PROPN
1759,pdnc,qID,Q422-0,my friend,145126,145135,14,538,9,M_1759,Other
1760,booknlp,COREF,109,he,145143,145145,3,538,9,M_1760,Other
1761,pdnc,qID,Q422-1,you,145221,145224,14,538,9,M_1761,Other
1762,pdnc,qID,Q422-1,you,145234,145237,14,538,9,M_1762,Other
1763,pdnc,qID,Q422-1,our friend,145257,145267,14,538,9,M_1763,Other
1764,exp,exp_name,athelney jones,Athelney Jones,145335,145349,3,539,9,M_1764,PROPN
1765,booknlp,COREF,109,his,145354,145357,3,539,9,M_1765,Other
1766,booknlp,COREF,109,he,145384,145386,3,539,9,M_1766,Other
1767,booknlp,COREF,109,he,145463,145465,3,540,9,M_1767,Other
1768,booknlp,COREF,109,his,145482,145485,3,540,9,M_1768,Other
1769,booknlp,COREF,109,I,145494,145495,3,540,9,M_1769,Other
1770,booknlp,COREF,109,I,145543,145544,3,540,9,M_1770,Other
1771,booknlp,COREF,109,my,145558,145560,3,540,9,M_1771,Other
1772,booknlp,COREF,109,me,145573,145575,3,540,9,M_1772,Other
1773,booknlp,COREF,109,me,145586,145588,3,540,9,M_1773,Other
1774,pdnc,qID,Q424-1,your,145687,145691,14,541,9,M_1774,Other
1775,exp,exp_name,jones,Jones,145850,145855,3,542,9,M_1775,PROPN
1776,exp,exp_name,holmes,Holmes,145914,145920,14,542,9,M_1776,PROPN
1777,booknlp,COREF,105,I,145949,145950,14,543,9,M_1777,Other
1778,booknlp,COREF,105,me,145978,145980,14,543,9,M_1778,Other
1779,booknlp,COREF,105,he,145995,145997,14,543,9,M_1779,Other
1780,exp,exp_name,holmes,Holmes,146046,146052,14,544,9,M_1780,PROPN
1781,pdnc,qID,Q426-0,Holmes,146107,146113,14,545,9,M_1781,Other
1782,pdnc,qID,Q426-1,You,146130,146133,14,545,9,M_1782,Other
1783,pdnc,qID,Q426-1,the old man,146153,146164,14,545,9,M_1783,Other
1784,pdnc,qID,Q427-0,the old man,146177,146188,14,546,9,M_1784,Other
1785,booknlp,COREF,105,he,146196,146198,14,546,9,M_1785,Other
1786,pdnc,qID,Q427-1,he,146240,146242,14,546,9,M_1786,Other
1787,booknlp,COREF,105,I,146281,146282,14,546,9,M_1787,Other
1788,booknlp,COREF,105,my,146291,146293,14,546,9,M_1788,Other
1789,booknlp,COREF,105,I,146324,146325,14,546,9,M_1789,Other
1790,pdnc,qID,Q428-0,You,146380,146383,14,547,9,M_1790,Other
1791,exp,exp_name,jones,Jones,146398,146403,3,547,9,M_1791,PROPN
1792,pdnc,qID,Q428-1,You,146424,146427,14,547,9,M_1792,Other
1793,pdnc,qID,Q428-1,You,146470,146473,14,547,9,M_1793,Other
1794,pdnc,qID,Q428-1,yours,146529,146534,14,547,9,M_1794,Other
1795,booknlp,COREF,109,I,146564,146565,3,547,9,M_1795,Other
1796,booknlp,COREF,109,I,146574,146575,3,547,9,M_1796,Other
1797,pdnc,qID,Q428-1,your,146594,146598,14,547,9,M_1797,Other
1798,pdnc,qID,Q428-1,You,146612,146615,14,547,9,M_1798,Other
1799,pdnc,qID,Q428-1,You,146651,146654,14,547,9,M_1799,Other
1800,booknlp,COREF,105,I,146663,146664,14,548,9,M_1800,Other
1801,booknlp,COREF,105,he,146713,146715,14,548,9,M_1801,Other
1802,booknlp,COREF,105,his,146726,146729,14,548,9,M_1802,Other
1803,booknlp,COREF,105,You,146738,146741,14,548,9,M_1803,Other
1804,booknlp,COREF,105,me,146797,146799,14,548,9,M_1804,Other
1805,booknlp,COREF,105,my,146861,146863,14,548,9,M_1805,Other
1806,booknlp,COREF,105,I,146874,146875,14,548,9,M_1806,Other
1807,pdnc,qID,Q429-1,You,146942,146945,3,548,9,M_1807,Other
1808,booknlp,COREF,105,my,146950,146952,14,548,9,M_1808,Other
1809,booknlp,COREF,105,me,146989,146991,14,549,9,M_1809,Other
1810,pdnc,qID,Q431-0,your,147009,147013,3,550,9,M_1810,Other
1811,booknlp,COREF,105,I,147061,147062,14,551,9,M_1811,Other
1812,booknlp,COREF,105,my,147090,147092,14,551,9,M_1812,Other
1813,pdnc,qID,Q433-0,you,147181,147184,3,552,9,M_1813,Other
1814,booknlp,COREF,105,you,147222,147225,14,552,9,M_1814,Other
1815,booknlp,COREF,105,yourself,147235,147243,14,552,9,M_1815,Other
1816,booknlp,COREF,105,my,147250,147252,14,552,9,M_1816,Other
1817,pdnc,qID,Q433-0,You,147261,147264,3,552,9,M_1817,Other
1818,pdnc,qID,Q433-0,you,147309,147312,3,552,9,M_1818,Other
1819,booknlp,COREF,105,I,147339,147340,14,552,9,M_1819,Other
1820,pdnc,qID,Q434-0,you,147384,147387,14,553,9,M_1820,Other
1821,booknlp,COREF,105,me,147398,147400,14,553,9,M_1821,Other
1822,booknlp,COREF,105,I,147447,147448,14,554,9,M_1822,Other
1823,booknlp,COREF,105,I,147608,147609,14,555,9,M_1823,Other
1824,booknlp,COREF,105,I,147671,147672,14,556,9,M_1824,Other
1825,booknlp,COREF,105,I,147830,147831,14,558,9,M_1825,Other
1826,pdnc,qID,Q439-0,my friend,147869,147878,21,558,9,M_1826,Other
1827,pdnc,qID,Q439-0,the young lady,147909,147923,12,558,9,M_1827,Other
1828,pdnc,qID,Q439-0,her,147967,147970,12,558,9,M_1828,Other
1829,pdnc,qID,Q439-0,Watson,148000,148006,21,558,9,M_1829,Other
1830,booknlp,COREF,105,me,148043,148045,14,559,9,M_1830,Other
1831,exp,exp_name,jones,Jones,148088,148093,3,560,9,M_1831,PROPN
1832,booknlp,COREF,109,his,148103,148106,3,560,9,M_1832,Other
1833,booknlp,COREF,109,I,148157,148158,3,560,9,M_1833,Other
1834,booknlp,COREF,105,I,148345,148346,14,561,9,M_1834,Other
1835,pdnc,qID,Q442-0,Jonathan Small,148421,148435,23,561,9,M_1835,PROPN
1836,pdnc,qID,Q442-0,You,148445,148448,3,561,9,M_1836,Other
1837,booknlp,COREF,105,I,148454,148455,14,561,9,M_1837,Other
1838,booknlp,COREF,105,my,148483,148485,14,561,9,M_1838,Other
1839,booknlp,COREF,105,my,148522,148524,14,561,9,M_1839,Other
1840,pdnc,qID,Q442-0,him,148561,148564,23,561,9,M_1840,Other
1841,booknlp,COREF,105,my,148581,148583,14,561,9,M_1841,Other
1842,pdnc,qID,Q442-0,he,148615,148617,23,561,9,M_1842,Other
1843,pdnc,qID,Q443-0,you,148651,148654,14,562,9,M_1843,Other
1844,booknlp,COREF,109,I,148684,148685,3,562,9,M_1844,Other
1845,pdnc,qID,Q443-0,Jonathan Small,148733,148747,23,562,9,M_1845,PROPN
1846,pdnc,qID,Q443-0,you,148761,148764,14,562,9,M_1846,Other
1847,pdnc,qID,Q443-0,him,148775,148778,23,562,9,M_1847,Other
1848,booknlp,COREF,109,I,148779,148780,3,562,9,M_1848,Other
1849,booknlp,COREF,109,I,148795,148796,3,562,9,M_1849,Other
1850,pdnc,qID,Q443-0,you,148808,148811,14,562,9,M_1850,Other
1851,pdnc,qID,Q443-0,him,148830,148833,23,562,9,M_1851,Other
1852,booknlp,COREF,105,I,148915,148916,14,565,9,M_1852,Other
1853,pdnc,qID,Q446-0,your,148929,148933,3,565,9,M_1853,Other
1854,booknlp,COREF,105,I,148984,148985,14,565,9,M_1854,Other
1855,pdnc,qID,Q446-0,Watson,149069,149075,21,565,9,M_1855,Other
1856,pdnc,qID,Q446-0,you,149077,149080,21,565,9,M_1856,Other
1857,booknlp,COREF,105,my,149107,149109,14,565,9,M_1857,Other
1858,exp,exp_name,holmes,Holmes,149200,149206,14,567,10,M_1858,PROPN
1859,booknlp,COREF,105,he,149240,149242,14,567,10,M_1859,Other
1860,booknlp,COREF,105,he,149265,149267,14,567,10,M_1860,Other
1861,booknlp,COREF,105,He,149280,149282,14,567,10,M_1861,Other
1862,booknlp,COREF,105,him,149351,149354,14,567,10,M_1862,Other
1863,booknlp,COREF,105,He,149369,149371,14,567,10,M_1863,Other
1864,booknlp,COREF,105,he,149564,149566,14,567,10,M_1864,Other
1865,booknlp,COREF,105,His,149599,149602,14,567,10,M_1865,Other
1866,booknlp,COREF,105,his,149642,149645,14,567,10,M_1866,Other
1867,exp,exp_name,athelney jones,Athelney Jones,149686,149700,3,567,10,M_1867,PROPN
1868,booknlp,COREF,109,his,149733,149736,3,567,10,M_1868,Other
1869,booknlp,COREF,109,his,149768,149771,3,567,10,M_1869,Other
1870,exp,exp_name,holmes,Holmes,149920,149926,14,567,10,M_1870,PROPN
1871,exp,exp_name,holmes,Holmes,150043,150049,14,568,10,M_1871,PROPN
1872,booknlp,COREF,105,his,150061,150064,14,568,10,M_1872,Other
1873,booknlp,COREF,105,he,150130,150132,14,568,10,M_1873,Other
1874,pdnc,qID,Q447-1,you,150218,150221,21,568,10,M_1874,Other
1875,pdnc,qID,Q447-1,Watson,150232,150238,21,568,10,M_1875,Other
1876,booknlp,COREF,105,I,150243,150244,14,569,10,M_1876,Other
1877,booknlp,COREF,105,my,150250,150252,14,569,10,M_1877,Other
1878,booknlp,COREF,105,my,150277,150279,14,569,10,M_1878,Other
1879,pdnc,qID,Q449-0,You,150289,150292,21,570,10,M_1879,Other
1880,booknlp,COREF,105,I,150344,150345,14,570,10,M_1880,Other
1881,booknlp,COREF,105,I,150379,150380,14,570,10,M_1881,Other
1882,exp,exp_name,holmes,Holmes,150515,150521,14,571,10,M_1882,PROPN
1883,exp,exp_name,small,small,150655,150660,25,575,10,M_1883,PROPN
1884,exp,exp_name,jones,Jones,150728,150733,3,575,10,M_1884,PROPN
1885,exp,exp_name,holmes,Holmes,150735,150741,14,575,10,M_1885,PROPN
1886,exp,exp_name,jones,Jones,150885,150890,3,576,10,M_1886,PROPN
1887,exp,exp_name,holmes,Holmes,151072,151078,14,578,10,M_1887,PROPN
1888,booknlp,COREF,105,he,151216,151218,14,579,10,M_1888,Other
1889,pdnc,qID,Q457-0,you,151382,151385,21,581,10,M_1889,Other
1890,pdnc,qID,Q457-0,Watson,151405,151411,21,581,10,M_1890,Other
1891,pdnc,qID,Q457-0,You,151413,151416,21,581,10,M_1891,Other
1892,exp,exp_name,small,small,151467,151472,25,581,10,M_1892,PROPN
1893,pdnc,qID,Q459-0,Small,152101,152106,23,583,10,M_1893,Other
1894,pdnc,qID,Q459-0,him,152164,152167,23,583,10,M_1894,Other
1895,pdnc,qID,Q459-0,he,152298,152300,23,583,10,M_1895,Other
1896,pdnc,qID,Q459-0,he,152364,152366,23,583,10,M_1896,Other
1897,pdnc,qID,Q459-0,he,152419,152421,23,583,10,M_1897,Other
1898,pdnc,qID,Q459-0,his,152530,152533,23,583,10,M_1898,Other
1899,pdnc,qID,Q460-1,he,152667,152669,23,584,10,M_1899,Other
1900,pdnc,qID,Q460-1,his,152683,152686,23,584,10,M_1900,Other
1901,pdnc,qID,Q460-1,he,152707,152709,23,584,10,M_1901,Other
1902,pdnc,qID,Q460-1,his,152723,152726,23,584,10,M_1902,Other
1903,pdnc,qID,Q461-0,his,152778,152781,23,585,10,M_1903,Other
1904,pdnc,qID,Q461-0,him,152834,152837,23,585,10,M_1904,Other
1905,pdnc,qID,Q461-0,he,152858,152860,23,585,10,M_1905,Other
1906,pdnc,qID,Q461-0,Jonathan Small,152937,152951,23,585,10,M_1906,PROPN
1907,pdnc,qID,Q461-0,he,153027,153029,23,585,10,M_1907,Other
1908,pdnc,qID,Q461-0,him,153050,153053,20,585,10,M_1908,Other
1909,pdnc,qID,Q461-0,He,153136,153138,23,585,10,M_1909,Other
1910,pdnc,qID,Q461-0,he,153246,153248,23,585,10,M_1910,Other
1911,pdnc,qID,Q461-0,Mrs. Smith,153344,153354,18,585,10,M_1911,PROPN
1912,pdnc,qID,Q461-0,Smith,153507,153512,13,585,10,M_1912,PROPN
1913,pdnc,qID,Q461-0,his,153526,153529,13,585,10,M_1913,Other
1914,pdnc,qID,Q461-0,his,153547,153550,13,585,10,M_1914,Other
1915,pdnc,qID,Q463-0,Small,154118,154123,23,587,10,M_1915,Other
1916,pdnc,qID,Q463-0,his,154154,154157,23,587,10,M_1916,Other
1917,pdnc,qID,Q463-0,He,154174,154176,23,587,10,M_1917,Other
1918,pdnc,qID,Q463-0,his,154314,154317,23,587,10,M_1918,Other
1919,pdnc,qID,Q463-0,he,154342,154344,23,587,10,M_1919,Other
1920,pdnc,qID,Q463-0,his,154450,154453,23,587,10,M_1920,Other
1921,pdnc,qID,Q465-0,a wooden-legged man,155140,155159,23,589,10,M_1921,Other
1922,pdnc,qID,Q467-0,Mordecai Smith,155350,155364,13,589,10,M_1922,PROPN
1923,pdnc,qID,Q467-0,He,155385,155387,13,589,10,M_1923,Other
1924,pdnc,qID,Q467-0,him,155457,155460,13,589,10,M_1924,Other
1925,pdnc,qID,Q467-0,he,155466,155468,13,589,10,M_1925,Other
1926,pdnc,qID,Q467-0,his,155482,155485,13,589,10,M_1926,Other
1927,pdnc,qID,Q467-0,his,155507,155510,13,589,10,M_1927,Other
1928,pdnc,qID,Q468-0,he,155564,155566,13,589,10,M_1928,Other
1929,pdnc,qID,Q469-0,him,155673,155676,13,589,10,M_1929,Other
1930,pdnc,qID,Q469-0,he,155687,155689,13,589,10,M_1930,Other
1931,pdnc,qID,Q469-0,him,155763,155766,13,589,10,M_1931,Other
1932,pdnc,qID,Q469-0,he,155786,155788,13,589,10,M_1932,Other
1933,pdnc,qID,Q470-0,You,156136,156139,14,590,10,M_1933,Other
1934,exp,exp_name,jones,Jones,156218,156223,3,590,10,M_1934,PROPN
1935,booknlp,COREF,109,my,156252,156254,3,590,10,M_1935,Other
1936,booknlp,COREF,109,I,156261,156262,3,590,10,M_1936,Other
1937,pdnc,qID,Q471-0,Small,156396,156401,23,591,10,M_1937,Other
1938,pdnc,qID,Q471-0,He,156429,156431,23,591,10,M_1938,Other
1939,pdnc,qID,Q471-0,him,156482,156485,23,591,10,M_1939,Other
1940,pdnc,qID,Q472-0,you,156531,156534,14,592,10,M_1940,Other
1941,pdnc,qID,Q472-0,Mordecai Smith,156555,156569,13,592,10,M_1941,PROPN
1942,pdnc,qID,Q473-0,Smith,156707,156712,13,593,10,M_1942,PROPN
1943,pdnc,qID,Q473-0,he,156749,156751,13,593,10,M_1943,Other
1944,pdnc,qID,Q473-0,he,156788,156790,13,593,10,M_1944,Other
1945,pdnc,qID,Q473-0,him,156816,156819,13,593,10,M_1945,Other
1946,exp,exp_name,holmes,Holmes,157202,157208,14,595,10,M_1946,PROPN
1947,booknlp,COREF,105,He,157346,157348,14,595,10,M_1947,Other
1948,booknlp,COREF,105,his,157383,157386,14,595,10,M_1948,Other
1949,booknlp,COREF,105,I,157429,157430,14,595,10,M_1949,Other
1950,booknlp,COREF,105,my,157435,157437,14,595,10,M_1950,Other
1951,booknlp,COREF,105,he,157459,157461,14,595,10,M_1951,Other
1952,exp,exp_name,jones,Jones,157577,157582,3,596,10,M_1952,PROPN
1953,exp,exp_name,holmes,Holmes,157760,157766,14,597,10,M_1953,PROPN
1954,booknlp,COREF,105,I,158135,158136,14,599,10,M_1954,Other
1955,exp,exp_name,holmes,Holmes,158433,158439,14,601,10,M_1955,PROPN
1956,booknlp,COREF,105,I,158778,158779,14,601,10,M_1956,Other
1957,pdnc,qID,Q481-0,your,158859,158863,14,602,10,M_1957,Other
1958,exp,exp_name,holmes,Holmes,158944,158950,14,603,10,M_1958,PROPN
1959,booknlp,COREF,105,I,159064,159065,14,603,10,M_1959,Other
1960,booknlp,COREF,105,myself,159086,159092,14,603,10,M_1960,Other
1961,exp,exp_name,small,small,159214,159219,25,604,10,M_1961,PROPN
1962,exp,exp_name,jones,Jones,159372,159377,3,604,10,M_1962,PROPN
1963,booknlp,COREF,109,his,159410,159413,3,604,10,M_1963,Other
1964,booknlp,COREF,109,he,159441,159443,3,605,10,M_1964,Other
1965,booknlp,COREF,109,I,159451,159452,3,605,10,M_1965,Other
1966,exp,exp_name,holmes,Holmes,159513,159519,14,606,10,M_1966,PROPN
1967,booknlp,COREF,105,his,159529,159532,14,606,10,M_1967,Other
1968,exp,exp_name,holmes,Holmes,160438,160444,14,608,10,M_1968,PROPN
1969,booknlp,COREF,105,his,160524,160527,14,608,10,M_1969,Other
1970,booknlp,COREF,109,I,160588,160589,3,609,10,M_1970,Other
1971,exp,exp_name,jones,Jones,160620,160625,3,609,10,M_1971,PROPN
1972,booknlp,COREF,109,his,160632,160635,3,609,10,M_1972,Other
1973,exp,exp_name,jones,Jones,161490,161495,3,611,10,M_1973,PROPN
1974,exp,exp_name,smith,Smith,161823,161828,18,611,10,M_1974,PROPN
1975,exp,exp_name,jones,Jones,162748,162753,3,611,10,M_1975,PROPN
1976,exp,exp_name,holmes,Holmes,163558,163564,14,611,10,M_1976,PROPN
1977,booknlp,COREF,105,his,163583,163586,14,611,10,M_1977,Other
1978,exp,exp_name,small,small,163897,163902,25,611,10,M_1978,PROPN
1979,pdnc,qID,Q487-0,he,164069,164071,20,612,10,M_1979,Other
1980,pdnc,qID,Q487-0,his,164079,164082,20,612,10,M_1980,Other
1981,exp,exp_name,holmes,Holmes,164095,164101,14,612,10,M_1981,PROPN
1982,exp,exp_name,wooden-legged man,wooden-legged man,164850,164867,23,613,10,M_1982,PROPN
1983,exp,exp_name,holmes,Holmes,166660,166666,14,614,10,M_1983,PROPN
1984,exp,exp_name,holmes,Holmes,166929,166935,14,614,10,M_1984,PROPN
1985,booknlp,COREF,105,his,166962,166965,14,614,10,M_1985,Other
1986,booknlp,COREF,105,his,166979,166982,14,614,10,M_1986,Other
1987,pdnc,qID,Q488-0,Jonathan Small,168154,168168,23,617,11,M_1987,PROPN
1988,exp,exp_name,holmes,Holmes,168176,168182,14,617,11,M_1988,PROPN
1989,booknlp,COREF,105,I,168203,168204,14,617,11,M_1989,Other
1990,booknlp,COREF,105,I,168253,168254,14,618,11,M_1990,Other
1991,pdnc,qID,Q489-0,sir,168256,168259,14,618,11,M_1991,PROPN
1992,booknlp,COREF,105,he,168262,168264,14,618,11,M_1992,Other
1993,booknlp,COREF,105,I,168285,168286,14,618,11,M_1993,Other
1994,booknlp,COREF,105,I,168306,168307,14,618,11,M_1994,Other
1995,booknlp,COREF,105,I,168332,168333,14,618,11,M_1995,Other
1996,pdnc,qID,Q489-1,you,168339,168342,14,618,11,M_1996,Other
1997,booknlp,COREF,105,my,168343,168345,14,618,11,M_1997,Other
1998,booknlp,COREF,105,I,168368,168369,14,618,11,M_1998,Other
1999,pdnc,qID,Q489-1,Mr. Sholto,168396,168406,4,618,11,M_1999,PROPN
2000,pdnc,qID,Q489-1,Tonga,168438,168443,20,618,11,M_2000,Other
2001,pdnc,qID,Q489-1,his,168460,168463,20,618,11,M_2001,Other
2002,pdnc,qID,Q489-1,him,168482,168485,4,618,11,M_2002,Other
2003,booknlp,COREF,105,I,168487,168488,14,618,11,M_2003,Other
2004,booknlp,COREF,105,I,168513,168514,14,618,11,M_2004,Other
2005,booknlp,COREF,105,my,168548,168550,14,618,11,M_2005,Other
2006,booknlp,COREF,105,I,168567,168568,14,618,11,M_2006,Other
2007,booknlp,COREF,105,I,168653,168654,14,618,11,M_2007,Other
2008,exp,exp_name,holmes,Holmes,168703,168709,14,619,11,M_2008,PROPN
2009,pdnc,qID,Q490-1,you,168716,168719,23,619,11,M_2009,Other
2010,booknlp,COREF,105,my,168748,168750,14,619,11,M_2010,Other
2011,pdnc,qID,Q490-1,you,168762,168765,23,619,11,M_2011,Other
2012,pdnc,qID,Q490-1,you,168790,168793,23,619,11,M_2012,Other
2013,exp,exp_name,small,small,168804,168809,25,619,11,M_2013,PROPN
2014,pdnc,qID,Q490-1,this black fellow,168828,168845,20,619,11,M_2014,Other
2015,pdnc,qID,Q490-1,Mr. Sholto,168859,168869,4,619,11,M_2015,PROPN
2016,pdnc,qID,Q490-1,him,168879,168882,4,619,11,M_2016,Other
2017,pdnc,qID,Q490-1,you,168889,168892,23,619,11,M_2017,Other
2018,pdnc,qID,Q491-0,You,168920,168923,14,620,11,M_2018,Other
2019,pdnc,qID,Q491-0,you,168960,168963,14,620,11,M_2019,Other
2020,pdnc,qID,Q491-0,sir,168976,168979,14,620,11,M_2020,PROPN
2021,booknlp,COREF,105,I,168999,169000,14,620,11,M_2021,Other
2022,booknlp,COREF,105,I,169031,169032,14,620,11,M_2022,Other
2023,pdnc,qID,Q491-0,Mr. Sholto,169100,169110,4,620,11,M_2023,PROPN
2024,pdnc,qID,Q491-0,his,169132,169135,4,620,11,M_2024,Other
2025,booknlp,COREF,105,I,169144,169145,14,620,11,M_2025,Other
2026,booknlp,COREF,105,I,169206,169207,14,620,11,M_2026,Other
2027,pdnc,qID,Q491-0,the old major,169263,169276,11,620,11,M_2027,Other
2028,booknlp,COREF,105,I,169277,169278,14,620,11,M_2028,Other
2029,booknlp,COREF,124,him,169300,169303,19,620,11,M_2029,Other
2030,booknlp,COREF,105,I,169324,169325,14,620,11,M_2030,Other
2031,booknlp,COREF,124,him,169364,169367,19,620,11,M_2031,Other
2032,booknlp,COREF,105,I,169422,169423,14,620,11,M_2032,Other
2033,pdnc,qID,Q491-0,this young Sholto,169446,169463,4,620,11,M_2033,Other
2034,booknlp,COREF,105,I,169475,169476,14,620,11,M_2034,Other
2035,pdnc,qID,Q492-0,You,169505,169508,23,621,11,M_2035,Other
2036,pdnc,qID,Q492-0,Mr. Athelney Jones,169533,169551,3,621,11,M_2036,PROPN
2037,pdnc,qID,Q492-0,He,169571,169573,3,621,11,M_2037,Other
2038,pdnc,qID,Q492-0,you,169592,169595,23,621,11,M_2038,Other
2039,booknlp,COREF,105,my,169602,169604,14,621,11,M_2039,Other
2040,booknlp,COREF,105,I,169616,169617,14,621,11,M_2040,Other
2041,pdnc,qID,Q492-0,you,169628,169631,23,621,11,M_2041,Other
2042,pdnc,qID,Q492-0,You,169666,169669,23,621,11,M_2042,Other
2043,pdnc,qID,Q492-0,you,169709,169712,23,621,11,M_2043,Other
2044,booknlp,COREF,105,I,169716,169717,14,621,11,M_2044,Other
2045,booknlp,COREF,105,I,169728,169729,14,621,11,M_2045,Other
2046,pdnc,qID,Q492-0,you,169747,169750,23,621,11,M_2046,Other
2047,booknlp,COREF,105,I,169752,169753,14,621,11,M_2047,Other
2048,booknlp,COREF,105,I,169760,169761,14,621,11,M_2048,Other
2049,pdnc,qID,Q492-0,the man,169809,169816,4,621,11,M_2049,Other
2050,pdnc,qID,Q492-0,you,169838,169841,23,621,11,M_2050,Other
2051,pdnc,qID,Q493-0,he,169868,169870,4,622,11,M_2051,Other
2052,pdnc,qID,Q493-0,sir,169876,169879,14,622,11,M_2052,PROPN
2053,pdnc,qID,Q493-0,sir,170032,170035,14,622,11,M_2053,PROPN
2054,pdnc,qID,Q493-0,Tonga,170058,170063,20,622,11,M_2054,Other
2055,pdnc,qID,Q493-0,he,170074,170076,20,622,11,M_2055,Other
2056,pdnc,qID,Q493-0,he,170113,170115,20,622,11,M_2056,Other
2057,pdnc,qID,Q493-0,his,170130,170133,20,622,11,M_2057,Other
2058,pdnc,qID,Q493-0,his,170152,170155,20,622,11,M_2058,Other
2059,pdnc,qID,Q493-0,he,170170,170172,20,622,11,M_2059,Other
2060,pdnc,qID,Q493-0,you,170214,170217,14,622,11,M_2060,Other
2061,pdnc,qID,Q493-0,you,170243,170246,14,622,11,M_2061,Other
2062,pdnc,qID,Q493-0,you,170314,170317,14,622,11,M_2062,Other
2063,pdnc,qID,Q493-1,the merchant Achmet,170656,170675,2,622,11,M_2063,Other
2064,pdnc,qID,Q493-1,him,170789,170792,2,622,11,M_2064,Other
2065,pdnc,qID,Q493-1,Major Sholto,170815,170827,11,622,11,M_2065,PROPN
2066,exp,exp_name,athelney jones,Athelney Jones,170909,170923,3,623,11,M_2066,PROPN
2067,booknlp,COREF,109,his,170931,170934,3,623,11,M_2067,Other
2068,booknlp,COREF,109,he,171011,171013,3,623,11,M_2068,Other
2069,booknlp,COREF,109,I,171025,171026,3,623,11,M_2069,Other
2070,booknlp,COREF,109,I,171033,171034,3,623,11,M_2070,Other
2071,pdnc,qID,Q494-1,Holmes,171068,171074,14,623,11,M_2071,Other
2072,booknlp,COREF,109,I,171082,171083,3,623,11,M_2072,Other
2073,booknlp,COREF,109,I,171188,171189,3,623,11,M_2073,Other
2074,pdnc,qID,Q494-1,Holmes,171195,171201,14,623,11,M_2074,Other
2075,pdnc,qID,Q494-1,you,171203,171206,14,623,11,M_2075,Other
2076,pdnc,qID,Q494-1,you,171225,171228,14,623,11,M_2076,Other
2077,exp,exp_name,holmes,Holmes,171326,171332,14,624,11,M_2077,PROPN
2078,booknlp,COREF,105,I,171339,171340,14,624,11,M_2078,Other
2079,pdnc,qID,Q496-0,Smith,171405,171410,13,625,11,M_2079,PROPN
2080,pdnc,qID,Q496-0,he,171477,171479,13,625,11,M_2080,Other
2081,pdnc,qID,Q496-0,him,171508,171511,13,625,11,M_2081,Other
2082,pdnc,qID,Q496-0,He,171562,171564,13,625,11,M_2082,Other
2083,pdnc,qID,Q496-0,he,171572,171574,13,625,11,M_2083,Other
2084,pdnc,qID,Q497-0,he,171625,171627,13,626,11,M_2084,Other
2085,pdnc,qID,Q497-1,his,171675,171678,13,626,11,M_2085,Other
2086,pdnc,qID,Q497-1,him,171732,171735,13,626,11,M_2086,Other
2087,pdnc,qID,Q497-1,he,171771,171773,13,626,11,M_2087,Other
2088,pdnc,qID,Q498-0,he,171904,171906,13,627,11,M_2088,Other
2089,pdnc,qID,Q498-0,we,171925,171927,3,627,11,M_2089,Other
2090,pdnc,qID,Q498-0,him,171961,171964,13,627,11,M_2090,Other
2091,pdnc,qID,Q498-0,we,171969,171971,3,627,11,M_2091,Other
2092,pdnc,qID,Q498-0,we,172010,172012,3,627,11,M_2092,Other
2093,exp,exp_name,jones,Jones,172098,172103,3,627,11,M_2093,PROPN
2094,booknlp,COREF,109,himself,172134,172141,3,627,11,M_2094,Other
2095,exp,exp_name,sherlock holmes,Sherlock Holmes,172219,172234,14,627,11,M_2095,PROPN
2096,booknlp,COREF,105,him,172294,172297,14,627,11,M_2096,Other
2097,exp,exp_name,jones,Jones,172348,172353,3,628,11,M_2097,PROPN
2098,pdnc,qID,Q499-1,you,172371,172374,21,628,11,M_2098,Other
2099,pdnc,qID,Q499-1,Dr. Watson,172376,172386,21,628,11,M_2099,PROPN
2100,booknlp,COREF,109,I,172411,172412,3,628,11,M_2100,Other
2101,pdnc,qID,Q499-1,you,172430,172433,21,628,11,M_2101,Other
2102,booknlp,COREF,109,I,172439,172440,3,628,11,M_2102,Other
2103,booknlp,COREF,109,myself,172484,172490,3,628,11,M_2103,Other
2104,booknlp,COREF,109,I,172572,172573,3,628,11,M_2104,Other
2105,exp,exp_name,an inspector,an inspector,172615,172627,29,628,11,M_2105,PROPN
2106,pdnc,qID,Q499-1,you,172633,172636,21,628,11,M_2106,Other
2107,pdnc,qID,Q499-1,you,172644,172647,21,628,11,M_2107,Other
2108,pdnc,qID,Q499-1,You,172675,172678,21,628,11,M_2108,Other
2109,pdnc,qID,Q501-0,You,172794,172797,21,630,11,M_2109,Other
2110,pdnc,qID,Q501-0,my man,172844,172850,23,630,11,M_2110,Other
2111,exp,exp_name,small,Small,172889,172894,25,631,11,M_2111,PROPN
2112,pdnc,qID,Q503-0,your,172929,172933,23,632,11,M_2112,Other
2113,booknlp,COREF,105,you,173007,173010,14,632,11,M_2113,Other
2114,pdnc,qID,Q503-0,doctor,173021,173027,21,632,11,M_2114,Other
2115,booknlp,COREF,109,I,173029,173030,3,632,11,M_2115,Other
2116,pdnc,qID,Q503-0,you,173045,173048,21,632,11,M_2116,Other
2117,pdnc,qID,Q503-0,you,173088,173091,21,632,11,M_2117,Other
2118,pdnc,qID,Q503-0,You,173119,173122,21,632,11,M_2118,Other
2119,exp,exp_name,"a bluff, genial inspector","a bluff, genial inspector",173233,173258,0,633,11,M_2119,PROPN
2120,exp,exp_name,mrs. cecil forrester,Mrs. Cecil Forrester,173319,173339,16,633,11,M_2120,PROPN
2121,exp,exp_name,mrs. cecil forrester,Mrs. Cecil Forrester,173394,173414,16,633,11,M_2121,PROPN
2122,exp,exp_name,miss morstan,Miss Morstan,173483,173495,12,633,11,M_2122,PROPN
2123,pdnc,qID,Q504-1,Mrs. Forrester,174272,174286,16,635,11,M_2123,PROPN
2124,pdnc,qID,Q504-1,you,174350,174353,21,635,11,M_2124,Other
2125,pdnc,qID,Q504-1,you,174370,174373,21,635,11,M_2125,Other
2126,pdnc,qID,Q505-1,you,174570,174573,12,636,11,M_2126,Other
2127,pdnc,qID,Q505-1,you,174641,174644,12,636,11,M_2127,Other
2128,pdnc,qID,Q507-0,yours,174797,174802,12,638,11,M_2128,Other
2129,pdnc,qID,Q507-0,Thaddeus Sholto,174815,174830,19,638,11,M_2129,PROPN
2130,pdnc,qID,Q507-0,You,174834,174837,12,638,11,M_2130,Other
2131,pdnc,qID,Q508-1,you,175235,175238,21,640,11,M_2131,Other
2132,pdnc,qID,Q509-1,my friend Sherlock Holmes,175283,175308,14,641,11,M_2132,Other
2133,pdnc,qID,Q509-1,his,175401,175404,14,641,11,M_2133,Other
2134,pdnc,qID,Q510-0,Dr. Watson,175521,175531,21,642,11,M_2134,PROPN
2135,exp,exp_name,holmes,Holmes,175609,175615,14,643,11,M_2135,PROPN
2136,exp,exp_name,athelney jones,Athelney Jones,175689,175703,3,643,11,M_2136,PROPN
2137,pdnc,qID,Q512-1,you,176211,176214,12,645,11,M_2137,Other
2138,pdnc,qID,Q512-1,you,176396,176399,12,645,11,M_2138,Other
2139,pdnc,qID,Q516-0,Small,176894,176899,23,650,11,M_2139,Other
2140,pdnc,qID,Q516-1,Mrs. Forrester,176954,176968,16,650,11,M_2140,PROPN
2141,exp,exp_name,miss morstan,Miss Morstan,177599,177611,12,652,11,M_2141,PROPN
2142,pdnc,qID,Q519-0,you,178052,178055,21,654,11,M_2142,Other
2143,pdnc,qID,Q520-0,you,178088,178091,12,655,11,M_2143,Other
2144,pdnc,qID,Q520-1,you,178186,178189,12,655,11,M_2144,Other
2145,pdnc,qID,Q520-1,Mary,178191,178195,12,655,11,M_2145,PROPN
2146,pdnc,qID,Q520-1,you,178322,178325,12,655,11,M_2146,Other
2147,pdnc,qID,Q520-1,you,178337,178340,12,655,11,M_2147,Other
2148,exp,exp_name,jonathan small,Jonathan Small,178556,178570,23,657,12,M_2148,PROPN
2149,exp,exp_name,that inspector in the cab,that inspector in the cab,178595,178620,0,658,12,M_2149,PROPN
2150,pdnc,qID,Q523-0,Mr. Thaddeus Sholto,178920,178939,19,660,12,M_2150,PROPN
2151,pdnc,qID,Q523-1,He,178965,178967,19,660,12,M_2151,Other
2152,pdnc,qID,Q523-1,you,178982,178985,0,660,12,M_2152,Other
2153,pdnc,qID,Q524-1,Mr. Athelney Jones,179109,179127,3,661,12,M_2153,PROPN
2154,exp,exp_name,holmes,Holmes,179300,179306,14,662,12,M_2154,PROPN
2155,exp,exp_name,small,Small,179501,179506,25,662,12,M_2155,PROPN
2156,pdnc,qID,Q525-0,your,179669,179673,23,663,12,M_2156,Other
2157,pdnc,qID,Q525-0,Small,179681,179686,23,663,12,M_2157,Other
2158,exp,exp_name,athelney jones,Athelney Jones,179694,179708,3,663,12,M_2158,PROPN
2159,pdnc,qID,Q526-1,Sholto,180352,180358,11,664,12,M_2159,PROPN
2160,pdnc,qID,Q526-1,Morstan,180365,180372,5,664,12,M_2160,Other
2161,pdnc,qID,Q526-1,Achmet,180419,180425,2,664,12,M_2161,PROPN
2162,pdnc,qID,Q526-1,Tonga,180487,180492,20,664,12,M_2162,Other
2163,pdnc,qID,Q527-0,You,180622,180625,23,665,12,M_2163,Other
2164,pdnc,qID,Q527-0,Small,180644,180649,23,665,12,M_2164,Other
2165,exp,exp_name,athelney jones,Athelney Jones,180657,180671,3,665,12,M_2165,PROPN
2166,pdnc,qID,Q527-1,you,180686,180689,23,665,12,M_2166,Other
2167,pdnc,qID,Q527-1,you,180769,180772,23,665,12,M_2167,Other
2168,booknlp,COREF,109,me,180815,180817,3,666,12,M_2168,Other
2169,booknlp,COREF,109,he,180860,180862,3,666,12,M_2169,Other
2170,booknlp,COREF,109,me,180943,180945,3,666,12,M_2170,Other
2171,booknlp,COREF,109,my,181102,181104,3,666,12,M_2171,Other
2172,booknlp,COREF,109,I,181129,181130,3,666,12,M_2172,Other
2173,booknlp,COREF,109,I,181213,181214,3,666,12,M_2173,Other
2174,booknlp,COREF,109,my,181229,181231,3,666,12,M_2174,Other
2175,booknlp,COREF,109,I,181242,181243,3,666,12,M_2175,Other
2176,booknlp,COREF,109,I,181262,181263,3,666,12,M_2176,Other
2177,pdnc,qID,Q529-0,Small,181339,181344,23,667,12,M_2177,Other
2178,pdnc,qID,Q529-1,you,181371,181374,23,667,12,M_2178,Other
2179,pdnc,qID,Q529-1,you,181432,181435,23,667,12,M_2179,Other
2180,pdnc,qID,Q529-1,your,181470,181474,23,667,12,M_2180,Other
2181,booknlp,COREF,685,I,181603,181604,25,668,12,M_2181,Other
2182,booknlp,COREF,685,I,181667,181668,25,668,12,M_2182,Other
2183,booknlp,COREF,685,I,181961,181962,25,668,12,M_2183,Other
2184,pdnc,qID,Q530-1,you,181993,181996,3,668,12,M_2184,Other
2185,booknlp,COREF,685,me,182005,182007,25,668,12,M_2185,Other
2186,booknlp,COREF,685,I,182027,182028,25,668,12,M_2186,Other
2187,booknlp,COREF,685,I,182054,182055,25,668,12,M_2187,Other
2188,booknlp,COREF,685,I,182109,182110,25,668,12,M_2188,Other
2189,pdnc,qID,Q530-1,Tonga,182163,182168,20,668,12,M_2189,Other
2190,booknlp,COREF,685,my,182180,182182,25,668,12,M_2190,Other
2191,booknlp,COREF,685,mine,182302,182306,25,668,12,M_2191,Other
2192,exp,exp_name,small,Small,182309,182314,25,668,12,M_2192,PROPN
2193,booknlp,COREF,685,his,182327,182330,25,668,12,M_2193,Other
2194,booknlp,COREF,685,his,182403,182406,25,668,12,M_2194,Other
2195,booknlp,COREF,685,his,182488,182491,25,668,12,M_2195,Other
2196,exp,exp_name,major sholto,Major Sholto,182631,182643,11,668,12,M_2196,PROPN
2197,pdnc,qID,Q531-0,You,182713,182716,23,669,12,M_2197,Other
2198,booknlp,COREF,105,we,182729,182731,14,669,12,M_2198,Other
2199,exp,exp_name,holmes,Holmes,182764,182770,14,669,12,M_2199,PROPN
2200,booknlp,COREF,105,We,182781,182783,14,669,12,M_2200,Other
2201,pdnc,qID,Q531-1,your,182799,182803,23,669,12,M_2201,Other
2202,booknlp,COREF,105,we,182815,182817,14,669,12,M_2202,Other
2203,pdnc,qID,Q531-1,your,182874,182878,23,669,12,M_2203,Other
2204,pdnc,qID,Q532-0,sir,182894,182897,14,670,12,M_2204,PROPN
2205,pdnc,qID,Q532-0,you,182899,182902,14,670,12,M_2205,Other
2206,pdnc,qID,Q532-0,you,182966,182969,14,670,12,M_2206,Other
2207,pdnc,qID,Q532-0,you,183092,183095,14,670,12,M_2207,Other
2208,pdnc,qID,Q532-0,you,183164,183167,14,670,12,M_2208,Other
2209,pdnc,qID,Q532-0,you,183208,183211,14,670,12,M_2209,Other
2210,pdnc,qID,Q532-0,you,183213,183216,14,670,12,M_2210,Other
2211,booknlp,COREF,105,I,183293,183294,14,671,12,M_2211,Other
2212,booknlp,COREF,105,myself,183319,183325,14,671,12,M_2212,Other
2213,booknlp,COREF,105,I,183347,183348,14,671,12,M_2213,Other
2214,booknlp,COREF,105,I,183428,183429,14,671,12,M_2214,Other
2215,booknlp,COREF,105,I,183501,183502,14,671,12,M_2215,Other
2216,booknlp,COREF,105,I,183549,183550,14,671,12,M_2216,Other
2217,booknlp,COREF,105,me,183594,183596,14,671,12,M_2217,Other
2218,exp,exp_name,small,small,183639,183644,25,671,12,M_2218,PROPN
2219,booknlp,COREF,105,I,183708,183709,14,671,12,M_2219,Other
2220,booknlp,COREF,105,I,183762,183763,14,671,12,M_2220,Other
2221,booknlp,COREF,105,I,183784,183785,14,671,12,M_2221,Other
2222,booknlp,COREF,105,I,183817,183818,14,671,12,M_2222,Other
2223,booknlp,COREF,105,I,184782,184783,14,673,12,M_2223,Other
2224,booknlp,COREF,105,my,184824,184826,14,673,12,M_2224,Other
2225,booknlp,COREF,105,I,184850,184851,14,673,12,M_2225,Other
2226,booknlp,COREF,105,my,184892,184894,14,673,12,M_2226,Other
2227,booknlp,COREF,105,my,184920,184922,14,673,12,M_2227,Other
2228,booknlp,COREF,105,me,185196,185198,14,673,12,M_2228,Other
2229,booknlp,COREF,105,me,185271,185273,14,673,12,M_2229,Other
2230,booknlp,COREF,105,my,185349,185351,14,673,12,M_2230,Other
2231,booknlp,COREF,105,I,185383,185384,14,673,12,M_2231,Other
2232,booknlp,COREF,105,I,185444,185445,14,673,12,M_2232,Other
2233,booknlp,COREF,105,I,185575,185576,14,673,12,M_2233,Other
2234,booknlp,COREF,105,I,185618,185619,14,673,12,M_2234,Other
2235,booknlp,COREF,105,my,185658,185660,14,673,12,M_2235,Other
2236,booknlp,COREF,105,my,185746,185748,14,673,12,M_2236,Other
2237,booknlp,COREF,105,me,185785,185787,14,673,12,M_2237,Other
2238,exp,exp_name,small,small,186510,186515,25,674,12,M_2238,PROPN
2239,booknlp,COREF,105,I,188903,188904,14,675,12,M_2239,Other
2240,booknlp,COREF,105,I,189706,189707,14,677,12,M_2240,Other
2241,booknlp,COREF,105,I,189843,189844,14,677,12,M_2241,Other
2242,booknlp,COREF,105,I,189857,189858,14,677,12,M_2242,Other
2243,booknlp,COREF,105,I,189933,189934,14,677,12,M_2243,Other
2244,exp,exp_name,small,small,191209,191214,25,678,12,M_2244,PROPN
2245,booknlp,COREF,105,I,191698,191699,14,679,12,M_2245,Other
2246,exp,exp_name,small,small,191732,191737,25,679,12,M_2246,PROPN
2247,booknlp,COREF,105,me,191752,191754,14,679,12,M_2247,Other
2248,booknlp,COREF,105,I,191762,191763,14,679,12,M_2248,Other
2249,booknlp,COREF,105,I,191829,191830,14,679,12,M_2249,Other
2250,booknlp,COREF,105,my,191851,191853,14,679,12,M_2250,Other
2251,pdnc,qID,Q541-0,Mahomet Singh,191904,191917,10,679,12,M_2251,Other
2252,pdnc,qID,Q541-0,Abdullah Khan,191922,191935,1,679,12,M_2252,PROPN
2253,booknlp,COREF,105,I,192057,192058,14,679,12,M_2253,Other
2254,booknlp,COREF,105,myself,192174,192180,14,679,12,M_2254,Other
2255,booknlp,COREF,105,I,192182,192183,14,679,12,M_2255,Other
2256,exp,exp_name,small,small,192672,192677,25,680,12,M_2256,PROPN
2257,booknlp,COREF,105,My,193297,193299,14,681,12,M_2257,Other
2258,booknlp,COREF,105,I,193576,193577,14,681,12,M_2258,Other
2259,booknlp,COREF,105,myself,193608,193614,14,681,12,M_2259,Other
2260,booknlp,COREF,105,I,193620,193621,14,681,12,M_2260,Other
2261,booknlp,COREF,105,my,193631,193633,14,681,12,M_2261,Other
2262,booknlp,COREF,105,I,193649,193650,14,681,12,M_2262,Other
2263,booknlp,COREF,105,I,193675,193676,14,681,12,M_2263,Other
2264,booknlp,COREF,105,my,193708,193710,14,681,12,M_2264,Other
2265,booknlp,COREF,105,I,193719,193720,14,681,12,M_2265,Other
2266,booknlp,COREF,105,my,193728,193730,14,681,12,M_2266,Other
2267,booknlp,COREF,105,my,193786,193788,14,681,12,M_2267,Other
2268,booknlp,COREF,105,me,193850,193852,14,681,12,M_2268,Other
2269,booknlp,COREF,105,my,193868,193870,14,681,12,M_2269,Other
2270,booknlp,COREF,105,I,193894,193895,14,681,12,M_2270,Other
2271,booknlp,COREF,105,myself,193903,193909,14,681,12,M_2271,Other
2272,booknlp,COREF,105,I,194078,194079,14,681,12,M_2272,Other
2273,booknlp,COREF,105,I,194093,194094,14,681,12,M_2273,Other
2274,booknlp,COREF,105,my,194102,194104,14,681,12,M_2274,Other
2275,booknlp,COREF,105,I,194111,194112,14,681,12,M_2275,Other
2276,booknlp,COREF,105,I,194129,194130,14,681,12,M_2276,Other
2277,booknlp,COREF,105,I,194173,194174,14,681,12,M_2277,Other
2278,booknlp,COREF,105,me,194247,194249,14,681,12,M_2278,Other
2279,exp,exp_name,sahib,Sahib,194268,194273,34,682,12,M_2279,PROPN
2280,pdnc,qID,Q545-0,Abdullah Khan,194342,194355,1,682,12,M_2280,PROPN
2281,booknlp,COREF,122,You,194358,194361,34,682,12,M_2281,Other
2282,booknlp,COREF,122,you,194392,194395,34,682,12,M_2282,Other
2283,booknlp,COREF,122,you,194478,194481,34,682,12,M_2283,Other
2284,booknlp,COREF,122,your,194512,194516,34,682,12,M_2284,Other
2285,booknlp,COREF,122,your,194557,194561,34,682,12,M_2285,Other
2286,booknlp,COREF,122,you,194742,194745,34,682,12,M_2286,Other
2287,booknlp,COREF,105,I,194859,194860,14,683,12,M_2287,Other
2288,booknlp,COREF,122,You,194879,194882,34,683,12,M_2288,Other
2289,booknlp,COREF,105,me,194897,194899,14,683,12,M_2289,Other
2290,booknlp,COREF,122,you,194905,194908,34,683,12,M_2290,Other
2291,booknlp,COREF,105,me,194917,194919,14,683,12,M_2291,Other
2292,booknlp,COREF,105,I,194925,194926,14,683,12,M_2292,Other
2293,booknlp,COREF,122,you,194932,194935,34,683,12,M_2293,Other
2294,booknlp,COREF,105,I,194994,194995,14,683,12,M_2294,Other
2295,booknlp,COREF,122,you,195027,195030,34,683,12,M_2295,Other
2296,booknlp,COREF,122,your,195046,195050,34,683,12,M_2296,Other
2297,pdnc,qID,Q547-0,he,195112,195114,1,684,12,M_2297,Other
2298,booknlp,COREF,122,you,195129,195132,34,684,12,M_2298,Other
2299,booknlp,COREF,122,your,195150,195154,34,684,12,M_2299,Other
2300,booknlp,COREF,122,you,195196,195199,34,684,12,M_2300,Other
2301,booknlp,COREF,122,you,195215,195218,34,684,12,M_2301,Other
2302,booknlp,COREF,122,you,195266,195269,34,684,12,M_2302,Other
2303,booknlp,COREF,122,you,195362,195365,34,684,12,M_2303,Other
2304,booknlp,COREF,122,your,195377,195381,34,684,12,M_2304,Other
2305,booknlp,COREF,122,yours,195441,195446,34,684,12,M_2305,Other
2306,booknlp,COREF,105,I,195507,195508,14,685,12,M_2306,Other
2307,booknlp,COREF,105,I,195517,195518,14,685,12,M_2307,Other
2308,booknlp,COREF,122,you,195545,195548,34,685,12,M_2308,Other
2309,booknlp,COREF,122,you,195560,195563,34,685,12,M_2309,Other
2310,booknlp,COREF,105,me,195578,195580,14,685,12,M_2310,Other
2311,booknlp,COREF,105,You,195605,195608,14,686,12,M_2311,Other
2312,pdnc,qID,Q549-0,he,195633,195635,1,686,12,M_2312,Other
2313,booknlp,COREF,122,your,195654,195658,34,686,12,M_2313,Other
2314,booknlp,COREF,122,your,195684,195688,34,686,12,M_2314,Other
2315,booknlp,COREF,122,your,195713,195717,34,686,12,M_2315,Other
2316,booknlp,COREF,105,I,195802,195803,14,687,12,M_2316,Other
2317,booknlp,COREF,105,I,195820,195821,14,687,12,M_2317,Other
2318,booknlp,COREF,122,you,195917,195920,34,688,12,M_2318,Other
2319,booknlp,COREF,105,I.,196042,196044,14,689,12,M_2319,Other
2320,exp,exp_name,dost akbar,Dost Akbar,196052,196062,6,690,12,M_2320,PROPN
2321,booknlp,COREF,121,his,196073,196076,6,690,12,M_2321,Other
2322,booknlp,COREF,122,you,196108,196111,34,690,12,M_2322,Other
2323,booknlp,COREF,122,you,196136,196139,34,690,12,M_2323,Other
2324,exp,exp_name,mahomet singh,Mahomet Singh,196159,196172,10,690,12,M_2324,PROPN
2325,exp,exp_name,sahib,Sahib,196230,196235,34,690,12,M_2325,PROPN
2326,booknlp,COREF,122,you,196254,196257,34,690,12,M_2326,Other
2327,booknlp,COREF,122,you,196337,196340,34,690,12,M_2327,Other
2328,booknlp,COREF,122,you,196346,196349,34,690,12,M_2328,Other
2329,booknlp,COREF,122,you,196378,196381,34,690,12,M_2329,Other
2330,booknlp,COREF,122,your,196432,196436,34,690,12,M_2330,Other
2331,booknlp,COREF,122,your,196479,196483,34,690,12,M_2331,Other
2332,exp,exp_name,small,small,196699,196704,25,691,12,M_2332,PROPN
2333,exp,exp_name,sahib,Sahib,197820,197825,34,691,12,M_2333,PROPN
2334,exp,exp_name,achmet,Achmet,197957,197963,2,692,12,M_2334,PROPN
2335,exp,exp_name,dost akbar,Dost Akbar,198094,198104,6,692,12,M_2335,PROPN
2336,exp,exp_name,dost akbar,Dost Akbar,198128,198138,6,692,12,M_2336,PROPN
2337,exp,exp_name,mahomet singh,Mahomet Singh,198298,198311,10,692,12,M_2337,PROPN
2338,exp,exp_name,achmet,Achmet,198430,198436,2,692,12,M_2338,PROPN
2339,exp,exp_name,sahib,Sahib,198529,198534,34,692,12,M_2339,PROPN
2340,pdnc,qID,Q552-0,Achmet the merchant,198740,198759,2,693,12,M_2340,Other
2341,booknlp,COREF,105,me,198805,198807,14,693,12,M_2341,Other
2342,booknlp,COREF,105,my,198844,198846,14,693,12,M_2342,Other
2343,booknlp,COREF,105,I,198871,198872,14,693,12,M_2343,Other
2344,booknlp,COREF,105,I,198889,198890,14,693,12,M_2344,Other
2345,booknlp,COREF,105,my,198936,198938,14,693,12,M_2345,Other
2346,booknlp,COREF,176,his,199007,199010,2,693,12,M_2346,Other
2347,booknlp,COREF,105,I,199042,199043,14,693,12,M_2347,Other
2348,booknlp,COREF,105,my,199076,199078,14,693,12,M_2348,Other
2349,pdnc,qID,Q552-0,Abdullah Khan,199085,199098,1,693,12,M_2349,PROPN
2350,booknlp,COREF,105,I,199123,199124,14,693,12,M_2350,Other
2351,exp,exp_name,sahib,Sahib,199182,199187,34,694,12,M_2351,PROPN
2352,pdnc,qID,Q553-0,he,199195,199197,1,694,12,M_2352,Other
2353,exp,exp_name,sahib,Sahib,199699,199704,34,694,12,M_2353,PROPN
2354,booknlp,COREF,122,you,199714,199717,34,694,12,M_2354,Other
2355,booknlp,COREF,122,you,199755,199758,34,694,12,M_2355,Other
2356,booknlp,COREF,105,I,199776,199777,14,695,12,M_2356,Other
2357,booknlp,COREF,122,you,199786,199789,34,695,12,M_2357,Other
2358,booknlp,COREF,105,I.,199812,199814,14,695,12,M_2358,Other
2359,pdnc,qID,Q555-0,he,199831,199833,1,696,12,M_2359,Other
2360,booknlp,COREF,122,You,199874,199877,34,696,12,M_2360,Other
2361,booknlp,COREF,122,you,199896,199899,34,696,12,M_2361,Other
2362,booknlp,COREF,122,your,199905,199909,34,696,12,M_2362,Other
2363,booknlp,COREF,122,your,200015,200019,34,697,12,M_2363,Other
2364,booknlp,COREF,122,you,200048,200051,34,697,12,M_2364,Other
2365,booknlp,COREF,105,I,200062,200063,14,697,12,M_2365,Other
2366,exp,exp_name,mahomet singh,Mahomet Singh,200158,200171,10,698,12,M_2366,PROPN
2367,booknlp,COREF,105,me,200492,200494,14,699,12,M_2367,Other
2368,pdnc,qID,Q557-0,the man,200559,200566,2,699,12,M_2368,Other
2369,booknlp,COREF,105,I,200792,200793,14,701,12,M_2369,Other
2370,booknlp,COREF,122,You,200808,200811,34,702,12,M_2370,Other
2371,exp,exp_name,sahib,Sahib,200832,200837,34,702,12,M_2371,PROPN
2372,pdnc,qID,Q560-0,Abdullah,200860,200868,1,702,12,M_2372,PROPN
2373,booknlp,COREF,122,you,200951,200954,34,702,12,M_2373,Other
2374,booknlp,COREF,105,I,201131,201132,14,703,12,M_2374,Other
2375,booknlp,COREF,105,I,201193,201194,14,703,12,M_2375,Other
2376,booknlp,COREF,105,I,201303,201304,14,703,12,M_2376,Other
2377,booknlp,COREF,105,I,201400,201401,14,705,12,M_2377,Other
2378,booknlp,COREF,105,my,201412,201414,14,705,12,M_2378,Other
2379,pdnc,qID,Q563-0,an enormous Sikh,201475,201491,6,705,12,M_2379,Other
2380,booknlp,COREF,105,I,201573,201574,14,705,12,M_2380,Other
2381,pdnc,qID,Q563-0,The other,201606,201615,2,705,12,M_2381,Other
2382,pdnc,qID,Q563-0,his,201693,201696,2,705,12,M_2382,Other
2383,pdnc,qID,Q563-0,He,201723,201725,2,705,12,M_2383,Other
2384,pdnc,qID,Q563-0,his,201770,201773,2,705,12,M_2384,Other
2385,pdnc,qID,Q563-0,he,201795,201797,2,705,12,M_2385,Other
2386,pdnc,qID,Q563-0,his,201816,201819,2,705,12,M_2386,Other
2387,pdnc,qID,Q563-0,he,201913,201915,2,705,12,M_2387,Other
2388,booknlp,COREF,105,me,201952,201954,14,705,12,M_2388,Other
2389,pdnc,qID,Q563-0,him,201986,201989,2,705,12,M_2389,Other
2390,booknlp,COREF,105,I,201995,201996,14,705,12,M_2390,Other
2391,booknlp,COREF,105,my,202026,202028,14,705,12,M_2391,Other
2392,booknlp,COREF,105,me,202065,202067,14,705,12,M_2392,Other
2393,pdnc,qID,Q563-0,he,202074,202076,2,705,12,M_2393,Other
2394,booknlp,COREF,105,my,202081,202083,14,705,12,M_2394,Other
2395,booknlp,COREF,105,me,202155,202157,14,705,12,M_2395,Other
2396,booknlp,COREF,105,Your,202162,202166,14,706,12,M_2396,Other
2397,exp,exp_name,sahib,Sahib,202179,202184,34,706,12,M_2397,PROPN
2398,pdnc,qID,Q564-0,he,202187,202189,2,706,12,M_2398,Other
2399,booknlp,COREF,105,your,202199,202203,14,706,12,M_2399,Other
2400,exp,exp_name,achmet,Achmet,202240,202246,2,706,12,M_2400,PROPN
2401,booknlp,COREF,105,I,202541,202542,14,707,12,M_2401,Other
2402,pdnc,qID,Q566-0,he,202567,202569,2,708,12,M_2402,Other
2403,exp,exp_name,sahib,Sahib,202752,202757,34,708,12,M_2403,PROPN
2404,booknlp,COREF,105,I,202824,202825,14,709,12,M_2404,Other
2405,booknlp,COREF,105,myself,202842,202848,14,709,12,M_2405,Other
2406,pdnc,qID,Q567-0,the man,202870,202877,2,709,12,M_2406,Other
2407,booknlp,COREF,105,I,202888,202889,14,709,12,M_2407,Other
2408,pdnc,qID,Q567-0,his,202900,202903,2,709,12,M_2408,Other
2409,pdnc,qID,Q567-0,him,202969,202972,2,709,12,M_2409,Other
2410,pdnc,qID,Q568-0,him,203086,203089,2,710,12,M_2410,Other
2411,pdnc,qID,Q568-0,the giant,203108,203117,6,710,12,M_2411,Other
2412,pdnc,qID,Q568-0,a man,203191,203196,2,710,12,M_2412,Other
2413,pdnc,qID,Q569-0,the fat man,203638,203649,2,711,12,M_2413,Other
2414,pdnc,qID,Q569-0,his,203703,203706,2,711,12,M_2414,Other
2415,pdnc,qID,Q569-0,his,203726,203729,2,711,12,M_2415,Other
2416,pdnc,qID,Q569-0,the great black-bearded Sikh,203760,203788,6,711,12,M_2416,Other
2417,pdnc,qID,Q569-0,his,203815,203818,6,711,12,M_2417,Other
2418,pdnc,qID,Q569-0,that little merchant,203864,203884,2,711,12,M_2418,Other
2419,pdnc,qID,Q569-0,He,203886,203888,2,711,12,M_2419,Other
2420,pdnc,qID,Q569-0,Sikh,203908,203912,6,711,12,M_2420,PROPN
2421,pdnc,qID,Q569-0,he,203938,203940,2,711,12,M_2421,Other
2422,pdnc,qID,Q569-0,he,203980,203982,2,711,12,M_2422,Other
2423,pdnc,qID,Q569-0,him,204028,204031,2,711,12,M_2423,Other
2424,pdnc,qID,Q569-0,his,204058,204061,2,711,12,M_2424,Other
2425,pdnc,qID,Q569-0,his,204125,204128,2,711,12,M_2425,Other
2426,pdnc,qID,Q569-0,he,204137,204139,2,711,12,M_2426,Other
2427,pdnc,qID,Q569-0,he,204156,204158,2,711,12,M_2427,Other
2428,pdnc,qID,Q569-0,he,204201,204203,2,711,12,M_2428,Other
2429,pdnc,qID,Q569-0,his,204221,204224,2,711,12,M_2429,Other
2430,pdnc,qID,Q569-0,the Sikh,204230,204238,6,711,12,M_2430,Other
2431,pdnc,qID,Q569-0,him,204248,204251,2,711,12,M_2431,Other
2432,pdnc,qID,Q569-0,his,204264,204267,6,711,12,M_2432,Other
2433,pdnc,qID,Q569-0,his,204283,204286,2,711,12,M_2433,Other
2434,pdnc,qID,Q569-0,The man,204293,204300,2,711,12,M_2434,Other
2435,pdnc,qID,Q569-0,he,204351,204353,2,711,12,M_2435,Other
2436,pdnc,qID,Q569-0,he,204386,204388,2,711,12,M_2436,Other
2437,pdnc,qID,Q569-0,his,204405,204408,2,711,12,M_2437,Other
2438,exp,exp_name,holmes,Holmes,204665,204671,14,712,12,M_2438,PROPN
2439,exp,exp_name,sherlock holmes,Sherlock Holmes,205014,205029,14,712,12,M_2439,PROPN
2440,exp,exp_name,jones,Jones,205034,205039,3,712,12,M_2440,PROPN
2441,pdnc,qID,Q570-1,his,205496,205499,2,713,12,M_2441,Other
2442,pdnc,qID,Q570-1,he,205510,205512,2,713,12,M_2442,Other
2443,pdnc,qID,Q570-1,he,205533,205535,2,713,12,M_2443,Other
2444,pdnc,qID,Q571-0,your,205724,205728,23,714,12,M_2444,Other
2445,exp,exp_name,holmes,Holmes,205742,205748,14,714,12,M_2445,PROPN
2446,pdnc,qID,Q572-0,him,205778,205781,2,715,12,M_2446,Other
2447,pdnc,qID,Q572-0,Abdullah,205786,205794,1,715,12,M_2447,PROPN
2448,pdnc,qID,Q572-0,Akbar,205796,205801,6,715,12,M_2448,Other
2449,pdnc,qID,Q572-0,he,205824,205826,2,715,12,M_2449,Other
2450,pdnc,qID,Q572-0,he,205850,205852,2,715,12,M_2450,Other
2451,pdnc,qID,Q572-0,Mahomet Singh,205867,205880,10,715,12,M_2451,Other
2452,pdnc,qID,Q572-0,him,205917,205920,2,715,12,M_2452,Other
2453,pdnc,qID,Q572-0,Achmet the merchant,206181,206200,2,715,12,M_2453,Other
2454,pdnc,qID,Q572-0,him,206229,206232,2,715,12,M_2454,Other
2455,pdnc,qID,Q573-0,he,206317,206319,2,716,12,M_2455,Other
2456,pdnc,qID,Q573-0,he,206340,206342,2,716,12,M_2456,Other
2457,exp,exp_name,small,small,207059,207064,25,716,12,M_2457,PROPN
2458,pdnc,qID,Q574-0,Mahomet Singh,207650,207663,10,717,12,M_2458,Other
2459,exp,exp_name,sahib,Sahib,208781,208786,34,718,12,M_2459,PROPN
2460,booknlp,COREF,122,himself,208792,208799,34,718,12,M_2460,Other
2461,pdnc,qID,Q575-0,Achmet,209178,209184,2,718,12,M_2461,PROPN
2462,pdnc,qID,Q576-0,Achmet,209263,209269,2,719,12,M_2462,PROPN
2463,pdnc,qID,Q576-0,he,209301,209303,2,719,12,M_2463,Other
2464,pdnc,qID,Q576-0,him,209447,209450,2,719,12,M_2464,Other
2465,pdnc,qID,Q576-0,Achmet,209524,209530,2,719,12,M_2465,PROPN
2466,pdnc,qID,Q576-0,his,209538,209541,2,719,12,M_2466,Other
2467,pdnc,qID,Q576-0,him,209565,209568,2,719,12,M_2467,Other
2468,pdnc,qID,Q576-0,him,209600,209603,2,719,12,M_2468,Other
2469,pdnc,qID,Q576-0,him,209623,209626,2,719,12,M_2469,Other
2470,pdnc,qID,Q576-0,he,209674,209676,2,719,12,M_2470,Other
2471,pdnc,qID,Q576-0,Achmet,209784,209790,2,719,12,M_2471,PROPN
2472,pdnc,qID,Q576-0,he,210183,210185,10,719,12,M_2472,Other
2473,pdnc,qID,Q576-0,the murdered man,210227,210243,2,719,12,M_2473,Other
2474,exp,exp_name,jack,jack,211027,211031,7,720,12,M_2474,PROPN
2475,exp,exp_name,small,small,211585,211590,25,721,12,M_2475,PROPN
2476,exp,exp_name,small,small,212573,212578,25,722,12,M_2476,PROPN
2477,pdnc,qID,Q579-0,Major Sholto,212849,212861,11,722,12,M_2477,PROPN
2478,pdnc,qID,Q579-0,Captain Morstan,212863,212878,5,722,12,M_2478,PROPN
2479,pdnc,qID,Q580-0,Major Sholto,213643,213655,11,723,12,M_2479,PROPN
2480,pdnc,qID,Q580-0,He,213677,213679,11,723,12,M_2480,Other
2481,pdnc,qID,Q580-0,He,213772,213774,11,723,12,M_2481,Other
2482,pdnc,qID,Q580-0,him,213825,213828,11,723,12,M_2482,Other
2483,pdnc,qID,Q580-0,him,213875,213878,11,723,12,M_2483,Other
2484,pdnc,qID,Q580-0,he,213904,213906,11,723,12,M_2484,Other
2485,pdnc,qID,Q580-0,he,213951,213953,11,723,12,M_2485,Other
2486,pdnc,qID,Q580-0,him,214001,214004,11,723,12,M_2486,Other
2487,pdnc,qID,Q581-0,he,214018,214020,11,724,12,M_2487,Other
2488,pdnc,qID,Q581-0,he,214085,214087,11,724,12,M_2488,Other
2489,pdnc,qID,Q581-0,Captain Morstan,214092,214107,5,724,12,M_2489,PROPN
2490,pdnc,qID,Q581-0,The major,214216,214225,11,724,12,M_2490,Other
2491,pdnc,qID,Q581-0,his,214243,214246,11,724,12,M_2491,Other
2492,exp,exp_name,morstan,Morstan,214271,214278,5,725,12,M_2492,PROPN
2493,pdnc,qID,Q582-0,he,214281,214283,11,725,12,M_2493,Other
2494,pdnc,qID,Q583-0,the other,214404,214413,5,726,12,M_2494,Other
2495,pdnc,qID,Q585-0,Major Sholto,214575,214587,11,727,12,M_2495,PROPN
2496,pdnc,qID,Q585-0,him,214652,214655,11,727,12,M_2496,Other
2497,exp,exp_name,small,Small,214713,214718,25,729,12,M_2497,PROPN
2498,pdnc,qID,Q587-0,he,214733,214735,11,729,12,M_2498,Other
2499,pdnc,qID,Q587-0,his,214750,214753,11,729,12,M_2499,Other
2500,pdnc,qID,Q587-0,his,214767,214770,11,729,12,M_2500,Other
2501,exp,exp_name,small,Small,215143,215148,25,731,12,M_2501,PROPN
2502,pdnc,qID,Q589-0,he,215151,215153,11,731,12,M_2502,Other
2503,exp,exp_name,small,Small,215432,215437,25,733,12,M_2503,PROPN
2504,pdnc,qID,Q590-0,he,215440,215442,11,733,12,M_2504,Other
2505,exp,exp_name,small,Small,215752,215757,25,735,12,M_2505,PROPN
2506,pdnc,qID,Q592-0,him,215788,215791,11,736,12,M_2506,Other
2507,exp,exp_name,small,small,215814,215819,25,736,12,M_2507,PROPN
2508,pdnc,qID,Q592-0,he,215836,215838,11,736,12,M_2508,Other
2509,pdnc,qID,Q592-0,he,215890,215892,11,736,12,M_2509,Other
2510,pdnc,qID,Q592-0,his,215961,215964,11,736,12,M_2510,Other
2511,pdnc,qID,Q592-0,him,216011,216014,11,736,12,M_2511,Other
2512,exp,exp_name,small,Small,216052,216057,25,737,12,M_2512,PROPN
2513,pdnc,qID,Q593-0,he,216060,216062,11,737,12,M_2513,Other
2514,pdnc,qID,Q594-0,he,216176,216178,11,738,12,M_2514,Other
2515,pdnc,qID,Q594-0,his friend Captain Morstan,216183,216209,5,738,12,M_2515,Other
2516,exp,exp_name,captain morstan,Captain Morstan,216292,216307,5,739,12,M_2516,PROPN
2517,exp,exp_name,small,Small,216344,216349,25,739,12,M_2517,PROPN
2518,pdnc,qID,Q595-0,he,216357,216359,11,739,12,M_2518,Other
2519,pdnc,qID,Q597-0,he,216430,216432,11,741,12,M_2519,Other
2520,pdnc,qID,Q598-0,Captain Morstan,216468,216483,5,742,12,M_2520,PROPN
2521,exp,exp_name,small,Small,216506,216511,25,743,12,M_2521,PROPN
2522,pdnc,qID,Q599-0,the major,216519,216528,11,743,12,M_2522,Other
2523,pdnc,qID,Q600-0,He,216944,216946,11,743,12,M_2523,Other
2524,pdnc,qID,Q600-0,his,216991,216994,11,743,12,M_2524,Other
2525,pdnc,qID,Q602-0,he,217398,217400,11,745,12,M_2525,Other
2526,pdnc,qID,Q605-0,he,218089,218091,11,749,12,M_2526,Other
2527,exp,exp_name,morstan,Morstan,218200,218207,5,751,12,M_2527,PROPN
2528,pdnc,qID,Q607-0,he,218215,218217,11,751,12,M_2528,Other
2529,exp,exp_name,small,Small,218220,218225,25,751,12,M_2529,PROPN
2530,pdnc,qID,Q608-0,the other,218348,218357,5,752,12,M_2530,Other
2531,exp,exp_name,small,Small,218445,218450,25,753,12,M_2531,PROPN
2532,pdnc,qID,Q609-0,the major,218458,218467,11,753,12,M_2532,Other
2533,booknlp,COREF,2006,you,218503,218506,25,753,12,M_2533,Other
2534,booknlp,COREF,2006,your,218552,218556,25,753,12,M_2534,Other
2535,pdnc,qID,Q610-0,he,218747,218749,11,754,12,M_2535,Other
2536,booknlp,COREF,2006,you,218813,218816,25,754,12,M_2536,Other
2537,pdnc,qID,Q611-0,he,218865,218867,11,755,12,M_2537,Other
2538,pdnc,qID,Q613-0,Mahomet Singh,219065,219078,10,757,12,M_2538,Other
2539,pdnc,qID,Q613-0,Abdullah Khan,219080,219093,1,757,12,M_2539,PROPN
2540,pdnc,qID,Q613-0,Dost Akbar,219099,219109,6,757,12,M_2540,PROPN
2541,pdnc,qID,Q613-0,Major Sholto,219337,219349,11,757,12,M_2541,PROPN
2542,pdnc,qID,Q613-0,he,219391,219393,11,757,12,M_2542,Other
2543,pdnc,qID,Q613-0,he,219408,219410,11,757,12,M_2543,Other
2544,exp,exp_name,small,small,219448,219453,25,757,12,M_2544,PROPN
2545,pdnc,qID,Q613-0,his,219586,219589,11,757,12,M_2545,Other
2546,pdnc,qID,Q613-0,Captain Morstan,219598,219613,5,757,12,M_2546,PROPN
2547,pdnc,qID,Q613-0,he,219734,219736,5,757,12,M_2547,Other
2548,pdnc,qID,Q613-0,major,219748,219753,11,757,12,M_2548,Other
2549,pdnc,qID,Q613-0,his,219773,219776,5,757,12,M_2549,Other
2550,pdnc,qID,Q613-0,Abdullah,220003,220011,1,757,12,M_2550,PROPN
2551,pdnc,qID,Q613-0,Akbar,220013,220018,6,757,12,M_2551,Other
2552,pdnc,qID,Q613-0,Mahomet,220020,220027,10,757,12,M_2552,Other
2553,pdnc,qID,Q614-0,Mr. Jones,220118,220127,3,758,12,M_2553,PROPN
2554,pdnc,qID,Q614-0,Sholto,220220,220226,11,758,12,M_2554,PROPN
2555,pdnc,qID,Q614-0,he,220250,220252,11,758,12,M_2555,Other
2556,pdnc,qID,Q614-0,Captain Morstan,220276,220291,5,758,12,M_2556,PROPN
2557,pdnc,qID,Q614-0,his,220302,220305,11,758,12,M_2557,Other
2558,pdnc,qID,Q614-0,His,220388,220391,11,758,12,M_2558,Other
2559,pdnc,qID,Q614-0,he,220435,220437,11,758,12,M_2559,Other
2560,pdnc,qID,Q614-0,he,220461,220463,11,758,12,M_2560,Other
2561,pdnc,qID,Q614-0,he,220497,220499,11,758,12,M_2561,Other
2562,pdnc,qID,Q614-0,Morstan,220516,220523,5,758,12,M_2562,Other
2563,pdnc,qID,Q614-0,him,220721,220724,11,758,12,M_2563,Other
2564,pdnc,qID,Q614-0,Sholto,220961,220967,11,758,12,M_2564,PROPN
2565,pdnc,qID,Q614-0,his,220990,220993,11,758,12,M_2565,Other
2566,pdnc,qID,Q614-0,Sholto,221112,221118,11,758,12,M_2566,PROPN
2567,pdnc,qID,Q615-0,a little Andaman Islander ,221369,221395,20,759,12,M_2567,Other
2568,pdnc,qID,Q615-0,He,221441,221443,20,759,12,M_2568,Other
2569,pdnc,qID,Q615-0,him,221509,221512,20,759,12,M_2569,Other
2570,pdnc,qID,Q615-0,he,221529,221531,20,759,12,M_2570,Other
2571,pdnc,qID,Q615-0,him,221601,221604,20,759,12,M_2571,Other
2572,pdnc,qID,Q615-0,He,221633,221635,20,759,12,M_2572,Other
2573,pdnc,qID,Q615-0,his,221697,221700,20,759,12,M_2573,Other
2574,pdnc,qID,Q615-0,his,221767,221770,20,759,12,M_2574,Other
2575,pdnc,qID,Q615-0,him,221782,221785,20,759,12,M_2575,Other
2576,pdnc,qID,Q615-0,him,221801,221804,20,759,12,M_2576,Other
2577,pdnc,qID,Q616-0,Tonga,221829,221834,20,760,12,M_2577,Other
2578,pdnc,qID,Q616-0,his,221848,221851,20,760,12,M_2578,Other
2579,pdnc,qID,Q616-0,his,221909,221912,20,760,12,M_2579,Other
2580,pdnc,qID,Q616-0,he,221936,221938,20,760,12,M_2580,Other
2581,pdnc,qID,Q616-0,him,222041,222044,20,760,12,M_2581,Other
2582,pdnc,qID,Q616-0,He,222046,222048,20,760,12,M_2582,Other
2583,booknlp,COREF,2032,his,222062,222065,20,760,12,M_2583,Other
2584,pdnc,qID,Q616-0,he,222147,222149,20,760,12,M_2584,Other
2585,pdnc,qID,Q616-0,him,222176,222179,20,760,12,M_2585,Other
2586,pdnc,qID,Q617-0,He,222276,222278,20,761,12,M_2586,Other
2587,pdnc,qID,Q617-0,little Tonga,222304,222316,20,761,12,M_2587,Other
2588,pdnc,qID,Q617-0,he,222375,222377,20,761,12,M_2588,Other
2589,pdnc,qID,Q617-0,his,222382,222385,20,761,12,M_2589,Other
2590,booknlp,COREF,2032,him,222634,222637,20,761,12,M_2590,Other
2591,booknlp,COREF,2032,He,222699,222701,20,761,12,M_2591,Other
2592,booknlp,COREF,2032,his,222725,222728,20,761,12,M_2592,Other
2593,booknlp,COREF,2032,his,222745,222748,20,761,12,M_2593,Other
2594,booknlp,COREF,2032,his,222760,222763,20,761,12,M_2594,Other
2595,booknlp,COREF,2032,his,222813,222816,20,761,12,M_2595,Other
2596,booknlp,COREF,2032,him,223031,223034,20,761,12,M_2596,Other
2597,booknlp,COREF,2032,He,223036,223038,20,761,12,M_2597,Other
2598,booknlp,COREF,2032,his,223043,223046,20,761,12,M_2598,Other
2599,booknlp,COREF,2032,his,223058,223061,20,761,12,M_2599,Other
2600,booknlp,COREF,2032,him,223085,223088,20,761,12,M_2600,Other
2601,booknlp,COREF,2032,his,223126,223129,20,761,12,M_2601,Other
2602,booknlp,COREF,2032,him,223190,223193,20,761,12,M_2602,Other
2603,booknlp,COREF,2032,him,223282,223285,20,761,12,M_2603,Other
2604,pdnc,qID,Q617-0,Tonga,223373,223378,20,761,12,M_2604,Other
2605,pdnc,qID,Q617-0,his,223395,223398,20,761,12,M_2605,Other
2606,pdnc,qID,Q617-0,him,223424,223427,20,761,12,M_2606,Other
2607,pdnc,qID,Q617-0,his,223429,223432,20,761,12,M_2607,Other
2608,pdnc,qID,Q617-0,his,223442,223445,20,761,12,M_2608,Other
2609,pdnc,qID,Q617-0,he,223472,223474,20,761,12,M_2609,Other
2610,pdnc,qID,Q617-0,Tonga,223774,223779,20,761,12,M_2610,Other
2611,pdnc,qID,Q618-0,my little chum,223955,223969,20,762,12,M_2611,Other
2612,pdnc,qID,Q618-0,Sholto,224236,224242,11,762,12,M_2612,PROPN
2613,pdnc,qID,Q618-0,Sholto,224422,224428,11,762,12,M_2613,PROPN
2614,pdnc,qID,Q618-0,he,224474,224476,11,762,12,M_2614,Other
2615,pdnc,qID,Q618-0,he,224510,224512,11,762,12,M_2615,Other
2616,pdnc,qID,Q618-0,he,224661,224663,11,762,12,M_2616,Other
2617,pdnc,qID,Q618-0,he,224731,224733,11,762,12,M_2617,Other
2618,pdnc,qID,Q618-0,his khitmutgar,224806,224820,8,762,12,M_2618,Other
2619,pdnc,qID,Q619-0,he,224877,224879,11,763,12,M_2619,Other
2620,pdnc,qID,Q619-0,he,224933,224935,11,763,12,M_2620,Other
2621,pdnc,qID,Q619-0,him,225017,225020,11,763,12,M_2621,Other
2622,pdnc,qID,Q619-0,his,225030,225033,11,763,12,M_2622,Other
2623,pdnc,qID,Q619-0,him,225069,225072,11,763,12,M_2623,Other
2624,pdnc,qID,Q619-0,him,225165,225168,11,763,12,M_2624,Other
2625,pdnc,qID,Q619-0,his,225169,225172,11,763,12,M_2625,Other
2626,pdnc,qID,Q619-0,he,225202,225204,11,763,12,M_2626,Other
2627,pdnc,qID,Q619-0,his,225226,225229,11,763,12,M_2627,Other
2628,pdnc,qID,Q619-0,his,225275,225278,11,763,12,M_2628,Other
2629,pdnc,qID,Q619-0,he,225326,225328,11,763,12,M_2629,Other
2630,pdnc,qID,Q619-0,his,225677,225680,11,763,12,M_2630,Other
2631,pdnc,qID,Q619-0,he,225709,225711,11,763,12,M_2631,Other
2632,pdnc,qID,Q619-0,he,225778,225780,11,763,12,M_2632,Other
2633,pdnc,qID,Q620-0,poor Tonga,225858,225868,20,764,12,M_2633,Other
2634,pdnc,qID,Q620-0,He,225923,225925,20,764,12,M_2634,Other
2635,pdnc,qID,Q620-0,his,225955,225958,20,764,12,M_2635,Other
2636,pdnc,qID,Q620-0,Mr. Bartholomew Sholto,226294,226316,4,764,12,M_2636,PROPN
2637,pdnc,qID,Q620-0,Mr. Sholto,226524,226534,4,764,12,M_2637,PROPN
2638,pdnc,qID,Q620-0,Tonga,226611,226616,20,764,12,M_2638,Other
2639,pdnc,qID,Q620-0,him,226628,226631,20,764,12,M_2639,Other
2640,pdnc,qID,Q620-0,his,226673,226676,20,764,12,M_2640,Other
2641,pdnc,qID,Q620-0,He,226684,226686,20,764,12,M_2641,Other
2642,pdnc,qID,Q620-0,he,226715,226717,20,764,12,M_2642,Other
2643,pdnc,qID,Q620-0,his,226728,226731,20,764,12,M_2643,Other
2644,pdnc,qID,Q620-0,Bartholomew Sholto,226786,226804,4,764,12,M_2644,PROPN
2645,pdnc,qID,Q620-0,his,226831,226834,4,764,12,M_2645,Other
2646,pdnc,qID,Q620-0,Tonga,226841,226846,20,764,12,M_2646,Other
2647,pdnc,qID,Q620-0,he,226855,226857,20,764,12,M_2647,Other
2648,pdnc,qID,Q620-0,him,226900,226903,20,764,12,M_2648,Other
2649,pdnc,qID,Q620-0,him,226944,226947,20,764,12,M_2649,Other
2650,pdnc,qID,Q620-0,he,227011,227013,20,764,12,M_2650,Other
2651,pdnc,qID,Q620-0,him,227029,227032,20,764,12,M_2651,Other
2652,pdnc,qID,Q620-0,him,227064,227067,20,764,12,M_2652,Other
2653,pdnc,qID,Q620-0,Tonga,227306,227311,20,764,12,M_2653,Other
2654,pdnc,qID,Q620-0,he,227382,227384,20,764,12,M_2654,Other
2655,booknlp,COREF,109,I,227398,227399,3,765,12,M_2655,Other
2656,booknlp,COREF,109,I,227416,227417,3,765,12,M_2656,Other
2657,booknlp,COREF,109,I,227450,227451,3,765,12,M_2657,Other
2658,pdnc,qID,Q621-0,Smith,227495,227500,13,765,12,M_2658,PROPN
2659,booknlp,COREF,109,I,227527,227528,3,765,12,M_2659,Other
2660,booknlp,COREF,109,I,227580,227581,3,765,12,M_2660,Other
2661,pdnc,qID,Q621-0,old Smith,227595,227604,13,765,12,M_2661,Other
2662,pdnc,qID,Q621-0,him,227622,227625,13,765,12,M_2662,Other
2663,pdnc,qID,Q621-0,he,227639,227641,13,765,12,M_2663,Other
2664,pdnc,qID,Q621-0,He,227667,227669,13,765,12,M_2664,Other
2665,pdnc,qID,Q621-0,he,227723,227725,13,765,12,M_2665,Other
2666,booknlp,COREF,109,I,227780,227781,3,765,12,M_2666,Other
2667,booknlp,COREF,109,me,227855,227857,3,765,12,M_2667,Other
2668,booknlp,COREF,109,I,227894,227895,3,765,12,M_2668,Other
2669,booknlp,COREF,109,I,227921,227922,3,765,12,M_2669,Other
2670,booknlp,COREF,109,I,227999,228000,3,765,12,M_2670,Other
2671,booknlp,COREF,109,myself,228006,228012,3,765,12,M_2671,Other
2672,pdnc,qID,Q621-0,Major Sholto,228028,228040,11,765,12,M_2672,PROPN
2673,booknlp,COREF,109,I,228059,228060,3,765,12,M_2673,Other
2674,pdnc,qID,Q621-0,his son,228080,228087,4,765,12,M_2674,Other
2675,exp,exp_name,sherlock holmes,Sherlock Holmes,228125,228140,14,766,12,M_2675,PROPN
2676,booknlp,COREF,105,me,228226,228228,14,766,12,M_2676,Other
2677,pdnc,qID,Q622-1,your,228251,228255,23,766,12,M_2677,Other
2678,pdnc,qID,Q622-1,you,228279,228282,23,766,12,M_2678,Other
2679,pdnc,qID,Q622-1,your,228291,228295,23,766,12,M_2679,Other
2680,booknlp,COREF,105,I,228311,228312,14,766,12,M_2680,Other
2681,booknlp,COREF,105,I,228339,228340,14,766,12,M_2681,Other
2682,pdnc,qID,Q622-1,Tonga,228356,228361,20,766,12,M_2682,Other
2683,pdnc,qID,Q622-1,his,228375,228378,20,766,12,M_2683,Other
2684,pdnc,qID,Q622-1,he,228390,228392,20,766,12,M_2684,Other
2685,pdnc,qID,Q623-0,He,228436,228438,20,767,12,M_2685,Other
2686,pdnc,qID,Q623-0,his,228491,228494,20,767,12,M_2686,Other
2687,exp,exp_name,holmes,Holmes,228542,228548,14,768,12,M_2687,PROPN
2688,booknlp,COREF,105,I,228551,228552,14,768,12,M_2688,Other
2689,pdnc,qID,Q625-0,you,228612,228615,14,769,12,M_2689,Other
2690,pdnc,qID,Q626-0,you,228691,228694,23,770,12,M_2690,Other
2691,pdnc,qID,Q627-0,Holmes,228728,228734,14,771,12,M_2691,Other
2692,exp,exp_name,athelney jones,Athelney Jones,228742,228756,3,771,12,M_2692,PROPN
2693,pdnc,qID,Q627-1,You,228759,228762,14,771,12,M_2693,Other
2694,pdnc,qID,Q627-1,you,228810,228813,14,771,12,M_2694,Other
2695,booknlp,COREF,109,I,228864,228865,3,771,12,M_2695,Other
2696,pdnc,qID,Q627-1,you,228901,228904,14,771,12,M_2696,Other
2697,pdnc,qID,Q627-1,your friend,228909,228920,21,771,12,M_2697,Other
2698,booknlp,COREF,109,me,228927,228929,3,771,12,M_2698,Other
2699,booknlp,COREF,109,I,228931,228932,3,771,12,M_2699,Other
2700,pdnc,qID,Q627-1,we,228962,228964,3,771,12,M_2700,Other
2701,pdnc,qID,Q627-1,our story-teller,228970,228986,23,771,12,M_2701,Other
2702,booknlp,COREF,109,I,229079,229080,3,771,12,M_2702,Other
2703,pdnc,qID,Q627-1,you,229100,229103,14,771,12,M_2703,Other
2704,pdnc,qID,Q627-1,your,229113,229117,14,771,12,M_2704,Other
2705,pdnc,qID,Q627-1,you,229140,229143,14,771,12,M_2705,Other
2706,pdnc,qID,Q627-1,you,229187,229190,14,771,12,M_2706,Other
2707,exp,exp_name,jonathan small,Jonathan Small,229229,229243,23,772,12,M_2707,PROPN
2708,pdnc,qID,Q629-0,You,229247,229250,23,773,12,M_2708,Other
2709,pdnc,qID,Q629-0,Small,229258,229263,23,773,12,M_2709,Other
2710,exp,exp_name,jones,Jones,229284,229289,3,773,12,M_2710,PROPN
2711,booknlp,COREF,109,I,229314,229315,3,773,12,M_2711,Other
2712,pdnc,qID,Q629-1,you,229345,229348,23,773,12,M_2712,Other
2713,booknlp,COREF,109,me,229360,229362,3,773,12,M_2713,Other
2714,pdnc,qID,Q629-1,your,229368,229372,23,773,12,M_2714,Other
2715,pdnc,qID,Q629-1,you,229394,229397,23,773,12,M_2715,Other
2716,pdnc,qID,Q630-1,your,229653,229657,14,774,12,M_2716,Other
2717,pdnc,qID,Q630-1,Miss Morstan,229667,229679,12,774,12,M_2717,PROPN
2718,booknlp,COREF,109,He,229747,229749,3,775,12,M_2718,Other
2719,booknlp,COREF,109,I,229777,229778,3,775,12,M_2719,Other
2720,booknlp,COREF,109,he,229801,229803,3,775,12,M_2720,Other
2721,booknlp,COREF,109,I,229806,229807,3,775,12,M_2721,Other
2722,pdnc,qID,Q631-1,you,229835,229838,21,775,12,M_2722,Other
2723,pdnc,qID,Q632-0,you,229869,229872,14,776,12,M_2723,Other
2724,pdnc,qID,Q633-0,she,229951,229954,12,777,12,M_2724,Other
2725,pdnc,qID,Q633-0,She,230076,230079,12,777,12,M_2725,Other
2726,pdnc,qID,Q633-0,she,230136,230139,12,777,12,M_2726,Other
2727,pdnc,qID,Q633-0,her father,230194,230204,5,777,12,M_2727,Other
2728,pdnc,qID,Q634-1,you,230463,230466,14,778,12,M_2728,Other
2729,pdnc,qID,Q636-1,your,230653,230657,14,780,12,M_2729,Other
2730,pdnc,qID,Q637-2,you,231018,231021,21,783,12,M_2730,Other
2731,pdnc,qID,Q637-2,Lal Rao,231113,231120,9,783,12,M_2731,PROPN
2732,pdnc,qID,Q637-2,the butler,231122,231132,9,783,12,M_2732,Other
2733,pdnc,qID,Q637-2,Jones,231137,231142,3,783,12,M_2733,Other
2734,pdnc,qID,Q637-2,his,231206,231209,3,783,12,M_2734,Other
2735,pdnc,qID,Q638-1,You,231273,231276,14,784,12,M_2735,Other
2736,pdnc,qID,Q638-1,Jones,231342,231347,3,784,12,M_2736,Other
2737,pdnc,qID,Q638-1,you,231387,231390,14,784,12,M_2737,Other
2738,booknlp,COREF,105,me,231399,231401,14,785,12,M_2738,Other
2739,exp,exp_name,sherlock holmes,Sherlock Holmes,231409,231424,14,785,12,M_2739,PROPN
2740,booknlp,COREF,105,he,231472,231474,14,785,12,M_2740,Other
2741,booknlp,COREF,105,his,231485,231488,14,785,12,M_2741,Other
