,source,idColName,iden,text,startByte,endByte,pdncID,paraID,chapID,mID,mention_type
0,exp,exp_name,catherine morland,Catherine Morland,71,88,0,4,1,M_0,PROPN
1,exp,exp_name,catherine,Catherine,700,709,0,4,1,M_1,PROPN
2,exp,exp_name,catherine,Catherine,1149,1158,0,4,1,M_2,PROPN
3,booknlp,COREF,80,Sally,2133,2138,17,4,1,M_3,PROPN
4,exp,exp_name,catherine,Catherine,2183,2192,0,4,1,M_4,PROPN
5,exp,exp_name,catherine,Catherine,2353,2362,0,4,1,M_5,PROPN
6,exp,exp_name,mrs. morland,Mrs. Morland,2543,2555,15,4,1,M_6,PROPN
7,booknlp,COREF,82,her,2579,2582,15,4,1,M_7,Other
8,exp,exp_name,catherine,Catherine,2742,2751,0,4,1,M_8,PROPN
9,exp,exp_name,catherine morland,Catherine Morland,3647,3664,0,5,1,M_9,PROPN
10,exp,exp_name,catherine,Catherine,4099,4108,0,5,1,M_10,PROPN
11,exp,exp_name,mrs. morland,Mrs. Morland,4432,4444,15,6,1,M_11,PROPN
12,booknlp,COREF,82,her,4486,4489,15,6,1,M_12,Other
13,booknlp,COREF,82,her,4532,4535,15,6,1,M_13,Other
14,booknlp,COREF,82,her,4609,4612,15,6,1,M_14,Other
15,exp,exp_name,catherine,Catherine,4710,4719,0,6,1,M_15,PROPN
16,exp,exp_name,mr. allen,Mr. Allen,7501,7510,10,21,1,M_16,PROPN
17,booknlp,COREF,89,his,7680,7683,10,21,1,M_17,Other
18,exp,exp_name,miss morland,Miss Morland,7721,7733,0,21,1,M_18,PROPN
19,exp,exp_name,mrs. morland,Mrs. Morland,7886,7898,15,21,1,M_19,PROPN
20,exp,exp_name,catherine,Catherine,7924,7933,0,21,1,M_20,PROPN
21,exp,exp_name,catherine morland,Catherine Morland,8010,8027,0,23,2,M_21,PROPN
22,exp,exp_name,mrs. morland,Mrs. Morland,8712,8724,15,24,2,M_22,PROPN
23,booknlp,COREF,82,her,8816,8819,15,24,2,M_23,Other
24,exp,exp_name,catherine,Catherine,8828,8837,0,24,2,M_24,PROPN
25,booknlp,COREF,82,her,8881,8884,15,24,2,M_25,Other
26,booknlp,COREF,82,her,8915,8918,15,24,2,M_26,Other
27,booknlp,COREF,82,her,9057,9060,15,24,2,M_27,Other
28,booknlp,COREF,82,her,9102,9105,15,24,2,M_28,Other
29,booknlp,COREF,82,her,9288,9291,15,24,2,M_29,Other
30,exp,exp_name,mrs. morland,Mrs. Morland,9327,9339,15,24,2,M_30,PROPN
31,booknlp,COREF,82,she,9383,9386,15,24,2,M_31,Other
32,booknlp,COREF,82,her,9484,9487,15,24,2,M_32,Other
33,booknlp,COREF,82,Her,9522,9525,15,24,2,M_33,Other
34,booknlp,COREF,82,I,9575,9576,15,24,2,M_34,Other
35,pdnc,qID,Q0-0,Catherine,9582,9591,0,24,2,M_35,PROPN
36,pdnc,qID,Q0-0,you,9593,9596,0,24,2,M_36,Other
37,pdnc,qID,Q0-0,you,9659,9662,0,24,2,M_37,Other
38,booknlp,COREF,82,I,9697,9698,15,24,2,M_38,Other
39,pdnc,qID,Q0-0,you,9704,9707,0,24,2,M_39,Other
40,pdnc,qID,Q0-0,you,9752,9755,0,24,2,M_40,Other
41,booknlp,COREF,82,I,9763,9764,15,24,2,M_41,Other
42,pdnc,qID,Q0-0,you,9775,9778,0,24,2,M_42,Other
43,booknlp,COREF,80,Sally,9810,9815,17,25,2,M_43,PROPN
44,exp,exp_name,sarah,Sarah,9827,9832,17,25,2,M_44,PROPN
45,booknlp,COREF,80,her,10025,10028,17,25,2,M_45,Other
46,booknlp,COREF,82,she,10069,10072,15,25,2,M_46,Other
47,exp,exp_name,catherine,Catherine,10093,10102,0,25,2,M_47,PROPN
48,booknlp,COREF,82,her,10140,10143,15,25,2,M_48,Other
49,booknlp,COREF,80,her,10593,10596,17,25,2,M_49,Other
50,exp,exp_name,mrs. allen,Mrs. Allen,11118,11128,13,26,2,M_50,PROPN
51,booknlp,COREF,91,her,11157,11160,13,26,2,M_51,Other
52,booknlp,COREF,91,her,11174,11177,13,26,2,M_52,Other
53,exp,exp_name,catherine,Catherine,11258,11267,0,27,2,M_53,PROPN
54,exp,exp_name,mrs. allen,Mrs. Allen,11629,11639,13,29,2,M_54,PROPN
55,booknlp,COREF,91,her,11693,11696,13,29,2,M_55,Other
56,booknlp,COREF,91,she,11778,11781,13,29,2,M_56,Other
57,exp,exp_name,catherine,Catherine,11824,11833,0,29,2,M_57,PROPN
58,booknlp,COREF,91,her,11913,11916,13,29,2,M_58,Other
59,booknlp,COREF,91,her,11976,11979,13,29,2,M_59,Other
60,booknlp,COREF,91,her,11997,12000,13,29,2,M_60,Other
61,booknlp,COREF,91,her,12023,12026,13,29,2,M_61,Other
62,exp,exp_name,mrs. allen,Mrs. Allen,12042,12052,13,30,2,M_62,PROPN
63,booknlp,COREF,91,She,12234,12237,13,30,2,M_63,Other
64,booknlp,COREF,91,her,12425,12428,13,30,2,M_64,Other
65,exp,exp_name,mr. allen,Mr. Allen,12482,12491,10,30,2,M_65,PROPN
66,booknlp,COREF,91,she,12508,12511,13,30,2,M_66,Other
67,booknlp,COREF,91,herself,12628,12635,13,30,2,M_67,Other
68,booknlp,COREF,91,her,12674,12677,13,30,2,M_68,Other
69,booknlp,COREF,91,She,12687,12690,13,30,2,M_69,Other
70,booknlp,COREF,91,her,12873,12876,13,30,2,M_70,Other
71,exp,exp_name,catherine,Catherine,12936,12945,0,30,2,M_71,PROPN
72,exp,exp_name,mrs. allen,Mrs. Allen,13179,13189,13,30,2,M_72,PROPN
73,booknlp,COREF,91,her,13194,13197,13,30,2,M_73,Other
74,exp,exp_name,catherine,Catherine,13272,13281,0,30,2,M_74,PROPN
75,exp,exp_name,mrs. allen,Mrs. Allen,13426,13436,13,31,2,M_75,PROPN
76,exp,exp_name,mr. allen,Mr. Allen,13609,13618,10,31,2,M_76,PROPN
77,booknlp,COREF,89,he,13620,13622,10,31,2,M_77,Other
78,booknlp,COREF,91,her,13736,13739,13,31,2,M_78,Other
79,booknlp,COREF,91,her,13773,13776,13,31,2,M_79,Other
80,exp,exp_name,mrs. allen,Mrs. Allen,13787,13797,13,31,2,M_80,PROPN
81,booknlp,COREF,91,her,13803,13806,13,31,2,M_81,Other
82,exp,exp_name,catherine,Catherine,13899,13908,0,31,2,M_82,PROPN
83,exp,exp_name,miss morland,Miss Morland,14851,14863,0,31,2,M_83,PROPN
84,exp,exp_name,mrs. allen,Mrs. Allen,15144,15154,13,31,2,M_84,PROPN
85,booknlp,COREF,91,she,15168,15171,13,31,2,M_85,Other
86,booknlp,COREF,91,I,15242,15243,13,31,2,M_86,Other
87,pdnc,qID,Q1-0,you,15249,15252,0,31,2,M_87,Other
88,pdnc,qID,Q1-0,my dear,15266,15273,0,31,2,M_88,Other
89,booknlp,COREF,91,I,15274,15275,13,31,2,M_89,Other
90,pdnc,qID,Q1-0,you,15281,15284,0,31,2,M_90,Other
91,booknlp,COREF,91,her,15321,15324,13,31,2,M_91,Other
92,booknlp,COREF,91,her,15354,15357,13,31,2,M_92,Other
93,exp,exp_name,catherine,Catherine,15449,15458,0,31,2,M_93,PROPN
94,booknlp,COREF,91,her,15495,15498,13,31,2,M_94,Other
95,exp,exp_name,catherine,Catherine,15693,15702,0,32,2,M_95,PROPN
96,exp,exp_name,mr. allen,Mr. Allen,16221,16230,10,32,2,M_96,PROPN
97,exp,exp_name,mrs. allen,Mrs. Allen,16473,16483,13,33,2,M_97,PROPN
98,booknlp,COREF,91,herself,16498,16505,13,33,2,M_98,Other
99,booknlp,COREF,91,her,16556,16559,13,33,2,M_99,Other
100,booknlp,COREF,91,she,16635,16638,13,33,2,M_100,Other
101,booknlp,COREF,91,my,16689,16691,13,33,2,M_101,Other
102,booknlp,COREF,91,I,16697,16698,13,33,2,M_102,Other
103,booknlp,COREF,91,I,16722,16723,13,33,2,M_103,Other
104,booknlp,COREF,91,I,16756,16757,13,33,2,M_104,Other
105,pdnc,qID,Q2-1,you,16765,16768,0,33,2,M_105,Other
106,exp,exp_name,catherine,Catherine,16809,16818,0,34,2,M_106,PROPN
107,pdnc,qID,Q4-0,my dear,16869,16876,0,35,2,M_107,Other
108,exp,exp_name,mrs. allen,Mrs. Allen,16887,16897,13,35,2,M_108,PROPN
109,booknlp,COREF,91,I,17147,17148,13,37,2,M_109,Other
110,booknlp,COREF,91,I,17191,17192,13,38,2,M_110,Other
111,pdnc,qID,Q8-0,my dear,17257,17264,0,39,2,M_111,Other
112,pdnc,qID,Q8-0,we,17289,17291,0,39,2,M_112,Other
113,booknlp,COREF,91,I,17351,17352,13,39,2,M_113,Other
114,pdnc,qID,Q9-0,you,17448,17451,13,40,2,M_114,Other
115,booknlp,COREF,91,I,17511,17512,13,41,2,M_115,Other
116,booknlp,COREF,91,my,17592,17594,13,41,2,M_116,Other
117,pdnc,qID,Q10-0,my dear,17601,17608,0,41,2,M_117,Other
118,booknlp,COREF,91,me,17624,17626,13,41,2,M_118,Other
119,booknlp,COREF,91,I,17652,17653,13,41,2,M_119,Other
120,pdnc,qID,Q11-0,dear Mrs. Allen,17705,17720,13,42,2,M_120,Other
121,pdnc,qID,Q11-0,you,17726,17729,13,42,2,M_121,Other
122,pdnc,qID,Q11-0,you,17751,17754,13,42,2,M_122,Other
123,booknlp,COREF,91,I,17793,17794,13,42,2,M_123,Other
124,pdnc,qID,Q11-0,you,17801,17804,13,42,2,M_124,Other
125,booknlp,COREF,91,I,17830,17831,13,43,2,M_125,Other
126,booknlp,COREF,91,my,17844,17846,13,43,2,M_126,Other
127,booknlp,COREF,91,I,17852,17853,13,43,2,M_127,Other
128,booknlp,COREF,91,I,17859,17860,13,43,2,M_128,Other
129,booknlp,COREF,91,I,17866,17867,13,43,2,M_129,Other
130,booknlp,COREF,91,I,17873,17874,13,43,2,M_130,Other
131,booknlp,COREF,91,my,17914,17916,13,43,2,M_131,Other
132,booknlp,COREF,91,I,17933,17934,13,43,2,M_132,Other
133,pdnc,qID,Q12-0,you,17946,17949,0,43,2,M_133,Other
134,booknlp,COREF,91,I,17961,17962,13,43,2,M_134,Other
135,pdnc,qID,Q12-0,you,17989,17992,0,43,2,M_135,Other
136,exp,exp_name,mr. allen,Mr. Allen,18405,18414,10,44,2,M_136,PROPN
137,pdnc,qID,Q13-0,Miss Morland,18448,18460,0,45,2,M_137,PROPN
138,booknlp,COREF,89,he,18468,18470,10,45,2,M_138,Other
139,booknlp,COREF,89,I,18483,18484,10,45,2,M_139,Other
140,pdnc,qID,Q13-1,you,18490,18493,0,45,2,M_140,Other
141,pdnc,qID,Q15-0,she,18613,18616,0,47,2,M_141,Other
142,booknlp,COREF,89,his,18647,18650,10,47,2,M_142,Other
143,pdnc,qID,Q15-1,her,18697,18700,0,47,2,M_143,Other
144,pdnc,qID,Q15-1,she,18848,18851,0,47,2,M_144,Other
145,pdnc,qID,Q15-1,she,18903,18906,0,47,2,M_145,Other
146,pdnc,qID,Q16-0,We,18933,18935,13,48,2,M_146,Other
147,booknlp,COREF,89,I,18968,18969,10,48,2,M_147,Other
148,exp,exp_name,mr. allen,Mr. Allen,18981,18990,10,48,2,M_148,PROPN
149,exp,exp_name,catherine,Catherine,19599,19608,0,49,2,M_149,PROPN
150,exp,exp_name,mrs. allen,Mrs. Allen,20611,20621,13,52,3,M_150,PROPN
151,booknlp,COREF,91,she,20627,20630,13,52,3,M_151,Other
152,booknlp,COREF,91,her,20700,20703,13,52,3,M_152,Other
153,booknlp,COREF,91,her,20871,20874,13,53,3,M_153,Other
154,exp,exp_name,tilney,Tilney,20933,20939,4,53,3,M_154,PROPN
155,exp,exp_name,catherine,Catherine,21140,21149,0,53,3,M_155,PROPN
156,pdnc,qID,Q17-0,madam,21645,21650,0,53,3,M_156,Other
157,pdnc,qID,Q17-0,you,21717,21720,0,53,3,M_157,Other
158,pdnc,qID,Q17-0,you,21730,21733,0,53,3,M_158,Other
159,pdnc,qID,Q17-0,you,21761,21764,0,53,3,M_159,Other
160,pdnc,qID,Q17-0,you,21796,21799,0,53,3,M_160,Other
161,pdnc,qID,Q17-0,you,21868,21871,0,53,3,M_161,Other
162,pdnc,qID,Q17-0,you,21934,21937,0,53,3,M_162,Other
163,pdnc,qID,Q17-0,you,21992,21995,0,53,3,M_163,Other
164,pdnc,qID,Q18-0,You,22026,22029,4,54,3,M_164,Other
165,pdnc,qID,Q18-0,sir,22067,22070,4,54,3,M_165,PROPN
166,pdnc,qID,Q19-0,"you, madam",22096,22106,0,55,3,M_166,Other
167,pdnc,qID,Q19-1,you,22227,22230,0,55,3,M_167,Other
168,pdnc,qID,Q19-1,madam,22250,22255,0,55,3,M_168,Other
169,pdnc,qID,Q20-0,sir,22274,22277,4,56,3,M_169,PROPN
170,exp,exp_name,catherine,Catherine,22288,22297,0,56,3,M_170,PROPN
171,pdnc,qID,Q22-0,you,22372,22375,4,58,3,M_171,Other
172,pdnc,qID,Q22-0, sir,22389,22393,4,58,3,M_172,Other
173,pdnc,qID,Q23-1, your,22487,22492,0,59,3,M_173,Other
174,pdnc,qID,Q23-1,you,22600,22603,0,59,3,M_174,Other
175,pdnc,qID,Q23-1,madam,22623,22628,0,59,3,M_175,Other
176,pdnc,qID,Q24-0,sir,22640,22643,4,60,3,M_176,PROPN
177,pdnc,qID,Q25-0,you,22661,22664,0,61,3,M_177,Other
178,pdnc,qID,Q26-0,sir,22703,22706,4,62,3,M_178,PROPN
179,pdnc,qID,Q27-0,you,22741,22744,0,63,3,M_179,Other
180,pdnc,qID,Q28-0,sir,22774,22777,4,64,3,M_180,PROPN
181,pdnc,qID,Q30-0,sir,22836,22839,4,66,3,M_181,PROPN
182,pdnc,qID,Q31-0,you,22866,22869,0,67,3,M_182,Other
183,exp,exp_name,catherine,Catherine,22994,23003,0,69,3,M_183,PROPN
184,pdnc,qID,Q34-0,you,23086,23089,0,69,3,M_184,Other
185,pdnc,qID,Q34-1,your,23155,23159,0,69,3,M_185,Other
186,pdnc,qID,Q36-0,you,23221,23224,0,71,3,M_186,Other
187,pdnc,qID,Q36-0,him,23448,23451,4,71,3,M_187,Other
188,pdnc,qID,Q36-0,his,23474,23477,4,71,3,M_188,Other
189,pdnc,qID,Q38-0,you,23541,23544,0,73,3,M_189,Other
190,pdnc,qID,Q38-0,you,23550,23553,0,73,3,M_190,Other
191,pdnc,qID,Q39-0,you,23574,23577,4,74,3,M_191,Other
192,pdnc,qID,Q40-0,young man,23620,23629,4,75,3,M_192,Other
193,pdnc,qID,Q40-0,him,23693,23696,4,75,3,M_193,Other
194,pdnc,qID,Q40-0,him,23755,23758,4,75,3,M_194,Other
195,pdnc,qID,Q40-0,madam,23768,23773,0,75,3,M_195,Other
196,pdnc,qID,Q40-0,you,23792,23795,0,75,3,M_196,Other
197,pdnc,qID,Q42-0,you,23851,23854,0,77,3,M_197,Other
198,pdnc,qID,Q42-0,you,23909,23912,0,77,3,M_198,Other
199,pdnc,qID,Q42-0,your ,23997,24002,0,77,3,M_199,Other
200,pdnc,qID,Q42-0,your,24045,24049,0,77,3,M_200,Other
201,pdnc,qID,Q42-0,your,24217,24221,0,77,3,M_201,Other
202,pdnc,qID,Q42-0,your,24284,24288,0,77,3,M_202,Other
203,pdnc,qID,Q42-0,your,24313,24317,0,77,3,M_203,Other
204,pdnc,qID,Q42-0,My dear madam,24412,24425,0,77,3,M_204,Other
205,pdnc,qID,Q42-0,you,24473,24476,0,77,3,M_205,Other
206,exp,exp_name,catherine,Catherine,24880,24889,0,78,3,M_206,PROPN
207,pdnc,qID,Q47-0,You,25399,25402,4,82,3,M_207,Other
208,exp,exp_name,mrs. allen,Mrs. Allen,25731,25741,13,84,3,M_208,PROPN
209,pdnc,qID,Q49-0,My dear Catherine,25744,25761,0,84,3,M_209,Other
210,booknlp,COREF,91,she,25769,25772,13,84,3,M_210,Other
211,booknlp,COREF,91,my,25799,25801,13,84,3,M_211,Other
212,booknlp,COREF,91,I,25810,25811,13,84,3,M_212,Other
213,booknlp,COREF,91,I,25850,25851,13,84,3,M_213,Other
214,booknlp,COREF,98,I,25980,25981,4,85,3,M_214,Other
215,pdnc,qID,Q50-0,madam,26006,26011,13,85,3,M_215,Other
216,exp,exp_name,mr. tilney,Mr. Tilney,26019,26029,4,85,3,M_216,PROPN
217,pdnc,qID,Q51-0,you,26059,26062,4,86,3,M_217,Other
218,pdnc,qID,Q51-0,sir,26083,26086,4,86,3,M_218,PROPN
219,booknlp,COREF,91,I,26110,26111,13,87,3,M_219,Other
220,booknlp,COREF,91,my,26123,26125,13,87,3,M_220,Other
221,booknlp,COREF,91,my,26184,26186,13,87,3,M_221,Other
222,booknlp,COREF,91,me,26212,26214,13,87,3,M_222,Other
223,booknlp,COREF,91,I,26240,26241,13,87,3,M_223,Other
224,pdnc,qID,Q52-0,her,26257,26260,1,87,3,M_224,Other
225,booknlp,COREF,91,I,26351,26352,13,87,3,M_225,Other
226,exp,exp_name,mrs. allen,Mrs. Allen,26420,26430,13,88,3,M_226,PROPN
227,booknlp,COREF,98,his,26451,26454,4,88,3,M_227,Other
228,booknlp,COREF,91,she,26522,26525,13,88,3,M_228,Other
229,booknlp,COREF,91,I,26528,26529,13,88,3,M_229,Other
230,pdnc,qID,Q53-1,Mr. Allen,26544,26553,10,88,3,M_230,PROPN
231,booknlp,COREF,91,my,26569,26571,13,88,3,M_231,Other
232,pdnc,qID,Q53-1,You,26592,26595,4,88,3,M_232,Other
233,booknlp,COREF,98,your,26623,26627,4,88,3,M_233,Other
234,pdnc,qID,Q53-1,sir,26636,26639,4,88,3,M_234,PROPN
235,booknlp,COREF,91,I,26644,26645,13,89,3,M_235,Other
236,booknlp,COREF,91,I,26651,26652,13,89,3,M_236,Other
237,pdnc,qID,Q54-0,madam,26657,26662,13,89,3,M_237,Other
238,pdnc,qID,Q55-0,sir,26677,26680,4,90,3,M_238,PROPN
239,pdnc,qID,Q55-0,you,26690,26693,4,90,3,M_239,Other
240,pdnc,qID,Q55-0,Miss Morland s,26703,26717,0,90,3,M_240,Other
241,pdnc,qID,Q56-0,madam,26746,26751,13,91,3,M_241,Other
242,booknlp,COREF,98,he,26759,26761,4,91,3,M_242,Other
243,booknlp,COREF,98,I,26790,26791,4,91,3,M_243,Other
244,booknlp,COREF,98,I,26824,26825,4,91,3,M_244,Other
245,pdnc,qID,Q57-0,you,26861,26864,4,92,3,M_245,Other
246,exp,exp_name,catherine,Catherine,26872,26881,0,92,3,M_246,PROPN
247,booknlp,COREF,91,I,26935,26936,13,93,3,M_247,Other
248,pdnc,qID,Q58-0,your,26949,26953,4,93,3,M_248,Other
249,pdnc,qID,Q58-0,sir,26963,26966,4,93,3,M_249,PROPN
250,exp,exp_name,mrs. allen,Mrs. Allen,26977,26987,13,93,3,M_250,PROPN
251,booknlp,COREF,91,I,26997,26998,13,93,3,M_251,Other
252,pdnc,qID,Q58-1,Miss Morland,27004,27016,0,93,3,M_252,PROPN
253,pdnc,qID,Q58-1,she,27022,27025,0,93,3,M_253,Other
254,pdnc,qID,Q59-0,you,27049,27052,13,94,3,M_254,Other
255,pdnc,qID,Q59-0,madam,27059,27064,13,94,3,M_255,Other
256,pdnc,qID,Q59-0,Miss Morland,27112,27124,0,94,3,M_256,PROPN
257,booknlp,COREF,98,I,27232,27233,4,94,3,M_257,Other
258,pdnc,qID,Q59-0,my sister ,27245,27255,1,94,3,M_258,Other
259,pdnc,qID,Q59-0,she,27280,27283,1,94,3,M_259,Other
260,pdnc,qID,Q59-0,she,27325,27328,1,94,3,M_260,Other
261,pdnc,qID,Q60-0,sir,27403,27406,4,95,3,M_261,PROPN
262,pdnc,qID,Q60-0,Mr. Allen,27577,27586,10,95,3,M_262,PROPN
263,exp,exp_name,mr. tilney,Mr. Tilney,27783,27793,4,96,3,M_263,PROPN
264,booknlp,COREF,98,him,27862,27865,4,96,3,M_264,Other
265,exp,exp_name,catherine,Catherine,27922,27931,0,96,3,M_265,PROPN
266,booknlp,COREF,98,he,27981,27983,4,96,3,M_266,Other
267,booknlp,COREF,98,himself,27993,28000,4,96,3,M_267,Other
268,pdnc,qID,Q61-0,you,28057,28060,0,96,3,M_268,Other
269,booknlp,COREF,98,he,28093,28095,4,96,3,M_269,Other
270,pdnc,qID,Q61-1,your partner,28142,28154,4,96,3,M_270,Other
271,booknlp,COREF,98,I,28156,28157,4,96,3,M_271,Other
272,pdnc,qID,Q61-1,your,28196,28200,0,96,3,M_272,Other
273,exp,exp_name,catherine,Catherine,28237,28246,0,97,3,M_273,PROPN
274,booknlp,COREF,98,I,28344,28345,4,98,3,M_274,Other
275,pdnc,qID,Q63-0,you,28378,28381,0,98,3,M_275,Other
276,booknlp,COREF,98,me,28396,28398,4,98,3,M_276,Other
277,pdnc,qID,Q65-0,you,28435,28438,0,100,3,M_277,Other
278,booknlp,COREF,98,I,28480,28481,4,100,3,M_278,Other
279,pdnc,qID,Q65-0,you,28505,28508,0,100,3,M_279,Other
280,exp,exp_name,mr. tilney,Mr. Tilney,29281,29291,4,101,3,M_280,PROPN
281,exp,exp_name,mr. allen,Mr. Allen,29353,29362,10,101,3,M_281,PROPN
282,exp,exp_name,mr. tilney,Mr. Tilney,29577,29587,4,101,3,M_282,PROPN
283,exp,exp_name,catherine,Catherine,29780,29789,0,104,4,M_283,PROPN
284,exp,exp_name,mr. tilney,Mr. Tilney,29860,29870,4,104,4,M_284,PROPN
285,booknlp,COREF,98,him,29925,29928,4,104,4,M_285,Other
286,exp,exp_name,mr. tilney,Mr. Tilney,29969,29979,4,104,4,M_286,PROPN
287,booknlp,COREF,98,himself,30027,30034,4,104,4,M_287,Other
288,booknlp,COREF,98,he,30250,30252,4,104,4,M_288,Other
289,exp,exp_name,mrs. allen,Mrs. Allen,30310,30320,13,104,4,M_289,PROPN
290,exp,exp_name,mrs. allen,Mrs. Allen,30525,30535,13,105,4,M_290,PROPN
291,booknlp,COREF,91,she,30758,30761,13,105,4,M_291,Other
292,booknlp,COREF,91,she,30856,30859,13,105,4,M_292,Other
293,booknlp,COREF,91,her,30939,30942,13,105,4,M_293,Other
294,booknlp,COREF,91,her,30968,30971,13,105,4,M_294,Other
295,booknlp,COREF,91,her,31015,31018,13,105,4,M_295,Other
296,pdnc,qID,Q67-0,madam,31069,31074,13,105,4,M_296,Other
297,pdnc,qID,Q67-0,you,31151,31154,13,105,4,M_297,Other
298,pdnc,qID,Q67-0,your,31167,31171,13,105,4,M_298,Other
299,booknlp,COREF,91,Allen,31177,31182,13,105,4,M_299,PROPN
300,booknlp,COREF,91,hers,31252,31256,13,105,4,M_300,Other
301,exp,exp_name,thorpe,Thorpe,31263,31269,7,105,4,M_301,PROPN
302,exp,exp_name,mrs. allen,Mrs. Allen,31275,31285,13,105,4,M_302,PROPN
303,booknlp,COREF,91,she,31366,31369,13,105,4,M_303,Other
304,exp,exp_name,mrs. thorpe,Mrs. Thorpe,32036,32047,16,105,4,M_304,PROPN
305,exp,exp_name,mrs. allen,Mrs. Allen,32100,32110,13,105,4,M_305,PROPN
306,exp,exp_name,john,John,32281,32285,7,105,4,M_306,PROPN
307,exp,exp_name,mrs. allen,Mrs. Allen,32458,32468,13,105,4,M_307,PROPN
308,booknlp,COREF,91,her,32574,32577,13,105,4,M_308,Other
309,booknlp,COREF,91,herself,32672,32679,13,105,4,M_309,Other
310,booknlp,COREF,91,her,32716,32719,13,105,4,M_310,Other
311,exp,exp_name,mrs. thorpe,Mrs. Thorpe,32757,32768,16,105,4,M_311,PROPN
312,booknlp,COREF,91,her,32815,32818,13,105,4,M_312,Other
313,pdnc,qID,Q68-0,my dear girls,32836,32849,5,106,4,M_313,Other
314,exp,exp_name,mrs. thorpe,Mrs. Thorpe,32858,32869,16,106,4,M_314,PROPN
315,pdnc,qID,Q68-1,My dear Mrs. Allen,32959,32977,13,106,4,M_315,Other
316,pdnc,qID,Q68-1,them,32999,33003,5,106,4,M_316,Other
317,pdnc,qID,Q68-1,they,33005,33009,5,106,4,M_317,Other
318,pdnc,qID,Q68-1,you,33038,33041,13,106,4,M_318,Other
319,pdnc,qID,Q68-1,Isabella,33058,33066,5,106,4,M_319,Other
320,pdnc,qID,Q68-1,she,33086,33089,5,106,4,M_320,Other
321,pdnc,qID,Q68-1,Isabella ,33162,33171,5,106,4,M_321,PROPN
322,exp,exp_name,miss morland,Miss Morland,33230,33242,0,107,4,M_322,PROPN
323,pdnc,qID,Q69-0,her brother,33466,33477,6,107,4,M_323,Other
324,pdnc,qID,Q69-0,Miss Morland,33478,33490,0,107,4,M_324,PROPN
325,pdnc,qID,Q70-0,him,33518,33521,6,108,4,M_325,Other
326,pdnc,qID,Q70-1,her,33573,33576,0,108,4,M_326,Other
327,exp,exp_name,catherine,Catherine,33667,33676,0,108,4,M_327,PROPN
328,exp,exp_name,mrs. thorpe,Mrs. Thorpe,33696,33707,16,108,4,M_328,PROPN
329,exp,exp_name,james morland,James Morland,33788,33801,6,108,4,M_329,PROPN
330,exp,exp_name,thorpe,Thorpe,33931,33937,7,108,4,M_330,PROPN
331,exp,exp_name,catherine,Catherine,34255,34264,0,109,4,M_331,PROPN
332,exp,exp_name,miss thorpe,Miss Thorpe,34436,34447,5,109,4,M_332,PROPN
333,exp,exp_name,catherine,Catherine,34490,34499,0,109,4,M_333,PROPN
334,exp,exp_name,mr. tilney,Mr. Tilney,34578,34588,4,109,4,M_334,PROPN
335,exp,exp_name,miss thorpe,Miss Thorpe,34609,34620,5,109,4,M_335,PROPN
336,exp,exp_name,miss thorpe,Miss Thorpe,34906,34917,5,110,4,M_336,PROPN
337,exp,exp_name,miss morland,Miss Morland,34956,34968,0,110,4,M_337,PROPN
338,exp,exp_name,catherine,Catherine,35439,35448,0,110,4,M_338,PROPN
339,exp,exp_name,miss thorpe,Miss Thorpe,35598,35609,5,110,4,M_339,PROPN
340,exp,exp_name,miss thorpe,Miss Thorpe,35915,35926,5,110,4,M_340,PROPN
341,exp,exp_name,miss morland,Miss Morland,35944,35956,0,110,4,M_341,PROPN
342,exp,exp_name,mr. allen,Mr. Allen,35977,35986,10,110,4,M_342,PROPN
343,exp,exp_name,catherine,Catherine,36244,36253,0,110,4,M_343,PROPN
344,exp,exp_name,miss thorpe,Miss Thorpe,36294,36305,5,110,4,M_344,PROPN
345,exp,exp_name,mrs. thorpe,Mrs. Thorpe,36541,36552,16,111,4,M_345,PROPN
346,exp,exp_name,mrs. thorpe,Mrs. Thorpe,36955,36966,16,112,4,M_346,PROPN
347,exp,exp_name,catherine,Catherine,37262,37271,0,114,5,M_347,PROPN
348,exp,exp_name,miss thorpe,Miss Thorpe,37361,37372,5,114,5,M_348,PROPN
349,exp,exp_name,mr. tilney,Mr. Tilney,37472,37482,4,114,5,M_349,PROPN
350,exp,exp_name,mr. tilney,Mr. Tilney,37547,37557,4,114,5,M_350,PROPN
351,exp,exp_name,catherine,Catherine,38320,38329,0,115,5,M_351,PROPN
352,exp,exp_name,isabella,Isabella,38334,38342,5,115,5,M_352,PROPN
353,exp,exp_name,catherine,Catherine,38482,38491,0,115,5,M_353,PROPN
354,exp,exp_name,catherine,Catherine,39076,39085,0,115,5,M_354,PROPN
355,exp,exp_name,mrs. allen,Mrs. Allen,39281,39291,13,115,5,M_355,PROPN
356,exp,exp_name,isabella,Isabella,39521,39529,5,115,5,M_356,PROPN
357,exp,exp_name,catherine,Catherine,39650,39659,0,115,5,M_357,PROPN
358,exp,exp_name,catherine,Catherine,39870,39879,0,115,5,M_358,PROPN
359,exp,exp_name,mrs. allen,Mrs. Allen,40124,40134,13,116,5,M_359,PROPN
360,booknlp,COREF,91,She,40182,40185,13,116,5,M_360,Other
361,booknlp,COREF,91,herself,40398,40405,13,116,5,M_361,Other
362,booknlp,COREF,91,Her,40407,40410,13,116,5,M_362,Other
363,booknlp,COREF,91,I,40522,40523,13,116,5,M_363,Other
364,pdnc,qID,Q71-0,Mrs. Thorpe,40544,40555,16,116,5,M_364,PROPN
365,booknlp,COREF,91,she,40562,40565,13,116,5,M_365,Other
366,booknlp,COREF,91,her,40632,40635,13,116,5,M_366,Other
367,exp,exp_name,isabella,Isabella,40653,40661,5,116,5,M_367,PROPN
368,booknlp,COREF,91,she,40719,40722,13,116,5,M_368,Other
369,exp,exp_name,mrs. thorpe,Mrs. Thorpe,40760,40771,16,116,5,M_369,PROPN
370,exp,exp_name,mrs. thorpe,Mrs. Thorpe,40915,40926,16,116,5,M_370,PROPN
371,exp,exp_name,mrs. allen,Mrs. Allen,40963,40973,13,116,5,M_371,PROPN
372,exp,exp_name,catherine,Catherine,41028,41037,0,117,5,M_372,PROPN
373,exp,exp_name,isabella,Isabella,41042,41050,5,117,5,M_373,PROPN
374,exp,exp_name,isabella,Isabella,44846,44854,5,120,6,M_374,PROPN
375,pdnc,qID,Q72-0,My dearest creature,44940,44959,0,120,6,M_375,Other
376,pdnc,qID,Q72-0,you,44980,44983,0,120,6,M_376,Other
377,pdnc,qID,Q72-0,you,45017,45020,0,120,6,M_377,Other
378,pdnc,qID,Q73-0,you,45048,45051,5,121,6,M_378,Other
379,pdnc,qID,Q73-0,you,45158,45161,5,121,6,M_379,Other
380,pdnc,qID,Q74-0,you,45380,45383,0,122,6,M_380,Other
381,pdnc,qID,Q74-0,you,45549,45552,0,122,6,M_381,Other
382,pdnc,qID,Q74-0,you,45583,45586,0,122,6,M_382,Other
383,pdnc,qID,Q74-0,yours,45653,45658,0,122,6,M_383,Other
384,pdnc,qID,Q74-0, my dearest Catherine,45734,45755,0,122,6,M_384,Other
385,pdnc,qID,Q74-0,you,45767,45770,0,122,6,M_385,Other
386,pdnc,qID,Q74-0,you,45819,45822,0,122,6,M_386,Other
387,pdnc,qID,Q76-0,you,45934,45937,0,124,6,M_387,Other
388,pdnc,qID,Q76-0,you,45984,45987,0,124,6,M_388,Other
389,pdnc,qID,Q76-0,you,46041,46044,0,124,6,M_389,Other
390,pdnc,qID,Q77-0,you,46315,46318,5,125,6,M_390,Other
391,pdnc,qID,Q77-0,you,46347,46350,5,125,6,M_391,Other
392,pdnc,qID,Q78-0,Dear creature,46409,46422,0,126,6,M_392,Other
393,pdnc,qID,Q78-0,you,46449,46452,0,126,6,M_393,Other
394,pdnc,qID,Q78-0,you,46463,46466,0,126,6,M_394,Other
395,pdnc,qID,Q78-0,you,46595,46598,0,126,6,M_395,Other
396,pdnc,qID,Q79-0,you,46608,46611,5,127,6,M_396,Other
397,pdnc,qID,Q80-0,you,46670,46673,0,128,6,M_397,Other
398,pdnc,qID,Q81-0,you,46953,46956,5,129,6,M_398,Other
399,pdnc,qID,Q82-0,you,47145,47148,0,130,6,M_399,Other
400,pdnc,qID,Q82-0,you,47168,47171,0,130,6,M_400,Other
401,pdnc,qID,Q82-0,you,47243,47246,0,130,6,M_401,Other
402,pdnc,qID,Q83-0,you,47407,47410,5,131,6,M_402,Other
403,pdnc,qID,Q84-0,you,47881,47884,0,132,6,M_403,Other
404,pdnc,qID,Q84-0,you,47992,47995,0,132,6,M_404,Other
405,pdnc,qID,Q84-0,you,48063,48066,0,132,6,M_405,Other
406,exp,exp_name,catherine,Catherine,48152,48161,0,133,6,M_406,PROPN
407,pdnc,qID,Q85-1,you,48183,48186,5,133,6,M_407,Other
408,pdnc,qID,Q86-0,you,48205,48208,0,134,6,M_408,Other
409,pdnc,qID,Q86-0,you,48220,48223,0,134,6,M_409,Other
410,pdnc,qID,Q86-0,you,48373,48376,0,134,6,M_410,Other
411,pdnc,qID,Q86-0,young man,48423,48432,4,134,6,M_411,Other
412,pdnc,qID,Q86-0,you,48444,48447,0,134,6,M_412,Other
413,pdnc,qID,Q86-0,he,48471,48473,4,134,6,M_413,Other
414,pdnc,qID,Q86-0,you,48490,48493,0,134,6,M_414,Other
415,exp,exp_name,catherine,Catherine,48496,48505,0,134,6,M_415,PROPN
416,exp,exp_name,isabella,Isabella,48538,48546,5,134,6,M_416,PROPN
417,pdnc,qID,Q87-0,you,48611,48614,0,134,6,M_417,Other
418,pdnc,qID,Q87-0,you,48731,48734,0,134,6,M_418,Other
419,pdnc,qID,Q88-0,your,48761,48765,0,134,6,M_419,Other
420,pdnc,qID,Q88-0,your,49032,49036,0,134,6,M_420,Other
421,pdnc,qID,Q89-0,you,49054,49057,5,135,6,M_421,Other
422,pdnc,qID,Q89-0,Mr. Tilney,49113,49123,4,135,6,M_422,PROPN
423,pdnc,qID,Q89-0,him,49153,49156,4,135,6,M_423,Other
424,pdnc,qID,Q90-0,him,49175,49178,4,136,6,M_424,Other
425,pdnc,qID,Q90-0,My dearest creature,49186,49205,0,136,6,M_425,Other
426,pdnc,qID,Q90-0,you,49236,49239,0,136,6,M_426,Other
427,pdnc,qID,Q90-0,you,49262,49265,0,136,6,M_427,Other
428,pdnc,qID,Q91-0,him,49369,49372,4,137,6,M_428,Other
429,pdnc,qID,Q91-0,My dear Isabella,49482,49498,5,137,6,M_429,Other
430,pdnc,qID,Q92-0,you,49585,49588,0,138,6,M_430,Other
431,pdnc,qID,Q92-0,Mrs. Morland ,49642,49655,15,138,6,M_431,PROPN
432,pdnc,qID,Q93-0,she,49681,49684,15,139,6,M_432,Other
433,pdnc,qID,Q93-0,She,49695,49698,15,139,6,M_433,Other
434,booknlp,COREF,82,herself,49738,49745,15,139,6,M_434,Other
435,pdnc,qID,Q96-0,you,49999,50002,0,142,6,M_435,Other
436,pdnc,qID,Q96-0,You,50011,50014,0,142,6,M_436,Other
437,pdnc,qID,Q96-0,my dearest Catherine,50069,50089,0,142,6,M_437,Other
438,pdnc,qID,Q96-0,you,50096,50099,0,142,6,M_438,Other
439,pdnc,qID,Q96-0,your,50124,50128,0,142,6,M_439,Other
440,pdnc,qID,Q96-0,you,50200,50203,0,142,6,M_440,Other
441,pdnc,qID,Q96-0,you,50246,50249,0,142,6,M_441,Other
442,exp,exp_name,catherine,Catherine,50301,50310,0,143,6,M_442,PROPN
443,pdnc,qID,Q98-0,you,50444,50447,0,144,6,M_443,Other
444,pdnc,qID,Q100-0,you,50813,50816,0,146,6,M_444,Other
445,pdnc,qID,Q102-0,Catherine,51032,51041,0,148,6,M_445,PROPN
446,pdnc,qID,Q102-0,he,51059,51061,4,148,6,M_446,Other
447,pdnc,qID,Q102-0,your,51081,51085,0,148,6,M_447,Other
448,pdnc,qID,Q102-0,Mr. Tilney,51101,51111,4,148,6,M_448,PROPN
449,pdnc,qID,Q102-0,you,51240,51243,0,148,6,M_449,Other
450,pdnc,qID,Q102-0,You,51288,51291,0,148,6,M_450,Other
451,pdnc,qID,Q102-0,you,51315,51318,0,148,6,M_451,Other
452,pdnc,qID,Q103-0,you,51404,51407,5,149,6,M_452,Other
453,pdnc,qID,Q103-0,you,51417,51420,5,149,6,M_453,Other
454,exp,exp_name,catherine,Catherine,51514,51523,0,151,6,M_454,PROPN
455,pdnc,qID,Q105-0,you,51839,51842,0,151,6,M_455,Other
456,exp,exp_name,isabella,Isabella,52081,52089,5,152,6,M_456,PROPN
457,exp,exp_name,catherine,Catherine,52117,52126,0,152,6,M_457,PROPN
458,exp,exp_name,catherine,Catherine,52380,52389,0,154,6,M_458,PROPN
459,exp,exp_name,isabella,Isabella,52548,52556,5,155,6,M_459,PROPN
460,pdnc,qID,Q109-0,you,52730,52733,0,157,6,M_460,Other
461,pdnc,qID,Q109-0,You,52800,52803,0,157,6,M_461,Other
462,pdnc,qID,Q109-0,you,52809,52812,0,157,6,M_462,Other
463,exp,exp_name,catherine,Catherine,52838,52847,0,158,6,M_463,PROPN
464,pdnc,qID,Q111-0,you,53025,53028,0,159,6,M_464,Other
465,pdnc,qID,Q113-0,you,53180,53183,0,161,6,M_465,Other
466,exp,exp_name,catherine,Catherine,53272,53281,0,162,6,M_466,PROPN
467,exp,exp_name,miss thorpe,Miss Thorpe,53371,53382,5,162,6,M_467,PROPN
468,exp,exp_name,isabella,Isabella,54211,54219,5,164,7,M_468,PROPN
469,exp,exp_name,isabella,Isabella,54750,54758,5,165,7,M_469,PROPN
470,pdnc,qID,Q115-0,Mr. Morland,54903,54914,6,165,7,M_470,PROPN
471,pdnc,qID,Q115-0,my brother,54919,54929,7,165,7,M_471,Other
472,pdnc,qID,Q116-0,James,54952,54957,6,166,7,M_472,PROPN
473,exp,exp_name,catherine,Catherine,54994,55003,0,166,7,M_473,PROPN
474,exp,exp_name,catherine,Catherine,55246,55255,0,167,7,M_474,PROPN
475,exp,exp_name,miss thorpe,Miss Thorpe,55539,55550,5,167,7,M_475,PROPN
476,exp,exp_name,catherine,Catherine,55701,55710,0,167,7,M_476,PROPN
477,exp,exp_name,john thorpe,John Thorpe,55900,55911,7,168,7,M_477,PROPN
478,exp,exp_name,isabella,Isabella,56115,56123,5,168,7,M_478,PROPN
479,pdnc,qID,Q117-0,you,56509,56512,0,168,7,M_479,Other
480,pdnc,qID,Q117-0,Miss Morland,56557,56569,0,168,7,M_480,PROPN
481,exp,exp_name,thorpe,Thorpe,56685,56691,7,170,7,M_481,PROPN
482,exp,exp_name,morland,Morland,56729,56736,6,170,7,M_482,PROPN
483,pdnc,qID,Q122-0,You,57195,57198,7,171,7,M_483,Other
484,exp,exp_name,morland,Morland,57224,57231,6,171,7,M_484,PROPN
485,pdnc,qID,Q123-0,This brother of yours,57354,57375,6,172,7,M_485,Other
486,pdnc,qID,Q123-0,Miss Morland,57412,57424,0,172,7,M_486,PROPN
487,pdnc,qID,Q123-0,you,57455,57458,0,172,7,M_487,Other
488,pdnc,qID,Q123-0,your,57499,57503,0,172,7,M_488,Other
489,pdnc,qID,Q124-0,you,57714,57717,0,172,7,M_489,Other
490,pdnc,qID,Q126-0,you,57988,57991,0,174,7,M_490,Other
491,pdnc,qID,Q126-0, Miss Morland,58008,58021,0,174,7,M_491,Other
492,pdnc,qID,Q126-0,Thorpe,58480,58486,7,174,7,M_492,Other
493,pdnc,qID,Q126-0,you,58502,58505,7,174,7,M_493,Other
494,pdnc,qID,Q126-0,you,58681,58684,0,174,7,M_494,Other
495,pdnc,qID,Q126-0,Miss Morland,58699,58711,0,174,7,M_495,PROPN
496,pdnc,qID,Q128-0,you,58767,58770,0,176,7,M_496,Other
497,pdnc,qID,Q128-0,you,58846,58849,0,176,7,M_497,Other
498,exp,exp_name,catherine,Catherine,59030,59039,0,177,7,M_498,PROPN
499,pdnc,qID,Q131-0,you,59278,59281,7,179,7,M_499,Other
500,exp,exp_name,catherine,Catherine,59289,59298,0,179,7,M_500,PROPN
501,exp,exp_name,mrs. thorpe,Mrs. Thorpe,59631,59642,16,181,7,M_501,PROPN
502,exp,exp_name,james,James,59644,59649,6,181,7,M_502,PROPN
503,exp,exp_name,isabella,Isabella,59654,59662,5,181,7,M_503,PROPN
504,exp,exp_name,john thorpe,John Thorpe,60120,60131,7,182,7,M_504,PROPN
505,exp,exp_name,catherine,Catherine,60152,60161,0,182,7,M_505,PROPN
506,booknlp,COREF,103,his,60229,60232,7,182,7,M_506,Other
507,pdnc,qID,Q133-0,You,60239,60242,0,182,7,M_507,Other
508,pdnc,qID,Q133-0,Miss Morland,60263,60275,0,182,7,M_508,PROPN
509,booknlp,COREF,103,I,60332,60333,7,182,7,M_509,Other
510,booknlp,COREF,103,me,60411,60413,7,182,7,M_510,Other
511,pdnc,qID,Q133-0,Morland,60429,60436,6,182,7,M_511,PROPN
512,booknlp,COREF,103,me,60446,60448,7,182,7,M_512,Other
513,exp,exp_name,morland,Morland,60476,60483,6,183,7,M_513,PROPN
514,pdnc,qID,Q134-1,you,60510,60513,7,183,7,M_514,Other
515,booknlp,COREF,103,My,60554,60556,7,184,7,M_515,Other
516,booknlp,COREF,103,I,60576,60577,7,184,7,M_516,Other
517,booknlp,COREF,103,my,60593,60595,7,184,7,M_517,Other
518,pdnc,qID,Q135-0,you,60621,60624,0,184,7,M_518,Other
519,pdnc,qID,Q135-0,Miss Morland,60651,60663,0,184,7,M_519,PROPN
520,booknlp,COREF,103,I,60767,60768,7,186,7,M_520,Other
521,booknlp,COREF,103,I,60784,60785,7,186,7,M_521,Other
522,pdnc,qID,Q137-0,you,60797,60800,0,186,7,M_522,Other
523,booknlp,COREF,103,mine,60808,60812,7,186,7,M_523,Other
524,pdnc,qID,Q138-0,you,60833,60836,7,187,7,M_524,Other
525,exp,exp_name,catherine,Catherine,60844,60853,0,187,7,M_525,PROPN
526,booknlp,COREF,103,I,60933,60934,7,188,7,M_526,Other
527,pdnc,qID,Q139-0,you,60946,60949,0,188,7,M_527,Other
528,pdnc,qID,Q140-0,you,60986,60989,7,189,7,M_528,Other
529,booknlp,COREF,103,I,61174,61175,7,190,7,M_529,Other
530,booknlp,COREF,103,I,61241,61242,7,190,7,M_530,Other
531,pdnc,qID,Q142-0,you,61261,61264,7,191,7,M_531,Other
532,exp,exp_name,catherine,Catherine,61279,61288,0,191,7,M_532,PROPN
533,booknlp,COREF,103,I,61369,61370,7,192,7,M_533,Other
534,booknlp,COREF,103,I,61383,61384,7,192,7,M_534,Other
535,pdnc,qID,Q143-0,you,61396,61399,0,192,7,M_535,Other
536,booknlp,COREF,103,I,61428,61429,7,192,7,M_536,Other
537,exp,exp_name,isabella,Isabella,61481,61489,5,193,7,M_537,PROPN
538,pdnc,qID,Q144-1,My dearest Catherine,61507,61527,0,193,7,M_538,Other
539,pdnc,qID,Q144-1,you,61542,61545,0,193,7,M_539,Other
540,pdnc,qID,Q144-1,brother,61564,61571,7,193,7,M_540,Other
541,pdnc,qID,Q144-1,you,61573,61576,7,193,7,M_541,Other
542,pdnc,qID,Q145-0,my sisters,61668,61678,5,194,7,M_542,Other
543,pdnc,qID,Q145-0,Morland,61720,61727,6,194,7,M_543,PROPN
544,pdnc,qID,Q145-0,you,61746,61749,5,194,7,M_544,Other
545,exp,exp_name,catherine,Catherine,61821,61830,0,195,7,M_545,PROPN
546,exp,exp_name,catherine,Catherine,62059,62068,0,195,7,M_546,PROPN
547,pdnc,qID,Q146-0,Mr. Thorpe,62468,62478,7,195,7,M_547,PROPN
548,exp,exp_name,catherine,Catherine,62561,62570,0,197,7,M_548,PROPN
549,pdnc,qID,Q149-0,you,62904,62907,7,198,7,M_549,Other
550,pdnc,qID,Q149-0,you,62930,62933,7,198,7,M_550,Other
551,exp,exp_name,catherine,Catherine,63178,63187,0,200,7,M_551,PROPN
552,pdnc,qID,Q153-0,you,63434,63437,7,202,7,M_552,Other
553,pdnc,qID,Q156-0,You,63809,63812,0,205,7,M_553,Other
554,pdnc,qID,Q156-0,you,63835,63838,0,205,7,M_554,Other
555,pdnc,qID,Q156-0,you,63869,63872,0,205,7,M_555,Other
556,exp,exp_name,catherine,Catherine,64075,64084,0,206,7,M_556,PROPN
557,exp,exp_name,mrs. thorpe,Mrs. Thorpe,64114,64125,16,206,7,M_557,PROPN
558,exp,exp_name,mrs. thorpe,Mrs. Thorpe,64282,64293,16,206,7,M_558,PROPN
559,pdnc,qID,Q157-0,Mother,64350,64356,16,206,7,M_559,Other
560,pdnc,qID,Q157-0,you,64365,64368,16,206,7,M_560,Other
561,pdnc,qID,Q157-1,you,64433,64436,16,206,7,M_561,Other
562,pdnc,qID,Q157-1,you,64470,64473,16,206,7,M_562,Other
563,pdnc,qID,Q157-1,Morland,64506,64513,6,206,7,M_563,PROPN
564,pdnc,qID,Q157-1,you,64549,64552,16,206,7,M_564,Other
565,pdnc,qID,Q157-1,you,64557,64560,16,206,7,M_565,Other
566,exp,exp_name,catherine,Catherine,64974,64983,0,207,7,M_566,PROPN
567,exp,exp_name,james,James,64996,65001,6,207,7,M_567,PROPN
568,exp,exp_name,isabella,Isabella,65015,65023,5,207,7,M_568,PROPN
569,exp,exp_name,isabella,Isabella,65078,65086,5,207,7,M_569,PROPN
570,exp,exp_name,john,John,65147,65151,7,207,7,M_570,PROPN
571,exp,exp_name,john,John,65208,65212,7,207,7,M_571,PROPN
572,booknlp,COREF,103,him,65261,65264,7,207,7,M_572,Other
573,exp,exp_name,mr. allen,Mr. Allen,65680,65689,10,207,7,M_573,PROPN
574,exp,exp_name,james,James,65697,65702,6,207,7,M_574,PROPN
575,pdnc,qID,Q158-0,Catherine,65749,65758,0,207,7,M_575,PROPN
576,pdnc,qID,Q158-0,you,65767,65770,0,207,7,M_576,Other
577,pdnc,qID,Q158-0,Thorpe,65786,65792,7,207,7,M_577,Other
578,booknlp,COREF,103,him,65923,65926,7,207,7,M_578,Other
579,pdnc,qID,Q159-0,him,65966,65969,7,207,7,M_579,Other
580,pdnc,qID,Q159-0,he,65981,65983,7,207,7,M_580,Other
581,pdnc,qID,Q160-0,He,66009,66011,7,208,7,M_581,Other
582,pdnc,qID,Q160-0,him,66101,66104,7,208,7,M_582,Other
583,pdnc,qID,Q160-0,you,66140,66143,0,208,7,M_583,Other
584,pdnc,qID,Q161-0,Isabella,66200,66208,5,209,7,M_584,Other
585,pdnc,qID,Q162-0,you,66249,66252,0,210,7,M_585,Other
586,pdnc,qID,Q162-0,she,66261,66264,5,210,7,M_586,Other
587,pdnc,qID,Q162-0,you,66317,66320,0,210,7,M_587,Other
588,pdnc,qID,Q162-0,she,66334,66337,5,210,7,M_588,Other
589,pdnc,qID,Q162-0,you,66423,66426,0,210,7,M_589,Other
590,pdnc,qID,Q162-0,her,66435,66438,5,210,7,M_590,Other
591,pdnc,qID,Q162-0,she,66444,66447,5,210,7,M_591,Other
592,pdnc,qID,Q162-0,you,66467,66470,0,210,7,M_592,Other
593,pdnc,qID,Q162-0,She,66472,66475,5,210,7,M_593,Other
594,pdnc,qID,Q162-0,Miss Thorpe,66572,66583,5,210,7,M_594,PROPN
595,pdnc,qID,Q162-0,you,66589,66592,0,210,7,M_595,Other
596,pdnc,qID,Q162-0,Catherine,66594,66603,0,210,7,M_596,PROPN
597,pdnc,qID,Q164-1,you,66741,66744,6,211,7,M_597,Other
598,pdnc,qID,Q164-1,You,66759,66762,6,211,7,M_598,Other
599,pdnc,qID,Q164-1,her,66792,66795,0,211,7,M_599,Other
600,pdnc,qID,Q164-1,you,66801,66804,6,211,7,M_600,Other
601,pdnc,qID,Q164-1,your,66823,66827,6,211,7,M_601,Other
602,pdnc,qID,Q165-0,you,66880,66883,0,212,7,M_602,Other
603,pdnc,qID,Q165-0,you,66899,66902,0,212,7,M_603,Other
604,pdnc,qID,Q165-0,you,66939,66942,0,212,7,M_604,Other
605,pdnc,qID,Q165-0,She,66956,66959,5,212,7,M_605,Other
606,pdnc,qID,Q165-0,her,67046,67049,5,212,7,M_606,Other
607,pdnc,qID,Q165-0,she,67051,67054,5,212,7,M_607,Other
608,pdnc,qID,Q165-0,she,67104,67107,5,212,7,M_608,Other
609,pdnc,qID,Q165-0,she,67155,67158,5,212,7,M_609,Other
610,pdnc,qID,Q166-0,Mr. Allen,67195,67204,10,213,7,M_610,PROPN
611,pdnc,qID,Q166-0,her,67212,67215,5,213,7,M_611,Other
612,pdnc,qID,Q167-0,he,67258,67260,10,214,7,M_612,Other
613,pdnc,qID,Q167-0,Mr. Allen,67330,67339,10,214,7,M_613,PROPN
614,pdnc,qID,Q167-0,you,67356,67359,0,214,7,M_614,Other
615,pdnc,qID,Q167-0,you,67368,67371,0,214,7,M_615,Other
616,pdnc,qID,Q167-0,my dear Catherine,67388,67405,0,214,7,M_616,Other
617,pdnc,qID,Q167-0,Isabella Thorpe,67443,67458,5,214,7,M_617,PROPN
618,pdnc,qID,Q167-0,you,67487,67490,0,214,7,M_618,Other
619,pdnc,qID,Q167-0,you,67552,67555,0,214,7,M_619,Other
620,pdnc,qID,Q168-0,you,67613,67616,6,215,7,M_620,Other
621,pdnc,qID,Q168-0,you,67682,67685,6,215,7,M_621,Other
622,exp,exp_name,james,James,67727,67732,6,216,7,M_622,PROPN
623,pdnc,qID,Q169-0,Catherine,67863,67872,0,216,7,M_623,PROPN
624,pdnc,qID,Q169-0,you,67881,67884,0,216,7,M_624,Other
625,exp,exp_name,james,James,68103,68108,6,217,7,M_625,PROPN
626,exp,exp_name,miss thorpe,Miss Thorpe,68130,68141,5,217,7,M_626,PROPN
627,exp,exp_name,mrs. allen,Mrs. Allen,68231,68241,13,217,7,M_627,PROPN
628,exp,exp_name,catherine,Catherine,68635,68644,0,217,7,M_628,PROPN
629,exp,exp_name,mrs. allen,Mrs. Allen,68827,68837,13,217,7,M_629,PROPN
630,exp,exp_name,james morland,James Morland,69173,69186,6,219,8,M_630,PROPN
631,exp,exp_name,isabella,Isabella,69232,69240,5,219,8,M_631,PROPN
632,exp,exp_name,james,James,69690,69695,6,220,8,M_632,PROPN
633,exp,exp_name,isabella,Isabella,69773,69781,5,220,8,M_633,PROPN
634,exp,exp_name,john,John,69799,69803,7,220,8,M_634,PROPN
635,exp,exp_name,catherine,Catherine,69931,69940,0,220,8,M_635,PROPN
636,pdnc,qID,Q170-1,your dear sister,70016,70032,0,220,8,M_636,Other
637,exp,exp_name,catherine,Catherine,70118,70127,0,220,8,M_637,PROPN
638,exp,exp_name,isabella,Isabella,70230,70238,5,220,8,M_638,PROPN
639,exp,exp_name,james,James,70264,70269,6,220,8,M_639,PROPN
640,pdnc,qID,Q171-0,My dear creature,70339,70355,0,220,8,M_640,Other
641,pdnc,qID,Q171-0,you,70382,70385,0,220,8,M_641,Other
642,pdnc,qID,Q171-0,your brother,70387,70399,6,220,8,M_642,Other
643,pdnc,qID,Q171-0,you,70443,70446,0,220,8,M_643,Other
644,pdnc,qID,Q171-0,John,70491,70495,7,220,8,M_644,PROPN
645,pdnc,qID,Q171-0,you,70531,70534,0,220,8,M_645,Other
646,exp,exp_name,catherine,Catherine,70560,70569,0,220,8,M_646,PROPN
647,exp,exp_name,isabella,Isabella,70676,70684,5,220,8,M_647,PROPN
648,pdnc,qID,Q172-0,my dear love,70746,70758,0,220,8,M_648,Other
649,exp,exp_name,catherine,Catherine,70831,70840,0,220,8,M_649,PROPN
650,exp,exp_name,mrs. thorpe,Mrs. Thorpe,70866,70877,16,220,8,M_650,PROPN
651,exp,exp_name,mrs. allen,Mrs. Allen,70882,70892,13,220,8,M_651,PROPN
652,exp,exp_name,mr. thorpe,Mr. Thorpe,70981,70991,12,220,8,M_652,PROPN
653,exp,exp_name,catherine,Catherine,71575,71584,0,220,8,M_653,PROPN
654,exp,exp_name,mr. thorpe,Mr. Thorpe,71765,71775,12,221,8,M_654,PROPN
655,exp,exp_name,mr. tilney,Mr. Tilney,71781,71791,4,221,8,M_655,PROPN
656,booknlp,COREF,98,he,71841,71843,4,221,8,M_656,Other
657,booknlp,COREF,98,he,71878,71880,4,221,8,M_657,Other
658,booknlp,COREF,98,his,71943,71946,4,221,8,M_658,Other
659,exp,exp_name,catherine,Catherine,71977,71986,0,221,8,M_659,PROPN
660,booknlp,COREF,98,He,72040,72042,4,221,8,M_660,Other
661,booknlp,COREF,98,his,72179,72182,4,221,8,M_661,Other
662,exp,exp_name,catherine,Catherine,72197,72206,0,221,8,M_662,PROPN
663,booknlp,COREF,98,his,72233,72236,4,221,8,M_663,Other
664,booknlp,COREF,98,him,72311,72314,4,221,8,M_664,Other
665,exp,exp_name,mr. tilney,Mr. Tilney,72446,72456,4,221,8,M_665,PROPN
666,booknlp,COREF,98,he,72475,72477,4,221,8,M_666,Other
667,booknlp,COREF,98,he,72495,72497,4,221,8,M_667,Other
668,booknlp,COREF,98,he,72562,72564,4,221,8,M_668,Other
669,booknlp,COREF,98,he,72597,72599,4,221,8,M_669,Other
670,booknlp,COREF,98,his,72685,72688,4,221,8,M_670,Other
671,booknlp,COREF,98,his,72711,72714,4,221,8,M_671,Other
672,exp,exp_name,mrs. allen,Mrs. Allen,72803,72813,13,221,8,M_672,PROPN
673,exp,exp_name,catherine,Catherine,72823,72832,0,221,8,M_673,PROPN
674,exp,exp_name,mr. tilney,Mr. Tilney,72928,72938,4,222,8,M_674,PROPN
675,booknlp,COREF,98,his,72943,72946,4,222,8,M_675,Other
676,exp,exp_name,mrs. thorpe,Mrs. Thorpe,73057,73068,16,222,8,M_676,PROPN
677,exp,exp_name,catherine,Catherine,73159,73168,0,222,8,M_677,PROPN
678,exp,exp_name,mr. tilney,Mr. Tilney,73179,73189,4,222,8,M_678,PROPN
679,booknlp,COREF,98,him,73221,73224,4,222,8,M_679,Other
680,booknlp,COREF,98,he,73325,73327,4,222,8,M_680,Other
681,exp,exp_name,mrs. allen,Mrs. Allen,73350,73360,13,222,8,M_681,PROPN
682,booknlp,COREF,98,he,73370,73372,4,222,8,M_682,Other
683,booknlp,COREF,98,I,73405,73406,4,222,8,M_683,Other
684,pdnc,qID,Q173-0,you,73428,73431,4,222,8,M_684,Other
685,pdnc,qID,Q173-0,sir,73439,73442,4,222,8,M_685,PROPN
686,booknlp,COREF,98,I,73452,73453,4,222,8,M_686,Other
687,pdnc,qID,Q173-0,you,73465,73468,4,222,8,M_687,Other
688,booknlp,COREF,98,He,73485,73487,4,222,8,M_688,Other
689,booknlp,COREF,98,he,73529,73531,4,222,8,M_689,Other
690,booknlp,COREF,98,his,73585,73588,4,222,8,M_690,Other
691,pdnc,qID,Q174-0,sir,73636,73639,4,223,8,M_691,PROPN
692,booknlp,COREF,98,I,73645,73646,4,223,8,M_692,Other
693,pdnc,qID,Q174-0,you,73656,73659,4,223,8,M_693,Other
694,booknlp,COREF,98,I,73769,73770,4,223,8,M_694,Other
695,pdnc,qID,Q174-0,Mr. Allen,73776,73785,10,223,8,M_695,PROPN
696,pdnc,qID,Q174-0,he,73792,73794,10,223,8,M_696,Other
697,booknlp,COREF,98,I,73827,73828,4,223,8,M_697,Other
698,pdnc,qID,Q174-0,he,73837,73839,10,223,8,M_698,Other
699,booknlp,COREF,98,I,73972,73973,4,223,8,M_699,Other
700,pdnc,qID,Q174-0,him,73979,73982,10,223,8,M_700,Other
701,pdnc,qID,Q174-0,he,73983,73985,10,223,8,M_701,Other
702,pdnc,qID,Q174-0,his,74023,74026,10,223,8,M_702,Other
703,pdnc,qID,Q175-0,madam,74050,74055,13,224,8,M_703,Other
704,pdnc,qID,Q175-0,Mr. Allen,74062,74071,10,224,8,M_704,PROPN
705,pdnc,qID,Q175-0,him,74137,74140,10,224,8,M_705,Other
706,pdnc,qID,Q176-0,you,74151,74154,4,225,8,M_706,Other
707,pdnc,qID,Q176-0,sir,74156,74159,4,225,8,M_707,PROPN
708,booknlp,COREF,98,I,74161,74162,4,225,8,M_708,Other
709,pdnc,qID,Q176-0,he,74182,74184,10,225,8,M_709,Other
710,booknlp,COREF,98,I,74411,74412,4,227,8,M_710,Other
711,pdnc,qID,Q178-0,Mr. Allen,74418,74427,10,227,8,M_711,PROPN
712,pdnc,qID,Q178-0,he,74428,74430,10,227,8,M_712,Other
713,exp,exp_name,mrs. thorpe,Mrs. Thorpe,74514,74525,16,228,8,M_713,PROPN
714,exp,exp_name,mrs. allen,Mrs. Allen,74529,74539,13,228,8,M_714,PROPN
715,exp,exp_name,mrs. hughes,Mrs. Hughes,74585,74596,14,228,8,M_715,PROPN
716,exp,exp_name,miss tilney,Miss Tilney,74601,74612,1,228,8,M_716,PROPN
717,exp,exp_name,mr. tilney,Mr. Tilney,74692,74702,4,228,8,M_717,PROPN
718,booknlp,COREF,98,he,74782,74784,4,228,8,M_718,Other
719,exp,exp_name,catherine,Catherine,74791,74800,0,228,8,M_719,PROPN
720,booknlp,COREF,98,him,74815,74818,4,228,8,M_720,Other
721,exp,exp_name,thorpe,Thorpe,75017,75023,7,228,8,M_721,PROPN
722,booknlp,COREF,98,he,75085,75087,4,228,8,M_722,Other
723,booknlp,COREF,98,he,75170,75172,4,228,8,M_723,Other
724,booknlp,COREF,98,he,75192,75194,4,228,8,M_724,Other
725,booknlp,COREF,98,he,75298,75300,4,228,8,M_725,Other
726,booknlp,COREF,98,he,75385,75387,4,228,8,M_726,Other
727,exp,exp_name,mr. tilney,Mr. Tilney,75563,75573,4,228,8,M_727,PROPN
728,exp,exp_name,isabella,Isabella,75587,75595,5,228,8,M_728,PROPN
729,exp,exp_name,mrs. hughes,Mrs. Hughes,76111,76122,14,228,8,M_729,PROPN
730,exp,exp_name,miss tilney,Miss Tilney,76156,76167,1,228,8,M_730,PROPN
731,pdnc,qID,Q179-0,your,76192,76196,0,228,8,M_731,Other
732,pdnc,qID,Q179-0,Miss Morland,76205,76217,0,228,8,M_732,PROPN
733,pdnc,qID,Q179-1,Miss Thorpe,76275,76286,5,228,8,M_733,PROPN
734,pdnc,qID,Q179-1,Mrs. Thorpe,76292,76303,16,228,8,M_734,PROPN
735,pdnc,qID,Q179-1,she,76309,76312,16,228,8,M_735,Other
736,pdnc,qID,Q179-1,you,76322,76325,0,228,8,M_736,Other
737,pdnc,qID,Q179-1,this young lady,76375,76390,1,228,8,M_737,Other
738,pdnc,qID,Q179-1,you,76394,76397,0,228,8,M_738,Other
739,exp,exp_name,mrs. hughes,Mrs. Hughes,76400,76411,14,228,8,M_739,PROPN
740,booknlp,COREF,128,her,76484,76487,14,228,8,M_740,Other
741,exp,exp_name,catherine,Catherine,76493,76502,0,228,8,M_741,PROPN
742,exp,exp_name,miss tilney,Miss Tilney,76552,76563,1,228,8,M_742,PROPN
743,exp,exp_name,miss morland,Miss Morland,76608,76620,0,228,8,M_743,PROPN
744,exp,exp_name,mrs. hughes,Mrs. Hughes,76699,76710,14,228,8,M_744,PROPN
745,booknlp,COREF,128,her,76757,76760,14,228,8,M_745,Other
746,booknlp,COREF,128,her,76787,76790,14,228,8,M_746,Other
747,exp,exp_name,miss tilney,Miss Tilney,76799,76810,1,229,8,M_747,PROPN
748,exp,exp_name,miss thorpe,Miss Thorpe,76966,76977,5,229,8,M_748,PROPN
749,exp,exp_name,catherine,Catherine,77338,77347,0,229,8,M_749,PROPN
750,exp,exp_name,mr. tilney,Mr. Tilney,77410,77420,4,229,8,M_750,PROPN
751,exp,exp_name,catherine,Catherine,78037,78046,0,230,8,M_751,PROPN
752,exp,exp_name,isabella,Isabella,78091,78099,5,230,8,M_752,PROPN
753,pdnc,qID,Q180-0,you,78153,78156,0,230,8,M_753,Other
754,pdnc,qID,Q180-0,My dearest creature,78158,78177,0,230,8,M_754,Other
755,pdnc,qID,Q180-0,you,78203,78206,0,230,8,M_755,Other
756,pdnc,qID,Q180-0,you,78236,78239,0,230,8,M_756,Other
757,pdnc,qID,Q180-0,you,78268,78271,0,230,8,M_757,Other
758,pdnc,qID,Q180-0,you,78332,78335,0,230,8,M_758,Other
759,pdnc,qID,Q181-0,My dear Isabella,78340,78356,5,231,8,M_759,Other
760,pdnc,qID,Q181-0,you,78395,78398,5,231,8,M_760,Other
761,pdnc,qID,Q181-0,you,78427,78430,5,231,8,M_761,Other
762,pdnc,qID,Q182-0,your brother,78450,78462,6,232,8,M_762,Other
763,pdnc,qID,Q182-0,he,78480,78482,6,232,8,M_763,Other
764,pdnc,qID,Q182-0,her,78523,78526,0,232,8,M_764,Other
765,pdnc,qID,Q182-0,Mr. Morland,78528,78539,6,232,8,M_765,PROPN
766,pdnc,qID,Q182-0,he,78564,78566,6,232,8,M_766,Other
767,pdnc,qID,Q182-0,Mr. Morland,78606,78617,6,232,8,M_767,PROPN
768,pdnc,qID,Q182-0,you,78623,78626,6,232,8,M_768,Other
769,pdnc,qID,Q182-0,him,78682,78685,6,232,8,M_769,Other
770,pdnc,qID,Q182-0,my dear Catherine,78704,78721,0,232,8,M_770,Other
771,pdnc,qID,Q182-0,you,78723,78726,0,232,8,M_771,Other
772,pdnc,qID,Q182-0,You,78750,78753,0,232,8,M_772,Other
773,pdnc,qID,Q183-0,her,78859,78862,1,233,8,M_773,Other
774,exp,exp_name,catherine,Catherine,78880,78889,0,233,8,M_774,PROPN
775,exp,exp_name,james,James,78917,78922,6,233,8,M_775,PROPN
776,exp,exp_name,mr. tilney,Mr. Tilney,78931,78941,4,233,8,M_776,PROPN
777,pdnc,qID,Q184-0,You,78968,78971,0,234,8,M_777,Other
778,pdnc,qID,Q184-0,her,79001,79004,1,234,8,M_778,Other
779,pdnc,qID,Q184-0,her all-conquering brother,79095,79121,4,234,8,M_779,Other
780,pdnc,qID,Q184-0,he,79126,79128,4,234,8,M_780,Other
781,pdnc,qID,Q184-0,him,79148,79151,4,234,8,M_781,Other
782,pdnc,qID,Q184-0,he,79179,79181,4,234,8,M_782,Other
783,pdnc,qID,Q184-0,him,79199,79202,4,234,8,M_783,Other
784,pdnc,qID,Q184-0,Mr. Morland,79204,79215,6,234,8,M_784,PROPN
785,pdnc,qID,Q184-0,you,79217,79220,6,234,8,M_785,Other
786,pdnc,qID,Q184-0,you,79265,79268,6,234,8,M_786,Other
787,pdnc,qID,Q186-0,You,79368,79371,6,236,8,M_787,Other
788,pdnc,qID,Q186-0,you,79482,79485,6,236,8,M_788,Other
789,pdnc,qID,Q187-0,you,79573,79576,5,237,8,M_789,Other
790,pdnc,qID,Q188-0,you,79658,79661,6,238,8,M_790,Other
791,pdnc,qID,Q188-0,you,79716,79719,6,238,8,M_791,Other
792,pdnc,qID,Q188-0,you,79746,79749,6,238,8,M_792,Other
793,pdnc,qID,Q188-0,you,79768,79771,6,238,8,M_793,Other
794,exp,exp_name,catherine,Catherine,79935,79944,0,239,8,M_794,PROPN
795,exp,exp_name,isabella,Isabella,80069,80077,5,239,8,M_795,PROPN
796,exp,exp_name,mr. tilney,Mr. Tilney,80104,80114,4,239,8,M_796,PROPN
797,exp,exp_name,james,James,80160,80165,6,239,8,M_797,PROPN
798,pdnc,qID,Q189-0,you,80230,80233,6,239,8,M_798,Other
799,pdnc,qID,Q189-0,Mr. Morland,80235,80246,6,239,8,M_799,PROPN
800,pdnc,qID,Q189-1,you,80316,80319,6,239,8,M_800,Other
801,pdnc,qID,Q189-1,my dear Catherine,80350,80367,0,239,8,M_801,Other
802,pdnc,qID,Q189-1,your brother,80374,80386,6,239,8,M_802,Other
803,pdnc,qID,Q189-1,He,80403,80405,6,239,8,M_803,Other
804,pdnc,qID,Q189-1,him,80429,80432,6,239,8,M_804,Other
805,pdnc,qID,Q189-1,him,80454,80457,6,239,8,M_805,Other
806,pdnc,qID,Q189-1,us,80538,80540,5,239,8,M_806,Other
807,pdnc,qID,Q189-1,we,80567,80569,5,239,8,M_807,Other
808,exp,exp_name,james,James,80624,80629,6,240,8,M_808,PROPN
809,pdnc,qID,Q191-0,you,80709,80712,6,241,8,M_809,Other
810,pdnc,qID,Q191-0,you,80730,80733,6,241,8,M_810,Other
811,pdnc,qID,Q191-0,you,80761,80764,6,241,8,M_811,Other
812,pdnc,qID,Q191-0,My sweet Catherine,80790,80808,0,241,8,M_812,Other
813,pdnc,qID,Q191-0,your brother ,80834,80847,6,241,8,M_813,Other
814,pdnc,qID,Q191-0,him,80874,80877,6,241,8,M_814,Other
815,pdnc,qID,Q191-0,you,80904,80907,0,241,8,M_815,Other
816,pdnc,qID,Q192-0,you,80979,80982,5,242,8,M_816,Other
817,pdnc,qID,Q192-0,you,80999,81002,5,242,8,M_817,Other
818,exp,exp_name,isabella,Isabella,81044,81052,5,243,8,M_818,PROPN
819,pdnc,qID,Q193-1,you ,81055,81059,6,243,8,M_819,Other
820,pdnc,qID,Q193-1, your sister ,81068,81081,0,243,8,M_820,Other
821,pdnc,qID,Q193-1,you,81095,81098,6,243,8,M_821,Other
822,pdnc,qID,Q193-1,her,81113,81116,0,243,8,M_822,Other
823,pdnc,qID,Q193-1,we,81161,81163,5,243,8,M_823,Other
824,pdnc,qID,Q193-1,my dearest Catherine,81220,81240,0,243,8,M_824,Other
825,exp,exp_name,john thorpe,John Thorpe,81328,81339,7,243,8,M_825,PROPN
826,exp,exp_name,catherine,Catherine,81380,81389,0,243,8,M_826,PROPN
827,exp,exp_name,mr. tilney,Mr. Tilney,81412,81422,4,243,8,M_827,PROPN
828,exp,exp_name,mrs. allen,Mrs. Allen,81527,81537,13,243,8,M_828,PROPN
829,exp,exp_name,mrs. thorpe,Mrs. Thorpe,81542,81553,16,243,8,M_829,PROPN
830,booknlp,COREF,103,him,81599,81602,7,243,8,M_830,Other
831,pdnc,qID,Q194-0,my dear,81715,81722,0,243,8,M_831,Other
832,exp,exp_name,mrs. thorpe,Mrs. Thorpe,81730,81741,16,243,8,M_832,PROPN
833,pdnc,qID,Q194-1,you,81784,81787,0,243,8,M_833,Other
834,pdnc,qID,Q195-0,madam,81838,81843,16,244,8,M_834,Other
835,pdnc,qID,Q196-0,John,81865,81869,7,245,8,M_835,PROPN
836,pdnc,qID,Q196-0,he,81900,81902,7,245,8,M_836,Other
837,pdnc,qID,Q197-0,you,81911,81914,0,246,8,M_837,Other
838,pdnc,qID,Q197-0,Mr. Tilney,81920,81930,4,246,8,M_838,PROPN
839,pdnc,qID,Q197-0,my dear,81932,81939,0,246,8,M_839,Other
840,exp,exp_name,mrs. allen,Mrs. Allen,81947,81957,13,246,8,M_840,PROPN
841,pdnc,qID,Q198-0,he,81974,81976,4,247,8,M_841,Other
842,pdnc,qID,Q199-0,He,81981,81983,4,248,8,M_842,Other
843,pdnc,qID,Q199-0,he,82015,82017,4,248,8,M_843,Other
844,pdnc,qID,Q199-0,he,82055,82057,4,248,8,M_844,Other
845,pdnc,qID,Q199-0,he,82109,82111,4,248,8,M_845,Other
846,pdnc,qID,Q199-0,you,82122,82125,0,248,8,M_846,Other
847,pdnc,qID,Q199-0,he,82130,82132,4,248,8,M_847,Other
848,pdnc,qID,Q199-0,you,82142,82145,0,248,8,M_848,Other
849,pdnc,qID,Q200-0,he,82160,82162,4,249,8,M_849,Other
850,exp,exp_name,catherine,Catherine,82173,82182,0,249,8,M_850,PROPN
851,pdnc,qID,Q201-0,He,82293,82295,4,250,8,M_851,Other
852,booknlp,COREF,91,I,82315,82316,13,250,8,M_852,Other
853,pdnc,qID,Q201-0,he,82322,82324,4,250,8,M_853,Other
854,pdnc,qID,Q201-0,you,82336,82339,0,250,8,M_854,Other
855,exp,exp_name,mrs. allen,Mrs. Allen,82348,82358,13,250,8,M_855,PROPN
856,booknlp,COREF,91,she,82387,82390,13,250,8,M_856,Other
857,pdnc,qID,Q202-0,he,82399,82401,4,250,8,M_857,Other
858,booknlp,COREF,103,he,82443,82445,7,251,8,M_858,Other
859,pdnc,qID,Q203-0,Mrs. Allen,82450,82460,13,251,8,M_859,PROPN
860,exp,exp_name,mrs. thorpe,Mrs. Thorpe,82468,82479,16,251,8,M_860,PROPN
861,booknlp,COREF,103,his,82533,82536,7,251,8,M_861,Other
862,exp,exp_name,mrs. allen,Mrs. Allen,82709,82719,13,252,8,M_862,PROPN
863,booknlp,COREF,91,she,82762,82765,13,252,8,M_863,Other
864,exp,exp_name,catherine,Catherine,82788,82797,0,252,8,M_864,PROPN
865,booknlp,COREF,91,I,82800,82801,13,252,8,M_865,Other
866,pdnc,qID,Q204-0,she,82811,82814,16,252,8,M_866,Other
867,booknlp,COREF,91,I,82823,82824,13,252,8,M_867,Other
868,pdnc,qID,Q204-0,her son,82841,82848,7,252,8,M_868,Other
869,exp,exp_name,catherine,Catherine,82852,82861,0,253,8,M_869,PROPN
870,exp,exp_name,john thorpe,John Thorpe,83037,83048,7,253,8,M_870,PROPN
871,pdnc,qID,Q205-0,Miss Morland,83097,83109,0,253,8,M_871,PROPN
872,booknlp,COREF,103,I,83111,83112,7,253,8,M_872,Other
873,pdnc,qID,Q205-0,you,83121,83124,0,253,8,M_873,Other
874,booknlp,COREF,103,I,83129,83130,7,253,8,M_874,Other
875,booknlp,COREF,103,I,83185,83186,7,254,8,M_875,Other
876,pdnc,qID,Q206-0,you,83206,83209,7,254,8,M_876,Other
877,booknlp,COREF,103,I,83250,83251,7,254,8,M_877,Other
878,pdnc,qID,Q207-0,you,83307,83310,0,255,8,M_878,Other
879,pdnc,qID,Q207-0,you,83388,83391,0,255,8,M_879,Other
880,exp,exp_name,catherine,Catherine,83528,83537,0,256,8,M_880,PROPN
881,exp,exp_name,mr. tilney,Mr. Tilney,83658,83668,4,256,8,M_881,PROPN
882,booknlp,COREF,98,his,83727,83730,4,256,8,M_882,Other
883,exp,exp_name,miss tilney,Miss Tilney,83740,83751,1,256,8,M_883,PROPN
884,exp,exp_name,james,James,83803,83808,6,256,8,M_884,PROPN
885,exp,exp_name,isabella,Isabella,83813,83821,5,256,8,M_885,PROPN
886,pdnc,qID,Q208-0,dearest Catherine,83964,83981,0,256,8,M_886,Other
887,exp,exp_name,catherine,Catherine,84016,84025,0,258,9,M_887,PROPN
888,exp,exp_name,miss tilney,Miss Tilney,84722,84733,1,258,9,M_888,PROPN
889,exp,exp_name,mrs. allen,Mrs. Allen,85433,85443,13,258,9,M_889,PROPN
890,exp,exp_name,catherine,Catherine,85944,85953,0,258,9,M_890,PROPN
891,exp,exp_name,miss thorpe,Miss Thorpe,86050,86061,5,258,9,M_891,PROPN
892,exp,exp_name,john thorpe,John Thorpe,86084,86095,7,258,9,M_892,PROPN
893,pdnc,qID,Q209-0,Miss Morland,86139,86151,0,258,9,M_893,PROPN
894,booknlp,COREF,103,I,86158,86159,7,258,9,M_894,Other
895,pdnc,qID,Q209-0,you,86169,86172,0,258,9,M_895,Other
896,pdnc,qID,Q209-0,you,86403,86406,13,258,9,M_896,Other
897,pdnc,qID,Q209-0,Mrs. Allen,86411,86421,13,258,9,M_897,PROPN
898,pdnc,qID,Q209-0,Miss Morland,86467,86479,0,258,9,M_898,PROPN
899,pdnc,qID,Q210-0,you,86590,86593,7,259,9,M_899,Other
900,exp,exp_name,catherine,Catherine,86606,86615,0,259,9,M_900,PROPN
901,pdnc,qID,Q211-0,you,86664,86667,0,260,9,M_901,Other
902,pdnc,qID,Q211-0,you,86768,86771,0,260,9,M_902,Other
903,exp,exp_name,catherine,Catherine,86860,86869,0,261,9,M_903,PROPN
904,exp,exp_name,mrs. allen,Mrs. Allen,86882,86892,13,261,9,M_904,PROPN
905,pdnc,qID,Q212-1,you,86939,86942,7,261,9,M_905,Other
906,booknlp,COREF,91,me,86958,86960,13,262,9,M_906,Other
907,pdnc,qID,Q213-0,you,86997,87000,0,262,9,M_907,Other
908,booknlp,COREF,91,I,87021,87022,13,262,9,M_908,Other
909,exp,exp_name,catherine,Catherine,87039,87048,0,263,9,M_909,PROPN
910,exp,exp_name,mrs. allen,Mrs. Allen,87121,87131,13,263,9,M_910,PROPN
911,booknlp,COREF,91,herself,87191,87198,13,263,9,M_911,Other
912,exp,exp_name,catherine,Catherine,87272,87281,0,263,9,M_912,PROPN
913,exp,exp_name,miss tilney,Miss Tilney,87306,87317,1,263,9,M_913,PROPN
914,exp,exp_name,mr. thorpe,Mr. Thorpe,87450,87460,12,263,9,M_914,PROPN
915,exp,exp_name,isabella,Isabella,87465,87473,5,263,9,M_915,PROPN
916,exp,exp_name,james,James,87506,87511,6,263,9,M_916,PROPN
917,pdnc,qID,Q214-0,ma am,87560,87565,13,263,9,M_917,Other
918,pdnc,qID,Q214-0,you,87575,87578,13,263,9,M_918,Other
919,pdnc,qID,Q214-0,you,87594,87597,13,263,9,M_919,Other
920,pdnc,qID,Q215-0,you,87653,87656,0,264,9,M_920,Other
921,booknlp,COREF,91,my,87665,87667,13,264,9,M_921,Other
922,exp,exp_name,mrs. allen,Mrs. Allen,87683,87693,13,264,9,M_922,PROPN
923,exp,exp_name,catherine,Catherine,87730,87739,0,264,9,M_923,PROPN
924,exp,exp_name,thorpe,Thorpe,87930,87936,7,264,9,M_924,PROPN
925,exp,exp_name,mrs. allen,Mrs. Allen,87950,87960,13,264,9,M_925,PROPN
926,pdnc,qID,Q216-0,My dearest creature,88070,88089,0,264,9,M_926,Other
927,exp,exp_name,isabella,Isabella,88098,88106,5,264,9,M_927,PROPN
928,pdnc,qID,Q216-1,you,88203,88206,0,264,9,M_928,Other
929,pdnc,qID,Q216-1,you,88266,88269,0,264,9,M_929,Other
930,pdnc,qID,Q216-1,you,88357,88360,0,264,9,M_930,Other
931,exp,exp_name,catherine,Catherine,88413,88422,0,265,9,M_931,PROPN
932,exp,exp_name,james,James,88513,88518,6,265,9,M_932,PROPN
933,pdnc,qID,Q217-0,she,88539,88542,0,265,9,M_933,Other
934,pdnc,qID,Q217-0,her,88563,88566,0,265,9,M_934,Other
935,pdnc,qID,Q218-0,You,88571,88574,0,266,9,M_935,Other
936,pdnc,qID,Q218-0,Miss Morland,88599,88611,0,266,9,M_936,PROPN
937,exp,exp_name,thorpe,Thorpe,88619,88625,7,266,9,M_937,PROPN
938,exp,exp_name,catherine,Catherine,88902,88911,0,267,9,M_938,PROPN
939,exp,exp_name,thorpe,Thorpe,89169,89175,7,267,9,M_939,PROPN
940,exp,exp_name,catherine,Catherine,89418,89427,0,267,9,M_940,PROPN
941,exp,exp_name,catherine,Catherine,89769,89778,0,267,9,M_941,PROPN
942,exp,exp_name,thorpe,Thorpe,90494,90500,7,267,9,M_942,PROPN
943,pdnc,qID,Q219-0,Old Allen,90526,90535,10,267,9,M_943,PROPN
944,pdnc,qID,Q219-0,he,90563,90565,10,267,9,M_944,Other
945,exp,exp_name,catherine,Catherine,90568,90577,0,267,9,M_945,PROPN
946,pdnc,qID,Q220-0,Old Allen,90655,90664,10,267,9,M_946,PROPN
947,pdnc,qID,Q220-0,you,90674,90677,0,267,9,M_947,Other
948,pdnc,qID,Q221-0,Mr. Allen,90695,90704,10,268,9,M_948,PROPN
949,pdnc,qID,Q221-0,you,90706,90709,7,268,9,M_949,Other
950,pdnc,qID,Q221-0,he,90732,90734,10,268,9,M_950,Other
951,pdnc,qID,Q224-0,his,90813,90816,10,271,9,M_951,Other
952,pdnc,qID,Q224-0,He,90829,90831,10,271,9,M_952,Other
953,pdnc,qID,Q224-0,your,90836,90840,0,271,9,M_953,Other
954,pdnc,qID,Q224-0,he,90860,90862,10,271,9,M_954,Other
955,pdnc,qID,Q226-0,you,90892,90895,0,273,9,M_955,Other
956,pdnc,qID,Q228-0,He,90977,90979,10,275,9,M_956,Other
957,pdnc,qID,Q228-0,his,91047,91050,10,275,9,M_957,Other
958,pdnc,qID,Q228-0,he,91069,91071,10,275,9,M_958,Other
959,pdnc,qID,Q228-0,he,91103,91105,10,275,9,M_959,Other
960,pdnc,qID,Q228-0,his,91112,91115,10,275,9,M_960,Other
961,pdnc,qID,Q229-0,His,91137,91140,10,276,9,M_961,Other
962,pdnc,qID,Q229-0,you,91170,91173,7,276,9,M_962,Other
963,pdnc,qID,Q229-0,He,91197,91199,10,276,9,M_963,Other
964,pdnc,qID,Q229-0,you,91229,91232,7,276,9,M_964,Other
965,pdnc,qID,Q229-0,him,91249,91252,10,276,9,M_965,Other
966,pdnc,qID,Q230-0,you,91288,91291,0,277,9,M_966,Other
967,pdnc,qID,Q230-0,You,91293,91296,0,277,9,M_967,Other
968,pdnc,qID,Q230-0,you,91354,91357,0,277,9,M_968,Other
969,pdnc,qID,Q234-0,you,91913,91916,0,281,9,M_969,Other
970,pdnc,qID,Q234-0,You,91939,91942,0,281,9,M_970,Other
971,pdnc,qID,Q234-0,we,92125,92127,7,281,9,M_971,Other
972,pdnc,qID,Q234-0,You,92257,92260,0,281,9,M_972,Other
973,pdnc,qID,Q234-0,you,92367,92370,0,281,9,M_973,Other
974,exp,exp_name,catherine,Catherine,92456,92465,0,282,9,M_974,PROPN
975,pdnc,qID,Q235-1,you,92493,92496,7,282,9,M_975,Other
976,pdnc,qID,Q235-1,you,92545,92548,7,282,9,M_976,Other
977,pdnc,qID,Q235-1,James,92573,92578,6,282,9,M_977,PROPN
978,exp,exp_name,catherine,Catherine,92783,92792,0,283,9,M_978,PROPN
979,exp,exp_name,thorpe,Thorpe,92975,92981,7,284,9,M_979,PROPN
980,pdnc,qID,Q235-2,You,93797,93800,7,284,9,M_980,Other
981,pdnc,qID,Q235-2,Mr. Thorpe,93822,93832,7,284,9,M_981,PROPN
982,exp,exp_name,catherine,Catherine,93840,93849,0,284,9,M_982,PROPN
983,pdnc,qID,Q235-3,James,93978,93983,6,284,9,M_983,PROPN
984,pdnc,qID,Q236-0,you,94036,94039,0,285,9,M_984,Other
985,pdnc,qID,Q236-0,your,94081,94085,0,285,9,M_985,Other
986,pdnc,qID,Q236-0,you,94234,94237,0,285,9,M_986,Other
987,exp,exp_name,catherine,Catherine,94476,94485,0,286,9,M_987,PROPN
988,pdnc,qID,Q237-1,Mr. Thorpe,94610,94620,7,286,9,M_988,PROPN
989,pdnc,qID,Q237-1,my brother,94640,94650,6,286,9,M_989,Other
990,pdnc,qID,Q237-1,him,94661,94664,6,286,9,M_990,Other
991,pdnc,qID,Q238-0,you,95019,95022,0,287,9,M_991,Other
992,exp,exp_name,catherine,Catherine,95119,95128,0,288,9,M_992,PROPN
993,exp,exp_name,mr. thorpe,Mr. Thorpe,95850,95860,12,288,9,M_993,PROPN
994,exp,exp_name,catherine,Catherine,97231,97240,0,289,9,M_994,PROPN
995,exp,exp_name,isabella,Isabella,97525,97533,5,289,9,M_995,PROPN
996,exp,exp_name,james,James,97573,97578,6,289,9,M_996,PROPN
997,exp,exp_name,mrs. allen,Mrs. Allen,97980,97990,13,290,9,M_997,PROPN
998,exp,exp_name,isabella,Isabella,98019,98027,5,290,9,M_998,PROPN
999,exp,exp_name,morland,Morland,98368,98375,6,290,9,M_999,PROPN
1000,exp,exp_name,catherine,Catherine,98647,98656,0,290,9,M_1000,PROPN
1001,exp,exp_name,catherine,Catherine,98683,98692,0,290,9,M_1001,PROPN
1002,exp,exp_name,isabella,Isabella,98735,98743,5,290,9,M_1002,PROPN
1003,exp,exp_name,catherine,Catherine,99039,99048,0,290,9,M_1003,PROPN
1004,exp,exp_name,catherine,Catherine,99291,99300,0,291,9,M_1004,PROPN
1005,exp,exp_name,mrs. allen,Mrs. Allen,99307,99317,13,291,9,M_1005,PROPN
1006,pdnc,qID,Q240-0,my dear,99416,99423,0,291,9,M_1006,Other
1007,pdnc,qID,Q240-0,you,99430,99433,0,291,9,M_1007,Other
1008,pdnc,qID,Q240-1,you,99520,99523,0,291,9,M_1008,Other
1009,pdnc,qID,Q241-0,ma am,99560,99565,13,292,9,M_1009,Other
1010,pdnc,qID,Q241-0,you,99575,99578,13,292,9,M_1010,Other
1011,pdnc,qID,Q242-0,Mrs. Thorpe,99621,99632,16,293,9,M_1011,PROPN
1012,pdnc,qID,Q242-0,she,99639,99642,16,293,9,M_1012,Other
1013,pdnc,qID,Q243-0,Mrs. Thorpe,99698,99709,16,294,9,M_1013,PROPN
1014,pdnc,qID,Q244-0,you,99760,99763,0,295,9,M_1014,Other
1015,pdnc,qID,Q244-0,her,99791,99794,16,295,9,M_1015,Other
1016,pdnc,qID,Q244-0,She,99838,99841,16,295,9,M_1016,Other
1017,pdnc,qID,Q245-0,you,99942,99945,13,296,9,M_1017,Other
1018,pdnc,qID,Q246-0,Mrs. Hughes,100051,100062,14,297,9,M_1018,PROPN
1019,exp,exp_name,miss tilney,Miss Tilney,100076,100087,1,297,9,M_1019,PROPN
1020,pdnc,qID,Q246-0,her,100101,100104,14,297,9,M_1020,Other
1021,pdnc,qID,Q247-0,you,100113,100116,13,298,9,M_1021,Other
1022,pdnc,qID,Q247-0,you,100147,100150,13,298,9,M_1022,Other
1023,pdnc,qID,Q248-0, Miss Tilney,100248,100260,1,299,9,M_1023,Other
1024,pdnc,qID,Q248-0,she,100337,100340,1,299,9,M_1024,Other
1025,pdnc,qID,Q248-0,Mrs. Hughes ,100373,100385,14,299,9,M_1025,PROPN
1026,pdnc,qID,Q249-0,she,100445,100448,14,300,9,M_1026,Other
1027,pdnc,qID,Q249-0,you,100454,100457,13,300,9,M_1027,Other
1028,pdnc,qID,Q250-0,she,100494,100497,14,301,9,M_1028,Other
1029,pdnc,qID,Q251-0,she,100537,100540,14,302,9,M_1029,Other
1030,pdnc,qID,Q251-0,you,100546,100549,13,302,9,M_1030,Other
1031,pdnc,qID,Q252-0,she,100603,100606,14,303,9,M_1031,Other
1032,exp,exp_name,tilney,Tilney,100699,100705,4,303,9,M_1032,PROPN
1033,pdnc,qID,Q252-0,Mrs. Hughes,100739,100750,14,303,9,M_1033,PROPN
1034,pdnc,qID,Q252-0,Mrs. Hughes ,100923,100935,14,303,9,M_1034,PROPN
1035,exp,exp_name,tilney,Tilney,101015,101021,4,304,9,M_1035,PROPN
1036,exp,exp_name,tilney,Tilney,101193,101199,4,305,9,M_1036,PROPN
1037,pdnc,qID,Q254-0,Mrs. Hughes,101217,101228,14,305,9,M_1037,PROPN
1038,pdnc,qID,Q254-0,Miss Tilney,101342,101353,1,305,9,M_1038,PROPN
1039,pdnc,qID,Q254-0,her,101392,101395,1,305,9,M_1039,Other
1040,pdnc,qID,Q254-0,her,101401,101404,1,305,9,M_1040,Other
1041,pdnc,qID,Q255-0,Mr. Tilney,101428,101438,4,306,9,M_1041,PROPN
1042,pdnc,qID,Q256-0,my dear,101508,101515,0,307,9,M_1042,Other
1043,pdnc,qID,Q256-0,he,101534,101536,4,307,9,M_1043,Other
1044,pdnc,qID,Q256-0,he,101555,101557,4,307,9,M_1044,Other
1045,pdnc,qID,Q256-0,Mrs. Hughes,101584,101595,14,307,9,M_1045,PROPN
1046,exp,exp_name,catherine,Catherine,101632,101641,0,308,9,M_1046,PROPN
1047,exp,exp_name,mrs. allen,Mrs. Allen,101697,101707,13,308,9,M_1047,PROPN
1048,exp,exp_name,john thorpe,John Thorpe,102135,102146,7,308,9,M_1048,PROPN
1049,booknlp,COREF,103,himself,102147,102154,7,308,9,M_1049,Other
1050,exp,exp_name,catherine,Catherine,102277,102286,0,310,10,M_1050,PROPN
1051,exp,exp_name,isabella,Isabella,102291,102299,5,310,10,M_1051,PROPN
1052,pdnc,qID,Q257-0,My beloved Catherine,102533,102553,0,310,10,M_1052,Other
1053,pdnc,qID,Q257-0,you,102566,102569,0,310,10,M_1053,Other
1054,exp,exp_name,catherine,Catherine,102599,102608,0,310,10,M_1054,PROPN
1055,pdnc,qID,Q257-1,Mr. Morland,102654,102665,6,310,10,M_1055,PROPN
1056,pdnc,qID,Q257-2,you,102746,102749,6,310,10,M_1056,Other
1057,pdnc,qID,Q257-2,you,102791,102794,6,310,10,M_1057,Other
1058,pdnc,qID,Q257-2,My sweetest Catherine,102813,102834,0,310,10,M_1058,Other
1059,pdnc,qID,Q257-2,you,102845,102848,0,310,10,M_1059,Other
1060,pdnc,qID,Q257-2,you,102888,102891,0,310,10,M_1060,Other
1061,pdnc,qID,Q257-2,you,102897,102900,0,310,10,M_1061,Other
1062,pdnc,qID,Q257-2,You,102920,102923,0,310,10,M_1062,Other
1063,pdnc,qID,Q257-2,you mischievous creature,102987,103011,0,310,10,M_1063,Other
1064,pdnc,qID,Q257-2,you,103016,103019,0,310,10,M_1064,Other
1065,pdnc,qID,Q257-2,you,103056,103059,0,310,10,M_1065,Other
1066,pdnc,qID,Q257-2,my brother,103061,103071,7,310,10,M_1066,Other
1067,pdnc,qID,Q257-2,you,103094,103097,0,310,10,M_1067,Other
1068,pdnc,qID,Q257-2,Mr. Tilney,103118,103128,4,310,10,M_1068,PROPN
1069,pdnc,qID,Q257-2,your,103165,103169,0,310,10,M_1069,Other
1070,pdnc,qID,Q257-2,his,103192,103195,4,310,10,M_1070,Other
1071,pdnc,qID,Q257-2,his,103212,103215,4,310,10,M_1071,Other
1072,pdnc,qID,Q257-2,him,103289,103292,4,310,10,M_1072,Other
1073,pdnc,qID,Q257-2,My mother ,103334,103344,16,310,10,M_1073,Other
1074,pdnc,qID,Q257-2,he,103349,103351,4,310,10,M_1074,Other
1075,pdnc,qID,Q257-2,she,103399,103402,16,310,10,M_1075,Other
1076,pdnc,qID,Q257-2,him,103407,103410,4,310,10,M_1076,Other
1077,pdnc,qID,Q257-2,you,103425,103428,0,310,10,M_1077,Other
1078,pdnc,qID,Q257-2,him,103454,103457,4,310,10,M_1078,Other
1079,pdnc,qID,Q257-2,he,103468,103470,4,310,10,M_1079,Other
1080,pdnc,qID,Q257-2,you,103529,103532,0,310,10,M_1080,Other
1081,pdnc,qID,Q257-2,him,103564,103567,4,310,10,M_1081,Other
1082,exp,exp_name,catherine,Catherine,103582,103591,0,311,10,M_1082,PROPN
1083,pdnc,qID,Q258-1,he,103594,103596,4,311,10,M_1083,Other
1084,pdnc,qID,Q258-1,him,103623,103626,4,311,10,M_1084,Other
1085,pdnc,qID,Q259-0,him,103685,103688,4,312,10,M_1085,Other
1086,pdnc,qID,Q259-0,you,103697,103700,0,312,10,M_1086,Other
1087,pdnc,qID,Q259-0,you,103792,103795,0,312,10,M_1087,Other
1088,pdnc,qID,Q259-0,your brother,103838,103850,6,312,10,M_1088,Other
1089,pdnc,qID,Q259-0,you,104225,104228,0,312,10,M_1089,Other
1090,pdnc,qID,Q259-0,you,104247,104250,0,312,10,M_1090,Other
1091,pdnc,qID,Q259-0,you,104283,104286,0,312,10,M_1091,Other
1092,pdnc,qID,Q261-0,you,104379,104382,0,314,10,M_1092,Other
1093,pdnc,qID,Q261-0,you,104404,104407,0,314,10,M_1093,Other
1094,pdnc,qID,Q261-0,you,104420,104423,0,314,10,M_1094,Other
1095,pdnc,qID,Q261-0,you,104648,104651,0,314,10,M_1095,Other
1096,pdnc,qID,Q262-0,you,104680,104683,5,315,10,M_1096,Other
1097,exp,exp_name,isabella,Isabella,104824,104832,5,316,10,M_1097,PROPN
1098,exp,exp_name,james,James,104892,104897,6,316,10,M_1098,PROPN
1099,exp,exp_name,catherine,Catherine,104900,104909,0,317,10,M_1099,PROPN
1100,exp,exp_name,miss tilney,Miss Tilney,104947,104958,1,317,10,M_1100,PROPN
1101,exp,exp_name,mr. allen,Mr. Allen,105314,105323,10,317,10,M_1101,PROPN
1102,booknlp,COREF,89,his,105340,105343,10,317,10,M_1102,Other
1103,exp,exp_name,thorpe,Thorpe,105592,105598,7,317,10,M_1103,PROPN
1104,exp,exp_name,james morland,James Morland,105619,105632,6,317,10,M_1104,PROPN
1105,exp,exp_name,catherine,Catherine,105698,105707,0,317,10,M_1105,PROPN
1106,exp,exp_name,james,James,105768,105773,6,317,10,M_1106,PROPN
1107,exp,exp_name,catherine,Catherine,105945,105954,0,317,10,M_1107,PROPN
1108,exp,exp_name,catherine,Catherine,106306,106315,0,317,10,M_1108,PROPN
1109,exp,exp_name,miss tilney,Miss Tilney,106580,106591,1,317,10,M_1109,PROPN
1110,exp,exp_name,mrs. hughes,Mrs. Hughes,106648,106659,14,317,10,M_1110,PROPN
1111,exp,exp_name,miss tilney,Miss Tilney,106846,106857,1,317,10,M_1111,PROPN
1112,pdnc,qID,Q263-0,your brother,107341,107353,4,318,10,M_1112,Other
1113,exp,exp_name,catherine,Catherine,107393,107402,0,318,10,M_1113,PROPN
1114,pdnc,qID,Q264-0,Henry,107498,107503,4,319,10,M_1114,PROPN
1115,pdnc,qID,Q264-1,he,107538,107540,4,319,10,M_1115,Other
1116,pdnc,qID,Q265-0,He,107566,107568,4,320,10,M_1116,Other
1117,pdnc,qID,Q265-0,he,107652,107654,4,320,10,M_1117,Other
1118,exp,exp_name,mr. thorpe,Mr. Thorpe,107723,107733,12,320,10,M_1118,PROPN
1119,exp,exp_name,miss tilney,Miss Tilney,107736,107747,1,320,10,M_1119,PROPN
1120,pdnc,qID,Q265-1,You,107765,107768,1,320,10,M_1120,Other
1121,exp,exp_name,catherine,Catherine,107790,107799,0,320,10,M_1121,PROPN
1122,pdnc,qID,Q265-2,him,107854,107857,4,320,10,M_1122,Other
1123,pdnc,qID,Q265-2,his,107883,107886,4,320,10,M_1123,Other
1124,pdnc,qID,Q266-0,Henry,107918,107923,4,321,10,M_1124,PROPN
1125,pdnc,qID,Q266-0,you,107951,107954,0,321,10,M_1125,Other
1126,pdnc,qID,Q266-0,he,107963,107965,4,321,10,M_1126,Other
1127,pdnc,qID,Q266-0,He,108004,108006,4,321,10,M_1127,Other
1128,pdnc,qID,Q267-0,him,108102,108105,4,322,10,M_1128,Other
1129,pdnc,qID,Q267-0,he,108126,108128,4,322,10,M_1129,Other
1130,pdnc,qID,Q267-0,he,108166,108168,4,322,10,M_1130,Other
1131,pdnc,qID,Q268-0,Mrs. Hughes,108232,108243,14,323,10,M_1131,PROPN
1132,pdnc,qID,Q269-0,you,108290,108293,1,324,10,M_1132,Other
1133,pdnc,qID,Q271-0,He,108328,108330,4,326,10,M_1133,Other
1134,pdnc,qID,Q272-0,he,108395,108397,4,327,10,M_1134,Other
1135,pdnc,qID,Q272-0,my father,108428,108437,3,327,10,M_1135,Other
1136,exp,exp_name,mrs. hughes,Mrs. Hughes,108441,108452,14,328,10,M_1136,PROPN
1137,exp,exp_name,miss tilney,Miss Tilney,108480,108491,1,328,10,M_1137,PROPN
1138,pdnc,qID,Q273-0,you,108560,108563,1,328,10,M_1138,Other
1139,exp,exp_name,catherine,Catherine,108582,108591,0,328,10,M_1139,PROPN
1140,pdnc,qID,Q273-1,you,108600,108603,1,328,10,M_1140,Other
1141,exp,exp_name,miss tilney,Miss Tilney,108786,108797,1,330,10,M_1141,PROPN
1142,exp,exp_name,catherine,Catherine,108868,108877,0,330,10,M_1142,PROPN
1143,exp,exp_name,catherine,Catherine,109326,109335,0,331,10,M_1143,PROPN
1144,exp,exp_name,catherine,Catherine,110548,110557,0,331,10,M_1144,PROPN
1145,exp,exp_name,thorpe,Thorpe,110733,110739,7,332,10,M_1145,PROPN
1146,exp,exp_name,mr. tilney,Mr. Tilney,110870,110880,4,332,10,M_1146,PROPN
1147,exp,exp_name,catherine,Catherine,111372,111381,0,332,10,M_1147,PROPN
1148,exp,exp_name,john thorpe,John Thorpe,111419,111430,7,332,10,M_1148,PROPN
1149,booknlp,COREF,98,his,111486,111489,4,332,10,M_1149,Other
1150,booknlp,COREF,98,he,111505,111507,4,332,10,M_1150,Other
1151,booknlp,COREF,98,him,111543,111546,4,332,10,M_1151,Other
1152,pdnc,qID,Q276-0,my dear Catherine,111665,111682,0,333,10,M_1152,Other
1153,exp,exp_name,isabella,Isabella,111695,111703,5,333,10,M_1153,PROPN
1154,pdnc,qID,Q276-1,your brother,111742,111754,6,333,10,M_1154,Other
1155,pdnc,qID,Q276-1,him,111812,111815,6,333,10,M_1155,Other
1156,pdnc,qID,Q276-1,he,111816,111818,6,333,10,M_1156,Other
1157,pdnc,qID,Q276-1,John,111863,111867,7,333,10,M_1157,PROPN
1158,pdnc,qID,Q276-1,my dear creature,111909,111925,0,333,10,M_1158,Other
1159,pdnc,qID,Q276-1,John,111943,111947,7,333,10,M_1159,PROPN
1160,pdnc,qID,Q276-1,he,111972,111974,7,333,10,M_1160,Other
1161,exp,exp_name,catherine,Catherine,112003,112012,0,334,10,M_1161,PROPN
1162,exp,exp_name,john thorpe,John Thorpe,112081,112092,7,334,10,M_1162,PROPN
1163,booknlp,COREF,103,him,112203,112206,7,334,10,M_1163,Other
1164,exp,exp_name,mr. tilney,Mr. Tilney,112501,112511,4,334,10,M_1164,PROPN
1165,booknlp,COREF,98,himself,112512,112519,4,334,10,M_1165,Other
1166,booknlp,COREF,98,his,112575,112578,4,334,10,M_1166,Other
1167,booknlp,COREF,98,him,112643,112646,4,334,10,M_1167,Other
1168,exp,exp_name,john thorpe,John Thorpe,112735,112746,7,334,10,M_1168,PROPN
1169,booknlp,COREF,103,his,112783,112786,7,334,10,M_1169,Other
1170,exp,exp_name,mr. tilney,Mr. Tilney,112809,112819,4,334,10,M_1170,PROPN
1171,booknlp,COREF,98,he,112827,112829,4,334,10,M_1171,Other
1172,exp,exp_name,john thorpe,John Thorpe,113045,113056,7,335,10,M_1172,PROPN
1173,pdnc,qID,Q277-0,Miss Morland,113089,113101,0,335,10,M_1173,PROPN
1174,booknlp,COREF,103,he,113109,113111,7,335,10,M_1174,Other
1175,booknlp,COREF,103,I,113143,113144,7,335,10,M_1175,Other
1176,pdnc,qID,Q277-1,you,113153,113156,0,335,10,M_1176,Other
1177,booknlp,COREF,103,I,113161,113162,7,335,10,M_1177,Other
1178,pdnc,qID,Q278-0,you,113199,113202,7,336,10,M_1178,Other
1179,pdnc,qID,Q278-0,you,113224,113227,7,336,10,M_1179,Other
1180,booknlp,COREF,103,I,113276,113277,7,337,10,M_1180,Other
1181,pdnc,qID,Q279-0,you,113284,113287,0,337,10,M_1181,Other
1182,booknlp,COREF,103,I,113299,113300,7,337,10,M_1182,Other
1183,booknlp,COREF,103,I,113325,113326,7,337,10,M_1183,Other
1184,pdnc,qID,Q279-0,you,113349,113352,0,337,10,M_1184,Other
1185,booknlp,COREF,103,I,113369,113370,7,337,10,M_1185,Other
1186,booknlp,COREF,103,I,113431,113432,7,337,10,M_1186,Other
1187,pdnc,qID,Q279-0,you,113473,113476,0,337,10,M_1187,Other
1188,booknlp,COREF,103,I,113483,113484,7,337,10,M_1188,Other
1189,pdnc,qID,Q279-0,you,113500,113503,0,337,10,M_1189,Other
1190,booknlp,COREF,103,me,113520,113522,7,337,10,M_1190,Other
1191,booknlp,COREF,103,I,113547,113548,7,337,10,M_1191,Other
1192,booknlp,COREF,103,I,113559,113560,7,337,10,M_1192,Other
1193,pdnc,qID,Q279-0,you,113567,113570,0,337,10,M_1193,Other
1194,pdnc,qID,Q279-0,you,113577,113580,0,337,10,M_1194,Other
1195,pdnc,qID,Q279-0,your,113611,113615,0,337,10,M_1195,Other
1196,booknlp,COREF,103,I,113637,113638,7,337,10,M_1196,Other
1197,booknlp,COREF,103,my,113656,113658,7,337,10,M_1197,Other
1198,booknlp,COREF,103,I,113677,113678,7,337,10,M_1198,Other
1199,pdnc,qID,Q279-0,you,113753,113756,0,337,10,M_1199,Other
1200,booknlp,COREF,103,me,113804,113806,7,337,10,M_1200,Other
1201,pdnc,qID,Q281-0,you,113988,113991,0,339,10,M_1201,Other
1202,exp,exp_name,catherine,Catherine,114000,114009,0,339,10,M_1202,PROPN
1203,pdnc,qID,Q282-0,Tilney,114036,114042,4,339,10,M_1203,PROPN
1204,pdnc,qID,Q282-1,him,114077,114080,4,339,10,M_1204,Other
1205,pdnc,qID,Q282-1,he,114130,114132,4,339,10,M_1205,Other
1206,exp,exp_name,catherine,Catherine,114789,114798,0,340,10,M_1206,PROPN
1207,pdnc,qID,Q283-0,That gentleman,114944,114958,7,340,10,M_1207,Other
1208,pdnc,qID,Q283-0,he,114998,115000,7,340,10,M_1208,Other
1209,pdnc,qID,Q283-0,you,115013,115016,0,340,10,M_1209,Other
1210,pdnc,qID,Q283-0,He,115039,115041,7,340,10,M_1210,Other
1211,pdnc,qID,Q283-0,my partner,115087,115097,0,340,10,M_1211,Other
1212,pdnc,qID,Q283-0,our,115200,115203,0,340,10,M_1212,Other
1213,pdnc,qID,Q285-0,you,115648,115651,0,342,10,M_1213,Other
1214,pdnc,qID,Q287-0,You,116034,116037,0,344,10,M_1214,Other
1215,pdnc,qID,Q287-0,You,116641,116644,0,344,10,M_1215,Other
1216,pdnc,qID,Q288-0,you,116689,116692,4,345,10,M_1216,Other
1217,pdnc,qID,Q289-0,you,117293,117296,0,346,10,M_1217,Other
1218,pdnc,qID,Q291-0,your,117477,117481,0,348,10,M_1218,Other
1219,pdnc,qID,Q291-0,You,117507,117510,0,348,10,M_1219,Other
1220,pdnc,qID,Q291-0,your,117595,117599,0,348,10,M_1220,Other
1221,pdnc,qID,Q291-0,your partner,117664,117676,4,348,10,M_1221,Other
1222,pdnc,qID,Q291-0,you,117750,117753,0,348,10,M_1222,Other
1223,pdnc,qID,Q291-0,you,117821,117824,0,348,10,M_1223,Other
1224,pdnc,qID,Q291-0,you,117861,117864,0,348,10,M_1224,Other
1225,pdnc,qID,Q291-0,you,117901,117904,0,348,10,M_1225,Other
1226,pdnc,qID,Q292-0,Mr. Thorpe,117915,117925,7,349,10,M_1226,PROPN
1227,pdnc,qID,Q292-0,my brother s,117962,117974,6,349,10,M_1227,Other
1228,pdnc,qID,Q292-0,he,117984,117986,7,349,10,M_1228,Other
1229,pdnc,qID,Q292-0,him,118015,118018,7,349,10,M_1229,Other
1230,pdnc,qID,Q292-0,him,118083,118086,7,349,10,M_1230,Other
1231,pdnc,qID,Q294-0,you,118191,118194,4,351,10,M_1231,Other
1232,pdnc,qID,Q295-0,you,118345,118348,0,352,10,M_1232,Other
1233,pdnc,qID,Q295-0,you,118425,118428,0,352,10,M_1233,Other
1234,pdnc,qID,Q297-0,you,118564,118567,0,354,10,M_1234,Other
1235,pdnc,qID,Q297-0,You,118618,118621,0,354,10,M_1235,Other
1236,pdnc,qID,Q299-0,You,118940,118943,0,356,10,M_1236,Other
1237,pdnc,qID,Q301-0,You,119502,119505,0,358,10,M_1237,Other
1238,pdnc,qID,Q303-0,you,119745,119748,0,360,10,M_1238,Other
1239,pdnc,qID,Q305-0,you,119820,119823,0,362,10,M_1239,Other
1240,pdnc,qID,Q307-0,you,119883,119886,0,364,10,M_1240,Other
1241,pdnc,qID,Q308-0,Mrs. Allen,120117,120127,13,365,10,M_1241,PROPN
1242,exp,exp_name,mr. tilney,Mr. Tilney,120131,120141,4,366,10,M_1242,PROPN
1243,pdnc,qID,Q309-0,Mrs. Allen,120186,120196,13,367,10,M_1243,PROPN
1244,booknlp,COREF,98,he,120199,120201,4,367,10,M_1244,Other
1245,pdnc,qID,Q309-1,you,120267,120270,0,367,10,M_1245,Other
1246,pdnc,qID,Q309-1,you,120299,120302,0,367,10,M_1246,Other
1247,pdnc,qID,Q309-1,You,120326,120329,0,367,10,M_1247,Other
1248,pdnc,qID,Q309-1,you,120376,120379,0,367,10,M_1248,Other
1249,pdnc,qID,Q310-0,Mrs. Allen,120460,120470,13,368,10,M_1249,PROPN
1250,pdnc,qID,Q310-0,Papa,120614,120618,11,368,10,M_1250,PROPN
1251,pdnc,qID,Q310-0,Mamma,120623,120628,15,368,10,M_1251,PROPN
1252,pdnc,qID,Q310-0,James,120690,120695,6,368,10,M_1252,PROPN
1253,pdnc,qID,Q310-0,we,120797,120799,0,368,10,M_1253,Other
1254,pdnc,qID,Q310-0,his,120834,120837,6,368,10,M_1254,Other
1255,pdnc,qID,Q311-0,you,120965,120968,0,369,10,M_1255,Other
1256,exp,exp_name,catherine,Catherine,121334,121343,0,370,10,M_1256,PROPN
1257,exp,exp_name,mr. tilney,Mr. Tilney,121642,121652,4,370,10,M_1257,PROPN
1258,pdnc,qID,Q312-0,you,121909,121912,0,370,10,M_1258,Other
1259,pdnc,qID,Q312-0,That gentleman,121948,121962,3,370,10,M_1259,Other
1260,pdnc,qID,Q312-0,your,121969,121973,0,370,10,M_1260,Other
1261,pdnc,qID,Q312-0,you,121984,121987,0,370,10,M_1261,Other
1262,pdnc,qID,Q312-0,his,122009,122012,3,370,10,M_1262,Other
1263,pdnc,qID,Q312-0,General Tilney,122020,122034,3,370,10,M_1263,PROPN
1264,pdnc,qID,Q312-0,my father,122036,122045,3,370,10,M_1264,Other
1265,exp,exp_name,catherine,Catherine,122049,122058,0,371,10,M_1265,PROPN
1266,exp,exp_name,miss tilney,Miss Tilney,122382,122393,1,372,10,M_1266,PROPN
1267,exp,exp_name,miss tilney,Miss Tilney,122525,122536,1,372,10,M_1267,PROPN
1268,exp,exp_name,miss tilney,Miss Tilney,122997,123008,1,372,10,M_1268,PROPN
1269,exp,exp_name,catherine,Catherine,123040,123049,0,372,10,M_1269,PROPN
1270,exp,exp_name,isabella,Isabella,123265,123273,5,372,10,M_1270,PROPN
1271,exp,exp_name,mr. allen,Mr. Allen,123494,123503,10,372,10,M_1271,PROPN
1272,exp,exp_name,catherine,Catherine,123735,123744,0,374,11,M_1272,PROPN
1273,exp,exp_name,mr. allen,Mr. Allen,123959,123968,10,374,11,M_1273,PROPN
1274,exp,exp_name,mr. allen,Mr. Allen,124004,124013,10,374,11,M_1274,PROPN
1275,booknlp,COREF,89,his,124026,124029,10,374,11,M_1275,Other
1276,booknlp,COREF,89,him,124060,124063,10,374,11,M_1276,Other
1277,exp,exp_name,mrs. allen,Mrs. Allen,124130,124140,13,374,11,M_1277,PROPN
1278,exp,exp_name,mrs. allen,Mrs. Allen,124146,124156,13,374,11,M_1278,PROPN
1279,exp,exp_name,catherine,Catherine,124389,124398,0,375,11,M_1279,PROPN
1280,booknlp,COREF,91,I,124504,124505,13,376,11,M_1280,Other
1281,exp,exp_name,mrs. allen,Mrs. Allen,124537,124547,13,376,11,M_1281,PROPN
1282,exp,exp_name,catherine,Catherine,124581,124590,0,377,11,M_1282,PROPN
1283,pdnc,qID,Q320-0,my dear,124691,124698,0,378,11,M_1283,Other
1284,pdnc,qID,Q322-1,you,124820,124823,0,380,11,M_1284,Other
1285,exp,exp_name,catherine,Catherine,124902,124911,0,381,11,M_1285,PROPN
1286,pdnc,qID,Q328-0,Mr. Allen,125386,125395,10,386,11,M_1286,PROPN
1287,pdnc,qID,Q328-0,his,125408,125411,10,386,11,M_1287,Other
1288,pdnc,qID,Q328-0,he,125427,125429,10,386,11,M_1288,Other
1289,pdnc,qID,Q328-0,he,125451,125453,10,386,11,M_1289,Other
1290,pdnc,qID,Q328-0,he,125468,125470,10,386,11,M_1290,Other
1291,pdnc,qID,Q328-0,he,125546,125548,10,386,11,M_1291,Other
1292,exp,exp_name,catherine,Catherine,125640,125649,0,387,11,M_1292,PROPN
1293,pdnc,qID,Q329-0,You,125860,125863,0,387,11,M_1293,Other
1294,pdnc,qID,Q329-0,my dear,125888,125895,0,387,11,M_1294,Other
1295,exp,exp_name,catherine,Catherine,126346,126355,0,389,11,M_1295,PROPN
1296,exp,exp_name,mrs. allen,Mrs. Allen,126779,126789,13,389,11,M_1296,PROPN
1297,exp,exp_name,catherine,Catherine,126847,126856,0,389,11,M_1297,PROPN
1298,exp,exp_name,miss tilney,Miss Tilney,126934,126945,1,389,11,M_1298,PROPN
1299,exp,exp_name,mrs. allen,Mrs. Allen,127004,127014,13,390,11,M_1299,PROPN
1300,booknlp,COREF,91,her,127028,127031,13,390,11,M_1300,Other
1301,exp,exp_name,catherine,Catherine,127097,127106,0,390,11,M_1301,PROPN
1302,pdnc,qID,Q332-0,Isabella,127309,127317,5,391,11,M_1302,Other
1303,pdnc,qID,Q332-0,my brother,127319,127329,6,391,11,M_1303,Other
1304,pdnc,qID,Q332-0,Mr. Thorpe,127335,127345,7,391,11,M_1304,PROPN
1305,booknlp,COREF,91,I,127347,127348,13,391,11,M_1305,Other
1306,booknlp,COREF,91,me,127378,127380,13,391,11,M_1306,Other
1307,booknlp,COREF,91,I,127393,127394,13,391,11,M_1307,Other
1308,booknlp,COREF,91,I,127408,127409,13,391,11,M_1308,Other
1309,pdnc,qID,Q332-0,you,127432,127435,13,391,11,M_1309,Other
1310,pdnc,qID,Q332-0,Miss Tilney,127441,127452,1,391,11,M_1310,PROPN
1311,exp,exp_name,mrs. allen,Mrs. Allen,127470,127480,13,391,11,M_1311,PROPN
1312,exp,exp_name,john thorpe,John Thorpe,127495,127506,7,391,11,M_1312,PROPN
1313,booknlp,COREF,103,his,127531,127534,7,391,11,M_1313,Other
1314,booknlp,COREF,103,he,127585,127587,7,391,11,M_1314,Other
1315,exp,exp_name,miss morland,Miss Morland,127607,127619,0,391,11,M_1315,PROPN
1316,booknlp,COREF,103,he,127662,127664,7,391,11,M_1316,Other
1317,booknlp,COREF,91,your,127694,127698,13,391,11,M_1317,Other
1318,booknlp,COREF,91,ye,127774,127776,13,391,11,M_1318,Other
1319,pdnc,qID,Q333-1,Mrs. Allen,127781,127791,13,391,11,M_1319,PROPN
1320,booknlp,COREF,103,I,127851,127852,7,392,11,M_1320,Other
1321,booknlp,COREF,91,you,127868,127871,13,392,11,M_1321,Other
1322,booknlp,COREF,103,I,127887,127888,7,392,11,M_1322,Other
1323,booknlp,COREF,103,I,127901,127902,7,392,11,M_1323,Other
1324,exp,exp_name,mrs. allen,Mrs. Allen,128001,128011,13,392,11,M_1324,PROPN
1325,booknlp,COREF,103,him,128036,128039,7,392,11,M_1325,Other
1326,pdnc,qID,Q335-0,My sweetest Catherine,128098,128119,0,392,11,M_1326,Other
1327,pdnc,qID,Q335-0,You,128182,128185,0,392,11,M_1327,Other
1328,pdnc,qID,Q335-0,your brother,128199,128211,6,392,11,M_1328,Other
1329,exp,exp_name,morland,Morland,128786,128793,6,393,11,M_1329,PROPN
1330,pdnc,qID,Q337-0,You croaking fellow,128797,128816,6,394,11,M_1330,Other
1331,exp,exp_name,thorpe,Thorpe,128825,128831,7,394,11,M_1331,PROPN
1332,pdnc,qID,Q337-1,your sister ,128960,128972,0,394,11,M_1332,Other
1333,pdnc,qID,Q337-1,she,128977,128980,0,394,11,M_1333,Other
1334,exp,exp_name,catherine,Catherine,129019,129028,0,395,11,M_1334,PROPN
1335,pdnc,qID,Q347-0,My beloved creature,129399,129418,0,404,11,M_1335,Other
1336,pdnc,qID,Q347-0,you,129428,129431,0,404,11,M_1336,Other
1337,exp,exp_name,isabella,Isabella,129501,129509,5,405,11,M_1337,PROPN
1338,pdnc,qID,Q349-0,Miss Tilney ,129528,129540,1,405,11,M_1338,PROPN
1339,pdnc,qID,Q349-0,her brother ,129544,129556,4,405,11,M_1339,Other
1340,exp,exp_name,thorpe,Thorpe,129732,129738,7,406,11,M_1340,PROPN
1341,pdnc,qID,Q350-1,he,129794,129796,4,406,11,M_1341,Other
1342,pdnc,qID,Q352-0,he,129880,129882,4,408,11,M_1342,Other
1343,pdnc,qID,Q352-0,him,129895,129898,4,408,11,M_1343,Other
1344,pdnc,qID,Q352-0,You,129900,129903,0,408,11,M_1344,Other
1345,pdnc,qID,Q352-0,the man,129919,129926,4,408,11,M_1345,Other
1346,pdnc,qID,Q352-0,you,129927,129930,0,408,11,M_1346,Other
1347,pdnc,qID,Q352-0,you,129963,129966,0,408,11,M_1347,Other
1348,pdnc,qID,Q354-0,him,129991,129994,4,410,11,M_1348,Other
1349,pdnc,qID,Q355-0,you,130074,130077,7,411,11,M_1349,Other
1350,pdnc,qID,Q358-0,You,130338,130341,0,414,11,M_1350,Other
1351,pdnc,qID,Q358-0,you,130366,130369,0,414,11,M_1351,Other
1352,exp,exp_name,isabella,Isabella,130455,130463,5,415,11,M_1352,PROPN
1353,pdnc,qID,Q359-0,My dearest Catherine,130482,130502,0,415,11,M_1353,Other
1354,pdnc,qID,Q359-0,you,130504,130507,0,415,11,M_1354,Other
1355,pdnc,qID,Q359-0,you,130547,130550,0,415,11,M_1355,Other
1356,pdnc,qID,Q359-0,you,130560,130563,0,415,11,M_1356,Other
1357,booknlp,COREF,91,I,130592,130593,13,416,11,M_1357,Other
1358,pdnc,qID,Q363-0,Tilney,130907,130913,4,419,11,M_1358,PROPN
1359,booknlp,COREF,91,I,131022,131023,13,420,11,M_1359,Other
1360,booknlp,COREF,91,I,131036,131037,13,420,11,M_1360,Other
1361,pdnc,qID,Q364-0,Mrs. Allen,131042,131052,13,420,11,M_1361,PROPN
1362,pdnc,qID,Q365-0,you,131065,131068,0,421,11,M_1362,Other
1363,pdnc,qID,Q365-0,my dear,131077,131084,0,421,11,M_1363,Other
1364,exp,exp_name,mrs. allen,Mrs. Allen,131089,131099,13,422,11,M_1364,PROPN
1365,exp,exp_name,mrs. allen,Mrs. Allen,131152,131162,13,422,11,M_1365,PROPN
1366,pdnc,qID,Q366-0,my dear,131197,131204,0,422,11,M_1366,Other
1367,booknlp,COREF,91,she,131212,131215,13,422,11,M_1367,Other
1368,pdnc,qID,Q366-1,you,131226,131229,0,422,11,M_1368,Other
1369,exp,exp_name,catherine,Catherine,131270,131279,0,423,11,M_1369,PROPN
1370,exp,exp_name,thorpe,Thorpe,132293,132299,7,424,11,M_1370,PROPN
1371,pdnc,qID,Q367-0,you,132567,132570,0,424,11,M_1371,Other
1372,pdnc,qID,Q367-0,she,132582,132585,1,424,11,M_1372,Other
1373,pdnc,qID,Q369-0,she,132640,132643,1,426,11,M_1373,Other
1374,exp,exp_name,catherine,Catherine,132678,132687,0,426,11,M_1374,PROPN
1375,exp,exp_name,miss tilney,Miss Tilney,132709,132720,1,426,11,M_1375,PROPN
1376,pdnc,qID,Q370-0,Mr. Thorpe,132835,132845,7,426,11,M_1376,PROPN
1377,pdnc,qID,Q370-1,Miss Tilney,132878,132889,1,426,11,M_1377,PROPN
1378,pdnc,qID,Q370-1,you,132915,132918,7,426,11,M_1378,Other
1379,exp,exp_name,thorpe,Thorpe,133034,133040,7,426,11,M_1379,PROPN
1380,pdnc,qID,Q371-0,Mr. Thorpe,133369,133379,7,426,11,M_1380,PROPN
1381,pdnc,qID,Q371-0,Miss Tilney,133433,133444,1,426,11,M_1381,PROPN
1382,exp,exp_name,mr. thorpe,Mr. Thorpe,133451,133461,12,426,11,M_1382,PROPN
1383,exp,exp_name,catherine,Catherine,133551,133560,0,426,11,M_1383,PROPN
1384,pdnc,qID,Q372-0,you,133721,133724,7,426,11,M_1384,Other
1385,pdnc,qID,Q372-0,Mr. Thorpe,133740,133750,7,426,11,M_1385,PROPN
1386,pdnc,qID,Q372-0,you,133762,133765,7,426,11,M_1386,Other
1387,pdnc,qID,Q372-0,you,133775,133778,7,426,11,M_1387,Other
1388,pdnc,qID,Q372-0,You,133956,133959,7,426,11,M_1388,Other
1389,pdnc,qID,Q372-0,you,134134,134137,7,426,11,M_1389,Other
1390,pdnc,qID,Q372-0,you,134142,134145,7,426,11,M_1390,Other
1391,exp,exp_name,thorpe,Thorpe,134182,134188,7,426,11,M_1391,PROPN
1392,exp,exp_name,tilney,Tilney,134336,134342,4,426,11,M_1392,PROPN
1393,exp,exp_name,catherine,Catherine,134436,134445,0,427,11,M_1393,PROPN
1394,exp,exp_name,morland,Morland,135378,135385,6,427,11,M_1394,PROPN
1395,exp,exp_name,morland,Morland,135518,135525,6,427,11,M_1395,PROPN
1396,pdnc,qID,Q373-0,Thorpe,135556,135562,7,427,11,M_1396,Other
1397,pdnc,qID,Q373-0,your sister,135595,135606,5,427,11,M_1397,Other
1398,exp,exp_name,thorpe,Thorpe,135924,135930,7,428,11,M_1398,PROPN
1399,pdnc,qID,Q375-0,your brother,136022,136034,6,429,11,M_1399,Other
1400,pdnc,qID,Q375-1,Morland,136301,136308,6,429,11,M_1400,PROPN
1401,pdnc,qID,Q376-0,he,136370,136372,6,430,11,M_1401,Other
1402,exp,exp_name,catherine,Catherine,136387,136396,0,430,11,M_1402,PROPN
1403,pdnc,qID,Q376-1,he,136420,136422,6,430,11,M_1403,Other
1404,pdnc,qID,Q377-0,he,136462,136464,6,431,11,M_1404,Other
1405,pdnc,qID,Q378-0,he,136487,136489,6,432,11,M_1405,Other
1406,exp,exp_name,thorpe,Thorpe,136570,136576,7,434,11,M_1406,PROPN
1407,exp,exp_name,catherine,Catherine,136795,136804,0,434,11,M_1407,PROPN
1408,exp,exp_name,mr. thorpe,Mr. Thorpe,137279,137289,12,435,11,M_1408,PROPN
1409,exp,exp_name,catherine,Catherine,137488,137497,0,435,11,M_1409,PROPN
1410,exp,exp_name,mr. allen,Mr. Allen,137557,137566,10,435,11,M_1410,PROPN
1411,booknlp,COREF,89,I,137626,137627,10,435,11,M_1411,Other
1412,pdnc,qID,Q381-0,your brother,137636,137648,6,435,11,M_1412,Other
1413,booknlp,COREF,89,I,137668,137669,10,435,11,M_1413,Other
1414,pdnc,qID,Q381-0,you,137678,137681,0,435,11,M_1414,Other
1415,exp,exp_name,thorpe,Thorpe,137769,137775,7,436,11,M_1415,PROPN
1416,exp,exp_name,catherine,Catherine,137779,137788,0,436,11,M_1416,PROPN
1417,exp,exp_name,isabella,Isabella,137827,137835,5,436,11,M_1417,PROPN
1418,exp,exp_name,morland,Morland,137932,137939,6,436,11,M_1418,PROPN
1419,pdnc,qID,Q382-0,Mr. Morland,138514,138525,6,436,11,M_1419,PROPN
1420,pdnc,qID,Q382-0,you,138527,138530,6,436,11,M_1420,Other
1421,pdnc,qID,Q382-0,you,138556,138559,6,436,11,M_1421,Other
1422,pdnc,qID,Q382-0,you,138571,138574,6,436,11,M_1422,Other
1423,pdnc,qID,Q382-0,you,138632,138635,6,436,11,M_1423,Other
1424,pdnc,qID,Q382-0,you,138678,138681,6,436,11,M_1424,Other
1425,pdnc,qID,Q382-0,you,138687,138690,6,436,11,M_1425,Other
1426,exp,exp_name,catherine,Catherine,138735,138744,0,437,11,M_1426,PROPN
1427,exp,exp_name,isabella,Isabella,138771,138779,5,437,11,M_1427,PROPN
1428,pdnc,qID,Q383-0,my dearest creature,138969,138988,0,437,11,M_1428,Other
1429,pdnc,qID,Q383-1,You,139007,139010,0,437,11,M_1429,Other
1430,pdnc,qID,Q383-1,John,139209,139213,7,437,11,M_1430,PROPN
1431,pdnc,qID,Q383-1,John,139341,139345,7,437,11,M_1431,PROPN
1432,booknlp,COREF,103,he,139364,139366,7,437,11,M_1432,Other
1433,pdnc,qID,Q383-1,you,139433,139436,0,437,11,M_1433,Other
1434,pdnc,qID,Q383-1,you,139521,139524,0,437,11,M_1434,Other
1435,pdnc,qID,Q384-0,Mrs. Allen,139828,139838,13,440,12,M_1435,PROPN
1436,exp,exp_name,catherine,Catherine,139846,139855,0,440,12,M_1436,PROPN
1437,pdnc,qID,Q384-1,Miss Tilney,139915,139926,1,440,12,M_1437,PROPN
1438,pdnc,qID,Q385-0,my dear,140009,140016,0,441,12,M_1438,Other
1439,pdnc,qID,Q385-0,Miss Tilney,140044,140055,1,441,12,M_1439,PROPN
1440,exp,exp_name,catherine,Catherine,140078,140087,0,442,12,M_1440,PROPN
1441,exp,exp_name,general tilney,General Tilney,140224,140238,3,442,12,M_1441,PROPN
1442,exp,exp_name,mrs. allen,Mrs. Allen,140341,140351,13,442,12,M_1442,PROPN
1443,exp,exp_name,isabella,Isabella,140721,140729,5,442,12,M_1443,PROPN
1444,exp,exp_name,miss tilney,Miss Tilney,140913,140924,1,442,12,M_1444,PROPN
1445,exp,exp_name,miss tilney,Miss Tilney,140943,140954,1,442,12,M_1445,PROPN
1446,exp,exp_name,miss tilney,Miss Tilney,141188,141199,1,442,12,M_1446,PROPN
1447,exp,exp_name,catherine,Catherine,141216,141225,0,442,12,M_1447,PROPN
1448,exp,exp_name,miss tilney,Miss Tilney,141305,141316,1,442,12,M_1448,PROPN
1449,exp,exp_name,miss tilney,Miss Tilney,141651,141662,1,442,12,M_1449,PROPN
1450,exp,exp_name,catherine,Catherine,141710,141719,0,442,12,M_1450,PROPN
1451,exp,exp_name,catherine,Catherine,141793,141802,0,442,12,M_1451,PROPN
1452,exp,exp_name,isabella,Isabella,142863,142871,5,443,12,M_1452,PROPN
1453,exp,exp_name,henry tilney,Henry Tilney,143207,143219,4,443,12,M_1453,PROPN
1454,booknlp,COREF,98,his,143224,143227,4,443,12,M_1454,Other
1455,exp,exp_name,henry tilney,Henry Tilney,143530,143542,4,443,12,M_1455,PROPN
1456,booknlp,COREF,98,his,143577,143580,4,443,12,M_1456,Other
1457,booknlp,COREF,98,he,143602,143604,4,443,12,M_1457,Other
1458,booknlp,COREF,98,his,143646,143649,4,443,12,M_1458,Other
1459,booknlp,COREF,98,he,143737,143739,4,443,12,M_1459,Other
1460,booknlp,COREF,98,he,143766,143768,4,443,12,M_1460,Other
1461,booknlp,COREF,98,his,143838,143841,4,443,12,M_1461,Other
1462,exp,exp_name,catherine,Catherine,143900,143909,0,443,12,M_1462,PROPN
1463,booknlp,COREF,98,he,143988,143990,4,443,12,M_1463,Other
1464,booknlp,COREF,98,him,144006,144009,4,443,12,M_1464,Other
1465,booknlp,COREF,98,him,144245,144248,4,443,12,M_1465,Other
1466,booknlp,COREF,98,him,144294,144297,4,443,12,M_1466,Other
1467,booknlp,COREF,98,him,144358,144361,4,443,12,M_1467,Other
1468,booknlp,COREF,98,his,144391,144394,4,443,12,M_1468,Other
1469,exp,exp_name,henry tilney,Henry Tilney,144613,144625,4,444,12,M_1469,PROPN
1470,booknlp,COREF,98,he,144657,144659,4,444,12,M_1470,Other
1471,booknlp,COREF,98,his,144682,144685,4,444,12,M_1471,Other
1472,booknlp,COREF,98,he,144715,144717,4,444,12,M_1472,Other
1473,booknlp,COREF,98,he,144790,144792,4,444,12,M_1473,Other
1474,booknlp,COREF,98,his,144815,144818,4,444,12,M_1474,Other
1475,exp,exp_name,mrs. allen,Mrs. Allen,144890,144900,13,444,12,M_1475,PROPN
1476,booknlp,COREF,91,her,144905,144908,13,444,12,M_1476,Other
1477,booknlp,COREF,98,he,144944,144946,4,444,12,M_1477,Other
1478,pdnc,qID,Q387-0,Mr. Tilney,144976,144986,4,444,12,M_1478,PROPN
1479,booknlp,COREF,98,I,144988,144989,4,444,12,M_1479,Other
1480,pdnc,qID,Q387-0,you,145023,145026,4,444,12,M_1480,Other
1481,booknlp,COREF,98,my,145037,145039,4,444,12,M_1481,Other
1482,pdnc,qID,Q387-0,You,145051,145054,4,444,12,M_1482,Other
1483,booknlp,COREF,98,me,145073,145075,4,444,12,M_1483,Other
1484,booknlp,COREF,98,my,145107,145109,4,444,12,M_1484,Other
1485,pdnc,qID,Q387-0,Mrs. Allen,145129,145139,13,444,12,M_1485,PROPN
1486,booknlp,COREF,98,me,145159,145161,4,444,12,M_1486,Other
1487,pdnc,qID,Q387-0,Mr. Tilney,145167,145177,4,444,12,M_1487,PROPN
1488,pdnc,qID,Q387-0,his sister,145182,145192,1,444,12,M_1488,Other
1489,booknlp,COREF,98,I,145250,145251,4,444,12,M_1489,Other
1490,booknlp,COREF,98,I,145260,145261,4,444,12,M_1490,Other
1491,pdnc,qID,Q387-0,you,145307,145310,4,444,12,M_1491,Other
1492,booknlp,COREF,98,I,145324,145325,4,444,12,M_1492,Other
1493,pdnc,qID,Q387-0,Mrs. Allen,145327,145337,13,444,12,M_1493,PROPN
1494,pdnc,qID,Q388-0,My dear,145342,145349,0,445,12,M_1494,Other
1495,pdnc,qID,Q388-0,you,145351,145354,0,445,12,M_1495,Other
1496,booknlp,COREF,91,my,145362,145364,13,445,12,M_1496,Other
1497,exp,exp_name,mrs. allen,Mrs. Allen,145376,145386,13,445,12,M_1497,PROPN
1498,booknlp,COREF,91,Her,145397,145400,13,446,12,M_1498,Other
1499,pdnc,qID,Q389-0,you,145632,145635,0,446,12,M_1499,Other
1500,pdnc,qID,Q389-0,you,145697,145700,0,446,12,M_1500,Other
1501,pdnc,qID,Q389-0,you,145719,145722,0,446,12,M_1501,Other
1502,pdnc,qID,Q390-0,you,145793,145796,4,447,12,M_1502,Other
1503,pdnc,qID,Q390-0,Mr. Thorpe ,145860,145871,7,447,12,M_1503,PROPN
1504,pdnc,qID,Q390-0,him,145909,145912,7,447,12,M_1504,Other
1505,pdnc,qID,Q390-0,you,145935,145938,4,447,12,M_1505,Other
1506,pdnc,qID,Q390-0,Mrs. Allen,145945,145955,13,447,12,M_1506,PROPN
1507,pdnc,qID,Q390-0,Mr. Thorpe ,146015,146026,7,447,12,M_1507,PROPN
1508,pdnc,qID,Q390-0,you,146089,146092,4,447,12,M_1508,Other
1509,exp,exp_name,henry,Henry,146107,146112,4,448,12,M_1509,PROPN
1510,exp,exp_name,henry tilney,Henry Tilney,146173,146185,4,448,12,M_1510,PROPN
1511,booknlp,COREF,98,he,146230,146232,4,448,12,M_1511,Other
1512,booknlp,COREF,98,his,146270,146273,4,448,12,M_1512,Other
1513,exp,exp_name,catherine,Catherine,146318,146327,0,448,12,M_1513,PROPN
1514,pdnc,qID,Q391-0,Miss Tilney,146354,146365,1,448,12,M_1514,PROPN
1515,exp,exp_name,catherine,Catherine,146388,146397,0,448,12,M_1515,PROPN
1516,pdnc,qID,Q391-1,she,146415,146418,1,448,12,M_1516,Other
1517,pdnc,qID,Q391-1,she,146428,146431,1,448,12,M_1517,Other
1518,pdnc,qID,Q391-1,her,146483,146486,1,448,12,M_1518,Other
1519,pdnc,qID,Q391-1,you,146591,146594,4,448,12,M_1519,Other
1520,booknlp,COREF,98,I,146629,146630,4,449,12,M_1520,Other
1521,booknlp,COREF,98,I,146663,146664,4,449,12,M_1521,Other
1522,pdnc,qID,Q392-0,Eleanor,146682,146689,1,449,12,M_1522,Other
1523,pdnc,qID,Q392-0,she,146695,146698,1,449,12,M_1523,Other
1524,pdnc,qID,Q392-0,you,146734,146737,0,449,12,M_1524,Other
1525,booknlp,COREF,98,I,146793,146794,4,449,12,M_1525,Other
1526,pdnc,qID,Q392-0,my father,146844,146853,3,449,12,M_1526,Other
1527,pdnc,qID,Q392-0,he,146896,146898,3,449,12,M_1527,Other
1528,pdnc,qID,Q392-0,her,146973,146976,1,449,12,M_1528,Other
1529,booknlp,COREF,98,I,147005,147006,4,449,12,M_1529,Other
1530,pdnc,qID,Q392-0,you,147017,147020,0,449,12,M_1530,Other
1531,pdnc,qID,Q392-0,She,147022,147025,1,449,12,M_1531,Other
1532,pdnc,qID,Q392-0,her,147065,147068,1,449,12,M_1532,Other
1533,exp,exp_name,catherine,Catherine,147100,147109,0,450,12,M_1533,PROPN
1534,pdnc,qID,Q393-0,Mr. Tilney,147318,147328,4,450,12,M_1534,PROPN
1535,pdnc,qID,Q393-0,you,147340,147343,4,450,12,M_1535,Other
1536,pdnc,qID,Q393-0,your sister,147364,147375,1,450,12,M_1536,Other
1537,pdnc,qID,Q393-0,she,147380,147383,1,450,12,M_1537,Other
1538,booknlp,COREF,98,my,147408,147410,4,450,12,M_1538,Other
1539,pdnc,qID,Q393-0,you,147483,147486,4,450,12,M_1539,Other
1540,booknlp,COREF,98,I,147548,147549,4,452,12,M_1540,Other
1541,pdnc,qID,Q395-0,your,147561,147565,4,452,12,M_1541,Other
1542,pdnc,qID,Q395-0,you,147577,147580,4,452,12,M_1542,Other
1543,pdnc,qID,Q395-0,you,147600,147603,4,452,12,M_1543,Other
1544,pdnc,qID,Q397-0,you,147686,147689,4,454,12,M_1544,Other
1545,pdnc,qID,Q397-0,your,147711,147715,4,454,12,M_1545,Other
1546,exp,exp_name,catherine,Catherine,147860,147869,0,455,12,M_1546,PROPN
1547,exp,exp_name,john thorpe,John Thorpe,148211,148222,7,456,12,M_1547,PROPN
1548,exp,exp_name,general tilney,General Tilney,148327,148341,3,456,12,M_1548,PROPN
1549,exp,exp_name,general tilney,General Tilney,148521,148535,3,456,12,M_1549,PROPN
1550,booknlp,COREF,143,his,148593,148596,3,456,12,M_1550,Other
1551,booknlp,COREF,143,his,148626,148629,3,456,12,M_1551,Other
1552,booknlp,COREF,143,his,148661,148664,3,456,12,M_1552,Other
1553,pdnc,qID,Q398-0,Mr. Thorpe,148699,148709,7,456,12,M_1553,PROPN
1554,pdnc,qID,Q398-0,your father,148718,148729,3,456,12,M_1554,Other
1555,exp,exp_name,thorpe,Thorpe,148931,148937,7,457,12,M_1555,PROPN
1556,exp,exp_name,catherine,Catherine,148974,148983,0,457,12,M_1556,PROPN
1557,exp,exp_name,general tilney,General Tilney,149245,149259,3,457,12,M_1557,PROPN
1558,pdnc,qID,Q399-0,He,149262,149264,3,457,12,M_1558,Other
1559,pdnc,qID,Q399-0, his son,149332,149340,4,457,12,M_1559,Other
1560,pdnc,qID,Q399-0,him,149368,149371,3,457,12,M_1560,Other
1561,pdnc,qID,Q399-0,you,149382,149385,0,457,12,M_1561,Other
1562,pdnc,qID,Q400-0,you,149456,149459,7,458,12,M_1562,Other
1563,pdnc,qID,Q400-0,him,149468,149471,3,458,12,M_1563,Other
1564,pdnc,qID,Q401-0,him,149481,149484,3,459,12,M_1564,Other
1565,pdnc,qID,Q401-0,him,149554,149557,3,459,12,M_1565,Other
1566,pdnc,qID,Q401-0,his,149593,149596,3,459,12,M_1566,Other
1567,pdnc,qID,Q401-0,he,149625,149627,3,459,12,M_1567,Other
1568,pdnc,qID,Q401-0,him,149767,149770,3,459,12,M_1568,Other
1569,pdnc,qID,Q401-0,his,149919,149922,3,459,12,M_1569,Other
1570,pdnc,qID,Q401-0,you,149957,149960,0,459,12,M_1570,Other
1571,pdnc,qID,Q401-0,him,150014,150017,3,459,12,M_1571,Other
1572,pdnc,qID,Q401-0,him,150084,150087,3,459,12,M_1572,Other
1573,pdnc,qID,Q401-0,he,150100,150102,3,459,12,M_1573,Other
1574,pdnc,qID,Q401-0,you,150137,150140,0,459,12,M_1574,Other
1575,pdnc,qID,Q401-0,You,150172,150175,0,459,12,M_1575,Other
1576,pdnc,qID,Q401-0,the general,150198,150209,3,459,12,M_1576,Other
1577,pdnc,qID,Q401-0,you,150217,150220,0,459,12,M_1577,Other
1578,pdnc,qID,Q404-0,general,150348,150355,3,461,12,M_1578,Other
1579,pdnc,qID,Q404-0,your,150379,150383,3,461,12,M_1579,Other
1580,exp,exp_name,catherine,Catherine,150397,150406,0,462,12,M_1580,PROPN
1581,exp,exp_name,general tilney,General Tilney,150462,150476,3,462,12,M_1581,PROPN
1582,exp,exp_name,mr. allen,Mr. Allen,150515,150524,10,462,12,M_1582,PROPN
1583,exp,exp_name,thorpe,Thorpe,150526,150532,7,462,12,M_1583,PROPN
1584,exp,exp_name,general tilney,General Tilney,150694,150708,3,463,12,M_1584,PROPN
1585,exp,exp_name,isabella,Isabella,151410,151418,5,465,13,M_1585,PROPN
1586,exp,exp_name,james,James,151423,151428,6,465,13,M_1586,PROPN
1587,exp,exp_name,thorpe,Thorpe,151767,151773,7,465,13,M_1587,PROPN
1588,exp,exp_name,catherine,Catherine,151797,151806,0,465,13,M_1588,PROPN
1589,exp,exp_name,miss tilney,Miss Tilney,151891,151902,1,465,13,M_1589,PROPN
1590,exp,exp_name,isabella,Isabella,152052,152060,5,465,13,M_1590,PROPN
1591,exp,exp_name,catherine,Catherine,152062,152071,0,465,13,M_1591,PROPN
1592,exp,exp_name,miss tilney,Miss Tilney,152288,152299,1,465,13,M_1592,PROPN
1593,exp,exp_name,catherine,Catherine,152666,152675,0,465,13,M_1593,PROPN
1594,pdnc,qID,Q405-0,Isabella,152726,152734,5,465,13,M_1594,Other
1595,pdnc,qID,Q405-0,Miss Tilney,152752,152763,1,465,13,M_1595,PROPN
1596,pdnc,qID,Q406-0,Miss Tilney,152935,152946,1,465,13,M_1596,PROPN
1597,pdnc,qID,Q406-0,you,152952,152955,0,465,13,M_1597,Other
1598,exp,exp_name,isabella,Isabella,153143,153151,5,466,13,M_1598,PROPN
1599,exp,exp_name,catherine,Catherine,153313,153322,0,466,13,M_1599,PROPN
1600,exp,exp_name,catherine,Catherine,153432,153441,0,466,13,M_1600,PROPN
1601,exp,exp_name,catherine,Catherine,153552,153561,0,466,13,M_1601,PROPN
1602,exp,exp_name,isabella,Isabella,153696,153704,5,466,13,M_1602,PROPN
1603,exp,exp_name,miss tilney,Miss Tilney,153782,153793,1,466,13,M_1603,PROPN
1604,pdnc,qID,Q408-0,Catherine,153973,153982,0,466,13,M_1604,PROPN
1605,pdnc,qID,Q408-0,you,154038,154041,0,466,13,M_1605,Other
1606,pdnc,qID,Q408-0,your,154280,154284,0,466,13,M_1606,Other
1607,exp,exp_name,catherine,Catherine,154394,154403,0,467,13,M_1607,PROPN
1608,exp,exp_name,isabella,Isabella,154535,154543,5,467,13,M_1608,PROPN
1609,exp,exp_name,isabella,Isabella,154699,154707,5,467,13,M_1609,PROPN
1610,exp,exp_name,morland,Morland,154773,154780,6,467,13,M_1610,PROPN
1611,pdnc,qID,Q409-0,Catherine,154838,154847,0,467,13,M_1611,PROPN
1612,pdnc,qID,Q409-0,you,154857,154860,0,467,13,M_1612,Other
1613,pdnc,qID,Q409-0,you,154963,154966,0,467,13,M_1613,Other
1614,pdnc,qID,Q409-0,you,154984,154987,0,467,13,M_1614,Other
1615,exp,exp_name,thorpe,Thorpe,155385,155391,7,468,13,M_1615,PROPN
1616,exp,exp_name,catherine,Catherine,155447,155456,0,468,13,M_1616,PROPN
1617,exp,exp_name,isabella,Isabella,155538,155546,5,468,13,M_1617,PROPN
1618,pdnc,qID,Q411-0,Catherine,155638,155647,0,468,13,M_1618,PROPN
1619,pdnc,qID,Q412-0,Catherine,155770,155779,0,469,13,M_1619,PROPN
1620,pdnc,qID,Q412-0,you,155781,155784,0,469,13,M_1620,Other
1621,exp,exp_name,james,James,155800,155805,6,469,13,M_1621,PROPN
1622,pdnc,qID,Q413-0,Mr. Thorpe,155824,155834,7,470,13,M_1622,PROPN
1623,pdnc,qID,Q413-0,his,155848,155851,7,470,13,M_1623,Other
1624,pdnc,qID,Q414-0,ye,155920,155922,0,471,13,M_1624,Other
1625,exp,exp_name,thorpe,Thorpe,155931,155937,7,471,13,M_1625,PROPN
1626,pdnc,qID,Q414-1,you,156023,156026,0,471,13,M_1626,Other
1627,pdnc,qID,Q414-1,you,156088,156091,0,471,13,M_1627,Other
1628,exp,exp_name,thorpe,Thorpe,156173,156179,7,472,13,M_1628,PROPN
1629,exp,exp_name,catherine,Catherine,156302,156311,0,473,13,M_1629,PROPN
1630,exp,exp_name,isabella,Isabella,156447,156455,5,473,13,M_1630,PROPN
1631,pdnc,qID,Q416-0,you,156602,156605,0,474,13,M_1631,Other
1632,pdnc,qID,Q416-0,Catherine,156629,156638,0,474,13,M_1632,PROPN
1633,exp,exp_name,james,James,156646,156651,6,474,13,M_1633,PROPN
1634,pdnc,qID,Q416-1,you,156654,156657,0,474,13,M_1634,Other
1635,pdnc,qID,Q416-1,you,156699,156702,0,474,13,M_1635,Other
1636,exp,exp_name,isabella,Isabella,156916,156924,5,476,13,M_1636,PROPN
1637,exp,exp_name,catherine,Catherine,156973,156982,0,477,13,M_1637,PROPN
1638,exp,exp_name,isabella,Isabella,157027,157035,5,477,13,M_1638,PROPN
1639,exp,exp_name,thorpe,Thorpe,157119,157125,7,477,13,M_1639,PROPN
1640,pdnc,qID,Q419-0,Miss Tilney,157276,157287,1,477,13,M_1640,PROPN
1641,pdnc,qID,Q419-0,your,157298,157302,0,477,13,M_1641,Other
1642,pdnc,qID,Q420-0,You,157315,157318,7,478,13,M_1642,Other
1643,exp,exp_name,catherine,Catherine,157336,157345,0,478,13,M_1643,PROPN
1644,pdnc,qID,Q421-0,her,157376,157379,1,479,13,M_1644,Other
1645,pdnc,qID,Q421-0,her,157398,157401,1,479,13,M_1645,Other
1646,pdnc,qID,Q421-0,you,157402,157405,0,479,13,M_1646,Other
1647,pdnc,qID,Q421-0,you,157512,157515,0,479,13,M_1647,Other
1648,pdnc,qID,Q421-0,her,157560,157563,1,479,13,M_1648,Other
1649,pdnc,qID,Q421-0,She,157578,157581,1,479,13,M_1649,Other
1650,pdnc,qID,Q421-0,her,157632,157635,1,479,13,M_1650,Other
1651,exp,exp_name,isabella,Isabella,157718,157726,5,480,13,M_1651,PROPN
1652,exp,exp_name,james,James,157787,157792,6,480,13,M_1652,PROPN
1653,pdnc,qID,Q422-0,my sweet Catherine,157856,157874,0,481,13,M_1653,Other
1654,pdnc,qID,Q422-0,you,157905,157908,0,481,13,M_1654,Other
1655,exp,exp_name,catherine,Catherine,158005,158014,0,482,13,M_1655,PROPN
1656,pdnc,qID,Q423-1,Miss Tilney,158059,158070,1,482,13,M_1656,PROPN
1657,pdnc,qID,Q423-1,her,158088,158091,1,482,13,M_1657,Other
1658,exp,exp_name,isabella,Isabella,158101,158109,5,483,13,M_1658,PROPN
1659,exp,exp_name,thorpe,Thorpe,158145,158151,7,483,13,M_1659,PROPN
1660,exp,exp_name,james,James,158215,158220,6,483,13,M_1660,PROPN
1661,exp,exp_name,miss tilney,Miss Tilney,158272,158283,1,483,13,M_1661,PROPN
1662,pdnc,qID,Q424-0,Mr. Thorpe,158421,158431,7,484,13,M_1662,PROPN
1663,pdnc,qID,Q424-0,Miss Tilney,158540,158551,1,484,13,M_1663,PROPN
1664,pdnc,qID,Q424-0,Mr. Thorpe,158621,158631,7,484,13,M_1664,PROPN
1665,pdnc,qID,Q424-0,He,158636,158638,7,484,13,M_1665,Other
1666,pdnc,qID,Q424-0,he,158670,158672,7,484,13,M_1666,Other
1667,pdnc,qID,Q424-0,his,158708,158711,7,484,13,M_1667,Other
1668,pdnc,qID,Q424-0,Mr. Thorpe,158742,158752,7,484,13,M_1668,PROPN
1669,pdnc,qID,Q424-0,Isabella,158754,158762,5,484,13,M_1669,Other
1670,exp,exp_name,thorpe,Thorpe,158782,158788,7,485,13,M_1670,PROPN
1671,exp,exp_name,catherine,Catherine,158985,158994,0,486,13,M_1671,PROPN
1672,exp,exp_name,thorpe,Thorpe,159214,159220,7,486,13,M_1672,PROPN
1673,exp,exp_name,morland,Morland,159254,159261,6,486,13,M_1673,PROPN
1674,pdnc,qID,Q426-0,her,159281,159284,0,486,13,M_1674,Other
1675,pdnc,qID,Q426-0,her,159293,159296,0,486,13,M_1675,Other
1676,pdnc,qID,Q426-0,she,159304,159307,0,486,13,M_1676,Other
1677,pdnc,qID,Q427-0,She,159320,159323,0,487,13,M_1677,Other
1678,exp,exp_name,thorpe,Thorpe,159346,159352,7,488,13,M_1678,PROPN
1679,exp,exp_name,catherine,Catherine,159437,159446,0,489,13,M_1679,PROPN
1680,exp,exp_name,miss tilney,Miss Tilney,159831,159842,1,489,13,M_1680,PROPN
1681,exp,exp_name,miss tilney,Miss Tilney,160373,160384,1,489,13,M_1681,PROPN
1682,exp,exp_name,miss tilney,Miss Tilney,160833,160844,1,489,13,M_1682,PROPN
1683,exp,exp_name,general tilney,General Tilney,161026,161040,3,489,13,M_1683,PROPN
1684,booknlp,COREF,143,his,161042,161045,3,489,13,M_1684,Other
1685,exp,exp_name,catherine,Catherine,161536,161545,0,490,13,M_1685,PROPN
1686,exp,exp_name,john thorpe,John Thorpe,161557,161568,7,490,13,M_1686,PROPN
1687,exp,exp_name,miss tilney,Miss Tilney,161598,161609,1,490,13,M_1687,PROPN
1688,exp,exp_name,catherine,Catherine,161730,161739,0,490,13,M_1688,PROPN
1689,exp,exp_name,miss tilney,Miss Tilney,162063,162074,1,491,13,M_1689,PROPN
1690,exp,exp_name,thorpe,Thorpe,162166,162172,7,491,13,M_1690,PROPN
1691,exp,exp_name,catherine,Catherine,162604,162613,0,491,13,M_1691,PROPN
1692,exp,exp_name,general tilney,General Tilney,162880,162894,3,492,13,M_1692,PROPN
1693,booknlp,COREF,143,his,162924,162927,3,492,13,M_1693,Other
1694,exp,exp_name,miss tilney,Miss Tilney,163001,163012,1,492,13,M_1694,PROPN
1695,exp,exp_name,catherine,Catherine,163035,163044,0,492,13,M_1695,PROPN
1696,exp,exp_name,mrs. allen,Mrs. Allen,163109,163119,13,492,13,M_1696,PROPN
1697,exp,exp_name,mrs. allen,Mrs. Allen,163221,163231,13,492,13,M_1697,PROPN
1698,exp,exp_name,catherine,Catherine,163387,163396,0,492,13,M_1698,PROPN
1699,exp,exp_name,catherine,Catherine,163779,163788,0,493,13,M_1699,PROPN
1700,exp,exp_name,mr. allen,Mr. Allen,164611,164620,10,493,13,M_1700,PROPN
1701,exp,exp_name,mr. allen,Mr. Allen,164699,164708,10,493,13,M_1701,PROPN
1702,booknlp,COREF,89,he,164745,164747,10,493,13,M_1702,Other
1703,pdnc,qID,Q429-1,you,164757,164760,0,493,13,M_1703,Other
1704,pdnc,qID,Q430-0,Miss Tilney,164827,164838,1,494,13,M_1704,PROPN
1705,pdnc,qID,Q430-0,you,164880,164883,10,494,13,M_1705,Other
1706,booknlp,COREF,89,I,164950,164951,10,495,13,M_1706,Other
1707,pdnc,qID,Q431-0,you,164960,164963,0,495,13,M_1707,Other
1708,booknlp,COREF,89,I,165186,165187,10,495,13,M_1708,Other
1709,pdnc,qID,Q431-0,Mrs. Thorpe,165195,165206,16,495,13,M_1709,PROPN
1710,booknlp,COREF,89,I,165224,165225,10,495,13,M_1710,Other
1711,pdnc,qID,Q431-0,you,165234,165237,0,495,13,M_1711,Other
1712,booknlp,COREF,89,I,165261,165262,10,495,13,M_1712,Other
1713,pdnc,qID,Q431-0,Mrs. Morland ,165271,165284,15,495,13,M_1713,PROPN
1714,pdnc,qID,Q431-0,Mrs. Allen,165306,165316,13,495,13,M_1714,PROPN
1715,pdnc,qID,Q431-0,you,165326,165329,13,495,13,M_1715,Other
1716,booknlp,COREF,89,my,165333,165335,10,495,13,M_1716,Other
1717,pdnc,qID,Q431-0,you,165360,165363,13,495,13,M_1717,Other
1718,booknlp,COREF,89,I,165663,165664,10,497,13,M_1718,Other
1719,pdnc,qID,Q433-0,you,165670,165673,13,497,13,M_1719,Other
1720,pdnc,qID,Q433-0,you,165715,165718,13,497,13,M_1720,Other
1721,pdnc,qID,Q434-0,my dear,165860,165867,10,498,13,M_1721,Other
1722,pdnc,qID,Q435-0,Dear madam,165927,165937,13,499,13,M_1722,Other
1723,exp,exp_name,catherine,Catherine,165946,165955,0,499,13,M_1723,PROPN
1724,pdnc,qID,Q435-1,you,165975,165978,13,499,13,M_1724,Other
1725,pdnc,qID,Q435-1,Mr. Thorpe,166069,166079,7,499,13,M_1725,PROPN
1726,pdnc,qID,Q435-1,you,166107,166110,13,499,13,M_1726,Other
1727,pdnc,qID,Q435-1,you,166129,166132,13,499,13,M_1727,Other
1728,pdnc,qID,Q436-0,my dear,166180,166187,0,500,13,M_1728,Other
1729,pdnc,qID,Q436-0,you,166189,166192,0,500,13,M_1729,Other
1730,pdnc,qID,Q436-0,Mrs. Morland ,166225,166238,15,500,13,M_1730,PROPN
1731,pdnc,qID,Q436-0,you,166281,166284,0,500,13,M_1731,Other
1732,pdnc,qID,Q436-0,your good mother,166375,166391,15,500,13,M_1732,Other
1733,pdnc,qID,Q436-0,You,166406,166409,0,500,13,M_1733,Other
1734,pdnc,qID,Q436-0,you,166424,166427,0,500,13,M_1734,Other
1735,pdnc,qID,Q436-0,you,166486,166489,0,500,13,M_1735,Other
1736,pdnc,qID,Q437-0,you,166611,166614,13,501,13,M_1736,Other
1737,exp,exp_name,mr. allen,Mr. Allen,166717,166726,10,502,13,M_1737,PROPN
1738,booknlp,COREF,89,I,166733,166734,10,502,13,M_1738,Other
1739,pdnc,qID,Q438-1,you,166753,166756,0,502,13,M_1739,Other
1740,pdnc,qID,Q438-1,my dear,166758,166765,0,502,13,M_1740,Other
1741,pdnc,qID,Q438-1,Mr. Thorpe,166786,166796,7,502,13,M_1741,PROPN
1742,booknlp,COREF,89,his,166855,166858,10,503,13,M_1742,Other
1743,exp,exp_name,catherine,Catherine,166866,166875,0,504,13,M_1743,PROPN
1744,exp,exp_name,isabella,Isabella,166915,166923,5,504,13,M_1744,PROPN
1745,exp,exp_name,mr. allen,Mr. Allen,166961,166970,10,504,13,M_1745,PROPN
1746,exp,exp_name,miss thorpe,Miss Thorpe,167035,167046,5,504,13,M_1746,PROPN
1747,exp,exp_name,isabella,Isabella,167145,167153,5,504,13,M_1747,PROPN
1748,exp,exp_name,mr. allen,Mr. Allen,167241,167250,10,504,13,M_1748,PROPN
1749,pdnc,qID,Q440-0,You,167305,167308,0,504,13,M_1749,Other
1750,pdnc,qID,Q440-0,her,167326,167329,5,504,13,M_1750,Other
1751,pdnc,qID,Q440-0,my dear,167337,167344,0,504,13,M_1751,Other
1752,pdnc,qID,Q440-0,she,167346,167349,5,504,13,M_1752,Other
1753,pdnc,qID,Q440-0,she,167377,167380,5,504,13,M_1753,Other
1754,pdnc,qID,Q440-0,her,167426,167429,5,504,13,M_1754,Other
1755,pdnc,qID,Q440-0,Mrs. Thorpe ,167431,167443,16,504,13,M_1755,PROPN
1756,pdnc,qID,Q440-0,She,167520,167523,5,504,13,M_1756,Other
1757,pdnc,qID,Q440-0,your brother,167528,167540,6,504,13,M_1757,Other
1758,pdnc,qID,Q440-0,you,167559,167562,0,504,13,M_1758,Other
1759,exp,exp_name,catherine,Catherine,167596,167605,0,505,13,M_1759,PROPN
1760,exp,exp_name,isabella,Isabella,167648,167656,5,505,13,M_1760,PROPN
1761,exp,exp_name,mr. allen,Mr. Allen,167705,167714,10,505,13,M_1761,PROPN
1762,booknlp,COREF,89,his,167787,167790,10,505,13,M_1762,Other
1763,exp,exp_name,catherine,Catherine,168199,168208,0,507,14,M_1763,PROPN
1764,exp,exp_name,mr. allen,Mr. Allen,168271,168280,10,507,14,M_1764,PROPN
1765,exp,exp_name,catherine,Catherine,168980,168989,0,508,14,M_1765,PROPN
1766,pdnc,qID,Q442-0,You,169080,169083,0,509,14,M_1766,Other
1767,exp,exp_name,henry,Henry,169113,169118,4,509,14,M_1767,PROPN
1768,pdnc,qID,Q443-0,you,169305,169308,4,510,14,M_1768,Other
1769,pdnc,qID,Q445-0,you,169394,169397,4,512,14,M_1769,Other
1770,exp,exp_name,miss tilney,Miss Tilney,169782,169793,1,514,14,M_1770,PROPN
1771,pdnc,qID,Q447-1,you,169816,169819,4,514,14,M_1771,Other
1772,pdnc,qID,Q447-1,you,169953,169956,4,514,14,M_1772,Other
1773,pdnc,qID,Q447-1,you,170029,170032,4,514,14,M_1773,Other
1774,pdnc,qID,Q448-0,you,170059,170062,1,515,14,M_1774,Other
1775,pdnc,qID,Q448-0,Eleanor,170064,170071,1,515,14,M_1775,Other
1776,pdnc,qID,Q448-0,You,170101,170104,0,515,14,M_1776,Other
1777,pdnc,qID,Q448-0,Miss Morland,170110,170122,0,515,14,M_1777,PROPN
1778,pdnc,qID,Q448-0,your,170141,170145,0,515,14,M_1778,Other
1779,pdnc,qID,Q448-0,my sister,170236,170245,1,515,14,M_1779,Other
1780,pdnc,qID,Q448-0,her,170312,170315,1,515,14,M_1780,Other
1781,pdnc,qID,Q448-0,you,170396,170399,0,515,14,M_1781,Other
1782,pdnc,qID,Q448-0,her,170420,170423,1,515,14,M_1782,Other
1783,pdnc,qID,Q448-0,her,170442,170445,1,515,14,M_1783,Other
1784,pdnc,qID,Q448-0,your,170520,170524,0,515,14,M_1784,Other
1785,pdnc,qID,Q450-0,you,170867,170870,0,517,14,M_1785,Other
1786,booknlp,COREF,98,you,171005,171008,4,517,14,M_1786,Other
1787,booknlp,COREF,98,you,171031,171034,4,517,14,M_1787,Other
1788,pdnc,qID,Q450-0,you,171066,171069,0,517,14,M_1788,Other
1789,pdnc,qID,Q450-0,your,171148,171152,0,517,14,M_1789,Other
1790,pdnc,qID,Q450-0,you,171283,171286,0,517,14,M_1790,Other
1791,pdnc,qID,Q450-0,you,171333,171336,0,517,14,M_1791,Other
1792,booknlp,COREF,98,your,171369,171373,4,517,14,M_1792,Other
1793,pdnc,qID,Q451-0,you,171445,171448,4,518,14,M_1793,Other
1794,pdnc,qID,Q452-0,you,171526,171529,0,519,14,M_1794,Other
1795,pdnc,qID,Q453-0,Henry,171586,171591,4,520,14,M_1795,PROPN
1796,exp,exp_name,miss tilney,Miss Tilney,171599,171610,1,520,14,M_1796,PROPN
1797,pdnc,qID,Q453-1,you,171613,171616,4,520,14,M_1797,Other
1798,pdnc,qID,Q453-1,Miss Morland,171639,171651,0,520,14,M_1798,PROPN
1799,pdnc,qID,Q453-1,he,171653,171655,4,520,14,M_1799,Other
1800,pdnc,qID,Q453-1,you,171668,171671,0,520,14,M_1800,Other
1801,pdnc,qID,Q453-1,he,171683,171685,4,520,14,M_1801,Other
1802,pdnc,qID,Q453-1,his sister,171691,171701,1,520,14,M_1802,Other
1803,pdnc,qID,Q453-1,He,171703,171705,4,520,14,M_1803,Other
1804,pdnc,qID,Q453-1,he,171784,171786,4,520,14,M_1804,Other
1805,pdnc,qID,Q453-1,you,171819,171822,0,520,14,M_1805,Other
1806,pdnc,qID,Q453-1,you,171846,171849,0,520,14,M_1806,Other
1807,pdnc,qID,Q453-1,him,171872,171875,4,520,14,M_1807,Other
1808,pdnc,qID,Q453-1,you,171881,171884,0,520,14,M_1808,Other
1809,pdnc,qID,Q453-1,you,171917,171920,0,520,14,M_1809,Other
1810,exp,exp_name,catherine,Catherine,172022,172031,0,521,14,M_1810,PROPN
1811,exp,exp_name,henry,Henry,172150,172155,4,522,14,M_1811,PROPN
1812,booknlp,COREF,98,you,172227,172230,4,522,14,M_1812,Other
1813,booknlp,COREF,98,his,172589,172592,4,523,14,M_1813,Other
1814,pdnc,qID,Q456-1,you,172633,172636,4,523,14,M_1814,Other
1815,pdnc,qID,Q456-1,You,172671,172674,4,523,14,M_1815,Other
1816,pdnc,qID,Q456-1,Miss Morland,172706,172718,0,523,14,M_1816,PROPN
1817,pdnc,qID,Q456-1,him,172733,172736,4,523,14,M_1817,Other
1818,pdnc,qID,Q456-1,You,172888,172891,0,523,14,M_1818,Other
1819,pdnc,qID,Q459-0,you,173147,173150,1,526,14,M_1819,Other
1820,pdnc,qID,Q462-0,you,173734,173737,0,529,14,M_1820,Other
1821,exp,exp_name,miss tilney,Miss Tilney,173751,173762,1,529,14,M_1821,PROPN
1822,pdnc,qID,Q462-1,you,174180,174183,0,529,14,M_1822,Other
1823,pdnc,qID,Q463-0,You,174483,174486,1,530,14,M_1823,Other
1824,pdnc,qID,Q463-0,Mr. Allen,174519,174528,10,530,14,M_1824,PROPN
1825,pdnc,qID,Q463-0,my father,174533,174542,11,530,14,M_1825,Other
1826,exp,exp_name,henry,Henry,175196,175201,4,531,14,M_1826,PROPN
1827,booknlp,COREF,98,I,175338,175339,4,531,14,M_1827,Other
1828,booknlp,COREF,98,I,175569,175570,4,531,14,M_1828,Other
1829,booknlp,COREF,98,I,175601,175602,4,531,14,M_1829,Other
1830,pdnc,qID,Q464-1,your,175618,175622,0,531,14,M_1830,Other
1831,pdnc,qID,Q465-0,You,175713,175716,4,532,14,M_1831,Other
1832,pdnc,qID,Q465-0,you,175772,175775,4,532,14,M_1832,Other
1833,pdnc,qID,Q465-0,you,175897,175900,4,532,14,M_1833,Other
1834,pdnc,qID,Q465-0,my poor mother ,175982,175997,15,532,14,M_1834,Other
1835,pdnc,qID,Q465-0,you,176086,176089,4,532,14,M_1835,Other
1836,pdnc,qID,Q466-0,you,176285,176288,0,533,14,M_1836,Other
1837,exp,exp_name,catherine,Catherine,176697,176706,0,534,14,M_1837,PROPN
1838,exp,exp_name,catherine,Catherine,177049,177058,0,534,14,M_1838,PROPN
1839,exp,exp_name,catherine,Catherine,178385,178394,0,535,14,M_1839,PROPN
1840,exp,exp_name,catherine,Catherine,179142,179151,0,535,14,M_1840,PROPN
1841,exp,exp_name,henry,Henry,179401,179406,4,535,14,M_1841,PROPN
1842,booknlp,COREF,98,he,179524,179526,4,535,14,M_1842,Other
1843,booknlp,COREF,98,he,179651,179653,4,535,14,M_1843,Other
1844,booknlp,COREF,98,himself,179668,179675,4,535,14,M_1844,Other
1845,booknlp,COREF,98,his,179782,179785,4,535,14,M_1845,Other
1846,exp,exp_name,catherine,Catherine,179853,179862,0,535,14,M_1846,PROPN
1847,exp,exp_name,miss tilney,Miss Tilney,180006,180017,1,536,14,M_1847,PROPN
1848,pdnc,qID,Q470-0,you,180278,180281,0,538,14,M_1848,Other
1849,pdnc,qID,Q472-0,You,180477,180480,0,540,14,M_1849,Other
1850,pdnc,qID,Q472-0,your,180526,180530,0,540,14,M_1850,Other
1851,exp,exp_name,henry,Henry,180724,180729,4,541,14,M_1851,PROPN
1852,booknlp,COREF,98,He,180893,180895,4,542,14,M_1852,Other
1853,booknlp,COREF,98,I,180929,180930,4,542,14,M_1853,Other
1854,booknlp,COREF,98,I,181020,181021,4,542,14,M_1854,Other
1855,booknlp,COREF,98,I,181037,181038,4,542,14,M_1855,Other
1856,booknlp,COREF,98,myself,181050,181056,4,542,14,M_1856,Other
1857,booknlp,COREF,98,my,181093,181095,4,542,14,M_1857,Other
1858,booknlp,COREF,98,my,181123,181125,4,542,14,M_1858,Other
1859,booknlp,COREF,98,I,181132,181133,4,542,14,M_1859,Other
1860,booknlp,COREF,98,my,181164,181166,4,542,14,M_1860,Other
1861,pdnc,qID,Q475-0,Miss Morland,181416,181428,0,543,14,M_1861,PROPN
1862,pdnc,qID,Q475-0,he,181447,181449,4,543,14,M_1862,Other
1863,booknlp,COREF,98,me,181489,181491,4,543,14,M_1863,Other
1864,pdnc,qID,Q477-0,My dear Eleanor,181541,181556,1,545,14,M_1864,Other
1865,booknlp,COREF,145,your,181578,181582,1,545,14,M_1865,Other
1866,pdnc,qID,Q477-0,Miss Morland ,181629,181642,0,545,14,M_1866,PROPN
1867,pdnc,qID,Q477-0,you,181877,181880,1,545,14,M_1867,Other
1868,pdnc,qID,Q477-0,you,181897,181900,0,545,14,M_1868,Other
1869,pdnc,qID,Q477-0,Miss Morland,181902,181914,0,545,14,M_1869,PROPN
1870,pdnc,qID,Q477-0,my stupid sister,181915,181931,1,545,14,M_1870,Other
1871,pdnc,qID,Q477-0,your,181949,181953,0,545,14,M_1871,Other
1872,pdnc,qID,Q477-0,You,181976,181979,0,545,14,M_1872,Other
1873,pdnc,qID,Q477-0,she,182156,182159,1,545,14,M_1873,Other
1874,pdnc,qID,Q477-0,Captain Frederick Tilney,182475,182499,2,545,14,M_1874,PROPN
1875,pdnc,qID,Q477-0,his,182542,182545,2,545,14,M_1875,Other
1876,pdnc,qID,Q477-0,his,182565,182568,2,545,14,M_1876,Other
1877,pdnc,qID,Q477-0,her,182619,182622,1,545,14,M_1877,Other
1878,pdnc,qID,Q477-0,the sister,182647,182657,1,545,14,M_1878,Other
1879,pdnc,qID,Q477-0,she,182703,182706,1,545,14,M_1879,Other
1880,exp,exp_name,catherine,Catherine,182748,182757,0,546,14,M_1880,PROPN
1881,pdnc,qID,Q478-0,Henry,182782,182787,4,546,14,M_1881,PROPN
1882,exp,exp_name,miss tilney,Miss Tilney,182795,182806,1,546,14,M_1882,PROPN
1883,pdnc,qID,Q478-1,you,182814,182817,4,546,14,M_1883,Other
1884,pdnc,qID,Q478-1,you,182854,182857,4,546,14,M_1884,Other
1885,pdnc,qID,Q478-1,Miss Morland,182875,182887,0,546,14,M_1885,PROPN
1886,booknlp,COREF,98,yourself,182899,182907,4,546,14,M_1886,Other
1887,pdnc,qID,Q478-1,you,182915,182918,4,546,14,M_1887,Other
1888,pdnc,qID,Q478-1,her,182932,182935,0,546,14,M_1888,Other
1889,pdnc,qID,Q478-1,you,182942,182945,4,546,14,M_1889,Other
1890,pdnc,qID,Q478-1,your sister,182966,182977,1,546,14,M_1890,Other
1891,pdnc,qID,Q478-1,your,183000,183004,4,546,14,M_1891,Other
1892,pdnc,qID,Q478-1,Miss Morland,183034,183046,0,546,14,M_1892,PROPN
1893,pdnc,qID,Q478-1,your,183062,183066,4,546,14,M_1893,Other
1894,booknlp,COREF,98,I,183080,183081,4,547,14,M_1894,Other
1895,pdnc,qID,Q479-0,her,183110,183113,0,547,14,M_1895,Other
1896,booknlp,COREF,98,I,183210,183211,4,549,14,M_1896,Other
1897,pdnc,qID,Q482-0,You,183222,183225,4,550,14,M_1897,Other
1898,pdnc,qID,Q482-0,you,183236,183239,4,550,14,M_1898,Other
1899,pdnc,qID,Q482-0,your,183259,183263,4,550,14,M_1899,Other
1900,pdnc,qID,Q482-0,her,183292,183295,0,550,14,M_1900,Other
1901,pdnc,qID,Q482-0,her,183302,183305,0,550,14,M_1901,Other
1902,pdnc,qID,Q482-0,you,183311,183314,4,550,14,M_1902,Other
1903,pdnc,qID,Q483-0,Miss Morland,183367,183379,0,551,14,M_1903,PROPN
1904,booknlp,COREF,98,I,183381,183382,4,551,14,M_1904,Other
1905,booknlp,COREF,98,I,183502,183503,4,551,14,M_1905,Other
1906,pdnc,qID,Q485-0,Miss Morland,183572,183584,0,553,14,M_1906,PROPN
1907,booknlp,COREF,98,I,183650,183651,4,553,14,M_1907,Other
1908,booknlp,COREF,98,my,183659,183661,4,553,14,M_1908,Other
1909,pdnc,qID,Q486-0,him,183800,183803,4,554,14,M_1909,Other
1910,pdnc,qID,Q486-0,Miss Morland,183809,183821,0,554,14,M_1910,PROPN
1911,pdnc,qID,Q486-0,He,183823,183825,4,554,14,M_1911,Other
1912,pdnc,qID,Q486-0,you,183866,183869,0,554,14,M_1912,Other
1913,pdnc,qID,Q486-0,he,183875,183877,4,554,14,M_1913,Other
1914,pdnc,qID,Q486-0,he,183913,183915,4,554,14,M_1914,Other
1915,exp,exp_name,catherine,Catherine,184022,184031,0,555,14,M_1915,PROPN
1916,exp,exp_name,henry tilney,Henry Tilney,184048,184060,4,555,14,M_1916,PROPN
1917,booknlp,COREF,98,His,184083,184086,4,555,14,M_1917,Other
1918,booknlp,COREF,98,his,184124,184127,4,555,14,M_1918,Other
1919,exp,exp_name,miss tilney,Miss Tilney,184383,184394,1,555,14,M_1919,PROPN
1920,exp,exp_name,mrs. allen,Mrs. Allen,184468,184478,13,555,14,M_1920,PROPN
1921,exp,exp_name,catherine,Catherine,184485,184494,0,555,14,M_1921,PROPN
1922,exp,exp_name,mrs. allen,Mrs. Allen,184602,184612,13,555,14,M_1922,PROPN
1923,exp,exp_name,catherine,Catherine,184648,184657,0,555,14,M_1923,PROPN
1924,exp,exp_name,isabella,Isabella,184822,184830,5,556,14,M_1924,PROPN
1925,exp,exp_name,james,James,184834,184839,6,556,14,M_1925,PROPN
1926,exp,exp_name,mrs. allen,Mrs. Allen,184981,184991,13,556,14,M_1926,PROPN
1927,exp,exp_name,catherine,Catherine,185131,185140,0,556,14,M_1927,PROPN
1928,exp,exp_name,miss thorpe,Miss Thorpe,185308,185319,5,556,14,M_1928,PROPN
1929,exp,exp_name,miss anne,Miss Anne,185575,185584,9,556,14,M_1929,PROPN
1930,booknlp,COREF,157,I,185591,185592,9,556,14,M_1930,Other
1931,booknlp,COREF,157,I,185601,185602,9,556,14,M_1931,Other
1932,booknlp,COREF,157,I,185633,185634,9,556,14,M_1932,Other
1933,pdnc,qID,Q487-1,you,185641,185644,0,556,14,M_1933,Other
1934,booknlp,COREF,157,I,185649,185650,9,556,14,M_1934,Other
1935,pdnc,qID,Q487-1,Belle,185794,185799,5,556,14,M_1935,PROPN
1936,pdnc,qID,Q487-1,your brother,185810,185822,6,556,14,M_1936,Other
1937,pdnc,qID,Q487-1,John,185828,185832,7,556,14,M_1937,PROPN
1938,pdnc,qID,Q487-1,Maria,185839,185844,8,556,14,M_1938,PROPN
1939,exp,exp_name,catherine,Catherine,185848,185857,0,557,14,M_1939,PROPN
1940,pdnc,qID,Q488-1,Maria ,185967,185973,8,558,14,M_1940,PROPN
1941,pdnc,qID,Q488-1,She ,185982,185986,8,558,14,M_1941,Other
1942,booknlp,COREF,158,She,186008,186011,8,558,14,M_1942,Other
1943,booknlp,COREF,158,her,186075,186078,8,558,14,M_1943,Other
1944,exp,exp_name,catherine,Catherine,186181,186190,0,559,14,M_1944,PROPN
1945,pdnc,qID,Q489-0,you,186291,186294,9,559,14,M_1945,Other
1946,pdnc,qID,Q490-0,you,186322,186325,0,560,14,M_1946,Other
1947,pdnc,qID,Q490-0,you,186462,186465,0,560,14,M_1947,Other
1948,pdnc,qID,Q490-0,us,186475,186477,9,560,14,M_1948,Other
1949,exp,exp_name,catherine,Catherine,186481,186490,0,561,14,M_1949,PROPN
1950,exp,exp_name,anne,Anne,186528,186532,9,561,14,M_1950,PROPN
1951,exp,exp_name,james,James,186810,186815,6,561,14,M_1951,PROPN
1952,exp,exp_name,isabella,Isabella,186819,186827,5,561,14,M_1952,PROPN
1953,exp,exp_name,isabella,Isabella,186914,186922,5,563,15,M_1953,PROPN
1954,exp,exp_name,catherine,Catherine,187068,187077,0,563,15,M_1954,PROPN
1955,exp,exp_name,anne,Anne,187225,187229,9,563,15,M_1955,PROPN
1956,booknlp,COREF,157,her,187252,187255,9,563,15,M_1956,Other
1957,exp,exp_name,catherine,Catherine,187264,187273,0,563,15,M_1957,PROPN
1958,exp,exp_name,maria,Maria,187364,187369,8,563,15,M_1958,PROPN
1959,exp,exp_name,catherine,Catherine,187423,187432,0,563,15,M_1959,PROPN
1960,exp,exp_name,mr. morland,Mr. Morland,188156,188167,11,563,15,M_1960,PROPN
1961,exp,exp_name,catherine,Catherine,188220,188229,0,564,15,M_1961,PROPN
1962,exp,exp_name,maria,Maria,188401,188406,8,564,15,M_1962,PROPN
1963,booknlp,COREF,158,her,188467,188470,8,564,15,M_1963,Other
1964,exp,exp_name,anne,Anne,188478,188482,9,564,15,M_1964,PROPN
1965,booknlp,COREF,158,she,188489,188492,8,564,15,M_1965,Other
1966,pdnc,qID,Q491-0,She,188562,188565,9,565,15,M_1966,Other
1967,booknlp,COREF,158,me,188585,188587,8,565,15,M_1967,Other
1968,booknlp,COREF,158,I,188589,188590,8,565,15,M_1968,Other
1969,pdnc,qID,Q491-0,you,188605,188608,0,565,15,M_1969,Other
1970,booknlp,COREF,158,I,188625,188626,8,565,15,M_1970,Other
1971,pdnc,qID,Q491-0,John,188636,188640,7,565,15,M_1971,PROPN
1972,booknlp,COREF,158,me,188652,188654,8,565,15,M_1972,Other
1973,pdnc,qID,Q491-0,he,188663,188665,7,565,15,M_1973,Other
1974,pdnc,qID,Q491-0,he,188672,188674,7,565,15,M_1974,Other
1975,pdnc,qID,Q491-0,her,188691,188694,9,565,15,M_1975,Other
1976,pdnc,qID,Q491-0,she,188704,188707,9,565,15,M_1976,Other
1977,booknlp,COREF,158,I,188731,188732,8,565,15,M_1977,Other
1978,pdnc,qID,Q491-0,she,188742,188745,9,565,15,M_1978,Other
1979,booknlp,COREF,158,I,188795,188796,8,565,15,M_1979,Other
1980,booknlp,COREF,158,I,188811,188812,8,565,15,M_1980,Other
1981,booknlp,COREF,158,me,188868,188870,8,565,15,M_1981,Other
1982,exp,exp_name,isabella,Isabella,188888,188896,5,566,15,M_1982,PROPN
1983,exp,exp_name,maria,Maria,189013,189018,8,566,15,M_1983,PROPN
1984,exp,exp_name,isabella,Isabella,189055,189063,5,566,15,M_1984,PROPN
1985,exp,exp_name,catherine,Catherine,189075,189084,0,566,15,M_1985,PROPN
1986,pdnc,qID,Q492-0,my dear Catherine,189104,189121,0,566,15,M_1986,Other
1987,pdnc,qID,Q492-0,your,189140,189144,0,566,15,M_1987,Other
1988,pdnc,qID,Q492-0,you,189174,189177,0,566,15,M_1988,Other
1989,pdnc,qID,Q492-0,yours,189200,189205,0,566,15,M_1989,Other
1990,exp,exp_name,catherine,Catherine,189237,189246,0,567,15,M_1990,PROPN
1991,pdnc,qID,Q493-0,"my beloved, sweetest friend",189301,189328,0,568,15,M_1991,Other
1992,pdnc,qID,Q493-1,you,189399,189402,0,568,15,M_1992,Other
1993,pdnc,qID,Q493-1,you,189463,189466,0,568,15,M_1993,Other
1994,pdnc,qID,Q493-1,you,189489,189492,0,568,15,M_1994,Other
1995,pdnc,qID,Q493-1,Sly creature,189506,189518,0,568,15,M_1995,Other
1996,pdnc,qID,Q493-1,My dear Catherine,189524,189541,0,568,15,M_1996,Other
1997,pdnc,qID,Q493-1,you,189543,189546,0,568,15,M_1997,Other
1998,pdnc,qID,Q493-1,Your brother,189608,189620,6,568,15,M_1998,Other
1999,pdnc,qID,Q493-1,him,189684,189687,6,568,15,M_1999,Other
2000,pdnc,qID,Q493-1,father,189718,189724,11,568,15,M_2000,PROPN
2001,pdnc,qID,Q493-1,mother,189729,189735,15,568,15,M_2001,Other
2002,exp,exp_name,catherine,Catherine,189795,189804,0,569,15,M_2002,PROPN
2003,pdnc,qID,Q494-0,My dear Isabella,189968,189984,5,569,15,M_2003,Other
2004,pdnc,qID,Q494-0,you,189994,189997,5,569,15,M_2004,Other
2005,pdnc,qID,Q494-0,you,190008,190011,5,569,15,M_2005,Other
2006,pdnc,qID,Q494-0,you,190016,190019,5,569,15,M_2006,Other
2007,pdnc,qID,Q494-0,James,190043,190048,6,569,15,M_2007,PROPN
2008,exp,exp_name,isabella,Isabella,190206,190214,5,570,15,M_2008,PROPN
2009,exp,exp_name,james,James,190382,190387,6,570,15,M_2009,PROPN
2010,exp,exp_name,catherine,Catherine,190399,190408,0,570,15,M_2010,PROPN
2011,exp,exp_name,catherine,Catherine,190949,190958,0,571,15,M_2011,PROPN
2012,exp,exp_name,isabella,Isabella,191037,191045,5,571,15,M_2012,PROPN
2013,pdnc,qID,Q495-0,You,191090,191093,0,571,15,M_2013,Other
2014,pdnc,qID,Q495-0,my Catherine,191130,191142,0,571,15,M_2014,Other
2015,pdnc,qID,Q495-0,Anne,191156,191160,9,571,15,M_2015,PROPN
2016,pdnc,qID,Q495-0,Maria,191164,191169,8,571,15,M_2016,PROPN
2017,pdnc,qID,Q495-0,my dear Morland s,191219,191236,6,571,15,M_2017,Other
2018,exp,exp_name,catherine,Catherine,191300,191309,0,572,15,M_2018,PROPN
2019,pdnc,qID,Q496-0,You,191313,191316,0,573,15,M_2019,Other
2020,pdnc,qID,Q496-0,your dear brother,191329,191346,6,573,15,M_2020,Other
2021,exp,exp_name,isabella,Isabella,191359,191367,5,573,15,M_2021,PROPN
2022,pdnc,qID,Q496-1,you,191392,191395,0,573,15,M_2022,Other
2023,pdnc,qID,Q496-1,you,191419,191422,0,573,15,M_2023,Other
2024,pdnc,qID,Q496-1,Morland,191514,191521,6,573,15,M_2024,PROPN
2025,pdnc,qID,Q496-1,us,191530,191532,5,573,15,M_2025,Other
2026,pdnc,qID,Q496-1,him,191579,191582,6,573,15,M_2026,Other
2027,pdnc,qID,Q496-1,John,191725,191729,7,573,15,M_2027,PROPN
2028,pdnc,qID,Q496-1,him,191741,191744,6,573,15,M_2028,Other
2029,exp,exp_name,catherine,Catherine,191803,191812,0,574,15,M_2029,PROPN
2030,pdnc,qID,Q497-0,your brother,192124,192136,6,575,15,M_2030,Other
2031,pdnc,qID,Q497-0,Catherine,192234,192243,0,575,15,M_2031,PROPN
2032,pdnc,qID,Q497-0,your brother s,192285,192299,6,575,15,M_2032,Other
2033,pdnc,qID,Q497-0,you,192326,192329,0,575,15,M_2033,Other
2034,pdnc,qID,Q497-0,you,192416,192419,0,575,15,M_2034,Other
2035,pdnc,qID,Q497-0,you,192446,192449,0,575,15,M_2035,Other
2036,pdnc,qID,Q497-0,you,192631,192634,0,575,15,M_2036,Other
2037,exp,exp_name,catherine,Catherine,192639,192648,0,576,15,M_2037,PROPN
2038,exp,exp_name,isabella,Isabella,192855,192863,5,576,15,M_2038,PROPN
2039,exp,exp_name,isabella,Isabella,193070,193078,5,576,15,M_2039,PROPN
2040,exp,exp_name,catherine,Catherine,193080,193089,0,576,15,M_2040,PROPN
2041,pdnc,qID,Q499-0,Morland,193375,193382,6,577,15,M_2041,PROPN
2042,exp,exp_name,isabella,Isabella,193415,193423,5,577,15,M_2042,PROPN
2043,pdnc,qID,Q499-1,Your brother,193515,193527,6,577,15,M_2043,Other
2044,exp,exp_name,catherine,Catherine,193561,193570,0,578,15,M_2044,PROPN
2045,pdnc,qID,Q500-0,Isabella,193616,193624,5,579,15,M_2045,Other
2046,pdnc,qID,Q500-0,you,193626,193629,5,579,15,M_2046,Other
2047,pdnc,qID,Q501-0,My sweet Catherine,193706,193724,0,580,15,M_2047,Other
2048,pdnc,qID,Q501-0,your,193730,193734,0,580,15,M_2048,Other
2049,pdnc,qID,Q501-0,your brother,193973,193985,6,580,15,M_2049,Other
2050,exp,exp_name,catherine,Catherine,194084,194093,0,581,15,M_2050,PROPN
2051,pdnc,qID,Q502-1,you,194348,194351,5,581,15,M_2051,Other
2052,exp,exp_name,isabella,Isabella,194379,194387,5,582,15,M_2052,PROPN
2053,exp,exp_name,catherine,Catherine,194727,194736,0,583,15,M_2053,PROPN
2054,pdnc,qID,Q504-1,You,194739,194742,5,583,15,M_2054,Other
2055,pdnc,qID,Q504-1,You,194771,194774,5,583,15,M_2055,Other
2056,pdnc,qID,Q505-0,you,194862,194865,0,584,15,M_2056,Other
2057,pdnc,qID,Q505-0,your father,194978,194989,11,584,15,M_2057,Other
2058,pdnc,qID,Q505-0,Morland,195000,195007,6,584,15,M_2058,PROPN
2059,exp,exp_name,isabella,Isabella,195225,195233,5,585,15,M_2059,PROPN
2060,exp,exp_name,catherine,Catherine,195443,195452,0,586,15,M_2060,PROPN
2061,exp,exp_name,james,James,195626,195631,6,586,15,M_2061,PROPN
2062,pdnc,qID,Q506-0,Morland,195966,195973,6,586,15,M_2062,PROPN
2063,pdnc,qID,Q506-0,you,195988,195991,6,586,15,M_2063,Other
2064,pdnc,qID,Q506-0,you,196015,196018,6,586,15,M_2064,Other
2065,pdnc,qID,Q506-0,you,196054,196057,6,586,15,M_2065,Other
2066,exp,exp_name,mrs. thorpe,Mrs. Thorpe,196285,196296,16,587,15,M_2066,PROPN
2067,exp,exp_name,mr. morland,Mr. Morland,196375,196386,11,587,15,M_2067,PROPN
2068,exp,exp_name,isabella,Isabella,196410,196418,5,587,15,M_2068,PROPN
2069,exp,exp_name,catherine,Catherine,196690,196699,0,587,15,M_2069,PROPN
2070,exp,exp_name,anne,Anne,196915,196919,9,587,15,M_2070,PROPN
2071,exp,exp_name,maria,Maria,196924,196929,8,587,15,M_2071,PROPN
2072,exp,exp_name,catherine,Catherine,197186,197195,0,588,15,M_2072,PROPN
2073,exp,exp_name,isabella,Isabella,197419,197427,5,588,15,M_2073,PROPN
2074,exp,exp_name,isabella,Isabella,197867,197875,5,588,15,M_2074,PROPN
2075,exp,exp_name,mrs. thorpe,Mrs. Thorpe,198038,198049,16,589,15,M_2075,PROPN
2076,pdnc,qID,Q507-0,dear John,198238,198247,7,589,15,M_2076,Other
2077,pdnc,qID,Q507-1,dear Catherine,198254,198268,0,589,15,M_2077,Other
2078,pdnc,qID,Q507-2,dear Anne,198286,198295,9,589,15,M_2078,Other
2079,pdnc,qID,Q507-2,dear Maria,198300,198310,8,589,15,M_2079,Other
2080,exp,exp_name,isabella,Isabella,198407,198415,5,589,15,M_2080,PROPN
2081,exp,exp_name,john,John,198475,198479,7,589,15,M_2081,PROPN
2082,booknlp,COREF,103,himself,198480,198487,7,589,15,M_2082,Other
2083,booknlp,COREF,103,He,198511,198513,7,589,15,M_2083,Other
2084,exp,exp_name,mr. morland,Mr. Morland,198535,198546,11,589,15,M_2084,PROPN
2085,booknlp,COREF,103,his,198650,198653,7,589,15,M_2085,Other
2086,exp,exp_name,james,James,198813,198818,6,590,15,M_2086,PROPN
2087,exp,exp_name,isabella,Isabella,198858,198866,5,590,15,M_2087,PROPN
2088,exp,exp_name,mr. morland,Mr. Morland,198923,198934,11,590,15,M_2088,PROPN
2089,exp,exp_name,john thorpe,John Thorpe,199644,199655,7,591,15,M_2089,PROPN
2090,booknlp,COREF,103,his,199698,199701,7,591,15,M_2090,Other
2091,pdnc,qID,Q508-0,Miss Morland,199749,199761,0,591,15,M_2091,PROPN
2092,booknlp,COREF,103,he,199769,199771,7,591,15,M_2092,Other
2093,pdnc,qID,Q508-1,you,199828,199831,0,591,15,M_2093,Other
2094,exp,exp_name,catherine,Catherine,199843,199852,0,591,15,M_2094,PROPN
2095,booknlp,COREF,103,him,199860,199863,7,591,15,M_2095,Other
2096,booknlp,COREF,103,he,199911,199913,7,591,15,M_2096,Other
2097,booknlp,COREF,103,you,200012,200015,7,592,15,M_2097,Other
2098,exp,exp_name,catherine,Catherine,200042,200051,0,592,15,M_2098,PROPN
2099,booknlp,COREF,103,He,200053,200055,7,592,15,M_2099,Other
2100,booknlp,COREF,103,my,200165,200167,7,592,15,M_2100,Other
2101,pdnc,qID,Q510-0,Morland s,200192,200201,6,592,15,M_2101,Other
2102,pdnc,qID,Q510-0,Belle s,200206,200213,5,592,15,M_2102,Other
2103,pdnc,qID,Q510-0,you,200223,200226,0,592,15,M_2103,Other
2104,pdnc,qID,Q510-0,Miss Morland,200240,200252,0,592,15,M_2104,PROPN
2105,booknlp,COREF,103,I,200255,200256,7,592,15,M_2105,Other
2106,pdnc,qID,Q512-0,you,200330,200333,0,594,15,M_2106,Other
2107,booknlp,COREF,103,I,200362,200363,7,594,15,M_2107,Other
2108,pdnc,qID,Q512-0,you,200372,200375,0,594,15,M_2108,Other
2109,pdnc,qID,Q512-0,you,200416,200419,0,594,15,M_2109,Other
2110,booknlp,COREF,103,I,200485,200486,7,594,15,M_2110,Other
2111,pdnc,qID,Q512-0,you,200492,200495,0,594,15,M_2111,Other
2112,pdnc,qID,Q512-0,Belle s,200509,200516,5,594,15,M_2112,Other
2113,booknlp,COREF,103,I,200526,200527,7,594,15,M_2113,Other
2114,pdnc,qID,Q513-0,your sister,200558,200569,5,595,15,M_2114,Other
2115,pdnc,qID,Q513-0,her,200581,200584,5,595,15,M_2115,Other
2116,pdnc,qID,Q514-0,you,200611,200614,0,596,15,M_2116,Other
2117,booknlp,COREF,103,I,200673,200674,7,596,15,M_2117,Other
2118,pdnc,qID,Q515-0,you,200685,200688,0,596,15,M_2118,Other
2119,booknlp,COREF,103,I,200754,200755,7,597,15,M_2119,Other
2120,booknlp,COREF,103,I,200774,200775,7,597,15,M_2120,Other
2121,pdnc,qID,Q516-0,you,200781,200784,7,597,15,M_2121,Other
2122,booknlp,COREF,103,I,200801,200802,7,597,15,M_2122,Other
2123,pdnc,qID,Q516-0,Miss Tilney,200813,200824,1,597,15,M_2123,PROPN
2124,pdnc,qID,Q517-0,we,200922,200924,7,598,15,M_2124,Other
2125,booknlp,COREF,103,I,200961,200962,7,598,15,M_2125,Other
2126,booknlp,COREF,103,me,201058,201060,7,598,15,M_2126,Other
2127,pdnc,qID,Q518-0,you,201077,201080,7,599,15,M_2127,Other
2128,exp,exp_name,catherine,Catherine,201109,201118,0,599,15,M_2128,PROPN
2129,pdnc,qID,Q519-0,you,201175,201178,0,600,15,M_2129,Other
2130,booknlp,COREF,103,I,201211,201212,7,600,15,M_2130,Other
2131,pdnc,qID,Q519-0,you,201249,201252,0,600,15,M_2131,Other
2132,booknlp,COREF,103,I,201310,201311,7,600,15,M_2132,Other
2133,pdnc,qID,Q519-0,you,201390,201393,0,600,15,M_2133,Other
2134,pdnc,qID,Q519-0,you,201440,201443,0,600,15,M_2134,Other
2135,booknlp,COREF,103,my,201459,201461,7,600,15,M_2135,Other
2136,booknlp,COREF,103,I,201468,201469,7,600,15,M_2136,Other
2137,pdnc,qID,Q519-0,you,201495,201498,0,600,15,M_2137,Other
2138,booknlp,COREF,103,me,201548,201550,7,601,15,M_2138,Other
2139,booknlp,COREF,103,I,201552,201553,7,601,15,M_2139,Other
2140,pdnc,qID,Q520-0,you,201606,201609,7,601,15,M_2140,Other
2141,booknlp,COREF,103,I,201618,201619,7,602,15,M_2141,Other
2142,pdnc,qID,Q521-0,Miss Morland,201625,201637,0,602,15,M_2142,PROPN
2143,booknlp,COREF,103,I,201639,201640,7,602,15,M_2143,Other
2144,booknlp,COREF,103,my,201660,201662,7,602,15,M_2144,Other
2145,booknlp,COREF,103,My,201737,201739,7,603,15,M_2145,Other
2146,pdnc,qID,Q522-0,you,201783,201786,7,603,15,M_2146,Other
2147,booknlp,COREF,103,I,201795,201796,7,604,15,M_2147,Other
2148,booknlp,COREF,103,I,201802,201803,7,604,15,M_2148,Other
2149,pdnc,qID,Q523-0,Miss Morland,201810,201822,0,604,15,M_2149,PROPN
2150,pdnc,qID,Q523-0,you,201825,201828,0,604,15,M_2150,Other
2151,booknlp,COREF,103,me,201855,201857,7,604,15,M_2151,Other
2152,booknlp,COREF,103,I,201910,201911,7,605,15,M_2152,Other
2153,booknlp,COREF,103,my,201973,201975,7,606,15,M_2153,Other
2154,booknlp,COREF,103,me,201998,202000,7,606,15,M_2154,Other
2155,booknlp,COREF,103,me,202036,202038,7,606,15,M_2155,Other
2156,booknlp,COREF,103,I,202075,202076,7,606,15,M_2156,Other
2157,booknlp,COREF,103,me,202087,202089,7,606,15,M_2157,Other
2158,booknlp,COREF,103,I,202104,202105,7,606,15,M_2158,Other
2159,booknlp,COREF,103,I,202125,202126,7,606,15,M_2159,Other
2160,booknlp,COREF,103,I.,202166,202168,7,606,15,M_2160,Other
2161,booknlp,COREF,103,I,202173,202174,7,606,15,M_2161,Other
2162,pdnc,qID,Q525-0,you,202200,202203,0,606,15,M_2162,Other
2163,booknlp,COREF,103,I,202222,202223,7,606,15,M_2163,Other
2164,pdnc,qID,Q525-0,Miss Morland,202239,202251,0,606,15,M_2164,PROPN
2165,pdnc,qID,Q525-0,you,202253,202256,0,606,15,M_2165,Other
2166,booknlp,COREF,103,I,202261,202262,7,606,15,M_2166,Other
2167,booknlp,COREF,103,I,202345,202346,7,607,15,M_2167,Other
2168,booknlp,COREF,103,I,202432,202433,7,607,15,M_2168,Other
2169,booknlp,COREF,103,my,202439,202441,7,607,15,M_2169,Other
2170,booknlp,COREF,103,I.,202481,202483,7,608,15,M_2170,Other
2171,booknlp,COREF,103,my,202494,202496,7,608,15,M_2171,Other
2172,booknlp,COREF,103,my,202511,202513,7,608,15,M_2172,Other
2173,booknlp,COREF,103,me,202548,202550,7,608,15,M_2173,Other
2174,booknlp,COREF,103,My,202552,202554,7,608,15,M_2174,Other
2175,booknlp,COREF,103,me,202594,202596,7,608,15,M_2175,Other
2176,booknlp,COREF,103,I,202616,202617,7,608,15,M_2176,Other
2177,booknlp,COREF,103,I,202628,202629,7,608,15,M_2177,Other
2178,booknlp,COREF,103,my,202661,202663,7,608,15,M_2178,Other
2179,booknlp,COREF,103,I,202684,202685,7,608,15,M_2179,Other
2180,booknlp,COREF,103,I,202724,202725,7,608,15,M_2180,Other
2181,booknlp,COREF,103,my,202754,202756,7,608,15,M_2181,Other
2182,booknlp,COREF,103,I,202829,202830,7,609,15,M_2182,Other
2183,pdnc,qID,Q528-0,you,202842,202845,7,609,15,M_2183,Other
2184,booknlp,COREF,103,I,202989,202990,7,609,15,M_2184,Other
2185,booknlp,COREF,103,I,203074,203075,7,609,15,M_2185,Other
2186,pdnc,qID,Q528-0,you,203155,203158,7,609,15,M_2186,Other
2187,exp,exp_name,mrs. allen,Mrs. Allen,203699,203709,13,610,15,M_2187,PROPN
2188,exp,exp_name,isabella,Isabella,204074,204082,5,610,15,M_2188,PROPN
2189,exp,exp_name,catherine,Catherine,204146,204155,0,610,15,M_2189,PROPN
2190,exp,exp_name,james,James,204239,204244,6,610,15,M_2190,PROPN
2191,exp,exp_name,mrs. allen,Mrs. Allen,204308,204318,13,610,15,M_2191,PROPN
2192,exp,exp_name,catherine,Catherine,204674,204683,0,612,16,M_2192,PROPN
2193,exp,exp_name,general tilney,General Tilney,204855,204869,3,612,16,M_2193,PROPN
2194,booknlp,COREF,143,his,204894,204897,3,612,16,M_2194,Other
2195,exp,exp_name,henry,Henry,204915,204920,4,612,16,M_2195,PROPN
2196,exp,exp_name,miss tilney,Miss Tilney,205199,205210,1,612,16,M_2196,PROPN
2197,exp,exp_name,henry tilney,Henry Tilney,205313,205325,4,612,16,M_2197,PROPN
2198,booknlp,COREF,98,he,205389,205391,4,612,16,M_2198,Other
2199,booknlp,COREF,98,his,205516,205519,4,612,16,M_2199,Other
2200,booknlp,COREF,98,him,205596,205599,4,612,16,M_2200,Other
2201,exp,exp_name,general tilney,General Tilney,205657,205671,3,612,16,M_2201,PROPN
2202,booknlp,COREF,98,he,205686,205688,4,612,16,M_2202,Other
2203,booknlp,COREF,98,he,205797,205799,4,612,16,M_2203,Other
2204,exp,exp_name,henry,Henry,205827,205832,4,612,16,M_2204,PROPN
2205,booknlp,COREF,98,He,205844,205846,4,612,16,M_2205,Other
2206,booknlp,COREF,98,his,205877,205880,4,612,16,M_2206,Other
2207,booknlp,COREF,98,his,205941,205944,4,612,16,M_2207,Other
2208,exp,exp_name,isabella,Isabella,206073,206081,5,612,16,M_2208,PROPN
2209,exp,exp_name,miss tilney,Miss Tilney,206324,206335,1,612,16,M_2209,PROPN
2210,pdnc,qID,Q529-0,Isabella,206550,206558,5,613,16,M_2210,Other
2211,pdnc,qID,Q529-0,she,206591,206594,5,613,16,M_2211,Other
2212,pdnc,qID,Q530-0,her,206631,206634,1,614,16,M_2212,Other
2213,pdnc,qID,Q530-0,the brother,206645,206656,4,614,16,M_2213,Other
2214,pdnc,qID,Q530-0,he,206658,206660,4,614,16,M_2214,Other
2215,pdnc,qID,Q530-0,you,206694,206697,0,614,16,M_2215,Other
2216,pdnc,qID,Q530-0,he,206771,206773,4,614,16,M_2216,Other
2217,pdnc,qID,Q530-0,you,206796,206799,0,614,16,M_2217,Other
2218,pdnc,qID,Q531-0,he,206839,206841,4,615,16,M_2218,Other
2219,pdnc,qID,Q532-0,you,206963,206966,0,616,16,M_2219,Other
2220,pdnc,qID,Q532-0,him,206985,206988,4,616,16,M_2220,Other
2221,pdnc,qID,Q532-0,my dear Catherine,206996,207013,0,616,16,M_2221,Other
2222,pdnc,qID,Q532-0,he,207022,207024,4,616,16,M_2222,Other
2223,pdnc,qID,Q532-0,you,207040,207043,0,616,16,M_2223,Other
2224,pdnc,qID,Q533-0,he,207075,207077,4,617,16,M_2224,Other
2225,pdnc,qID,Q534-0,he,207128,207130,4,618,16,M_2225,Other
2226,pdnc,qID,Q534-0,you,207147,207150,0,618,16,M_2226,Other
2227,pdnc,qID,Q534-0,your brother,207190,207202,6,618,16,M_2227,Other
2228,pdnc,qID,Q534-0,John,207233,207237,7,618,16,M_2228,PROPN
2229,pdnc,qID,Q535-0,General Tilney,207281,207295,3,619,16,M_2229,PROPN
2230,pdnc,qID,Q535-0,you,207306,207309,5,619,16,M_2230,Other
2231,pdnc,qID,Q535-0,his,207414,207417,3,619,16,M_2231,Other
2232,pdnc,qID,Q536-0,him,207485,207488,3,620,16,M_2232,Other
2233,pdnc,qID,Q536-0,him,207507,207510,3,620,16,M_2233,Other
2234,pdnc,qID,Q536-0,John,207564,207568,7,620,16,M_2234,PROPN
2235,pdnc,qID,Q536-0,him,207589,207592,3,620,16,M_2235,Other
2236,pdnc,qID,Q536-0,John s,207598,207604,7,620,16,M_2236,PROPN
2237,pdnc,qID,Q539-0,you,207733,207736,5,623,16,M_2237,Other
2238,pdnc,qID,Q540-0,you,207792,207795,0,624,16,M_2238,Other
2239,pdnc,qID,Q540-0,you,207834,207837,0,624,16,M_2239,Other
2240,pdnc,qID,Q540-0,you,207909,207912,0,624,16,M_2240,Other
2241,exp,exp_name,isabella,Isabella,208258,208266,5,625,16,M_2241,PROPN
2242,exp,exp_name,miss tilney,Miss Tilney,208606,208617,1,625,16,M_2242,PROPN
2243,exp,exp_name,henry,Henry,208649,208654,4,625,16,M_2243,PROPN
2244,exp,exp_name,captain tilney,Captain Tilney,208747,208761,2,626,16,M_2244,PROPN
2245,exp,exp_name,henry,Henry,209355,209360,4,626,16,M_2245,PROPN
2246,exp,exp_name,catherine,Catherine,209823,209832,0,626,16,M_2246,PROPN
2247,booknlp,COREF,1080,her,209975,209978,0,626,16,M_2247,Other
2248,exp,exp_name,henry tilney,Henry Tilney,210000,210012,4,626,16,M_2248,PROPN
2249,booknlp,COREF,98,he,210058,210060,4,626,16,M_2249,Other
2250,booknlp,COREF,98,him,210083,210086,4,626,16,M_2250,Other
2251,booknlp,COREF,1080,herself,210113,210120,0,626,16,M_2251,Other
2252,exp,exp_name,captain tilney,Captain Tilney,210154,210168,2,627,16,M_2252,PROPN
2253,exp,exp_name,catherine,Catherine,210207,210216,0,627,16,M_2253,PROPN
2254,exp,exp_name,captain tilney,Captain Tilney,210392,210406,2,627,16,M_2254,PROPN
2255,exp,exp_name,henry,Henry,210818,210823,4,627,16,M_2255,PROPN
2256,exp,exp_name,miss thorpe,Miss Thorpe,210872,210883,5,627,16,M_2256,PROPN
2257,exp,exp_name,catherine,Catherine,210982,210991,0,627,16,M_2257,PROPN
2258,exp,exp_name,miss thorpe,Miss Thorpe,211044,211055,5,627,16,M_2258,PROPN
2259,pdnc,qID,Q541-0,Your brother ,211164,211177,2,628,16,M_2259,Other
2260,pdnc,qID,Q541-1,him,211231,211234,2,628,16,M_2260,Other
2261,pdnc,qID,Q541-1,he,211251,211253,2,628,16,M_2261,Other
2262,pdnc,qID,Q541-1,him,211301,211304,2,628,16,M_2262,Other
2263,pdnc,qID,Q541-1,he,211331,211333,2,628,16,M_2263,Other
2264,pdnc,qID,Q541-1,Isabella,211338,211346,5,628,16,M_2264,Other
2265,pdnc,qID,Q541-1,she,211373,211376,5,628,16,M_2265,Other
2266,pdnc,qID,Q541-1,he,211407,211409,2,628,16,M_2266,Other
2267,pdnc,qID,Q541-1,she,211433,211436,5,628,16,M_2267,Other
2268,exp,exp_name,henry,Henry,211486,211491,4,629,16,M_2268,PROPN
2269,pdnc,qID,Q542-0,you,211547,211550,0,629,16,M_2269,Other
2270,pdnc,qID,Q543-0,you,211619,211622,4,630,16,M_2270,Other
2271,pdnc,qID,Q544-0,you,211637,211640,0,631,16,M_2271,Other
2272,booknlp,COREF,98,I,211841,211842,4,631,16,M_2272,Other
2273,booknlp,COREF,98,my,211874,211876,4,631,16,M_2273,Other
2274,pdnc,qID,Q545-0,you,211933,211936,4,632,16,M_2274,Other
2275,booknlp,COREF,98,I,211980,211981,4,633,16,M_2275,Other
2276,pdnc,qID,Q546-0,you,211993,211996,0,633,16,M_2276,Other
2277,pdnc,qID,Q549-0,you,212149,212152,4,636,16,M_2277,Other
2278,booknlp,COREF,98,I,212168,212169,4,637,16,M_2278,Other
2279,pdnc,qID,Q550-0,you,212181,212184,0,637,16,M_2279,Other
2280,pdnc,qID,Q550-0,you,212207,212210,0,637,16,M_2280,Other
2281,pdnc,qID,Q550-0,you,212262,212265,0,637,16,M_2281,Other
2282,booknlp,COREF,98,I,212414,212415,4,639,16,M_2282,Other
2283,pdnc,qID,Q552-0,your,212432,212436,0,639,16,M_2283,Other
2284,pdnc,qID,Q552-0,my brother s ,212449,212462,2,639,16,M_2284,Other
2285,pdnc,qID,Q552-0,Miss Thorpe,212483,212494,5,639,16,M_2285,PROPN
2286,booknlp,COREF,98,me,212526,212528,4,639,16,M_2286,Other
2287,pdnc,qID,Q552-0,your,212532,212536,0,639,16,M_2287,Other
2288,exp,exp_name,catherine,Catherine,212608,212617,0,640,16,M_2288,PROPN
2289,exp,exp_name,isabella,Isabella,212957,212965,5,640,16,M_2289,PROPN
2290,exp,exp_name,captain tilney,Captain Tilney,212998,213012,2,640,16,M_2290,PROPN
2291,exp,exp_name,isabella,Isabella,213051,213059,5,641,16,M_2291,PROPN
2292,exp,exp_name,catherine,Catherine,213215,213224,0,641,16,M_2292,PROPN
2293,pdnc,qID,Q553-0,Isabella,213343,213351,5,642,16,M_2293,Other
2294,pdnc,qID,Q554-0,Isabella,213395,213403,5,643,16,M_2294,Other
2295,pdnc,qID,Q554-0,her,213417,213420,5,643,16,M_2295,Other
2296,pdnc,qID,Q555-0,you,213483,213486,4,644,16,M_2296,Other
2297,pdnc,qID,Q555-0,him,213492,213495,2,644,16,M_2297,Other
2298,pdnc,qID,Q555-0,he,213515,213517,2,644,16,M_2298,Other
2299,pdnc,qID,Q555-0,her,213540,213543,5,644,16,M_2299,Other
2300,pdnc,qID,Q556-0,You,213595,213598,0,645,16,M_2300,Other
2301,pdnc,qID,Q556-0,your friend s,213622,213635,5,645,16,M_2301,Other
2302,pdnc,qID,Q556-0,my brother,213676,213686,2,645,16,M_2302,Other
2303,pdnc,qID,Q556-0,his,213688,213691,2,645,16,M_2303,Other
2304,pdnc,qID,Q556-0,him,213762,213765,2,645,16,M_2304,Other
2305,pdnc,qID,Q556-0,your friend,213802,213813,5,645,16,M_2305,Other
2306,pdnc,qID,Q556-0,her,213838,213841,5,645,16,M_2306,Other
2307,pdnc,qID,Q556-0,you,213852,213855,0,645,16,M_2307,Other
2308,pdnc,qID,Q557-0,You,213903,213906,4,646,16,M_2308,Other
2309,pdnc,qID,Q557-0,you,213935,213938,4,646,16,M_2309,Other
2310,pdnc,qID,Q557-0,Isabella,213940,213948,5,646,16,M_2310,Other
2311,pdnc,qID,Q558-0,Miss Thorpe,214171,214182,5,647,16,M_2311,PROPN
2312,exp,exp_name,isabella,Isabella,214399,214407,5,648,16,M_2312,PROPN
2313,pdnc,qID,Q559-0,your,214452,214456,0,648,16,M_2313,Other
2314,pdnc,qID,Q559-0,He,214502,214504,2,648,16,M_2314,Other
2315,pdnc,qID,Q560-0,you,214638,214641,5,649,16,M_2315,Other
2316,pdnc,qID,Q561-0,My dear,214650,214657,0,650,16,M_2316,Other
2317,pdnc,qID,Q561-0,you,214699,214702,0,650,16,M_2317,Other
2318,pdnc,qID,Q561-0,him,214742,214745,2,650,16,M_2318,Other
2319,pdnc,qID,Q561-0,he,214779,214781,2,650,16,M_2319,Other
2320,pdnc,qID,Q561-0,You,214804,214807,0,650,16,M_2320,Other
2321,pdnc,qID,Q561-0,he,214825,214827,2,650,16,M_2321,Other
2322,pdnc,qID,Q561-0,him,214849,214852,2,650,16,M_2322,Other
2323,pdnc,qID,Q561-0,he,214906,214908,2,650,16,M_2323,Other
2324,pdnc,qID,Q561-0,he,214971,214973,2,650,16,M_2324,Other
2325,pdnc,qID,Q561-0,he,215018,215020,2,650,16,M_2325,Other
2326,pdnc,qID,Q561-0,he,215045,215047,2,650,16,M_2326,Other
2327,pdnc,qID,Q561-0,him,215096,215099,2,650,16,M_2327,Other
2328,pdnc,qID,Q561-0,he,215100,215102,2,650,16,M_2328,Other
2329,pdnc,qID,Q561-0,Mrs. Hughes,215318,215329,14,650,16,M_2329,PROPN
2330,pdnc,qID,Q561-0,him,215346,215349,2,650,16,M_2330,Other
2331,pdnc,qID,Q561-0,your dear brother,215387,215404,6,650,16,M_2331,Other
2332,pdnc,qID,Q561-0,he,215416,215418,6,650,16,M_2332,Other
2333,pdnc,qID,Q561-0, his,215551,215555,2,650,16,M_2333,Other
2334,pdnc,qID,Q561-0,us,215634,215636,5,650,16,M_2334,Other
2335,pdnc,qID,Q562-0,He,215641,215643,2,651,16,M_2335,Other
2336,pdnc,qID,Q563-0,he,215697,215699,2,652,16,M_2336,Other
2337,pdnc,qID,Q563-0,him,215736,215739,2,652,16,M_2337,Other
2338,pdnc,qID,Q563-0,he,215756,215758,2,652,16,M_2338,Other
2339,pdnc,qID,Q563-0,he,215856,215858,2,652,16,M_2339,Other
2340,pdnc,qID,Q563-0,him,215912,215915,2,652,16,M_2340,Other
2341,pdnc,qID,Q563-0,you,215936,215939,0,652,16,M_2341,Other
2342,exp,exp_name,james morland,James Morland,216043,216056,6,653,16,M_2342,PROPN
2343,exp,exp_name,mr. morland,Mr. Morland,216166,216177,11,653,16,M_2343,PROPN
2344,exp,exp_name,james,James,216511,216516,6,654,16,M_2344,PROPN
2345,exp,exp_name,catherine,Catherine,216751,216760,0,654,16,M_2345,PROPN
2346,exp,exp_name,isabella,Isabella,216950,216958,5,654,16,M_2346,PROPN
2347,exp,exp_name,isabella,Isabella,217039,217047,5,655,16,M_2347,PROPN
2348,pdnc,qID,Q565-0,Mr. Morland ,217069,217081,11,655,16,M_2348,PROPN
2349,exp,exp_name,mrs. thorpe,Mrs. Thorpe,217134,217145,16,655,16,M_2349,PROPN
2350,pdnc,qID,Q565-1,him,217246,217249,11,655,16,M_2350,Other
2351,pdnc,qID,Q565-1,you,217251,217254,5,655,16,M_2351,Other
2352,pdnc,qID,Q565-1,he,217264,217266,11,655,16,M_2352,Other
2353,pdnc,qID,Q565-1,he,217312,217314,11,655,16,M_2353,Other
2354,pdnc,qID,Q565-1,he,217335,217337,11,655,16,M_2354,Other
2355,pdnc,qID,Q565-1,your,217436,217440,5,655,16,M_2355,Other
2356,pdnc,qID,Q565-1,my dear Isabella,217449,217465,5,655,16,M_2356,Other
2357,pdnc,qID,Q565-1,you,217484,217487,5,655,16,M_2357,Other
2358,pdnc,qID,Q565-1,you,217515,217518,5,655,16,M_2358,Other
2359,pdnc,qID,Q565-1,my dear,217530,217537,5,655,16,M_2359,Other
2360,pdnc,qID,Q566-0,my dear Morland,217633,217648,6,656,16,M_2360,Other
2361,pdnc,qID,Q566-0,him,217657,217660,6,656,16,M_2361,Other
2362,pdnc,qID,Q567-0,you,217808,217811,5,657,16,M_2362,Other
2363,pdnc,qID,Q567-0,my dear,217822,217829,5,657,16,M_2363,Other
2364,pdnc,qID,Q567-0,you,217835,217838,5,657,16,M_2364,Other
2365,pdnc,qID,Q567-0,your,217856,217860,5,657,16,M_2365,Other
2366,pdnc,qID,Q567-0,you,217913,217916,5,657,16,M_2366,Other
2367,pdnc,qID,Q567-0,you,217962,217965,5,657,16,M_2367,Other
2368,pdnc,qID,Q567-0,you,217994,217997,5,657,16,M_2368,Other
2369,exp,exp_name,mr. morland,Mr. Morland,218019,218030,11,657,16,M_2369,PROPN
2370,pdnc,qID,Q567-0,you,218036,218039,5,657,16,M_2370,Other
2371,pdnc,qID,Q567-0,my dear child,218041,218054,5,657,16,M_2371,Other
2372,pdnc,qID,Q567-0,our dear Catherine,218082,218100,0,657,16,M_2372,Other
2373,pdnc,qID,Q567-0,Mr. Morland,218128,218139,11,657,16,M_2373,PROPN
2374,pdnc,qID,Q567-0,you,218170,218173,5,657,16,M_2374,Other
2375,pdnc,qID,Q567-0,you,218228,218231,5,657,16,M_2375,Other
2376,pdnc,qID,Q567-0,my dear,218238,218245,5,657,16,M_2376,Other
2377,pdnc,qID,Q567-0,you,218282,218285,5,657,16,M_2377,Other
2378,pdnc,qID,Q567-0,he,218314,218316,11,657,16,M_2378,Other
2379,pdnc,qID,Q567-0,he,218373,218375,11,657,16,M_2379,Other
2380,pdnc,qID,Q568-0,Mr. Morland ,218441,218453,11,658,16,M_2380,PROPN
2381,pdnc,qID,Q568-0,you,218508,218511,16,658,16,M_2381,Other
2382,exp,exp_name,catherine,Catherine,218588,218597,0,658,16,M_2382,PROPN
2383,pdnc,qID,Q569-1,my father,218664,218673,11,658,16,M_2383,Other
2384,pdnc,qID,Q569-1,he,218704,218706,11,658,16,M_2384,Other
2385,exp,exp_name,isabella,Isabella,218721,218729,5,659,16,M_2385,PROPN
2386,pdnc,qID,Q570-0,my sweet Catherine,218764,218782,0,659,16,M_2386,Other
2387,pdnc,qID,Q570-0,you,218813,218816,0,659,16,M_2387,Other
2388,pdnc,qID,Q570-0,my Catherine,219106,219118,0,659,16,M_2388,Other
2389,pdnc,qID,Q570-0,you,219120,219123,0,659,16,M_2389,Other
2390,pdnc,qID,Q570-0,your brother,219229,219241,6,659,16,M_2390,Other
2391,pdnc,qID,Q571-0,my darling Isabella,219276,219295,5,660,16,M_2391,Other
2392,exp,exp_name,mrs. thorpe,Mrs. Thorpe,219303,219314,16,660,16,M_2392,PROPN
2393,pdnc,qID,Q571-1,You,219351,219354,5,660,16,M_2393,Other
2394,pdnc,qID,Q571-1,you,219443,219446,5,660,16,M_2394,Other
2395,exp,exp_name,catherine,Catherine,219495,219504,0,661,16,M_2395,PROPN
2396,exp,exp_name,isabella,Isabella,219628,219636,5,661,16,M_2396,PROPN
2397,exp,exp_name,james,James,219792,219797,6,661,16,M_2397,PROPN
2398,exp,exp_name,catherine,Catherine,220034,220043,0,663,17,M_2398,PROPN
2399,exp,exp_name,henry tilney,Henry Tilney,220444,220456,4,663,17,M_2399,PROPN
2400,exp,exp_name,catherine,Catherine,220482,220491,0,663,17,M_2400,PROPN
2401,exp,exp_name,james,James,220535,220540,6,663,17,M_2401,PROPN
2402,exp,exp_name,miss tilney,Miss Tilney,220984,220995,1,663,17,M_2402,PROPN
2403,exp,exp_name,mr. allen,Mr. Allen,221114,221123,10,663,17,M_2403,PROPN
2404,exp,exp_name,miss tilney,Miss Tilney,221147,221158,1,663,17,M_2404,PROPN
2405,exp,exp_name,catherine,Catherine,221359,221368,0,663,17,M_2405,PROPN
2406,exp,exp_name,miss tilney,Miss Tilney,221439,221450,1,663,17,M_2406,PROPN
2407,pdnc,qID,Q573-0,my father,221508,221517,3,664,17,M_2407,Other
2408,pdnc,qID,Q573-0,He,221591,221593,3,664,17,M_2408,Other
2409,pdnc,qID,Q573-0,he,221646,221648,3,664,17,M_2409,Other
2410,pdnc,qID,Q573-0,he,221679,221681,3,664,17,M_2410,Other
2411,exp,exp_name,catherine,Catherine,221762,221771,0,665,17,M_2411,PROPN
2412,exp,exp_name,miss tilney,Miss Tilney,221831,221842,1,666,17,M_2412,PROPN
2413,pdnc,qID,Q575-1,you,221870,221873,0,666,17,M_2413,Other
2414,exp,exp_name,catherine,Catherine,221986,221995,0,667,17,M_2414,PROPN
2415,pdnc,qID,Q576-0,Eleanor,222158,222165,1,667,17,M_2415,Other
2416,pdnc,qID,Q576-0,you,222186,222189,1,667,17,M_2416,Other
2417,booknlp,COREF,145,your,222213,222217,1,667,17,M_2417,Other
2418,pdnc,qID,Q576-0,your fair friend,222233,222249,0,667,17,M_2418,Other
2419,pdnc,qID,Q577-0,sir,222296,222299,3,668,17,M_2419,PROPN
2420,pdnc,qID,Q577-0,you,222304,222307,3,668,17,M_2420,Other
2421,booknlp,COREF,145,your,222364,222368,1,669,17,M_2421,Other
2422,pdnc,qID,Q578-0,Miss Morland,222398,222410,0,669,17,M_2422,PROPN
2423,pdnc,qID,Q578-1,she,222525,222528,1,669,17,M_2423,Other
2424,pdnc,qID,Q578-1,you,222546,222549,0,669,17,M_2424,Other
2425,pdnc,qID,Q578-1,you,222857,222860,0,669,17,M_2425,Other
2426,pdnc,qID,Q578-1,you,222910,222913,0,669,17,M_2426,Other
2427,pdnc,qID,Q578-1,your friend Eleanor,222989,223008,1,669,17,M_2427,Other
2428,booknlp,COREF,145,your,223014,223018,1,669,17,M_2428,Other
2429,booknlp,COREF,145,yourself,223173,223181,1,669,17,M_2429,Other
2430,pdnc,qID,Q578-1,yours,223199,223204,0,669,17,M_2430,Other
2431,pdnc,qID,Q578-1,you,223262,223265,0,669,17,M_2431,Other
2432,pdnc,qID,Q578-1,you,223308,223311,0,669,17,M_2432,Other
2433,pdnc,qID,Q578-1,you,223374,223377,0,669,17,M_2433,Other
2434,pdnc,qID,Q578-1,you,223439,223442,0,669,17,M_2434,Other
2435,pdnc,qID,Q578-1,you,223506,223509,0,669,17,M_2435,Other
2436,exp,exp_name,catherine,Catherine,223700,223709,0,670,17,M_2436,PROPN
2437,exp,exp_name,general tilney,General Tilney,224252,224266,3,671,17,M_2437,PROPN
2438,booknlp,COREF,143,his,224388,224391,3,671,17,M_2438,Other
2439,pdnc,qID,Q580-0,you,224437,224440,0,671,17,M_2439,Other
2440,booknlp,COREF,143,he,224448,224450,3,671,17,M_2440,Other
2441,exp,exp_name,miss tilney,Miss Tilney,224500,224511,1,672,17,M_2441,PROPN
2442,exp,exp_name,catherine,Catherine,224722,224731,0,673,17,M_2442,PROPN
2443,exp,exp_name,henry,Henry,224899,224904,4,673,17,M_2443,PROPN
2444,exp,exp_name,mrs. morland,Mrs. Morland,224999,225011,15,673,17,M_2444,PROPN
2445,exp,exp_name,catherine,Catherine,225322,225331,0,673,17,M_2445,PROPN
2446,exp,exp_name,isabella,Isabella,225805,225813,5,673,17,M_2446,PROPN
2447,exp,exp_name,henry tilney,Henry Tilney,226307,226319,4,673,17,M_2447,PROPN
2448,booknlp,COREF,98,his,226390,226393,4,673,17,M_2448,Other
2449,exp,exp_name,miss tilney,Miss Tilney,227428,227439,1,675,17,M_2449,PROPN
2450,exp,exp_name,catherine,Catherine,227996,228005,0,677,18,M_2450,PROPN
2451,exp,exp_name,isabella,Isabella,228082,228090,5,677,18,M_2451,PROPN
2452,exp,exp_name,mrs. allen,Mrs. Allen,228253,228263,13,677,18,M_2452,PROPN
2453,exp,exp_name,catherine,Catherine,228651,228660,0,678,18,M_2453,PROPN
2454,exp,exp_name,isabella,Isabella,228677,228685,5,678,18,M_2454,PROPN
2455,pdnc,qID,Q582-0,Isabella,228946,228954,5,678,18,M_2455,Other
2456,pdnc,qID,Q582-0,James,228956,228961,6,678,18,M_2456,PROPN
2457,pdnc,qID,Q583-0,My dear creature,228990,229006,0,679,18,M_2457,Other
2458,pdnc,qID,Q583-1,him,229091,229094,6,679,18,M_2458,Other
2459,pdnc,qID,Q583-1,you,229194,229197,0,679,18,M_2459,Other
2460,pdnc,qID,Q584-0,You,229371,229374,5,680,18,M_2460,Other
2461,pdnc,qID,Q584-0,you,229438,229441,5,680,18,M_2461,Other
2462,pdnc,qID,Q585-0,you,229547,229550,0,681,18,M_2462,Other
2463,exp,exp_name,tilney,Tilney,229720,229726,4,681,18,M_2463,PROPN
2464,pdnc,qID,Q586-0,Isabella,229803,229811,5,682,18,M_2464,Other
2465,pdnc,qID,Q586-0,you,229813,229816,5,682,18,M_2465,Other
2466,pdnc,qID,Q587-0,John,230018,230022,7,683,18,M_2466,PROPN
2467,pdnc,qID,Q587-0,you,230024,230027,0,683,18,M_2467,Other
2468,pdnc,qID,Q589-0,My sweet love,230080,230093,0,685,18,M_2468,Other
2469,pdnc,qID,Q589-0,he,230138,230140,7,685,18,M_2469,Other
2470,pdnc,qID,Q589-0,he,230177,230179,7,685,18,M_2470,Other
2471,pdnc,qID,Q589-0,you,230215,230218,0,685,18,M_2471,Other
2472,pdnc,qID,Q590-0,dear Isabella,230234,230247,5,686,18,M_2472,Other
2473,pdnc,qID,Q591-0,my sweetest Catherine,230257,230278,0,687,18,M_2473,Other
2474,pdnc,qID,Q591-0,His,230495,230498,7,687,18,M_2474,Other
2475,pdnc,qID,Q591-0,he,230585,230587,7,687,18,M_2475,Other
2476,pdnc,qID,Q591-0,you,230603,230606,0,687,18,M_2476,Other
2477,pdnc,qID,Q591-0,him,230612,230615,7,687,18,M_2477,Other
2478,pdnc,qID,Q591-0,He,230649,230651,7,687,18,M_2478,Other
2479,pdnc,qID,Q591-0,he,230686,230688,7,687,18,M_2479,Other
2480,pdnc,qID,Q591-0,you,230705,230708,0,687,18,M_2480,Other
2481,pdnc,qID,Q591-0,you,230728,230731,0,687,18,M_2481,Other
2482,pdnc,qID,Q591-0,his,230741,230744,7,687,18,M_2482,Other
2483,pdnc,qID,Q591-0,he,230782,230784,7,687,18,M_2483,Other
2484,pdnc,qID,Q591-0,his,230802,230805,7,687,18,M_2484,Other
2485,pdnc,qID,Q591-0,you,230851,230854,0,687,18,M_2485,Other
2486,exp,exp_name,catherine,Catherine,230896,230905,0,688,18,M_2486,PROPN
2487,exp,exp_name,mr. thorpe,Mr. Thorpe,231032,231042,12,688,18,M_2487,PROPN
2488,pdnc,qID,Q592-0,his,231173,231176,7,688,18,M_2488,Other
2489,pdnc,qID,Q592-0,his,231267,231270,7,688,18,M_2489,Other
2490,pdnc,qID,Q592-0,his,231307,231310,7,688,18,M_2490,Other
2491,pdnc,qID,Q592-0,you,231465,231468,5,688,18,M_2491,Other
2492,pdnc,qID,Q592-0,he,231614,231616,7,688,18,M_2492,Other
2493,pdnc,qID,Q592-0,him,231686,231689,7,688,18,M_2493,Other
2494,pdnc,qID,Q593-0,you,231729,231732,0,689,18,M_2494,Other
2495,pdnc,qID,Q593-0,you,231752,231755,0,689,18,M_2495,Other
2496,pdnc,qID,Q593-0,your father,231816,231827,11,689,18,M_2496,Other
2497,pdnc,qID,Q593-0,you,231869,231872,0,689,18,M_2497,Other
2498,pdnc,qID,Q593-0,John,231877,231881,7,689,18,M_2498,PROPN
2499,pdnc,qID,Q593-0,you,231925,231928,0,689,18,M_2499,Other
2500,pdnc,qID,Q594-0,you,231952,231955,5,690,18,M_2500,Other
2501,pdnc,qID,Q594-0,you,231966,231969,5,690,18,M_2501,Other
2502,pdnc,qID,Q594-0,you,232078,232081,5,690,18,M_2502,Other
2503,pdnc,qID,Q594-0,him,232094,232097,7,690,18,M_2503,Other
2504,pdnc,qID,Q594-0,his,232230,232233,7,690,18,M_2504,Other
2505,pdnc,qID,Q594-0,you,232240,232243,5,690,18,M_2505,Other
2506,pdnc,qID,Q594-0,him,232376,232379,7,690,18,M_2506,Other
2507,pdnc,qID,Q594-0,he,232413,232415,7,690,18,M_2507,Other
2508,pdnc,qID,Q594-0,him,232553,232556,7,690,18,M_2508,Other
2509,pdnc,qID,Q594-0,you,232568,232571,5,690,18,M_2509,Other
2510,pdnc,qID,Q594-0,him,232586,232589,7,690,18,M_2510,Other
2511,pdnc,qID,Q594-0,his,232596,232599,7,690,18,M_2511,Other
2512,pdnc,qID,Q594-0,him,232658,232661,7,690,18,M_2512,Other
2513,pdnc,qID,Q594-0,Isabella,232765,232773,5,690,18,M_2513,Other
2514,pdnc,qID,Q594-0,you,232790,232793,5,690,18,M_2514,Other
2515,pdnc,qID,Q594-0,he,232861,232863,7,690,18,M_2515,Other
2516,exp,exp_name,isabella,Isabella,232885,232893,5,690,18,M_2516,PROPN
2517,pdnc,qID,Q595-0,My dear friend,232907,232921,5,690,18,M_2517,Other
2518,pdnc,qID,Q595-0,you,232923,232926,5,690,18,M_2518,Other
2519,pdnc,qID,Q595-0,your brother,232971,232983,7,690,18,M_2519,Other
2520,pdnc,qID,Q595-0,you,233018,233021,5,690,18,M_2520,Other
2521,pdnc,qID,Q597-0,my dear Catherine,233171,233188,0,691,18,M_2521,Other
2522,pdnc,qID,Q597-0,you,233216,233219,0,691,18,M_2522,Other
2523,pdnc,qID,Q597-0,poor John,233243,233252,7,691,18,M_2523,Other
2524,pdnc,qID,Q598-0,his,233296,233299,7,692,18,M_2524,Other
2525,pdnc,qID,Q599-0,you,233412,233415,0,693,18,M_2525,Other
2526,pdnc,qID,Q599-0,John,233429,233433,7,693,18,M_2526,PROPN
2527,pdnc,qID,Q599-0,you,233457,233460,0,693,18,M_2527,Other
2528,pdnc,qID,Q599-0,his,233532,233535,7,693,18,M_2528,Other
2529,pdnc,qID,Q599-0,you,233653,233656,0,693,18,M_2529,Other
2530,pdnc,qID,Q599-0,you,233681,233684,0,693,18,M_2530,Other
2531,pdnc,qID,Q599-0,You,233700,233703,0,693,18,M_2531,Other
2532,pdnc,qID,Q599-0,you,233717,233720,0,693,18,M_2532,Other
2533,pdnc,qID,Q599-0,John,233889,233893,7,693,18,M_2533,PROPN
2534,pdnc,qID,Q599-0,he,233913,233915,7,693,18,M_2534,Other
2535,pdnc,qID,Q600-0,You,233952,233955,5,694,18,M_2535,Other
2536,pdnc,qID,Q600-0,You,233997,234000,5,694,18,M_2536,Other
2537,pdnc,qID,Q600-0,your brother,234045,234057,7,694,18,M_2537,Other
2538,pdnc,qID,Q600-0,him,234075,234078,7,694,18,M_2538,Other
2539,exp,exp_name,isabella,Isabella,234139,234147,5,695,18,M_2539,PROPN
2540,pdnc,qID,Q601-1,your,234196,234200,0,695,18,M_2540,Other
2541,pdnc,qID,Q601-1,you,234419,234422,0,695,18,M_2541,Other
2542,pdnc,qID,Q601-1,you,234486,234489,0,695,18,M_2542,Other
2543,pdnc,qID,Q601-1,you,234590,234593,0,695,18,M_2543,Other
2544,pdnc,qID,Q602-0,your brother,234686,234698,7,696,18,M_2544,Other
2545,pdnc,qID,Q602-0,You,234740,234743,5,696,18,M_2545,Other
2546,pdnc,qID,Q603-0,My dearest Catherine,234783,234803,0,697,18,M_2546,Other
2547,pdnc,qID,Q603-1,you,234915,234918,0,697,18,M_2547,Other
2548,pdnc,qID,Q603-1,you,234945,234948,0,697,18,M_2548,Other
2549,pdnc,qID,Q603-1,you,234959,234962,0,697,18,M_2549,Other
2550,pdnc,qID,Q603-1,you,235027,235030,0,697,18,M_2550,Other
2551,pdnc,qID,Q603-1,your,235048,235052,0,697,18,M_2551,Other
2552,pdnc,qID,Q603-1,he,235100,235102,7,697,18,M_2552,Other
2553,pdnc,qID,Q603-1,my brother,235106,235116,7,697,18,M_2553,Other
2554,pdnc,qID,Q603-1,you,235145,235148,0,697,18,M_2554,Other
2555,pdnc,qID,Q603-1,you,235186,235189,0,697,18,M_2555,Other
2556,pdnc,qID,Q603-1,You,235389,235392,0,697,18,M_2556,Other
2557,pdnc,qID,Q603-1,my dear Catherine,235467,235484,0,697,18,M_2557,Other
2558,pdnc,qID,Q603-1,you,235567,235570,0,697,18,M_2558,Other
2559,pdnc,qID,Q603-1,Tilney,235605,235611,2,697,18,M_2559,PROPN
2560,pdnc,qID,Q603-1,he,235718,235720,2,697,18,M_2560,Other
2561,pdnc,qID,Q603-1,he,235767,235769,2,697,18,M_2561,Other
2562,exp,exp_name,catherine,Catherine,235800,235809,0,698,18,M_2562,PROPN
2563,exp,exp_name,captain tilney,Captain Tilney,235833,235847,2,698,18,M_2563,PROPN
2564,exp,exp_name,isabella,Isabella,235853,235861,5,698,18,M_2564,PROPN
2565,exp,exp_name,catherine,Catherine,236037,236046,0,698,18,M_2565,PROPN
2566,exp,exp_name,isabella,Isabella,236172,236180,5,699,18,M_2566,PROPN
2567,pdnc,qID,Q605-1,you,236224,236227,2,699,18,M_2567,Other
2568,pdnc,qID,Q605-1,you,236291,236294,2,699,18,M_2568,Other
2569,pdnc,qID,Q606-0,your,236334,236338,5,700,18,M_2569,Other
2570,pdnc,qID,Q607-0,you,236422,236425,2,701,18,M_2570,Other
2571,pdnc,qID,Q607-0,You,236450,236453,2,701,18,M_2571,Other
2572,pdnc,qID,Q607-0,you,236471,236474,2,701,18,M_2572,Other
2573,pdnc,qID,Q608-0,we,236493,236495,2,702,18,M_2573,Other
2574,pdnc,qID,Q608-0,we,236513,236515,2,702,18,M_2574,Other
2575,pdnc,qID,Q608-0,us,236541,236543,2,702,18,M_2575,Other
2576,pdnc,qID,Q609-0,you,236689,236692,2,703,18,M_2576,Other
2577,pdnc,qID,Q610-0,your ,236729,236734,2,703,18,M_2577,Other
2578,exp,exp_name,catherine,Catherine,236865,236874,0,705,18,M_2578,PROPN
2579,exp,exp_name,isabella,Isabella,236957,236965,5,705,18,M_2579,PROPN
2580,exp,exp_name,mrs. allen,Mrs. Allen,237052,237062,13,705,18,M_2580,PROPN
2581,exp,exp_name,isabella,Isabella,237101,237109,5,705,18,M_2581,PROPN
2582,exp,exp_name,catherine,Catherine,237337,237346,0,705,18,M_2582,PROPN
2583,exp,exp_name,catherine,Catherine,237401,237410,0,705,18,M_2583,PROPN
2584,exp,exp_name,mrs. allen,Mrs. Allen,237438,237448,13,705,18,M_2584,PROPN
2585,exp,exp_name,isabella,Isabella,237558,237566,5,705,18,M_2585,PROPN
2586,exp,exp_name,captain tilney,Captain Tilney,237586,237600,2,705,18,M_2586,PROPN
2587,exp,exp_name,captain tilney,Captain Tilney,237670,237684,2,705,18,M_2587,PROPN
2588,exp,exp_name,isabella,Isabella,237710,237718,5,705,18,M_2588,PROPN
2589,exp,exp_name,isabella,Isabella,237724,237732,5,705,18,M_2589,PROPN
2590,exp,exp_name,isabella,Isabella,237794,237802,5,705,18,M_2590,PROPN
2591,exp,exp_name,james,James,237819,237824,6,705,18,M_2591,PROPN
2592,exp,exp_name,isabella,Isabella,238019,238027,5,705,18,M_2592,PROPN
2593,exp,exp_name,captain tilney,Captain Tilney,238145,238159,2,705,18,M_2593,PROPN
2594,exp,exp_name,catherine,Catherine,238218,238227,0,705,18,M_2594,PROPN
2595,exp,exp_name,john thorpe,John Thorpe,238414,238425,7,706,18,M_2595,PROPN
2596,exp,exp_name,isabella,Isabella,238929,238937,5,706,18,M_2596,PROPN
2597,exp,exp_name,isabella,Isabella,239006,239014,5,706,18,M_2597,PROPN
2598,exp,exp_name,catherine,Catherine,239230,239239,0,708,19,M_2598,PROPN
2599,exp,exp_name,isabella,Isabella,239379,239387,5,708,19,M_2599,PROPN
2600,exp,exp_name,catherine,Catherine,239704,239713,0,708,19,M_2600,PROPN
2601,exp,exp_name,catherine,Catherine,239892,239901,0,708,19,M_2601,PROPN
2602,exp,exp_name,captain tilney,Captain Tilney,239931,239945,2,708,19,M_2602,PROPN
2603,exp,exp_name,james,James,240036,240041,6,708,19,M_2603,PROPN
2604,exp,exp_name,isabella,Isabella,240227,240235,5,708,19,M_2604,PROPN
2605,exp,exp_name,catherine,Catherine,240339,240348,0,708,19,M_2605,PROPN
2606,exp,exp_name,james,James,240371,240376,6,708,19,M_2606,PROPN
2607,exp,exp_name,captain tilney,Captain Tilney,240560,240574,2,708,19,M_2607,PROPN
2608,exp,exp_name,isabella,Isabella,240890,240898,5,708,19,M_2608,PROPN
2609,exp,exp_name,isabella,Isabella,241150,241158,5,708,19,M_2609,PROPN
2610,exp,exp_name,isabella,Isabella,241332,241340,5,708,19,M_2610,PROPN
2611,exp,exp_name,tilney,Tilney,241416,241422,4,708,19,M_2611,PROPN
2612,exp,exp_name,captain tilney,Captain Tilney,241536,241550,2,708,19,M_2612,PROPN
2613,exp,exp_name,captain tilney,Captain Tilney,241622,241636,2,708,19,M_2613,PROPN
2614,exp,exp_name,catherine,Catherine,241756,241765,0,708,19,M_2614,PROPN
2615,exp,exp_name,henry tilney,Henry Tilney,241824,241836,4,708,19,M_2615,PROPN
2616,booknlp,COREF,98,his,241864,241867,4,708,19,M_2616,Other
2617,exp,exp_name,miss thorpe,Miss Thorpe,241901,241912,5,708,19,M_2617,PROPN
2618,booknlp,COREF,98,him,241929,241932,4,708,19,M_2618,Other
2619,pdnc,qID,Q612-0,My brother,241971,241981,2,709,19,M_2619,Other
2620,exp,exp_name,henry,Henry,242001,242006,4,709,19,M_2620,PROPN
2621,pdnc,qID,Q613-0,he,242024,242026,2,710,19,M_2621,Other
2622,pdnc,qID,Q613-0,he,242042,242044,2,710,19,M_2622,Other
2623,booknlp,COREF,98,He,242058,242060,4,711,19,M_2623,Other
2624,pdnc,qID,Q614-0,you,242160,242163,4,711,19,M_2624,Other
2625,pdnc,qID,Q614-0,him,242173,242176,2,711,19,M_2625,Other
2626,pdnc,qID,Q614-0,he,242200,242202,2,711,19,M_2626,Other
2627,pdnc,qID,Q614-0,him,242235,242238,2,711,19,M_2627,Other
2628,pdnc,qID,Q614-0,him,242260,242263,2,711,19,M_2628,Other
2629,pdnc,qID,Q614-0, his,242267,242271,2,711,19,M_2629,Other
2630,pdnc,qID,Q614-0,him,242358,242361,2,711,19,M_2630,Other
2631,pdnc,qID,Q614-0,he,242385,242387,2,711,19,M_2631,Other
2632,exp,exp_name,henry,Henry,242453,242458,4,712,19,M_2632,PROPN
2633,booknlp,COREF,98,I,242477,242478,4,712,19,M_2633,Other
2634,pdnc,qID,Q615-0,my brother,242487,242497,2,712,19,M_2634,Other
2635,pdnc,qID,Q616-0,you,242533,242536,4,713,19,M_2635,Other
2636,pdnc,qID,Q616-0,him,242551,242554,2,713,19,M_2636,Other
2637,booknlp,COREF,98,me,242611,242613,4,714,19,M_2637,Other
2638,booknlp,COREF,98,I,242618,242619,4,714,19,M_2638,Other
2639,pdnc,qID,Q617-0,him,242654,242657,2,714,19,M_2639,Other
2640,booknlp,COREF,98,I,242659,242660,4,714,19,M_2640,Other
2641,booknlp,COREF,98,myself,242666,242672,4,714,19,M_2641,Other
2642,pdnc,qID,Q617-0,him,242678,242681,2,714,19,M_2642,Other
2643,pdnc,qID,Q617-0,Miss Thorpe,242687,242698,5,714,19,M_2643,PROPN
2644,pdnc,qID,Q617-0,He,242711,242713,2,714,19,M_2644,Other
2645,pdnc,qID,Q617-0,he,242725,242727,2,714,19,M_2645,Other
2646,pdnc,qID,Q617-0,his,242750,242753,2,714,19,M_2646,Other
2647,pdnc,qID,Q618-0,he,242773,242775,2,715,19,M_2647,Other
2648,pdnc,qID,Q618-0,he,242795,242797,2,715,19,M_2648,Other
2649,exp,exp_name,catherine,Catherine,242815,242824,0,715,19,M_2649,PROPN
2650,pdnc,qID,Q618-1,he,242827,242829,2,715,19,M_2650,Other
2651,pdnc,qID,Q618-1,he,242853,242855,2,715,19,M_2651,Other
2652,pdnc,qID,Q618-1,my brother,242866,242876,6,715,19,M_2652,Other
2653,pdnc,qID,Q618-1,James,242887,242892,6,715,19,M_2653,PROPN
2654,pdnc,qID,Q618-1,he,242928,242930,6,715,19,M_2654,Other
2655,pdnc,qID,Q619-0,you,242965,242968,0,716,19,M_2655,Other
2656,pdnc,qID,Q619-0,my brother s,242980,242992,2,716,19,M_2656,Other
2657,pdnc,qID,Q621-0,my brother s,243028,243040,2,718,19,M_2657,Other
2658,pdnc,qID,Q621-0, Miss Thorpe,243054,243066,5,718,19,M_2658,Other
2659,pdnc,qID,Q621-0,Miss Thorpe s,243071,243084,5,718,19,M_2659,Other
2660,booknlp,COREF,98,I,243157,243158,4,720,19,M_2660,Other
2661,pdnc,qID,Q623-0,Mr. Morland,243165,243176,6,720,19,M_2661,PROPN
2662,exp,exp_name,catherine,Catherine,243329,243338,0,721,19,M_2662,PROPN
2663,pdnc,qID,Q624-0,Isabella,243374,243382,5,721,19,M_2663,Other
2664,pdnc,qID,Q624-0,she,243407,243410,5,721,19,M_2664,Other
2665,pdnc,qID,Q624-0,she,243439,243442,5,721,19,M_2665,Other
2666,pdnc,qID,Q624-0,my brother,243468,243478,6,721,19,M_2666,Other
2667,pdnc,qID,Q624-0,She,243480,243483,5,721,19,M_2667,Other
2668,pdnc,qID,Q624-0,him,243506,243509,6,721,19,M_2668,Other
2669,pdnc,qID,Q624-0,my father s ,243547,243559,11,721,19,M_2669,Other
2670,pdnc,qID,Q624-0,she,243582,243585,5,721,19,M_2670,Other
2671,pdnc,qID,Q624-0,You,243623,243626,4,721,19,M_2671,Other
2672,pdnc,qID,Q624-0,she,243632,243635,5,721,19,M_2672,Other
2673,pdnc,qID,Q624-0,him,243656,243659,6,721,19,M_2673,Other
2674,booknlp,COREF,98,I,243664,243665,4,722,19,M_2674,Other
2675,pdnc,qID,Q625-0,she,243678,243681,5,722,19,M_2675,Other
2676,pdnc,qID,Q625-0,James,243698,243703,6,722,19,M_2676,PROPN
2677,pdnc,qID,Q625-0,Frederick,243721,243730,2,722,19,M_2677,PROPN
2678,pdnc,qID,Q627-0,she,243834,243837,5,724,19,M_2678,Other
2679,pdnc,qID,Q627-0,she,243887,243890,5,724,19,M_2679,Other
2680,exp,exp_name,catherine,Catherine,243980,243989,0,725,19,M_2680,PROPN
2681,pdnc,qID,Q628-0,you,244010,244013,4,725,19,M_2681,Other
2682,pdnc,qID,Q628-0,Isabella,244029,244037,5,725,19,M_2682,Other
2683,pdnc,qID,Q628-0,my brother,244063,244073,6,725,19,M_2683,Other
2684,booknlp,COREF,98,I,244078,244079,4,726,19,M_2684,Other
2685,pdnc,qID,Q630-0,your brother,244133,244145,2,727,19,M_2685,Other
2686,pdnc,qID,Q630-0,he,244155,244157,2,727,19,M_2686,Other
2687,pdnc,qID,Q630-0,her,244164,244167,5,727,19,M_2687,Other
2688,pdnc,qID,Q630-0,he,244189,244191,2,727,19,M_2688,Other
2689,pdnc,qID,Q630-0,his,244200,244203,2,727,19,M_2689,Other
2690,pdnc,qID,Q631-0,You,244218,244221,0,728,19,M_2690,Other
2691,pdnc,qID,Q633-0,you,244305,244308,0,730,19,M_2691,Other
2692,booknlp,COREF,98,I,244323,244324,4,730,19,M_2692,Other
2693,pdnc,qID,Q634-0,you,244374,244377,4,731,19,M_2693,Other
2694,pdnc,qID,Q634-0,your brother s,244388,244402,2,731,19,M_2694,Other
2695,pdnc,qID,Q635-0,My brother s,244413,244425,2,732,19,M_2695,Other
2696,pdnc,qID,Q635-0,you,244436,244439,0,732,19,M_2696,Other
2697,booknlp,COREF,98,I,244474,244475,4,732,19,M_2697,Other
2698,pdnc,qID,Q635-0,you,244483,244486,0,732,19,M_2698,Other
2699,booknlp,COREF,98,I,244487,244488,4,732,19,M_2699,Other
2700,pdnc,qID,Q637-0,you,244664,244667,0,734,19,M_2700,Other
2701,pdnc,qID,Q637-0,My brother,244669,244679,2,734,19,M_2701,Other
2702,pdnc,qID,Q637-0,he,244739,244741,2,734,19,M_2702,Other
2703,pdnc,qID,Q637-0,your friend,244783,244794,5,734,19,M_2703,Other
2704,pdnc,qID,Q637-0,her,244813,244816,5,734,19,M_2704,Other
2705,pdnc,qID,Q637-0,he,244846,244848,2,734,19,M_2705,Other
2706,pdnc,qID,Q637-0,her,244859,244862,5,734,19,M_2706,Other
2707,exp,exp_name,catherine,Catherine,244879,244888,0,735,19,M_2707,PROPN
2708,pdnc,qID,Q638-1,you,244927,244930,4,735,19,M_2708,Other
2709,pdnc,qID,Q638-1,your brother s,244956,244970,2,735,19,M_2709,Other
2710,pdnc,qID,Q638-1,your father,245032,245043,3,735,19,M_2710,Other
2711,pdnc,qID,Q638-1,he,245077,245079,3,735,19,M_2711,Other
2712,pdnc,qID,Q638-1,Captain Tilney,245085,245099,2,735,19,M_2712,PROPN
2713,pdnc,qID,Q638-1,your father ,245121,245133,3,735,19,M_2713,Other
2714,pdnc,qID,Q638-1,him,245150,245153,2,735,19,M_2714,Other
2715,pdnc,qID,Q638-1,he,245155,245157,2,735,19,M_2715,Other
2716,pdnc,qID,Q639-0,My dear Miss Morland,245171,245191,0,736,19,M_2716,Other
2717,exp,exp_name,henry,Henry,245199,245204,4,736,19,M_2717,PROPN
2718,pdnc,qID,Q639-1,your brother s,245238,245252,6,736,19,M_2718,Other
2719,pdnc,qID,Q639-1,you,245266,245269,0,736,19,M_2719,Other
2720,pdnc,qID,Q639-1,you,245300,245303,0,736,19,M_2720,Other
2721,pdnc,qID,Q639-1,he,245340,245342,6,736,19,M_2721,Other
2722,pdnc,qID,Q639-1,you,245349,245352,0,736,19,M_2722,Other
2723,pdnc,qID,Q639-1,his,245364,245367,6,736,19,M_2723,Other
2724,pdnc,qID,Q639-1,Miss Thorpe s,245383,245396,5,736,19,M_2724,Other
2725,pdnc,qID,Q639-1,her,245417,245420,5,736,19,M_2725,Other
2726,pdnc,qID,Q639-1,her,245444,245447,5,736,19,M_2726,Other
2727,pdnc,qID,Q639-1,her,245489,245492,5,736,19,M_2727,Other
2728,pdnc,qID,Q639-1,Captain Tilney,245511,245525,2,736,19,M_2728,PROPN
2729,pdnc,qID,Q639-1,he,245530,245532,6,736,19,M_2729,Other
2730,pdnc,qID,Q639-1,her,245562,245565,5,736,19,M_2730,Other
2731,pdnc,qID,Q639-1,him,245584,245587,6,736,19,M_2731,Other
2732,pdnc,qID,Q639-1,He,245626,245628,6,736,19,M_2732,Other
2733,pdnc,qID,Q639-1,you,245651,245654,0,736,19,M_2733,Other
2734,pdnc,qID,Q639-1,he,245672,245674,6,736,19,M_2734,Other
2735,pdnc,qID,Q639-1,you,245690,245693,0,736,19,M_2735,Other
2736,booknlp,COREF,98,I,245704,245705,4,736,19,M_2736,Other
2737,booknlp,COREF,98,I,245748,245749,4,736,19,M_2737,Other
2738,pdnc,qID,Q639-1,you,245760,245763,0,736,19,M_2738,Other
2739,pdnc,qID,Q639-1,you,245815,245818,0,736,19,M_2739,Other
2740,pdnc,qID,Q639-1,You,245824,245827,0,736,19,M_2740,Other
2741,pdnc,qID,Q639-1,your brother,245870,245882,6,736,19,M_2741,Other
2742,pdnc,qID,Q639-1,your friend,245887,245898,5,736,19,M_2742,Other
2743,pdnc,qID,Q639-1,you,246113,246116,0,736,19,M_2743,Other
2744,pdnc,qID,Q639-1,you,246180,246183,0,736,19,M_2744,Other
2745,pdnc,qID,Q640-0,Frederick,246341,246350,2,737,19,M_2745,PROPN
2746,pdnc,qID,Q640-0,he,246380,246382,2,737,19,M_2746,Other
2747,pdnc,qID,Q640-0,His,246462,246465,2,737,19,M_2747,Other
2748,pdnc,qID,Q640-0,he,246505,246507,2,737,19,M_2748,Other
2749,pdnc,qID,Q640-0,his,246523,246526,2,737,19,M_2749,Other
2750,pdnc,qID,Q640-0,Isabella Thorpe ,246604,246620,5,737,19,M_2750,PROPN
2751,pdnc,qID,Q640-0,she,246641,246644,5,737,19,M_2751,Other
2752,pdnc,qID,Q640-0,your brother,246661,246673,6,737,19,M_2752,Other
2753,pdnc,qID,Q640-0,poor Tilney,246679,246690,2,737,19,M_2753,Other
2754,exp,exp_name,catherine,Catherine,246716,246725,0,738,19,M_2754,PROPN
2755,exp,exp_name,henry tilney,Henry Tilney,246868,246880,4,738,19,M_2755,PROPN
2756,exp,exp_name,isabella,Isabella,247041,247049,5,739,19,M_2756,PROPN
2757,exp,exp_name,catherine,Catherine,247128,247137,0,739,19,M_2757,PROPN
2758,exp,exp_name,james,James,247268,247273,6,739,19,M_2758,PROPN
2759,exp,exp_name,isabella,Isabella,247304,247312,5,739,19,M_2759,PROPN
2760,exp,exp_name,catherine,Catherine,247541,247550,0,739,19,M_2760,PROPN
2761,exp,exp_name,henry,Henry,247562,247567,4,739,19,M_2761,PROPN
2762,exp,exp_name,mrs. allen,Mrs. Allen,247726,247736,13,741,20,M_2762,PROPN
2763,exp,exp_name,miss tilney,Miss Tilney,247951,247962,1,741,20,M_2763,PROPN
2764,exp,exp_name,mr. allen,Mr. Allen,248124,248133,10,741,20,M_2764,PROPN
2765,booknlp,COREF,89,him,248544,248547,10,741,20,M_2765,Other
2766,exp,exp_name,miss tilney,Miss Tilney,248569,248580,1,742,20,M_2766,PROPN
2767,exp,exp_name,henry,Henry,248595,248600,4,742,20,M_2767,PROPN
2768,exp,exp_name,captain tilney,Captain Tilney,249422,249436,2,742,20,M_2768,PROPN
2769,exp,exp_name,captain tilney,Captain Tilney,249825,249839,2,742,20,M_2769,PROPN
2770,exp,exp_name,isabella,Isabella,250023,250031,5,743,20,M_2770,PROPN
2771,exp,exp_name,eleanor,Eleanor,250439,250446,1,743,20,M_2771,PROPN
2772,booknlp,COREF,145,you,250474,250477,1,743,20,M_2772,Other
2773,exp,exp_name,miss morland,Miss Morland,250946,250958,0,744,20,M_2773,PROPN
2774,exp,exp_name,catherine,Catherine,251454,251463,0,744,20,M_2774,PROPN
2775,exp,exp_name,miss tilney,Miss Tilney,251520,251531,1,744,20,M_2775,PROPN
2776,exp,exp_name,general tilney,General Tilney,252275,252289,3,744,20,M_2776,PROPN
2777,booknlp,COREF,143,his,252344,252347,3,744,20,M_2777,Other
2778,booknlp,COREF,143,himself,252406,252413,3,744,20,M_2778,Other
2779,booknlp,COREF,143,his,252446,252449,3,744,20,M_2779,Other
2780,booknlp,COREF,143,his,252495,252498,3,744,20,M_2780,Other
2781,exp,exp_name,catherine,Catherine,252537,252546,0,744,20,M_2781,PROPN
2782,booknlp,COREF,143,him,252580,252583,3,744,20,M_2782,Other
2783,exp,exp_name,catherine,Catherine,252698,252707,0,744,20,M_2783,PROPN
2784,exp,exp_name,mr. allen,Mr. Allen,252934,252943,10,745,20,M_2784,PROPN
2785,exp,exp_name,general tilney,General Tilney,253125,253139,3,745,20,M_2785,PROPN
2786,exp,exp_name,henry,Henry,253260,253265,4,745,20,M_2786,PROPN
2787,exp,exp_name,henry,Henry,253893,253898,4,745,20,M_2787,PROPN
2788,booknlp,COREF,98,him,254084,254087,4,745,20,M_2788,Other
2789,booknlp,COREF,98,his,254103,254106,4,745,20,M_2789,Other
2790,booknlp,COREF,98,his,254153,254156,4,745,20,M_2790,Other
2791,booknlp,COREF,98,him,254215,254218,4,745,20,M_2791,Other
2792,booknlp,COREF,98,him,254247,254250,4,745,20,M_2792,Other
2793,booknlp,COREF,98,his,254418,254421,4,745,20,M_2793,Other
2794,booknlp,COREF,98,His,254570,254573,4,745,20,M_2794,Other
2795,booknlp,COREF,98,he,254582,254584,4,745,20,M_2795,Other
2796,exp,exp_name,catherine,Catherine,254768,254777,0,746,20,M_2796,PROPN
2797,pdnc,qID,Q642-1,you,254788,254791,4,746,20,M_2797,Other
2798,pdnc,qID,Q642-1,her,254797,254800,1,746,20,M_2798,Other
2799,booknlp,COREF,98,my,254838,254840,4,747,20,M_2799,Other
2800,booknlp,COREF,98,I,254847,254848,4,747,20,M_2800,Other
2801,booknlp,COREF,98,my,254874,254876,4,747,20,M_2801,Other
2802,pdnc,qID,Q643-0,my father s,254934,254945,3,747,20,M_2802,Other
2803,booknlp,COREF,98,my,254959,254961,4,747,20,M_2803,Other
2804,pdnc,qID,Q644-0,you,255008,255011,4,748,20,M_2804,Other
2805,booknlp,COREF,98,I,255033,255034,4,749,20,M_2805,Other
2806,pdnc,qID,Q645-0,Eleanor,255060,255067,1,749,20,M_2806,Other
2807,pdnc,qID,Q646-0,your,255089,255093,4,750,20,M_2807,Other
2808,pdnc,qID,Q646-0,her,255108,255111,1,750,20,M_2808,Other
2809,pdnc,qID,Q646-0,you,255113,255116,4,750,20,M_2809,Other
2810,pdnc,qID,Q647-0,You,255272,255275,0,751,20,M_2810,Other
2811,pdnc,qID,Q649-0,you,255419,255422,0,753,20,M_2811,Other
2812,pdnc,qID,Q649-0,you,255526,255529,0,753,20,M_2812,Other
2813,pdnc,qID,Q651-0,you,256082,256085,0,755,20,M_2813,Other
2814,pdnc,qID,Q651-0,you,256516,256519,0,755,20,M_2814,Other
2815,pdnc,qID,Q651-0,your ,256560,256565,0,755,20,M_2815,Other
2816,pdnc,qID,Q651-0,you,256578,256581,0,755,20,M_2816,Other
2817,pdnc,qID,Q651-0,you,256587,256590,0,755,20,M_2817,Other
2818,booknlp,COREF,98,yourself,256596,256604,4,755,20,M_2818,Other
2819,pdnc,qID,Q651-0,you,256656,256659,0,755,20,M_2819,Other
2820,pdnc,qID,Q651-0,your,256889,256893,0,755,20,M_2820,Other
2821,pdnc,qID,Q651-0,you,256912,256915,0,755,20,M_2821,Other
2822,pdnc,qID,Q653-0,you,256989,256992,0,757,20,M_2822,Other
2823,booknlp,COREF,98,your,257018,257022,4,757,20,M_2823,Other
2824,pdnc,qID,Q653-0,you,257048,257051,0,757,20,M_2824,Other
2825,pdnc,qID,Q653-0,you,257328,257331,0,757,20,M_2825,Other
2826,pdnc,qID,Q653-0,you,257338,257341,0,757,20,M_2826,Other
2827,pdnc,qID,Q653-0,your,257371,257375,0,757,20,M_2827,Other
2828,pdnc,qID,Q653-0, your,257427,257432,0,757,20,M_2828,Other
2829,pdnc,qID,Q653-0,you,257454,257457,0,757,20,M_2829,Other
2830,booknlp,COREF,98,your,257525,257529,4,757,20,M_2830,Other
2831,pdnc,qID,Q653-0,you,257559,257562,0,757,20,M_2831,Other
2832,pdnc,qID,Q653-0,you,257608,257611,0,757,20,M_2832,Other
2833,pdnc,qID,Q653-0,you,257656,257659,0,757,20,M_2833,Other
2834,pdnc,qID,Q653-0,you,257665,257668,0,757,20,M_2834,Other
2835,pdnc,qID,Q653-0,you,257757,257760,0,757,20,M_2835,Other
2836,pdnc,qID,Q653-0,you,257842,257845,0,757,20,M_2836,Other
2837,pdnc,qID,Q653-0,you,257879,257882,0,757,20,M_2837,Other
2838,booknlp,COREF,98,your,257901,257905,4,757,20,M_2838,Other
2839,pdnc,qID,Q653-0,you,257912,257915,0,757,20,M_2839,Other
2840,pdnc,qID,Q654-0,Mr. Tilney,257976,257986,4,758,20,M_2840,PROPN
2841,pdnc,qID,Q654-0,your ,258074,258079,4,758,20,M_2841,Other
2842,pdnc,qID,Q655-0,your,258212,258216,0,759,20,M_2842,Other
2843,pdnc,qID,Q655-0,you,258252,258255,0,759,20,M_2843,Other
2844,pdnc,qID,Q655-0,your,258373,258377,0,759,20,M_2844,Other
2845,pdnc,qID,Q655-0,you,258387,258390,0,759,20,M_2845,Other
2846,pdnc,qID,Q655-0,you,258604,258607,0,759,20,M_2846,Other
2847,pdnc,qID,Q655-0,you ,258628,258632,0,759,20,M_2847,Other
2848,pdnc,qID,Q655-0,your ,258645,258650,0,759,20,M_2848,Other
2849,pdnc,qID,Q655-0,your,258767,258771,0,759,20,M_2849,Other
2850,pdnc,qID,Q655-0,you,258826,258829,0,759,20,M_2850,Other
2851,booknlp,COREF,98,your,258865,258869,4,759,20,M_2851,Other
2852,pdnc,qID,Q655-0,you,258891,258894,0,759,20,M_2852,Other
2853,pdnc,qID,Q655-0,you,258956,258959,0,759,20,M_2853,Other
2854,pdnc,qID,Q655-0,you,259171,259174,0,759,20,M_2854,Other
2855,pdnc,qID,Q655-0,your ,259231,259236,0,759,20,M_2855,Other
2856,pdnc,qID,Q655-0,your,259244,259248,0,759,20,M_2856,Other
2857,pdnc,qID,Q657-0,you,259408,259411,0,761,20,M_2857,Other
2858,booknlp,COREF,98,your,259485,259489,4,761,20,M_2858,Other
2859,pdnc,qID,Q657-0,you,259561,259564,0,761,20,M_2859,Other
2860,pdnc,qID,Q657-0,you,259609,259612,0,761,20,M_2860,Other
2861,pdnc,qID,Q657-0,your ,259941,259946,0,761,20,M_2861,Other
2862,pdnc,qID,Q657-0,you,259975,259978,0,761,20,M_2862,Other
2863,pdnc,qID,Q657-0,your,259999,260003,0,761,20,M_2863,Other
2864,pdnc,qID,Q657-0,your ,260073,260078,0,761,20,M_2864,Other
2865,pdnc,qID,Q657-0,you,260214,260217,0,761,20,M_2865,Other
2866,pdnc,qID,Q657-0,you,260282,260285,0,761,20,M_2866,Other
2867,pdnc,qID,Q657-0,you,260586,260589,0,761,20,M_2867,Other
2868,pdnc,qID,Q657-0,you,260637,260640,0,761,20,M_2868,Other
2869,booknlp,COREF,98,your,260680,260684,4,761,20,M_2869,Other
2870,pdnc,qID,Q657-0,you,260716,260719,0,761,20,M_2870,Other
2871,pdnc,qID,Q657-0,your,260848,260852,0,761,20,M_2871,Other
2872,pdnc,qID,Q657-0,you,260901,260904,0,761,20,M_2872,Other
2873,exp,exp_name,henry,Henry,260972,260977,4,763,20,M_2873,PROPN
2874,booknlp,COREF,98,he,261014,261016,4,763,20,M_2874,Other
2875,booknlp,COREF,98,he,261060,261062,4,763,20,M_2875,Other
2876,exp,exp_name,catherine,Catherine,261211,261220,0,763,20,M_2876,PROPN
2877,booknlp,COREF,1233,herself,261235,261242,0,763,20,M_2877,Other
2878,booknlp,COREF,1233,her,261260,261263,0,763,20,M_2878,Other
2879,booknlp,COREF,98,him,261305,261308,4,763,20,M_2879,Other
2880,booknlp,COREF,1233,her,261314,261317,0,763,20,M_2880,Other
2881,booknlp,COREF,98,he,261405,261407,4,763,20,M_2881,Other
2882,exp,exp_name,miss tilney,Miss Tilney,261418,261429,1,763,20,M_2882,PROPN
2883,booknlp,COREF,98,he,261488,261490,4,763,20,M_2883,Other
2884,booknlp,COREF,1233,her,261579,261582,0,764,20,M_2884,Other
2885,booknlp,COREF,98,his,261646,261649,4,764,20,M_2885,Other
2886,booknlp,COREF,1233,she,261993,261996,0,764,20,M_2886,Other
2887,booknlp,COREF,1233,herself,262003,262010,0,764,20,M_2887,Other
2888,booknlp,COREF,1233,She,262144,262147,0,765,20,M_2888,Other
2889,booknlp,COREF,1233,she,262162,262165,0,765,20,M_2889,Other
2890,booknlp,COREF,1233,she,262254,262257,0,765,20,M_2890,Other
2891,booknlp,COREF,1233,herself,262341,262348,0,765,20,M_2891,Other
2892,booknlp,COREF,1233,her,262523,262526,0,765,20,M_2892,Other
2893,booknlp,COREF,1233,She,262552,262555,0,765,20,M_2893,Other
2894,booknlp,COREF,1233,her,262654,262657,0,765,20,M_2894,Other
2895,booknlp,COREF,1233,her,262687,262690,0,765,20,M_2895,Other
2896,booknlp,COREF,1233,her,262734,262737,0,765,20,M_2896,Other
2897,booknlp,COREF,1233,her,262765,262768,0,765,20,M_2897,Other
2898,booknlp,COREF,1233,she,262791,262794,0,765,20,M_2898,Other
2899,exp,exp_name,henry,Henry,262851,262856,4,765,20,M_2899,PROPN
2900,booknlp,COREF,1233,her,262974,262977,0,765,20,M_2900,Other
2901,booknlp,COREF,1233,her,263025,263028,0,765,20,M_2901,Other
2902,booknlp,COREF,1233,herself,263087,263094,0,765,20,M_2902,Other
2903,booknlp,COREF,1233,her,263253,263256,0,765,20,M_2903,Other
2904,booknlp,COREF,1233,her,263347,263350,0,765,20,M_2904,Other
2905,booknlp,COREF,1233,she,263358,263361,0,765,20,M_2905,Other
2906,booknlp,COREF,1233,she,263447,263450,0,765,20,M_2906,Other
2907,booknlp,COREF,1233,she,263520,263523,0,766,20,M_2907,Other
2908,booknlp,COREF,1233,she,263536,263539,0,766,20,M_2908,Other
2909,booknlp,COREF,1233,her,263587,263590,0,766,20,M_2909,Other
2910,booknlp,COREF,1233,her,263620,263623,0,766,20,M_2910,Other
2911,booknlp,COREF,1233,she,263733,263736,0,766,20,M_2911,Other
2912,booknlp,COREF,1233,she,263954,263957,0,766,20,M_2912,Other
2913,booknlp,COREF,1233,her,264112,264115,0,766,20,M_2913,Other
2914,booknlp,COREF,1233,her,264481,264484,0,767,20,M_2914,Other
2915,booknlp,COREF,1233,her,264738,264741,0,767,20,M_2915,Other
2916,exp,exp_name,catherine,Catherine,264966,264975,0,767,20,M_2916,PROPN
2917,exp,exp_name,miss tilney,Miss Tilney,265006,265017,1,767,20,M_2917,PROPN
2918,exp,exp_name,catherine,Catherine,265406,265415,0,768,20,M_2918,PROPN
2919,exp,exp_name,miss tilney,Miss Tilney,265475,265486,1,768,20,M_2919,PROPN
2920,exp,exp_name,catherine,Catherine,265733,265742,0,770,21,M_2920,PROPN
2921,exp,exp_name,henry,Henry,265792,265797,4,770,21,M_2921,PROPN
2922,exp,exp_name,catherine,Catherine,267548,267557,0,771,21,M_2922,PROPN
2923,exp,exp_name,tilney,Tilney,267926,267932,4,771,21,M_2923,PROPN
2924,exp,exp_name,miss tilney,Miss Tilney,268392,268403,1,772,21,M_2924,PROPN
2925,exp,exp_name,miss morland,Miss Morland,268449,268461,0,772,21,M_2925,PROPN
2926,exp,exp_name,catherine,Catherine,268474,268483,0,772,21,M_2926,PROPN
2927,exp,exp_name,miss tilney,Miss Tilney,269603,269614,1,773,21,M_2927,PROPN
2928,exp,exp_name,miss tilney,Miss Tilney,269865,269876,1,773,21,M_2928,PROPN
2929,exp,exp_name,catherine,Catherine,269881,269890,0,773,21,M_2929,PROPN
2930,exp,exp_name,catherine,Catherine,270282,270291,0,774,21,M_2930,PROPN
2931,exp,exp_name,miss tilney,Miss Tilney,270420,270431,1,774,21,M_2931,PROPN
2932,exp,exp_name,general tilney,General Tilney,270559,270573,3,774,21,M_2932,PROPN
2933,booknlp,COREF,143,his,270603,270606,3,774,21,M_2933,Other
2934,booknlp,COREF,143,his,270616,270619,3,774,21,M_2934,Other
2935,exp,exp_name,catherine,Catherine,270753,270762,0,775,21,M_2935,PROPN
2936,booknlp,COREF,143,he,270799,270801,3,775,21,M_2936,Other
2937,booknlp,COREF,143,his,270875,270878,3,775,21,M_2937,Other
2938,exp,exp_name,catherine,Catherine,271185,271194,0,775,21,M_2938,PROPN
2939,exp,exp_name,catherine,Catherine,271681,271690,0,775,21,M_2939,PROPN
2940,exp,exp_name,mr. allen,Mr. Allen,272173,272182,10,775,21,M_2940,PROPN
2941,exp,exp_name,catherine,Catherine,272206,272215,0,776,21,M_2941,PROPN
2942,exp,exp_name,mr. allen,Mr. Allen,272237,272246,10,776,21,M_2942,PROPN
2943,exp,exp_name,mr. allen,Mr. Allen,272575,272584,10,776,21,M_2943,PROPN
2944,exp,exp_name,general tilney,General Tilney,272751,272765,3,777,21,M_2944,PROPN
2945,exp,exp_name,catherine,Catherine,272833,272842,0,777,21,M_2945,PROPN
2946,exp,exp_name,catherine,Catherine,273215,273224,0,778,21,M_2946,PROPN
2947,exp,exp_name,henry,Henry,273846,273851,4,778,21,M_2947,PROPN
2948,booknlp,COREF,98,he,273892,273894,4,778,21,M_2948,Other
2949,exp,exp_name,miss tilney,Miss Tilney,274206,274217,1,778,21,M_2949,PROPN
2950,exp,exp_name,catherine,Catherine,275857,275866,0,779,21,M_2950,PROPN
2951,exp,exp_name,henry,Henry,276179,276184,4,779,21,M_2951,PROPN
2952,booknlp,COREF,98,his,276194,276197,4,779,21,M_2952,Other
2953,exp,exp_name,henry,Henry,276836,276841,4,779,21,M_2953,PROPN
2954,exp,exp_name,catherine,Catherine,278261,278270,0,780,21,M_2954,PROPN
2955,exp,exp_name,henry,Henry,279787,279792,4,780,21,M_2955,PROPN
2956,exp,exp_name,catherine,Catherine,280283,280292,0,781,21,M_2956,PROPN
2957,exp,exp_name,catherine,Catherine,280578,280587,0,781,21,M_2957,PROPN
2958,exp,exp_name,catherine,Catherine,282370,282379,0,781,21,M_2958,PROPN
2959,exp,exp_name,catherine,Catherine,282632,282641,0,783,22,M_2959,PROPN
2960,exp,exp_name,henry tilney,Henry Tilney,285033,285045,4,785,22,M_2960,PROPN
2961,booknlp,COREF,98,his,285104,285107,4,785,22,M_2961,Other
2962,booknlp,COREF,98,his,285177,285180,4,785,22,M_2962,Other
2963,exp,exp_name,miss tilney,Miss Tilney,286300,286311,1,787,22,M_2963,PROPN
2964,exp,exp_name,henry,Henry,286332,286337,4,787,22,M_2964,PROPN
2965,booknlp,COREF,98,his,286359,286362,4,787,22,M_2965,Other
2966,pdnc,qID,Q663-0,you,286929,286932,0,788,22,M_2966,Other
2967,pdnc,qID,Q664-0,Your sister,286968,286979,1,789,22,M_2967,Other
2968,pdnc,qID,Q664-0,Mrs. Allen,287010,287020,13,789,22,M_2968,PROPN
2969,pdnc,qID,Q665-0,you,287200,287203,0,790,22,M_2969,Other
2970,pdnc,qID,Q665-0,You,287241,287244,0,790,22,M_2970,Other
2971,pdnc,qID,Q665-0,your ,287401,287406,0,790,22,M_2971,Other
2972,pdnc,qID,Q665-0,you,287433,287436,0,790,22,M_2972,Other
2973,pdnc,qID,Q665-0,you,287464,287467,0,790,22,M_2973,Other
2974,pdnc,qID,Q665-0,you,287499,287502,0,790,22,M_2974,Other
2975,pdnc,qID,Q665-0,you,287628,287631,0,790,22,M_2975,Other
2976,pdnc,qID,Q666-0,Mamma,287846,287851,15,791,22,M_2976,PROPN
2977,pdnc,qID,Q667-0,you,287919,287922,0,792,22,M_2977,Other
2978,pdnc,qID,Q667-0,my sister,288080,288089,1,792,22,M_2978,Other
2979,exp,exp_name,catherine,Catherine,288124,288133,0,793,22,M_2979,PROPN
2980,exp,exp_name,catherine,Catherine,288410,288419,0,794,22,M_2980,PROPN
2981,exp,exp_name,catherine,Catherine,289165,289174,0,794,22,M_2981,PROPN
2982,exp,exp_name,henry,Henry,289267,289272,4,795,22,M_2982,PROPN
2983,booknlp,COREF,98,him,289336,289339,4,795,22,M_2983,Other
2984,booknlp,COREF,98,him,289396,289399,4,795,22,M_2984,Other
2985,booknlp,COREF,98,his,289406,289409,4,795,22,M_2985,Other
2986,exp,exp_name,catherine,Catherine,289468,289477,0,795,22,M_2986,PROPN
2987,booknlp,COREF,98,his,289540,289543,4,795,22,M_2987,Other
2988,booknlp,COREF,145,your,289588,289592,1,795,22,M_2988,Other
2989,exp,exp_name,eleanor,Eleanor,289639,289646,1,795,22,M_2989,PROPN
2990,exp,exp_name,catherine,Catherine,289731,289740,0,796,22,M_2990,PROPN
2991,pdnc,qID,Q670-0,you,289753,289756,1,797,22,M_2991,Other
2992,pdnc,qID,Q670-0,Eleanor,289758,289765,1,797,22,M_2992,Other
2993,pdnc,qID,Q670-0,your,289773,289777,1,797,22,M_2993,Other
2994,pdnc,qID,Q670-0,my son,290164,290170,4,797,22,M_2994,Other
2995,pdnc,qID,Q670-0,Miss Morland,290195,290207,0,797,22,M_2995,PROPN
2996,pdnc,qID,Q670-0,you,290261,290264,0,797,22,M_2996,Other
2997,pdnc,qID,Q670-0,Henry s ,290325,290333,4,797,22,M_2997,Other
2998,pdnc,qID,Q670-0,he,290370,290372,4,797,22,M_2998,Other
2999,pdnc,qID,Q670-0,him,290510,290513,4,797,22,M_2999,Other
3000,pdnc,qID,Q670-0,him,290570,290573,4,797,22,M_3000,Other
3001,pdnc,qID,Q670-0,you,290659,290662,0,797,22,M_3001,Other
3002,pdnc,qID,Q670-0,your father,290687,290698,11,797,22,M_3002,Other
3003,pdnc,qID,Q670-0,Miss Morland,290700,290712,0,797,22,M_3003,PROPN
3004,pdnc,qID,Q670-0,Frederick,290877,290886,2,797,22,M_3004,PROPN
3005,pdnc,qID,Q670-0,you,290903,290906,0,797,22,M_3005,Other
3006,pdnc,qID,Q670-0,his,291009,291012,2,797,22,M_3006,Other
3007,exp,exp_name,catherine,Catherine,291283,291292,0,799,22,M_3007,PROPN
3008,exp,exp_name,miss morland,Miss Morland,292221,292233,0,799,22,M_3008,PROPN
3009,exp,exp_name,catherine,Catherine,292475,292484,0,799,22,M_3009,PROPN
3010,exp,exp_name,miss tilney,Miss Tilney,292691,292702,1,799,22,M_3010,PROPN
3011,pdnc,qID,Q671-0,my father s ,292832,292844,3,799,22,M_3011,Other
3012,pdnc,qID,Q671-0,he,292853,292855,3,799,22,M_3012,Other
3013,exp,exp_name,catherine,Catherine,292896,292905,0,800,22,M_3013,PROPN
3014,exp,exp_name,miss tilney,Miss Tilney,292966,292977,1,800,22,M_3014,PROPN
3015,exp,exp_name,mr. allen,Mr. Allen,293190,293199,10,800,22,M_3015,PROPN
3016,exp,exp_name,henry,Henry,293335,293340,4,800,22,M_3016,PROPN
3017,exp,exp_name,catherine,Catherine,293983,293992,0,801,22,M_3017,PROPN
3018,exp,exp_name,catherine,Catherine,294464,294473,0,803,22,M_3018,PROPN
3019,exp,exp_name,mr. allen,Mr. Allen,294551,294560,10,803,22,M_3019,PROPN
3020,exp,exp_name,mr. allen,Mr. Allen,295514,295523,10,803,22,M_3020,PROPN
3021,booknlp,COREF,89,he,295525,295527,10,803,22,M_3021,Other
3022,booknlp,COREF,89,himself,295580,295587,10,803,22,M_3022,Other
3023,pdnc,qID,Q672-0,Mr. Allen,295608,295617,10,804,22,M_3023,PROPN
3024,pdnc,qID,Q673-0,Mr. Allen s,295875,295886,10,806,22,M_3024,PROPN
3025,pdnc,qID,Q674-0,Mr. Allen,295971,295980,10,807,22,M_3025,PROPN
3026,pdnc,qID,Q674-0,Mrs. Allen,296017,296027,13,807,22,M_3026,PROPN
3027,pdnc,qID,Q674-0,her,296047,296050,13,807,22,M_3027,Other
3028,pdnc,qID,Q675-0,He,296113,296115,10,808,22,M_3028,Other
3029,exp,exp_name,miss morland,Miss Morland,296536,296548,0,809,22,M_3029,PROPN
3030,pdnc,qID,Q676-0,you,296580,296583,1,809,22,M_3030,Other
3031,pdnc,qID,Q676-0,Eleanor,296591,296598,1,809,22,M_3031,Other
3032,pdnc,qID,Q676-0,you,296607,296610,1,809,22,M_3032,Other
3033,pdnc,qID,Q676-0,Miss Morland,296646,296658,0,809,22,M_3033,PROPN
3034,exp,exp_name,miss tilney,Miss Tilney,296752,296763,1,810,22,M_3034,PROPN
3035,exp,exp_name,catherine,Catherine,296920,296929,0,811,22,M_3035,PROPN
3036,exp,exp_name,catherine,Catherine,297352,297361,0,811,22,M_3036,PROPN
3037,exp,exp_name,catherine,Catherine,297719,297728,0,813,22,M_3037,PROPN
3038,exp,exp_name,tilney,Tilney,297750,297756,4,813,22,M_3038,PROPN
3039,booknlp,COREF,145,I,297963,297964,1,814,22,M_3039,Other
3040,exp,exp_name,eleanor,Eleanor,298009,298016,1,814,22,M_3040,PROPN
3041,booknlp,COREF,145,I,298026,298027,1,814,22,M_3041,Other
3042,booknlp,COREF,145,I,298052,298053,1,814,22,M_3042,Other
3043,booknlp,COREF,145,I,298095,298096,1,814,22,M_3043,Other
3044,exp,exp_name,catherine,Catherine,298190,298199,0,815,22,M_3044,PROPN
3045,pdnc,qID,Q680-1,her husband,298218,298229,3,815,22,M_3045,Other
3046,exp,exp_name,miss tilney,Miss Tilney,298268,298279,1,815,22,M_3046,PROPN
3047,pdnc,qID,Q682-2,you,298686,298689,0,816,22,M_3047,Other
3048,pdnc,qID,Q682-2,Henry,298706,298711,4,816,22,M_3048,PROPN
3049,pdnc,qID,Q682-2,my brothers,298719,298730,4,816,22,M_3049,Other
3050,pdnc,qID,Q682-2,Henry,298758,298763,4,816,22,M_3050,PROPN
3051,pdnc,qID,Q683-0,you,298880,298883,1,817,22,M_3051,Other
3052,pdnc,qID,Q683-0,him,298894,298897,4,817,22,M_3052,Other
3053,exp,exp_name,catherine,Catherine,299344,299353,0,819,22,M_3053,PROPN
3054,exp,exp_name,tilney,Tilney,299386,299392,4,819,22,M_3054,PROPN
3055,pdnc,qID,Q687-0,your father,299832,299843,3,820,22,M_3055,Other
3056,pdnc,qID,Q688-0,you,300093,300096,0,821,22,M_3056,Other
3057,exp,exp_name,catherine,Catherine,300252,300261,0,822,22,M_3057,PROPN
3058,exp,exp_name,mr. allen,Mr. Allen,300600,300609,10,822,22,M_3058,PROPN
3059,exp,exp_name,eleanor,Eleanor,301309,301316,1,823,22,M_3059,PROPN
3060,booknlp,COREF,145,her,301392,301395,1,823,22,M_3060,Other
3061,booknlp,COREF,145,she,301486,301489,1,823,22,M_3061,Other
3062,exp,exp_name,catherine,Catherine,301516,301525,0,823,22,M_3062,PROPN
3063,exp,exp_name,miss tilney,Miss Tilney,301933,301944,1,825,23,M_3063,PROPN
3064,exp,exp_name,catherine,Catherine,302069,302078,0,825,23,M_3064,PROPN
3065,exp,exp_name,catherine,Catherine,302407,302416,0,826,23,M_3065,PROPN
3066,exp,exp_name,catherine,Catherine,302681,302690,0,826,23,M_3066,PROPN
3067,exp,exp_name,catherine,Catherine,303295,303304,0,826,23,M_3067,PROPN
3068,exp,exp_name,henry,Henry,304569,304574,4,826,23,M_3068,PROPN
3069,booknlp,COREF,98,his,304605,304608,4,826,23,M_3069,Other
3070,exp,exp_name,miss morland,Miss Morland,304844,304856,0,827,23,M_3070,PROPN
3071,exp,exp_name,catherine,Catherine,305908,305917,0,828,23,M_3071,PROPN
3072,exp,exp_name,miss morland,Miss Morland,306295,306307,0,828,23,M_3072,PROPN
3073,exp,exp_name,catherine,Catherine,306518,306527,0,828,23,M_3073,PROPN
3074,exp,exp_name,mrs. allen,Mrs. Allen,307328,307338,13,828,23,M_3074,PROPN
3075,exp,exp_name,catherine,Catherine,307350,307359,0,828,23,M_3075,PROPN
3076,exp,exp_name,catherine,Catherine,308152,308161,0,829,23,M_3076,PROPN
3077,exp,exp_name,catherine,Catherine,308347,308356,0,829,23,M_3077,PROPN
3078,exp,exp_name,miss tilney,Miss Tilney,308699,308710,1,830,23,M_3078,PROPN
3079,exp,exp_name,catherine,Catherine,308930,308939,0,830,23,M_3079,PROPN
3080,exp,exp_name,miss morland,Miss Morland,309048,309060,0,830,23,M_3080,PROPN
3081,exp,exp_name,miss tilney,Miss Tilney,309203,309214,1,830,23,M_3081,PROPN
3082,exp,exp_name,catherine,Catherine,309286,309295,0,830,23,M_3082,PROPN
3083,exp,exp_name,miss tilney,Miss Tilney,309932,309943,1,830,23,M_3083,PROPN
3084,pdnc,qID,Q690-0,you,310047,310050,0,830,23,M_3084,Other
3085,exp,exp_name,catherine,Catherine,310192,310201,0,830,23,M_3085,PROPN
3086,exp,exp_name,eleanor,Eleanor,310506,310513,1,831,23,M_3086,PROPN
3087,exp,exp_name,eleanor,Eleanor,310620,310627,1,831,23,M_3087,PROPN
3088,exp,exp_name,catherine,Catherine,310703,310712,0,831,23,M_3088,PROPN
3089,pdnc,qID,Q693-0,your,310922,310926,1,833,23,M_3089,Other
3090,exp,exp_name,catherine,Catherine,310996,311005,0,834,23,M_3090,PROPN
3091,pdnc,qID,Q695-0,You,311144,311147,1,835,23,M_3091,Other
3092,exp,exp_name,miss tilney,Miss Tilney,311200,311211,1,836,23,M_3092,PROPN
3093,exp,exp_name,catherine,Catherine,311329,311338,0,837,23,M_3093,PROPN
3094,exp,exp_name,henry,Henry,311453,311458,4,837,23,M_3094,PROPN
3095,exp,exp_name,miss tilney,Miss Tilney,312095,312106,1,837,23,M_3095,PROPN
3096,pdnc,qID,Q697-0,My father,312118,312127,3,837,23,M_3096,Other
3097,exp,exp_name,catherine,Catherine,312240,312249,0,838,23,M_3097,PROPN
3098,exp,exp_name,henry,Henry,312468,312473,4,839,23,M_3098,PROPN
3099,exp,exp_name,catherine,Catherine,312807,312816,0,839,23,M_3099,PROPN
3100,pdnc,qID,Q698-1,you,312920,312923,0,839,23,M_3100,Other
3101,pdnc,qID,Q698-1,us,312950,312952,0,839,23,M_3101,Other
3102,pdnc,qID,Q698-1,yours,313034,313039,0,839,23,M_3102,Other
3103,exp,exp_name,catherine,Catherine,313158,313167,0,840,23,M_3103,PROPN
3104,exp,exp_name,tilney,Tilney,313501,313507,4,840,23,M_3104,PROPN
3105,exp,exp_name,tilney,Tilney,314825,314831,4,841,23,M_3105,PROPN
3106,exp,exp_name,catherine,Catherine,315239,315248,0,842,23,M_3106,PROPN
3107,exp,exp_name,catherine,Catherine,316243,316252,0,843,23,M_3107,PROPN
3108,exp,exp_name,catherine,Catherine,316561,316570,0,845,24,M_3108,PROPN
3109,exp,exp_name,tilney,Tilney,316937,316943,4,845,24,M_3109,PROPN
3110,exp,exp_name,catherine,Catherine,317535,317544,0,846,24,M_3110,PROPN
3111,exp,exp_name,tilney,Tilney,317984,317990,4,846,24,M_3111,PROPN
3112,exp,exp_name,catherine,Catherine,318203,318212,0,846,24,M_3112,PROPN
3113,exp,exp_name,miss tilney,Miss Tilney,318567,318578,1,847,24,M_3113,PROPN
3114,exp,exp_name,eleanor,Eleanor,318614,318621,1,847,24,M_3114,PROPN
3115,exp,exp_name,catherine,Catherine,318651,318660,0,847,24,M_3115,PROPN
3116,exp,exp_name,catherine,Catherine,318961,318970,0,847,24,M_3116,PROPN
3117,exp,exp_name,henry,Henry,319093,319098,4,847,24,M_3117,PROPN
3118,exp,exp_name,eleanor,Eleanor,319105,319112,1,847,24,M_3118,PROPN
3119,exp,exp_name,eleanor,Eleanor,319634,319641,1,848,24,M_3119,PROPN
3120,exp,exp_name,catherine,Catherine,319865,319874,0,848,24,M_3120,PROPN
3121,pdnc,qID,Q699-0,Eleanor,320079,320086,1,848,24,M_3121,Other
3122,exp,exp_name,catherine,Catherine,320229,320238,0,848,24,M_3122,PROPN
3123,exp,exp_name,eleanor,Eleanor,321247,321254,1,848,24,M_3123,PROPN
3124,booknlp,COREF,145,her,321306,321309,1,848,24,M_3124,Other
3125,booknlp,COREF,145,her,321375,321378,1,848,24,M_3125,Other
3126,pdnc,qID,Q700-0,My father,321381,321390,3,848,24,M_3126,Other
3127,booknlp,COREF,145,me,321403,321405,1,848,24,M_3127,Other
3128,booknlp,COREF,145,she,321425,321428,1,848,24,M_3128,Other
3129,booknlp,COREF,145,she,321448,321451,1,848,24,M_3129,Other
3130,booknlp,COREF,145,she,321533,321536,1,848,24,M_3130,Other
3131,booknlp,COREF,145,herself,321566,321573,1,848,24,M_3131,Other
3132,booknlp,COREF,145,she,321594,321597,1,848,24,M_3132,Other
3133,booknlp,COREF,145,she,321748,321751,1,849,24,M_3133,Other
3134,booknlp,COREF,145,her,321783,321786,1,849,24,M_3134,Other
3135,exp,exp_name,eleanor,Eleanor,321875,321882,1,849,24,M_3135,PROPN
3136,booknlp,COREF,145,her,321929,321932,1,849,24,M_3136,Other
3137,booknlp,COREF,145,her,321979,321982,1,849,24,M_3137,Other
3138,booknlp,COREF,145,her,322018,322021,1,849,24,M_3138,Other
3139,exp,exp_name,eleanor,Eleanor,322293,322300,1,849,24,M_3139,PROPN
3140,booknlp,COREF,145,she,322402,322405,1,849,24,M_3140,Other
3141,booknlp,COREF,1594,her,322421,322424,1,849,24,M_3141,Other
3142,booknlp,COREF,145,she,322539,322542,1,849,24,M_3142,Other
3143,booknlp,COREF,145,she,322683,322686,1,849,24,M_3143,Other
3144,booknlp,COREF,145,she,322722,322725,1,849,24,M_3144,Other
3145,exp,exp_name,henry,Henry,322755,322760,4,849,24,M_3145,PROPN
3146,booknlp,COREF,145,her,322853,322856,1,849,24,M_3146,Other
3147,booknlp,COREF,145,her,322954,322957,1,849,24,M_3147,Other
3148,exp,exp_name,catherine,Catherine,323027,323036,0,850,24,M_3148,PROPN
3149,exp,exp_name,catherine,Catherine,323842,323851,0,850,24,M_3149,PROPN
3150,exp,exp_name,miss tilney,Miss Tilney,324130,324141,1,850,24,M_3150,PROPN
3151,exp,exp_name,tilney,Tilney,324472,324478,4,850,24,M_3151,PROPN
3152,exp,exp_name,henry,Henry,325549,325554,4,850,24,M_3152,PROPN
3153,pdnc,qID,Q701-0,Mr. Tilney,325569,325579,4,850,24,M_3153,PROPN
3154,booknlp,COREF,98,He,325641,325643,4,850,24,M_3154,Other
3155,booknlp,COREF,98,his,325711,325714,4,850,24,M_3155,Other
3156,pdnc,qID,Q702-1,you,325734,325737,4,850,24,M_3156,Other
3157,pdnc,qID,Q702-1,you,325753,325756,4,850,24,M_3157,Other
3158,booknlp,COREF,98,I,325788,325789,4,851,24,M_3158,Other
3159,booknlp,COREF,98,he,325810,325812,4,851,24,M_3159,Other
3160,booknlp,COREF,98,my,325856,325858,4,851,24,M_3160,Other
3161,booknlp,COREF,98,my,325895,325897,4,851,24,M_3161,Other
3162,booknlp,COREF,98,I,325926,325927,4,851,24,M_3162,Other
3163,exp,exp_name,catherine,Catherine,325946,325955,0,852,24,M_3163,PROPN
3164,booknlp,COREF,98,He,326016,326018,4,852,24,M_3164,Other
3165,booknlp,COREF,98,I,326154,326155,4,852,24,M_3165,Other
3166,booknlp,COREF,98,my,326164,326166,4,852,24,M_3166,Other
3167,booknlp,COREF,98,he,326179,326181,4,852,24,M_3167,Other
3168,booknlp,COREF,98,he,326186,326188,4,852,24,M_3168,Other
3169,pdnc,qID,Q704-1,you,326230,326233,0,852,24,M_3169,Other
3170,pdnc,qID,Q704-1,your,326325,326329,0,852,24,M_3170,Other
3171,booknlp,COREF,98,mine,326386,326390,4,852,24,M_3171,Other
3172,exp,exp_name,catherine,Catherine,326414,326423,0,853,24,M_3172,PROPN
3173,pdnc,qID,Q705-1,your,326447,326451,4,853,24,M_3173,Other
3174,booknlp,COREF,98,My,326470,326472,4,854,24,M_3174,Other
3175,pdnc,qID,Q707-0,you,326571,326574,4,855,24,M_3175,Other
3176,booknlp,COREF,98,I,326619,326620,4,856,24,M_3176,Other
3177,booknlp,COREF,98,I,326670,326671,4,856,24,M_3177,Other
3178,booknlp,COREF,98,I,326703,326704,4,856,24,M_3178,Other
3179,booknlp,COREF,98,me,326751,326753,4,856,24,M_3179,Other
3180,pdnc,qID,Q708-0,You,326755,326758,0,856,24,M_3180,Other
3181,booknlp,COREF,98,I,326770,326771,4,856,24,M_3181,Other
3182,booknlp,COREF,98,I,326782,326783,4,856,24,M_3182,Other
3183,pdnc,qID,Q708-0,you,326792,326795,0,856,24,M_3183,Other
3184,pdnc,qID,Q708-0,you,326840,326843,0,856,24,M_3184,Other
3185,pdnc,qID,Q708-0,you,326857,326860,0,856,24,M_3185,Other
3186,pdnc,qID,Q709-0,You,326943,326946,4,857,24,M_3186,Other
3187,pdnc,qID,Q709-0,your,326976,326980,4,857,24,M_3187,Other
3188,pdnc,qID,Q710-0,Eleanor,327005,327012,1,858,24,M_3188,Other
3189,pdnc,qID,Q710-0,you,327019,327022,0,858,24,M_3189,Other
3190,pdnc,qID,Q710-0,your,327031,327035,0,858,24,M_3190,Other
3191,booknlp,COREF,98,yourself,327075,327083,4,858,24,M_3191,Other
3192,pdnc,qID,Q711-0,she,327096,327099,1,859,24,M_3192,Other
3193,pdnc,qID,Q712-0,your father,327214,327225,3,859,24,M_3193,Other
3194,pdnc,qID,Q713-0,you,327261,327264,0,860,24,M_3194,Other
3195,exp,exp_name,henry,Henry,327272,327277,4,860,24,M_3195,PROPN
3196,pdnc,qID,Q713-1,you,327310,327313,0,860,24,M_3196,Other
3197,booknlp,COREF,98,I,327364,327365,4,861,24,M_3197,Other
3198,booknlp,COREF,98,I,327406,327407,4,861,24,M_3198,Other
3199,booknlp,COREF,98,his,327470,327473,4,862,24,M_3199,Other
3200,pdnc,qID,Q716-0,you,327485,327488,0,862,24,M_3200,Other
3201,booknlp,COREF,98,him,327772,327775,4,863,24,M_3201,Other
3202,pdnc,qID,Q717-0,you,327818,327821,0,863,24,M_3202,Other
3203,pdnc,qID,Q717-0,you,327859,327862,0,863,24,M_3203,Other
3204,pdnc,qID,Q718-0,Isabella,327901,327909,5,864,24,M_3204,Other
3205,pdnc,qID,Q719-0,you,328181,328184,0,865,24,M_3205,Other
3206,pdnc,qID,Q719-0,Eleanor,328399,328406,1,865,24,M_3206,Other
3207,pdnc,qID,Q719-0,her,328430,328433,1,865,24,M_3207,Other
3208,pdnc,qID,Q719-0,She,328439,328442,1,865,24,M_3208,Other
3209,pdnc,qID,Q719-0,you,328448,328451,0,865,24,M_3209,Other
3210,pdnc,qID,Q721-0,your,328500,328504,0,867,24,M_3210,Other
3211,exp,exp_name,catherine,Catherine,328526,328535,0,867,24,M_3211,PROPN
3212,pdnc,qID,Q721-1,Eleanor,328784,328791,1,867,24,M_3212,Other
3213,booknlp,COREF,145,her,328814,328817,1,867,24,M_3213,Other
3214,pdnc,qID,Q721-1,yours,329096,329101,0,867,24,M_3214,Other
3215,pdnc,qID,Q721-1,Eleanor,329103,329110,1,867,24,M_3215,Other
3216,booknlp,COREF,145,her,329137,329140,1,867,24,M_3216,Other
3217,pdnc,qID,Q722-0,she,329208,329211,1,868,24,M_3217,Other
3218,booknlp,COREF,145,Her,329242,329245,1,868,24,M_3218,Other
3219,pdnc,qID,Q723-0,you,329327,329330,1,868,24,M_3219,Other
3220,pdnc,qID,Q723-0,your father,329349,329360,3,868,24,M_3220,Other
3221,booknlp,COREF,145,her,329406,329409,1,868,24,M_3221,Other
3222,pdnc,qID,Q724-1,you,329488,329491,0,869,24,M_3222,Other
3223,booknlp,COREF,145,her,329772,329775,1,869,24,M_3223,Other
3224,booknlp,COREF,145,she,329831,329834,1,869,24,M_3224,Other
3225,booknlp,COREF,145,she,329946,329949,1,869,24,M_3225,Other
3226,booknlp,COREF,145,her,329994,329997,1,869,24,M_3226,Other
3227,booknlp,COREF,145,she,330039,330042,1,869,24,M_3227,Other
3228,booknlp,COREF,145,her,330099,330102,1,869,24,M_3228,Other
3229,booknlp,COREF,145,she,330238,330241,1,869,24,M_3229,Other
3230,booknlp,COREF,145,her,330271,330274,1,869,24,M_3230,Other
3231,pdnc,qID,Q725-1,Frederick,330285,330294,2,869,24,M_3231,PROPN
3232,booknlp,COREF,145,her,330330,330333,1,869,24,M_3232,Other
3233,booknlp,COREF,145,her,330395,330398,1,869,24,M_3233,Other
3234,booknlp,COREF,145,her,330493,330496,1,869,24,M_3234,Other
3235,booknlp,COREF,145,her,330507,330510,1,869,24,M_3235,Other
3236,pdnc,qID,Q725-1,Eleanor,330549,330556,1,869,24,M_3236,Other
3237,pdnc,qID,Q725-1,her,330617,330620,1,869,24,M_3237,Other
3238,booknlp,COREF,145,her,330631,330634,1,869,24,M_3238,Other
3239,pdnc,qID,Q726-0,your father,330650,330661,3,870,24,M_3239,Other
3240,exp,exp_name,catherine,Catherine,330669,330678,0,870,24,M_3240,PROPN
3241,pdnc,qID,Q726-1,he,330686,330688,3,870,24,M_3241,Other
3242,pdnc,qID,Q727-0,You,330728,330731,0,871,24,M_3242,Other
3243,pdnc,qID,Q727-0,him,330756,330759,3,871,24,M_3243,Other
3244,booknlp,COREF,145,her,330776,330779,1,871,24,M_3244,Other
3245,pdnc,qID,Q727-0,He,330781,330783,3,871,24,M_3245,Other
3246,booknlp,COREF,145,her,330790,330793,1,871,24,M_3246,Other
3247,pdnc,qID,Q727-0,him,330842,330845,3,871,24,M_3247,Other
3248,pdnc,qID,Q727-0,you,330866,330869,0,871,24,M_3248,Other
3249,booknlp,COREF,145,she,330952,330955,1,871,24,M_3249,Other
3250,booknlp,COREF,145,she,330963,330966,1,871,24,M_3250,Other
3251,pdnc,qID,Q727-0,his,331017,331020,3,871,24,M_3251,Other
3252,booknlp,COREF,145,her,331036,331039,1,871,24,M_3252,Other
3253,pdnc,qID,Q727-0,his,331041,331044,3,871,24,M_3253,Other
3254,pdnc,qID,Q727-0,His,331065,331068,3,871,24,M_3254,Other
3255,booknlp,COREF,145,her,331078,331081,1,871,24,M_3255,Other
3256,booknlp,COREF,145,her,331146,331149,1,871,24,M_3256,Other
3257,exp,exp_name,catherine,Catherine,331188,331197,0,872,24,M_3257,PROPN
3258,pdnc,qID,Q729-0,you,331253,331256,0,873,24,M_3258,Other
3259,pdnc,qID,Q729-0,you,331266,331269,0,873,24,M_3259,Other
3260,pdnc,qID,Q729-0,Dear Miss Morland,331332,331349,0,873,24,M_3260,Other
3261,pdnc,qID,Q729-0,you,331398,331401,0,873,24,M_3261,Other
3262,pdnc,qID,Q729-0,you,331430,331433,0,873,24,M_3262,Other
3263,pdnc,qID,Q729-0,your,331566,331570,0,873,24,M_3263,Other
3264,pdnc,qID,Q729-0,your,331590,331594,0,873,24,M_3264,Other
3265,pdnc,qID,Q729-0,your,331622,331626,0,873,24,M_3265,Other
3266,pdnc,qID,Q729-0,you,331669,331672,0,873,24,M_3266,Other
3267,pdnc,qID,Q729-0, Dearest Miss Morland,332005,332026,0,873,24,M_3267,Other
3268,pdnc,qID,Q729-0,you,332044,332047,0,873,24,M_3268,Other
3269,exp,exp_name,catherine,Catherine,332211,332220,0,876,25,M_3269,PROPN
3270,exp,exp_name,henry,Henry,332246,332251,4,876,25,M_3270,PROPN
3271,exp,exp_name,henry,Henry,332526,332531,4,876,25,M_3271,PROPN
3272,booknlp,COREF,98,him,332595,332598,4,876,25,M_3272,Other
3273,booknlp,COREF,98,he,332604,332606,4,876,25,M_3273,Other
3274,booknlp,COREF,98,his,332707,332710,4,876,25,M_3274,Other
3275,booknlp,COREF,98,he,332724,332726,4,876,25,M_3275,Other
3276,booknlp,COREF,98,He,332866,332868,4,876,25,M_3276,Other
3277,booknlp,COREF,98,he,332885,332887,4,876,25,M_3277,Other
3278,exp,exp_name,eleanor,Eleanor,333167,333174,1,876,25,M_3278,PROPN
3279,exp,exp_name,henry,Henry,333217,333222,4,876,25,M_3279,PROPN
3280,booknlp,COREF,98,his,333283,333286,4,876,25,M_3280,Other
3281,booknlp,COREF,98,he,333313,333315,4,876,25,M_3281,Other
3282,exp,exp_name,catherine,Catherine,333359,333368,0,876,25,M_3282,PROPN
3283,booknlp,COREF,98,he,333404,333406,4,876,25,M_3283,Other
3284,booknlp,COREF,98,he,333420,333422,4,876,25,M_3284,Other
3285,exp,exp_name,henry,Henry,333723,333728,4,877,25,M_3285,PROPN
3286,exp,exp_name,catherine,Catherine,334887,334896,0,878,25,M_3286,PROPN
3287,exp,exp_name,henry,Henry,335706,335711,4,878,25,M_3287,PROPN
3288,exp,exp_name,eleanor tilney,Eleanor Tilney,335716,335730,1,878,25,M_3288,PROPN
3289,exp,exp_name,henry,Henry,336382,336387,4,879,25,M_3289,PROPN
3290,booknlp,COREF,98,he,336731,336733,4,879,25,M_3290,Other
3291,exp,exp_name,isabella,Isabella,337151,337159,5,880,25,M_3291,PROPN
3292,exp,exp_name,isabella,Isabella,337325,337333,5,880,25,M_3292,PROPN
3293,exp,exp_name,james,James,337456,337461,6,880,25,M_3293,PROPN
3294,exp,exp_name,isabella,Isabella,337518,337526,5,880,25,M_3294,PROPN
3295,exp,exp_name,james,James,337528,337533,6,880,25,M_3295,PROPN
3296,exp,exp_name,mrs. allen,Mrs. Allen,337602,337612,13,880,25,M_3296,PROPN
3297,exp,exp_name,isabella,Isabella,337688,337696,5,880,25,M_3297,PROPN
3298,exp,exp_name,catherine,Catherine,337870,337879,0,881,25,M_3298,PROPN
3299,exp,exp_name,henry,Henry,338068,338073,4,881,25,M_3299,PROPN
3300,booknlp,COREF,98,him,338102,338105,4,881,25,M_3300,Other
3301,booknlp,COREF,98,he,338124,338126,4,881,25,M_3301,Other
3302,booknlp,COREF,98,himself,338142,338149,4,881,25,M_3302,Other
3303,pdnc,qID,Q730-0,James,338167,338172,6,881,25,M_3303,PROPN
3304,exp,exp_name,catherine,Catherine,338279,338288,0,882,25,M_3304,PROPN
3305,exp,exp_name,thorpe,Thorpe,338432,338438,7,882,25,M_3305,PROPN
3306,exp,exp_name,catherine,Catherine,338990,338999,0,882,25,M_3306,PROPN
3307,exp,exp_name,captain tilney,Captain Tilney,339109,339123,2,882,25,M_3307,PROPN
3308,exp,exp_name,thorpe,Thorpe,339209,339215,7,882,25,M_3308,PROPN
3309,exp,exp_name,tilney,Tilney,339759,339765,4,882,25,M_3309,PROPN
3310,exp,exp_name,catherine,Catherine,339897,339906,0,882,25,M_3310,PROPN
3311,exp,exp_name,catherine,Catherine,339962,339971,0,884,25,M_3311,PROPN
3312,exp,exp_name,henry,Henry,340132,340137,4,884,25,M_3312,PROPN
3313,booknlp,COREF,98,He,340239,340241,4,884,25,M_3313,Other
3314,booknlp,COREF,98,his,340284,340287,4,884,25,M_3314,Other
3315,booknlp,COREF,98,his,340300,340303,4,884,25,M_3315,Other
3316,exp,exp_name,catherine,Catherine,340360,340369,0,884,25,M_3316,PROPN
3317,exp,exp_name,henry,Henry,340932,340937,4,884,25,M_3317,PROPN
3318,exp,exp_name,eleanor,Eleanor,340942,340949,1,884,25,M_3318,PROPN
3319,exp,exp_name,eleanor,Eleanor,341161,341168,1,884,25,M_3319,PROPN
3320,exp,exp_name,catherine,Catherine,341303,341312,0,885,25,M_3320,PROPN
3321,exp,exp_name,isabella,Isabella,341577,341585,5,885,25,M_3321,PROPN
3322,exp,exp_name,henry,Henry,341709,341714,4,885,25,M_3322,PROPN
3323,exp,exp_name,eleanor,Eleanor,341719,341726,1,885,25,M_3323,PROPN
3324,exp,exp_name,catherine,Catherine,341823,341832,0,885,25,M_3324,PROPN
3325,exp,exp_name,eleanor,Eleanor,341890,341897,1,885,25,M_3325,PROPN
3326,booknlp,COREF,145,I,341933,341934,1,885,25,M_3326,Other
3327,exp,exp_name,mrs. morland,Mrs. Morland,341949,341961,15,885,25,M_3327,PROPN
3328,pdnc,qID,Q731-0,your,341962,341966,0,885,25,M_3328,Other
3329,booknlp,COREF,145,I,341988,341989,1,885,25,M_3329,Other
3330,booknlp,COREF,145,I,342029,342030,1,886,25,M_3330,Other
3331,booknlp,COREF,145,she,342054,342057,1,886,25,M_3331,Other
3332,booknlp,COREF,145,My,342091,342093,1,886,25,M_3332,Other
3333,pdnc,qID,Q733-0,my brother ,342110,342121,6,886,25,M_3333,Other
3334,booknlp,COREF,145,her,342204,342207,1,887,25,M_3334,Other
3335,booknlp,COREF,145,she,342215,342218,1,887,25,M_3335,Other
3336,booknlp,COREF,145,I,342227,342228,1,887,25,M_3336,Other
3337,booknlp,COREF,145,I,342242,342243,1,887,25,M_3337,Other
3338,booknlp,COREF,98,I,342283,342284,4,888,25,M_3338,Other
3339,exp,exp_name,henry,Henry,342301,342306,4,888,25,M_3339,PROPN
3340,booknlp,COREF,98,he,342325,342327,4,888,25,M_3340,Other
3341,booknlp,COREF,98,I,342349,342350,4,888,25,M_3341,Other
3342,booknlp,COREF,98,I,342410,342411,4,888,25,M_3342,Other
3343,pdnc,qID,Q736-0,Poor James,342523,342533,6,889,25,M_3343,Other
3344,exp,exp_name,henry,Henry,342636,342641,4,890,25,M_3344,PROPN
3345,pdnc,qID,Q737-1,him,342672,342675,6,890,25,M_3345,Other
3346,exp,exp_name,catherine,Catherine,342731,342740,0,891,25,M_3346,PROPN
3347,pdnc,qID,Q738-1,your brother,342795,342807,2,891,25,M_3347,Other
3348,exp,exp_name,frederick,Frederick,342898,342907,2,892,25,M_3348,PROPN
3349,pdnc,qID,Q739-0,Captain Tilney,343068,343082,2,893,25,M_3349,PROPN
3350,exp,exp_name,eleanor,Eleanor,343086,343093,1,894,25,M_3350,PROPN
3351,booknlp,COREF,145,she,343121,343124,1,894,25,M_3351,Other
3352,exp,exp_name,henry,Henry,343165,343170,4,894,25,M_3352,PROPN
3353,exp,exp_name,miss thorpe,Miss Thorpe,343223,343234,5,894,25,M_3353,PROPN
3354,booknlp,COREF,98,his,343263,343266,4,894,25,M_3354,Other
3355,pdnc,qID,Q740-0,you,343285,343288,4,895,25,M_3355,Other
3356,exp,exp_name,catherine,Catherine,343301,343310,0,895,25,M_3356,PROPN
3357,pdnc,qID,Q740-1,you,343313,343316,4,895,25,M_3357,Other
3358,pdnc,qID,Q740-1,you,343387,343390,4,895,25,M_3358,Other
3359,pdnc,qID,Q740-1,Isabella,343424,343432,5,895,25,M_3359,Other
3360,pdnc,qID,Q740-1,her,343471,343474,5,895,25,M_3360,Other
3361,pdnc,qID,Q740-1,Isabella,343475,343483,5,895,25,M_3361,Other
3362,pdnc,qID,Q740-1,my brother,343497,343507,6,895,25,M_3362,Other
3363,pdnc,qID,Q740-1,yours,343525,343530,4,895,25,M_3363,Other
3364,pdnc,qID,Q740-1,you,343538,343541,4,895,25,M_3364,Other
3365,booknlp,COREF,98,I,343648,343649,4,896,25,M_3365,Other
3366,pdnc,qID,Q741-0,my brother,343675,343685,2,896,25,M_3366,Other
3367,pdnc,qID,Q741-0,you,343687,343690,0,896,25,M_3367,Other
3368,booknlp,COREF,98,I,343708,343709,4,896,25,M_3368,Other
3369,pdnc,qID,Q741-0,he,343715,343717,2,896,25,M_3369,Other
3370,pdnc,qID,Q741-0,Mr. Morland s,343764,343777,6,896,25,M_3370,Other
3371,pdnc,qID,Q741-0,Miss Thorpe,343807,343818,5,896,25,M_3371,PROPN
3372,booknlp,COREF,98,I,343836,343837,4,896,25,M_3372,Other
3373,pdnc,qID,Q741-0,you,343844,343847,0,896,25,M_3373,Other
3374,booknlp,COREF,98,I,343873,343874,4,896,25,M_3374,Other
3375,pdnc,qID,Q741-0,Mr. Morland,343893,343904,6,896,25,M_3375,PROPN
3376,pdnc,qID,Q741-0,you,343923,343926,0,896,25,M_3376,Other
3377,booknlp,COREF,98,my,343955,343957,4,896,25,M_3377,Other
3378,pdnc,qID,Q741-0,Frederick s,343987,343998,2,896,25,M_3378,Other
3379,pdnc,qID,Q741-0,her,344008,344011,5,896,25,M_3379,Other
3380,pdnc,qID,Q742-0,you,344078,344081,4,897,25,M_3380,Other
3381,pdnc,qID,Q742-0,James s,344093,344100,6,897,25,M_3381,Other
3382,pdnc,qID,Q743-0,you,344191,344194,0,898,25,M_3382,Other
3383,pdnc,qID,Q743-0,my brother,344256,344266,2,898,25,M_3383,Other
3384,exp,exp_name,catherine,Catherine,344300,344309,0,899,25,M_3384,PROPN
3385,pdnc,qID,Q744-2,James,344433,344438,6,899,25,M_3385,PROPN
3386,pdnc,qID,Q745-0,Frederick,344643,344652,2,900,25,M_3386,PROPN
3387,pdnc,qID,Q745-0,his,344757,344760,2,900,25,M_3387,Other
3388,exp,exp_name,miss tilney,Miss Tilney,344802,344813,1,901,25,M_3388,PROPN
3389,exp,exp_name,catherine,Catherine,344818,344827,0,901,25,M_3389,PROPN
3390,exp,exp_name,miss thorpe,Miss Thorpe,344947,344958,5,901,25,M_3390,PROPN
3391,pdnc,qID,Q746-0,Her mother,344988,344998,16,902,25,M_3391,Other
3392,exp,exp_name,catherine,Catherine,345034,345043,0,902,25,M_3392,PROPN
3393,pdnc,qID,Q747-0,her father,345065,345075,12,903,25,M_3393,Other
3394,pdnc,qID,Q750-0,Isabella,345186,345194,5,906,25,M_3394,Other
3395,pdnc,qID,Q750-0,your,345248,345252,4,906,25,M_3395,Other
3396,pdnc,qID,Q750-0,He,345293,345295,3,906,25,M_3396,Other
3397,pdnc,qID,Q750-0,he,345323,345325,3,906,25,M_3397,Other
3398,pdnc,qID,Q750-0,him,345358,345361,3,906,25,M_3398,Other
3399,exp,exp_name,eleanor,Eleanor,345462,345469,1,906,25,M_3399,PROPN
3400,pdnc,qID,Q751-1,him,345541,345544,2,906,25,M_3400,Other
3401,pdnc,qID,Q751-1,She,345567,345570,5,906,25,M_3401,Other
3402,pdnc,qID,Q751-1,she,345603,345606,5,906,25,M_3402,Other
3403,pdnc,qID,Q751-1,Frederick s ,345678,345690,2,906,25,M_3403,Other
3404,pdnc,qID,Q751-1,his,345715,345718,2,906,25,M_3404,Other
3405,pdnc,qID,Q751-1,Henry,345820,345825,4,906,25,M_3405,PROPN
3406,pdnc,qID,Q751-1,Frederick,345827,345836,2,906,25,M_3406,PROPN
3407,pdnc,qID,Q751-1,his,345858,345861,2,906,25,M_3407,Other
3408,pdnc,qID,Q752-0,him,346004,346007,2,907,25,M_3408,Other
3409,pdnc,qID,Q752-0,his,346025,346028,2,907,25,M_3409,Other
3410,pdnc,qID,Q752-0,him,346055,346058,2,907,25,M_3410,Other
3411,pdnc,qID,Q752-0,Miss Thorpe s,346103,346116,5,907,25,M_3411,Other
3412,pdnc,qID,Q752-0,she,346142,346145,5,907,25,M_3412,Other
3413,pdnc,qID,Q752-0,Frederick,346226,346235,2,907,25,M_3413,PROPN
3414,pdnc,qID,Q752-0,He,346244,346246,2,907,25,M_3414,Other
3415,pdnc,qID,Q752-0,your,346303,346307,1,907,25,M_3415,Other
3416,pdnc,qID,Q752-0,sister-in-law,346308,346321,5,907,25,M_3416,Other
3417,pdnc,qID,Q752-0,Eleanor,346323,346330,1,907,25,M_3417,Other
3418,pdnc,qID,Q752-0,you,346360,346363,1,907,25,M_3418,Other
3419,pdnc,qID,Q753-0,Henry,346524,346529,4,908,25,M_3419,PROPN
3420,booknlp,COREF,145,I,346531,346532,1,908,25,M_3420,Other
3421,exp,exp_name,eleanor,Eleanor,346558,346565,1,908,25,M_3421,PROPN
3422,exp,exp_name,catherine,Catherine,346605,346614,0,909,25,M_3422,PROPN
3423,pdnc,qID,Q754-1,she,346624,346627,5,909,25,M_3423,Other
3424,pdnc,qID,Q754-1,she,346662,346665,5,909,25,M_3424,Other
3425,booknlp,COREF,98,yours,346687,346692,4,909,25,M_3425,Other
3426,pdnc,qID,Q754-1,she,346698,346701,5,909,25,M_3426,Other
3427,pdnc,qID,Q754-1,she,346725,346728,5,909,25,M_3427,Other
3428,pdnc,qID,Q754-1,she,346736,346739,5,909,25,M_3428,Other
3429,booknlp,COREF,98,I,346767,346768,4,910,25,M_3429,Other
3430,pdnc,qID,Q755-0,she,346779,346782,5,910,25,M_3430,Other
3431,exp,exp_name,henry,Henry,346798,346803,4,910,25,M_3431,PROPN
3432,booknlp,COREF,98,I,346806,346807,4,910,25,M_3432,Other
3433,pdnc,qID,Q755-1,she,346818,346821,5,910,25,M_3433,Other
3434,pdnc,qID,Q755-1,her,346877,346880,5,910,25,M_3434,Other
3435,pdnc,qID,Q755-1,Frederick s,346894,346905,2,910,25,M_3435,Other
3436,booknlp,COREF,98,I,346919,346920,4,910,25,M_3436,Other
3437,pdnc,qID,Q756-0,You,346977,346980,4,911,25,M_3437,Other
3438,pdnc,qID,Q756-0,she,347109,347112,5,911,25,M_3438,Other
3439,pdnc,qID,Q756-0,my father,347129,347138,11,911,25,M_3439,Other
3440,pdnc,qID,Q756-0,she,347158,347161,5,911,25,M_3440,Other
3441,pdnc,qID,Q757-0,you,347311,347314,0,912,25,M_3441,Other
3442,pdnc,qID,Q758-0,her,347376,347379,5,913,25,M_3442,Other
3443,pdnc,qID,Q758-0,poor James,347407,347417,6,913,25,M_3443,Other
3444,pdnc,qID,Q758-0,he,347429,347431,6,913,25,M_3444,Other
3445,pdnc,qID,Q759-0,Your brother,347464,347476,6,914,25,M_3445,Other
3446,pdnc,qID,Q759-0,his,347561,347564,6,914,25,M_3446,Other
3447,pdnc,qID,Q759-0,yours,347588,347593,0,914,25,M_3447,Other
3448,pdnc,qID,Q759-0,You,347595,347598,0,914,25,M_3448,Other
3449,booknlp,COREF,98,I,347605,347606,4,914,25,M_3449,Other
3450,pdnc,qID,Q759-0,Isabella,347631,347639,5,914,25,M_3450,Other
3451,pdnc,qID,Q759-0,you,347641,347644,0,914,25,M_3451,Other
3452,booknlp,COREF,98,yourself,347655,347663,4,914,25,M_3452,Other
3453,pdnc,qID,Q759-0,you,347665,347668,0,914,25,M_3453,Other
3454,pdnc,qID,Q759-0,your,347684,347688,0,914,25,M_3454,Other
3455,pdnc,qID,Q759-0,you,347790,347793,0,914,25,M_3455,Other
3456,pdnc,qID,Q759-0,her,347852,347855,5,914,25,M_3456,Other
3457,pdnc,qID,Q759-0,You,347870,347873,0,914,25,M_3457,Other
3458,pdnc,qID,Q759-0,You,347931,347934,0,914,25,M_3458,Other
3459,pdnc,qID,Q759-0,you,347945,347948,0,914,25,M_3459,Other
3460,pdnc,qID,Q759-0,you,347983,347986,0,914,25,M_3460,Other
3461,pdnc,qID,Q759-0,you,348029,348032,0,914,25,M_3461,Other
3462,pdnc,qID,Q759-0,you,348092,348095,0,914,25,M_3462,Other
3463,pdnc,qID,Q759-0,You,348111,348114,0,914,25,M_3463,Other
3464,exp,exp_name,catherine,Catherine,348143,348152,0,915,25,M_3464,PROPN
3465,pdnc,qID,Q760-1,her,348279,348282,5,915,25,M_3465,Other
3466,pdnc,qID,Q760-1,her,348313,348316,5,915,25,M_3466,Other
3467,pdnc,qID,Q760-1,her,348339,348342,5,915,25,M_3467,Other
3468,pdnc,qID,Q761-0,You,348423,348426,0,916,25,M_3468,Other
3469,pdnc,qID,Q761-0,you,348436,348439,0,916,25,M_3469,Other
3470,exp,exp_name,catherine,Catherine,348568,348577,0,917,25,M_3470,PROPN
3471,exp,exp_name,catherine,Catherine,348886,348895,0,919,26,M_3471,PROPN
3472,exp,exp_name,isabella,Isabella,348987,348995,5,919,26,M_3472,PROPN
3473,exp,exp_name,isabella,Isabella,349390,349398,5,919,26,M_3473,PROPN
3474,exp,exp_name,tilney,Tilney,349423,349429,4,919,26,M_3474,PROPN
3475,exp,exp_name,captain tilney,Captain Tilney,350473,350487,2,920,26,M_3475,PROPN
3476,exp,exp_name,isabella,Isabella,350562,350570,5,920,26,M_3476,PROPN
3477,exp,exp_name,henry,Henry,350626,350631,4,920,26,M_3477,PROPN
3478,booknlp,COREF,98,him,350669,350672,4,920,26,M_3478,Other
3479,pdnc,qID,Q762-1,my father,350961,350970,3,920,26,M_3479,Other
3480,pdnc,qID,Q762-1,Frederick s,351009,351020,2,920,26,M_3480,Other
3481,pdnc,qID,Q762-1,He,351066,351068,2,920,26,M_3481,Other
3482,pdnc,qID,Q762-1,his,351079,351082,2,920,26,M_3482,Other
3483,pdnc,qID,Q763-0,he,351101,351103,2,921,26,M_3483,Other
3484,exp,exp_name,captain tilney,Captain Tilney,351214,351228,2,923,26,M_3484,PROPN
3485,exp,exp_name,frederick,Frederick,351494,351503,2,923,26,M_3485,PROPN
3486,exp,exp_name,miss morland,Miss Morland,351627,351639,0,923,26,M_3486,PROPN
3487,exp,exp_name,henry,Henry,352181,352186,4,923,26,M_3487,PROPN
3488,exp,exp_name,henry,Henry,352323,352328,4,923,26,M_3488,PROPN
3489,exp,exp_name,catherine,Catherine,352370,352379,0,923,26,M_3489,PROPN
3490,pdnc,qID,Q765-0,you,352430,352433,3,923,26,M_3490,Other
3491,pdnc,qID,Q765-0,sir,352441,352444,3,923,26,M_3491,PROPN
3492,pdnc,qID,Q766-0,we,352617,352619,3,924,26,M_3492,Other
3493,pdnc,qID,Q766-0,You,352690,352693,4,924,26,M_3493,Other
3494,pdnc,qID,Q766-0,your,352732,352736,4,924,26,M_3494,Other
3495,pdnc,qID,Q766-0,you,352751,352754,4,924,26,M_3495,Other
3496,pdnc,qID,Q766-0,you,352929,352932,4,924,26,M_3496,Other
3497,pdnc,qID,Q766-0,we,352934,352936,3,924,26,M_3497,Other
3498,pdnc,qID,Q766-0,Miss Morland,353295,353307,0,924,26,M_3498,PROPN
3499,pdnc,qID,Q766-0,Henry,353621,353626,4,924,26,M_3499,PROPN
3500,pdnc,qID,Q766-0,you,353628,353631,4,924,26,M_3500,Other
3501,pdnc,qID,Q766-0,you,353668,353671,4,924,26,M_3501,Other
3502,booknlp,COREF,98,you,353867,353870,4,924,26,M_3502,Other
3503,exp,exp_name,catherine,Catherine,353940,353949,0,925,26,M_3503,PROPN
3504,exp,exp_name,henry,Henry,354082,354087,4,925,26,M_3504,PROPN
3505,exp,exp_name,eleanor,Eleanor,354171,354178,1,925,26,M_3505,PROPN
3506,booknlp,COREF,98,I,354204,354205,4,925,26,M_3506,Other
3507,booknlp,COREF,98,myself,354484,354490,4,925,26,M_3507,Other
3508,booknlp,COREF,98,I,354522,354523,4,925,26,M_3508,Other
3509,pdnc,qID,Q767-0,you,354566,354569,0,925,26,M_3509,Other
3510,booknlp,COREF,98,I,354652,354653,4,925,26,M_3510,Other
3511,booknlp,COREF,98,I,354693,354694,4,925,26,M_3511,Other
3512,exp,exp_name,catherine,Catherine,354726,354735,0,926,26,M_3512,PROPN
3513,pdnc,qID,Q769-0,you,354786,354789,0,927,26,M_3513,Other
3514,booknlp,COREF,98,my,354853,354855,4,927,26,M_3514,Other
3515,booknlp,COREF,98,I,354897,354898,4,927,26,M_3515,Other
3516,pdnc,qID,Q769-0,you,354932,354935,0,927,26,M_3516,Other
3517,booknlp,COREF,98,I,354997,354998,4,929,26,M_3517,Other
3518,pdnc,qID,Q772-0,you,355036,355039,4,930,26,M_3518,Other
3519,pdnc,qID,Q772-0,the general,355074,355085,3,930,26,M_3519,Other
3520,pdnc,qID,Q772-0,he,355097,355099,3,930,26,M_3520,Other
3521,pdnc,qID,Q772-0,you,355124,355127,4,930,26,M_3521,Other
3522,exp,exp_name,henry,Henry,355193,355198,4,931,26,M_3522,PROPN
3523,booknlp,COREF,98,I,355213,355214,4,931,26,M_3523,Other
3524,pdnc,qID,Q773-0,your sister s,355252,355265,1,931,26,M_3524,Other
3525,booknlp,COREF,98,mine,355278,355282,4,931,26,M_3525,Other
3526,pdnc,qID,Q773-0,You,355284,355287,4,931,26,M_3526,Other
3527,pdnc,qID,Q773-0,the general,355315,355326,3,931,26,M_3527,Other
3528,pdnc,qID,Q773-0,your,355348,355352,4,931,26,M_3528,Other
3529,pdnc,qID,Q773-0,he,355398,355400,3,931,26,M_3529,Other
3530,pdnc,qID,Q773-0,he,355430,355432,3,931,26,M_3530,Other
3531,pdnc,qID,Q773-0,he,355438,355440,3,931,26,M_3531,Other
3532,pdnc,qID,Q774-0,you,355583,355586,0,932,26,M_3532,Other
3533,pdnc,qID,Q774-0,his,355592,355595,3,932,26,M_3533,Other
3534,pdnc,qID,Q774-0,Eleanor,355646,355653,1,932,26,M_3534,Other
3535,booknlp,COREF,98,He,355677,355679,4,933,26,M_3535,Other
3536,exp,exp_name,catherine,Catherine,355740,355749,0,933,26,M_3536,PROPN
3537,exp,exp_name,henry,Henry,355781,355786,4,933,26,M_3537,PROPN
3538,booknlp,COREF,98,him,355824,355827,4,933,26,M_3538,Other
3539,booknlp,COREF,98,his,355880,355883,4,933,26,M_3539,Other
3540,booknlp,COREF,98,he,355973,355975,4,933,26,M_3540,Other
3541,booknlp,COREF,98,his,355999,356002,4,933,26,M_3541,Other
3542,booknlp,COREF,98,he,356083,356085,4,933,26,M_3542,Other
3543,exp,exp_name,henry,Henry,356235,356240,4,933,26,M_3543,PROPN
3544,booknlp,COREF,98,his,356271,356274,4,933,26,M_3544,Other
3545,exp,exp_name,henry,Henry,356356,356361,4,934,26,M_3545,PROPN
3546,exp,exp_name,captain tilney,Captain Tilney,356412,356426,2,934,26,M_3546,PROPN
3547,booknlp,COREF,98,his,356460,356463,4,934,26,M_3547,Other
3548,exp,exp_name,isabella,Isabella,356616,356624,5,934,26,M_3548,PROPN
3549,exp,exp_name,eleanor,Eleanor,356639,356646,1,934,26,M_3549,PROPN
3550,exp,exp_name,henry,Henry,356676,356681,4,934,26,M_3550,PROPN
3551,exp,exp_name,catherine,Catherine,357435,357444,0,935,26,M_3551,PROPN
3552,exp,exp_name,catherine,Catherine,357666,357675,0,935,26,M_3552,PROPN
3553,exp,exp_name,henry,Henry,358264,358269,4,935,26,M_3553,PROPN
3554,booknlp,COREF,98,his,358291,358294,4,935,26,M_3554,Other
3555,exp,exp_name,catherine,Catherine,358404,358413,0,936,26,M_3555,PROPN
3556,pdnc,qID,Q775-0,We,358824,358826,3,937,26,M_3556,Other
3557,pdnc,qID,Q775-1,We,358871,358873,3,937,26,M_3557,Other
3558,pdnc,qID,Q775-1,we,358925,358927,3,937,26,M_3558,Other
3559,pdnc,qID,Q775-1,we,358988,358990,3,937,26,M_3559,Other
3560,exp,exp_name,catherine,Catherine,359398,359407,0,938,26,M_3560,PROPN
3561,exp,exp_name,henry,Henry,359546,359551,4,938,26,M_3561,PROPN
3562,exp,exp_name,catherine,Catherine,359691,359700,0,938,26,M_3562,PROPN
3563,exp,exp_name,catherine,Catherine,360140,360149,0,939,26,M_3563,PROPN
3564,pdnc,qID,Q776-0,you,360450,360453,4,939,26,M_3564,Other
3565,pdnc,qID,Q776-0,Mr. Tilney,360472,360482,4,939,26,M_3565,PROPN
3566,pdnc,qID,Q779-0,Henry,360958,360963,4,942,26,M_3566,PROPN
3567,exp,exp_name,catherine,Catherine,361065,361074,0,943,26,M_3567,PROPN
3568,exp,exp_name,henry,Henry,361534,361539,4,943,26,M_3568,PROPN
3569,exp,exp_name,catherine,Catherine,362008,362017,0,944,26,M_3569,PROPN
3570,exp,exp_name,catherine,Catherine,362883,362892,0,946,26,M_3570,PROPN
3571,exp,exp_name,isabella,Isabella,363075,363083,5,948,27,M_3571,PROPN
3572,exp,exp_name,catherine,Catherine,363113,363122,0,950,27,M_3572,PROPN
3573,exp,exp_name,captain tilney,Captain Tilney,364724,364738,2,950,27,M_3573,PROPN
3574,exp,exp_name,tilney,Tilney,366324,366330,4,950,27,M_3574,PROPN
3575,exp,exp_name,anne,Anne,366650,366654,9,950,27,M_3575,PROPN
3576,exp,exp_name,tilney,Tilney,366841,366847,4,950,27,M_3576,PROPN
3577,exp,exp_name,catherine,Catherine,367121,367130,0,950,27,M_3577,PROPN
3578,exp,exp_name,catherine,Catherine,367248,367257,0,952,27,M_3578,PROPN
3579,exp,exp_name,isabella,Isabella,367361,367369,5,952,27,M_3579,PROPN
3580,exp,exp_name,james,James,367525,367530,6,952,27,M_3580,PROPN
3581,exp,exp_name,james,James,367550,367555,6,952,27,M_3581,PROPN
3582,exp,exp_name,isabella,Isabella,367574,367582,5,952,27,M_3582,PROPN
3583,exp,exp_name,henry,Henry,367619,367624,4,953,27,M_3583,PROPN
3584,booknlp,COREF,98,him,367668,367671,4,953,27,M_3584,Other
3585,exp,exp_name,eleanor,Eleanor,367676,367683,1,953,27,M_3585,PROPN
3586,pdnc,qID,Q780-0,Isabella,367872,367880,5,953,27,M_3586,Other
3587,pdnc,qID,Q780-1,She,367921,367924,5,953,27,M_3587,Other
3588,pdnc,qID,Q780-1,she,367952,367955,5,953,27,M_3588,Other
3589,pdnc,qID,Q780-1,her,368019,368022,5,953,27,M_3589,Other
3590,pdnc,qID,Q780-1,her,368068,368071,5,953,27,M_3590,Other
3591,pdnc,qID,Q780-1,she,368084,368087,5,953,27,M_3591,Other
3592,pdnc,qID,Q780-1,She,368104,368107,5,953,27,M_3592,Other
3593,pdnc,qID,Q780-1,her,368132,368135,5,953,27,M_3593,Other
3594,pdnc,qID,Q780-1,she,368179,368182,5,953,27,M_3594,Other
3595,pdnc,qID,Q780-1,James,368214,368219,6,953,27,M_3595,PROPN
3596,pdnc,qID,Q780-1,her,368260,368263,5,953,27,M_3596,Other
3597,pdnc,qID,Q781-0,you,368290,368293,0,954,27,M_3597,Other
3598,exp,exp_name,henry,Henry,368311,368316,4,954,27,M_3598,PROPN
3599,pdnc,qID,Q782-0,she,368380,368383,5,955,27,M_3599,Other
3600,pdnc,qID,Q782-0,Captain Tilney,368403,368417,2,955,27,M_3600,PROPN
3601,pdnc,qID,Q782-0,Captain Tilney,368474,368488,2,955,27,M_3601,PROPN
3602,pdnc,qID,Q782-0,he,368530,368532,2,955,27,M_3602,Other
3603,pdnc,qID,Q782-0,her,368537,368540,5,955,27,M_3603,Other
3604,pdnc,qID,Q782-0,her,368568,368571,5,955,27,M_3604,Other
3605,pdnc,qID,Q782-0,my brother,368585,368595,6,955,27,M_3605,Other
3606,pdnc,qID,Q783-0,Frederick s ,368656,368668,2,956,27,M_3606,Other
3607,pdnc,qID,Q783-0,He,368714,368716,2,956,27,M_3607,Other
3608,pdnc,qID,Q783-0,his,368721,368724,2,956,27,M_3608,Other
3609,pdnc,qID,Q783-0,Miss Thorpe,368745,368756,5,956,27,M_3609,PROPN
3610,pdnc,qID,Q783-0,his,368871,368874,2,956,27,M_3610,Other
3611,pdnc,qID,Q783-0,him,368902,368905,2,956,27,M_3611,Other
3612,pdnc,qID,Q783-0,you,368911,368914,0,956,27,M_3612,Other
3613,pdnc,qID,Q784-0,you,368964,368967,4,957,27,M_3613,Other
3614,pdnc,qID,Q784-0,he,368983,368985,2,957,27,M_3614,Other
3615,pdnc,qID,Q784-0,her,369010,369013,5,957,27,M_3615,Other
3616,pdnc,qID,Q785-0,he,369038,369040,2,958,27,M_3616,Other
3617,exp,exp_name,henry,Henry,369109,369114,4,960,27,M_3617,PROPN
3618,booknlp,COREF,98,his,369121,369124,4,960,27,M_3618,Other
3619,pdnc,qID,Q787-0,him,369177,369180,2,961,27,M_3619,Other
3620,pdnc,qID,Q787-0,him,369244,369247,2,961,27,M_3620,Other
3621,pdnc,qID,Q787-0,Isabella,369323,369331,5,961,27,M_3621,Other
3622,pdnc,qID,Q787-0,he,369368,369370,2,961,27,M_3622,Other
3623,pdnc,qID,Q787-0,her,369380,369383,5,961,27,M_3623,Other
3624,pdnc,qID,Q787-0,him,369407,369410,2,961,27,M_3624,Other
3625,pdnc,qID,Q788-0,Isabella,369441,369449,5,962,27,M_3625,Other
3626,pdnc,qID,Q788-0,she,369550,369553,5,962,27,M_3626,Other
3627,pdnc,qID,Q790-0,you,369669,369672,0,964,27,M_3627,Other
3628,pdnc,qID,Q790-0,yours,369689,369694,0,964,27,M_3628,Other
3629,pdnc,qID,Q790-0,you,369697,369700,0,964,27,M_3629,Other
3630,pdnc,qID,Q790-0,Miss Thorpe,369755,369766,5,964,27,M_3630,PROPN
3631,pdnc,qID,Q790-0,your,369772,369776,0,964,27,M_3631,Other
3632,exp,exp_name,catherine,Catherine,369937,369946,0,965,27,M_3632,PROPN
3633,exp,exp_name,frederick,Frederick,369991,370000,2,965,27,M_3633,PROPN
3634,exp,exp_name,henry,Henry,370041,370046,4,965,27,M_3634,PROPN
3635,booknlp,COREF,98,himself,370052,370059,4,965,27,M_3635,Other
3636,exp,exp_name,isabella,Isabella,370104,370112,5,965,27,M_3636,PROPN
3637,exp,exp_name,miss morland,Miss Morland,370351,370363,0,967,28,M_3637,PROPN
3638,exp,exp_name,catherine,Catherine,370514,370523,0,967,28,M_3638,PROPN
3639,exp,exp_name,eleanor,Eleanor,371605,371612,1,967,28,M_3639,PROPN
3640,exp,exp_name,eleanor,Eleanor,371905,371912,1,968,28,M_3640,PROPN
3641,exp,exp_name,eleanor,Eleanor,371921,371928,1,968,28,M_3641,PROPN
3642,exp,exp_name,eleanor,Eleanor,372050,372057,1,968,28,M_3642,PROPN
3643,booknlp,COREF,145,herself,372078,372085,1,968,28,M_3643,Other
3644,booknlp,COREF,145,She,372102,372105,1,968,28,M_3644,Other
3645,booknlp,COREF,145,her,372137,372140,1,968,28,M_3645,Other
3646,booknlp,COREF,145,her,372200,372203,1,968,28,M_3646,Other
3647,exp,exp_name,mrs. morland,Mrs. Morland,372306,372318,15,968,28,M_3647,PROPN
3648,booknlp,COREF,145,her,372356,372359,1,968,28,M_3648,Other
3649,booknlp,COREF,145,her,372368,372371,1,968,28,M_3649,Other
3650,booknlp,COREF,145,her,372416,372419,1,968,28,M_3650,Other
3651,exp,exp_name,catherine,Catherine,372429,372438,0,968,28,M_3651,PROPN
3652,booknlp,COREF,145,she,372520,372523,1,968,28,M_3652,Other
3653,booknlp,COREF,145,she,372586,372589,1,969,28,M_3653,Other
3654,booknlp,COREF,145,herself,372611,372618,1,969,28,M_3654,Other
3655,booknlp,COREF,145,she,372649,372652,1,970,28,M_3655,Other
3656,pdnc,qID,Q791-0,you,372724,372727,0,971,28,M_3656,Other
3657,pdnc,qID,Q791-0,you,372743,372746,0,971,28,M_3657,Other
3658,pdnc,qID,Q792-0,you,372829,372832,1,972,28,M_3658,Other
3659,exp,exp_name,eleanor,Eleanor,373082,373089,1,972,28,M_3659,PROPN
3660,booknlp,COREF,145,her,373111,373114,1,972,28,M_3660,Other
3661,exp,exp_name,henry,Henry,373128,373133,4,972,28,M_3661,PROPN
3662,booknlp,COREF,145,her,373170,373173,1,972,28,M_3662,Other
3663,booknlp,COREF,145,her,373221,373224,1,972,28,M_3663,Other
3664,booknlp,COREF,145,her,373255,373258,1,972,28,M_3664,Other
3665,booknlp,COREF,145,She,373340,373343,1,972,28,M_3665,Other
3666,exp,exp_name,henry,Henry,373375,373380,4,972,28,M_3666,PROPN
3667,booknlp,COREF,145,her,373387,373390,1,972,28,M_3667,Other
3668,booknlp,COREF,98,his,373414,373417,4,972,28,M_3668,Other
3669,booknlp,COREF,145,her,373458,373461,1,972,28,M_3669,Other
3670,booknlp,COREF,145,her,373503,373506,1,972,28,M_3670,Other
3671,exp,exp_name,henry,Henry,373563,373568,4,973,28,M_3671,PROPN
3672,booknlp,COREF,98,his,373590,373593,4,973,28,M_3672,Other
3673,booknlp,COREF,98,his,373684,373687,4,973,28,M_3673,Other
3674,booknlp,COREF,98,his,373726,373729,4,973,28,M_3674,Other
3675,booknlp,COREF,98,him,373758,373761,4,973,28,M_3675,Other
3676,booknlp,COREF,98,His,373812,373815,4,973,28,M_3676,Other
3677,exp,exp_name,henry,Henry,374183,374188,4,973,28,M_3677,PROPN
3678,exp,exp_name,eleanor,Eleanor,374575,374582,1,973,28,M_3678,PROPN
3679,booknlp,COREF,145,her,374589,374592,1,973,28,M_3679,Other
3680,booknlp,COREF,145,she,374690,374693,1,973,28,M_3680,Other
3681,exp,exp_name,catherine,Catherine,374724,374733,0,974,28,M_3681,PROPN
3682,exp,exp_name,captain tilney,Captain Tilney,374832,374846,2,974,28,M_3682,PROPN
3683,exp,exp_name,miss thorpe,Miss Thorpe,375153,375164,5,974,28,M_3683,PROPN
3684,exp,exp_name,eleanor,Eleanor,375458,375465,1,974,28,M_3684,PROPN
3685,exp,exp_name,eleanor,Eleanor,375577,375584,1,974,28,M_3685,PROPN
3686,exp,exp_name,catherine,Catherine,375618,375627,0,975,28,M_3686,PROPN
3687,exp,exp_name,eleanor,Eleanor,376222,376229,1,975,28,M_3687,PROPN
3688,exp,exp_name,eleanor,Eleanor,376240,376247,1,975,28,M_3688,PROPN
3689,exp,exp_name,catherine,Catherine,376262,376271,0,975,28,M_3689,PROPN
3690,exp,exp_name,eleanor,Eleanor,376335,376342,1,975,28,M_3690,PROPN
3691,booknlp,COREF,145,her,376367,376370,1,975,28,M_3691,Other
3692,exp,exp_name,catherine,Catherine,376515,376524,0,975,28,M_3692,PROPN
3693,exp,exp_name,captain tilney,Captain Tilney,376555,376569,2,975,28,M_3693,PROPN
3694,booknlp,COREF,1835,her,376600,376603,0,975,28,M_3694,Other
3695,booknlp,COREF,145,her,376641,376644,1,975,28,M_3695,Other
3696,booknlp,COREF,145,her,376666,376669,1,975,28,M_3696,Other
3697,booknlp,COREF,145,her,376713,376716,1,975,28,M_3697,Other
3698,pdnc,qID,Q794-0,My dear Catherine,376748,376765,0,975,28,M_3698,Other
3699,pdnc,qID,Q794-0,you,376767,376770,0,975,28,M_3699,Other
3700,pdnc,qID,Q794-0,you,376780,376783,0,975,28,M_3700,Other
3701,exp,exp_name,eleanor,Eleanor,376807,376814,1,975,28,M_3701,PROPN
3702,booknlp,COREF,145,I,376841,376842,1,975,28,M_3702,Other
3703,booknlp,COREF,145,me,376882,376884,1,975,28,M_3703,Other
3704,booknlp,COREF,145,I,376885,376886,1,975,28,M_3704,Other
3705,booknlp,COREF,145,I,376902,376903,1,975,28,M_3705,Other
3706,pdnc,qID,Q794-1,you,376912,376915,0,975,28,M_3706,Other
3707,booknlp,COREF,145,I,376966,376967,1,977,28,M_3707,Other
3708,pdnc,qID,Q796-0,you,376973,376976,0,977,28,M_3708,Other
3709,booknlp,COREF,145,I,376992,376993,1,977,28,M_3709,Other
3710,pdnc,qID,Q796-0,you,376999,377002,0,977,28,M_3710,Other
3711,exp,exp_name,catherine,Catherine,377033,377042,0,978,28,M_3711,PROPN
3712,pdnc,qID,Q798-0,You,377137,377140,0,979,28,M_3712,Other
3713,exp,exp_name,eleanor,Eleanor,377173,377180,1,979,28,M_3713,PROPN
3714,pdnc,qID,Q798-1,father,377257,377263,3,979,28,M_3714,PROPN
3715,exp,exp_name,catherine,Catherine,377413,377422,0,979,28,M_3715,PROPN
3716,exp,exp_name,eleanor,Eleanor,377539,377546,1,979,28,M_3716,PROPN
3717,booknlp,COREF,145,herself,377572,377579,1,979,28,M_3717,Other
3718,pdnc,qID,Q799-0,You,377651,377654,0,979,28,M_3718,Other
3719,booknlp,COREF,145,I,377669,377670,1,979,28,M_3719,Other
3720,booknlp,COREF,145,me,377702,377704,1,979,28,M_3720,Other
3721,booknlp,COREF,145,I,377718,377719,1,979,28,M_3721,Other
3722,booknlp,COREF,145,I,377743,377744,1,979,28,M_3722,Other
3723,booknlp,COREF,145,my,377882,377884,1,979,28,M_3723,Other
3724,pdnc,qID,Q799-0,your,377897,377901,0,979,28,M_3724,Other
3725,booknlp,COREF,145,I,377921,377922,1,979,28,M_3725,Other
3726,booknlp,COREF,145,I,377966,377967,1,979,28,M_3726,Other
3727,pdnc,qID,Q799-0,you,377973,377976,0,979,28,M_3727,Other
3728,pdnc,qID,Q799-0,your,377982,377986,0,979,28,M_3728,Other
3729,pdnc,qID,Q799-0,your,378041,378045,0,979,28,M_3729,Other
3730,booknlp,COREF,145,I,378099,378100,1,979,28,M_3730,Other
3731,booknlp,COREF,145,myself,378116,378122,1,979,28,M_3731,Other
3732,pdnc,qID,Q799-0,My dear Catherine,378135,378152,0,979,28,M_3732,Other
3733,pdnc,qID,Q799-0,My father,378170,378179,3,979,28,M_3733,Other
3734,booknlp,COREF,145,I,378367,378368,1,979,28,M_3734,Other
3735,pdnc,qID,Q800-0,My dear Eleanor,378395,378410,1,980,28,M_3735,Other
3736,exp,exp_name,catherine,Catherine,378419,378428,0,980,28,M_3736,PROPN
3737,pdnc,qID,Q800-1,you,378717,378720,1,980,28,M_3737,Other
3738,pdnc,qID,Q800-1,you,378742,378745,1,980,28,M_3738,Other
3739,pdnc,qID,Q800-1,you,378752,378755,1,980,28,M_3739,Other
3740,booknlp,COREF,145,my,378821,378823,1,981,28,M_3740,Other
3741,pdnc,qID,Q801-0,Catherine,378831,378840,0,981,28,M_3741,PROPN
3742,pdnc,qID,Q802-0,you,378855,378858,1,982,28,M_3742,Other
3743,exp,exp_name,eleanor,Eleanor,378872,378879,1,983,28,M_3743,PROPN
3744,exp,exp_name,catherine,Catherine,378900,378909,0,983,28,M_3744,PROPN
3745,pdnc,qID,Q803-0,you,379029,379032,1,983,28,M_3745,Other
3746,pdnc,qID,Q803-0,you,379136,379139,1,983,28,M_3746,Other
3747,pdnc,qID,Q803-0,you,379144,379147,1,983,28,M_3747,Other
3748,pdnc,qID,Q803-0,Eleanor,379176,379183,1,983,28,M_3748,Other
3749,pdnc,qID,Q803-0,The general,379292,379303,3,983,28,M_3749,Other
3750,pdnc,qID,Q804-0,Catherine,379445,379454,0,984,28,M_3750,PROPN
3751,pdnc,qID,Q804-0,you,379548,379551,0,984,28,M_3751,Other
3752,pdnc,qID,Q804-0,you,379586,379589,0,984,28,M_3752,Other
3753,pdnc,qID,Q804-0,you,379616,379619,0,984,28,M_3753,Other
3754,pdnc,qID,Q804-0,your,379651,379655,0,984,28,M_3754,Other
3755,pdnc,qID,Q804-0,your,379701,379705,0,984,28,M_3755,Other
3756,pdnc,qID,Q804-0,you,379810,379813,0,984,28,M_3756,Other
3757,exp,exp_name,catherine,Catherine,379817,379826,0,985,28,M_3757,PROPN
3758,pdnc,qID,Q805-0,you,379955,379958,0,985,28,M_3758,Other
3759,pdnc,qID,Q805-0,you,380181,380184,0,985,28,M_3759,Other
3760,pdnc,qID,Q805-0,your,380257,380261,0,985,28,M_3760,Other
3761,pdnc,qID,Q805-0,you,380276,380279,0,985,28,M_3761,Other
3762,pdnc,qID,Q805-0,"Dear, dear Catherine",380357,380377,0,985,28,M_3762,Other
3763,pdnc,qID,Q805-0,you,380471,380474,0,985,28,M_3763,Other
3764,pdnc,qID,Q805-0,you,380495,380498,0,985,28,M_3764,Other
3765,pdnc,qID,Q806-0,the general,380637,380648,3,986,28,M_3765,Other
3766,exp,exp_name,catherine,Catherine,380656,380665,0,986,28,M_3766,PROPN
3767,pdnc,qID,Q807-0,you,380775,380778,0,987,28,M_3767,Other
3768,pdnc,qID,Q807-0,him,380794,380797,3,987,28,M_3768,Other
3769,pdnc,qID,Q807-0,He,380824,380826,3,987,28,M_3769,Other
3770,pdnc,qID,Q807-0,him,380894,380897,3,987,28,M_3770,Other
3771,pdnc,qID,Q807-0,His,380907,380910,3,987,28,M_3771,Other
3772,pdnc,qID,Q807-0,you,381109,381112,0,987,28,M_3772,Other
3773,exp,exp_name,catherine,Catherine,381185,381194,0,988,28,M_3773,PROPN
3774,exp,exp_name,eleanor,Eleanor,381235,381242,1,988,28,M_3774,PROPN
3775,pdnc,qID,Q808-1,him,381332,381335,3,988,28,M_3775,Other
3776,pdnc,qID,Q808-1,Eleanor,381411,381418,1,988,28,M_3776,Other
3777,pdnc,qID,Q808-1,you,381435,381438,1,988,28,M_3777,Other
3778,pdnc,qID,Q809-0,your,381613,381617,0,989,28,M_3778,Other
3779,pdnc,qID,Q809-0,your,381746,381750,0,989,28,M_3779,Other
3780,pdnc,qID,Q809-0,you,381819,381822,0,989,28,M_3780,Other
3781,pdnc,qID,Q809-0,you,381886,381889,0,989,28,M_3781,Other
3782,pdnc,qID,Q809-0,you,381949,381952,0,989,28,M_3782,Other
3783,pdnc,qID,Q809-0,your,381957,381961,0,989,28,M_3783,Other
3784,pdnc,qID,Q810-0,you,382094,382097,1,990,28,M_3784,Other
3785,exp,exp_name,eleanor,Eleanor,382177,382184,1,990,28,M_3785,PROPN
3786,booknlp,COREF,145,she,382194,382197,1,990,28,M_3786,Other
3787,booknlp,COREF,145,her,382309,382312,1,990,28,M_3787,Other
3788,booknlp,COREF,145,I,382320,382321,1,990,28,M_3788,Other
3789,pdnc,qID,Q811-0,you,382332,382335,0,990,28,M_3789,Other
3790,exp,exp_name,catherine,Catherine,382354,382363,0,991,28,M_3790,PROPN
3791,exp,exp_name,eleanor,Eleanor,382399,382406,1,991,28,M_3791,PROPN
3792,exp,exp_name,henry,Henry,382705,382710,4,991,28,M_3792,PROPN
3793,booknlp,COREF,98,him,382746,382749,4,991,28,M_3793,Other
3794,booknlp,COREF,98,him,382795,382798,4,991,28,M_3794,Other
3795,exp,exp_name,general tilney,General Tilney,382920,382934,3,991,28,M_3795,PROPN
3796,booknlp,COREF,98,he,383485,383487,4,991,28,M_3796,Other
3797,booknlp,COREF,98,he,383522,383524,4,991,28,M_3797,Other
3798,booknlp,COREF,98,him,383682,383685,4,991,28,M_3798,Other
3799,exp,exp_name,eleanor,Eleanor,383687,383694,1,991,28,M_3799,PROPN
3800,exp,exp_name,catherine,Catherine,383749,383758,0,991,28,M_3800,PROPN
3801,exp,exp_name,eleanor,Eleanor,384792,384799,1,993,28,M_3801,PROPN
3802,exp,exp_name,catherine,Catherine,384921,384930,0,993,28,M_3802,PROPN
3803,exp,exp_name,eleanor,Eleanor,385412,385419,1,993,28,M_3803,PROPN
3804,exp,exp_name,catherine,Catherine,385606,385615,0,993,28,M_3804,PROPN
3805,exp,exp_name,eleanor,Eleanor,385660,385667,1,993,28,M_3805,PROPN
3806,exp,exp_name,catherine,Catherine,385779,385788,0,993,28,M_3806,PROPN
3807,exp,exp_name,henry,Henry,386559,386564,4,993,28,M_3807,PROPN
3808,exp,exp_name,henry,Henry,386624,386629,4,993,28,M_3808,PROPN
3809,exp,exp_name,henry,Henry,386646,386651,4,993,28,M_3809,PROPN
3810,exp,exp_name,catherine,Catherine,386911,386920,0,993,28,M_3810,PROPN
3811,exp,exp_name,eleanor,Eleanor,387114,387121,1,993,28,M_3811,PROPN
3812,pdnc,qID,Q812-0,You,387172,387175,0,994,28,M_3812,Other
3813,booknlp,COREF,145,me,387192,387194,1,994,28,M_3813,Other
3814,pdnc,qID,Q812-0,Catherine,387196,387205,0,994,28,M_3814,PROPN
3815,booknlp,COREF,145,she,387208,387211,1,994,28,M_3815,Other
3816,pdnc,qID,Q812-1,you,387220,387223,0,994,28,M_3816,Other
3817,booknlp,COREF,145,me,387235,387237,1,994,28,M_3817,Other
3818,pdnc,qID,Q812-1,you,387248,387251,0,994,28,M_3818,Other
3819,booknlp,COREF,145,I,387278,387279,1,994,28,M_3819,Other
3820,pdnc,qID,Q812-1,you,387285,387288,0,994,28,M_3820,Other
3821,booknlp,COREF,145,I,387309,387310,1,994,28,M_3821,Other
3822,booknlp,COREF,145,I,387390,387391,1,994,28,M_3822,Other
3823,booknlp,COREF,145,me,387410,387412,1,994,28,M_3823,Other
3824,pdnc,qID,Q812-1,you,387451,387454,0,994,28,M_3824,Other
3825,booknlp,COREF,145,I,387526,387527,1,994,28,M_3825,Other
3826,pdnc,qID,Q812-1,your,387540,387544,0,994,28,M_3826,Other
3827,booknlp,COREF,145,I,387563,387564,1,994,28,M_3827,Other
3828,booknlp,COREF,145,I,387578,387579,1,994,28,M_3828,Other
3829,booknlp,COREF,145,me,387612,387614,1,994,28,M_3829,Other
3830,booknlp,COREF,145,I,387640,387641,1,994,28,M_3830,Other
3831,pdnc,qID,Q813-0,Eleanor,387684,387691,1,995,28,M_3831,Other
3832,pdnc,qID,Q813-0,you,387696,387699,1,995,28,M_3832,Other
3833,exp,exp_name,eleanor,Eleanor,387828,387835,1,996,28,M_3833,PROPN
3834,booknlp,COREF,145,I,387851,387852,1,996,28,M_3834,Other
3835,pdnc,qID,Q814-0,your,387870,387874,0,996,28,M_3835,Other
3836,booknlp,COREF,145,I,387885,387886,1,996,28,M_3836,Other
3837,pdnc,qID,Q814-0,you,387906,387909,0,996,28,M_3837,Other
3838,booknlp,COREF,145,I,387911,387912,1,996,28,M_3838,Other
3839,pdnc,qID,Q814-0,your,387927,387931,0,996,28,M_3839,Other
3840,booknlp,COREF,145,I,387959,387960,1,996,28,M_3840,Other
3841,pdnc,qID,Q814-0,you,387983,387986,0,996,28,M_3841,Other
3842,exp,exp_name,catherine,Catherine,388059,388068,0,996,28,M_3842,PROPN
3843,pdnc,qID,Q815-0,Eleanor,388119,388126,1,996,28,M_3843,Other
3844,pdnc,qID,Q815-0,you,388146,388149,1,996,28,M_3844,Other
3845,exp,exp_name,miss tilney,Miss Tilney,388194,388205,1,997,28,M_3845,PROPN
3846,exp,exp_name,catherine,Catherine,388337,388346,0,997,28,M_3846,PROPN
3847,exp,exp_name,catherine,Catherine,388533,388542,0,997,28,M_3847,PROPN
3848,exp,exp_name,catherine,Catherine,389018,389027,0,997,28,M_3848,PROPN
3849,exp,exp_name,catherine,Catherine,389663,389672,0,999,29,M_3849,PROPN
3850,exp,exp_name,henry,Henry,390591,390596,4,999,29,M_3850,PROPN
3851,exp,exp_name,henry,Henry,390851,390856,4,1000,29,M_3851,PROPN
3852,booknlp,COREF,98,his,390945,390948,4,1000,29,M_3852,Other
3853,booknlp,COREF,98,he,391009,391011,4,1000,29,M_3853,Other
3854,booknlp,COREF,98,his,391026,391029,4,1000,29,M_3854,Other
3855,booknlp,COREF,98,he,391049,391051,4,1000,29,M_3855,Other
3856,booknlp,COREF,98,his,391073,391076,4,1000,29,M_3856,Other
3857,booknlp,COREF,98,him,391212,391215,4,1001,29,M_3857,Other
3858,booknlp,COREF,98,his,391298,391301,4,1001,29,M_3858,Other
3859,exp,exp_name,henry,Henry,391313,391318,4,1001,29,M_3859,PROPN
3860,exp,exp_name,henry,Henry,391492,391497,4,1001,29,M_3860,PROPN
3861,booknlp,COREF,98,his,391564,391567,4,1001,29,M_3861,Other
3862,booknlp,COREF,98,his,391743,391746,4,1001,29,M_3862,Other
3863,booknlp,COREF,98,him,391790,391793,4,1001,29,M_3863,Other
3864,booknlp,COREF,98,his,391833,391836,4,1001,29,M_3864,Other
3865,booknlp,COREF,98,his,391859,391862,4,1001,29,M_3865,Other
3866,booknlp,COREF,98,his,391950,391953,4,1001,29,M_3866,Other
3867,exp,exp_name,henry,Henry,392146,392151,4,1002,29,M_3867,PROPN
3868,booknlp,COREF,98,he,392190,392192,4,1002,29,M_3868,Other
3869,booknlp,COREF,98,his,392416,392419,4,1002,29,M_3869,Other
3870,booknlp,COREF,98,his,392496,392499,4,1002,29,M_3870,Other
3871,booknlp,COREF,98,he,392550,392552,4,1002,29,M_3871,Other
3872,exp,exp_name,eleanor,Eleanor,392585,392592,1,1002,29,M_3872,PROPN
3873,booknlp,COREF,98,he,392604,392606,4,1002,29,M_3873,Other
3874,exp,exp_name,eleanor,Eleanor,392618,392625,1,1002,29,M_3874,PROPN
3875,booknlp,COREF,1887,her,392632,392635,1,1002,29,M_3875,Other
3876,exp,exp_name,henry,Henry,393708,393713,4,1003,29,M_3876,PROPN
3877,exp,exp_name,eleanor,Eleanor,393718,393725,1,1003,29,M_3877,PROPN
3878,exp,exp_name,catherine,Catherine,395585,395594,0,1006,29,M_3878,PROPN
3879,exp,exp_name,catherine,Catherine,396265,396274,0,1006,29,M_3879,PROPN
3880,exp,exp_name,sarah,Sarah,396452,396457,17,1007,29,M_3880,PROPN
3881,exp,exp_name,catherine,Catherine,396593,396602,0,1007,29,M_3881,PROPN
3882,exp,exp_name,mrs. morland,Mrs. Morland,397007,397019,15,1007,29,M_3882,PROPN
3883,exp,exp_name,mrs. morland,Mrs. Morland,397848,397860,15,1008,29,M_3883,PROPN
3884,exp,exp_name,general tilney,General Tilney,398051,398065,3,1008,29,M_3884,PROPN
3885,booknlp,COREF,143,he,398153,398155,3,1008,29,M_3885,Other
3886,booknlp,COREF,143,him,398194,398197,3,1008,29,M_3886,Other
3887,booknlp,COREF,143,his,398258,398261,3,1008,29,M_3887,Other
3888,exp,exp_name,catherine,Catherine,398380,398389,0,1008,29,M_3888,PROPN
3889,booknlp,COREF,143,he,398538,398540,3,1008,29,M_3889,Other
3890,exp,exp_name,sarah,Sarah,398627,398632,17,1008,29,M_3890,PROPN
3891,pdnc,qID,Q816-0,My dear,398744,398751,0,1008,29,M_3891,Other
3892,pdnc,qID,Q816-0,you,398753,398756,0,1008,29,M_3892,Other
3893,booknlp,COREF,80,I,398899,398900,17,1009,29,M_3893,Other
3894,pdnc,qID,Q817-0,his,398915,398918,3,1009,29,M_3894,Other
3895,pdnc,qID,Q817-0,Catherine,398927,398936,0,1009,29,M_3895,PROPN
3896,pdnc,qID,Q817-0,he,398948,398950,3,1009,29,M_3896,Other
3897,exp,exp_name,sarah,Sarah,398986,398991,17,1009,29,M_3897,PROPN
3898,booknlp,COREF,82,I,399024,399025,15,1010,29,M_3898,Other
3899,exp,exp_name,mrs. morland,Mrs. Morland,399067,399079,15,1010,29,M_3899,PROPN
3900,pdnc,qID,Q818-1,Catherine,399162,399171,0,1010,29,M_3900,PROPN
3901,pdnc,qID,Q818-1,General Tilney,399226,399240,3,1010,29,M_3901,PROPN
3902,exp,exp_name,catherine,Catherine,399243,399252,0,1010,29,M_3902,PROPN
3903,pdnc,qID,Q819-1,your,399332,399336,0,1010,29,M_3903,Other
3904,pdnc,qID,Q819-1,you,399494,399497,0,1010,29,M_3904,Other
3905,pdnc,qID,Q819-1,my dear Catherine,399504,399521,0,1010,29,M_3905,Other
3906,pdnc,qID,Q819-1,you,399523,399526,0,1010,29,M_3906,Other
3907,pdnc,qID,Q819-1,you,399586,399589,0,1010,29,M_3907,Other
3908,pdnc,qID,Q819-1,your,399620,399624,0,1010,29,M_3908,Other
3909,pdnc,qID,Q819-1,you,399636,399639,0,1010,29,M_3909,Other
3910,pdnc,qID,Q819-1,you,399719,399722,0,1010,29,M_3910,Other
3911,pdnc,qID,Q819-1,you,399753,399756,0,1010,29,M_3911,Other
3912,exp,exp_name,catherine,Catherine,399782,399791,0,1011,29,M_3912,PROPN
3913,exp,exp_name,miss tilney,Miss Tilney,400648,400659,1,1012,29,M_3913,PROPN
3914,exp,exp_name,catherine,Catherine,400775,400784,0,1012,29,M_3914,PROPN
3915,exp,exp_name,eleanor,Eleanor,400826,400833,1,1012,29,M_3915,PROPN
3916,exp,exp_name,eleanor tilney,Eleanor Tilney,401118,401132,1,1012,29,M_3916,PROPN
3917,exp,exp_name,eleanor,Eleanor,401337,401344,1,1012,29,M_3917,PROPN
3918,booknlp,COREF,145,she,401405,401408,1,1012,29,M_3918,Other
3919,booknlp,COREF,145,herself,401425,401432,1,1012,29,M_3919,Other
3920,exp,exp_name,henry,Henry,401437,401442,4,1012,29,M_3920,PROPN
3921,booknlp,COREF,145,her,401505,401508,1,1012,29,M_3921,Other
3922,booknlp,COREF,145,she,401607,401610,1,1012,29,M_3922,Other
3923,exp,exp_name,eleanor,Eleanor,401687,401694,1,1012,29,M_3923,PROPN
3924,exp,exp_name,mrs. morland,Mrs. Morland,401869,401881,15,1013,29,M_3924,PROPN
3925,booknlp,COREF,82,I,401938,401939,15,1013,29,M_3925,Other
3926,pdnc,qID,Q820-1,Mrs. Allen,401968,401978,13,1013,29,M_3926,PROPN
3927,pdnc,qID,Q820-1,you,402030,402033,0,1013,29,M_3927,Other
3928,booknlp,COREF,145,your,402064,402068,1,1013,29,M_3928,Other
3929,pdnc,qID,Q820-1,Isabella,402069,402077,5,1013,29,M_3929,Other
3930,pdnc,qID,Q820-1,Poor James,402083,402093,6,1013,29,M_3930,Other
3931,pdnc,qID,Q820-1,you,402150,402153,0,1013,29,M_3931,Other
3932,booknlp,COREF,82,I,402159,402160,15,1013,29,M_3932,Other
3933,exp,exp_name,catherine,Catherine,402198,402207,0,1014,29,M_3933,PROPN
3934,pdnc,qID,Q821-0,Eleanor,402285,402292,1,1014,29,M_3934,Other
3935,pdnc,qID,Q822-0,my dear,402304,402311,0,1015,29,M_3935,Other
3936,booknlp,COREF,82,I,402313,402314,15,1015,29,M_3936,Other
3937,pdnc,qID,Q822-0,you,402324,402327,0,1015,29,M_3937,Other
3938,pdnc,qID,Q822-0,you,402403,402406,0,1015,29,M_3938,Other
3939,exp,exp_name,mrs. morland,Mrs. Morland,402502,402514,15,1016,29,M_3939,PROPN
3940,booknlp,COREF,82,her,402532,402535,15,1016,29,M_3940,Other
3941,exp,exp_name,catherine,Catherine,402635,402644,0,1016,29,M_3941,PROPN
3942,exp,exp_name,henry tilney,Henry Tilney,402745,402757,4,1016,29,M_3942,PROPN
3943,booknlp,COREF,98,him,402771,402774,4,1016,29,M_3943,Other
3944,booknlp,COREF,98,he,402829,402831,4,1016,29,M_3944,Other
3945,exp,exp_name,mrs. allen,Mrs. Allen,403116,403126,13,1016,29,M_3945,PROPN
3946,exp,exp_name,mrs. morland,Mrs. Morland,403202,403214,15,1017,29,M_3946,PROPN
3947,booknlp,COREF,82,she,403243,403246,15,1017,29,M_3947,Other
3948,exp,exp_name,james,James,403268,403273,6,1017,29,M_3948,PROPN
3949,pdnc,qID,Q823-0,We,403293,403295,15,1017,29,M_3949,Other
3950,pdnc,qID,Q823-0,him,403310,403313,6,1017,29,M_3950,Other
3951,booknlp,COREF,82,she,403321,403324,15,1017,29,M_3951,Other
3952,pdnc,qID,Q823-1,him,403433,403436,6,1017,29,M_3952,Other
3953,pdnc,qID,Q823-1,her,403606,403609,5,1017,29,M_3953,Other
3954,pdnc,qID,Q823-1,poor James,403644,403654,6,1017,29,M_3954,Other
3955,booknlp,COREF,82,I,403692,403693,15,1017,29,M_3955,Other
3956,pdnc,qID,Q823-1,he,403703,403705,6,1017,29,M_3956,Other
3957,pdnc,qID,Q823-1,his,403735,403738,6,1017,29,M_3957,Other
3958,pdnc,qID,Q823-1,his,403768,403771,6,1017,29,M_3958,Other
3959,exp,exp_name,catherine,Catherine,403839,403848,0,1018,29,M_3959,PROPN
3960,exp,exp_name,mrs. morland,Mrs. Morland,404742,404754,15,1019,29,M_3960,PROPN
3961,pdnc,qID,Q824-0,Catherine,404841,404850,0,1019,29,M_3961,PROPN
3962,pdnc,qID,Q824-1,She,404908,404911,0,1019,29,M_3962,Other
3963,pdnc,qID,Q824-1,General Tilney,405003,405017,3,1019,29,M_3963,PROPN
3964,pdnc,qID,Q824-1,her,405086,405089,0,1019,29,M_3964,Other
3965,pdnc,qID,Q824-1,her,405115,405118,0,1019,29,M_3965,Other
3966,pdnc,qID,Q824-1,he,405169,405171,3,1019,29,M_3966,Other
3967,pdnc,qID,Q824-1,her,405223,405226,0,1019,29,M_3967,Other
3968,pdnc,qID,Q824-1,she,405284,405287,0,1019,29,M_3968,Other
3969,exp,exp_name,mr. allen,Mr. Allen,405360,405369,10,1020,29,M_3969,PROPN
3970,booknlp,COREF,89,himself,405380,405387,10,1020,29,M_3970,Other
3971,exp,exp_name,mrs. allen,Mrs. Allen,405461,405471,13,1020,29,M_3971,PROPN
3972,booknlp,COREF,89,his,405480,405483,10,1020,29,M_3972,Other
3973,booknlp,COREF,91,herself,405553,405560,13,1020,29,M_3973,Other
3974,booknlp,COREF,89,His,405562,405565,10,1020,29,M_3974,Other
3975,booknlp,COREF,89,his,405574,405577,10,1020,29,M_3975,Other
3976,booknlp,COREF,89,his,405595,405598,10,1020,29,M_3976,Other
3977,booknlp,COREF,91,hers,405633,405637,13,1020,29,M_3977,Other
3978,booknlp,COREF,91,I,405680,405681,13,1020,29,M_3978,Other
3979,booknlp,COREF,91,I,405766,405767,13,1020,29,M_3979,Other
3980,exp,exp_name,mr. allen,Mr. Allen,405836,405845,10,1020,29,M_3980,PROPN
3981,booknlp,COREF,91,she,406038,406041,13,1020,29,M_3981,Other
3982,pdnc,qID,Q827-0, my dear,406073,406081,0,1020,29,M_3982,Other
3983,booknlp,COREF,91,my,406086,406088,13,1020,29,M_3983,Other
3984,booknlp,COREF,91,my,406129,406131,13,1020,29,M_3984,Other
3985,booknlp,COREF,91,I,406174,406175,13,1020,29,M_3985,Other
3986,booknlp,COREF,91,I,406225,406226,13,1020,29,M_3986,Other
3987,pdnc,qID,Q827-0,you,406240,406243,0,1020,29,M_3987,Other
3988,pdnc,qID,Q827-0,Catherine,406285,406294,0,1020,29,M_3988,PROPN
3989,booknlp,COREF,91,I,406307,406308,13,1020,29,M_3989,Other
3990,pdnc,qID,Q827-0,you,406316,406319,0,1020,29,M_3990,Other
3991,booknlp,COREF,91,I,406320,406321,13,1020,29,M_3991,Other
3992,pdnc,qID,Q827-0,Mrs. Thorpe s,406359,406372,16,1020,29,M_3992,Other
3993,pdnc,qID,Q827-0,You,406423,406426,0,1020,29,M_3993,Other
3994,pdnc,qID,Q827-0,you,406433,406436,0,1020,29,M_3994,Other
3995,booknlp,COREF,91,I,406441,406442,13,1020,29,M_3995,Other
3996,exp,exp_name,catherine,Catherine,406516,406525,0,1021,29,M_3996,PROPN
3997,pdnc,qID,Q829-0,Mrs. Thorpe,406653,406664,16,1022,29,M_3997,PROPN
3998,pdnc,qID,Q829-0,My dear,406698,406705,0,1022,29,M_3998,Other
3999,pdnc,qID,Q829-0,you,406714,406717,0,1022,29,M_3999,Other
4000,booknlp,COREF,91,I,406758,406759,13,1022,29,M_4000,Other
4001,pdnc,qID,Q829-0,you,406824,406827,0,1022,29,M_4001,Other
4002,booknlp,COREF,91,I,406838,406839,13,1022,29,M_4002,Other
4003,pdnc,qID,Q829-0,you,406878,406881,0,1022,29,M_4003,Other
4004,booknlp,COREF,91,I,406911,406912,13,1023,29,M_4004,Other
4005,pdnc,qID,Q831-0,Mr. Tilney,406967,406977,4,1024,29,M_4005,PROPN
4006,booknlp,COREF,91,I,407001,407002,13,1024,29,M_4006,Other
4007,pdnc,qID,Q831-0,him,407018,407021,4,1024,29,M_4007,Other
4008,pdnc,qID,Q831-0,he,407040,407042,4,1024,29,M_4008,Other
4009,booknlp,COREF,91,I,407065,407066,13,1024,29,M_4009,Other
4010,pdnc,qID,Q831-0,you,407081,407084,0,1024,29,M_4010,Other
4011,pdnc,qID,Q831-0,him,407097,407100,4,1024,29,M_4011,Other
4012,booknlp,COREF,91,I,407125,407126,13,1024,29,M_4012,Other
4013,booknlp,COREF,91,I,407136,407137,13,1024,29,M_4013,Other
4014,booknlp,COREF,91,my,407142,407144,13,1024,29,M_4014,Other
4015,exp,exp_name,catherine,Catherine,407166,407175,0,1025,29,M_4015,PROPN
4016,exp,exp_name,mrs. allen,Mrs. Allen,407238,407248,13,1025,29,M_4016,PROPN
4017,booknlp,COREF,91,I,407268,407269,13,1025,29,M_4017,Other
4018,pdnc,qID,Q832-0,the general,407300,407311,3,1025,29,M_4018,Other
4019,booknlp,COREF,91,I,407363,407364,13,1025,29,M_4019,Other
4020,pdnc,qID,Q832-0,Mrs. Morland,407381,407393,15,1025,29,M_4020,PROPN
4021,pdnc,qID,Q832-0,you,407395,407398,15,1025,29,M_4021,Other
4022,pdnc,qID,Q832-0,your,407429,407433,15,1025,29,M_4022,Other
4023,pdnc,qID,Q832-0,Catherine,407497,407506,0,1025,29,M_4023,PROPN
4024,exp,exp_name,mrs. morland,Mrs. Morland,407577,407589,15,1026,29,M_4024,PROPN
4025,booknlp,COREF,82,her,407616,407619,15,1026,29,M_4025,Other
4026,exp,exp_name,mrs. allen,Mrs. Allen,407696,407706,13,1026,29,M_4026,PROPN
4027,exp,exp_name,catherine,Catherine,408064,408073,0,1026,29,M_4027,PROPN
4028,exp,exp_name,mrs. morland,Mrs. Morland,408252,408264,15,1026,29,M_4028,PROPN
4029,booknlp,COREF,82,her,408293,408296,15,1026,29,M_4029,Other
4030,booknlp,COREF,82,her,408329,408332,15,1026,29,M_4030,Other
4031,exp,exp_name,catherine,Catherine,408354,408363,0,1026,29,M_4031,PROPN
4032,exp,exp_name,henry,Henry,408399,408404,4,1026,29,M_4032,PROPN
4033,booknlp,COREF,98,he,408444,408446,4,1026,29,M_4033,Other
4034,exp,exp_name,catherine,Catherine,408558,408567,0,1028,30,M_4034,PROPN
4035,exp,exp_name,mrs. morland,Mrs. Morland,409296,409308,15,1029,30,M_4035,PROPN
4036,booknlp,COREF,82,she,409503,409506,15,1029,30,M_4036,Other
4037,pdnc,qID,Q833-0,My dear Catherine,409560,409577,0,1029,30,M_4037,Other
4038,booknlp,COREF,82,I,409579,409580,15,1029,30,M_4038,Other
4039,pdnc,qID,Q833-0,you,409591,409594,0,1029,30,M_4039,Other
4040,booknlp,COREF,82,I,409626,409627,15,1029,30,M_4040,Other
4041,pdnc,qID,Q833-0,you,409707,409710,0,1029,30,M_4041,Other
4042,pdnc,qID,Q833-0,Your,409712,409716,0,1029,30,M_4042,Other
4043,pdnc,qID,Q833-0,You,409831,409834,0,1029,30,M_4043,Other
4044,pdnc,qID,Q833-0,you,409877,409880,0,1029,30,M_4044,Other
4045,exp,exp_name,catherine,Catherine,409906,409915,0,1030,30,M_4045,PROPN
4046,pdnc,qID,Q835-0,you,410023,410026,0,1031,30,M_4046,Other
4047,pdnc,qID,Q835-0,General Tilney,410046,410060,3,1031,30,M_4047,PROPN
4048,pdnc,qID,Q835-0,you,410089,410092,0,1031,30,M_4048,Other
4049,pdnc,qID,Q835-0,you,410117,410120,0,1031,30,M_4049,Other
4050,pdnc,qID,Q835-0,him,410130,410133,3,1031,30,M_4050,Other
4051,pdnc,qID,Q835-0,You,410141,410144,0,1031,30,M_4051,Other
4052,pdnc,qID,Q836-0,my Catherine,410210,410222,0,1031,30,M_4052,Other
4053,pdnc,qID,Q836-0,you,410224,410227,0,1031,30,M_4053,Other
4054,pdnc,qID,Q836-0,your,410332,410336,0,1031,30,M_4054,Other
4055,pdnc,qID,Q836-0,you,410373,410376,0,1031,30,M_4055,Other
4056,pdnc,qID,Q836-0,you,410381,410384,0,1031,30,M_4056,Other
4057,pdnc,qID,Q836-0,you,410451,410454,0,1031,30,M_4057,Other
4058,pdnc,qID,Q836-0,your,410478,410482,0,1031,30,M_4058,Other
4059,pdnc,qID,Q836-0,you,410533,410536,0,1031,30,M_4059,Other
4060,pdnc,qID,Q838-0,you,410871,410874,0,1033,30,M_4060,Other
4061,pdnc,qID,Q838-0,you,410923,410926,0,1033,30,M_4061,Other
4062,exp,exp_name,catherine,Catherine,410935,410944,0,1034,30,M_4062,PROPN
4063,exp,exp_name,mrs. morland,Mrs. Morland,411216,411228,15,1034,30,M_4063,PROPN
4064,booknlp,COREF,82,her,411282,411285,15,1034,30,M_4064,Other
4065,booknlp,COREF,82,she,411375,411378,15,1034,30,M_4065,Other
4066,booknlp,COREF,82,her,411406,411409,15,1034,30,M_4066,Other
4067,booknlp,COREF,82,she,411568,411571,15,1034,30,M_4067,Other
4068,booknlp,COREF,82,she,411588,411591,15,1034,30,M_4068,Other
4069,booknlp,COREF,82,her,411649,411652,15,1034,30,M_4069,Other
4070,booknlp,COREF,82,she,411691,411694,15,1034,30,M_4070,Other
4071,booknlp,COREF,82,Her,411761,411764,15,1034,30,M_4071,Other
4072,booknlp,COREF,82,she,411817,411820,15,1034,30,M_4072,Other
4073,booknlp,COREF,82,herself,411829,411836,15,1034,30,M_4073,Other
4074,booknlp,COREF,82,she,411838,411841,15,1034,30,M_4074,Other
4075,booknlp,COREF,82,she,411952,411955,15,1034,30,M_4075,Other
4076,booknlp,COREF,82,she,411984,411987,15,1034,30,M_4076,Other
4077,booknlp,COREF,82,her,412085,412088,15,1034,30,M_4077,Other
4078,booknlp,COREF,82,her,412092,412095,15,1034,30,M_4078,Other
4079,exp,exp_name,henry tilney,Henry Tilney,412123,412135,4,1034,30,M_4079,PROPN
4080,exp,exp_name,miss morland,Miss Morland,412365,412377,0,1034,30,M_4080,PROPN
4081,exp,exp_name,mrs. morland,Mrs. Morland,412587,412599,15,1034,30,M_4081,PROPN
4082,booknlp,COREF,82,her,412794,412797,15,1034,30,M_4082,Other
4083,booknlp,COREF,82,her,412841,412844,15,1034,30,M_4083,Other
4084,exp,exp_name,mrs. morland,Mrs. Morland,413235,413247,15,1035,30,M_4084,PROPN
4085,exp,exp_name,catherine,Catherine,413294,413303,0,1035,30,M_4085,PROPN
4086,exp,exp_name,catherine,Catherine,413353,413362,0,1035,30,M_4086,PROPN
4087,booknlp,COREF,1984,her,413384,413387,0,1035,30,M_4087,Other
4088,booknlp,COREF,1984,her,413426,413429,0,1035,30,M_4088,Other
4089,exp,exp_name,mr. morland,Mr. Morland,413623,413634,11,1036,30,M_4089,PROPN
4090,booknlp,COREF,82,her,413713,413716,15,1036,30,M_4090,Other
4091,booknlp,COREF,82,she,413768,413771,15,1036,30,M_4091,Other
4092,exp,exp_name,mrs. morland,Mrs. Morland,413790,413802,15,1036,30,M_4092,PROPN
4093,exp,exp_name,mr. morland,Mr. Morland,413868,413879,11,1036,30,M_4093,PROPN
4094,booknlp,COREF,82,she,413965,413968,15,1036,30,M_4094,Other
4095,exp,exp_name,henry,Henry,414034,414039,4,1036,30,M_4095,PROPN
4096,exp,exp_name,catherine,Catherine,414052,414061,0,1036,30,M_4096,PROPN
4097,booknlp,COREF,1984,her,414087,414090,0,1036,30,M_4097,Other
4098,exp,exp_name,mrs. allen,Mrs. Allen,414154,414164,13,1036,30,M_4098,PROPN
4099,booknlp,COREF,98,his,414335,414338,4,1036,30,M_4099,Other
4100,booknlp,COREF,98,his,414359,414362,4,1036,30,M_4100,Other
4101,booknlp,COREF,98,him,414457,414460,4,1036,30,M_4101,Other
4102,pdnc,qID,Q839-0,You,414471,414474,4,1036,30,M_4102,Other
4103,pdnc,qID,Q839-0,sir,414511,414514,4,1036,30,M_4103,PROPN
4104,exp,exp_name,sarah,Sarah,414536,414541,17,1036,30,M_4104,PROPN
4105,booknlp,COREF,1984,her,414639,414642,0,1036,30,M_4105,Other
4106,exp,exp_name,mrs. morland,Mrs. Morland,414655,414667,15,1036,30,M_4106,PROPN
4107,booknlp,COREF,98,his,414723,414726,4,1036,30,M_4107,Other
4108,booknlp,COREF,98,he,414776,414778,4,1036,30,M_4108,Other
4109,booknlp,COREF,98,his,414818,414821,4,1036,30,M_4109,Other
4110,booknlp,COREF,98,him,414877,414880,4,1036,30,M_4110,Other
4111,exp,exp_name,catherine,Catherine,414904,414913,0,1036,30,M_4111,PROPN
4112,booknlp,COREF,98,him,414965,414968,4,1036,30,M_4112,Other
4113,exp,exp_name,mrs. morland,Mrs. Morland,414997,415009,15,1036,30,M_4113,PROPN
4114,booknlp,COREF,98,his,415039,415042,4,1036,30,M_4114,Other
4115,booknlp,COREF,98,his,415085,415088,4,1036,30,M_4115,Other
4116,booknlp,COREF,98,he,415106,415108,4,1036,30,M_4116,Other
4117,booknlp,COREF,98,his,415126,415129,4,1036,30,M_4117,Other
4118,booknlp,COREF,98,himself,415159,415166,4,1036,30,M_4118,Other
4119,exp,exp_name,mr. allen,Mr. Allen,415192,415201,10,1036,30,M_4119,PROPN
4120,booknlp,COREF,98,he,415212,415214,4,1036,30,M_4120,Other
4121,exp,exp_name,catherine,Catherine,415240,415249,0,1036,30,M_4121,PROPN
4122,booknlp,COREF,98,his,415320,415323,4,1036,30,M_4122,Other
4123,booknlp,COREF,98,his,415437,415440,4,1036,30,M_4123,Other
4124,exp,exp_name,henry,Henry,415458,415463,4,1036,30,M_4124,PROPN
4125,booknlp,COREF,98,he,415506,415508,4,1036,30,M_4125,Other
4126,booknlp,COREF,98,his,415618,415621,4,1036,30,M_4126,Other
4127,booknlp,COREF,98,him,415737,415740,4,1036,30,M_4127,Other
4128,exp,exp_name,mrs. allen,Mrs. Allen,416022,416032,13,1037,30,M_4128,PROPN
4129,exp,exp_name,henry,Henry,416043,416048,4,1037,30,M_4129,PROPN
4130,exp,exp_name,catherine,Catherine,416100,416109,0,1037,30,M_4130,PROPN
4131,booknlp,COREF,98,he,416323,416325,4,1037,30,M_4131,Other
4132,booknlp,COREF,98,his,416366,416369,4,1037,30,M_4132,Other
4133,booknlp,COREF,98,his,416394,416397,4,1037,30,M_4133,Other
4134,booknlp,COREF,98,he,416437,416439,4,1037,30,M_4134,Other
4135,booknlp,COREF,98,his,416471,416474,4,1037,30,M_4135,Other
4136,exp,exp_name,miss morland,Miss Morland,416528,416540,0,1037,30,M_4136,PROPN
4137,booknlp,COREF,98,he,416627,416629,4,1038,30,M_4137,Other
4138,booknlp,COREF,98,his,416650,416653,4,1038,30,M_4138,Other
4139,exp,exp_name,catherine,Catherine,416675,416684,0,1038,30,M_4139,PROPN
4140,exp,exp_name,henry,Henry,416811,416816,4,1038,30,M_4140,PROPN
4141,booknlp,COREF,98,he,416909,416911,4,1038,30,M_4141,Other
4142,booknlp,COREF,98,he,416942,416944,4,1038,30,M_4142,Other
4143,booknlp,COREF,98,his,417007,417010,4,1038,30,M_4143,Other
4144,exp,exp_name,john thorpe,John Thorpe,417751,417762,7,1039,30,M_4144,PROPN
4145,exp,exp_name,miss morland,Miss Morland,417881,417893,0,1039,30,M_4145,PROPN
4146,exp,exp_name,thorpe,Thorpe,417924,417930,7,1039,30,M_4146,PROPN
4147,exp,exp_name,thorpe,Thorpe,417969,417975,7,1039,30,M_4147,PROPN
4148,exp,exp_name,general tilney,General Tilney,418026,418040,3,1039,30,M_4148,PROPN
4149,exp,exp_name,morland,Morland,418156,418163,6,1039,30,M_4149,PROPN
4150,exp,exp_name,isabella,Isabella,418175,418183,5,1039,30,M_4150,PROPN
4151,exp,exp_name,catherine,Catherine,418233,418242,0,1039,30,M_4151,PROPN
4152,booknlp,COREF,103,his,418252,418255,7,1039,30,M_4152,Other
4153,booknlp,COREF,103,him,418271,418274,7,1039,30,M_4153,Other
4154,booknlp,COREF,103,his,418324,418327,7,1039,30,M_4154,Other
4155,booknlp,COREF,103,him,418356,418359,7,1039,30,M_4155,Other
4156,booknlp,COREF,103,he,418390,418392,7,1039,30,M_4156,Other
4157,booknlp,COREF,103,his,418429,418432,7,1039,30,M_4157,Other
4158,booknlp,COREF,103,his,418501,418504,7,1039,30,M_4158,Other
4159,booknlp,COREF,103,his,418595,418598,7,1039,30,M_4159,Other
4160,exp,exp_name,morland,Morland,418606,418613,6,1039,30,M_4160,PROPN
4161,booknlp,COREF,103,his,418667,418670,7,1039,30,M_4161,Other
4162,exp,exp_name,isabella,Isabella,418687,418695,5,1039,30,M_4162,PROPN
4163,booknlp,COREF,103,he,418807,418809,7,1039,30,M_4163,Other
4164,exp,exp_name,mr. morland,Mr. Morland,418839,418850,11,1039,30,M_4164,PROPN
4165,booknlp,COREF,103,his,418874,418877,7,1039,30,M_4165,Other
4166,booknlp,COREF,103,he,418949,418951,7,1039,30,M_4166,Other
4167,exp,exp_name,catherine,Catherine,419039,419048,0,1039,30,M_4167,PROPN
4168,exp,exp_name,mr. allen,Mr. Allen,419272,419281,10,1039,30,M_4168,PROPN
4169,exp,exp_name,thorpe,Thorpe,419600,419606,7,1039,30,M_4169,PROPN
4170,exp,exp_name,miss morland,Miss Morland,419921,419933,0,1039,30,M_4170,PROPN
4171,exp,exp_name,miss morland,Miss Morland,420133,420145,0,1039,30,M_4171,PROPN
4172,exp,exp_name,mr. thorpe,Mr. Thorpe,420194,420204,12,1039,30,M_4172,PROPN
4173,exp,exp_name,catherine,Catherine,420336,420345,0,1039,30,M_4173,PROPN
4174,exp,exp_name,henry,Henry,420429,420434,4,1039,30,M_4174,PROPN
4175,exp,exp_name,eleanor,Eleanor,420439,420446,1,1039,30,M_4175,PROPN
4176,exp,exp_name,henry,Henry,420766,420771,4,1039,30,M_4176,PROPN
4177,booknlp,COREF,98,his,420789,420792,4,1039,30,M_4177,Other
4178,exp,exp_name,thorpe,Thorpe,421079,421085,7,1039,30,M_4178,PROPN
4179,exp,exp_name,catherine,Catherine,421210,421219,0,1039,30,M_4179,PROPN
4180,exp,exp_name,morland,Morland,421325,421332,6,1039,30,M_4180,PROPN
4181,exp,exp_name,isabella,Isabella,421337,421345,5,1039,30,M_4181,PROPN
4182,booknlp,COREF,89,Allen,422504,422509,10,1040,30,M_4182,PROPN
4183,exp,exp_name,thorpe,Thorpe,422547,422553,7,1040,30,M_4183,PROPN
4184,exp,exp_name,henry,Henry,422952,422957,4,1041,30,M_4184,PROPN
4185,exp,exp_name,catherine,Catherine,422989,422998,0,1041,30,M_4185,PROPN
4186,booknlp,COREF,98,he,423015,423017,4,1041,30,M_4186,Other
4187,booknlp,COREF,98,his,423041,423044,4,1041,30,M_4187,Other
4188,booknlp,COREF,98,his,423068,423071,4,1041,30,M_4188,Other
4189,booknlp,COREF,98,him,423101,423104,4,1041,30,M_4189,Other
4190,exp,exp_name,james,James,423167,423172,6,1041,30,M_4190,PROPN
4191,exp,exp_name,catherine,Catherine,423235,423244,0,1041,30,M_4191,PROPN
4192,exp,exp_name,general tilney,General Tilney,423299,423313,3,1041,30,M_4192,PROPN
4193,booknlp,COREF,143,his,423349,423352,3,1041,30,M_4193,Other
4194,booknlp,COREF,143,his,423391,423394,3,1041,30,M_4194,Other
4195,booknlp,COREF,143,his,423419,423422,3,1041,30,M_4195,Other
4196,exp,exp_name,henry,Henry,423433,423438,4,1042,30,M_4196,PROPN
4197,booknlp,COREF,98,his,423475,423478,4,1042,30,M_4197,Other
4198,booknlp,COREF,98,himself,423538,423545,4,1042,30,M_4198,Other
4199,booknlp,COREF,98,He,423547,423549,4,1042,30,M_4199,Other
4200,booknlp,COREF,98,he,423594,423596,4,1042,30,M_4200,Other
4201,exp,exp_name,henry,Henry,423702,423707,4,1042,30,M_4201,PROPN
4202,exp,exp_name,catherine,Catherine,423737,423746,0,1042,30,M_4202,PROPN
4203,booknlp,COREF,98,his,423782,423785,4,1042,30,M_4203,Other
4204,exp,exp_name,henry,Henry,424251,424256,4,1042,30,M_4204,PROPN
4205,booknlp,COREF,98,his,424279,424282,4,1042,30,M_4205,Other
4206,booknlp,COREF,98,He,424323,424325,4,1042,30,M_4206,Other
4207,booknlp,COREF,98,himself,424331,424338,4,1042,30,M_4207,Other
4208,exp,exp_name,miss morland,Miss Morland,424382,424394,0,1042,30,M_4208,PROPN
4209,booknlp,COREF,98,his,424427,424430,4,1042,30,M_4209,Other
4210,booknlp,COREF,98,he,424441,424443,4,1042,30,M_4210,Other
4211,booknlp,COREF,98,his,424570,424573,4,1042,30,M_4211,Other
4212,booknlp,COREF,98,He,424627,424629,4,1043,30,M_4212,Other
4213,booknlp,COREF,98,his,424660,424663,4,1043,30,M_4213,Other
4214,exp,exp_name,catherine,Catherine,424761,424770,0,1043,30,M_4214,PROPN
4215,booknlp,COREF,98,his,424797,424800,4,1043,30,M_4215,Other
4216,booknlp,COREF,98,his,424827,424830,4,1043,30,M_4216,Other
4217,exp,exp_name,henry,Henry,424917,424922,4,1043,30,M_4217,PROPN
4218,booknlp,COREF,98,his,425097,425100,4,1043,30,M_4218,Other
4219,exp,exp_name,mrs. morland,Mrs. Morland,425148,425160,15,1045,31,M_4219,PROPN
4220,exp,exp_name,mr. tilney,Mr. Tilney,425195,425205,4,1045,31,M_4220,PROPN
4221,booknlp,COREF,98,his,425227,425230,4,1045,31,M_4221,Other
4222,exp,exp_name,catherine,Catherine,425424,425433,0,1045,31,M_4222,PROPN
4223,booknlp,COREF,98,His,425612,425615,4,1045,31,M_4223,Other
4224,booknlp,COREF,98,him,425714,425717,4,1045,31,M_4224,Other
4225,booknlp,COREF,98,his,425819,425822,4,1045,31,M_4225,Other
4226,pdnc,qID,Q840-0,Catherine,425857,425866,0,1045,31,M_4226,PROPN
4227,booknlp,COREF,98,his,426244,426247,4,1046,31,M_4227,Other
4228,booknlp,COREF,98,His,426718,426721,4,1046,31,M_4228,Other
4229,booknlp,COREF,98,his,426813,426816,4,1046,31,M_4229,Other
4230,booknlp,COREF,98,his,426858,426861,4,1046,31,M_4230,Other
4231,booknlp,COREF,98,his,426915,426918,4,1046,31,M_4231,Other
4232,exp,exp_name,henry,Henry,427382,427387,4,1047,31,M_4232,PROPN
4233,booknlp,COREF,98,his,427413,427416,4,1047,31,M_4233,Other
4234,booknlp,COREF,98,his,427442,427445,4,1047,31,M_4234,Other
4235,booknlp,COREF,98,his,427476,427479,4,1047,31,M_4235,Other
4236,booknlp,COREF,98,he,427530,427532,4,1047,31,M_4236,Other
4237,exp,exp_name,catherine,Catherine,427563,427572,0,1047,31,M_4237,PROPN
4238,exp,exp_name,mrs. morland,Mrs. Morland,427710,427722,15,1047,31,M_4238,PROPN
4239,exp,exp_name,catherine,Catherine,427791,427800,0,1047,31,M_4239,PROPN
4240,exp,exp_name,henry,Henry,427970,427975,4,1048,31,M_4240,PROPN
4241,exp,exp_name,catherine,Catherine,427980,427989,0,1048,31,M_4241,PROPN
4242,booknlp,COREF,98,his,428429,428432,4,1048,31,M_4242,Other
4243,booknlp,COREF,98,him,428561,428564,4,1048,31,M_4243,Other
4244,booknlp,COREF,98,he,428603,428605,4,1048,31,M_4244,Other
4245,exp,exp_name,eleanor,Eleanor,428633,428640,1,1048,31,M_4245,PROPN
4246,booknlp,COREF,98,his,428654,428657,4,1048,31,M_4246,Other
4247,exp,exp_name,henry,Henry,428673,428678,4,1048,31,M_4247,PROPN
4248,booknlp,COREF,98,his,428684,428687,4,1048,31,M_4248,Other
4249,booknlp,COREF,98,him,428703,428706,4,1048,31,M_4249,Other
4250,booknlp,COREF,98,he,428724,428726,4,1048,31,M_4250,Other
4251,exp,exp_name,eleanor tilney,Eleanor Tilney,428755,428769,1,1049,31,M_4251,PROPN
4252,booknlp,COREF,145,her,428771,428774,1,1049,31,M_4252,Other
4253,exp,exp_name,henry,Henry,428848,428853,4,1049,31,M_4253,PROPN
4254,booknlp,COREF,145,her,428883,428886,1,1049,31,M_4254,Other
4255,booknlp,COREF,145,her,428909,428912,1,1049,31,M_4255,Other
4256,booknlp,COREF,145,her,428987,428990,1,1049,31,M_4256,Other
4257,booknlp,COREF,145,Her,429174,429177,1,1049,31,M_4257,Other
4258,booknlp,COREF,145,her,429313,429316,1,1049,31,M_4258,Other
4259,pdnc,qID,Q841-0,Your Ladyship,429546,429559,1,1049,31,M_4259,Other
4260,booknlp,COREF,145,Her,429562,429565,1,1049,31,M_4260,Other
4261,booknlp,COREF,145,her,429598,429601,1,1049,31,M_4261,Other
4262,exp,exp_name,mr. morland,Mr. Morland,430377,430388,11,1050,31,M_4262,PROPN
4263,exp,exp_name,thorpe,Thorpe,430555,430561,7,1050,31,M_4263,PROPN
4264,exp,exp_name,catherine,Catherine,430716,430725,0,1050,31,M_4264,PROPN
4265,exp,exp_name,eleanor,Eleanor,431173,431180,1,1051,31,M_4265,PROPN
4266,exp,exp_name,mr. morland,Mr. Morland,431346,431357,11,1051,31,M_4266,PROPN
4267,exp,exp_name,henry,Henry,431404,431409,4,1051,31,M_4267,PROPN
4268,exp,exp_name,catherine,Catherine,431414,431423,0,1051,31,M_4268,PROPN
